location_id,date,segment,vehicle_type,shift_template,shift_start,shift_finish,shift_hours,open_intervals,slots_to_create,covered_need_hours,template_hours,overcoverage_hours,shift_window_predicted_orders,location_name,business_group
1,2026-07-20,medium,bike,demand_layer,08:00,16:00,8,08:00-23:00,1,8,8,0,10.328125164082936,Wall Street,kfm
1,2026-07-20,medium,bike,demand_layer,16:00,23:00,7,08:00-23:00,1,7,7,0,8.351763564257174,Wall Street,kfm
10,2026-07-20,medium,bike,demand_layer,08:00,16:00,8,08:00-23:30,1,8,8,0,21.332162826862888,Якиманка,kfm
10,2026-07-20,medium,bike,demand_layer,16:00,23:00,7,08:00-23:30,1,7,7,0,12.907223059862499,Якиманка,kfm
100,2026-07-20,medium,auto,demand_layer,10:00,18:00,8,10:00-22:00,1,6,8,2,0.7411477329564364,Колбасный Цех / Магадан,non_kfm
101,2026-07-20,high,auto,demand_layer,08:00,15:00,7,08:00-22:00,1,5,7,2,8.229957499207178,Алия,kfm
101,2026-07-20,high,auto,demand_layer,08:00,18:00,10,08:00-22:00,1,8,10,2,15.077376016535855,Алия,kfm
101,2026-07-20,high,auto,demand_layer,15:00,22:00,7,08:00-22:00,1,7,7,0,11.96382913325708,Алия,kfm
101,2026-07-20,high,bike,demand_layer,08:00,15:00,7,08:00-22:00,1,5,7,2,4.936506677069934,Алия,kfm
101,2026-07-20,high,bike,demand_layer,15:00,22:00,7,08:00-22:00,1,6,7,1,5.902954598743605,Алия,kfm
11,2026-07-20,medium,auto,demand_layer,00:00,07:00,7,22:00-07:00,6,38,42,4,21.155182192771306,Кутузовский,kfm
11,2026-07-20,medium,auto,demand_layer,22:00,24:00,2,22:00-07:00,1,2,2,0,1.8798846072260105,Кутузовский,kfm
114,2026-07-20,low,auto,demand_layer,10:00,22:00,12,10:00-22:00,1,6,12,6,0.8407901518676283,Bluefin Скаковая,non_kfm
115,2026-07-20,high,auto,demand_layer,07:00,14:00,7,07:00-23:00,3,10,21,11,10.280720803334182,Опен Символ,kfm
115,2026-07-20,high,auto,demand_layer,14:00,21:00,7,07:00-23:00,3,21,21,0,17.178254872429633,Опен Символ,kfm
115,2026-07-20,high,bike,demand_layer,07:00,15:00,8,07:00-23:00,1,5,8,3,9.802437970653035,Опен Символ,kfm
115,2026-07-20,high,bike,demand_layer,07:00,16:00,9,07:00-23:00,1,6,9,3,12.880182215169793,Опен Символ,kfm
115,2026-07-20,high,bike,demand_layer,15:00,23:00,8,07:00-23:00,1,8,8,0,8.348781643672035,Опен Символ,kfm
119,2026-07-20,medium,auto,demand_layer,11:00,22:00,11,11:00-22:00,1,10,11,1,2.2735387151514317,Bluefin Успенское,non_kfm
12,2026-07-20,high,auto,demand_layer,08:00,15:00,7,08:00-22:00,2,10,14,4,11.531179762460031,Хорошо,kfm
12,2026-07-20,high,auto,demand_layer,15:00,22:00,7,08:00-22:00,2,11,14,3,15.469051359039723,Хорошо,kfm
12,2026-07-20,high,bike,demand_layer,08:00,15:00,7,08:00-22:00,1,5,7,2,13.047509684804094,Хорошо,kfm
12,2026-07-20,high,bike,demand_layer,08:00,18:00,10,08:00-22:00,1,8,10,2,20.761738056869124,Хорошо,kfm
12,2026-07-20,high,bike,demand_layer,15:00,22:00,7,08:00-22:00,1,6,7,1,9.687202473728147,Хорошо,kfm
123,2026-07-20,high,bike,demand_layer,08:00,16:00,8,08:00-23:00,1,6,8,2,34.168629966736624,Опен Нева,kfm
123,2026-07-20,high,bike,demand_layer,08:00,18:00,10,08:00-23:00,2,16,20,4,40.33867328723864,Опен Нева,kfm
123,2026-07-20,high,bike,demand_layer,16:00,23:00,7,08:00-23:00,1,7,7,0,10.701850620093508,Опен Нева,kfm
126,2026-07-20,high,auto,demand_layer,07:00,14:00,7,07:00-23:00,1,4,7,3,6.361089060770431,Опен Покровка,kfm
126,2026-07-20,high,auto,demand_layer,07:00,16:00,9,07:00-23:00,1,4,9,5,9.949050905130516,Опен Покровка,kfm
126,2026-07-20,high,auto,demand_layer,14:00,21:00,7,07:00-23:00,1,5,7,2,6.4530565941284,Опен Покровка,kfm
126,2026-07-20,high,bike,demand_layer,07:00,14:00,7,07:00-23:00,1,4,7,3,15.98964212517401,Опен Покровка,kfm
126,2026-07-20,high,bike,demand_layer,07:00,15:00,8,07:00-23:00,1,5,8,3,20.286334633017354,Опен Покровка,kfm
126,2026-07-20,high,bike,demand_layer,07:00,18:00,11,07:00-23:00,1,8,11,3,35.02849901650485,Опен Покровка,kfm
126,2026-07-20,high,bike,demand_layer,14:00,21:00,7,07:00-23:00,1,7,7,0,24.12404245500049,Опен Покровка,kfm
126,2026-07-20,high,bike,demand_layer,15:00,23:00,8,07:00-23:00,1,8,8,0,20.81310458460335,Опен Покровка,kfm
127,2026-07-20,medium,bike,demand_layer,07:00,15:00,8,07:00-23:00,1,8,8,0,6.8803268032616085,БТ Покровка,kfm
127,2026-07-20,medium,bike,demand_layer,15:00,23:00,8,07:00-23:00,1,8,8,0,3.575920955944492,БТ Покровка,kfm
128,2026-07-20,high,bike,demand_layer,08:00,16:00,8,08:00-24:00,3,16,24,8,32.734891364683364,Кофемания Лаки,kfm
128,2026-07-20,high,bike,demand_layer,16:00,24:00,8,08:00-24:00,2,16,16,0,23.480802212573845,Кофемания Лаки,kfm
137,2026-07-20,medium,bike,demand_layer,08:00,16:00,8,08:00-23:00,1,8,8,0,2.8695737757816144,БТ Мясницкая,kfm
137,2026-07-20,medium,bike,demand_layer,16:00,23:00,7,08:00-23:00,1,7,7,0,1.5363304476147013,БТ Мясницкая,kfm
138,2026-07-20,medium,bike,demand_layer,08:00,16:00,8,08:00-23:00,1,8,8,0,3.311438492579486,БТ Таганка,kfm
138,2026-07-20,medium,bike,demand_layer,16:00,23:00,7,08:00-23:00,1,7,7,0,1.6987211739496662,БТ Таганка,kfm
14,2026-07-20,high,auto,demand_layer,09:00,16:00,7,09:00-23:00,2,10,14,4,23.931901256815955,Метрополис,kfm
14,2026-07-20,high,auto,demand_layer,09:00,21:00,12,09:00-23:00,3,33,36,3,35.20636922646398,Метрополис,kfm
14,2026-07-20,high,auto,demand_layer,16:00,23:00,7,09:00-23:00,1,7,7,0,13.090101562198248,Метрополис,kfm
142,2026-07-20,medium,bike,demand_layer,08:00,16:00,8,08:00-23:59,1,8,8,0,13.176442267660889,RED7,kfm
142,2026-07-20,medium,bike,demand_layer,16:00,23:00,7,08:00-23:59,1,7,7,0,7.290094639294418,RED7,kfm
15,2026-07-20,medium,auto,demand_layer,00:00,06:00,6,00:00-24:00,1,6,6,0,4.205498834548425,Комсомолка,kfm
15,2026-07-20,medium,bike,demand_layer,00:00,12:00,12,00:00-24:00,1,6,12,6,4.8208474755612745,Комсомолка,kfm
15,2026-07-20,medium,bike,demand_layer,12:00,24:00,12,00:00-24:00,1,12,12,0,3.803659794726064,Комсомолка,kfm
16,2026-07-20,medium,bike,demand_layer,08:00,16:00,8,08:00-23:00,1,8,8,0,7.49114909665273,Мосфильм,kfm
16,2026-07-20,medium,bike,demand_layer,16:00,23:00,7,08:00-23:00,1,7,7,0,8.634926578708235,Мосфильм,kfm
17,2026-07-20,high,auto,demand_layer,08:00,15:00,7,08:00-22:00,4,20,28,8,13.859114143020566,Внуково,kfm
17,2026-07-20,high,auto,demand_layer,15:00,22:00,7,08:00-22:00,4,25,28,3,18.65805498135825,Внуково,kfm
18,2026-07-20,medium,auto,demand_layer,08:00,15:00,7,08:00-22:00,2,14,14,0,16.135862252694828,Новая Рига,kfm
18,2026-07-20,medium,auto,demand_layer,08:00,18:00,10,08:00-22:00,1,6,10,4,21.9351141020849,Новая Рига,kfm
18,2026-07-20,medium,auto,demand_layer,15:00,22:00,7,08:00-22:00,2,14,14,0,11.322265676541631,Новая Рига,kfm
2,2026-07-20,high,bike,demand_layer,00:00,09:00,9,00:00-24:00,1,1,9,8,7.827164892301244,Кудринская,kfm
2,2026-07-20,high,bike,demand_layer,00:00,12:00,12,00:00-24:00,2,10,24,14,16.52910600587924,Кудринская,kfm
2,2026-07-20,high,bike,demand_layer,09:00,18:00,9,00:00-24:00,1,8,9,1,36.063139161897645,Кудринская,kfm
2,2026-07-20,high,bike,demand_layer,12:00,24:00,12,00:00-24:00,2,24,24,0,39.35551183747714,Кудринская,kfm
20,2026-07-20,medium,auto,demand_layer,08:00,15:00,7,08:00-22:00,1,7,7,0,10.752732302646045,Павлово,kfm
20,2026-07-20,medium,auto,demand_layer,08:00,18:00,10,08:00-22:00,1,6,10,4,16.69237262597162,Павлово,kfm
20,2026-07-20,medium,auto,demand_layer,15:00,22:00,7,08:00-22:00,1,7,7,0,11.09367831963996,Павлово,kfm
21,2026-07-20,high,auto,demand_layer,08:00,15:00,7,08:00-23:00,2,10,14,4,19.755432219672446,Горки-2,kfm
21,2026-07-20,high,auto,demand_layer,08:00,16:00,8,08:00-23:00,2,12,16,4,27.17226801016534,Горки-2,kfm
21,2026-07-20,high,auto,demand_layer,15:00,21:00,6,08:00-23:00,2,12,12,0,23.892631110610182,Горки-2,kfm
21,2026-07-20,high,auto,demand_layer,16:00,23:00,7,08:00-23:00,2,14,14,0,20.586702941551263,Горки-2,kfm
22,2026-07-20,medium,bike,demand_layer,12:00,18:00,6,12:00-23:30,1,6,6,0,0.5754330224860739,Жажда Крови,kfm
222,2026-07-20,low,auto,demand_layer,06:00,12:00,6,06:00-23:59,1,6,6,0,0.6788396936952726,Ирис Химки,non_kfm
25,2026-07-20,high,bike,demand_layer,08:00,15:00,7,08:00-24:00,1,5,7,2,17.817391639032948,Весна,kfm
25,2026-07-20,high,bike,demand_layer,08:00,16:00,8,08:00-24:00,1,6,8,2,23.669303203599995,Весна,kfm
25,2026-07-20,high,bike,demand_layer,15:00,21:00,6,08:00-24:00,1,6,6,0,15.849364822463999,Весна,kfm
25,2026-07-20,high,bike,demand_layer,16:00,24:00,8,08:00-24:00,1,8,8,0,12.128234133633795,Весна,kfm
26,2026-07-20,medium,bike,demand_layer,08:00,16:00,8,08:00-23:00,1,8,8,0,20.545278481756245,Тверская,kfm
26,2026-07-20,medium,bike,demand_layer,16:00,23:00,7,08:00-23:00,1,7,7,0,12.516648615497376,Тверская,kfm
27,2026-07-20,medium,bike,demand_layer,08:00,16:00,8,08:00-23:30,1,8,8,0,1.0878801630749961,4 Ветра,kfm
27,2026-07-20,medium,bike,demand_layer,16:00,23:00,7,08:00-23:30,1,7,7,0,1.1243363058303484,4 Ветра,kfm
28,2026-07-20,medium,bike,demand_layer,08:00,16:00,8,08:00-23:00,1,8,8,0,1.190986824651391,Гранд,kfm
28,2026-07-20,medium,bike,demand_layer,16:00,23:00,7,08:00-23:00,1,7,7,0,0.9155554135347436,Гранд,kfm
29,2026-07-20,mega,auto,demand_layer,07:00,15:00,8,07:00-22:00,5,25,40,15,31.78788983121292,Украинский,kfm
29,2026-07-20,mega,auto,demand_layer,07:00,16:00,9,07:00-22:00,1,4,9,5,42.141585235214066,Украинский,kfm
29,2026-07-20,mega,auto,demand_layer,07:00,18:00,11,07:00-22:00,2,16,22,6,49.92153560289357,Украинский,kfm
29,2026-07-20,mega,auto,demand_layer,15:00,22:00,7,07:00-22:00,5,32,35,3,31.113005944796353,Украинский,kfm
29,2026-07-20,mega,bike,demand_layer,07:00,15:00,8,07:00-22:00,1,5,8,3,9.371371851066957,Украинский,kfm
29,2026-07-20,mega,bike,demand_layer,07:00,18:00,11,07:00-22:00,1,6,11,5,16.643310426388645,Украинский,kfm
29,2026-07-20,mega,bike,demand_layer,15:00,22:00,7,07:00-22:00,1,6,7,1,11.191127521566319,Украинский,kfm
30,2026-07-20,mega,auto,demand_layer,08:00,16:00,8,08:00-24:00,2,14,16,2,17.540425658657206,Черёмушки,kfm
30,2026-07-20,mega,auto,demand_layer,08:00,18:00,10,08:00-24:00,1,6,10,4,20.873113678357853,Черёмушки,kfm
30,2026-07-20,mega,auto,demand_layer,16:00,24:00,8,08:00-24:00,2,16,16,0,14.753099988355723,Черёмушки,kfm
30,2026-07-20,mega,bike,demand_layer,08:00,15:00,7,08:00-24:00,2,10,14,4,15.948117515996808,Черёмушки,kfm
30,2026-07-20,mega,bike,demand_layer,15:00,21:00,6,08:00-24:00,2,12,12,0,15.76358692830388,Черёмушки,kfm
301,2026-07-20,medium,auto,demand_layer,12:00,23:00,11,12:00-23:00,1,5,11,6,1.046522578929049,Биродром и Панчетта Дежнева,non_kfm
301,2026-07-20,medium,bike,demand_layer,12:00,18:00,6,12:00-23:00,1,6,6,0,0.5316469612244253,Биродром и Панчетта Дежнева,non_kfm
33,2026-07-20,high,auto,demand_layer,08:00,16:00,8,08:00-23:00,2,10,16,6,10.852755996294855,Даниловский,kfm
33,2026-07-20,high,auto,demand_layer,16:00,23:00,7,08:00-23:00,1,7,7,0,7.864177868348571,Даниловский,kfm
33,2026-07-20,high,bike,demand_layer,08:00,15:00,7,08:00-23:00,2,10,14,4,15.993077435679492,Даниловский,kfm
33,2026-07-20,high,bike,demand_layer,15:00,21:00,6,08:00-23:00,2,12,12,0,14.236342994502955,Даниловский,kfm
335,2026-07-20,low,auto,demand_layer,00:00,12:00,12,00:00-24:00,1,6,12,6,13.46158286043783,Кутузовский (Не использовать),kfm
335,2026-07-20,low,auto,demand_layer,12:00,24:00,12,00:00-24:00,1,12,12,0,2.009117912727294,Кутузовский (Не использовать),kfm
335,2026-07-20,low,bike,demand_layer,00:00,06:00,6,00:00-24:00,1,6,6,0,9.492959510496062,Кутузовский (Не использовать),kfm
335,2026-07-20,low,bike,demand_layer,00:00,12:00,12,00:00-24:00,1,12,12,0,11.13926456107613,Кутузовский (Не использовать),kfm
34,2026-07-20,medium,auto,demand_layer,00:00,07:00,7,22:00-07:00,1,7,7,0,7.11584455454375,Аркус,kfm
34,2026-07-20,medium,bike,demand_layer,22:00,24:00,2,22:00-07:00,1,2,2,0,0.19400056770678545,Аркус,kfm
348,2026-07-20,medium,auto,demand_layer,08:00,15:00,7,08:00-21:00,1,7,7,0,7.470767124362771,Рига Холл,kfm
348,2026-07-20,medium,auto,demand_layer,08:00,18:00,10,08:00-21:00,1,6,10,4,11.649388937527133,Рига Холл,kfm
348,2026-07-20,medium,auto,demand_layer,15:00,21:00,6,08:00-21:00,1,6,6,0,6.150641855133683,Рига Холл,kfm
35,2026-07-20,high,auto,demand_layer,08:00,15:00,7,08:00-23:00,1,5,7,2,16.28312505402208,Ленинский,kfm
35,2026-07-20,high,auto,demand_layer,08:00,16:00,8,08:00-23:00,1,6,8,2,22.384643795655233,Ленинский,kfm
35,2026-07-20,high,auto,demand_layer,08:00,18:00,10,08:00-23:00,1,6,10,4,27.176666300361344,Ленинский,kfm
35,2026-07-20,high,auto,demand_layer,15:00,21:00,6,08:00-23:00,1,6,6,0,16.90017256068372,Ленинский,kfm
35,2026-07-20,high,auto,demand_layer,16:00,23:00,7,08:00-23:00,1,7,7,0,13.674763652989114,Ленинский,kfm
35,2026-07-20,high,bike,demand_layer,08:00,16:00,8,08:00-23:00,1,6,8,2,15.817485429234466,Ленинский,kfm
35,2026-07-20,high,bike,demand_layer,08:00,18:00,10,08:00-23:00,1,8,10,2,19.757592821992823,Ленинский,kfm
35,2026-07-20,high,bike,demand_layer,16:00,23:00,7,08:00-23:00,1,7,7,0,8.12223196914136,Ленинский,kfm
36,2026-07-20,medium,auto,demand_layer,08:00,16:00,8,08:00-23:00,1,8,8,0,1.8931188860970716,Friends Forever Botanica,non_kfm
36,2026-07-20,medium,auto,demand_layer,16:00,23:00,7,08:00-23:00,1,7,7,0,0.8470156745084824,Friends Forever Botanica,non_kfm
37,2026-07-20,medium,bike,demand_layer,08:00,16:00,8,07:30-24:00,1,8,8,0,11.835671270638976,БТ Усачева,kfm
37,2026-07-20,medium,bike,demand_layer,16:00,24:00,8,07:30-24:00,1,8,8,0,5.828241547392797,БТ Усачева,kfm
38,2026-07-20,medium,bike,demand_layer,08:00,16:00,8,08:00-23:00,1,8,8,0,1.09639526604498,Нева,kfm
38,2026-07-20,medium,bike,demand_layer,16:00,23:00,7,08:00-23:00,1,7,7,0,6.33690256296506,Нева,kfm
39,2026-07-20,mega,auto,demand_layer,08:00,15:00,7,08:00-23:00,2,10,14,4,19.226916742217217,Гребной,kfm
39,2026-07-20,mega,auto,demand_layer,08:00,16:00,8,08:00-23:00,1,6,8,2,25.965163354104565,Гребной,kfm
39,2026-07-20,mega,auto,demand_layer,15:00,21:00,6,08:00-23:00,2,12,12,0,19.844421282447545,Гребной,kfm
39,2026-07-20,mega,bike,demand_layer,08:00,15:00,7,08:00-23:00,1,5,7,2,11.670361626625212,Гребной,kfm
39,2026-07-20,mega,bike,demand_layer,08:00,16:00,8,08:00-23:00,1,6,8,2,15.814054727150161,Гребной,kfm
39,2026-07-20,mega,bike,demand_layer,15:00,21:00,6,08:00-23:00,1,6,6,0,12.478091938799842,Гребной,kfm
39,2026-07-20,mega,bike,demand_layer,16:00,23:00,7,08:00-23:00,1,7,7,0,9.03459582548912,Гребной,kfm
4,2026-07-20,high,auto,demand_layer,08:00,16:00,8,08:00-24:00,1,6,8,2,7.5555346414575215,Аврора,kfm
4,2026-07-20,high,auto,demand_layer,16:00,24:00,8,08:00-24:00,1,8,8,0,7.1485302202494365,Аврора,kfm
4,2026-07-20,high,bike,demand_layer,08:00,15:00,7,08:00-24:00,1,5,7,2,21.353203026213684,Аврора,kfm
4,2026-07-20,high,bike,demand_layer,08:00,16:00,8,08:00-24:00,2,10,16,6,29.10024419730695,Аврора,kfm
4,2026-07-20,high,bike,demand_layer,08:00,18:00,10,08:00-24:00,1,8,10,2,34.9908014082671,Аврора,kfm
4,2026-07-20,high,bike,demand_layer,15:00,21:00,6,08:00-24:00,1,6,6,0,21.4861248135822,Аврора,kfm
4,2026-07-20,high,bike,demand_layer,16:00,24:00,8,08:00-24:00,1,8,8,0,16.365996337883914,Аврора,kfm
40,2026-07-20,medium,bike,demand_layer,09:00,19:00,10,09:00-19:00,1,9,10,1,2.581816776379537,БТ Аркус,kfm
434,2026-07-20,medium,auto,demand_layer,08:00,15:00,7,08:00-22:00,2,14,14,0,15.629625956929136,Сколково,kfm
434,2026-07-20,medium,auto,demand_layer,08:00,18:00,10,08:00-22:00,2,12,20,8,26.03489781909056,Сколково,kfm
434,2026-07-20,medium,auto,demand_layer,15:00,22:00,7,08:00-22:00,2,14,14,0,16.494663828230284,Сколково,kfm
46,2026-07-20,medium,bike,demand_layer,10:00,22:00,12,10:00-22:00,1,12,12,0,2.168883199711407,БТ Павелецкая Плаза,kfm
47,2026-07-20,medium,bike,demand_layer,08:00,15:00,7,08:00-21:00,1,7,7,0,6.601974584068722,БТ Царская Площадь,kfm
47,2026-07-20,medium,bike,demand_layer,15:00,21:00,6,08:00-21:00,1,6,6,0,3.33638276026723,БТ Царская Площадь,kfm
479,2026-07-20,medium,auto,demand_layer,00:00,06:00,6,00:00-24:00,1,6,6,0,2.447647191766807,Покровка,kfm
479,2026-07-20,medium,bike,demand_layer,00:00,12:00,12,00:00-24:00,1,6,12,6,4.924524963057547,Покровка,kfm
479,2026-07-20,medium,bike,demand_layer,12:00,24:00,12,00:00-24:00,1,12,12,0,2.105145929917196,Покровка,kfm
5,2026-07-20,medium,auto,demand_layer,00:00,06:00,6,00:00-24:00,1,6,6,0,2.576275913819686,Покровка (не использовать),kfm
5,2026-07-20,medium,bike,demand_layer,00:00,12:00,12,00:00-24:00,1,6,12,6,3.359564244407354,Покровка (не использовать),kfm
5,2026-07-20,medium,bike,demand_layer,12:00,24:00,12,00:00-24:00,1,12,12,0,1.6307693460776487,Покровка (не использовать),kfm
51,2026-07-20,medium,bike,demand_layer,08:00,15:00,7,08:00-22:00,1,7,7,0,2.826287517190462,БТ Новинский,kfm
51,2026-07-20,medium,bike,demand_layer,15:00,22:00,7,08:00-22:00,1,7,7,0,1.9578502038380041,БТ Новинский,kfm
516,2026-07-20,low,auto,demand_layer,09:00,18:00,9,09:00-22:00,1,9,9,0,1.0004398181821357,La Raquette by Pinskiy&Co,non_kfm
558,2026-07-20,low,auto,demand_layer,12:00,23:00,11,12:00-23:30,1,5,11,6,0.6558092686715048,ЮГ 22,non_kfm
560,2026-07-20,low,auto,demand_layer,10:00,22:00,12,10:00-22:00,1,4,12,8,0.7207448879731727,Пафос,non_kfm
597,2026-07-20,low,auto,demand_layer,16:00,22:00,6,09:00-22:30,1,4,6,2,0.43605118299518975,Rockets Тверской,non_kfm
6,2026-07-20,mega,auto,demand_layer,00:00,12:00,12,00:00-24:00,1,9,12,3,10.82534378696336,Неглинная,kfm
6,2026-07-20,mega,auto,demand_layer,12:00,24:00,12,00:00-24:00,1,12,12,0,17.559436635339782,Неглинная,kfm
6,2026-07-20,mega,bike,demand_layer,00:00,09:00,9,00:00-24:00,1,1,9,8,5.611710314434356,Неглинная,kfm
6,2026-07-20,mega,bike,demand_layer,00:00,11:00,11,00:00-24:00,1,3,11,8,13.654148839606876,Неглинная,kfm
6,2026-07-20,mega,bike,demand_layer,00:00,12:00,12,00:00-24:00,1,5,12,7,13.654148839606876,Неглинная,kfm
6,2026-07-20,mega,bike,demand_layer,09:00,18:00,9,00:00-24:00,1,8,9,1,29.993326051324626,Неглинная,kfm
6,2026-07-20,mega,bike,demand_layer,11:00,21:00,10,00:00-24:00,1,9,10,1,27.56729890492175,Неглинная,kfm
6,2026-07-20,mega,bike,demand_layer,12:00,24:00,12,00:00-24:00,1,12,12,0,30.21229181056143,Неглинная,kfm
69,2026-07-20,mega,auto,demand_layer,08:00,15:00,7,08:00-23:00,1,5,7,2,20.27118653835279,Опен Мичуринский,kfm
69,2026-07-20,mega,auto,demand_layer,08:00,16:00,8,08:00-23:00,1,6,8,2,27.480397255165755,Опен Мичуринский,kfm
69,2026-07-20,mega,auto,demand_layer,08:00,18:00,10,08:00-23:00,1,8,10,2,33.620336474866576,Опен Мичуринский,kfm
69,2026-07-20,mega,auto,demand_layer,15:00,21:00,6,08:00-23:00,1,6,6,0,20.968469287921238,Опен Мичуринский,kfm
69,2026-07-20,mega,auto,demand_layer,16:00,23:00,7,08:00-23:00,1,7,7,0,17.008080038564444,Опен Мичуринский,kfm
69,2026-07-20,mega,bike,demand_layer,08:00,15:00,7,08:00-23:00,2,10,14,4,27.11038836446295,Опен Мичуринский,kfm
69,2026-07-20,mega,bike,demand_layer,08:00,16:00,8,08:00-23:00,1,6,8,2,37.21767415626233,Опен Мичуринский,kfm
69,2026-07-20,mega,bike,demand_layer,08:00,18:00,10,08:00-23:00,1,8,10,2,46.114320780726786,Опен Мичуринский,kfm
69,2026-07-20,mega,bike,demand_layer,15:00,21:00,6,08:00-23:00,2,12,12,0,32.65521292086887,Опен Мичуринский,kfm
69,2026-07-20,mega,bike,demand_layer,16:00,23:00,7,08:00-23:00,1,7,7,0,25.796748596525646,Опен Мичуринский,kfm
7,2026-07-20,mega,auto,demand_layer,00:00,07:00,7,00:00-24:00,1,1,7,6,15.332576792686043,Белая Площадь,kfm
7,2026-07-20,mega,auto,demand_layer,00:00,09:00,9,00:00-24:00,1,1,9,8,15.332576792686044,Белая Площадь,kfm
7,2026-07-20,mega,auto,demand_layer,00:00,12:00,12,00:00-24:00,1,12,12,0,19.013947814141513,Белая Площадь,kfm
7,2026-07-20,mega,auto,demand_layer,09:00,18:00,9,00:00-24:00,1,8,9,1,12.839097160823934,Белая Площадь,kfm
7,2026-07-20,mega,auto,demand_layer,12:00,24:00,12,00:00-24:00,1,12,12,0,15.463861949102723,Белая Площадь,kfm
7,2026-07-20,mega,bike,demand_layer,00:00,11:00,11,00:00-24:00,1,5,11,6,11.163330314190215,Белая Площадь,kfm
7,2026-07-20,mega,bike,demand_layer,00:00,12:00,12,00:00-24:00,1,5,12,7,11.163330314190215,Белая Площадь,kfm
7,2026-07-20,mega,bike,demand_layer,09:00,18:00,9,00:00-24:00,1,6,9,3,28.058353149098902,Белая Площадь,kfm
7,2026-07-20,mega,bike,demand_layer,11:00,21:00,10,00:00-24:00,1,9,10,1,30.274512988547322,Белая Площадь,kfm
7,2026-07-20,mega,bike,demand_layer,12:00,24:00,12,00:00-24:00,1,12,12,0,34.07834579217566,Белая Площадь,kfm
8,2026-07-20,mega,auto,demand_layer,08:00,11:00,3,07:30-24:00,1,2,3,1,3.912395209477058,Усачева,kfm
8,2026-07-20,mega,auto,demand_layer,08:00,16:00,8,07:30-24:00,1,6,8,2,5.134871242694926,Усачева,kfm
8,2026-07-20,mega,auto,demand_layer,16:00,24:00,8,07:30-24:00,1,8,8,0,4.971772282747421,Усачева,kfm
8,2026-07-20,mega,bike,demand_layer,08:00,15:00,7,07:30-24:00,1,5,7,2,31.380574232385584,Усачева,kfm
8,2026-07-20,mega,bike,demand_layer,08:00,16:00,8,07:30-24:00,3,16,24,8,41.57866163341853,Усачева,kfm
8,2026-07-20,mega,bike,demand_layer,15:00,21:00,6,07:30-24:00,1,6,6,0,29.877062109649927,Усачева,kfm
8,2026-07-20,mega,bike,demand_layer,16:00,24:00,8,07:30-24:00,2,16,16,0,23.986452948987974,Усачева,kfm
9,2026-07-20,high,auto,demand_layer,08:00,16:00,8,08:00-23:00,1,6,8,2,7.859953507203904,КИНКИ,kfm
9,2026-07-20,high,auto,demand_layer,16:00,23:00,7,08:00-23:00,1,7,7,0,10.783548629606528,КИНКИ,kfm
9,2026-07-20,high,bike,demand_layer,08:00,16:00,8,08:00-23:00,1,6,8,2,4.586852793198261,КИНКИ,kfm
9,2026-07-20,high,bike,demand_layer,16:00,23:00,7,08:00-23:00,1,7,7,0,4.800806041438005,КИНКИ,kfm
99,2026-07-20,mega,bike,demand_layer,07:00,14:00,7,07:00-23:00,2,8,14,6,30.58022458052004,Опен Аркус,kfm
99,2026-07-20,mega,bike,demand_layer,07:00,15:00,8,07:00-23:00,2,10,16,6,38.94456418714995,Опен Аркус,kfm
99,2026-07-20,mega,bike,demand_layer,07:00,16:00,9,07:00-23:00,1,6,9,3,52.63206633531,Опен Аркус,kfm
99,2026-07-20,mega,bike,demand_layer,07:00,18:00,11,07:00-23:00,1,8,11,3,63.278391418370276,Опен Аркус,kfm
99,2026-07-20,mega,bike,demand_layer,14:00,21:00,7,07:00-23:00,2,14,14,0,49.69465511570313,Опен Аркус,kfm
99,2026-07-20,mega,bike,demand_layer,15:00,23:00,8,07:00-23:00,2,16,16,0,46.44441494242582,Опен Аркус,kfm
grp_102_125,2026-07-20,medium,auto,demand_layer,00:00,12:00,12,00:00-23:59,1,12,12,0,1.7609672543520425,Мясо&Рыба Тверская + Meraki,non_kfm
grp_102_125,2026-07-20,medium,auto,demand_layer,12:00,23:00,11,00:00-23:59,1,11,11,0,6.553121276885716,Мясо&Рыба Тверская + Meraki,non_kfm
grp_19_54,2026-07-20,medium,auto,demand_layer,08:00,18:00,10,08:00-24:00,3,18,30,12,12.835558313007873,Conversation Никитская + Maroon,non_kfm
grp_19_54,2026-07-20,medium,bike,demand_layer,08:00,16:00,8,08:00-24:00,1,4,8,4,0.5784820337159243,Conversation Никитская + Maroon,non_kfm
grp_19_54,2026-07-20,medium,bike,demand_layer,16:00,24:00,8,08:00-24:00,1,6,8,2,1.6551130123591598,Conversation Никитская + Maroon,non_kfm
grp_302_443,2026-07-20,medium,auto,demand_layer,10:00,18:00,8,10:00-22:00,1,6,8,2,0.6490202959795967,Ribambelle Шелепиха + Пинский доставка,non_kfm
grp_71_94,2026-07-20,medium,bike,demand_layer,12:00,23:00,11,12:00-23:59,1,11,11,0,1.211822602033789,КО Medusa + КО Высота 5642,non_kfm
1,2026-07-21,medium,bike,demand_layer,08:00,16:00,8,08:00-23:00,1,8,8,0,11.903572509620753,Wall Street,kfm
1,2026-07-21,medium,bike,demand_layer,16:00,23:00,7,08:00-23:00,1,7,7,0,8.904883516878886,Wall Street,kfm
10,2026-07-21,medium,bike,demand_layer,08:00,16:00,8,08:00-23:30,1,8,8,0,19.073614502566635,Якиманка,kfm
10,2026-07-21,medium,bike,demand_layer,16:00,23:00,7,08:00-23:30,1,7,7,0,11.653926484441385,Якиманка,kfm
100,2026-07-21,medium,auto,demand_layer,10:00,18:00,8,10:00-22:00,1,6,8,2,0.6620659926468442,Колбасный Цех / Магадан,non_kfm
101,2026-07-21,high,auto,demand_layer,08:00,15:00,7,08:00-22:00,2,10,14,4,8.777473395693407,Алия,kfm
101,2026-07-21,high,auto,demand_layer,15:00,22:00,7,08:00-22:00,2,13,14,1,11.660442257353495,Алия,kfm
101,2026-07-21,high,bike,demand_layer,08:00,15:00,7,08:00-22:00,1,5,7,2,5.253998229726097,Алия,kfm
101,2026-07-21,high,bike,demand_layer,15:00,22:00,7,08:00-22:00,1,6,7,1,5.766004165738211,Алия,kfm
11,2026-07-21,medium,auto,demand_layer,00:00,07:00,7,22:00-07:00,4,26,28,2,14.385689559986801,Кутузовский,kfm
11,2026-07-21,medium,auto,demand_layer,22:00,24:00,2,22:00-07:00,1,2,2,0,1.7446648394701467,Кутузовский,kfm
114,2026-07-21,low,auto,demand_layer,10:00,22:00,12,10:00-22:00,1,6,12,6,0.84092131648406,Bluefin Скаковая,non_kfm
115,2026-07-21,high,auto,demand_layer,07:00,14:00,7,07:00-23:00,3,10,21,11,10.086090378524947,Опен Символ,kfm
115,2026-07-21,high,auto,demand_layer,14:00,21:00,7,07:00-23:00,3,21,21,0,17.52664283109434,Опен Символ,kfm
115,2026-07-21,high,bike,demand_layer,07:00,15:00,8,07:00-23:00,1,5,8,3,9.640076552648772,Опен Символ,kfm
115,2026-07-21,high,bike,demand_layer,07:00,16:00,9,07:00-23:00,1,6,9,3,12.733437251994292,Опен Символ,kfm
115,2026-07-21,high,bike,demand_layer,15:00,23:00,8,07:00-23:00,1,8,8,0,8.357543919256644,Опен Символ,kfm
119,2026-07-21,medium,auto,demand_layer,11:00,22:00,11,11:00-22:00,1,10,11,1,2.060989000294914,Bluefin Успенское,non_kfm
12,2026-07-21,high,auto,demand_layer,08:00,15:00,7,08:00-22:00,2,10,14,4,11.032826907593021,Хорошо,kfm
12,2026-07-21,high,auto,demand_layer,15:00,22:00,7,08:00-22:00,2,11,14,3,14.811111258711524,Хорошо,kfm
12,2026-07-21,high,bike,demand_layer,08:00,15:00,7,08:00-22:00,1,5,7,2,12.763172257411226,Хорошо,kfm
12,2026-07-21,high,bike,demand_layer,08:00,18:00,10,08:00-22:00,1,8,10,2,20.642796512851284,Хорошо,kfm
12,2026-07-21,high,bike,demand_layer,15:00,22:00,7,08:00-22:00,1,7,7,0,9.643811261970889,Хорошо,kfm
123,2026-07-21,high,bike,demand_layer,08:00,16:00,8,08:00-23:00,2,12,16,4,34.801240115709184,Опен Нева,kfm
123,2026-07-21,high,bike,demand_layer,08:00,18:00,10,08:00-23:00,1,8,10,2,40.653607215195485,Опен Нева,kfm
123,2026-07-21,high,bike,demand_layer,16:00,23:00,7,08:00-23:00,1,7,7,0,8.52431554528228,Опен Нева,kfm
126,2026-07-21,high,auto,demand_layer,07:00,14:00,7,07:00-23:00,1,4,7,3,6.309125590230074,Опен Покровка,kfm
126,2026-07-21,high,auto,demand_layer,07:00,16:00,9,07:00-23:00,1,4,9,5,9.922075519155392,Опен Покровка,kfm
126,2026-07-21,high,auto,demand_layer,14:00,21:00,7,07:00-23:00,1,5,7,2,6.363093108293384,Опен Покровка,kfm
126,2026-07-21,high,bike,demand_layer,07:00,14:00,7,07:00-23:00,1,4,7,3,15.846721412720935,Опен Покровка,kfm
126,2026-07-21,high,bike,demand_layer,07:00,15:00,8,07:00-23:00,1,5,8,3,20.17715632959,Опен Покровка,kfm
126,2026-07-21,high,bike,demand_layer,07:00,18:00,11,07:00-23:00,1,8,11,3,34.068951958689205,Опен Покровка,kfm
126,2026-07-21,high,bike,demand_layer,14:00,21:00,7,07:00-23:00,1,7,7,0,23.108973676453292,Опен Покровка,kfm
126,2026-07-21,high,bike,demand_layer,15:00,23:00,8,07:00-23:00,1,8,8,0,19.936155728118575,Опен Покровка,kfm
127,2026-07-21,medium,bike,demand_layer,07:00,15:00,8,07:00-23:00,1,8,8,0,7.695758002442465,БТ Покровка,kfm
127,2026-07-21,medium,bike,demand_layer,15:00,23:00,8,07:00-23:00,1,8,8,0,3.850562855871943,БТ Покровка,kfm
128,2026-07-21,high,bike,demand_layer,08:00,16:00,8,08:00-24:00,3,16,24,8,34.652214369040955,Кофемания Лаки,kfm
128,2026-07-21,high,bike,demand_layer,16:00,24:00,8,08:00-24:00,2,16,16,0,22.499235013685066,Кофемания Лаки,kfm
137,2026-07-21,medium,bike,demand_layer,08:00,16:00,8,08:00-23:00,1,8,8,0,1.9967595245902674,БТ Мясницкая,kfm
137,2026-07-21,medium,bike,demand_layer,16:00,23:00,7,08:00-23:00,1,7,7,0,1.4132968774039343,БТ Мясницкая,kfm
138,2026-07-21,medium,bike,demand_layer,08:00,16:00,8,08:00-23:00,1,8,8,0,3.465142724693566,БТ Таганка,kfm
138,2026-07-21,medium,bike,demand_layer,16:00,23:00,7,08:00-23:00,1,7,7,0,1.6987211739496662,БТ Таганка,kfm
14,2026-07-21,high,auto,demand_layer,09:00,16:00,7,09:00-23:00,2,10,14,4,22.67229341192091,Метрополис,kfm
14,2026-07-21,high,auto,demand_layer,09:00,18:00,9,09:00-23:00,1,8,9,1,27.63779913970493,Метрополис,kfm
14,2026-07-21,high,auto,demand_layer,09:00,21:00,12,09:00-23:00,2,22,24,2,31.839582872479607,Метрополис,kfm
14,2026-07-21,high,auto,demand_layer,16:00,23:00,7,09:00-23:00,1,7,7,0,10.884024578730479,Метрополис,kfm
142,2026-07-21,medium,bike,demand_layer,08:00,16:00,8,08:00-23:59,1,8,8,0,12.791163768290346,RED7,kfm
142,2026-07-21,medium,bike,demand_layer,16:00,23:00,7,08:00-23:59,1,7,7,0,7.594057404885184,RED7,kfm
15,2026-07-21,medium,auto,demand_layer,00:00,06:00,6,00:00-24:00,1,6,6,0,4.281212829409029,Комсомолка,kfm
15,2026-07-21,medium,bike,demand_layer,00:00,12:00,12,00:00-24:00,1,6,12,6,4.503658367895689,Комсомолка,kfm
15,2026-07-21,medium,bike,demand_layer,12:00,24:00,12,00:00-24:00,1,12,12,0,3.7766641703972823,Комсомолка,kfm
16,2026-07-21,medium,bike,demand_layer,08:00,16:00,8,08:00-23:00,1,8,8,0,5.778271343515438,Мосфильм,kfm
16,2026-07-21,medium,bike,demand_layer,16:00,23:00,7,08:00-23:00,1,7,7,0,4.586461715789584,Мосфильм,kfm
17,2026-07-21,high,auto,demand_layer,08:00,15:00,7,08:00-22:00,3,15,21,6,13.699330355196924,Внуково,kfm
17,2026-07-21,high,auto,demand_layer,08:00,18:00,10,08:00-22:00,1,6,10,4,24.035190320877877,Внуково,kfm
17,2026-07-21,high,auto,demand_layer,15:00,22:00,7,08:00-22:00,3,19,21,2,18.295044534274634,Внуково,kfm
18,2026-07-21,medium,auto,demand_layer,08:00,15:00,7,08:00-22:00,2,14,14,0,12.44772925801571,Новая Рига,kfm
18,2026-07-21,medium,auto,demand_layer,15:00,22:00,7,08:00-22:00,2,14,14,0,11.054144796802671,Новая Рига,kfm
2,2026-07-21,high,bike,demand_layer,00:00,09:00,9,00:00-24:00,1,1,9,8,7.81522688834465,Кудринская,kfm
2,2026-07-21,high,bike,demand_layer,00:00,12:00,12,00:00-24:00,2,10,24,14,16.48369270126594,Кудринская,kfm
2,2026-07-21,high,bike,demand_layer,09:00,18:00,9,00:00-24:00,1,8,9,1,37.79306287614275,Кудринская,kfm
2,2026-07-21,high,bike,demand_layer,12:00,24:00,12,00:00-24:00,2,24,24,0,41.73145351119298,Кудринская,kfm
20,2026-07-21,medium,auto,demand_layer,08:00,15:00,7,08:00-22:00,1,7,7,0,11.432733042635501,Павлово,kfm
20,2026-07-21,medium,auto,demand_layer,08:00,18:00,10,08:00-22:00,1,10,10,0,17.372373365961074,Павлово,kfm
20,2026-07-21,medium,auto,demand_layer,15:00,22:00,7,08:00-22:00,1,7,7,0,11.52916400595115,Павлово,kfm
21,2026-07-21,high,auto,demand_layer,08:00,15:00,7,08:00-23:00,2,10,14,4,20.286600660270995,Горки-2,kfm
21,2026-07-21,high,auto,demand_layer,08:00,16:00,8,08:00-23:00,3,16,24,8,27.918244642671933,Горки-2,kfm
21,2026-07-21,high,auto,demand_layer,15:00,21:00,6,08:00-23:00,2,12,12,0,23.951902190453858,Горки-2,kfm
21,2026-07-21,high,auto,demand_layer,16:00,23:00,7,08:00-23:00,2,14,14,0,20.318590335658072,Горки-2,kfm
222,2026-07-21,low,auto,demand_layer,06:00,12:00,6,06:00-23:59,1,6,6,0,0.6544006388413006,Ирис Химки,non_kfm
25,2026-07-21,high,bike,demand_layer,08:00,15:00,7,08:00-24:00,1,5,7,2,16.70847629213698,Весна,kfm
25,2026-07-21,high,bike,demand_layer,08:00,16:00,8,08:00-24:00,1,6,8,2,22.300363756357378,Весна,kfm
25,2026-07-21,high,bike,demand_layer,15:00,21:00,6,08:00-24:00,1,6,6,0,15.29347446757,Весна,kfm
25,2026-07-21,high,bike,demand_layer,16:00,24:00,8,08:00-24:00,1,8,8,0,12.773493029358539,Весна,kfm
26,2026-07-21,medium,bike,demand_layer,08:00,16:00,8,08:00-23:00,1,8,8,0,19.37274350105178,Тверская,kfm
26,2026-07-21,medium,bike,demand_layer,16:00,23:00,7,08:00-23:00,1,7,7,0,12.752058893008803,Тверская,kfm
27,2026-07-21,medium,bike,demand_layer,08:00,16:00,8,08:00-23:30,1,8,8,0,0.9903075001006607,4 Ветра,kfm
27,2026-07-21,medium,bike,demand_layer,16:00,23:00,7,08:00-23:30,1,7,7,0,1.0684409531406402,4 Ветра,kfm
28,2026-07-21,medium,bike,demand_layer,08:00,16:00,8,08:00-23:00,1,8,8,0,1.0829334005196662,Гранд,kfm
28,2026-07-21,medium,bike,demand_layer,16:00,23:00,7,08:00-23:00,1,7,7,0,0.8428995810843783,Гранд,kfm
29,2026-07-21,mega,auto,demand_layer,07:00,15:00,8,07:00-22:00,5,25,40,15,32.06070586772782,Украинский,kfm
29,2026-07-21,mega,auto,demand_layer,07:00,16:00,9,07:00-22:00,1,6,9,3,42.25693891540294,Украинский,kfm
29,2026-07-21,mega,auto,demand_layer,07:00,18:00,11,07:00-22:00,2,16,22,6,49.9450649745839,Украинский,kfm
29,2026-07-21,mega,auto,demand_layer,15:00,22:00,7,07:00-22:00,5,31,35,4,30.004216977515473,Украинский,kfm
29,2026-07-21,mega,bike,demand_layer,07:00,15:00,8,07:00-22:00,1,5,8,3,9.336764383952369,Украинский,kfm
29,2026-07-21,mega,bike,demand_layer,07:00,18:00,11,07:00-22:00,1,6,11,5,16.50932230523067,Украинский,kfm
29,2026-07-21,mega,bike,demand_layer,15:00,22:00,7,07:00-22:00,1,6,7,1,10.81536572284631,Украинский,kfm
30,2026-07-21,mega,auto,demand_layer,08:00,16:00,8,08:00-24:00,2,14,16,2,17.14388834763568,Черёмушки,kfm
30,2026-07-21,mega,auto,demand_layer,08:00,18:00,10,08:00-24:00,1,6,10,4,20.476576367336328,Черёмушки,kfm
30,2026-07-21,mega,auto,demand_layer,16:00,24:00,8,08:00-24:00,2,16,16,0,13.831186095402824,Черёмушки,kfm
30,2026-07-21,mega,bike,demand_layer,08:00,15:00,7,08:00-24:00,2,10,14,4,15.700550990426175,Черёмушки,kfm
30,2026-07-21,mega,bike,demand_layer,15:00,21:00,6,08:00-24:00,2,12,12,0,14.937177602809474,Черёмушки,kfm
301,2026-07-21,medium,auto,demand_layer,12:00,23:00,11,12:00-23:00,1,5,11,6,0.9866768724459057,Биродром и Панчетта Дежнева,non_kfm
33,2026-07-21,high,auto,demand_layer,08:00,16:00,8,08:00-23:00,2,10,16,6,11.237888002191585,Даниловский,kfm
33,2026-07-21,high,auto,demand_layer,16:00,23:00,7,08:00-23:00,1,7,7,0,7.501730357905674,Даниловский,kfm
33,2026-07-21,high,bike,demand_layer,08:00,15:00,7,08:00-23:00,2,10,14,4,16.6859742431739,Даниловский,kfm
33,2026-07-21,high,bike,demand_layer,15:00,21:00,6,08:00-23:00,2,12,12,0,14.098549692050188,Даниловский,kfm
335,2026-07-21,low,auto,demand_layer,00:00,12:00,12,00:00-24:00,1,6,12,6,13.174752628922807,Кутузовский (Не использовать),kfm
335,2026-07-21,low,auto,demand_layer,12:00,24:00,12,00:00-24:00,1,12,12,0,1.8604815137564459,Кутузовский (Не использовать),kfm
335,2026-07-21,low,bike,demand_layer,00:00,06:00,6,00:00-24:00,1,6,6,0,9.90607898069812,Кутузовский (Не использовать),kfm
335,2026-07-21,low,bike,demand_layer,00:00,12:00,12,00:00-24:00,1,12,12,0,11.34169815580804,Кутузовский (Не использовать),kfm
34,2026-07-21,medium,auto,demand_layer,00:00,07:00,7,22:00-07:00,1,6,7,1,6.787784030451831,Аркус,kfm
34,2026-07-21,medium,bike,demand_layer,00:00,07:00,7,22:00-07:00,1,1,7,6,0.24434843736449596,Аркус,kfm
34,2026-07-21,medium,bike,demand_layer,22:00,24:00,2,22:00-07:00,1,2,2,0,0.2517931374869418,Аркус,kfm
348,2026-07-21,medium,auto,demand_layer,08:00,15:00,7,08:00-21:00,1,7,7,0,7.33015687090332,Рига Холл,kfm
348,2026-07-21,medium,auto,demand_layer,15:00,21:00,6,08:00-21:00,1,6,6,0,5.605659777523836,Рига Холл,kfm
35,2026-07-21,high,auto,demand_layer,08:00,15:00,7,08:00-23:00,1,5,7,2,15.978447190217555,Ленинский,kfm
35,2026-07-21,high,auto,demand_layer,08:00,16:00,8,08:00-23:00,1,6,8,2,21.818322980068167,Ленинский,kfm
35,2026-07-21,high,auto,demand_layer,08:00,18:00,10,08:00-23:00,1,8,10,2,26.471045082289535,Ленинский,kfm
35,2026-07-21,high,auto,demand_layer,15:00,21:00,6,08:00-23:00,1,6,6,0,17.046996465312997,Ленинский,kfm
35,2026-07-21,high,auto,demand_layer,16:00,23:00,7,08:00-23:00,1,7,7,0,13.720833595165331,Ленинский,kfm
35,2026-07-21,high,bike,demand_layer,08:00,15:00,7,08:00-23:00,1,5,7,2,11.473400356030838,Ленинский,kfm
35,2026-07-21,high,bike,demand_layer,08:00,16:00,8,08:00-23:00,1,6,8,2,15.539630626458504,Ленинский,kfm
35,2026-07-21,high,bike,demand_layer,15:00,21:00,6,08:00-23:00,1,6,6,0,11.968317962494812,Ленинский,kfm
35,2026-07-21,high,bike,demand_layer,16:00,23:00,7,08:00-23:00,1,7,7,0,8.29214659340036,Ленинский,kfm
36,2026-07-21,medium,auto,demand_layer,08:00,16:00,8,08:00-23:00,1,8,8,0,0.9400667422607225,Friends Forever Botanica,non_kfm
36,2026-07-21,medium,auto,demand_layer,16:00,23:00,7,08:00-23:00,1,7,7,0,0.6818640907399807,Friends Forever Botanica,non_kfm
37,2026-07-21,medium,bike,demand_layer,08:00,16:00,8,07:30-24:00,1,8,8,0,11.361590101200166,БТ Усачева,kfm
37,2026-07-21,medium,bike,demand_layer,16:00,24:00,8,07:30-24:00,1,8,8,0,5.41124261860681,БТ Усачева,kfm
38,2026-07-21,medium,bike,demand_layer,08:00,16:00,8,08:00-23:00,1,8,8,0,1.09639526604498,Нева,kfm
38,2026-07-21,medium,bike,demand_layer,16:00,23:00,7,08:00-23:00,1,7,7,0,5.056501113204871,Нева,kfm
39,2026-07-21,mega,auto,demand_layer,08:00,15:00,7,08:00-23:00,2,10,14,4,19.700930583939417,Гребной,kfm
39,2026-07-21,mega,auto,demand_layer,08:00,18:00,10,08:00-23:00,1,8,10,2,32.02468330018515,Гребной,kfm
39,2026-07-21,mega,auto,demand_layer,15:00,21:00,6,08:00-23:00,2,12,12,0,19.932968395126675,Гребной,kfm
39,2026-07-21,mega,bike,demand_layer,08:00,15:00,7,08:00-23:00,1,5,7,2,11.959711532035014,Гребной,kfm
39,2026-07-21,mega,bike,demand_layer,08:00,16:00,8,08:00-23:00,1,6,8,2,16.19698181219649,Гребной,kfm
39,2026-07-21,mega,bike,demand_layer,15:00,21:00,6,08:00-23:00,1,6,6,0,12.531256219908988,Гребной,kfm
39,2026-07-21,mega,bike,demand_layer,16:00,23:00,7,08:00-23:00,1,7,7,0,8.996159617397053,Гребной,kfm
4,2026-07-21,high,auto,demand_layer,08:00,16:00,8,08:00-24:00,1,6,8,2,7.6987124342203535,Аврора,kfm
4,2026-07-21,high,auto,demand_layer,16:00,24:00,8,08:00-24:00,1,8,8,0,7.267178088512607,Аврора,kfm
4,2026-07-21,high,bike,demand_layer,08:00,15:00,7,08:00-24:00,1,5,7,2,21.8151140456083,Аврора,kfm
4,2026-07-21,high,bike,demand_layer,08:00,16:00,8,08:00-24:00,2,10,16,6,29.654957357566,Аврора,kfm
4,2026-07-21,high,bike,demand_layer,08:00,18:00,10,08:00-24:00,1,8,10,2,35.434715405819105,Аврора,kfm
4,2026-07-21,high,bike,demand_layer,15:00,21:00,6,08:00-24:00,1,6,6,0,21.355536205884704,Аврора,kfm
4,2026-07-21,high,bike,demand_layer,16:00,24:00,8,08:00-24:00,1,8,8,0,16.33256367819173,Аврора,kfm
40,2026-07-21,medium,bike,demand_layer,09:00,19:00,10,09:00-19:00,1,9,10,1,2.3655822795235624,БТ Аркус,kfm
434,2026-07-21,medium,auto,demand_layer,08:00,15:00,7,08:00-22:00,2,14,14,0,14.260668399173106,Сколково,kfm
434,2026-07-21,medium,auto,demand_layer,08:00,18:00,10,08:00-22:00,1,6,10,4,23.2969827035785,Сколково,kfm
434,2026-07-21,medium,auto,demand_layer,15:00,22:00,7,08:00-22:00,2,14,14,0,16.717284788201628,Сколково,kfm
46,2026-07-21,medium,bike,demand_layer,10:00,18:00,8,10:00-22:00,1,8,8,0,1.6590947454644054,БТ Павелецкая Плаза,kfm
47,2026-07-21,medium,bike,demand_layer,08:00,15:00,7,08:00-21:00,1,7,7,0,5.499152840911313,БТ Царская Площадь,kfm
47,2026-07-21,medium,bike,demand_layer,15:00,21:00,6,08:00-21:00,1,6,6,0,2.3523139848303187,БТ Царская Площадь,kfm
479,2026-07-21,medium,auto,demand_layer,00:00,06:00,6,00:00-24:00,1,6,6,0,1.3504567424330247,Покровка,kfm
479,2026-07-21,medium,bike,demand_layer,00:00,12:00,12,00:00-24:00,1,6,12,6,5.5159746095159825,Покровка,kfm
479,2026-07-21,medium,bike,demand_layer,12:00,24:00,12,00:00-24:00,1,12,12,0,2.105145929917196,Покровка,kfm
5,2026-07-21,medium,auto,demand_layer,00:00,06:00,6,00:00-24:00,1,6,6,0,2.419723321026768,Покровка (не использовать),kfm
5,2026-07-21,medium,bike,demand_layer,00:00,12:00,12,00:00-24:00,1,6,12,6,3.4021684246649153,Покровка (не использовать),kfm
5,2026-07-21,medium,bike,demand_layer,12:00,24:00,12,00:00-24:00,1,12,12,0,1.5183159890592948,Покровка (не использовать),kfm
51,2026-07-21,medium,bike,demand_layer,08:00,15:00,7,08:00-22:00,1,7,7,0,2.9553342211851414,БТ Новинский,kfm
51,2026-07-21,medium,bike,demand_layer,15:00,22:00,7,08:00-22:00,1,7,7,0,1.8869116796510115,БТ Новинский,kfm
516,2026-07-21,low,auto,demand_layer,09:00,18:00,9,09:00-22:00,1,9,9,0,0.9413584611302483,La Raquette by Pinskiy&Co,non_kfm
558,2026-07-21,low,auto,demand_layer,12:00,23:00,11,12:00-23:30,1,5,11,6,0.6566620024705578,ЮГ 22,non_kfm
560,2026-07-21,low,auto,demand_layer,10:00,22:00,12,10:00-22:00,1,4,12,8,0.7208819697522669,Пафос,non_kfm
597,2026-07-21,low,auto,demand_layer,16:00,22:00,6,09:00-22:30,1,4,6,2,0.43570321934908013,Rockets Тверской,non_kfm
6,2026-07-21,mega,auto,demand_layer,00:00,12:00,12,00:00-24:00,1,9,12,3,11.418809214017632,Неглинная,kfm
6,2026-07-21,mega,auto,demand_layer,09:00,18:00,9,00:00-24:00,1,3,9,6,14.818652828731125,Неглинная,kfm
6,2026-07-21,mega,auto,demand_layer,12:00,24:00,12,00:00-24:00,1,12,12,0,17.949652222123554,Неглинная,kfm
6,2026-07-21,mega,bike,demand_layer,00:00,09:00,9,00:00-24:00,1,1,9,8,5.921469849369406,Неглинная,kfm
6,2026-07-21,mega,bike,demand_layer,00:00,11:00,11,00:00-24:00,1,3,11,8,13.457324379743877,Неглинная,kfm
6,2026-07-21,mega,bike,demand_layer,00:00,12:00,12,00:00-24:00,1,5,12,7,13.457324379743877,Неглинная,kfm
6,2026-07-21,mega,bike,demand_layer,09:00,18:00,9,00:00-24:00,1,6,9,3,29.740305635536384,Неглинная,kfm
6,2026-07-21,mega,bike,demand_layer,11:00,21:00,10,00:00-24:00,1,9,10,1,28.031671150823897,Неглинная,kfm
6,2026-07-21,mega,bike,demand_layer,12:00,24:00,12,00:00-24:00,1,12,12,0,30.884879755502432,Неглинная,kfm
69,2026-07-21,mega,auto,demand_layer,08:00,15:00,7,08:00-23:00,1,5,7,2,20.16275824061945,Опен Мичуринский,kfm
69,2026-07-21,mega,auto,demand_layer,08:00,16:00,8,08:00-23:00,1,6,8,2,27.286489198245174,Опен Мичуринский,kfm
69,2026-07-21,mega,auto,demand_layer,08:00,18:00,10,08:00-23:00,1,8,10,2,33.36414678475863,Опен Мичуринский,kfm
69,2026-07-21,mega,auto,demand_layer,15:00,21:00,6,08:00-23:00,1,6,6,0,20.95253448587027,Опен Мичуринский,kfm
69,2026-07-21,mega,auto,demand_layer,16:00,23:00,7,08:00-23:00,1,7,7,0,17.16908906877236,Опен Мичуринский,kfm
69,2026-07-21,mega,bike,demand_layer,08:00,15:00,7,08:00-23:00,1,5,7,2,26.957956760702942,Опен Мичуринский,kfm
69,2026-07-21,mega,bike,demand_layer,08:00,16:00,8,08:00-23:00,2,12,16,4,36.94583067254352,Опен Мичуринский,kfm
69,2026-07-21,mega,bike,demand_layer,08:00,18:00,10,08:00-23:00,1,8,10,2,45.752232481573216,Опен Мичуринский,kfm
69,2026-07-21,mega,bike,demand_layer,15:00,21:00,6,08:00-23:00,1,6,6,0,32.68174553313849,Опен Мичуринский,kfm
69,2026-07-21,mega,bike,demand_layer,16:00,23:00,7,08:00-23:00,2,14,14,0,26.034157161825718,Опен Мичуринский,kfm
7,2026-07-21,mega,auto,demand_layer,00:00,09:00,9,00:00-24:00,2,4,18,14,19.70631969247211,Белая Площадь,kfm
7,2026-07-21,mega,auto,demand_layer,00:00,12:00,12,00:00-24:00,1,9,12,3,23.461622614330178,Белая Площадь,kfm
7,2026-07-21,mega,auto,demand_layer,09:00,18:00,9,00:00-24:00,2,14,18,4,12.646507630325083,Белая Площадь,kfm
7,2026-07-21,mega,auto,demand_layer,12:00,24:00,12,00:00-24:00,1,12,12,0,15.131991606563568,Белая Площадь,kfm
7,2026-07-21,mega,bike,demand_layer,00:00,11:00,11,00:00-24:00,1,5,11,6,11.875850911009532,Белая Площадь,kfm
7,2026-07-21,mega,bike,demand_layer,00:00,12:00,12,00:00-24:00,1,5,12,7,11.875850911009532,Белая Площадь,kfm
7,2026-07-21,mega,bike,demand_layer,09:00,18:00,9,00:00-24:00,1,6,9,3,27.584167463123553,Белая Площадь,kfm
7,2026-07-21,mega,bike,demand_layer,11:00,21:00,10,00:00-24:00,1,9,10,1,29.69070413990606,Белая Площадь,kfm
7,2026-07-21,mega,bike,demand_layer,12:00,24:00,12,00:00-24:00,1,12,12,0,33.42681170783713,Белая Площадь,kfm
8,2026-07-21,mega,auto,demand_layer,08:00,11:00,3,07:30-24:00,1,2,3,1,3.912395209477058,Усачева,kfm
8,2026-07-21,mega,auto,demand_layer,08:00,16:00,8,07:30-24:00,1,6,8,2,5.258323241938719,Усачева,kfm
8,2026-07-21,mega,auto,demand_layer,16:00,24:00,8,07:30-24:00,1,8,8,0,5.337548068526175,Усачева,kfm
8,2026-07-21,mega,bike,demand_layer,08:00,16:00,8,07:30-24:00,3,16,24,8,38.23172627616401,Усачева,kfm
8,2026-07-21,mega,bike,demand_layer,08:00,18:00,10,07:30-24:00,1,8,10,2,45.15928990925113,Усачева,kfm
8,2026-07-21,mega,bike,demand_layer,16:00,24:00,8,07:30-24:00,2,16,16,0,23.902248372035878,Усачева,kfm
9,2026-07-21,high,auto,demand_layer,08:00,16:00,8,08:00-23:00,1,6,8,2,8.36445875720253,КИНКИ,kfm
9,2026-07-21,high,auto,demand_layer,16:00,23:00,7,08:00-23:00,1,7,7,0,11.001104877878749,КИНКИ,kfm
9,2026-07-21,high,bike,demand_layer,08:00,16:00,8,08:00-23:00,1,6,8,2,4.878671121838016,КИНКИ,kfm
9,2026-07-21,high,bike,demand_layer,16:00,23:00,7,08:00-23:00,1,7,7,0,4.88812514817932,КИНКИ,kfm
99,2026-07-21,mega,bike,demand_layer,07:00,11:00,4,07:00-23:00,1,2,4,2,13.979250670015263,Опен Аркус,kfm
99,2026-07-21,mega,bike,demand_layer,07:00,14:00,7,07:00-23:00,2,8,14,6,30.282358925931753,Опен Аркус,kfm
99,2026-07-21,mega,bike,demand_layer,07:00,15:00,8,07:00-23:00,2,10,16,6,38.433913053889995,Опен Аркус,kfm
99,2026-07-21,mega,bike,demand_layer,07:00,18:00,11,07:00-23:00,1,8,11,3,63.42069891855513,Опен Аркус,kfm
99,2026-07-21,mega,bike,demand_layer,14:00,21:00,7,07:00-23:00,2,14,14,0,50.29645486084833,Опен Аркус,kfm
99,2026-07-21,mega,bike,demand_layer,15:00,23:00,8,07:00-23:00,2,16,16,0,47.14685419057676,Опен Аркус,kfm
grp_102_125,2026-07-21,medium,auto,demand_layer,00:00,12:00,12,00:00-23:59,1,12,12,0,1.9900348037731561,Мясо&Рыба Тверская + Meraki,non_kfm
grp_102_125,2026-07-21,medium,auto,demand_layer,12:00,23:00,11,00:00-23:59,1,11,11,0,6.701690057587242,Мясо&Рыба Тверская + Meraki,non_kfm
grp_19_54,2026-07-21,medium,auto,demand_layer,08:00,16:00,8,08:00-24:00,1,4,8,4,9.156827800266312,Conversation Никитская + Maroon,non_kfm
grp_19_54,2026-07-21,medium,auto,demand_layer,08:00,18:00,10,08:00-24:00,2,12,20,8,13.309578861663661,Conversation Никитская + Maroon,non_kfm
grp_19_54,2026-07-21,medium,auto,demand_layer,16:00,24:00,8,08:00-24:00,1,8,8,0,11.5696960235293,Conversation Никитская + Maroon,non_kfm
grp_19_54,2026-07-21,medium,bike,demand_layer,08:00,16:00,8,08:00-24:00,1,4,8,4,0.6217380317250383,Conversation Никитская + Maroon,non_kfm
grp_19_54,2026-07-21,medium,bike,demand_layer,16:00,24:00,8,08:00-24:00,1,6,8,2,2.7808723090555887,Conversation Никитская + Maroon,non_kfm
grp_302_443,2026-07-21,medium,auto,demand_layer,10:00,18:00,8,10:00-22:00,1,6,8,2,0.7077235563614775,Ribambelle Шелепиха + Пинский доставка,non_kfm
grp_71_94,2026-07-21,medium,bike,demand_layer,12:00,23:00,11,12:00-23:59,1,11,11,0,1.1298115539362308,КО Medusa + КО Высота 5642,non_kfm
1,2026-07-22,medium,bike,demand_layer,08:00,16:00,8,08:00-23:00,1,8,8,0,12.107823959834894,Wall Street,kfm
1,2026-07-22,medium,bike,demand_layer,16:00,23:00,7,08:00-23:00,1,7,7,0,8.474491899911873,Wall Street,kfm
10,2026-07-22,medium,bike,demand_layer,08:00,16:00,8,08:00-23:30,1,8,8,0,20.94817754360267,Якиманка,kfm
10,2026-07-22,medium,bike,demand_layer,16:00,23:00,7,08:00-23:30,1,7,7,0,12.708932043033633,Якиманка,kfm
100,2026-07-22,medium,auto,demand_layer,10:00,18:00,8,10:00-22:00,1,6,8,2,0.6620659926468442,Колбасный Цех / Магадан,non_kfm
101,2026-07-22,high,auto,demand_layer,08:00,15:00,7,08:00-22:00,2,10,14,4,9.351078965606293,Алия,kfm
101,2026-07-22,high,auto,demand_layer,08:00,16:00,8,08:00-22:00,1,4,8,4,13.153507819645341,Алия,kfm
101,2026-07-22,high,auto,demand_layer,15:00,22:00,7,08:00-22:00,2,12,14,2,12.658172601055622,Алия,kfm
101,2026-07-22,high,bike,demand_layer,08:00,15:00,7,08:00-22:00,1,5,7,2,5.586366524969387,Алия,kfm
101,2026-07-22,high,bike,demand_layer,15:00,22:00,7,08:00-22:00,1,7,7,0,6.266971018997956,Алия,kfm
11,2026-07-22,medium,auto,demand_layer,00:00,07:00,7,22:00-07:00,5,33,35,2,17.718891796636143,Кутузовский,kfm
11,2026-07-22,medium,auto,demand_layer,22:00,24:00,2,22:00-07:00,1,2,2,0,1.9203676334723199,Кутузовский,kfm
114,2026-07-22,low,auto,demand_layer,10:00,22:00,12,10:00-22:00,1,6,12,6,0.84092131648406,Bluefin Скаковая,non_kfm
115,2026-07-22,high,auto,demand_layer,07:00,14:00,7,07:00-23:00,3,10,21,11,10.570504281623304,Опен Символ,kfm
115,2026-07-22,high,auto,demand_layer,14:00,21:00,7,07:00-23:00,3,21,21,0,17.273761024970824,Опен Символ,kfm
115,2026-07-22,high,bike,demand_layer,07:00,15:00,8,07:00-23:00,1,5,8,3,10.05937610145535,Опен Символ,kfm
115,2026-07-22,high,bike,demand_layer,07:00,16:00,9,07:00-23:00,1,6,9,3,13.126899375102663,Опен Символ,kfm
115,2026-07-22,high,bike,demand_layer,15:00,23:00,8,07:00-23:00,1,8,8,0,8.257291974947387,Опен Символ,kfm
119,2026-07-22,medium,auto,demand_layer,11:00,22:00,11,11:00-22:00,1,10,11,1,2.060989000294914,Bluefin Успенское,non_kfm
12,2026-07-22,high,auto,demand_layer,08:00,15:00,7,08:00-22:00,2,10,14,4,11.234321971555701,Хорошо,kfm
12,2026-07-22,high,auto,demand_layer,15:00,22:00,7,08:00-22:00,2,11,14,3,15.146338302527733,Хорошо,kfm
12,2026-07-22,high,bike,demand_layer,08:00,15:00,7,08:00-22:00,1,5,7,2,12.671046141956525,Хорошо,kfm
12,2026-07-22,high,bike,demand_layer,08:00,18:00,10,08:00-22:00,1,8,10,2,20.290625083583272,Хорошо,kfm
12,2026-07-22,high,bike,demand_layer,15:00,22:00,7,08:00-22:00,1,6,7,1,9.53192648034787,Хорошо,kfm
123,2026-07-22,high,bike,demand_layer,08:00,16:00,8,08:00-23:00,1,6,8,2,34.76850509056061,Опен Нева,kfm
123,2026-07-22,high,bike,demand_layer,08:00,18:00,10,08:00-23:00,2,16,20,4,40.865953448934505,Опен Нева,kfm
123,2026-07-22,high,bike,demand_layer,16:00,23:00,7,08:00-23:00,1,7,7,0,10.917933052096595,Опен Нева,kfm
126,2026-07-22,high,auto,demand_layer,07:00,14:00,7,07:00-23:00,1,4,7,3,6.308985281696858,Опен Покровка,kfm
126,2026-07-22,high,auto,demand_layer,07:00,16:00,9,07:00-23:00,1,4,9,5,9.657457946353215,Опен Покровка,kfm
126,2026-07-22,high,auto,demand_layer,14:00,21:00,7,07:00-23:00,1,5,7,2,6.376351625571159,Опен Покровка,kfm
126,2026-07-22,high,bike,demand_layer,07:00,11:00,4,07:00-23:00,1,2,4,2,7.8899382846660115,Опен Покровка,kfm
126,2026-07-22,high,bike,demand_layer,07:00,14:00,7,07:00-23:00,1,4,7,3,15.904132038414785,Опен Покровка,kfm
126,2026-07-22,high,bike,demand_layer,07:00,15:00,8,07:00-23:00,1,5,8,3,19.911228915289172,Опен Покровка,kfm
126,2026-07-22,high,bike,demand_layer,07:00,18:00,11,07:00-23:00,1,8,11,3,34.36826392454019,Опен Покровка,kfm
126,2026-07-22,high,bike,demand_layer,14:00,21:00,7,07:00-23:00,1,7,7,0,23.84530968080942,Опен Покровка,kfm
126,2026-07-22,high,bike,demand_layer,15:00,23:00,8,07:00-23:00,1,8,8,0,20.828771873178063,Опен Покровка,kfm
127,2026-07-22,medium,bike,demand_layer,07:00,15:00,8,07:00-23:00,1,8,8,0,7.695758002442465,БТ Покровка,kfm
127,2026-07-22,medium,bike,demand_layer,15:00,23:00,8,07:00-23:00,1,8,8,0,4.383577825680229,БТ Покровка,kfm
128,2026-07-22,high,bike,demand_layer,08:00,16:00,8,08:00-24:00,3,16,24,8,32.92367919010936,Кофемания Лаки,kfm
128,2026-07-22,high,bike,demand_layer,16:00,24:00,8,08:00-24:00,2,16,16,0,22.34185796341061,Кофемания Лаки,kfm
137,2026-07-22,medium,bike,demand_layer,08:00,16:00,8,08:00-23:00,1,8,8,0,3.045438961716665,БТ Мясницкая,kfm
137,2026-07-22,medium,bike,demand_layer,16:00,23:00,7,08:00-23:00,1,7,7,0,1.5962839838975433,БТ Мясницкая,kfm
138,2026-07-22,medium,bike,demand_layer,08:00,16:00,8,08:00-23:00,1,8,8,0,3.2871661507242713,БТ Таганка,kfm
138,2026-07-22,medium,bike,demand_layer,16:00,23:00,7,08:00-23:00,1,7,7,0,1.743097379742385,БТ Таганка,kfm
14,2026-07-22,high,auto,demand_layer,09:00,16:00,7,09:00-23:00,1,6,7,1,21.27819635684581,Метрополис,kfm
14,2026-07-22,high,auto,demand_layer,09:00,21:00,12,09:00-23:00,3,33,36,3,32.110493203946426,Метрополис,kfm
14,2026-07-22,high,auto,demand_layer,16:00,23:00,7,09:00-23:00,1,7,7,0,12.553112889911947,Метрополис,kfm
142,2026-07-22,medium,bike,demand_layer,08:00,16:00,8,08:00-23:59,1,8,8,0,13.272933837566885,RED7,kfm
142,2026-07-22,medium,bike,demand_layer,16:00,23:00,7,08:00-23:59,1,7,7,0,7.529644743087029,RED7,kfm
15,2026-07-22,medium,auto,demand_layer,00:00,06:00,6,00:00-24:00,1,6,6,0,4.281212829409029,Комсомолка,kfm
15,2026-07-22,medium,bike,demand_layer,00:00,12:00,12,00:00-24:00,1,6,12,6,4.503658367895689,Комсомолка,kfm
15,2026-07-22,medium,bike,demand_layer,12:00,24:00,12,00:00-24:00,1,12,12,0,3.7766641703972823,Комсомолка,kfm
16,2026-07-22,medium,bike,demand_layer,08:00,16:00,8,08:00-23:00,1,8,8,0,8.661238592103285,Мосфильм,kfm
16,2026-07-22,medium,bike,demand_layer,16:00,23:00,7,08:00-23:00,1,7,7,0,8.222850643715926,Мосфильм,kfm
17,2026-07-22,high,auto,demand_layer,08:00,15:00,7,08:00-22:00,4,20,28,8,14.270666405784267,Внуково,kfm
17,2026-07-22,high,auto,demand_layer,15:00,22:00,7,08:00-22:00,4,25,28,3,19.055849549481927,Внуково,kfm
18,2026-07-22,medium,auto,demand_layer,08:00,15:00,7,08:00-22:00,3,17,21,4,14.366929038071433,Новая Рига,kfm
18,2026-07-22,medium,auto,demand_layer,08:00,18:00,10,08:00-22:00,1,6,10,4,22.255853894440527,Новая Рига,kfm
18,2026-07-22,medium,auto,demand_layer,15:00,22:00,7,08:00-22:00,3,21,21,0,13.41193868352065,Новая Рига,kfm
2,2026-07-22,high,bike,demand_layer,00:00,12:00,12,00:00-24:00,2,10,24,14,16.40148700076345,Кудринская,kfm
2,2026-07-22,high,bike,demand_layer,09:00,18:00,9,00:00-24:00,2,11,18,7,37.58625258040973,Кудринская,kfm
2,2026-07-22,high,bike,demand_layer,12:00,24:00,12,00:00-24:00,2,24,24,0,41.97183405729822,Кудринская,kfm
20,2026-07-22,medium,auto,demand_layer,08:00,15:00,7,08:00-22:00,1,7,7,0,11.432733042635501,Павлово,kfm
20,2026-07-22,medium,auto,demand_layer,08:00,18:00,10,08:00-22:00,1,10,10,0,17.372373365961074,Павлово,kfm
20,2026-07-22,medium,auto,demand_layer,15:00,22:00,7,08:00-22:00,1,7,7,0,11.533998487613905,Павлово,kfm
21,2026-07-22,high,auto,demand_layer,08:00,15:00,7,08:00-23:00,2,10,14,4,19.839250017780167,Горки-2,kfm
21,2026-07-22,high,auto,demand_layer,08:00,16:00,8,08:00-23:00,2,12,16,4,27.34530860415139,Горки-2,kfm
21,2026-07-22,high,auto,demand_layer,15:00,21:00,6,08:00-23:00,2,12,12,0,24.167354402457455,Горки-2,kfm
21,2026-07-22,high,auto,demand_layer,16:00,23:00,7,08:00-23:00,2,14,14,0,20.669132550385754,Горки-2,kfm
222,2026-07-22,low,auto,demand_layer,06:00,12:00,6,06:00-23:59,1,6,6,0,0.6544006388413006,Ирис Химки,non_kfm
25,2026-07-22,high,bike,demand_layer,08:00,15:00,7,08:00-24:00,1,5,7,2,18.359132823576523,Весна,kfm
25,2026-07-22,high,bike,demand_layer,08:00,16:00,8,08:00-24:00,1,6,8,2,24.448883334165057,Весна,kfm
25,2026-07-22,high,bike,demand_layer,15:00,21:00,6,08:00-24:00,1,6,6,0,16.224529565408357,Весна,kfm
25,2026-07-22,high,bike,demand_layer,16:00,24:00,8,08:00-24:00,1,8,8,0,12.91473094426131,Весна,kfm
26,2026-07-22,medium,bike,demand_layer,08:00,16:00,8,08:00-23:00,1,8,8,0,19.70624472525082,Тверская,kfm
26,2026-07-22,medium,bike,demand_layer,16:00,23:00,7,08:00-23:00,1,7,7,0,13.977442782293462,Тверская,kfm
27,2026-07-22,medium,bike,demand_layer,08:00,16:00,8,08:00-23:30,1,8,8,0,0.9903075001006607,4 Ветра,kfm
27,2026-07-22,medium,bike,demand_layer,16:00,23:00,7,08:00-23:30,1,7,7,0,1.0684409531406402,4 Ветра,kfm
28,2026-07-22,medium,bike,demand_layer,08:00,16:00,8,08:00-23:00,1,8,8,0,1.0829334005196662,Гранд,kfm
28,2026-07-22,medium,bike,demand_layer,16:00,23:00,7,08:00-23:00,1,7,7,0,0.8428995810843783,Гранд,kfm
29,2026-07-22,mega,auto,demand_layer,07:00,15:00,8,07:00-22:00,5,25,40,15,32.4920580779556,Украинский,kfm
29,2026-07-22,mega,auto,demand_layer,07:00,16:00,9,07:00-22:00,2,12,18,6,42.555670080567474,Украинский,kfm
29,2026-07-22,mega,auto,demand_layer,07:00,18:00,11,07:00-22:00,1,8,11,3,49.76573123867136,Украинский,kfm
29,2026-07-22,mega,auto,demand_layer,15:00,22:00,7,07:00-22:00,5,32,35,3,30.288677172025157,Украинский,kfm
29,2026-07-22,mega,bike,demand_layer,07:00,15:00,8,07:00-22:00,1,5,8,3,9.476810979562178,Украинский,kfm
29,2026-07-22,mega,bike,demand_layer,07:00,18:00,11,07:00-22:00,1,6,11,5,16.396073449339262,Украинский,kfm
29,2026-07-22,mega,bike,demand_layer,15:00,22:00,7,07:00-22:00,1,6,7,1,10.841441596988425,Украинский,kfm
30,2026-07-22,mega,auto,demand_layer,08:00,16:00,8,08:00-24:00,2,14,16,2,16.848629202340536,Черёмушки,kfm
30,2026-07-22,mega,auto,demand_layer,08:00,18:00,10,08:00-24:00,1,6,10,4,20.07069935668854,Черёмушки,kfm
30,2026-07-22,mega,auto,demand_layer,16:00,24:00,8,08:00-24:00,2,16,16,0,14.429004644960482,Черёмушки,kfm
30,2026-07-22,mega,bike,demand_layer,08:00,15:00,7,08:00-24:00,2,10,14,4,15.133280357965795,Черёмушки,kfm
30,2026-07-22,mega,bike,demand_layer,15:00,21:00,6,08:00-24:00,2,12,12,0,15.18898049618593,Черёмушки,kfm
301,2026-07-22,medium,auto,demand_layer,12:00,23:00,11,12:00-23:00,1,5,11,6,0.9866768724459057,Биродром и Панчетта Дежнева,non_kfm
33,2026-07-22,high,auto,demand_layer,08:00,16:00,8,08:00-23:00,2,10,16,6,10.886825330719754,Даниловский,kfm
33,2026-07-22,high,auto,demand_layer,16:00,23:00,7,08:00-23:00,1,7,7,0,7.450835289095415,Даниловский,kfm
33,2026-07-22,high,bike,demand_layer,08:00,15:00,7,08:00-23:00,2,10,14,4,16.01280228753229,Даниловский,kfm
33,2026-07-22,high,bike,demand_layer,15:00,21:00,6,08:00-23:00,2,12,12,0,13.881161869614827,Даниловский,kfm
335,2026-07-22,low,auto,demand_layer,00:00,12:00,12,00:00-24:00,1,6,12,6,13.174752628922807,Кутузовский (Не использовать),kfm
335,2026-07-22,low,auto,demand_layer,12:00,24:00,12,00:00-24:00,1,12,12,0,1.8604815137564459,Кутузовский (Не использовать),kfm
335,2026-07-22,low,bike,demand_layer,00:00,06:00,6,00:00-24:00,1,6,6,0,9.90607898069812,Кутузовский (Не использовать),kfm
335,2026-07-22,low,bike,demand_layer,00:00,12:00,12,00:00-24:00,1,12,12,0,11.34169815580804,Кутузовский (Не использовать),kfm
34,2026-07-22,medium,auto,demand_layer,00:00,07:00,7,22:00-07:00,1,7,7,0,4.815124721569845,Аркус,kfm
34,2026-07-22,medium,bike,demand_layer,22:00,24:00,2,22:00-07:00,1,2,2,0,0.19400056770678545,Аркус,kfm
348,2026-07-22,medium,auto,demand_layer,08:00,15:00,7,08:00-21:00,1,7,7,0,8.394359522171651,Рига Холл,kfm
348,2026-07-22,medium,auto,demand_layer,08:00,18:00,10,08:00-21:00,1,6,10,4,12.572981335336014,Рига Холл,kfm
348,2026-07-22,medium,auto,demand_layer,15:00,21:00,6,08:00-21:00,1,6,6,0,6.361234280525926,Рига Холл,kfm
35,2026-07-22,high,auto,demand_layer,08:00,15:00,7,08:00-23:00,1,5,7,2,16.110133407390453,Ленинский,kfm
35,2026-07-22,high,auto,demand_layer,08:00,16:00,8,08:00-23:00,1,6,8,2,22.058195564913404,Ленинский,kfm
35,2026-07-22,high,auto,demand_layer,08:00,18:00,10,08:00-23:00,1,6,10,4,26.71248640067177,Ленинский,kfm
35,2026-07-22,high,auto,demand_layer,15:00,21:00,6,08:00-23:00,1,6,6,0,16.82179322903654,Ленинский,kfm
35,2026-07-22,high,auto,demand_layer,16:00,23:00,7,08:00-23:00,1,7,7,0,13.7671904154432,Ленинский,kfm
35,2026-07-22,high,bike,demand_layer,08:00,16:00,8,08:00-23:00,1,6,8,2,15.627948254200643,Ленинский,kfm
35,2026-07-22,high,bike,demand_layer,08:00,18:00,10,08:00-23:00,1,8,10,2,19.45480960804641,Ленинский,kfm
35,2026-07-22,high,bike,demand_layer,16:00,23:00,7,08:00-23:00,1,7,7,0,8.14403486376671,Ленинский,kfm
36,2026-07-22,medium,auto,demand_layer,08:00,16:00,8,08:00-23:00,1,8,8,0,1.5129828637431306,Friends Forever Botanica,non_kfm
36,2026-07-22,medium,auto,demand_layer,16:00,23:00,7,08:00-23:00,1,7,7,0,0.7939846040758531,Friends Forever Botanica,non_kfm
37,2026-07-22,medium,bike,demand_layer,08:00,16:00,8,07:30-24:00,1,8,8,0,11.465999056408588,БТ Усачева,kfm
37,2026-07-22,medium,bike,demand_layer,16:00,24:00,8,07:30-24:00,1,8,8,0,4.038570817241063,БТ Усачева,kfm
38,2026-07-22,medium,bike,demand_layer,08:00,16:00,8,08:00-23:00,1,8,8,0,1.09639526604498,Нева,kfm
38,2026-07-22,medium,bike,demand_layer,16:00,23:00,7,08:00-23:00,1,7,7,0,5.056501113204871,Нева,kfm
39,2026-07-22,mega,auto,demand_layer,08:00,15:00,7,08:00-23:00,1,5,7,2,19.234632837888196,Гребной,kfm
39,2026-07-22,mega,auto,demand_layer,08:00,16:00,8,08:00-23:00,1,6,8,2,25.975972917052548,Гребной,kfm
39,2026-07-22,mega,auto,demand_layer,08:00,18:00,10,08:00-23:00,1,8,10,2,31.17981538924432,Гребной,kfm
39,2026-07-22,mega,auto,demand_layer,15:00,21:00,6,08:00-23:00,1,6,6,0,19.15713652156662,Гребной,kfm
39,2026-07-22,mega,auto,demand_layer,16:00,23:00,7,08:00-23:00,1,7,7,0,14.757390893752262,Гребной,kfm
39,2026-07-22,mega,bike,demand_layer,08:00,15:00,7,08:00-23:00,1,5,7,2,11.675040706274205,Гребной,kfm
39,2026-07-22,mega,bike,demand_layer,08:00,16:00,8,08:00-23:00,1,6,8,2,15.820637502925866,Гребной,kfm
39,2026-07-22,mega,bike,demand_layer,15:00,21:00,6,08:00-23:00,1,6,6,0,12.03919170816133,Гребной,kfm
39,2026-07-22,mega,bike,demand_layer,16:00,23:00,7,08:00-23:00,1,7,7,0,8.972947027368818,Гребной,kfm
4,2026-07-22,high,auto,demand_layer,08:00,16:00,8,08:00-24:00,1,6,8,2,8.058074650420046,Аврора,kfm
4,2026-07-22,high,auto,demand_layer,16:00,24:00,8,08:00-24:00,2,14,16,2,6.826438198048308,Аврора,kfm
4,2026-07-22,high,bike,demand_layer,08:00,15:00,7,08:00-24:00,1,5,7,2,23.10989802526637,Аврора,kfm
4,2026-07-22,high,bike,demand_layer,08:00,16:00,8,08:00-24:00,2,12,16,4,30.955622126748775,Аврора,kfm
4,2026-07-22,high,bike,demand_layer,08:00,18:00,10,08:00-24:00,1,8,10,2,36.8484856872304,Аврора,kfm
4,2026-07-22,high,bike,demand_layer,15:00,21:00,6,08:00-24:00,1,6,6,0,20.89831662241643,Аврора,kfm
4,2026-07-22,high,bike,demand_layer,16:00,24:00,8,08:00-24:00,1,8,8,0,15.626964567706487,Аврора,kfm
40,2026-07-22,medium,bike,demand_layer,09:00,19:00,10,09:00-19:00,1,9,10,1,2.3655822795235624,БТ Аркус,kfm
434,2026-07-22,medium,auto,demand_layer,08:00,15:00,7,08:00-22:00,2,14,14,0,13.20713344041085,Сколково,kfm
434,2026-07-22,medium,auto,demand_layer,08:00,18:00,10,08:00-22:00,1,6,10,4,21.85992197693432,Сколково,kfm
434,2026-07-22,medium,auto,demand_layer,15:00,22:00,7,08:00-22:00,2,14,14,0,14.742180502592326,Сколково,kfm
46,2026-07-22,medium,bike,demand_layer,10:00,18:00,8,10:00-22:00,1,8,8,0,1.6590947454644054,БТ Павелецкая Плаза,kfm
47,2026-07-22,medium,bike,demand_layer,08:00,15:00,7,08:00-21:00,1,7,7,0,5.594168724088985,БТ Царская Площадь,kfm
47,2026-07-22,medium,bike,demand_layer,15:00,21:00,6,08:00-21:00,1,6,6,0,3.3117211434618747,БТ Царская Площадь,kfm
479,2026-07-22,medium,auto,demand_layer,00:00,06:00,6,00:00-24:00,1,6,6,0,2.447647191766807,Покровка,kfm
479,2026-07-22,medium,bike,demand_layer,00:00,12:00,12,00:00-24:00,1,6,12,6,4.023969336357831,Покровка,kfm
479,2026-07-22,medium,bike,demand_layer,12:00,24:00,12,00:00-24:00,1,12,12,0,2.6083923620237415,Покровка,kfm
5,2026-07-22,medium,auto,demand_layer,00:00,06:00,6,00:00-24:00,1,6,6,0,2.419723321026768,Покровка (не использовать),kfm
5,2026-07-22,medium,bike,demand_layer,00:00,12:00,12,00:00-24:00,1,6,12,6,3.4021684246649153,Покровка (не использовать),kfm
5,2026-07-22,medium,bike,demand_layer,12:00,24:00,12,00:00-24:00,1,12,12,0,1.5183159890592948,Покровка (не использовать),kfm
51,2026-07-22,medium,bike,demand_layer,08:00,15:00,7,08:00-22:00,1,7,7,0,2.0023320404910434,БТ Новинский,kfm
51,2026-07-22,medium,bike,demand_layer,15:00,22:00,7,08:00-22:00,1,7,7,0,1.6797583693485338,БТ Новинский,kfm
516,2026-07-22,low,auto,demand_layer,09:00,18:00,9,09:00-22:00,1,9,9,0,0.9413584611302483,La Raquette by Pinskiy&Co,non_kfm
558,2026-07-22,low,auto,demand_layer,12:00,23:00,11,12:00-23:30,1,5,11,6,0.6566620024705578,ЮГ 22,non_kfm
560,2026-07-22,low,auto,demand_layer,10:00,22:00,12,10:00-22:00,1,4,12,8,0.7208819697522669,Пафос,non_kfm
597,2026-07-22,low,auto,demand_layer,16:00,22:00,6,09:00-22:30,1,4,6,2,0.43570321934908013,Rockets Тверской,non_kfm
6,2026-07-22,mega,auto,demand_layer,00:00,12:00,12,00:00-24:00,1,9,12,3,9.939251473893622,Неглинная,kfm
6,2026-07-22,mega,auto,demand_layer,12:00,24:00,12,00:00-24:00,1,12,12,0,18.00270991280985,Неглинная,kfm
6,2026-07-22,mega,bike,demand_layer,00:00,11:00,11,00:00-24:00,2,6,22,16,13.414119389554786,Неглинная,kfm
6,2026-07-22,mega,bike,demand_layer,00:00,12:00,12,00:00-24:00,1,5,12,7,13.414119389554786,Неглинная,kfm
6,2026-07-22,mega,bike,demand_layer,11:00,21:00,10,00:00-24:00,2,18,20,2,28.40424111262705,Неглинная,kfm
6,2026-07-22,mega,bike,demand_layer,12:00,24:00,12,00:00-24:00,1,12,12,0,31.039629747904268,Неглинная,kfm
69,2026-07-22,mega,auto,demand_layer,08:00,15:00,7,08:00-23:00,1,5,7,2,20.07418557760938,Опен Мичуринский,kfm
69,2026-07-22,mega,auto,demand_layer,08:00,16:00,8,08:00-23:00,1,6,8,2,27.111610408741917,Опен Мичуринский,kfm
69,2026-07-22,mega,auto,demand_layer,08:00,18:00,10,08:00-23:00,1,8,10,2,33.071454819544186,Опен Мичуринский,kfm
69,2026-07-22,mega,auto,demand_layer,15:00,21:00,6,08:00-23:00,1,6,6,0,20.839202171507704,Опен Мичуринский,kfm
69,2026-07-22,mega,auto,demand_layer,16:00,23:00,7,08:00-23:00,1,7,7,0,17.09503636071168,Опен Мичуринский,kfm
69,2026-07-22,mega,bike,demand_layer,08:00,15:00,7,08:00-23:00,2,10,14,4,26.837354365912798,Опен Мичуринский,kfm
69,2026-07-22,mega,bike,demand_layer,08:00,16:00,8,08:00-23:00,1,6,8,2,36.70241456149574,Опен Мичуринский,kfm
69,2026-07-22,mega,bike,demand_layer,08:00,18:00,10,08:00-23:00,1,8,10,2,45.33810748327046,Опен Мичуринский,kfm
69,2026-07-22,mega,bike,demand_layer,15:00,21:00,6,08:00-23:00,2,12,12,0,32.550882949509116,Опен Мичуринский,kfm
69,2026-07-22,mega,bike,demand_layer,16:00,23:00,7,08:00-23:00,1,7,7,0,25.979081774262674,Опен Мичуринский,kfm
7,2026-07-22,mega,auto,demand_layer,00:00,09:00,9,00:00-24:00,2,2,18,16,15.613482943617871,Белая Площадь,kfm
7,2026-07-22,mega,auto,demand_layer,00:00,12:00,12,00:00-24:00,1,9,12,3,19.572963817248958,Белая Площадь,kfm
7,2026-07-22,mega,auto,demand_layer,09:00,18:00,9,00:00-24:00,2,14,18,4,12.737561257517102,Белая Площадь,kfm
7,2026-07-22,mega,auto,demand_layer,12:00,24:00,12,00:00-24:00,1,12,12,0,14.660212819425205,Белая Площадь,kfm
7,2026-07-22,mega,bike,demand_layer,00:00,11:00,11,00:00-24:00,1,5,11,6,11.687226683403477,Белая Площадь,kfm
7,2026-07-22,mega,bike,demand_layer,00:00,12:00,12,00:00-24:00,1,5,12,7,11.687226683403477,Белая Площадь,kfm
7,2026-07-22,mega,bike,demand_layer,09:00,18:00,9,00:00-24:00,1,6,9,3,27.726405399094862,Белая Площадь,kfm
7,2026-07-22,mega,bike,demand_layer,11:00,21:00,10,00:00-24:00,1,9,10,1,29.233966968216933,Белая Площадь,kfm
7,2026-07-22,mega,bike,demand_layer,12:00,24:00,12,00:00-24:00,1,12,12,0,32.70381258582062,Белая Площадь,kfm
8,2026-07-22,mega,auto,demand_layer,08:00,11:00,3,07:30-24:00,1,2,3,1,3.866236970829134,Усачева,kfm
8,2026-07-22,mega,auto,demand_layer,08:00,16:00,8,07:30-24:00,1,6,8,2,5.0698440855436715,Усачева,kfm
8,2026-07-22,mega,auto,demand_layer,16:00,24:00,8,07:30-24:00,1,8,8,0,4.971286295531835,Усачева,kfm
8,2026-07-22,mega,bike,demand_layer,08:00,15:00,7,07:30-24:00,1,5,7,2,28.21577336508526,Усачева,kfm
8,2026-07-22,mega,bike,demand_layer,08:00,16:00,8,07:30-24:00,3,16,24,8,37.37920228005793,Усачева,kfm
8,2026-07-22,mega,bike,demand_layer,15:00,21:00,6,07:30-24:00,1,6,6,0,28.86330299483332,Усачева,kfm
8,2026-07-22,mega,bike,demand_layer,16:00,24:00,8,07:30-24:00,2,16,16,0,24.030053369011945,Усачева,kfm
9,2026-07-22,high,auto,demand_layer,08:00,16:00,8,08:00-23:00,1,6,8,2,8.324247858605567,КИНКИ,kfm
9,2026-07-22,high,auto,demand_layer,16:00,23:00,7,08:00-23:00,1,7,7,0,11.154890907456604,КИНКИ,kfm
9,2026-07-22,high,bike,demand_layer,08:00,16:00,8,08:00-23:00,1,6,8,2,4.860452236054835,КИНКИ,kfm
9,2026-07-22,high,bike,demand_layer,16:00,23:00,7,08:00-23:00,1,7,7,0,4.922919628040905,КИНКИ,kfm
99,2026-07-22,mega,bike,demand_layer,07:00,11:00,4,07:00-23:00,1,2,4,2,14.15879459381827,Опен Аркус,kfm
99,2026-07-22,mega,bike,demand_layer,07:00,14:00,7,07:00-23:00,2,8,14,6,30.163778004742955,Опен Аркус,kfm
99,2026-07-22,mega,bike,demand_layer,07:00,15:00,8,07:00-23:00,2,10,16,6,38.1662697102053,Опен Аркус,kfm
99,2026-07-22,mega,bike,demand_layer,07:00,18:00,11,07:00-23:00,1,8,11,3,63.01105485690375,Опен Аркус,kfm
99,2026-07-22,mega,bike,demand_layer,14:00,21:00,7,07:00-23:00,2,14,14,0,50.00993763308986,Опен Аркус,kfm
99,2026-07-22,mega,bike,demand_layer,15:00,23:00,8,07:00-23:00,2,16,16,0,47.35107631378115,Опен Аркус,kfm
grp_102_125,2026-07-22,medium,auto,demand_layer,00:00,12:00,12,00:00-23:59,1,12,12,0,1.3550937780259957,Мясо&Рыба Тверская + Meraki,non_kfm
grp_102_125,2026-07-22,medium,auto,demand_layer,12:00,23:00,11,00:00-23:59,1,11,11,0,7.975809902774532,Мясо&Рыба Тверская + Meraki,non_kfm
grp_19_54,2026-07-22,medium,auto,demand_layer,08:00,18:00,10,08:00-24:00,3,18,30,12,12.835558313007873,Conversation Никитская + Maroon,non_kfm
grp_19_54,2026-07-22,medium,bike,demand_layer,08:00,16:00,8,08:00-24:00,1,4,8,4,0.5784820337159243,Conversation Никитская + Maroon,non_kfm
grp_19_54,2026-07-22,medium,bike,demand_layer,16:00,24:00,8,08:00-24:00,1,6,8,2,1.8154642937912273,Conversation Никитская + Maroon,non_kfm
grp_302_443,2026-07-22,medium,auto,demand_layer,10:00,22:00,12,10:00-22:00,1,10,12,2,1.3588996284001613,Ribambelle Шелепиха + Пинский доставка,non_kfm
grp_71_94,2026-07-22,medium,bike,demand_layer,12:00,23:00,11,12:00-23:59,1,11,11,0,1.1298115539362308,КО Medusa + КО Высота 5642,non_kfm
1,2026-07-23,medium,bike,demand_layer,08:00,16:00,8,08:00-23:00,1,8,8,0,12.690954035362727,Wall Street,kfm
1,2026-07-23,medium,bike,demand_layer,16:00,23:00,7,08:00-23:00,1,7,7,0,8.913833356341687,Wall Street,kfm
10,2026-07-23,medium,bike,demand_layer,08:00,16:00,8,08:00-23:30,1,8,8,0,21.93529565513586,Якиманка,kfm
10,2026-07-23,medium,bike,demand_layer,16:00,23:00,7,08:00-23:30,1,7,7,0,12.728467441248444,Якиманка,kfm
100,2026-07-23,medium,auto,demand_layer,10:00,18:00,8,10:00-22:00,1,6,8,2,0.6620659926468442,Колбасный Цех / Магадан,non_kfm
101,2026-07-23,high,auto,demand_layer,08:00,15:00,7,08:00-22:00,2,10,14,4,8.068572506699498,Алия,kfm
101,2026-07-23,high,auto,demand_layer,15:00,22:00,7,08:00-22:00,2,12,14,2,11.829368191299604,Алия,kfm
101,2026-07-23,high,bike,demand_layer,08:00,15:00,7,08:00-22:00,1,5,7,2,4.838558465492318,Алия,kfm
101,2026-07-23,high,bike,demand_layer,15:00,22:00,7,08:00-22:00,1,7,7,0,5.814500950399425,Алия,kfm
11,2026-07-23,medium,auto,demand_layer,00:00,07:00,7,22:00-07:00,5,32,35,3,17.844111652022946,Кутузовский,kfm
11,2026-07-23,medium,auto,demand_layer,22:00,24:00,2,22:00-07:00,1,2,2,0,1.9203676334723199,Кутузовский,kfm
114,2026-07-23,low,auto,demand_layer,10:00,17:00,7,10:00-23:59,1,2,7,5,0.3846746761130366,Bluefin Скаковая,non_kfm
114,2026-07-23,low,auto,demand_layer,17:00,23:00,6,10:00-23:59,1,5,6,1,0.5599513534640431,Bluefin Скаковая,non_kfm
115,2026-07-23,high,auto,demand_layer,07:00,14:00,7,07:00-23:00,3,10,21,11,10.15484635592763,Опен Символ,kfm
115,2026-07-23,high,auto,demand_layer,14:00,21:00,7,07:00-23:00,3,21,21,0,16.964641084434586,Опен Символ,kfm
115,2026-07-23,high,bike,demand_layer,07:00,15:00,8,07:00-23:00,1,5,8,3,9.675495497817703,Опен Символ,kfm
115,2026-07-23,high,bike,demand_layer,07:00,16:00,9,07:00-23:00,1,6,9,3,12.689799832396702,Опен Символ,kfm
115,2026-07-23,high,bike,demand_layer,15:00,23:00,8,07:00-23:00,1,8,8,0,8.21959863700014,Опен Символ,kfm
119,2026-07-23,medium,auto,demand_layer,11:00,23:00,12,11:00-23:00,1,11,12,1,2.3344672012818126,Bluefin Успенское,non_kfm
12,2026-07-23,high,auto,demand_layer,08:00,15:00,7,08:00-22:00,2,10,14,4,10.29755040503556,Хорошо,kfm
12,2026-07-23,high,auto,demand_layer,15:00,22:00,7,08:00-22:00,2,11,14,3,14.986632508733756,Хорошо,kfm
12,2026-07-23,high,bike,demand_layer,08:00,15:00,7,08:00-22:00,1,5,7,2,11.323297447757207,Хорошо,kfm
12,2026-07-23,high,bike,demand_layer,08:00,18:00,10,08:00-22:00,1,8,10,2,18.636879431332574,Хорошо,kfm
12,2026-07-23,high,bike,demand_layer,15:00,22:00,7,08:00-22:00,1,6,7,1,9.225201234470777,Хорошо,kfm
123,2026-07-23,high,bike,demand_layer,08:00,16:00,8,08:00-23:00,3,16,24,8,37.0317674924164,Опен Нева,kfm
123,2026-07-23,high,bike,demand_layer,08:00,18:00,10,08:00-23:00,1,8,10,2,42.96338931558483,Опен Нева,kfm
123,2026-07-23,high,bike,demand_layer,16:00,23:00,7,08:00-23:00,1,7,7,0,9.621357191821348,Опен Нева,kfm
126,2026-07-23,high,auto,demand_layer,07:00,14:00,7,07:00-23:00,1,4,7,3,6.044792602337686,Опен Покровка,kfm
126,2026-07-23,high,auto,demand_layer,07:00,16:00,9,07:00-23:00,1,4,9,5,9.572615910617104,Опен Покровка,kfm
126,2026-07-23,high,auto,demand_layer,14:00,21:00,7,07:00-23:00,1,5,7,2,6.501523117885171,Опен Покровка,kfm
126,2026-07-23,high,bike,demand_layer,07:00,14:00,7,07:00-23:00,1,4,7,3,15.169153310789024,Опен Покровка,kfm
126,2026-07-23,high,bike,demand_layer,07:00,15:00,8,07:00-23:00,1,5,8,3,19.39448085975758,Опен Покровка,kfm
126,2026-07-23,high,bike,demand_layer,07:00,18:00,11,07:00-23:00,1,8,11,3,33.726628822804145,Опен Покровка,kfm
126,2026-07-23,high,bike,demand_layer,14:00,21:00,7,07:00-23:00,1,7,7,0,23.844239807517553,Опен Покровка,kfm
126,2026-07-23,high,bike,demand_layer,15:00,23:00,8,07:00-23:00,1,8,8,0,20.317136270846742,Опен Покровка,kfm
127,2026-07-23,medium,bike,demand_layer,07:00,15:00,8,07:00-23:00,1,8,8,0,7.328815566962294,БТ Покровка,kfm
127,2026-07-23,medium,bike,demand_layer,15:00,23:00,8,07:00-23:00,1,8,8,0,3.250459798303006,БТ Покровка,kfm
128,2026-07-23,high,bike,demand_layer,08:00,16:00,8,08:00-24:00,2,12,16,4,31.443826213180827,Кофемания Лаки,kfm
128,2026-07-23,high,bike,demand_layer,16:00,24:00,8,08:00-24:00,2,16,16,0,22.620966369815896,Кофемания Лаки,kfm
137,2026-07-23,medium,bike,demand_layer,08:00,16:00,8,08:00-23:00,1,8,8,0,2.7173706952456778,БТ Мясницкая,kfm
137,2026-07-23,medium,bike,demand_layer,16:00,23:00,7,08:00-23:00,1,7,7,0,1.608985515691695,БТ Мясницкая,kfm
138,2026-07-23,medium,bike,demand_layer,08:00,16:00,8,08:00-23:00,1,8,8,0,3.0583357646504794,БТ Таганка,kfm
138,2026-07-23,medium,bike,demand_layer,16:00,23:00,7,08:00-23:00,1,7,7,0,1.4953176939281227,БТ Таганка,kfm
14,2026-07-23,high,auto,demand_layer,09:00,16:00,7,09:00-23:00,2,10,14,4,21.77420991687307,Метрополис,kfm
14,2026-07-23,high,auto,demand_layer,09:00,21:00,12,09:00-23:00,3,33,36,3,33.02991749711995,Метрополис,kfm
14,2026-07-23,high,auto,demand_layer,16:00,23:00,7,09:00-23:00,1,7,7,0,12.880321118917811,Метрополис,kfm
142,2026-07-23,medium,bike,demand_layer,08:00,16:00,8,08:00-23:59,1,8,8,0,14.8323382377286,RED7,kfm
142,2026-07-23,medium,bike,demand_layer,16:00,23:00,7,08:00-23:59,1,7,7,0,8.477668777683757,RED7,kfm
15,2026-07-23,medium,auto,demand_layer,00:00,06:00,6,00:00-24:00,1,6,6,0,4.281212829409029,Комсомолка,kfm
15,2026-07-23,medium,bike,demand_layer,00:00,12:00,12,00:00-24:00,1,6,12,6,4.503658367895689,Комсомолка,kfm
15,2026-07-23,medium,bike,demand_layer,12:00,24:00,12,00:00-24:00,1,12,12,0,3.7766641703972823,Комсомолка,kfm
16,2026-07-23,medium,bike,demand_layer,08:00,16:00,8,08:00-23:00,1,8,8,0,11.392207307845936,Мосфильм,kfm
16,2026-07-23,medium,bike,demand_layer,16:00,23:00,7,08:00-23:00,1,7,7,0,6.516448007556038,Мосфильм,kfm
17,2026-07-23,high,auto,demand_layer,08:00,15:00,7,08:00-22:00,4,18,28,10,12.726838235985458,Внуково,kfm
17,2026-07-23,high,auto,demand_layer,15:00,22:00,7,08:00-22:00,4,25,28,3,17.484248774503335,Внуково,kfm
18,2026-07-23,medium,auto,demand_layer,08:00,15:00,7,08:00-22:00,2,14,14,0,14.60270880617658,Новая Рига,kfm
18,2026-07-23,medium,auto,demand_layer,15:00,22:00,7,08:00-22:00,2,14,14,0,11.322265676541631,Новая Рига,kfm
2,2026-07-23,high,bike,demand_layer,00:00,12:00,12,00:00-24:00,2,10,24,14,16.820957232266842,Кудринская,kfm
2,2026-07-23,high,bike,demand_layer,09:00,18:00,9,00:00-24:00,1,8,9,1,37.474076296328164,Кудринская,kfm
2,2026-07-23,high,bike,demand_layer,12:00,24:00,12,00:00-24:00,2,24,24,0,41.488633834563494,Кудринская,kfm
20,2026-07-23,medium,auto,demand_layer,08:00,15:00,7,08:00-22:00,1,7,7,0,10.940631169691162,Павлово,kfm
20,2026-07-23,medium,auto,demand_layer,08:00,18:00,10,08:00-22:00,1,10,10,0,16.421743435526377,Павлово,kfm
20,2026-07-23,medium,auto,demand_layer,15:00,22:00,7,08:00-22:00,1,7,7,0,9.82874670496649,Павлово,kfm
21,2026-07-23,high,auto,demand_layer,08:00,15:00,7,08:00-23:00,2,10,14,4,21.2120052553499,Горки-2,kfm
21,2026-07-23,high,auto,demand_layer,08:00,16:00,8,08:00-23:00,3,18,24,6,28.811587916434604,Горки-2,kfm
21,2026-07-23,high,auto,demand_layer,15:00,21:00,6,08:00-23:00,2,12,12,0,23.87809937981697,Горки-2,kfm
21,2026-07-23,high,auto,demand_layer,16:00,23:00,7,08:00-23:00,2,14,14,0,20.604631851866557,Горки-2,kfm
22,2026-07-23,medium,auto,demand_layer,12:00,23:00,11,12:00-23:30,1,5,11,6,0.7360896095682857,Жажда Крови,kfm
222,2026-07-23,low,auto,demand_layer,06:00,12:00,6,06:00-23:59,1,6,6,0,0.6544006388413006,Ирис Химки,non_kfm
25,2026-07-23,high,bike,demand_layer,08:00,15:00,7,08:00-24:00,1,5,7,2,17.152512339731302,Весна,kfm
25,2026-07-23,high,bike,demand_layer,08:00,16:00,8,08:00-24:00,1,6,8,2,22.770341193364587,Весна,kfm
25,2026-07-23,high,bike,demand_layer,15:00,21:00,6,08:00-24:00,1,6,6,0,15.268548448832675,Весна,kfm
25,2026-07-23,high,bike,demand_layer,16:00,24:00,8,08:00-24:00,1,8,8,0,12.561512010815255,Весна,kfm
26,2026-07-23,medium,bike,demand_layer,08:00,16:00,8,08:00-23:00,1,8,8,0,17.44274045947468,Тверская,kfm
26,2026-07-23,medium,bike,demand_layer,16:00,23:00,7,08:00-23:00,1,7,7,0,11.706215683416193,Тверская,kfm
27,2026-07-23,medium,bike,demand_layer,08:00,16:00,8,08:00-23:30,1,8,8,0,0.9903075001006607,4 Ветра,kfm
27,2026-07-23,medium,bike,demand_layer,16:00,23:00,7,08:00-23:30,1,7,7,0,1.0684409531406402,4 Ветра,kfm
28,2026-07-23,medium,bike,demand_layer,08:00,16:00,8,08:00-23:00,1,8,8,0,1.0829334005196662,Гранд,kfm
28,2026-07-23,medium,bike,demand_layer,16:00,23:00,7,08:00-23:00,1,7,7,0,0.8428995810843783,Гранд,kfm
29,2026-07-23,mega,auto,demand_layer,07:00,15:00,8,07:00-22:00,5,25,40,15,32.514035634473856,Украинский,kfm
29,2026-07-23,mega,auto,demand_layer,07:00,16:00,9,07:00-22:00,2,12,18,6,42.47723188506154,Украинский,kfm
29,2026-07-23,mega,auto,demand_layer,07:00,18:00,11,07:00-22:00,1,8,11,3,49.47169540944846,Украинский,kfm
29,2026-07-23,mega,auto,demand_layer,15:00,22:00,7,07:00-22:00,5,31,35,4,29.1214301068365,Украинский,kfm
29,2026-07-23,mega,bike,demand_layer,07:00,15:00,8,07:00-22:00,1,5,8,3,9.485297274214455,Украинский,kfm
29,2026-07-23,mega,bike,demand_layer,07:00,18:00,11,07:00-22:00,1,6,11,5,16.274721896313352,Украинский,kfm
29,2026-07-23,mega,bike,demand_layer,15:00,22:00,7,07:00-22:00,1,6,7,1,10.44504179465655,Украинский,kfm
30,2026-07-23,mega,auto,demand_layer,08:00,16:00,8,08:00-24:00,2,14,16,2,16.923304843287127,Черёмушки,kfm
30,2026-07-23,mega,auto,demand_layer,08:00,18:00,10,08:00-24:00,1,6,10,4,20.053918834211835,Черёмушки,kfm
30,2026-07-23,mega,auto,demand_layer,16:00,24:00,8,08:00-24:00,2,16,16,0,13.834517004921057,Черёмушки,kfm
30,2026-07-23,mega,bike,demand_layer,08:00,15:00,7,08:00-24:00,2,10,14,4,15.504851469334524,Черёмушки,kfm
30,2026-07-23,mega,bike,demand_layer,15:00,21:00,6,08:00-24:00,2,12,12,0,14.807801410822755,Черёмушки,kfm
301,2026-07-23,medium,auto,demand_layer,12:00,23:00,11,12:00-23:00,1,5,11,6,0.9866768724459057,Биродром и Панчетта Дежнева,non_kfm
33,2026-07-23,high,auto,demand_layer,08:00,16:00,8,08:00-23:00,2,10,16,6,10.762476815241316,Даниловский,kfm
33,2026-07-23,high,auto,demand_layer,16:00,23:00,7,08:00-23:00,1,7,7,0,7.766435561273538,Даниловский,kfm
33,2026-07-23,high,bike,demand_layer,08:00,15:00,7,08:00-23:00,2,10,14,4,15.872806997726812,Даниловский,kfm
33,2026-07-23,high,bike,demand_layer,15:00,21:00,6,08:00-23:00,2,12,12,0,14.059142772493672,Даниловский,kfm
335,2026-07-23,low,auto,demand_layer,00:00,12:00,12,00:00-24:00,1,6,12,6,13.174752628922807,Кутузовский (Не использовать),kfm
335,2026-07-23,low,auto,demand_layer,12:00,24:00,12,00:00-24:00,1,12,12,0,1.8604815137564459,Кутузовский (Не использовать),kfm
335,2026-07-23,low,bike,demand_layer,00:00,06:00,6,00:00-24:00,1,6,6,0,9.90607898069812,Кутузовский (Не использовать),kfm
335,2026-07-23,low,bike,demand_layer,00:00,12:00,12,00:00-24:00,1,12,12,0,11.34169815580804,Кутузовский (Не использовать),kfm
34,2026-07-23,medium,auto,demand_layer,00:00,07:00,7,22:00-07:00,1,6,7,1,5.472344010021962,Аркус,kfm
34,2026-07-23,medium,bike,demand_layer,00:00,07:00,7,22:00-07:00,1,1,7,6,0.19805868513910008,Аркус,kfm
34,2026-07-23,medium,bike,demand_layer,22:00,24:00,2,22:00-07:00,1,2,2,0,0.19400056770678545,Аркус,kfm
348,2026-07-23,medium,auto,demand_layer,08:00,15:00,7,08:00-21:00,1,7,7,0,6.727173753961613,Рига Холл,kfm
348,2026-07-23,medium,auto,demand_layer,15:00,21:00,6,08:00-21:00,1,6,6,0,5.183673629980564,Рига Холл,kfm
35,2026-07-23,high,auto,demand_layer,08:00,15:00,7,08:00-23:00,1,5,7,2,15.255581553388616,Ленинский,kfm
35,2026-07-23,high,auto,demand_layer,08:00,16:00,8,08:00-23:00,2,10,16,6,20.957323595290642,Ленинский,kfm
35,2026-07-23,high,auto,demand_layer,15:00,21:00,6,08:00-23:00,1,6,6,0,17.113135804129666,Ленинский,kfm
35,2026-07-23,high,auto,demand_layer,16:00,23:00,7,08:00-23:00,1,7,7,0,14.187689239107538,Ленинский,kfm
35,2026-07-23,high,bike,demand_layer,08:00,15:00,7,08:00-23:00,1,5,7,2,10.792284294959291,Ленинский,kfm
35,2026-07-23,high,bike,demand_layer,08:00,16:00,8,08:00-23:00,1,6,8,2,14.741612838969438,Ленинский,kfm
35,2026-07-23,high,bike,demand_layer,15:00,21:00,6,08:00-23:00,1,6,6,0,11.916773044338335,Ленинский,kfm
35,2026-07-23,high,bike,demand_layer,16:00,23:00,7,08:00-23:00,1,7,7,0,8.39824897087852,Ленинский,kfm
36,2026-07-23,medium,auto,demand_layer,08:00,16:00,8,08:00-23:00,1,8,8,0,1.5985131788691174,Friends Forever Botanica,non_kfm
36,2026-07-23,medium,auto,demand_layer,16:00,23:00,7,08:00-23:00,1,7,7,0,0.8367497616388465,Friends Forever Botanica,non_kfm
37,2026-07-23,medium,bike,demand_layer,08:00,16:00,8,07:30-24:00,1,8,8,0,11.303830472049947,БТ Усачева,kfm
37,2026-07-23,medium,bike,demand_layer,16:00,24:00,8,07:30-24:00,1,8,8,0,5.27991804120682,БТ Усачева,kfm
38,2026-07-23,medium,bike,demand_layer,08:00,16:00,8,08:00-23:00,1,8,8,0,1.09639526604498,Нева,kfm
38,2026-07-23,medium,bike,demand_layer,16:00,23:00,7,08:00-23:00,1,7,7,0,7.217841706622518,Нева,kfm
39,2026-07-23,mega,auto,demand_layer,08:00,15:00,7,08:00-23:00,1,5,7,2,19.30049666270747,Гребной,kfm
39,2026-07-23,mega,auto,demand_layer,08:00,16:00,8,08:00-23:00,1,6,8,2,26.158282065933882,Гребной,kfm
39,2026-07-23,mega,auto,demand_layer,08:00,18:00,10,08:00-23:00,1,8,10,2,31.55180453501471,Гребной,kfm
39,2026-07-23,mega,auto,demand_layer,15:00,21:00,6,08:00-23:00,1,6,6,0,20.15811697372386,Гребной,kfm
39,2026-07-23,mega,auto,demand_layer,16:00,23:00,7,08:00-23:00,1,7,7,0,15.568450365712202,Гребной,kfm
39,2026-07-23,mega,bike,demand_layer,08:00,15:00,7,08:00-23:00,1,5,7,2,11.714845090052716,Гребной,kfm
39,2026-07-23,mega,bike,demand_layer,08:00,16:00,8,08:00-23:00,1,6,8,2,15.933437465755869,Гребной,kfm
39,2026-07-23,mega,bike,demand_layer,15:00,21:00,6,08:00-23:00,1,6,6,0,12.675715995520969,Гребной,kfm
39,2026-07-23,mega,bike,demand_layer,16:00,23:00,7,08:00-23:00,1,7,7,0,9.50260731543537,Гребной,kfm
4,2026-07-23,high,auto,demand_layer,08:00,16:00,8,08:00-24:00,1,6,8,2,7.668750255397926,Аврора,kfm
4,2026-07-23,high,auto,demand_layer,16:00,24:00,8,08:00-24:00,1,8,8,0,7.486058124235199,Аврора,kfm
4,2026-07-23,high,bike,demand_layer,08:00,15:00,7,08:00-24:00,1,5,7,2,21.844320441834704,Аврора,kfm
4,2026-07-23,high,bike,demand_layer,08:00,16:00,8,08:00-24:00,2,10,16,6,29.495668290193457,Аврора,kfm
4,2026-07-23,high,bike,demand_layer,08:00,18:00,10,08:00-24:00,1,8,10,2,35.274938746954895,Аврора,kfm
4,2026-07-23,high,bike,demand_layer,15:00,21:00,6,08:00-24:00,1,6,6,0,21.76824115512033,Аврора,kfm
4,2026-07-23,high,bike,demand_layer,16:00,24:00,8,08:00-24:00,1,8,8,0,16.9168075543395,Аврора,kfm
40,2026-07-23,medium,bike,demand_layer,09:00,19:00,10,09:00-19:00,1,9,10,1,2.3655822795235624,БТ Аркус,kfm
434,2026-07-23,medium,auto,demand_layer,08:00,15:00,7,08:00-22:00,2,14,14,0,14.793900026669762,Сколково,kfm
434,2026-07-23,medium,auto,demand_layer,08:00,18:00,10,08:00-22:00,1,6,10,4,24.553925741801397,Сколково,kfm
434,2026-07-23,medium,auto,demand_layer,15:00,22:00,7,08:00-22:00,2,14,14,0,15.849417681200492,Сколково,kfm
46,2026-07-23,medium,bike,demand_layer,10:00,18:00,8,10:00-22:00,1,8,8,0,1.6590947454644054,БТ Павелецкая Плаза,kfm
47,2026-07-23,medium,bike,demand_layer,08:00,15:00,7,08:00-21:00,1,7,7,0,5.352681572333329,БТ Царская Площадь,kfm
47,2026-07-23,medium,bike,demand_layer,15:00,21:00,6,08:00-21:00,1,6,6,0,3.070233991706219,БТ Царская Площадь,kfm
479,2026-07-23,medium,auto,demand_layer,00:00,06:00,6,00:00-24:00,1,6,6,0,2.613594125508157,Покровка,kfm
479,2026-07-23,medium,bike,demand_layer,00:00,12:00,12,00:00-24:00,1,6,12,6,4.951539580178233,Покровка,kfm
479,2026-07-23,medium,bike,demand_layer,12:00,24:00,12,00:00-24:00,1,12,12,0,3.009145883877364,Покровка,kfm
5,2026-07-23,medium,auto,demand_layer,00:00,06:00,6,00:00-24:00,1,6,6,0,2.419723321026768,Покровка (не использовать),kfm
5,2026-07-23,medium,bike,demand_layer,00:00,12:00,12,00:00-24:00,1,6,12,6,3.4021684246649153,Покровка (не использовать),kfm
5,2026-07-23,medium,bike,demand_layer,12:00,24:00,12,00:00-24:00,1,12,12,0,1.5183159890592948,Покровка (не использовать),kfm
51,2026-07-23,medium,bike,demand_layer,08:00,15:00,7,08:00-22:00,1,7,7,0,3.570678291102672,БТ Новинский,kfm
51,2026-07-23,medium,bike,demand_layer,15:00,22:00,7,08:00-22:00,1,7,7,0,2.5022557495685427,БТ Новинский,kfm
516,2026-07-23,low,auto,demand_layer,09:00,18:00,9,09:00-22:00,1,9,9,0,0.9413584611302483,La Raquette by Pinskiy&Co,non_kfm
558,2026-07-23,low,auto,demand_layer,12:00,23:00,11,12:00-23:30,1,5,11,6,0.6566620024705578,ЮГ 22,non_kfm
560,2026-07-23,low,auto,demand_layer,10:00,22:00,12,10:00-22:00,1,4,12,8,0.7208819697522669,Пафос,non_kfm
597,2026-07-23,low,auto,demand_layer,16:00,22:00,6,09:00-22:30,1,4,6,2,0.43570321934908013,Rockets Тверской,non_kfm
6,2026-07-23,mega,auto,demand_layer,00:00,12:00,12,00:00-24:00,1,8,12,4,11.037053438324726,Неглинная,kfm
6,2026-07-23,mega,auto,demand_layer,12:00,24:00,12,00:00-24:00,1,12,12,0,17.51798850651118,Неглинная,kfm
6,2026-07-23,mega,bike,demand_layer,00:00,11:00,11,00:00-24:00,2,8,22,14,13.37379171325056,Неглинная,kfm
6,2026-07-23,mega,bike,demand_layer,00:00,12:00,12,00:00-24:00,1,5,12,7,13.37379171325056,Неглинная,kfm
6,2026-07-23,mega,bike,demand_layer,11:00,21:00,10,00:00-24:00,2,18,20,2,27.25201997317261,Неглинная,kfm
6,2026-07-23,mega,bike,demand_layer,12:00,24:00,12,00:00-24:00,1,12,12,0,30.050692783690902,Неглинная,kfm
69,2026-07-23,mega,auto,demand_layer,08:00,15:00,7,08:00-23:00,1,5,7,2,20.24912915211114,Опен Мичуринский,kfm
69,2026-07-23,mega,auto,demand_layer,08:00,16:00,8,08:00-23:00,1,6,8,2,27.319100898390943,Опен Мичуринский,kfm
69,2026-07-23,mega,auto,demand_layer,08:00,18:00,10,08:00-23:00,1,8,10,2,33.265592159600715,Опен Мичуринский,kfm
69,2026-07-23,mega,auto,demand_layer,15:00,21:00,6,08:00-23:00,1,6,6,0,20.76289252855457,Опен Мичуринский,kfm
69,2026-07-23,mega,auto,demand_layer,16:00,23:00,7,08:00-23:00,1,7,7,0,17.002331146112834,Опен Мичуринский,kfm
69,2026-07-23,mega,bike,demand_layer,08:00,15:00,7,08:00-23:00,2,10,14,4,27.07212830053973,Опен Мичуринский,kfm
69,2026-07-23,mega,bike,demand_layer,08:00,16:00,8,08:00-23:00,1,6,8,2,36.981138660301546,Опен Мичуринский,kfm
69,2026-07-23,mega,bike,demand_layer,08:00,18:00,10,08:00-23:00,1,8,10,2,45.597483140829986,Опен Мичуринский,kfm
69,2026-07-23,mega,bike,demand_layer,15:00,21:00,6,08:00-23:00,2,12,12,0,32.40437439886504,Опен Мичуринский,kfm
69,2026-07-23,mega,bike,demand_layer,16:00,23:00,7,08:00-23:00,1,7,7,0,25.804774402941295,Опен Мичуринский,kfm
7,2026-07-23,mega,auto,demand_layer,00:00,09:00,9,00:00-24:00,1,3,9,6,16.615871278134897,Белая Площадь,kfm
7,2026-07-23,mega,auto,demand_layer,00:00,11:00,11,00:00-24:00,1,3,11,8,21.102133787467253,Белая Площадь,kfm
7,2026-07-23,mega,auto,demand_layer,00:00,12:00,12,00:00-24:00,1,12,12,0,21.102133787467253,Белая Площадь,kfm
7,2026-07-23,mega,auto,demand_layer,09:00,18:00,9,00:00-24:00,1,8,9,1,13.875576677379328,Белая Площадь,kfm
7,2026-07-23,mega,auto,demand_layer,12:00,24:00,12,00:00-24:00,1,12,12,0,15.502032436081523,Белая Площадь,kfm
7,2026-07-23,mega,bike,demand_layer,00:00,11:00,11,00:00-24:00,1,5,11,6,12.752076741856438,Белая Площадь,kfm
7,2026-07-23,mega,bike,demand_layer,00:00,12:00,12,00:00-24:00,1,5,12,7,12.752076741856438,Белая Площадь,kfm
7,2026-07-23,mega,bike,demand_layer,09:00,18:00,9,00:00-24:00,1,6,9,3,29.922168381186978,Белая Площадь,kfm
7,2026-07-23,mega,bike,demand_layer,11:00,21:00,10,00:00-24:00,1,9,10,1,30.12087037821989,Белая Площадь,kfm
7,2026-07-23,mega,bike,demand_layer,12:00,24:00,12,00:00-24:00,1,12,12,0,34.017532021734056,Белая Площадь,kfm
8,2026-07-23,mega,auto,demand_layer,08:00,16:00,8,07:30-24:00,1,6,8,2,4.849324533898924,Усачева,kfm
8,2026-07-23,mega,auto,demand_layer,16:00,24:00,8,07:30-24:00,1,8,8,0,5.1461643266517925,Усачева,kfm
8,2026-07-23,mega,bike,demand_layer,08:00,15:00,7,07:30-24:00,1,5,7,2,30.424490642049594,Усачева,kfm
8,2026-07-23,mega,bike,demand_layer,08:00,16:00,8,07:30-24:00,3,16,24,8,40.83276937521437,Усачева,kfm
8,2026-07-23,mega,bike,demand_layer,15:00,21:00,6,07:30-24:00,1,6,6,0,30.577721710775275,Усачева,kfm
8,2026-07-23,mega,bike,demand_layer,16:00,24:00,8,07:30-24:00,2,16,16,0,24.503574139055026,Усачева,kfm
9,2026-07-23,high,auto,demand_layer,08:00,16:00,8,08:00-24:00,1,6,8,2,8.466617389938673,КИНКИ,kfm
9,2026-07-23,high,auto,demand_layer,16:00,24:00,8,08:00-24:00,1,8,8,0,13.12642775928624,КИНКИ,kfm
9,2026-07-23,high,bike,demand_layer,08:00,16:00,8,08:00-24:00,1,6,8,2,4.940090979594438,КИНКИ,kfm
9,2026-07-23,high,bike,demand_layer,16:00,24:00,8,08:00-24:00,1,8,8,0,5.657031572978384,КИНКИ,kfm
99,2026-07-23,mega,bike,demand_layer,07:00,11:00,4,07:00-23:00,1,2,4,2,14.317370199504753,Опен Аркус,kfm
99,2026-07-23,mega,bike,demand_layer,07:00,14:00,7,07:00-23:00,3,12,21,9,30.47114516011163,Опен Аркус,kfm
99,2026-07-23,mega,bike,demand_layer,07:00,15:00,8,07:00-23:00,2,10,16,6,38.548032640415066,Опен Аркус,kfm
99,2026-07-23,mega,bike,demand_layer,14:00,21:00,7,07:00-23:00,3,21,21,0,49.673277130317196,Опен Аркус,kfm
99,2026-07-23,mega,bike,demand_layer,15:00,23:00,8,07:00-23:00,2,16,16,0,46.729743729649954,Опен Аркус,kfm
grp_102_125,2026-07-23,medium,auto,demand_layer,00:00,12:00,12,00:00-23:59,1,12,12,0,1.3550937780259957,Мясо&Рыба Тверская + Meraki,non_kfm
grp_102_125,2026-07-23,medium,auto,demand_layer,12:00,23:00,11,00:00-23:59,1,11,11,0,10.026197192687501,Мясо&Рыба Тверская + Meraki,non_kfm
grp_19_54,2026-07-23,medium,auto,demand_layer,08:00,16:00,8,08:00-24:00,1,4,8,4,9.011267957877143,Conversation Никитская + Maroon,non_kfm
grp_19_54,2026-07-23,medium,auto,demand_layer,08:00,18:00,10,08:00-24:00,2,12,20,8,13.091239098079908,Conversation Никитская + Maroon,non_kfm
grp_19_54,2026-07-23,medium,auto,demand_layer,16:00,24:00,8,08:00-24:00,1,8,8,0,10.906928202706567,Conversation Никитская + Maroon,non_kfm
grp_19_54,2026-07-23,medium,bike,demand_layer,08:00,16:00,8,08:00-24:00,1,4,8,4,0.619762106262742,Conversation Никитская + Maroon,non_kfm
grp_19_54,2026-07-23,medium,bike,demand_layer,16:00,24:00,8,08:00-24:00,1,6,8,2,2.5631614080882357,Conversation Никитская + Maroon,non_kfm
grp_302_443,2026-07-23,medium,auto,demand_layer,10:00,18:00,8,10:00-22:00,1,6,8,2,0.6490202959795967,Ribambelle Шелепиха + Пинский доставка,non_kfm
grp_71_94,2026-07-23,medium,bike,demand_layer,12:00,23:00,11,12:00-23:59,1,11,11,0,1.1298115539362308,КО Medusa + КО Высота 5642,non_kfm
1,2026-07-24,medium,bike,demand_layer,08:00,16:00,8,08:00-23:00,1,8,8,0,12.58697362635633,Wall Street,kfm
1,2026-07-24,medium,bike,demand_layer,16:00,23:00,7,08:00-23:00,1,7,7,0,7.554550712072062,Wall Street,kfm
10,2026-07-24,medium,bike,demand_layer,08:00,16:00,8,08:00-23:30,1,8,8,0,17.88835463796476,Якиманка,kfm
10,2026-07-24,medium,bike,demand_layer,16:00,23:00,7,08:00-23:30,1,7,7,0,11.630621285099515,Якиманка,kfm
100,2026-07-24,medium,auto,demand_layer,10:00,18:00,8,10:00-23:00,1,6,8,2,0.6620659926468442,Колбасный Цех / Магадан,non_kfm
101,2026-07-24,high,auto,demand_layer,08:00,15:00,7,08:00-23:00,2,10,14,4,8.500037161657051,Алия,kfm
101,2026-07-24,high,auto,demand_layer,15:00,21:00,6,08:00-23:00,2,12,12,0,10.930881146172748,Алия,kfm
101,2026-07-24,high,bike,demand_layer,08:00,16:00,8,08:00-23:00,1,6,8,2,6.8620977993645,Алия,kfm
101,2026-07-24,high,bike,demand_layer,16:00,23:00,7,08:00-23:00,1,7,7,0,4.111369344923102,Алия,kfm
11,2026-07-24,medium,auto,demand_layer,00:00,07:00,7,22:00-07:00,5,32,35,3,19.193677410953786,Кутузовский,kfm
11,2026-07-24,medium,auto,demand_layer,22:00,24:00,2,22:00-07:00,1,2,2,0,1.9203676334723199,Кутузовский,kfm
114,2026-07-24,low,auto,demand_layer,10:00,17:00,7,10:00-23:59,1,2,7,5,0.3846746761130366,Bluefin Скаковая,non_kfm
114,2026-07-24,low,auto,demand_layer,17:00,23:00,6,10:00-23:59,1,5,6,1,0.5599513534640431,Bluefin Скаковая,non_kfm
115,2026-07-24,high,auto,demand_layer,07:00,14:00,7,07:00-23:00,3,10,21,11,9.472777038775732,Опен Символ,kfm
115,2026-07-24,high,auto,demand_layer,14:00,21:00,7,07:00-23:00,3,21,21,0,16.534328236138226,Опен Символ,kfm
115,2026-07-24,high,bike,demand_layer,07:00,11:00,4,07:00-23:00,1,2,4,2,4.286362919993222,Опен Символ,kfm
115,2026-07-24,high,bike,demand_layer,07:00,15:00,8,07:00-23:00,1,5,8,3,8.956764632583647,Опен Символ,kfm
115,2026-07-24,high,bike,demand_layer,15:00,23:00,8,07:00-23:00,1,8,8,0,8.2845427121233,Опен Символ,kfm
119,2026-07-24,medium,auto,demand_layer,11:00,23:00,12,11:00-23:00,1,11,12,1,2.3344672012818126,Bluefin Успенское,non_kfm
12,2026-07-24,high,auto,demand_layer,08:00,15:00,7,08:00-22:00,2,10,14,4,10.391221614316803,Хорошо,kfm
12,2026-07-24,high,auto,demand_layer,15:00,22:00,7,08:00-22:00,2,11,14,3,15.814429845361841,Хорошо,kfm
12,2026-07-24,high,bike,demand_layer,08:00,15:00,7,08:00-22:00,1,5,7,2,12.04273447247339,Хорошо,kfm
12,2026-07-24,high,bike,demand_layer,08:00,18:00,10,08:00-22:00,1,6,10,4,19.954436685534205,Хорошо,kfm
12,2026-07-24,high,bike,demand_layer,15:00,22:00,7,08:00-22:00,1,6,7,1,9.90716074862417,Хорошо,kfm
123,2026-07-24,high,bike,demand_layer,08:00,16:00,8,08:00-23:00,1,6,8,2,19.28079926541708,Опен Нева,kfm
123,2026-07-24,high,bike,demand_layer,08:00,18:00,10,08:00-23:00,1,8,10,2,23.587117892137435,Опен Нева,kfm
123,2026-07-24,high,bike,demand_layer,16:00,23:00,7,08:00-23:00,1,7,7,0,7.000446913028857,Опен Нева,kfm
126,2026-07-24,high,auto,demand_layer,07:00,14:00,7,07:00-23:00,1,4,7,3,6.195577025457884,Опен Покровка,kfm
126,2026-07-24,high,auto,demand_layer,07:00,16:00,9,07:00-23:00,1,4,9,5,9.687122996295612,Опен Покровка,kfm
126,2026-07-24,high,auto,demand_layer,14:00,21:00,7,07:00-23:00,1,5,7,2,6.549491923358399,Опен Покровка,kfm
126,2026-07-24,high,bike,demand_layer,07:00,14:00,7,07:00-23:00,1,4,7,3,15.574239067915151,Опен Покровка,kfm
126,2026-07-24,high,bike,demand_layer,07:00,15:00,8,07:00-23:00,1,5,8,3,19.755560243343957,Опен Покровка,kfm
126,2026-07-24,high,bike,demand_layer,07:00,18:00,11,07:00-23:00,1,8,11,3,34.07921335521774,Опен Покровка,kfm
126,2026-07-24,high,bike,demand_layer,14:00,21:00,7,07:00-23:00,1,7,7,0,23.944525682942427,Опен Покровка,kfm
126,2026-07-24,high,bike,demand_layer,15:00,23:00,8,07:00-23:00,1,8,8,0,20.85148902991638,Опен Покровка,kfm
127,2026-07-24,medium,bike,demand_layer,07:00,15:00,8,07:00-23:00,1,8,8,0,6.527572414507272,БТ Покровка,kfm
127,2026-07-24,medium,bike,demand_layer,15:00,23:00,8,07:00-23:00,1,8,8,0,3.4340942042631326,БТ Покровка,kfm
128,2026-07-24,high,bike,demand_layer,08:00,16:00,8,08:00-24:00,2,12,16,4,32.034237171822966,Кофемания Лаки,kfm
128,2026-07-24,high,bike,demand_layer,16:00,24:00,8,08:00-24:00,2,16,16,0,23.317582292335626,Кофемания Лаки,kfm
137,2026-07-24,medium,bike,demand_layer,08:00,16:00,8,08:00-23:59,1,8,8,0,1.9967595245902674,БТ Мясницкая,kfm
137,2026-07-24,medium,bike,demand_layer,16:00,23:00,7,08:00-23:59,1,7,7,0,1.1989891551456628,БТ Мясницкая,kfm
138,2026-07-24,medium,bike,demand_layer,08:00,16:00,8,08:00-23:00,1,8,8,0,2.622579767921878,БТ Таганка,kfm
138,2026-07-24,medium,bike,demand_layer,16:00,23:00,7,08:00-23:00,1,7,7,0,1.2774396955638223,БТ Таганка,kfm
14,2026-07-24,high,auto,demand_layer,09:00,16:00,7,09:00-23:00,1,6,7,1,21.976901383210766,Метрополис,kfm
14,2026-07-24,high,auto,demand_layer,09:00,21:00,12,09:00-23:00,3,33,36,3,33.18733485862975,Метрополис,kfm
14,2026-07-24,high,auto,demand_layer,16:00,23:00,7,09:00-23:00,1,7,7,0,12.940891619819618,Метрополис,kfm
142,2026-07-24,medium,bike,demand_layer,08:00,16:00,8,08:00-23:59,1,8,8,0,14.460136735394851,RED7,kfm
142,2026-07-24,medium,bike,demand_layer,16:00,23:00,7,08:00-23:59,1,7,7,0,7.374673361522269,RED7,kfm
15,2026-07-24,medium,auto,demand_layer,00:00,06:00,6,00:00-24:00,1,6,6,0,4.281212829409029,Комсомолка,kfm
15,2026-07-24,medium,bike,demand_layer,00:00,12:00,12,00:00-24:00,1,6,12,6,4.503658367895689,Комсомолка,kfm
15,2026-07-24,medium,bike,demand_layer,12:00,24:00,12,00:00-24:00,1,12,12,0,3.7766641703972823,Комсомолка,kfm
16,2026-07-24,medium,bike,demand_layer,08:00,16:00,8,08:00-23:00,1,8,8,0,8.392846412937311,Мосфильм,kfm
16,2026-07-24,medium,bike,demand_layer,16:00,23:00,7,08:00-23:00,1,7,7,0,8.222850643715926,Мосфильм,kfm
17,2026-07-24,high,auto,demand_layer,08:00,15:00,7,08:00-22:00,4,20,28,8,14.998697701797,Внуково,kfm
17,2026-07-24,high,auto,demand_layer,08:00,18:00,10,08:00-22:00,1,6,10,4,26.550745626080076,Внуково,kfm
17,2026-07-24,high,auto,demand_layer,15:00,22:00,7,08:00-22:00,4,25,28,3,20.026825955903192,Внуково,kfm
18,2026-07-24,medium,auto,demand_layer,08:00,15:00,7,08:00-22:00,3,17,21,4,17.1734643011278,Новая Рига,kfm
18,2026-07-24,medium,auto,demand_layer,15:00,22:00,7,08:00-22:00,3,21,21,0,14.752173506392223,Новая Рига,kfm
2,2026-07-24,high,bike,demand_layer,00:00,09:00,9,00:00-24:00,1,1,9,8,8.388818250122958,Кудринская,kfm
2,2026-07-24,high,bike,demand_layer,00:00,12:00,12,00:00-24:00,2,10,24,14,16.524639856328744,Кудринская,kfm
2,2026-07-24,high,bike,demand_layer,09:00,18:00,9,00:00-24:00,2,11,18,7,37.60611647915706,Кудринская,kfm
2,2026-07-24,high,bike,demand_layer,12:00,24:00,12,00:00-24:00,2,24,24,0,41.71280414461483,Кудринская,kfm
20,2026-07-24,medium,auto,demand_layer,08:00,15:00,7,08:00-22:00,1,7,7,0,14.437945488834071,Павлово,kfm
20,2026-07-24,medium,auto,demand_layer,08:00,18:00,10,08:00-22:00,2,16,20,4,22.824429141963904,Павлово,kfm
20,2026-07-24,medium,auto,demand_layer,15:00,22:00,7,08:00-22:00,1,7,7,0,12.734118092261111,Павлово,kfm
21,2026-07-24,high,auto,demand_layer,08:00,11:00,3,08:00-23:00,1,2,3,1,7.875901493273305,Горки-2,kfm
21,2026-07-24,high,auto,demand_layer,08:00,15:00,7,08:00-23:00,2,10,14,4,19.994308049680782,Горки-2,kfm
21,2026-07-24,high,auto,demand_layer,08:00,16:00,8,08:00-23:00,2,12,16,4,27.569154121324175,Горки-2,kfm
21,2026-07-24,high,auto,demand_layer,15:00,21:00,6,08:00-23:00,2,12,12,0,24.408534298336754,Горки-2,kfm
21,2026-07-24,high,auto,demand_layer,16:00,23:00,7,08:00-23:00,2,14,14,0,20.968674670850383,Горки-2,kfm
22,2026-07-24,medium,auto,demand_layer,12:00,24:00,12,12:00-00:30,1,6,12,6,0.9074584573416071,Жажда Крови,kfm
222,2026-07-24,low,auto,demand_layer,06:00,12:00,6,06:00-23:59,1,6,6,0,0.6544006388413006,Ирис Химки,non_kfm
25,2026-07-24,high,bike,demand_layer,08:00,15:00,7,08:00-24:00,1,5,7,2,17.884848108701416,Весна,kfm
25,2026-07-24,high,bike,demand_layer,08:00,16:00,8,08:00-24:00,1,6,8,2,23.74495305936191,Весна,kfm
25,2026-07-24,high,bike,demand_layer,15:00,21:00,6,08:00-24:00,1,6,6,0,15.657646705085725,Весна,kfm
25,2026-07-24,high,bike,demand_layer,16:00,24:00,8,08:00-24:00,1,8,8,0,12.794289232280665,Весна,kfm
26,2026-07-24,medium,bike,demand_layer,08:00,16:00,8,08:00-23:00,1,8,8,0,16.90206206212948,Тверская,kfm
26,2026-07-24,medium,bike,demand_layer,16:00,23:00,7,08:00-23:00,1,7,7,0,11.334973070987303,Тверская,kfm
27,2026-07-24,medium,bike,demand_layer,08:00,16:00,8,08:00-23:30,1,8,8,0,0.9903075001006607,4 Ветра,kfm
27,2026-07-24,medium,bike,demand_layer,16:00,23:00,7,08:00-23:30,1,7,7,0,1.0684409531406402,4 Ветра,kfm
28,2026-07-24,medium,bike,demand_layer,08:00,16:00,8,08:00-23:00,1,8,8,0,1.0829334005196662,Гранд,kfm
28,2026-07-24,medium,bike,demand_layer,16:00,23:00,7,08:00-23:00,1,7,7,0,0.8428995810843783,Гранд,kfm
29,2026-07-24,mega,auto,demand_layer,07:00,15:00,8,07:00-22:00,5,25,40,15,32.95614616755958,Украинский,kfm
29,2026-07-24,mega,auto,demand_layer,07:00,16:00,9,07:00-22:00,2,12,18,6,42.84856361933481,Украинский,kfm
29,2026-07-24,mega,auto,demand_layer,07:00,18:00,11,07:00-22:00,1,8,11,3,49.911677247728434,Украинский,kfm
29,2026-07-24,mega,auto,demand_layer,15:00,22:00,7,07:00-22:00,5,31,35,4,29.58245066397312,Украинский,kfm
29,2026-07-24,mega,bike,demand_layer,07:00,15:00,8,07:00-22:00,1,5,8,3,9.481330000644276,Украинский,kfm
29,2026-07-24,mega,bike,demand_layer,07:00,18:00,11,07:00-22:00,1,6,11,5,16.272605054514784,Украинский,kfm
29,2026-07-24,mega,bike,demand_layer,15:00,22:00,7,07:00-22:00,1,6,7,1,10.655708024579083,Украинский,kfm
30,2026-07-24,mega,auto,demand_layer,08:00,16:00,8,08:00-24:00,3,18,24,6,18.135836715708017,Черёмушки,kfm
30,2026-07-24,mega,auto,demand_layer,08:00,18:00,10,08:00-24:00,1,6,10,4,21.21845671298904,Черёмушки,kfm
30,2026-07-24,mega,auto,demand_layer,16:00,24:00,8,08:00-24:00,2,16,16,0,14.208664571117936,Черёмушки,kfm
30,2026-07-24,mega,bike,demand_layer,08:00,15:00,7,08:00-24:00,2,10,14,4,16.690201393541667,Черёмушки,kfm
30,2026-07-24,mega,bike,demand_layer,15:00,21:00,6,08:00-24:00,2,12,12,0,15.508546546974353,Черёмушки,kfm
301,2026-07-24,medium,auto,demand_layer,12:00,23:00,11,12:00-23:00,1,5,11,6,0.9866768724459057,Биродром и Панчетта Дежнева,non_kfm
33,2026-07-24,high,auto,demand_layer,08:00,15:00,7,08:00-23:00,1,5,7,2,8.2052138810634,Даниловский,kfm
33,2026-07-24,high,auto,demand_layer,08:00,16:00,8,08:00-23:00,1,4,8,4,10.930057275716816,Даниловский,kfm
33,2026-07-24,high,auto,demand_layer,15:00,21:00,6,08:00-23:00,1,6,6,0,8.494870018055144,Даниловский,kfm
33,2026-07-24,high,bike,demand_layer,08:00,15:00,7,08:00-23:00,1,5,7,2,16.274356396031255,Даниловский,kfm
33,2026-07-24,high,bike,demand_layer,08:00,16:00,8,08:00-23:00,1,6,8,2,21.502997732613505,Даниловский,kfm
33,2026-07-24,high,bike,demand_layer,15:00,21:00,6,08:00-23:00,1,6,6,0,13.996007099563524,Даниловский,kfm
33,2026-07-24,high,bike,demand_layer,16:00,23:00,7,08:00-23:00,1,7,7,0,9.101901112449033,Даниловский,kfm
335,2026-07-24,low,auto,demand_layer,00:00,12:00,12,00:00-24:00,1,6,12,6,13.174752628922807,Кутузовский (Не использовать),kfm
335,2026-07-24,low,auto,demand_layer,12:00,24:00,12,00:00-24:00,1,12,12,0,1.8604815137564459,Кутузовский (Не использовать),kfm
335,2026-07-24,low,bike,demand_layer,00:00,06:00,6,00:00-24:00,1,6,6,0,9.90607898069812,Кутузовский (Не использовать),kfm
335,2026-07-24,low,bike,demand_layer,00:00,12:00,12,00:00-24:00,1,12,12,0,11.34169815580804,Кутузовский (Не использовать),kfm
34,2026-07-24,medium,auto,demand_layer,00:00,07:00,7,22:00-07:00,1,7,7,0,4.858679866722202,Аркус,kfm
34,2026-07-24,medium,bike,demand_layer,22:00,24:00,2,22:00-07:00,1,2,2,0,0.20901836589944514,Аркус,kfm
348,2026-07-24,medium,auto,demand_layer,08:00,15:00,7,08:00-22:00,1,7,7,0,7.470680738966883,Рига Холл,kfm
348,2026-07-24,medium,auto,demand_layer,15:00,22:00,7,08:00-22:00,1,7,7,0,6.0327711815234135,Рига Холл,kfm
35,2026-07-24,high,auto,demand_layer,08:00,15:00,7,08:00-23:00,1,5,7,2,15.515480060134447,Ленинский,kfm
35,2026-07-24,high,auto,demand_layer,08:00,16:00,8,08:00-23:00,2,10,16,6,21.160464953442673,Ленинский,kfm
35,2026-07-24,high,auto,demand_layer,15:00,21:00,6,08:00-23:00,1,6,6,0,16.895787360010665,Ленинский,kfm
35,2026-07-24,high,auto,demand_layer,16:00,23:00,7,08:00-23:00,1,7,7,0,13.91414834436402,Ленинский,kfm
35,2026-07-24,high,bike,demand_layer,08:00,15:00,7,08:00-23:00,1,5,7,2,11.023776751054392,Ленинский,kfm
35,2026-07-24,high,bike,demand_layer,08:00,16:00,8,08:00-23:00,1,6,8,2,14.924608804018924,Ленинский,kfm
35,2026-07-24,high,bike,demand_layer,15:00,21:00,6,08:00-23:00,1,6,6,0,11.742162138287789,Ленинский,kfm
35,2026-07-24,high,bike,demand_layer,16:00,23:00,7,08:00-23:00,1,7,7,0,8.254607893925915,Ленинский,kfm
36,2026-07-24,medium,auto,demand_layer,08:00,16:00,8,08:00-23:00,1,8,8,0,1.4293912375154567,Friends Forever Botanica,non_kfm
36,2026-07-24,medium,auto,demand_layer,16:00,23:00,7,08:00-23:00,1,7,7,0,1.0185173244491452,Friends Forever Botanica,non_kfm
37,2026-07-24,medium,bike,demand_layer,08:00,16:00,8,07:30-24:00,1,8,8,0,12.591376283388357,БТ Усачева,kfm
37,2026-07-24,medium,bike,demand_layer,16:00,24:00,8,07:30-24:00,1,8,8,0,4.601259430730947,БТ Усачева,kfm
38,2026-07-24,medium,bike,demand_layer,08:00,16:00,8,08:00-23:00,1,8,8,0,15.48719541089094,Нева,kfm
38,2026-07-24,medium,bike,demand_layer,16:00,23:00,7,08:00-23:00,1,7,7,0,10.184657147729217,Нева,kfm
39,2026-07-24,mega,auto,demand_layer,08:00,15:00,7,08:00-23:00,1,5,7,2,20.06248362806732,Гребной,kfm
39,2026-07-24,mega,auto,demand_layer,08:00,16:00,8,08:00-23:00,1,6,8,2,26.9556379428397,Гребной,kfm
39,2026-07-24,mega,auto,demand_layer,08:00,18:00,10,08:00-23:00,1,8,10,2,32.175968786704786,Гребной,kfm
39,2026-07-24,mega,auto,demand_layer,15:00,21:00,6,08:00-23:00,1,6,6,0,19.82108689740692,Гребной,kfm
39,2026-07-24,mega,auto,demand_layer,16:00,23:00,7,08:00-23:00,1,7,7,0,15.131533837650327,Гребной,kfm
39,2026-07-24,mega,bike,demand_layer,08:00,15:00,7,08:00-23:00,1,5,7,2,12.178338011428373,Гребной,kfm
39,2026-07-24,mega,bike,demand_layer,08:00,16:00,8,08:00-23:00,1,6,8,2,16.415893191355188,Гребной,kfm
39,2026-07-24,mega,bike,demand_layer,15:00,21:00,6,08:00-23:00,1,6,6,0,12.458028892960774,Гребной,kfm
39,2026-07-24,mega,bike,demand_layer,16:00,23:00,7,08:00-23:00,1,7,7,0,9.236218209584125,Гребной,kfm
4,2026-07-24,high,auto,demand_layer,08:00,16:00,8,08:00-24:00,1,6,8,2,7.796060458695221,Аврора,kfm
4,2026-07-24,high,auto,demand_layer,16:00,24:00,8,08:00-24:00,1,8,8,0,7.103191692632533,Аврора,kfm
4,2026-07-24,high,bike,demand_layer,08:00,15:00,7,08:00-24:00,1,5,7,2,22.378341293283235,Аврора,kfm
4,2026-07-24,high,bike,demand_layer,08:00,16:00,8,08:00-24:00,2,10,16,6,29.95597658854828,Аврора,kfm
4,2026-07-24,high,bike,demand_layer,08:00,18:00,10,08:00-24:00,1,8,10,2,35.52676610751705,Аврора,kfm
4,2026-07-24,high,bike,demand_layer,15:00,21:00,6,08:00-24:00,1,6,6,0,20.68325983739494,Аврора,kfm
4,2026-07-24,high,bike,demand_layer,16:00,24:00,8,08:00-24:00,1,8,8,0,15.888589382795132,Аврора,kfm
40,2026-07-24,medium,bike,demand_layer,09:00,19:00,10,09:00-19:00,1,9,10,1,2.3655822795235624,БТ Аркус,kfm
434,2026-07-24,medium,auto,demand_layer,08:00,15:00,7,08:00-22:00,2,14,14,0,13.755461139752303,Сколково,kfm
434,2026-07-24,medium,auto,demand_layer,08:00,18:00,10,08:00-22:00,1,6,10,4,22.956577375617222,Сколково,kfm
434,2026-07-24,medium,auto,demand_layer,15:00,22:00,7,08:00-22:00,2,14,14,0,15.081706986390339,Сколково,kfm
46,2026-07-24,medium,bike,demand_layer,10:00,18:00,8,10:00-22:00,1,8,8,0,1.6590947454644054,БТ Павелецкая Плаза,kfm
47,2026-07-24,medium,bike,demand_layer,08:00,15:00,7,08:00-21:00,1,7,7,0,6.258267297352573,БТ Царская Площадь,kfm
47,2026-07-24,medium,bike,demand_layer,15:00,21:00,6,08:00-21:00,1,6,6,0,3.111428441271578,БТ Царская Площадь,kfm
479,2026-07-24,medium,auto,demand_layer,00:00,06:00,6,00:00-24:00,1,6,6,0,2.240097703728077,Покровка,kfm
479,2026-07-24,medium,bike,demand_layer,00:00,12:00,12,00:00-24:00,1,6,12,6,4.872746618457593,Покровка,kfm
479,2026-07-24,medium,bike,demand_layer,12:00,24:00,12,00:00-24:00,1,12,12,0,2.2258803744873856,Покровка,kfm
5,2026-07-24,medium,auto,demand_layer,00:00,06:00,6,00:00-24:00,1,6,6,0,2.419723321026768,Покровка (не использовать),kfm
5,2026-07-24,medium,bike,demand_layer,00:00,12:00,12,00:00-24:00,1,6,12,6,3.4021684246649153,Покровка (не использовать),kfm
5,2026-07-24,medium,bike,demand_layer,12:00,24:00,12,00:00-24:00,1,12,12,0,1.5183159890592948,Покровка (не использовать),kfm
51,2026-07-24,medium,bike,demand_layer,08:00,15:00,7,08:00-22:00,1,7,7,0,3.420417130042933,БТ Новинский,kfm
51,2026-07-24,medium,bike,demand_layer,15:00,22:00,7,08:00-22:00,1,7,7,0,2.7082389518954497,БТ Новинский,kfm
516,2026-07-24,low,auto,demand_layer,09:00,18:00,9,09:00-22:00,1,9,9,0,0.9730857847536072,La Raquette by Pinskiy&Co,non_kfm
53,2026-07-24,low,auto,demand_layer,18:00,24:00,6,11:00-05:00,1,6,6,0,0.5103024323036541,IZUMI,non_kfm
558,2026-07-24,low,auto,demand_layer,12:00,23:00,11,12:00-23:30,1,5,11,6,0.6566620024705578,ЮГ 22,non_kfm
560,2026-07-24,low,auto,demand_layer,10:00,22:00,12,10:00-22:00,1,4,12,8,0.7208819697522669,Пафос,non_kfm
597,2026-07-24,low,auto,demand_layer,16:00,22:00,6,09:00-22:30,1,4,6,2,0.43570321934908013,Rockets Тверской,non_kfm
6,2026-07-24,mega,auto,demand_layer,00:00,12:00,12,00:00-24:00,1,9,12,3,11.222331969604355,Неглинная,kfm
6,2026-07-24,mega,auto,demand_layer,12:00,24:00,12,00:00-24:00,1,12,12,0,18.274307832013093,Неглинная,kfm
6,2026-07-24,mega,bike,demand_layer,00:00,11:00,11,00:00-24:00,2,6,22,16,13.637280106237354,Неглинная,kfm
6,2026-07-24,mega,bike,demand_layer,00:00,12:00,12,00:00-24:00,1,5,12,7,13.637280106237354,Неглинная,kfm
6,2026-07-24,mega,bike,demand_layer,11:00,21:00,10,00:00-24:00,2,18,20,2,28.514385860120925,Неглинная,kfm
6,2026-07-24,mega,bike,demand_layer,12:00,24:00,12,00:00-24:00,1,12,12,0,31.32343688224386,Неглинная,kfm
69,2026-07-24,mega,auto,demand_layer,08:00,11:00,3,08:00-23:00,1,2,3,1,8.278471568935036,Опен Мичуринский,kfm
69,2026-07-24,mega,auto,demand_layer,08:00,15:00,7,08:00-23:00,1,5,7,2,21.071146296839974,Опен Мичуринский,kfm
69,2026-07-24,mega,auto,demand_layer,08:00,16:00,8,08:00-23:00,1,6,8,2,28.338667850931405,Опен Мичуринский,kfm
69,2026-07-24,mega,auto,demand_layer,08:00,18:00,10,08:00-23:00,1,8,10,2,34.34526114051098,Опен Мичуринский,kfm
69,2026-07-24,mega,auto,demand_layer,15:00,21:00,6,08:00-23:00,1,6,6,0,21.09128987189799,Опен Мичуринский,kfm
69,2026-07-24,mega,auto,demand_layer,16:00,23:00,7,08:00-23:00,1,7,7,0,17.320411883172902,Опен Мичуринский,kfm
69,2026-07-24,mega,bike,demand_layer,08:00,15:00,7,08:00-23:00,1,5,7,2,28.17140096286304,Опен Мичуринский,kfm
69,2026-07-24,mega,bike,demand_layer,08:00,16:00,8,08:00-23:00,2,12,16,4,38.35295056414091,Опен Мичуринский,kfm
69,2026-07-24,mega,bike,demand_layer,08:00,18:00,10,08:00-23:00,1,8,10,2,47.05638165720519,Опен Мичуринский,kfm
69,2026-07-24,mega,bike,demand_layer,15:00,21:00,6,08:00-23:00,1,6,6,0,32.8907526199155,Опен Мичуринский,kfm
69,2026-07-24,mega,bike,demand_layer,16:00,23:00,7,08:00-23:00,2,14,14,0,26.20584658400397,Опен Мичуринский,kfm
7,2026-07-24,mega,auto,demand_layer,00:00,07:00,7,00:00-24:00,1,1,7,6,15.30959467638002,Белая Площадь,kfm
7,2026-07-24,mega,auto,demand_layer,00:00,09:00,9,00:00-24:00,1,1,9,8,15.309594676380021,Белая Площадь,kfm
7,2026-07-24,mega,auto,demand_layer,00:00,12:00,12,00:00-24:00,1,12,12,0,19.343706412571564,Белая Площадь,kfm
7,2026-07-24,mega,auto,demand_layer,09:00,18:00,9,00:00-24:00,1,8,9,1,13.159358765027791,Белая Площадь,kfm
7,2026-07-24,mega,auto,demand_layer,12:00,24:00,12,00:00-24:00,1,12,12,0,15.51091434674261,Белая Площадь,kfm
7,2026-07-24,mega,bike,demand_layer,00:00,11:00,11,00:00-24:00,1,5,11,6,11.640596421821314,Белая Площадь,kfm
7,2026-07-24,mega,bike,demand_layer,00:00,12:00,12,00:00-24:00,1,5,12,7,11.640596421821314,Белая Площадь,kfm
7,2026-07-24,mega,bike,demand_layer,09:00,18:00,9,00:00-24:00,1,6,9,3,28.611672222695155,Белая Площадь,kfm
7,2026-07-24,mega,bike,demand_layer,11:00,21:00,10,00:00-24:00,1,9,10,1,30.328472337245664,Белая Площадь,kfm
7,2026-07-24,mega,bike,demand_layer,12:00,24:00,12,00:00-24:00,1,12,12,0,34.20630414821852,Белая Площадь,kfm
8,2026-07-24,mega,auto,demand_layer,08:00,16:00,8,07:30-24:00,1,6,8,2,4.828229660070861,Усачева,kfm
8,2026-07-24,mega,auto,demand_layer,16:00,24:00,8,07:30-24:00,1,8,8,0,4.974956119191448,Усачева,kfm
8,2026-07-24,mega,bike,demand_layer,08:00,16:00,8,07:30-24:00,3,16,24,8,37.29368260226219,Усачева,kfm
8,2026-07-24,mega,bike,demand_layer,08:00,18:00,10,07:30-24:00,1,8,10,2,43.187612705991874,Усачева,kfm
8,2026-07-24,mega,bike,demand_layer,16:00,24:00,8,07:30-24:00,2,16,16,0,23.045809979783485,Усачева,kfm
9,2026-07-24,high,auto,demand_layer,08:00,16:00,8,08:00-24:00,1,6,8,2,8.495594875246724,КИНКИ,kfm
9,2026-07-24,high,auto,demand_layer,08:00,18:00,10,08:00-24:00,1,3,10,7,11.661778621751687,КИНКИ,kfm
9,2026-07-24,high,auto,demand_layer,16:00,24:00,8,08:00-24:00,1,8,8,0,13.695645879731444,КИНКИ,kfm
9,2026-07-24,high,bike,demand_layer,08:00,16:00,8,08:00-24:00,1,6,8,2,4.943317451818251,КИНКИ,kfm
9,2026-07-24,high,bike,demand_layer,16:00,24:00,8,08:00-24:00,1,8,8,0,5.904394277146512,КИНКИ,kfm
99,2026-07-24,mega,bike,demand_layer,07:00,11:00,4,07:00-23:00,1,2,4,2,14.32588014233222,Опен Аркус,kfm
99,2026-07-24,mega,bike,demand_layer,07:00,14:00,7,07:00-23:00,2,8,14,6,30.52366916349039,Опен Аркус,kfm
99,2026-07-24,mega,bike,demand_layer,07:00,15:00,8,07:00-23:00,2,10,16,6,38.62256367406947,Опен Аркус,kfm
99,2026-07-24,mega,bike,demand_layer,07:00,18:00,11,07:00-23:00,1,8,11,3,63.14271758030404,Опен Аркус,kfm
99,2026-07-24,mega,bike,demand_layer,14:00,21:00,7,07:00-23:00,2,14,14,0,50.13006963155254,Опен Аркус,kfm
99,2026-07-24,mega,bike,demand_layer,15:00,23:00,8,07:00-23:00,2,16,16,0,47.233019778652135,Опен Аркус,kfm
grp_102_125,2026-07-24,medium,auto,demand_layer,00:00,12:00,12,00:00-23:59,1,12,12,0,2.098919660817096,Мясо&Рыба Тверская + Meraki,non_kfm
grp_102_125,2026-07-24,medium,auto,demand_layer,12:00,23:00,11,00:00-23:59,1,11,11,0,8.387112343765054,Мясо&Рыба Тверская + Meraki,non_kfm
grp_19_54,2026-07-24,medium,auto,demand_layer,08:00,16:00,8,08:00-24:00,1,4,8,4,9.294303058358004,Conversation Никитская + Maroon,non_kfm
grp_19_54,2026-07-24,medium,auto,demand_layer,08:00,18:00,10,08:00-24:00,2,12,20,8,13.548879368509489,Conversation Никитская + Maroon,non_kfm
grp_19_54,2026-07-24,medium,auto,demand_layer,16:00,24:00,8,08:00-24:00,1,8,8,0,11.813459147071143,Conversation Никитская + Maroon,non_kfm
grp_19_54,2026-07-24,medium,bike,demand_layer,08:00,16:00,8,08:00-24:00,1,4,8,4,0.5849374278833597,Conversation Никитская + Maroon,non_kfm
grp_19_54,2026-07-24,medium,bike,demand_layer,16:00,24:00,8,08:00-24:00,1,6,8,2,2.8343932372826535,Conversation Никитская + Maroon,non_kfm
grp_302_443,2026-07-24,medium,auto,demand_layer,10:00,22:00,12,10:00-22:00,1,10,12,2,1.1406676343276252,Ribambelle Шелепиха + Пинский доставка,non_kfm
grp_71_94,2026-07-24,medium,bike,demand_layer,12:00,23:00,11,12:00-23:59,1,11,11,0,1.1298115539362308,КО Medusa + КО Высота 5642,non_kfm
1,2026-07-25,medium,bike,demand_layer,09:00,16:00,7,09:00-23:00,1,7,7,0,9.418785986338875,Wall Street,kfm
1,2026-07-25,medium,bike,demand_layer,16:00,23:00,7,09:00-23:00,1,7,7,0,6.7020614313825435,Wall Street,kfm
10,2026-07-25,medium,bike,demand_layer,08:00,16:00,8,08:00-23:30,1,8,8,0,17.324340244880325,Якиманка,kfm
10,2026-07-25,medium,bike,demand_layer,16:00,23:00,7,08:00-23:30,1,7,7,0,10.551895117306227,Якиманка,kfm
100,2026-07-25,medium,auto,demand_layer,10:00,18:00,8,10:00-23:00,1,6,8,2,0.5695048196385948,Колбасный Цех / Магадан,non_kfm
101,2026-07-25,high,auto,demand_layer,08:00,11:00,3,08:00-23:00,1,2,3,1,3.849380643763953,Алия,kfm
101,2026-07-25,high,auto,demand_layer,08:00,16:00,8,08:00-23:00,1,6,8,2,11.781105237008797,Алия,kfm
101,2026-07-25,high,auto,demand_layer,08:00,18:00,10,08:00-23:00,1,8,10,2,14.392724773481861,Алия,kfm
101,2026-07-25,high,auto,demand_layer,16:00,23:00,7,08:00-23:00,1,7,7,0,7.262669091934185,Алия,kfm
101,2026-07-25,high,bike,demand_layer,08:00,15:00,7,08:00-23:00,1,5,7,2,5.30266815491641,Алия,kfm
101,2026-07-25,high,bike,demand_layer,15:00,21:00,6,08:00-23:00,1,6,6,0,4.7334934741517225,Алия,kfm
11,2026-07-25,medium,auto,demand_layer,00:00,07:00,7,22:00-07:00,5,32,35,3,20.30722841442659,Кутузовский,kfm
11,2026-07-25,medium,auto,demand_layer,22:00,24:00,2,22:00-07:00,1,2,2,0,1.8897914841889476,Кутузовский,kfm
114,2026-07-25,low,auto,demand_layer,10:00,17:00,7,10:00-23:59,1,2,7,5,0.3697248954269808,Bluefin Скаковая,non_kfm
114,2026-07-25,low,auto,demand_layer,17:00,23:00,6,10:00-23:59,1,5,6,1,0.5409469545933436,Bluefin Скаковая,non_kfm
115,2026-07-25,high,auto,demand_layer,07:00,14:00,7,07:00-23:00,3,10,21,11,9.995524506259683,Опен Символ,kfm
115,2026-07-25,high,auto,demand_layer,14:00,21:00,7,07:00-23:00,3,19,21,2,15.005825518298076,Опен Символ,kfm
115,2026-07-25,high,bike,demand_layer,07:00,11:00,4,07:00-23:00,1,2,4,2,4.41778476524518,Опен Символ,kfm
115,2026-07-25,high,bike,demand_layer,07:00,15:00,8,07:00-23:00,1,5,8,3,9.465549386333976,Опен Символ,kfm
115,2026-07-25,high,bike,demand_layer,15:00,23:00,8,07:00-23:00,1,8,8,0,7.240929982944973,Опен Символ,kfm
119,2026-07-25,medium,auto,demand_layer,11:00,23:00,12,11:00-23:00,1,11,12,1,2.2086730463311044,Bluefin Успенское,non_kfm
12,2026-07-25,high,auto,demand_layer,09:00,16:00,7,09:00-22:00,2,8,14,6,12.775874895447778,Хорошо,kfm
12,2026-07-25,high,auto,demand_layer,16:00,22:00,6,09:00-22:00,2,9,12,3,9.752452799041356,Хорошо,kfm
12,2026-07-25,high,bike,demand_layer,09:00,16:00,7,09:00-22:00,1,6,7,1,14.221700863809776,Хорошо,kfm
12,2026-07-25,high,bike,demand_layer,09:00,18:00,9,09:00-22:00,1,8,9,1,16.840309118713915,Хорошо,kfm
12,2026-07-25,high,bike,demand_layer,16:00,22:00,6,09:00-22:00,1,5,6,1,4.2829812246115555,Хорошо,kfm
123,2026-07-25,high,bike,demand_layer,08:00,15:00,7,08:00-23:00,1,5,7,2,7.511434831960649,Опен Нева,kfm
123,2026-07-25,high,bike,demand_layer,15:00,21:00,6,08:00-23:00,1,6,6,0,6.085810693733875,Опен Нева,kfm
126,2026-07-25,high,auto,demand_layer,07:00,16:00,9,07:00-23:00,1,6,9,3,6.460434215296197,Опен Покровка,kfm
126,2026-07-25,high,bike,demand_layer,07:00,11:00,4,07:00-23:00,1,2,4,2,6.360375386372254,Опен Покровка,kfm
126,2026-07-25,high,bike,demand_layer,07:00,14:00,7,07:00-23:00,1,4,7,3,11.222249331985791,Опен Покровка,kfm
126,2026-07-25,high,bike,demand_layer,07:00,15:00,8,07:00-23:00,1,5,8,3,13.653186304792559,Опен Покровка,kfm
126,2026-07-25,high,bike,demand_layer,14:00,21:00,7,07:00-23:00,1,7,7,0,16.730106584674182,Опен Покровка,kfm
126,2026-07-25,high,bike,demand_layer,15:00,23:00,8,07:00-23:00,1,8,8,0,15.14312387827618,Опен Покровка,kfm
127,2026-07-25,medium,bike,demand_layer,07:00,15:00,8,07:00-23:00,1,8,8,0,6.544779557431357,БТ Покровка,kfm
127,2026-07-25,medium,bike,demand_layer,15:00,23:00,8,07:00-23:00,1,8,8,0,2.8832545181511366,БТ Покровка,kfm
128,2026-07-25,high,bike,demand_layer,08:00,16:00,8,08:00-24:00,2,12,16,4,30.79485138905331,Кофемания Лаки,kfm
128,2026-07-25,high,bike,demand_layer,16:00,24:00,8,08:00-24:00,2,16,16,0,19.471092080572134,Кофемания Лаки,kfm
137,2026-07-25,medium,bike,demand_layer,08:00,16:00,8,08:00-23:59,1,8,8,0,1.8844020589565973,БТ Мясницкая,kfm
137,2026-07-25,medium,bike,demand_layer,16:00,23:00,7,08:00-23:59,1,7,7,0,1.371065583427239,БТ Мясницкая,kfm
138,2026-07-25,medium,bike,demand_layer,08:00,16:00,8,08:00-23:00,1,8,8,0,1.9586354686809755,БТ Таганка,kfm
138,2026-07-25,medium,bike,demand_layer,16:00,23:00,7,08:00-23:00,1,7,7,0,1.475138933236682,БТ Таганка,kfm
14,2026-07-25,high,auto,demand_layer,09:00,11:00,2,09:00-23:00,1,2,2,0,6.479239940975186,Метрополис,kfm
14,2026-07-25,high,auto,demand_layer,09:00,16:00,7,09:00-23:00,1,6,7,1,21.943253766752253,Метрополис,kfm
14,2026-07-25,high,auto,demand_layer,09:00,21:00,12,09:00-23:00,3,31,36,5,31.29649379766647,Метрополис,kfm
14,2026-07-25,high,auto,demand_layer,16:00,23:00,7,09:00-23:00,1,7,7,0,10.850560891354263,Метрополис,kfm
142,2026-07-25,medium,bike,demand_layer,08:00,16:00,8,08:00-23:59,1,8,8,0,10.508050385951305,RED7,kfm
142,2026-07-25,medium,bike,demand_layer,16:00,23:00,7,08:00-23:59,1,7,7,0,7.557653538278293,RED7,kfm
15,2026-07-25,medium,auto,demand_layer,00:00,06:00,6,00:00-24:00,1,6,6,0,4.08497881748164,Комсомолка,kfm
15,2026-07-25,medium,bike,demand_layer,00:00,12:00,12,00:00-24:00,1,6,12,6,4.637947647235684,Комсомолка,kfm
15,2026-07-25,medium,bike,demand_layer,12:00,24:00,12,00:00-24:00,1,12,12,0,3.6443770803902726,Комсомолка,kfm
16,2026-07-25,medium,bike,demand_layer,08:00,16:00,8,08:00-23:00,1,8,8,0,8.566022634128545,Мосфильм,kfm
16,2026-07-25,medium,bike,demand_layer,16:00,23:00,7,08:00-23:00,1,7,7,0,5.421698901641871,Мосфильм,kfm
17,2026-07-25,high,auto,demand_layer,08:00,15:00,7,08:00-22:00,3,15,21,6,14.898236190991984,Внуково,kfm
17,2026-07-25,high,auto,demand_layer,08:00,18:00,10,08:00-22:00,2,11,20,9,26.13083994548513,Внуково,kfm
17,2026-07-25,high,auto,demand_layer,15:00,22:00,7,08:00-22:00,3,19,21,2,19.09018100181072,Внуково,kfm
18,2026-07-25,medium,auto,demand_layer,08:00,15:00,7,08:00-22:00,3,17,21,4,22.015974139182624,Новая Рига,kfm
18,2026-07-25,medium,auto,demand_layer,08:00,18:00,10,08:00-22:00,1,6,10,4,31.826897768624626,Новая Рига,kfm
18,2026-07-25,medium,auto,demand_layer,15:00,22:00,7,08:00-22:00,3,21,21,0,17.13644407760576,Новая Рига,kfm
2,2026-07-25,high,bike,demand_layer,00:00,12:00,12,00:00-24:00,2,10,24,14,14.722629710150377,Кудринская,kfm
2,2026-07-25,high,bike,demand_layer,09:00,18:00,9,00:00-24:00,1,8,9,1,31.649261428536708,Кудринская,kfm
2,2026-07-25,high,bike,demand_layer,12:00,24:00,12,00:00-24:00,2,24,24,0,34.720417038421,Кудринская,kfm
20,2026-07-25,medium,auto,demand_layer,09:00,16:00,7,09:00-22:00,1,7,7,0,12.640111489645252,Павлово,kfm
20,2026-07-25,medium,auto,demand_layer,09:00,18:00,9,09:00-22:00,1,9,9,0,16.661062090912345,Павлово,kfm
20,2026-07-25,medium,auto,demand_layer,16:00,22:00,6,09:00-22:00,1,6,6,0,8.79700836508235,Павлово,kfm
21,2026-07-25,high,auto,demand_layer,08:00,11:00,3,08:00-23:00,1,2,3,1,10.385637591184006,Горки-2,kfm
21,2026-07-25,high,auto,demand_layer,08:00,15:00,7,08:00-23:00,2,10,14,4,24.196113325310282,Горки-2,kfm
21,2026-07-25,high,auto,demand_layer,08:00,16:00,8,08:00-23:00,3,18,24,6,32.25595413192852,Горки-2,kfm
21,2026-07-25,high,auto,demand_layer,15:00,21:00,6,08:00-23:00,2,12,12,0,23.926510549150443,Горки-2,kfm
21,2026-07-25,high,auto,demand_layer,16:00,23:00,7,08:00-23:00,2,14,14,0,19.73349742998263,Горки-2,kfm
22,2026-07-25,medium,auto,demand_layer,12:00,24:00,12,12:00-00:30,1,6,12,6,1.0114745807401424,Жажда Крови,kfm
222,2026-07-25,low,auto,demand_layer,06:00,12:00,6,06:00-23:59,1,6,6,0,0.6228861091655682,Ирис Химки,non_kfm
25,2026-07-25,high,bike,demand_layer,08:00,16:00,8,08:00-24:00,1,6,8,2,16.062842800606706,Весна,kfm
25,2026-07-25,high,bike,demand_layer,08:00,18:00,10,08:00-24:00,1,8,10,2,19.701971879427315,Весна,kfm
25,2026-07-25,high,bike,demand_layer,16:00,24:00,8,08:00-24:00,1,8,8,0,10.159531637119198,Весна,kfm
26,2026-07-25,medium,bike,demand_layer,08:00,16:00,8,08:00-23:00,1,8,8,0,13.534112367730922,Тверская,kfm
26,2026-07-25,medium,bike,demand_layer,16:00,23:00,7,08:00-23:00,1,7,7,0,8.488265261270161,Тверская,kfm
27,2026-07-25,medium,bike,demand_layer,08:00,16:00,8,08:00-23:30,1,8,8,0,0.9223723730234135,4 Ветра,kfm
27,2026-07-25,medium,bike,demand_layer,16:00,23:00,7,08:00-23:30,1,7,7,0,1.017066534740316,4 Ветра,kfm
28,2026-07-25,medium,bike,demand_layer,10:00,17:00,7,10:00-23:00,1,5,7,2,1.016330226182531,Гранд,kfm
28,2026-07-25,medium,bike,demand_layer,17:00,23:00,6,10:00-23:00,1,6,6,0,0.6372795138250645,Гранд,kfm
29,2026-07-25,mega,auto,demand_layer,07:00,11:00,4,07:00-22:00,1,2,4,2,15.285156216420177,Украинский,kfm
29,2026-07-25,mega,auto,demand_layer,07:00,15:00,8,07:00-22:00,4,20,32,12,34.134280154411975,Украинский,kfm
29,2026-07-25,mega,auto,demand_layer,07:00,16:00,9,07:00-22:00,2,12,18,6,43.67506571066693,Украинский,kfm
29,2026-07-25,mega,auto,demand_layer,07:00,18:00,11,07:00-22:00,2,16,22,6,50.19055419784897,Украинский,kfm
29,2026-07-25,mega,auto,demand_layer,15:00,22:00,7,07:00-22:00,4,25,28,3,26.34129693763538,Украинский,kfm
29,2026-07-25,mega,bike,demand_layer,07:00,15:00,8,07:00-22:00,1,5,8,3,9.610063041181348,Украинский,kfm
29,2026-07-25,mega,bike,demand_layer,07:00,16:00,9,07:00-22:00,1,4,9,5,13.36140788360545,Украинский,kfm
29,2026-07-25,mega,bike,demand_layer,15:00,22:00,7,07:00-22:00,1,6,7,1,9.510712761533117,Украинский,kfm
30,2026-07-25,mega,auto,demand_layer,08:00,16:00,8,08:00-24:00,2,14,16,2,15.279411260449837,Черёмушки,kfm
30,2026-07-25,mega,auto,demand_layer,16:00,24:00,8,08:00-24:00,2,16,16,0,12.328702909929142,Черёмушки,kfm
30,2026-07-25,mega,bike,demand_layer,08:00,15:00,7,08:00-24:00,2,10,14,4,14.614187646040584,Черёмушки,kfm
30,2026-07-25,mega,bike,demand_layer,15:00,21:00,6,08:00-24:00,2,12,12,0,13.078363295092721,Черёмушки,kfm
301,2026-07-25,medium,auto,demand_layer,12:00,23:00,11,12:00-23:00,1,5,11,6,0.9291987751515141,Биродром и Панчетта Дежнева,non_kfm
33,2026-07-25,high,auto,demand_layer,08:00,11:00,3,08:00-23:00,1,2,3,1,3.0659922844451746,Даниловский,kfm
33,2026-07-25,high,auto,demand_layer,08:00,16:00,8,08:00-23:00,1,6,8,2,9.677092218533144,Даниловский,kfm
33,2026-07-25,high,auto,demand_layer,16:00,23:00,7,08:00-23:00,1,7,7,0,5.968336206656231,Даниловский,kfm
33,2026-07-25,high,bike,demand_layer,08:00,15:00,7,08:00-23:00,2,10,14,4,15.020552232544425,Даниловский,kfm
33,2026-07-25,high,bike,demand_layer,15:00,21:00,6,08:00-23:00,2,12,12,0,11.696266649027017,Даниловский,kfm
335,2026-07-25,low,auto,demand_layer,12:00,24:00,12,00:00-24:00,1,6,12,6,1.735018657968489,Кутузовский (Не использовать),kfm
335,2026-07-25,low,bike,demand_layer,00:00,06:00,6,00:00-24:00,1,6,6,0,8.493460950226398,Кутузовский (Не использовать),kfm
335,2026-07-25,low,bike,demand_layer,00:00,12:00,12,00:00-24:00,1,12,12,0,9.837106345644926,Кутузовский (Не использовать),kfm
34,2026-07-25,medium,auto,demand_layer,00:00,07:00,7,22:00-07:00,1,7,7,0,4.465678712721911,Аркус,kfm
34,2026-07-25,medium,bike,demand_layer,22:00,24:00,2,22:00-07:00,1,2,2,0,0.18718743823468428,Аркус,kfm
348,2026-07-25,medium,auto,demand_layer,08:00,15:00,7,08:00-22:00,1,7,7,0,7.4560302198484925,Рига Холл,kfm
348,2026-07-25,medium,auto,demand_layer,15:00,22:00,7,08:00-22:00,1,7,7,0,6.351901971863148,Рига Холл,kfm
35,2026-07-25,high,auto,demand_layer,08:00,15:00,7,08:00-23:00,1,5,7,2,16.765237320704827,Ленинский,kfm
35,2026-07-25,high,auto,demand_layer,08:00,16:00,8,08:00-23:00,2,12,16,4,22.27595800023956,Ленинский,kfm
35,2026-07-25,high,auto,demand_layer,15:00,21:00,6,08:00-23:00,1,6,6,0,14.719448683384242,Ленинский,kfm
35,2026-07-25,high,auto,demand_layer,16:00,23:00,7,08:00-23:00,1,7,7,0,11.922925872676181,Ленинский,kfm
35,2026-07-25,high,bike,demand_layer,08:00,16:00,8,08:00-23:00,1,6,8,2,15.738500039447516,Ленинский,kfm
35,2026-07-25,high,bike,demand_layer,08:00,18:00,10,08:00-23:00,1,8,10,2,18.652560705548893,Ленинский,kfm
35,2026-07-25,high,bike,demand_layer,16:00,23:00,7,08:00-23:00,1,7,7,0,6.858334282646848,Ленинский,kfm
36,2026-07-25,medium,auto,demand_layer,08:00,16:00,8,08:00-23:00,1,8,8,0,1.6603162203448236,Friends Forever Botanica,non_kfm
36,2026-07-25,medium,auto,demand_layer,16:00,23:00,7,08:00-23:00,1,7,7,0,0.8846301745625356,Friends Forever Botanica,non_kfm
37,2026-07-25,medium,bike,demand_layer,08:00,16:00,8,07:30-24:00,1,8,8,0,10.883518735599234,БТ Усачева,kfm
37,2026-07-25,medium,bike,demand_layer,16:00,24:00,8,07:30-24:00,1,8,8,0,4.311863677042682,БТ Усачева,kfm
38,2026-07-25,medium,bike,demand_layer,08:00,16:00,8,08:00-23:00,1,8,8,0,9.558160827326228,Нева,kfm
38,2026-07-25,medium,bike,demand_layer,16:00,23:00,7,08:00-23:00,1,7,7,0,8.696432074025207,Нева,kfm
39,2026-07-25,mega,auto,demand_layer,08:00,11:00,3,08:00-23:00,2,4,6,2,7.960940759463845,Гребной,kfm
39,2026-07-25,mega,auto,demand_layer,08:00,15:00,7,08:00-23:00,2,10,14,4,18.369236799083364,Гребной,kfm
39,2026-07-25,mega,auto,demand_layer,15:00,21:00,6,08:00-23:00,2,12,12,0,15.821455508702151,Гребной,kfm
39,2026-07-25,mega,bike,demand_layer,08:00,16:00,8,08:00-23:00,1,6,8,2,14.623405468116228,Гребной,kfm
39,2026-07-25,mega,bike,demand_layer,08:00,18:00,10,08:00-23:00,1,8,10,2,17.35548401757242,Гребной,kfm
39,2026-07-25,mega,bike,demand_layer,16:00,23:00,7,08:00-23:00,1,7,7,0,7.3760789005370055,Гребной,kfm
4,2026-07-25,high,auto,demand_layer,10:00,17:00,7,10:00-24:00,1,5,7,2,5.478056740635416,Аврора,kfm
4,2026-07-25,high,auto,demand_layer,17:00,24:00,7,10:00-24:00,1,7,7,0,5.406859649420058,Аврора,kfm
4,2026-07-25,high,bike,demand_layer,10:00,17:00,7,10:00-24:00,1,6,7,1,21.426437439871883,Аврора,kfm
4,2026-07-25,high,bike,demand_layer,10:00,18:00,8,10:00-24:00,1,6,8,2,23.752877290721575,Аврора,kfm
4,2026-07-25,high,bike,demand_layer,10:00,21:00,11,10:00-24:00,1,10,11,1,29.89168884300897,Аврора,kfm
4,2026-07-25,high,bike,demand_layer,17:00,24:00,7,10:00-24:00,1,7,7,0,10.89452812743227,Аврора,kfm
40,2026-07-25,medium,bike,demand_layer,09:00,19:00,10,09:00-19:00,1,9,10,1,2.1870642166397167,БТ Аркус,kfm
434,2026-07-25,medium,auto,demand_layer,08:00,15:00,7,08:00-22:00,2,14,14,0,16.075418887157806,Сколково,kfm
434,2026-07-25,medium,auto,demand_layer,08:00,18:00,10,08:00-22:00,1,6,10,4,25.47067731440425,Сколково,kfm
434,2026-07-25,medium,auto,demand_layer,15:00,22:00,7,08:00-22:00,2,14,14,0,16.911429246893107,Сколково,kfm
46,2026-07-25,medium,bike,demand_layer,10:00,18:00,8,10:00-22:00,1,8,8,0,1.538356836680003,БТ Павелецкая Плаза,kfm
47,2026-07-25,medium,bike,demand_layer,08:00,15:00,7,08:00-21:00,1,7,7,0,5.089806121058154,БТ Царская Площадь,kfm
47,2026-07-25,medium,bike,demand_layer,15:00,21:00,6,08:00-21:00,1,6,6,0,2.741617980959401,БТ Царская Площадь,kfm
479,2026-07-25,medium,auto,demand_layer,00:00,06:00,6,00:00-24:00,1,6,6,0,2.151831739901257,Покровка,kfm
479,2026-07-25,medium,bike,demand_layer,00:00,12:00,12,00:00-24:00,1,6,12,6,4.628405922428542,Покровка,kfm
479,2026-07-25,medium,bike,demand_layer,12:00,24:00,12,00:00-24:00,1,12,12,0,2.0554216908645286,Покровка,kfm
5,2026-07-25,medium,auto,demand_layer,00:00,06:00,6,00:00-24:00,1,6,6,0,2.4560780044691795,Покровка (не использовать),kfm
5,2026-07-25,medium,bike,demand_layer,00:00,12:00,12,00:00-24:00,1,6,12,6,3.363501727634312,Покровка (не использовать),kfm
5,2026-07-25,medium,bike,demand_layer,12:00,24:00,12,00:00-24:00,1,12,12,0,1.5091328699682847,Покровка (не использовать),kfm
51,2026-07-25,medium,bike,demand_layer,08:00,15:00,7,08:00-22:00,1,7,7,0,1.3527270807958787,БТ Новинский,kfm
51,2026-07-25,medium,bike,demand_layer,15:00,22:00,7,08:00-22:00,1,7,7,0,1.0787354771632853,БТ Новинский,kfm
516,2026-07-25,low,auto,demand_layer,09:00,18:00,9,09:00-22:00,1,9,9,0,0.9082799249257897,La Raquette by Pinskiy&Co,non_kfm
558,2026-07-25,low,auto,demand_layer,12:00,23:00,11,12:00-23:30,1,5,11,6,0.6306650956744725,ЮГ 22,non_kfm
560,2026-07-25,low,auto,demand_layer,10:00,22:00,12,10:00-22:00,1,4,12,8,0.6929702993099636,Пафос,non_kfm
597,2026-07-25,low,auto,demand_layer,16:00,22:00,6,09:00-22:30,1,4,6,2,0.42000660302743414,Rockets Тверской,non_kfm
6,2026-07-25,mega,auto,demand_layer,00:00,12:00,12,00:00-24:00,1,8,12,4,9.31715999400284,Неглинная,kfm
6,2026-07-25,mega,auto,demand_layer,12:00,24:00,12,00:00-24:00,1,12,12,0,13.26652515165432,Неглинная,kfm
6,2026-07-25,mega,bike,demand_layer,00:00,09:00,9,00:00-24:00,1,1,9,8,4.6532763212273665,Неглинная,kfm
6,2026-07-25,mega,bike,demand_layer,00:00,11:00,11,00:00-24:00,1,3,11,8,12.164535155623796,Неглинная,kfm
6,2026-07-25,mega,bike,demand_layer,00:00,12:00,12,00:00-24:00,1,5,12,7,12.164535155623796,Неглинная,kfm
6,2026-07-25,mega,bike,demand_layer,09:00,18:00,9,00:00-24:00,1,3,9,6,22.995099827234455,Неглинная,kfm
6,2026-07-25,mega,bike,demand_layer,11:00,21:00,10,00:00-24:00,1,9,10,1,20.60953848754977,Неглинная,kfm
6,2026-07-25,mega,bike,demand_layer,12:00,24:00,12,00:00-24:00,1,12,12,0,22.863283282257207,Неглинная,kfm
69,2026-07-25,mega,auto,demand_layer,08:00,15:00,7,08:00-23:00,1,5,7,2,22.63251363493281,Опен Мичуринский,kfm
69,2026-07-25,mega,auto,demand_layer,08:00,16:00,8,08:00-23:00,2,12,16,4,29.896178899566543,Опен Мичуринский,kfm
69,2026-07-25,mega,auto,demand_layer,08:00,18:00,10,08:00-23:00,1,8,10,2,35.50651529148637,Опен Мичуринский,kfm
69,2026-07-25,mega,auto,demand_layer,15:00,21:00,6,08:00-23:00,1,6,6,0,19.841808826522858,Опен Мичуринский,kfm
69,2026-07-25,mega,auto,demand_layer,16:00,23:00,7,08:00-23:00,1,7,7,0,15.345418275210616,Опен Мичуринский,kfm
69,2026-07-25,mega,bike,demand_layer,08:00,15:00,7,08:00-23:00,2,10,14,4,30.2308446410803,Опен Мичуринский,kfm
69,2026-07-25,mega,bike,demand_layer,08:00,16:00,8,08:00-23:00,1,6,8,2,40.39090929920144,Опен Мичуринский,kfm
69,2026-07-25,mega,bike,demand_layer,08:00,18:00,10,08:00-23:00,1,8,10,2,48.52017223443221,Опен Мичуринский,kfm
69,2026-07-25,mega,bike,demand_layer,15:00,21:00,6,08:00-23:00,2,12,12,0,30.77331543954691,Опен Мичуринский,kfm
69,2026-07-25,mega,bike,demand_layer,16:00,23:00,7,08:00-23:00,1,7,7,0,23.380525494747257,Опен Мичуринский,kfm
7,2026-07-25,mega,auto,demand_layer,00:00,07:00,7,00:00-24:00,1,1,7,6,14.890681940298425,Белая Площадь,kfm
7,2026-07-25,mega,auto,demand_layer,00:00,09:00,9,00:00-24:00,1,1,9,8,14.890681940298425,Белая Площадь,kfm
7,2026-07-25,mega,auto,demand_layer,00:00,12:00,12,00:00-24:00,1,12,12,0,19.030608229942306,Белая Площадь,kfm
7,2026-07-25,mega,auto,demand_layer,09:00,18:00,9,00:00-24:00,1,8,9,1,11.295315533902464,Белая Площадь,kfm
7,2026-07-25,mega,auto,demand_layer,12:00,24:00,12,00:00-24:00,1,12,12,0,12.917647717520946,Белая Площадь,kfm
7,2026-07-25,mega,bike,demand_layer,00:00,11:00,11,00:00-24:00,1,5,11,6,11.305712050014042,Белая Площадь,kfm
7,2026-07-25,mega,bike,demand_layer,00:00,12:00,12,00:00-24:00,1,5,12,7,11.305712050014042,Белая Площадь,kfm
7,2026-07-25,mega,bike,demand_layer,09:00,18:00,9,00:00-24:00,1,3,9,6,23.711006641492414,Белая Площадь,kfm
7,2026-07-25,mega,bike,demand_layer,11:00,21:00,10,00:00-24:00,1,9,10,1,24.056879829412818,Белая Площадь,kfm
7,2026-07-25,mega,bike,demand_layer,12:00,24:00,12,00:00-24:00,1,12,12,0,27.720734235829838,Белая Площадь,kfm
8,2026-07-25,mega,auto,demand_layer,08:00,11:00,3,07:30-24:00,1,2,3,1,4.461093937505976,Усачева,kfm
8,2026-07-25,mega,auto,demand_layer,08:00,16:00,8,07:30-24:00,1,6,8,2,5.590764472934459,Усачева,kfm
8,2026-07-25,mega,auto,demand_layer,16:00,24:00,8,07:30-24:00,1,8,8,0,4.560234431925268,Усачева,kfm
8,2026-07-25,mega,bike,demand_layer,08:00,16:00,8,07:30-24:00,2,12,16,4,36.26409556144274,Усачева,kfm
8,2026-07-25,mega,bike,demand_layer,08:00,18:00,10,07:30-24:00,1,8,10,2,42.06050729972283,Усачева,kfm
8,2026-07-25,mega,bike,demand_layer,16:00,24:00,8,07:30-24:00,2,16,16,0,20.6274115214699,Усачева,kfm
9,2026-07-25,high,auto,demand_layer,08:00,16:00,8,08:00-24:00,2,12,16,4,11.482897738076282,КИНКИ,kfm
9,2026-07-25,high,auto,demand_layer,16:00,24:00,8,08:00-24:00,1,8,8,0,13.407344832979573,КИНКИ,kfm
9,2026-07-25,high,bike,demand_layer,08:00,16:00,8,08:00-24:00,1,6,8,2,6.75025897197996,КИНКИ,kfm
9,2026-07-25,high,bike,demand_layer,16:00,24:00,8,08:00-24:00,1,8,8,0,5.793157095652234,КИНКИ,kfm
99,2026-07-25,mega,bike,demand_layer,07:00,11:00,4,07:00-23:00,1,2,4,2,16.96481462506096,Опен Аркус,kfm
99,2026-07-25,mega,bike,demand_layer,07:00,14:00,7,07:00-23:00,3,12,21,9,33.40146559031988,Опен Аркус,kfm
99,2026-07-25,mega,bike,demand_layer,07:00,15:00,8,07:00-23:00,1,5,8,3,41.61979107294933,Опен Аркус,kfm
99,2026-07-25,mega,bike,demand_layer,07:00,16:00,9,07:00-23:00,1,6,9,3,54.8472048318301,Опен Аркус,kfm
99,2026-07-25,mega,bike,demand_layer,07:00,18:00,11,07:00-23:00,1,8,11,3,64.86538138433271,Опен Аркус,kfm
99,2026-07-25,mega,bike,demand_layer,14:00,21:00,7,07:00-23:00,3,21,21,0,46.356096073401545,Опен Аркус,kfm
99,2026-07-25,mega,bike,demand_layer,15:00,23:00,8,07:00-23:00,1,8,8,0,42.49699868142843,Опен Аркус,kfm
grp_102_125,2026-07-25,medium,auto,demand_layer,00:00,12:00,12,00:00-23:59,1,12,12,0,2.4039894216758464,Мясо&Рыба Тверская + Meraki,non_kfm
grp_102_125,2026-07-25,medium,auto,demand_layer,12:00,23:00,11,00:00-23:59,1,11,11,0,7.06125322248231,Мясо&Рыба Тверская + Meraki,non_kfm
grp_19_54,2026-07-25,medium,auto,demand_layer,08:00,18:00,10,08:00-24:00,2,12,20,8,11.382520435425757,Conversation Никитская + Maroon,non_kfm
grp_19_54,2026-07-25,medium,bike,demand_layer,08:00,16:00,8,08:00-24:00,1,4,8,4,0.5847498567437448,Conversation Никитская + Maroon,non_kfm
grp_19_54,2026-07-25,medium,bike,demand_layer,16:00,24:00,8,08:00-24:00,1,6,8,2,1.7748967462145515,Conversation Никитская + Maroon,non_kfm
grp_302_443,2026-07-25,medium,auto,demand_layer,10:00,22:00,12,10:00-22:00,1,10,12,2,1.3967832537986917,Ribambelle Шелепиха + Пинский доставка,non_kfm
grp_71_94,2026-07-25,medium,auto,demand_layer,12:00,23:00,11,12:00-23:59,1,5,11,6,1.3127859941602076,КО Medusa + КО Высота 5642,non_kfm
grp_71_94,2026-07-25,medium,bike,demand_layer,12:00,18:00,6,12:00-23:59,1,6,6,0,0.6628178723126136,КО Medusa + КО Высота 5642,non_kfm
1,2026-07-26,medium,bike,demand_layer,09:00,16:00,7,09:00-23:00,1,7,7,0,8.712330269808014,Wall Street,kfm
1,2026-07-26,medium,bike,demand_layer,16:00,23:00,7,09:00-23:00,1,7,7,0,7.6556744877594625,Wall Street,kfm
10,2026-07-26,medium,bike,demand_layer,08:00,16:00,8,08:00-23:30,1,8,8,0,13.841759757272435,Якиманка,kfm
10,2026-07-26,medium,bike,demand_layer,16:00,23:00,7,08:00-23:30,1,7,7,0,9.390414373223901,Якиманка,kfm
100,2026-07-26,medium,auto,demand_layer,10:00,18:00,8,10:00-22:00,1,6,8,2,0.5695048196385948,Колбасный Цех / Магадан,non_kfm
101,2026-07-26,high,auto,demand_layer,08:00,15:00,7,08:00-22:00,1,5,7,2,8.747072165025541,Алия,kfm
101,2026-07-26,high,auto,demand_layer,08:00,18:00,10,08:00-22:00,1,8,10,2,14.921564576701645,Алия,kfm
101,2026-07-26,high,auto,demand_layer,15:00,22:00,7,08:00-22:00,1,7,7,0,10.405111436762345,Алия,kfm
101,2026-07-26,high,bike,demand_layer,08:00,15:00,7,08:00-22:00,1,5,7,2,5.242643119606871,Алия,kfm
101,2026-07-26,high,bike,demand_layer,15:00,22:00,7,08:00-22:00,1,6,7,1,5.177302721261255,Алия,kfm
11,2026-07-26,medium,auto,demand_layer,00:00,07:00,7,22:00-07:00,5,32,35,3,20.275805654154354,Кутузовский,kfm
11,2026-07-26,medium,auto,demand_layer,22:00,24:00,2,22:00-07:00,1,2,2,0,1.9723990528062636,Кутузовский,kfm
114,2026-07-26,low,auto,demand_layer,10:00,17:00,7,10:00-23:59,1,2,7,5,0.3697248954269808,Bluefin Скаковая,non_kfm
114,2026-07-26,low,auto,demand_layer,17:00,23:00,6,10:00-23:59,1,5,6,1,0.5409469545933436,Bluefin Скаковая,non_kfm
115,2026-07-26,high,auto,demand_layer,07:00,14:00,7,07:00-23:00,3,10,21,11,9.479007962269844,Опен Символ,kfm
115,2026-07-26,high,auto,demand_layer,14:00,21:00,7,07:00-23:00,3,19,21,2,15.168280400613268,Опен Символ,kfm
115,2026-07-26,high,bike,demand_layer,07:00,11:00,4,07:00-23:00,1,2,4,2,4.133792805693436,Опен Символ,kfm
115,2026-07-26,high,bike,demand_layer,07:00,15:00,8,07:00-23:00,1,5,8,3,8.984109922472264,Опен Символ,kfm
115,2026-07-26,high,bike,demand_layer,15:00,23:00,8,07:00-23:00,1,8,8,0,7.376027291291985,Опен Символ,kfm
119,2026-07-26,medium,auto,demand_layer,11:00,23:00,12,11:00-23:00,1,11,12,1,2.2086730463311044,Bluefin Успенское,non_kfm
12,2026-07-26,high,auto,demand_layer,09:00,16:00,7,09:00-22:00,2,8,14,6,12.584550673291808,Хорошо,kfm
12,2026-07-26,high,auto,demand_layer,16:00,22:00,6,09:00-22:00,2,9,12,3,9.743493878470916,Хорошо,kfm
12,2026-07-26,high,bike,demand_layer,09:00,16:00,7,09:00-22:00,1,6,7,1,13.939743114089513,Хорошо,kfm
12,2026-07-26,high,bike,demand_layer,09:00,18:00,9,09:00-22:00,1,8,9,1,16.407787294543517,Хорошо,kfm
12,2026-07-26,high,bike,demand_layer,16:00,22:00,6,09:00-22:00,1,5,6,1,4.1669056923467025,Хорошо,kfm
123,2026-07-26,high,bike,demand_layer,08:00,15:00,7,08:00-23:00,1,5,7,2,7.267908951180782,Опен Нева,kfm
123,2026-07-26,high,bike,demand_layer,15:00,21:00,6,08:00-23:00,1,6,6,0,6.079250564851737,Опен Нева,kfm
126,2026-07-26,high,auto,demand_layer,07:00,16:00,9,07:00-23:00,1,6,9,3,5.444792749400783,Опен Покровка,kfm
126,2026-07-26,high,bike,demand_layer,07:00,14:00,7,07:00-23:00,1,4,7,3,9.118228349718429,Опен Покровка,kfm
126,2026-07-26,high,bike,demand_layer,07:00,15:00,8,07:00-23:00,1,5,8,3,11.305045484400662,Опен Покровка,kfm
126,2026-07-26,high,bike,demand_layer,07:00,18:00,11,07:00-23:00,1,3,11,8,21.562358271160512,Опен Покровка,kfm
126,2026-07-26,high,bike,demand_layer,14:00,21:00,7,07:00-23:00,1,7,7,0,16.370062612228182,Опен Покровка,kfm
126,2026-07-26,high,bike,demand_layer,15:00,23:00,8,07:00-23:00,1,8,8,0,15.024220159274423,Опен Покровка,kfm
127,2026-07-26,medium,bike,demand_layer,07:00,15:00,8,07:00-23:00,1,8,8,0,5.8401562616574125,БТ Покровка,kfm
127,2026-07-26,medium,bike,demand_layer,15:00,23:00,8,07:00-23:00,1,8,8,0,2.7078268283051425,БТ Покровка,kfm
128,2026-07-26,high,bike,demand_layer,08:00,15:00,7,08:00-24:00,1,5,7,2,20.77780749960948,Кофемания Лаки,kfm
128,2026-07-26,high,bike,demand_layer,08:00,16:00,8,08:00-24:00,1,6,8,2,27.19167371983115,Кофемания Лаки,kfm
128,2026-07-26,high,bike,demand_layer,15:00,21:00,6,08:00-24:00,1,6,6,0,20.546942628033765,Кофемания Лаки,kfm
128,2026-07-26,high,bike,demand_layer,16:00,24:00,8,08:00-24:00,1,8,8,0,18.16619489727725,Кофемания Лаки,kfm
137,2026-07-26,medium,bike,demand_layer,08:00,16:00,8,08:00-23:00,1,8,8,0,2.4603947741240697,БТ Мясницкая,kfm
137,2026-07-26,medium,bike,demand_layer,16:00,23:00,7,08:00-23:00,1,7,7,0,1.4418747388579,БТ Мясницкая,kfm
138,2026-07-26,medium,bike,demand_layer,08:00,16:00,8,08:00-23:00,1,8,8,0,2.3324743329754023,БТ Таганка,kfm
138,2026-07-26,medium,bike,demand_layer,16:00,23:00,7,08:00-23:00,1,7,7,0,1.5648838533690883,БТ Таганка,kfm
14,2026-07-26,high,auto,demand_layer,09:00,11:00,2,09:00-23:00,1,2,2,0,5.872512138413698,Метрополис,kfm
14,2026-07-26,high,auto,demand_layer,09:00,16:00,7,09:00-23:00,1,6,7,1,21.6362361917816,Метрополис,kfm
14,2026-07-26,high,auto,demand_layer,09:00,21:00,12,09:00-23:00,3,33,36,3,31.81180433833133,Метрополис,kfm
14,2026-07-26,high,auto,demand_layer,16:00,23:00,7,09:00-23:00,1,7,7,0,11.759055072678231,Метрополис,kfm
142,2026-07-26,medium,bike,demand_layer,08:00,16:00,8,08:00-23:59,1,8,8,0,9.506975190542317,RED7,kfm
142,2026-07-26,medium,bike,demand_layer,16:00,23:00,7,08:00-23:59,1,7,7,0,5.682415363858592,RED7,kfm
15,2026-07-26,medium,auto,demand_layer,00:00,06:00,6,00:00-24:00,1,6,6,0,4.08497881748164,Комсомолка,kfm
15,2026-07-26,medium,bike,demand_layer,00:00,12:00,12,00:00-24:00,1,6,12,6,4.637947647235684,Комсомолка,kfm
15,2026-07-26,medium,bike,demand_layer,12:00,24:00,12,00:00-24:00,1,12,12,0,3.6443770803902726,Комсомолка,kfm
16,2026-07-26,medium,bike,demand_layer,08:00,16:00,8,08:00-23:00,1,8,8,0,11.03919625950515,Мосфильм,kfm
16,2026-07-26,medium,bike,demand_layer,16:00,23:00,7,08:00-23:00,1,7,7,0,6.454976909850141,Мосфильм,kfm
17,2026-07-26,high,auto,demand_layer,08:00,15:00,7,08:00-22:00,3,15,21,6,15.77642287682065,Внуково,kfm
17,2026-07-26,high,auto,demand_layer,08:00,18:00,10,08:00-22:00,1,8,10,2,26.30922597134586,Внуково,kfm
17,2026-07-26,high,auto,demand_layer,15:00,22:00,7,08:00-22:00,3,19,21,2,17.77710568629576,Внуково,kfm
18,2026-07-26,medium,auto,demand_layer,08:00,15:00,7,08:00-22:00,2,14,14,0,21.61456254951634,Новая Рига,kfm
18,2026-07-26,medium,auto,demand_layer,08:00,18:00,10,08:00-22:00,2,12,20,8,32.98069394847608,Новая Рига,kfm
18,2026-07-26,medium,auto,demand_layer,15:00,22:00,7,08:00-22:00,2,14,14,0,16.806960667008518,Новая Рига,kfm
2,2026-07-26,high,bike,demand_layer,00:00,12:00,12,00:00-24:00,2,10,24,14,13.81509573026551,Кудринская,kfm
2,2026-07-26,high,bike,demand_layer,12:00,24:00,12,00:00-24:00,2,24,24,0,31.94879080367984,Кудринская,kfm
20,2026-07-26,medium,auto,demand_layer,09:00,16:00,7,09:00-22:00,1,7,7,0,12.743267827100413,Павлово,kfm
20,2026-07-26,medium,auto,demand_layer,09:00,18:00,9,09:00-22:00,1,9,9,0,16.638055315255947,Павлово,kfm
20,2026-07-26,medium,auto,demand_layer,16:00,22:00,6,09:00-22:00,1,6,6,0,9.405391950786537,Павлово,kfm
21,2026-07-26,high,auto,demand_layer,08:00,15:00,7,08:00-23:00,2,10,14,4,21.890606318393615,Горки-2,kfm
21,2026-07-26,high,auto,demand_layer,08:00,16:00,8,08:00-23:00,3,18,24,6,29.798108693994635,Горки-2,kfm
21,2026-07-26,high,auto,demand_layer,15:00,21:00,6,08:00-23:00,2,12,12,0,24.89701500855826,Горки-2,kfm
21,2026-07-26,high,auto,demand_layer,16:00,23:00,7,08:00-23:00,2,14,14,0,21.11528002289115,Горки-2,kfm
22,2026-07-26,medium,auto,demand_layer,12:00,23:00,11,12:00-23:30,1,5,11,6,0.7349344191972449,Жажда Крови,kfm
222,2026-07-26,low,auto,demand_layer,06:00,12:00,6,06:00-23:59,1,6,6,0,0.6228861091655682,Ирис Химки,non_kfm
25,2026-07-26,high,bike,demand_layer,08:00,16:00,8,08:00-24:00,2,12,16,4,14.982694517605527,Весна,kfm
25,2026-07-26,high,bike,demand_layer,16:00,24:00,8,08:00-24:00,1,8,8,0,10.173517143031383,Весна,kfm
26,2026-07-26,medium,bike,demand_layer,08:00,16:00,8,08:00-23:00,1,8,8,0,12.902213865546296,Тверская,kfm
26,2026-07-26,medium,bike,demand_layer,16:00,23:00,7,08:00-23:00,1,7,7,0,8.787647887822532,Тверская,kfm
27,2026-07-26,medium,bike,demand_layer,08:00,16:00,8,08:00-23:30,1,8,8,0,0.9223723730234135,4 Ветра,kfm
27,2026-07-26,medium,bike,demand_layer,16:00,23:00,7,08:00-23:30,1,7,7,0,1.017066534740316,4 Ветра,kfm
28,2026-07-26,medium,bike,demand_layer,10:00,17:00,7,10:00-23:00,1,5,7,2,1.016330226182531,Гранд,kfm
28,2026-07-26,medium,bike,demand_layer,17:00,23:00,6,10:00-23:00,1,6,6,0,0.6372795138250645,Гранд,kfm
29,2026-07-26,mega,auto,demand_layer,07:00,11:00,4,07:00-22:00,1,2,4,2,13.299918510314678,Украинский,kfm
29,2026-07-26,mega,auto,demand_layer,07:00,15:00,8,07:00-22:00,5,25,40,15,30.099851062333954,Украинский,kfm
29,2026-07-26,mega,auto,demand_layer,07:00,16:00,9,07:00-22:00,1,6,9,3,39.03056008083951,Украинский,kfm
29,2026-07-26,mega,auto,demand_layer,07:00,18:00,11,07:00-22:00,1,8,11,3,45.692023083171094,Украинский,kfm
29,2026-07-26,mega,auto,demand_layer,15:00,22:00,7,07:00-22:00,5,31,35,4,27.454831369509165,Украинский,kfm
29,2026-07-26,mega,bike,demand_layer,07:00,15:00,8,07:00-22:00,1,5,8,3,8.51523430054645,Украинский,kfm
29,2026-07-26,mega,bike,demand_layer,07:00,16:00,9,07:00-22:00,1,4,9,5,12.033992775980016,Украинский,kfm
29,2026-07-26,mega,bike,demand_layer,15:00,22:00,7,07:00-22:00,1,6,7,1,9.859761219283095,Украинский,kfm
30,2026-07-26,mega,auto,demand_layer,08:00,16:00,8,08:00-24:00,3,18,24,6,16.24243137495379,Черёмушки,kfm
30,2026-07-26,mega,auto,demand_layer,16:00,24:00,8,08:00-24:00,2,16,16,0,13.34560923296943,Черёмушки,kfm
30,2026-07-26,mega,bike,demand_layer,08:00,15:00,7,08:00-24:00,2,10,14,4,15.050636789511014,Черёмушки,kfm
30,2026-07-26,mega,bike,demand_layer,15:00,21:00,6,08:00-24:00,2,12,12,0,14.034961346415805,Черёмушки,kfm
301,2026-07-26,medium,auto,demand_layer,12:00,23:00,11,12:00-23:00,1,5,11,6,0.9291987751515141,Биродром и Панчетта Дежнева,non_kfm
33,2026-07-26,high,auto,demand_layer,08:00,11:00,3,08:00-23:00,1,2,3,1,3.004461272649088,Даниловский,kfm
33,2026-07-26,high,auto,demand_layer,08:00,16:00,8,08:00-23:00,1,6,8,2,9.32682546578249,Даниловский,kfm
33,2026-07-26,high,auto,demand_layer,16:00,23:00,7,08:00-23:00,1,7,7,0,6.826130066959789,Даниловский,kfm
33,2026-07-26,high,bike,demand_layer,08:00,15:00,7,08:00-23:00,2,10,14,4,14.374180559216073,Даниловский,kfm
33,2026-07-26,high,bike,demand_layer,15:00,21:00,6,08:00-23:00,2,12,12,0,12.093982686057638,Даниловский,kfm
335,2026-07-26,low,auto,demand_layer,12:00,24:00,12,00:00-24:00,1,6,12,6,1.735018657968489,Кутузовский (Не использовать),kfm
335,2026-07-26,low,bike,demand_layer,00:00,06:00,6,00:00-24:00,1,6,6,0,8.493460950226398,Кутузовский (Не использовать),kfm
335,2026-07-26,low,bike,demand_layer,00:00,12:00,12,00:00-24:00,1,12,12,0,9.837106345644926,Кутузовский (Не использовать),kfm
34,2026-07-26,medium,auto,demand_layer,00:00,07:00,7,22:00-07:00,1,7,7,0,5.955799832640741,Аркус,kfm
34,2026-07-26,medium,bike,demand_layer,22:00,24:00,2,22:00-07:00,1,2,2,0,0.24230619488262614,Аркус,kfm
348,2026-07-26,medium,auto,demand_layer,08:00,15:00,7,08:00-21:00,1,7,7,0,8.211360452370034,Рига Холл,kfm
348,2026-07-26,medium,auto,demand_layer,08:00,18:00,10,08:00-21:00,1,6,10,4,12.434886750457377,Рига Холл,kfm
348,2026-07-26,medium,auto,demand_layer,15:00,21:00,6,08:00-21:00,1,6,6,0,6.600794214743834,Рига Холл,kfm
35,2026-07-26,high,auto,demand_layer,08:00,15:00,7,08:00-23:00,1,5,7,2,16.434015920736915,Ленинский,kfm
35,2026-07-26,high,auto,demand_layer,08:00,16:00,8,08:00-23:00,2,12,16,4,21.745518226305546,Ленинский,kfm
35,2026-07-26,high,auto,demand_layer,15:00,21:00,6,08:00-23:00,1,6,6,0,15.603300033386477,Ленинский,kfm
35,2026-07-26,high,auto,demand_layer,16:00,23:00,7,08:00-23:00,1,7,7,0,12.827187103935538,Ленинский,kfm
35,2026-07-26,high,bike,demand_layer,08:00,15:00,7,08:00-23:00,1,5,7,2,11.958039003757083,Ленинский,kfm
35,2026-07-26,high,bike,demand_layer,08:00,16:00,8,08:00-23:00,1,6,8,2,15.604430859204646,Ленинский,kfm
35,2026-07-26,high,bike,demand_layer,15:00,21:00,6,08:00-23:00,1,6,6,0,10.795499191338873,Ленинский,kfm
35,2026-07-26,high,bike,demand_layer,16:00,23:00,7,08:00-23:00,1,7,7,0,7.542529825288884,Ленинский,kfm
36,2026-07-26,medium,auto,demand_layer,08:00,16:00,8,08:00-23:00,1,8,8,0,0.8911217145448078,Friends Forever Botanica,non_kfm
36,2026-07-26,medium,auto,demand_layer,16:00,23:00,7,08:00-23:00,1,7,7,0,0.6697048651228847,Friends Forever Botanica,non_kfm
37,2026-07-26,medium,bike,demand_layer,08:00,16:00,8,07:30-24:00,1,8,8,0,10.559670179881895,БТ Усачева,kfm
37,2026-07-26,medium,bike,demand_layer,16:00,24:00,8,07:30-24:00,1,8,8,0,4.311863677042682,БТ Усачева,kfm
38,2026-07-26,medium,bike,demand_layer,08:00,16:00,8,08:00-23:00,1,8,8,0,10.416284552438627,Нева,kfm
38,2026-07-26,medium,bike,demand_layer,16:00,23:00,7,08:00-23:00,1,7,7,0,8.644155175758748,Нева,kfm
39,2026-07-26,mega,auto,demand_layer,08:00,11:00,3,08:00-23:00,1,2,3,1,7.376144488778153,Гребной,kfm
39,2026-07-26,mega,auto,demand_layer,08:00,15:00,7,08:00-23:00,2,10,14,4,18.960136322867715,Гребной,kfm
39,2026-07-26,mega,auto,demand_layer,15:00,21:00,6,08:00-23:00,2,12,12,0,17.72598846048582,Гребной,kfm
39,2026-07-26,mega,bike,demand_layer,08:00,15:00,7,08:00-23:00,1,5,7,2,11.513544826192188,Гребной,kfm
39,2026-07-26,mega,bike,demand_layer,08:00,16:00,8,08:00-23:00,1,6,8,2,15.358616026791458,Гребной,kfm
39,2026-07-26,mega,bike,demand_layer,15:00,21:00,6,08:00-23:00,1,6,6,0,11.139023272877917,Гребной,kfm
39,2026-07-26,mega,bike,demand_layer,16:00,23:00,7,08:00-23:00,1,7,7,0,7.917061375020814,Гребной,kfm
4,2026-07-26,high,auto,demand_layer,10:00,17:00,7,10:00-24:00,1,5,7,2,5.23861181891032,Аврора,kfm
4,2026-07-26,high,auto,demand_layer,17:00,24:00,7,10:00-24:00,2,13,14,1,5.400960220912042,Аврора,kfm
4,2026-07-26,high,bike,demand_layer,10:00,17:00,7,10:00-24:00,1,6,7,1,20.480264518010813,Аврора,kfm
4,2026-07-26,high,bike,demand_layer,10:00,18:00,8,10:00-24:00,1,6,8,2,22.64586667147112,Аврора,kfm
4,2026-07-26,high,bike,demand_layer,10:00,21:00,11,10:00-24:00,1,10,11,1,28.87948775869199,Аврора,kfm
4,2026-07-26,high,bike,demand_layer,17:00,24:00,7,10:00-24:00,1,7,7,0,10.824841330952605,Аврора,kfm
40,2026-07-26,medium,bike,demand_layer,09:00,19:00,10,09:00-19:00,1,9,10,1,2.1870642166397167,БТ Аркус,kfm
434,2026-07-26,medium,auto,demand_layer,08:00,15:00,7,08:00-22:00,2,14,14,0,16.075418887157806,Сколково,kfm
434,2026-07-26,medium,auto,demand_layer,08:00,18:00,10,08:00-22:00,1,6,10,4,25.47067731440425,Сколково,kfm
434,2026-07-26,medium,auto,demand_layer,15:00,22:00,7,08:00-22:00,2,14,14,0,15.074889609966842,Сколково,kfm
46,2026-07-26,medium,bike,demand_layer,10:00,18:00,8,10:00-22:00,1,8,8,0,1.538356836680003,БТ Павелецкая Плаза,kfm
47,2026-07-26,medium,bike,demand_layer,08:00,15:00,7,08:00-21:00,1,7,7,0,4.474322290554971,БТ Царская Площадь,kfm
47,2026-07-26,medium,bike,demand_layer,15:00,21:00,6,08:00-21:00,1,6,6,0,2.4535396975478085,БТ Царская Площадь,kfm
479,2026-07-26,medium,auto,demand_layer,00:00,06:00,6,00:00-24:00,1,6,6,0,2.634419112425463,Покровка,kfm
479,2026-07-26,medium,bike,demand_layer,00:00,12:00,12,00:00-24:00,1,6,12,6,4.689961096706482,Покровка,kfm
479,2026-07-26,medium,bike,demand_layer,12:00,24:00,12,00:00-24:00,1,12,12,0,2.8285042888510814,Покровка,kfm
5,2026-07-26,medium,auto,demand_layer,00:00,06:00,6,00:00-24:00,1,6,6,0,2.4560780044691795,Покровка (не использовать),kfm
5,2026-07-26,medium,bike,demand_layer,00:00,12:00,12,00:00-24:00,1,6,12,6,3.363501727634312,Покровка (не использовать),kfm
5,2026-07-26,medium,bike,demand_layer,12:00,24:00,12,00:00-24:00,1,12,12,0,1.5091328699682847,Покровка (не использовать),kfm
51,2026-07-26,medium,bike,demand_layer,08:00,15:00,7,08:00-22:00,1,7,7,0,1.3527270807958787,БТ Новинский,kfm
51,2026-07-26,medium,bike,demand_layer,15:00,22:00,7,08:00-22:00,1,7,7,0,1.0787354771632853,БТ Новинский,kfm
516,2026-07-26,low,auto,demand_layer,09:00,18:00,9,09:00-22:00,1,9,9,0,0.8648964693574662,La Raquette by Pinskiy&Co,non_kfm
558,2026-07-26,low,auto,demand_layer,12:00,23:00,11,12:00-23:30,1,5,11,6,0.6306650956744725,ЮГ 22,non_kfm
560,2026-07-26,low,auto,demand_layer,10:00,22:00,12,10:00-22:00,1,4,12,8,0.6929702993099636,Пафос,non_kfm
597,2026-07-26,low,auto,demand_layer,16:00,22:00,6,09:00-22:30,1,4,6,2,0.42000660302743414,Rockets Тверской,non_kfm
6,2026-07-26,mega,auto,demand_layer,00:00,12:00,12,00:00-24:00,1,8,12,4,8.279004540058041,Неглинная,kfm
6,2026-07-26,mega,auto,demand_layer,12:00,24:00,12,00:00-24:00,1,12,12,0,13.284463406450739,Неглинная,kfm
6,2026-07-26,mega,bike,demand_layer,00:00,09:00,9,00:00-24:00,1,1,9,8,4.045455225122389,Неглинная,kfm
6,2026-07-26,mega,bike,demand_layer,00:00,11:00,11,00:00-24:00,1,3,11,8,10.966858517988566,Неглинная,kfm
6,2026-07-26,mega,bike,demand_layer,00:00,12:00,12,00:00-24:00,1,5,12,7,10.966858517988566,Неглинная,kfm
6,2026-07-26,mega,bike,demand_layer,09:00,18:00,9,00:00-24:00,1,3,9,6,23.27979491713348,Неглинная,kfm
6,2026-07-26,mega,bike,demand_layer,11:00,21:00,10,00:00-24:00,1,9,10,1,21.361348680707057,Неглинная,kfm
6,2026-07-26,mega,bike,demand_layer,12:00,24:00,12,00:00-24:00,1,12,12,0,23.13674612115443,Неглинная,kfm
69,2026-07-26,mega,auto,demand_layer,08:00,15:00,7,08:00-23:00,1,5,7,2,22.4099299157357,Опен Мичуринский,kfm
69,2026-07-26,mega,auto,demand_layer,08:00,16:00,8,08:00-23:00,2,12,16,4,29.80244931964433,Опен Мичуринский,kfm
69,2026-07-26,mega,auto,demand_layer,08:00,18:00,10,08:00-23:00,1,8,10,2,35.4393896519725,Опен Мичуринский,kfm
69,2026-07-26,mega,auto,demand_layer,15:00,21:00,6,08:00-23:00,1,6,6,0,20.091922354173725,Опен Мичуринский,kfm
69,2026-07-26,mega,auto,demand_layer,16:00,23:00,7,08:00-23:00,1,7,7,0,15.575500546742676,Опен Мичуринский,kfm
69,2026-07-26,mega,bike,demand_layer,08:00,15:00,7,08:00-23:00,2,10,14,4,29.970272483234503,Опен Мичуринский,kfm
69,2026-07-26,mega,bike,demand_layer,08:00,16:00,8,08:00-23:00,1,6,8,2,40.3075885447466,Опен Мичуринский,kfm
69,2026-07-26,mega,bike,demand_layer,08:00,18:00,10,08:00-23:00,1,8,10,2,48.47540004669148,Опен Мичуринский,kfm
69,2026-07-26,mega,bike,demand_layer,15:00,21:00,6,08:00-23:00,2,12,12,0,31.158706420593987,Опен Мичуринский,kfm
69,2026-07-26,mega,bike,demand_layer,16:00,23:00,7,08:00-23:00,1,7,7,0,23.697487955559474,Опен Мичуринский,kfm
7,2026-07-26,mega,auto,demand_layer,00:00,07:00,7,00:00-24:00,1,1,7,6,15.354292980159247,Белая Площадь,kfm
7,2026-07-26,mega,auto,demand_layer,00:00,08:00,8,00:00-24:00,1,1,8,7,15.35429298015925,Белая Площадь,kfm
7,2026-07-26,mega,auto,demand_layer,00:00,12:00,12,00:00-24:00,1,9,12,3,18.867675467826523,Белая Площадь,kfm
7,2026-07-26,mega,auto,demand_layer,08:00,16:00,8,00:00-24:00,1,6,8,2,8.708195754969438,Белая Площадь,kfm
7,2026-07-26,mega,auto,demand_layer,12:00,24:00,12,00:00-24:00,1,12,12,0,12.520093267940693,Белая Площадь,kfm
7,2026-07-26,mega,bike,demand_layer,00:00,11:00,11,00:00-24:00,1,5,11,6,10.320308758997218,Белая Площадь,kfm
7,2026-07-26,mega,bike,demand_layer,00:00,12:00,12,00:00-24:00,1,5,12,7,10.320308758997218,Белая Площадь,kfm
7,2026-07-26,mega,bike,demand_layer,09:00,18:00,9,00:00-24:00,1,3,9,6,22.679370122227798,Белая Площадь,kfm
7,2026-07-26,mega,bike,demand_layer,11:00,21:00,10,00:00-24:00,1,9,10,1,24.033128473930333,Белая Площадь,kfm
7,2026-07-26,mega,bike,demand_layer,12:00,24:00,12,00:00-24:00,1,12,12,0,27.324566834560713,Белая Площадь,kfm
8,2026-07-26,mega,auto,demand_layer,08:00,11:00,3,07:30-24:00,1,2,3,1,3.867896326661557,Усачева,kfm
8,2026-07-26,mega,auto,demand_layer,08:00,16:00,8,07:30-24:00,1,6,8,2,4.989380230090917,Усачева,kfm
8,2026-07-26,mega,auto,demand_layer,16:00,24:00,8,07:30-24:00,1,8,8,0,4.450171691973662,Усачева,kfm
8,2026-07-26,mega,bike,demand_layer,08:00,16:00,8,07:30-24:00,3,16,24,8,38.405822504567254,Усачева,kfm
8,2026-07-26,mega,bike,demand_layer,08:00,18:00,10,07:30-24:00,1,8,10,2,44.09926994918264,Усачева,kfm
8,2026-07-26,mega,bike,demand_layer,16:00,24:00,8,07:30-24:00,2,16,16,0,20.520095475407196,Усачева,kfm
9,2026-07-26,high,auto,demand_layer,08:00,16:00,8,08:00-23:00,2,10,16,6,10.264326913905045,КИНКИ,kfm
9,2026-07-26,high,auto,demand_layer,16:00,23:00,7,08:00-23:00,1,7,7,0,11.618836937207162,КИНКИ,kfm
9,2026-07-26,high,bike,demand_layer,08:00,16:00,8,08:00-23:00,1,6,8,2,5.998613192248831,КИНКИ,kfm
9,2026-07-26,high,bike,demand_layer,16:00,23:00,7,08:00-23:00,1,7,7,0,5.175337767040435,КИНКИ,kfm
99,2026-07-26,mega,bike,demand_layer,07:00,11:00,4,07:00-23:00,1,2,4,2,13.915400190955292,Опен Аркус,kfm
99,2026-07-26,mega,bike,demand_layer,07:00,14:00,7,07:00-23:00,3,12,21,9,30.20578810759464,Опен Аркус,kfm
99,2026-07-26,mega,bike,demand_layer,07:00,15:00,8,07:00-23:00,1,5,8,3,38.35098206591431,Опен Аркус,kfm
99,2026-07-26,mega,bike,demand_layer,07:00,18:00,11,07:00-23:00,1,8,11,3,60.83313815875432,Опен Аркус,kfm
99,2026-07-26,mega,bike,demand_layer,14:00,21:00,7,07:00-23:00,3,21,21,0,46.06795392378744,Опен Аркус,kfm
99,2026-07-26,mega,bike,demand_layer,15:00,23:00,8,07:00-23:00,1,8,8,0,42.305079433457905,Опен Аркус,kfm
grp_102_125,2026-07-26,medium,auto,demand_layer,00:00,12:00,12,00:00-23:59,1,12,12,0,2.311934769226015,Мясо&Рыба Тверская + Meraki,non_kfm
grp_102_125,2026-07-26,medium,auto,demand_layer,12:00,23:00,11,00:00-23:59,1,11,11,0,9.397320206961249,Мясо&Рыба Тверская + Meraki,non_kfm
grp_19_54,2026-07-26,medium,auto,demand_layer,08:00,16:00,8,08:00-24:00,1,4,8,4,9.246531999985212,Conversation Никитская + Maroon,non_kfm
grp_19_54,2026-07-26,medium,auto,demand_layer,08:00,18:00,10,08:00-24:00,2,12,20,8,13.494505171142741,Conversation Никитская + Maroon,non_kfm
grp_19_54,2026-07-26,medium,auto,demand_layer,16:00,24:00,8,08:00-24:00,1,8,8,0,11.41023474373381,Conversation Никитская + Maroon,non_kfm
grp_19_54,2026-07-26,medium,bike,demand_layer,08:00,16:00,8,08:00-24:00,1,4,8,4,0.5640924418848774,Conversation Никитская + Maroon,non_kfm
grp_19_54,2026-07-26,medium,bike,demand_layer,16:00,24:00,8,08:00-24:00,1,6,8,2,2.688610909180826,Conversation Никитская + Maroon,non_kfm
grp_302_443,2026-07-26,medium,auto,demand_layer,10:00,22:00,12,10:00-22:00,1,10,12,2,1.1081170981740947,Ribambelle Шелепиха + Пинский доставка,non_kfm
grp_71_94,2026-07-26,medium,auto,demand_layer,12:00,23:00,11,12:00-23:59,1,5,11,6,1.3127859941602076,КО Medusa + КО Высота 5642,non_kfm
grp_71_94,2026-07-26,medium,bike,demand_layer,12:00,18:00,6,12:00-23:59,1,6,6,0,0.6628178723126136,КО Medusa + КО Высота 5642,non_kfm
