source_location_id,location_name,planning_location_id,planning_location_name,segment,segment_source,time_segment,vehicle_type,delivery_hour,hour_window,orders_count,average_minutes,median_minutes,p70_minutes,p80_minutes,p90_minutes,min_minutes,max_minutes,std_minutes
1,Wall Street,1,Wall Street,medium,week_model,block_06_12,bike,8,08:00-09:00,13,8.26,7.43,8.17,8.58,10.51,3.11,22.56,4.73
1,Wall Street,1,Wall Street,medium,week_model,block_06_12,bike,9,09:00-10:00,41,7.62,6.54,8.78,10.69,13.87,1.87,18.73,4.06
1,Wall Street,1,Wall Street,medium,week_model,block_06_12,auto,10,10:00-11:00,2,7.97,7.97,8.98,9.49,10.0,5.43,10.51,3.6
1,Wall Street,1,Wall Street,medium,week_model,block_06_12,bike,10,10:00-11:00,49,6.34,6.31,7.56,8.59,10.25,0.12,14.6,3.16
1,Wall Street,1,Wall Street,medium,week_model,block_06_12,bike,11,11:00-12:00,46,6.28,6.42,7.53,8.33,10.85,0.04,14.82,3.28
1,Wall Street,1,Wall Street,medium,week_model,block_12_18,bike,12,12:00-13:00,42,6.86,5.97,8.19,8.89,10.81,0.09,21.07,4.14
1,Wall Street,1,Wall Street,medium,week_model,block_12_18,bike,13,13:00-14:00,52,7.53,6.79,8.79,9.58,13.24,0.4,22.32,3.93
1,Wall Street,1,Wall Street,medium,week_model,block_12_18,bike,14,14:00-15:00,45,6.77,5.54,7.03,8.6,11.53,1.73,19.61,3.81
1,Wall Street,1,Wall Street,medium,week_model,block_12_18,bike,15,15:00-16:00,42,7.64,7.0,8.16,9.94,12.78,3.15,16.19,3.1
1,Wall Street,1,Wall Street,medium,week_model,block_12_18,bike,16,16:00-17:00,22,7.61,6.31,9.24,10.57,15.27,0.06,17.39,4.65
1,Wall Street,1,Wall Street,medium,week_model,block_12_18,bike,17,17:00-18:00,17,6.64,5.96,7.62,9.26,9.48,4.07,10.04,2.02
1,Wall Street,1,Wall Street,medium,week_model,block_18_24,bike,18,18:00-19:00,22,9.45,7.74,10.61,10.97,13.97,1.49,30.85,5.91
1,Wall Street,1,Wall Street,medium,week_model,block_18_24,auto,19,19:00-20:00,1,14.03,14.03,14.03,14.03,14.03,14.03,14.03,
1,Wall Street,1,Wall Street,medium,week_model,block_18_24,bike,19,19:00-20:00,32,7.98,7.54,9.13,9.91,11.29,3.18,18.75,3.0
1,Wall Street,1,Wall Street,medium,week_model,block_18_24,auto,20,20:00-21:00,2,3.75,3.75,4.05,4.2,4.35,3.0,4.5,1.06
1,Wall Street,1,Wall Street,medium,week_model,block_18_24,bike,20,20:00-21:00,28,6.88,6.31,7.91,8.82,11.28,1.07,12.24,2.74
1,Wall Street,1,Wall Street,medium,week_model,block_18_24,auto,21,21:00-22:00,6,5.79,5.99,7.25,7.57,8.02,3.19,8.46,2.2
1,Wall Street,1,Wall Street,medium,week_model,block_18_24,bike,21,21:00-22:00,12,7.12,7.45,9.29,9.7,10.29,0.23,11.33,3.25
1,Wall Street,1,Wall Street,medium,week_model,block_18_24,auto,22,22:00-23:00,5,10.35,9.46,10.85,12.15,14.06,6.68,15.96,3.54
1,Wall Street,1,Wall Street,medium,week_model,block_18_24,bike,22,22:00-23:00,9,7.42,7.44,8.6,9.17,10.71,3.19,13.54,3.18
10,Якиманка,10,Якиманка,medium,week_model,block_06_12,bike,8,08:00-09:00,66,7.82,7.33,8.67,9.83,11.52,0.59,22.02,3.78
10,Якиманка,10,Якиманка,medium,week_model,block_06_12,bike,9,09:00-10:00,79,6.68,6.48,7.23,7.87,10.39,0.65,16.63,2.85
10,Якиманка,10,Якиманка,medium,week_model,block_06_12,auto,10,10:00-11:00,2,17.08,17.08,19.9,21.3,22.71,10.04,24.12,9.96
10,Якиманка,10,Якиманка,medium,week_model,block_06_12,bike,10,10:00-11:00,106,6.08,5.48,6.91,7.47,9.3,0.95,25.13,3.57
10,Якиманка,10,Якиманка,medium,week_model,block_06_12,bike,11,11:00-12:00,82,6.48,6.24,7.42,8.54,9.84,1.01,17.74,2.94
10,Якиманка,10,Якиманка,medium,week_model,block_12_18,bike,12,12:00-13:00,99,5.87,5.81,7.08,7.64,8.81,0.04,13.03,2.5
10,Якиманка,10,Якиманка,medium,week_model,block_12_18,bike,13,13:00-14:00,86,6.67,5.73,7.15,9.25,10.9,0.46,21.19,3.95
10,Якиманка,10,Якиманка,medium,week_model,block_12_18,bike,14,14:00-15:00,78,6.21,5.59,7.43,8.02,9.92,0.45,17.57,2.92
10,Якиманка,10,Якиманка,medium,week_model,block_12_18,bike,15,15:00-16:00,85,6.45,5.53,7.92,8.99,11.77,0.07,24.78,3.86
10,Якиманка,10,Якиманка,medium,week_model,block_12_18,auto,16,16:00-17:00,1,13.69,13.69,13.69,13.69,13.69,13.69,13.69,
10,Якиманка,10,Якиманка,medium,week_model,block_12_18,bike,16,16:00-17:00,47,6.83,6.09,7.06,8.07,10.2,2.02,22.74,3.48
10,Якиманка,10,Якиманка,medium,week_model,block_12_18,auto,17,17:00-18:00,1,30.48,30.48,30.48,30.48,30.48,30.48,30.48,
10,Якиманка,10,Якиманка,medium,week_model,block_12_18,bike,17,17:00-18:00,67,6.27,5.79,7.6,9.17,10.57,0.16,12.0,2.88
10,Якиманка,10,Якиманка,medium,week_model,block_18_24,bike,18,18:00-19:00,47,6.92,6.15,7.77,9.08,11.28,0.43,19.18,3.83
10,Якиманка,10,Якиманка,medium,week_model,block_18_24,bike,19,19:00-20:00,49,6.95,5.64,7.62,9.59,12.24,0.34,30.01,4.65
10,Якиманка,10,Якиманка,medium,week_model,block_18_24,bike,20,20:00-21:00,50,6.26,5.43,7.15,8.27,10.86,1.19,15.05,3.15
10,Якиманка,10,Якиманка,medium,week_model,block_18_24,bike,21,21:00-22:00,36,5.93,5.63,6.62,7.34,10.04,0.11,10.92,2.53
10,Якиманка,10,Якиманка,medium,week_model,block_18_24,bike,22,22:00-23:00,10,7.17,6.92,7.89,8.66,10.08,4.12,11.61,2.36
10,Якиманка,10,Якиманка,medium,week_model,block_18_24,bike,23,23:00-24:00,1,7.71,7.71,7.71,7.71,7.71,7.71,7.71,
101,Алия,101,Алия,medium,week_model,block_06_12,auto,8,08:00-09:00,32,17.91,15.15,19.57,22.73,28.28,5.03,41.54,7.77
101,Алия,101,Алия,medium,week_model,block_06_12,auto,9,09:00-10:00,72,16.13,13.96,17.25,20.63,31.62,0.11,63.01,10.48
101,Алия,101,Алия,medium,week_model,block_06_12,auto,10,10:00-11:00,53,16.36,15.43,19.68,25.82,29.05,2.66,37.51,8.78
101,Алия,101,Алия,medium,week_model,block_06_12,auto,11,11:00-12:00,95,17.4,16.44,21.8,24.27,30.34,2.6,62.09,10.07
101,Алия,101,Алия,medium,week_model,block_12_18,auto,12,12:00-13:00,69,17.09,17.27,20.94,23.72,28.77,0.05,51.18,9.78
101,Алия,101,Алия,medium,week_model,block_12_18,auto,13,13:00-14:00,75,16.21,16.89,20.53,22.21,26.49,1.09,38.42,8.06
101,Алия,101,Алия,medium,week_model,block_12_18,auto,14,14:00-15:00,68,16.14,16.27,19.3,21.6,24.45,0.75,58.19,9.41
101,Алия,101,Алия,medium,week_model,block_12_18,auto,15,15:00-16:00,80,16.52,15.54,18.22,20.28,25.4,3.59,44.43,7.12
101,Алия,101,Алия,medium,week_model,block_12_18,auto,16,16:00-17:00,49,16.93,16.62,19.89,21.45,24.24,1.19,41.99,7.56
101,Алия,101,Алия,medium,week_model,block_12_18,auto,17,17:00-18:00,52,16.76,15.66,19.45,23.89,29.9,0.3,57.55,11.12
101,Алия,101,Алия,medium,week_model,block_18_24,auto,18,18:00-19:00,52,21.8,21.11,25.93,31.97,35.44,1.39,47.66,10.77
101,Алия,101,Алия,medium,week_model,block_18_24,auto,19,19:00-20:00,61,17.43,17.39,20.83,23.73,26.65,0.29,45.0,8.82
101,Алия,101,Алия,medium,week_model,block_18_24,auto,20,20:00-21:00,46,16.51,15.49,18.98,21.08,22.89,3.03,35.1,6.03
101,Алия,101,Алия,medium,week_model,block_18_24,auto,21,21:00-22:00,47,15.6,15.73,19.18,21.7,25.81,0.52,51.87,9.85
101,Алия,101,Алия,medium,week_model,block_18_24,auto,22,22:00-23:00,12,17.4,16.44,21.2,22.52,23.46,10.34,27.71,5.69
101,Алия,101,Алия,medium,week_model,block_18_24,auto,23,23:00-24:00,1,19.58,19.58,19.58,19.58,19.58,19.58,19.58,
102,Мясо&Рыба Тверская,29,Украинский,mega,week_model,deep_night,auto,0,00:00-01:00,9,20.42,21.6,22.36,23.79,26.92,4.61,32.53,7.52
102,Мясо&Рыба Тверская,29,Украинский,mega,week_model,deep_night,auto,1,01:00-02:00,9,24.32,25.29,26.43,29.8,34.39,6.02,35.62,8.59
102,Мясо&Рыба Тверская,29,Украинский,mega,week_model,deep_night,auto,2,02:00-03:00,3,19.44,15.68,20.78,23.33,25.88,14.22,28.42,7.81
102,Мясо&Рыба Тверская,29,Украинский,mega,week_model,deep_night,auto,3,03:00-04:00,2,28.21,28.21,28.88,29.21,29.54,26.54,29.88,2.36
102,Мясо&Рыба Тверская,29,Украинский,mega,week_model,deep_night,auto,4,04:00-05:00,1,3.27,3.27,3.27,3.27,3.27,3.27,3.27,
102,Мясо&Рыба Тверская,29,Украинский,mega,week_model,deep_night,auto,5,05:00-06:00,5,14.6,17.1,19.76,20.64,21.09,1.62,21.53,8.09
102,Мясо&Рыба Тверская,29,Украинский,mega,week_model,opening,auto,6,06:00-07:00,2,29.06,29.06,29.53,29.76,30.0,27.88,30.23,1.67
102,Мясо&Рыба Тверская,29,Украинский,mega,week_model,opening,auto,7,07:00-08:00,3,14.3,15.22,15.35,15.41,15.47,12.15,15.54,1.87
102,Мясо&Рыба Тверская,29,Украинский,mega,week_model,early_morning,auto,8,08:00-09:00,2,20.21,20.21,23.46,25.08,26.71,12.09,28.33,11.49
102,Мясо&Рыба Тверская,29,Украинский,mega,week_model,morning,auto,9,09:00-10:00,2,34.83,34.83,41.15,44.31,47.48,19.01,50.64,22.36
102,Мясо&Рыба Тверская,29,Украинский,mega,week_model,morning,auto,10,10:00-11:00,2,31.5,31.5,31.61,31.67,31.72,31.23,31.77,0.38
102,Мясо&Рыба Тверская,29,Украинский,mega,week_model,lunch,auto,11,11:00-12:00,2,31.8,31.8,32.0,32.11,32.21,31.28,32.31,0.73
102,Мясо&Рыба Тверская,29,Украинский,mega,week_model,lunch,auto,12,12:00-13:00,4,25.02,23.44,25.11,28.13,31.16,19.01,34.18,6.48
102,Мясо&Рыба Тверская,29,Украинский,mega,week_model,lunch,bike,12,12:00-13:00,2,8.09,8.09,9.0,9.45,9.9,5.83,10.36,3.2
102,Мясо&Рыба Тверская,29,Украинский,mega,week_model,lunch,auto,13,13:00-14:00,5,23.23,26.07,29.77,30.9,31.32,4.11,31.73,11.2
102,Мясо&Рыба Тверская,29,Украинский,mega,week_model,lunch,auto,14,14:00-15:00,1,40.33,40.33,40.33,40.33,40.33,40.33,40.33,
102,Мясо&Рыба Тверская,29,Украинский,mega,week_model,afternoon,auto,15,15:00-16:00,7,24.21,23.52,26.63,31.15,34.1,13.18,36.26,8.03
102,Мясо&Рыба Тверская,29,Украинский,mega,week_model,afternoon,bike,15,15:00-16:00,1,4.97,4.97,4.97,4.97,4.97,4.97,4.97,
102,Мясо&Рыба Тверская,29,Украинский,mega,week_model,afternoon,auto,16,16:00-17:00,9,30.17,29.79,32.26,36.21,40.29,18.5,42.3,8.09
102,Мясо&Рыба Тверская,29,Украинский,mega,week_model,afternoon,bike,16,16:00-17:00,1,9.28,9.28,9.28,9.28,9.28,9.28,9.28,
102,Мясо&Рыба Тверская,29,Украинский,mega,week_model,afternoon,auto,17,17:00-18:00,10,24.64,21.79,25.75,32.33,34.58,12.79,45.4,9.64
102,Мясо&Рыба Тверская,29,Украинский,mega,week_model,afternoon,bike,17,17:00-18:00,1,9.84,9.84,9.84,9.84,9.84,9.84,9.84,
102,Мясо&Рыба Тверская,29,Украинский,mega,week_model,dinner,auto,18,18:00-19:00,8,34.14,28.76,35.42,37.75,48.36,18.78,70.64,16.1
102,Мясо&Рыба Тверская,29,Украинский,mega,week_model,dinner,auto,19,19:00-20:00,13,36.68,34.02,41.67,46.24,50.37,14.55,57.86,12.1
102,Мясо&Рыба Тверская,29,Украинский,mega,week_model,dinner,auto,20,20:00-21:00,13,29.54,30.4,33.23,37.73,44.44,8.45,49.57,11.59
102,Мясо&Рыба Тверская,29,Украинский,mega,week_model,late_evening,auto,21,21:00-22:00,5,21.08,20.14,26.59,28.65,29.55,11.36,30.45,8.18
102,Мясо&Рыба Тверская,29,Украинский,mega,week_model,late_evening,auto,22,22:00-23:00,2,19.7,19.7,21.17,21.91,22.65,16.01,23.39,5.22
102,Мясо&Рыба Тверская,29,Украинский,mega,week_model,late_evening,auto,23,23:00-24:00,7,28.26,22.44,30.29,34.61,46.66,10.92,62.58,17.17
11,Кутузовский,11,Кутузовский,medium,week_model,block_00_06,auto,0,00:00-01:00,139,16.21,14.3,18.28,21.3,25.8,1.03,66.51,9.35
11,Кутузовский,11,Кутузовский,medium,week_model,block_00_06,auto,1,01:00-02:00,86,15.2,13.95,16.38,19.4,22.79,2.03,55.37,7.15
11,Кутузовский,11,Кутузовский,medium,week_model,block_00_06,auto,2,02:00-03:00,61,15.27,14.07,17.11,18.21,21.42,2.21,44.45,7.28
11,Кутузовский,11,Кутузовский,medium,week_model,block_00_06,auto,3,03:00-04:00,28,15.01,13.85,18.81,19.59,22.42,3.56,33.61,7.14
11,Кутузовский,11,Кутузовский,medium,week_model,block_00_06,auto,4,04:00-05:00,25,14.04,12.64,15.93,17.57,19.02,6.91,26.33,4.53
11,Кутузовский,11,Кутузовский,medium,week_model,block_00_06,auto,5,05:00-06:00,61,16.43,14.21,18.2,21.88,28.22,0.04,42.22,8.84
11,Кутузовский,11,Кутузовский,medium,week_model,block_06_12,auto,6,06:00-07:00,206,18.76,15.4,20.9,25.87,32.95,5.32,59.32,10.29
11,Кутузовский,11,Кутузовский,medium,week_model,block_06_12,auto,7,07:00-08:00,60,14.15,13.54,16.56,17.9,22.08,3.55,32.04,5.35
11,Кутузовский,11,Кутузовский,medium,week_model,block_06_12,bike,7,07:00-08:00,6,11.85,13.24,14.42,15.34,17.62,4.28,19.91,6.07
11,Кутузовский,11,Кутузовский,medium,week_model,block_06_12,auto,8,08:00-09:00,11,13.63,13.39,14.44,16.94,18.19,3.91,23.66,5.0
11,Кутузовский,11,Кутузовский,medium,week_model,block_06_12,bike,8,08:00-09:00,1,5.96,5.96,5.96,5.96,5.96,5.96,5.96,
11,Кутузовский,11,Кутузовский,medium,week_model,block_06_12,auto,9,09:00-10:00,2,14.53,14.53,15.22,15.57,15.92,12.8,16.26,2.45
11,Кутузовский,11,Кутузовский,medium,week_model,block_06_12,bike,9,09:00-10:00,2,11.95,11.95,12.38,12.59,12.8,10.89,13.02,1.5
11,Кутузовский,11,Кутузовский,medium,week_model,block_06_12,auto,10,10:00-11:00,6,14.52,14.74,19.24,19.61,20.83,6.58,22.05,6.42
11,Кутузовский,11,Кутузовский,medium,week_model,block_06_12,bike,10,10:00-11:00,5,5.65,3.57,4.77,6.68,9.9,3.08,13.12,4.25
11,Кутузовский,11,Кутузовский,medium,week_model,block_06_12,auto,11,11:00-12:00,3,14.95,16.78,19.3,20.56,21.82,5.0,23.08,9.18
11,Кутузовский,11,Кутузовский,medium,week_model,block_06_12,bike,11,11:00-12:00,4,6.02,6.04,6.23,6.24,6.24,5.75,6.25,0.26
11,Кутузовский,11,Кутузовский,medium,week_model,block_12_18,auto,12,12:00-13:00,8,17.3,15.07,15.75,22.66,29.27,3.78,34.01,9.25
11,Кутузовский,11,Кутузовский,medium,week_model,block_12_18,bike,12,12:00-13:00,2,4.61,4.61,5.41,5.81,6.2,2.61,6.6,2.82
11,Кутузовский,11,Кутузовский,medium,week_model,block_12_18,auto,13,13:00-14:00,8,15.62,15.07,16.39,16.59,18.05,13.13,21.37,2.68
11,Кутузовский,11,Кутузовский,medium,week_model,block_12_18,bike,13,13:00-14:00,1,13.62,13.62,13.62,13.62,13.62,13.62,13.62,
11,Кутузовский,11,Кутузовский,medium,week_model,block_12_18,auto,14,14:00-15:00,7,14.87,12.8,13.7,13.71,22.14,8.68,34.78,9.0
11,Кутузовский,11,Кутузовский,medium,week_model,block_12_18,bike,14,14:00-15:00,4,15.33,14.09,17.62,21.24,24.85,4.66,28.47,10.01
11,Кутузовский,11,Кутузовский,medium,week_model,block_12_18,auto,15,15:00-16:00,2,10.75,10.75,12.05,12.7,13.35,7.5,14.01,4.6
11,Кутузовский,11,Кутузовский,medium,week_model,block_12_18,auto,16,16:00-17:00,6,15.95,18.24,20.58,21.36,22.45,0.06,23.53,8.45
11,Кутузовский,11,Кутузовский,medium,week_model,block_12_18,bike,16,16:00-17:00,2,3.42,3.42,3.43,3.43,3.44,3.39,3.44,0.04
11,Кутузовский,11,Кутузовский,medium,week_model,block_12_18,auto,17,17:00-18:00,4,26.78,29.0,29.44,29.7,29.95,18.93,30.21,5.28
11,Кутузовский,11,Кутузовский,medium,week_model,block_12_18,bike,17,17:00-18:00,1,1.84,1.84,1.84,1.84,1.84,1.84,1.84,
11,Кутузовский,11,Кутузовский,medium,week_model,block_18_24,auto,18,18:00-19:00,1,33.85,33.85,33.85,33.85,33.85,33.85,33.85,
11,Кутузовский,11,Кутузовский,medium,week_model,block_18_24,bike,18,18:00-19:00,1,19.3,19.3,19.3,19.3,19.3,19.3,19.3,
11,Кутузовский,11,Кутузовский,medium,week_model,block_18_24,auto,19,19:00-20:00,2,10.74,10.74,11.89,12.46,13.04,7.86,13.62,4.07
11,Кутузовский,11,Кутузовский,medium,week_model,block_18_24,bike,19,19:00-20:00,1,4.34,4.34,4.34,4.34,4.34,4.34,4.34,
11,Кутузовский,11,Кутузовский,medium,week_model,block_18_24,auto,20,20:00-21:00,1,8.62,8.62,8.62,8.62,8.62,8.62,8.62,
11,Кутузовский,11,Кутузовский,medium,week_model,block_18_24,auto,21,21:00-22:00,4,6.64,8.45,9.34,9.36,9.38,0.25,9.4,4.34
11,Кутузовский,11,Кутузовский,medium,week_model,block_18_24,auto,22,22:00-23:00,35,11.38,10.33,14.13,15.31,17.88,4.17,27.51,5.44
11,Кутузовский,11,Кутузовский,medium,week_model,block_18_24,auto,23,23:00-24:00,69,13.69,12.2,15.81,17.34,21.56,0.05,28.44,5.7
115,Опен Символ,115,Опен Символ,high,week_model,opening,auto,7,07:00-08:00,30,12.11,11.48,14.67,16.02,17.76,5.89,23.15,4.68
115,Опен Символ,115,Опен Символ,high,week_model,opening,bike,7,07:00-08:00,3,5.2,4.63,5.4,5.79,6.17,4.4,6.55,1.18
115,Опен Символ,115,Опен Символ,high,week_model,early_morning,auto,8,08:00-09:00,43,14.57,14.33,16.73,17.99,20.24,2.88,29.87,5.12
115,Опен Символ,115,Опен Символ,high,week_model,early_morning,bike,8,08:00-09:00,40,7.54,6.7,8.95,9.66,13.22,2.71,24.71,4.3
115,Опен Символ,115,Опен Символ,high,week_model,morning,auto,9,09:00-10:00,61,19.47,15.95,21.78,23.82,30.75,2.66,54.19,9.98
115,Опен Символ,115,Опен Символ,high,week_model,morning,bike,9,09:00-10:00,64,7.1,5.69,8.2,10.4,14.65,0.06,31.49,5.54
115,Опен Символ,115,Опен Символ,high,week_model,morning,auto,10,10:00-11:00,57,15.66,14.59,17.31,21.07,25.09,0.06,33.65,7.05
115,Опен Символ,115,Опен Символ,high,week_model,morning,bike,10,10:00-11:00,52,8.38,7.5,10.38,11.04,13.83,3.48,21.95,3.91
115,Опен Символ,115,Опен Символ,high,week_model,lunch,auto,11,11:00-12:00,44,17.42,16.59,19.37,22.84,24.05,4.54,33.36,6.49
115,Опен Символ,115,Опен Символ,high,week_model,lunch,bike,11,11:00-12:00,53,8.88,7.74,11.15,12.7,15.61,2.1,25.05,5.11
115,Опен Символ,115,Опен Символ,high,week_model,lunch,auto,12,12:00-13:00,67,19.23,17.48,22.46,28.38,31.5,2.52,40.74,8.59
115,Опен Символ,115,Опен Символ,high,week_model,lunch,bike,12,12:00-13:00,58,7.45,6.52,8.71,10.59,12.39,2.45,17.96,3.57
115,Опен Символ,115,Опен Символ,high,week_model,lunch,auto,13,13:00-14:00,64,18.63,18.66,21.37,23.18,27.61,1.1,40.46,6.91
115,Опен Символ,115,Опен Символ,high,week_model,lunch,bike,13,13:00-14:00,57,8.95,8.53,10.96,11.89,14.41,3.6,20.34,3.89
115,Опен Символ,115,Опен Символ,high,week_model,lunch,auto,14,14:00-15:00,67,16.8,16.27,20.53,22.5,25.12,0.05,30.52,6.76
115,Опен Символ,115,Опен Символ,high,week_model,lunch,bike,14,14:00-15:00,65,8.37,8.13,10.36,11.68,13.84,1.34,17.3,3.94
115,Опен Символ,115,Опен Символ,high,week_model,afternoon,auto,15,15:00-16:00,47,17.45,16.42,20.27,21.96,27.23,3.19,39.86,7.53
115,Опен Символ,115,Опен Символ,high,week_model,afternoon,bike,15,15:00-16:00,51,8.91,7.9,9.67,11.62,13.95,2.46,21.64,4.02
115,Опен Символ,115,Опен Символ,high,week_model,afternoon,auto,16,16:00-17:00,45,18.1,16.18,20.45,21.83,26.82,4.89,50.85,7.97
115,Опен Символ,115,Опен Символ,high,week_model,afternoon,bike,16,16:00-17:00,29,9.5,9.27,10.67,12.06,15.18,3.35,18.41,3.96
115,Опен Символ,115,Опен Символ,high,week_model,afternoon,auto,17,17:00-18:00,36,15.65,15.14,17.15,19.25,22.61,1.27,46.58,7.84
115,Опен Символ,115,Опен Символ,high,week_model,afternoon,bike,17,17:00-18:00,24,10.02,8.76,11.72,13.01,14.77,3.4,24.98,4.96
115,Опен Символ,115,Опен Символ,high,week_model,dinner,auto,18,18:00-19:00,29,19.91,18.51,23.46,25.72,28.14,7.77,54.09,10.21
115,Опен Символ,115,Опен Символ,high,week_model,dinner,bike,18,18:00-19:00,28,7.78,7.57,9.3,9.81,10.91,3.47,13.83,2.42
115,Опен Символ,115,Опен Символ,high,week_model,dinner,auto,19,19:00-20:00,34,16.96,15.66,20.72,22.37,27.9,2.22,42.32,8.51
115,Опен Символ,115,Опен Символ,high,week_model,dinner,bike,19,19:00-20:00,30,9.22,8.8,10.89,12.23,14.03,3.63,25.07,4.41
115,Опен Символ,115,Опен Символ,high,week_model,dinner,auto,20,20:00-21:00,51,14.89,14.05,18.05,20.51,27.52,0.07,36.97,9.15
115,Опен Символ,115,Опен Символ,high,week_model,dinner,bike,20,20:00-21:00,11,8.04,8.47,9.44,10.85,11.16,0.05,11.98,3.37
115,Опен Символ,115,Опен Символ,high,week_model,late_evening,auto,21,21:00-22:00,45,12.9,11.88,15.6,17.28,24.65,0.08,40.52,9.02
115,Опен Символ,115,Опен Символ,high,week_model,late_evening,bike,21,21:00-22:00,3,8.99,5.49,9.77,11.92,14.06,5.28,16.21,6.25
115,Опен Символ,115,Опен Символ,high,week_model,late_evening,auto,22,22:00-23:00,4,17.13,14.12,15.84,19.66,23.48,13.0,27.29,6.8
116,Корнер Дмитровка,7,Белая Площадь,mega,week_model,lunch,auto,14,14:00-15:00,3,17.08,14.15,18.01,19.93,21.86,13.31,23.79,5.82
116,Корнер Дмитровка,7,Белая Площадь,mega,week_model,afternoon,auto,15,15:00-16:00,1,22.02,22.02,22.02,22.02,22.02,22.02,22.02,
116,Корнер Дмитровка,7,Белая Площадь,mega,week_model,afternoon,auto,17,17:00-18:00,2,16.72,16.72,19.05,20.22,21.39,10.88,22.55,8.25
116,Корнер Дмитровка,7,Белая Площадь,mega,week_model,dinner,auto,18,18:00-19:00,1,25.03,25.03,25.03,25.03,25.03,25.03,25.03,
116,Корнер Дмитровка,7,Белая Площадь,mega,week_model,dinner,auto,19,19:00-20:00,2,20.68,20.68,25.25,27.54,29.82,9.25,32.11,16.16
116,Корнер Дмитровка,7,Белая Площадь,mega,week_model,late_evening,auto,21,21:00-22:00,4,16.44,15.19,20.91,22.84,24.76,8.68,26.69,8.56
116,Корнер Дмитровка,7,Белая Площадь,mega,week_model,late_evening,auto,22,22:00-23:00,1,9.86,9.86,9.86,9.86,9.86,9.86,9.86,
12,Хорошо,12,Хорошо,high,week_model,early_morning,auto,8,08:00-09:00,11,10.43,10.27,11.57,12.53,15.22,6.04,16.14,3.37
12,Хорошо,12,Хорошо,high,week_model,early_morning,bike,8,08:00-09:00,14,14.69,13.76,15.73,17.65,19.87,8.07,27.69,5.06
12,Хорошо,12,Хорошо,high,week_model,morning,auto,9,09:00-10:00,41,15.13,14.18,15.91,19.63,22.68,8.7,37.09,6.25
12,Хорошо,12,Хорошо,high,week_model,morning,bike,9,09:00-10:00,57,13.02,12.25,14.96,16.0,20.01,0.08,41.12,6.74
12,Хорошо,12,Хорошо,high,week_model,morning,auto,10,10:00-11:00,54,16.13,15.25,18.94,21.29,25.44,3.84,36.98,6.87
12,Хорошо,12,Хорошо,high,week_model,morning,bike,10,10:00-11:00,65,11.99,11.47,14.92,15.69,18.37,0.48,29.83,5.44
12,Хорошо,12,Хорошо,high,week_model,lunch,auto,11,11:00-12:00,42,13.67,13.34,17.08,19.24,20.68,1.4,31.24,6.54
12,Хорошо,12,Хорошо,high,week_model,lunch,bike,11,11:00-12:00,68,10.52,9.45,11.69,13.58,18.59,0.11,39.58,7.07
12,Хорошо,12,Хорошо,high,week_model,lunch,auto,12,12:00-13:00,50,15.91,15.72,17.77,20.86,25.47,1.63,38.36,7.33
12,Хорошо,12,Хорошо,high,week_model,lunch,bike,12,12:00-13:00,68,11.14,9.63,12.85,15.44,19.68,0.58,38.58,6.57
12,Хорошо,12,Хорошо,high,week_model,lunch,auto,13,13:00-14:00,59,15.8,14.17,18.34,20.24,23.17,2.23,42.51,7.21
12,Хорошо,12,Хорошо,high,week_model,lunch,bike,13,13:00-14:00,63,11.33,11.54,14.08,16.11,19.66,0.08,27.14,5.91
12,Хорошо,12,Хорошо,high,week_model,lunch,auto,14,14:00-15:00,40,14.22,13.03,16.63,18.93,22.01,2.99,32.79,6.33
12,Хорошо,12,Хорошо,high,week_model,lunch,bike,14,14:00-15:00,58,13.12,12.28,15.83,19.5,23.32,2.96,35.1,7.36
12,Хорошо,12,Хорошо,high,week_model,afternoon,auto,15,15:00-16:00,45,17.42,13.37,17.24,21.87,28.15,6.41,89.62,13.06
12,Хорошо,12,Хорошо,high,week_model,afternoon,bike,15,15:00-16:00,44,11.58,10.73,14.12,16.25,18.84,2.87,23.21,5.4
12,Хорошо,12,Хорошо,high,week_model,afternoon,auto,16,16:00-17:00,32,15.64,14.01,17.87,22.46,25.61,5.01,30.04,6.52
12,Хорошо,12,Хорошо,high,week_model,afternoon,bike,16,16:00-17:00,37,9.95,9.71,12.07,13.28,16.05,2.46,21.82,4.79
12,Хорошо,12,Хорошо,high,week_model,afternoon,auto,17,17:00-18:00,34,15.14,14.05,19.98,22.05,23.57,3.93,26.98,6.64
12,Хорошо,12,Хорошо,high,week_model,afternoon,bike,17,17:00-18:00,29,12.32,10.82,13.63,15.3,19.38,4.0,30.22,5.64
12,Хорошо,12,Хорошо,high,week_model,dinner,auto,18,18:00-19:00,24,19.72,19.98,23.49,26.67,29.91,6.73,33.94,7.66
12,Хорошо,12,Хорошо,high,week_model,dinner,bike,18,18:00-19:00,27,11.71,11.31,13.1,15.58,19.39,3.84,24.41,5.2
12,Хорошо,12,Хорошо,high,week_model,dinner,auto,19,19:00-20:00,38,17.01,15.57,19.32,24.06,27.11,4.84,37.45,7.37
12,Хорошо,12,Хорошо,high,week_model,dinner,bike,19,19:00-20:00,45,14.25,13.92,16.99,18.62,23.85,4.13,31.31,6.91
12,Хорошо,12,Хорошо,high,week_model,dinner,auto,20,20:00-21:00,48,17.23,17.09,19.69,22.24,28.5,2.47,46.24,9.12
12,Хорошо,12,Хорошо,high,week_model,dinner,bike,20,20:00-21:00,16,10.48,13.01,14.05,14.68,15.19,0.05,17.85,5.66
12,Хорошо,12,Хорошо,high,week_model,late_evening,auto,21,21:00-22:00,62,16.7,15.51,18.85,23.13,28.24,1.56,57.48,9.94
12,Хорошо,12,Хорошо,high,week_model,late_evening,bike,21,21:00-22:00,3,6.82,5.83,7.33,8.08,8.82,5.07,9.57,2.41
12,Хорошо,12,Хорошо,high,week_model,late_evening,auto,22,22:00-23:00,10,12.75,10.02,19.28,22.66,24.04,0.23,25.47,9.06
120,I love cake x Grande Bibliotheca Slava,120,I love cake x Grande Bibliotheca Slava,low,week_model,block_12_18,auto,17,17:00-18:00,1,22.51,22.51,22.51,22.51,22.51,22.51,22.51,
120,I love cake x Grande Bibliotheca Slava,120,I love cake x Grande Bibliotheca Slava,low,week_model,block_18_24,auto,18,18:00-19:00,1,41.1,41.1,41.1,41.1,41.1,41.1,41.1,
121,Косяк Новая Рига,18,Новая Рига,medium,week_model,block_06_12,auto,10,10:00-11:00,1,7.87,7.87,7.87,7.87,7.87,7.87,7.87,
121,Косяк Новая Рига,18,Новая Рига,medium,week_model,block_12_18,auto,12,12:00-13:00,1,34.33,34.33,34.33,34.33,34.33,34.33,34.33,
121,Косяк Новая Рига,18,Новая Рига,medium,week_model,block_12_18,auto,15,15:00-16:00,1,19.61,19.61,19.61,19.61,19.61,19.61,19.61,
121,Косяк Новая Рига,18,Новая Рига,medium,week_model,block_12_18,auto,17,17:00-18:00,4,16.24,15.59,17.17,19.66,22.14,9.15,24.62,6.39
121,Косяк Новая Рига,18,Новая Рига,medium,week_model,block_18_24,auto,18,18:00-19:00,5,9.32,10.83,11.8,12.68,13.96,0.09,15.24,5.72
121,Косяк Новая Рига,18,Новая Рига,medium,week_model,block_18_24,auto,19,19:00-20:00,2,10.53,10.53,10.69,10.77,10.85,10.13,10.93,0.57
121,Косяк Новая Рига,18,Новая Рига,medium,week_model,block_18_24,auto,20,20:00-21:00,2,18.71,18.71,22.66,24.64,26.62,8.83,28.59,13.97
121,Косяк Новая Рига,18,Новая Рига,medium,week_model,block_18_24,auto,21,21:00-22:00,2,21.36,21.36,22.13,22.52,22.91,19.42,23.3,2.74
122,Косяк Тишинка,7,Белая Площадь,mega,week_model,lunch,auto,11,11:00-12:00,1,15.47,15.47,15.47,15.47,15.47,15.47,15.47,
122,Косяк Тишинка,7,Белая Площадь,mega,week_model,lunch,bike,13,13:00-14:00,3,4.83,6.27,7.01,7.38,7.75,0.11,8.13,4.2
122,Косяк Тишинка,7,Белая Площадь,mega,week_model,afternoon,bike,15,15:00-16:00,1,17.98,17.98,17.98,17.98,17.98,17.98,17.98,
122,Косяк Тишинка,7,Белая Площадь,mega,week_model,afternoon,bike,16,16:00-17:00,1,10.08,10.08,10.08,10.08,10.08,10.08,10.08,
122,Косяк Тишинка,7,Белая Площадь,mega,week_model,afternoon,bike,17,17:00-18:00,3,11.21,8.78,12.15,13.84,15.52,7.65,17.2,5.22
122,Косяк Тишинка,7,Белая Площадь,mega,week_model,dinner,bike,18,18:00-19:00,2,8.67,8.67,8.88,8.99,9.09,8.15,9.2,0.74
122,Косяк Тишинка,7,Белая Площадь,mega,week_model,dinner,bike,19,19:00-20:00,2,9.61,9.61,9.84,9.96,10.08,9.03,10.2,0.83
122,Косяк Тишинка,7,Белая Площадь,mega,week_model,dinner,auto,20,20:00-21:00,1,15.38,15.38,15.38,15.38,15.38,15.38,15.38,
122,Косяк Тишинка,7,Белая Площадь,mega,week_model,dinner,bike,20,20:00-21:00,4,13.8,15.3,15.75,16.19,16.63,7.53,17.07,4.27
122,Косяк Тишинка,7,Белая Площадь,mega,week_model,late_evening,bike,21,21:00-22:00,1,12.03,12.03,12.03,12.03,12.03,12.03,12.03,
123,Опен Нева,123,Опен Нева,medium,week_model,block_06_12,bike,8,08:00-09:00,50,3.98,3.16,4.3,5.48,6.8,1.47,13.04,2.16
123,Опен Нева,123,Опен Нева,medium,week_model,block_06_12,bike,9,09:00-10:00,64,5.78,3.95,7.74,8.58,10.19,1.83,20.51,3.73
123,Опен Нева,123,Опен Нева,medium,week_model,block_06_12,bike,10,10:00-11:00,101,5.94,4.1,5.79,8.8,11.52,0.69,26.03,4.59
123,Опен Нева,123,Опен Нева,medium,week_model,block_06_12,bike,11,11:00-12:00,91,5.15,4.44,5.77,7.47,8.94,0.87,16.73,3.04
123,Опен Нева,123,Опен Нева,medium,week_model,block_12_18,bike,12,12:00-13:00,96,5.43,4.02,5.94,7.37,10.51,1.98,16.33,3.31
123,Опен Нева,123,Опен Нева,medium,week_model,block_12_18,bike,13,13:00-14:00,78,7.17,5.92,8.95,10.19,12.23,1.1,34.68,5.14
123,Опен Нева,123,Опен Нева,medium,week_model,block_12_18,bike,14,14:00-15:00,78,6.45,5.25,7.88,9.3,11.97,0.08,20.68,4.02
123,Опен Нева,123,Опен Нева,medium,week_model,block_12_18,bike,15,15:00-16:00,56,4.56,3.81,4.86,6.48,8.45,0.42,14.74,2.88
123,Опен Нева,123,Опен Нева,medium,week_model,block_12_18,bike,16,16:00-17:00,37,5.86,3.94,6.08,7.79,14.31,0.67,19.5,4.81
123,Опен Нева,123,Опен Нева,medium,week_model,block_12_18,bike,17,17:00-18:00,25,5.32,4.27,6.98,7.47,7.98,0.89,14.34,2.8
123,Опен Нева,123,Опен Нева,medium,week_model,block_18_24,bike,18,18:00-19:00,15,5.91,3.67,5.52,9.09,12.65,2.42,15.81,4.33
123,Опен Нева,123,Опен Нева,medium,week_model,block_18_24,bike,19,19:00-20:00,1,2.32,2.32,2.32,2.32,2.32,2.32,2.32,
123,Опен Нева,123,Опен Нева,medium,week_model,block_18_24,bike,21,21:00-22:00,1,2.65,2.65,2.65,2.65,2.65,2.65,2.65,
125,Meraki,125,Meraki,medium,week_model,block_06_12,auto,10,10:00-11:00,12,17.96,17.39,19.23,21.17,24.28,10.58,29.67,5.52
125,Meraki,125,Meraki,medium,week_model,block_06_12,bike,10,10:00-11:00,2,6.13,6.13,6.16,6.18,6.2,6.04,6.22,0.13
125,Meraki,125,Meraki,medium,week_model,block_06_12,auto,11,11:00-12:00,21,22.01,21.1,23.86,25.09,26.96,9.29,45.31,7.4
125,Meraki,125,Meraki,medium,week_model,block_06_12,bike,11,11:00-12:00,1,7.41,7.41,7.41,7.41,7.41,7.41,7.41,
125,Meraki,125,Meraki,medium,week_model,block_12_18,auto,12,12:00-13:00,15,27.05,25.33,35.11,37.0,38.75,14.14,40.1,9.41
125,Meraki,125,Meraki,medium,week_model,block_12_18,bike,12,12:00-13:00,3,9.87,11.58,11.87,12.01,12.15,5.74,12.3,3.6
125,Meraki,125,Meraki,medium,week_model,block_12_18,auto,13,13:00-14:00,20,20.64,19.68,21.91,24.48,32.13,3.3,39.96,8.04
125,Meraki,125,Meraki,medium,week_model,block_12_18,bike,13,13:00-14:00,2,14.98,14.98,19.23,21.35,23.47,4.36,25.6,15.02
125,Meraki,125,Meraki,medium,week_model,block_12_18,auto,14,14:00-15:00,17,22.11,19.4,29.93,33.22,34.77,0.06,38.87,10.53
125,Meraki,125,Meraki,medium,week_model,block_12_18,auto,15,15:00-16:00,25,26.97,24.97,31.27,34.44,36.99,14.06,47.92,8.29
125,Meraki,125,Meraki,medium,week_model,block_12_18,bike,15,15:00-16:00,1,4.87,4.87,4.87,4.87,4.87,4.87,4.87,
125,Meraki,125,Meraki,medium,week_model,block_12_18,auto,16,16:00-17:00,15,27.66,26.99,32.06,34.16,38.62,12.35,41.65,8.48
125,Meraki,125,Meraki,medium,week_model,block_12_18,auto,17,17:00-18:00,14,26.85,26.04,30.97,33.69,35.37,17.54,38.48,6.65
125,Meraki,125,Meraki,medium,week_model,block_18_24,auto,18,18:00-19:00,27,28.6,28.78,32.54,35.23,45.73,2.71,55.03,11.16
125,Meraki,125,Meraki,medium,week_model,block_18_24,auto,19,19:00-20:00,30,27.61,26.78,31.4,34.79,41.61,9.81,58.21,12.26
125,Meraki,125,Meraki,medium,week_model,block_18_24,bike,19,19:00-20:00,1,9.88,9.88,9.88,9.88,9.88,9.88,9.88,
125,Meraki,125,Meraki,medium,week_model,block_18_24,auto,20,20:00-21:00,34,26.33,26.8,29.92,30.49,32.82,11.44,37.44,6.08
125,Meraki,125,Meraki,medium,week_model,block_18_24,auto,21,21:00-22:00,18,19.52,19.21,20.6,21.95,23.44,3.68,42.36,7.29
125,Meraki,125,Meraki,medium,week_model,block_18_24,auto,22,22:00-23:00,1,23.9,23.9,23.9,23.9,23.9,23.9,23.9,
126,Опен Покровка,126,Опен Покровка,high,week_model,early_morning,bike,8,08:00-09:00,81,8.65,8.08,9.81,11.67,14.52,2.36,20.62,3.83
126,Опен Покровка,126,Опен Покровка,high,week_model,morning,bike,9,09:00-10:00,111,6.78,6.28,8.19,10.65,13.05,0.06,20.09,4.37
126,Опен Покровка,126,Опен Покровка,high,week_model,morning,bike,10,10:00-11:00,101,7.55,7.02,8.74,9.58,12.63,0.05,27.85,4.3
126,Опен Покровка,126,Опен Покровка,high,week_model,lunch,bike,11,11:00-12:00,82,8.74,7.8,11.01,12.25,16.76,0.06,29.12,5.72
126,Опен Покровка,126,Опен Покровка,high,week_model,lunch,bike,12,12:00-13:00,78,8.54,7.17,10.51,12.27,14.59,0.05,27.0,5.23
126,Опен Покровка,126,Опен Покровка,high,week_model,lunch,bike,13,13:00-14:00,104,7.89,7.28,9.51,11.15,12.39,0.09,23.66,4.39
126,Опен Покровка,126,Опен Покровка,high,week_model,lunch,bike,14,14:00-15:00,79,8.04,7.42,9.24,10.19,13.43,0.08,23.26,4.27
126,Опен Покровка,126,Опен Покровка,high,week_model,afternoon,bike,15,15:00-16:00,63,7.68,6.48,9.86,11.59,12.61,0.05,16.5,3.83
126,Опен Покровка,126,Опен Покровка,high,week_model,afternoon,bike,16,16:00-17:00,55,7.63,6.98,8.62,10.36,12.08,0.08,23.98,4.47
126,Опен Покровка,126,Опен Покровка,high,week_model,afternoon,bike,17,17:00-18:00,52,8.17,6.12,8.43,10.59,14.13,0.13,47.94,7.06
126,Опен Покровка,126,Опен Покровка,high,week_model,dinner,bike,18,18:00-19:00,49,7.96,7.34,9.84,10.7,12.73,0.49,17.24,3.7
126,Опен Покровка,126,Опен Покровка,high,week_model,dinner,bike,19,19:00-20:00,48,8.23,7.47,9.68,11.01,14.22,0.05,28.89,5.06
126,Опен Покровка,126,Опен Покровка,high,week_model,dinner,bike,20,20:00-21:00,43,7.28,6.42,7.64,8.54,11.4,1.3,18.8,3.34
126,Опен Покровка,126,Опен Покровка,high,week_model,late_evening,auto,21,21:00-22:00,1,12.21,12.21,12.21,12.21,12.21,12.21,12.21,
126,Опен Покровка,126,Опен Покровка,high,week_model,late_evening,bike,21,21:00-22:00,34,7.03,6.37,7.12,8.85,10.14,2.23,25.52,4.22
126,Опен Покровка,126,Опен Покровка,high,week_model,late_evening,bike,22,22:00-23:00,2,4.72,4.72,4.87,4.94,5.02,4.35,5.09,0.53
127,БТ Покровка,127,БТ Покровка,medium,week_model,block_06_12,bike,8,08:00-09:00,26,7.33,6.04,9.11,10.96,13.15,1.0,15.45,3.94
127,БТ Покровка,127,БТ Покровка,medium,week_model,block_06_12,bike,9,09:00-10:00,24,7.11,6.44,7.15,9.38,11.86,1.45,15.94,3.59
127,БТ Покровка,127,БТ Покровка,medium,week_model,block_06_12,bike,10,10:00-11:00,17,5.82,6.19,8.26,8.57,9.37,0.04,14.27,3.92
127,БТ Покровка,127,БТ Покровка,medium,week_model,block_06_12,bike,11,11:00-12:00,17,6.81,5.2,8.5,9.24,10.83,0.91,14.81,3.52
127,БТ Покровка,127,БТ Покровка,medium,week_model,block_12_18,bike,12,12:00-13:00,24,9.47,9.43,10.82,11.94,15.86,3.54,22.82,4.82
127,БТ Покровка,127,БТ Покровка,medium,week_model,block_12_18,bike,13,13:00-14:00,19,10.2,7.94,13.15,16.1,17.84,0.07,25.66,6.58
127,БТ Покровка,127,БТ Покровка,medium,week_model,block_12_18,bike,14,14:00-15:00,15,7.09,6.45,8.79,9.33,9.96,0.48,17.5,3.91
127,БТ Покровка,127,БТ Покровка,medium,week_model,block_12_18,bike,15,15:00-16:00,10,8.92,8.7,10.26,11.61,12.73,4.34,14.58,3.21
127,БТ Покровка,127,БТ Покровка,medium,week_model,block_12_18,bike,16,16:00-17:00,10,7.18,6.0,8.56,9.76,13.64,0.13,17.75,5.26
127,БТ Покровка,127,БТ Покровка,medium,week_model,block_12_18,bike,17,17:00-18:00,4,5.89,6.49,6.88,6.88,6.89,3.7,6.89,1.51
127,БТ Покровка,127,БТ Покровка,medium,week_model,block_18_24,bike,18,18:00-19:00,6,5.41,4.38,5.93,7.43,10.0,0.98,12.57,4.11
127,БТ Покровка,127,БТ Покровка,medium,week_model,block_18_24,bike,19,19:00-20:00,5,7.99,5.19,9.07,11.22,13.57,3.86,15.91,5.03
127,БТ Покровка,127,БТ Покровка,medium,week_model,block_18_24,bike,20,20:00-21:00,1,5.73,5.73,5.73,5.73,5.73,5.73,5.73,
127,БТ Покровка,127,БТ Покровка,medium,week_model,block_18_24,bike,21,21:00-22:00,1,5.15,5.15,5.15,5.15,5.15,5.15,5.15,
128,Кофемания Лаки,128,Кофемания Лаки,medium,week_model,block_06_12,bike,8,08:00-09:00,88,5.66,5.53,7.01,8.08,9.66,0.04,35.84,4.67
128,Кофемания Лаки,128,Кофемания Лаки,medium,week_model,block_06_12,bike,9,09:00-10:00,143,5.08,4.04,6.88,8.36,11.38,0.04,21.54,4.37
128,Кофемания Лаки,128,Кофемания Лаки,medium,week_model,block_06_12,bike,10,10:00-11:00,121,4.95,4.71,5.83,7.48,9.68,0.04,24.77,3.92
128,Кофемания Лаки,128,Кофемания Лаки,medium,week_model,block_06_12,bike,11,11:00-12:00,130,5.11,4.25,7.27,8.82,10.39,0.04,22.4,4.21
128,Кофемания Лаки,128,Кофемания Лаки,medium,week_model,block_12_18,bike,12,12:00-13:00,117,5.85,5.35,7.79,9.03,10.59,0.04,16.69,3.78
128,Кофемания Лаки,128,Кофемания Лаки,medium,week_model,block_12_18,bike,13,13:00-14:00,101,5.76,5.54,7.88,8.68,10.46,0.04,17.32,4.27
128,Кофемания Лаки,128,Кофемания Лаки,medium,week_model,block_12_18,bike,14,14:00-15:00,93,5.42,5.48,7.06,8.42,9.62,0.04,21.16,4.18
128,Кофемания Лаки,128,Кофемания Лаки,medium,week_model,block_12_18,auto,15,15:00-16:00,1,17.85,17.85,17.85,17.85,17.85,17.85,17.85,
128,Кофемания Лаки,128,Кофемания Лаки,medium,week_model,block_12_18,bike,15,15:00-16:00,77,6.07,6.1,7.53,9.79,11.61,0.06,17.5,4.08
128,Кофемания Лаки,128,Кофемания Лаки,medium,week_model,block_12_18,auto,16,16:00-17:00,3,26.44,25.06,27.33,28.47,29.61,23.52,30.74,3.8
128,Кофемания Лаки,128,Кофемания Лаки,medium,week_model,block_12_18,bike,16,16:00-17:00,87,5.79,5.38,7.76,9.25,11.39,0.04,21.51,4.67
128,Кофемания Лаки,128,Кофемания Лаки,medium,week_model,block_12_18,auto,17,17:00-18:00,1,5.77,5.77,5.77,5.77,5.77,5.77,5.77,
128,Кофемания Лаки,128,Кофемания Лаки,medium,week_model,block_12_18,bike,17,17:00-18:00,63,6.64,5.24,7.34,9.01,11.69,0.04,50.75,7.63
128,Кофемания Лаки,128,Кофемания Лаки,medium,week_model,block_18_24,auto,18,18:00-19:00,1,21.14,21.14,21.14,21.14,21.14,21.14,21.14,
128,Кофемания Лаки,128,Кофемания Лаки,medium,week_model,block_18_24,bike,18,18:00-19:00,72,6.07,5.98,6.61,7.47,10.43,0.04,29.25,4.46
128,Кофемания Лаки,128,Кофемания Лаки,medium,week_model,block_18_24,bike,19,19:00-20:00,81,6.53,6.71,8.5,9.24,11.79,0.04,17.2,3.94
128,Кофемания Лаки,128,Кофемания Лаки,medium,week_model,block_18_24,bike,20,20:00-21:00,98,4.97,5.56,6.73,8.22,9.49,0.04,13.01,3.46
128,Кофемания Лаки,128,Кофемания Лаки,medium,week_model,block_18_24,bike,21,21:00-22:00,67,6.11,4.99,7.77,8.74,10.25,0.04,31.1,5.88
128,Кофемания Лаки,128,Кофемания Лаки,medium,week_model,block_18_24,bike,22,22:00-23:00,42,5.25,4.28,6.24,7.86,9.76,0.04,35.64,5.98
128,Кофемания Лаки,128,Кофемания Лаки,medium,week_model,block_18_24,bike,23,23:00-24:00,19,4.31,4.12,5.93,7.09,10.06,0.06,11.95,3.81
13,Офис,13,Офис,low,historical_volume_fallback,block_06_12,auto,9,09:00-10:00,1,0.88,0.88,0.88,0.88,0.88,0.88,0.88,
13,Офис,13,Офис,low,historical_volume_fallback,block_06_12,bike,9,09:00-10:00,1,0.76,0.76,0.76,0.76,0.76,0.76,0.76,
13,Офис,13,Офис,low,historical_volume_fallback,block_06_12,auto,10,10:00-11:00,1,1.75,1.75,1.75,1.75,1.75,1.75,1.75,
13,Офис,13,Офис,low,historical_volume_fallback,block_06_12,bike,10,10:00-11:00,2,0.81,0.81,1.11,1.26,1.41,0.06,1.56,1.06
13,Офис,13,Офис,low,historical_volume_fallback,block_06_12,auto,11,11:00-12:00,2,0.13,0.13,0.16,0.18,0.2,0.04,0.22,0.13
13,Офис,13,Офис,low,historical_volume_fallback,block_12_18,auto,12,12:00-13:00,1,20.83,20.83,20.83,20.83,20.83,20.83,20.83,
13,Офис,13,Офис,low,historical_volume_fallback,block_12_18,bike,12,12:00-13:00,1,6.2,6.2,6.2,6.2,6.2,6.2,6.2,
13,Офис,13,Офис,low,historical_volume_fallback,block_12_18,auto,15,15:00-16:00,1,0.62,0.62,0.62,0.62,0.62,0.62,0.62,
13,Офис,13,Офис,low,historical_volume_fallback,block_12_18,auto,17,17:00-18:00,2,12.98,12.98,17.86,20.31,22.75,0.76,25.19,17.28
13,Офис,13,Офис,low,historical_volume_fallback,block_18_24,auto,19,19:00-20:00,1,0.9,0.9,0.9,0.9,0.9,0.9,0.9,
13,Офис,13,Офис,low,historical_volume_fallback,block_18_24,auto,20,20:00-21:00,1,0.71,0.71,0.71,0.71,0.71,0.71,0.71,
13,Офис,13,Офис,low,historical_volume_fallback,block_18_24,bike,20,20:00-21:00,1,0.04,0.04,0.04,0.04,0.04,0.04,0.04,
130,EVA Хамовники,8,Усачева,mega,week_model,lunch,auto,14,14:00-15:00,1,31.9,31.9,31.9,31.9,31.9,31.9,31.9,
130,EVA Хамовники,8,Усачева,mega,week_model,afternoon,auto,15,15:00-16:00,4,24.74,24.18,26.39,27.32,28.26,21.41,29.19,3.59
130,EVA Хамовники,8,Усачева,mega,week_model,afternoon,auto,16,16:00-17:00,7,19.87,20.82,24.41,26.3,28.63,8.2,31.18,8.51
130,EVA Хамовники,8,Усачева,mega,week_model,afternoon,auto,17,17:00-18:00,2,25.13,25.13,28.24,29.79,31.35,17.35,32.91,11.0
130,EVA Хамовники,8,Усачева,mega,week_model,afternoon,bike,17,17:00-18:00,1,10.09,10.09,10.09,10.09,10.09,10.09,10.09,
130,EVA Хамовники,8,Усачева,mega,week_model,dinner,auto,18,18:00-19:00,2,33.26,33.26,34.64,35.32,36.01,29.82,36.7,4.86
130,EVA Хамовники,8,Усачева,mega,week_model,dinner,auto,19,19:00-20:00,6,24.12,23.79,26.89,28.76,32.95,10.43,37.14,8.86
130,EVA Хамовники,8,Усачева,mega,week_model,dinner,auto,20,20:00-21:00,2,27.14,27.14,27.5,27.68,27.87,26.24,28.05,1.28
131,EVA Б.Грузинская,7,Белая Площадь,mega,week_model,morning,auto,9,09:00-10:00,1,20.02,20.02,20.02,20.02,20.02,20.02,20.02,
131,EVA Б.Грузинская,7,Белая Площадь,mega,week_model,lunch,bike,11,11:00-12:00,1,11.38,11.38,11.38,11.38,11.38,11.38,11.38,
131,EVA Б.Грузинская,7,Белая Площадь,mega,week_model,lunch,bike,12,12:00-13:00,1,6.16,6.16,6.16,6.16,6.16,6.16,6.16,
131,EVA Б.Грузинская,7,Белая Площадь,mega,week_model,lunch,auto,13,13:00-14:00,1,18.1,18.1,18.1,18.1,18.1,18.1,18.1,
131,EVA Б.Грузинская,7,Белая Площадь,mega,week_model,lunch,bike,14,14:00-15:00,4,5.69,5.65,5.98,6.24,6.51,4.69,6.78,0.87
131,EVA Б.Грузинская,7,Белая Площадь,mega,week_model,afternoon,auto,15,15:00-16:00,3,24.4,22.14,28.58,31.81,35.03,12.81,38.25,12.87
131,EVA Б.Грузинская,7,Белая Площадь,mega,week_model,afternoon,bike,15,15:00-16:00,2,7.0,7.0,8.1,8.65,9.2,4.26,9.75,3.88
131,EVA Б.Грузинская,7,Белая Площадь,mega,week_model,afternoon,auto,16,16:00-17:00,5,18.7,17.87,19.1,20.75,23.45,12.6,26.15,4.88
131,EVA Б.Грузинская,7,Белая Площадь,mega,week_model,afternoon,bike,17,17:00-18:00,1,7.67,7.67,7.67,7.67,7.67,7.67,7.67,
131,EVA Б.Грузинская,7,Белая Площадь,mega,week_model,dinner,auto,18,18:00-19:00,4,26.49,23.62,25.59,30.42,35.26,18.63,40.1,9.37
131,EVA Б.Грузинская,7,Белая Площадь,mega,week_model,dinner,auto,19,19:00-20:00,2,21.06,21.06,21.5,21.72,21.94,19.97,22.16,1.54
131,EVA Б.Грузинская,7,Белая Площадь,mega,week_model,dinner,auto,20,20:00-21:00,4,18.63,16.47,19.57,23.72,27.87,9.57,32.01,9.6
131,EVA Б.Грузинская,7,Белая Площадь,mega,week_model,late_evening,auto,21,21:00-22:00,1,32.17,32.17,32.17,32.17,32.17,32.17,32.17,
131,EVA Б.Грузинская,7,Белая Площадь,mega,week_model,late_evening,auto,22,22:00-23:00,1,33.37,33.37,33.37,33.37,33.37,33.37,33.37,
136,Ikura,6,Неглинная,mega,week_model,lunch,auto,12,12:00-13:00,2,32.92,32.92,36.91,38.9,40.9,22.95,42.89,14.1
136,Ikura,6,Неглинная,mega,week_model,lunch,auto,13,13:00-14:00,11,22.0,23.43,28.56,31.43,32.25,0.05,38.37,12.17
136,Ikura,6,Неглинная,mega,week_model,lunch,auto,14,14:00-15:00,10,20.82,21.1,23.52,28.36,31.92,3.26,37.67,10.05
136,Ikura,6,Неглинная,mega,week_model,lunch,bike,14,14:00-15:00,1,3.98,3.98,3.98,3.98,3.98,3.98,3.98,
136,Ikura,6,Неглинная,mega,week_model,afternoon,auto,15,15:00-16:00,9,27.5,28.67,29.82,31.44,41.05,4.79,70.62,18.62
136,Ikura,6,Неглинная,mega,week_model,afternoon,bike,15,15:00-16:00,3,9.36,9.39,11.45,12.49,13.52,4.15,14.55,5.2
136,Ikura,6,Неглинная,mega,week_model,afternoon,auto,16,16:00-17:00,8,21.72,20.0,27.14,27.57,36.54,0.27,57.39,17.44
136,Ikura,6,Неглинная,mega,week_model,afternoon,bike,16,16:00-17:00,1,7.85,7.85,7.85,7.85,7.85,7.85,7.85,
136,Ikura,6,Неглинная,mega,week_model,afternoon,auto,17,17:00-18:00,15,30.72,29.62,34.85,40.03,43.59,6.5,53.57,11.6
136,Ikura,6,Неглинная,mega,week_model,afternoon,bike,17,17:00-18:00,2,13.25,13.25,15.64,16.83,18.02,7.29,19.21,8.43
136,Ikura,6,Неглинная,mega,week_model,dinner,auto,18,18:00-19:00,14,32.5,31.96,34.14,40.21,49.63,16.97,61.49,13.14
136,Ikura,6,Неглинная,mega,week_model,dinner,auto,19,19:00-20:00,15,14.92,12.71,18.96,23.28,31.2,0.05,48.12,13.46
136,Ikura,6,Неглинная,mega,week_model,dinner,auto,20,20:00-21:00,11,21.57,25.27,29.13,30.88,30.95,2.3,33.32,10.14
136,Ikura,6,Неглинная,mega,week_model,late_evening,auto,21,21:00-22:00,18,22.75,22.93,28.67,29.37,31.71,3.41,55.16,11.99
136,Ikura,6,Неглинная,mega,week_model,late_evening,bike,21,21:00-22:00,2,5.62,5.62,6.46,6.88,7.3,3.53,7.71,2.96
136,Ikura,6,Неглинная,mega,week_model,late_evening,auto,22,22:00-23:00,9,26.09,27.81,28.88,29.9,31.62,11.72,32.63,6.59
136,Ikura,6,Неглинная,mega,week_model,late_evening,bike,22,22:00-23:00,2,9.4,9.4,10.3,10.75,11.2,7.14,11.65,3.19
136,Ikura,6,Неглинная,mega,week_model,late_evening,auto,23,23:00-24:00,2,8.35,8.35,11.67,13.33,14.99,0.05,16.65,11.74
137,БТ Мясницкая,137,БТ Мясницкая,medium,week_model,block_06_12,bike,9,09:00-10:00,5,14.94,10.79,16.38,20.34,25.48,5.16,30.62,9.85
137,БТ Мясницкая,137,БТ Мясницкая,medium,week_model,block_06_12,bike,10,10:00-11:00,10,10.03,9.49,11.34,12.36,16.67,2.52,21.09,5.49
137,БТ Мясницкая,137,БТ Мясницкая,medium,week_model,block_06_12,bike,11,11:00-12:00,16,8.27,9.18,10.51,11.32,12.22,0.36,14.26,3.84
137,БТ Мясницкая,137,БТ Мясницкая,medium,week_model,block_12_18,bike,12,12:00-13:00,16,8.89,7.76,10.7,13.17,14.11,4.18,17.47,4.09
137,БТ Мясницкая,137,БТ Мясницкая,medium,week_model,block_12_18,bike,13,13:00-14:00,19,8.74,8.77,9.82,10.7,12.81,2.01,18.62,4.21
137,БТ Мясницкая,137,БТ Мясницкая,medium,week_model,block_12_18,bike,14,14:00-15:00,24,9.11,8.82,11.39,11.89,15.27,0.65,22.36,5.02
137,БТ Мясницкая,137,БТ Мясницкая,medium,week_model,block_12_18,bike,15,15:00-16:00,8,8.85,7.92,10.03,11.57,12.95,4.63,14.07,3.19
137,БТ Мясницкая,137,БТ Мясницкая,medium,week_model,block_12_18,bike,16,16:00-17:00,9,9.06,7.96,11.39,12.22,13.88,1.58,17.55,4.74
137,БТ Мясницкая,137,БТ Мясницкая,medium,week_model,block_12_18,bike,17,17:00-18:00,4,13.18,12.35,15.66,17.21,18.75,7.71,20.3,5.7
137,БТ Мясницкая,137,БТ Мясницкая,medium,week_model,block_18_24,bike,18,18:00-19:00,2,11.49,11.49,14.54,16.07,17.59,3.86,19.12,10.79
137,БТ Мясницкая,137,БТ Мясницкая,medium,week_model,block_18_24,bike,19,19:00-20:00,6,6.47,7.65,9.2,9.87,11.34,0.11,12.8,5.09
137,БТ Мясницкая,137,БТ Мясницкая,medium,week_model,block_18_24,bike,20,20:00-21:00,1,8.21,8.21,8.21,8.21,8.21,8.21,8.21,
138,БТ Таганка,138,БТ Таганка,medium,week_model,block_06_12,bike,8,08:00-09:00,16,8.6,7.01,8.8,11.39,12.74,5.68,18.51,3.59
138,БТ Таганка,138,БТ Таганка,medium,week_model,block_06_12,bike,9,09:00-10:00,21,8.5,7.41,11.02,12.26,13.69,2.82,20.5,4.65
138,БТ Таганка,138,БТ Таганка,medium,week_model,block_06_12,bike,10,10:00-11:00,15,7.44,5.71,7.97,10.16,12.48,3.7,13.91,3.21
138,БТ Таганка,138,БТ Таганка,medium,week_model,block_06_12,auto,11,11:00-12:00,1,19.37,19.37,19.37,19.37,19.37,19.37,19.37,
138,БТ Таганка,138,БТ Таганка,medium,week_model,block_06_12,bike,11,11:00-12:00,18,9.17,9.28,10.89,11.33,12.4,0.05,16.86,3.59
138,БТ Таганка,138,БТ Таганка,medium,week_model,block_12_18,bike,12,12:00-13:00,24,9.15,8.17,10.94,11.8,13.17,4.12,19.85,3.78
138,БТ Таганка,138,БТ Таганка,medium,week_model,block_12_18,auto,13,13:00-14:00,2,18.9,18.9,19.47,19.75,20.04,17.48,20.32,2.01
138,БТ Таганка,138,БТ Таганка,medium,week_model,block_12_18,bike,13,13:00-14:00,17,6.59,6.42,7.83,8.3,11.95,0.05,20.42,5.27
138,БТ Таганка,138,БТ Таганка,medium,week_model,block_12_18,bike,14,14:00-15:00,17,9.68,9.22,10.56,11.18,12.11,5.93,20.53,3.42
138,БТ Таганка,138,БТ Таганка,medium,week_model,block_12_18,bike,15,15:00-16:00,15,7.4,6.61,7.65,9.31,14.2,0.46,17.26,4.55
138,БТ Таганка,138,БТ Таганка,medium,week_model,block_12_18,bike,16,16:00-17:00,12,7.63,6.19,7.43,8.37,13.43,2.01,19.84,4.85
138,БТ Таганка,138,БТ Таганка,medium,week_model,block_12_18,auto,17,17:00-18:00,1,8.52,8.52,8.52,8.52,8.52,8.52,8.52,
138,БТ Таганка,138,БТ Таганка,medium,week_model,block_12_18,bike,17,17:00-18:00,8,7.53,5.93,6.98,9.8,12.74,4.26,15.28,3.89
138,БТ Таганка,138,БТ Таганка,medium,week_model,block_18_24,bike,18,18:00-19:00,2,6.06,6.06,6.6,6.87,7.14,4.72,7.41,1.9
138,БТ Таганка,138,БТ Таганка,medium,week_model,block_18_24,bike,19,19:00-20:00,3,15.33,16.34,18.03,18.88,19.73,9.09,20.58,5.81
138,БТ Таганка,138,БТ Таганка,medium,week_model,block_18_24,bike,20,20:00-21:00,4,8.95,8.22,9.95,11.31,12.66,5.35,14.02,3.79
139,Клёво Усачева,30,Черёмушки,high,week_model,lunch,auto,12,12:00-13:00,2,36.02,36.02,36.38,36.56,36.74,35.13,36.91,1.26
139,Клёво Усачева,30,Черёмушки,high,week_model,lunch,auto,13,13:00-14:00,13,29.74,27.11,32.91,40.13,42.77,18.74,43.33,8.78
139,Клёво Усачева,30,Черёмушки,high,week_model,lunch,auto,14,14:00-15:00,14,23.81,24.81,26.16,27.83,28.16,16.1,31.58,4.62
139,Клёво Усачева,30,Черёмушки,high,week_model,afternoon,auto,15,15:00-16:00,7,22.97,22.43,23.62,25.34,29.6,15.78,35.14,6.37
139,Клёво Усачева,30,Черёмушки,high,week_model,afternoon,auto,16,16:00-17:00,5,27.83,21.97,32.93,39.04,45.78,10.69,52.52,16.51
139,Клёво Усачева,30,Черёмушки,high,week_model,afternoon,auto,17,17:00-18:00,3,27.85,31.3,33.22,34.19,35.15,16.15,36.12,10.42
139,Клёво Усачева,30,Черёмушки,high,week_model,afternoon,bike,17,17:00-18:00,1,30.17,30.17,30.17,30.17,30.17,30.17,30.17,
139,Клёво Усачева,30,Черёмушки,high,week_model,dinner,auto,18,18:00-19:00,8,35.33,31.37,41.94,45.58,51.37,21.17,60.14,13.89
139,Клёво Усачева,30,Черёмушки,high,week_model,dinner,auto,19,19:00-20:00,6,37.65,37.53,43.25,47.78,54.78,13.01,61.78,16.63
139,Клёво Усачева,30,Черёмушки,high,week_model,dinner,auto,20,20:00-21:00,9,33.18,32.21,39.12,41.38,45.56,16.65,49.35,11.22
139,Клёво Усачева,30,Черёмушки,high,week_model,late_evening,auto,21,21:00-22:00,1,20.44,20.44,20.44,20.44,20.44,20.44,20.44,
14,Метрополис,14,Метрополис,medium,week_model,block_06_12,auto,9,09:00-10:00,48,15.13,12.64,16.45,20.1,24.98,3.36,47.91,8.66
14,Метрополис,14,Метрополис,medium,week_model,block_06_12,auto,10,10:00-11:00,79,14.45,13.2,16.71,18.92,22.73,2.68,43.6,7.2
14,Метрополис,14,Метрополис,medium,week_model,block_06_12,auto,11,11:00-12:00,82,15.35,13.61,15.93,20.11,26.42,2.59,47.51,8.34
14,Метрополис,14,Метрополис,medium,week_model,block_12_18,auto,12,12:00-13:00,96,17.89,13.66,19.78,24.43,31.61,2.57,170.32,18.53
14,Метрополис,14,Метрополис,medium,week_model,block_12_18,auto,13,13:00-14:00,94,15.87,14.52,18.05,22.61,26.63,0.06,52.49,10.04
14,Метрополис,14,Метрополис,medium,week_model,block_12_18,auto,14,14:00-15:00,79,15.67,13.29,18.31,22.08,28.29,1.32,49.7,9.91
14,Метрополис,14,Метрополис,medium,week_model,block_12_18,auto,15,15:00-16:00,70,15.27,13.07,18.92,22.76,29.24,0.96,45.49,10.24
14,Метрополис,14,Метрополис,medium,week_model,block_12_18,auto,16,16:00-17:00,55,15.52,14.8,19.17,21.6,26.38,2.37,44.1,8.58
14,Метрополис,14,Метрополис,medium,week_model,block_12_18,auto,17,17:00-18:00,40,19.86,16.47,21.89,30.51,35.84,2.01,45.01,10.75
14,Метрополис,14,Метрополис,medium,week_model,block_18_24,auto,18,18:00-19:00,34,22.48,19.33,26.65,31.1,36.74,4.83,70.69,13.76
14,Метрополис,14,Метрополис,medium,week_model,block_18_24,auto,19,19:00-20:00,43,22.01,17.4,23.65,30.56,38.4,5.13,68.56,14.77
14,Метрополис,14,Метрополис,medium,week_model,block_18_24,auto,20,20:00-21:00,59,18.3,16.78,23.24,24.81,28.88,0.89,43.04,8.33
14,Метрополис,14,Метрополис,medium,week_model,block_18_24,auto,21,21:00-22:00,41,16.6,13.31,19.46,25.51,28.04,3.97,38.9,8.36
14,Метрополис,14,Метрополис,medium,week_model,block_18_24,auto,22,22:00-23:00,25,14.25,13.89,18.01,19.84,25.99,1.53,30.28,8.05
14,Метрополис,14,Метрополис,medium,week_model,block_18_24,auto,23,23:00-24:00,1,1.88,1.88,1.88,1.88,1.88,1.88,1.88,
140,Клёво Черемушки,30,Черёмушки,high,week_model,lunch,auto,11,11:00-12:00,24,20.57,20.92,21.93,24.51,25.19,0.96,29.07,5.21
140,Клёво Черемушки,30,Черёмушки,high,week_model,lunch,auto,12,12:00-13:00,1,18.76,18.76,18.76,18.76,18.76,18.76,18.76,
140,Клёво Черемушки,30,Черёмушки,high,week_model,lunch,auto,13,13:00-14:00,4,33.61,35.94,38.61,40.14,41.67,19.37,43.2,10.25
140,Клёво Черемушки,30,Черёмушки,high,week_model,lunch,bike,13,13:00-14:00,1,16.97,16.97,16.97,16.97,16.97,16.97,16.97,
140,Клёво Черемушки,30,Черёмушки,high,week_model,lunch,auto,14,14:00-15:00,1,19.31,19.31,19.31,19.31,19.31,19.31,19.31,
140,Клёво Черемушки,30,Черёмушки,high,week_model,lunch,bike,14,14:00-15:00,2,14.14,14.14,14.83,15.17,15.51,12.43,15.86,2.42
140,Клёво Черемушки,30,Черёмушки,high,week_model,afternoon,auto,15,15:00-16:00,2,23.64,23.64,26.09,27.32,28.55,17.5,29.78,8.68
140,Клёво Черемушки,30,Черёмушки,high,week_model,afternoon,auto,16,16:00-17:00,2,40.78,40.78,42.16,42.85,43.54,37.33,44.23,4.87
140,Клёво Черемушки,30,Черёмушки,high,week_model,afternoon,auto,17,17:00-18:00,4,41.16,45.75,51.52,52.55,53.59,18.5,54.63,16.29
140,Клёво Черемушки,30,Черёмушки,high,week_model,afternoon,bike,17,17:00-18:00,2,7.81,7.81,9.1,9.74,10.38,4.6,11.03,4.55
140,Клёво Черемушки,30,Черёмушки,high,week_model,dinner,auto,18,18:00-19:00,4,26.04,27.28,28.74,29.26,29.77,19.3,30.29,4.82
140,Клёво Черемушки,30,Черёмушки,high,week_model,dinner,bike,18,18:00-19:00,2,5.72,5.72,5.79,5.83,5.86,5.54,5.9,0.26
140,Клёво Черемушки,30,Черёмушки,high,week_model,dinner,auto,19,19:00-20:00,6,26.55,27.88,29.42,30.06,35.94,14.04,41.82,9.87
140,Клёво Черемушки,30,Черёмушки,high,week_model,dinner,bike,19,19:00-20:00,1,3.25,3.25,3.25,3.25,3.25,3.25,3.25,
140,Клёво Черемушки,30,Черёмушки,high,week_model,dinner,auto,20,20:00-21:00,1,30.24,30.24,30.24,30.24,30.24,30.24,30.24,
140,Клёво Черемушки,30,Черёмушки,high,week_model,dinner,bike,20,20:00-21:00,1,10.23,10.23,10.23,10.23,10.23,10.23,10.23,
140,Клёво Черемушки,30,Черёмушки,high,week_model,late_evening,auto,21,21:00-22:00,4,32.62,36.48,40.83,43.4,45.97,8.96,48.54,17.0
140,Клёво Черемушки,30,Черёмушки,high,week_model,late_evening,auto,22,22:00-23:00,1,23.85,23.85,23.85,23.85,23.85,23.85,23.85,
142,RED7,142,RED7,medium,week_model,block_06_12,bike,8,08:00-09:00,33,8.56,8.26,9.42,11.05,12.48,0.71,18.33,3.57
142,RED7,142,RED7,medium,week_model,block_06_12,auto,9,09:00-10:00,1,4.77,4.77,4.77,4.77,4.77,4.77,4.77,
142,RED7,142,RED7,medium,week_model,block_06_12,bike,9,09:00-10:00,58,9.17,8.72,10.43,11.2,13.4,3.53,24.95,4.23
142,RED7,142,RED7,medium,week_model,block_06_12,auto,10,10:00-11:00,1,3.34,3.34,3.34,3.34,3.34,3.34,3.34,
142,RED7,142,RED7,medium,week_model,block_06_12,bike,10,10:00-11:00,50,6.83,6.62,7.66,8.3,9.2,0.03,18.19,3.51
142,RED7,142,RED7,medium,week_model,block_06_12,bike,11,11:00-12:00,61,6.93,5.78,7.63,9.48,12.36,0.69,17.08,3.38
142,RED7,142,RED7,medium,week_model,block_12_18,bike,12,12:00-13:00,75,7.52,7.19,8.76,9.69,12.07,0.42,18.27,3.6
142,RED7,142,RED7,medium,week_model,block_12_18,bike,13,13:00-14:00,64,6.76,6.16,8.39,9.31,11.64,0.75,13.97,3.19
142,RED7,142,RED7,medium,week_model,block_12_18,bike,14,14:00-15:00,43,7.11,5.7,8.92,10.22,11.86,0.06,17.36,3.79
142,RED7,142,RED7,medium,week_model,block_12_18,auto,15,15:00-16:00,1,1.22,1.22,1.22,1.22,1.22,1.22,1.22,
142,RED7,142,RED7,medium,week_model,block_12_18,bike,15,15:00-16:00,39,6.96,5.87,8.12,9.3,10.61,0.51,23.96,4.11
142,RED7,142,RED7,medium,week_model,block_12_18,auto,16,16:00-17:00,1,46.77,46.77,46.77,46.77,46.77,46.77,46.77,
142,RED7,142,RED7,medium,week_model,block_12_18,bike,16,16:00-17:00,30,7.84,7.68,10.66,12.02,12.73,0.04,13.44,3.9
142,RED7,142,RED7,medium,week_model,block_12_18,bike,17,17:00-18:00,48,9.29,7.45,9.79,11.24,16.18,0.04,34.74,5.84
142,RED7,142,RED7,medium,week_model,block_18_24,bike,18,18:00-19:00,43,12.32,9.47,11.36,13.45,25.9,1.14,57.04,10.93
142,RED7,142,RED7,medium,week_model,block_18_24,auto,19,19:00-20:00,1,38.25,38.25,38.25,38.25,38.25,38.25,38.25,
142,RED7,142,RED7,medium,week_model,block_18_24,bike,19,19:00-20:00,28,8.26,8.45,10.26,11.63,12.83,0.04,16.57,4.08
142,RED7,142,RED7,medium,week_model,block_18_24,bike,20,20:00-21:00,32,10.57,9.46,11.35,12.05,18.29,2.47,32.96,6.7
142,RED7,142,RED7,medium,week_model,block_18_24,bike,21,21:00-22:00,17,10.3,9.78,12.46,13.41,17.44,3.63,21.73,5.3
146,Maestrello Покровка,6,Неглинная,mega,week_model,lunch,auto,12,12:00-13:00,1,20.54,20.54,20.54,20.54,20.54,20.54,20.54,
146,Maestrello Покровка,6,Неглинная,mega,week_model,lunch,auto,13,13:00-14:00,1,23.47,23.47,23.47,23.47,23.47,23.47,23.47,
146,Maestrello Покровка,6,Неглинная,mega,week_model,lunch,auto,14,14:00-15:00,2,0.14,0.14,0.14,0.15,0.15,0.11,0.16,0.03
146,Maestrello Покровка,6,Неглинная,mega,week_model,afternoon,auto,15,15:00-16:00,1,23.17,23.17,23.17,23.17,23.17,23.17,23.17,
146,Maestrello Покровка,6,Неглинная,mega,week_model,afternoon,auto,16,16:00-17:00,1,40.52,40.52,40.52,40.52,40.52,40.52,40.52,
146,Maestrello Покровка,6,Неглинная,mega,week_model,afternoon,auto,17,17:00-18:00,1,24.67,24.67,24.67,24.67,24.67,24.67,24.67,
146,Maestrello Покровка,6,Неглинная,mega,week_model,dinner,auto,18,18:00-19:00,3,2.03,0.36,2.49,3.56,4.63,0.03,5.69,3.18
16,Мосфильм,16,Мосфильм,medium,week_model,block_06_12,auto,8,08:00-09:00,19,7.84,7.71,9.36,11.11,14.06,0.37,20.91,5.53
16,Мосфильм,16,Мосфильм,medium,week_model,block_06_12,bike,8,08:00-09:00,53,5.63,5.54,6.6,7.97,10.12,0.07,16.65,3.24
16,Мосфильм,16,Мосфильм,medium,week_model,block_06_12,auto,9,09:00-10:00,5,7.29,7.9,8.58,9.18,10.06,1.8,10.93,3.39
16,Мосфильм,16,Мосфильм,medium,week_model,block_06_12,bike,9,09:00-10:00,88,4.83,4.16,6.42,7.19,9.36,0.05,15.3,3.54
16,Мосфильм,16,Мосфильм,medium,week_model,block_06_12,auto,10,10:00-11:00,3,10.99,9.78,12.04,13.17,14.3,7.75,15.42,3.98
16,Мосфильм,16,Мосфильм,medium,week_model,block_06_12,bike,10,10:00-11:00,79,5.55,5.04,6.87,7.56,9.59,0.04,23.78,3.91
16,Мосфильм,16,Мосфильм,medium,week_model,block_06_12,auto,11,11:00-12:00,2,4.15,4.15,5.78,6.6,7.42,0.06,8.24,5.79
16,Мосфильм,16,Мосфильм,medium,week_model,block_06_12,bike,11,11:00-12:00,73,5.9,5.49,7.44,8.05,9.44,0.06,23.74,3.79
16,Мосфильм,16,Мосфильм,medium,week_model,block_12_18,bike,12,12:00-13:00,83,5.6,5.76,6.74,7.6,9.16,0.07,17.86,3.4
16,Мосфильм,16,Мосфильм,medium,week_model,block_12_18,bike,13,13:00-14:00,85,4.99,3.79,6.3,7.98,9.15,0.04,25.1,4.11
16,Мосфильм,16,Мосфильм,medium,week_model,block_12_18,auto,14,14:00-15:00,1,28.01,28.01,28.01,28.01,28.01,28.01,28.01,
16,Мосфильм,16,Мосфильм,medium,week_model,block_12_18,bike,14,14:00-15:00,83,5.67,4.8,7.2,8.33,9.67,0.04,29.88,4.96
16,Мосфильм,16,Мосфильм,medium,week_model,block_12_18,auto,15,15:00-16:00,3,46.68,60.46,63.35,64.79,66.23,11.9,67.68,30.34
16,Мосфильм,16,Мосфильм,medium,week_model,block_12_18,bike,15,15:00-16:00,63,5.78,4.73,7.12,8.76,11.0,0.04,22.81,4.32
16,Мосфильм,16,Мосфильм,medium,week_model,block_12_18,bike,16,16:00-17:00,51,4.77,4.21,6.11,6.72,8.07,0.04,18.59,3.63
16,Мосфильм,16,Мосфильм,medium,week_model,block_12_18,bike,17,17:00-18:00,63,5.92,5.44,7.97,9.18,10.51,0.04,16.52,4.02
16,Мосфильм,16,Мосфильм,medium,week_model,block_18_24,bike,18,18:00-19:00,57,5.67,5.3,7.26,8.14,10.33,0.04,20.17,3.98
16,Мосфильм,16,Мосфильм,medium,week_model,block_18_24,bike,19,19:00-20:00,66,4.96,4.58,6.48,7.96,8.93,0.06,12.45,3.14
16,Мосфильм,16,Мосфильм,medium,week_model,block_18_24,auto,20,20:00-21:00,1,9.68,9.68,9.68,9.68,9.68,9.68,9.68,
16,Мосфильм,16,Мосфильм,medium,week_model,block_18_24,bike,20,20:00-21:00,64,5.42,5.29,6.59,7.69,8.94,0.05,29.01,4.23
16,Мосфильм,16,Мосфильм,medium,week_model,block_18_24,auto,21,21:00-22:00,6,7.86,2.87,8.74,14.44,19.48,0.18,24.51,9.6
16,Мосфильм,16,Мосфильм,medium,week_model,block_18_24,bike,21,21:00-22:00,26,4.49,3.74,7.09,7.72,8.9,0.04,9.35,3.09
16,Мосфильм,16,Мосфильм,medium,week_model,block_18_24,auto,22,22:00-23:00,15,8.61,8.17,10.38,10.99,12.33,1.24,17.47,3.87
16,Мосфильм,16,Мосфильм,medium,week_model,block_18_24,bike,22,22:00-23:00,12,6.61,7.91,9.0,9.06,12.53,1.51,12.99,4.3
17,Внуково,17,Внуково,medium,week_model,block_06_12,auto,8,08:00-09:00,26,20.24,19.59,22.5,27.65,30.82,7.35,36.95,7.85
17,Внуково,17,Внуково,medium,week_model,block_06_12,auto,9,09:00-10:00,72,19.42,17.14,22.31,28.04,31.06,4.22,67.43,11.35
17,Внуково,17,Внуково,medium,week_model,block_06_12,auto,10,10:00-11:00,64,18.61,18.57,21.08,23.59,25.31,3.96,50.67,8.4
17,Внуково,17,Внуково,medium,week_model,block_06_12,auto,11,11:00-12:00,65,19.9,19.37,22.89,23.61,29.65,4.84,66.52,9.6
17,Внуково,17,Внуково,medium,week_model,block_12_18,auto,12,12:00-13:00,69,17.06,16.23,19.57,23.14,24.91,4.55,38.6,6.84
17,Внуково,17,Внуково,medium,week_model,block_12_18,auto,13,13:00-14:00,48,17.13,17.81,19.45,21.87,26.24,0.06,38.02,7.46
17,Внуково,17,Внуково,medium,week_model,block_12_18,auto,14,14:00-15:00,59,18.69,18.17,21.96,24.45,28.71,3.09,35.68,7.21
17,Внуково,17,Внуково,medium,week_model,block_12_18,auto,15,15:00-16:00,54,19.88,17.76,20.02,25.27,31.67,7.01,61.21,10.61
17,Внуково,17,Внуково,medium,week_model,block_12_18,auto,16,16:00-17:00,49,18.67,17.59,21.07,24.45,27.6,3.6,33.79,6.53
17,Внуково,17,Внуково,medium,week_model,block_12_18,auto,17,17:00-18:00,49,20.15,17.64,23.84,27.46,36.56,0.87,65.15,12.85
17,Внуково,17,Внуково,medium,week_model,block_18_24,auto,18,18:00-19:00,46,21.95,19.86,25.33,35.34,39.15,0.37,61.69,13.13
17,Внуково,17,Внуково,medium,week_model,block_18_24,auto,19,19:00-20:00,59,21.26,19.78,23.86,26.59,33.29,4.97,46.14,9.32
17,Внуково,17,Внуково,medium,week_model,block_18_24,auto,20,20:00-21:00,54,21.53,20.47,23.81,29.23,35.39,5.07,40.94,8.82
17,Внуково,17,Внуково,medium,week_model,block_18_24,auto,21,21:00-22:00,28,23.88,19.37,29.22,32.23,35.07,0.05,117.55,22.71
17,Внуково,17,Внуково,medium,week_model,block_18_24,auto,22,22:00-23:00,3,24.25,20.15,27.21,30.74,34.27,14.8,37.8,12.04
18,Новая Рига,18,Новая Рига,medium,week_model,block_06_12,auto,7,07:00-08:00,1,0.03,0.03,0.03,0.03,0.03,0.03,0.03,
18,Новая Рига,18,Новая Рига,medium,week_model,block_06_12,auto,8,08:00-09:00,132,13.41,11.96,15.27,17.03,21.54,0.06,40.26,5.93
18,Новая Рига,18,Новая Рига,medium,week_model,block_06_12,auto,9,09:00-10:00,110,13.17,10.97,14.28,15.44,22.04,0.11,43.88,7.95
18,Новая Рига,18,Новая Рига,medium,week_model,block_06_12,auto,10,10:00-11:00,93,12.51,11.38,13.11,14.28,17.25,0.04,53.4,6.92
18,Новая Рига,18,Новая Рига,medium,week_model,block_06_12,auto,11,11:00-12:00,86,13.26,12.01,14.55,15.96,18.76,0.03,34.55,6.06
18,Новая Рига,18,Новая Рига,medium,week_model,block_12_18,auto,12,12:00-13:00,82,14.33,13.1,15.29,18.61,22.72,0.73,43.9,7.08
18,Новая Рига,18,Новая Рига,medium,week_model,block_12_18,auto,13,13:00-14:00,71,12.9,12.41,14.53,16.14,17.23,1.11,30.12,4.47
18,Новая Рига,18,Новая Рига,medium,week_model,block_12_18,auto,14,14:00-15:00,72,12.83,12.12,14.55,16.58,20.18,0.03,33.77,7.01
18,Новая Рига,18,Новая Рига,medium,week_model,block_12_18,auto,15,15:00-16:00,72,13.15,11.68,14.17,17.38,20.78,0.94,37.61,6.79
18,Новая Рига,18,Новая Рига,medium,week_model,block_12_18,auto,16,16:00-17:00,54,14.92,12.77,15.61,18.36,24.75,0.04,37.98,7.8
18,Новая Рига,18,Новая Рига,medium,week_model,block_12_18,auto,17,17:00-18:00,68,15.25,13.19,15.56,18.38,24.06,1.49,51.49,9.14
18,Новая Рига,18,Новая Рига,medium,week_model,block_18_24,auto,18,18:00-19:00,76,15.03,13.15,15.67,19.24,26.52,0.07,34.33,7.09
18,Новая Рига,18,Новая Рига,medium,week_model,block_18_24,auto,19,19:00-20:00,65,14.04,13.59,15.18,17.58,20.27,1.57,36.37,6.33
18,Новая Рига,18,Новая Рига,medium,week_model,block_18_24,auto,20,20:00-21:00,62,11.85,11.05,12.72,13.88,15.72,0.83,39.64,5.82
18,Новая Рига,18,Новая Рига,medium,week_model,block_18_24,auto,21,21:00-22:00,36,11.64,11.32,12.17,13.37,15.56,1.93,24.05,4.4
181,Ribambelle Оболенский,8,Усачева,mega,week_model,morning,auto,9,09:00-10:00,2,13.4,13.4,14.69,15.34,15.98,10.16,16.63,4.57
181,Ribambelle Оболенский,8,Усачева,mega,week_model,morning,bike,9,09:00-10:00,1,14.52,14.52,14.52,14.52,14.52,14.52,14.52,
181,Ribambelle Оболенский,8,Усачева,mega,week_model,lunch,auto,13,13:00-14:00,1,54.86,54.86,54.86,54.86,54.86,54.86,54.86,
181,Ribambelle Оболенский,8,Усачева,mega,week_model,dinner,auto,19,19:00-20:00,1,18.81,18.81,18.81,18.81,18.81,18.81,18.81,
181,Ribambelle Оболенский,8,Усачева,mega,week_model,dinner,bike,20,20:00-21:00,1,10.52,10.52,10.52,10.52,10.52,10.52,10.52,
182,Miss You,4,Аврора,high,week_model,morning,auto,10,10:00-11:00,2,38.48,38.48,40.45,41.44,42.43,33.54,43.42,6.98
182,Miss You,4,Аврора,high,week_model,lunch,auto,11,11:00-12:00,4,30.31,30.55,38.2,40.28,42.36,15.71,44.45,13.04
182,Miss You,4,Аврора,high,week_model,lunch,auto,12,12:00-13:00,4,33.3,27.83,34.42,42.3,50.17,19.51,58.04,17.26
182,Miss You,4,Аврора,high,week_model,lunch,auto,13,13:00-14:00,6,27.35,29.06,31.58,33.64,37.39,2.64,41.14,13.02
182,Miss You,4,Аврора,high,week_model,lunch,auto,14,14:00-15:00,10,30.89,28.29,32.14,36.22,42.01,9.37,68.39,15.73
182,Miss You,4,Аврора,high,week_model,lunch,bike,14,14:00-15:00,2,12.44,12.44,13.03,13.32,13.62,10.96,13.91,2.09
182,Miss You,4,Аврора,high,week_model,afternoon,auto,15,15:00-16:00,8,31.3,28.67,32.08,40.02,45.42,18.75,46.25,9.71
182,Miss You,4,Аврора,high,week_model,afternoon,auto,16,16:00-17:00,4,32.61,32.66,35.12,35.38,35.64,29.21,35.9,3.35
182,Miss You,4,Аврора,high,week_model,afternoon,bike,16,16:00-17:00,1,10.53,10.53,10.53,10.53,10.53,10.53,10.53,
182,Miss You,4,Аврора,high,week_model,afternoon,auto,17,17:00-18:00,8,29.88,29.88,36.39,40.12,45.38,6.17,52.08,14.5
182,Miss You,4,Аврора,high,week_model,afternoon,bike,17,17:00-18:00,2,11.24,11.24,13.65,14.85,16.06,5.21,17.26,8.52
182,Miss You,4,Аврора,high,week_model,dinner,auto,18,18:00-19:00,3,39.14,36.01,40.86,43.28,45.71,33.27,48.13,7.91
182,Miss You,4,Аврора,high,week_model,dinner,auto,19,19:00-20:00,4,32.79,28.66,34.58,39.87,45.15,23.41,50.43,12.49
182,Miss You,4,Аврора,high,week_model,dinner,bike,19,19:00-20:00,1,7.52,7.52,7.52,7.52,7.52,7.52,7.52,
182,Miss You,4,Аврора,high,week_model,dinner,auto,20,20:00-21:00,1,2.51,2.51,2.51,2.51,2.51,2.51,2.51,
182,Miss You,4,Аврора,high,week_model,dinner,bike,20,20:00-21:00,1,6.06,6.06,6.06,6.06,6.06,6.06,6.06,
182,Miss You,4,Аврора,high,week_model,late_evening,auto,21,21:00-22:00,2,23.55,23.55,24.23,24.57,24.91,21.86,25.25,2.4
187,Биродром и Панчетта Народное ополчение,12,Хорошо,high,week_model,lunch,auto,12,12:00-13:00,2,16.1,16.1,17.97,18.9,19.84,11.42,20.77,6.61
187,Биродром и Панчетта Народное ополчение,12,Хорошо,high,week_model,lunch,auto,13,13:00-14:00,4,9.6,7.59,9.56,13.62,17.68,1.5,21.75,8.6
187,Биродром и Панчетта Народное ополчение,12,Хорошо,high,week_model,lunch,auto,14,14:00-15:00,1,5.11,5.11,5.11,5.11,5.11,5.11,5.11,
187,Биродром и Панчетта Народное ополчение,12,Хорошо,high,week_model,afternoon,auto,15,15:00-16:00,4,8.23,7.02,8.63,10.27,11.9,5.34,13.53,3.73
187,Биродром и Панчетта Народное ополчение,12,Хорошо,high,week_model,afternoon,auto,16,16:00-17:00,5,9.7,10.19,10.87,11.14,11.33,7.45,11.52,1.76
187,Биродром и Панчетта Народное ополчение,12,Хорошо,high,week_model,afternoon,bike,16,16:00-17:00,1,5.01,5.01,5.01,5.01,5.01,5.01,5.01,
187,Биродром и Панчетта Народное ополчение,12,Хорошо,high,week_model,afternoon,auto,17,17:00-18:00,3,8.65,8.78,10.11,10.78,11.45,5.07,12.12,3.53
187,Биродром и Панчетта Народное ополчение,12,Хорошо,high,week_model,dinner,auto,18,18:00-19:00,9,11.04,8.7,11.55,12.97,17.6,3.88,32.33,8.66
187,Биродром и Панчетта Народное ополчение,12,Хорошо,high,week_model,dinner,auto,19,19:00-20:00,7,11.09,11.86,13.99,14.65,16.37,5.15,18.62,5.05
187,Биродром и Панчетта Народное ополчение,12,Хорошо,high,week_model,dinner,auto,20,20:00-21:00,7,9.85,10.23,11.51,11.79,14.24,4.24,17.78,4.69
187,Биродром и Панчетта Народное ополчение,12,Хорошо,high,week_model,late_evening,auto,21,21:00-22:00,3,7.7,6.06,8.09,9.11,10.13,5.88,11.15,2.99
187,Биродром и Панчетта Народное ополчение,12,Хорошо,high,week_model,late_evening,auto,22,22:00-23:00,3,5.41,6.91,6.96,6.98,7.0,2.31,7.02,2.69
19,Conversation Никитская,19,Conversation Никитская,medium,week_model,block_06_12,auto,10,10:00-11:00,13,33.09,29.92,33.63,35.66,46.91,17.6,73.22,14.41
19,Conversation Никитская,19,Conversation Никитская,medium,week_model,block_06_12,auto,11,11:00-12:00,7,31.16,29.23,34.91,39.81,49.12,2.38,60.63,17.8
19,Conversation Никитская,19,Conversation Никитская,medium,week_model,block_12_18,auto,12,12:00-13:00,2,38.63,38.63,40.17,40.94,41.71,34.78,42.48,5.45
19,Conversation Никитская,19,Conversation Никитская,medium,week_model,block_12_18,auto,13,13:00-14:00,6,23.9,17.22,22.31,27.25,49.73,3.43,72.22,25.19
19,Conversation Никитская,19,Conversation Никитская,medium,week_model,block_12_18,auto,14,14:00-15:00,6,29.02,27.69,35.23,38.38,43.32,15.8,48.25,12.93
19,Conversation Никитская,19,Conversation Никитская,medium,week_model,block_12_18,auto,15,15:00-16:00,3,39.47,37.51,44.54,48.05,51.57,25.81,55.08,14.73
19,Conversation Никитская,19,Conversation Никитская,medium,week_model,block_12_18,auto,16,16:00-17:00,4,23.18,23.14,26.27,30.33,34.39,7.99,38.44,12.52
19,Conversation Никитская,19,Conversation Никитская,medium,week_model,block_12_18,auto,17,17:00-18:00,6,23.22,21.41,27.27,31.34,36.22,8.49,41.1,11.61
19,Conversation Никитская,19,Conversation Никитская,medium,week_model,block_18_24,auto,18,18:00-19:00,10,36.54,35.67,44.53,51.39,67.11,1.45,73.78,22.58
19,Conversation Никитская,19,Conversation Никитская,medium,week_model,block_18_24,auto,19,19:00-20:00,4,43.02,34.9,54.83,67.0,79.17,10.94,91.34,36.51
19,Conversation Никитская,19,Conversation Никитская,medium,week_model,block_18_24,auto,20,20:00-21:00,2,32.13,32.13,35.55,37.26,38.97,23.57,40.69,12.1
19,Conversation Никитская,19,Conversation Никитская,medium,week_model,block_18_24,bike,20,20:00-21:00,1,10.57,10.57,10.57,10.57,10.57,10.57,10.57,
19,Conversation Никитская,19,Conversation Никитская,medium,week_model,block_18_24,auto,21,21:00-22:00,1,23.4,23.4,23.4,23.4,23.4,23.4,23.4,
19,Conversation Никитская,19,Conversation Никитская,medium,week_model,block_18_24,auto,22,22:00-23:00,1,38.76,38.76,38.76,38.76,38.76,38.76,38.76,
2,Кудринская,2,Кудринская,high,week_model,deep_night,auto,0,00:00-01:00,1,37.49,37.49,37.49,37.49,37.49,37.49,37.49,
2,Кудринская,2,Кудринская,high,week_model,deep_night,bike,0,00:00-01:00,3,3.26,2.64,4.39,5.27,6.15,0.12,7.03,3.5
2,Кудринская,2,Кудринская,high,week_model,deep_night,auto,1,01:00-02:00,1,69.3,69.3,69.3,69.3,69.3,69.3,69.3,
2,Кудринская,2,Кудринская,high,week_model,deep_night,auto,3,03:00-04:00,2,28.88,28.88,29.48,29.77,30.07,27.4,30.37,2.1
2,Кудринская,2,Кудринская,high,week_model,deep_night,auto,4,04:00-05:00,2,32.75,32.75,33.68,34.15,34.61,30.42,35.08,3.29
2,Кудринская,2,Кудринская,high,week_model,deep_night,auto,5,05:00-06:00,5,27.91,31.57,33.05,34.04,35.28,6.53,36.51,12.12
2,Кудринская,2,Кудринская,high,week_model,opening,auto,6,06:00-07:00,1,30.93,30.93,30.93,30.93,30.93,30.93,30.93,
2,Кудринская,2,Кудринская,high,week_model,opening,auto,7,07:00-08:00,20,27.8,25.17,30.38,33.74,43.68,4.8,47.31,10.22
2,Кудринская,2,Кудринская,high,week_model,opening,bike,7,07:00-08:00,98,11.0,9.5,11.51,14.12,21.59,0.18,34.19,6.13
2,Кудринская,2,Кудринская,high,week_model,early_morning,auto,8,08:00-09:00,1,37.52,37.52,37.52,37.52,37.52,37.52,37.52,
2,Кудринская,2,Кудринская,high,week_model,early_morning,bike,8,08:00-09:00,138,8.2,7.17,9.5,11.41,13.86,0.04,31.09,5.24
2,Кудринская,2,Кудринская,high,week_model,morning,auto,9,09:00-10:00,4,30.17,26.87,35.49,41.49,47.5,13.43,53.5,17.64
2,Кудринская,2,Кудринская,high,week_model,morning,bike,9,09:00-10:00,103,8.54,7.58,9.74,11.39,15.5,0.03,36.83,5.69
2,Кудринская,2,Кудринская,high,week_model,morning,auto,10,10:00-11:00,2,44.6,44.6,44.86,44.99,45.13,43.95,45.26,0.93
2,Кудринская,2,Кудринская,high,week_model,morning,bike,10,10:00-11:00,103,8.64,7.9,9.76,11.19,15.11,0.07,25.28,4.75
2,Кудринская,2,Кудринская,high,week_model,lunch,auto,11,11:00-12:00,1,51.25,51.25,51.25,51.25,51.25,51.25,51.25,
2,Кудринская,2,Кудринская,high,week_model,lunch,bike,11,11:00-12:00,97,8.94,7.89,9.94,12.41,16.19,0.05,42.57,6.48
2,Кудринская,2,Кудринская,high,week_model,lunch,bike,12,12:00-13:00,114,8.05,7.19,10.24,11.28,13.62,0.05,39.41,5.31
2,Кудринская,2,Кудринская,high,week_model,lunch,auto,13,13:00-14:00,2,54.48,54.48,59.65,62.24,64.83,41.55,67.42,18.29
2,Кудринская,2,Кудринская,high,week_model,lunch,bike,13,13:00-14:00,110,8.0,7.49,9.42,10.45,13.4,0.04,25.24,5.12
2,Кудринская,2,Кудринская,high,week_model,lunch,bike,14,14:00-15:00,97,8.93,7.67,9.76,11.48,18.42,0.05,32.63,6.26
2,Кудринская,2,Кудринская,high,week_model,afternoon,auto,15,15:00-16:00,4,36.51,33.89,42.35,47.82,53.28,19.5,58.75,17.18
2,Кудринская,2,Кудринская,high,week_model,afternoon,bike,15,15:00-16:00,59,7.62,7.43,8.63,10.78,12.37,0.18,16.49,3.62
2,Кудринская,2,Кудринская,high,week_model,afternoon,bike,16,16:00-17:00,69,7.96,7.6,9.85,11.43,13.27,0.09,23.66,4.95
2,Кудринская,2,Кудринская,high,week_model,afternoon,auto,17,17:00-18:00,2,51.58,51.58,58.92,62.6,66.27,33.22,69.94,25.97
2,Кудринская,2,Кудринская,high,week_model,afternoon,bike,17,17:00-18:00,53,9.68,9.29,10.18,12.51,19.57,0.05,33.0,7.04
2,Кудринская,2,Кудринская,high,week_model,dinner,auto,18,18:00-19:00,2,50.73,50.73,50.79,50.81,50.84,50.59,50.87,0.2
2,Кудринская,2,Кудринская,high,week_model,dinner,bike,18,18:00-19:00,81,8.66,7.13,9.17,11.7,12.83,0.1,49.59,6.65
2,Кудринская,2,Кудринская,high,week_model,dinner,auto,19,19:00-20:00,1,28.51,28.51,28.51,28.51,28.51,28.51,28.51,
2,Кудринская,2,Кудринская,high,week_model,dinner,bike,19,19:00-20:00,49,6.71,6.19,7.58,10.46,12.5,0.08,16.02,3.97
2,Кудринская,2,Кудринская,high,week_model,dinner,auto,20,20:00-21:00,1,18.63,18.63,18.63,18.63,18.63,18.63,18.63,
2,Кудринская,2,Кудринская,high,week_model,dinner,bike,20,20:00-21:00,55,6.21,5.47,8.41,9.6,11.05,0.06,21.25,4.2
2,Кудринская,2,Кудринская,high,week_model,late_evening,auto,21,21:00-22:00,1,22.42,22.42,22.42,22.42,22.42,22.42,22.42,
2,Кудринская,2,Кудринская,high,week_model,late_evening,bike,21,21:00-22:00,58,7.81,6.58,9.43,10.55,13.12,0.11,54.45,7.34
2,Кудринская,2,Кудринская,high,week_model,late_evening,bike,22,22:00-23:00,44,7.83,7.44,9.16,9.67,11.82,0.07,24.03,3.77
2,Кудринская,2,Кудринская,high,week_model,late_evening,auto,23,23:00-24:00,5,30.78,33.26,34.0,35.54,38.22,22.25,40.91,7.89
2,Кудринская,2,Кудринская,high,week_model,late_evening,bike,23,23:00-24:00,35,7.09,7.0,8.25,8.68,11.96,0.06,24.17,5.0
20,Павлово,20,Павлово,medium,week_model,block_06_12,auto,8,08:00-09:00,11,13.26,14.28,17.5,18.72,21.86,2.67,25.07,7.18
20,Павлово,20,Павлово,medium,week_model,block_06_12,auto,9,09:00-10:00,53,12.21,10.63,15.46,20.31,22.84,0.15,35.59,7.77
20,Павлово,20,Павлово,medium,week_model,block_06_12,auto,10,10:00-11:00,59,13.07,8.97,12.13,18.46,31.99,1.48,48.33,11.39
20,Павлово,20,Павлово,medium,week_model,block_06_12,auto,11,11:00-12:00,59,13.35,9.26,14.41,18.8,31.91,1.93,53.98,11.37
20,Павлово,20,Павлово,medium,week_model,block_12_18,auto,12,12:00-13:00,72,14.6,10.48,20.2,24.0,30.16,0.06,65.31,11.78
20,Павлово,20,Павлово,medium,week_model,block_12_18,auto,13,13:00-14:00,56,15.62,9.36,18.46,22.81,29.83,2.89,113.34,17.28
20,Павлово,20,Павлово,medium,week_model,block_12_18,auto,14,14:00-15:00,51,16.48,11.9,17.87,25.69,30.75,1.55,82.52,15.04
20,Павлово,20,Павлово,medium,week_model,block_12_18,auto,15,15:00-16:00,48,15.44,10.26,20.1,27.08,33.88,1.99,43.28,11.59
20,Павлово,20,Павлово,medium,week_model,block_12_18,auto,16,16:00-17:00,35,18.14,14.35,27.05,30.73,34.19,0.11,52.38,12.9
20,Павлово,20,Павлово,medium,week_model,block_12_18,auto,17,17:00-18:00,44,23.28,18.31,35.43,40.32,43.32,2.23,62.2,16.28
20,Павлово,20,Павлово,medium,week_model,block_18_24,auto,18,18:00-19:00,50,21.7,17.88,29.69,34.49,37.09,2.76,64.29,14.97
20,Павлово,20,Павлово,medium,week_model,block_18_24,auto,19,19:00-20:00,36,14.52,10.7,14.97,22.93,30.22,0.13,60.62,12.79
20,Павлово,20,Павлово,medium,week_model,block_18_24,auto,20,20:00-21:00,28,14.06,10.74,19.93,23.96,28.19,3.48,31.8,8.97
20,Павлово,20,Павлово,medium,week_model,block_18_24,auto,21,21:00-22:00,24,15.1,10.31,14.88,21.74,27.71,2.66,62.1,14.59
20,Павлово,20,Павлово,medium,week_model,block_18_24,auto,22,22:00-23:00,2,5.94,5.94,7.51,8.3,9.08,2.02,9.87,5.55
21,Горки-2,21,Горки-2,high,week_model,deep_night,auto,0,00:00-01:00,1,0.05,0.05,0.05,0.05,0.05,0.05,0.05,
21,Горки-2,21,Горки-2,high,week_model,opening,auto,7,07:00-08:00,1,34.89,34.89,34.89,34.89,34.89,34.89,34.89,
21,Горки-2,21,Горки-2,high,week_model,early_morning,auto,8,08:00-09:00,47,12.67,10.1,17.82,20.39,22.52,3.3,26.07,6.89
21,Горки-2,21,Горки-2,high,week_model,morning,auto,9,09:00-10:00,91,12.54,11.33,15.6,19.49,23.25,1.0,35.84,7.39
21,Горки-2,21,Горки-2,high,week_model,morning,auto,10,10:00-11:00,108,13.92,12.28,17.31,20.1,23.29,0.44,38.68,7.82
21,Горки-2,21,Горки-2,high,week_model,lunch,auto,11,11:00-12:00,147,15.97,14.13,18.74,21.59,27.16,1.98,78.06,10.01
21,Горки-2,21,Горки-2,high,week_model,lunch,auto,12,12:00-13:00,137,14.75,13.03,19.51,23.53,26.87,0.04,42.66,9.16
21,Горки-2,21,Горки-2,high,week_model,lunch,auto,13,13:00-14:00,115,15.87,14.74,20.03,21.79,25.43,0.18,49.05,8.48
21,Горки-2,21,Горки-2,high,week_model,lunch,auto,14,14:00-15:00,106,14.02,13.29,16.84,19.38,24.28,0.14,34.93,7.51
21,Горки-2,21,Горки-2,high,week_model,afternoon,auto,15,15:00-16:00,109,14.72,13.26,16.95,19.88,27.0,3.04,43.15,8.15
21,Горки-2,21,Горки-2,high,week_model,afternoon,auto,16,16:00-17:00,88,15.32,13.65,19.49,22.67,27.28,0.07,45.54,8.9
21,Горки-2,21,Горки-2,high,week_model,afternoon,auto,17,17:00-18:00,82,14.82,13.27,19.41,21.95,26.43,2.25,40.96,8.34
21,Горки-2,21,Горки-2,high,week_model,dinner,auto,18,18:00-19:00,74,17.86,17.28,21.7,25.49,28.79,0.08,56.0,9.97
21,Горки-2,21,Горки-2,high,week_model,dinner,auto,19,19:00-20:00,101,15.1,14.73,18.23,20.42,23.49,0.37,41.95,7.23
21,Горки-2,21,Горки-2,high,week_model,dinner,auto,20,20:00-21:00,79,13.4,12.09,15.88,18.28,23.74,0.8,32.13,6.78
21,Горки-2,21,Горки-2,high,week_model,late_evening,auto,21,21:00-22:00,53,14.96,15.0,18.6,19.94,24.87,0.07,31.7,7.39
21,Горки-2,21,Горки-2,high,week_model,late_evening,auto,22,22:00-23:00,172,2.7,0.06,0.12,0.97,10.02,0.03,43.5,6.9
21,Горки-2,21,Горки-2,high,week_model,late_evening,auto,23,23:00-24:00,3,2.98,0.06,3.57,5.32,7.07,0.04,8.83,5.07
22,Жажда Крови,22,Жажда Крови,low,week_model,block_12_18,auto,13,13:00-14:00,1,23.32,23.32,23.32,23.32,23.32,23.32,23.32,
22,Жажда Крови,22,Жажда Крови,low,week_model,block_12_18,bike,14,14:00-15:00,2,14.03,14.03,14.48,14.7,14.93,12.9,15.15,1.59
22,Жажда Крови,22,Жажда Крови,low,week_model,block_12_18,auto,15,15:00-16:00,1,20.48,20.48,20.48,20.48,20.48,20.48,20.48,
22,Жажда Крови,22,Жажда Крови,low,week_model,block_12_18,auto,16,16:00-17:00,1,16.51,16.51,16.51,16.51,16.51,16.51,16.51,
22,Жажда Крови,22,Жажда Крови,low,week_model,block_12_18,bike,17,17:00-18:00,1,14.11,14.11,14.11,14.11,14.11,14.11,14.11,
22,Жажда Крови,22,Жажда Крови,low,week_model,block_18_24,auto,19,19:00-20:00,1,50.78,50.78,50.78,50.78,50.78,50.78,50.78,
22,Жажда Крови,22,Жажда Крови,low,week_model,block_18_24,bike,19,19:00-20:00,1,20.05,20.05,20.05,20.05,20.05,20.05,20.05,
22,Жажда Крови,22,Жажда Крови,low,week_model,block_18_24,auto,20,20:00-21:00,3,12.15,12.24,13.03,13.42,13.82,10.0,14.21,2.11
22,Жажда Крови,22,Жажда Крови,low,week_model,block_18_24,bike,20,20:00-21:00,1,20.17,20.17,20.17,20.17,20.17,20.17,20.17,
22,Жажда Крови,22,Жажда Крови,low,week_model,block_18_24,bike,21,21:00-22:00,4,8.38,6.98,8.26,10.6,12.94,4.28,15.28,4.79
22,Жажда Крови,22,Жажда Крови,low,week_model,block_18_24,auto,23,23:00-24:00,1,25.8,25.8,25.8,25.8,25.8,25.8,25.8,
23,I Love Cake,23,I Love Cake,low,week_model,block_06_12,auto,10,10:00-11:00,1,54.64,54.64,54.64,54.64,54.64,54.64,54.64,
23,I Love Cake,23,I Love Cake,low,week_model,block_12_18,auto,15,15:00-16:00,1,51.63,51.63,51.63,51.63,51.63,51.63,51.63,
23,I Love Cake,23,I Love Cake,low,week_model,block_12_18,auto,16,16:00-17:00,2,22.77,22.77,23.11,23.28,23.45,21.91,23.63,1.21
23,I Love Cake,23,I Love Cake,low,week_model,block_18_24,auto,19,19:00-20:00,1,7.27,7.27,7.27,7.27,7.27,7.27,7.27,
24,Conversation Остоженка,24,Conversation Остоженка,low,week_model,block_18_24,auto,19,19:00-20:00,1,30.91,30.91,30.91,30.91,30.91,30.91,30.91,
24,Conversation Остоженка,24,Conversation Остоженка,low,week_model,block_18_24,auto,20,20:00-21:00,1,19.98,19.98,19.98,19.98,19.98,19.98,19.98,
25,Весна,25,Весна,medium,week_model,block_00_06,auto,0,00:00-01:00,2,16.83,16.83,16.84,16.85,16.85,16.8,16.86,0.04
25,Весна,25,Весна,medium,week_model,block_00_06,bike,0,00:00-01:00,4,12.63,14.34,15.33,16.33,17.34,3.5,18.34,6.39
25,Весна,25,Весна,medium,week_model,block_06_12,bike,8,08:00-09:00,40,5.2,5.18,5.93,6.5,6.83,2.58,7.45,1.33
25,Весна,25,Весна,medium,week_model,block_06_12,bike,9,09:00-10:00,67,6.07,5.56,7.13,7.74,9.28,0.04,14.5,2.66
25,Весна,25,Весна,medium,week_model,block_06_12,bike,10,10:00-11:00,102,5.66,5.47,5.96,7.34,8.4,0.05,13.24,2.01
25,Весна,25,Весна,medium,week_model,block_06_12,bike,11,11:00-12:00,121,6.11,5.29,6.19,6.97,8.51,1.66,23.3,3.19
25,Весна,25,Весна,medium,week_model,block_12_18,bike,12,12:00-13:00,82,6.01,5.37,6.25,7.41,8.96,2.15,19.4,3.02
25,Весна,25,Весна,medium,week_model,block_12_18,bike,13,13:00-14:00,82,6.07,5.99,6.54,7.02,8.04,1.66,15.33,2.09
25,Весна,25,Весна,medium,week_model,block_12_18,bike,14,14:00-15:00,62,5.94,5.98,6.98,7.49,9.06,0.06,11.88,2.31
25,Весна,25,Весна,medium,week_model,block_12_18,auto,15,15:00-16:00,1,14.78,14.78,14.78,14.78,14.78,14.78,14.78,
25,Весна,25,Весна,medium,week_model,block_12_18,bike,15,15:00-16:00,62,5.52,5.51,6.04,6.38,7.51,0.4,14.68,2.18
25,Весна,25,Весна,medium,week_model,block_12_18,bike,16,16:00-17:00,44,5.62,5.14,6.11,6.97,8.03,0.03,17.91,2.82
25,Весна,25,Весна,medium,week_model,block_12_18,bike,17,17:00-18:00,38,5.24,5.19,5.68,6.73,7.47,0.23,8.6,1.7
25,Весна,25,Весна,medium,week_model,block_18_24,bike,18,18:00-19:00,24,5.64,5.75,6.34,6.63,7.86,2.75,9.67,1.7
25,Весна,25,Весна,medium,week_model,block_18_24,bike,19,19:00-20:00,34,4.89,4.73,5.26,5.41,6.55,2.21,8.86,1.36
25,Весна,25,Весна,medium,week_model,block_18_24,bike,20,20:00-21:00,35,5.53,5.54,6.56,6.79,7.12,2.23,14.26,2.11
25,Весна,25,Весна,medium,week_model,block_18_24,bike,21,21:00-22:00,26,5.77,5.65,6.5,6.78,7.69,2.45,15.79,2.6
25,Весна,25,Весна,medium,week_model,block_18_24,bike,22,22:00-23:00,25,6.29,6.16,6.56,7.61,8.62,4.06,9.58,1.57
25,Весна,25,Весна,medium,week_model,block_18_24,bike,23,23:00-24:00,22,6.81,6.39,7.42,7.97,8.25,3.54,13.0,2.16
26,Тверская,26,Тверская,medium,week_model,block_06_12,bike,8,08:00-09:00,67,6.17,6.14,7.37,8.7,9.88,0.07,16.85,3.06
26,Тверская,26,Тверская,medium,week_model,block_06_12,auto,9,09:00-10:00,1,31.87,31.87,31.87,31.87,31.87,31.87,31.87,
26,Тверская,26,Тверская,medium,week_model,block_06_12,bike,9,09:00-10:00,90,6.57,6.26,7.86,8.43,10.44,0.09,19.53,3.39
26,Тверская,26,Тверская,medium,week_model,block_06_12,auto,10,10:00-11:00,1,33.9,33.9,33.9,33.9,33.9,33.9,33.9,
26,Тверская,26,Тверская,medium,week_model,block_06_12,bike,10,10:00-11:00,84,7.38,5.19,6.91,8.04,9.76,0.64,58.64,9.15
26,Тверская,26,Тверская,medium,week_model,block_06_12,bike,11,11:00-12:00,63,6.1,5.17,6.86,7.82,10.31,1.0,20.63,3.38
26,Тверская,26,Тверская,medium,week_model,block_12_18,bike,12,12:00-13:00,59,6.16,5.38,7.0,8.97,11.21,0.66,19.14,3.82
26,Тверская,26,Тверская,medium,week_model,block_12_18,bike,13,13:00-14:00,85,6.12,5.75,7.07,8.22,9.62,0.04,20.51,3.59
26,Тверская,26,Тверская,medium,week_model,block_12_18,bike,14,14:00-15:00,81,6.27,5.48,8.0,8.74,9.45,0.25,17.63,3.11
26,Тверская,26,Тверская,medium,week_model,block_12_18,bike,15,15:00-16:00,67,6.91,6.72,8.1,9.54,11.32,0.05,19.85,3.61
26,Тверская,26,Тверская,medium,week_model,block_12_18,bike,16,16:00-17:00,40,6.79,5.63,7.44,8.96,11.84,1.48,25.57,4.73
26,Тверская,26,Тверская,medium,week_model,block_12_18,bike,17,17:00-18:00,37,6.25,5.87,7.58,8.6,9.74,1.45,19.13,3.3
26,Тверская,26,Тверская,medium,week_model,block_18_24,bike,18,18:00-19:00,39,7.55,7.04,8.82,9.85,12.35,0.04,23.94,4.74
26,Тверская,26,Тверская,medium,week_model,block_18_24,bike,19,19:00-20:00,45,7.29,6.94,8.41,8.76,10.27,0.05,16.43,3.29
26,Тверская,26,Тверская,medium,week_model,block_18_24,bike,20,20:00-21:00,48,5.78,5.02,5.86,7.29,9.88,1.52,16.61,2.89
26,Тверская,26,Тверская,medium,week_model,block_18_24,bike,21,21:00-22:00,18,5.85,6.03,7.58,8.24,9.02,1.48,12.08,2.91
26,Тверская,26,Тверская,medium,week_model,block_18_24,bike,22,22:00-23:00,14,5.14,4.75,5.83,6.45,7.5,1.3,11.52,2.58
288,Биродром и Ив.Дурдинъ Мичуринский,69,Опен Мичуринский,mega,week_model,lunch,auto,11,11:00-12:00,1,20.1,20.1,20.1,20.1,20.1,20.1,20.1,
288,Биродром и Ив.Дурдинъ Мичуринский,69,Опен Мичуринский,mega,week_model,lunch,auto,12,12:00-13:00,3,16.23,16.7,17.08,17.27,17.46,14.36,17.64,1.69
288,Биродром и Ив.Дурдинъ Мичуринский,69,Опен Мичуринский,mega,week_model,lunch,bike,12,12:00-13:00,2,8.42,8.42,8.59,8.67,8.75,8.02,8.83,0.57
288,Биродром и Ив.Дурдинъ Мичуринский,69,Опен Мичуринский,mega,week_model,lunch,auto,13,13:00-14:00,5,19.52,17.24,19.3,23.76,31.64,8.45,39.52,12.0
288,Биродром и Ив.Дурдинъ Мичуринский,69,Опен Мичуринский,mega,week_model,lunch,auto,14,14:00-15:00,5,18.44,18.77,24.2,25.82,26.35,10.29,26.89,7.88
288,Биродром и Ив.Дурдинъ Мичуринский,69,Опен Мичуринский,mega,week_model,afternoon,auto,15,15:00-16:00,2,15.52,15.52,16.22,16.57,16.92,13.77,17.27,2.48
288,Биродром и Ив.Дурдинъ Мичуринский,69,Опен Мичуринский,mega,week_model,afternoon,bike,15,15:00-16:00,1,8.32,8.32,8.32,8.32,8.32,8.32,8.32,
288,Биродром и Ив.Дурдинъ Мичуринский,69,Опен Мичуринский,mega,week_model,afternoon,auto,16,16:00-17:00,4,23.67,23.31,27.94,30.75,33.56,11.71,36.37,10.52
288,Биродром и Ив.Дурдинъ Мичуринский,69,Опен Мичуринский,mega,week_model,afternoon,bike,16,16:00-17:00,1,7.85,7.85,7.85,7.85,7.85,7.85,7.85,
288,Биродром и Ив.Дурдинъ Мичуринский,69,Опен Мичуринский,mega,week_model,afternoon,auto,17,17:00-18:00,2,16.13,16.13,16.85,17.22,17.58,14.32,17.94,2.56
288,Биродром и Ив.Дурдинъ Мичуринский,69,Опен Мичуринский,mega,week_model,dinner,auto,18,18:00-19:00,10,14.09,13.48,17.66,23.32,27.57,0.69,28.35,9.69
288,Биродром и Ив.Дурдинъ Мичуринский,69,Опен Мичуринский,mega,week_model,dinner,auto,19,19:00-20:00,4,22.71,22.2,27.93,28.9,29.87,15.57,30.84,7.66
288,Биродром и Ив.Дурдинъ Мичуринский,69,Опен Мичуринский,mega,week_model,dinner,auto,20,20:00-21:00,2,15.68,15.68,16.51,16.93,17.34,13.61,17.76,2.93
288,Биродром и Ив.Дурдинъ Мичуринский,69,Опен Мичуринский,mega,week_model,dinner,bike,20,20:00-21:00,1,5.69,5.69,5.69,5.69,5.69,5.69,5.69,
29,Украинский,29,Украинский,mega,week_model,opening,auto,7,07:00-08:00,119,16.7,16.08,18.8,20.51,23.98,1.36,36.07,6.15
29,Украинский,29,Украинский,mega,week_model,opening,bike,7,07:00-08:00,57,11.77,10.71,13.74,16.44,19.89,2.55,29.15,6.25
29,Украинский,29,Украинский,mega,week_model,early_morning,auto,8,08:00-09:00,124,16.61,16.18,18.32,19.54,23.48,1.25,36.82,5.78
29,Украинский,29,Украинский,mega,week_model,early_morning,bike,8,08:00-09:00,45,11.29,8.71,11.06,16.69,23.45,0.04,38.83,8.35
29,Украинский,29,Украинский,mega,week_model,morning,auto,9,09:00-10:00,152,16.16,15.64,17.78,19.45,22.83,2.06,40.04,5.9
29,Украинский,29,Украинский,mega,week_model,morning,bike,9,09:00-10:00,67,7.5,6.11,8.71,9.86,11.8,0.3,28.1,4.42
29,Украинский,29,Украинский,mega,week_model,morning,auto,10,10:00-11:00,155,15.65,15.36,17.51,18.56,20.45,3.19,33.76,4.71
29,Украинский,29,Украинский,mega,week_model,morning,bike,10,10:00-11:00,60,6.44,6.1,7.61,9.57,11.13,1.26,13.79,3.35
29,Украинский,29,Украинский,mega,week_model,lunch,auto,11,11:00-12:00,135,15.93,15.78,17.67,18.74,21.83,2.13,31.85,5.24
29,Украинский,29,Украинский,mega,week_model,lunch,bike,11,11:00-12:00,66,8.73,7.9,9.86,11.53,14.14,0.97,25.93,4.89
29,Украинский,29,Украинский,mega,week_model,lunch,auto,12,12:00-13:00,136,17.49,16.51,18.95,19.79,25.13,2.91,43.37,6.56
29,Украинский,29,Украинский,mega,week_model,lunch,bike,12,12:00-13:00,62,7.1,7.17,8.45,9.48,13.07,0.05,17.0,3.91
29,Украинский,29,Украинский,mega,week_model,lunch,auto,13,13:00-14:00,124,16.98,16.12,18.44,20.27,23.65,1.43,54.24,6.95
29,Украинский,29,Украинский,mega,week_model,lunch,bike,13,13:00-14:00,50,8.86,7.04,10.23,11.54,14.99,1.84,30.87,6.41
29,Украинский,29,Украинский,mega,week_model,lunch,auto,14,14:00-15:00,107,16.86,16.35,18.95,21.35,22.95,0.13,40.06,6.43
29,Украинский,29,Украинский,mega,week_model,lunch,bike,14,14:00-15:00,42,6.17,5.93,7.52,8.54,9.95,0.06,15.49,3.03
29,Украинский,29,Украинский,mega,week_model,afternoon,auto,15,15:00-16:00,103,17.3,16.99,19.16,20.61,22.48,3.34,44.55,5.4
29,Украинский,29,Украинский,mega,week_model,afternoon,bike,15,15:00-16:00,33,8.64,7.05,8.96,11.19,18.08,1.6,23.19,5.3
29,Украинский,29,Украинский,mega,week_model,afternoon,auto,16,16:00-17:00,102,16.71,16.47,18.79,20.38,23.36,0.05,48.52,7.41
29,Украинский,29,Украинский,mega,week_model,afternoon,bike,16,16:00-17:00,33,6.3,5.38,7.47,8.5,11.13,0.04,24.73,4.57
29,Украинский,29,Украинский,mega,week_model,afternoon,auto,17,17:00-18:00,89,17.49,16.91,19.59,20.6,22.29,0.04,56.94,8.55
29,Украинский,29,Украинский,mega,week_model,afternoon,bike,17,17:00-18:00,49,7.75,5.73,8.03,9.16,15.59,2.24,23.31,5.17
29,Украинский,29,Украинский,mega,week_model,dinner,auto,18,18:00-19:00,98,19.89,19.56,21.88,24.16,27.09,7.37,55.26,6.96
29,Украинский,29,Украинский,mega,week_model,dinner,bike,18,18:00-19:00,33,8.64,8.05,11.35,13.09,14.93,0.05,20.62,5.11
29,Украинский,29,Украинский,mega,week_model,dinner,auto,19,19:00-20:00,108,17.76,17.79,20.22,22.54,25.41,3.74,42.98,7.41
29,Украинский,29,Украинский,mega,week_model,dinner,bike,19,19:00-20:00,21,7.73,6.72,8.78,10.14,12.39,2.4,22.26,4.74
29,Украинский,29,Украинский,mega,week_model,dinner,auto,20,20:00-21:00,118,15.35,15.22,17.1,19.95,23.5,0.1,34.17,6.34
29,Украинский,29,Украинский,mega,week_model,dinner,bike,20,20:00-21:00,8,7.66,8.53,11.06,11.28,11.55,2.93,11.95,4.01
29,Украинский,29,Украинский,mega,week_model,late_evening,auto,21,21:00-22:00,81,14.8,14.23,17.32,20.44,23.61,2.18,37.15,6.34
29,Украинский,29,Украинский,mega,week_model,late_evening,auto,22,22:00-23:00,11,14.25,14.94,18.3,18.31,18.75,0.12,28.26,7.64
292,Узбекистан,6,Неглинная,mega,week_model,lunch,auto,12,12:00-13:00,1,27.93,27.93,27.93,27.93,27.93,27.93,27.93,
292,Узбекистан,6,Неглинная,mega,week_model,lunch,auto,13,13:00-14:00,4,38.49,35.16,36.79,40.99,45.18,34.25,49.37,7.27
292,Узбекистан,6,Неглинная,mega,week_model,lunch,auto,14,14:00-15:00,1,43.13,43.13,43.13,43.13,43.13,43.13,43.13,
292,Узбекистан,6,Неглинная,mega,week_model,afternoon,auto,15,15:00-16:00,2,31.61,31.61,34.34,35.71,37.08,24.77,38.45,9.67
292,Узбекистан,6,Неглинная,mega,week_model,afternoon,auto,16,16:00-17:00,2,26.6,26.6,29.71,31.26,32.82,18.83,34.37,10.98
292,Узбекистан,6,Неглинная,mega,week_model,afternoon,auto,17,17:00-18:00,4,23.9,22.32,24.11,26.6,29.08,19.39,31.56,5.35
292,Узбекистан,6,Неглинная,mega,week_model,dinner,auto,18,18:00-19:00,1,35.6,35.6,35.6,35.6,35.6,35.6,35.6,
292,Узбекистан,6,Неглинная,mega,week_model,dinner,bike,18,18:00-19:00,1,7.08,7.08,7.08,7.08,7.08,7.08,7.08,
292,Узбекистан,6,Неглинная,mega,week_model,dinner,bike,19,19:00-20:00,1,2.62,2.62,2.62,2.62,2.62,2.62,2.62,
292,Узбекистан,6,Неглинная,mega,week_model,late_evening,auto,22,22:00-23:00,2,20.84,20.84,20.93,20.97,21.02,20.61,21.06,0.32
296,Клево Авиапарк,101,Алия,medium,week_model,block_06_12,auto,11,11:00-12:00,1,13.35,13.35,13.35,13.35,13.35,13.35,13.35,
296,Клево Авиапарк,101,Алия,medium,week_model,block_12_18,auto,12,12:00-13:00,1,17.51,17.51,17.51,17.51,17.51,17.51,17.51,
296,Клево Авиапарк,101,Алия,medium,week_model,block_12_18,bike,12,12:00-13:00,1,10.29,10.29,10.29,10.29,10.29,10.29,10.29,
296,Клево Авиапарк,101,Алия,medium,week_model,block_12_18,auto,13,13:00-14:00,1,28.14,28.14,28.14,28.14,28.14,28.14,28.14,
296,Клево Авиапарк,101,Алия,medium,week_model,block_12_18,auto,14,14:00-15:00,5,25.8,25.48,27.15,31.62,39.72,6.65,47.83,14.78
296,Клево Авиапарк,101,Алия,medium,week_model,block_12_18,auto,15,15:00-16:00,4,39.59,37.82,40.98,49.0,57.02,17.67,65.04,19.45
296,Клево Авиапарк,101,Алия,medium,week_model,block_12_18,auto,16,16:00-17:00,1,17.52,17.52,17.52,17.52,17.52,17.52,17.52,
296,Клево Авиапарк,101,Алия,medium,week_model,block_12_18,auto,17,17:00-18:00,2,27.58,27.58,30.67,32.21,33.75,19.87,35.29,10.91
296,Клево Авиапарк,101,Алия,medium,week_model,block_18_24,auto,18,18:00-19:00,2,29.69,29.69,31.36,32.19,33.03,25.51,33.86,5.9
296,Клево Авиапарк,101,Алия,medium,week_model,block_18_24,auto,19,19:00-20:00,3,29.82,29.44,31.13,31.97,32.82,26.36,33.66,3.66
296,Клево Авиапарк,101,Алия,medium,week_model,block_18_24,auto,20,20:00-21:00,1,24.45,24.45,24.45,24.45,24.45,24.45,24.45,
296,Клево Авиапарк,101,Алия,medium,week_model,block_18_24,auto,21,21:00-22:00,1,20.58,20.58,20.58,20.58,20.58,20.58,20.58,
298,Ив. Дурдинъ Волгоградский,4,Аврора,high,week_model,lunch,auto,11,11:00-12:00,2,9.65,9.65,11.53,12.48,13.42,4.93,14.36,6.67
298,Ив. Дурдинъ Волгоградский,4,Аврора,high,week_model,lunch,auto,12,12:00-13:00,10,10.97,11.08,12.32,13.0,14.75,2.36,29.95,7.7
298,Ив. Дурдинъ Волгоградский,4,Аврора,high,week_model,lunch,bike,12,12:00-13:00,5,6.42,6.56,7.36,7.61,7.72,4.62,7.83,1.36
298,Ив. Дурдинъ Волгоградский,4,Аврора,high,week_model,lunch,auto,13,13:00-14:00,19,12.65,9.98,15.41,20.14,24.28,0.7,34.73,9.11
298,Ив. Дурдинъ Волгоградский,4,Аврора,high,week_model,lunch,bike,13,13:00-14:00,4,8.69,8.68,9.1,9.48,9.86,7.15,10.24,1.28
298,Ив. Дурдинъ Волгоградский,4,Аврора,high,week_model,lunch,auto,14,14:00-15:00,17,12.01,11.33,13.71,16.33,21.73,2.92,29.24,7.2
298,Ив. Дурдинъ Волгоградский,4,Аврора,high,week_model,lunch,bike,14,14:00-15:00,7,9.24,7.57,8.71,12.05,15.3,4.57,18.5,4.87
298,Ив. Дурдинъ Волгоградский,4,Аврора,high,week_model,afternoon,auto,15,15:00-16:00,7,11.64,12.28,14.36,15.21,18.08,2.86,21.97,6.44
298,Ив. Дурдинъ Волгоградский,4,Аврора,high,week_model,afternoon,bike,15,15:00-16:00,4,6.01,5.58,6.05,6.67,7.3,4.97,7.92,1.32
298,Ив. Дурдинъ Волгоградский,4,Аврора,high,week_model,afternoon,auto,16,16:00-17:00,12,12.09,11.88,14.57,16.0,18.21,0.13,36.89,9.78
298,Ив. Дурдинъ Волгоградский,4,Аврора,high,week_model,afternoon,bike,16,16:00-17:00,2,10.47,10.47,12.11,12.93,13.75,6.37,14.57,5.79
298,Ив. Дурдинъ Волгоградский,4,Аврора,high,week_model,afternoon,auto,17,17:00-18:00,10,15.6,19.04,20.66,21.63,23.28,1.94,31.7,9.6
298,Ив. Дурдинъ Волгоградский,4,Аврора,high,week_model,afternoon,bike,17,17:00-18:00,3,6.99,4.86,8.24,9.93,11.62,2.81,13.32,5.57
298,Ив. Дурдинъ Волгоградский,4,Аврора,high,week_model,dinner,auto,18,18:00-19:00,5,25.8,26.45,35.5,37.92,38.23,9.73,38.54,12.75
298,Ив. Дурдинъ Волгоградский,4,Аврора,high,week_model,dinner,bike,18,18:00-19:00,5,8.0,7.2,7.28,8.9,12.08,3.44,15.27,4.36
298,Ив. Дурдинъ Волгоградский,4,Аврора,high,week_model,dinner,auto,19,19:00-20:00,16,19.32,17.59,20.81,24.26,29.02,5.56,43.95,9.38
298,Ив. Дурдинъ Волгоградский,4,Аврора,high,week_model,dinner,bike,19,19:00-20:00,6,8.42,6.87,6.94,6.99,11.81,6.43,16.63,4.03
298,Ив. Дурдинъ Волгоградский,4,Аврора,high,week_model,dinner,auto,20,20:00-21:00,11,14.99,11.44,19.48,19.94,24.3,5.09,35.39,9.2
298,Ив. Дурдинъ Волгоградский,4,Аврора,high,week_model,dinner,bike,20,20:00-21:00,1,17.96,17.96,17.96,17.96,17.96,17.96,17.96,
298,Ив. Дурдинъ Волгоградский,4,Аврора,high,week_model,late_evening,auto,21,21:00-22:00,1,8.05,8.05,8.05,8.05,8.05,8.05,8.05,
30,Черёмушки,30,Черёмушки,high,week_model,deep_night,auto,0,00:00-01:00,4,32.55,33.13,34.06,35.67,37.28,25.05,38.88,5.7
30,Черёмушки,30,Черёмушки,high,week_model,early_morning,auto,8,08:00-09:00,46,16.85,14.84,16.21,19.36,26.29,7.98,41.26,6.57
30,Черёмушки,30,Черёмушки,high,week_model,early_morning,bike,8,08:00-09:00,50,8.68,7.97,10.73,11.96,13.46,3.35,20.5,3.91
30,Черёмушки,30,Черёмушки,high,week_model,morning,auto,9,09:00-10:00,57,19.96,16.89,21.7,25.12,30.78,6.63,48.07,8.82
30,Черёмушки,30,Черёмушки,high,week_model,morning,bike,9,09:00-10:00,93,8.65,8.02,10.05,10.99,12.82,2.35,31.35,3.98
30,Черёмушки,30,Черёмушки,high,week_model,morning,auto,10,10:00-11:00,76,19.77,17.7,21.23,23.69,28.36,4.74,78.83,10.77
30,Черёмушки,30,Черёмушки,high,week_model,morning,bike,10,10:00-11:00,97,8.5,7.81,9.97,11.5,13.26,3.02,25.46,3.61
30,Черёмушки,30,Черёмушки,high,week_model,lunch,auto,11,11:00-12:00,54,18.02,16.43,18.6,22.39,26.75,1.0,38.65,7.05
30,Черёмушки,30,Черёмушки,high,week_model,lunch,bike,11,11:00-12:00,104,8.61,7.6,8.93,10.81,13.71,2.41,54.0,6.1
30,Черёмушки,30,Черёмушки,high,week_model,lunch,auto,12,12:00-13:00,83,20.25,17.79,21.92,24.25,32.37,9.32,48.32,8.25
30,Черёмушки,30,Черёмушки,high,week_model,lunch,bike,12,12:00-13:00,77,8.36,7.49,9.31,10.95,13.56,2.81,23.09,4.05
30,Черёмушки,30,Черёмушки,high,week_model,lunch,auto,13,13:00-14:00,87,18.26,17.25,20.62,22.47,25.16,5.4,54.4,7.54
30,Черёмушки,30,Черёмушки,high,week_model,lunch,bike,13,13:00-14:00,69,8.06,7.12,9.34,10.71,11.78,3.52,22.61,3.95
30,Черёмушки,30,Черёмушки,high,week_model,lunch,auto,14,14:00-15:00,74,18.56,16.25,19.73,22.82,25.44,8.45,48.62,6.91
30,Черёмушки,30,Черёмушки,high,week_model,lunch,bike,14,14:00-15:00,54,7.7,6.74,8.36,9.35,11.65,3.91,24.45,3.37
30,Черёмушки,30,Черёмушки,high,week_model,afternoon,auto,15,15:00-16:00,57,21.37,18.65,22.13,26.01,32.76,11.21,63.36,9.49
30,Черёмушки,30,Черёмушки,high,week_model,afternoon,bike,15,15:00-16:00,53,7.78,6.9,8.96,10.47,11.83,3.0,17.51,3.14
30,Черёмушки,30,Черёмушки,high,week_model,afternoon,auto,16,16:00-17:00,41,18.83,15.8,20.7,21.15,34.92,3.33,49.1,9.62
30,Черёмушки,30,Черёмушки,high,week_model,afternoon,bike,16,16:00-17:00,45,6.82,6.54,7.74,8.98,9.82,1.94,14.44,2.53
30,Черёмушки,30,Черёмушки,high,week_model,afternoon,auto,17,17:00-18:00,38,20.16,17.71,22.27,25.42,30.6,7.2,53.75,9.16
30,Черёмушки,30,Черёмушки,high,week_model,afternoon,bike,17,17:00-18:00,39,8.1,7.61,8.97,9.98,13.48,3.51,15.57,3.23
30,Черёмушки,30,Черёмушки,high,week_model,dinner,auto,18,18:00-19:00,58,21.4,18.66,25.06,26.79,33.93,0.32,54.3,10.53
30,Черёмушки,30,Черёмушки,high,week_model,dinner,bike,18,18:00-19:00,30,7.61,6.92,9.14,9.77,11.45,3.95,15.35,2.94
30,Черёмушки,30,Черёмушки,high,week_model,dinner,auto,19,19:00-20:00,49,21.37,18.76,22.94,27.63,32.98,10.05,51.69,8.31
30,Черёмушки,30,Черёмушки,high,week_model,dinner,bike,19,19:00-20:00,48,6.91,6.49,7.7,9.44,10.63,3.24,13.52,2.66
30,Черёмушки,30,Черёмушки,high,week_model,dinner,auto,20,20:00-21:00,40,23.32,20.86,25.78,29.06,34.48,12.35,45.76,8.15
30,Черёмушки,30,Черёмушки,high,week_model,dinner,bike,20,20:00-21:00,47,8.28,7.15,9.05,10.98,14.3,3.08,24.02,4.56
30,Черёмушки,30,Черёмушки,high,week_model,late_evening,auto,21,21:00-22:00,63,16.78,15.51,19.3,21.92,24.93,4.35,32.71,6.28
30,Черёмушки,30,Черёмушки,high,week_model,late_evening,bike,21,21:00-22:00,19,7.63,6.98,7.9,9.88,12.48,3.48,13.6,2.96
30,Черёмушки,30,Черёмушки,high,week_model,late_evening,auto,22,22:00-23:00,38,15.46,14.98,17.39,19.44,23.02,5.75,40.68,6.86
30,Черёмушки,30,Черёмушки,high,week_model,late_evening,auto,23,23:00-24:00,75,22.07,21.14,25.91,27.92,34.86,6.96,56.81,9.8
302,Ribambelle Шелепиха,12,Хорошо,high,week_model,lunch,auto,11,11:00-12:00,2,10.86,10.86,11.76,12.21,12.67,8.6,13.12,3.2
302,Ribambelle Шелепиха,12,Хорошо,high,week_model,lunch,bike,13,13:00-14:00,1,6.59,6.59,6.59,6.59,6.59,6.59,6.59,
302,Ribambelle Шелепиха,12,Хорошо,high,week_model,lunch,auto,14,14:00-15:00,3,11.83,14.34,15.2,15.63,16.06,4.66,16.49,6.3
302,Ribambelle Шелепиха,12,Хорошо,high,week_model,lunch,bike,14,14:00-15:00,1,7.35,7.35,7.35,7.35,7.35,7.35,7.35,
302,Ribambelle Шелепиха,12,Хорошо,high,week_model,afternoon,auto,16,16:00-17:00,2,30.8,30.8,33.68,35.12,36.57,23.6,38.01,10.19
302,Ribambelle Шелепиха,12,Хорошо,high,week_model,afternoon,bike,16,16:00-17:00,1,10.15,10.15,10.15,10.15,10.15,10.15,10.15,
302,Ribambelle Шелепиха,12,Хорошо,high,week_model,afternoon,bike,17,17:00-18:00,1,3.08,3.08,3.08,3.08,3.08,3.08,3.08,
302,Ribambelle Шелепиха,12,Хорошо,high,week_model,dinner,auto,19,19:00-20:00,1,22.88,22.88,22.88,22.88,22.88,22.88,22.88,
302,Ribambelle Шелепиха,12,Хорошо,high,week_model,dinner,auto,20,20:00-21:00,2,7.28,7.28,7.58,7.74,7.89,6.52,8.04,1.07
33,Даниловский,33,Даниловский,high,week_model,opening,auto,7,07:00-08:00,1,8.72,8.72,8.72,8.72,8.72,8.72,8.72,
33,Даниловский,33,Даниловский,high,week_model,early_morning,auto,8,08:00-09:00,46,17.45,15.82,19.41,21.33,28.52,3.15,44.06,9.05
33,Даниловский,33,Даниловский,high,week_model,early_morning,bike,8,08:00-09:00,88,7.77,6.91,9.1,10.79,15.0,1.72,21.39,4.49
33,Даниловский,33,Даниловский,high,week_model,morning,auto,9,09:00-10:00,40,15.59,14.53,16.05,17.07,22.55,4.97,33.09,5.9
33,Даниловский,33,Даниловский,high,week_model,morning,bike,9,09:00-10:00,94,7.78,6.64,8.66,10.93,12.68,1.73,28.32,4.21
33,Даниловский,33,Даниловский,high,week_model,morning,auto,10,10:00-11:00,43,15.03,13.74,16.22,18.31,22.42,5.04,31.9,5.56
33,Даниловский,33,Даниловский,high,week_model,morning,bike,10,10:00-11:00,64,7.51,6.34,8.43,9.63,13.68,2.63,21.89,3.9
33,Даниловский,33,Даниловский,high,week_model,lunch,auto,11,11:00-12:00,48,15.0,14.66,17.53,19.21,22.58,3.22,30.71,5.7
33,Даниловский,33,Даниловский,high,week_model,lunch,bike,11,11:00-12:00,91,7.75,6.46,7.77,9.58,13.66,2.47,25.87,4.61
33,Даниловский,33,Даниловский,high,week_model,lunch,auto,12,12:00-13:00,48,18.08,15.95,20.5,22.0,27.15,3.64,53.96,8.3
33,Даниловский,33,Даниловский,high,week_model,lunch,bike,12,12:00-13:00,84,9.03,7.79,10.15,11.86,14.15,0.67,28.38,5.04
33,Даниловский,33,Даниловский,high,week_model,lunch,auto,13,13:00-14:00,62,16.53,14.2,18.9,22.51,25.23,0.53,37.39,7.44
33,Даниловский,33,Даниловский,high,week_model,lunch,bike,13,13:00-14:00,79,7.66,6.55,9.14,10.29,12.08,2.58,22.64,3.63
33,Даниловский,33,Даниловский,high,week_model,lunch,auto,14,14:00-15:00,39,17.68,15.58,19.33,24.09,29.2,6.49,34.39,7.45
33,Даниловский,33,Даниловский,high,week_model,lunch,bike,14,14:00-15:00,56,8.97,7.51,9.2,9.8,15.02,2.34,27.35,5.05
33,Даниловский,33,Даниловский,high,week_model,afternoon,auto,15,15:00-16:00,31,16.45,14.22,18.51,22.27,25.37,6.05,40.99,6.97
33,Даниловский,33,Даниловский,high,week_model,afternoon,bike,15,15:00-16:00,57,9.02,7.79,9.36,11.26,14.61,3.34,26.99,4.49
33,Даниловский,33,Даниловский,high,week_model,afternoon,auto,16,16:00-17:00,34,19.31,17.56,20.15,23.79,27.77,7.46,52.24,9.57
33,Даниловский,33,Даниловский,high,week_model,afternoon,bike,16,16:00-17:00,30,7.42,6.53,8.41,9.28,10.65,1.88,18.59,3.36
33,Даниловский,33,Даниловский,high,week_model,afternoon,auto,17,17:00-18:00,20,16.53,15.8,17.81,19.7,21.91,6.62,31.6,5.53
33,Даниловский,33,Даниловский,high,week_model,afternoon,bike,17,17:00-18:00,42,7.78,6.09,8.09,9.02,11.82,2.51,27.31,5.23
33,Даниловский,33,Даниловский,high,week_model,dinner,auto,18,18:00-19:00,26,19.95,17.5,21.01,24.15,29.05,0.15,48.11,10.18
33,Даниловский,33,Даниловский,high,week_model,dinner,bike,18,18:00-19:00,49,8.1,7.6,8.33,10.38,13.57,2.72,19.94,3.61
33,Даниловский,33,Даниловский,high,week_model,dinner,auto,19,19:00-20:00,33,17.21,15.79,19.17,22.26,24.27,7.76,35.01,6.8
33,Даниловский,33,Даниловский,high,week_model,dinner,bike,19,19:00-20:00,56,8.87,7.62,8.69,10.83,14.28,3.83,34.99,5.49
33,Даниловский,33,Даниловский,high,week_model,dinner,auto,20,20:00-21:00,37,14.34,12.69,17.52,19.37,20.94,1.5,43.44,8.46
33,Даниловский,33,Даниловский,high,week_model,dinner,bike,20,20:00-21:00,21,8.09,7.2,8.21,9.27,11.25,3.29,21.54,3.88
33,Даниловский,33,Даниловский,high,week_model,late_evening,auto,21,21:00-22:00,40,15.81,13.5,18.95,20.71,22.86,1.39,52.91,10.3
33,Даниловский,33,Даниловский,high,week_model,late_evening,bike,21,21:00-22:00,4,10.29,9.66,10.8,11.88,12.95,7.79,14.03,2.72
33,Даниловский,33,Даниловский,high,week_model,late_evening,auto,22,22:00-23:00,27,11.52,9.76,14.91,17.79,19.8,2.22,31.64,7.2
336,Koji,2,Кудринская,high,week_model,lunch,bike,13,13:00-14:00,1,12.58,12.58,12.58,12.58,12.58,12.58,12.58,
336,Koji,2,Кудринская,high,week_model,afternoon,bike,17,17:00-18:00,1,13.22,13.22,13.22,13.22,13.22,13.22,13.22,
336,Koji,2,Кудринская,high,week_model,late_evening,bike,21,21:00-22:00,1,14.36,14.36,14.36,14.36,14.36,14.36,14.36,
337,Mamie,2,Кудринская,high,week_model,afternoon,bike,15,15:00-16:00,1,6.34,6.34,6.34,6.34,6.34,6.34,6.34,
338,Saray,2,Кудринская,high,week_model,morning,bike,10,10:00-11:00,1,9.68,9.68,9.68,9.68,9.68,9.68,9.68,
338,Saray,2,Кудринская,high,week_model,lunch,bike,11,11:00-12:00,2,3.65,3.65,4.53,4.97,5.4,1.46,5.84,3.1
338,Saray,2,Кудринская,high,week_model,lunch,bike,12,12:00-13:00,2,9.2,9.2,9.23,9.24,9.26,9.13,9.27,0.1
338,Saray,2,Кудринская,high,week_model,lunch,bike,14,14:00-15:00,1,12.92,12.92,12.92,12.92,12.92,12.92,12.92,
339,Лондри,29,Украинский,mega,week_model,lunch,auto,13,13:00-14:00,1,26.68,26.68,26.68,26.68,26.68,26.68,26.68,
339,Лондри,29,Украинский,mega,week_model,afternoon,auto,15,15:00-16:00,1,30.33,30.33,30.33,30.33,30.33,30.33,30.33,
339,Лондри,29,Украинский,mega,week_model,afternoon,bike,15,15:00-16:00,2,6.47,6.47,7.25,7.64,8.03,4.53,8.42,2.75
34,Аркус,34,Аркус,medium,week_model,block_00_06,auto,0,00:00-01:00,55,13.24,9.06,15.28,19.76,23.75,0.19,60.09,11.02
34,Аркус,34,Аркус,medium,week_model,block_00_06,auto,1,01:00-02:00,35,13.46,10.36,14.0,17.29,23.71,3.49,53.06,10.01
34,Аркус,34,Аркус,medium,week_model,block_00_06,auto,2,02:00-03:00,17,13.35,10.72,14.1,20.23,27.34,3.93,34.37,9.17
34,Аркус,34,Аркус,medium,week_model,block_00_06,auto,3,03:00-04:00,17,18.09,15.14,26.88,30.06,34.9,4.1,37.52,11.74
34,Аркус,34,Аркус,medium,week_model,block_00_06,auto,4,04:00-05:00,20,13.3,13.02,17.24,19.75,20.65,0.72,25.53,6.74
34,Аркус,34,Аркус,medium,week_model,block_00_06,auto,5,05:00-06:00,21,14.66,15.86,17.91,20.01,20.56,3.19,39.28,8.06
34,Аркус,34,Аркус,medium,week_model,block_06_12,auto,6,06:00-07:00,40,16.71,15.14,20.67,25.3,30.31,4.04,42.4,10.66
34,Аркус,34,Аркус,medium,week_model,block_06_12,bike,6,06:00-07:00,6,7.48,8.08,8.87,9.52,9.83,2.49,10.13,2.74
34,Аркус,34,Аркус,medium,week_model,block_06_12,auto,7,07:00-08:00,11,12.93,14.78,16.81,17.54,18.73,3.4,26.75,7.45
34,Аркус,34,Аркус,medium,week_model,block_06_12,bike,7,07:00-08:00,5,6.8,6.72,7.2,7.84,8.89,4.72,9.94,2.04
34,Аркус,34,Аркус,medium,week_model,block_06_12,auto,8,08:00-09:00,1,13.59,13.59,13.59,13.59,13.59,13.59,13.59,
34,Аркус,34,Аркус,medium,week_model,block_06_12,bike,8,08:00-09:00,4,12.63,11.48,12.61,14.92,17.24,8.0,19.55,4.91
34,Аркус,34,Аркус,medium,week_model,block_06_12,bike,9,09:00-10:00,1,8.98,8.98,8.98,8.98,8.98,8.98,8.98,
34,Аркус,34,Аркус,medium,week_model,block_06_12,bike,11,11:00-12:00,2,7.33,7.33,8.88,9.65,10.43,3.46,11.2,5.48
34,Аркус,34,Аркус,medium,week_model,block_12_18,bike,12,12:00-13:00,3,9.08,8.04,9.84,10.74,11.64,6.67,12.54,3.07
34,Аркус,34,Аркус,medium,week_model,block_12_18,bike,13,13:00-14:00,3,6.35,2.96,7.11,9.19,11.26,2.76,13.34,6.05
34,Аркус,34,Аркус,medium,week_model,block_12_18,bike,14,14:00-15:00,1,18.97,18.97,18.97,18.97,18.97,18.97,18.97,
34,Аркус,34,Аркус,medium,week_model,block_12_18,bike,15,15:00-16:00,2,18.65,18.65,21.16,22.42,23.68,12.36,24.94,8.9
34,Аркус,34,Аркус,medium,week_model,block_12_18,bike,17,17:00-18:00,3,22.91,18.09,25.3,28.9,32.5,14.54,36.11,11.56
34,Аркус,34,Аркус,medium,week_model,block_18_24,bike,18,18:00-19:00,1,23.61,23.61,23.61,23.61,23.61,23.61,23.61,
34,Аркус,34,Аркус,medium,week_model,block_18_24,auto,19,19:00-20:00,1,14.86,14.86,14.86,14.86,14.86,14.86,14.86,
34,Аркус,34,Аркус,medium,week_model,block_18_24,bike,19,19:00-20:00,1,6.49,6.49,6.49,6.49,6.49,6.49,6.49,
34,Аркус,34,Аркус,medium,week_model,block_18_24,bike,20,20:00-21:00,1,8.23,8.23,8.23,8.23,8.23,8.23,8.23,
34,Аркус,34,Аркус,medium,week_model,block_18_24,bike,21,21:00-22:00,4,5.2,5.36,6.94,7.08,7.21,2.73,7.35,2.27
34,Аркус,34,Аркус,medium,week_model,block_18_24,auto,22,22:00-23:00,12,14.04,11.31,17.87,18.31,21.31,3.5,33.86,8.33
34,Аркус,34,Аркус,medium,week_model,block_18_24,bike,22,22:00-23:00,1,2.73,2.73,2.73,2.73,2.73,2.73,2.73,
34,Аркус,34,Аркус,medium,week_model,block_18_24,auto,23,23:00-24:00,61,14.48,10.1,19.66,22.16,25.67,1.82,66.08,11.21
34,Аркус,34,Аркус,medium,week_model,block_18_24,bike,23,23:00-24:00,6,7.89,7.78,9.14,10.14,11.99,1.91,13.84,4.02
340,Lucky Izakaya bar,2,Кудринская,high,week_model,lunch,bike,13,13:00-14:00,1,10.3,10.3,10.3,10.3,10.3,10.3,10.3,
340,Lucky Izakaya bar,2,Кудринская,high,week_model,lunch,bike,14,14:00-15:00,1,1.73,1.73,1.73,1.73,1.73,1.73,1.73,
340,Lucky Izakaya bar,2,Кудринская,high,week_model,afternoon,bike,15,15:00-16:00,2,4.55,4.55,5.38,5.79,6.2,2.49,6.61,2.91
340,Lucky Izakaya bar,2,Кудринская,high,week_model,dinner,bike,20,20:00-21:00,1,7.95,7.95,7.95,7.95,7.95,7.95,7.95,
341,Loro,2,Кудринская,high,week_model,early_morning,bike,8,08:00-09:00,2,9.3,9.3,9.42,9.48,9.54,8.99,9.6,0.43
341,Loro,2,Кудринская,high,week_model,morning,bike,9,09:00-10:00,1,17.51,17.51,17.51,17.51,17.51,17.51,17.51,
341,Loro,2,Кудринская,high,week_model,afternoon,bike,17,17:00-18:00,1,0.06,0.06,0.06,0.06,0.06,0.06,0.06,
341,Loro,2,Кудринская,high,week_model,dinner,bike,18,18:00-19:00,1,12.83,12.83,12.83,12.83,12.83,12.83,12.83,
343,NIKI,343,NIKI,low,week_model,block_12_18,auto,16,16:00-17:00,1,17.12,17.12,17.12,17.12,17.12,17.12,17.12,
344,Eleven coffee,2,Кудринская,high,week_model,morning,bike,10,10:00-11:00,1,0.22,0.22,0.22,0.22,0.22,0.22,0.22,
344,Eleven coffee,2,Кудринская,high,week_model,lunch,auto,12,12:00-13:00,1,25.99,25.99,25.99,25.99,25.99,25.99,25.99,
348,Рига Холл,348,Рига Холл,medium,week_model,block_06_12,auto,8,08:00-09:00,42,10.33,8.13,12.12,16.16,19.52,0.33,28.97,6.46
348,Рига Холл,348,Рига Холл,medium,week_model,block_06_12,auto,9,09:00-10:00,59,11.4,9.32,13.35,18.95,22.8,0.04,31.3,7.53
348,Рига Холл,348,Рига Холл,medium,week_model,block_06_12,auto,10,10:00-11:00,34,10.35,8.65,11.65,14.94,17.17,0.05,36.86,6.62
348,Рига Холл,348,Рига Холл,medium,week_model,block_06_12,auto,11,11:00-12:00,26,12.31,10.46,13.0,17.0,19.27,1.66,38.18,7.06
348,Рига Холл,348,Рига Холл,medium,week_model,block_12_18,auto,12,12:00-13:00,29,14.52,11.77,14.57,20.17,25.81,5.9,36.74,8.31
348,Рига Холл,348,Рига Холл,medium,week_model,block_12_18,auto,13,13:00-14:00,22,10.96,10.27,12.46,13.97,19.01,1.55,26.93,5.73
348,Рига Холл,348,Рига Холл,medium,week_model,block_12_18,auto,14,14:00-15:00,47,12.12,10.62,13.57,16.08,21.84,0.87,29.99,6.43
348,Рига Холл,348,Рига Холл,medium,week_model,block_12_18,auto,15,15:00-16:00,26,13.04,11.69,13.54,15.36,20.84,3.15,30.26,6.36
348,Рига Холл,348,Рига Холл,medium,week_model,block_12_18,auto,16,16:00-17:00,27,12.89,11.9,14.39,17.64,22.18,1.1,35.58,7.71
348,Рига Холл,348,Рига Холл,medium,week_model,block_12_18,auto,17,17:00-18:00,17,14.31,13.77,15.18,16.46,26.29,3.24,38.34,9.61
348,Рига Холл,348,Рига Холл,medium,week_model,block_18_24,auto,18,18:00-19:00,15,15.28,12.01,18.96,23.3,30.15,4.49,32.66,9.4
348,Рига Холл,348,Рига Холл,medium,week_model,block_18_24,auto,19,19:00-20:00,22,9.6,9.9,11.75,12.85,13.9,0.54,23.01,5.25
348,Рига Холл,348,Рига Холл,medium,week_model,block_18_24,auto,20,20:00-21:00,22,15.12,12.04,16.42,19.09,22.73,4.28,57.53,11.2
348,Рига Холл,348,Рига Холл,medium,week_model,block_18_24,auto,21,21:00-22:00,5,10.63,8.94,8.96,11.15,15.53,7.12,19.91,5.25
35,Ленинский,35,Ленинский,high,week_model,early_morning,auto,8,08:00-09:00,45,16.5,15.57,17.55,20.32,21.93,3.35,41.17,6.71
35,Ленинский,35,Ленинский,high,week_model,early_morning,bike,8,08:00-09:00,52,8.68,7.52,9.52,13.06,15.8,0.05,23.53,5.01
35,Ленинский,35,Ленинский,high,week_model,morning,auto,9,09:00-10:00,72,17.16,16.41,19.77,20.95,24.71,4.22,50.69,6.95
35,Ленинский,35,Ленинский,high,week_model,morning,bike,9,09:00-10:00,76,8.51,8.37,9.52,10.84,14.06,1.6,21.34,3.98
35,Ленинский,35,Ленинский,high,week_model,morning,auto,10,10:00-11:00,93,15.64,15.89,17.14,19.26,21.62,0.07,32.71,5.64
35,Ленинский,35,Ленинский,high,week_model,morning,bike,10,10:00-11:00,63,8.99,8.14,11.29,12.42,15.17,0.12,25.88,4.81
35,Ленинский,35,Ленинский,high,week_model,lunch,auto,11,11:00-12:00,112,15.64,16.01,17.57,18.67,21.64,3.42,35.92,5.06
35,Ленинский,35,Ленинский,high,week_model,lunch,bike,11,11:00-12:00,69,9.46,8.83,10.76,12.65,15.59,3.15,23.35,4.22
35,Ленинский,35,Ленинский,high,week_model,lunch,auto,12,12:00-13:00,90,17.07,16.57,18.94,20.58,24.87,1.82,39.43,7.38
35,Ленинский,35,Ленинский,high,week_model,lunch,bike,12,12:00-13:00,62,8.79,7.6,10.31,11.89,14.74,3.39,19.2,3.75
35,Ленинский,35,Ленинский,high,week_model,lunch,auto,13,13:00-14:00,97,17.95,17.4,19.99,22.57,25.39,1.12,42.28,6.89
35,Ленинский,35,Ленинский,high,week_model,lunch,bike,13,13:00-14:00,51,9.96,9.09,11.26,13.64,15.91,1.63,24.83,5.23
35,Ленинский,35,Ленинский,high,week_model,lunch,auto,14,14:00-15:00,91,17.03,16.76,18.77,19.93,21.88,3.29,30.22,4.25
35,Ленинский,35,Ленинский,high,week_model,lunch,bike,14,14:00-15:00,50,10.25,9.3,12.05,14.11,16.61,0.11,26.6,5.45
35,Ленинский,35,Ленинский,high,week_model,afternoon,auto,15,15:00-16:00,71,18.53,17.3,21.21,22.43,24.21,1.17,48.42,6.51
35,Ленинский,35,Ленинский,high,week_model,afternoon,bike,15,15:00-16:00,49,11.33,9.79,13.02,14.59,19.59,2.52,31.41,5.5
35,Ленинский,35,Ленинский,high,week_model,afternoon,auto,16,16:00-17:00,52,19.26,18.99,21.45,22.81,24.71,9.51,36.94,5.63
35,Ленинский,35,Ленинский,high,week_model,afternoon,bike,16,16:00-17:00,38,11.48,10.19,12.61,15.13,17.86,4.29,26.43,4.89
35,Ленинский,35,Ленинский,high,week_model,afternoon,auto,17,17:00-18:00,62,18.87,19.17,21.57,23.42,25.17,4.01,40.7,6.29
35,Ленинский,35,Ленинский,high,week_model,afternoon,bike,17,17:00-18:00,26,10.79,10.06,11.09,12.0,15.52,4.55,25.07,4.83
35,Ленинский,35,Ленинский,high,week_model,dinner,auto,18,18:00-19:00,50,18.99,19.36,21.22,23.55,25.27,0.04,37.0,6.53
35,Ленинский,35,Ленинский,high,week_model,dinner,bike,18,18:00-19:00,36,9.87,8.01,12.97,15.89,17.07,2.3,21.9,5.36
35,Ленинский,35,Ленинский,high,week_model,dinner,auto,19,19:00-20:00,47,17.23,17.54,20.23,21.21,24.79,0.05,29.82,6.24
35,Ленинский,35,Ленинский,high,week_model,dinner,bike,19,19:00-20:00,53,11.44,10.89,13.62,16.11,19.39,0.1,34.92,6.44
35,Ленинский,35,Ленинский,high,week_model,dinner,auto,20,20:00-21:00,66,16.08,14.98,18.84,21.78,25.65,2.57,41.79,7.76
35,Ленинский,35,Ленинский,high,week_model,dinner,bike,20,20:00-21:00,25,8.19,8.21,9.15,11.31,12.95,3.19,14.5,3.27
35,Ленинский,35,Ленинский,high,week_model,late_evening,auto,21,21:00-22:00,57,15.2,15.51,18.43,20.42,23.8,2.82,35.94,7.12
35,Ленинский,35,Ленинский,high,week_model,late_evening,bike,21,21:00-22:00,5,13.08,5.91,12.78,18.58,26.75,4.69,34.93,12.85
35,Ленинский,35,Ленинский,high,week_model,late_evening,auto,22,22:00-23:00,46,17.72,17.12,20.25,22.48,24.8,5.17,31.81,6.33
35,Ленинский,35,Ленинский,high,week_model,late_evening,auto,23,23:00-24:00,1,17.46,17.46,17.46,17.46,17.46,17.46,17.46,
36,Friends Forever Botanica,36,Friends Forever Botanica,low,week_model,block_06_12,auto,8,08:00-09:00,10,32.29,26.66,34.0,50.74,56.44,13.11,62.48,17.25
36,Friends Forever Botanica,36,Friends Forever Botanica,low,week_model,block_06_12,auto,9,09:00-10:00,8,19.52,19.82,25.6,27.18,32.0,1.88,41.23,12.67
36,Friends Forever Botanica,36,Friends Forever Botanica,low,week_model,block_06_12,auto,10,10:00-11:00,4,34.01,31.7,38.61,49.06,59.52,2.65,69.97,27.75
36,Friends Forever Botanica,36,Friends Forever Botanica,low,week_model,block_12_18,auto,12,12:00-13:00,6,25.01,21.55,24.89,27.79,44.03,1.0,60.27,19.5
36,Friends Forever Botanica,36,Friends Forever Botanica,low,week_model,block_12_18,auto,13,13:00-14:00,3,27.16,27.52,33.26,36.13,39.0,12.09,41.87,14.89
36,Friends Forever Botanica,36,Friends Forever Botanica,low,week_model,block_12_18,auto,14,14:00-15:00,6,21.45,25.49,27.56,28.82,31.01,2.82,33.19,11.37
36,Friends Forever Botanica,36,Friends Forever Botanica,low,week_model,block_12_18,auto,15,15:00-16:00,7,43.71,50.0,54.73,55.28,56.06,23.81,56.94,14.42
36,Friends Forever Botanica,36,Friends Forever Botanica,low,week_model,block_12_18,auto,16,16:00-17:00,3,21.17,8.01,26.21,35.31,44.42,1.98,53.52,28.18
36,Friends Forever Botanica,36,Friends Forever Botanica,low,week_model,block_12_18,auto,17,17:00-18:00,3,24.96,21.32,26.02,28.37,30.73,20.47,33.08,7.05
36,Friends Forever Botanica,36,Friends Forever Botanica,low,week_model,block_18_24,auto,18,18:00-19:00,4,30.33,30.75,32.29,34.43,36.56,21.13,38.7,7.22
36,Friends Forever Botanica,36,Friends Forever Botanica,low,week_model,block_18_24,auto,19,19:00-20:00,1,46.88,46.88,46.88,46.88,46.88,46.88,46.88,
36,Friends Forever Botanica,36,Friends Forever Botanica,low,week_model,block_18_24,auto,20,20:00-21:00,8,34.62,27.52,38.51,50.85,59.66,18.29,62.67,17.3
36,Friends Forever Botanica,36,Friends Forever Botanica,low,week_model,block_18_24,auto,21,21:00-22:00,1,26.82,26.82,26.82,26.82,26.82,26.82,26.82,
37,БТ Усачева,37,БТ Усачева,medium,week_model,block_06_12,bike,7,07:00-08:00,23,5.84,6.32,7.18,7.88,8.19,2.87,9.31,2.03
37,БТ Усачева,37,БТ Усачева,medium,week_model,block_06_12,bike,8,08:00-09:00,59,6.63,6.2,7.22,8.3,10.38,2.45,23.49,3.45
37,БТ Усачева,37,БТ Усачева,medium,week_model,block_06_12,auto,9,09:00-10:00,1,22.28,22.28,22.28,22.28,22.28,22.28,22.28,
37,БТ Усачева,37,БТ Усачева,medium,week_model,block_06_12,bike,9,09:00-10:00,54,8.0,6.98,8.13,9.26,14.27,2.99,20.45,3.68
37,БТ Усачева,37,БТ Усачева,medium,week_model,block_06_12,bike,10,10:00-11:00,61,8.41,7.33,9.65,11.56,15.22,1.4,24.37,4.61
37,БТ Усачева,37,БТ Усачева,medium,week_model,block_06_12,bike,11,11:00-12:00,60,7.71,6.91,8.77,10.37,12.92,0.03,20.16,4.11
37,БТ Усачева,37,БТ Усачева,medium,week_model,block_12_18,bike,12,12:00-13:00,44,9.18,7.79,10.42,11.43,16.26,0.13,40.39,6.81
37,БТ Усачева,37,БТ Усачева,medium,week_model,block_12_18,bike,13,13:00-14:00,53,8.82,7.47,9.4,11.8,17.08,0.23,22.96,4.94
37,БТ Усачева,37,БТ Усачева,medium,week_model,block_12_18,bike,14,14:00-15:00,35,7.47,7.21,8.68,9.59,11.54,0.37,15.04,3.33
37,БТ Усачева,37,БТ Усачева,medium,week_model,block_12_18,bike,15,15:00-16:00,19,6.27,5.99,6.79,7.71,8.62,0.68,20.11,4.08
37,БТ Усачева,37,БТ Усачева,medium,week_model,block_12_18,bike,16,16:00-17:00,22,7.19,6.28,7.18,7.42,13.05,1.14,23.79,4.91
37,БТ Усачева,37,БТ Усачева,medium,week_model,block_12_18,bike,17,17:00-18:00,11,9.37,6.91,8.05,12.35,14.98,5.27,23.2,5.47
37,БТ Усачева,37,БТ Усачева,medium,week_model,block_18_24,bike,18,18:00-19:00,16,7.44,6.79,8.79,9.67,10.93,3.22,13.3,2.82
37,БТ Усачева,37,БТ Усачева,medium,week_model,block_18_24,bike,19,19:00-20:00,8,7.38,8.42,9.91,10.45,11.52,0.11,13.23,4.34
37,БТ Усачева,37,БТ Усачева,medium,week_model,block_18_24,auto,20,20:00-21:00,2,10.64,10.64,12.2,12.98,13.76,6.73,14.54,5.53
37,БТ Усачева,37,БТ Усачева,medium,week_model,block_18_24,bike,20,20:00-21:00,5,7.25,7.43,8.4,8.8,9.13,4.96,9.45,1.89
37,БТ Усачева,37,БТ Усачева,medium,week_model,block_18_24,auto,21,21:00-22:00,1,12.51,12.51,12.51,12.51,12.51,12.51,12.51,
38,Нева,38,Нева,medium,week_model,block_06_12,bike,8,08:00-09:00,43,3.75,2.99,3.42,3.63,6.12,1.17,19.11,2.96
38,Нева,38,Нева,medium,week_model,block_06_12,bike,9,09:00-10:00,40,3.63,3.08,3.48,4.53,6.07,0.17,11.8,2.33
38,Нева,38,Нева,medium,week_model,block_06_12,bike,10,10:00-11:00,45,3.86,3.11,4.09,5.22,6.09,0.67,10.21,1.92
38,Нева,38,Нева,medium,week_model,block_06_12,bike,11,11:00-12:00,51,3.51,2.93,3.7,4.01,4.95,0.51,19.12,2.86
38,Нева,38,Нева,medium,week_model,block_12_18,bike,12,12:00-13:00,56,4.82,3.54,4.62,6.32,9.76,0.75,16.43,3.31
38,Нева,38,Нева,medium,week_model,block_12_18,bike,13,13:00-14:00,56,4.69,3.58,5.82,6.62,9.38,1.59,10.33,2.53
38,Нева,38,Нева,medium,week_model,block_12_18,bike,14,14:00-15:00,64,5.05,3.93,5.73,7.3,8.76,1.48,16.07,3.14
38,Нева,38,Нева,medium,week_model,block_12_18,bike,15,15:00-16:00,37,4.63,3.57,4.55,6.69,7.99,0.11,16.04,3.21
38,Нева,38,Нева,medium,week_model,block_12_18,bike,16,16:00-17:00,39,4.11,3.56,4.34,5.64,6.61,0.07,12.46,2.44
38,Нева,38,Нева,medium,week_model,block_12_18,bike,17,17:00-18:00,33,5.14,3.67,6.28,8.39,10.55,0.96,13.35,3.33
38,Нева,38,Нева,medium,week_model,block_18_24,bike,18,18:00-19:00,31,5.49,3.7,5.42,7.24,10.72,2.25,17.02,3.67
38,Нева,38,Нева,medium,week_model,block_18_24,bike,19,19:00-20:00,44,4.31,3.55,3.93,5.56,7.62,2.1,10.66,2.08
38,Нева,38,Нева,medium,week_model,block_18_24,bike,20,20:00-21:00,52,4.15,3.54,4.23,5.02,6.03,1.45,14.67,2.15
38,Нева,38,Нева,medium,week_model,block_18_24,bike,21,21:00-22:00,66,4.22,3.35,4.37,5.2,6.27,1.83,12.45,2.35
38,Нева,38,Нева,medium,week_model,block_18_24,bike,22,22:00-23:00,44,3.65,3.38,3.91,4.27,4.99,0.09,8.66,1.62
38,Нева,38,Нева,medium,week_model,block_18_24,bike,23,23:00-24:00,18,3.62,3.34,4.02,4.62,4.94,1.5,5.74,1.04
381,Печорин Мытная,33,Даниловский,high,week_model,morning,auto,10,10:00-11:00,1,49.29,49.29,49.29,49.29,49.29,49.29,49.29,
381,Печорин Мытная,33,Даниловский,high,week_model,lunch,auto,13,13:00-14:00,2,30.53,30.53,34.15,35.95,37.76,21.49,39.57,12.78
381,Печорин Мытная,33,Даниловский,high,week_model,dinner,auto,20,20:00-21:00,1,29.56,29.56,29.56,29.56,29.56,29.56,29.56,
382,Печорин Звенигородская,128,Кофемания Лаки,medium,week_model,block_06_12,auto,10,10:00-11:00,2,26.13,26.13,27.44,28.09,28.75,22.85,29.4,4.63
382,Печорин Звенигородская,128,Кофемания Лаки,medium,week_model,block_06_12,bike,10,10:00-11:00,3,23.37,25.28,26.35,26.88,27.41,16.9,27.94,5.76
382,Печорин Звенигородская,128,Кофемания Лаки,medium,week_model,block_06_12,auto,11,11:00-12:00,2,14.73,14.73,14.94,15.04,15.15,14.22,15.25,0.73
382,Печорин Звенигородская,128,Кофемания Лаки,medium,week_model,block_12_18,auto,12,12:00-13:00,1,21.74,21.74,21.74,21.74,21.74,21.74,21.74,
382,Печорин Звенигородская,128,Кофемания Лаки,medium,week_model,block_12_18,auto,13,13:00-14:00,1,37.01,37.01,37.01,37.01,37.01,37.01,37.01,
382,Печорин Звенигородская,128,Кофемания Лаки,medium,week_model,block_12_18,bike,14,14:00-15:00,1,10.94,10.94,10.94,10.94,10.94,10.94,10.94,
382,Печорин Звенигородская,128,Кофемания Лаки,medium,week_model,block_12_18,bike,15,15:00-16:00,2,7.39,7.39,8.29,8.74,9.19,5.14,9.64,3.18
382,Печорин Звенигородская,128,Кофемания Лаки,medium,week_model,block_12_18,bike,17,17:00-18:00,1,12.77,12.77,12.77,12.77,12.77,12.77,12.77,
382,Печорин Звенигородская,128,Кофемания Лаки,medium,week_model,block_18_24,auto,19,19:00-20:00,1,22.83,22.83,22.83,22.83,22.83,22.83,22.83,
383,Ribambelle Проспект Мира,7,Белая Площадь,mega,week_model,morning,auto,10,10:00-11:00,1,21.59,21.59,21.59,21.59,21.59,21.59,21.59,
383,Ribambelle Проспект Мира,7,Белая Площадь,mega,week_model,lunch,auto,11,11:00-12:00,1,21.41,21.41,21.41,21.41,21.41,21.41,21.41,
383,Ribambelle Проспект Мира,7,Белая Площадь,mega,week_model,afternoon,auto,15,15:00-16:00,3,19.28,20.04,22.54,23.78,25.03,11.52,26.28,7.41
383,Ribambelle Проспект Мира,7,Белая Площадь,mega,week_model,dinner,auto,18,18:00-19:00,1,25.24,25.24,25.24,25.24,25.24,25.24,25.24,
39,Гребной,39,Гребной,high,week_model,early_morning,auto,8,08:00-09:00,61,14.63,13.77,16.35,19.51,22.7,5.45,30.23,5.26
39,Гребной,39,Гребной,high,week_model,morning,auto,9,09:00-10:00,107,13.82,13.29,15.7,17.39,22.18,0.06,44.86,7.26
39,Гребной,39,Гребной,high,week_model,morning,auto,10,10:00-11:00,96,14.21,12.41,16.28,18.3,23.09,0.64,51.33,7.55
39,Гребной,39,Гребной,high,week_model,lunch,auto,11,11:00-12:00,117,15.11,13.26,18.26,21.32,25.16,2.22,42.78,7.97
39,Гребной,39,Гребной,high,week_model,lunch,auto,12,12:00-13:00,110,16.41,14.91,17.82,20.97,25.04,0.19,52.03,8.8
39,Гребной,39,Гребной,high,week_model,lunch,auto,13,13:00-14:00,68,15.47,14.17,18.07,21.99,25.72,5.49,34.88,7.27
39,Гребной,39,Гребной,high,week_model,lunch,auto,14,14:00-15:00,76,14.6,13.76,16.42,20.4,23.15,1.48,29.46,6.12
39,Гребной,39,Гребной,high,week_model,afternoon,auto,15,15:00-16:00,78,14.55,13.4,15.88,18.6,22.45,0.05,35.04,6.35
39,Гребной,39,Гребной,high,week_model,afternoon,auto,16,16:00-17:00,74,14.46,13.76,17.1,18.89,24.5,0.11,32.35,7.21
39,Гребной,39,Гребной,high,week_model,afternoon,auto,17,17:00-18:00,67,15.0,13.97,17.65,19.8,23.16,0.07,38.61,6.39
39,Гребной,39,Гребной,high,week_model,dinner,auto,18,18:00-19:00,67,16.03,15.27,17.92,20.03,23.98,2.1,37.18,6.76
39,Гребной,39,Гребной,high,week_model,dinner,auto,19,19:00-20:00,64,14.73,14.11,17.32,20.5,22.49,2.96,46.4,7.07
39,Гребной,39,Гребной,high,week_model,dinner,auto,20,20:00-21:00,58,14.15,14.23,18.45,19.86,24.06,0.04,33.82,8.31
39,Гребной,39,Гребной,high,week_model,late_evening,auto,21,21:00-22:00,42,14.05,13.83,15.91,18.35,27.43,0.05,42.1,8.9
39,Гребной,39,Гребной,high,week_model,late_evening,auto,22,22:00-23:00,33,14.91,13.51,16.58,19.59,23.87,0.07,33.58,6.88
4,Аврора,4,Аврора,high,week_model,opening,bike,7,07:00-08:00,1,6.71,6.71,6.71,6.71,6.71,6.71,6.71,
4,Аврора,4,Аврора,high,week_model,early_morning,auto,8,08:00-09:00,4,30.1,35.07,36.03,36.06,36.09,14.15,36.12,10.67
4,Аврора,4,Аврора,high,week_model,early_morning,bike,8,08:00-09:00,59,11.52,10.61,13.44,15.48,18.9,0.14,37.07,6.47
4,Аврора,4,Аврора,high,week_model,morning,auto,9,09:00-10:00,19,22.39,18.91,23.47,24.9,29.49,12.99,59.84,11.69
4,Аврора,4,Аврора,high,week_model,morning,bike,9,09:00-10:00,63,9.55,8.16,11.18,13.34,15.36,0.08,26.97,5.05
4,Аврора,4,Аврора,high,week_model,morning,auto,10,10:00-11:00,30,20.25,19.59,21.77,23.23,29.97,9.49,47.57,9.02
4,Аврора,4,Аврора,high,week_model,morning,bike,10,10:00-11:00,135,10.2,8.82,12.29,13.89,17.01,1.34,34.77,5.27
4,Аврора,4,Аврора,high,week_model,lunch,auto,11,11:00-12:00,20,15.61,14.94,20.92,22.9,25.43,0.13,29.72,7.86
4,Аврора,4,Аврора,high,week_model,lunch,bike,11,11:00-12:00,105,9.52,8.33,10.79,12.09,15.18,1.5,26.52,4.23
4,Аврора,4,Аврора,high,week_model,lunch,auto,12,12:00-13:00,30,17.21,16.66,18.28,21.08,25.22,4.26,28.95,5.47
4,Аврора,4,Аврора,high,week_model,lunch,bike,12,12:00-13:00,105,9.81,8.95,11.45,12.85,14.61,2.45,22.72,3.98
4,Аврора,4,Аврора,high,week_model,lunch,auto,13,13:00-14:00,18,17.77,13.97,20.65,23.62,30.22,2.52,66.13,14.58
4,Аврора,4,Аврора,high,week_model,lunch,bike,13,13:00-14:00,128,10.74,10.12,12.02,13.35,16.05,2.28,33.89,4.7
4,Аврора,4,Аврора,high,week_model,lunch,auto,14,14:00-15:00,22,18.28,18.6,21.74,23.34,24.17,4.4,32.14,6.69
4,Аврора,4,Аврора,high,week_model,lunch,bike,14,14:00-15:00,103,9.02,9.07,10.51,11.74,12.6,0.04,18.2,3.47
4,Аврора,4,Аврора,high,week_model,afternoon,auto,15,15:00-16:00,14,17.89,18.36,20.92,25.1,28.64,2.74,35.23,9.17
4,Аврора,4,Аврора,high,week_model,afternoon,bike,15,15:00-16:00,87,9.54,8.75,11.29,12.39,14.26,0.04,24.92,4.13
4,Аврора,4,Аврора,high,week_model,afternoon,auto,16,16:00-17:00,25,17.29,15.92,22.3,24.35,27.85,0.07,36.85,8.7
4,Аврора,4,Аврора,high,week_model,afternoon,bike,16,16:00-17:00,77,9.35,8.11,10.79,12.53,16.01,0.14,25.61,4.71
4,Аврора,4,Аврора,high,week_model,afternoon,auto,17,17:00-18:00,25,21.43,15.57,20.15,27.18,42.17,2.1,75.63,17.48
4,Аврора,4,Аврора,high,week_model,afternoon,bike,17,17:00-18:00,79,8.85,8.35,10.36,12.04,12.77,0.1,27.83,3.92
4,Аврора,4,Аврора,high,week_model,dinner,auto,18,18:00-19:00,25,24.84,23.11,26.86,31.36,34.66,8.92,59.64,12.57
4,Аврора,4,Аврора,high,week_model,dinner,bike,18,18:00-19:00,53,11.19,9.82,11.94,14.93,18.88,4.98,24.87,5.03
4,Аврора,4,Аврора,high,week_model,dinner,auto,19,19:00-20:00,29,20.57,16.05,25.29,31.2,35.81,6.61,45.81,10.44
4,Аврора,4,Аврора,high,week_model,dinner,bike,19,19:00-20:00,79,9.04,8.48,10.62,12.86,15.52,0.07,25.28,4.82
4,Аврора,4,Аврора,high,week_model,dinner,auto,20,20:00-21:00,26,18.23,15.0,18.81,23.58,30.04,4.51,56.26,12.7
4,Аврора,4,Аврора,high,week_model,dinner,bike,20,20:00-21:00,66,8.81,8.21,9.88,11.05,15.18,1.1,22.21,4.46
4,Аврора,4,Аврора,high,week_model,late_evening,auto,21,21:00-22:00,23,13.61,13.46,15.24,17.53,21.32,0.36,31.5,7.45
4,Аврора,4,Аврора,high,week_model,late_evening,bike,21,21:00-22:00,48,9.71,9.58,11.56,12.49,14.89,0.21,27.7,4.66
4,Аврора,4,Аврора,high,week_model,late_evening,auto,22,22:00-23:00,28,15.86,13.67,21.82,24.16,30.57,0.06,36.78,10.07
4,Аврора,4,Аврора,high,week_model,late_evening,bike,22,22:00-23:00,16,10.5,10.37,11.36,12.2,14.36,4.89,20.72,3.92
4,Аврора,4,Аврора,high,week_model,late_evening,auto,23,23:00-24:00,29,12.56,11.71,15.08,17.21,21.19,1.44,31.8,7.28
41,Friends Forever Grande,41,Friends Forever Grande,low,week_model,block_18_24,auto,18,18:00-19:00,1,63.71,63.71,63.71,63.71,63.71,63.71,63.71,
420,Osteria Osso,7,Белая Площадь,mega,week_model,lunch,auto,12,12:00-13:00,1,17.43,17.43,17.43,17.43,17.43,17.43,17.43,
420,Osteria Osso,7,Белая Площадь,mega,week_model,lunch,auto,13,13:00-14:00,1,20.04,20.04,20.04,20.04,20.04,20.04,20.04,
420,Osteria Osso,7,Белая Площадь,mega,week_model,lunch,auto,14,14:00-15:00,1,22.58,22.58,22.58,22.58,22.58,22.58,22.58,
420,Osteria Osso,7,Белая Площадь,mega,week_model,afternoon,auto,15,15:00-16:00,1,22.68,22.68,22.68,22.68,22.68,22.68,22.68,
420,Osteria Osso,7,Белая Площадь,mega,week_model,afternoon,bike,15,15:00-16:00,1,3.79,3.79,3.79,3.79,3.79,3.79,3.79,
420,Osteria Osso,7,Белая Площадь,mega,week_model,dinner,auto,18,18:00-19:00,2,32.95,32.95,33.55,33.85,34.15,31.45,34.45,2.12
420,Osteria Osso,7,Белая Площадь,mega,week_model,dinner,auto,20,20:00-21:00,2,27.76,27.76,30.95,32.54,34.13,19.81,35.72,11.25
422,Ribambelle Кутузовский,11,Кутузовский,medium,week_model,block_06_12,auto,11,11:00-12:00,1,10.79,10.79,10.79,10.79,10.79,10.79,10.79,
422,Ribambelle Кутузовский,11,Кутузовский,medium,week_model,block_12_18,auto,14,14:00-15:00,1,14.43,14.43,14.43,14.43,14.43,14.43,14.43,
422,Ribambelle Кутузовский,11,Кутузовский,medium,week_model,block_12_18,auto,15,15:00-16:00,1,14.42,14.42,14.42,14.42,14.42,14.42,14.42,
422,Ribambelle Кутузовский,11,Кутузовский,medium,week_model,block_18_24,auto,21,21:00-22:00,1,8.93,8.93,8.93,8.93,8.93,8.93,8.93,
424,Корнер Ланового,69,Опен Мичуринский,mega,week_model,lunch,auto,13,13:00-14:00,1,11.81,11.81,11.81,11.81,11.81,11.81,11.81,
424,Корнер Ланового,69,Опен Мичуринский,mega,week_model,lunch,auto,14,14:00-15:00,2,17.91,17.91,19.41,20.17,20.92,14.13,21.68,5.33
424,Корнер Ланового,69,Опен Мичуринский,mega,week_model,afternoon,auto,15,15:00-16:00,3,16.63,18.8,20.6,21.51,22.41,7.77,23.31,8.0
424,Корнер Ланового,69,Опен Мичуринский,mega,week_model,afternoon,auto,16,16:00-17:00,1,13.72,13.72,13.72,13.72,13.72,13.72,13.72,
424,Корнер Ланового,69,Опен Мичуринский,mega,week_model,afternoon,auto,17,17:00-18:00,2,25.68,25.68,26.03,26.2,26.38,24.8,26.55,1.24
424,Корнер Ланового,69,Опен Мичуринский,mega,week_model,dinner,auto,18,18:00-19:00,5,29.23,32.88,41.03,43.16,43.34,7.37,43.52,15.7
424,Корнер Ланового,69,Опен Мичуринский,mega,week_model,dinner,auto,19,19:00-20:00,3,14.95,10.88,18.03,21.61,25.18,5.22,28.75,12.28
424,Корнер Ланового,69,Опен Мичуринский,mega,week_model,dinner,auto,20,20:00-21:00,6,9.1,9.16,10.73,11.2,13.01,4.28,14.82,3.8
424,Корнер Ланового,69,Опен Мичуринский,mega,week_model,late_evening,auto,21,21:00-22:00,4,19.9,21.03,25.38,26.57,27.76,8.6,28.95,9.01
424,Корнер Ланового,69,Опен Мичуринский,mega,week_model,late_evening,auto,22,22:00-23:00,3,14.73,12.45,15.61,17.18,18.76,11.4,20.34,4.88
425,Волконский Сретенка,6,Неглинная,mega,week_model,early_morning,auto,8,08:00-09:00,1,35.84,35.84,35.84,35.84,35.84,35.84,35.84,
425,Волконский Сретенка,6,Неглинная,mega,week_model,lunch,auto,12,12:00-13:00,1,38.09,38.09,38.09,38.09,38.09,38.09,38.09,
427,Волконский Бухвостова,6,Неглинная,mega,week_model,afternoon,auto,16,16:00-17:00,1,38.88,38.88,38.88,38.88,38.88,38.88,38.88,
434,Сколково,434,Сколково,medium,week_model,block_06_12,auto,9,09:00-10:00,59,17.62,16.74,21.05,23.45,27.63,5.15,32.95,7.01
434,Сколково,434,Сколково,medium,week_model,block_06_12,auto,10,10:00-11:00,116,15.95,14.57,17.52,19.91,26.8,4.19,48.19,7.35
434,Сколково,434,Сколково,medium,week_model,block_06_12,auto,11,11:00-12:00,108,15.08,13.14,17.7,20.6,23.26,3.4,34.51,6.31
434,Сколково,434,Сколково,medium,week_model,block_12_18,auto,12,12:00-13:00,103,15.94,13.92,17.95,20.91,25.15,2.33,48.34,7.4
434,Сколково,434,Сколково,medium,week_model,block_12_18,auto,13,13:00-14:00,89,16.38,14.94,18.6,21.23,25.32,7.03,37.33,6.51
434,Сколково,434,Сколково,medium,week_model,block_12_18,auto,14,14:00-15:00,72,15.87,15.38,17.3,19.77,24.0,5.17,46.98,6.74
434,Сколково,434,Сколково,medium,week_model,block_12_18,auto,15,15:00-16:00,72,16.21,14.37,18.33,21.83,25.41,5.14,47.86,8.43
434,Сколково,434,Сколково,medium,week_model,block_12_18,auto,16,16:00-17:00,48,15.61,14.34,18.1,19.6,24.83,1.7,41.44,8.06
434,Сколково,434,Сколково,medium,week_model,block_12_18,auto,17,17:00-18:00,66,18.77,17.74,20.86,26.35,31.66,2.79,46.25,10.16
434,Сколково,434,Сколково,medium,week_model,block_18_24,auto,18,18:00-19:00,76,17.09,16.32,20.4,22.78,27.72,0.3,53.48,8.62
434,Сколково,434,Сколково,medium,week_model,block_18_24,auto,19,19:00-20:00,79,16.39,14.45,18.4,21.98,24.39,2.72,42.6,7.8
434,Сколково,434,Сколково,medium,week_model,block_18_24,auto,20,20:00-21:00,80,15.39,15.52,17.7,19.0,21.65,5.36,35.19,5.24
434,Сколково,434,Сколково,medium,week_model,block_18_24,auto,21,21:00-22:00,51,16.61,16.34,18.54,19.59,24.3,2.03,38.15,7.61
434,Сколково,434,Сколково,medium,week_model,block_18_24,auto,22,22:00-23:00,2,11.37,11.37,14.79,16.5,18.22,2.82,19.93,12.1
438,Brasserie Lambric Красина,2,Кудринская,high,week_model,lunch,bike,13,13:00-14:00,1,26.91,26.91,26.91,26.91,26.91,26.91,26.91,
439,Brasserie Lambric Шаболовка,33,Даниловский,high,week_model,afternoon,auto,16,16:00-17:00,1,18.98,18.98,18.98,18.98,18.98,18.98,18.98,
439,Brasserie Lambric Шаболовка,33,Даниловский,high,week_model,dinner,bike,18,18:00-19:00,1,15.81,15.81,15.81,15.81,15.81,15.81,15.81,
439,Brasserie Lambric Шаболовка,33,Даниловский,high,week_model,dinner,bike,20,20:00-21:00,2,4.1,4.1,5.36,5.99,6.62,0.96,7.25,4.45
444,ТАКАХУЛИ,2,Кудринская,high,week_model,lunch,bike,13,13:00-14:00,1,21.89,21.89,21.89,21.89,21.89,21.89,21.89,
444,ТАКАХУЛИ,2,Кудринская,high,week_model,lunch,auto,14,14:00-15:00,1,23.05,23.05,23.05,23.05,23.05,23.05,23.05,
47,БТ Царская Площадь,47,БТ Царская Площадь,medium,week_model,block_06_12,auto,8,08:00-09:00,1,13.52,13.52,13.52,13.52,13.52,13.52,13.52,
47,БТ Царская Площадь,47,БТ Царская Площадь,medium,week_model,block_06_12,bike,8,08:00-09:00,28,8.87,8.98,9.53,11.67,13.88,0.05,14.35,3.27
47,БТ Царская Площадь,47,БТ Царская Площадь,medium,week_model,block_06_12,auto,9,09:00-10:00,2,7.43,7.43,10.38,11.86,13.33,0.05,14.81,10.44
47,БТ Царская Площадь,47,БТ Царская Площадь,medium,week_model,block_06_12,bike,9,09:00-10:00,55,7.42,6.83,8.56,10.4,11.48,1.61,21.31,3.6
47,БТ Царская Площадь,47,БТ Царская Площадь,medium,week_model,block_06_12,bike,10,10:00-11:00,43,7.14,6.81,8.13,9.94,11.19,1.21,19.33,4.25
47,БТ Царская Площадь,47,БТ Царская Площадь,medium,week_model,block_06_12,bike,11,11:00-12:00,39,9.67,8.0,12.08,15.07,19.96,0.13,31.22,7.58
47,БТ Царская Площадь,47,БТ Царская Площадь,medium,week_model,block_12_18,bike,12,12:00-13:00,33,10.27,8.28,11.91,14.35,20.5,1.42,28.57,6.48
47,БТ Царская Площадь,47,БТ Царская Площадь,medium,week_model,block_12_18,bike,13,13:00-14:00,23,9.91,8.25,10.85,13.23,20.14,0.04,36.11,8.55
47,БТ Царская Площадь,47,БТ Царская Площадь,medium,week_model,block_12_18,auto,14,14:00-15:00,2,16.58,16.58,17.03,17.25,17.47,15.46,17.7,1.58
47,БТ Царская Площадь,47,БТ Царская Площадь,medium,week_model,block_12_18,bike,14,14:00-15:00,15,9.56,9.46,10.71,11.89,16.92,0.28,23.27,5.93
47,БТ Царская Площадь,47,БТ Царская Площадь,medium,week_model,block_12_18,auto,15,15:00-16:00,1,20.33,20.33,20.33,20.33,20.33,20.33,20.33,
47,БТ Царская Площадь,47,БТ Царская Площадь,medium,week_model,block_12_18,bike,15,15:00-16:00,17,7.04,6.8,8.27,9.15,12.32,1.2,14.15,3.69
47,БТ Царская Площадь,47,БТ Царская Площадь,medium,week_model,block_12_18,bike,16,16:00-17:00,11,8.68,8.7,9.42,9.85,12.46,3.4,19.64,4.62
47,БТ Царская Площадь,47,БТ Царская Площадь,medium,week_model,block_12_18,bike,17,17:00-18:00,11,8.09,8.93,11.15,12.39,13.53,0.67,15.86,5.03
47,БТ Царская Площадь,47,БТ Царская Площадь,medium,week_model,block_18_24,bike,18,18:00-19:00,10,7.54,7.66,9.6,10.17,12.23,0.5,17.92,5.11
47,БТ Царская Площадь,47,БТ Царская Площадь,medium,week_model,block_18_24,bike,19,19:00-20:00,4,6.59,7.31,7.5,8.06,8.62,2.56,9.18,2.83
47,БТ Царская Площадь,47,БТ Царская Площадь,medium,week_model,block_18_24,bike,20,20:00-21:00,6,5.3,4.54,5.99,6.37,8.93,2.42,11.48,3.44
47,БТ Царская Площадь,47,БТ Царская Площадь,medium,week_model,block_18_24,bike,21,21:00-22:00,2,4.63,4.63,4.95,5.11,5.27,3.84,5.43,1.13
478,Сыроварня Метрополис,14,Метрополис,medium,week_model,block_06_12,auto,11,11:00-12:00,6,17.59,13.72,20.92,26.35,29.5,7.93,32.65,9.74
478,Сыроварня Метрополис,14,Метрополис,medium,week_model,block_12_18,auto,12,12:00-13:00,15,24.4,24.0,28.43,32.24,37.09,9.49,42.66,9.68
478,Сыроварня Метрополис,14,Метрополис,medium,week_model,block_12_18,auto,13,13:00-14:00,24,19.98,20.64,23.14,24.48,30.8,4.29,42.45,8.75
478,Сыроварня Метрополис,14,Метрополис,medium,week_model,block_12_18,auto,14,14:00-15:00,34,21.77,19.35,24.9,28.51,32.44,7.09,81.24,13.05
478,Сыроварня Метрополис,14,Метрополис,medium,week_model,block_12_18,auto,15,15:00-16:00,24,21.77,19.6,24.54,26.84,36.03,7.43,45.77,10.15
478,Сыроварня Метрополис,14,Метрополис,medium,week_model,block_12_18,auto,16,16:00-17:00,20,23.16,24.11,29.63,31.4,35.26,2.36,39.68,10.37
478,Сыроварня Метрополис,14,Метрополис,medium,week_model,block_12_18,auto,17,17:00-18:00,29,23.36,20.48,27.63,33.38,38.94,2.92,43.54,11.14
478,Сыроварня Метрополис,14,Метрополис,medium,week_model,block_18_24,auto,18,18:00-19:00,30,26.02,25.5,32.56,35.79,41.25,0.05,50.99,12.48
478,Сыроварня Метрополис,14,Метрополис,medium,week_model,block_18_24,auto,19,19:00-20:00,36,29.28,29.09,37.17,42.3,47.09,7.96,49.73,12.58
478,Сыроварня Метрополис,14,Метрополис,medium,week_model,block_18_24,auto,20,20:00-21:00,24,25.98,24.57,32.22,33.38,37.63,4.61,49.12,10.23
478,Сыроварня Метрополис,14,Метрополис,medium,week_model,block_18_24,auto,21,21:00-22:00,33,19.66,18.84,24.05,25.38,27.42,1.58,41.32,8.71
478,Сыроварня Метрополис,14,Метрополис,medium,week_model,block_18_24,auto,22,22:00-23:00,4,17.15,16.33,23.46,25.04,26.61,7.77,28.19,9.97
479,Покровка,479,Покровка,medium,week_model,block_00_06,auto,0,00:00-01:00,31,16.9,14.95,21.0,23.73,29.24,5.08,38.75,8.52
479,Покровка,479,Покровка,medium,week_model,block_00_06,bike,0,00:00-01:00,1,14.5,14.5,14.5,14.5,14.5,14.5,14.5,
479,Покровка,479,Покровка,medium,week_model,block_00_06,auto,1,01:00-02:00,14,16.36,18.45,21.2,22.35,24.02,4.93,26.7,7.01
479,Покровка,479,Покровка,medium,week_model,block_00_06,auto,2,02:00-03:00,6,20.35,17.76,17.97,18.17,25.69,17.48,33.21,6.31
479,Покровка,479,Покровка,medium,week_model,block_00_06,auto,3,03:00-04:00,6,18.5,20.56,25.61,26.27,27.54,6.73,28.81,9.6
479,Покровка,479,Покровка,medium,week_model,block_00_06,auto,4,04:00-05:00,5,22.94,24.38,27.14,28.23,29.03,13.05,29.83,6.75
479,Покровка,479,Покровка,medium,week_model,block_00_06,auto,5,05:00-06:00,18,12.96,11.74,13.46,18.88,22.95,4.39,31.1,7.38
479,Покровка,479,Покровка,medium,week_model,block_06_12,auto,6,06:00-07:00,48,20.39,17.54,26.77,29.02,34.77,4.9,45.33,9.66
479,Покровка,479,Покровка,medium,week_model,block_06_12,bike,6,06:00-07:00,34,8.66,9.35,10.96,12.84,14.46,0.08,18.96,4.75
479,Покровка,479,Покровка,medium,week_model,block_06_12,auto,7,07:00-08:00,20,17.4,17.42,20.29,23.63,27.17,0.29,29.72,7.15
479,Покровка,479,Покровка,medium,week_model,block_06_12,bike,7,07:00-08:00,72,7.88,7.26,9.93,11.75,13.64,0.32,26.45,4.99
479,Покровка,479,Покровка,medium,week_model,block_06_12,auto,8,08:00-09:00,3,17.19,15.75,19.15,20.85,22.54,11.59,24.24,6.45
479,Покровка,479,Покровка,medium,week_model,block_06_12,bike,8,08:00-09:00,20,6.99,6.3,8.76,9.83,12.41,1.11,14.62,3.93
479,Покровка,479,Покровка,medium,week_model,block_06_12,auto,9,09:00-10:00,3,37.94,35.1,40.48,43.16,45.85,30.18,48.54,9.5
479,Покровка,479,Покровка,medium,week_model,block_06_12,bike,9,09:00-10:00,4,13.24,13.65,15.29,15.39,15.5,10.06,15.6,2.66
479,Покровка,479,Покровка,medium,week_model,block_06_12,auto,10,10:00-11:00,1,15.39,15.39,15.39,15.39,15.39,15.39,15.39,
479,Покровка,479,Покровка,medium,week_model,block_06_12,bike,10,10:00-11:00,8,13.21,12.06,12.2,15.99,19.35,8.29,21.29,4.41
479,Покровка,479,Покровка,medium,week_model,block_06_12,auto,11,11:00-12:00,1,22.02,22.02,22.02,22.02,22.02,22.02,22.02,
479,Покровка,479,Покровка,medium,week_model,block_06_12,bike,11,11:00-12:00,5,8.33,8.06,8.07,8.55,9.51,7.2,10.48,1.25
479,Покровка,479,Покровка,medium,week_model,block_12_18,auto,12,12:00-13:00,1,21.68,21.68,21.68,21.68,21.68,21.68,21.68,
479,Покровка,479,Покровка,medium,week_model,block_12_18,bike,12,12:00-13:00,9,7.48,6.48,7.45,8.74,11.53,3.2,16.89,4.05
479,Покровка,479,Покровка,medium,week_model,block_12_18,bike,13,13:00-14:00,11,6.33,6.04,8.1,9.45,11.01,0.08,15.5,4.45
479,Покровка,479,Покровка,medium,week_model,block_12_18,auto,14,14:00-15:00,1,21.5,21.5,21.5,21.5,21.5,21.5,21.5,
479,Покровка,479,Покровка,medium,week_model,block_12_18,bike,14,14:00-15:00,7,6.47,5.68,5.89,6.09,10.69,2.21,17.48,5.06
479,Покровка,479,Покровка,medium,week_model,block_12_18,bike,15,15:00-16:00,1,16.96,16.96,16.96,16.96,16.96,16.96,16.96,
479,Покровка,479,Покровка,medium,week_model,block_12_18,bike,16,16:00-17:00,1,11.21,11.21,11.21,11.21,11.21,11.21,11.21,
479,Покровка,479,Покровка,medium,week_model,block_12_18,auto,17,17:00-18:00,1,19.04,19.04,19.04,19.04,19.04,19.04,19.04,
479,Покровка,479,Покровка,medium,week_model,block_12_18,bike,17,17:00-18:00,1,2.89,2.89,2.89,2.89,2.89,2.89,2.89,
479,Покровка,479,Покровка,medium,week_model,block_18_24,bike,18,18:00-19:00,1,10.13,10.13,10.13,10.13,10.13,10.13,10.13,
479,Покровка,479,Покровка,medium,week_model,block_18_24,auto,19,19:00-20:00,2,13.84,13.84,14.75,15.21,15.66,11.56,16.12,3.23
479,Покровка,479,Покровка,medium,week_model,block_18_24,bike,19,19:00-20:00,5,12.27,11.84,15.2,16.2,16.53,6.8,16.85,4.22
479,Покровка,479,Покровка,medium,week_model,block_18_24,bike,20,20:00-21:00,4,11.91,10.57,14.13,16.12,18.1,6.4,20.09,6.26
479,Покровка,479,Покровка,medium,week_model,block_18_24,bike,21,21:00-22:00,9,12.39,11.86,15.2,16.33,17.65,3.26,20.26,5.11
479,Покровка,479,Покровка,medium,week_model,block_18_24,auto,22,22:00-23:00,19,19.6,19.38,21.6,27.17,29.9,6.0,41.38,8.96
479,Покровка,479,Покровка,medium,week_model,block_18_24,bike,22,22:00-23:00,17,8.73,6.72,8.41,12.01,15.35,0.17,29.33,6.75
479,Покровка,479,Покровка,medium,week_model,block_18_24,auto,23,23:00-24:00,28,18.39,18.56,24.15,26.37,30.81,5.51,33.49,8.84
479,Покровка,479,Покровка,medium,week_model,block_18_24,bike,23,23:00-24:00,4,5.21,6.03,6.48,6.76,7.04,1.47,7.32,2.58
480,Сыроварня Атриум,4,Аврора,high,week_model,lunch,auto,11,11:00-12:00,2,6.45,6.45,8.63,9.72,10.81,1.0,11.9,7.71
480,Сыроварня Атриум,4,Аврора,high,week_model,lunch,bike,11,11:00-12:00,4,13.63,11.03,13.4,18.58,23.76,3.53,28.94,10.81
480,Сыроварня Атриум,4,Аврора,high,week_model,lunch,auto,12,12:00-13:00,5,17.49,16.84,17.82,21.51,28.41,7.9,35.3,10.92
480,Сыроварня Атриум,4,Аврора,high,week_model,lunch,bike,12,12:00-13:00,2,6.11,6.11,6.41,6.57,6.72,5.34,6.88,1.09
480,Сыроварня Атриум,4,Аврора,high,week_model,lunch,auto,13,13:00-14:00,7,16.08,16.85,18.25,19.42,21.66,10.98,24.43,5.15
480,Сыроварня Атриум,4,Аврора,high,week_model,lunch,bike,13,13:00-14:00,1,18.3,18.3,18.3,18.3,18.3,18.3,18.3,
480,Сыроварня Атриум,4,Аврора,high,week_model,lunch,auto,14,14:00-15:00,13,14.66,12.56,18.0,19.96,24.4,0.91,28.67,7.51
480,Сыроварня Атриум,4,Аврора,high,week_model,lunch,bike,14,14:00-15:00,3,5.61,5.46,6.47,6.97,7.48,3.38,7.98,2.3
480,Сыроварня Атриум,4,Аврора,high,week_model,afternoon,auto,15,15:00-16:00,12,15.94,15.72,16.92,19.83,24.47,4.45,35.7,8.36
480,Сыроварня Атриум,4,Аврора,high,week_model,afternoon,bike,15,15:00-16:00,2,14.87,14.87,16.19,16.85,17.51,11.55,18.18,4.68
480,Сыроварня Атриум,4,Аврора,high,week_model,afternoon,auto,16,16:00-17:00,6,13.5,14.81,16.29,16.35,19.98,5.39,23.6,6.91
480,Сыроварня Атриум,4,Аврора,high,week_model,afternoon,bike,16,16:00-17:00,4,9.78,8.68,11.57,13.32,15.08,4.94,16.83,5.36
480,Сыроварня Атриум,4,Аврора,high,week_model,afternoon,auto,17,17:00-18:00,4,19.35,22.3,23.11,23.83,24.56,7.52,25.29,8.03
480,Сыроварня Атриум,4,Аврора,high,week_model,afternoon,bike,17,17:00-18:00,3,7.38,10.04,10.41,10.59,10.78,1.14,10.97,5.42
480,Сыроварня Атриум,4,Аврора,high,week_model,dinner,auto,18,18:00-19:00,3,15.04,12.15,15.76,17.56,19.36,11.8,21.16,5.31
480,Сыроварня Атриум,4,Аврора,high,week_model,dinner,auto,19,19:00-20:00,4,19.68,17.6,23.24,28.19,33.14,5.42,38.08,13.93
480,Сыроварня Атриум,4,Аврора,high,week_model,dinner,bike,19,19:00-20:00,1,10.1,10.1,10.1,10.1,10.1,10.1,10.1,
480,Сыроварня Атриум,4,Аврора,high,week_model,dinner,auto,20,20:00-21:00,10,23.06,22.78,27.01,28.94,30.76,8.04,40.4,9.13
480,Сыроварня Атриум,4,Аврора,high,week_model,dinner,bike,20,20:00-21:00,1,8.07,8.07,8.07,8.07,8.07,8.07,8.07,
480,Сыроварня Атриум,4,Аврора,high,week_model,late_evening,auto,21,21:00-22:00,5,13.28,15.29,17.75,18.38,18.43,0.13,18.48,7.59
480,Сыроварня Атриум,4,Аврора,high,week_model,late_evening,bike,21,21:00-22:00,1,6.51,6.51,6.51,6.51,6.51,6.51,6.51,
480,Сыроварня Атриум,4,Аврора,high,week_model,late_evening,auto,22,22:00-23:00,1,14.4,14.4,14.4,14.4,14.4,14.4,14.4,
482,ВАНЛАВ Нежинская,69,Опен Мичуринский,mega,week_model,afternoon,auto,17,17:00-18:00,1,30.31,30.31,30.31,30.31,30.31,30.31,30.31,
482,ВАНЛАВ Нежинская,69,Опен Мичуринский,mega,week_model,late_evening,auto,21,21:00-22:00,1,3.42,3.42,3.42,3.42,3.42,3.42,3.42,
483,ВАНЛАВ Винницкая,69,Опен Мичуринский,mega,week_model,deep_night,auto,2,02:00-03:00,1,11.19,11.19,11.19,11.19,11.19,11.19,11.19,
483,ВАНЛАВ Винницкая,69,Опен Мичуринский,mega,week_model,lunch,auto,13,13:00-14:00,1,9.87,9.87,9.87,9.87,9.87,9.87,9.87,
483,ВАНЛАВ Винницкая,69,Опен Мичуринский,mega,week_model,afternoon,auto,17,17:00-18:00,1,10.99,10.99,10.99,10.99,10.99,10.99,10.99,
483,ВАНЛАВ Винницкая,69,Опен Мичуринский,mega,week_model,dinner,auto,19,19:00-20:00,1,11.68,11.68,11.68,11.68,11.68,11.68,11.68,
483,ВАНЛАВ Винницкая,69,Опен Мичуринский,mega,week_model,late_evening,auto,22,22:00-23:00,1,5.5,5.5,5.5,5.5,5.5,5.5,5.5,
483,ВАНЛАВ Винницкая,69,Опен Мичуринский,mega,week_model,late_evening,auto,23,23:00-24:00,1,14.57,14.57,14.57,14.57,14.57,14.57,14.57,
51,БТ Новинский,51,БТ Новинский,medium,week_model,block_06_12,bike,8,08:00-09:00,4,8.1,7.79,8.02,8.56,9.09,7.21,9.63,1.05
51,БТ Новинский,51,БТ Новинский,medium,week_model,block_06_12,bike,9,09:00-10:00,9,10.22,9.96,10.63,12.55,15.12,6.52,15.59,3.23
51,БТ Новинский,51,БТ Новинский,medium,week_model,block_06_12,bike,10,10:00-11:00,7,12.53,10.8,12.38,16.57,20.85,7.2,25.17,6.69
51,БТ Новинский,51,БТ Новинский,medium,week_model,block_06_12,bike,11,11:00-12:00,10,9.73,9.39,10.34,11.9,14.76,3.27,17.64,4.08
51,БТ Новинский,51,БТ Новинский,medium,week_model,block_12_18,bike,12,12:00-13:00,11,12.3,9.28,13.19,16.88,20.93,4.32,32.15,8.29
51,БТ Новинский,51,БТ Новинский,medium,week_model,block_12_18,bike,13,13:00-14:00,11,7.06,6.55,9.18,9.31,9.34,0.05,12.04,3.24
51,БТ Новинский,51,БТ Новинский,medium,week_model,block_12_18,bike,14,14:00-15:00,6,9.15,7.76,11.04,13.04,14.69,4.79,16.34,4.66
51,БТ Новинский,51,БТ Новинский,medium,week_model,block_12_18,bike,15,15:00-16:00,6,14.89,12.56,13.59,14.05,22.46,9.08,30.88,8.04
51,БТ Новинский,51,БТ Новинский,medium,week_model,block_12_18,bike,16,16:00-17:00,3,4.45,4.69,6.2,6.96,7.71,0.18,8.47,4.15
51,БТ Новинский,51,БТ Новинский,medium,week_model,block_12_18,bike,17,17:00-18:00,2,9.65,9.65,10.33,10.67,11.01,7.95,11.34,2.4
51,БТ Новинский,51,БТ Новинский,medium,week_model,block_18_24,bike,18,18:00-19:00,1,6.4,6.4,6.4,6.4,6.4,6.4,6.4,
517,INSPIRO Neurobistro,8,Усачева,mega,week_model,morning,auto,10,10:00-11:00,3,25.5,23.68,26.05,27.23,28.41,23.22,29.59,3.55
517,INSPIRO Neurobistro,8,Усачева,mega,week_model,lunch,auto,11,11:00-12:00,2,17.59,17.59,19.81,20.92,22.04,12.03,23.15,7.86
517,INSPIRO Neurobistro,8,Усачева,mega,week_model,lunch,auto,12,12:00-13:00,1,19.32,19.32,19.32,19.32,19.32,19.32,19.32,
517,INSPIRO Neurobistro,8,Усачева,mega,week_model,lunch,bike,13,13:00-14:00,1,13.1,13.1,13.1,13.1,13.1,13.1,13.1,
517,INSPIRO Neurobistro,8,Усачева,mega,week_model,lunch,auto,14,14:00-15:00,1,20.81,20.81,20.81,20.81,20.81,20.81,20.81,
517,INSPIRO Neurobistro,8,Усачева,mega,week_model,lunch,bike,14,14:00-15:00,1,7.22,7.22,7.22,7.22,7.22,7.22,7.22,
517,INSPIRO Neurobistro,8,Усачева,mega,week_model,afternoon,auto,15,15:00-16:00,1,28.87,28.87,28.87,28.87,28.87,28.87,28.87,
517,INSPIRO Neurobistro,8,Усачева,mega,week_model,afternoon,auto,16,16:00-17:00,1,31.42,31.42,31.42,31.42,31.42,31.42,31.42,
517,INSPIRO Neurobistro,8,Усачева,mega,week_model,afternoon,auto,17,17:00-18:00,2,26.97,26.97,30.0,31.51,33.02,19.4,34.54,10.7
517,INSPIRO Neurobistro,8,Усачева,mega,week_model,afternoon,bike,17,17:00-18:00,3,14.36,13.6,14.59,15.09,15.58,13.4,16.08,1.49
517,INSPIRO Neurobistro,8,Усачева,mega,week_model,dinner,bike,18,18:00-19:00,1,0.13,0.13,0.13,0.13,0.13,0.13,0.13,
517,INSPIRO Neurobistro,8,Усачева,mega,week_model,dinner,bike,19,19:00-20:00,1,2.18,2.18,2.18,2.18,2.18,2.18,2.18,
517,INSPIRO Neurobistro,8,Усачева,mega,week_model,dinner,auto,20,20:00-21:00,4,27.76,28.74,30.67,30.86,31.05,22.35,31.23,4.09
517,INSPIRO Neurobistro,8,Усачева,mega,week_model,late_evening,auto,21,21:00-22:00,3,19.59,27.39,28.97,29.76,30.55,0.04,31.34,17.05
517,INSPIRO Neurobistro,8,Усачева,mega,week_model,late_evening,auto,22,22:00-23:00,1,17.77,17.77,17.77,17.77,17.77,17.77,17.77,
54,Maroon,54,Maroon,medium,week_model,block_06_12,auto,10,10:00-11:00,10,21.56,17.21,23.11,26.76,28.35,14.85,40.06,7.78
54,Maroon,54,Maroon,medium,week_model,block_06_12,auto,11,11:00-12:00,30,22.95,20.19,25.74,32.49,34.33,11.41,38.97,7.9
54,Maroon,54,Maroon,medium,week_model,block_06_12,bike,11,11:00-12:00,1,4.84,4.84,4.84,4.84,4.84,4.84,4.84,
54,Maroon,54,Maroon,medium,week_model,block_12_18,auto,12,12:00-13:00,49,23.82,23.02,26.72,30.26,33.95,9.33,48.42,9.02
54,Maroon,54,Maroon,medium,week_model,block_12_18,auto,13,13:00-14:00,47,22.61,21.78,24.56,28.05,31.35,3.62,67.1,10.31
54,Maroon,54,Maroon,medium,week_model,block_12_18,auto,14,14:00-15:00,73,23.87,24.17,26.66,30.76,37.78,2.29,49.84,10.01
54,Maroon,54,Maroon,medium,week_model,block_12_18,bike,14,14:00-15:00,1,10.27,10.27,10.27,10.27,10.27,10.27,10.27,
54,Maroon,54,Maroon,medium,week_model,block_12_18,auto,15,15:00-16:00,78,25.3,22.87,25.85,29.99,36.9,8.36,100.32,14.35
54,Maroon,54,Maroon,medium,week_model,block_12_18,auto,16,16:00-17:00,83,23.18,21.2,25.16,29.15,36.4,8.2,58.76,9.51
54,Maroon,54,Maroon,medium,week_model,block_12_18,auto,17,17:00-18:00,89,24.19,22.8,28.59,30.31,37.71,1.54,50.01,9.45
54,Maroon,54,Maroon,medium,week_model,block_18_24,auto,18,18:00-19:00,85,25.16,23.11,30.17,32.56,41.39,2.49,59.07,11.47
54,Maroon,54,Maroon,medium,week_model,block_18_24,bike,18,18:00-19:00,2,15.07,15.07,15.21,15.28,15.35,14.73,15.42,0.49
54,Maroon,54,Maroon,medium,week_model,block_18_24,auto,19,19:00-20:00,104,21.19,19.94,24.78,27.35,30.56,1.62,56.56,8.95
54,Maroon,54,Maroon,medium,week_model,block_18_24,bike,19,19:00-20:00,1,17.71,17.71,17.71,17.71,17.71,17.71,17.71,
54,Maroon,54,Maroon,medium,week_model,block_18_24,auto,20,20:00-21:00,105,19.97,18.31,21.99,24.7,30.49,3.74,44.35,7.81
54,Maroon,54,Maroon,medium,week_model,block_18_24,auto,21,21:00-22:00,92,21.48,18.98,22.49,25.34,37.7,5.66,52.93,9.28
54,Maroon,54,Maroon,medium,week_model,block_18_24,auto,22,22:00-23:00,39,20.81,20.75,23.91,26.89,29.1,4.64,46.37,7.98
54,Maroon,54,Maroon,medium,week_model,block_18_24,auto,23,23:00-24:00,4,16.4,18.32,19.75,20.32,20.89,7.5,21.47,6.2
550,Bocconcino Метрополис,14,Метрополис,medium,week_model,block_06_12,auto,11,11:00-12:00,10,16.6,14.71,16.08,19.08,27.46,8.56,30.75,7.03
550,Bocconcino Метрополис,14,Метрополис,medium,week_model,block_12_18,auto,12,12:00-13:00,6,13.18,14.14,14.97,15.1,17.49,7.03,19.88,4.66
550,Bocconcino Метрополис,14,Метрополис,medium,week_model,block_12_18,auto,13,13:00-14:00,3,23.95,26.61,31.92,34.57,37.22,5.36,39.87,17.41
550,Bocconcino Метрополис,14,Метрополис,medium,week_model,block_12_18,auto,14,14:00-15:00,3,16.72,15.89,17.34,18.07,18.79,14.75,19.51,2.49
550,Bocconcino Метрополис,14,Метрополис,medium,week_model,block_12_18,auto,15,15:00-16:00,3,26.41,25.31,36.67,42.36,48.04,0.19,53.72,26.78
550,Bocconcino Метрополис,14,Метрополис,medium,week_model,block_12_18,auto,16,16:00-17:00,7,24.45,28.49,31.88,35.36,38.05,2.43,40.34,13.42
550,Bocconcino Метрополис,14,Метрополис,medium,week_model,block_12_18,auto,17,17:00-18:00,4,18.86,17.06,20.89,23.31,25.73,13.19,28.15,6.91
550,Bocconcino Метрополис,14,Метрополис,medium,week_model,block_18_24,auto,18,18:00-19:00,7,16.67,13.2,17.53,20.43,31.43,0.13,46.49,14.77
550,Bocconcino Метрополис,14,Метрополис,medium,week_model,block_18_24,auto,19,19:00-20:00,11,15.08,13.19,20.69,21.29,28.14,3.51,34.72,10.46
550,Bocconcino Метрополис,14,Метрополис,medium,week_model,block_18_24,auto,20,20:00-21:00,6,21.56,17.9,25.64,32.35,34.28,10.91,36.22,10.29
550,Bocconcino Метрополис,14,Метрополис,medium,week_model,block_18_24,auto,21,21:00-22:00,3,19.69,18.7,21.66,23.14,24.62,14.28,26.1,5.97
550,Bocconcino Метрополис,14,Метрополис,medium,week_model,block_18_24,auto,22,22:00-23:00,3,13.79,15.1,15.46,15.64,15.82,10.27,15.99,3.08
551,Bocconcino Авиапарк,14,Метрополис,medium,week_model,block_06_12,auto,10,10:00-11:00,1,20.74,20.74,20.74,20.74,20.74,20.74,20.74,
551,Bocconcino Авиапарк,14,Метрополис,medium,week_model,block_06_12,auto,11,11:00-12:00,4,12.16,13.62,18.48,19.44,20.41,0.05,21.37,9.61
551,Bocconcino Авиапарк,14,Метрополис,medium,week_model,block_12_18,auto,12,12:00-13:00,15,5.77,0.07,8.19,11.86,17.48,0.04,30.35,9.42
551,Bocconcino Авиапарк,14,Метрополис,medium,week_model,block_12_18,bike,12,12:00-13:00,2,13.97,13.97,17.08,18.63,20.19,6.19,21.75,11.0
551,Bocconcino Авиапарк,14,Метрополис,medium,week_model,block_12_18,auto,13,13:00-14:00,4,19.24,17.26,20.22,27.47,34.73,0.48,41.98,17.1
551,Bocconcino Авиапарк,14,Метрополис,medium,week_model,block_12_18,bike,13,13:00-14:00,2,14.14,14.14,14.63,14.87,15.12,12.91,15.36,1.73
551,Bocconcino Авиапарк,14,Метрополис,medium,week_model,block_12_18,auto,14,14:00-15:00,3,21.81,24.05,24.35,24.5,24.65,16.58,24.8,4.54
551,Bocconcino Авиапарк,14,Метрополис,medium,week_model,block_12_18,auto,15,15:00-16:00,4,25.87,19.06,26.8,39.58,52.36,0.21,65.15,27.8
551,Bocconcino Авиапарк,14,Метрополис,medium,week_model,block_12_18,bike,15,15:00-16:00,1,7.11,7.11,7.11,7.11,7.11,7.11,7.11,
551,Bocconcino Авиапарк,14,Метрополис,medium,week_model,block_12_18,auto,16,16:00-17:00,6,23.31,23.51,24.57,25.01,27.16,19.1,29.31,3.8
551,Bocconcino Авиапарк,14,Метрополис,medium,week_model,block_12_18,bike,16,16:00-17:00,2,10.44,10.44,13.89,15.62,17.34,1.81,19.07,12.2
551,Bocconcino Авиапарк,14,Метрополис,medium,week_model,block_12_18,auto,17,17:00-18:00,3,32.93,24.73,36.25,42.0,47.76,20.53,53.52,17.96
551,Bocconcino Авиапарк,14,Метрополис,medium,week_model,block_12_18,bike,17,17:00-18:00,1,9.08,9.08,9.08,9.08,9.08,9.08,9.08,
551,Bocconcino Авиапарк,14,Метрополис,medium,week_model,block_18_24,auto,18,18:00-19:00,5,25.3,28.59,30.29,30.94,31.39,16.46,31.84,7.1
551,Bocconcino Авиапарк,14,Метрополис,medium,week_model,block_18_24,auto,19,19:00-20:00,6,27.37,24.68,27.38,29.38,38.93,16.42,48.47,11.23
551,Bocconcino Авиапарк,14,Метрополис,medium,week_model,block_18_24,bike,19,19:00-20:00,2,13.41,13.41,16.2,17.59,18.99,6.45,20.38,9.85
551,Bocconcino Авиапарк,14,Метрополис,medium,week_model,block_18_24,auto,20,20:00-21:00,1,18.82,18.82,18.82,18.82,18.82,18.82,18.82,
551,Bocconcino Авиапарк,14,Метрополис,medium,week_model,block_18_24,bike,20,20:00-21:00,1,18.78,18.78,18.78,18.78,18.78,18.78,18.78,
551,Bocconcino Авиапарк,14,Метрополис,medium,week_model,block_18_24,auto,21,21:00-22:00,5,23.08,23.54,31.46,33.58,33.84,11.59,34.11,10.82
551,Bocconcino Авиапарк,14,Метрополис,medium,week_model,block_18_24,bike,21,21:00-22:00,5,12.17,12.12,14.42,15.67,17.04,6.05,18.4,4.81
551,Bocconcino Авиапарк,14,Метрополис,medium,week_model,block_18_24,auto,22,22:00-23:00,2,18.8,18.8,19.03,19.15,19.27,18.21,19.39,0.83
551,Bocconcino Авиапарк,14,Метрополис,medium,week_model,block_18_24,bike,22,22:00-23:00,3,12.97,13.38,16.04,17.37,18.7,5.49,20.03,7.28
552,Bocconcino Депо Лесная,29,Украинский,mega,week_model,morning,auto,10,10:00-11:00,2,16.42,16.42,17.98,18.76,19.54,12.52,20.32,5.52
552,Bocconcino Депо Лесная,29,Украинский,mega,week_model,morning,bike,10,10:00-11:00,1,31.84,31.84,31.84,31.84,31.84,31.84,31.84,
552,Bocconcino Депо Лесная,29,Украинский,mega,week_model,lunch,auto,11,11:00-12:00,11,20.94,22.47,23.79,24.97,29.46,0.26,30.61,8.21
552,Bocconcino Депо Лесная,29,Украинский,mega,week_model,lunch,bike,11,11:00-12:00,3,15.0,18.04,18.29,18.42,18.54,8.31,18.67,5.81
552,Bocconcino Депо Лесная,29,Украинский,mega,week_model,lunch,auto,12,12:00-13:00,9,17.02,21.3,22.91,23.27,23.92,0.08,25.79,8.87
552,Bocconcino Депо Лесная,29,Украинский,mega,week_model,lunch,bike,12,12:00-13:00,3,20.12,19.44,23.67,25.78,27.9,10.92,30.01,9.57
552,Bocconcino Депо Лесная,29,Украинский,mega,week_model,lunch,auto,13,13:00-14:00,5,23.94,24.19,25.5,26.82,28.82,16.59,30.82,5.19
552,Bocconcino Депо Лесная,29,Украинский,mega,week_model,lunch,bike,13,13:00-14:00,1,8.58,8.58,8.58,8.58,8.58,8.58,8.58,
552,Bocconcino Депо Лесная,29,Украинский,mega,week_model,lunch,auto,14,14:00-15:00,6,21.31,21.95,23.02,23.97,25.33,13.14,26.68,4.58
552,Bocconcino Депо Лесная,29,Украинский,mega,week_model,lunch,bike,14,14:00-15:00,1,10.25,10.25,10.25,10.25,10.25,10.25,10.25,
552,Bocconcino Депо Лесная,29,Украинский,mega,week_model,afternoon,auto,15,15:00-16:00,3,26.02,28.65,29.12,29.35,29.58,19.6,29.81,5.59
552,Bocconcino Депо Лесная,29,Украинский,mega,week_model,afternoon,auto,16,16:00-17:00,7,20.68,23.85,25.03,27.13,29.86,6.03,32.9,9.19
552,Bocconcino Депо Лесная,29,Украинский,mega,week_model,afternoon,bike,16,16:00-17:00,1,13.88,13.88,13.88,13.88,13.88,13.88,13.88,
552,Bocconcino Депо Лесная,29,Украинский,mega,week_model,afternoon,auto,17,17:00-18:00,3,25.13,25.44,27.4,28.38,29.36,19.61,30.34,5.37
552,Bocconcino Депо Лесная,29,Украинский,mega,week_model,dinner,auto,18,18:00-19:00,2,24.31,24.31,25.55,26.17,26.79,21.21,27.41,4.39
552,Bocconcino Депо Лесная,29,Украинский,mega,week_model,dinner,bike,18,18:00-19:00,1,11.41,11.41,11.41,11.41,11.41,11.41,11.41,
552,Bocconcino Депо Лесная,29,Украинский,mega,week_model,dinner,auto,19,19:00-20:00,3,29.7,34.18,35.53,36.21,36.89,17.35,37.56,10.82
552,Bocconcino Депо Лесная,29,Украинский,mega,week_model,dinner,bike,19,19:00-20:00,4,11.42,10.24,16.11,18.38,20.64,2.32,22.91,9.49
552,Bocconcino Депо Лесная,29,Украинский,mega,week_model,dinner,auto,20,20:00-21:00,2,35.57,35.57,38.59,40.1,41.61,28.02,43.12,10.68
552,Bocconcino Депо Лесная,29,Украинский,mega,week_model,late_evening,auto,21,21:00-22:00,1,4.84,4.84,4.84,4.84,4.84,4.84,4.84,
552,Bocconcino Депо Лесная,29,Украинский,mega,week_model,late_evening,bike,21,21:00-22:00,2,9.12,9.12,12.59,14.33,16.06,0.45,17.79,12.26
552,Bocconcino Депо Лесная,29,Украинский,mega,week_model,late_evening,auto,23,23:00-24:00,4,12.25,9.18,10.53,14.22,17.92,9.04,21.61,6.24
552,Bocconcino Депо Лесная,29,Украинский,mega,week_model,late_evening,bike,23,23:00-24:00,1,6.94,6.94,6.94,6.94,6.94,6.94,6.94,
553,Bocconcino Кутузовский,69,Опен Мичуринский,mega,week_model,lunch,auto,11,11:00-12:00,11,35.43,27.75,48.48,49.88,62.95,0.05,64.67,20.64
553,Bocconcino Кутузовский,69,Опен Мичуринский,mega,week_model,lunch,auto,12,12:00-13:00,14,31.63,23.69,36.7,50.02,58.94,0.04,78.72,21.53
553,Bocconcino Кутузовский,69,Опен Мичуринский,mega,week_model,lunch,auto,13,13:00-14:00,32,25.32,25.26,33.72,34.35,47.76,0.05,94.42,23.35
553,Bocconcino Кутузовский,69,Опен Мичуринский,mega,week_model,lunch,auto,14,14:00-15:00,17,35.6,31.33,41.92,57.25,65.82,0.29,81.7,22.55
553,Bocconcino Кутузовский,69,Опен Мичуринский,mega,week_model,afternoon,auto,15,15:00-16:00,21,32.34,27.18,45.0,45.63,49.95,0.04,98.4,23.31
553,Bocconcino Кутузовский,69,Опен Мичуринский,mega,week_model,afternoon,auto,16,16:00-17:00,13,11.5,7.01,19.04,21.32,29.46,0.05,32.34,12.6
553,Bocconcino Кутузовский,69,Опен Мичуринский,mega,week_model,afternoon,auto,17,17:00-18:00,7,20.61,23.45,25.28,26.08,27.01,0.23,28.02,9.44
553,Bocconcino Кутузовский,69,Опен Мичуринский,mega,week_model,dinner,auto,18,18:00-19:00,4,12.24,12.36,14.84,15.06,15.28,8.73,15.5,3.39
553,Bocconcino Кутузовский,69,Опен Мичуринский,mega,week_model,dinner,auto,19,19:00-20:00,8,13.9,12.4,17.88,18.81,22.25,0.16,29.71,8.72
553,Bocconcino Кутузовский,69,Опен Мичуринский,mega,week_model,dinner,auto,20,20:00-21:00,6,16.03,17.18,20.5,22.99,23.08,7.61,23.18,6.9
553,Bocconcino Кутузовский,69,Опен Мичуринский,mega,week_model,late_evening,auto,21,21:00-22:00,1,17.76,17.76,17.76,17.76,17.76,17.76,17.76,
554,Bocconcino Мичуринский,69,Опен Мичуринский,mega,week_model,morning,auto,10,10:00-11:00,1,26.75,26.75,26.75,26.75,26.75,26.75,26.75,
554,Bocconcino Мичуринский,69,Опен Мичуринский,mega,week_model,lunch,auto,11,11:00-12:00,8,21.41,23.41,29.1,29.93,30.5,0.05,30.8,10.5
554,Bocconcino Мичуринский,69,Опен Мичуринский,mega,week_model,lunch,auto,12,12:00-13:00,4,18.28,16.16,18.49,21.92,25.35,12.03,28.78,7.33
554,Bocconcino Мичуринский,69,Опен Мичуринский,mega,week_model,lunch,auto,13,13:00-14:00,10,19.14,18.0,25.48,27.59,28.33,7.44,31.36,8.46
554,Bocconcino Мичуринский,69,Опен Мичуринский,mega,week_model,lunch,auto,14,14:00-15:00,8,24.05,21.38,25.55,25.91,34.73,11.92,54.9,13.58
554,Bocconcino Мичуринский,69,Опен Мичуринский,mega,week_model,afternoon,auto,15,15:00-16:00,11,18.33,16.07,16.6,18.86,22.64,5.24,63.28,15.78
554,Bocconcino Мичуринский,69,Опен Мичуринский,mega,week_model,afternoon,auto,16,16:00-17:00,7,19.58,19.22,22.77,23.24,24.34,14.7,25.76,4.41
554,Bocconcino Мичуринский,69,Опен Мичуринский,mega,week_model,afternoon,auto,17,17:00-18:00,16,19.69,19.01,20.15,21.18,30.72,7.38,35.28,7.46
554,Bocconcino Мичуринский,69,Опен Мичуринский,mega,week_model,dinner,auto,18,18:00-19:00,8,16.25,13.95,15.04,21.31,26.83,8.96,30.1,7.49
554,Bocconcino Мичуринский,69,Опен Мичуринский,mega,week_model,dinner,auto,19,19:00-20:00,23,22.79,21.51,26.38,27.7,32.65,12.5,41.72,7.89
554,Bocconcino Мичуринский,69,Опен Мичуринский,mega,week_model,dinner,auto,20,20:00-21:00,14,20.27,20.67,24.67,24.91,26.79,10.67,29.87,6.0
554,Bocconcino Мичуринский,69,Опен Мичуринский,mega,week_model,late_evening,auto,21,21:00-22:00,16,20.52,18.54,22.42,26.15,27.27,10.22,46.65,8.8
554,Bocconcino Мичуринский,69,Опен Мичуринский,mega,week_model,late_evening,auto,22,22:00-23:00,5,23.89,27.3,28.98,29.57,29.92,10.09,30.27,8.3
555,Bocconcino Ленинский,35,Ленинский,high,week_model,lunch,auto,11,11:00-12:00,2,12.07,12.07,12.15,12.18,12.22,11.89,12.26,0.26
555,Bocconcino Ленинский,35,Ленинский,high,week_model,lunch,auto,12,12:00-13:00,2,22.84,22.84,22.88,22.9,22.92,22.74,22.94,0.14
555,Bocconcino Ленинский,35,Ленинский,high,week_model,lunch,auto,13,13:00-14:00,5,18.9,17.75,21.61,23.36,24.94,10.63,26.51,6.01
555,Bocconcino Ленинский,35,Ленинский,high,week_model,lunch,bike,13,13:00-14:00,1,18.43,18.43,18.43,18.43,18.43,18.43,18.43,
555,Bocconcino Ленинский,35,Ленинский,high,week_model,lunch,auto,14,14:00-15:00,4,23.32,21.59,26.01,29.45,32.89,13.76,36.33,9.8
555,Bocconcino Ленинский,35,Ленинский,high,week_model,lunch,bike,14,14:00-15:00,2,10.64,10.64,11.94,12.6,13.25,7.38,13.9,4.61
555,Bocconcino Ленинский,35,Ленинский,high,week_model,afternoon,auto,15,15:00-16:00,3,24.71,26.24,27.3,27.83,28.36,19.01,28.89,5.12
555,Bocconcino Ленинский,35,Ленинский,high,week_model,afternoon,bike,15,15:00-16:00,1,11.72,11.72,11.72,11.72,11.72,11.72,11.72,
555,Bocconcino Ленинский,35,Ленинский,high,week_model,afternoon,auto,16,16:00-17:00,4,21.48,21.34,26.18,28.03,29.89,11.48,31.75,8.96
555,Bocconcino Ленинский,35,Ленинский,high,week_model,afternoon,bike,16,16:00-17:00,1,12.77,12.77,12.77,12.77,12.77,12.77,12.77,
555,Bocconcino Ленинский,35,Ленинский,high,week_model,afternoon,auto,17,17:00-18:00,3,15.22,13.71,16.46,17.83,19.21,11.37,20.59,4.79
555,Bocconcino Ленинский,35,Ленинский,high,week_model,afternoon,bike,17,17:00-18:00,2,8.7,8.7,8.75,8.77,8.79,8.6,8.81,0.15
555,Bocconcino Ленинский,35,Ленинский,high,week_model,dinner,auto,18,18:00-19:00,1,19.15,19.15,19.15,19.15,19.15,19.15,19.15,
555,Bocconcino Ленинский,35,Ленинский,high,week_model,dinner,bike,18,18:00-19:00,4,7.22,7.94,9.38,9.64,9.89,2.85,10.15,3.29
555,Bocconcino Ленинский,35,Ленинский,high,week_model,dinner,auto,19,19:00-20:00,8,15.15,14.11,15.63,19.18,22.8,6.52,25.82,6.05
555,Bocconcino Ленинский,35,Ленинский,high,week_model,dinner,bike,19,19:00-20:00,1,11.5,11.5,11.5,11.5,11.5,11.5,11.5,
555,Bocconcino Ленинский,35,Ленинский,high,week_model,dinner,auto,20,20:00-21:00,11,24.44,21.04,33.45,34.5,36.6,9.22,40.12,10.34
555,Bocconcino Ленинский,35,Ленинский,high,week_model,dinner,bike,20,20:00-21:00,2,12.98,12.98,13.71,14.07,14.43,11.16,14.8,2.57
555,Bocconcino Ленинский,35,Ленинский,high,week_model,late_evening,auto,21,21:00-22:00,6,14.86,13.77,17.35,17.91,20.99,9.43,24.07,5.76
555,Bocconcino Ленинский,35,Ленинский,high,week_model,late_evening,bike,21,21:00-22:00,1,10.45,10.45,10.45,10.45,10.45,10.45,10.45,
555,Bocconcino Ленинский,35,Ленинский,high,week_model,late_evening,auto,22,22:00-23:00,3,31.9,27.04,34.52,38.25,41.99,22.94,45.73,12.15
556,Мясо&Рыба Хамовники,556,Мясо&Рыба Хамовники,low,week_model,block_12_18,auto,13,13:00-14:00,2,16.94,16.94,17.55,17.85,18.15,15.43,18.46,2.14
556,Мясо&Рыба Хамовники,556,Мясо&Рыба Хамовники,low,week_model,block_12_18,auto,14,14:00-15:00,3,29.31,20.68,32.6,38.56,44.52,16.76,50.48,18.44
556,Мясо&Рыба Хамовники,556,Мясо&Рыба Хамовники,low,week_model,block_12_18,auto,16,16:00-17:00,3,23.54,25.63,25.95,26.11,26.27,18.57,26.43,4.33
556,Мясо&Рыба Хамовники,556,Мясо&Рыба Хамовники,low,week_model,block_12_18,auto,17,17:00-18:00,2,14.63,14.63,15.41,15.8,16.19,12.69,16.58,2.76
556,Мясо&Рыба Хамовники,556,Мясо&Рыба Хамовники,low,week_model,block_18_24,auto,18,18:00-19:00,2,29.13,29.13,31.12,32.12,33.12,24.13,34.12,7.07
556,Мясо&Рыба Хамовники,556,Мясо&Рыба Хамовники,low,week_model,block_18_24,auto,19,19:00-20:00,1,16.49,16.49,16.49,16.49,16.49,16.49,16.49,
556,Мясо&Рыба Хамовники,556,Мясо&Рыба Хамовники,low,week_model,block_18_24,auto,20,20:00-21:00,1,23.97,23.97,23.97,23.97,23.97,23.97,23.97,
556,Мясо&Рыба Хамовники,556,Мясо&Рыба Хамовники,low,week_model,block_18_24,auto,21,21:00-22:00,2,13.93,13.93,14.14,14.25,14.36,13.38,14.47,0.77
556,Мясо&Рыба Хамовники,556,Мясо&Рыба Хамовники,low,week_model,block_18_24,auto,22,22:00-23:00,1,17.32,17.32,17.32,17.32,17.32,17.32,17.32,
557,Bocconcino Новослободская,557,Bocconcino Новослободская,low,week_model,block_06_12,auto,11,11:00-12:00,4,24.46,23.61,25.36,27.83,30.3,17.86,32.78,6.22
557,Bocconcino Новослободская,557,Bocconcino Новослободская,low,week_model,block_12_18,auto,12,12:00-13:00,3,15.02,13.0,16.27,17.9,19.54,10.88,21.17,5.43
557,Bocconcino Новослободская,557,Bocconcino Новослободская,low,week_model,block_12_18,auto,13,13:00-14:00,1,23.3,23.3,23.3,23.3,23.3,23.3,23.3,
557,Bocconcino Новослободская,557,Bocconcino Новослободская,low,week_model,block_12_18,auto,14,14:00-15:00,2,26.89,26.89,27.04,27.11,27.19,26.51,27.26,0.53
557,Bocconcino Новослободская,557,Bocconcino Новослободская,low,week_model,block_12_18,auto,17,17:00-18:00,2,21.51,21.51,24.16,25.49,26.82,14.87,28.14,9.39
557,Bocconcino Новослободская,557,Bocconcino Новослободская,low,week_model,block_18_24,auto,18,18:00-19:00,2,32.99,32.99,39.5,42.76,46.02,16.7,49.27,23.03
557,Bocconcino Новослободская,557,Bocconcino Новослободская,low,week_model,block_18_24,auto,20,20:00-21:00,1,28.41,28.41,28.41,28.41,28.41,28.41,28.41,
557,Bocconcino Новослободская,557,Bocconcino Новослободская,low,week_model,block_18_24,auto,21,21:00-22:00,1,22.29,22.29,22.29,22.29,22.29,22.29,22.29,
558,ЮГ 22,558,ЮГ 22,low,week_model,block_18_24,auto,18,18:00-19:00,1,40.93,40.93,40.93,40.93,40.93,40.93,40.93,
558,ЮГ 22,558,ЮГ 22,low,week_model,block_18_24,auto,20,20:00-21:00,1,20.72,20.72,20.72,20.72,20.72,20.72,20.72,
558,ЮГ 22,558,ЮГ 22,low,week_model,block_18_24,auto,21,21:00-22:00,1,19.7,19.7,19.7,19.7,19.7,19.7,19.7,
560,Пафос,560,Пафос,low,week_model,block_12_18,auto,13,13:00-14:00,1,18.95,18.95,18.95,18.95,18.95,18.95,18.95,
560,Пафос,560,Пафос,low,week_model,block_18_24,auto,20,20:00-21:00,1,30.38,30.38,30.38,30.38,30.38,30.38,30.38,
58,Печорин Тишинка,7,Белая Площадь,mega,week_model,early_morning,auto,8,08:00-09:00,3,22.65,24.59,24.68,24.73,24.78,18.52,24.83,3.57
58,Печорин Тишинка,7,Белая Площадь,mega,week_model,early_morning,bike,8,08:00-09:00,2,7.98,7.98,8.12,8.19,8.25,7.64,8.32,0.48
58,Печорин Тишинка,7,Белая Площадь,mega,week_model,morning,auto,9,09:00-10:00,4,21.8,18.92,21.78,25.59,29.4,16.14,33.22,7.83
58,Печорин Тишинка,7,Белая Площадь,mega,week_model,morning,bike,9,09:00-10:00,3,20.92,23.48,26.02,27.29,28.56,9.44,29.83,10.44
58,Печорин Тишинка,7,Белая Площадь,mega,week_model,morning,auto,10,10:00-11:00,6,18.28,17.43,21.23,24.2,29.12,3.27,34.05,10.36
58,Печорин Тишинка,7,Белая Площадь,mega,week_model,morning,bike,10,10:00-11:00,4,10.03,11.74,12.73,13.33,13.93,2.11,14.53,5.48
58,Печорин Тишинка,7,Белая Площадь,mega,week_model,lunch,auto,11,11:00-12:00,9,18.55,20.64,22.08,23.29,24.63,9.17,27.76,6.4
58,Печорин Тишинка,7,Белая Площадь,mega,week_model,lunch,bike,11,11:00-12:00,1,16.15,16.15,16.15,16.15,16.15,16.15,16.15,
58,Печорин Тишинка,7,Белая Площадь,mega,week_model,lunch,auto,12,12:00-13:00,3,19.3,20.39,22.12,22.99,23.86,12.78,24.73,6.05
58,Печорин Тишинка,7,Белая Площадь,mega,week_model,lunch,auto,13,13:00-14:00,4,21.76,21.43,24.18,24.96,25.74,17.68,26.52,4.16
58,Печорин Тишинка,7,Белая Площадь,mega,week_model,lunch,bike,13,13:00-14:00,2,19.97,19.97,22.81,24.23,25.65,12.86,27.08,10.05
58,Печорин Тишинка,7,Белая Площадь,mega,week_model,lunch,auto,14,14:00-15:00,2,19.48,19.48,19.6,19.65,19.71,19.2,19.77,0.4
58,Печорин Тишинка,7,Белая Площадь,mega,week_model,lunch,bike,14,14:00-15:00,1,7.07,7.07,7.07,7.07,7.07,7.07,7.07,
58,Печорин Тишинка,7,Белая Площадь,mega,week_model,afternoon,auto,15,15:00-16:00,1,22.61,22.61,22.61,22.61,22.61,22.61,22.61,
58,Печорин Тишинка,7,Белая Площадь,mega,week_model,afternoon,auto,16,16:00-17:00,1,17.63,17.63,17.63,17.63,17.63,17.63,17.63,
58,Печорин Тишинка,7,Белая Площадь,mega,week_model,afternoon,bike,16,16:00-17:00,1,1.93,1.93,1.93,1.93,1.93,1.93,1.93,
58,Печорин Тишинка,7,Белая Площадь,mega,week_model,afternoon,auto,17,17:00-18:00,2,28.19,28.19,29.24,29.76,30.28,25.58,30.8,3.69
58,Печорин Тишинка,7,Белая Площадь,mega,week_model,dinner,auto,18,18:00-19:00,2,13.68,13.68,16.96,18.59,20.23,5.5,21.87,11.58
58,Печорин Тишинка,7,Белая Площадь,mega,week_model,dinner,bike,19,19:00-20:00,1,10.31,10.31,10.31,10.31,10.31,10.31,10.31,
58,Печорин Тишинка,7,Белая Площадь,mega,week_model,dinner,auto,20,20:00-21:00,1,33.94,33.94,33.94,33.94,33.94,33.94,33.94,
59,Печорин Шаболовка,33,Даниловский,high,week_model,early_morning,auto,8,08:00-09:00,1,21.19,21.19,21.19,21.19,21.19,21.19,21.19,
59,Печорин Шаболовка,33,Даниловский,high,week_model,morning,auto,9,09:00-10:00,2,9.43,9.43,13.15,15.01,16.86,0.14,18.72,13.14
59,Печорин Шаболовка,33,Даниловский,high,week_model,morning,bike,9,09:00-10:00,2,12.19,12.19,12.88,13.22,13.57,10.46,13.91,2.44
59,Печорин Шаболовка,33,Даниловский,high,week_model,morning,auto,10,10:00-11:00,3,12.36,15.01,15.16,15.23,15.3,6.68,15.37,4.92
59,Печорин Шаболовка,33,Даниловский,high,week_model,morning,bike,10,10:00-11:00,2,15.66,15.66,19.46,21.36,23.26,6.15,25.16,13.45
59,Печорин Шаболовка,33,Даниловский,high,week_model,lunch,auto,11,11:00-12:00,2,22.77,22.77,29.08,32.24,35.4,6.98,38.56,22.33
59,Печорин Шаболовка,33,Даниловский,high,week_model,lunch,bike,11,11:00-12:00,2,23.37,23.37,27.18,29.09,31.0,13.84,32.9,13.48
59,Печорин Шаболовка,33,Даниловский,high,week_model,lunch,auto,12,12:00-13:00,2,17.58,17.58,17.99,18.2,18.4,16.56,18.61,1.45
59,Печорин Шаболовка,33,Даниловский,high,week_model,lunch,bike,12,12:00-13:00,2,8.87,8.87,9.49,9.81,10.12,7.31,10.43,2.21
59,Печорин Шаболовка,33,Даниловский,high,week_model,lunch,auto,13,13:00-14:00,3,18.53,19.05,19.94,20.39,20.84,15.26,21.28,3.05
59,Печорин Шаболовка,33,Даниловский,high,week_model,lunch,bike,13,13:00-14:00,1,8.24,8.24,8.24,8.24,8.24,8.24,8.24,
59,Печорин Шаболовка,33,Даниловский,high,week_model,lunch,auto,14,14:00-15:00,4,25.05,24.53,26.03,26.99,27.94,22.26,28.89,2.94
59,Печорин Шаболовка,33,Даниловский,high,week_model,lunch,bike,14,14:00-15:00,1,18.47,18.47,18.47,18.47,18.47,18.47,18.47,
59,Печорин Шаболовка,33,Даниловский,high,week_model,afternoon,auto,15,15:00-16:00,2,19.87,19.87,20.6,20.96,21.32,18.06,21.68,2.56
59,Печорин Шаболовка,33,Даниловский,high,week_model,afternoon,bike,15,15:00-16:00,2,7.85,7.85,8.38,8.64,8.91,6.53,9.17,1.87
59,Печорин Шаболовка,33,Даниловский,high,week_model,afternoon,auto,16,16:00-17:00,2,22.54,22.54,27.82,30.46,33.1,9.34,35.74,18.67
59,Печорин Шаболовка,33,Даниловский,high,week_model,afternoon,bike,16,16:00-17:00,2,10.38,10.38,11.16,11.54,11.93,8.44,12.32,2.75
59,Печорин Шаболовка,33,Даниловский,high,week_model,afternoon,auto,17,17:00-18:00,3,28.26,24.58,32.6,36.61,40.62,15.58,44.62,14.87
59,Печорин Шаболовка,33,Даниловский,high,week_model,dinner,auto,18,18:00-19:00,1,31.14,31.14,31.14,31.14,31.14,31.14,31.14,
59,Печорин Шаболовка,33,Даниловский,high,week_model,dinner,bike,19,19:00-20:00,2,15.15,15.15,18.35,19.95,21.55,7.15,23.15,11.32
598,ima,598,ima,low,week_model,block_12_18,auto,15,15:00-16:00,1,6.36,6.36,6.36,6.36,6.36,6.36,6.36,
598,ima,598,ima,low,week_model,block_18_24,auto,19,19:00-20:00,1,7.5,7.5,7.5,7.5,7.5,7.5,7.5,
599,Magritte,599,Magritte,low,week_model,block_12_18,auto,15,15:00-16:00,1,23.02,23.02,23.02,23.02,23.02,23.02,23.02,
599,Magritte,599,Magritte,low,week_model,block_18_24,auto,20,20:00-21:00,1,23.86,23.86,23.86,23.86,23.86,23.86,23.86,
599,Magritte,599,Magritte,low,week_model,block_18_24,auto,22,22:00-23:00,3,17.3,10.14,19.6,24.33,29.06,7.95,33.79,14.33
6,Неглинная,6,Неглинная,mega,week_model,deep_night,auto,0,00:00-01:00,38,20.45,17.48,23.77,29.78,38.47,5.02,51.71,11.94
6,Неглинная,6,Неглинная,mega,week_model,deep_night,bike,0,00:00-01:00,2,6.24,6.24,6.66,6.88,7.09,5.16,7.31,1.52
6,Неглинная,6,Неглинная,mega,week_model,deep_night,auto,1,01:00-02:00,34,17.86,14.84,22.06,23.82,27.48,3.96,39.96,8.25
6,Неглинная,6,Неглинная,mega,week_model,deep_night,auto,2,02:00-03:00,5,14.59,16.19,16.81,17.57,18.76,9.86,19.96,4.5
6,Неглинная,6,Неглинная,mega,week_model,deep_night,auto,3,03:00-04:00,12,15.86,15.41,17.5,18.44,19.45,8.8,27.92,4.97
6,Неглинная,6,Неглинная,mega,week_model,deep_night,auto,4,04:00-05:00,4,15.18,14.2,18.81,20.43,22.06,8.63,23.68,7.07
6,Неглинная,6,Неглинная,mega,week_model,deep_night,auto,5,05:00-06:00,20,12.03,11.13,14.74,15.48,18.46,0.08,34.84,7.4
6,Неглинная,6,Неглинная,mega,week_model,opening,auto,6,06:00-07:00,33,14.47,14.33,15.65,17.78,23.85,1.2,31.75,6.83
6,Неглинная,6,Неглинная,mega,week_model,opening,bike,6,06:00-07:00,2,10.83,10.83,11.97,12.55,13.12,7.96,13.69,4.05
6,Неглинная,6,Неглинная,mega,week_model,opening,auto,7,07:00-08:00,40,16.98,16.77,19.88,22.84,26.83,2.41,34.45,7.79
6,Неглинная,6,Неглинная,mega,week_model,opening,bike,7,07:00-08:00,49,7.49,7.61,8.93,9.97,10.78,1.22,22.57,3.69
6,Неглинная,6,Неглинная,mega,week_model,early_morning,auto,8,08:00-09:00,36,19.91,18.26,23.02,25.7,29.51,5.41,37.85,7.23
6,Неглинная,6,Неглинная,mega,week_model,early_morning,bike,8,08:00-09:00,79,6.27,6.5,7.85,8.85,9.64,0.09,12.32,2.86
6,Неглинная,6,Неглинная,mega,week_model,morning,auto,9,09:00-10:00,32,21.94,21.47,25.15,27.23,34.37,6.7,38.11,8.05
6,Неглинная,6,Неглинная,mega,week_model,morning,bike,9,09:00-10:00,72,6.6,5.85,8.32,8.98,10.44,0.44,15.38,3.15
6,Неглинная,6,Неглинная,mega,week_model,morning,auto,10,10:00-11:00,37,23.06,22.26,25.55,28.98,35.41,8.07,52.62,9.31
6,Неглинная,6,Неглинная,mega,week_model,morning,bike,10,10:00-11:00,79,6.38,5.75,7.41,8.35,9.96,0.06,19.63,3.49
6,Неглинная,6,Неглинная,mega,week_model,lunch,auto,11,11:00-12:00,42,24.95,23.99,27.11,29.4,35.57,2.96,48.14,8.47
6,Неглинная,6,Неглинная,mega,week_model,lunch,bike,11,11:00-12:00,84,6.27,6.19,7.76,9.06,10.59,0.06,14.43,3.43
6,Неглинная,6,Неглинная,mega,week_model,lunch,auto,12,12:00-13:00,46,25.37,24.27,28.45,31.13,34.49,9.8,53.51,8.2
6,Неглинная,6,Неглинная,mega,week_model,lunch,bike,12,12:00-13:00,91,5.81,5.01,7.2,9.12,10.28,0.05,16.91,3.84
6,Неглинная,6,Неглинная,mega,week_model,lunch,auto,13,13:00-14:00,47,25.53,24.8,28.8,31.29,36.03,5.69,46.46,7.92
6,Неглинная,6,Неглинная,mega,week_model,lunch,bike,13,13:00-14:00,66,5.93,5.22,7.29,8.59,10.62,0.28,14.68,3.32
6,Неглинная,6,Неглинная,mega,week_model,lunch,auto,14,14:00-15:00,56,25.3,23.42,29.2,31.51,37.3,8.56,58.8,9.81
6,Неглинная,6,Неглинная,mega,week_model,lunch,bike,14,14:00-15:00,78,5.98,6.02,7.79,8.12,8.75,0.13,17.02,2.86
6,Неглинная,6,Неглинная,mega,week_model,afternoon,auto,15,15:00-16:00,54,24.5,25.13,28.04,30.39,35.96,7.69,47.62,8.53
6,Неглинная,6,Неглинная,mega,week_model,afternoon,bike,15,15:00-16:00,61,6.3,6.19,6.79,7.78,9.19,0.1,15.63,2.66
6,Неглинная,6,Неглинная,mega,week_model,afternoon,auto,16,16:00-17:00,27,24.2,22.69,26.83,30.63,36.14,11.51,47.34,9.14
6,Неглинная,6,Неглинная,mega,week_model,afternoon,bike,16,16:00-17:00,55,7.53,7.34,9.4,10.43,11.67,0.3,19.88,3.8
6,Неглинная,6,Неглинная,mega,week_model,afternoon,auto,17,17:00-18:00,20,25.74,23.55,27.92,30.88,35.99,11.2,57.44,10.72
6,Неглинная,6,Неглинная,mega,week_model,afternoon,bike,17,17:00-18:00,55,7.6,7.05,9.56,10.54,12.62,0.05,17.12,3.92
6,Неглинная,6,Неглинная,mega,week_model,dinner,auto,18,18:00-19:00,22,25.9,27.86,32.64,35.08,36.16,0.33,45.78,11.35
6,Неглинная,6,Неглинная,mega,week_model,dinner,bike,18,18:00-19:00,57,6.31,6.1,7.89,9.18,10.78,0.05,14.21,3.19
6,Неглинная,6,Неглинная,mega,week_model,dinner,auto,19,19:00-20:00,35,25.94,28.21,30.72,34.06,38.81,2.91,52.98,11.33
6,Неглинная,6,Неглинная,mega,week_model,dinner,bike,19,19:00-20:00,41,6.93,6.43,8.61,10.13,11.33,0.1,15.65,3.83
6,Неглинная,6,Неглинная,mega,week_model,dinner,auto,20,20:00-21:00,30,24.3,22.49,27.28,31.07,33.48,14.64,36.36,6.42
6,Неглинная,6,Неглинная,mega,week_model,dinner,bike,20,20:00-21:00,36,7.37,7.37,9.05,9.98,11.18,0.94,16.76,3.44
6,Неглинная,6,Неглинная,mega,week_model,late_evening,auto,21,21:00-22:00,27,23.54,24.54,28.32,29.61,32.58,0.95,39.46,8.53
6,Неглинная,6,Неглинная,mega,week_model,late_evening,bike,21,21:00-22:00,45,6.28,5.62,8.08,8.77,11.13,0.05,22.6,4.33
6,Неглинная,6,Неглинная,mega,week_model,late_evening,auto,22,22:00-23:00,12,18.38,16.8,20.25,25.74,30.28,6.86,32.49,8.08
6,Неглинная,6,Неглинная,mega,week_model,late_evening,bike,22,22:00-23:00,26,6.9,6.0,7.37,9.4,11.04,0.7,22.75,4.58
6,Неглинная,6,Неглинная,mega,week_model,late_evening,auto,23,23:00-24:00,13,14.49,11.47,18.51,19.95,23.31,1.27,43.93,11.24
6,Неглинная,6,Неглинная,mega,week_model,late_evening,bike,23,23:00-24:00,14,5.24,5.48,6.55,6.89,8.5,0.05,11.46,3.17
60,Печорин Карбышева,9,КИНКИ,medium,week_model,block_06_12,auto,9,09:00-10:00,1,9.77,9.77,9.77,9.77,9.77,9.77,9.77,
60,Печорин Карбышева,9,КИНКИ,medium,week_model,block_06_12,auto,10,10:00-11:00,3,11.61,10.88,13.51,14.82,16.13,6.51,17.45,5.51
60,Печорин Карбышева,9,КИНКИ,medium,week_model,block_06_12,auto,11,11:00-12:00,2,23.4,23.4,28.13,30.49,32.85,11.58,35.22,16.72
60,Печорин Карбышева,9,КИНКИ,medium,week_model,block_12_18,auto,12,12:00-13:00,2,15.01,15.01,15.3,15.45,15.6,14.28,15.74,1.03
60,Печорин Карбышева,9,КИНКИ,medium,week_model,block_12_18,auto,14,14:00-15:00,3,16.98,18.44,18.61,18.69,18.77,13.64,18.86,2.9
60,Печорин Карбышева,9,КИНКИ,medium,week_model,block_12_18,auto,15,15:00-16:00,1,24.31,24.31,24.31,24.31,24.31,24.31,24.31,
60,Печорин Карбышева,9,КИНКИ,medium,week_model,block_12_18,auto,16,16:00-17:00,2,22.26,22.26,24.34,25.38,26.42,17.06,27.46,7.35
60,Печорин Карбышева,9,КИНКИ,medium,week_model,block_12_18,auto,17,17:00-18:00,1,13.61,13.61,13.61,13.61,13.61,13.61,13.61,
60,Печорин Карбышева,9,КИНКИ,medium,week_model,block_18_24,auto,19,19:00-20:00,2,14.93,14.93,17.41,18.65,19.88,8.74,21.12,8.75
61,Печорин Шелепиха,12,Хорошо,high,week_model,afternoon,auto,15,15:00-16:00,1,11.56,11.56,11.56,11.56,11.56,11.56,11.56,
62,Печорин Новочеремушкинская ,30,Черёмушки,high,week_model,early_morning,auto,8,08:00-09:00,1,38.81,38.81,38.81,38.81,38.81,38.81,38.81,
62,Печорин Новочеремушкинская ,30,Черёмушки,high,week_model,morning,auto,9,09:00-10:00,9,28.12,24.96,30.01,35.0,42.9,17.32,50.69,11.38
62,Печорин Новочеремушкинская ,30,Черёмушки,high,week_model,morning,auto,10,10:00-11:00,8,29.29,26.3,34.82,37.08,40.39,17.94,45.92,9.67
62,Печорин Новочеремушкинская ,30,Черёмушки,high,week_model,morning,bike,10,10:00-11:00,1,17.23,17.23,17.23,17.23,17.23,17.23,17.23,
62,Печорин Новочеремушкинская ,30,Черёмушки,high,week_model,lunch,auto,11,11:00-12:00,2,16.89,16.89,17.51,17.81,18.12,15.35,18.43,2.17
62,Печорин Новочеремушкинская ,30,Черёмушки,high,week_model,lunch,auto,12,12:00-13:00,3,24.35,24.93,25.06,25.13,25.2,22.87,25.27,1.3
62,Печорин Новочеремушкинская ,30,Черёмушки,high,week_model,lunch,auto,13,13:00-14:00,6,30.15,34.37,37.54,38.9,40.66,4.24,42.43,13.81
62,Печорин Новочеремушкинская ,30,Черёмушки,high,week_model,lunch,auto,14,14:00-15:00,2,23.34,23.34,25.7,26.89,28.07,17.42,29.25,8.36
62,Печорин Новочеремушкинская ,30,Черёмушки,high,week_model,afternoon,auto,15,15:00-16:00,4,18.49,20.42,20.59,21.01,21.43,11.27,21.85,4.86
62,Печорин Новочеремушкинская ,30,Черёмушки,high,week_model,afternoon,auto,16,16:00-17:00,3,22.53,15.26,24.08,28.49,32.89,15.02,37.3,12.8
62,Печорин Новочеремушкинская ,30,Черёмушки,high,week_model,afternoon,auto,17,17:00-18:00,2,30.73,30.73,31.82,32.36,32.91,28.0,33.45,3.86
62,Печорин Новочеремушкинская ,30,Черёмушки,high,week_model,dinner,auto,18,18:00-19:00,3,35.23,21.6,41.05,50.77,60.49,13.86,70.22,30.55
62,Печорин Новочеремушкинская ,30,Черёмушки,high,week_model,dinner,bike,19,19:00-20:00,1,5.26,5.26,5.26,5.26,5.26,5.26,5.26,
63,Печорин Вавилова,30,Черёмушки,high,week_model,lunch,auto,13,13:00-14:00,1,12.93,12.93,12.93,12.93,12.93,12.93,12.93,
63,Печорин Вавилова,30,Черёмушки,high,week_model,afternoon,auto,15,15:00-16:00,1,11.82,11.82,11.82,11.82,11.82,11.82,11.82,
63,Печорин Вавилова,30,Черёмушки,high,week_model,afternoon,auto,17,17:00-18:00,1,11.44,11.44,11.44,11.44,11.44,11.44,11.44,
63,Печорин Вавилова,30,Черёмушки,high,week_model,dinner,auto,18,18:00-19:00,1,16.06,16.06,16.06,16.06,16.06,16.06,16.06,
64,Печорин Ленинский,35,Ленинский,high,week_model,afternoon,auto,17,17:00-18:00,1,14.42,14.42,14.42,14.42,14.42,14.42,14.42,
65,Печорин Усачева,8,Усачева,mega,week_model,late_evening,auto,21,21:00-22:00,1,25.18,25.18,25.18,25.18,25.18,25.18,25.18,
66,Печорин Можайский,29,Украинский,mega,week_model,lunch,auto,11,11:00-12:00,1,14.74,14.74,14.74,14.74,14.74,14.74,14.74,
66,Печорин Можайский,29,Украинский,mega,week_model,afternoon,auto,15,15:00-16:00,1,24.41,24.41,24.41,24.41,24.41,24.41,24.41,
66,Печорин Можайский,29,Украинский,mega,week_model,afternoon,auto,16,16:00-17:00,1,23.8,23.8,23.8,23.8,23.8,23.8,23.8,
66,Печорин Можайский,29,Украинский,mega,week_model,afternoon,auto,17,17:00-18:00,1,18.49,18.49,18.49,18.49,18.49,18.49,18.49,
68,Печорин Горки-2,21,Горки-2,high,week_model,morning,auto,9,09:00-10:00,6,16.25,17.05,17.87,18.06,24.45,1.13,30.84,9.54
68,Печорин Горки-2,21,Горки-2,high,week_model,lunch,auto,11,11:00-12:00,1,14.37,14.37,14.37,14.37,14.37,14.37,14.37,
68,Печорин Горки-2,21,Горки-2,high,week_model,lunch,auto,12,12:00-13:00,4,15.15,14.91,23.09,23.45,23.81,6.6,24.17,9.74
68,Печорин Горки-2,21,Горки-2,high,week_model,lunch,auto,13,13:00-14:00,1,15.45,15.45,15.45,15.45,15.45,15.45,15.45,
68,Печорин Горки-2,21,Горки-2,high,week_model,afternoon,auto,17,17:00-18:00,1,16.67,16.67,16.67,16.67,16.67,16.67,16.67,
68,Печорин Горки-2,21,Горки-2,high,week_model,dinner,auto,19,19:00-20:00,1,19.96,19.96,19.96,19.96,19.96,19.96,19.96,
69,Опен Мичуринский,69,Опен Мичуринский,mega,week_model,opening,auto,7,07:00-08:00,161,21.41,19.02,24.69,28.75,35.56,3.14,71.97,10.43
69,Опен Мичуринский,69,Опен Мичуринский,mega,week_model,opening,bike,7,07:00-08:00,72,9.48,8.46,11.35,12.88,15.66,1.68,18.4,3.99
69,Опен Мичуринский,69,Опен Мичуринский,mega,week_model,early_morning,auto,8,08:00-09:00,80,16.26,13.09,16.63,20.69,29.86,1.65,61.26,10.16
69,Опен Мичуринский,69,Опен Мичуринский,mega,week_model,early_morning,bike,8,08:00-09:00,142,9.12,8.17,10.37,12.11,14.52,2.93,23.71,4.09
69,Опен Мичуринский,69,Опен Мичуринский,mega,week_model,morning,auto,9,09:00-10:00,100,13.23,12.5,14.74,15.51,19.19,0.05,38.15,5.48
69,Опен Мичуринский,69,Опен Мичуринский,mega,week_model,morning,bike,9,09:00-10:00,139,8.7,8.21,9.97,11.05,13.39,1.67,19.84,3.47
69,Опен Мичуринский,69,Опен Мичуринский,mega,week_model,morning,auto,10,10:00-11:00,101,11.92,11.79,13.5,14.6,15.44,4.63,26.2,3.93
69,Опен Мичуринский,69,Опен Мичуринский,mega,week_model,morning,bike,10,10:00-11:00,146,8.93,8.37,10.03,11.21,12.97,2.3,22.81,3.62
69,Опен Мичуринский,69,Опен Мичуринский,mega,week_model,lunch,auto,11,11:00-12:00,83,12.03,11.0,13.09,15.03,16.87,0.05,39.11,5.36
69,Опен Мичуринский,69,Опен Мичуринский,mega,week_model,lunch,bike,11,11:00-12:00,153,8.87,8.5,9.93,11.3,13.01,2.45,20.66,3.57
69,Опен Мичуринский,69,Опен Мичуринский,mega,week_model,lunch,auto,12,12:00-13:00,79,12.15,10.64,13.2,14.7,17.43,4.97,30.5,5.14
69,Опен Мичуринский,69,Опен Мичуринский,mega,week_model,lunch,bike,12,12:00-13:00,138,8.89,8.2,9.48,11.2,13.5,1.77,27.38,4.63
69,Опен Мичуринский,69,Опен Мичуринский,mega,week_model,lunch,auto,13,13:00-14:00,67,12.29,11.33,12.59,14.4,19.82,5.34,30.13,5.33
69,Опен Мичуринский,69,Опен Мичуринский,mega,week_model,lunch,bike,13,13:00-14:00,144,8.37,8.05,9.67,10.7,11.88,0.28,20.98,3.17
69,Опен Мичуринский,69,Опен Мичуринский,mega,week_model,lunch,auto,14,14:00-15:00,67,12.37,11.84,14.05,15.36,17.51,2.9,27.71,4.7
69,Опен Мичуринский,69,Опен Мичуринский,mega,week_model,lunch,bike,14,14:00-15:00,113,8.7,8.15,9.6,11.0,12.91,2.89,21.98,3.58
69,Опен Мичуринский,69,Опен Мичуринский,mega,week_model,afternoon,auto,15,15:00-16:00,53,12.34,11.91,13.14,14.32,17.93,0.57,31.1,4.56
69,Опен Мичуринский,69,Опен Мичуринский,mega,week_model,afternoon,bike,15,15:00-16:00,111,8.57,8.05,9.64,11.03,12.1,0.13,25.84,3.45
69,Опен Мичуринский,69,Опен Мичуринский,mega,week_model,afternoon,auto,16,16:00-17:00,45,12.68,12.35,15.35,16.44,17.58,1.47,28.0,4.85
69,Опен Мичуринский,69,Опен Мичуринский,mega,week_model,afternoon,bike,16,16:00-17:00,106,9.69,8.78,10.86,12.46,13.61,3.28,39.6,4.83
69,Опен Мичуринский,69,Опен Мичуринский,mega,week_model,afternoon,auto,17,17:00-18:00,38,12.23,12.31,13.89,15.19,16.11,5.58,21.23,3.73
69,Опен Мичуринский,69,Опен Мичуринский,mega,week_model,afternoon,bike,17,17:00-18:00,100,8.95,8.31,10.75,12.09,13.43,2.28,22.96,3.64
69,Опен Мичуринский,69,Опен Мичуринский,mega,week_model,dinner,auto,18,18:00-19:00,48,12.84,12.33,14.94,16.85,20.05,0.08,25.24,5.46
69,Опен Мичуринский,69,Опен Мичуринский,mega,week_model,dinner,bike,18,18:00-19:00,97,9.82,8.94,10.49,11.68,14.84,3.3,26.62,3.77
69,Опен Мичуринский,69,Опен Мичуринский,mega,week_model,dinner,auto,19,19:00-20:00,58,14.31,13.06,15.19,17.02,22.39,3.79,31.56,5.98
69,Опен Мичуринский,69,Опен Мичуринский,mega,week_model,dinner,bike,19,19:00-20:00,116,9.61,8.9,11.11,12.47,14.53,0.62,22.55,3.84
69,Опен Мичуринский,69,Опен Мичуринский,mega,week_model,dinner,auto,20,20:00-21:00,49,15.47,14.01,15.56,18.8,26.27,4.16,33.05,6.45
69,Опен Мичуринский,69,Опен Мичуринский,mega,week_model,dinner,bike,20,20:00-21:00,107,8.76,8.4,9.99,10.34,11.69,2.64,24.94,3.42
69,Опен Мичуринский,69,Опен Мичуринский,mega,week_model,late_evening,auto,21,21:00-22:00,47,14.15,13.35,15.03,17.02,19.72,2.92,36.52,6.07
69,Опен Мичуринский,69,Опен Мичуринский,mega,week_model,late_evening,bike,21,21:00-22:00,82,9.58,8.23,9.9,11.21,16.93,1.87,29.05,5.19
69,Опен Мичуринский,69,Опен Мичуринский,mega,week_model,late_evening,auto,22,22:00-23:00,53,15.25,13.8,16.22,19.94,25.92,4.56,46.41,8.2
69,Опен Мичуринский,69,Опен Мичуринский,mega,week_model,late_evening,bike,22,22:00-23:00,56,8.72,8.61,10.24,10.59,13.05,1.43,23.37,4.05
69,Опен Мичуринский,69,Опен Мичуринский,mega,week_model,late_evening,auto,23,23:00-24:00,18,14.37,13.08,14.03,14.31,24.68,4.33,36.02,7.97
69,Опен Мичуринский,69,Опен Мичуринский,mega,week_model,late_evening,bike,23,23:00-24:00,7,8.44,7.19,7.83,9.66,12.54,4.98,15.93,3.66
7,Белая Площадь,7,Белая Площадь,mega,week_model,deep_night,auto,0,00:00-01:00,78,17.84,16.26,21.15,27.26,31.68,0.89,38.69,9.4
7,Белая Площадь,7,Белая Площадь,mega,week_model,deep_night,auto,1,01:00-02:00,43,17.71,15.95,22.07,24.77,29.27,3.73,42.77,8.71
7,Белая Площадь,7,Белая Площадь,mega,week_model,deep_night,auto,2,02:00-03:00,21,15.21,13.25,16.95,20.04,26.25,2.86,42.58,8.97
7,Белая Площадь,7,Белая Площадь,mega,week_model,deep_night,auto,3,03:00-04:00,17,14.6,12.39,21.07,24.02,25.45,0.63,31.96,9.31
7,Белая Площадь,7,Белая Площадь,mega,week_model,deep_night,auto,4,04:00-05:00,8,14.65,14.4,15.95,17.63,20.59,7.0,25.14,5.58
7,Белая Площадь,7,Белая Площадь,mega,week_model,deep_night,auto,5,05:00-06:00,28,12.74,11.85,14.56,17.22,20.78,0.78,31.2,7.43
7,Белая Площадь,7,Белая Площадь,mega,week_model,deep_night,bike,5,05:00-06:00,3,4.88,4.18,5.69,6.44,7.19,2.52,7.94,2.78
7,Белая Площадь,7,Белая Площадь,mega,week_model,opening,auto,6,06:00-07:00,33,16.53,14.17,19.65,20.42,28.43,2.51,44.21,8.53
7,Белая Площадь,7,Белая Площадь,mega,week_model,opening,bike,6,06:00-07:00,29,8.21,7.59,9.77,10.51,11.0,3.47,23.58,3.89
7,Белая Площадь,7,Белая Площадь,mega,week_model,opening,auto,7,07:00-08:00,87,21.74,19.62,23.25,29.55,33.79,6.37,44.22,7.8
7,Белая Площадь,7,Белая Площадь,mega,week_model,opening,bike,7,07:00-08:00,56,7.89,7.05,8.75,9.53,11.88,1.46,20.9,3.47
7,Белая Площадь,7,Белая Площадь,mega,week_model,early_morning,auto,8,08:00-09:00,85,23.07,21.47,24.41,29.92,36.05,3.09,56.35,8.94
7,Белая Площадь,7,Белая Площадь,mega,week_model,early_morning,bike,8,08:00-09:00,64,9.11,8.45,11.08,11.84,14.33,1.0,22.71,4.54
7,Белая Площадь,7,Белая Площадь,mega,week_model,morning,auto,9,09:00-10:00,63,23.48,19.94,25.48,29.56,39.48,11.36,54.96,10.02
7,Белая Площадь,7,Белая Площадь,mega,week_model,morning,bike,9,09:00-10:00,83,8.95,8.11,9.96,11.45,14.01,0.39,27.52,5.01
7,Белая Площадь,7,Белая Площадь,mega,week_model,morning,auto,10,10:00-11:00,53,23.11,21.86,25.84,27.2,32.1,6.54,51.8,8.17
7,Белая Площадь,7,Белая Площадь,mega,week_model,morning,bike,10,10:00-11:00,72,9.32,8.09,10.37,12.01,14.4,1.92,29.77,4.78
7,Белая Площадь,7,Белая Площадь,mega,week_model,lunch,auto,11,11:00-12:00,37,22.72,21.74,25.39,27.55,30.72,11.67,37.54,6.41
7,Белая Площадь,7,Белая Площадь,mega,week_model,lunch,bike,11,11:00-12:00,82,8.52,7.93,9.66,10.64,12.45,2.82,25.46,3.61
7,Белая Площадь,7,Белая Площадь,mega,week_model,lunch,auto,12,12:00-13:00,44,24.78,22.75,27.06,28.41,37.42,2.44,50.86,9.95
7,Белая Площадь,7,Белая Площадь,mega,week_model,lunch,bike,12,12:00-13:00,113,8.21,7.64,9.96,11.97,14.14,0.22,22.72,4.07
7,Белая Площадь,7,Белая Площадь,mega,week_model,lunch,auto,13,13:00-14:00,36,22.73,23.31,27.0,30.96,33.05,0.46,42.9,9.54
7,Белая Площадь,7,Белая Площадь,mega,week_model,lunch,bike,13,13:00-14:00,98,9.36,8.18,9.89,12.37,14.14,1.3,32.2,4.87
7,Белая Площадь,7,Белая Площадь,mega,week_model,lunch,auto,14,14:00-15:00,42,22.89,22.24,24.96,27.72,33.29,10.21,40.49,7.03
7,Белая Площадь,7,Белая Площадь,mega,week_model,lunch,bike,14,14:00-15:00,99,8.72,7.52,10.0,11.09,14.42,1.47,42.08,5.51
7,Белая Площадь,7,Белая Площадь,mega,week_model,afternoon,auto,15,15:00-16:00,27,21.51,20.49,24.59,28.29,32.26,2.88,43.85,8.9
7,Белая Площадь,7,Белая Площадь,mega,week_model,afternoon,bike,15,15:00-16:00,58,8.73,8.32,10.5,11.13,12.38,1.06,24.25,4.11
7,Белая Площадь,7,Белая Площадь,mega,week_model,afternoon,auto,16,16:00-17:00,17,21.52,21.75,26.39,27.26,29.02,1.5,35.9,7.95
7,Белая Площадь,7,Белая Площадь,mega,week_model,afternoon,bike,16,16:00-17:00,60,8.98,8.8,10.16,11.48,12.69,0.18,20.33,3.37
7,Белая Площадь,7,Белая Площадь,mega,week_model,afternoon,auto,17,17:00-18:00,22,29.19,23.71,33.07,46.01,56.44,0.98,59.34,16.56
7,Белая Площадь,7,Белая Площадь,mega,week_model,afternoon,bike,17,17:00-18:00,48,8.42,7.75,10.02,11.61,12.85,0.05,17.12,3.38
7,Белая Площадь,7,Белая Площадь,mega,week_model,dinner,auto,18,18:00-19:00,31,30.18,27.65,35.62,38.92,46.8,11.23,66.13,12.38
7,Белая Площадь,7,Белая Площадь,mega,week_model,dinner,bike,18,18:00-19:00,62,10.15,8.55,11.62,13.56,15.73,4.23,25.09,4.9
7,Белая Площадь,7,Белая Площадь,mega,week_model,dinner,auto,19,19:00-20:00,23,25.84,25.32,34.07,37.38,38.34,0.84,46.65,12.22
7,Белая Площадь,7,Белая Площадь,mega,week_model,dinner,bike,19,19:00-20:00,62,9.0,8.35,10.13,12.05,14.49,0.08,21.01,4.13
7,Белая Площадь,7,Белая Площадь,mega,week_model,dinner,auto,20,20:00-21:00,22,22.83,22.54,30.63,34.63,37.75,0.53,52.41,13.31
7,Белая Площадь,7,Белая Площадь,mega,week_model,dinner,bike,20,20:00-21:00,53,8.75,7.22,10.01,13.55,14.68,1.14,21.48,4.89
7,Белая Площадь,7,Белая Площадь,mega,week_model,late_evening,auto,21,21:00-22:00,23,21.28,19.51,30.41,38.27,41.26,0.05,45.28,14.8
7,Белая Площадь,7,Белая Площадь,mega,week_model,late_evening,bike,21,21:00-22:00,42,8.42,7.55,10.15,11.03,12.36,0.75,22.72,4.32
7,Белая Площадь,7,Белая Площадь,mega,week_model,late_evening,auto,22,22:00-23:00,35,22.19,20.44,27.39,34.66,37.65,2.9,45.89,11.68
7,Белая Площадь,7,Белая Площадь,mega,week_model,late_evening,bike,22,22:00-23:00,34,8.28,7.39,8.58,10.02,11.91,2.24,21.22,4.29
7,Белая Площадь,7,Белая Площадь,mega,week_model,late_evening,auto,23,23:00-24:00,63,16.63,16.16,22.16,24.75,29.56,0.11,41.85,10.13
7,Белая Площадь,7,Белая Площадь,mega,week_model,late_evening,bike,23,23:00-24:00,21,10.64,8.67,9.75,15.67,19.5,4.35,28.26,6.58
8,Усачева,8,Усачева,mega,week_model,opening,auto,7,07:00-08:00,11,18.76,15.09,19.56,25.21,29.57,8.87,36.86,8.41
8,Усачева,8,Усачева,mega,week_model,opening,bike,7,07:00-08:00,38,6.89,6.14,7.36,8.65,11.88,0.24,16.93,3.42
8,Усачева,8,Усачева,mega,week_model,early_morning,auto,8,08:00-09:00,13,19.51,15.13,23.49,25.3,31.25,10.44,34.35,7.91
8,Усачева,8,Усачева,mega,week_model,early_morning,bike,8,08:00-09:00,185,7.11,6.63,7.9,9.1,11.9,0.04,18.32,3.16
8,Усачева,8,Усачева,mega,week_model,morning,bike,9,09:00-10:00,219,7.68,6.88,8.44,10.78,13.37,0.05,25.25,4.01
8,Усачева,8,Усачева,mega,week_model,morning,auto,10,10:00-11:00,5,14.42,15.01,16.57,17.17,17.6,7.84,18.02,3.97
8,Усачева,8,Усачева,mega,week_model,morning,bike,10,10:00-11:00,220,7.66,7.08,8.79,10.28,12.91,0.03,19.64,3.42
8,Усачева,8,Усачева,mega,week_model,lunch,bike,11,11:00-12:00,191,7.02,6.55,7.96,9.09,11.39,0.16,23.66,3.62
8,Усачева,8,Усачева,mega,week_model,lunch,bike,12,12:00-13:00,170,7.7,6.96,8.84,10.26,14.02,0.06,20.46,3.9
8,Усачева,8,Усачева,mega,week_model,lunch,bike,13,13:00-14:00,220,7.93,7.08,9.27,10.72,14.11,0.08,23.07,4.28
8,Усачева,8,Усачева,mega,week_model,lunch,auto,14,14:00-15:00,1,32.98,32.98,32.98,32.98,32.98,32.98,32.98,
8,Усачева,8,Усачева,mega,week_model,lunch,bike,14,14:00-15:00,183,7.94,7.0,8.71,9.69,12.69,0.06,32.22,4.22
8,Усачева,8,Усачева,mega,week_model,afternoon,auto,15,15:00-16:00,2,23.49,23.49,24.58,25.13,25.68,20.75,26.23,3.88
8,Усачева,8,Усачева,mega,week_model,afternoon,bike,15,15:00-16:00,164,7.04,6.63,7.82,8.94,11.65,0.03,20.45,3.24
8,Усачева,8,Усачева,mega,week_model,afternoon,bike,16,16:00-17:00,107,8.31,7.79,9.64,10.79,13.16,0.04,32.83,4.44
8,Усачева,8,Усачева,mega,week_model,afternoon,bike,17,17:00-18:00,100,7.13,6.99,8.18,9.47,11.51,0.45,18.66,3.22
8,Усачева,8,Усачева,mega,week_model,dinner,auto,18,18:00-19:00,1,22.74,22.74,22.74,22.74,22.74,22.74,22.74,
8,Усачева,8,Усачева,mega,week_model,dinner,bike,18,18:00-19:00,113,8.27,7.92,9.32,10.5,12.84,0.04,29.96,4.5
8,Усачева,8,Усачева,mega,week_model,dinner,auto,19,19:00-20:00,1,25.36,25.36,25.36,25.36,25.36,25.36,25.36,
8,Усачева,8,Усачева,mega,week_model,dinner,bike,19,19:00-20:00,142,8.43,7.8,9.84,11.21,13.53,0.77,32.04,4.19
8,Усачева,8,Усачева,mega,week_model,dinner,auto,20,20:00-21:00,24,15.31,14.17,18.25,21.8,27.76,1.85,31.57,8.18
8,Усачева,8,Усачева,mega,week_model,dinner,bike,20,20:00-21:00,106,8.29,7.65,9.75,11.84,14.2,0.05,18.76,3.9
8,Усачева,8,Усачева,mega,week_model,late_evening,auto,21,21:00-22:00,21,10.58,9.73,11.82,13.45,15.24,5.17,22.72,4.1
8,Усачева,8,Усачева,mega,week_model,late_evening,bike,21,21:00-22:00,60,9.07,7.31,9.55,12.16,15.53,0.38,27.79,4.73
8,Усачева,8,Усачева,mega,week_model,late_evening,auto,22,22:00-23:00,33,11.49,9.33,12.77,14.11,16.86,1.96,33.72,6.32
8,Усачева,8,Усачева,mega,week_model,late_evening,bike,22,22:00-23:00,33,8.01,6.1,9.23,11.01,13.11,1.25,29.67,5.72
8,Усачева,8,Усачева,mega,week_model,late_evening,auto,23,23:00-24:00,27,10.71,8.4,9.97,13.02,21.76,1.51,26.86,6.72
8,Усачева,8,Усачева,mega,week_model,late_evening,bike,23,23:00-24:00,5,4.01,3.03,4.52,5.48,6.66,1.3,7.85,2.49
9,КИНКИ,9,КИНКИ,medium,week_model,block_00_06,auto,0,00:00-01:00,1,26.01,26.01,26.01,26.01,26.01,26.01,26.01,
9,КИНКИ,9,КИНКИ,medium,week_model,block_06_12,auto,8,08:00-09:00,73,15.91,14.42,18.04,19.76,24.2,4.92,33.91,5.83
9,КИНКИ,9,КИНКИ,medium,week_model,block_06_12,auto,9,09:00-10:00,49,17.59,16.54,19.95,22.29,24.84,5.15,43.94,6.79
9,КИНКИ,9,КИНКИ,medium,week_model,block_06_12,auto,10,10:00-11:00,39,17.74,15.72,19.59,21.65,30.04,5.18,50.02,10.1
9,КИНКИ,9,КИНКИ,medium,week_model,block_06_12,auto,11,11:00-12:00,29,19.81,19.74,24.14,25.23,29.12,0.09,52.77,10.64
9,КИНКИ,9,КИНКИ,medium,week_model,block_12_18,auto,12,12:00-13:00,50,17.98,16.35,20.43,22.83,27.4,4.61,33.63,6.89
9,КИНКИ,9,КИНКИ,medium,week_model,block_12_18,auto,13,13:00-14:00,61,18.05,16.43,18.15,21.78,24.83,6.97,51.85,8.11
9,КИНКИ,9,КИНКИ,medium,week_model,block_12_18,auto,14,14:00-15:00,67,16.07,14.15,18.77,20.94,25.84,3.85,47.25,8.64
9,КИНКИ,9,КИНКИ,medium,week_model,block_12_18,auto,15,15:00-16:00,66,17.78,16.77,20.27,23.17,26.94,0.19,51.38,10.02
9,КИНКИ,9,КИНКИ,medium,week_model,block_12_18,auto,16,16:00-17:00,51,16.0,14.92,18.93,22.74,27.1,3.19,36.44,7.76
9,КИНКИ,9,КИНКИ,medium,week_model,block_12_18,auto,17,17:00-18:00,57,16.95,16.85,20.15,23.39,28.38,0.05,38.45,8.52
9,КИНКИ,9,КИНКИ,medium,week_model,block_18_24,auto,18,18:00-19:00,64,16.18,13.23,18.59,22.85,26.67,4.0,56.69,9.91
9,КИНКИ,9,КИНКИ,medium,week_model,block_18_24,auto,19,19:00-20:00,81,19.5,17.33,21.33,24.28,34.05,1.12,52.78,9.16
9,КИНКИ,9,КИНКИ,medium,week_model,block_18_24,auto,20,20:00-21:00,76,15.07,14.8,16.91,19.04,23.15,3.95,44.17,7.0
9,КИНКИ,9,КИНКИ,medium,week_model,block_18_24,auto,21,21:00-22:00,71,15.65,14.52,16.87,19.97,24.29,1.69,43.99,7.43
9,КИНКИ,9,КИНКИ,medium,week_model,block_18_24,auto,22,22:00-23:00,46,17.49,15.74,22.2,24.62,28.16,1.26,46.98,8.62
9,КИНКИ,9,КИНКИ,medium,week_model,block_18_24,auto,23,23:00-24:00,29,19.01,18.19,22.16,23.28,30.98,2.46,38.79,8.41
98,Печорин Угрешская,4,Аврора,high,week_model,morning,auto,9,09:00-10:00,2,32.36,32.36,40.65,44.79,48.94,11.63,53.08,29.31
98,Печорин Угрешская,4,Аврора,high,week_model,morning,auto,10,10:00-11:00,3,30.46,27.09,34.57,38.31,42.05,18.52,45.79,13.95
98,Печорин Угрешская,4,Аврора,high,week_model,lunch,auto,11,11:00-12:00,1,33.19,33.19,33.19,33.19,33.19,33.19,33.19,
98,Печорин Угрешская,4,Аврора,high,week_model,afternoon,auto,15,15:00-16:00,3,24.35,18.9,26.31,30.02,33.73,16.73,37.43,11.38
98,Печорин Угрешская,4,Аврора,high,week_model,afternoon,auto,16,16:00-17:00,3,32.99,36.05,38.88,40.3,41.71,19.81,43.13,11.96
99,Опен Аркус,99,Опен Аркус,mega,week_model,opening,auto,7,07:00-08:00,22,21.78,19.83,23.25,24.69,33.81,13.15,35.06,6.58
99,Опен Аркус,99,Опен Аркус,mega,week_model,opening,bike,7,07:00-08:00,81,8.1,7.49,9.73,11.47,14.33,0.04,22.29,4.73
99,Опен Аркус,99,Опен Аркус,mega,week_model,early_morning,auto,8,08:00-09:00,21,22.63,18.42,21.44,34.89,45.88,6.46,48.2,12.4
99,Опен Аркус,99,Опен Аркус,mega,week_model,early_morning,bike,8,08:00-09:00,110,9.01,9.39,11.05,12.55,14.76,0.09,28.62,4.7
99,Опен Аркус,99,Опен Аркус,mega,week_model,morning,auto,9,09:00-10:00,9,24.34,22.06,30.17,36.08,40.16,8.87,46.52,12.92
99,Опен Аркус,99,Опен Аркус,mega,week_model,morning,bike,9,09:00-10:00,155,8.46,8.43,10.28,11.68,13.25,0.04,36.73,4.7
99,Опен Аркус,99,Опен Аркус,mega,week_model,morning,auto,10,10:00-11:00,5,29.8,24.78,40.9,46.05,48.31,11.38,50.57,17.18
99,Опен Аркус,99,Опен Аркус,mega,week_model,morning,bike,10,10:00-11:00,167,8.78,8.51,11.03,13.06,14.74,0.06,27.35,4.72
99,Опен Аркус,99,Опен Аркус,mega,week_model,lunch,auto,11,11:00-12:00,6,33.76,23.56,40.63,55.76,56.65,20.78,57.55,17.82
99,Опен Аркус,99,Опен Аркус,mega,week_model,lunch,bike,11,11:00-12:00,206,8.55,8.43,10.27,12.09,14.19,0.11,29.18,4.6
99,Опен Аркус,99,Опен Аркус,mega,week_model,lunch,auto,12,12:00-13:00,14,23.97,23.64,24.85,25.93,27.45,17.79,39.48,5.35
99,Опен Аркус,99,Опен Аркус,mega,week_model,lunch,bike,12,12:00-13:00,196,8.74,8.08,10.2,12.12,14.96,0.14,32.88,5.22
99,Опен Аркус,99,Опен Аркус,mega,week_model,lunch,auto,13,13:00-14:00,9,19.03,19.78,20.15,20.35,20.67,16.5,21.45,1.76
99,Опен Аркус,99,Опен Аркус,mega,week_model,lunch,bike,13,13:00-14:00,213,9.36,8.51,11.46,13.41,15.72,0.05,29.34,5.22
99,Опен Аркус,99,Опен Аркус,mega,week_model,lunch,auto,14,14:00-15:00,7,23.9,25.89,27.16,30.61,31.81,4.37,31.88,9.31
99,Опен Аркус,99,Опен Аркус,mega,week_model,lunch,bike,14,14:00-15:00,185,9.01,9.04,11.39,13.14,15.36,0.08,22.75,4.9
99,Опен Аркус,99,Опен Аркус,mega,week_model,afternoon,auto,15,15:00-16:00,7,24.45,21.13,23.96,28.49,36.44,14.25,46.1,10.7
99,Опен Аркус,99,Опен Аркус,mega,week_model,afternoon,bike,15,15:00-16:00,131,8.95,8.94,10.64,11.98,15.86,0.05,33.21,5.47
99,Опен Аркус,99,Опен Аркус,mega,week_model,afternoon,auto,16,16:00-17:00,5,15.41,19.49,19.93,20.42,21.18,3.24,21.95,7.72
99,Опен Аркус,99,Опен Аркус,mega,week_model,afternoon,bike,16,16:00-17:00,114,9.12,8.74,10.79,12.67,14.57,0.03,25.67,4.76
99,Опен Аркус,99,Опен Аркус,mega,week_model,afternoon,auto,17,17:00-18:00,5,27.3,27.0,31.2,35.1,40.81,4.17,46.51,15.24
99,Опен Аркус,99,Опен Аркус,mega,week_model,afternoon,bike,17,17:00-18:00,112,8.62,8.32,10.97,12.17,13.87,1.09,24.16,4.75
99,Опен Аркус,99,Опен Аркус,mega,week_model,dinner,auto,18,18:00-19:00,11,26.97,23.53,29.19,36.02,41.05,18.1,44.05,9.33
99,Опен Аркус,99,Опен Аркус,mega,week_model,dinner,bike,18,18:00-19:00,133,9.18,9.45,11.45,13.1,14.58,0.32,36.91,5.22
99,Опен Аркус,99,Опен Аркус,mega,week_model,dinner,auto,19,19:00-20:00,2,17.31,17.31,19.39,20.43,21.47,12.11,22.51,7.35
99,Опен Аркус,99,Опен Аркус,mega,week_model,dinner,bike,19,19:00-20:00,136,9.28,8.64,11.38,13.02,15.87,0.92,28.13,5.51
99,Опен Аркус,99,Опен Аркус,mega,week_model,dinner,auto,20,20:00-21:00,5,12.91,8.11,16.93,20.84,24.25,3.07,27.66,10.2
99,Опен Аркус,99,Опен Аркус,mega,week_model,dinner,bike,20,20:00-21:00,118,8.94,8.07,11.14,12.9,14.36,0.04,25.35,4.56
99,Опен Аркус,99,Опен Аркус,mega,week_model,late_evening,auto,21,21:00-22:00,8,17.32,17.99,18.86,20.2,21.64,9.84,23.02,4.19
99,Опен Аркус,99,Опен Аркус,mega,week_model,late_evening,bike,21,21:00-22:00,85,8.67,8.3,11.0,12.81,13.98,0.12,25.93,5.24
99,Опен Аркус,99,Опен Аркус,mega,week_model,late_evening,auto,22,22:00-23:00,3,19.62,19.72,20.4,20.74,21.08,17.72,21.42,1.85
99,Опен Аркус,99,Опен Аркус,mega,week_model,late_evening,bike,22,22:00-23:00,40,7.44,7.25,8.88,10.03,10.91,2.55,17.94,3.26
99,Опен Аркус,99,Опен Аркус,mega,week_model,late_evening,auto,23,23:00-24:00,2,8.34,8.34,11.46,13.03,14.59,0.52,16.15,11.05
99,Опен Аркус,99,Опен Аркус,mega,week_model,late_evening,bike,23,23:00-24:00,1,10.46,10.46,10.46,10.46,10.46,10.46,10.46,
