location_id,location_name,business_group,date,hour,hour_window,segment,time_segment,vehicle_type,predicted_orders,segment_predicted_orders,p70_delivery_minutes,p80_delivery_minutes,p80_round_trip_minutes,historical_capacity_orders_per_hour,history_raw_slots,cycle_time_raw_slots,selected_raw_slots,safety_buffer,slots_needed,slot_demand_source,slot_capacity_source,delivery_duration_source,payment_rate_source,p70_delivery_source,courier_need_reason
1,Wall Street,kfm,2026-09-14,8,08:00-09:00,medium,block_06_12,bike,0.73,6.81,7.57,,,3.03,0.37,0.0,0.37,1.0,1,history,segment_shift_history,missing_cycle_time,location_hour,location_hour,"Нужно 1 кур.; прогноз 0.7 заказа/ч; окно block_06_12: история 0.37, цикл 0.00; выбрано: историческая производительность; страховой запас 0%"
1,Wall Street,kfm,2026-09-14,9,09:00-10:00,medium,block_06_12,bike,2.01,6.81,8.54,,,3.03,0.37,0.0,0.37,1.0,1,history,segment_shift_history,missing_cycle_time,location_hour,location_hour,"Нужно 1 кур.; прогноз 2.0 заказа/ч; окно block_06_12: история 0.37, цикл 0.00; выбрано: историческая производительность; страховой запас 0%"
1,Wall Street,kfm,2026-09-14,10,10:00-11:00,medium,block_06_12,bike,2.06,6.81,9.74,,,3.03,0.37,0.0,0.37,1.0,1,history,segment_shift_history,missing_cycle_time,location_hour,location_hour,"Нужно 1 кур.; прогноз 2.1 заказа/ч; окно block_06_12: история 0.37, цикл 0.00; выбрано: историческая производительность; страховой запас 0%"
1,Wall Street,kfm,2026-09-14,11,11:00-12:00,medium,block_06_12,bike,2.01,6.81,7.92,,,3.03,0.37,0.0,0.37,1.0,1,history,segment_shift_history,missing_cycle_time,location_hour,location_hour,"Нужно 1 кур.; прогноз 2.0 заказа/ч; окно block_06_12: история 0.37, цикл 0.00; выбрано: историческая производительность; страховой запас 0%"
1,Wall Street,kfm,2026-09-14,12,12:00-13:00,medium,block_12_18,bike,2.04,10.48,9.22,,,2.82,0.62,0.0,0.62,1.0,1,history,segment_shift_history,missing_cycle_time,location_hour,location_hour,"Нужно 1 кур.; прогноз 2.0 заказа/ч; окно block_12_18: история 0.62, цикл 0.00; выбрано: историческая производительность; страховой запас 0%"
1,Wall Street,kfm,2026-09-14,13,13:00-14:00,medium,block_12_18,bike,2.62,10.48,8.52,,,2.82,0.62,0.0,0.62,1.0,1,history,segment_shift_history,missing_cycle_time,location_hour,location_hour,"Нужно 1 кур.; прогноз 2.6 заказа/ч; окно block_12_18: история 0.62, цикл 0.00; выбрано: историческая производительность; страховой запас 0%"
1,Wall Street,kfm,2026-09-14,14,14:00-15:00,medium,block_12_18,bike,2.1,10.48,8.46,,,2.82,0.62,0.0,0.62,1.0,1,history,segment_shift_history,missing_cycle_time,location_hour,location_hour,"Нужно 1 кур.; прогноз 2.1 заказа/ч; окно block_12_18: история 0.62, цикл 0.00; выбрано: историческая производительность; страховой запас 0%"
1,Wall Street,kfm,2026-09-14,15,15:00-16:00,medium,block_12_18,bike,1.34,10.48,9.25,,,2.82,0.62,0.0,0.62,1.0,1,history,segment_shift_history,missing_cycle_time,location_hour,location_hour,"Нужно 1 кур.; прогноз 1.3 заказа/ч; окно block_12_18: история 0.62, цикл 0.00; выбрано: историческая производительность; страховой запас 0%"
1,Wall Street,kfm,2026-09-14,16,16:00-17:00,medium,block_12_18,bike,1.28,10.48,9.77,,,2.82,0.62,0.0,0.62,1.0,1,history,segment_shift_history,missing_cycle_time,location_hour,location_hour,"Нужно 1 кур.; прогноз 1.3 заказа/ч; окно block_12_18: история 0.62, цикл 0.00; выбрано: историческая производительность; страховой запас 0%"
1,Wall Street,kfm,2026-09-14,17,17:00-18:00,medium,block_12_18,bike,1.11,10.48,10.38,,,2.82,0.62,0.0,0.62,1.0,1,history,segment_shift_history,missing_cycle_time,location_hour,location_hour,"Нужно 1 кур.; прогноз 1.1 заказа/ч; окно block_12_18: история 0.62, цикл 0.00; выбрано: историческая производительность; страховой запас 0%"
1,Wall Street,kfm,2026-09-14,18,18:00-19:00,medium,block_18_24,bike,1.1,4.98,9.83,,,2.04,0.41,0.0,0.41,1.0,1,history,segment_shift_history,missing_cycle_time,location_hour,location_hour,"Нужно 1 кур.; прогноз 1.1 заказа/ч; окно block_18_24: история 0.41, цикл 0.00; выбрано: историческая производительность; страховой запас 0%"
1,Wall Street,kfm,2026-09-14,19,19:00-20:00,medium,block_18_24,bike,1.16,4.98,10.82,,,2.04,0.41,0.0,0.41,1.0,1,history,segment_shift_history,missing_cycle_time,location_hour,location_hour,"Нужно 1 кур.; прогноз 1.2 заказа/ч; окно block_18_24: история 0.41, цикл 0.00; выбрано: историческая производительность; страховой запас 0%"
1,Wall Street,kfm,2026-09-14,20,20:00-21:00,medium,block_18_24,bike,1.39,4.98,9.98,,,2.04,0.41,0.0,0.41,1.0,1,history,segment_shift_history,missing_cycle_time,location_hour,location_hour,"Нужно 1 кур.; прогноз 1.4 заказа/ч; окно block_18_24: история 0.41, цикл 0.00; выбрано: историческая производительность; страховой запас 0%"
1,Wall Street,kfm,2026-09-14,21,21:00-22:00,medium,block_18_24,bike,0.98,4.98,12.91,,,2.04,0.41,0.0,0.41,1.0,1,history,segment_shift_history,missing_cycle_time,location_hour,location_hour,"Нужно 1 кур.; прогноз 1.0 заказа/ч; окно block_18_24: история 0.41, цикл 0.00; выбрано: историческая производительность; страховой запас 0%"
1,Wall Street,kfm,2026-09-14,22,22:00-23:00,medium,block_18_24,bike,0.35,4.98,7.04,,,2.04,0.41,0.0,0.41,1.0,1,history,segment_shift_history,missing_cycle_time,location_hour,location_hour,"Нужно 1 кур.; прогноз 0.3 заказа/ч; окно block_18_24: история 0.41, цикл 0.00; выбрано: историческая производительность; страховой запас 0%"
10,Якиманка,kfm,2026-09-14,8,08:00-09:00,medium,block_06_12,bike,2.34,10.56,8.44,,,3.03,0.58,0.0,0.58,1.0,1,history,segment_shift_history,missing_cycle_time,location_hour,location_hour,"Нужно 1 кур.; прогноз 2.3 заказа/ч; окно block_06_12: история 0.58, цикл 0.00; выбрано: историческая производительность; страховой запас 0%"
10,Якиманка,kfm,2026-09-14,9,09:00-10:00,medium,block_06_12,bike,2.88,10.56,8.43,,,3.03,0.58,0.0,0.58,1.0,1,history,segment_shift_history,missing_cycle_time,location_hour,location_hour,"Нужно 1 кур.; прогноз 2.9 заказа/ч; окно block_06_12: история 0.58, цикл 0.00; выбрано: историческая производительность; страховой запас 0%"
10,Якиманка,kfm,2026-09-14,10,10:00-11:00,medium,block_06_12,bike,2.67,10.56,6.86,,,3.03,0.58,0.0,0.58,1.0,1,history,segment_shift_history,missing_cycle_time,location_hour,location_hour,"Нужно 1 кур.; прогноз 2.7 заказа/ч; окно block_06_12: история 0.58, цикл 0.00; выбрано: историческая производительность; страховой запас 0%"
10,Якиманка,kfm,2026-09-14,11,11:00-12:00,medium,block_06_12,bike,2.67,10.56,7.82,,,3.03,0.58,0.0,0.58,1.0,1,history,segment_shift_history,missing_cycle_time,location_hour,location_hour,"Нужно 1 кур.; прогноз 2.7 заказа/ч; окно block_06_12: история 0.58, цикл 0.00; выбрано: историческая производительность; страховой запас 0%"
10,Якиманка,kfm,2026-09-14,12,12:00-13:00,medium,block_12_18,bike,3.66,15.86,6.98,,,2.82,0.94,0.0,0.94,1.0,1,history,segment_shift_history,missing_cycle_time,location_hour,location_hour,"Нужно 1 кур.; прогноз 3.7 заказа/ч; окно block_12_18: история 0.94, цикл 0.00; выбрано: историческая производительность; страховой запас 0%"
10,Якиманка,kfm,2026-09-14,13,13:00-14:00,medium,block_12_18,bike,3.76,15.86,7.44,,,2.82,0.94,0.0,0.94,1.0,1,history,segment_shift_history,missing_cycle_time,location_hour,location_hour,"Нужно 1 кур.; прогноз 3.8 заказа/ч; окно block_12_18: история 0.94, цикл 0.00; выбрано: историческая производительность; страховой запас 0%"
10,Якиманка,kfm,2026-09-14,14,14:00-15:00,medium,block_12_18,bike,3.31,15.86,7.86,,,2.82,0.94,0.0,0.94,1.0,1,history,segment_shift_history,missing_cycle_time,location_hour,location_hour,"Нужно 1 кур.; прогноз 3.3 заказа/ч; окно block_12_18: история 0.94, цикл 0.00; выбрано: историческая производительность; страховой запас 0%"
10,Якиманка,kfm,2026-09-14,15,15:00-16:00,medium,block_12_18,bike,2.16,15.86,8.61,,,2.82,0.94,0.0,0.94,1.0,1,history,segment_shift_history,missing_cycle_time,location_hour,location_hour,"Нужно 1 кур.; прогноз 2.2 заказа/ч; окно block_12_18: история 0.94, цикл 0.00; выбрано: историческая производительность; страховой запас 0%"
10,Якиманка,kfm,2026-09-14,16,16:00-17:00,medium,block_12_18,bike,1.56,15.86,8.68,,,2.82,0.94,0.0,0.94,1.0,1,history,segment_shift_history,missing_cycle_time,location_hour,location_hour,"Нужно 1 кур.; прогноз 1.6 заказа/ч; окно block_12_18: история 0.94, цикл 0.00; выбрано: историческая производительность; страховой запас 0%"
10,Якиманка,kfm,2026-09-14,17,17:00-18:00,medium,block_12_18,bike,1.41,15.86,7.49,,,2.82,0.94,0.0,0.94,1.0,1,history,segment_shift_history,missing_cycle_time,location_hour,location_hour,"Нужно 1 кур.; прогноз 1.4 заказа/ч; окно block_12_18: история 0.94, цикл 0.00; выбрано: историческая производительность; страховой запас 0%"
10,Якиманка,kfm,2026-09-14,18,18:00-19:00,medium,block_18_24,bike,1.89,7.82,8.65,,,2.04,0.64,0.0,0.64,1.0,1,history,segment_shift_history,missing_cycle_time,location_hour,location_hour,"Нужно 1 кур.; прогноз 1.9 заказа/ч; окно block_18_24: история 0.64, цикл 0.00; выбрано: историческая производительность; страховой запас 0%"
10,Якиманка,kfm,2026-09-14,19,19:00-20:00,medium,block_18_24,bike,1.96,7.82,7.37,,,2.04,0.64,0.0,0.64,1.0,1,history,segment_shift_history,missing_cycle_time,location_hour,location_hour,"Нужно 1 кур.; прогноз 2.0 заказа/ч; окно block_18_24: история 0.64, цикл 0.00; выбрано: историческая производительность; страховой запас 0%"
10,Якиманка,kfm,2026-09-14,20,20:00-21:00,medium,block_18_24,bike,2.14,7.82,9.66,,,2.04,0.64,0.0,0.64,1.0,1,history,segment_shift_history,missing_cycle_time,location_hour,location_hour,"Нужно 1 кур.; прогноз 2.1 заказа/ч; окно block_18_24: история 0.64, цикл 0.00; выбрано: историческая производительность; страховой запас 0%"
10,Якиманка,kfm,2026-09-14,21,21:00-22:00,medium,block_18_24,bike,1.1,7.82,9.67,,,2.04,0.64,0.0,0.64,1.0,1,history,segment_shift_history,missing_cycle_time,location_hour,location_hour,"Нужно 1 кур.; прогноз 1.1 заказа/ч; окно block_18_24: история 0.64, цикл 0.00; выбрано: историческая производительность; страховой запас 0%"
10,Якиманка,kfm,2026-09-14,22,22:00-23:00,medium,block_18_24,bike,0.73,7.82,8.89,,,2.04,0.64,0.0,0.64,1.0,1,history,segment_shift_history,missing_cycle_time,location_hour,location_hour,"Нужно 1 кур.; прогноз 0.7 заказа/ч; окно block_18_24: история 0.64, цикл 0.00; выбрано: историческая производительность; страховой запас 0%"
100,Колбасный Цех / Магадан,non_kfm,2026-09-14,10,10:00-11:00,low,block_06_12,auto,0.04,0.19,21.71,,,1.28,0.0,0.0,0.0,1.0,0,history,time_segment_shift_history,missing_cycle_time,global_hour,global_hour,"Нужно 0 кур.; прогноз 0.0 заказа/ч; окно block_06_12: история 0.00, цикл 0.00; выбрано: историческая производительность; страховой запас 0%"
100,Колбасный Цех / Магадан,non_kfm,2026-09-14,11,11:00-12:00,low,block_06_12,auto,0.05,0.19,22.82,,,1.28,0.0,0.0,0.0,1.0,0,history,time_segment_shift_history,missing_cycle_time,global_hour,global_hour,"Нужно 0 кур.; прогноз 0.0 заказа/ч; окно block_06_12: история 0.00, цикл 0.00; выбрано: историческая производительность; страховой запас 0%"
100,Колбасный Цех / Магадан,non_kfm,2026-09-14,12,12:00-13:00,low,block_12_18,auto,0.09,0.41,45.59,,,1.09,0.0,0.0,0.0,1.0,0,history,time_segment_shift_history,missing_cycle_time,global_hour,location_hour,"Нужно 0 кур.; прогноз 0.1 заказа/ч; окно block_12_18: история 0.00, цикл 0.00; выбрано: историческая производительность; страховой запас 0%"
100,Колбасный Цех / Магадан,non_kfm,2026-09-14,13,13:00-14:00,low,block_12_18,auto,0.08,0.41,38.58,,,1.09,0.0,0.0,0.0,1.0,0,history,time_segment_shift_history,missing_cycle_time,global_hour,location_hour,"Нужно 0 кур.; прогноз 0.1 заказа/ч; окно block_12_18: история 0.00, цикл 0.00; выбрано: историческая производительность; страховой запас 0%"
100,Колбасный Цех / Магадан,non_kfm,2026-09-14,14,14:00-15:00,low,block_12_18,auto,0.07,0.41,72.24,,,1.09,0.0,0.0,0.0,1.0,0,history,time_segment_shift_history,missing_cycle_time,global_hour,location_hour,"Нужно 0 кур.; прогноз 0.1 заказа/ч; окно block_12_18: история 0.00, цикл 0.00; выбрано: историческая производительность; страховой запас 0%"
100,Колбасный Цех / Магадан,non_kfm,2026-09-14,15,15:00-16:00,low,block_12_18,auto,0.06,0.41,59.3,,,1.09,0.0,0.0,0.0,1.0,0,history,time_segment_shift_history,missing_cycle_time,global_hour,location_hour,"Нужно 0 кур.; прогноз 0.1 заказа/ч; окно block_12_18: история 0.00, цикл 0.00; выбрано: историческая производительность; страховой запас 0%"
100,Колбасный Цех / Магадан,non_kfm,2026-09-14,16,16:00-17:00,low,block_12_18,auto,0.05,0.41,44.99,,,1.09,0.0,0.0,0.0,1.0,0,history,time_segment_shift_history,missing_cycle_time,global_hour,location_hour,"Нужно 0 кур.; прогноз 0.1 заказа/ч; окно block_12_18: история 0.00, цикл 0.00; выбрано: историческая производительность; страховой запас 0%"
100,Колбасный Цех / Магадан,non_kfm,2026-09-14,17,17:00-18:00,low,block_12_18,auto,0.05,0.41,46.07,,,1.09,0.0,0.0,0.0,1.0,0,history,time_segment_shift_history,missing_cycle_time,global_hour,location_hour,"Нужно 0 кур.; прогноз 0.0 заказа/ч; окно block_12_18: история 0.00, цикл 0.00; выбрано: историческая производительность; страховой запас 0%"
100,Колбасный Цех / Магадан,non_kfm,2026-09-14,18,18:00-19:00,low,block_18_24,auto,0.07,0.3,38.88,,,1.15,0.0,0.0,0.0,1.0,0,history,time_segment_shift_history,missing_cycle_time,global_hour,location_hour,"Нужно 0 кур.; прогноз 0.1 заказа/ч; окно block_18_24: история 0.00, цикл 0.00; выбрано: историческая производительность; страховой запас 0%"
100,Колбасный Цех / Магадан,non_kfm,2026-09-14,19,19:00-20:00,low,block_18_24,auto,0.07,0.3,38.06,,,1.15,0.0,0.0,0.0,1.0,0,history,time_segment_shift_history,missing_cycle_time,global_hour,location_hour,"Нужно 0 кур.; прогноз 0.1 заказа/ч; окно block_18_24: история 0.00, цикл 0.00; выбрано: историческая производительность; страховой запас 0%"
100,Колбасный Цех / Магадан,non_kfm,2026-09-14,20,20:00-21:00,low,block_18_24,auto,0.07,0.3,40.31,,,1.15,0.0,0.0,0.0,1.0,0,history,time_segment_shift_history,missing_cycle_time,global_hour,location_hour,"Нужно 0 кур.; прогноз 0.1 заказа/ч; окно block_18_24: история 0.00, цикл 0.00; выбрано: историческая производительность; страховой запас 0%"
100,Колбасный Цех / Магадан,non_kfm,2026-09-14,21,21:00-22:00,low,block_18_24,auto,0.05,0.3,15.46,,,1.15,0.0,0.0,0.0,1.0,0,history,time_segment_shift_history,missing_cycle_time,global_hour,location_hour,"Нужно 0 кур.; прогноз 0.0 заказа/ч; окно block_18_24: история 0.00, цикл 0.00; выбрано: историческая производительность; страховой запас 0%"
101,Алия,kfm,2026-09-14,8,08:00-09:00,medium,block_06_12,auto,1.62,9.58,28.44,,,1.27,1.26,0.0,1.26,1.0,2,history,segment_shift_history,missing_cycle_time,location_hour,location_hour,"Нужно 2 кур.; прогноз 1.6 заказа/ч; окно block_06_12: история 1.26, цикл 0.00; выбрано: историческая производительность; страховой запас 0%"
101,Алия,kfm,2026-09-14,9,09:00-10:00,medium,block_06_12,auto,2.36,9.58,28.6,,,1.27,1.26,0.0,1.26,1.0,2,history,segment_shift_history,missing_cycle_time,location_hour,location_hour,"Нужно 2 кур.; прогноз 2.4 заказа/ч; окно block_06_12: история 1.26, цикл 0.00; выбрано: историческая производительность; страховой запас 0%"
101,Алия,kfm,2026-09-14,10,10:00-11:00,medium,block_06_12,auto,2.29,9.58,25.59,,,1.27,1.26,0.0,1.26,1.0,2,history,segment_shift_history,missing_cycle_time,location_hour,location_hour,"Нужно 2 кур.; прогноз 2.3 заказа/ч; окно block_06_12: история 1.26, цикл 0.00; выбрано: историческая производительность; страховой запас 0%"
101,Алия,kfm,2026-09-14,11,11:00-12:00,medium,block_06_12,auto,3.31,9.58,25.94,,,1.27,1.26,0.0,1.26,1.0,2,history,segment_shift_history,missing_cycle_time,location_hour,location_hour,"Нужно 2 кур.; прогноз 3.3 заказа/ч; окно block_06_12: история 1.26, цикл 0.00; выбрано: историческая производительность; страховой запас 0%"
101,Алия,kfm,2026-09-14,12,12:00-13:00,medium,block_12_18,auto,3.27,16.61,31.37,,,0.98,2.82,0.0,2.82,1.0,3,history,location_shift_history,missing_cycle_time,location_hour,location_hour,"Нужно 3 кур.; прогноз 3.3 заказа/ч; окно block_12_18: история 2.82, цикл 0.00; выбрано: историческая производительность; страховой запас 0%"
101,Алия,kfm,2026-09-14,13,13:00-14:00,medium,block_12_18,auto,3.15,16.61,28.81,,,0.98,2.82,0.0,2.82,1.0,3,history,location_shift_history,missing_cycle_time,location_hour,location_hour,"Нужно 3 кур.; прогноз 3.2 заказа/ч; окно block_12_18: история 2.82, цикл 0.00; выбрано: историческая производительность; страховой запас 0%"
101,Алия,kfm,2026-09-14,14,14:00-15:00,medium,block_12_18,auto,3.09,16.61,29.31,,,0.98,2.82,0.0,2.82,1.0,3,history,location_shift_history,missing_cycle_time,location_hour,location_hour,"Нужно 3 кур.; прогноз 3.1 заказа/ч; окно block_12_18: история 2.82, цикл 0.00; выбрано: историческая производительность; страховой запас 0%"
101,Алия,kfm,2026-09-14,15,15:00-16:00,medium,block_12_18,auto,2.79,16.61,28.94,,,0.98,2.82,0.0,2.82,1.0,3,history,location_shift_history,missing_cycle_time,location_hour,location_hour,"Нужно 3 кур.; прогноз 2.8 заказа/ч; окно block_12_18: история 2.82, цикл 0.00; выбрано: историческая производительность; страховой запас 0%"
101,Алия,kfm,2026-09-14,16,16:00-17:00,medium,block_12_18,auto,2.42,16.61,30.73,,,0.98,2.82,0.0,2.82,1.0,3,history,location_shift_history,missing_cycle_time,location_hour,location_hour,"Нужно 3 кур.; прогноз 2.4 заказа/ч; окно block_12_18: история 2.82, цикл 0.00; выбрано: историческая производительность; страховой запас 0%"
101,Алия,kfm,2026-09-14,17,17:00-18:00,medium,block_12_18,auto,1.88,16.61,28.19,,,0.98,2.82,0.0,2.82,1.0,3,history,location_shift_history,missing_cycle_time,location_hour,location_hour,"Нужно 3 кур.; прогноз 1.9 заказа/ч; окно block_12_18: история 2.82, цикл 0.00; выбрано: историческая производительность; страховой запас 0%"
101,Алия,kfm,2026-09-14,18,18:00-19:00,medium,block_18_24,auto,2.15,7.36,28.52,,,1.14,1.07,0.0,1.07,1.0,1,history,segment_shift_history,missing_cycle_time,location_hour,location_hour,"Нужно 1 кур.; прогноз 2.1 заказа/ч; окно block_18_24: история 1.07, цикл 0.00; выбрано: историческая производительность; страховой запас 0%"
101,Алия,kfm,2026-09-14,19,19:00-20:00,medium,block_18_24,auto,2.04,7.36,28.34,,,1.14,1.07,0.0,1.07,1.0,1,history,segment_shift_history,missing_cycle_time,location_hour,location_hour,"Нужно 1 кур.; прогноз 2.0 заказа/ч; окно block_18_24: история 1.07, цикл 0.00; выбрано: историческая производительность; страховой запас 0%"
101,Алия,kfm,2026-09-14,20,20:00-21:00,medium,block_18_24,auto,1.48,7.36,21.32,,,1.14,1.07,0.0,1.07,1.0,1,history,segment_shift_history,missing_cycle_time,location_hour,location_hour,"Нужно 1 кур.; прогноз 1.5 заказа/ч; окно block_18_24: история 1.07, цикл 0.00; выбрано: историческая производительность; страховой запас 0%"
101,Алия,kfm,2026-09-14,21,21:00-22:00,medium,block_18_24,auto,1.18,7.36,22.23,,,1.14,1.07,0.0,1.07,1.0,1,history,segment_shift_history,missing_cycle_time,location_hour,location_hour,"Нужно 1 кур.; прогноз 1.2 заказа/ч; окно block_18_24: история 1.07, цикл 0.00; выбрано: историческая производительность; страховой запас 0%"
11,Кутузовский,kfm,2026-09-14,0,00:00-01:00,medium,block_00_06,auto,5.01,13.63,23.35,,,0.66,3.45,0.0,3.45,1.0,4,history,location_shift_history,missing_cycle_time,location_hour,location_hour,"Нужно 4 кур.; прогноз 5.0 заказа/ч; окно block_00_06: история 3.45, цикл 0.00; выбрано: историческая производительность; страховой запас 0%"
11,Кутузовский,kfm,2026-09-14,1,01:00-02:00,medium,block_00_06,auto,3.43,13.63,21.04,,,0.66,3.45,0.0,3.45,1.0,4,history,location_shift_history,missing_cycle_time,location_hour,location_hour,"Нужно 4 кур.; прогноз 3.4 заказа/ч; окно block_00_06: история 3.45, цикл 0.00; выбрано: историческая производительность; страховой запас 0%"
11,Кутузовский,kfm,2026-09-14,2,02:00-03:00,medium,block_00_06,auto,1.44,13.63,21.4,,,0.66,3.45,0.0,3.45,1.0,4,history,location_shift_history,missing_cycle_time,location_hour,location_hour,"Нужно 4 кур.; прогноз 1.4 заказа/ч; окно block_00_06: история 3.45, цикл 0.00; выбрано: историческая производительность; страховой запас 0%"
11,Кутузовский,kfm,2026-09-14,3,03:00-04:00,medium,block_00_06,auto,0.63,13.63,18.4,,,0.66,3.45,0.0,3.45,1.0,4,history,location_shift_history,missing_cycle_time,location_hour,location_hour,"Нужно 4 кур.; прогноз 0.6 заказа/ч; окно block_00_06: история 3.45, цикл 0.00; выбрано: историческая производительность; страховой запас 0%"
11,Кутузовский,kfm,2026-09-14,4,04:00-05:00,medium,block_00_06,auto,0.72,13.63,20.47,,,0.66,3.45,0.0,3.45,1.0,4,history,location_shift_history,missing_cycle_time,location_hour,location_hour,"Нужно 4 кур.; прогноз 0.7 заказа/ч; окно block_00_06: история 3.45, цикл 0.00; выбрано: историческая производительность; страховой запас 0%"
11,Кутузовский,kfm,2026-09-14,5,05:00-06:00,medium,block_00_06,auto,2.39,13.63,28.37,,,0.66,3.45,0.0,3.45,1.0,4,history,location_shift_history,missing_cycle_time,location_hour,location_hour,"Нужно 4 кур.; прогноз 2.4 заказа/ч; окно block_00_06: история 3.45, цикл 0.00; выбрано: историческая производительность; страховой запас 0%"
11,Кутузовский,kfm,2026-09-14,6,06:00-07:00,medium,block_06_12,auto,8.78,11.84,31.15,,,1.27,1.55,0.0,1.55,1.0,2,history,segment_shift_history,missing_cycle_time,location_hour,location_hour,"Нужно 2 кур.; прогноз 8.8 заказа/ч; окно block_06_12: история 1.55, цикл 0.00; выбрано: историческая производительность; страховой запас 0%"
11,Кутузовский,kfm,2026-09-14,22,22:00-23:00,medium,block_18_24,auto,1.24,4.45,14.54,,,1.14,0.65,0.0,0.65,1.0,1,history,segment_shift_history,missing_cycle_time,location_hour,location_hour,"Нужно 1 кур.; прогноз 1.2 заказа/ч; окно block_18_24: история 0.65, цикл 0.00; выбрано: историческая производительность; страховой запас 0%"
11,Кутузовский,kfm,2026-09-14,23,23:00-24:00,medium,block_18_24,auto,2.65,4.45,16.46,,,1.14,0.65,0.0,0.65,1.0,1,history,segment_shift_history,missing_cycle_time,location_hour,location_hour,"Нужно 1 кур.; прогноз 2.7 заказа/ч; окно block_18_24: история 0.65, цикл 0.00; выбрано: историческая производительность; страховой запас 0%"
11,Кутузовский,kfm,2026-09-14,0,00:00-01:00,medium,block_00_06,bike,0.13,0.35,9.78,,,1.3,0.0,0.0,0.0,1.0,0,history,default_slot_capacity,missing_cycle_time,location_hour,global_hour,"Нужно 0 кур.; прогноз 0.1 заказа/ч; окно block_00_06: история 0.00, цикл 0.00; выбрано: историческая производительность; страховой запас 0%"
11,Кутузовский,kfm,2026-09-14,1,01:00-02:00,medium,block_00_06,bike,0.09,0.35,10.47,,,1.3,0.0,0.0,0.0,1.0,0,history,default_slot_capacity,missing_cycle_time,location_hour,global_vehicle,"Нужно 0 кур.; прогноз 0.1 заказа/ч; окно block_00_06: история 0.00, цикл 0.00; выбрано: историческая производительность; страховой запас 0%"
11,Кутузовский,kfm,2026-09-14,2,02:00-03:00,medium,block_00_06,bike,0.04,0.35,10.47,,,1.3,0.0,0.0,0.0,1.0,0,history,default_slot_capacity,missing_cycle_time,location_hour,global_vehicle,"Нужно 0 кур.; прогноз 0.0 заказа/ч; окно block_00_06: история 0.00, цикл 0.00; выбрано: историческая производительность; страховой запас 0%"
11,Кутузовский,kfm,2026-09-14,3,03:00-04:00,medium,block_00_06,bike,0.02,0.35,10.47,,,1.3,0.0,0.0,0.0,1.0,0,history,default_slot_capacity,missing_cycle_time,location_hour,global_vehicle,"Нужно 0 кур.; прогноз 0.0 заказа/ч; окно block_00_06: история 0.00, цикл 0.00; выбрано: историческая производительность; страховой запас 0%"
11,Кутузовский,kfm,2026-09-14,4,04:00-05:00,medium,block_00_06,bike,0.02,0.35,10.47,,,1.3,0.0,0.0,0.0,1.0,0,history,default_slot_capacity,missing_cycle_time,location_hour,global_vehicle,"Нужно 0 кур.; прогноз 0.0 заказа/ч; окно block_00_06: история 0.00, цикл 0.00; выбрано: историческая производительность; страховой запас 0%"
11,Кутузовский,kfm,2026-09-14,5,05:00-06:00,medium,block_00_06,bike,0.06,0.35,10.47,,,1.3,0.0,0.0,0.0,1.0,0,history,default_slot_capacity,missing_cycle_time,location_hour,global_vehicle,"Нужно 0 кур.; прогноз 0.1 заказа/ч; окно block_00_06: история 0.00, цикл 0.00; выбрано: историческая производительность; страховой запас 0%"
11,Кутузовский,kfm,2026-09-14,6,06:00-07:00,medium,block_06_12,bike,0.23,0.31,9.4,,,3.03,0.0,0.0,0.0,1.0,0,history,segment_shift_history,missing_cycle_time,location_hour,global_hour,"Нужно 0 кур.; прогноз 0.2 заказа/ч; окно block_06_12: история 0.00, цикл 0.00; выбрано: историческая производительность; страховой запас 0%"
11,Кутузовский,kfm,2026-09-14,22,22:00-23:00,medium,block_18_24,bike,0.03,0.11,9.8,,,2.04,0.0,0.0,0.0,1.0,0,history,segment_shift_history,missing_cycle_time,location_hour,global_hour,"Нужно 0 кур.; прогноз 0.0 заказа/ч; окно block_18_24: история 0.00, цикл 0.00; выбрано: историческая производительность; страховой запас 0%"
11,Кутузовский,kfm,2026-09-14,23,23:00-24:00,medium,block_18_24,bike,0.07,0.11,0.2,,,2.04,0.0,0.0,0.0,1.0,0,history,segment_shift_history,missing_cycle_time,location_hour,location_hour,"Нужно 0 кур.; прогноз 0.1 заказа/ч; окно block_18_24: история 0.00, цикл 0.00; выбрано: историческая производительность; страховой запас 0%"
114,Bluefin Скаковая,non_kfm,2026-09-14,10,10:00-11:00,low,block_06_12,auto,0.3,1.29,21.71,,,1.28,0.17,0.0,0.17,1.0,0,history,time_segment_shift_history,missing_cycle_time,global_hour,global_hour,"Нужно 0 кур.; прогноз 0.3 заказа/ч; окно block_06_12: история 0.17, цикл 0.00; выбрано: историческая производительность; страховой запас 0%"
114,Bluefin Скаковая,non_kfm,2026-09-14,11,11:00-12:00,low,block_06_12,auto,0.33,1.29,22.82,,,1.28,0.17,0.0,0.17,1.0,0,history,time_segment_shift_history,missing_cycle_time,global_hour,global_hour,"Нужно 0 кур.; прогноз 0.3 заказа/ч; окно block_06_12: история 0.17, цикл 0.00; выбрано: историческая производительность; страховой запас 0%"
114,Bluefin Скаковая,non_kfm,2026-09-14,12,12:00-13:00,low,block_12_18,auto,0.11,0.51,23.54,,,1.09,0.08,0.0,0.08,1.0,0,history,time_segment_shift_history,missing_cycle_time,global_hour,global_hour,"Нужно 0 кур.; прогноз 0.1 заказа/ч; окно block_12_18: история 0.08, цикл 0.00; выбрано: историческая производительность; страховой запас 0%"
114,Bluefin Скаковая,non_kfm,2026-09-14,13,13:00-14:00,low,block_12_18,auto,0.11,0.51,23.55,,,1.09,0.08,0.0,0.08,1.0,0,history,time_segment_shift_history,missing_cycle_time,global_hour,global_hour,"Нужно 0 кур.; прогноз 0.1 заказа/ч; окно block_12_18: история 0.08, цикл 0.00; выбрано: историческая производительность; страховой запас 0%"
114,Bluefin Скаковая,non_kfm,2026-09-14,14,14:00-15:00,low,block_12_18,auto,0.09,0.51,24.06,,,1.09,0.08,0.0,0.08,1.0,0,history,time_segment_shift_history,missing_cycle_time,global_hour,global_hour,"Нужно 0 кур.; прогноз 0.1 заказа/ч; окно block_12_18: история 0.08, цикл 0.00; выбрано: историческая производительность; страховой запас 0%"
114,Bluefin Скаковая,non_kfm,2026-09-14,15,15:00-16:00,low,block_12_18,auto,0.08,0.51,24.51,,,1.09,0.08,0.0,0.08,1.0,0,history,time_segment_shift_history,missing_cycle_time,global_hour,global_hour,"Нужно 0 кур.; прогноз 0.1 заказа/ч; окно block_12_18: история 0.08, цикл 0.00; выбрано: историческая производительность; страховой запас 0%"
114,Bluefin Скаковая,non_kfm,2026-09-14,16,16:00-17:00,low,block_12_18,auto,0.06,0.51,25.16,,,1.09,0.08,0.0,0.08,1.0,0,history,time_segment_shift_history,missing_cycle_time,global_hour,global_hour,"Нужно 0 кур.; прогноз 0.1 заказа/ч; окно block_12_18: история 0.08, цикл 0.00; выбрано: историческая производительность; страховой запас 0%"
114,Bluefin Скаковая,non_kfm,2026-09-14,17,17:00-18:00,low,block_12_18,auto,0.06,0.51,27.66,,,1.09,0.08,0.0,0.08,1.0,0,history,time_segment_shift_history,missing_cycle_time,global_hour,global_hour,"Нужно 0 кур.; прогноз 0.1 заказа/ч; окно block_12_18: история 0.08, цикл 0.00; выбрано: историческая производительность; страховой запас 0%"
114,Bluefin Скаковая,non_kfm,2026-09-14,18,18:00-19:00,low,block_18_24,auto,0.24,1.01,27.41,,,1.15,0.15,0.0,0.15,1.0,0,history,time_segment_shift_history,missing_cycle_time,global_hour,global_hour,"Нужно 0 кур.; прогноз 0.2 заказа/ч; окно block_18_24: история 0.15, цикл 0.00; выбрано: историческая производительность; страховой запас 0%"
114,Bluefin Скаковая,non_kfm,2026-09-14,19,19:00-20:00,low,block_18_24,auto,0.24,1.01,26.64,,,1.15,0.15,0.0,0.15,1.0,0,history,time_segment_shift_history,missing_cycle_time,global_hour,global_hour,"Нужно 0 кур.; прогноз 0.2 заказа/ч; окно block_18_24: история 0.15, цикл 0.00; выбрано: историческая производительность; страховой запас 0%"
114,Bluefin Скаковая,non_kfm,2026-09-14,20,20:00-21:00,low,block_18_24,auto,0.22,1.01,23.12,,,1.15,0.15,0.0,0.15,1.0,0,history,time_segment_shift_history,missing_cycle_time,global_hour,global_hour,"Нужно 0 кур.; прогноз 0.2 заказа/ч; окно block_18_24: история 0.15, цикл 0.00; выбрано: историческая производительность; страховой запас 0%"
114,Bluefin Скаковая,non_kfm,2026-09-14,21,21:00-22:00,low,block_18_24,auto,0.16,1.01,21.83,,,1.15,0.15,0.0,0.15,1.0,0,history,time_segment_shift_history,missing_cycle_time,global_hour,global_hour,"Нужно 0 кур.; прогноз 0.2 заказа/ч; окно block_18_24: история 0.15, цикл 0.00; выбрано: историческая производительность; страховой запас 0%"
115,Опен Символ,kfm,2026-09-14,7,07:00-08:00,high,opening,auto,1.56,1.56,26.14,,,1.37,0.57,0.0,0.57,1.0,1,history,time_segment_shift_history,missing_cycle_time,location_hour,location_hour,"Нужно 1 кур.; прогноз 1.6 заказа/ч; окно opening: история 0.57, цикл 0.00; выбрано: историческая производительность; страховой запас 0%"
115,Опен Символ,kfm,2026-09-14,8,08:00-09:00,high,early_morning,auto,2.25,2.25,21.0,,,1.3,1.73,0.0,1.73,1.0,2,history,segment_shift_history,missing_cycle_time,location_hour,location_hour,"Нужно 2 кур.; прогноз 2.2 заказа/ч; окно early_morning: история 1.73, цикл 0.00; выбрано: историческая производительность; страховой запас 0%"
115,Опен Символ,kfm,2026-09-14,9,09:00-10:00,high,morning,auto,3.12,5.55,23.31,,,1.16,2.39,0.0,2.39,1.0,2,history,segment_shift_history,missing_cycle_time,location_hour,location_hour,"Нужно 2 кур.; прогноз 3.1 заказа/ч; окно morning: история 2.39, цикл 0.00; выбрано: историческая производительность; страховой запас 0%"
115,Опен Символ,kfm,2026-09-14,10,10:00-11:00,high,morning,auto,2.43,5.55,20.18,,,1.16,2.39,0.0,2.39,1.0,2,history,segment_shift_history,missing_cycle_time,location_hour,location_hour,"Нужно 2 кур.; прогноз 2.4 заказа/ч; окно morning: история 2.39, цикл 0.00; выбрано: историческая производительность; страховой запас 0%"
115,Опен Символ,kfm,2026-09-14,11,11:00-12:00,high,lunch,auto,3.07,11.51,25.28,,,1.14,2.51,0.0,2.51,1.0,2,history,segment_shift_history,missing_cycle_time,location_hour,location_hour,"Нужно 2 кур.; прогноз 3.1 заказа/ч; окно lunch: история 2.51, цикл 0.00; выбрано: историческая производительность; страховой запас 0%"
115,Опен Символ,kfm,2026-09-14,12,12:00-13:00,high,lunch,auto,2.89,11.51,27.77,,,1.14,2.51,0.0,2.51,1.0,2,history,segment_shift_history,missing_cycle_time,location_hour,location_hour,"Нужно 2 кур.; прогноз 2.9 заказа/ч; окно lunch: история 2.51, цикл 0.00; выбрано: историческая производительность; страховой запас 0%"
115,Опен Символ,kfm,2026-09-14,13,13:00-14:00,high,lunch,auto,2.21,11.51,23.81,,,1.14,2.51,0.0,2.51,1.0,2,history,segment_shift_history,missing_cycle_time,location_hour,location_hour,"Нужно 2 кур.; прогноз 2.2 заказа/ч; окно lunch: история 2.51, цикл 0.00; выбрано: историческая производительность; страховой запас 0%"
115,Опен Символ,kfm,2026-09-14,14,14:00-15:00,high,lunch,auto,3.34,11.51,24.02,,,1.14,2.51,0.0,2.51,1.0,2,history,segment_shift_history,missing_cycle_time,location_hour,location_hour,"Нужно 2 кур.; прогноз 3.3 заказа/ч; окно lunch: история 2.51, цикл 0.00; выбрано: историческая производительность; страховой запас 0%"
115,Опен Символ,kfm,2026-09-14,15,15:00-16:00,high,afternoon,auto,2.53,5.98,24.94,,,0.85,2.35,0.0,2.35,1.0,2,history,segment_shift_history,missing_cycle_time,location_hour,location_hour,"Нужно 2 кур.; прогноз 2.5 заказа/ч; окно afternoon: история 2.35, цикл 0.00; выбрано: историческая производительность; страховой запас 0%"
115,Опен Символ,kfm,2026-09-14,16,16:00-17:00,high,afternoon,auto,1.9,5.98,26.91,,,0.85,2.35,0.0,2.35,1.0,2,history,segment_shift_history,missing_cycle_time,location_hour,location_hour,"Нужно 2 кур.; прогноз 1.9 заказа/ч; окно afternoon: история 2.35, цикл 0.00; выбрано: историческая производительность; страховой запас 0%"
115,Опен Символ,kfm,2026-09-14,17,17:00-18:00,high,afternoon,auto,1.55,5.98,31.55,,,0.85,2.35,0.0,2.35,1.0,2,history,segment_shift_history,missing_cycle_time,location_hour,location_hour,"Нужно 2 кур.; прогноз 1.5 заказа/ч; окно afternoon: история 2.35, цикл 0.00; выбрано: историческая производительность; страховой запас 0%"
115,Опен Символ,kfm,2026-09-14,18,18:00-19:00,high,dinner,auto,1.61,5.55,25.69,,,0.87,2.14,0.0,2.14,1.0,2,history,segment_shift_history,missing_cycle_time,location_hour,location_hour,"Нужно 2 кур.; прогноз 1.6 заказа/ч; окно dinner: история 2.14, цикл 0.00; выбрано: историческая производительность; страховой запас 0%"
115,Опен Символ,kfm,2026-09-14,19,19:00-20:00,high,dinner,auto,1.99,5.55,27.81,,,0.87,2.14,0.0,2.14,1.0,2,history,segment_shift_history,missing_cycle_time,location_hour,location_hour,"Нужно 2 кур.; прогноз 2.0 заказа/ч; окно dinner: история 2.14, цикл 0.00; выбрано: историческая производительность; страховой запас 0%"
115,Опен Символ,kfm,2026-09-14,20,20:00-21:00,high,dinner,auto,1.95,5.55,20.93,,,0.87,2.14,0.0,2.14,1.0,2,history,segment_shift_history,missing_cycle_time,location_hour,location_hour,"Нужно 2 кур.; прогноз 2.0 заказа/ч; окно dinner: история 2.14, цикл 0.00; выбрано: историческая производительность; страховой запас 0%"
115,Опен Символ,kfm,2026-09-14,21,21:00-22:00,high,late_evening,auto,1.71,1.76,16.4,,,1.09,0.54,0.0,0.54,1.0,1,history,segment_shift_history,missing_cycle_time,location_hour,location_hour,"Нужно 1 кур.; прогноз 1.7 заказа/ч; окно late_evening: история 0.54, цикл 0.00; выбрано: историческая производительность; страховой запас 0%"
115,Опен Символ,kfm,2026-09-14,22,22:00-23:00,high,late_evening,auto,0.05,1.76,18.72,,,1.09,0.54,0.0,0.54,1.0,1,history,segment_shift_history,missing_cycle_time,location_hour,location_hour,"Нужно 1 кур.; прогноз 0.0 заказа/ч; окно late_evening: история 0.54, цикл 0.00; выбрано: историческая производительность; страховой запас 0%"
115,Опен Символ,kfm,2026-09-14,7,07:00-08:00,high,opening,bike,0.94,0.94,11.83,,,1.92,0.25,0.0,0.25,1.0,0,history,time_segment_shift_history,missing_cycle_time,location_hour,location_hour,"Нужно 0 кур.; прогноз 0.9 заказа/ч; окно opening: история 0.25, цикл 0.00; выбрано: историческая производительность; страховой запас 0%"
115,Опен Символ,kfm,2026-09-14,8,08:00-09:00,high,early_morning,bike,1.35,1.35,11.46,,,1.8,0.75,0.0,0.75,1.0,1,history,segment_shift_history,missing_cycle_time,location_hour,location_hour,"Нужно 1 кур.; прогноз 1.4 заказа/ч; окно early_morning: история 0.75, цикл 0.00; выбрано: историческая производительность; страховой запас 0%"
115,Опен Символ,kfm,2026-09-14,9,09:00-10:00,high,morning,bike,1.88,3.34,8.84,,,1.95,0.86,0.0,0.86,1.0,1,history,segment_shift_history,missing_cycle_time,location_hour,location_hour,"Нужно 1 кур.; прогноз 1.9 заказа/ч; окно morning: история 0.86, цикл 0.00; выбрано: историческая производительность; страховой запас 0%"
115,Опен Символ,kfm,2026-09-14,10,10:00-11:00,high,morning,bike,1.46,3.34,11.3,,,1.95,0.86,0.0,0.86,1.0,1,history,segment_shift_history,missing_cycle_time,location_hour,location_hour,"Нужно 1 кур.; прогноз 1.5 заказа/ч; окно morning: история 0.86, цикл 0.00; выбрано: историческая производительность; страховой запас 0%"
115,Опен Символ,kfm,2026-09-14,11,11:00-12:00,high,lunch,bike,1.85,6.94,11.51,,,1.88,0.92,0.0,0.92,1.0,1,history,segment_shift_history,missing_cycle_time,location_hour,location_hour,"Нужно 1 кур.; прогноз 1.9 заказа/ч; окно lunch: история 0.92, цикл 0.00; выбрано: историческая производительность; страховой запас 0%"
115,Опен Символ,kfm,2026-09-14,12,12:00-13:00,high,lunch,bike,1.74,6.94,10.03,,,1.88,0.92,0.0,0.92,1.0,1,history,segment_shift_history,missing_cycle_time,location_hour,location_hour,"Нужно 1 кур.; прогноз 1.7 заказа/ч; окно lunch: история 0.92, цикл 0.00; выбрано: историческая производительность; страховой запас 0%"
115,Опен Символ,kfm,2026-09-14,13,13:00-14:00,high,lunch,bike,1.33,6.94,11.6,,,1.88,0.92,0.0,0.92,1.0,1,history,segment_shift_history,missing_cycle_time,location_hour,location_hour,"Нужно 1 кур.; прогноз 1.3 заказа/ч; окно lunch: история 0.92, цикл 0.00; выбрано: историческая производительность; страховой запас 0%"
115,Опен Символ,kfm,2026-09-14,14,14:00-15:00,high,lunch,bike,2.01,6.94,9.2,,,1.88,0.92,0.0,0.92,1.0,1,history,segment_shift_history,missing_cycle_time,location_hour,location_hour,"Нужно 1 кур.; прогноз 2.0 заказа/ч; окно lunch: история 0.92, цикл 0.00; выбрано: историческая производительность; страховой запас 0%"
115,Опен Символ,kfm,2026-09-14,15,15:00-16:00,high,afternoon,bike,1.53,3.6,9.28,,,1.47,0.81,0.0,0.81,1.0,1,history,segment_shift_history,missing_cycle_time,location_hour,location_hour,"Нужно 1 кур.; прогноз 1.5 заказа/ч; окно afternoon: история 0.81, цикл 0.00; выбрано: историческая производительность; страховой запас 0%"
115,Опен Символ,kfm,2026-09-14,16,16:00-17:00,high,afternoon,bike,1.14,3.6,11.45,,,1.47,0.81,0.0,0.81,1.0,1,history,segment_shift_history,missing_cycle_time,location_hour,location_hour,"Нужно 1 кур.; прогноз 1.1 заказа/ч; окно afternoon: история 0.81, цикл 0.00; выбрано: историческая производительность; страховой запас 0%"
115,Опен Символ,kfm,2026-09-14,17,17:00-18:00,high,afternoon,bike,0.93,3.6,12.81,,,1.47,0.81,0.0,0.81,1.0,1,history,segment_shift_history,missing_cycle_time,location_hour,location_hour,"Нужно 1 кур.; прогноз 0.9 заказа/ч; окно afternoon: история 0.81, цикл 0.00; выбрано: историческая производительность; страховой запас 0%"
115,Опен Символ,kfm,2026-09-14,18,18:00-19:00,high,dinner,bike,0.97,3.35,12.99,,,1.74,0.64,0.0,0.64,1.0,1,history,segment_shift_history,missing_cycle_time,location_hour,location_hour,"Нужно 1 кур.; прогноз 1.0 заказа/ч; окно dinner: история 0.64, цикл 0.00; выбрано: историческая производительность; страховой запас 0%"
115,Опен Символ,kfm,2026-09-14,19,19:00-20:00,high,dinner,bike,1.2,3.35,8.53,,,1.74,0.64,0.0,0.64,1.0,1,history,segment_shift_history,missing_cycle_time,location_hour,location_hour,"Нужно 1 кур.; прогноз 1.2 заказа/ч; окно dinner: история 0.64, цикл 0.00; выбрано: историческая производительность; страховой запас 0%"
115,Опен Символ,kfm,2026-09-14,20,20:00-21:00,high,dinner,bike,1.18,3.35,8.01,,,1.74,0.64,0.0,0.64,1.0,1,history,segment_shift_history,missing_cycle_time,location_hour,location_hour,"Нужно 1 кур.; прогноз 1.2 заказа/ч; окно dinner: история 0.64, цикл 0.00; выбрано: историческая производительность; страховой запас 0%"
115,Опен Символ,kfm,2026-09-14,21,21:00-22:00,high,late_evening,bike,1.03,1.06,9.94,,,1.74,0.2,0.0,0.2,1.0,0,history,time_segment_shift_history,missing_cycle_time,location_hour,global_hour,"Нужно 0 кур.; прогноз 1.0 заказа/ч; окно late_evening: история 0.20, цикл 0.00; выбрано: историческая производительность; страховой запас 0%"
115,Опен Символ,kfm,2026-09-14,22,22:00-23:00,high,late_evening,bike,0.03,1.06,9.8,,,1.74,0.2,0.0,0.2,1.0,0,history,time_segment_shift_history,missing_cycle_time,location_hour,global_hour,"Нужно 0 кур.; прогноз 0.0 заказа/ч; окно late_evening: история 0.20, цикл 0.00; выбрано: историческая производительность; страховой запас 0%"
117,Корнер Смоленская,non_kfm,2026-09-14,12,12:00-13:00,low,block_12_18,auto,0.06,0.3,23.54,,,1.09,0.0,0.0,0.0,1.0,0,history,time_segment_shift_history,missing_cycle_time,global_hour,global_hour,"Нужно 0 кур.; прогноз 0.1 заказа/ч; окно block_12_18: история 0.00, цикл 0.00; выбрано: историческая производительность; страховой запас 0%"
117,Корнер Смоленская,non_kfm,2026-09-14,13,13:00-14:00,low,block_12_18,auto,0.06,0.3,16.4,,,1.09,0.0,0.0,0.0,1.0,0,history,time_segment_shift_history,missing_cycle_time,global_hour,location_hour,"Нужно 0 кур.; прогноз 0.1 заказа/ч; окно block_12_18: история 0.00, цикл 0.00; выбрано: историческая производительность; страховой запас 0%"
117,Корнер Смоленская,non_kfm,2026-09-14,14,14:00-15:00,low,block_12_18,auto,0.06,0.3,24.06,,,1.09,0.0,0.0,0.0,1.0,0,history,time_segment_shift_history,missing_cycle_time,global_hour,global_hour,"Нужно 0 кур.; прогноз 0.1 заказа/ч; окно block_12_18: история 0.00, цикл 0.00; выбрано: историческая производительность; страховой запас 0%"
117,Корнер Смоленская,non_kfm,2026-09-14,15,15:00-16:00,low,block_12_18,auto,0.05,0.3,13.57,,,1.09,0.0,0.0,0.0,1.0,0,history,time_segment_shift_history,missing_cycle_time,global_hour,location_hour,"Нужно 0 кур.; прогноз 0.0 заказа/ч; окно block_12_18: история 0.00, цикл 0.00; выбрано: историческая производительность; страховой запас 0%"
117,Корнер Смоленская,non_kfm,2026-09-14,16,16:00-17:00,low,block_12_18,auto,0.04,0.3,25.16,,,1.09,0.0,0.0,0.0,1.0,0,history,time_segment_shift_history,missing_cycle_time,global_hour,global_hour,"Нужно 0 кур.; прогноз 0.0 заказа/ч; окно block_12_18: история 0.00, цикл 0.00; выбрано: историческая производительность; страховой запас 0%"
117,Корнер Смоленская,non_kfm,2026-09-14,17,17:00-18:00,low,block_12_18,auto,0.04,0.3,21.99,,,1.09,0.0,0.0,0.0,1.0,0,history,time_segment_shift_history,missing_cycle_time,global_hour,location_hour,"Нужно 0 кур.; прогноз 0.0 заказа/ч; окно block_12_18: история 0.00, цикл 0.00; выбрано: историческая производительность; страховой запас 0%"
117,Корнер Смоленская,non_kfm,2026-09-14,18,18:00-19:00,low,block_18_24,auto,0.06,0.26,27.41,,,1.15,0.0,0.0,0.0,1.0,0,history,time_segment_shift_history,missing_cycle_time,global_hour,global_hour,"Нужно 0 кур.; прогноз 0.1 заказа/ч; окно block_18_24: история 0.00, цикл 0.00; выбрано: историческая производительность; страховой запас 0%"
117,Корнер Смоленская,non_kfm,2026-09-14,19,19:00-20:00,low,block_18_24,auto,0.06,0.26,26.64,,,1.15,0.0,0.0,0.0,1.0,0,history,time_segment_shift_history,missing_cycle_time,global_hour,global_hour,"Нужно 0 кур.; прогноз 0.1 заказа/ч; окно block_18_24: история 0.00, цикл 0.00; выбрано: историческая производительность; страховой запас 0%"
117,Корнер Смоленская,non_kfm,2026-09-14,20,20:00-21:00,low,block_18_24,auto,0.06,0.26,12.68,,,1.15,0.0,0.0,0.0,1.0,0,history,time_segment_shift_history,missing_cycle_time,global_hour,location_hour,"Нужно 0 кур.; прогноз 0.1 заказа/ч; окно block_18_24: история 0.00, цикл 0.00; выбрано: историческая производительность; страховой запас 0%"
117,Корнер Смоленская,non_kfm,2026-09-14,21,21:00-22:00,low,block_18_24,auto,0.04,0.26,21.83,,,1.15,0.0,0.0,0.0,1.0,0,history,time_segment_shift_history,missing_cycle_time,global_hour,global_hour,"Нужно 0 кур.; прогноз 0.0 заказа/ч; окно block_18_24: история 0.00, цикл 0.00; выбрано: историческая производительность; страховой запас 0%"
117,Корнер Смоленская,non_kfm,2026-09-14,22,22:00-23:00,low,block_18_24,auto,0.02,0.26,16.14,,,1.15,0.0,0.0,0.0,1.0,0,history,time_segment_shift_history,missing_cycle_time,global_hour,global_hour,"Нужно 0 кур.; прогноз 0.0 заказа/ч; окно block_18_24: история 0.00, цикл 0.00; выбрано: историческая производительность; страховой запас 0%"
117,Корнер Смоленская,non_kfm,2026-09-14,12,12:00-13:00,low,block_12_18,bike,0.02,0.11,10.37,,,2.83,0.0,0.0,0.0,1.0,0,history,time_segment_shift_history,missing_cycle_time,global_hour,global_hour,"Нужно 0 кур.; прогноз 0.0 заказа/ч; окно block_12_18: история 0.00, цикл 0.00; выбрано: историческая производительность; страховой запас 0%"
117,Корнер Смоленская,non_kfm,2026-09-14,13,13:00-14:00,low,block_12_18,bike,0.02,0.11,19.61,,,2.83,0.0,0.0,0.0,1.0,0,history,time_segment_shift_history,missing_cycle_time,global_hour,location_hour,"Нужно 0 кур.; прогноз 0.0 заказа/ч; окно block_12_18: история 0.00, цикл 0.00; выбрано: историческая производительность; страховой запас 0%"
117,Корнер Смоленская,non_kfm,2026-09-14,14,14:00-15:00,low,block_12_18,bike,0.02,0.11,41.43,,,2.83,0.0,0.0,0.0,1.0,0,history,time_segment_shift_history,missing_cycle_time,global_hour,location_hour,"Нужно 0 кур.; прогноз 0.0 заказа/ч; окно block_12_18: история 0.00, цикл 0.00; выбрано: историческая производительность; страховой запас 0%"
117,Корнер Смоленская,non_kfm,2026-09-14,15,15:00-16:00,low,block_12_18,bike,0.02,0.11,10.75,,,2.83,0.0,0.0,0.0,1.0,0,history,time_segment_shift_history,missing_cycle_time,global_hour,global_hour,"Нужно 0 кур.; прогноз 0.0 заказа/ч; окно block_12_18: история 0.00, цикл 0.00; выбрано: историческая производительность; страховой запас 0%"
117,Корнер Смоленская,non_kfm,2026-09-14,16,16:00-17:00,low,block_12_18,bike,0.01,0.11,11.02,,,2.83,0.0,0.0,0.0,1.0,0,history,time_segment_shift_history,missing_cycle_time,global_hour,global_hour,"Нужно 0 кур.; прогноз 0.0 заказа/ч; окно block_12_18: история 0.00, цикл 0.00; выбрано: историческая производительность; страховой запас 0%"
117,Корнер Смоленская,non_kfm,2026-09-14,17,17:00-18:00,low,block_12_18,bike,0.01,0.11,10.83,,,2.83,0.0,0.0,0.0,1.0,0,history,time_segment_shift_history,missing_cycle_time,global_hour,global_hour,"Нужно 0 кур.; прогноз 0.0 заказа/ч; окно block_12_18: история 0.00, цикл 0.00; выбрано: историческая производительность; страховой запас 0%"
117,Корнер Смоленская,non_kfm,2026-09-14,18,18:00-19:00,low,block_18_24,bike,0.04,0.16,11.55,,,2.05,0.0,0.0,0.0,1.0,0,history,time_segment_shift_history,missing_cycle_time,global_hour,location_hour,"Нужно 0 кур.; прогноз 0.0 заказа/ч; окно block_18_24: история 0.00, цикл 0.00; выбрано: историческая производительность; страховой запас 0%"
117,Корнер Смоленская,non_kfm,2026-09-14,19,19:00-20:00,low,block_18_24,bike,0.04,0.16,14.84,,,2.05,0.0,0.0,0.0,1.0,0,history,time_segment_shift_history,missing_cycle_time,global_hour,location_hour,"Нужно 0 кур.; прогноз 0.0 заказа/ч; окно block_18_24: история 0.00, цикл 0.00; выбрано: историческая производительность; страховой запас 0%"
117,Корнер Смоленская,non_kfm,2026-09-14,20,20:00-21:00,low,block_18_24,bike,0.03,0.16,10.37,,,2.05,0.0,0.0,0.0,1.0,0,history,time_segment_shift_history,missing_cycle_time,global_hour,location_hour,"Нужно 0 кур.; прогноз 0.0 заказа/ч; окно block_18_24: история 0.00, цикл 0.00; выбрано: историческая производительность; страховой запас 0%"
117,Корнер Смоленская,non_kfm,2026-09-14,21,21:00-22:00,low,block_18_24,bike,0.03,0.16,5.76,,,2.05,0.0,0.0,0.0,1.0,0,history,time_segment_shift_history,missing_cycle_time,global_hour,location_hour,"Нужно 0 кур.; прогноз 0.0 заказа/ч; окно block_18_24: история 0.00, цикл 0.00; выбрано: историческая производительность; страховой запас 0%"
117,Корнер Смоленская,non_kfm,2026-09-14,22,22:00-23:00,low,block_18_24,bike,0.01,0.16,9.8,,,2.05,0.0,0.0,0.0,1.0,0,history,time_segment_shift_history,missing_cycle_time,global_hour,global_hour,"Нужно 0 кур.; прогноз 0.0 заказа/ч; окно block_18_24: история 0.00, цикл 0.00; выбрано: историческая производительность; страховой запас 0%"
118,Falko Pizza Сокол,non_kfm,2026-09-14,9,09:00-10:00,low,block_06_12,auto,0.02,0.1,21.64,,,1.28,0.0,0.0,0.0,1.0,0,history,time_segment_shift_history,missing_cycle_time,global_hour,global_hour,"Нужно 0 кур.; прогноз 0.0 заказа/ч; окно block_06_12: история 0.00, цикл 0.00; выбрано: историческая производительность; страховой запас 0%"
118,Falko Pizza Сокол,non_kfm,2026-09-14,10,10:00-11:00,low,block_06_12,auto,0.02,0.1,21.71,,,1.28,0.0,0.0,0.0,1.0,0,history,time_segment_shift_history,missing_cycle_time,global_hour,global_hour,"Нужно 0 кур.; прогноз 0.0 заказа/ч; окно block_06_12: история 0.00, цикл 0.00; выбрано: историческая производительность; страховой запас 0%"
118,Falko Pizza Сокол,non_kfm,2026-09-14,11,11:00-12:00,low,block_06_12,auto,0.02,0.1,22.82,,,1.28,0.0,0.0,0.0,1.0,0,history,time_segment_shift_history,missing_cycle_time,global_hour,global_hour,"Нужно 0 кур.; прогноз 0.0 заказа/ч; окно block_06_12: история 0.00, цикл 0.00; выбрано: историческая производительность; страховой запас 0%"
118,Falko Pizza Сокол,non_kfm,2026-09-14,12,12:00-13:00,low,block_12_18,auto,0.03,0.17,23.54,,,1.09,0.0,0.0,0.0,1.0,0,history,time_segment_shift_history,missing_cycle_time,global_hour,global_hour,"Нужно 0 кур.; прогноз 0.0 заказа/ч; окно block_12_18: история 0.00, цикл 0.00; выбрано: историческая производительность; страховой запас 0%"
118,Falko Pizza Сокол,non_kfm,2026-09-14,13,13:00-14:00,low,block_12_18,auto,0.03,0.17,23.55,,,1.09,0.0,0.0,0.0,1.0,0,history,time_segment_shift_history,missing_cycle_time,global_hour,global_hour,"Нужно 0 кур.; прогноз 0.0 заказа/ч; окно block_12_18: история 0.00, цикл 0.00; выбрано: историческая производительность; страховой запас 0%"
118,Falko Pizza Сокол,non_kfm,2026-09-14,14,14:00-15:00,low,block_12_18,auto,0.03,0.17,24.06,,,1.09,0.0,0.0,0.0,1.0,0,history,time_segment_shift_history,missing_cycle_time,global_hour,global_hour,"Нужно 0 кур.; прогноз 0.0 заказа/ч; окно block_12_18: история 0.00, цикл 0.00; выбрано: историческая производительность; страховой запас 0%"
118,Falko Pizza Сокол,non_kfm,2026-09-14,15,15:00-16:00,low,block_12_18,auto,0.03,0.17,24.51,,,1.09,0.0,0.0,0.0,1.0,0,history,time_segment_shift_history,missing_cycle_time,global_hour,global_hour,"Нужно 0 кур.; прогноз 0.0 заказа/ч; окно block_12_18: история 0.00, цикл 0.00; выбрано: историческая производительность; страховой запас 0%"
118,Falko Pizza Сокол,non_kfm,2026-09-14,16,16:00-17:00,low,block_12_18,auto,0.02,0.17,25.16,,,1.09,0.0,0.0,0.0,1.0,0,history,time_segment_shift_history,missing_cycle_time,global_hour,global_hour,"Нужно 0 кур.; прогноз 0.0 заказа/ч; окно block_12_18: история 0.00, цикл 0.00; выбрано: историческая производительность; страховой запас 0%"
118,Falko Pizza Сокол,non_kfm,2026-09-14,17,17:00-18:00,low,block_12_18,auto,0.02,0.17,27.66,,,1.09,0.0,0.0,0.0,1.0,0,history,time_segment_shift_history,missing_cycle_time,global_hour,global_hour,"Нужно 0 кур.; прогноз 0.0 заказа/ч; окно block_12_18: история 0.00, цикл 0.00; выбрано: историческая производительность; страховой запас 0%"
118,Falko Pizza Сокол,non_kfm,2026-09-14,18,18:00-19:00,low,block_18_24,auto,0.02,0.09,27.41,,,1.15,0.0,0.0,0.0,1.0,0,history,time_segment_shift_history,missing_cycle_time,global_hour,global_hour,"Нужно 0 кур.; прогноз 0.0 заказа/ч; окно block_18_24: история 0.00, цикл 0.00; выбрано: историческая производительность; страховой запас 0%"
118,Falko Pizza Сокол,non_kfm,2026-09-14,9,09:00-10:00,low,block_06_12,bike,0.01,0.05,10.37,,,3.03,0.0,0.0,0.0,1.0,0,history,time_segment_shift_history,missing_cycle_time,global_hour,global_hour,"Нужно 0 кур.; прогноз 0.0 заказа/ч; окно block_06_12: история 0.00, цикл 0.00; выбрано: историческая производительность; страховой запас 0%"
118,Falko Pizza Сокол,non_kfm,2026-09-14,10,10:00-11:00,low,block_06_12,bike,0.01,0.05,10.11,,,3.03,0.0,0.0,0.0,1.0,0,history,time_segment_shift_history,missing_cycle_time,global_hour,global_hour,"Нужно 0 кур.; прогноз 0.0 заказа/ч; окно block_06_12: история 0.00, цикл 0.00; выбрано: историческая производительность; страховой запас 0%"
118,Falko Pizza Сокол,non_kfm,2026-09-14,11,11:00-12:00,low,block_06_12,bike,0.01,0.05,10.41,,,3.03,0.0,0.0,0.0,1.0,0,history,time_segment_shift_history,missing_cycle_time,global_hour,global_hour,"Нужно 0 кур.; прогноз 0.0 заказа/ч; окно block_06_12: история 0.00, цикл 0.00; выбрано: историческая производительность; страховой запас 0%"
118,Falko Pizza Сокол,non_kfm,2026-09-14,12,12:00-13:00,low,block_12_18,bike,0.01,0.06,10.37,,,2.83,0.0,0.0,0.0,1.0,0,history,time_segment_shift_history,missing_cycle_time,global_hour,global_hour,"Нужно 0 кур.; прогноз 0.0 заказа/ч; окно block_12_18: история 0.00, цикл 0.00; выбрано: историческая производительность; страховой запас 0%"
118,Falko Pizza Сокол,non_kfm,2026-09-14,13,13:00-14:00,low,block_12_18,bike,0.01,0.06,10.39,,,2.83,0.0,0.0,0.0,1.0,0,history,time_segment_shift_history,missing_cycle_time,global_hour,global_hour,"Нужно 0 кур.; прогноз 0.0 заказа/ч; окно block_12_18: история 0.00, цикл 0.00; выбрано: историческая производительность; страховой запас 0%"
118,Falko Pizza Сокол,non_kfm,2026-09-14,14,14:00-15:00,low,block_12_18,bike,0.01,0.06,10.2,,,2.83,0.0,0.0,0.0,1.0,0,history,time_segment_shift_history,missing_cycle_time,global_hour,global_hour,"Нужно 0 кур.; прогноз 0.0 заказа/ч; окно block_12_18: история 0.00, цикл 0.00; выбрано: историческая производительность; страховой запас 0%"
118,Falko Pizza Сокол,non_kfm,2026-09-14,15,15:00-16:00,low,block_12_18,bike,0.01,0.06,10.75,,,2.83,0.0,0.0,0.0,1.0,0,history,time_segment_shift_history,missing_cycle_time,global_hour,global_hour,"Нужно 0 кур.; прогноз 0.0 заказа/ч; окно block_12_18: история 0.00, цикл 0.00; выбрано: историческая производительность; страховой запас 0%"
118,Falko Pizza Сокол,non_kfm,2026-09-14,16,16:00-17:00,low,block_12_18,bike,0.01,0.06,11.02,,,2.83,0.0,0.0,0.0,1.0,0,history,time_segment_shift_history,missing_cycle_time,global_hour,global_hour,"Нужно 0 кур.; прогноз 0.0 заказа/ч; окно block_12_18: история 0.00, цикл 0.00; выбрано: историческая производительность; страховой запас 0%"
118,Falko Pizza Сокол,non_kfm,2026-09-14,17,17:00-18:00,low,block_12_18,bike,0.01,0.06,10.83,,,2.83,0.0,0.0,0.0,1.0,0,history,time_segment_shift_history,missing_cycle_time,global_hour,global_hour,"Нужно 0 кур.; прогноз 0.0 заказа/ч; окно block_12_18: история 0.00, цикл 0.00; выбрано: историческая производительность; страховой запас 0%"
118,Falko Pizza Сокол,non_kfm,2026-09-14,18,18:00-19:00,low,block_18_24,bike,0.01,0.05,11.1,,,2.05,0.0,0.0,0.0,1.0,0,history,time_segment_shift_history,missing_cycle_time,global_hour,global_hour,"Нужно 0 кур.; прогноз 0.0 заказа/ч; окно block_18_24: история 0.00, цикл 0.00; выбрано: историческая производительность; страховой запас 0%"
119,Bluefin Успенское,non_kfm,2026-09-14,11,11:00-12:00,low,block_06_12,auto,0.07,0.26,22.82,,,1.28,0.0,0.0,0.0,1.0,0,history,time_segment_shift_history,missing_cycle_time,global_hour,global_hour,"Нужно 0 кур.; прогноз 0.1 заказа/ч; окно block_06_12: история 0.00, цикл 0.00; выбрано: историческая производительность; страховой запас 0%"
119,Bluefin Успенское,non_kfm,2026-09-14,12,12:00-13:00,low,block_12_18,auto,0.22,1.07,23.54,,,1.09,0.16,0.0,0.16,1.0,0,history,time_segment_shift_history,missing_cycle_time,global_hour,global_hour,"Нужно 0 кур.; прогноз 0.2 заказа/ч; окно block_12_18: история 0.16, цикл 0.00; выбрано: историческая производительность; страховой запас 0%"
119,Bluefin Успенское,non_kfm,2026-09-14,13,13:00-14:00,low,block_12_18,auto,0.22,1.07,23.55,,,1.09,0.16,0.0,0.16,1.0,0,history,time_segment_shift_history,missing_cycle_time,global_hour,global_hour,"Нужно 0 кур.; прогноз 0.2 заказа/ч; окно block_12_18: история 0.16, цикл 0.00; выбрано: историческая производительность; страховой запас 0%"
119,Bluefin Успенское,non_kfm,2026-09-14,14,14:00-15:00,low,block_12_18,auto,0.19,1.07,24.06,,,1.09,0.16,0.0,0.16,1.0,0,history,time_segment_shift_history,missing_cycle_time,global_hour,global_hour,"Нужно 0 кур.; прогноз 0.2 заказа/ч; окно block_12_18: история 0.16, цикл 0.00; выбрано: историческая производительность; страховой запас 0%"
119,Bluefin Успенское,non_kfm,2026-09-14,15,15:00-16:00,low,block_12_18,auto,0.16,1.07,24.51,,,1.09,0.16,0.0,0.16,1.0,0,history,time_segment_shift_history,missing_cycle_time,global_hour,global_hour,"Нужно 0 кур.; прогноз 0.2 заказа/ч; окно block_12_18: история 0.16, цикл 0.00; выбрано: историческая производительность; страховой запас 0%"
119,Bluefin Успенское,non_kfm,2026-09-14,16,16:00-17:00,low,block_12_18,auto,0.14,1.07,25.16,,,1.09,0.16,0.0,0.16,1.0,0,history,time_segment_shift_history,missing_cycle_time,global_hour,global_hour,"Нужно 0 кур.; прогноз 0.1 заказа/ч; окно block_12_18: история 0.16, цикл 0.00; выбрано: историческая производительность; страховой запас 0%"
119,Bluefin Успенское,non_kfm,2026-09-14,17,17:00-18:00,low,block_12_18,auto,0.13,1.07,27.66,,,1.09,0.16,0.0,0.16,1.0,0,history,time_segment_shift_history,missing_cycle_time,global_hour,global_hour,"Нужно 0 кур.; прогноз 0.1 заказа/ч; окно block_12_18: история 0.16, цикл 0.00; выбрано: историческая производительность; страховой запас 0%"
119,Bluefin Успенское,non_kfm,2026-09-14,18,18:00-19:00,low,block_18_24,auto,0.22,0.92,27.41,,,1.15,0.13,0.0,0.13,1.0,0,history,time_segment_shift_history,missing_cycle_time,global_hour,global_hour,"Нужно 0 кур.; прогноз 0.2 заказа/ч; окно block_18_24: история 0.13, цикл 0.00; выбрано: историческая производительность; страховой запас 0%"
119,Bluefin Успенское,non_kfm,2026-09-14,19,19:00-20:00,low,block_18_24,auto,0.22,0.92,26.64,,,1.15,0.13,0.0,0.13,1.0,0,history,time_segment_shift_history,missing_cycle_time,global_hour,global_hour,"Нужно 0 кур.; прогноз 0.2 заказа/ч; окно block_18_24: история 0.13, цикл 0.00; выбрано: историческая производительность; страховой запас 0%"
119,Bluefin Успенское,non_kfm,2026-09-14,20,20:00-21:00,low,block_18_24,auto,0.2,0.92,23.12,,,1.15,0.13,0.0,0.13,1.0,0,history,time_segment_shift_history,missing_cycle_time,global_hour,global_hour,"Нужно 0 кур.; прогноз 0.2 заказа/ч; окно block_18_24: история 0.13, цикл 0.00; выбрано: историческая производительность; страховой запас 0%"
119,Bluefin Успенское,non_kfm,2026-09-14,21,21:00-22:00,low,block_18_24,auto,0.15,0.92,21.83,,,1.15,0.13,0.0,0.13,1.0,0,history,time_segment_shift_history,missing_cycle_time,global_hour,global_hour,"Нужно 0 кур.; прогноз 0.1 заказа/ч; окно block_18_24: история 0.13, цикл 0.00; выбрано: историческая производительность; страховой запас 0%"
12,Хорошо,kfm,2026-09-14,8,08:00-09:00,high,early_morning,auto,1.62,1.62,25.85,,,1.3,1.24,0.0,1.24,1.0,1,history,segment_shift_history,missing_cycle_time,location_hour,location_hour,"Нужно 1 кур.; прогноз 1.6 заказа/ч; окно early_morning: история 1.24, цикл 0.00; выбрано: историческая производительность; страховой запас 0%"
12,Хорошо,kfm,2026-09-14,9,09:00-10:00,high,morning,auto,2.1,4.83,20.73,,,1.16,2.08,0.0,2.08,1.0,2,history,segment_shift_history,missing_cycle_time,location_hour,location_hour,"Нужно 2 кур.; прогноз 2.1 заказа/ч; окно morning: история 2.08, цикл 0.00; выбрано: историческая производительность; страховой запас 0%"
12,Хорошо,kfm,2026-09-14,10,10:00-11:00,high,morning,auto,2.73,4.83,19.85,,,1.16,2.08,0.0,2.08,1.0,2,history,segment_shift_history,missing_cycle_time,location_hour,location_hour,"Нужно 2 кур.; прогноз 2.7 заказа/ч; окно morning: история 2.08, цикл 0.00; выбрано: историческая производительность; страховой запас 0%"
12,Хорошо,kfm,2026-09-14,11,11:00-12:00,high,lunch,auto,3.0,11.82,22.23,,,1.14,2.58,0.0,2.58,1.0,3,history,segment_shift_history,missing_cycle_time,location_hour,location_hour,"Нужно 3 кур.; прогноз 3.0 заказа/ч; окно lunch: история 2.58, цикл 0.00; выбрано: историческая производительность; страховой запас 0%"
12,Хорошо,kfm,2026-09-14,12,12:00-13:00,high,lunch,auto,3.61,11.82,20.66,,,1.14,2.58,0.0,2.58,1.0,3,history,segment_shift_history,missing_cycle_time,location_hour,location_hour,"Нужно 3 кур.; прогноз 3.6 заказа/ч; окно lunch: история 2.58, цикл 0.00; выбрано: историческая производительность; страховой запас 0%"
12,Хорошо,kfm,2026-09-14,13,13:00-14:00,high,lunch,auto,2.84,11.82,22.7,,,1.14,2.58,0.0,2.58,1.0,3,history,segment_shift_history,missing_cycle_time,location_hour,location_hour,"Нужно 3 кур.; прогноз 2.8 заказа/ч; окно lunch: история 2.58, цикл 0.00; выбрано: историческая производительность; страховой запас 0%"
12,Хорошо,kfm,2026-09-14,14,14:00-15:00,high,lunch,auto,2.36,11.82,19.21,,,1.14,2.58,0.0,2.58,1.0,3,history,segment_shift_history,missing_cycle_time,location_hour,location_hour,"Нужно 3 кур.; прогноз 2.4 заказа/ч; окно lunch: история 2.58, цикл 0.00; выбрано: историческая производительность; страховой запас 0%"
12,Хорошо,kfm,2026-09-14,15,15:00-16:00,high,afternoon,auto,2.71,6.57,18.44,,,0.85,2.59,0.0,2.59,1.0,3,history,segment_shift_history,missing_cycle_time,location_hour,location_hour,"Нужно 3 кур.; прогноз 2.7 заказа/ч; окно afternoon: история 2.59, цикл 0.00; выбрано: историческая производительность; страховой запас 0%"
12,Хорошо,kfm,2026-09-14,16,16:00-17:00,high,afternoon,auto,1.73,6.57,19.41,,,0.85,2.59,0.0,2.59,1.0,3,history,segment_shift_history,missing_cycle_time,location_hour,location_hour,"Нужно 3 кур.; прогноз 1.7 заказа/ч; окно afternoon: история 2.59, цикл 0.00; выбрано: историческая производительность; страховой запас 0%"
12,Хорошо,kfm,2026-09-14,17,17:00-18:00,high,afternoon,auto,2.14,6.57,23.08,,,0.85,2.59,0.0,2.59,1.0,3,history,segment_shift_history,missing_cycle_time,location_hour,location_hour,"Нужно 3 кур.; прогноз 2.1 заказа/ч; окно afternoon: история 2.59, цикл 0.00; выбрано: историческая производительность; страховой запас 0%"
12,Хорошо,kfm,2026-09-14,18,18:00-19:00,high,dinner,auto,1.9,5.53,22.04,,,0.87,2.13,0.0,2.13,1.0,2,history,segment_shift_history,missing_cycle_time,location_hour,location_hour,"Нужно 2 кур.; прогноз 1.9 заказа/ч; окно dinner: история 2.13, цикл 0.00; выбрано: историческая производительность; страховой запас 0%"
12,Хорошо,kfm,2026-09-14,19,19:00-20:00,high,dinner,auto,1.8,5.53,25.17,,,0.87,2.13,0.0,2.13,1.0,2,history,segment_shift_history,missing_cycle_time,location_hour,location_hour,"Нужно 2 кур.; прогноз 1.8 заказа/ч; окно dinner: история 2.13, цикл 0.00; выбрано: историческая производительность; страховой запас 0%"
12,Хорошо,kfm,2026-09-14,20,20:00-21:00,high,dinner,auto,1.83,5.53,19.39,,,0.87,2.13,0.0,2.13,1.0,2,history,segment_shift_history,missing_cycle_time,location_hour,location_hour,"Нужно 2 кур.; прогноз 1.8 заказа/ч; окно dinner: история 2.13, цикл 0.00; выбрано: историческая производительность; страховой запас 0%"
12,Хорошо,kfm,2026-09-14,21,21:00-22:00,high,late_evening,auto,1.7,1.88,19.71,,,1.09,0.58,0.0,0.58,1.0,1,history,segment_shift_history,missing_cycle_time,location_hour,location_hour,"Нужно 1 кур.; прогноз 1.7 заказа/ч; окно late_evening: история 0.58, цикл 0.00; выбрано: историческая производительность; страховой запас 0%"
12,Хорошо,kfm,2026-09-14,8,08:00-09:00,high,early_morning,bike,1.14,1.14,18.51,,,1.8,0.64,0.0,0.64,1.0,1,history,segment_shift_history,missing_cycle_time,location_hour,location_hour,"Нужно 1 кур.; прогноз 1.1 заказа/ч; окно early_morning: история 0.64, цикл 0.00; выбрано: историческая производительность; страховой запас 0%"
12,Хорошо,kfm,2026-09-14,9,09:00-10:00,high,morning,bike,1.49,3.42,13.97,,,1.95,0.88,0.0,0.88,1.0,1,history,segment_shift_history,missing_cycle_time,location_hour,location_hour,"Нужно 1 кур.; прогноз 1.5 заказа/ч; окно morning: история 0.88, цикл 0.00; выбрано: историческая производительность; страховой запас 0%"
12,Хорошо,kfm,2026-09-14,10,10:00-11:00,high,morning,bike,1.93,3.42,11.68,,,1.95,0.88,0.0,0.88,1.0,1,history,segment_shift_history,missing_cycle_time,location_hour,location_hour,"Нужно 1 кур.; прогноз 1.9 заказа/ч; окно morning: история 0.88, цикл 0.00; выбрано: историческая производительность; страховой запас 0%"
12,Хорошо,kfm,2026-09-14,11,11:00-12:00,high,lunch,bike,2.13,8.36,13.31,,,1.88,1.11,0.0,1.11,1.0,1,history,segment_shift_history,missing_cycle_time,location_hour,location_hour,"Нужно 1 кур.; прогноз 2.1 заказа/ч; окно lunch: история 1.11, цикл 0.00; выбрано: историческая производительность; страховой запас 0%"
12,Хорошо,kfm,2026-09-14,12,12:00-13:00,high,lunch,bike,2.55,8.36,12.91,,,1.88,1.11,0.0,1.11,1.0,1,history,segment_shift_history,missing_cycle_time,location_hour,location_hour,"Нужно 1 кур.; прогноз 2.6 заказа/ч; окно lunch: история 1.11, цикл 0.00; выбрано: историческая производительность; страховой запас 0%"
12,Хорошо,kfm,2026-09-14,13,13:00-14:00,high,lunch,bike,2.01,8.36,10.6,,,1.88,1.11,0.0,1.11,1.0,1,history,segment_shift_history,missing_cycle_time,location_hour,location_hour,"Нужно 1 кур.; прогноз 2.0 заказа/ч; окно lunch: история 1.11, цикл 0.00; выбрано: историческая производительность; страховой запас 0%"
12,Хорошо,kfm,2026-09-14,14,14:00-15:00,high,lunch,bike,1.67,8.36,13.42,,,1.88,1.11,0.0,1.11,1.0,1,history,segment_shift_history,missing_cycle_time,location_hour,location_hour,"Нужно 1 кур.; прогноз 1.7 заказа/ч; окно lunch: история 1.11, цикл 0.00; выбрано: историческая производительность; страховой запас 0%"
12,Хорошо,kfm,2026-09-14,15,15:00-16:00,high,afternoon,bike,1.92,4.65,13.76,,,1.47,1.05,0.0,1.05,1.0,1,history,segment_shift_history,missing_cycle_time,location_hour,location_hour,"Нужно 1 кур.; прогноз 1.9 заказа/ч; окно afternoon: история 1.05, цикл 0.00; выбрано: историческая производительность; страховой запас 0%"
12,Хорошо,kfm,2026-09-14,16,16:00-17:00,high,afternoon,bike,1.22,4.65,12.78,,,1.47,1.05,0.0,1.05,1.0,1,history,segment_shift_history,missing_cycle_time,location_hour,location_hour,"Нужно 1 кур.; прогноз 1.2 заказа/ч; окно afternoon: история 1.05, цикл 0.00; выбрано: историческая производительность; страховой запас 0%"
12,Хорошо,kfm,2026-09-14,17,17:00-18:00,high,afternoon,bike,1.51,4.65,13.57,,,1.47,1.05,0.0,1.05,1.0,1,history,segment_shift_history,missing_cycle_time,location_hour,location_hour,"Нужно 1 кур.; прогноз 1.5 заказа/ч; окно afternoon: история 1.05, цикл 0.00; выбрано: историческая производительность; страховой запас 0%"
12,Хорошо,kfm,2026-09-14,18,18:00-19:00,high,dinner,bike,1.35,3.91,14.79,,,1.74,0.75,0.0,0.75,1.0,1,history,segment_shift_history,missing_cycle_time,location_hour,location_hour,"Нужно 1 кур.; прогноз 1.3 заказа/ч; окно dinner: история 0.75, цикл 0.00; выбрано: историческая производительность; страховой запас 0%"
12,Хорошо,kfm,2026-09-14,19,19:00-20:00,high,dinner,bike,1.27,3.91,12.05,,,1.74,0.75,0.0,0.75,1.0,1,history,segment_shift_history,missing_cycle_time,location_hour,location_hour,"Нужно 1 кур.; прогноз 1.3 заказа/ч; окно dinner: история 0.75, цикл 0.00; выбрано: историческая производительность; страховой запас 0%"
12,Хорошо,kfm,2026-09-14,20,20:00-21:00,high,dinner,bike,1.3,3.91,12.35,,,1.74,0.75,0.0,0.75,1.0,1,history,segment_shift_history,missing_cycle_time,location_hour,location_hour,"Нужно 1 кур.; прогноз 1.3 заказа/ч; окно dinner: история 0.75, цикл 0.00; выбрано: историческая производительность; страховой запас 0%"
12,Хорошо,kfm,2026-09-14,21,21:00-22:00,high,late_evening,bike,1.2,1.33,7.68,,,1.74,0.25,0.0,0.25,1.0,0,history,time_segment_shift_history,missing_cycle_time,location_hour,location_hour,"Нужно 0 кур.; прогноз 1.2 заказа/ч; окно late_evening: история 0.25, цикл 0.00; выбрано: историческая производительность; страховой запас 0%"
120,I love cake x Grande Bibliotheca Slava,non_kfm,2026-09-14,8,08:00-09:00,low,block_06_12,auto,0.01,0.08,22.41,,,1.28,0.0,0.0,0.0,1.0,0,history,time_segment_shift_history,missing_cycle_time,global_hour,global_hour,"Нужно 0 кур.; прогноз 0.0 заказа/ч; окно block_06_12: история 0.00, цикл 0.00; выбрано: историческая производительность; страховой запас 0%"
120,I love cake x Grande Bibliotheca Slava,non_kfm,2026-09-14,9,09:00-10:00,low,block_06_12,auto,0.02,0.08,21.64,,,1.28,0.0,0.0,0.0,1.0,0,history,time_segment_shift_history,missing_cycle_time,global_hour,global_hour,"Нужно 0 кур.; прогноз 0.0 заказа/ч; окно block_06_12: история 0.00, цикл 0.00; выбрано: историческая производительность; страховой запас 0%"
120,I love cake x Grande Bibliotheca Slava,non_kfm,2026-09-14,10,10:00-11:00,low,block_06_12,auto,0.02,0.08,21.71,,,1.28,0.0,0.0,0.0,1.0,0,history,time_segment_shift_history,missing_cycle_time,global_hour,global_hour,"Нужно 0 кур.; прогноз 0.0 заказа/ч; окно block_06_12: история 0.00, цикл 0.00; выбрано: историческая производительность; страховой запас 0%"
120,I love cake x Grande Bibliotheca Slava,non_kfm,2026-09-14,11,11:00-12:00,low,block_06_12,auto,0.02,0.08,22.82,,,1.28,0.0,0.0,0.0,1.0,0,history,time_segment_shift_history,missing_cycle_time,global_hour,global_hour,"Нужно 0 кур.; прогноз 0.0 заказа/ч; окно block_06_12: история 0.00, цикл 0.00; выбрано: историческая производительность; страховой запас 0%"
120,I love cake x Grande Bibliotheca Slava,non_kfm,2026-09-14,12,12:00-13:00,low,block_12_18,auto,0.02,0.12,23.54,,,1.09,0.0,0.0,0.0,1.0,0,history,time_segment_shift_history,missing_cycle_time,global_hour,global_hour,"Нужно 0 кур.; прогноз 0.0 заказа/ч; окно block_12_18: история 0.00, цикл 0.00; выбрано: историческая производительность; страховой запас 0%"
120,I love cake x Grande Bibliotheca Slava,non_kfm,2026-09-14,13,13:00-14:00,low,block_12_18,auto,0.02,0.12,23.55,,,1.09,0.0,0.0,0.0,1.0,0,history,time_segment_shift_history,missing_cycle_time,global_hour,global_hour,"Нужно 0 кур.; прогноз 0.0 заказа/ч; окно block_12_18: история 0.00, цикл 0.00; выбрано: историческая производительность; страховой запас 0%"
120,I love cake x Grande Bibliotheca Slava,non_kfm,2026-09-14,14,14:00-15:00,low,block_12_18,auto,0.02,0.12,24.06,,,1.09,0.0,0.0,0.0,1.0,0,history,time_segment_shift_history,missing_cycle_time,global_hour,global_hour,"Нужно 0 кур.; прогноз 0.0 заказа/ч; окно block_12_18: история 0.00, цикл 0.00; выбрано: историческая производительность; страховой запас 0%"
120,I love cake x Grande Bibliotheca Slava,non_kfm,2026-09-14,15,15:00-16:00,low,block_12_18,auto,0.02,0.12,24.51,,,1.09,0.0,0.0,0.0,1.0,0,history,time_segment_shift_history,missing_cycle_time,global_hour,global_hour,"Нужно 0 кур.; прогноз 0.0 заказа/ч; окно block_12_18: история 0.00, цикл 0.00; выбрано: историческая производительность; страховой запас 0%"
120,I love cake x Grande Bibliotheca Slava,non_kfm,2026-09-14,16,16:00-17:00,low,block_12_18,auto,0.01,0.12,25.16,,,1.09,0.0,0.0,0.0,1.0,0,history,time_segment_shift_history,missing_cycle_time,global_hour,global_hour,"Нужно 0 кур.; прогноз 0.0 заказа/ч; окно block_12_18: история 0.00, цикл 0.00; выбрано: историческая производительность; страховой запас 0%"
120,I love cake x Grande Bibliotheca Slava,non_kfm,2026-09-14,17,17:00-18:00,low,block_12_18,auto,0.01,0.12,27.66,,,1.09,0.0,0.0,0.0,1.0,0,history,time_segment_shift_history,missing_cycle_time,global_hour,global_hour,"Нужно 0 кур.; прогноз 0.0 заказа/ч; окно block_12_18: история 0.00, цикл 0.00; выбрано: историческая производительность; страховой запас 0%"
120,I love cake x Grande Bibliotheca Slava,non_kfm,2026-09-14,18,18:00-19:00,low,block_18_24,auto,0.09,0.09,27.41,,,1.15,0.0,0.0,0.0,1.0,0,history,time_segment_shift_history,missing_cycle_time,location_hour,global_hour,"Нужно 0 кур.; прогноз 0.1 заказа/ч; окно block_18_24: история 0.00, цикл 0.00; выбрано: историческая производительность; страховой запас 0%"
120,I love cake x Grande Bibliotheca Slava,non_kfm,2026-09-14,8,08:00-09:00,low,block_06_12,bike,0.01,0.04,10.4,,,3.03,0.0,0.0,0.0,1.0,0,history,time_segment_shift_history,missing_cycle_time,global_hour,global_hour,"Нужно 0 кур.; прогноз 0.0 заказа/ч; окно block_06_12: история 0.00, цикл 0.00; выбрано: историческая производительность; страховой запас 0%"
120,I love cake x Grande Bibliotheca Slava,non_kfm,2026-09-14,9,09:00-10:00,low,block_06_12,bike,0.01,0.04,10.37,,,3.03,0.0,0.0,0.0,1.0,0,history,time_segment_shift_history,missing_cycle_time,global_hour,global_hour,"Нужно 0 кур.; прогноз 0.0 заказа/ч; окно block_06_12: история 0.00, цикл 0.00; выбрано: историческая производительность; страховой запас 0%"
120,I love cake x Grande Bibliotheca Slava,non_kfm,2026-09-14,10,10:00-11:00,low,block_06_12,bike,0.01,0.04,10.11,,,3.03,0.0,0.0,0.0,1.0,0,history,time_segment_shift_history,missing_cycle_time,global_hour,global_hour,"Нужно 0 кур.; прогноз 0.0 заказа/ч; окно block_06_12: история 0.00, цикл 0.00; выбрано: историческая производительность; страховой запас 0%"
120,I love cake x Grande Bibliotheca Slava,non_kfm,2026-09-14,11,11:00-12:00,low,block_06_12,bike,0.01,0.04,10.41,,,3.03,0.0,0.0,0.0,1.0,0,history,time_segment_shift_history,missing_cycle_time,global_hour,global_hour,"Нужно 0 кур.; прогноз 0.0 заказа/ч; окно block_06_12: история 0.00, цикл 0.00; выбрано: историческая производительность; страховой запас 0%"
120,I love cake x Grande Bibliotheca Slava,non_kfm,2026-09-14,12,12:00-13:00,low,block_12_18,bike,0.01,0.04,10.37,,,2.83,0.0,0.0,0.0,1.0,0,history,time_segment_shift_history,missing_cycle_time,global_hour,global_hour,"Нужно 0 кур.; прогноз 0.0 заказа/ч; окно block_12_18: история 0.00, цикл 0.00; выбрано: историческая производительность; страховой запас 0%"
120,I love cake x Grande Bibliotheca Slava,non_kfm,2026-09-14,13,13:00-14:00,low,block_12_18,bike,0.01,0.04,10.39,,,2.83,0.0,0.0,0.0,1.0,0,history,time_segment_shift_history,missing_cycle_time,global_hour,global_hour,"Нужно 0 кур.; прогноз 0.0 заказа/ч; окно block_12_18: история 0.00, цикл 0.00; выбрано: историческая производительность; страховой запас 0%"
120,I love cake x Grande Bibliotheca Slava,non_kfm,2026-09-14,14,14:00-15:00,low,block_12_18,bike,0.01,0.04,10.2,,,2.83,0.0,0.0,0.0,1.0,0,history,time_segment_shift_history,missing_cycle_time,global_hour,global_hour,"Нужно 0 кур.; прогноз 0.0 заказа/ч; окно block_12_18: история 0.00, цикл 0.00; выбрано: историческая производительность; страховой запас 0%"
120,I love cake x Grande Bibliotheca Slava,non_kfm,2026-09-14,15,15:00-16:00,low,block_12_18,bike,0.01,0.04,10.75,,,2.83,0.0,0.0,0.0,1.0,0,history,time_segment_shift_history,missing_cycle_time,global_hour,global_hour,"Нужно 0 кур.; прогноз 0.0 заказа/ч; окно block_12_18: история 0.00, цикл 0.00; выбрано: историческая производительность; страховой запас 0%"
120,I love cake x Grande Bibliotheca Slava,non_kfm,2026-09-14,16,16:00-17:00,low,block_12_18,bike,0.01,0.04,11.02,,,2.83,0.0,0.0,0.0,1.0,0,history,time_segment_shift_history,missing_cycle_time,global_hour,global_hour,"Нужно 0 кур.; прогноз 0.0 заказа/ч; окно block_12_18: история 0.00, цикл 0.00; выбрано: историческая производительность; страховой запас 0%"
120,I love cake x Grande Bibliotheca Slava,non_kfm,2026-09-14,17,17:00-18:00,low,block_12_18,bike,0.01,0.04,10.83,,,2.83,0.0,0.0,0.0,1.0,0,history,time_segment_shift_history,missing_cycle_time,global_hour,global_hour,"Нужно 0 кур.; прогноз 0.0 заказа/ч; окно block_12_18: история 0.00, цикл 0.00; выбрано: историческая производительность; страховой запас 0%"
120,I love cake x Grande Bibliotheca Slava,non_kfm,2026-09-14,18,18:00-19:00,low,block_18_24,bike,0.06,0.06,11.1,,,2.05,0.0,0.0,0.0,1.0,0,history,time_segment_shift_history,missing_cycle_time,location_hour,global_hour,"Нужно 0 кур.; прогноз 0.1 заказа/ч; окно block_18_24: история 0.00, цикл 0.00; выбрано: историческая производительность; страховой запас 0%"
123,Опен Нева,kfm,2026-09-14,8,08:00-09:00,medium,block_06_12,bike,2.93,16.12,4.54,,,3.03,0.89,0.0,0.89,1.0,1,history,segment_shift_history,missing_cycle_time,location_hour,location_hour,"Нужно 1 кур.; прогноз 2.9 заказа/ч; окно block_06_12: история 0.89, цикл 0.00; выбрано: историческая производительность; страховой запас 0%"
123,Опен Нева,kfm,2026-09-14,9,09:00-10:00,medium,block_06_12,bike,3.55,16.12,8.2,,,3.03,0.89,0.0,0.89,1.0,1,history,segment_shift_history,missing_cycle_time,location_hour,location_hour,"Нужно 1 кур.; прогноз 3.5 заказа/ч; окно block_06_12: история 0.89, цикл 0.00; выбрано: историческая производительность; страховой запас 0%"
123,Опен Нева,kfm,2026-09-14,10,10:00-11:00,medium,block_06_12,bike,5.01,16.12,7.28,,,3.03,0.89,0.0,0.89,1.0,1,history,segment_shift_history,missing_cycle_time,location_hour,location_hour,"Нужно 1 кур.; прогноз 5.0 заказа/ч; окно block_06_12: история 0.89, цикл 0.00; выбрано: историческая производительность; страховой запас 0%"
123,Опен Нева,kfm,2026-09-14,11,11:00-12:00,medium,block_06_12,bike,4.63,16.12,7.48,,,3.03,0.89,0.0,0.89,1.0,1,history,segment_shift_history,missing_cycle_time,location_hour,location_hour,"Нужно 1 кур.; прогноз 4.6 заказа/ч; окно block_06_12: история 0.89, цикл 0.00; выбрано: историческая производительность; страховой запас 0%"
123,Опен Нева,kfm,2026-09-14,12,12:00-13:00,medium,block_12_18,bike,4.92,23.15,8.37,,,2.82,1.37,0.0,1.37,1.0,2,history,segment_shift_history,missing_cycle_time,location_hour,location_hour,"Нужно 2 кур.; прогноз 4.9 заказа/ч; окно block_12_18: история 1.37, цикл 0.00; выбрано: историческая производительность; страховой запас 0%"
123,Опен Нева,kfm,2026-09-14,13,13:00-14:00,medium,block_12_18,bike,5.58,23.15,9.11,,,2.82,1.37,0.0,1.37,1.0,2,history,segment_shift_history,missing_cycle_time,location_hour,location_hour,"Нужно 2 кур.; прогноз 5.6 заказа/ч; окно block_12_18: история 1.37, цикл 0.00; выбрано: историческая производительность; страховой запас 0%"
123,Опен Нева,kfm,2026-09-14,14,14:00-15:00,medium,block_12_18,bike,4.27,23.15,8.62,,,2.82,1.37,0.0,1.37,1.0,2,history,segment_shift_history,missing_cycle_time,location_hour,location_hour,"Нужно 2 кур.; прогноз 4.3 заказа/ч; окно block_12_18: история 1.37, цикл 0.00; выбрано: историческая производительность; страховой запас 0%"
123,Опен Нева,kfm,2026-09-14,15,15:00-16:00,medium,block_12_18,bike,3.94,23.15,7.31,,,2.82,1.37,0.0,1.37,1.0,2,history,segment_shift_history,missing_cycle_time,location_hour,location_hour,"Нужно 2 кур.; прогноз 3.9 заказа/ч; окно block_12_18: история 1.37, цикл 0.00; выбрано: историческая производительность; страховой запас 0%"
123,Опен Нева,kfm,2026-09-14,16,16:00-17:00,medium,block_12_18,bike,2.46,23.15,7.92,,,2.82,1.37,0.0,1.37,1.0,2,history,segment_shift_history,missing_cycle_time,location_hour,location_hour,"Нужно 2 кур.; прогноз 2.5 заказа/ч; окно block_12_18: история 1.37, цикл 0.00; выбрано: историческая производительность; страховой запас 0%"
123,Опен Нева,kfm,2026-09-14,17,17:00-18:00,medium,block_12_18,bike,1.97,23.15,8.6,,,2.82,1.37,0.0,1.37,1.0,2,history,segment_shift_history,missing_cycle_time,location_hour,location_hour,"Нужно 2 кур.; прогноз 2.0 заказа/ч; окно block_12_18: история 1.37, цикл 0.00; выбрано: историческая производительность; страховой запас 0%"
123,Опен Нева,kfm,2026-09-14,18,18:00-19:00,medium,block_18_24,bike,3.78,4.18,8.75,,,2.04,0.34,0.0,0.34,1.0,1,history,segment_shift_history,missing_cycle_time,location_hour,location_hour,"Нужно 1 кур.; прогноз 3.8 заказа/ч; окно block_18_24: история 0.34, цикл 0.00; выбрано: историческая производительность; страховой запас 0%"
123,Опен Нева,kfm,2026-09-14,19,19:00-20:00,medium,block_18_24,bike,0.4,4.18,12.4,,,2.04,0.34,0.0,0.34,1.0,1,history,segment_shift_history,missing_cycle_time,location_hour,location_hour,"Нужно 1 кур.; прогноз 0.4 заказа/ч; окно block_18_24: история 0.34, цикл 0.00; выбрано: историческая производительность; страховой запас 0%"
123,Опен Нева,kfm,2026-09-14,20,20:00-21:00,medium,block_18_24,bike,0.0,4.18,10.4,,,2.04,0.34,0.0,0.34,1.0,1,history,segment_shift_history,missing_cycle_time,global_hour,global_hour,"Нужно 1 кур.; прогноз 0.0 заказа/ч; окно block_18_24: история 0.34, цикл 0.00; выбрано: историческая производительность; страховой запас 0%"
123,Опен Нева,kfm,2026-09-14,21,21:00-22:00,medium,block_18_24,bike,0.0,4.18,2.65,,,2.04,0.34,0.0,0.34,1.0,1,history,segment_shift_history,missing_cycle_time,global_hour,location_hour,"Нужно 1 кур.; прогноз 0.0 заказа/ч; окно block_18_24: история 0.34, цикл 0.00; выбрано: историческая производительность; страховой запас 0%"
123,Опен Нева,kfm,2026-09-14,22,22:00-23:00,medium,block_18_24,bike,0.0,4.18,9.8,,,2.04,0.34,0.0,0.34,1.0,1,history,segment_shift_history,missing_cycle_time,global_hour,global_hour,"Нужно 1 кур.; прогноз 0.0 заказа/ч; окно block_18_24: история 0.34, цикл 0.00; выбрано: историческая производительность; страховой запас 0%"
124,ЦБ AVA Bistro,non_kfm,2026-09-14,9,09:00-10:00,low,block_06_12,auto,0.03,0.13,21.64,,,1.28,0.0,0.0,0.0,1.0,0,history,time_segment_shift_history,missing_cycle_time,global_hour,global_hour,"Нужно 0 кур.; прогноз 0.0 заказа/ч; окно block_06_12: история 0.00, цикл 0.00; выбрано: историческая производительность; страховой запас 0%"
124,ЦБ AVA Bistro,non_kfm,2026-09-14,10,10:00-11:00,low,block_06_12,auto,0.03,0.13,21.71,,,1.28,0.0,0.0,0.0,1.0,0,history,time_segment_shift_history,missing_cycle_time,global_hour,global_hour,"Нужно 0 кур.; прогноз 0.0 заказа/ч; окно block_06_12: история 0.00, цикл 0.00; выбрано: историческая производительность; страховой запас 0%"
124,ЦБ AVA Bistro,non_kfm,2026-09-14,11,11:00-12:00,low,block_06_12,auto,0.03,0.13,22.82,,,1.28,0.0,0.0,0.0,1.0,0,history,time_segment_shift_history,missing_cycle_time,global_hour,global_hour,"Нужно 0 кур.; прогноз 0.0 заказа/ч; окно block_06_12: история 0.00, цикл 0.00; выбрано: историческая производительность; страховой запас 0%"
124,ЦБ AVA Bistro,non_kfm,2026-09-14,12,12:00-13:00,low,block_12_18,auto,0.06,0.31,23.54,,,1.09,0.0,0.0,0.0,1.0,0,history,time_segment_shift_history,missing_cycle_time,global_hour,global_hour,"Нужно 0 кур.; прогноз 0.1 заказа/ч; окно block_12_18: история 0.00, цикл 0.00; выбрано: историческая производительность; страховой запас 0%"
124,ЦБ AVA Bistro,non_kfm,2026-09-14,13,13:00-14:00,low,block_12_18,auto,0.06,0.31,23.55,,,1.09,0.0,0.0,0.0,1.0,0,history,time_segment_shift_history,missing_cycle_time,global_hour,global_hour,"Нужно 0 кур.; прогноз 0.1 заказа/ч; окно block_12_18: история 0.00, цикл 0.00; выбрано: историческая производительность; страховой запас 0%"
124,ЦБ AVA Bistro,non_kfm,2026-09-14,14,14:00-15:00,low,block_12_18,auto,0.06,0.31,24.06,,,1.09,0.0,0.0,0.0,1.0,0,history,time_segment_shift_history,missing_cycle_time,global_hour,global_hour,"Нужно 0 кур.; прогноз 0.1 заказа/ч; окно block_12_18: история 0.00, цикл 0.00; выбрано: историческая производительность; страховой запас 0%"
124,ЦБ AVA Bistro,non_kfm,2026-09-14,15,15:00-16:00,low,block_12_18,auto,0.05,0.31,24.51,,,1.09,0.0,0.0,0.0,1.0,0,history,time_segment_shift_history,missing_cycle_time,global_hour,global_hour,"Нужно 0 кур.; прогноз 0.0 заказа/ч; окно block_12_18: история 0.00, цикл 0.00; выбрано: историческая производительность; страховой запас 0%"
124,ЦБ AVA Bistro,non_kfm,2026-09-14,16,16:00-17:00,low,block_12_18,auto,0.04,0.31,25.16,,,1.09,0.0,0.0,0.0,1.0,0,history,time_segment_shift_history,missing_cycle_time,global_hour,global_hour,"Нужно 0 кур.; прогноз 0.0 заказа/ч; окно block_12_18: история 0.00, цикл 0.00; выбрано: историческая производительность; страховой запас 0%"
124,ЦБ AVA Bistro,non_kfm,2026-09-14,17,17:00-18:00,low,block_12_18,auto,0.04,0.31,37.56,,,1.09,0.0,0.0,0.0,1.0,0,history,time_segment_shift_history,missing_cycle_time,global_hour,location_hour,"Нужно 0 кур.; прогноз 0.0 заказа/ч; окно block_12_18: история 0.00, цикл 0.00; выбрано: историческая производительность; страховой запас 0%"
124,ЦБ AVA Bistro,non_kfm,2026-09-14,18,18:00-19:00,low,block_18_24,auto,0.06,0.24,51.74,,,1.15,0.0,0.0,0.0,1.0,0,history,time_segment_shift_history,missing_cycle_time,global_hour,location_hour,"Нужно 0 кур.; прогноз 0.1 заказа/ч; окно block_18_24: история 0.00, цикл 0.00; выбрано: историческая производительность; страховой запас 0%"
124,ЦБ AVA Bistro,non_kfm,2026-09-14,19,19:00-20:00,low,block_18_24,auto,0.06,0.24,26.64,,,1.15,0.0,0.0,0.0,1.0,0,history,time_segment_shift_history,missing_cycle_time,global_hour,global_hour,"Нужно 0 кур.; прогноз 0.1 заказа/ч; окно block_18_24: история 0.00, цикл 0.00; выбрано: историческая производительность; страховой запас 0%"
124,ЦБ AVA Bistro,non_kfm,2026-09-14,20,20:00-21:00,low,block_18_24,auto,0.05,0.24,23.12,,,1.15,0.0,0.0,0.0,1.0,0,history,time_segment_shift_history,missing_cycle_time,global_hour,global_hour,"Нужно 0 кур.; прогноз 0.1 заказа/ч; окно block_18_24: история 0.00, цикл 0.00; выбрано: историческая производительность; страховой запас 0%"
124,ЦБ AVA Bistro,non_kfm,2026-09-14,21,21:00-22:00,low,block_18_24,auto,0.04,0.24,21.83,,,1.15,0.0,0.0,0.0,1.0,0,history,time_segment_shift_history,missing_cycle_time,global_hour,global_hour,"Нужно 0 кур.; прогноз 0.0 заказа/ч; окно block_18_24: история 0.00, цикл 0.00; выбрано: историческая производительность; страховой запас 0%"
124,ЦБ AVA Bistro,non_kfm,2026-09-14,9,09:00-10:00,low,block_06_12,bike,0.02,0.07,10.37,,,3.03,0.0,0.0,0.0,1.0,0,history,time_segment_shift_history,missing_cycle_time,global_hour,global_hour,"Нужно 0 кур.; прогноз 0.0 заказа/ч; окно block_06_12: история 0.00, цикл 0.00; выбрано: историческая производительность; страховой запас 0%"
124,ЦБ AVA Bistro,non_kfm,2026-09-14,10,10:00-11:00,low,block_06_12,bike,0.02,0.07,10.11,,,3.03,0.0,0.0,0.0,1.0,0,history,time_segment_shift_history,missing_cycle_time,global_hour,global_hour,"Нужно 0 кур.; прогноз 0.0 заказа/ч; окно block_06_12: история 0.00, цикл 0.00; выбрано: историческая производительность; страховой запас 0%"
124,ЦБ AVA Bistro,non_kfm,2026-09-14,11,11:00-12:00,low,block_06_12,bike,0.02,0.07,10.41,,,3.03,0.0,0.0,0.0,1.0,0,history,time_segment_shift_history,missing_cycle_time,global_hour,global_hour,"Нужно 0 кур.; прогноз 0.0 заказа/ч; окно block_06_12: история 0.00, цикл 0.00; выбрано: историческая производительность; страховой запас 0%"
124,ЦБ AVA Bistro,non_kfm,2026-09-14,12,12:00-13:00,low,block_12_18,bike,0.02,0.12,10.37,,,2.83,0.0,0.0,0.0,1.0,0,history,time_segment_shift_history,missing_cycle_time,global_hour,global_hour,"Нужно 0 кур.; прогноз 0.0 заказа/ч; окно block_12_18: история 0.00, цикл 0.00; выбрано: историческая производительность; страховой запас 0%"
124,ЦБ AVA Bistro,non_kfm,2026-09-14,13,13:00-14:00,low,block_12_18,bike,0.02,0.12,10.39,,,2.83,0.0,0.0,0.0,1.0,0,history,time_segment_shift_history,missing_cycle_time,global_hour,global_hour,"Нужно 0 кур.; прогноз 0.0 заказа/ч; окно block_12_18: история 0.00, цикл 0.00; выбрано: историческая производительность; страховой запас 0%"
124,ЦБ AVA Bistro,non_kfm,2026-09-14,14,14:00-15:00,low,block_12_18,bike,0.02,0.12,10.2,,,2.83,0.0,0.0,0.0,1.0,0,history,time_segment_shift_history,missing_cycle_time,global_hour,global_hour,"Нужно 0 кур.; прогноз 0.0 заказа/ч; окно block_12_18: история 0.00, цикл 0.00; выбрано: историческая производительность; страховой запас 0%"
124,ЦБ AVA Bistro,non_kfm,2026-09-14,15,15:00-16:00,low,block_12_18,bike,0.02,0.12,10.75,,,2.83,0.0,0.0,0.0,1.0,0,history,time_segment_shift_history,missing_cycle_time,global_hour,global_hour,"Нужно 0 кур.; прогноз 0.0 заказа/ч; окно block_12_18: история 0.00, цикл 0.00; выбрано: историческая производительность; страховой запас 0%"
124,ЦБ AVA Bistro,non_kfm,2026-09-14,16,16:00-17:00,low,block_12_18,bike,0.01,0.12,11.02,,,2.83,0.0,0.0,0.0,1.0,0,history,time_segment_shift_history,missing_cycle_time,global_hour,global_hour,"Нужно 0 кур.; прогноз 0.0 заказа/ч; окно block_12_18: история 0.00, цикл 0.00; выбрано: историческая производительность; страховой запас 0%"
124,ЦБ AVA Bistro,non_kfm,2026-09-14,17,17:00-18:00,low,block_12_18,bike,0.01,0.12,10.83,,,2.83,0.0,0.0,0.0,1.0,0,history,time_segment_shift_history,missing_cycle_time,global_hour,global_hour,"Нужно 0 кур.; прогноз 0.0 заказа/ч; окно block_12_18: история 0.00, цикл 0.00; выбрано: историческая производительность; страховой запас 0%"
124,ЦБ AVA Bistro,non_kfm,2026-09-14,18,18:00-19:00,low,block_18_24,bike,0.03,0.15,11.1,,,2.05,0.0,0.0,0.0,1.0,0,history,time_segment_shift_history,missing_cycle_time,global_hour,global_hour,"Нужно 0 кур.; прогноз 0.0 заказа/ч; окно block_18_24: история 0.00, цикл 0.00; выбрано: историческая производительность; страховой запас 0%"
124,ЦБ AVA Bistro,non_kfm,2026-09-14,19,19:00-20:00,low,block_18_24,bike,0.03,0.15,10.71,,,2.05,0.0,0.0,0.0,1.0,0,history,time_segment_shift_history,missing_cycle_time,global_hour,global_hour,"Нужно 0 кур.; прогноз 0.0 заказа/ч; окно block_18_24: история 0.00, цикл 0.00; выбрано: историческая производительность; страховой запас 0%"
124,ЦБ AVA Bistro,non_kfm,2026-09-14,20,20:00-21:00,low,block_18_24,bike,0.03,0.15,10.4,,,2.05,0.0,0.0,0.0,1.0,0,history,time_segment_shift_history,missing_cycle_time,global_hour,global_hour,"Нужно 0 кур.; прогноз 0.0 заказа/ч; окно block_18_24: история 0.00, цикл 0.00; выбрано: историческая производительность; страховой запас 0%"
124,ЦБ AVA Bistro,non_kfm,2026-09-14,21,21:00-22:00,low,block_18_24,bike,0.02,0.15,9.94,,,2.05,0.0,0.0,0.0,1.0,0,history,time_segment_shift_history,missing_cycle_time,global_hour,global_hour,"Нужно 0 кур.; прогноз 0.0 заказа/ч; окно block_18_24: история 0.00, цикл 0.00; выбрано: историческая производительность; страховой запас 0%"
125,Meraki,non_kfm,2026-09-14,10,10:00-11:00,medium,block_06_12,auto,0.44,0.8,22.54,,,1.27,0.1,0.0,0.1,1.0,1,history,segment_shift_history,missing_cycle_time,location_hour,location_hour,"Нужно 1 кур.; прогноз 0.4 заказа/ч; окно block_06_12: история 0.10, цикл 0.00; выбрано: историческая производительность; страховой запас 0%"
125,Meraki,non_kfm,2026-09-14,11,11:00-12:00,medium,block_06_12,auto,0.36,0.8,27.29,,,1.27,0.1,0.0,0.1,1.0,1,history,segment_shift_history,missing_cycle_time,location_hour,location_hour,"Нужно 1 кур.; прогноз 0.4 заказа/ч; окно block_06_12: история 0.10, цикл 0.00; выбрано: историческая производительность; страховой запас 0%"
125,Meraki,non_kfm,2026-09-14,12,12:00-13:00,medium,block_12_18,auto,0.61,4.1,25.86,,,1.08,0.63,0.0,0.63,1.0,1,history,segment_shift_history,missing_cycle_time,location_hour,location_hour,"Нужно 1 кур.; прогноз 0.6 заказа/ч; окно block_12_18: история 0.63, цикл 0.00; выбрано: историческая производительность; страховой запас 0%"
125,Meraki,non_kfm,2026-09-14,13,13:00-14:00,medium,block_12_18,auto,0.8,4.1,40.64,,,1.08,0.63,0.0,0.63,1.0,1,history,segment_shift_history,missing_cycle_time,location_hour,location_hour,"Нужно 1 кур.; прогноз 0.8 заказа/ч; окно block_12_18: история 0.63, цикл 0.00; выбрано: историческая производительность; страховой запас 0%"
125,Meraki,non_kfm,2026-09-14,14,14:00-15:00,medium,block_12_18,auto,0.8,4.1,27.43,,,1.08,0.63,0.0,0.63,1.0,1,history,segment_shift_history,missing_cycle_time,location_hour,location_hour,"Нужно 1 кур.; прогноз 0.8 заказа/ч; окно block_12_18: история 0.63, цикл 0.00; выбрано: историческая производительность; страховой запас 0%"
125,Meraki,non_kfm,2026-09-14,15,15:00-16:00,medium,block_12_18,auto,0.46,4.1,29.88,,,1.08,0.63,0.0,0.63,1.0,1,history,segment_shift_history,missing_cycle_time,location_hour,location_hour,"Нужно 1 кур.; прогноз 0.5 заказа/ч; окно block_12_18: история 0.63, цикл 0.00; выбрано: историческая производительность; страховой запас 0%"
125,Meraki,non_kfm,2026-09-14,16,16:00-17:00,medium,block_12_18,auto,0.54,4.1,31.79,,,1.08,0.63,0.0,0.63,1.0,1,history,segment_shift_history,missing_cycle_time,location_hour,location_hour,"Нужно 1 кур.; прогноз 0.5 заказа/ч; окно block_12_18: история 0.63, цикл 0.00; выбрано: историческая производительность; страховой запас 0%"
125,Meraki,non_kfm,2026-09-14,17,17:00-18:00,medium,block_12_18,auto,0.88,4.1,36.46,,,1.08,0.63,0.0,0.63,1.0,1,history,segment_shift_history,missing_cycle_time,location_hour,location_hour,"Нужно 1 кур.; прогноз 0.9 заказа/ч; окно block_12_18: история 0.63, цикл 0.00; выбрано: историческая производительность; страховой запас 0%"
125,Meraki,non_kfm,2026-09-14,18,18:00-19:00,medium,block_18_24,auto,0.5,1.97,39.64,,,1.14,0.29,0.0,0.29,1.0,1,history,segment_shift_history,missing_cycle_time,location_hour,location_hour,"Нужно 1 кур.; прогноз 0.5 заказа/ч; окно block_18_24: история 0.29, цикл 0.00; выбрано: историческая производительность; страховой запас 0%"
125,Meraki,non_kfm,2026-09-14,19,19:00-20:00,medium,block_18_24,auto,0.66,1.97,37.07,,,1.14,0.29,0.0,0.29,1.0,1,history,segment_shift_history,missing_cycle_time,location_hour,location_hour,"Нужно 1 кур.; прогноз 0.7 заказа/ч; окно block_18_24: история 0.29, цикл 0.00; выбрано: историческая производительность; страховой запас 0%"
125,Meraki,non_kfm,2026-09-14,20,20:00-21:00,medium,block_18_24,auto,0.5,1.97,31.34,,,1.14,0.29,0.0,0.29,1.0,1,history,segment_shift_history,missing_cycle_time,location_hour,location_hour,"Нужно 1 кур.; прогноз 0.5 заказа/ч; окно block_18_24: история 0.29, цикл 0.00; выбрано: историческая производительность; страховой запас 0%"
125,Meraki,non_kfm,2026-09-14,21,21:00-22:00,medium,block_18_24,auto,0.26,1.97,29.81,,,1.14,0.29,0.0,0.29,1.0,1,history,segment_shift_history,missing_cycle_time,location_hour,location_hour,"Нужно 1 кур.; прогноз 0.3 заказа/ч; окно block_18_24: история 0.29, цикл 0.00; выбрано: историческая производительность; страховой запас 0%"
125,Meraki,non_kfm,2026-09-14,22,22:00-23:00,medium,block_18_24,auto,0.05,1.97,27.91,,,1.14,0.29,0.0,0.29,1.0,1,history,segment_shift_history,missing_cycle_time,location_hour,location_hour,"Нужно 1 кур.; прогноз 0.1 заказа/ч; окно block_18_24: история 0.29, цикл 0.00; выбрано: историческая производительность; страховой запас 0%"
126,Опен Покровка,kfm,2026-09-14,7,07:00-08:00,high,opening,bike,1.07,1.49,11.07,,,1.92,0.39,0.0,0.39,1.0,1,history,time_segment_shift_history,missing_cycle_time,global_hour,global_hour,"Нужно 1 кур.; прогноз 1.1 заказа/ч; окно opening: история 0.39, цикл 0.00; выбрано: историческая производительность; страховой запас 0%"
126,Опен Покровка,kfm,2026-09-14,8,08:00-09:00,high,early_morning,bike,3.47,3.47,11.03,,,1.8,1.93,0.0,1.93,1.0,2,history,segment_shift_history,missing_cycle_time,location_hour,location_hour,"Нужно 2 кур.; прогноз 3.5 заказа/ч; окно early_morning: история 1.93, цикл 0.00; выбрано: историческая производительность; страховой запас 0%"
126,Опен Покровка,kfm,2026-09-14,9,09:00-10:00,high,morning,bike,4.69,9.52,9.5,,,1.83,2.6,0.0,2.6,1.0,3,history,location_shift_history,missing_cycle_time,location_hour,location_hour,"Нужно 3 кур.; прогноз 4.7 заказа/ч; окно morning: история 2.60, цикл 0.00; выбрано: историческая производительность; страховой запас 0%"
126,Опен Покровка,kfm,2026-09-14,10,10:00-11:00,high,morning,bike,4.83,9.52,8.95,,,1.83,2.6,0.0,2.6,1.0,3,history,location_shift_history,missing_cycle_time,location_hour,location_hour,"Нужно 3 кур.; прогноз 4.8 заказа/ч; окно morning: история 2.60, цикл 0.00; выбрано: историческая производительность; страховой запас 0%"
126,Опен Покровка,kfm,2026-09-14,11,11:00-12:00,high,lunch,bike,3.79,21.03,10.7,,,2.09,2.52,0.0,2.52,1.0,3,history,location_shift_history,missing_cycle_time,location_hour,location_hour,"Нужно 3 кур.; прогноз 3.8 заказа/ч; окно lunch: история 2.52, цикл 0.00; выбрано: историческая производительность; страховой запас 0%"
126,Опен Покровка,kfm,2026-09-14,12,12:00-13:00,high,lunch,bike,5.95,21.03,10.03,,,2.09,2.52,0.0,2.52,1.0,3,history,location_shift_history,missing_cycle_time,location_hour,location_hour,"Нужно 3 кур.; прогноз 5.9 заказа/ч; окно lunch: история 2.52, цикл 0.00; выбрано: историческая производительность; страховой запас 0%"
126,Опен Покровка,kfm,2026-09-14,13,13:00-14:00,high,lunch,bike,6.32,21.03,8.7,,,2.09,2.52,0.0,2.52,1.0,3,history,location_shift_history,missing_cycle_time,location_hour,location_hour,"Нужно 3 кур.; прогноз 6.3 заказа/ч; окно lunch: история 2.52, цикл 0.00; выбрано: историческая производительность; страховой запас 0%"
126,Опен Покровка,kfm,2026-09-14,14,14:00-15:00,high,lunch,bike,4.98,21.03,8.45,,,2.09,2.52,0.0,2.52,1.0,3,history,location_shift_history,missing_cycle_time,location_hour,location_hour,"Нужно 3 кур.; прогноз 5.0 заказа/ч; окно lunch: история 2.52, цикл 0.00; выбрано: историческая производительность; страховой запас 0%"
126,Опен Покровка,kfm,2026-09-14,15,15:00-16:00,high,afternoon,bike,3.83,11.56,10.72,,,1.47,2.61,0.0,2.61,1.0,3,history,segment_shift_history,missing_cycle_time,location_hour,location_hour,"Нужно 3 кур.; прогноз 3.8 заказа/ч; окно afternoon: история 2.61, цикл 0.00; выбрано: историческая производительность; страховой запас 0%"
126,Опен Покровка,kfm,2026-09-14,16,16:00-17:00,high,afternoon,bike,3.99,11.56,10.38,,,1.47,2.61,0.0,2.61,1.0,3,history,segment_shift_history,missing_cycle_time,location_hour,location_hour,"Нужно 3 кур.; прогноз 4.0 заказа/ч; окно afternoon: история 2.61, цикл 0.00; выбрано: историческая производительность; страховой запас 0%"
126,Опен Покровка,kfm,2026-09-14,17,17:00-18:00,high,afternoon,bike,3.74,11.56,9.53,,,1.47,2.61,0.0,2.61,1.0,3,history,segment_shift_history,missing_cycle_time,location_hour,location_hour,"Нужно 3 кур.; прогноз 3.7 заказа/ч; окно afternoon: история 2.61, цикл 0.00; выбрано: историческая производительность; страховой запас 0%"
126,Опен Покровка,kfm,2026-09-14,18,18:00-19:00,high,dinner,bike,2.87,8.23,9.87,,,1.74,1.58,0.0,1.58,1.0,2,history,segment_shift_history,missing_cycle_time,location_hour,location_hour,"Нужно 2 кур.; прогноз 2.9 заказа/ч; окно dinner: история 1.58, цикл 0.00; выбрано: историческая производительность; страховой запас 0%"
126,Опен Покровка,kfm,2026-09-14,19,19:00-20:00,high,dinner,bike,2.79,8.23,9.64,,,1.74,1.58,0.0,1.58,1.0,2,history,segment_shift_history,missing_cycle_time,location_hour,location_hour,"Нужно 2 кур.; прогноз 2.8 заказа/ч; окно dinner: история 1.58, цикл 0.00; выбрано: историческая производительность; страховой запас 0%"
126,Опен Покровка,kfm,2026-09-14,20,20:00-21:00,high,dinner,bike,2.57,8.23,8.31,,,1.74,1.58,0.0,1.58,1.0,2,history,segment_shift_history,missing_cycle_time,location_hour,location_hour,"Нужно 2 кур.; прогноз 2.6 заказа/ч; окно dinner: история 1.58, цикл 0.00; выбрано: историческая производительность; страховой запас 0%"
126,Опен Покровка,kfm,2026-09-14,21,21:00-22:00,high,late_evening,bike,2.48,2.48,8.74,,,1.74,0.48,0.0,0.48,1.0,1,history,time_segment_shift_history,missing_cycle_time,location_hour,location_hour,"Нужно 1 кур.; прогноз 2.5 заказа/ч; окно late_evening: история 0.48, цикл 0.00; выбрано: историческая производительность; страховой запас 0%"
126,Опен Покровка,kfm,2026-09-14,22,22:00-23:00,high,late_evening,bike,0.0,2.48,8.99,,,1.74,0.48,0.0,0.48,1.0,1,history,time_segment_shift_history,missing_cycle_time,global_hour,location_hour,"Нужно 1 кур.; прогноз 0.0 заказа/ч; окно late_evening: история 0.48, цикл 0.00; выбрано: историческая производительность; страховой запас 0%"
127,БТ Покровка,kfm,2026-09-14,7,07:00-08:00,medium,block_06_12,bike,0.0,3.87,0.14,,,3.03,0.21,0.0,0.21,1.0,1,history,segment_shift_history,missing_cycle_time,global_hour,location_hour,"Нужно 1 кур.; прогноз 0.0 заказа/ч; окно block_06_12: история 0.21, цикл 0.00; выбрано: историческая производительность; страховой запас 0%"
127,БТ Покровка,kfm,2026-09-14,8,08:00-09:00,medium,block_06_12,bike,1.11,3.87,9.26,,,3.03,0.21,0.0,0.21,1.0,1,history,segment_shift_history,missing_cycle_time,location_hour,location_hour,"Нужно 1 кур.; прогноз 1.1 заказа/ч; окно block_06_12: история 0.21, цикл 0.00; выбрано: историческая производительность; страховой запас 0%"
127,БТ Покровка,kfm,2026-09-14,9,09:00-10:00,medium,block_06_12,bike,1.32,3.87,7.71,,,3.03,0.21,0.0,0.21,1.0,1,history,segment_shift_history,missing_cycle_time,location_hour,location_hour,"Нужно 1 кур.; прогноз 1.3 заказа/ч; окно block_06_12: история 0.21, цикл 0.00; выбрано: историческая производительность; страховой запас 0%"
127,БТ Покровка,kfm,2026-09-14,10,10:00-11:00,medium,block_06_12,bike,0.87,3.87,8.12,,,3.03,0.21,0.0,0.21,1.0,1,history,segment_shift_history,missing_cycle_time,location_hour,location_hour,"Нужно 1 кур.; прогноз 0.9 заказа/ч; окно block_06_12: история 0.21, цикл 0.00; выбрано: историческая производительность; страховой запас 0%"
127,БТ Покровка,kfm,2026-09-14,11,11:00-12:00,medium,block_06_12,bike,0.58,3.87,9.27,,,3.03,0.21,0.0,0.21,1.0,1,history,segment_shift_history,missing_cycle_time,location_hour,location_hour,"Нужно 1 кур.; прогноз 0.6 заказа/ч; окно block_06_12: история 0.21, цикл 0.00; выбрано: историческая производительность; страховой запас 0%"
127,БТ Покровка,kfm,2026-09-14,12,12:00-13:00,medium,block_12_18,bike,1.58,5.77,7.62,,,2.82,0.34,0.0,0.34,1.0,1,history,segment_shift_history,missing_cycle_time,location_hour,location_hour,"Нужно 1 кур.; прогноз 1.6 заказа/ч; окно block_12_18: история 0.34, цикл 0.00; выбрано: историческая производительность; страховой запас 0%"
127,БТ Покровка,kfm,2026-09-14,13,13:00-14:00,medium,block_12_18,bike,1.42,5.77,10.92,,,2.82,0.34,0.0,0.34,1.0,1,history,segment_shift_history,missing_cycle_time,location_hour,location_hour,"Нужно 1 кур.; прогноз 1.4 заказа/ч; окно block_12_18: история 0.34, цикл 0.00; выбрано: историческая производительность; страховой запас 0%"
127,БТ Покровка,kfm,2026-09-14,14,14:00-15:00,medium,block_12_18,bike,0.87,5.77,8.86,,,2.82,0.34,0.0,0.34,1.0,1,history,segment_shift_history,missing_cycle_time,location_hour,location_hour,"Нужно 1 кур.; прогноз 0.9 заказа/ч; окно block_12_18: история 0.34, цикл 0.00; выбрано: историческая производительность; страховой запас 0%"
127,БТ Покровка,kfm,2026-09-14,15,15:00-16:00,medium,block_12_18,bike,0.95,5.77,6.7,,,2.82,0.34,0.0,0.34,1.0,1,history,segment_shift_history,missing_cycle_time,location_hour,location_hour,"Нужно 1 кур.; прогноз 0.9 заказа/ч; окно block_12_18: история 0.34, цикл 0.00; выбрано: историческая производительность; страховой запас 0%"
127,БТ Покровка,kfm,2026-09-14,16,16:00-17:00,medium,block_12_18,bike,0.55,5.77,7.87,,,2.82,0.34,0.0,0.34,1.0,1,history,segment_shift_history,missing_cycle_time,location_hour,location_hour,"Нужно 1 кур.; прогноз 0.6 заказа/ч; окно block_12_18: история 0.34, цикл 0.00; выбрано: историческая производительность; страховой запас 0%"
127,БТ Покровка,kfm,2026-09-14,17,17:00-18:00,medium,block_12_18,bike,0.4,5.77,6.88,,,2.82,0.34,0.0,0.34,1.0,1,history,segment_shift_history,missing_cycle_time,location_hour,location_hour,"Нужно 1 кур.; прогноз 0.4 заказа/ч; окно block_12_18: история 0.34, цикл 0.00; выбрано: историческая производительность; страховой запас 0%"
127,БТ Покровка,kfm,2026-09-14,18,18:00-19:00,medium,block_18_24,bike,0.97,1.77,9.07,,,2.04,0.14,0.0,0.14,1.0,1,history,segment_shift_history,missing_cycle_time,location_hour,location_hour,"Нужно 1 кур.; прогноз 1.0 заказа/ч; окно block_18_24: история 0.14, цикл 0.00; выбрано: историческая производительность; страховой запас 0%"
127,БТ Покровка,kfm,2026-09-14,19,19:00-20:00,medium,block_18_24,bike,0.32,1.77,8.04,,,2.04,0.14,0.0,0.14,1.0,1,history,segment_shift_history,missing_cycle_time,location_hour,location_hour,"Нужно 1 кур.; прогноз 0.3 заказа/ч; окно block_18_24: история 0.14, цикл 0.00; выбрано: историческая производительность; страховой запас 0%"
127,БТ Покровка,kfm,2026-09-14,20,20:00-21:00,medium,block_18_24,bike,0.48,1.77,10.92,,,2.04,0.14,0.0,0.14,1.0,1,history,segment_shift_history,missing_cycle_time,location_hour,location_hour,"Нужно 1 кур.; прогноз 0.5 заказа/ч; окно block_18_24: история 0.14, цикл 0.00; выбрано: историческая производительность; страховой запас 0%"
127,БТ Покровка,kfm,2026-09-14,21,21:00-22:00,medium,block_18_24,bike,0.0,1.77,9.45,,,2.04,0.14,0.0,0.14,1.0,1,history,segment_shift_history,missing_cycle_time,global_hour,location_hour,"Нужно 1 кур.; прогноз 0.0 заказа/ч; окно block_18_24: история 0.14, цикл 0.00; выбрано: историческая производительность; страховой запас 0%"
127,БТ Покровка,kfm,2026-09-14,22,22:00-23:00,medium,block_18_24,bike,0.0,1.77,9.8,,,2.04,0.14,0.0,0.14,1.0,1,history,segment_shift_history,missing_cycle_time,global_hour,global_hour,"Нужно 1 кур.; прогноз 0.0 заказа/ч; окно block_18_24: история 0.14, цикл 0.00; выбрано: историческая производительность; страховой запас 0%"
128,Кофемания Лаки,kfm,2026-09-14,8,08:00-09:00,medium,block_06_12,bike,3.19,18.51,8.27,,,3.03,1.02,0.0,1.02,1.0,1,history,segment_shift_history,missing_cycle_time,location_hour,location_hour,"Нужно 1 кур.; прогноз 3.2 заказа/ч; окно block_06_12: история 1.02, цикл 0.00; выбрано: историческая производительность; страховой запас 0%"
128,Кофемания Лаки,kfm,2026-09-14,9,09:00-10:00,medium,block_06_12,bike,6.17,18.51,8.96,,,3.03,1.02,0.0,1.02,1.0,1,history,segment_shift_history,missing_cycle_time,location_hour,location_hour,"Нужно 1 кур.; прогноз 6.2 заказа/ч; окно block_06_12: история 1.02, цикл 0.00; выбрано: историческая производительность; страховой запас 0%"
128,Кофемания Лаки,kfm,2026-09-14,10,10:00-11:00,medium,block_06_12,bike,4.63,18.51,8.23,,,3.03,1.02,0.0,1.02,1.0,1,history,segment_shift_history,missing_cycle_time,location_hour,location_hour,"Нужно 1 кур.; прогноз 4.6 заказа/ч; окно block_06_12: история 1.02, цикл 0.00; выбрано: историческая производительность; страховой запас 0%"
128,Кофемания Лаки,kfm,2026-09-14,11,11:00-12:00,medium,block_06_12,bike,4.47,18.51,8.89,,,3.03,1.02,0.0,1.02,1.0,1,history,segment_shift_history,missing_cycle_time,location_hour,location_hour,"Нужно 1 кур.; прогноз 4.5 заказа/ч; окно block_06_12: история 1.02, цикл 0.00; выбрано: историческая производительность; страховой запас 0%"
128,Кофемания Лаки,kfm,2026-09-14,12,12:00-13:00,medium,block_12_18,bike,5.16,24.05,9.23,,,2.82,1.42,0.0,1.42,1.0,2,history,segment_shift_history,missing_cycle_time,location_hour,location_hour,"Нужно 2 кур.; прогноз 5.2 заказа/ч; окно block_12_18: история 1.42, цикл 0.00; выбрано: историческая производительность; страховой запас 0%"
128,Кофемания Лаки,kfm,2026-09-14,13,13:00-14:00,medium,block_12_18,bike,4.93,24.05,9.33,,,2.82,1.42,0.0,1.42,1.0,2,history,segment_shift_history,missing_cycle_time,location_hour,location_hour,"Нужно 2 кур.; прогноз 4.9 заказа/ч; окно block_12_18: история 1.42, цикл 0.00; выбрано: историческая производительность; страховой запас 0%"
128,Кофемания Лаки,kfm,2026-09-14,14,14:00-15:00,medium,block_12_18,bike,3.25,24.05,8.66,,,2.82,1.42,0.0,1.42,1.0,2,history,segment_shift_history,missing_cycle_time,location_hour,location_hour,"Нужно 2 кур.; прогноз 3.2 заказа/ч; окно block_12_18: история 1.42, цикл 0.00; выбрано: историческая производительность; страховой запас 0%"
128,Кофемания Лаки,kfm,2026-09-14,15,15:00-16:00,medium,block_12_18,bike,4.11,24.05,10.29,,,2.82,1.42,0.0,1.42,1.0,2,history,segment_shift_history,missing_cycle_time,location_hour,location_hour,"Нужно 2 кур.; прогноз 4.1 заказа/ч; окно block_12_18: история 1.42, цикл 0.00; выбрано: историческая производительность; страховой запас 0%"
128,Кофемания Лаки,kfm,2026-09-14,16,16:00-17:00,medium,block_12_18,bike,3.07,24.05,9.64,,,2.82,1.42,0.0,1.42,1.0,2,history,segment_shift_history,missing_cycle_time,location_hour,location_hour,"Нужно 2 кур.; прогноз 3.1 заказа/ч; окно block_12_18: история 1.42, цикл 0.00; выбрано: историческая производительность; страховой запас 0%"
128,Кофемания Лаки,kfm,2026-09-14,17,17:00-18:00,medium,block_12_18,bike,3.54,24.05,8.81,,,2.82,1.42,0.0,1.42,1.0,2,history,segment_shift_history,missing_cycle_time,location_hour,location_hour,"Нужно 2 кур.; прогноз 3.5 заказа/ч; окно block_12_18: история 1.42, цикл 0.00; выбрано: историческая производительность; страховой запас 0%"
128,Кофемания Лаки,kfm,2026-09-14,18,18:00-19:00,medium,block_18_24,bike,3.44,16.79,8.06,,,2.04,1.37,0.0,1.37,1.0,1,history,segment_shift_history,missing_cycle_time,location_hour,location_hour,"Нужно 1 кур.; прогноз 3.4 заказа/ч; окно block_18_24: история 1.37, цикл 0.00; выбрано: историческая производительность; страховой запас 0%"
128,Кофемания Лаки,kfm,2026-09-14,19,19:00-20:00,medium,block_18_24,bike,3.94,16.79,9.12,,,2.04,1.37,0.0,1.37,1.0,1,history,segment_shift_history,missing_cycle_time,location_hour,location_hour,"Нужно 1 кур.; прогноз 3.9 заказа/ч; окно block_18_24: история 1.37, цикл 0.00; выбрано: историческая производительность; страховой запас 0%"
128,Кофемания Лаки,kfm,2026-09-14,20,20:00-21:00,medium,block_18_24,bike,3.94,16.79,7.84,,,2.04,1.37,0.0,1.37,1.0,1,history,segment_shift_history,missing_cycle_time,location_hour,location_hour,"Нужно 1 кур.; прогноз 3.9 заказа/ч; окно block_18_24: история 1.37, цикл 0.00; выбрано: историческая производительность; страховой запас 0%"
128,Кофемания Лаки,kfm,2026-09-14,21,21:00-22:00,medium,block_18_24,bike,2.77,16.79,8.08,,,2.04,1.37,0.0,1.37,1.0,1,history,segment_shift_history,missing_cycle_time,location_hour,location_hour,"Нужно 1 кур.; прогноз 2.8 заказа/ч; окно block_18_24: история 1.37, цикл 0.00; выбрано: историческая производительность; страховой запас 0%"
128,Кофемания Лаки,kfm,2026-09-14,22,22:00-23:00,medium,block_18_24,bike,1.78,16.79,9.01,,,2.04,1.37,0.0,1.37,1.0,1,history,segment_shift_history,missing_cycle_time,location_hour,location_hour,"Нужно 1 кур.; прогноз 1.8 заказа/ч; окно block_18_24: история 1.37, цикл 0.00; выбрано: историческая производительность; страховой запас 0%"
128,Кофемания Лаки,kfm,2026-09-14,23,23:00-24:00,medium,block_18_24,bike,0.92,16.79,7.91,,,2.04,1.37,0.0,1.37,1.0,1,history,segment_shift_history,missing_cycle_time,location_hour,location_hour,"Нужно 1 кур.; прогноз 0.9 заказа/ч; окно block_18_24: история 1.37, цикл 0.00; выбрано: историческая производительность; страховой запас 0%"
129,HOVER OVER,non_kfm,2026-09-14,9,09:00-10:00,low,block_06_12,auto,0.03,0.11,21.64,,,1.28,0.0,0.0,0.0,1.0,0,history,time_segment_shift_history,missing_cycle_time,global_hour,global_hour,"Нужно 0 кур.; прогноз 0.0 заказа/ч; окно block_06_12: история 0.00, цикл 0.00; выбрано: историческая производительность; страховой запас 0%"
129,HOVER OVER,non_kfm,2026-09-14,10,10:00-11:00,low,block_06_12,auto,0.03,0.11,21.71,,,1.28,0.0,0.0,0.0,1.0,0,history,time_segment_shift_history,missing_cycle_time,global_hour,global_hour,"Нужно 0 кур.; прогноз 0.0 заказа/ч; окно block_06_12: история 0.00, цикл 0.00; выбрано: историческая производительность; страховой запас 0%"
129,HOVER OVER,non_kfm,2026-09-14,11,11:00-12:00,low,block_06_12,auto,0.03,0.11,22.82,,,1.28,0.0,0.0,0.0,1.0,0,history,time_segment_shift_history,missing_cycle_time,global_hour,global_hour,"Нужно 0 кур.; прогноз 0.0 заказа/ч; окно block_06_12: история 0.00, цикл 0.00; выбрано: историческая производительность; страховой запас 0%"
129,HOVER OVER,non_kfm,2026-09-14,12,12:00-13:00,low,block_12_18,auto,0.04,0.2,23.54,,,1.09,0.0,0.0,0.0,1.0,0,history,time_segment_shift_history,missing_cycle_time,global_hour,global_hour,"Нужно 0 кур.; прогноз 0.0 заказа/ч; окно block_12_18: история 0.00, цикл 0.00; выбрано: историческая производительность; страховой запас 0%"
129,HOVER OVER,non_kfm,2026-09-14,13,13:00-14:00,low,block_12_18,auto,0.04,0.2,23.55,,,1.09,0.0,0.0,0.0,1.0,0,history,time_segment_shift_history,missing_cycle_time,global_hour,global_hour,"Нужно 0 кур.; прогноз 0.0 заказа/ч; окно block_12_18: история 0.00, цикл 0.00; выбрано: историческая производительность; страховой запас 0%"
129,HOVER OVER,non_kfm,2026-09-14,14,14:00-15:00,low,block_12_18,auto,0.04,0.2,24.06,,,1.09,0.0,0.0,0.0,1.0,0,history,time_segment_shift_history,missing_cycle_time,global_hour,global_hour,"Нужно 0 кур.; прогноз 0.0 заказа/ч; окно block_12_18: история 0.00, цикл 0.00; выбрано: историческая производительность; страховой запас 0%"
129,HOVER OVER,non_kfm,2026-09-14,15,15:00-16:00,low,block_12_18,auto,0.03,0.2,24.51,,,1.09,0.0,0.0,0.0,1.0,0,history,time_segment_shift_history,missing_cycle_time,global_hour,global_hour,"Нужно 0 кур.; прогноз 0.0 заказа/ч; окно block_12_18: история 0.00, цикл 0.00; выбрано: историческая производительность; страховой запас 0%"
129,HOVER OVER,non_kfm,2026-09-14,16,16:00-17:00,low,block_12_18,auto,0.03,0.2,25.16,,,1.09,0.0,0.0,0.0,1.0,0,history,time_segment_shift_history,missing_cycle_time,global_hour,global_hour,"Нужно 0 кур.; прогноз 0.0 заказа/ч; окно block_12_18: история 0.00, цикл 0.00; выбрано: историческая производительность; страховой запас 0%"
129,HOVER OVER,non_kfm,2026-09-14,17,17:00-18:00,low,block_12_18,auto,0.02,0.2,27.66,,,1.09,0.0,0.0,0.0,1.0,0,history,time_segment_shift_history,missing_cycle_time,global_hour,global_hour,"Нужно 0 кур.; прогноз 0.0 заказа/ч; окно block_12_18: история 0.00, цикл 0.00; выбрано: историческая производительность; страховой запас 0%"
129,HOVER OVER,non_kfm,2026-09-14,18,18:00-19:00,low,block_18_24,auto,0.03,0.13,27.41,,,1.15,0.0,0.0,0.0,1.0,0,history,time_segment_shift_history,missing_cycle_time,global_hour,global_hour,"Нужно 0 кур.; прогноз 0.0 заказа/ч; окно block_18_24: история 0.00, цикл 0.00; выбрано: историческая производительность; страховой запас 0%"
129,HOVER OVER,non_kfm,2026-09-14,19,19:00-20:00,low,block_18_24,auto,0.03,0.13,26.64,,,1.15,0.0,0.0,0.0,1.0,0,history,time_segment_shift_history,missing_cycle_time,global_hour,global_hour,"Нужно 0 кур.; прогноз 0.0 заказа/ч; окно block_18_24: история 0.00, цикл 0.00; выбрано: историческая производительность; страховой запас 0%"
129,HOVER OVER,non_kfm,2026-09-14,20,20:00-21:00,low,block_18_24,auto,0.03,0.13,23.12,,,1.15,0.0,0.0,0.0,1.0,0,history,time_segment_shift_history,missing_cycle_time,global_hour,global_hour,"Нужно 0 кур.; прогноз 0.0 заказа/ч; окно block_18_24: история 0.00, цикл 0.00; выбрано: историческая производительность; страховой запас 0%"
135,Гастродача Вселуг,non_kfm,2026-09-14,12,12:00-13:00,low,block_12_18,auto,0.04,0.21,23.54,,,1.09,0.0,0.0,0.0,1.0,0,history,time_segment_shift_history,missing_cycle_time,global_hour,global_hour,"Нужно 0 кур.; прогноз 0.0 заказа/ч; окно block_12_18: история 0.00, цикл 0.00; выбрано: историческая производительность; страховой запас 0%"
135,Гастродача Вселуг,non_kfm,2026-09-14,13,13:00-14:00,low,block_12_18,auto,0.04,0.21,23.55,,,1.09,0.0,0.0,0.0,1.0,0,history,time_segment_shift_history,missing_cycle_time,global_hour,global_hour,"Нужно 0 кур.; прогноз 0.0 заказа/ч; окно block_12_18: история 0.00, цикл 0.00; выбрано: историческая производительность; страховой запас 0%"
135,Гастродача Вселуг,non_kfm,2026-09-14,14,14:00-15:00,low,block_12_18,auto,0.04,0.21,24.06,,,1.09,0.0,0.0,0.0,1.0,0,history,time_segment_shift_history,missing_cycle_time,global_hour,global_hour,"Нужно 0 кур.; прогноз 0.0 заказа/ч; окно block_12_18: история 0.00, цикл 0.00; выбрано: историческая производительность; страховой запас 0%"
135,Гастродача Вселуг,non_kfm,2026-09-14,15,15:00-16:00,low,block_12_18,auto,0.03,0.21,25.59,,,1.09,0.0,0.0,0.0,1.0,0,history,time_segment_shift_history,missing_cycle_time,global_hour,location_hour,"Нужно 0 кур.; прогноз 0.0 заказа/ч; окно block_12_18: история 0.00, цикл 0.00; выбрано: историческая производительность; страховой запас 0%"
135,Гастродача Вселуг,non_kfm,2026-09-14,16,16:00-17:00,low,block_12_18,auto,0.03,0.21,28.14,,,1.09,0.0,0.0,0.0,1.0,0,history,time_segment_shift_history,missing_cycle_time,global_hour,location_hour,"Нужно 0 кур.; прогноз 0.0 заказа/ч; окно block_12_18: история 0.00, цикл 0.00; выбрано: историческая производительность; страховой запас 0%"
135,Гастродача Вселуг,non_kfm,2026-09-14,17,17:00-18:00,low,block_12_18,auto,0.03,0.21,31.62,,,1.09,0.0,0.0,0.0,1.0,0,history,time_segment_shift_history,missing_cycle_time,global_hour,location_hour,"Нужно 0 кур.; прогноз 0.0 заказа/ч; окно block_12_18: история 0.00, цикл 0.00; выбрано: историческая производительность; страховой запас 0%"
135,Гастродача Вселуг,non_kfm,2026-09-14,18,18:00-19:00,low,block_18_24,auto,0.06,0.25,44.3,,,1.15,0.0,0.0,0.0,1.0,0,history,time_segment_shift_history,missing_cycle_time,global_hour,location_hour,"Нужно 0 кур.; прогноз 0.1 заказа/ч; окно block_18_24: история 0.00, цикл 0.00; выбрано: историческая производительность; страховой запас 0%"
135,Гастродача Вселуг,non_kfm,2026-09-14,19,19:00-20:00,low,block_18_24,auto,0.06,0.25,28.48,,,1.15,0.0,0.0,0.0,1.0,0,history,time_segment_shift_history,missing_cycle_time,global_hour,location_hour,"Нужно 0 кур.; прогноз 0.1 заказа/ч; окно block_18_24: история 0.00, цикл 0.00; выбрано: историческая производительность; страховой запас 0%"
135,Гастродача Вселуг,non_kfm,2026-09-14,20,20:00-21:00,low,block_18_24,auto,0.05,0.25,41.33,,,1.15,0.0,0.0,0.0,1.0,0,history,time_segment_shift_history,missing_cycle_time,global_hour,location_hour,"Нужно 0 кур.; прогноз 0.1 заказа/ч; окно block_18_24: история 0.00, цикл 0.00; выбрано: историческая производительность; страховой запас 0%"
135,Гастродача Вселуг,non_kfm,2026-09-14,21,21:00-22:00,low,block_18_24,auto,0.04,0.25,27.78,,,1.15,0.0,0.0,0.0,1.0,0,history,time_segment_shift_history,missing_cycle_time,global_hour,location_hour,"Нужно 0 кур.; прогноз 0.0 заказа/ч; окно block_18_24: история 0.00, цикл 0.00; выбрано: историческая производительность; страховой запас 0%"
135,Гастродача Вселуг,non_kfm,2026-09-14,12,12:00-13:00,low,block_12_18,bike,0.02,0.08,10.37,,,2.83,0.0,0.0,0.0,1.0,0,history,time_segment_shift_history,missing_cycle_time,global_hour,global_hour,"Нужно 0 кур.; прогноз 0.0 заказа/ч; окно block_12_18: история 0.00, цикл 0.00; выбрано: историческая производительность; страховой запас 0%"
135,Гастродача Вселуг,non_kfm,2026-09-14,13,13:00-14:00,low,block_12_18,bike,0.02,0.08,10.39,,,2.83,0.0,0.0,0.0,1.0,0,history,time_segment_shift_history,missing_cycle_time,global_hour,global_hour,"Нужно 0 кур.; прогноз 0.0 заказа/ч; окно block_12_18: история 0.00, цикл 0.00; выбрано: историческая производительность; страховой запас 0%"
135,Гастродача Вселуг,non_kfm,2026-09-14,14,14:00-15:00,low,block_12_18,bike,0.01,0.08,10.2,,,2.83,0.0,0.0,0.0,1.0,0,history,time_segment_shift_history,missing_cycle_time,global_hour,global_hour,"Нужно 0 кур.; прогноз 0.0 заказа/ч; окно block_12_18: история 0.00, цикл 0.00; выбрано: историческая производительность; страховой запас 0%"
135,Гастродача Вселуг,non_kfm,2026-09-14,15,15:00-16:00,low,block_12_18,bike,0.01,0.08,10.75,,,2.83,0.0,0.0,0.0,1.0,0,history,time_segment_shift_history,missing_cycle_time,global_hour,global_hour,"Нужно 0 кур.; прогноз 0.0 заказа/ч; окно block_12_18: история 0.00, цикл 0.00; выбрано: историческая производительность; страховой запас 0%"
135,Гастродача Вселуг,non_kfm,2026-09-14,16,16:00-17:00,low,block_12_18,bike,0.01,0.08,7.89,,,2.83,0.0,0.0,0.0,1.0,0,history,time_segment_shift_history,missing_cycle_time,global_hour,location_hour,"Нужно 0 кур.; прогноз 0.0 заказа/ч; окно block_12_18: история 0.00, цикл 0.00; выбрано: историческая производительность; страховой запас 0%"
135,Гастродача Вселуг,non_kfm,2026-09-14,17,17:00-18:00,low,block_12_18,bike,0.01,0.08,10.83,,,2.83,0.0,0.0,0.0,1.0,0,history,time_segment_shift_history,missing_cycle_time,global_hour,global_hour,"Нужно 0 кур.; прогноз 0.0 заказа/ч; окно block_12_18: история 0.00, цикл 0.00; выбрано: историческая производительность; страховой запас 0%"
135,Гастродача Вселуг,non_kfm,2026-09-14,18,18:00-19:00,low,block_18_24,bike,0.03,0.15,11.1,,,2.05,0.0,0.0,0.0,1.0,0,history,time_segment_shift_history,missing_cycle_time,global_hour,global_hour,"Нужно 0 кур.; прогноз 0.0 заказа/ч; окно block_18_24: история 0.00, цикл 0.00; выбрано: историческая производительность; страховой запас 0%"
135,Гастродача Вселуг,non_kfm,2026-09-14,19,19:00-20:00,low,block_18_24,bike,0.04,0.15,10.71,,,2.05,0.0,0.0,0.0,1.0,0,history,time_segment_shift_history,missing_cycle_time,global_hour,global_hour,"Нужно 0 кур.; прогноз 0.0 заказа/ч; окно block_18_24: история 0.00, цикл 0.00; выбрано: историческая производительность; страховой запас 0%"
135,Гастродача Вселуг,non_kfm,2026-09-14,20,20:00-21:00,low,block_18_24,bike,0.03,0.15,10.4,,,2.05,0.0,0.0,0.0,1.0,0,history,time_segment_shift_history,missing_cycle_time,global_hour,global_hour,"Нужно 0 кур.; прогноз 0.0 заказа/ч; окно block_18_24: история 0.00, цикл 0.00; выбрано: историческая производительность; страховой запас 0%"
135,Гастродача Вселуг,non_kfm,2026-09-14,21,21:00-22:00,low,block_18_24,bike,0.02,0.15,9.94,,,2.05,0.0,0.0,0.0,1.0,0,history,time_segment_shift_history,missing_cycle_time,global_hour,global_hour,"Нужно 0 кур.; прогноз 0.0 заказа/ч; окно block_18_24: история 0.00, цикл 0.00; выбрано: историческая производительность; страховой запас 0%"
137,БТ Мясницкая,kfm,2026-09-14,9,09:00-10:00,medium,block_06_12,bike,0.39,1.58,12.84,,,3.03,0.09,0.0,0.09,1.0,0,history,segment_shift_history,missing_cycle_time,location_hour,location_hour,"Нужно 0 кур.; прогноз 0.4 заказа/ч; окно block_06_12: история 0.09, цикл 0.00; выбрано: историческая производительность; страховой запас 0%"
137,БТ Мясницкая,kfm,2026-09-14,10,10:00-11:00,medium,block_06_12,bike,0.55,1.58,13.83,,,3.03,0.09,0.0,0.09,1.0,0,history,segment_shift_history,missing_cycle_time,location_hour,location_hour,"Нужно 0 кур.; прогноз 0.6 заказа/ч; окно block_06_12: история 0.09, цикл 0.00; выбрано: историческая производительность; страховой запас 0%"
137,БТ Мясницкая,kfm,2026-09-14,11,11:00-12:00,medium,block_06_12,bike,0.63,1.58,12.46,,,3.03,0.09,0.0,0.09,1.0,0,history,segment_shift_history,missing_cycle_time,location_hour,location_hour,"Нужно 0 кур.; прогноз 0.6 заказа/ч; окно block_06_12: история 0.09, цикл 0.00; выбрано: историческая производительность; страховой запас 0%"
137,БТ Мясницкая,kfm,2026-09-14,12,12:00-13:00,medium,block_12_18,bike,0.45,2.71,14.46,,,2.82,0.16,0.0,0.16,1.0,0,history,segment_shift_history,missing_cycle_time,location_hour,location_hour,"Нужно 0 кур.; прогноз 0.5 заказа/ч; окно block_12_18: история 0.16, цикл 0.00; выбрано: историческая производительность; страховой запас 0%"
137,БТ Мясницкая,kfm,2026-09-14,13,13:00-14:00,medium,block_12_18,bike,0.85,2.71,11.23,,,2.82,0.16,0.0,0.16,1.0,0,history,segment_shift_history,missing_cycle_time,location_hour,location_hour,"Нужно 0 кур.; прогноз 0.9 заказа/ч; окно block_12_18: история 0.16, цикл 0.00; выбрано: историческая производительность; страховой запас 0%"
137,БТ Мясницкая,kfm,2026-09-14,14,14:00-15:00,medium,block_12_18,bike,0.65,2.71,11.23,,,2.82,0.16,0.0,0.16,1.0,0,history,segment_shift_history,missing_cycle_time,location_hour,location_hour,"Нужно 0 кур.; прогноз 0.7 заказа/ч; окно block_12_18: история 0.16, цикл 0.00; выбрано: историческая производительность; страховой запас 0%"
137,БТ Мясницкая,kfm,2026-09-14,15,15:00-16:00,medium,block_12_18,bike,0.4,2.71,16.35,,,2.82,0.16,0.0,0.16,1.0,0,history,segment_shift_history,missing_cycle_time,location_hour,location_hour,"Нужно 0 кур.; прогноз 0.4 заказа/ч; окно block_12_18: история 0.16, цикл 0.00; выбрано: историческая производительность; страховой запас 0%"
137,БТ Мясницкая,kfm,2026-09-14,16,16:00-17:00,medium,block_12_18,bike,0.05,2.71,16.16,,,2.82,0.16,0.0,0.16,1.0,0,history,segment_shift_history,missing_cycle_time,location_hour,location_hour,"Нужно 0 кур.; прогноз 0.1 заказа/ч; окно block_12_18: история 0.16, цикл 0.00; выбрано: историческая производительность; страховой запас 0%"
137,БТ Мясницкая,kfm,2026-09-14,17,17:00-18:00,medium,block_12_18,bike,0.3,2.71,14.13,,,2.82,0.16,0.0,0.16,1.0,0,history,segment_shift_history,missing_cycle_time,location_hour,location_hour,"Нужно 0 кур.; прогноз 0.3 заказа/ч; окно block_12_18: история 0.16, цикл 0.00; выбрано: историческая производительность; страховой запас 0%"
137,БТ Мясницкая,kfm,2026-09-14,18,18:00-19:00,medium,block_18_24,bike,0.23,0.52,14.0,,,2.04,0.04,0.0,0.04,1.0,0,history,segment_shift_history,missing_cycle_time,location_hour,location_hour,"Нужно 0 кур.; прогноз 0.2 заказа/ч; окно block_18_24: история 0.04, цикл 0.00; выбрано: историческая производительность; страховой запас 0%"
137,БТ Мясницкая,kfm,2026-09-14,19,19:00-20:00,medium,block_18_24,bike,0.17,0.52,16.99,,,2.04,0.04,0.0,0.04,1.0,0,history,segment_shift_history,missing_cycle_time,location_hour,location_hour,"Нужно 0 кур.; прогноз 0.2 заказа/ч; окно block_18_24: история 0.04, цикл 0.00; выбрано: историческая производительность; страховой запас 0%"
137,БТ Мясницкая,kfm,2026-09-14,20,20:00-21:00,medium,block_18_24,bike,0.06,0.52,6.13,,,2.04,0.04,0.0,0.04,1.0,0,history,segment_shift_history,missing_cycle_time,location_hour,location_hour,"Нужно 0 кур.; прогноз 0.1 заказа/ч; окно block_18_24: история 0.04, цикл 0.00; выбрано: историческая производительность; страховой запас 0%"
137,БТ Мясницкая,kfm,2026-09-14,21,21:00-22:00,medium,block_18_24,bike,0.06,0.52,9.94,,,2.04,0.04,0.0,0.04,1.0,0,history,segment_shift_history,missing_cycle_time,location_hour,global_hour,"Нужно 0 кур.; прогноз 0.1 заказа/ч; окно block_18_24: история 0.04, цикл 0.00; выбрано: историческая производительность; страховой запас 0%"
138,БТ Таганка,kfm,2026-09-14,8,08:00-09:00,medium,block_06_12,bike,0.73,3.19,10.4,,,3.03,0.18,0.0,0.18,1.0,0,history,segment_shift_history,missing_cycle_time,location_hour,global_hour,"Нужно 0 кур.; прогноз 0.7 заказа/ч; окно block_06_12: история 0.18, цикл 0.00; выбрано: историческая производительность; страховой запас 0%"
138,БТ Таганка,kfm,2026-09-14,9,09:00-10:00,medium,block_06_12,bike,0.73,3.19,11.42,,,3.03,0.18,0.0,0.18,1.0,0,history,segment_shift_history,missing_cycle_time,location_hour,location_hour,"Нужно 0 кур.; прогноз 0.7 заказа/ч; окно block_06_12: история 0.18, цикл 0.00; выбрано: историческая производительность; страховой запас 0%"
138,БТ Таганка,kfm,2026-09-14,10,10:00-11:00,medium,block_06_12,bike,1.16,3.19,13.36,,,3.03,0.18,0.0,0.18,1.0,0,history,segment_shift_history,missing_cycle_time,location_hour,location_hour,"Нужно 0 кур.; прогноз 1.2 заказа/ч; окно block_06_12: история 0.18, цикл 0.00; выбрано: историческая производительность; страховой запас 0%"
138,БТ Таганка,kfm,2026-09-14,11,11:00-12:00,medium,block_06_12,bike,0.58,3.19,7.72,,,3.03,0.18,0.0,0.18,1.0,0,history,segment_shift_history,missing_cycle_time,location_hour,location_hour,"Нужно 0 кур.; прогноз 0.6 заказа/ч; окно block_06_12: история 0.18, цикл 0.00; выбрано: историческая производительность; страховой запас 0%"
138,БТ Таганка,kfm,2026-09-14,12,12:00-13:00,medium,block_12_18,bike,1.0,3.77,6.91,,,2.82,0.22,0.0,0.22,1.0,0,history,segment_shift_history,missing_cycle_time,location_hour,location_hour,"Нужно 0 кур.; прогноз 1.0 заказа/ч; окно block_12_18: история 0.22, цикл 0.00; выбрано: историческая производительность; страховой запас 0%"
138,БТ Таганка,kfm,2026-09-14,13,13:00-14:00,medium,block_12_18,bike,1.18,3.77,7.84,,,2.82,0.22,0.0,0.22,1.0,0,history,segment_shift_history,missing_cycle_time,location_hour,location_hour,"Нужно 0 кур.; прогноз 1.2 заказа/ч; окно block_12_18: история 0.22, цикл 0.00; выбрано: историческая производительность; страховой запас 0%"
138,БТ Таганка,kfm,2026-09-14,14,14:00-15:00,medium,block_12_18,bike,0.59,3.77,9.46,,,2.82,0.22,0.0,0.22,1.0,0,history,segment_shift_history,missing_cycle_time,location_hour,location_hour,"Нужно 0 кур.; прогноз 0.6 заказа/ч; окно block_12_18: история 0.22, цикл 0.00; выбрано: историческая производительность; страховой запас 0%"
138,БТ Таганка,kfm,2026-09-14,15,15:00-16:00,medium,block_12_18,bike,0.47,3.77,7.71,,,2.82,0.22,0.0,0.22,1.0,0,history,segment_shift_history,missing_cycle_time,location_hour,location_hour,"Нужно 0 кур.; прогноз 0.5 заказа/ч; окно block_12_18: история 0.22, цикл 0.00; выбрано: историческая производительность; страховой запас 0%"
138,БТ Таганка,kfm,2026-09-14,16,16:00-17:00,medium,block_12_18,bike,0.29,3.77,10.24,,,2.82,0.22,0.0,0.22,1.0,0,history,segment_shift_history,missing_cycle_time,location_hour,location_hour,"Нужно 0 кур.; прогноз 0.3 заказа/ч; окно block_12_18: история 0.22, цикл 0.00; выбрано: историческая производительность; страховой запас 0%"
138,БТ Таганка,kfm,2026-09-14,17,17:00-18:00,medium,block_12_18,bike,0.24,3.77,6.22,,,2.82,0.22,0.0,0.22,1.0,0,history,segment_shift_history,missing_cycle_time,location_hour,location_hour,"Нужно 0 кур.; прогноз 0.2 заказа/ч; окно block_12_18: история 0.22, цикл 0.00; выбрано: историческая производительность; страховой запас 0%"
138,БТ Таганка,kfm,2026-09-14,18,18:00-19:00,medium,block_18_24,bike,0.27,0.61,11.61,,,2.04,0.05,0.0,0.05,1.0,0,history,segment_shift_history,missing_cycle_time,location_hour,location_hour,"Нужно 0 кур.; прогноз 0.3 заказа/ч; окно block_18_24: история 0.05, цикл 0.00; выбрано: историческая производительность; страховой запас 0%"
138,БТ Таганка,kfm,2026-09-14,19,19:00-20:00,medium,block_18_24,bike,0.2,0.61,7.15,,,2.04,0.05,0.0,0.05,1.0,0,history,segment_shift_history,missing_cycle_time,location_hour,location_hour,"Нужно 0 кур.; прогноз 0.2 заказа/ч; окно block_18_24: история 0.05, цикл 0.00; выбрано: историческая производительность; страховой запас 0%"
138,БТ Таганка,kfm,2026-09-14,20,20:00-21:00,medium,block_18_24,bike,0.07,0.61,7.91,,,2.04,0.05,0.0,0.05,1.0,0,history,segment_shift_history,missing_cycle_time,location_hour,location_hour,"Нужно 0 кур.; прогноз 0.1 заказа/ч; окно block_18_24: история 0.05, цикл 0.00; выбрано: историческая производительность; страховой запас 0%"
138,БТ Таганка,kfm,2026-09-14,21,21:00-22:00,medium,block_18_24,bike,0.07,0.61,9.94,,,2.04,0.05,0.0,0.05,1.0,0,history,segment_shift_history,missing_cycle_time,location_hour,global_hour,"Нужно 0 кур.; прогноз 0.1 заказа/ч; окно block_18_24: история 0.05, цикл 0.00; выбрано: историческая производительность; страховой запас 0%"
14,Метрополис,kfm,2026-09-14,9,09:00-10:00,medium,block_06_12,auto,2.3,8.62,21.44,,,1.27,1.13,0.0,1.13,1.0,1,history,segment_shift_history,missing_cycle_time,location_hour,location_hour,"Нужно 1 кур.; прогноз 2.3 заказа/ч; окно block_06_12: история 1.13, цикл 0.00; выбрано: историческая производительность; страховой запас 0%"
14,Метрополис,kfm,2026-09-14,10,10:00-11:00,medium,block_06_12,auto,2.86,8.62,20.71,,,1.27,1.13,0.0,1.13,1.0,1,history,segment_shift_history,missing_cycle_time,location_hour,location_hour,"Нужно 1 кур.; прогноз 2.9 заказа/ч; окно block_06_12: история 1.13, цикл 0.00; выбрано: историческая производительность; страховой запас 0%"
14,Метрополис,kfm,2026-09-14,11,11:00-12:00,medium,block_06_12,auto,3.41,8.62,23.71,,,1.27,1.13,0.0,1.13,1.0,1,history,segment_shift_history,missing_cycle_time,location_hour,location_hour,"Нужно 1 кур.; прогноз 3.4 заказа/ч; окно block_06_12: история 1.13, цикл 0.00; выбрано: историческая производительность; страховой запас 0%"
14,Метрополис,kfm,2026-09-14,12,12:00-13:00,medium,block_12_18,auto,5.34,21.3,21.28,,,1.02,3.48,0.0,3.48,1.0,4,history,location_shift_history,missing_cycle_time,location_hour,location_hour,"Нужно 4 кур.; прогноз 5.3 заказа/ч; окно block_12_18: история 3.48, цикл 0.00; выбрано: историческая производительность; страховой запас 0%"
14,Метрополис,kfm,2026-09-14,13,13:00-14:00,medium,block_12_18,auto,3.99,21.3,22.14,,,1.02,3.48,0.0,3.48,1.0,4,history,location_shift_history,missing_cycle_time,location_hour,location_hour,"Нужно 4 кур.; прогноз 4.0 заказа/ч; окно block_12_18: история 3.48, цикл 0.00; выбрано: историческая производительность; страховой запас 0%"
14,Метрополис,kfm,2026-09-14,14,14:00-15:00,medium,block_12_18,auto,3.6,21.3,24.13,,,1.02,3.48,0.0,3.48,1.0,4,history,location_shift_history,missing_cycle_time,location_hour,location_hour,"Нужно 4 кур.; прогноз 3.6 заказа/ч; окно block_12_18: история 3.48, цикл 0.00; выбрано: историческая производительность; страховой запас 0%"
14,Метрополис,kfm,2026-09-14,15,15:00-16:00,medium,block_12_18,auto,2.81,21.3,22.48,,,1.02,3.48,0.0,3.48,1.0,4,history,location_shift_history,missing_cycle_time,location_hour,location_hour,"Нужно 4 кур.; прогноз 2.8 заказа/ч; окно block_12_18: история 3.48, цикл 0.00; выбрано: историческая производительность; страховой запас 0%"
14,Метрополис,kfm,2026-09-14,16,16:00-17:00,medium,block_12_18,auto,2.87,21.3,26.6,,,1.02,3.48,0.0,3.48,1.0,4,history,location_shift_history,missing_cycle_time,location_hour,location_hour,"Нужно 4 кур.; прогноз 2.9 заказа/ч; окно block_12_18: история 3.48, цикл 0.00; выбрано: историческая производительность; страховой запас 0%"
14,Метрополис,kfm,2026-09-14,17,17:00-18:00,medium,block_12_18,auto,2.7,21.3,26.95,,,1.02,3.48,0.0,3.48,1.0,4,history,location_shift_history,missing_cycle_time,location_hour,location_hour,"Нужно 4 кур.; прогноз 2.7 заказа/ч; окно block_12_18: история 3.48, цикл 0.00; выбрано: историческая производительность; страховой запас 0%"
14,Метрополис,kfm,2026-09-14,18,18:00-19:00,medium,block_18_24,auto,1.78,8.75,29.22,,,0.97,1.5,0.0,1.5,1.0,2,history,location_shift_history,missing_cycle_time,location_hour,location_hour,"Нужно 2 кур.; прогноз 1.8 заказа/ч; окно block_18_24: история 1.50, цикл 0.00; выбрано: историческая производительность; страховой запас 0%"
14,Метрополис,kfm,2026-09-14,19,19:00-20:00,medium,block_18_24,auto,2.93,8.75,31.4,,,0.97,1.5,0.0,1.5,1.0,2,history,location_shift_history,missing_cycle_time,location_hour,location_hour,"Нужно 2 кур.; прогноз 2.9 заказа/ч; окно block_18_24: история 1.50, цикл 0.00; выбрано: историческая производительность; страховой запас 0%"
14,Метрополис,kfm,2026-09-14,20,20:00-21:00,medium,block_18_24,auto,1.9,8.75,26.92,,,0.97,1.5,0.0,1.5,1.0,2,history,location_shift_history,missing_cycle_time,location_hour,location_hour,"Нужно 2 кур.; прогноз 1.9 заказа/ч; окно block_18_24: история 1.50, цикл 0.00; выбрано: историческая производительность; страховой запас 0%"
14,Метрополис,kfm,2026-09-14,21,21:00-22:00,medium,block_18_24,auto,1.31,8.75,24.77,,,0.97,1.5,0.0,1.5,1.0,2,history,location_shift_history,missing_cycle_time,location_hour,location_hour,"Нужно 2 кур.; прогноз 1.3 заказа/ч; окно block_18_24: история 1.50, цикл 0.00; выбрано: историческая производительность; страховой запас 0%"
14,Метрополис,kfm,2026-09-14,22,22:00-23:00,medium,block_18_24,auto,0.83,8.75,19.59,,,0.97,1.5,0.0,1.5,1.0,2,history,location_shift_history,missing_cycle_time,location_hour,location_hour,"Нужно 2 кур.; прогноз 0.8 заказа/ч; окно block_18_24: история 1.50, цикл 0.00; выбрано: историческая производительность; страховой запас 0%"
141,Даровано Органик,non_kfm,2026-09-14,10,10:00-11:00,low,block_06_12,auto,0.04,0.18,21.71,,,1.28,0.0,0.0,0.0,1.0,0,history,time_segment_shift_history,missing_cycle_time,global_hour,global_hour,"Нужно 0 кур.; прогноз 0.0 заказа/ч; окно block_06_12: история 0.00, цикл 0.00; выбрано: историческая производительность; страховой запас 0%"
141,Даровано Органик,non_kfm,2026-09-14,11,11:00-12:00,low,block_06_12,auto,0.05,0.18,22.82,,,1.28,0.0,0.0,0.0,1.0,0,history,time_segment_shift_history,missing_cycle_time,global_hour,global_hour,"Нужно 0 кур.; прогноз 0.0 заказа/ч; окно block_06_12: история 0.00, цикл 0.00; выбрано: историческая производительность; страховой запас 0%"
141,Даровано Органик,non_kfm,2026-09-14,12,12:00-13:00,low,block_12_18,auto,0.07,0.32,23.54,,,1.09,0.0,0.0,0.0,1.0,0,history,time_segment_shift_history,missing_cycle_time,global_hour,global_hour,"Нужно 0 кур.; прогноз 0.1 заказа/ч; окно block_12_18: история 0.00, цикл 0.00; выбрано: историческая производительность; страховой запас 0%"
141,Даровано Органик,non_kfm,2026-09-14,13,13:00-14:00,low,block_12_18,auto,0.07,0.32,23.55,,,1.09,0.0,0.0,0.0,1.0,0,history,time_segment_shift_history,missing_cycle_time,global_hour,global_hour,"Нужно 0 кур.; прогноз 0.1 заказа/ч; окно block_12_18: история 0.00, цикл 0.00; выбрано: историческая производительность; страховой запас 0%"
141,Даровано Органик,non_kfm,2026-09-14,14,14:00-15:00,low,block_12_18,auto,0.06,0.32,24.06,,,1.09,0.0,0.0,0.0,1.0,0,history,time_segment_shift_history,missing_cycle_time,global_hour,global_hour,"Нужно 0 кур.; прогноз 0.1 заказа/ч; окно block_12_18: история 0.00, цикл 0.00; выбрано: историческая производительность; страховой запас 0%"
141,Даровано Органик,non_kfm,2026-09-14,15,15:00-16:00,low,block_12_18,auto,0.05,0.32,24.51,,,1.09,0.0,0.0,0.0,1.0,0,history,time_segment_shift_history,missing_cycle_time,global_hour,global_hour,"Нужно 0 кур.; прогноз 0.0 заказа/ч; окно block_12_18: история 0.00, цикл 0.00; выбрано: историческая производительность; страховой запас 0%"
141,Даровано Органик,non_kfm,2026-09-14,16,16:00-17:00,low,block_12_18,auto,0.04,0.32,25.16,,,1.09,0.0,0.0,0.0,1.0,0,history,time_segment_shift_history,missing_cycle_time,global_hour,global_hour,"Нужно 0 кур.; прогноз 0.0 заказа/ч; окно block_12_18: история 0.00, цикл 0.00; выбрано: историческая производительность; страховой запас 0%"
141,Даровано Органик,non_kfm,2026-09-14,17,17:00-18:00,low,block_12_18,auto,0.04,0.32,27.66,,,1.09,0.0,0.0,0.0,1.0,0,history,time_segment_shift_history,missing_cycle_time,global_hour,global_hour,"Нужно 0 кур.; прогноз 0.0 заказа/ч; окно block_12_18: история 0.00, цикл 0.00; выбрано: историческая производительность; страховой запас 0%"
142,RED7,kfm,2026-09-14,8,08:00-09:00,medium,block_06_12,bike,1.6,6.47,10.38,,,3.03,0.36,0.0,0.36,1.0,1,history,segment_shift_history,missing_cycle_time,location_hour,location_hour,"Нужно 1 кур.; прогноз 1.6 заказа/ч; окно block_06_12: история 0.36, цикл 0.00; выбрано: историческая производительность; страховой запас 0%"
142,RED7,kfm,2026-09-14,9,09:00-10:00,medium,block_06_12,bike,1.52,6.47,10.37,,,3.03,0.36,0.0,0.36,1.0,1,history,segment_shift_history,missing_cycle_time,location_hour,location_hour,"Нужно 1 кур.; прогноз 1.5 заказа/ч; окно block_06_12: история 0.36, цикл 0.00; выбрано: историческая производительность; страховой запас 0%"
142,RED7,kfm,2026-09-14,10,10:00-11:00,medium,block_06_12,bike,1.88,6.47,9.71,,,3.03,0.36,0.0,0.36,1.0,1,history,segment_shift_history,missing_cycle_time,location_hour,location_hour,"Нужно 1 кур.; прогноз 1.9 заказа/ч; окно block_06_12: история 0.36, цикл 0.00; выбрано: историческая производительность; страховой запас 0%"
142,RED7,kfm,2026-09-14,11,11:00-12:00,medium,block_06_12,bike,1.48,6.47,10.22,,,3.03,0.36,0.0,0.36,1.0,1,history,segment_shift_history,missing_cycle_time,location_hour,location_hour,"Нужно 1 кур.; прогноз 1.5 заказа/ч; окно block_06_12: история 0.36, цикл 0.00; выбрано: историческая производительность; страховой запас 0%"
142,RED7,kfm,2026-09-14,12,12:00-13:00,medium,block_12_18,bike,2.36,9.44,9.55,,,2.82,0.56,0.0,0.56,1.0,1,history,segment_shift_history,missing_cycle_time,location_hour,location_hour,"Нужно 1 кур.; прогноз 2.4 заказа/ч; окно block_12_18: история 0.56, цикл 0.00; выбрано: историческая производительность; страховой запас 0%"
142,RED7,kfm,2026-09-14,13,13:00-14:00,medium,block_12_18,bike,2.0,9.44,9.54,,,2.82,0.56,0.0,0.56,1.0,1,history,segment_shift_history,missing_cycle_time,location_hour,location_hour,"Нужно 1 кур.; прогноз 2.0 заказа/ч; окно block_12_18: история 0.56, цикл 0.00; выбрано: историческая производительность; страховой запас 0%"
142,RED7,kfm,2026-09-14,14,14:00-15:00,medium,block_12_18,bike,1.68,9.44,10.5,,,2.82,0.56,0.0,0.56,1.0,1,history,segment_shift_history,missing_cycle_time,location_hour,location_hour,"Нужно 1 кур.; прогноз 1.7 заказа/ч; окно block_12_18: история 0.56, цикл 0.00; выбрано: историческая производительность; страховой запас 0%"
142,RED7,kfm,2026-09-14,15,15:00-16:00,medium,block_12_18,bike,1.22,9.44,10.22,,,2.82,0.56,0.0,0.56,1.0,1,history,segment_shift_history,missing_cycle_time,location_hour,location_hour,"Нужно 1 кур.; прогноз 1.2 заказа/ч; окно block_12_18: история 0.56, цикл 0.00; выбрано: историческая производительность; страховой запас 0%"
142,RED7,kfm,2026-09-14,16,16:00-17:00,medium,block_12_18,bike,1.04,9.44,12.61,,,2.82,0.56,0.0,0.56,1.0,1,history,segment_shift_history,missing_cycle_time,location_hour,location_hour,"Нужно 1 кур.; прогноз 1.0 заказа/ч; окно block_12_18: история 0.56, цикл 0.00; выбрано: историческая производительность; страховой запас 0%"
142,RED7,kfm,2026-09-14,17,17:00-18:00,medium,block_12_18,bike,1.13,9.44,11.79,,,2.82,0.56,0.0,0.56,1.0,1,history,segment_shift_history,missing_cycle_time,location_hour,location_hour,"Нужно 1 кур.; прогноз 1.1 заказа/ч; окно block_12_18: история 0.56, цикл 0.00; выбрано: историческая производительность; страховой запас 0%"
142,RED7,kfm,2026-09-14,18,18:00-19:00,medium,block_18_24,bike,0.98,3.3,11.37,,,2.04,0.27,0.0,0.27,1.0,1,history,segment_shift_history,missing_cycle_time,location_hour,location_hour,"Нужно 1 кур.; прогноз 1.0 заказа/ч; окно block_18_24: история 0.27, цикл 0.00; выбрано: историческая производительность; страховой запас 0%"
142,RED7,kfm,2026-09-14,19,19:00-20:00,medium,block_18_24,bike,0.94,3.3,10.2,,,2.04,0.27,0.0,0.27,1.0,1,history,segment_shift_history,missing_cycle_time,location_hour,location_hour,"Нужно 1 кур.; прогноз 0.9 заказа/ч; окно block_18_24: история 0.27, цикл 0.00; выбрано: историческая производительность; страховой запас 0%"
142,RED7,kfm,2026-09-14,20,20:00-21:00,medium,block_18_24,bike,0.74,3.3,11.85,,,2.04,0.27,0.0,0.27,1.0,1,history,segment_shift_history,missing_cycle_time,location_hour,location_hour,"Нужно 1 кур.; прогноз 0.7 заказа/ч; окно block_18_24: история 0.27, цикл 0.00; выбрано: историческая производительность; страховой запас 0%"
142,RED7,kfm,2026-09-14,21,21:00-22:00,medium,block_18_24,bike,0.64,3.3,6.97,,,2.04,0.27,0.0,0.27,1.0,1,history,segment_shift_history,missing_cycle_time,location_hour,location_hour,"Нужно 1 кур.; прогноз 0.6 заказа/ч; окно block_18_24: история 0.27, цикл 0.00; выбрано: историческая производительность; страховой запас 0%"
142,RED7,kfm,2026-09-14,22,22:00-23:00,medium,block_18_24,bike,0.0,3.3,11.44,,,2.04,0.27,0.0,0.27,1.0,1,history,segment_shift_history,missing_cycle_time,global_hour,location_hour,"Нужно 1 кур.; прогноз 0.0 заказа/ч; окно block_18_24: история 0.27, цикл 0.00; выбрано: историческая производительность; страховой запас 0%"
145,BSB Европейский,non_kfm,2026-09-14,14,14:00-15:00,low,block_12_18,auto,0.1,0.53,24.06,,,1.09,0.08,0.0,0.08,1.0,0,history,time_segment_shift_history,missing_cycle_time,global_hour,global_hour,"Нужно 0 кур.; прогноз 0.1 заказа/ч; окно block_12_18: история 0.08, цикл 0.00; выбрано: историческая производительность; страховой запас 0%"
145,BSB Европейский,non_kfm,2026-09-14,15,15:00-16:00,low,block_12_18,auto,0.08,0.53,24.51,,,1.09,0.08,0.0,0.08,1.0,0,history,time_segment_shift_history,missing_cycle_time,global_hour,global_hour,"Нужно 0 кур.; прогноз 0.1 заказа/ч; окно block_12_18: история 0.08, цикл 0.00; выбрано: историческая производительность; страховой запас 0%"
145,BSB Европейский,non_kfm,2026-09-14,16,16:00-17:00,low,block_12_18,auto,0.07,0.53,25.16,,,1.09,0.08,0.0,0.08,1.0,0,history,time_segment_shift_history,missing_cycle_time,global_hour,global_hour,"Нужно 0 кур.; прогноз 0.1 заказа/ч; окно block_12_18: история 0.08, цикл 0.00; выбрано: историческая производительность; страховой запас 0%"
145,BSB Европейский,non_kfm,2026-09-14,17,17:00-18:00,low,block_12_18,auto,0.06,0.53,27.66,,,1.09,0.08,0.0,0.08,1.0,0,history,time_segment_shift_history,missing_cycle_time,global_hour,global_hour,"Нужно 0 кур.; прогноз 0.1 заказа/ч; окно block_12_18: история 0.08, цикл 0.00; выбрано: историческая производительность; страховой запас 0%"
145,BSB Европейский,non_kfm,2026-09-14,18,18:00-19:00,low,block_18_24,auto,0.05,0.23,27.41,,,1.15,0.0,0.0,0.0,1.0,0,history,time_segment_shift_history,missing_cycle_time,global_hour,global_hour,"Нужно 0 кур.; прогноз 0.1 заказа/ч; окно block_18_24: история 0.00, цикл 0.00; выбрано: историческая производительность; страховой запас 0%"
145,BSB Европейский,non_kfm,2026-09-14,19,19:00-20:00,low,block_18_24,auto,0.05,0.23,26.64,,,1.15,0.0,0.0,0.0,1.0,0,history,time_segment_shift_history,missing_cycle_time,global_hour,global_hour,"Нужно 0 кур.; прогноз 0.1 заказа/ч; окно block_18_24: история 0.00, цикл 0.00; выбрано: историческая производительность; страховой запас 0%"
145,BSB Европейский,non_kfm,2026-09-14,20,20:00-21:00,low,block_18_24,auto,0.05,0.23,23.12,,,1.15,0.0,0.0,0.0,1.0,0,history,time_segment_shift_history,missing_cycle_time,global_hour,global_hour,"Нужно 0 кур.; прогноз 0.0 заказа/ч; окно block_18_24: история 0.00, цикл 0.00; выбрано: историческая производительность; страховой запас 0%"
145,BSB Европейский,non_kfm,2026-09-14,21,21:00-22:00,low,block_18_24,auto,0.04,0.23,21.83,,,1.15,0.0,0.0,0.0,1.0,0,history,time_segment_shift_history,missing_cycle_time,global_hour,global_hour,"Нужно 0 кур.; прогноз 0.0 заказа/ч; окно block_18_24: история 0.00, цикл 0.00; выбрано: историческая производительность; страховой запас 0%"
145,BSB Европейский,non_kfm,2026-09-14,22,22:00-23:00,low,block_18_24,auto,0.02,0.23,16.14,,,1.15,0.0,0.0,0.0,1.0,0,history,time_segment_shift_history,missing_cycle_time,global_hour,global_hour,"Нужно 0 кур.; прогноз 0.0 заказа/ч; окно block_18_24: история 0.00, цикл 0.00; выбрано: историческая производительность; страховой запас 0%"
145,BSB Европейский,non_kfm,2026-09-14,14,14:00-15:00,low,block_12_18,bike,0.04,0.2,10.2,,,2.83,0.0,0.0,0.0,1.0,0,history,time_segment_shift_history,missing_cycle_time,global_hour,global_hour,"Нужно 0 кур.; прогноз 0.0 заказа/ч; окно block_12_18: история 0.00, цикл 0.00; выбрано: историческая производительность; страховой запас 0%"
145,BSB Европейский,non_kfm,2026-09-14,15,15:00-16:00,low,block_12_18,bike,0.03,0.2,10.75,,,2.83,0.0,0.0,0.0,1.0,0,history,time_segment_shift_history,missing_cycle_time,global_hour,global_hour,"Нужно 0 кур.; прогноз 0.0 заказа/ч; окно block_12_18: история 0.00, цикл 0.00; выбрано: историческая производительность; страховой запас 0%"
145,BSB Европейский,non_kfm,2026-09-14,16,16:00-17:00,low,block_12_18,bike,0.03,0.2,11.02,,,2.83,0.0,0.0,0.0,1.0,0,history,time_segment_shift_history,missing_cycle_time,global_hour,global_hour,"Нужно 0 кур.; прогноз 0.0 заказа/ч; окно block_12_18: история 0.00, цикл 0.00; выбрано: историческая производительность; страховой запас 0%"
145,BSB Европейский,non_kfm,2026-09-14,17,17:00-18:00,low,block_12_18,bike,0.02,0.2,10.83,,,2.83,0.0,0.0,0.0,1.0,0,history,time_segment_shift_history,missing_cycle_time,global_hour,global_hour,"Нужно 0 кур.; прогноз 0.0 заказа/ч; окно block_12_18: история 0.00, цикл 0.00; выбрано: историческая производительность; страховой запас 0%"
145,BSB Европейский,non_kfm,2026-09-14,18,18:00-19:00,low,block_18_24,bike,0.03,0.14,11.1,,,2.05,0.0,0.0,0.0,1.0,0,history,time_segment_shift_history,missing_cycle_time,global_hour,global_hour,"Нужно 0 кур.; прогноз 0.0 заказа/ч; окно block_18_24: история 0.00, цикл 0.00; выбрано: историческая производительность; страховой запас 0%"
145,BSB Европейский,non_kfm,2026-09-14,19,19:00-20:00,low,block_18_24,bike,0.03,0.14,10.71,,,2.05,0.0,0.0,0.0,1.0,0,history,time_segment_shift_history,missing_cycle_time,global_hour,global_hour,"Нужно 0 кур.; прогноз 0.0 заказа/ч; окно block_18_24: история 0.00, цикл 0.00; выбрано: историческая производительность; страховой запас 0%"
145,BSB Европейский,non_kfm,2026-09-14,20,20:00-21:00,low,block_18_24,bike,0.03,0.14,10.4,,,2.05,0.0,0.0,0.0,1.0,0,history,time_segment_shift_history,missing_cycle_time,global_hour,global_hour,"Нужно 0 кур.; прогноз 0.0 заказа/ч; окно block_18_24: история 0.00, цикл 0.00; выбрано: историческая производительность; страховой запас 0%"
145,BSB Европейский,non_kfm,2026-09-14,21,21:00-22:00,low,block_18_24,bike,0.02,0.14,9.94,,,2.05,0.0,0.0,0.0,1.0,0,history,time_segment_shift_history,missing_cycle_time,global_hour,global_hour,"Нужно 0 кур.; прогноз 0.0 заказа/ч; окно block_18_24: история 0.00, цикл 0.00; выбрано: историческая производительность; страховой запас 0%"
145,BSB Европейский,non_kfm,2026-09-14,22,22:00-23:00,low,block_18_24,bike,0.01,0.14,9.8,,,2.05,0.0,0.0,0.0,1.0,0,history,time_segment_shift_history,missing_cycle_time,global_hour,global_hour,"Нужно 0 кур.; прогноз 0.0 заказа/ч; окно block_18_24: история 0.00, цикл 0.00; выбрано: историческая производительность; страховой запас 0%"
15,Комсомолка,kfm,2026-09-14,0,00:00-01:00,medium,block_00_06,auto,1.58,4.37,22.77,,,1.95,0.37,0.0,0.37,1.0,0,history,default_slot_capacity,missing_cycle_time,global_hour,global_hour,"Нужно 0 кур.; прогноз 1.6 заказа/ч; окно block_00_06: история 0.37, цикл 0.00; выбрано: историческая производительность; страховой запас 0%"
15,Комсомолка,kfm,2026-09-14,1,01:00-02:00,medium,block_00_06,auto,0.91,4.37,19.96,,,1.95,0.37,0.0,0.37,1.0,0,history,default_slot_capacity,missing_cycle_time,global_hour,global_hour,"Нужно 0 кур.; прогноз 0.9 заказа/ч; окно block_00_06: история 0.37, цикл 0.00; выбрано: историческая производительность; страховой запас 0%"
15,Комсомолка,kfm,2026-09-14,2,02:00-03:00,medium,block_00_06,auto,0.5,4.37,20.6,,,1.95,0.37,0.0,0.37,1.0,0,history,default_slot_capacity,missing_cycle_time,global_hour,global_hour,"Нужно 0 кур.; прогноз 0.5 заказа/ч; окно block_00_06: история 0.37, цикл 0.00; выбрано: историческая производительность; страховой запас 0%"
15,Комсомолка,kfm,2026-09-14,3,03:00-04:00,medium,block_00_06,auto,0.34,4.37,18.17,,,1.95,0.37,0.0,0.37,1.0,0,history,default_slot_capacity,missing_cycle_time,global_hour,global_hour,"Нужно 0 кур.; прогноз 0.3 заказа/ч; окно block_00_06: история 0.37, цикл 0.00; выбрано: историческая производительность; страховой запас 0%"
15,Комсомолка,kfm,2026-09-14,4,04:00-05:00,medium,block_00_06,auto,0.37,4.37,21.5,,,1.95,0.37,0.0,0.37,1.0,0,history,default_slot_capacity,missing_cycle_time,global_hour,global_hour,"Нужно 0 кур.; прогноз 0.4 заказа/ч; окно block_00_06: история 0.37, цикл 0.00; выбрано: историческая производительность; страховой запас 0%"
15,Комсомолка,kfm,2026-09-14,5,05:00-06:00,medium,block_00_06,auto,0.67,4.37,24.21,,,1.95,0.37,0.0,0.37,1.0,0,history,default_slot_capacity,missing_cycle_time,global_hour,global_hour,"Нужно 0 кур.; прогноз 0.7 заказа/ч; окно block_00_06: история 0.37, цикл 0.00; выбрано: историческая производительность; страховой запас 0%"
15,Комсомолка,kfm,2026-09-14,6,06:00-07:00,medium,block_06_12,auto,0.13,4.52,27.33,,,1.27,0.59,0.0,0.59,1.0,0,history,segment_shift_history,missing_cycle_time,global_hour,global_hour,"Нужно 0 кур.; прогноз 0.1 заказа/ч; окно block_06_12: история 0.59, цикл 0.00; выбрано: историческая производительность; страховой запас 0%"
15,Комсомолка,kfm,2026-09-14,7,07:00-08:00,medium,block_06_12,auto,0.33,4.52,24.32,,,1.27,0.59,0.0,0.59,1.0,0,history,segment_shift_history,missing_cycle_time,global_hour,global_hour,"Нужно 0 кур.; прогноз 0.3 заказа/ч; окно block_06_12: история 0.59, цикл 0.00; выбрано: историческая производительность; страховой запас 0%"
15,Комсомолка,kfm,2026-09-14,8,08:00-09:00,medium,block_06_12,auto,0.83,4.52,22.41,,,1.27,0.59,0.0,0.59,1.0,0,history,segment_shift_history,missing_cycle_time,global_hour,global_hour,"Нужно 0 кур.; прогноз 0.8 заказа/ч; окно block_06_12: история 0.59, цикл 0.00; выбрано: историческая производительность; страховой запас 0%"
15,Комсомолка,kfm,2026-09-14,9,09:00-10:00,medium,block_06_12,auto,1.02,4.52,21.64,,,1.27,0.59,0.0,0.59,1.0,0,history,segment_shift_history,missing_cycle_time,global_hour,global_hour,"Нужно 0 кур.; прогноз 1.0 заказа/ч; окно block_06_12: история 0.59, цикл 0.00; выбрано: историческая производительность; страховой запас 0%"
15,Комсомолка,kfm,2026-09-14,10,10:00-11:00,medium,block_06_12,auto,1.07,4.52,21.71,,,1.27,0.59,0.0,0.59,1.0,0,history,segment_shift_history,missing_cycle_time,global_hour,global_hour,"Нужно 0 кур.; прогноз 1.1 заказа/ч; окно block_06_12: история 0.59, цикл 0.00; выбрано: историческая производительность; страховой запас 0%"
15,Комсомолка,kfm,2026-09-14,11,11:00-12:00,medium,block_06_12,auto,1.15,4.52,22.82,,,1.27,0.59,0.0,0.59,1.0,0,history,segment_shift_history,missing_cycle_time,global_hour,global_hour,"Нужно 0 кур.; прогноз 1.1 заказа/ч; окно block_06_12: история 0.59, цикл 0.00; выбрано: историческая производительность; страховой запас 0%"
15,Комсомолка,kfm,2026-09-14,12,12:00-13:00,medium,block_12_18,auto,0.35,1.66,23.54,,,1.08,0.26,0.0,0.26,1.0,0,history,segment_shift_history,missing_cycle_time,global_hour,global_hour,"Нужно 0 кур.; прогноз 0.3 заказа/ч; окно block_12_18: история 0.26, цикл 0.00; выбрано: историческая производительность; страховой запас 0%"
15,Комсомолка,kfm,2026-09-14,13,13:00-14:00,medium,block_12_18,auto,0.34,1.66,23.55,,,1.08,0.26,0.0,0.26,1.0,0,history,segment_shift_history,missing_cycle_time,global_hour,global_hour,"Нужно 0 кур.; прогноз 0.3 заказа/ч; окно block_12_18: история 0.26, цикл 0.00; выбрано: историческая производительность; страховой запас 0%"
15,Комсомолка,kfm,2026-09-14,14,14:00-15:00,medium,block_12_18,auto,0.3,1.66,24.06,,,1.08,0.26,0.0,0.26,1.0,0,history,segment_shift_history,missing_cycle_time,global_hour,global_hour,"Нужно 0 кур.; прогноз 0.3 заказа/ч; окно block_12_18: история 0.26, цикл 0.00; выбрано: историческая производительность; страховой запас 0%"
15,Комсомолка,kfm,2026-09-14,15,15:00-16:00,medium,block_12_18,auto,0.25,1.66,24.51,,,1.08,0.26,0.0,0.26,1.0,0,history,segment_shift_history,missing_cycle_time,global_hour,global_hour,"Нужно 0 кур.; прогноз 0.3 заказа/ч; окно block_12_18: история 0.26, цикл 0.00; выбрано: историческая производительность; страховой запас 0%"
15,Комсомолка,kfm,2026-09-14,16,16:00-17:00,medium,block_12_18,auto,0.21,1.66,25.16,,,1.08,0.26,0.0,0.26,1.0,0,history,segment_shift_history,missing_cycle_time,global_hour,global_hour,"Нужно 0 кур.; прогноз 0.2 заказа/ч; окно block_12_18: история 0.26, цикл 0.00; выбрано: историческая производительность; страховой запас 0%"
15,Комсомолка,kfm,2026-09-14,17,17:00-18:00,medium,block_12_18,auto,0.2,1.66,27.66,,,1.08,0.26,0.0,0.26,1.0,0,history,segment_shift_history,missing_cycle_time,global_hour,global_hour,"Нужно 0 кур.; прогноз 0.2 заказа/ч; окно block_12_18: история 0.26, цикл 0.00; выбрано: историческая производительность; страховой запас 0%"
15,Комсомолка,kfm,2026-09-14,18,18:00-19:00,medium,block_18_24,auto,0.42,1.8,27.41,,,1.14,0.26,0.0,0.26,1.0,0,history,segment_shift_history,missing_cycle_time,global_hour,global_hour,"Нужно 0 кур.; прогноз 0.4 заказа/ч; окно block_18_24: история 0.26, цикл 0.00; выбрано: историческая производительность; страховой запас 0%"
15,Комсомолка,kfm,2026-09-14,19,19:00-20:00,medium,block_18_24,auto,0.43,1.8,26.64,,,1.14,0.26,0.0,0.26,1.0,0,history,segment_shift_history,missing_cycle_time,global_hour,global_hour,"Нужно 0 кур.; прогноз 0.4 заказа/ч; окно block_18_24: история 0.26, цикл 0.00; выбрано: историческая производительность; страховой запас 0%"
15,Комсомолка,kfm,2026-09-14,20,20:00-21:00,medium,block_18_24,auto,0.39,1.8,23.12,,,1.14,0.26,0.0,0.26,1.0,0,history,segment_shift_history,missing_cycle_time,global_hour,global_hour,"Нужно 0 кур.; прогноз 0.4 заказа/ч; окно block_18_24: история 0.26, цикл 0.00; выбрано: историческая производительность; страховой запас 0%"
15,Комсомолка,kfm,2026-09-14,21,21:00-22:00,medium,block_18_24,auto,0.29,1.8,21.83,,,1.14,0.26,0.0,0.26,1.0,0,history,segment_shift_history,missing_cycle_time,global_hour,global_hour,"Нужно 0 кур.; прогноз 0.3 заказа/ч; окно block_18_24: история 0.26, цикл 0.00; выбрано: историческая производительность; страховой запас 0%"
15,Комсомолка,kfm,2026-09-14,22,22:00-23:00,medium,block_18_24,auto,0.17,1.8,16.14,,,1.14,0.26,0.0,0.26,1.0,0,history,segment_shift_history,missing_cycle_time,global_hour,global_hour,"Нужно 0 кур.; прогноз 0.2 заказа/ч; окно block_18_24: история 0.26, цикл 0.00; выбрано: историческая производительность; страховой запас 0%"
15,Комсомолка,kfm,2026-09-14,23,23:00-24:00,medium,block_18_24,auto,0.1,1.8,20.26,,,1.14,0.26,0.0,0.26,1.0,0,history,segment_shift_history,missing_cycle_time,global_hour,global_hour,"Нужно 0 кур.; прогноз 0.1 заказа/ч; окно block_18_24: история 0.26, цикл 0.00; выбрано: историческая производительность; страховой запас 0%"
15,Комсомолка,kfm,2026-09-14,0,00:00-01:00,medium,block_00_06,bike,0.05,0.12,9.78,,,1.3,0.0,0.0,0.0,1.0,0,history,default_slot_capacity,missing_cycle_time,global_hour,global_hour,"Нужно 0 кур.; прогноз 0.0 заказа/ч; окно block_00_06: история 0.00, цикл 0.00; выбрано: историческая производительность; страховой запас 0%"
15,Комсомолка,kfm,2026-09-14,1,01:00-02:00,medium,block_00_06,bike,0.03,0.12,10.47,,,1.3,0.0,0.0,0.0,1.0,0,history,default_slot_capacity,missing_cycle_time,global_hour,global_vehicle,"Нужно 0 кур.; прогноз 0.0 заказа/ч; окно block_00_06: история 0.00, цикл 0.00; выбрано: историческая производительность; страховой запас 0%"
15,Комсомолка,kfm,2026-09-14,2,02:00-03:00,medium,block_00_06,bike,0.01,0.12,10.47,,,1.3,0.0,0.0,0.0,1.0,0,history,default_slot_capacity,missing_cycle_time,global_hour,global_vehicle,"Нужно 0 кур.; прогноз 0.0 заказа/ч; окно block_00_06: история 0.00, цикл 0.00; выбрано: историческая производительность; страховой запас 0%"
15,Комсомолка,kfm,2026-09-14,3,03:00-04:00,medium,block_00_06,bike,0.01,0.12,10.47,,,1.3,0.0,0.0,0.0,1.0,0,history,default_slot_capacity,missing_cycle_time,global_hour,global_vehicle,"Нужно 0 кур.; прогноз 0.0 заказа/ч; окно block_00_06: история 0.00, цикл 0.00; выбрано: историческая производительность; страховой запас 0%"
15,Комсомолка,kfm,2026-09-14,4,04:00-05:00,medium,block_00_06,bike,0.01,0.12,10.47,,,1.3,0.0,0.0,0.0,1.0,0,history,default_slot_capacity,missing_cycle_time,global_hour,global_vehicle,"Нужно 0 кур.; прогноз 0.0 заказа/ч; окно block_00_06: история 0.00, цикл 0.00; выбрано: историческая производительность; страховой запас 0%"
15,Комсомолка,kfm,2026-09-14,5,05:00-06:00,medium,block_00_06,bike,0.02,0.12,10.47,,,1.3,0.0,0.0,0.0,1.0,0,history,default_slot_capacity,missing_cycle_time,global_hour,global_vehicle,"Нужно 0 кур.; прогноз 0.0 заказа/ч; окно block_00_06: история 0.00, цикл 0.00; выбрано: историческая производительность; страховой запас 0%"
15,Комсомолка,kfm,2026-09-14,6,06:00-07:00,medium,block_06_12,bike,0.18,6.52,9.4,,,3.03,0.36,0.0,0.36,1.0,0,history,segment_shift_history,missing_cycle_time,global_hour,global_hour,"Нужно 0 кур.; прогноз 0.2 заказа/ч; окно block_06_12: история 0.36, цикл 0.00; выбрано: историческая производительность; страховой запас 0%"
15,Комсомолка,kfm,2026-09-14,7,07:00-08:00,medium,block_06_12,bike,0.47,6.52,11.07,,,3.03,0.36,0.0,0.36,1.0,0,history,segment_shift_history,missing_cycle_time,global_hour,global_hour,"Нужно 0 кур.; прогноз 0.5 заказа/ч; окно block_06_12: история 0.36, цикл 0.00; выбрано: историческая производительность; страховой запас 0%"
15,Комсомолка,kfm,2026-09-14,8,08:00-09:00,medium,block_06_12,bike,1.2,6.52,10.4,,,3.03,0.36,0.0,0.36,1.0,0,history,segment_shift_history,missing_cycle_time,global_hour,global_hour,"Нужно 0 кур.; прогноз 1.2 заказа/ч; окно block_06_12: история 0.36, цикл 0.00; выбрано: историческая производительность; страховой запас 0%"
15,Комсомолка,kfm,2026-09-14,9,09:00-10:00,medium,block_06_12,bike,1.48,6.52,10.37,,,3.03,0.36,0.0,0.36,1.0,0,history,segment_shift_history,missing_cycle_time,global_hour,global_hour,"Нужно 0 кур.; прогноз 1.5 заказа/ч; окно block_06_12: история 0.36, цикл 0.00; выбрано: историческая производительность; страховой запас 0%"
15,Комсомолка,kfm,2026-09-14,10,10:00-11:00,medium,block_06_12,bike,1.54,6.52,10.11,,,3.03,0.36,0.0,0.36,1.0,0,history,segment_shift_history,missing_cycle_time,global_hour,global_hour,"Нужно 0 кур.; прогноз 1.5 заказа/ч; окно block_06_12: история 0.36, цикл 0.00; выбрано: историческая производительность; страховой запас 0%"
15,Комсомолка,kfm,2026-09-14,11,11:00-12:00,medium,block_06_12,bike,1.65,6.52,10.41,,,3.03,0.36,0.0,0.36,1.0,0,history,segment_shift_history,missing_cycle_time,global_hour,global_hour,"Нужно 0 кур.; прогноз 1.7 заказа/ч; окно block_06_12: история 0.36, цикл 0.00; выбрано: историческая производительность; страховой запас 0%"
15,Комсомолка,kfm,2026-09-14,12,12:00-13:00,medium,block_12_18,bike,0.42,2.03,10.37,,,2.82,0.12,0.0,0.12,1.0,0,history,segment_shift_history,missing_cycle_time,global_hour,global_hour,"Нужно 0 кур.; прогноз 0.4 заказа/ч; окно block_12_18: история 0.12, цикл 0.00; выбрано: историческая производительность; страховой запас 0%"
15,Комсомолка,kfm,2026-09-14,13,13:00-14:00,medium,block_12_18,bike,0.42,2.03,10.39,,,2.82,0.12,0.0,0.12,1.0,0,history,segment_shift_history,missing_cycle_time,global_hour,global_hour,"Нужно 0 кур.; прогноз 0.4 заказа/ч; окно block_12_18: история 0.12, цикл 0.00; выбрано: историческая производительность; страховой запас 0%"
15,Комсомолка,kfm,2026-09-14,14,14:00-15:00,medium,block_12_18,bike,0.37,2.03,10.2,,,2.82,0.12,0.0,0.12,1.0,0,history,segment_shift_history,missing_cycle_time,global_hour,global_hour,"Нужно 0 кур.; прогноз 0.4 заказа/ч; окно block_12_18: история 0.12, цикл 0.00; выбрано: историческая производительность; страховой запас 0%"
15,Комсомолка,kfm,2026-09-14,15,15:00-16:00,medium,block_12_18,bike,0.31,2.03,10.75,,,2.82,0.12,0.0,0.12,1.0,0,history,segment_shift_history,missing_cycle_time,global_hour,global_hour,"Нужно 0 кур.; прогноз 0.3 заказа/ч; окно block_12_18: история 0.12, цикл 0.00; выбрано: историческая производительность; страховой запас 0%"
15,Комсомолка,kfm,2026-09-14,16,16:00-17:00,medium,block_12_18,bike,0.26,2.03,11.02,,,2.82,0.12,0.0,0.12,1.0,0,history,segment_shift_history,missing_cycle_time,global_hour,global_hour,"Нужно 0 кур.; прогноз 0.3 заказа/ч; окно block_12_18: история 0.12, цикл 0.00; выбрано: историческая производительность; страховой запас 0%"
15,Комсомолка,kfm,2026-09-14,17,17:00-18:00,medium,block_12_18,bike,0.25,2.03,10.83,,,2.82,0.12,0.0,0.12,1.0,0,history,segment_shift_history,missing_cycle_time,global_hour,global_hour,"Нужно 0 кур.; прогноз 0.2 заказа/ч; окно block_12_18: история 0.12, цикл 0.00; выбрано: историческая производительность; страховой запас 0%"
15,Комсомолка,kfm,2026-09-14,18,18:00-19:00,medium,block_18_24,bike,0.33,1.43,11.1,,,2.04,0.12,0.0,0.12,1.0,0,history,segment_shift_history,missing_cycle_time,global_hour,global_hour,"Нужно 0 кур.; прогноз 0.3 заказа/ч; окно block_18_24: история 0.12, цикл 0.00; выбрано: историческая производительность; страховой запас 0%"
15,Комсомолка,kfm,2026-09-14,19,19:00-20:00,medium,block_18_24,bike,0.34,1.43,10.71,,,2.04,0.12,0.0,0.12,1.0,0,history,segment_shift_history,missing_cycle_time,global_hour,global_hour,"Нужно 0 кур.; прогноз 0.3 заказа/ч; окно block_18_24: история 0.12, цикл 0.00; выбрано: историческая производительность; страховой запас 0%"
15,Комсомолка,kfm,2026-09-14,20,20:00-21:00,medium,block_18_24,bike,0.31,1.43,10.4,,,2.04,0.12,0.0,0.12,1.0,0,history,segment_shift_history,missing_cycle_time,global_hour,global_hour,"Нужно 0 кур.; прогноз 0.3 заказа/ч; окно block_18_24: история 0.12, цикл 0.00; выбрано: историческая производительность; страховой запас 0%"
15,Комсомолка,kfm,2026-09-14,21,21:00-22:00,medium,block_18_24,bike,0.23,1.43,9.94,,,2.04,0.12,0.0,0.12,1.0,0,history,segment_shift_history,missing_cycle_time,global_hour,global_hour,"Нужно 0 кур.; прогноз 0.2 заказа/ч; окно block_18_24: история 0.12, цикл 0.00; выбрано: историческая производительность; страховой запас 0%"
15,Комсомолка,kfm,2026-09-14,22,22:00-23:00,medium,block_18_24,bike,0.13,1.43,9.8,,,2.04,0.12,0.0,0.12,1.0,0,history,segment_shift_history,missing_cycle_time,global_hour,global_hour,"Нужно 0 кур.; прогноз 0.1 заказа/ч; окно block_18_24: история 0.12, цикл 0.00; выбрано: историческая производительность; страховой запас 0%"
15,Комсомолка,kfm,2026-09-14,23,23:00-24:00,medium,block_18_24,bike,0.08,1.43,9.15,,,2.04,0.12,0.0,0.12,1.0,0,history,segment_shift_history,missing_cycle_time,global_hour,global_hour,"Нужно 0 кур.; прогноз 0.1 заказа/ч; окно block_18_24: история 0.12, цикл 0.00; выбрано: историческая производительность; страховой запас 0%"
16,Мосфильм,kfm,2026-09-14,8,08:00-09:00,medium,block_06_12,bike,1.43,5.54,12.39,,,3.03,0.31,0.0,0.31,1.0,1,history,segment_shift_history,missing_cycle_time,location_hour,location_hour,"Нужно 1 кур.; прогноз 1.4 заказа/ч; окно block_06_12: история 0.31, цикл 0.00; выбрано: историческая производительность; страховой запас 0%"
16,Мосфильм,kfm,2026-09-14,9,09:00-10:00,medium,block_06_12,bike,1.68,5.54,11.11,,,3.03,0.31,0.0,0.31,1.0,1,history,segment_shift_history,missing_cycle_time,location_hour,location_hour,"Нужно 1 кур.; прогноз 1.7 заказа/ч; окно block_06_12: история 0.31, цикл 0.00; выбрано: историческая производительность; страховой запас 0%"
16,Мосфильм,kfm,2026-09-14,10,10:00-11:00,medium,block_06_12,bike,1.35,5.54,11.68,,,3.03,0.31,0.0,0.31,1.0,1,history,segment_shift_history,missing_cycle_time,location_hour,location_hour,"Нужно 1 кур.; прогноз 1.4 заказа/ч; окно block_06_12: история 0.31, цикл 0.00; выбрано: историческая производительность; страховой запас 0%"
16,Мосфильм,kfm,2026-09-14,11,11:00-12:00,medium,block_06_12,bike,1.08,5.54,11.08,,,3.03,0.31,0.0,0.31,1.0,1,history,segment_shift_history,missing_cycle_time,location_hour,location_hour,"Нужно 1 кур.; прогноз 1.1 заказа/ч; окно block_06_12: история 0.31, цикл 0.00; выбрано: историческая производительность; страховой запас 0%"
16,Мосфильм,kfm,2026-09-14,12,12:00-13:00,medium,block_12_18,bike,1.41,8.74,11.5,,,2.82,0.52,0.0,0.52,1.0,1,history,segment_shift_history,missing_cycle_time,location_hour,location_hour,"Нужно 1 кур.; прогноз 1.4 заказа/ч; окно block_12_18: история 0.52, цикл 0.00; выбрано: историческая производительность; страховой запас 0%"
16,Мосфильм,kfm,2026-09-14,13,13:00-14:00,medium,block_12_18,bike,2.29,8.74,12.33,,,2.82,0.52,0.0,0.52,1.0,1,history,segment_shift_history,missing_cycle_time,location_hour,location_hour,"Нужно 1 кур.; прогноз 2.3 заказа/ч; окно block_12_18: история 0.52, цикл 0.00; выбрано: историческая производительность; страховой запас 0%"
16,Мосфильм,kfm,2026-09-14,14,14:00-15:00,medium,block_12_18,bike,1.7,8.74,12.36,,,2.82,0.52,0.0,0.52,1.0,1,history,segment_shift_history,missing_cycle_time,location_hour,location_hour,"Нужно 1 кур.; прогноз 1.7 заказа/ч; окно block_12_18: история 0.52, цикл 0.00; выбрано: историческая производительность; страховой запас 0%"
16,Мосфильм,kfm,2026-09-14,15,15:00-16:00,medium,block_12_18,bike,1.15,8.74,11.19,,,2.82,0.52,0.0,0.52,1.0,1,history,segment_shift_history,missing_cycle_time,location_hour,location_hour,"Нужно 1 кур.; прогноз 1.1 заказа/ч; окно block_12_18: история 0.52, цикл 0.00; выбрано: историческая производительность; страховой запас 0%"
16,Мосфильм,kfm,2026-09-14,16,16:00-17:00,medium,block_12_18,bike,1.05,8.74,12.63,,,2.82,0.52,0.0,0.52,1.0,1,history,segment_shift_history,missing_cycle_time,location_hour,location_hour,"Нужно 1 кур.; прогноз 1.0 заказа/ч; окно block_12_18: история 0.52, цикл 0.00; выбрано: историческая производительность; страховой запас 0%"
16,Мосфильм,kfm,2026-09-14,17,17:00-18:00,medium,block_12_18,bike,1.15,8.74,11.9,,,2.82,0.52,0.0,0.52,1.0,1,history,segment_shift_history,missing_cycle_time,location_hour,location_hour,"Нужно 1 кур.; прогноз 1.1 заказа/ч; окно block_12_18: история 0.52, цикл 0.00; выбрано: историческая производительность; страховой запас 0%"
16,Мосфильм,kfm,2026-09-14,18,18:00-19:00,medium,block_18_24,bike,2.18,8.73,11.51,,,2.04,0.71,0.0,0.71,1.0,1,history,segment_shift_history,missing_cycle_time,location_hour,location_hour,"Нужно 1 кур.; прогноз 2.2 заказа/ч; окно block_18_24: история 0.71, цикл 0.00; выбрано: историческая производительность; страховой запас 0%"
16,Мосфильм,kfm,2026-09-14,19,19:00-20:00,medium,block_18_24,bike,2.23,8.73,10.28,,,2.04,0.71,0.0,0.71,1.0,1,history,segment_shift_history,missing_cycle_time,location_hour,location_hour,"Нужно 1 кур.; прогноз 2.2 заказа/ч; окно block_18_24: история 0.71, цикл 0.00; выбрано: историческая производительность; страховой запас 0%"
16,Мосфильм,kfm,2026-09-14,20,20:00-21:00,medium,block_18_24,bike,2.18,8.73,11.95,,,2.04,0.71,0.0,0.71,1.0,1,history,segment_shift_history,missing_cycle_time,location_hour,location_hour,"Нужно 1 кур.; прогноз 2.2 заказа/ч; окно block_18_24: история 0.71, цикл 0.00; выбрано: историческая производительность; страховой запас 0%"
16,Мосфильм,kfm,2026-09-14,21,21:00-22:00,medium,block_18_24,bike,1.32,8.73,9.65,,,2.04,0.71,0.0,0.71,1.0,1,history,segment_shift_history,missing_cycle_time,location_hour,location_hour,"Нужно 1 кур.; прогноз 1.3 заказа/ч; окно block_18_24: история 0.71, цикл 0.00; выбрано: историческая производительность; страховой запас 0%"
16,Мосфильм,kfm,2026-09-14,22,22:00-23:00,medium,block_18_24,bike,0.77,8.73,16.84,,,2.04,0.71,0.0,0.71,1.0,1,history,segment_shift_history,missing_cycle_time,location_hour,location_hour,"Нужно 1 кур.; прогноз 0.8 заказа/ч; окно block_18_24: история 0.71, цикл 0.00; выбрано: историческая производительность; страховой запас 0%"
17,Внуково,kfm,2026-09-14,8,08:00-09:00,medium,block_06_12,auto,1.48,9.08,26.32,,,1.27,1.19,0.0,1.19,1.0,1,history,segment_shift_history,missing_cycle_time,location_hour,location_hour,"Нужно 1 кур.; прогноз 1.5 заказа/ч; окно block_06_12: история 1.19, цикл 0.00; выбрано: историческая производительность; страховой запас 0%"
17,Внуково,kfm,2026-09-14,9,09:00-10:00,medium,block_06_12,auto,2.73,9.08,23.19,,,1.27,1.19,0.0,1.19,1.0,1,history,segment_shift_history,missing_cycle_time,location_hour,location_hour,"Нужно 1 кур.; прогноз 2.7 заказа/ч; окно block_06_12: история 1.19, цикл 0.00; выбрано: историческая производительность; страховой запас 0%"
17,Внуково,kfm,2026-09-14,10,10:00-11:00,medium,block_06_12,auto,2.55,9.08,24.38,,,1.27,1.19,0.0,1.19,1.0,1,history,segment_shift_history,missing_cycle_time,location_hour,location_hour,"Нужно 1 кур.; прогноз 2.6 заказа/ч; окно block_06_12: история 1.19, цикл 0.00; выбрано: историческая производительность; страховой запас 0%"
17,Внуково,kfm,2026-09-14,11,11:00-12:00,medium,block_06_12,auto,2.31,9.08,25.58,,,1.27,1.19,0.0,1.19,1.0,1,history,segment_shift_history,missing_cycle_time,location_hour,location_hour,"Нужно 1 кур.; прогноз 2.3 заказа/ч; окно block_06_12: история 1.19, цикл 0.00; выбрано: историческая производительность; страховой запас 0%"
17,Внуково,kfm,2026-09-14,12,12:00-13:00,medium,block_12_18,auto,2.77,15.88,26.37,,,0.62,4.27,0.0,4.27,1.0,4,history,location_shift_history,missing_cycle_time,location_hour,location_hour,"Нужно 4 кур.; прогноз 2.8 заказа/ч; окно block_12_18: история 4.27, цикл 0.00; выбрано: историческая производительность; страховой запас 0%"
17,Внуково,kfm,2026-09-14,13,13:00-14:00,medium,block_12_18,auto,3.16,15.88,22.63,,,0.62,4.27,0.0,4.27,1.0,4,history,location_shift_history,missing_cycle_time,location_hour,location_hour,"Нужно 4 кур.; прогноз 3.2 заказа/ч; окно block_12_18: история 4.27, цикл 0.00; выбрано: историческая производительность; страховой запас 0%"
17,Внуково,kfm,2026-09-14,14,14:00-15:00,medium,block_12_18,auto,2.7,15.88,26.12,,,0.62,4.27,0.0,4.27,1.0,4,history,location_shift_history,missing_cycle_time,location_hour,location_hour,"Нужно 4 кур.; прогноз 2.7 заказа/ч; окно block_12_18: история 4.27, цикл 0.00; выбрано: историческая производительность; страховой запас 0%"
17,Внуково,kfm,2026-09-14,15,15:00-16:00,medium,block_12_18,auto,1.85,15.88,24.42,,,0.62,4.27,0.0,4.27,1.0,4,history,location_shift_history,missing_cycle_time,location_hour,location_hour,"Нужно 4 кур.; прогноз 1.8 заказа/ч; окно block_12_18: история 4.27, цикл 0.00; выбрано: историческая производительность; страховой запас 0%"
17,Внуково,kfm,2026-09-14,16,16:00-17:00,medium,block_12_18,auto,3.23,15.88,26.08,,,0.62,4.27,0.0,4.27,1.0,4,history,location_shift_history,missing_cycle_time,location_hour,location_hour,"Нужно 4 кур.; прогноз 3.2 заказа/ч; окно block_12_18: история 4.27, цикл 0.00; выбрано: историческая производительность; страховой запас 0%"
17,Внуково,kfm,2026-09-14,17,17:00-18:00,medium,block_12_18,auto,2.18,15.88,28.0,,,0.62,4.27,0.0,4.27,1.0,4,history,location_shift_history,missing_cycle_time,location_hour,location_hour,"Нужно 4 кур.; прогноз 2.2 заказа/ч; окно block_12_18: история 4.27, цикл 0.00; выбрано: историческая производительность; страховой запас 0%"
17,Внуково,kfm,2026-09-14,18,18:00-19:00,medium,block_18_24,auto,2.14,8.77,30.61,,,1.14,1.28,0.0,1.28,1.0,2,history,segment_shift_history,missing_cycle_time,location_hour,location_hour,"Нужно 2 кур.; прогноз 2.1 заказа/ч; окно block_18_24: история 1.28, цикл 0.00; выбрано: историческая производительность; страховой запас 0%"
17,Внуково,kfm,2026-09-14,19,19:00-20:00,medium,block_18_24,auto,2.92,8.77,29.79,,,1.14,1.28,0.0,1.28,1.0,2,history,segment_shift_history,missing_cycle_time,location_hour,location_hour,"Нужно 2 кур.; прогноз 2.9 заказа/ч; окно block_18_24: история 1.28, цикл 0.00; выбрано: историческая производительность; страховой запас 0%"
17,Внуково,kfm,2026-09-14,20,20:00-21:00,medium,block_18_24,auto,2.4,8.77,27.75,,,1.14,1.28,0.0,1.28,1.0,2,history,segment_shift_history,missing_cycle_time,location_hour,location_hour,"Нужно 2 кур.; прогноз 2.4 заказа/ч; окно block_18_24: история 1.28, цикл 0.00; выбрано: историческая производительность; страховой запас 0%"
17,Внуково,kfm,2026-09-14,21,21:00-22:00,medium,block_18_24,auto,1.23,8.77,26.04,,,1.14,1.28,0.0,1.28,1.0,2,history,segment_shift_history,missing_cycle_time,location_hour,location_hour,"Нужно 2 кур.; прогноз 1.2 заказа/ч; окно block_18_24: история 1.28, цикл 0.00; выбрано: историческая производительность; страховой запас 0%"
179,Клево на Петровке,non_kfm,2026-09-14,12,12:00-13:00,low,block_12_18,auto,0.04,0.21,23.54,,,1.09,0.0,0.0,0.0,1.0,0,history,time_segment_shift_history,missing_cycle_time,global_hour,global_hour,"Нужно 0 кур.; прогноз 0.0 заказа/ч; окно block_12_18: история 0.00, цикл 0.00; выбрано: историческая производительность; страховой запас 0%"
179,Клево на Петровке,non_kfm,2026-09-14,13,13:00-14:00,low,block_12_18,auto,0.04,0.21,23.55,,,1.09,0.0,0.0,0.0,1.0,0,history,time_segment_shift_history,missing_cycle_time,global_hour,global_hour,"Нужно 0 кур.; прогноз 0.0 заказа/ч; окно block_12_18: история 0.00, цикл 0.00; выбрано: историческая производительность; страховой запас 0%"
179,Клево на Петровке,non_kfm,2026-09-14,14,14:00-15:00,low,block_12_18,auto,0.04,0.21,24.06,,,1.09,0.0,0.0,0.0,1.0,0,history,time_segment_shift_history,missing_cycle_time,global_hour,global_hour,"Нужно 0 кур.; прогноз 0.0 заказа/ч; окно block_12_18: история 0.00, цикл 0.00; выбрано: историческая производительность; страховой запас 0%"
179,Клево на Петровке,non_kfm,2026-09-14,15,15:00-16:00,low,block_12_18,auto,0.03,0.21,24.51,,,1.09,0.0,0.0,0.0,1.0,0,history,time_segment_shift_history,missing_cycle_time,global_hour,global_hour,"Нужно 0 кур.; прогноз 0.0 заказа/ч; окно block_12_18: история 0.00, цикл 0.00; выбрано: историческая производительность; страховой запас 0%"
179,Клево на Петровке,non_kfm,2026-09-14,16,16:00-17:00,low,block_12_18,auto,0.03,0.21,25.16,,,1.09,0.0,0.0,0.0,1.0,0,history,time_segment_shift_history,missing_cycle_time,global_hour,global_hour,"Нужно 0 кур.; прогноз 0.0 заказа/ч; окно block_12_18: история 0.00, цикл 0.00; выбрано: историческая производительность; страховой запас 0%"
179,Клево на Петровке,non_kfm,2026-09-14,17,17:00-18:00,low,block_12_18,auto,0.03,0.21,24.66,,,1.09,0.0,0.0,0.0,1.0,0,history,time_segment_shift_history,missing_cycle_time,global_hour,location_hour,"Нужно 0 кур.; прогноз 0.0 заказа/ч; окно block_12_18: история 0.00, цикл 0.00; выбрано: историческая производительность; страховой запас 0%"
179,Клево на Петровке,non_kfm,2026-09-14,18,18:00-19:00,low,block_18_24,auto,0.04,0.18,55.11,,,1.15,0.0,0.0,0.0,1.0,0,history,time_segment_shift_history,missing_cycle_time,global_hour,location_hour,"Нужно 0 кур.; прогноз 0.0 заказа/ч; окно block_18_24: история 0.00, цикл 0.00; выбрано: историческая производительность; страховой запас 0%"
179,Клево на Петровке,non_kfm,2026-09-14,19,19:00-20:00,low,block_18_24,auto,0.04,0.18,29.64,,,1.15,0.0,0.0,0.0,1.0,0,history,time_segment_shift_history,missing_cycle_time,global_hour,location_hour,"Нужно 0 кур.; прогноз 0.0 заказа/ч; окно block_18_24: история 0.00, цикл 0.00; выбрано: историческая производительность; страховой запас 0%"
179,Клево на Петровке,non_kfm,2026-09-14,20,20:00-21:00,low,block_18_24,auto,0.04,0.18,35.75,,,1.15,0.0,0.0,0.0,1.0,0,history,time_segment_shift_history,missing_cycle_time,global_hour,location_hour,"Нужно 0 кур.; прогноз 0.0 заказа/ч; окно block_18_24: история 0.00, цикл 0.00; выбрано: историческая производительность; страховой запас 0%"
179,Клево на Петровке,non_kfm,2026-09-14,21,21:00-22:00,low,block_18_24,auto,0.03,0.18,5.34,,,1.15,0.0,0.0,0.0,1.0,0,history,time_segment_shift_history,missing_cycle_time,global_hour,location_hour,"Нужно 0 кур.; прогноз 0.0 заказа/ч; окно block_18_24: история 0.00, цикл 0.00; выбрано: историческая производительность; страховой запас 0%"
179,Клево на Петровке,non_kfm,2026-09-14,22,22:00-23:00,low,block_18_24,auto,0.02,0.18,16.14,,,1.15,0.0,0.0,0.0,1.0,0,history,time_segment_shift_history,missing_cycle_time,global_hour,global_hour,"Нужно 0 кур.; прогноз 0.0 заказа/ч; окно block_18_24: история 0.00, цикл 0.00; выбрано: историческая производительность; страховой запас 0%"
179,Клево на Петровке,non_kfm,2026-09-14,12,12:00-13:00,low,block_12_18,bike,0.02,0.08,10.37,,,2.83,0.0,0.0,0.0,1.0,0,history,time_segment_shift_history,missing_cycle_time,global_hour,global_hour,"Нужно 0 кур.; прогноз 0.0 заказа/ч; окно block_12_18: история 0.00, цикл 0.00; выбрано: историческая производительность; страховой запас 0%"
179,Клево на Петровке,non_kfm,2026-09-14,13,13:00-14:00,low,block_12_18,bike,0.02,0.08,10.39,,,2.83,0.0,0.0,0.0,1.0,0,history,time_segment_shift_history,missing_cycle_time,global_hour,global_hour,"Нужно 0 кур.; прогноз 0.0 заказа/ч; окно block_12_18: история 0.00, цикл 0.00; выбрано: историческая производительность; страховой запас 0%"
179,Клево на Петровке,non_kfm,2026-09-14,14,14:00-15:00,low,block_12_18,bike,0.01,0.08,10.2,,,2.83,0.0,0.0,0.0,1.0,0,history,time_segment_shift_history,missing_cycle_time,global_hour,global_hour,"Нужно 0 кур.; прогноз 0.0 заказа/ч; окно block_12_18: история 0.00, цикл 0.00; выбрано: историческая производительность; страховой запас 0%"
179,Клево на Петровке,non_kfm,2026-09-14,15,15:00-16:00,low,block_12_18,bike,0.01,0.08,10.75,,,2.83,0.0,0.0,0.0,1.0,0,history,time_segment_shift_history,missing_cycle_time,global_hour,global_hour,"Нужно 0 кур.; прогноз 0.0 заказа/ч; окно block_12_18: история 0.00, цикл 0.00; выбрано: историческая производительность; страховой запас 0%"
179,Клево на Петровке,non_kfm,2026-09-14,16,16:00-17:00,low,block_12_18,bike,0.01,0.08,11.02,,,2.83,0.0,0.0,0.0,1.0,0,history,time_segment_shift_history,missing_cycle_time,global_hour,global_hour,"Нужно 0 кур.; прогноз 0.0 заказа/ч; окно block_12_18: история 0.00, цикл 0.00; выбрано: историческая производительность; страховой запас 0%"
179,Клево на Петровке,non_kfm,2026-09-14,17,17:00-18:00,low,block_12_18,bike,0.01,0.08,10.83,,,2.83,0.0,0.0,0.0,1.0,0,history,time_segment_shift_history,missing_cycle_time,global_hour,global_hour,"Нужно 0 кур.; прогноз 0.0 заказа/ч; окно block_12_18: история 0.00, цикл 0.00; выбрано: историческая производительность; страховой запас 0%"
179,Клево на Петровке,non_kfm,2026-09-14,18,18:00-19:00,low,block_18_24,bike,0.03,0.11,11.1,,,2.05,0.0,0.0,0.0,1.0,0,history,time_segment_shift_history,missing_cycle_time,global_hour,global_hour,"Нужно 0 кур.; прогноз 0.0 заказа/ч; окно block_18_24: история 0.00, цикл 0.00; выбрано: историческая производительность; страховой запас 0%"
179,Клево на Петровке,non_kfm,2026-09-14,19,19:00-20:00,low,block_18_24,bike,0.03,0.11,10.71,,,2.05,0.0,0.0,0.0,1.0,0,history,time_segment_shift_history,missing_cycle_time,global_hour,global_hour,"Нужно 0 кур.; прогноз 0.0 заказа/ч; окно block_18_24: история 0.00, цикл 0.00; выбрано: историческая производительность; страховой запас 0%"
179,Клево на Петровке,non_kfm,2026-09-14,20,20:00-21:00,low,block_18_24,bike,0.02,0.11,10.4,,,2.05,0.0,0.0,0.0,1.0,0,history,time_segment_shift_history,missing_cycle_time,global_hour,global_hour,"Нужно 0 кур.; прогноз 0.0 заказа/ч; окно block_18_24: история 0.00, цикл 0.00; выбрано: историческая производительность; страховой запас 0%"
179,Клево на Петровке,non_kfm,2026-09-14,21,21:00-22:00,low,block_18_24,bike,0.02,0.11,9.94,,,2.05,0.0,0.0,0.0,1.0,0,history,time_segment_shift_history,missing_cycle_time,global_hour,global_hour,"Нужно 0 кур.; прогноз 0.0 заказа/ч; окно block_18_24: история 0.00, цикл 0.00; выбрано: историческая производительность; страховой запас 0%"
179,Клево на Петровке,non_kfm,2026-09-14,22,22:00-23:00,low,block_18_24,bike,0.01,0.11,9.8,,,2.05,0.0,0.0,0.0,1.0,0,history,time_segment_shift_history,missing_cycle_time,global_hour,global_hour,"Нужно 0 кур.; прогноз 0.0 заказа/ч; окно block_18_24: история 0.00, цикл 0.00; выбрано: историческая производительность; страховой запас 0%"
18,Новая Рига,kfm,2026-09-14,8,08:00-09:00,medium,block_06_12,auto,3.53,11.58,14.96,,,1.27,1.52,0.0,1.52,1.0,2,history,segment_shift_history,missing_cycle_time,location_hour,location_hour,"Нужно 2 кур.; прогноз 3.5 заказа/ч; окно block_06_12: история 1.52, цикл 0.00; выбрано: историческая производительность; страховой запас 0%"
18,Новая Рига,kfm,2026-09-14,9,09:00-10:00,medium,block_06_12,auto,2.76,11.58,15.37,,,1.27,1.52,0.0,1.52,1.0,2,history,segment_shift_history,missing_cycle_time,location_hour,location_hour,"Нужно 2 кур.; прогноз 2.8 заказа/ч; окно block_06_12: история 1.52, цикл 0.00; выбрано: историческая производительность; страховой запас 0%"
18,Новая Рига,kfm,2026-09-14,10,10:00-11:00,medium,block_06_12,auto,2.95,11.58,15.72,,,1.27,1.52,0.0,1.52,1.0,2,history,segment_shift_history,missing_cycle_time,location_hour,location_hour,"Нужно 2 кур.; прогноз 3.0 заказа/ч; окно block_06_12: история 1.52, цикл 0.00; выбрано: историческая производительность; страховой запас 0%"
18,Новая Рига,kfm,2026-09-14,11,11:00-12:00,medium,block_06_12,auto,2.34,11.58,15.12,,,1.27,1.52,0.0,1.52,1.0,2,history,segment_shift_history,missing_cycle_time,location_hour,location_hour,"Нужно 2 кур.; прогноз 2.3 заказа/ч; окно block_06_12: история 1.52, цикл 0.00; выбрано: историческая производительность; страховой запас 0%"
18,Новая Рига,kfm,2026-09-14,12,12:00-13:00,medium,block_12_18,auto,2.32,13.12,15.4,,,1.1,1.99,0.0,1.99,1.0,2,history,location_shift_history,missing_cycle_time,location_hour,location_hour,"Нужно 2 кур.; прогноз 2.3 заказа/ч; окно block_12_18: история 1.99, цикл 0.00; выбрано: историческая производительность; страховой запас 0%"
18,Новая Рига,kfm,2026-09-14,13,13:00-14:00,medium,block_12_18,auto,2.19,13.12,15.23,,,1.1,1.99,0.0,1.99,1.0,2,history,location_shift_history,missing_cycle_time,location_hour,location_hour,"Нужно 2 кур.; прогноз 2.2 заказа/ч; окно block_12_18: история 1.99, цикл 0.00; выбрано: историческая производительность; страховой запас 0%"
18,Новая Рига,kfm,2026-09-14,14,14:00-15:00,medium,block_12_18,auto,2.28,13.12,15.24,,,1.1,1.99,0.0,1.99,1.0,2,history,location_shift_history,missing_cycle_time,location_hour,location_hour,"Нужно 2 кур.; прогноз 2.3 заказа/ч; окно block_12_18: история 1.99, цикл 0.00; выбрано: историческая производительность; страховой запас 0%"
18,Новая Рига,kfm,2026-09-14,15,15:00-16:00,medium,block_12_18,auto,2.4,13.12,16.31,,,1.1,1.99,0.0,1.99,1.0,2,history,location_shift_history,missing_cycle_time,location_hour,location_hour,"Нужно 2 кур.; прогноз 2.4 заказа/ч; окно block_12_18: история 1.99, цикл 0.00; выбрано: историческая производительность; страховой запас 0%"
18,Новая Рига,kfm,2026-09-14,16,16:00-17:00,medium,block_12_18,auto,1.95,13.12,16.85,,,1.1,1.99,0.0,1.99,1.0,2,history,location_shift_history,missing_cycle_time,location_hour,location_hour,"Нужно 2 кур.; прогноз 2.0 заказа/ч; окно block_12_18: история 1.99, цикл 0.00; выбрано: историческая производительность; страховой запас 0%"
18,Новая Рига,kfm,2026-09-14,17,17:00-18:00,medium,block_12_18,auto,1.99,13.12,18.57,,,1.1,1.99,0.0,1.99,1.0,2,history,location_shift_history,missing_cycle_time,location_hour,location_hour,"Нужно 2 кур.; прогноз 2.0 заказа/ч; окно block_12_18: история 1.99, цикл 0.00; выбрано: историческая производительность; страховой запас 0%"
18,Новая Рига,kfm,2026-09-14,18,18:00-19:00,medium,block_18_24,auto,2.53,8.59,16.36,,,1.14,1.25,0.0,1.25,1.0,1,history,segment_shift_history,missing_cycle_time,location_hour,location_hour,"Нужно 1 кур.; прогноз 2.5 заказа/ч; окно block_18_24: история 1.25, цикл 0.00; выбрано: историческая производительность; страховой запас 0%"
18,Новая Рига,kfm,2026-09-14,19,19:00-20:00,medium,block_18_24,auto,2.53,8.59,17.75,,,1.14,1.25,0.0,1.25,1.0,1,history,segment_shift_history,missing_cycle_time,location_hour,location_hour,"Нужно 1 кур.; прогноз 2.5 заказа/ч; окно block_18_24: история 1.25, цикл 0.00; выбрано: историческая производительность; страховой запас 0%"
18,Новая Рига,kfm,2026-09-14,20,20:00-21:00,medium,block_18_24,auto,2.05,8.59,15.7,,,1.14,1.25,0.0,1.25,1.0,1,history,segment_shift_history,missing_cycle_time,location_hour,location_hour,"Нужно 1 кур.; прогноз 2.1 заказа/ч; окно block_18_24: история 1.25, цикл 0.00; выбрано: историческая производительность; страховой запас 0%"
18,Новая Рига,kfm,2026-09-14,21,21:00-22:00,medium,block_18_24,auto,1.43,8.59,12.84,,,1.14,1.25,0.0,1.25,1.0,1,history,segment_shift_history,missing_cycle_time,location_hour,location_hour,"Нужно 1 кур.; прогноз 1.4 заказа/ч; окно block_18_24: история 1.25, цикл 0.00; выбрано: историческая производительность; страховой запас 0%"
184,Pasiba Sushi  Марьина Роща,non_kfm,2026-09-14,11,11:00-12:00,low,block_06_12,auto,0.03,0.1,22.82,,,1.28,0.0,0.0,0.0,1.0,0,history,time_segment_shift_history,missing_cycle_time,global_hour,global_hour,"Нужно 0 кур.; прогноз 0.0 заказа/ч; окно block_06_12: история 0.00, цикл 0.00; выбрано: историческая производительность; страховой запас 0%"
184,Pasiba Sushi  Марьина Роща,non_kfm,2026-09-14,12,12:00-13:00,low,block_12_18,auto,0.05,0.23,23.54,,,1.09,0.0,0.0,0.0,1.0,0,history,time_segment_shift_history,missing_cycle_time,global_hour,global_hour,"Нужно 0 кур.; прогноз 0.0 заказа/ч; окно block_12_18: история 0.00, цикл 0.00; выбрано: историческая производительность; страховой запас 0%"
184,Pasiba Sushi  Марьина Роща,non_kfm,2026-09-14,13,13:00-14:00,low,block_12_18,auto,0.05,0.23,23.55,,,1.09,0.0,0.0,0.0,1.0,0,history,time_segment_shift_history,missing_cycle_time,global_hour,global_hour,"Нужно 0 кур.; прогноз 0.0 заказа/ч; окно block_12_18: история 0.00, цикл 0.00; выбрано: историческая производительность; страховой запас 0%"
184,Pasiba Sushi  Марьина Роща,non_kfm,2026-09-14,14,14:00-15:00,low,block_12_18,auto,0.04,0.23,24.06,,,1.09,0.0,0.0,0.0,1.0,0,history,time_segment_shift_history,missing_cycle_time,global_hour,global_hour,"Нужно 0 кур.; прогноз 0.0 заказа/ч; окно block_12_18: история 0.00, цикл 0.00; выбрано: историческая производительность; страховой запас 0%"
184,Pasiba Sushi  Марьина Роща,non_kfm,2026-09-14,15,15:00-16:00,low,block_12_18,auto,0.04,0.23,24.51,,,1.09,0.0,0.0,0.0,1.0,0,history,time_segment_shift_history,missing_cycle_time,global_hour,global_hour,"Нужно 0 кур.; прогноз 0.0 заказа/ч; окно block_12_18: история 0.00, цикл 0.00; выбрано: историческая производительность; страховой запас 0%"
184,Pasiba Sushi  Марьина Роща,non_kfm,2026-09-14,16,16:00-17:00,low,block_12_18,auto,0.03,0.23,25.16,,,1.09,0.0,0.0,0.0,1.0,0,history,time_segment_shift_history,missing_cycle_time,global_hour,global_hour,"Нужно 0 кур.; прогноз 0.0 заказа/ч; окно block_12_18: история 0.00, цикл 0.00; выбрано: историческая производительность; страховой запас 0%"
184,Pasiba Sushi  Марьина Роща,non_kfm,2026-09-14,17,17:00-18:00,low,block_12_18,auto,0.03,0.23,27.66,,,1.09,0.0,0.0,0.0,1.0,0,history,time_segment_shift_history,missing_cycle_time,global_hour,global_hour,"Нужно 0 кур.; прогноз 0.0 заказа/ч; окно block_12_18: история 0.00, цикл 0.00; выбрано: историческая производительность; страховой запас 0%"
184,Pasiba Sushi  Марьина Роща,non_kfm,2026-09-14,18,18:00-19:00,low,block_18_24,auto,0.06,0.25,27.41,,,1.15,0.0,0.0,0.0,1.0,0,history,time_segment_shift_history,missing_cycle_time,global_hour,global_hour,"Нужно 0 кур.; прогноз 0.1 заказа/ч; окно block_18_24: история 0.00, цикл 0.00; выбрано: историческая производительность; страховой запас 0%"
184,Pasiba Sushi  Марьина Роща,non_kfm,2026-09-14,19,19:00-20:00,low,block_18_24,auto,0.06,0.25,26.64,,,1.15,0.0,0.0,0.0,1.0,0,history,time_segment_shift_history,missing_cycle_time,global_hour,global_hour,"Нужно 0 кур.; прогноз 0.1 заказа/ч; окно block_18_24: история 0.00, цикл 0.00; выбрано: историческая производительность; страховой запас 0%"
184,Pasiba Sushi  Марьина Роща,non_kfm,2026-09-14,20,20:00-21:00,low,block_18_24,auto,0.05,0.25,23.12,,,1.15,0.0,0.0,0.0,1.0,0,history,time_segment_shift_history,missing_cycle_time,global_hour,global_hour,"Нужно 0 кур.; прогноз 0.1 заказа/ч; окно block_18_24: история 0.00, цикл 0.00; выбрано: историческая производительность; страховой запас 0%"
184,Pasiba Sushi  Марьина Роща,non_kfm,2026-09-14,21,21:00-22:00,low,block_18_24,auto,0.04,0.25,21.83,,,1.15,0.0,0.0,0.0,1.0,0,history,time_segment_shift_history,missing_cycle_time,global_hour,global_hour,"Нужно 0 кур.; прогноз 0.0 заказа/ч; окно block_18_24: история 0.00, цикл 0.00; выбрано: историческая производительность; страховой запас 0%"
184,Pasiba Sushi  Марьина Роща,non_kfm,2026-09-14,22,22:00-23:00,low,block_18_24,auto,0.02,0.25,16.14,,,1.15,0.0,0.0,0.0,1.0,0,history,time_segment_shift_history,missing_cycle_time,global_hour,global_hour,"Нужно 0 кур.; прогноз 0.0 заказа/ч; окно block_18_24: история 0.00, цикл 0.00; выбрано: историческая производительность; страховой запас 0%"
184,Pasiba Sushi  Марьина Роща,non_kfm,2026-09-14,11,11:00-12:00,low,block_06_12,bike,0.01,0.06,10.41,,,3.03,0.0,0.0,0.0,1.0,0,history,time_segment_shift_history,missing_cycle_time,global_hour,global_hour,"Нужно 0 кур.; прогноз 0.0 заказа/ч; окно block_06_12: история 0.00, цикл 0.00; выбрано: историческая производительность; страховой запас 0%"
184,Pasiba Sushi  Марьина Роща,non_kfm,2026-09-14,12,12:00-13:00,low,block_12_18,bike,0.02,0.09,10.37,,,2.83,0.0,0.0,0.0,1.0,0,history,time_segment_shift_history,missing_cycle_time,global_hour,global_hour,"Нужно 0 кур.; прогноз 0.0 заказа/ч; окно block_12_18: история 0.00, цикл 0.00; выбрано: историческая производительность; страховой запас 0%"
184,Pasiba Sushi  Марьина Роща,non_kfm,2026-09-14,13,13:00-14:00,low,block_12_18,bike,0.02,0.09,10.39,,,2.83,0.0,0.0,0.0,1.0,0,history,time_segment_shift_history,missing_cycle_time,global_hour,global_hour,"Нужно 0 кур.; прогноз 0.0 заказа/ч; окно block_12_18: история 0.00, цикл 0.00; выбрано: историческая производительность; страховой запас 0%"
184,Pasiba Sushi  Марьина Роща,non_kfm,2026-09-14,14,14:00-15:00,low,block_12_18,bike,0.02,0.09,10.2,,,2.83,0.0,0.0,0.0,1.0,0,history,time_segment_shift_history,missing_cycle_time,global_hour,global_hour,"Нужно 0 кур.; прогноз 0.0 заказа/ч; окно block_12_18: история 0.00, цикл 0.00; выбрано: историческая производительность; страховой запас 0%"
184,Pasiba Sushi  Марьина Роща,non_kfm,2026-09-14,15,15:00-16:00,low,block_12_18,bike,0.01,0.09,10.75,,,2.83,0.0,0.0,0.0,1.0,0,history,time_segment_shift_history,missing_cycle_time,global_hour,global_hour,"Нужно 0 кур.; прогноз 0.0 заказа/ч; окно block_12_18: история 0.00, цикл 0.00; выбрано: историческая производительность; страховой запас 0%"
184,Pasiba Sushi  Марьина Роща,non_kfm,2026-09-14,16,16:00-17:00,low,block_12_18,bike,0.01,0.09,11.02,,,2.83,0.0,0.0,0.0,1.0,0,history,time_segment_shift_history,missing_cycle_time,global_hour,global_hour,"Нужно 0 кур.; прогноз 0.0 заказа/ч; окно block_12_18: история 0.00, цикл 0.00; выбрано: историческая производительность; страховой запас 0%"
184,Pasiba Sushi  Марьина Роща,non_kfm,2026-09-14,17,17:00-18:00,low,block_12_18,bike,0.01,0.09,10.83,,,2.83,0.0,0.0,0.0,1.0,0,history,time_segment_shift_history,missing_cycle_time,global_hour,global_hour,"Нужно 0 кур.; прогноз 0.0 заказа/ч; окно block_12_18: история 0.00, цикл 0.00; выбрано: историческая производительность; страховой запас 0%"
184,Pasiba Sushi  Марьина Роща,non_kfm,2026-09-14,18,18:00-19:00,low,block_18_24,bike,0.04,0.15,11.1,,,2.05,0.0,0.0,0.0,1.0,0,history,time_segment_shift_history,missing_cycle_time,global_hour,global_hour,"Нужно 0 кур.; прогноз 0.0 заказа/ч; окно block_18_24: история 0.00, цикл 0.00; выбрано: историческая производительность; страховой запас 0%"
184,Pasiba Sushi  Марьина Роща,non_kfm,2026-09-14,19,19:00-20:00,low,block_18_24,bike,0.04,0.15,10.71,,,2.05,0.0,0.0,0.0,1.0,0,history,time_segment_shift_history,missing_cycle_time,global_hour,global_hour,"Нужно 0 кур.; прогноз 0.0 заказа/ч; окно block_18_24: история 0.00, цикл 0.00; выбрано: историческая производительность; страховой запас 0%"
184,Pasiba Sushi  Марьина Роща,non_kfm,2026-09-14,20,20:00-21:00,low,block_18_24,bike,0.03,0.15,10.4,,,2.05,0.0,0.0,0.0,1.0,0,history,time_segment_shift_history,missing_cycle_time,global_hour,global_hour,"Нужно 0 кур.; прогноз 0.0 заказа/ч; окно block_18_24: история 0.00, цикл 0.00; выбрано: историческая производительность; страховой запас 0%"
184,Pasiba Sushi  Марьина Роща,non_kfm,2026-09-14,21,21:00-22:00,low,block_18_24,bike,0.02,0.15,9.94,,,2.05,0.0,0.0,0.0,1.0,0,history,time_segment_shift_history,missing_cycle_time,global_hour,global_hour,"Нужно 0 кур.; прогноз 0.0 заказа/ч; окно block_18_24: история 0.00, цикл 0.00; выбрано: историческая производительность; страховой запас 0%"
184,Pasiba Sushi  Марьина Роща,non_kfm,2026-09-14,22,22:00-23:00,low,block_18_24,bike,0.01,0.15,9.8,,,2.05,0.0,0.0,0.0,1.0,0,history,time_segment_shift_history,missing_cycle_time,global_hour,global_hour,"Нужно 0 кур.; прогноз 0.0 заказа/ч; окно block_18_24: история 0.00, цикл 0.00; выбрано: историческая производительность; страховой запас 0%"
188,Мо Friends Bar & Dining Петровка,non_kfm,2026-09-14,12,12:00-13:00,low,block_12_18,auto,0.11,0.5,23.54,,,1.09,0.08,0.0,0.08,1.0,0,history,time_segment_shift_history,missing_cycle_time,global_hour,global_hour,"Нужно 0 кур.; прогноз 0.1 заказа/ч; окно block_12_18: история 0.08, цикл 0.00; выбрано: историческая производительность; страховой запас 0%"
188,Мо Friends Bar & Dining Петровка,non_kfm,2026-09-14,13,13:00-14:00,low,block_12_18,auto,0.1,0.5,23.55,,,1.09,0.08,0.0,0.08,1.0,0,history,time_segment_shift_history,missing_cycle_time,global_hour,global_hour,"Нужно 0 кур.; прогноз 0.1 заказа/ч; окно block_12_18: история 0.08, цикл 0.00; выбрано: историческая производительность; страховой запас 0%"
188,Мо Friends Bar & Dining Петровка,non_kfm,2026-09-14,14,14:00-15:00,low,block_12_18,auto,0.09,0.5,24.06,,,1.09,0.08,0.0,0.08,1.0,0,history,time_segment_shift_history,missing_cycle_time,global_hour,global_hour,"Нужно 0 кур.; прогноз 0.1 заказа/ч; окно block_12_18: история 0.08, цикл 0.00; выбрано: историческая производительность; страховой запас 0%"
188,Мо Friends Bar & Dining Петровка,non_kfm,2026-09-14,15,15:00-16:00,low,block_12_18,auto,0.08,0.5,24.51,,,1.09,0.08,0.0,0.08,1.0,0,history,time_segment_shift_history,missing_cycle_time,global_hour,global_hour,"Нужно 0 кур.; прогноз 0.1 заказа/ч; окно block_12_18: история 0.08, цикл 0.00; выбрано: историческая производительность; страховой запас 0%"
188,Мо Friends Bar & Dining Петровка,non_kfm,2026-09-14,16,16:00-17:00,low,block_12_18,auto,0.06,0.5,25.16,,,1.09,0.08,0.0,0.08,1.0,0,history,time_segment_shift_history,missing_cycle_time,global_hour,global_hour,"Нужно 0 кур.; прогноз 0.1 заказа/ч; окно block_12_18: история 0.08, цикл 0.00; выбрано: историческая производительность; страховой запас 0%"
188,Мо Friends Bar & Dining Петровка,non_kfm,2026-09-14,17,17:00-18:00,low,block_12_18,auto,0.06,0.5,27.66,,,1.09,0.08,0.0,0.08,1.0,0,history,time_segment_shift_history,missing_cycle_time,global_hour,global_hour,"Нужно 0 кур.; прогноз 0.1 заказа/ч; окно block_12_18: история 0.08, цикл 0.00; выбрано: историческая производительность; страховой запас 0%"
188,Мо Friends Bar & Dining Петровка,non_kfm,2026-09-14,18,18:00-19:00,low,block_18_24,auto,0.1,0.44,27.41,,,1.15,0.0,0.0,0.0,1.0,0,history,time_segment_shift_history,missing_cycle_time,global_hour,global_hour,"Нужно 0 кур.; прогноз 0.1 заказа/ч; окно block_18_24: история 0.00, цикл 0.00; выбрано: историческая производительность; страховой запас 0%"
188,Мо Friends Bar & Dining Петровка,non_kfm,2026-09-14,19,19:00-20:00,low,block_18_24,auto,0.1,0.44,26.64,,,1.15,0.0,0.0,0.0,1.0,0,history,time_segment_shift_history,missing_cycle_time,global_hour,global_hour,"Нужно 0 кур.; прогноз 0.1 заказа/ч; окно block_18_24: история 0.00, цикл 0.00; выбрано: историческая производительность; страховой запас 0%"
188,Мо Friends Bar & Dining Петровка,non_kfm,2026-09-14,12,12:00-13:00,low,block_12_18,bike,0.04,0.19,10.37,,,2.83,0.0,0.0,0.0,1.0,0,history,time_segment_shift_history,missing_cycle_time,global_hour,global_hour,"Нужно 0 кур.; прогноз 0.0 заказа/ч; окно block_12_18: история 0.00, цикл 0.00; выбрано: историческая производительность; страховой запас 0%"
188,Мо Friends Bar & Dining Петровка,non_kfm,2026-09-14,13,13:00-14:00,low,block_12_18,bike,0.04,0.19,10.39,,,2.83,0.0,0.0,0.0,1.0,0,history,time_segment_shift_history,missing_cycle_time,global_hour,global_hour,"Нужно 0 кур.; прогноз 0.0 заказа/ч; окно block_12_18: история 0.00, цикл 0.00; выбрано: историческая производительность; страховой запас 0%"
188,Мо Friends Bar & Dining Петровка,non_kfm,2026-09-14,14,14:00-15:00,low,block_12_18,bike,0.03,0.19,10.2,,,2.83,0.0,0.0,0.0,1.0,0,history,time_segment_shift_history,missing_cycle_time,global_hour,global_hour,"Нужно 0 кур.; прогноз 0.0 заказа/ч; окно block_12_18: история 0.00, цикл 0.00; выбрано: историческая производительность; страховой запас 0%"
188,Мо Friends Bar & Dining Петровка,non_kfm,2026-09-14,15,15:00-16:00,low,block_12_18,bike,0.03,0.19,10.75,,,2.83,0.0,0.0,0.0,1.0,0,history,time_segment_shift_history,missing_cycle_time,global_hour,global_hour,"Нужно 0 кур.; прогноз 0.0 заказа/ч; окно block_12_18: история 0.00, цикл 0.00; выбрано: историческая производительность; страховой запас 0%"
188,Мо Friends Bar & Dining Петровка,non_kfm,2026-09-14,16,16:00-17:00,low,block_12_18,bike,0.02,0.19,11.02,,,2.83,0.0,0.0,0.0,1.0,0,history,time_segment_shift_history,missing_cycle_time,global_hour,global_hour,"Нужно 0 кур.; прогноз 0.0 заказа/ч; окно block_12_18: история 0.00, цикл 0.00; выбрано: историческая производительность; страховой запас 0%"
188,Мо Friends Bar & Dining Петровка,non_kfm,2026-09-14,17,17:00-18:00,low,block_12_18,bike,0.02,0.19,10.83,,,2.83,0.0,0.0,0.0,1.0,0,history,time_segment_shift_history,missing_cycle_time,global_hour,global_hour,"Нужно 0 кур.; прогноз 0.0 заказа/ч; окно block_12_18: история 0.00, цикл 0.00; выбрано: историческая производительность; страховой запас 0%"
188,Мо Friends Bar & Dining Петровка,non_kfm,2026-09-14,18,18:00-19:00,low,block_18_24,bike,0.06,0.26,11.1,,,2.05,0.0,0.0,0.0,1.0,0,history,time_segment_shift_history,missing_cycle_time,global_hour,global_hour,"Нужно 0 кур.; прогноз 0.1 заказа/ч; окно block_18_24: история 0.00, цикл 0.00; выбрано: историческая производительность; страховой запас 0%"
188,Мо Friends Bar & Dining Петровка,non_kfm,2026-09-14,19,19:00-20:00,low,block_18_24,bike,0.06,0.26,10.71,,,2.05,0.0,0.0,0.0,1.0,0,history,time_segment_shift_history,missing_cycle_time,global_hour,global_hour,"Нужно 0 кур.; прогноз 0.1 заказа/ч; окно block_18_24: история 0.00, цикл 0.00; выбрано: историческая производительность; страховой запас 0%"
19,Conversation Никитская,non_kfm,2026-09-14,9,09:00-10:00,medium,block_06_12,auto,0.22,0.84,36.57,,,1.27,0.11,0.0,0.11,1.0,0,history,segment_shift_history,missing_cycle_time,location_hour,location_hour,"Нужно 0 кур.; прогноз 0.2 заказа/ч; окно block_06_12: история 0.11, цикл 0.00; выбрано: историческая производительность; страховой запас 0%"
19,Conversation Никитская,non_kfm,2026-09-14,10,10:00-11:00,medium,block_06_12,auto,0.22,0.84,39.2,,,1.27,0.11,0.0,0.11,1.0,0,history,segment_shift_history,missing_cycle_time,location_hour,location_hour,"Нужно 0 кур.; прогноз 0.2 заказа/ч; окно block_06_12: история 0.11, цикл 0.00; выбрано: историческая производительность; страховой запас 0%"
19,Conversation Никитская,non_kfm,2026-09-14,11,11:00-12:00,medium,block_06_12,auto,0.39,0.84,35.74,,,1.27,0.11,0.0,0.11,1.0,0,history,segment_shift_history,missing_cycle_time,location_hour,location_hour,"Нужно 0 кур.; прогноз 0.4 заказа/ч; окно block_06_12: история 0.11, цикл 0.00; выбрано: историческая производительность; страховой запас 0%"
19,Conversation Никитская,non_kfm,2026-09-14,12,12:00-13:00,medium,block_12_18,auto,0.11,1.06,35.46,,,1.08,0.16,0.0,0.16,1.0,0,history,segment_shift_history,missing_cycle_time,location_hour,location_hour,"Нужно 0 кур.; прогноз 0.1 заказа/ч; окно block_12_18: история 0.16, цикл 0.00; выбрано: историческая производительность; страховой запас 0%"
19,Conversation Никитская,non_kfm,2026-09-14,13,13:00-14:00,medium,block_12_18,auto,0.21,1.06,35.55,,,1.08,0.16,0.0,0.16,1.0,0,history,segment_shift_history,missing_cycle_time,location_hour,location_hour,"Нужно 0 кур.; прогноз 0.2 заказа/ч; окно block_12_18: история 0.16, цикл 0.00; выбрано: историческая производительность; страховой запас 0%"
19,Conversation Никитская,non_kfm,2026-09-14,14,14:00-15:00,medium,block_12_18,auto,0.21,1.06,44.1,,,1.08,0.16,0.0,0.16,1.0,0,history,segment_shift_history,missing_cycle_time,location_hour,location_hour,"Нужно 0 кур.; прогноз 0.2 заказа/ч; окно block_12_18: история 0.16, цикл 0.00; выбрано: историческая производительность; страховой запас 0%"
19,Conversation Никитская,non_kfm,2026-09-14,15,15:00-16:00,medium,block_12_18,auto,0.21,1.06,38.18,,,1.08,0.16,0.0,0.16,1.0,0,history,segment_shift_history,missing_cycle_time,location_hour,location_hour,"Нужно 0 кур.; прогноз 0.2 заказа/ч; окно block_12_18: история 0.16, цикл 0.00; выбрано: историческая производительность; страховой запас 0%"
19,Conversation Никитская,non_kfm,2026-09-14,16,16:00-17:00,medium,block_12_18,auto,0.21,1.06,57.08,,,1.08,0.16,0.0,0.16,1.0,0,history,segment_shift_history,missing_cycle_time,location_hour,location_hour,"Нужно 0 кур.; прогноз 0.2 заказа/ч; окно block_12_18: история 0.16, цикл 0.00; выбрано: историческая производительность; страховой запас 0%"
19,Conversation Никитская,non_kfm,2026-09-14,17,17:00-18:00,medium,block_12_18,auto,0.11,1.06,59.31,,,1.08,0.16,0.0,0.16,1.0,0,history,segment_shift_history,missing_cycle_time,location_hour,location_hour,"Нужно 0 кур.; прогноз 0.1 заказа/ч; окно block_12_18: история 0.16, цикл 0.00; выбрано: историческая производительность; страховой запас 0%"
19,Conversation Никитская,non_kfm,2026-09-14,18,18:00-19:00,medium,block_18_24,auto,0.14,0.64,47.37,,,1.14,0.09,0.0,0.09,1.0,0,history,segment_shift_history,missing_cycle_time,location_hour,location_hour,"Нужно 0 кур.; прогноз 0.1 заказа/ч; окно block_18_24: история 0.09, цикл 0.00; выбрано: историческая производительность; страховой запас 0%"
19,Conversation Никитская,non_kfm,2026-09-14,19,19:00-20:00,medium,block_18_24,auto,0.21,0.64,42.27,,,1.14,0.09,0.0,0.09,1.0,0,history,segment_shift_history,missing_cycle_time,location_hour,location_hour,"Нужно 0 кур.; прогноз 0.2 заказа/ч; окно block_18_24: история 0.09, цикл 0.00; выбрано: историческая производительность; страховой запас 0%"
19,Conversation Никитская,non_kfm,2026-09-14,20,20:00-21:00,medium,block_18_24,auto,0.21,0.64,31.15,,,1.14,0.09,0.0,0.09,1.0,0,history,segment_shift_history,missing_cycle_time,location_hour,location_hour,"Нужно 0 кур.; прогноз 0.2 заказа/ч; окно block_18_24: история 0.09, цикл 0.00; выбрано: историческая производительность; страховой запас 0%"
19,Conversation Никитская,non_kfm,2026-09-14,21,21:00-22:00,medium,block_18_24,auto,0.07,0.64,25.27,,,1.14,0.09,0.0,0.09,1.0,0,history,segment_shift_history,missing_cycle_time,location_hour,location_hour,"Нужно 0 кур.; прогноз 0.1 заказа/ч; окно block_18_24: история 0.09, цикл 0.00; выбрано: историческая производительность; страховой запас 0%"
2,Кудринская,kfm,2026-09-14,0,00:00-01:00,high,deep_night,bike,0.0,0.0,7.17,,,1.3,0.0,0.0,0.0,1.0,1,history,default_slot_capacity,missing_cycle_time,global_hour,location_hour,"Нужно 1 кур.; прогноз 0.0 заказа/ч; окно deep_night: история 0.00, цикл 0.00; выбрано: историческая производительность; страховой запас 0%"
2,Кудринская,kfm,2026-09-14,1,01:00-02:00,high,deep_night,bike,0.0,0.0,10.47,,,1.3,0.0,0.0,0.0,1.0,1,history,default_slot_capacity,missing_cycle_time,location_hour,global_vehicle,"Нужно 1 кур.; прогноз 0.0 заказа/ч; окно deep_night: история 0.00, цикл 0.00; выбрано: историческая производительность; страховой запас 0%"
2,Кудринская,kfm,2026-09-14,2,02:00-03:00,high,deep_night,bike,0.0,0.0,10.47,,,1.3,0.0,0.0,0.0,1.0,1,history,default_slot_capacity,missing_cycle_time,global_hour,global_vehicle,"Нужно 1 кур.; прогноз 0.0 заказа/ч; окно deep_night: история 0.00, цикл 0.00; выбрано: историческая производительность; страховой запас 0%"
2,Кудринская,kfm,2026-09-14,3,03:00-04:00,high,deep_night,bike,0.0,0.0,10.47,,,1.3,0.0,0.0,0.0,1.0,1,history,default_slot_capacity,missing_cycle_time,global_hour,global_vehicle,"Нужно 1 кур.; прогноз 0.0 заказа/ч; окно deep_night: история 0.00, цикл 0.00; выбрано: историческая производительность; страховой запас 0%"
2,Кудринская,kfm,2026-09-14,4,04:00-05:00,high,deep_night,bike,0.0,0.0,10.47,,,1.3,0.0,0.0,0.0,1.0,1,history,default_slot_capacity,missing_cycle_time,location_hour,global_vehicle,"Нужно 1 кур.; прогноз 0.0 заказа/ч; окно deep_night: история 0.00, цикл 0.00; выбрано: историческая производительность; страховой запас 0%"
2,Кудринская,kfm,2026-09-14,5,05:00-06:00,high,deep_night,bike,0.0,0.0,10.47,,,1.3,0.0,0.0,0.0,1.0,1,history,default_slot_capacity,missing_cycle_time,location_hour,global_vehicle,"Нужно 1 кур.; прогноз 0.0 заказа/ч; окно deep_night: история 0.00, цикл 0.00; выбрано: историческая производительность; страховой запас 0%"
2,Кудринская,kfm,2026-09-14,6,06:00-07:00,high,opening,bike,0.08,4.57,10.43,,,1.92,1.19,0.0,1.19,1.0,1,history,time_segment_shift_history,missing_cycle_time,location_hour,location_hour,"Нужно 1 кур.; прогноз 0.1 заказа/ч; окно opening: история 1.19, цикл 0.00; выбрано: историческая производительность; страховой запас 0%"
2,Кудринская,kfm,2026-09-14,7,07:00-08:00,high,opening,bike,4.49,4.57,12.55,,,1.92,1.19,0.0,1.19,1.0,1,history,time_segment_shift_history,missing_cycle_time,location_hour,location_hour,"Нужно 1 кур.; прогноз 4.5 заказа/ч; окно opening: история 1.19, цикл 0.00; выбрано: историческая производительность; страховой запас 0%"
2,Кудринская,kfm,2026-09-14,8,08:00-09:00,high,early_morning,bike,4.66,4.66,11.44,,,1.8,2.59,0.0,2.59,1.0,3,history,segment_shift_history,missing_cycle_time,location_hour,location_hour,"Нужно 3 кур.; прогноз 4.7 заказа/ч; окно early_morning: история 2.59, цикл 0.00; выбрано: историческая производительность; страховой запас 0%"
2,Кудринская,kfm,2026-09-14,9,09:00-10:00,high,morning,bike,3.79,8.76,10.62,,,2.0,2.19,0.0,2.19,1.0,2,history,location_shift_history,missing_cycle_time,location_hour,location_hour,"Нужно 2 кур.; прогноз 3.8 заказа/ч; окно morning: история 2.19, цикл 0.00; выбрано: историческая производительность; страховой запас 0%"
2,Кудринская,kfm,2026-09-14,10,10:00-11:00,high,morning,bike,4.97,8.76,10.1,,,2.0,2.19,0.0,2.19,1.0,2,history,location_shift_history,missing_cycle_time,location_hour,location_hour,"Нужно 2 кур.; прогноз 5.0 заказа/ч; окно morning: история 2.19, цикл 0.00; выбрано: историческая производительность; страховой запас 0%"
2,Кудринская,kfm,2026-09-14,11,11:00-12:00,high,lunch,bike,3.76,18.03,10.69,,,1.56,2.89,0.0,2.89,1.0,3,history,location_shift_history,missing_cycle_time,location_hour,location_hour,"Нужно 3 кур.; прогноз 3.8 заказа/ч; окно lunch: история 2.89, цикл 0.00; выбрано: историческая производительность; страховой запас 0%"
2,Кудринская,kfm,2026-09-14,12,12:00-13:00,high,lunch,bike,6.28,18.03,11.32,,,1.56,2.89,0.0,2.89,1.0,3,history,location_shift_history,missing_cycle_time,location_hour,location_hour,"Нужно 3 кур.; прогноз 6.3 заказа/ч; окно lunch: история 2.89, цикл 0.00; выбрано: историческая производительность; страховой запас 0%"
2,Кудринская,kfm,2026-09-14,13,13:00-14:00,high,lunch,bike,4.29,18.03,10.53,,,1.56,2.89,0.0,2.89,1.0,3,history,location_shift_history,missing_cycle_time,location_hour,location_hour,"Нужно 3 кур.; прогноз 4.3 заказа/ч; окно lunch: история 2.89, цикл 0.00; выбрано: историческая производительность; страховой запас 0%"
2,Кудринская,kfm,2026-09-14,14,14:00-15:00,high,lunch,bike,3.7,18.03,10.03,,,1.56,2.89,0.0,2.89,1.0,3,history,location_shift_history,missing_cycle_time,location_hour,location_hour,"Нужно 3 кур.; прогноз 3.7 заказа/ч; окно lunch: история 2.89, цикл 0.00; выбрано: историческая производительность; страховой запас 0%"
2,Кудринская,kfm,2026-09-14,15,15:00-16:00,high,afternoon,bike,4.55,9.49,11.58,,,1.07,2.95,0.0,2.95,1.0,3,history,location_shift_history,missing_cycle_time,location_hour,location_hour,"Нужно 3 кур.; прогноз 4.6 заказа/ч; окно afternoon: история 2.95, цикл 0.00; выбрано: историческая производительность; страховой запас 0%"
2,Кудринская,kfm,2026-09-14,16,16:00-17:00,high,afternoon,bike,2.28,9.49,9.97,,,1.07,2.95,0.0,2.95,1.0,3,history,location_shift_history,missing_cycle_time,location_hour,location_hour,"Нужно 3 кур.; прогноз 2.3 заказа/ч; окно afternoon: история 2.95, цикл 0.00; выбрано: историческая производительность; страховой запас 0%"
2,Кудринская,kfm,2026-09-14,17,17:00-18:00,high,afternoon,bike,2.67,9.49,10.68,,,1.07,2.95,0.0,2.95,1.0,3,history,location_shift_history,missing_cycle_time,location_hour,location_hour,"Нужно 3 кур.; прогноз 2.7 заказа/ч; окно afternoon: история 2.95, цикл 0.00; выбрано: историческая производительность; страховой запас 0%"
2,Кудринская,kfm,2026-09-14,18,18:00-19:00,high,dinner,bike,2.69,7.67,11.14,,,1.74,1.47,0.0,1.47,1.0,2,history,segment_shift_history,missing_cycle_time,location_hour,location_hour,"Нужно 2 кур.; прогноз 2.7 заказа/ч; окно dinner: история 1.47, цикл 0.00; выбрано: историческая производительность; страховой запас 0%"
2,Кудринская,kfm,2026-09-14,19,19:00-20:00,high,dinner,bike,2.69,7.67,12.05,,,1.74,1.47,0.0,1.47,1.0,2,history,segment_shift_history,missing_cycle_time,location_hour,location_hour,"Нужно 2 кур.; прогноз 2.7 заказа/ч; окно dinner: история 1.47, цикл 0.00; выбрано: историческая производительность; страховой запас 0%"
2,Кудринская,kfm,2026-09-14,20,20:00-21:00,high,dinner,bike,2.29,7.67,11.79,,,1.74,1.47,0.0,1.47,1.0,2,history,segment_shift_history,missing_cycle_time,location_hour,location_hour,"Нужно 2 кур.; прогноз 2.3 заказа/ч; окно dinner: история 1.47, цикл 0.00; выбрано: историческая производительность; страховой запас 0%"
2,Кудринская,kfm,2026-09-14,21,21:00-22:00,high,late_evening,bike,1.68,5.61,10.53,,,1.74,1.08,0.0,1.08,1.0,1,history,time_segment_shift_history,missing_cycle_time,location_hour,location_hour,"Нужно 1 кур.; прогноз 1.7 заказа/ч; окно late_evening: история 1.08, цикл 0.00; выбрано: историческая производительность; страховой запас 0%"
2,Кудринская,kfm,2026-09-14,22,22:00-23:00,high,late_evening,bike,1.62,5.61,9.55,,,1.74,1.08,0.0,1.08,1.0,1,history,time_segment_shift_history,missing_cycle_time,location_hour,location_hour,"Нужно 1 кур.; прогноз 1.6 заказа/ч; окно late_evening: история 1.08, цикл 0.00; выбрано: историческая производительность; страховой запас 0%"
2,Кудринская,kfm,2026-09-14,23,23:00-24:00,high,late_evening,bike,2.31,5.61,11.08,,,1.74,1.08,0.0,1.08,1.0,1,history,time_segment_shift_history,missing_cycle_time,location_hour,location_hour,"Нужно 1 кур.; прогноз 2.3 заказа/ч; окно late_evening: история 1.08, цикл 0.00; выбрано: историческая производительность; страховой запас 0%"
20,Павлово,kfm,2026-09-14,8,08:00-09:00,medium,block_06_12,auto,0.45,8.87,12.01,,,1.27,1.16,0.0,1.16,1.0,1,history,segment_shift_history,missing_cycle_time,location_hour,location_hour,"Нужно 1 кур.; прогноз 0.5 заказа/ч; окно block_06_12: история 1.16, цикл 0.00; выбрано: историческая производительность; страховой запас 0%"
20,Павлово,kfm,2026-09-14,9,09:00-10:00,medium,block_06_12,auto,1.97,8.87,12.61,,,1.27,1.16,0.0,1.16,1.0,1,history,segment_shift_history,missing_cycle_time,location_hour,location_hour,"Нужно 1 кур.; прогноз 2.0 заказа/ч; окно block_06_12: история 1.16, цикл 0.00; выбрано: историческая производительность; страховой запас 0%"
20,Павлово,kfm,2026-09-14,10,10:00-11:00,medium,block_06_12,auto,2.73,8.87,13.95,,,1.27,1.16,0.0,1.16,1.0,1,history,segment_shift_history,missing_cycle_time,location_hour,location_hour,"Нужно 1 кур.; прогноз 2.7 заказа/ч; окно block_06_12: история 1.16, цикл 0.00; выбрано: историческая производительность; страховой запас 0%"
20,Павлово,kfm,2026-09-14,11,11:00-12:00,medium,block_06_12,auto,3.72,8.87,12.85,,,1.27,1.16,0.0,1.16,1.0,1,history,segment_shift_history,missing_cycle_time,location_hour,location_hour,"Нужно 1 кур.; прогноз 3.7 заказа/ч; окно block_06_12: история 1.16, цикл 0.00; выбрано: историческая производительность; страховой запас 0%"
20,Павлово,kfm,2026-09-14,12,12:00-13:00,medium,block_12_18,auto,2.8,10.54,18.59,,,1.08,1.62,0.0,1.62,1.0,2,history,segment_shift_history,missing_cycle_time,location_hour,location_hour,"Нужно 2 кур.; прогноз 2.8 заказа/ч; окно block_12_18: история 1.62, цикл 0.00; выбрано: историческая производительность; страховой запас 0%"
20,Павлово,kfm,2026-09-14,13,13:00-14:00,medium,block_12_18,auto,1.51,10.54,19.77,,,1.08,1.62,0.0,1.62,1.0,2,history,segment_shift_history,missing_cycle_time,location_hour,location_hour,"Нужно 2 кур.; прогноз 1.5 заказа/ч; окно block_12_18: история 1.62, цикл 0.00; выбрано: историческая производительность; страховой запас 0%"
20,Павлово,kfm,2026-09-14,14,14:00-15:00,medium,block_12_18,auto,2.19,10.54,23.25,,,1.08,1.62,0.0,1.62,1.0,2,history,segment_shift_history,missing_cycle_time,location_hour,location_hour,"Нужно 2 кур.; прогноз 2.2 заказа/ч; окно block_12_18: история 1.62, цикл 0.00; выбрано: историческая производительность; страховой запас 0%"
20,Павлово,kfm,2026-09-14,15,15:00-16:00,medium,block_12_18,auto,1.07,10.54,29.67,,,1.08,1.62,0.0,1.62,1.0,2,history,segment_shift_history,missing_cycle_time,location_hour,location_hour,"Нужно 2 кур.; прогноз 1.1 заказа/ч; окно block_12_18: история 1.62, цикл 0.00; выбрано: историческая производительность; страховой запас 0%"
20,Павлово,kfm,2026-09-14,16,16:00-17:00,medium,block_12_18,auto,1.29,10.54,19.2,,,1.08,1.62,0.0,1.62,1.0,2,history,segment_shift_history,missing_cycle_time,location_hour,location_hour,"Нужно 2 кур.; прогноз 1.3 заказа/ч; окно block_12_18: история 1.62, цикл 0.00; выбрано: историческая производительность; страховой запас 0%"
20,Павлово,kfm,2026-09-14,17,17:00-18:00,medium,block_12_18,auto,1.68,10.54,24.86,,,1.08,1.62,0.0,1.62,1.0,2,history,segment_shift_history,missing_cycle_time,location_hour,location_hour,"Нужно 2 кур.; прогноз 1.7 заказа/ч; окно block_12_18: история 1.62, цикл 0.00; выбрано: историческая производительность; страховой запас 0%"
20,Павлово,kfm,2026-09-14,18,18:00-19:00,medium,block_18_24,auto,2.56,6.92,26.05,,,1.14,1.01,0.0,1.01,1.0,1,history,segment_shift_history,missing_cycle_time,location_hour,location_hour,"Нужно 1 кур.; прогноз 2.6 заказа/ч; окно block_18_24: история 1.01, цикл 0.00; выбрано: историческая производительность; страховой запас 0%"
20,Павлово,kfm,2026-09-14,19,19:00-20:00,medium,block_18_24,auto,1.68,6.92,21.04,,,1.14,1.01,0.0,1.01,1.0,1,history,segment_shift_history,missing_cycle_time,location_hour,location_hour,"Нужно 1 кур.; прогноз 1.7 заказа/ч; окно block_18_24: история 1.01, цикл 0.00; выбрано: историческая производительность; страховой запас 0%"
20,Павлово,kfm,2026-09-14,20,20:00-21:00,medium,block_18_24,auto,1.43,6.92,15.31,,,1.14,1.01,0.0,1.01,1.0,1,history,segment_shift_history,missing_cycle_time,location_hour,location_hour,"Нужно 1 кур.; прогноз 1.4 заказа/ч; окно block_18_24: история 1.01, цикл 0.00; выбрано: историческая производительность; страховой запас 0%"
20,Павлово,kfm,2026-09-14,21,21:00-22:00,medium,block_18_24,auto,1.12,6.92,24.08,,,1.14,1.01,0.0,1.01,1.0,1,history,segment_shift_history,missing_cycle_time,location_hour,location_hour,"Нужно 1 кур.; прогноз 1.1 заказа/ч; окно block_18_24: история 1.01, цикл 0.00; выбрано: историческая производительность; страховой запас 0%"
21,Горки-2,kfm,2026-09-14,8,08:00-09:00,high,early_morning,auto,2.67,2.67,17.08,,,1.3,2.06,0.0,2.06,1.0,2,history,segment_shift_history,missing_cycle_time,location_hour,location_hour,"Нужно 2 кур.; прогноз 2.7 заказа/ч; окно early_morning: история 2.06, цикл 0.00; выбрано: историческая производительность; страховой запас 0%"
21,Горки-2,kfm,2026-09-14,9,09:00-10:00,high,morning,auto,3.63,8.1,18.06,,,1.16,3.5,0.0,3.5,1.0,4,history,segment_shift_history,missing_cycle_time,location_hour,location_hour,"Нужно 4 кур.; прогноз 3.6 заказа/ч; окно morning: история 3.50, цикл 0.00; выбрано: историческая производительность; страховой запас 0%"
21,Горки-2,kfm,2026-09-14,10,10:00-11:00,high,morning,auto,4.48,8.1,17.65,,,1.16,3.5,0.0,3.5,1.0,4,history,segment_shift_history,missing_cycle_time,location_hour,location_hour,"Нужно 4 кур.; прогноз 4.5 заказа/ч; окно morning: история 3.50, цикл 0.00; выбрано: историческая производительность; страховой запас 0%"
21,Горки-2,kfm,2026-09-14,11,11:00-12:00,high,lunch,auto,4.87,16.53,19.67,,,0.97,4.28,0.0,4.28,1.0,4,history,location_shift_history,missing_cycle_time,location_hour,location_hour,"Нужно 4 кур.; прогноз 4.9 заказа/ч; окно lunch: история 4.28, цикл 0.00; выбрано: историческая производительность; страховой запас 0%"
21,Горки-2,kfm,2026-09-14,12,12:00-13:00,high,lunch,auto,3.79,16.53,23.03,,,0.97,4.28,0.0,4.28,1.0,4,history,location_shift_history,missing_cycle_time,location_hour,location_hour,"Нужно 4 кур.; прогноз 3.8 заказа/ч; окно lunch: история 4.28, цикл 0.00; выбрано: историческая производительность; страховой запас 0%"
21,Горки-2,kfm,2026-09-14,13,13:00-14:00,high,lunch,auto,4.36,16.53,19.1,,,0.97,4.28,0.0,4.28,1.0,4,history,location_shift_history,missing_cycle_time,location_hour,location_hour,"Нужно 4 кур.; прогноз 4.4 заказа/ч; окно lunch: история 4.28, цикл 0.00; выбрано: историческая производительность; страховой запас 0%"
21,Горки-2,kfm,2026-09-14,14,14:00-15:00,high,lunch,auto,3.51,16.53,19.23,,,0.97,4.28,0.0,4.28,1.0,4,history,location_shift_history,missing_cycle_time,location_hour,location_hour,"Нужно 4 кур.; прогноз 3.5 заказа/ч; окно lunch: история 4.28, цикл 0.00; выбрано: историческая производительность; страховой запас 0%"
21,Горки-2,kfm,2026-09-14,15,15:00-16:00,high,afternoon,auto,3.41,9.12,20.64,,,0.73,4.14,0.0,4.14,1.0,4,history,location_shift_history,missing_cycle_time,location_hour,location_hour,"Нужно 4 кур.; прогноз 3.4 заказа/ч; окно afternoon: история 4.14, цикл 0.00; выбрано: историческая производительность; страховой запас 0%"
21,Горки-2,kfm,2026-09-14,16,16:00-17:00,high,afternoon,auto,2.98,9.12,22.44,,,0.73,4.14,0.0,4.14,1.0,4,history,location_shift_history,missing_cycle_time,location_hour,location_hour,"Нужно 4 кур.; прогноз 3.0 заказа/ч; окно afternoon: история 4.14, цикл 0.00; выбрано: историческая производительность; страховой запас 0%"
21,Горки-2,kfm,2026-09-14,17,17:00-18:00,high,afternoon,auto,2.73,9.12,23.89,,,0.73,4.14,0.0,4.14,1.0,4,history,location_shift_history,missing_cycle_time,location_hour,location_hour,"Нужно 4 кур.; прогноз 2.7 заказа/ч; окно afternoon: история 4.14, цикл 0.00; выбрано: историческая производительность; страховой запас 0%"
21,Горки-2,kfm,2026-09-14,18,18:00-19:00,high,dinner,auto,3.8,10.37,21.96,,,1.08,3.19,0.0,3.19,1.0,3,history,location_shift_history,missing_cycle_time,location_hour,location_hour,"Нужно 3 кур.; прогноз 3.8 заказа/ч; окно dinner: история 3.19, цикл 0.00; выбрано: историческая производительность; страховой запас 0%"
21,Горки-2,kfm,2026-09-14,19,19:00-20:00,high,dinner,auto,3.59,10.37,21.17,,,1.08,3.19,0.0,3.19,1.0,3,history,location_shift_history,missing_cycle_time,location_hour,location_hour,"Нужно 3 кур.; прогноз 3.6 заказа/ч; окно dinner: история 3.19, цикл 0.00; выбрано: историческая производительность; страховой запас 0%"
21,Горки-2,kfm,2026-09-14,20,20:00-21:00,high,dinner,auto,2.98,10.37,22.8,,,1.08,3.19,0.0,3.19,1.0,3,history,location_shift_history,missing_cycle_time,location_hour,location_hour,"Нужно 3 кур.; прогноз 3.0 заказа/ч; окно dinner: история 3.19, цикл 0.00; выбрано: историческая производительность; страховой запас 0%"
21,Горки-2,kfm,2026-09-14,21,21:00-22:00,high,late_evening,auto,1.85,6.01,23.05,,,1.09,1.84,0.0,1.84,1.0,2,history,segment_shift_history,missing_cycle_time,location_hour,location_hour,"Нужно 2 кур.; прогноз 1.9 заказа/ч; окно late_evening: история 1.84, цикл 0.00; выбрано: историческая производительность; страховой запас 0%"
21,Горки-2,kfm,2026-09-14,22,22:00-23:00,high,late_evening,auto,1.69,6.01,0.4,,,1.09,1.84,0.0,1.84,1.0,2,history,segment_shift_history,missing_cycle_time,location_hour,location_hour,"Нужно 2 кур.; прогноз 1.7 заказа/ч; окно late_evening: история 1.84, цикл 0.00; выбрано: историческая производительность; страховой запас 0%"
22,Жажда Крови,kfm,2026-09-14,13,13:00-14:00,low,block_12_18,auto,0.1,0.29,24.19,,,1.09,0.0,0.0,0.0,1.0,0,history,time_segment_shift_history,missing_cycle_time,location_hour,location_hour,"Нужно 0 кур.; прогноз 0.1 заказа/ч; окно block_12_18: история 0.00, цикл 0.00; выбрано: историческая производительность; страховой запас 0%"
22,Жажда Крови,kfm,2026-09-14,15,15:00-16:00,low,block_12_18,auto,0.1,0.29,20.7,,,1.09,0.0,0.0,0.0,1.0,0,history,time_segment_shift_history,missing_cycle_time,location_hour,location_hour,"Нужно 0 кур.; прогноз 0.1 заказа/ч; окно block_12_18: история 0.00, цикл 0.00; выбрано: историческая производительность; страховой запас 0%"
22,Жажда Крови,kfm,2026-09-14,17,17:00-18:00,low,block_12_18,auto,0.1,0.29,20.14,,,1.09,0.0,0.0,0.0,1.0,0,history,time_segment_shift_history,missing_cycle_time,location_hour,location_hour,"Нужно 0 кур.; прогноз 0.1 заказа/ч; окно block_12_18: история 0.00, цикл 0.00; выбрано: историческая производительность; страховой запас 0%"
22,Жажда Крови,kfm,2026-09-14,21,21:00-22:00,low,block_18_24,auto,0.16,0.39,23.97,,,1.15,0.0,0.0,0.0,1.0,0,history,time_segment_shift_history,missing_cycle_time,location_hour,location_hour,"Нужно 0 кур.; прогноз 0.2 заказа/ч; окно block_18_24: история 0.00, цикл 0.00; выбрано: историческая производительность; страховой запас 0%"
22,Жажда Крови,kfm,2026-09-14,22,22:00-23:00,low,block_18_24,auto,0.16,0.39,2.36,,,1.15,0.0,0.0,0.0,1.0,0,history,time_segment_shift_history,missing_cycle_time,location_hour,location_hour,"Нужно 0 кур.; прогноз 0.2 заказа/ч; окно block_18_24: история 0.00, цикл 0.00; выбрано: историческая производительность; страховой запас 0%"
22,Жажда Крови,kfm,2026-09-14,13,13:00-14:00,low,block_12_18,bike,0.02,0.07,10.39,,,2.83,0.0,0.0,0.0,1.0,0,history,time_segment_shift_history,missing_cycle_time,location_hour,global_hour,"Нужно 0 кур.; прогноз 0.0 заказа/ч; окно block_12_18: история 0.00, цикл 0.00; выбрано: историческая производительность; страховой запас 0%"
22,Жажда Крови,kfm,2026-09-14,15,15:00-16:00,low,block_12_18,bike,0.02,0.07,16.97,,,2.83,0.0,0.0,0.0,1.0,0,history,time_segment_shift_history,missing_cycle_time,location_hour,location_hour,"Нужно 0 кур.; прогноз 0.0 заказа/ч; окно block_12_18: история 0.00, цикл 0.00; выбрано: историческая производительность; страховой запас 0%"
22,Жажда Крови,kfm,2026-09-14,17,17:00-18:00,low,block_12_18,bike,0.02,0.07,5.32,,,2.83,0.0,0.0,0.0,1.0,0,history,time_segment_shift_history,missing_cycle_time,location_hour,location_hour,"Нужно 0 кур.; прогноз 0.0 заказа/ч; окно block_12_18: история 0.00, цикл 0.00; выбрано: историческая производительность; страховой запас 0%"
22,Жажда Крови,kfm,2026-09-14,21,21:00-22:00,low,block_18_24,bike,0.03,0.06,16.69,,,2.05,0.0,0.0,0.0,1.0,0,history,time_segment_shift_history,missing_cycle_time,location_hour,location_hour,"Нужно 0 кур.; прогноз 0.0 заказа/ч; окно block_18_24: история 0.00, цикл 0.00; выбрано: историческая производительность; страховой запас 0%"
22,Жажда Крови,kfm,2026-09-14,22,22:00-23:00,low,block_18_24,bike,0.03,0.06,7.66,,,2.05,0.0,0.0,0.0,1.0,0,history,time_segment_shift_history,missing_cycle_time,location_hour,location_hour,"Нужно 0 кур.; прогноз 0.0 заказа/ч; окно block_18_24: история 0.00, цикл 0.00; выбрано: историческая производительность; страховой запас 0%"
222,Ирис Химки,non_kfm,2026-09-14,6,06:00-07:00,low,block_06_12,auto,0.06,2.19,27.33,,,1.28,0.29,0.0,0.29,1.0,0,history,time_segment_shift_history,missing_cycle_time,global_hour,global_hour,"Нужно 0 кур.; прогноз 0.1 заказа/ч; окно block_06_12: история 0.29, цикл 0.00; выбрано: историческая производительность; страховой запас 0%"
222,Ирис Химки,non_kfm,2026-09-14,7,07:00-08:00,low,block_06_12,auto,0.16,2.19,24.32,,,1.28,0.29,0.0,0.29,1.0,0,history,time_segment_shift_history,missing_cycle_time,global_hour,global_hour,"Нужно 0 кур.; прогноз 0.2 заказа/ч; окно block_06_12: история 0.29, цикл 0.00; выбрано: историческая производительность; страховой запас 0%"
222,Ирис Химки,non_kfm,2026-09-14,8,08:00-09:00,low,block_06_12,auto,0.4,2.19,22.41,,,1.28,0.29,0.0,0.29,1.0,0,history,time_segment_shift_history,missing_cycle_time,global_hour,global_hour,"Нужно 0 кур.; прогноз 0.4 заказа/ч; окно block_06_12: история 0.29, цикл 0.00; выбрано: историческая производительность; страховой запас 0%"
222,Ирис Химки,non_kfm,2026-09-14,9,09:00-10:00,low,block_06_12,auto,0.5,2.19,21.64,,,1.28,0.29,0.0,0.29,1.0,0,history,time_segment_shift_history,missing_cycle_time,global_hour,global_hour,"Нужно 0 кур.; прогноз 0.5 заказа/ч; окно block_06_12: история 0.29, цикл 0.00; выбрано: историческая производительность; страховой запас 0%"
222,Ирис Химки,non_kfm,2026-09-14,10,10:00-11:00,low,block_06_12,auto,0.52,2.19,21.71,,,1.28,0.29,0.0,0.29,1.0,0,history,time_segment_shift_history,missing_cycle_time,global_hour,global_hour,"Нужно 0 кур.; прогноз 0.5 заказа/ч; окно block_06_12: история 0.29, цикл 0.00; выбрано: историческая производительность; страховой запас 0%"
222,Ирис Химки,non_kfm,2026-09-14,11,11:00-12:00,low,block_06_12,auto,0.56,2.19,22.82,,,1.28,0.29,0.0,0.29,1.0,0,history,time_segment_shift_history,missing_cycle_time,global_hour,global_hour,"Нужно 0 кур.; прогноз 0.6 заказа/ч; окно block_06_12: история 0.29, цикл 0.00; выбрано: историческая производительность; страховой запас 0%"
222,Ирис Химки,non_kfm,2026-09-14,12,12:00-13:00,low,block_12_18,auto,0.24,1.14,23.54,,,1.09,0.17,0.0,0.17,1.0,0,history,time_segment_shift_history,missing_cycle_time,global_hour,global_hour,"Нужно 0 кур.; прогноз 0.2 заказа/ч; окно block_12_18: история 0.17, цикл 0.00; выбрано: историческая производительность; страховой запас 0%"
222,Ирис Химки,non_kfm,2026-09-14,13,13:00-14:00,low,block_12_18,auto,0.24,1.14,23.55,,,1.09,0.17,0.0,0.17,1.0,0,history,time_segment_shift_history,missing_cycle_time,global_hour,global_hour,"Нужно 0 кур.; прогноз 0.2 заказа/ч; окно block_12_18: история 0.17, цикл 0.00; выбрано: историческая производительность; страховой запас 0%"
222,Ирис Химки,non_kfm,2026-09-14,14,14:00-15:00,low,block_12_18,auto,0.21,1.14,24.06,,,1.09,0.17,0.0,0.17,1.0,0,history,time_segment_shift_history,missing_cycle_time,global_hour,global_hour,"Нужно 0 кур.; прогноз 0.2 заказа/ч; окно block_12_18: история 0.17, цикл 0.00; выбрано: историческая производительность; страховой запас 0%"
222,Ирис Химки,non_kfm,2026-09-14,15,15:00-16:00,low,block_12_18,auto,0.17,1.14,24.51,,,1.09,0.17,0.0,0.17,1.0,0,history,time_segment_shift_history,missing_cycle_time,global_hour,global_hour,"Нужно 0 кур.; прогноз 0.2 заказа/ч; окно block_12_18: история 0.17, цикл 0.00; выбрано: историческая производительность; страховой запас 0%"
222,Ирис Химки,non_kfm,2026-09-14,16,16:00-17:00,low,block_12_18,auto,0.14,1.14,25.16,,,1.09,0.17,0.0,0.17,1.0,0,history,time_segment_shift_history,missing_cycle_time,global_hour,global_hour,"Нужно 0 кур.; прогноз 0.1 заказа/ч; окно block_12_18: история 0.17, цикл 0.00; выбрано: историческая производительность; страховой запас 0%"
222,Ирис Химки,non_kfm,2026-09-14,17,17:00-18:00,low,block_12_18,auto,0.14,1.14,27.66,,,1.09,0.17,0.0,0.17,1.0,0,history,time_segment_shift_history,missing_cycle_time,global_hour,global_hour,"Нужно 0 кур.; прогноз 0.1 заказа/ч; окно block_12_18: история 0.17, цикл 0.00; выбрано: историческая производительность; страховой запас 0%"
222,Ирис Химки,non_kfm,2026-09-14,18,18:00-19:00,low,block_18_24,auto,0.18,0.79,27.41,,,1.15,0.11,0.0,0.11,1.0,0,history,time_segment_shift_history,missing_cycle_time,global_hour,global_hour,"Нужно 0 кур.; прогноз 0.2 заказа/ч; окно block_18_24: история 0.11, цикл 0.00; выбрано: историческая производительность; страховой запас 0%"
222,Ирис Химки,non_kfm,2026-09-14,19,19:00-20:00,low,block_18_24,auto,0.19,0.79,26.64,,,1.15,0.11,0.0,0.11,1.0,0,history,time_segment_shift_history,missing_cycle_time,global_hour,global_hour,"Нужно 0 кур.; прогноз 0.2 заказа/ч; окно block_18_24: история 0.11, цикл 0.00; выбрано: историческая производительность; страховой запас 0%"
222,Ирис Химки,non_kfm,2026-09-14,20,20:00-21:00,low,block_18_24,auto,0.17,0.79,23.12,,,1.15,0.11,0.0,0.11,1.0,0,history,time_segment_shift_history,missing_cycle_time,global_hour,global_hour,"Нужно 0 кур.; прогноз 0.2 заказа/ч; окно block_18_24: история 0.11, цикл 0.00; выбрано: историческая производительность; страховой запас 0%"
222,Ирис Химки,non_kfm,2026-09-14,21,21:00-22:00,low,block_18_24,auto,0.13,0.79,21.83,,,1.15,0.11,0.0,0.11,1.0,0,history,time_segment_shift_history,missing_cycle_time,global_hour,global_hour,"Нужно 0 кур.; прогноз 0.1 заказа/ч; окно block_18_24: история 0.11, цикл 0.00; выбрано: историческая производительность; страховой запас 0%"
222,Ирис Химки,non_kfm,2026-09-14,22,22:00-23:00,low,block_18_24,auto,0.07,0.79,16.14,,,1.15,0.11,0.0,0.11,1.0,0,history,time_segment_shift_history,missing_cycle_time,global_hour,global_hour,"Нужно 0 кур.; прогноз 0.1 заказа/ч; окно block_18_24: история 0.11, цикл 0.00; выбрано: историческая производительность; страховой запас 0%"
23,I Love Cake,non_kfm,2026-09-14,10,10:00-11:00,low,block_06_12,auto,0.08,0.17,73.55,,,1.28,0.0,0.0,0.0,1.0,0,history,time_segment_shift_history,missing_cycle_time,location_hour,location_hour,"Нужно 0 кур.; прогноз 0.1 заказа/ч; окно block_06_12: история 0.00, цикл 0.00; выбрано: историческая производительность; страховой запас 0%"
23,I Love Cake,non_kfm,2026-09-14,11,11:00-12:00,low,block_06_12,auto,0.08,0.17,12.53,,,1.28,0.0,0.0,0.0,1.0,0,history,time_segment_shift_history,missing_cycle_time,location_hour,location_hour,"Нужно 0 кур.; прогноз 0.1 заказа/ч; окно block_06_12: история 0.00, цикл 0.00; выбрано: историческая производительность; страховой запас 0%"
23,I Love Cake,non_kfm,2026-09-14,14,14:00-15:00,low,block_12_18,auto,0.24,0.24,24.06,,,1.09,0.0,0.0,0.0,1.0,0,history,time_segment_shift_history,missing_cycle_time,location_hour,global_hour,"Нужно 0 кур.; прогноз 0.2 заказа/ч; окно block_12_18: история 0.00, цикл 0.00; выбрано: историческая производительность; страховой запас 0%"
23,I Love Cake,non_kfm,2026-09-14,18,18:00-19:00,low,block_18_24,auto,0.2,0.2,27.41,,,1.15,0.0,0.0,0.0,1.0,0,history,time_segment_shift_history,missing_cycle_time,location_hour,global_hour,"Нужно 0 кур.; прогноз 0.2 заказа/ч; окно block_18_24: история 0.00, цикл 0.00; выбрано: историческая производительность; страховой запас 0%"
24,Conversation Остоженка,non_kfm,2026-09-14,9,09:00-10:00,low,block_06_12,auto,0.14,0.14,48.76,,,1.28,0.0,0.0,0.0,1.0,0,history,time_segment_shift_history,missing_cycle_time,location_hour,location_hour,"Нужно 0 кур.; прогноз 0.1 заказа/ч; окно block_06_12: история 0.00, цикл 0.00; выбрано: историческая производительность; страховой запас 0%"
24,Conversation Остоженка,non_kfm,2026-09-14,16,16:00-17:00,low,block_12_18,auto,0.19,0.19,25.16,,,1.09,0.0,0.0,0.0,1.0,0,history,time_segment_shift_history,missing_cycle_time,location_hour,global_hour,"Нужно 0 кур.; прогноз 0.2 заказа/ч; окно block_12_18: история 0.00, цикл 0.00; выбрано: историческая производительность; страховой запас 0%"
24,Conversation Остоженка,non_kfm,2026-09-14,18,18:00-19:00,low,block_18_24,auto,0.04,0.17,27.41,,,1.15,0.0,0.0,0.0,1.0,0,history,time_segment_shift_history,missing_cycle_time,global_hour,global_hour,"Нужно 0 кур.; прогноз 0.0 заказа/ч; окно block_18_24: история 0.00, цикл 0.00; выбрано: историческая производительность; страховой запас 0%"
24,Conversation Остоженка,non_kfm,2026-09-14,19,19:00-20:00,low,block_18_24,auto,0.04,0.17,17.93,,,1.15,0.0,0.0,0.0,1.0,0,history,time_segment_shift_history,missing_cycle_time,global_hour,location_hour,"Нужно 0 кур.; прогноз 0.0 заказа/ч; окно block_18_24: история 0.00, цикл 0.00; выбрано: историческая производительность; страховой запас 0%"
24,Conversation Остоженка,non_kfm,2026-09-14,20,20:00-21:00,low,block_18_24,auto,0.04,0.17,23.12,,,1.15,0.0,0.0,0.0,1.0,0,history,time_segment_shift_history,missing_cycle_time,global_hour,global_hour,"Нужно 0 кур.; прогноз 0.0 заказа/ч; окно block_18_24: история 0.00, цикл 0.00; выбрано: историческая производительность; страховой запас 0%"
24,Conversation Остоженка,non_kfm,2026-09-14,21,21:00-22:00,low,block_18_24,auto,0.03,0.17,21.83,,,1.15,0.0,0.0,0.0,1.0,0,history,time_segment_shift_history,missing_cycle_time,global_hour,global_hour,"Нужно 0 кур.; прогноз 0.0 заказа/ч; окно block_18_24: история 0.00, цикл 0.00; выбрано: историческая производительность; страховой запас 0%"
24,Conversation Остоженка,non_kfm,2026-09-14,22,22:00-23:00,low,block_18_24,auto,0.02,0.17,19.01,,,1.15,0.0,0.0,0.0,1.0,0,history,time_segment_shift_history,missing_cycle_time,global_hour,location_hour,"Нужно 0 кур.; прогноз 0.0 заказа/ч; окно block_18_24: история 0.00, цикл 0.00; выбрано: историческая производительность; страховой запас 0%"
25,Весна,kfm,2026-09-14,8,08:00-09:00,medium,block_06_12,bike,1.7,10.97,8.33,,,3.03,0.6,0.0,0.6,1.0,1,history,segment_shift_history,missing_cycle_time,location_hour,location_hour,"Нужно 1 кур.; прогноз 1.7 заказа/ч; окно block_06_12: история 0.60, цикл 0.00; выбрано: историческая производительность; страховой запас 0%"
25,Весна,kfm,2026-09-14,9,09:00-10:00,medium,block_06_12,bike,2.73,10.97,8.58,,,3.03,0.6,0.0,0.6,1.0,1,history,segment_shift_history,missing_cycle_time,location_hour,location_hour,"Нужно 1 кур.; прогноз 2.7 заказа/ч; окно block_06_12: история 0.60, цикл 0.00; выбрано: историческая производительность; страховой запас 0%"
25,Весна,kfm,2026-09-14,10,10:00-11:00,medium,block_06_12,bike,2.9,10.97,10.14,,,3.03,0.6,0.0,0.6,1.0,1,history,segment_shift_history,missing_cycle_time,location_hour,location_hour,"Нужно 1 кур.; прогноз 2.9 заказа/ч; окно block_06_12: история 0.60, цикл 0.00; выбрано: историческая производительность; страховой запас 0%"
25,Весна,kfm,2026-09-14,11,11:00-12:00,medium,block_06_12,bike,3.64,10.97,9.91,,,3.03,0.6,0.0,0.6,1.0,1,history,segment_shift_history,missing_cycle_time,location_hour,location_hour,"Нужно 1 кур.; прогноз 3.6 заказа/ч; окно block_06_12: история 0.60, цикл 0.00; выбрано: историческая производительность; страховой запас 0%"
25,Весна,kfm,2026-09-14,12,12:00-13:00,medium,block_12_18,bike,4.19,17.87,9.46,,,2.82,1.06,0.0,1.06,1.0,1,history,segment_shift_history,missing_cycle_time,location_hour,location_hour,"Нужно 1 кур.; прогноз 4.2 заказа/ч; окно block_12_18: история 1.06, цикл 0.00; выбрано: историческая производительность; страховой запас 0%"
25,Весна,kfm,2026-09-14,13,13:00-14:00,medium,block_12_18,bike,3.31,17.87,10.57,,,2.82,1.06,0.0,1.06,1.0,1,history,segment_shift_history,missing_cycle_time,location_hour,location_hour,"Нужно 1 кур.; прогноз 3.3 заказа/ч; окно block_12_18: история 1.06, цикл 0.00; выбрано: историческая производительность; страховой запас 0%"
25,Весна,kfm,2026-09-14,14,14:00-15:00,medium,block_12_18,bike,4.0,17.87,9.98,,,2.82,1.06,0.0,1.06,1.0,1,history,segment_shift_history,missing_cycle_time,location_hour,location_hour,"Нужно 1 кур.; прогноз 4.0 заказа/ч; окно block_12_18: история 1.06, цикл 0.00; выбрано: историческая производительность; страховой запас 0%"
25,Весна,kfm,2026-09-14,15,15:00-16:00,medium,block_12_18,bike,2.37,17.87,11.2,,,2.82,1.06,0.0,1.06,1.0,1,history,segment_shift_history,missing_cycle_time,location_hour,location_hour,"Нужно 1 кур.; прогноз 2.4 заказа/ч; окно block_12_18: история 1.06, цикл 0.00; выбрано: историческая производительность; страховой запас 0%"
25,Весна,kfm,2026-09-14,16,16:00-17:00,medium,block_12_18,bike,2.06,17.87,10.14,,,2.82,1.06,0.0,1.06,1.0,1,history,segment_shift_history,missing_cycle_time,location_hour,location_hour,"Нужно 1 кур.; прогноз 2.1 заказа/ч; окно block_12_18: история 1.06, цикл 0.00; выбрано: историческая производительность; страховой запас 0%"
25,Весна,kfm,2026-09-14,17,17:00-18:00,medium,block_12_18,bike,1.94,17.87,9.86,,,2.82,1.06,0.0,1.06,1.0,1,history,segment_shift_history,missing_cycle_time,location_hour,location_hour,"Нужно 1 кур.; прогноз 1.9 заказа/ч; окно block_12_18: история 1.06, цикл 0.00; выбрано: историческая производительность; страховой запас 0%"
25,Весна,kfm,2026-09-14,18,18:00-19:00,medium,block_18_24,bike,1.68,7.22,12.43,,,2.04,0.59,0.0,0.59,1.0,1,history,segment_shift_history,missing_cycle_time,location_hour,location_hour,"Нужно 1 кур.; прогноз 1.7 заказа/ч; окно block_18_24: история 0.59, цикл 0.00; выбрано: историческая производительность; страховой запас 0%"
25,Весна,kfm,2026-09-14,19,19:00-20:00,medium,block_18_24,bike,1.15,7.22,11.69,,,2.04,0.59,0.0,0.59,1.0,1,history,segment_shift_history,missing_cycle_time,location_hour,location_hour,"Нужно 1 кур.; прогноз 1.2 заказа/ч; окно block_18_24: история 0.59, цикл 0.00; выбрано: историческая производительность; страховой запас 0%"
25,Весна,kfm,2026-09-14,20,20:00-21:00,medium,block_18_24,bike,1.33,7.22,10.06,,,2.04,0.59,0.0,0.59,1.0,1,history,segment_shift_history,missing_cycle_time,location_hour,location_hour,"Нужно 1 кур.; прогноз 1.3 заказа/ч; окно block_18_24: история 0.59, цикл 0.00; выбрано: историческая производительность; страховой запас 0%"
25,Весна,kfm,2026-09-14,21,21:00-22:00,medium,block_18_24,bike,1.33,7.22,9.8,,,2.04,0.59,0.0,0.59,1.0,1,history,segment_shift_history,missing_cycle_time,location_hour,location_hour,"Нужно 1 кур.; прогноз 1.3 заказа/ч; окно block_18_24: история 0.59, цикл 0.00; выбрано: историческая производительность; страховой запас 0%"
25,Весна,kfm,2026-09-14,22,22:00-23:00,medium,block_18_24,bike,1.11,7.22,10.02,,,2.04,0.59,0.0,0.59,1.0,1,history,segment_shift_history,missing_cycle_time,location_hour,location_hour,"Нужно 1 кур.; прогноз 1.1 заказа/ч; окно block_18_24: история 0.59, цикл 0.00; выбрано: историческая производительность; страховой запас 0%"
25,Весна,kfm,2026-09-14,23,23:00-24:00,medium,block_18_24,bike,0.62,7.22,13.09,,,2.04,0.59,0.0,0.59,1.0,1,history,segment_shift_history,missing_cycle_time,location_hour,location_hour,"Нужно 1 кур.; прогноз 0.6 заказа/ч; окно block_18_24: история 0.59, цикл 0.00; выбрано: историческая производительность; страховой запас 0%"
255,Falko Pizza Народное Ополчение,non_kfm,2026-09-14,8,08:00-09:00,low,block_06_12,auto,0.02,0.12,22.41,,,1.28,0.0,0.0,0.0,1.0,0,history,time_segment_shift_history,missing_cycle_time,global_hour,global_hour,"Нужно 0 кур.; прогноз 0.0 заказа/ч; окно block_06_12: история 0.00, цикл 0.00; выбрано: историческая производительность; страховой запас 0%"
255,Falko Pizza Народное Ополчение,non_kfm,2026-09-14,9,09:00-10:00,low,block_06_12,auto,0.03,0.12,21.64,,,1.28,0.0,0.0,0.0,1.0,0,history,time_segment_shift_history,missing_cycle_time,global_hour,global_hour,"Нужно 0 кур.; прогноз 0.0 заказа/ч; окно block_06_12: история 0.00, цикл 0.00; выбрано: историческая производительность; страховой запас 0%"
255,Falko Pizza Народное Ополчение,non_kfm,2026-09-14,10,10:00-11:00,low,block_06_12,auto,0.03,0.12,21.71,,,1.28,0.0,0.0,0.0,1.0,0,history,time_segment_shift_history,missing_cycle_time,global_hour,global_hour,"Нужно 0 кур.; прогноз 0.0 заказа/ч; окно block_06_12: история 0.00, цикл 0.00; выбрано: историческая производительность; страховой запас 0%"
255,Falko Pizza Народное Ополчение,non_kfm,2026-09-14,11,11:00-12:00,low,block_06_12,auto,0.03,0.12,22.82,,,1.28,0.0,0.0,0.0,1.0,0,history,time_segment_shift_history,missing_cycle_time,global_hour,global_hour,"Нужно 0 кур.; прогноз 0.0 заказа/ч; окно block_06_12: история 0.00, цикл 0.00; выбрано: историческая производительность; страховой запас 0%"
255,Falko Pizza Народное Ополчение,non_kfm,2026-09-14,12,12:00-13:00,low,block_12_18,auto,0.03,0.16,23.54,,,1.09,0.0,0.0,0.0,1.0,0,history,time_segment_shift_history,missing_cycle_time,global_hour,global_hour,"Нужно 0 кур.; прогноз 0.0 заказа/ч; окно block_12_18: история 0.00, цикл 0.00; выбрано: историческая производительность; страховой запас 0%"
255,Falko Pizza Народное Ополчение,non_kfm,2026-09-14,13,13:00-14:00,low,block_12_18,auto,0.03,0.16,23.55,,,1.09,0.0,0.0,0.0,1.0,0,history,time_segment_shift_history,missing_cycle_time,global_hour,global_hour,"Нужно 0 кур.; прогноз 0.0 заказа/ч; окно block_12_18: история 0.00, цикл 0.00; выбрано: историческая производительность; страховой запас 0%"
255,Falko Pizza Народное Ополчение,non_kfm,2026-09-14,14,14:00-15:00,low,block_12_18,auto,0.03,0.16,24.06,,,1.09,0.0,0.0,0.0,1.0,0,history,time_segment_shift_history,missing_cycle_time,global_hour,global_hour,"Нужно 0 кур.; прогноз 0.0 заказа/ч; окно block_12_18: история 0.00, цикл 0.00; выбрано: историческая производительность; страховой запас 0%"
255,Falko Pizza Народное Ополчение,non_kfm,2026-09-14,15,15:00-16:00,low,block_12_18,auto,0.02,0.16,24.51,,,1.09,0.0,0.0,0.0,1.0,0,history,time_segment_shift_history,missing_cycle_time,global_hour,global_hour,"Нужно 0 кур.; прогноз 0.0 заказа/ч; окно block_12_18: история 0.00, цикл 0.00; выбрано: историческая производительность; страховой запас 0%"
255,Falko Pizza Народное Ополчение,non_kfm,2026-09-14,16,16:00-17:00,low,block_12_18,auto,0.02,0.16,25.16,,,1.09,0.0,0.0,0.0,1.0,0,history,time_segment_shift_history,missing_cycle_time,global_hour,global_hour,"Нужно 0 кур.; прогноз 0.0 заказа/ч; окно block_12_18: история 0.00, цикл 0.00; выбрано: историческая производительность; страховой запас 0%"
255,Falko Pizza Народное Ополчение,non_kfm,2026-09-14,17,17:00-18:00,low,block_12_18,auto,0.02,0.16,27.66,,,1.09,0.0,0.0,0.0,1.0,0,history,time_segment_shift_history,missing_cycle_time,global_hour,global_hour,"Нужно 0 кур.; прогноз 0.0 заказа/ч; окно block_12_18: история 0.00, цикл 0.00; выбрано: историческая производительность; страховой запас 0%"
255,Falko Pizza Народное Ополчение,non_kfm,2026-09-14,18,18:00-19:00,low,block_18_24,auto,0.03,0.14,27.41,,,1.15,0.0,0.0,0.0,1.0,0,history,time_segment_shift_history,missing_cycle_time,global_hour,global_hour,"Нужно 0 кур.; прогноз 0.0 заказа/ч; окно block_18_24: история 0.00, цикл 0.00; выбрано: историческая производительность; страховой запас 0%"
255,Falko Pizza Народное Ополчение,non_kfm,2026-09-14,19,19:00-20:00,low,block_18_24,auto,0.03,0.14,26.64,,,1.15,0.0,0.0,0.0,1.0,0,history,time_segment_shift_history,missing_cycle_time,global_hour,global_hour,"Нужно 0 кур.; прогноз 0.0 заказа/ч; окно block_18_24: история 0.00, цикл 0.00; выбрано: историческая производительность; страховой запас 0%"
255,Falko Pizza Народное Ополчение,non_kfm,2026-09-14,20,20:00-21:00,low,block_18_24,auto,0.03,0.14,23.12,,,1.15,0.0,0.0,0.0,1.0,0,history,time_segment_shift_history,missing_cycle_time,global_hour,global_hour,"Нужно 0 кур.; прогноз 0.0 заказа/ч; окно block_18_24: история 0.00, цикл 0.00; выбрано: историческая производительность; страховой запас 0%"
26,Тверская,kfm,2026-09-14,8,08:00-09:00,medium,block_06_12,bike,2.08,9.8,7.76,,,3.03,0.54,0.0,0.54,1.0,1,history,segment_shift_history,missing_cycle_time,location_hour,location_hour,"Нужно 1 кур.; прогноз 2.1 заказа/ч; окно block_06_12: история 0.54, цикл 0.00; выбрано: историческая производительность; страховой запас 0%"
26,Тверская,kfm,2026-09-14,9,09:00-10:00,medium,block_06_12,bike,2.7,9.8,7.95,,,3.03,0.54,0.0,0.54,1.0,1,history,segment_shift_history,missing_cycle_time,location_hour,location_hour,"Нужно 1 кур.; прогноз 2.7 заказа/ч; окно block_06_12: история 0.54, цикл 0.00; выбрано: историческая производительность; страховой запас 0%"
26,Тверская,kfm,2026-09-14,10,10:00-11:00,medium,block_06_12,bike,2.56,9.8,7.79,,,3.03,0.54,0.0,0.54,1.0,1,history,segment_shift_history,missing_cycle_time,location_hour,location_hour,"Нужно 1 кур.; прогноз 2.6 заказа/ч; окно block_06_12: история 0.54, цикл 0.00; выбрано: историческая производительность; страховой запас 0%"
26,Тверская,kfm,2026-09-14,11,11:00-12:00,medium,block_06_12,bike,2.42,9.8,7.55,,,3.03,0.54,0.0,0.54,1.0,1,history,segment_shift_history,missing_cycle_time,location_hour,location_hour,"Нужно 1 кур.; прогноз 2.4 заказа/ч; окно block_06_12: история 0.54, цикл 0.00; выбрано: историческая производительность; страховой запас 0%"
26,Тверская,kfm,2026-09-14,12,12:00-13:00,medium,block_12_18,bike,2.55,14.84,8.02,,,2.82,0.88,0.0,0.88,1.0,1,history,segment_shift_history,missing_cycle_time,location_hour,location_hour,"Нужно 1 кур.; прогноз 2.5 заказа/ч; окно block_12_18: история 0.88, цикл 0.00; выбрано: историческая производительность; страховой запас 0%"
26,Тверская,kfm,2026-09-14,13,13:00-14:00,medium,block_12_18,bike,3.38,14.84,8.29,,,2.82,0.88,0.0,0.88,1.0,1,history,segment_shift_history,missing_cycle_time,location_hour,location_hour,"Нужно 1 кур.; прогноз 3.4 заказа/ч; окно block_12_18: история 0.88, цикл 0.00; выбрано: историческая производительность; страховой запас 0%"
26,Тверская,kfm,2026-09-14,14,14:00-15:00,medium,block_12_18,bike,3.28,14.84,8.83,,,2.82,0.88,0.0,0.88,1.0,1,history,segment_shift_history,missing_cycle_time,location_hour,location_hour,"Нужно 1 кур.; прогноз 3.3 заказа/ч; окно block_12_18: история 0.88, цикл 0.00; выбрано: историческая производительность; страховой запас 0%"
26,Тверская,kfm,2026-09-14,15,15:00-16:00,medium,block_12_18,bike,2.6,14.84,8.76,,,2.82,0.88,0.0,0.88,1.0,1,history,segment_shift_history,missing_cycle_time,location_hour,location_hour,"Нужно 1 кур.; прогноз 2.6 заказа/ч; окно block_12_18: история 0.88, цикл 0.00; выбрано: историческая производительность; страховой запас 0%"
26,Тверская,kfm,2026-09-14,16,16:00-17:00,medium,block_12_18,bike,1.71,14.84,8.76,,,2.82,0.88,0.0,0.88,1.0,1,history,segment_shift_history,missing_cycle_time,location_hour,location_hour,"Нужно 1 кур.; прогноз 1.7 заказа/ч; окно block_12_18: история 0.88, цикл 0.00; выбрано: историческая производительность; страховой запас 0%"
26,Тверская,kfm,2026-09-14,17,17:00-18:00,medium,block_12_18,bike,1.32,14.84,9.03,,,2.82,0.88,0.0,0.88,1.0,1,history,segment_shift_history,missing_cycle_time,location_hour,location_hour,"Нужно 1 кур.; прогноз 1.3 заказа/ч; окно block_12_18: история 0.88, цикл 0.00; выбрано: историческая производительность; страховой запас 0%"
26,Тверская,kfm,2026-09-14,18,18:00-19:00,medium,block_18_24,bike,1.56,7.55,8.1,,,2.04,0.62,0.0,0.62,1.0,1,history,segment_shift_history,missing_cycle_time,location_hour,location_hour,"Нужно 1 кур.; прогноз 1.6 заказа/ч; окно block_18_24: история 0.62, цикл 0.00; выбрано: историческая производительность; страховой запас 0%"
26,Тверская,kfm,2026-09-14,19,19:00-20:00,medium,block_18_24,bike,1.37,7.55,8.48,,,2.04,0.62,0.0,0.62,1.0,1,history,segment_shift_history,missing_cycle_time,location_hour,location_hour,"Нужно 1 кур.; прогноз 1.4 заказа/ч; окно block_18_24: история 0.62, цикл 0.00; выбрано: историческая производительность; страховой запас 0%"
26,Тверская,kfm,2026-09-14,20,20:00-21:00,medium,block_18_24,bike,2.41,7.55,8.43,,,2.04,0.62,0.0,0.62,1.0,1,history,segment_shift_history,missing_cycle_time,location_hour,location_hour,"Нужно 1 кур.; прогноз 2.4 заказа/ч; окно block_18_24: история 0.62, цикл 0.00; выбрано: историческая производительность; страховой запас 0%"
26,Тверская,kfm,2026-09-14,21,21:00-22:00,medium,block_18_24,bike,1.69,7.55,7.68,,,2.04,0.62,0.0,0.62,1.0,1,history,segment_shift_history,missing_cycle_time,location_hour,location_hour,"Нужно 1 кур.; прогноз 1.7 заказа/ч; окно block_18_24: история 0.62, цикл 0.00; выбрано: историческая производительность; страховой запас 0%"
26,Тверская,kfm,2026-09-14,22,22:00-23:00,medium,block_18_24,bike,0.52,7.55,7.66,,,2.04,0.62,0.0,0.62,1.0,1,history,segment_shift_history,missing_cycle_time,location_hour,location_hour,"Нужно 1 кур.; прогноз 0.5 заказа/ч; окно block_18_24: история 0.62, цикл 0.00; выбрано: историческая производительность; страховой запас 0%"
27,4 Ветра,kfm,2026-09-14,8,08:00-09:00,medium,block_06_12,bike,0.2,1.1,10.4,,,3.03,0.06,0.0,0.06,1.0,0,history,segment_shift_history,missing_cycle_time,global_hour,global_hour,"Нужно 0 кур.; прогноз 0.2 заказа/ч; окно block_06_12: история 0.06, цикл 0.00; выбрано: историческая производительность; страховой запас 0%"
27,4 Ветра,kfm,2026-09-14,9,09:00-10:00,medium,block_06_12,bike,0.25,1.1,10.37,,,3.03,0.06,0.0,0.06,1.0,0,history,segment_shift_history,missing_cycle_time,global_hour,global_hour,"Нужно 0 кур.; прогноз 0.2 заказа/ч; окно block_06_12: история 0.06, цикл 0.00; выбрано: историческая производительность; страховой запас 0%"
27,4 Ветра,kfm,2026-09-14,10,10:00-11:00,medium,block_06_12,bike,0.26,1.1,10.11,,,3.03,0.06,0.0,0.06,1.0,0,history,segment_shift_history,missing_cycle_time,global_hour,global_hour,"Нужно 0 кур.; прогноз 0.3 заказа/ч; окно block_06_12: история 0.06, цикл 0.00; выбрано: историческая производительность; страховой запас 0%"
27,4 Ветра,kfm,2026-09-14,11,11:00-12:00,medium,block_06_12,bike,0.28,1.1,10.41,,,3.03,0.06,0.0,0.06,1.0,0,history,segment_shift_history,missing_cycle_time,global_hour,global_hour,"Нужно 0 кур.; прогноз 0.3 заказа/ч; окно block_06_12: история 0.06, цикл 0.00; выбрано: историческая производительность; страховой запас 0%"
27,4 Ветра,kfm,2026-09-14,12,12:00-13:00,medium,block_12_18,bike,0.26,1.24,10.37,,,2.82,0.07,0.0,0.07,1.0,0,history,segment_shift_history,missing_cycle_time,global_hour,global_hour,"Нужно 0 кур.; прогноз 0.3 заказа/ч; окно block_12_18: история 0.07, цикл 0.00; выбрано: историческая производительность; страховой запас 0%"
27,4 Ветра,kfm,2026-09-14,13,13:00-14:00,medium,block_12_18,bike,0.26,1.24,10.39,,,2.82,0.07,0.0,0.07,1.0,0,history,segment_shift_history,missing_cycle_time,global_hour,global_hour,"Нужно 0 кур.; прогноз 0.3 заказа/ч; окно block_12_18: история 0.07, цикл 0.00; выбрано: историческая производительность; страховой запас 0%"
27,4 Ветра,kfm,2026-09-14,14,14:00-15:00,medium,block_12_18,bike,0.22,1.24,10.2,,,2.82,0.07,0.0,0.07,1.0,0,history,segment_shift_history,missing_cycle_time,global_hour,global_hour,"Нужно 0 кур.; прогноз 0.2 заказа/ч; окно block_12_18: история 0.07, цикл 0.00; выбрано: историческая производительность; страховой запас 0%"
27,4 Ветра,kfm,2026-09-14,15,15:00-16:00,medium,block_12_18,bike,0.19,1.24,10.75,,,2.82,0.07,0.0,0.07,1.0,0,history,segment_shift_history,missing_cycle_time,global_hour,global_hour,"Нужно 0 кур.; прогноз 0.2 заказа/ч; окно block_12_18: история 0.07, цикл 0.00; выбрано: историческая производительность; страховой запас 0%"
27,4 Ветра,kfm,2026-09-14,16,16:00-17:00,medium,block_12_18,bike,0.16,1.24,11.02,,,2.82,0.07,0.0,0.07,1.0,0,history,segment_shift_history,missing_cycle_time,global_hour,global_hour,"Нужно 0 кур.; прогноз 0.2 заказа/ч; окно block_12_18: история 0.07, цикл 0.00; выбрано: историческая производительность; страховой запас 0%"
27,4 Ветра,kfm,2026-09-14,17,17:00-18:00,medium,block_12_18,bike,0.15,1.24,10.83,,,2.82,0.07,0.0,0.07,1.0,0,history,segment_shift_history,missing_cycle_time,global_hour,global_hour,"Нужно 0 кур.; прогноз 0.2 заказа/ч; окно block_12_18: история 0.07, цикл 0.00; выбрано: историческая производительность; страховой запас 0%"
27,4 Ветра,kfm,2026-09-14,18,18:00-19:00,medium,block_18_24,bike,0.23,1.0,11.1,,,2.04,0.08,0.0,0.08,1.0,0,history,segment_shift_history,missing_cycle_time,global_hour,global_hour,"Нужно 0 кур.; прогноз 0.2 заказа/ч; окно block_18_24: история 0.08, цикл 0.00; выбрано: историческая производительность; страховой запас 0%"
27,4 Ветра,kfm,2026-09-14,19,19:00-20:00,medium,block_18_24,bike,0.24,1.0,10.71,,,2.04,0.08,0.0,0.08,1.0,0,history,segment_shift_history,missing_cycle_time,global_hour,global_hour,"Нужно 0 кур.; прогноз 0.2 заказа/ч; окно block_18_24: история 0.08, цикл 0.00; выбрано: историческая производительность; страховой запас 0%"
27,4 Ветра,kfm,2026-09-14,20,20:00-21:00,medium,block_18_24,bike,0.22,1.0,10.4,,,2.04,0.08,0.0,0.08,1.0,0,history,segment_shift_history,missing_cycle_time,global_hour,global_hour,"Нужно 0 кур.; прогноз 0.2 заказа/ч; окно block_18_24: история 0.08, цикл 0.00; выбрано: историческая производительность; страховой запас 0%"
27,4 Ветра,kfm,2026-09-14,21,21:00-22:00,medium,block_18_24,bike,0.16,1.0,9.94,,,2.04,0.08,0.0,0.08,1.0,0,history,segment_shift_history,missing_cycle_time,global_hour,global_hour,"Нужно 0 кур.; прогноз 0.2 заказа/ч; окно block_18_24: история 0.08, цикл 0.00; выбрано: историческая производительность; страховой запас 0%"
27,4 Ветра,kfm,2026-09-14,22,22:00-23:00,medium,block_18_24,bike,0.09,1.0,9.8,,,2.04,0.08,0.0,0.08,1.0,0,history,segment_shift_history,missing_cycle_time,global_hour,global_hour,"Нужно 0 кур.; прогноз 0.1 заказа/ч; окно block_18_24: история 0.08, цикл 0.00; выбрано: историческая производительность; страховой запас 0%"
28,Гранд,kfm,2026-09-14,8,08:00-09:00,low,block_06_12,bike,0.08,0.41,10.4,,,3.03,0.0,0.0,0.0,1.0,0,history,time_segment_shift_history,missing_cycle_time,global_hour,global_hour,"Нужно 0 кур.; прогноз 0.1 заказа/ч; окно block_06_12: история 0.00, цикл 0.00; выбрано: историческая производительность; страховой запас 0%"
28,Гранд,kfm,2026-09-14,9,09:00-10:00,low,block_06_12,bike,0.09,0.41,10.37,,,3.03,0.0,0.0,0.0,1.0,0,history,time_segment_shift_history,missing_cycle_time,global_hour,global_hour,"Нужно 0 кур.; прогноз 0.1 заказа/ч; окно block_06_12: история 0.00, цикл 0.00; выбрано: историческая производительность; страховой запас 0%"
28,Гранд,kfm,2026-09-14,10,10:00-11:00,low,block_06_12,bike,0.1,0.41,10.11,,,3.03,0.0,0.0,0.0,1.0,0,history,time_segment_shift_history,missing_cycle_time,global_hour,global_hour,"Нужно 0 кур.; прогноз 0.1 заказа/ч; окно block_06_12: история 0.00, цикл 0.00; выбрано: историческая производительность; страховой запас 0%"
28,Гранд,kfm,2026-09-14,11,11:00-12:00,low,block_06_12,bike,0.1,0.41,10.41,,,3.03,0.0,0.0,0.0,1.0,0,history,time_segment_shift_history,missing_cycle_time,global_hour,global_hour,"Нужно 0 кур.; прогноз 0.1 заказа/ч; окно block_06_12: история 0.00, цикл 0.00; выбрано: историческая производительность; страховой запас 0%"
28,Гранд,kfm,2026-09-14,12,12:00-13:00,low,block_12_18,bike,0.15,0.71,10.37,,,2.83,0.04,0.0,0.04,1.0,0,history,time_segment_shift_history,missing_cycle_time,global_hour,global_hour,"Нужно 0 кур.; прогноз 0.1 заказа/ч; окно block_12_18: история 0.04, цикл 0.00; выбрано: историческая производительность; страховой запас 0%"
28,Гранд,kfm,2026-09-14,13,13:00-14:00,low,block_12_18,bike,0.15,0.71,10.39,,,2.83,0.04,0.0,0.04,1.0,0,history,time_segment_shift_history,missing_cycle_time,global_hour,global_hour,"Нужно 0 кур.; прогноз 0.1 заказа/ч; окно block_12_18: история 0.04, цикл 0.00; выбрано: историческая производительность; страховой запас 0%"
28,Гранд,kfm,2026-09-14,14,14:00-15:00,low,block_12_18,bike,0.13,0.71,10.2,,,2.83,0.04,0.0,0.04,1.0,0,history,time_segment_shift_history,missing_cycle_time,global_hour,global_hour,"Нужно 0 кур.; прогноз 0.1 заказа/ч; окно block_12_18: история 0.04, цикл 0.00; выбрано: историческая производительность; страховой запас 0%"
28,Гранд,kfm,2026-09-14,15,15:00-16:00,low,block_12_18,bike,0.11,0.71,10.75,,,2.83,0.04,0.0,0.04,1.0,0,history,time_segment_shift_history,missing_cycle_time,global_hour,global_hour,"Нужно 0 кур.; прогноз 0.1 заказа/ч; окно block_12_18: история 0.04, цикл 0.00; выбрано: историческая производительность; страховой запас 0%"
28,Гранд,kfm,2026-09-14,16,16:00-17:00,low,block_12_18,bike,0.09,0.71,11.02,,,2.83,0.04,0.0,0.04,1.0,0,history,time_segment_shift_history,missing_cycle_time,global_hour,global_hour,"Нужно 0 кур.; прогноз 0.1 заказа/ч; окно block_12_18: история 0.04, цикл 0.00; выбрано: историческая производительность; страховой запас 0%"
28,Гранд,kfm,2026-09-14,17,17:00-18:00,low,block_12_18,bike,0.09,0.71,10.83,,,2.83,0.04,0.0,0.04,1.0,0,history,time_segment_shift_history,missing_cycle_time,global_hour,global_hour,"Нужно 0 кур.; прогноз 0.1 заказа/ч; окно block_12_18: история 0.04, цикл 0.00; выбрано: историческая производительность; страховой запас 0%"
28,Гранд,kfm,2026-09-14,18,18:00-19:00,low,block_18_24,bike,0.09,0.36,11.1,,,2.05,0.0,0.0,0.0,1.0,0,history,time_segment_shift_history,missing_cycle_time,global_hour,global_hour,"Нужно 0 кур.; прогноз 0.1 заказа/ч; окно block_18_24: история 0.00, цикл 0.00; выбрано: историческая производительность; страховой запас 0%"
28,Гранд,kfm,2026-09-14,19,19:00-20:00,low,block_18_24,bike,0.09,0.36,10.71,,,2.05,0.0,0.0,0.0,1.0,0,history,time_segment_shift_history,missing_cycle_time,global_hour,global_hour,"Нужно 0 кур.; прогноз 0.1 заказа/ч; окно block_18_24: история 0.00, цикл 0.00; выбрано: историческая производительность; страховой запас 0%"
28,Гранд,kfm,2026-09-14,20,20:00-21:00,low,block_18_24,bike,0.08,0.36,10.4,,,2.05,0.0,0.0,0.0,1.0,0,history,time_segment_shift_history,missing_cycle_time,global_hour,global_hour,"Нужно 0 кур.; прогноз 0.1 заказа/ч; окно block_18_24: история 0.00, цикл 0.00; выбрано: историческая производительность; страховой запас 0%"
28,Гранд,kfm,2026-09-14,21,21:00-22:00,low,block_18_24,bike,0.06,0.36,9.94,,,2.05,0.0,0.0,0.0,1.0,0,history,time_segment_shift_history,missing_cycle_time,global_hour,global_hour,"Нужно 0 кур.; прогноз 0.1 заказа/ч; окно block_18_24: история 0.00, цикл 0.00; выбрано: историческая производительность; страховой запас 0%"
28,Гранд,kfm,2026-09-14,22,22:00-23:00,low,block_18_24,bike,0.03,0.36,9.8,,,2.05,0.0,0.0,0.0,1.0,0,history,time_segment_shift_history,missing_cycle_time,global_hour,global_hour,"Нужно 0 кур.; прогноз 0.0 заказа/ч; окно block_18_24: история 0.00, цикл 0.00; выбрано: историческая производительность; страховой запас 0%"
29,Украинский,kfm,2026-09-14,7,07:00-08:00,mega,opening,auto,6.49,6.71,22.78,,,1.3,2.58,0.0,2.58,1.0,3,history,location_shift_history,missing_cycle_time,location_hour,location_hour,"Нужно 3 кур.; прогноз 6.5 заказа/ч; окно opening: история 2.58, цикл 0.00; выбрано: историческая производительность; страховой запас 0%"
29,Украинский,kfm,2026-09-14,8,08:00-09:00,mega,early_morning,auto,6.41,6.41,22.08,,,1.3,4.93,0.0,4.93,1.0,5,history,location_shift_history,missing_cycle_time,location_hour,location_hour,"Нужно 5 кур.; прогноз 6.4 заказа/ч; окно early_morning: история 4.93, цикл 0.00; выбрано: историческая производительность; страховой запас 0%"
29,Украинский,kfm,2026-09-14,9,09:00-10:00,mega,morning,auto,7.02,14.85,20.8,,,0.98,7.55,0.0,7.55,1.0,7,history,location_shift_history,missing_cycle_time,location_hour,location_hour,"Нужно 7 кур.; прогноз 7.0 заказа/ч; окно morning: история 7.55, цикл 0.00; выбрано: историческая производительность; страховой запас 0%"
29,Украинский,kfm,2026-09-14,10,10:00-11:00,mega,morning,auto,7.84,14.85,21.97,,,0.98,7.55,0.0,7.55,1.0,7,history,location_shift_history,missing_cycle_time,location_hour,location_hour,"Нужно 7 кур.; прогноз 7.8 заказа/ч; окно morning: история 7.55, цикл 0.00; выбрано: историческая производительность; страховой запас 0%"
29,Украинский,kfm,2026-09-14,11,11:00-12:00,mega,lunch,auto,9.12,31.83,21.72,,,0.9,8.87,0.0,8.87,1.0,8,history,location_shift_history,missing_cycle_time,location_hour,location_hour,"Нужно 8 кур.; прогноз 9.1 заказа/ч; окно lunch: история 8.87, цикл 0.00; выбрано: историческая производительность; страховой запас 0%"
29,Украинский,kfm,2026-09-14,12,12:00-13:00,mega,lunch,auto,9.06,31.83,21.93,,,0.9,8.87,0.0,8.87,1.0,8,history,location_shift_history,missing_cycle_time,location_hour,location_hour,"Нужно 8 кур.; прогноз 9.1 заказа/ч; окно lunch: история 8.87, цикл 0.00; выбрано: историческая производительность; страховой запас 0%"
29,Украинский,kfm,2026-09-14,13,13:00-14:00,mega,lunch,auto,7.46,31.83,23.36,,,0.9,8.87,0.0,8.87,1.0,8,history,location_shift_history,missing_cycle_time,location_hour,location_hour,"Нужно 8 кур.; прогноз 7.5 заказа/ч; окно lunch: история 8.87, цикл 0.00; выбрано: историческая производительность; страховой запас 0%"
29,Украинский,kfm,2026-09-14,14,14:00-15:00,mega,lunch,auto,6.19,31.83,24.24,,,0.9,8.87,0.0,8.87,1.0,8,history,location_shift_history,missing_cycle_time,location_hour,location_hour,"Нужно 8 кур.; прогноз 6.2 заказа/ч; окно lunch: история 8.87, цикл 0.00; выбрано: историческая производительность; страховой запас 0%"
29,Украинский,kfm,2026-09-14,15,15:00-16:00,mega,afternoon,auto,6.28,15.68,24.61,,,0.93,5.61,0.0,5.61,1.0,6,history,location_shift_history,missing_cycle_time,location_hour,location_hour,"Нужно 6 кур.; прогноз 6.3 заказа/ч; окно afternoon: история 5.61, цикл 0.00; выбрано: историческая производительность; страховой запас 0%"
29,Украинский,kfm,2026-09-14,16,16:00-17:00,mega,afternoon,auto,5.17,15.68,24.77,,,0.93,5.61,0.0,5.61,1.0,6,history,location_shift_history,missing_cycle_time,location_hour,location_hour,"Нужно 6 кур.; прогноз 5.2 заказа/ч; окно afternoon: история 5.61, цикл 0.00; выбрано: историческая производительность; страховой запас 0%"
29,Украинский,kfm,2026-09-14,17,17:00-18:00,mega,afternoon,auto,4.23,15.68,26.85,,,0.93,5.61,0.0,5.61,1.0,6,history,location_shift_history,missing_cycle_time,location_hour,location_hour,"Нужно 6 кур.; прогноз 4.2 заказа/ч; окно afternoon: история 5.61, цикл 0.00; выбрано: историческая производительность; страховой запас 0%"
29,Украинский,kfm,2026-09-14,18,18:00-19:00,mega,dinner,auto,5.39,15.52,28.49,,,1.01,5.13,0.0,5.13,1.0,6,history,location_shift_history,missing_cycle_time,location_hour,location_hour,"Нужно 6 кур.; прогноз 5.4 заказа/ч; окно dinner: история 5.13, цикл 0.00; выбрано: историческая производительность; страховой запас 0%"
29,Украинский,kfm,2026-09-14,19,19:00-20:00,mega,dinner,auto,5.92,15.52,26.71,,,1.01,5.13,0.0,5.13,1.0,6,history,location_shift_history,missing_cycle_time,location_hour,location_hour,"Нужно 6 кур.; прогноз 5.9 заказа/ч; окно dinner: история 5.13, цикл 0.00; выбрано: историческая производительность; страховой запас 0%"
29,Украинский,kfm,2026-09-14,20,20:00-21:00,mega,dinner,auto,4.21,15.52,25.7,,,1.01,5.13,0.0,5.13,1.0,6,history,location_shift_history,missing_cycle_time,location_hour,location_hour,"Нужно 6 кур.; прогноз 4.2 заказа/ч; окно dinner: история 5.13, цикл 0.00; выбрано: историческая производительность; страховой запас 0%"
29,Украинский,kfm,2026-09-14,21,21:00-22:00,mega,late_evening,auto,3.32,4.22,25.92,,,0.79,1.78,0.0,1.78,1.0,2,history,segment_shift_history,missing_cycle_time,location_hour,location_hour,"Нужно 2 кур.; прогноз 3.3 заказа/ч; окно late_evening: история 1.78, цикл 0.00; выбрано: историческая производительность; страховой запас 0%"
29,Украинский,kfm,2026-09-14,7,07:00-08:00,mega,opening,bike,0.85,0.88,17.32,,,1.96,0.22,0.0,0.22,1.0,0,history,segment_shift_history,missing_cycle_time,location_hour,location_hour,"Нужно 0 кур.; прогноз 0.9 заказа/ч; окно opening: история 0.22, цикл 0.00; выбрано: историческая производительность; страховой запас 0%"
29,Украинский,kfm,2026-09-14,8,08:00-09:00,mega,early_morning,bike,0.84,0.84,11.38,,,1.91,0.44,0.0,0.44,1.0,0,history,segment_shift_history,missing_cycle_time,location_hour,location_hour,"Нужно 0 кур.; прогноз 0.8 заказа/ч; окно early_morning: история 0.44, цикл 0.00; выбрано: историческая производительность; страховой запас 0%"
29,Украинский,kfm,2026-09-14,9,09:00-10:00,mega,morning,bike,0.92,1.95,9.3,,,1.92,0.51,0.0,0.51,1.0,1,history,segment_shift_history,missing_cycle_time,location_hour,location_hour,"Нужно 1 кур.; прогноз 0.9 заказа/ч; окно morning: история 0.51, цикл 0.00; выбрано: историческая производительность; страховой запас 0%"
29,Украинский,kfm,2026-09-14,10,10:00-11:00,mega,morning,bike,1.03,1.95,9.66,,,1.92,0.51,0.0,0.51,1.0,1,history,segment_shift_history,missing_cycle_time,location_hour,location_hour,"Нужно 1 кур.; прогноз 1.0 заказа/ч; окно morning: история 0.51, цикл 0.00; выбрано: историческая производительность; страховой запас 0%"
29,Украинский,kfm,2026-09-14,11,11:00-12:00,mega,lunch,bike,1.2,4.19,10.34,,,2.21,0.47,0.0,0.47,1.0,1,history,segment_shift_history,missing_cycle_time,location_hour,location_hour,"Нужно 1 кур.; прогноз 1.2 заказа/ч; окно lunch: история 0.47, цикл 0.00; выбрано: историческая производительность; страховой запас 0%"
29,Украинский,kfm,2026-09-14,12,12:00-13:00,mega,lunch,bike,1.19,4.19,12.31,,,2.21,0.47,0.0,0.47,1.0,1,history,segment_shift_history,missing_cycle_time,location_hour,location_hour,"Нужно 1 кур.; прогноз 1.2 заказа/ч; окно lunch: история 0.47, цикл 0.00; выбрано: историческая производительность; страховой запас 0%"
29,Украинский,kfm,2026-09-14,13,13:00-14:00,mega,lunch,bike,0.98,4.19,12.63,,,2.21,0.47,0.0,0.47,1.0,1,history,segment_shift_history,missing_cycle_time,location_hour,location_hour,"Нужно 1 кур.; прогноз 1.0 заказа/ч; окно lunch: история 0.47, цикл 0.00; выбрано: историческая производительность; страховой запас 0%"
29,Украинский,kfm,2026-09-14,14,14:00-15:00,mega,lunch,bike,0.81,4.19,10.03,,,2.21,0.47,0.0,0.47,1.0,1,history,segment_shift_history,missing_cycle_time,location_hour,location_hour,"Нужно 1 кур.; прогноз 0.8 заказа/ч; окно lunch: история 0.47, цикл 0.00; выбрано: историческая производительность; страховой запас 0%"
29,Украинский,kfm,2026-09-14,15,15:00-16:00,mega,afternoon,bike,0.83,2.06,10.18,,,1.79,0.38,0.0,0.38,1.0,0,history,segment_shift_history,missing_cycle_time,location_hour,location_hour,"Нужно 0 кур.; прогноз 0.8 заказа/ч; окно afternoon: история 0.38, цикл 0.00; выбрано: историческая производительность; страховой запас 0%"
29,Украинский,kfm,2026-09-14,16,16:00-17:00,mega,afternoon,bike,0.68,2.06,10.07,,,1.79,0.38,0.0,0.38,1.0,0,history,segment_shift_history,missing_cycle_time,location_hour,location_hour,"Нужно 0 кур.; прогноз 0.7 заказа/ч; окно afternoon: история 0.38, цикл 0.00; выбрано: историческая производительность; страховой запас 0%"
29,Украинский,kfm,2026-09-14,17,17:00-18:00,mega,afternoon,bike,0.56,2.06,8.98,,,1.79,0.38,0.0,0.38,1.0,0,history,segment_shift_history,missing_cycle_time,location_hour,location_hour,"Нужно 0 кур.; прогноз 0.6 заказа/ч; окно afternoon: история 0.38, цикл 0.00; выбрано: историческая производительность; страховой запас 0%"
29,Украинский,kfm,2026-09-14,18,18:00-19:00,mega,dinner,bike,0.71,2.04,12.05,,,2.22,0.31,0.0,0.31,1.0,0,history,segment_shift_history,missing_cycle_time,location_hour,location_hour,"Нужно 0 кур.; прогноз 0.7 заказа/ч; окно dinner: история 0.31, цикл 0.00; выбрано: историческая производительность; страховой запас 0%"
29,Украинский,kfm,2026-09-14,19,19:00-20:00,mega,dinner,bike,0.78,2.04,11.02,,,2.22,0.31,0.0,0.31,1.0,0,history,segment_shift_history,missing_cycle_time,location_hour,location_hour,"Нужно 0 кур.; прогноз 0.8 заказа/ч; окно dinner: история 0.31, цикл 0.00; выбрано: историческая производительность; страховой запас 0%"
29,Украинский,kfm,2026-09-14,20,20:00-21:00,mega,dinner,bike,0.55,2.04,8.78,,,2.22,0.31,0.0,0.31,1.0,0,history,segment_shift_history,missing_cycle_time,location_hour,location_hour,"Нужно 0 кур.; прогноз 0.6 заказа/ч; окно dinner: история 0.31, цикл 0.00; выбрано: историческая производительность; страховой запас 0%"
29,Украинский,kfm,2026-09-14,21,21:00-22:00,mega,late_evening,bike,0.44,0.56,10.6,,,1.9,0.1,0.0,0.1,1.0,0,history,segment_shift_history,missing_cycle_time,location_hour,location_hour,"Нужно 0 кур.; прогноз 0.4 заказа/ч; окно late_evening: история 0.10, цикл 0.00; выбрано: историческая производительность; страховой запас 0%"
290,ЦБ Аврора ,non_kfm,2026-09-14,12,12:00-13:00,low,block_12_18,auto,0.05,0.23,23.54,,,1.09,0.0,0.0,0.0,1.0,0,history,time_segment_shift_history,missing_cycle_time,global_hour,global_hour,"Нужно 0 кур.; прогноз 0.0 заказа/ч; окно block_12_18: история 0.00, цикл 0.00; выбрано: историческая производительность; страховой запас 0%"
290,ЦБ Аврора ,non_kfm,2026-09-14,13,13:00-14:00,low,block_12_18,auto,0.05,0.23,23.55,,,1.09,0.0,0.0,0.0,1.0,0,history,time_segment_shift_history,missing_cycle_time,global_hour,global_hour,"Нужно 0 кур.; прогноз 0.0 заказа/ч; окно block_12_18: история 0.00, цикл 0.00; выбрано: историческая производительность; страховой запас 0%"
290,ЦБ Аврора ,non_kfm,2026-09-14,14,14:00-15:00,low,block_12_18,auto,0.04,0.23,26.71,,,1.09,0.0,0.0,0.0,1.0,0,history,time_segment_shift_history,missing_cycle_time,global_hour,location_hour,"Нужно 0 кур.; прогноз 0.0 заказа/ч; окно block_12_18: история 0.00, цикл 0.00; выбрано: историческая производительность; страховой запас 0%"
290,ЦБ Аврора ,non_kfm,2026-09-14,15,15:00-16:00,low,block_12_18,auto,0.03,0.23,21.7,,,1.09,0.0,0.0,0.0,1.0,0,history,time_segment_shift_history,missing_cycle_time,global_hour,location_hour,"Нужно 0 кур.; прогноз 0.0 заказа/ч; окно block_12_18: история 0.00, цикл 0.00; выбрано: историческая производительность; страховой запас 0%"
290,ЦБ Аврора ,non_kfm,2026-09-14,16,16:00-17:00,low,block_12_18,auto,0.03,0.23,39.95,,,1.09,0.0,0.0,0.0,1.0,0,history,time_segment_shift_history,missing_cycle_time,global_hour,location_hour,"Нужно 0 кур.; прогноз 0.0 заказа/ч; окно block_12_18: история 0.00, цикл 0.00; выбрано: историческая производительность; страховой запас 0%"
290,ЦБ Аврора ,non_kfm,2026-09-14,17,17:00-18:00,low,block_12_18,auto,0.03,0.23,51.85,,,1.09,0.0,0.0,0.0,1.0,0,history,time_segment_shift_history,missing_cycle_time,global_hour,location_hour,"Нужно 0 кур.; прогноз 0.0 заказа/ч; окно block_12_18: история 0.00, цикл 0.00; выбрано: историческая производительность; страховой запас 0%"
290,ЦБ Аврора ,non_kfm,2026-09-14,18,18:00-19:00,low,block_18_24,auto,0.05,0.2,41.7,,,1.15,0.0,0.0,0.0,1.0,0,history,time_segment_shift_history,missing_cycle_time,global_hour,location_hour,"Нужно 0 кур.; прогноз 0.0 заказа/ч; окно block_18_24: история 0.00, цикл 0.00; выбрано: историческая производительность; страховой запас 0%"
290,ЦБ Аврора ,non_kfm,2026-09-14,19,19:00-20:00,low,block_18_24,auto,0.05,0.2,24.21,,,1.15,0.0,0.0,0.0,1.0,0,history,time_segment_shift_history,missing_cycle_time,global_hour,location_hour,"Нужно 0 кур.; прогноз 0.0 заказа/ч; окно block_18_24: история 0.00, цикл 0.00; выбрано: историческая производительность; страховой запас 0%"
290,ЦБ Аврора ,non_kfm,2026-09-14,20,20:00-21:00,low,block_18_24,auto,0.04,0.2,27.21,,,1.15,0.0,0.0,0.0,1.0,0,history,time_segment_shift_history,missing_cycle_time,global_hour,location_hour,"Нужно 0 кур.; прогноз 0.0 заказа/ч; окно block_18_24: история 0.00, цикл 0.00; выбрано: историческая производительность; страховой запас 0%"
290,ЦБ Аврора ,non_kfm,2026-09-14,21,21:00-22:00,low,block_18_24,auto,0.03,0.2,30.89,,,1.15,0.0,0.0,0.0,1.0,0,history,time_segment_shift_history,missing_cycle_time,global_hour,location_hour,"Нужно 0 кур.; прогноз 0.0 заказа/ч; окно block_18_24: история 0.00, цикл 0.00; выбрано: историческая производительность; страховой запас 0%"
290,ЦБ Аврора ,non_kfm,2026-09-14,12,12:00-13:00,low,block_12_18,bike,0.02,0.09,10.37,,,2.83,0.0,0.0,0.0,1.0,0,history,time_segment_shift_history,missing_cycle_time,global_hour,global_hour,"Нужно 0 кур.; прогноз 0.0 заказа/ч; окно block_12_18: история 0.00, цикл 0.00; выбрано: историческая производительность; страховой запас 0%"
290,ЦБ Аврора ,non_kfm,2026-09-14,13,13:00-14:00,low,block_12_18,bike,0.02,0.09,10.39,,,2.83,0.0,0.0,0.0,1.0,0,history,time_segment_shift_history,missing_cycle_time,global_hour,global_hour,"Нужно 0 кур.; прогноз 0.0 заказа/ч; окно block_12_18: история 0.00, цикл 0.00; выбрано: историческая производительность; страховой запас 0%"
290,ЦБ Аврора ,non_kfm,2026-09-14,14,14:00-15:00,low,block_12_18,bike,0.02,0.09,10.2,,,2.83,0.0,0.0,0.0,1.0,0,history,time_segment_shift_history,missing_cycle_time,global_hour,global_hour,"Нужно 0 кур.; прогноз 0.0 заказа/ч; окно block_12_18: история 0.00, цикл 0.00; выбрано: историческая производительность; страховой запас 0%"
290,ЦБ Аврора ,non_kfm,2026-09-14,15,15:00-16:00,low,block_12_18,bike,0.01,0.09,10.75,,,2.83,0.0,0.0,0.0,1.0,0,history,time_segment_shift_history,missing_cycle_time,global_hour,global_hour,"Нужно 0 кур.; прогноз 0.0 заказа/ч; окно block_12_18: история 0.00, цикл 0.00; выбрано: историческая производительность; страховой запас 0%"
290,ЦБ Аврора ,non_kfm,2026-09-14,16,16:00-17:00,low,block_12_18,bike,0.01,0.09,11.02,,,2.83,0.0,0.0,0.0,1.0,0,history,time_segment_shift_history,missing_cycle_time,global_hour,global_hour,"Нужно 0 кур.; прогноз 0.0 заказа/ч; окно block_12_18: история 0.00, цикл 0.00; выбрано: историческая производительность; страховой запас 0%"
290,ЦБ Аврора ,non_kfm,2026-09-14,17,17:00-18:00,low,block_12_18,bike,0.01,0.09,20.06,,,2.83,0.0,0.0,0.0,1.0,0,history,time_segment_shift_history,missing_cycle_time,global_hour,location_hour,"Нужно 0 кур.; прогноз 0.0 заказа/ч; окно block_12_18: история 0.00, цикл 0.00; выбрано: историческая производительность; страховой запас 0%"
290,ЦБ Аврора ,non_kfm,2026-09-14,18,18:00-19:00,low,block_18_24,bike,0.03,0.12,11.1,,,2.05,0.0,0.0,0.0,1.0,0,history,time_segment_shift_history,missing_cycle_time,global_hour,global_hour,"Нужно 0 кур.; прогноз 0.0 заказа/ч; окно block_18_24: история 0.00, цикл 0.00; выбрано: историческая производительность; страховой запас 0%"
290,ЦБ Аврора ,non_kfm,2026-09-14,19,19:00-20:00,low,block_18_24,bike,0.03,0.12,11.87,,,2.05,0.0,0.0,0.0,1.0,0,history,time_segment_shift_history,missing_cycle_time,global_hour,location_hour,"Нужно 0 кур.; прогноз 0.0 заказа/ч; окно block_18_24: история 0.00, цикл 0.00; выбрано: историческая производительность; страховой запас 0%"
290,ЦБ Аврора ,non_kfm,2026-09-14,20,20:00-21:00,low,block_18_24,bike,0.03,0.12,10.4,,,2.05,0.0,0.0,0.0,1.0,0,history,time_segment_shift_history,missing_cycle_time,global_hour,global_hour,"Нужно 0 кур.; прогноз 0.0 заказа/ч; окно block_18_24: история 0.00, цикл 0.00; выбрано: историческая производительность; страховой запас 0%"
290,ЦБ Аврора ,non_kfm,2026-09-14,21,21:00-22:00,low,block_18_24,bike,0.02,0.12,8.3,,,2.05,0.0,0.0,0.0,1.0,0,history,time_segment_shift_history,missing_cycle_time,global_hour,location_hour,"Нужно 0 кур.; прогноз 0.0 заказа/ч; окно block_18_24: история 0.00, цикл 0.00; выбрано: историческая производительность; страховой запас 0%"
30,Черёмушки,kfm,2026-09-14,8,08:00-09:00,high,early_morning,auto,2.89,2.89,23.08,,,1.3,2.23,0.0,2.23,1.0,3,history,segment_shift_history,missing_cycle_time,location_hour,location_hour,"Нужно 3 кур.; прогноз 2.9 заказа/ч; окно early_morning: история 2.23, цикл 0.00; выбрано: историческая производительность; страховой запас 0%"
30,Черёмушки,kfm,2026-09-14,9,09:00-10:00,high,morning,auto,4.16,8.17,22.29,,,1.16,3.53,0.0,3.53,1.0,3,history,segment_shift_history,missing_cycle_time,location_hour,location_hour,"Нужно 3 кур.; прогноз 4.2 заказа/ч; окно morning: история 3.53, цикл 0.00; выбрано: историческая производительность; страховой запас 0%"
30,Черёмушки,kfm,2026-09-14,10,10:00-11:00,high,morning,auto,4.01,8.17,22.36,,,1.16,3.53,0.0,3.53,1.0,3,history,segment_shift_history,missing_cycle_time,location_hour,location_hour,"Нужно 3 кур.; прогноз 4.0 заказа/ч; окно morning: история 3.53, цикл 0.00; выбрано: историческая производительность; страховой запас 0%"
30,Черёмушки,kfm,2026-09-14,11,11:00-12:00,high,lunch,auto,4.78,19.47,23.94,,,1.0,4.86,0.0,4.86,1.0,5,history,location_shift_history,missing_cycle_time,location_hour,location_hour,"Нужно 5 кур.; прогноз 4.8 заказа/ч; окно lunch: история 4.86, цикл 0.00; выбрано: историческая производительность; страховой запас 0%"
30,Черёмушки,kfm,2026-09-14,12,12:00-13:00,high,lunch,auto,5.25,19.47,24.21,,,1.0,4.86,0.0,4.86,1.0,5,history,location_shift_history,missing_cycle_time,location_hour,location_hour,"Нужно 5 кур.; прогноз 5.2 заказа/ч; окно lunch: история 4.86, цикл 0.00; выбрано: историческая производительность; страховой запас 0%"
30,Черёмушки,kfm,2026-09-14,13,13:00-14:00,high,lunch,auto,5.33,19.47,26.89,,,1.0,4.86,0.0,4.86,1.0,5,history,location_shift_history,missing_cycle_time,location_hour,location_hour,"Нужно 5 кур.; прогноз 5.3 заказа/ч; окно lunch: история 4.86, цикл 0.00; выбрано: историческая производительность; страховой запас 0%"
30,Черёмушки,kfm,2026-09-14,14,14:00-15:00,high,lunch,auto,4.11,19.47,27.04,,,1.0,4.86,0.0,4.86,1.0,5,history,location_shift_history,missing_cycle_time,location_hour,location_hour,"Нужно 5 кур.; прогноз 4.1 заказа/ч; окно lunch: история 4.86, цикл 0.00; выбрано: историческая производительность; страховой запас 0%"
30,Черёмушки,kfm,2026-09-14,15,15:00-16:00,high,afternoon,auto,3.83,9.91,26.04,,,0.71,4.65,0.0,4.65,1.0,4,history,location_shift_history,missing_cycle_time,location_hour,location_hour,"Нужно 4 кур.; прогноз 3.8 заказа/ч; окно afternoon: история 4.65, цикл 0.00; выбрано: историческая производительность; страховой запас 0%"
30,Черёмушки,kfm,2026-09-14,16,16:00-17:00,high,afternoon,auto,2.84,9.91,24.65,,,0.71,4.65,0.0,4.65,1.0,4,history,location_shift_history,missing_cycle_time,location_hour,location_hour,"Нужно 4 кур.; прогноз 2.8 заказа/ч; окно afternoon: история 4.65, цикл 0.00; выбрано: историческая производительность; страховой запас 0%"
30,Черёмушки,kfm,2026-09-14,17,17:00-18:00,high,afternoon,auto,3.24,9.91,30.76,,,0.71,4.65,0.0,4.65,1.0,4,history,location_shift_history,missing_cycle_time,location_hour,location_hour,"Нужно 4 кур.; прогноз 3.2 заказа/ч; окно afternoon: история 4.65, цикл 0.00; выбрано: историческая производительность; страховой запас 0%"
30,Черёмушки,kfm,2026-09-14,18,18:00-19:00,high,dinner,auto,3.32,9.44,31.7,,,0.77,4.06,0.0,4.06,1.0,4,history,location_shift_history,missing_cycle_time,location_hour,location_hour,"Нужно 4 кур.; прогноз 3.3 заказа/ч; окно dinner: история 4.06, цикл 0.00; выбрано: историческая производительность; страховой запас 0%"
30,Черёмушки,kfm,2026-09-14,19,19:00-20:00,high,dinner,auto,3.06,9.44,30.82,,,0.77,4.06,0.0,4.06,1.0,4,history,location_shift_history,missing_cycle_time,location_hour,location_hour,"Нужно 4 кур.; прогноз 3.1 заказа/ч; окно dinner: история 4.06, цикл 0.00; выбрано: историческая производительность; страховой запас 0%"
30,Черёмушки,kfm,2026-09-14,20,20:00-21:00,high,dinner,auto,3.06,9.44,26.08,,,0.77,4.06,0.0,4.06,1.0,4,history,location_shift_history,missing_cycle_time,location_hour,location_hour,"Нужно 4 кур.; прогноз 3.1 заказа/ч; окно dinner: история 4.06, цикл 0.00; выбрано: историческая производительность; страховой запас 0%"
30,Черёмушки,kfm,2026-09-14,21,21:00-22:00,high,late_evening,auto,1.79,5.66,24.22,,,1.09,1.74,0.0,1.74,1.0,2,history,segment_shift_history,missing_cycle_time,location_hour,location_hour,"Нужно 2 кур.; прогноз 1.8 заказа/ч; окно late_evening: история 1.74, цикл 0.00; выбрано: историческая производительность; страховой запас 0%"
30,Черёмушки,kfm,2026-09-14,22,22:00-23:00,high,late_evening,auto,1.09,5.66,19.67,,,1.09,1.74,0.0,1.74,1.0,2,history,segment_shift_history,missing_cycle_time,location_hour,location_hour,"Нужно 2 кур.; прогноз 1.1 заказа/ч; окно late_evening: история 1.74, цикл 0.00; выбрано: историческая производительность; страховой запас 0%"
30,Черёмушки,kfm,2026-09-14,23,23:00-24:00,high,late_evening,auto,2.79,5.66,26.43,,,1.09,1.74,0.0,1.74,1.0,2,history,segment_shift_history,missing_cycle_time,location_hour,location_hour,"Нужно 2 кур.; прогноз 2.8 заказа/ч; окно late_evening: история 1.74, цикл 0.00; выбрано: историческая производительность; страховой запас 0%"
30,Черёмушки,kfm,2026-09-14,8,08:00-09:00,high,early_morning,bike,0.97,0.97,14.57,,,1.8,0.54,0.0,0.54,1.0,0,history,segment_shift_history,missing_cycle_time,location_hour,location_hour,"Нужно 0 кур.; прогноз 1.0 заказа/ч; окно early_morning: история 0.54, цикл 0.00; выбрано: историческая производительность; страховой запас 0%"
30,Черёмушки,kfm,2026-09-14,9,09:00-10:00,high,morning,bike,1.4,2.75,11.35,,,1.95,0.71,0.0,0.71,1.0,1,history,segment_shift_history,missing_cycle_time,location_hour,location_hour,"Нужно 1 кур.; прогноз 1.4 заказа/ч; окно morning: история 0.71, цикл 0.00; выбрано: историческая производительность; страховой запас 0%"
30,Черёмушки,kfm,2026-09-14,10,10:00-11:00,high,morning,bike,1.35,2.75,10.54,,,1.95,0.71,0.0,0.71,1.0,1,history,segment_shift_history,missing_cycle_time,location_hour,location_hour,"Нужно 1 кур.; прогноз 1.3 заказа/ч; окно morning: история 0.71, цикл 0.00; выбрано: историческая производительность; страховой запас 0%"
30,Черёмушки,kfm,2026-09-14,11,11:00-12:00,high,lunch,bike,1.61,6.55,11.56,,,1.88,0.87,0.0,0.87,1.0,1,history,segment_shift_history,missing_cycle_time,location_hour,location_hour,"Нужно 1 кур.; прогноз 1.6 заказа/ч; окно lunch: история 0.87, цикл 0.00; выбрано: историческая производительность; страховой запас 0%"
30,Черёмушки,kfm,2026-09-14,12,12:00-13:00,high,lunch,bike,1.77,6.55,10.04,,,1.88,0.87,0.0,0.87,1.0,1,history,segment_shift_history,missing_cycle_time,location_hour,location_hour,"Нужно 1 кур.; прогноз 1.8 заказа/ч; окно lunch: история 0.87, цикл 0.00; выбрано: историческая производительность; страховой запас 0%"
30,Черёмушки,kfm,2026-09-14,13,13:00-14:00,high,lunch,bike,1.79,6.55,10.55,,,1.88,0.87,0.0,0.87,1.0,1,history,segment_shift_history,missing_cycle_time,location_hour,location_hour,"Нужно 1 кур.; прогноз 1.8 заказа/ч; окно lunch: история 0.87, цикл 0.00; выбрано: историческая производительность; страховой запас 0%"
30,Черёмушки,kfm,2026-09-14,14,14:00-15:00,high,lunch,bike,1.38,6.55,9.69,,,1.88,0.87,0.0,0.87,1.0,1,history,segment_shift_history,missing_cycle_time,location_hour,location_hour,"Нужно 1 кур.; прогноз 1.4 заказа/ч; окно lunch: история 0.87, цикл 0.00; выбрано: историческая производительность; страховой запас 0%"
30,Черёмушки,kfm,2026-09-14,15,15:00-16:00,high,afternoon,bike,1.29,3.34,9.83,,,1.47,0.75,0.0,0.75,1.0,1,history,segment_shift_history,missing_cycle_time,location_hour,location_hour,"Нужно 1 кур.; прогноз 1.3 заказа/ч; окно afternoon: история 0.75, цикл 0.00; выбрано: историческая производительность; страховой запас 0%"
30,Черёмушки,kfm,2026-09-14,16,16:00-17:00,high,afternoon,bike,0.96,3.34,11.96,,,1.47,0.75,0.0,0.75,1.0,1,history,segment_shift_history,missing_cycle_time,location_hour,location_hour,"Нужно 1 кур.; прогноз 1.0 заказа/ч; окно afternoon: история 0.75, цикл 0.00; выбрано: историческая производительность; страховой запас 0%"
30,Черёмушки,kfm,2026-09-14,17,17:00-18:00,high,afternoon,bike,1.09,3.34,11.31,,,1.47,0.75,0.0,0.75,1.0,1,history,segment_shift_history,missing_cycle_time,location_hour,location_hour,"Нужно 1 кур.; прогноз 1.1 заказа/ч; окно afternoon: история 0.75, цикл 0.00; выбрано: историческая производительность; страховой запас 0%"
30,Черёмушки,kfm,2026-09-14,18,18:00-19:00,high,dinner,bike,1.12,3.18,10.97,,,1.74,0.61,0.0,0.61,1.0,1,history,segment_shift_history,missing_cycle_time,location_hour,location_hour,"Нужно 1 кур.; прогноз 1.1 заказа/ч; окно dinner: история 0.61, цикл 0.00; выбрано: историческая производительность; страховой запас 0%"
30,Черёмушки,kfm,2026-09-14,19,19:00-20:00,high,dinner,bike,1.03,3.18,8.72,,,1.74,0.61,0.0,0.61,1.0,1,history,segment_shift_history,missing_cycle_time,location_hour,location_hour,"Нужно 1 кур.; прогноз 1.0 заказа/ч; окно dinner: история 0.61, цикл 0.00; выбрано: историческая производительность; страховой запас 0%"
30,Черёмушки,kfm,2026-09-14,20,20:00-21:00,high,dinner,bike,1.03,3.18,10.94,,,1.74,0.61,0.0,0.61,1.0,1,history,segment_shift_history,missing_cycle_time,location_hour,location_hour,"Нужно 1 кур.; прогноз 1.0 заказа/ч; окно dinner: история 0.61, цикл 0.00; выбрано: историческая производительность; страховой запас 0%"
30,Черёмушки,kfm,2026-09-14,21,21:00-22:00,high,late_evening,bike,0.6,1.91,9.96,,,1.74,0.37,0.0,0.37,1.0,0,history,time_segment_shift_history,missing_cycle_time,location_hour,location_hour,"Нужно 0 кур.; прогноз 0.6 заказа/ч; окно late_evening: история 0.37, цикл 0.00; выбрано: историческая производительность; страховой запас 0%"
30,Черёмушки,kfm,2026-09-14,22,22:00-23:00,high,late_evening,bike,0.37,1.91,13.53,,,1.74,0.37,0.0,0.37,1.0,0,history,time_segment_shift_history,missing_cycle_time,location_hour,location_hour,"Нужно 0 кур.; прогноз 0.4 заказа/ч; окно late_evening: история 0.37, цикл 0.00; выбрано: историческая производительность; страховой запас 0%"
30,Черёмушки,kfm,2026-09-14,23,23:00-24:00,high,late_evening,bike,0.94,1.91,9.15,,,1.74,0.37,0.0,0.37,1.0,0,history,time_segment_shift_history,missing_cycle_time,location_hour,global_hour,"Нужно 0 кур.; прогноз 0.9 заказа/ч; окно late_evening: история 0.37, цикл 0.00; выбрано: историческая производительность; страховой запас 0%"
301,Биродром и Панчетта Дежнева,non_kfm,2026-09-14,12,12:00-13:00,low,block_12_18,auto,0.12,0.56,16.3,,,1.09,0.09,0.0,0.09,1.0,0,history,time_segment_shift_history,missing_cycle_time,global_hour,location_hour,"Нужно 0 кур.; прогноз 0.1 заказа/ч; окно block_12_18: история 0.09, цикл 0.00; выбрано: историческая производительность; страховой запас 0%"
301,Биродром и Панчетта Дежнева,non_kfm,2026-09-14,13,13:00-14:00,low,block_12_18,auto,0.12,0.56,14.43,,,1.09,0.09,0.0,0.09,1.0,0,history,time_segment_shift_history,missing_cycle_time,global_hour,location_hour,"Нужно 0 кур.; прогноз 0.1 заказа/ч; окно block_12_18: история 0.09, цикл 0.00; выбрано: историческая производительность; страховой запас 0%"
301,Биродром и Панчетта Дежнева,non_kfm,2026-09-14,14,14:00-15:00,low,block_12_18,auto,0.1,0.56,16.8,,,1.09,0.09,0.0,0.09,1.0,0,history,time_segment_shift_history,missing_cycle_time,global_hour,location_hour,"Нужно 0 кур.; прогноз 0.1 заказа/ч; окно block_12_18: история 0.09, цикл 0.00; выбрано: историческая производительность; страховой запас 0%"
301,Биродром и Панчетта Дежнева,non_kfm,2026-09-14,15,15:00-16:00,low,block_12_18,auto,0.09,0.56,20.07,,,1.09,0.09,0.0,0.09,1.0,0,history,time_segment_shift_history,missing_cycle_time,global_hour,location_hour,"Нужно 0 кур.; прогноз 0.1 заказа/ч; окно block_12_18: история 0.09, цикл 0.00; выбрано: историческая производительность; страховой запас 0%"
301,Биродром и Панчетта Дежнева,non_kfm,2026-09-14,16,16:00-17:00,low,block_12_18,auto,0.07,0.56,16.34,,,1.09,0.09,0.0,0.09,1.0,0,history,time_segment_shift_history,missing_cycle_time,global_hour,location_hour,"Нужно 0 кур.; прогноз 0.1 заказа/ч; окно block_12_18: история 0.09, цикл 0.00; выбрано: историческая производительность; страховой запас 0%"
301,Биродром и Панчетта Дежнева,non_kfm,2026-09-14,17,17:00-18:00,low,block_12_18,auto,0.07,0.56,22.4,,,1.09,0.09,0.0,0.09,1.0,0,history,time_segment_shift_history,missing_cycle_time,global_hour,location_hour,"Нужно 0 кур.; прогноз 0.1 заказа/ч; окно block_12_18: история 0.09, цикл 0.00; выбрано: историческая производительность; страховой запас 0%"
301,Биродром и Панчетта Дежнева,non_kfm,2026-09-14,18,18:00-19:00,low,block_18_24,auto,0.12,0.51,23.78,,,1.15,0.07,0.0,0.07,1.0,0,history,time_segment_shift_history,missing_cycle_time,global_hour,location_hour,"Нужно 0 кур.; прогноз 0.1 заказа/ч; окно block_18_24: история 0.07, цикл 0.00; выбрано: историческая производительность; страховой запас 0%"
301,Биродром и Панчетта Дежнева,non_kfm,2026-09-14,19,19:00-20:00,low,block_18_24,auto,0.12,0.51,23.32,,,1.15,0.07,0.0,0.07,1.0,0,history,time_segment_shift_history,missing_cycle_time,global_hour,location_hour,"Нужно 0 кур.; прогноз 0.1 заказа/ч; окно block_18_24: история 0.07, цикл 0.00; выбрано: историческая производительность; страховой запас 0%"
301,Биродром и Панчетта Дежнева,non_kfm,2026-09-14,20,20:00-21:00,low,block_18_24,auto,0.11,0.51,19.89,,,1.15,0.07,0.0,0.07,1.0,0,history,time_segment_shift_history,missing_cycle_time,global_hour,location_hour,"Нужно 0 кур.; прогноз 0.1 заказа/ч; окно block_18_24: история 0.07, цикл 0.00; выбрано: историческая производительность; страховой запас 0%"
301,Биродром и Панчетта Дежнева,non_kfm,2026-09-14,21,21:00-22:00,low,block_18_24,auto,0.08,0.51,13.08,,,1.15,0.07,0.0,0.07,1.0,0,history,time_segment_shift_history,missing_cycle_time,global_hour,location_hour,"Нужно 0 кур.; прогноз 0.1 заказа/ч; окно block_18_24: история 0.07, цикл 0.00; выбрано: историческая производительность; страховой запас 0%"
301,Биродром и Панчетта Дежнева,non_kfm,2026-09-14,22,22:00-23:00,low,block_18_24,auto,0.05,0.51,33.49,,,1.15,0.07,0.0,0.07,1.0,0,history,time_segment_shift_history,missing_cycle_time,global_hour,location_hour,"Нужно 0 кур.; прогноз 0.0 заказа/ч; окно block_18_24: история 0.07, цикл 0.00; выбрано: историческая производительность; страховой запас 0%"
301,Биродром и Панчетта Дежнева,non_kfm,2026-09-14,12,12:00-13:00,low,block_12_18,bike,0.04,0.21,10.37,,,2.83,0.0,0.0,0.0,1.0,0,history,time_segment_shift_history,missing_cycle_time,global_hour,global_hour,"Нужно 0 кур.; прогноз 0.0 заказа/ч; окно block_12_18: история 0.00, цикл 0.00; выбрано: историческая производительность; страховой запас 0%"
301,Биродром и Панчетта Дежнева,non_kfm,2026-09-14,13,13:00-14:00,low,block_12_18,bike,0.04,0.21,10.39,,,2.83,0.0,0.0,0.0,1.0,0,history,time_segment_shift_history,missing_cycle_time,global_hour,global_hour,"Нужно 0 кур.; прогноз 0.0 заказа/ч; окно block_12_18: история 0.00, цикл 0.00; выбрано: историческая производительность; страховой запас 0%"
301,Биродром и Панчетта Дежнева,non_kfm,2026-09-14,14,14:00-15:00,low,block_12_18,bike,0.04,0.21,10.2,,,2.83,0.0,0.0,0.0,1.0,0,history,time_segment_shift_history,missing_cycle_time,global_hour,global_hour,"Нужно 0 кур.; прогноз 0.0 заказа/ч; окно block_12_18: история 0.00, цикл 0.00; выбрано: историческая производительность; страховой запас 0%"
301,Биродром и Панчетта Дежнева,non_kfm,2026-09-14,15,15:00-16:00,low,block_12_18,bike,0.03,0.21,10.75,,,2.83,0.0,0.0,0.0,1.0,0,history,time_segment_shift_history,missing_cycle_time,global_hour,global_hour,"Нужно 0 кур.; прогноз 0.0 заказа/ч; окно block_12_18: история 0.00, цикл 0.00; выбрано: историческая производительность; страховой запас 0%"
301,Биродром и Панчетта Дежнева,non_kfm,2026-09-14,16,16:00-17:00,low,block_12_18,bike,0.03,0.21,11.02,,,2.83,0.0,0.0,0.0,1.0,0,history,time_segment_shift_history,missing_cycle_time,global_hour,global_hour,"Нужно 0 кур.; прогноз 0.0 заказа/ч; окно block_12_18: история 0.00, цикл 0.00; выбрано: историческая производительность; страховой запас 0%"
301,Биродром и Панчетта Дежнева,non_kfm,2026-09-14,17,17:00-18:00,low,block_12_18,bike,0.03,0.21,10.83,,,2.83,0.0,0.0,0.0,1.0,0,history,time_segment_shift_history,missing_cycle_time,global_hour,global_hour,"Нужно 0 кур.; прогноз 0.0 заказа/ч; окно block_12_18: история 0.00, цикл 0.00; выбрано: историческая производительность; страховой запас 0%"
301,Биродром и Панчетта Дежнева,non_kfm,2026-09-14,18,18:00-19:00,low,block_18_24,bike,0.07,0.3,11.1,,,2.05,0.0,0.0,0.0,1.0,0,history,time_segment_shift_history,missing_cycle_time,global_hour,global_hour,"Нужно 0 кур.; прогноз 0.1 заказа/ч; окно block_18_24: история 0.00, цикл 0.00; выбрано: историческая производительность; страховой запас 0%"
301,Биродром и Панчетта Дежнева,non_kfm,2026-09-14,19,19:00-20:00,low,block_18_24,bike,0.07,0.3,10.71,,,2.05,0.0,0.0,0.0,1.0,0,history,time_segment_shift_history,missing_cycle_time,global_hour,global_hour,"Нужно 0 кур.; прогноз 0.1 заказа/ч; окно block_18_24: история 0.00, цикл 0.00; выбрано: историческая производительность; страховой запас 0%"
301,Биродром и Панчетта Дежнева,non_kfm,2026-09-14,20,20:00-21:00,low,block_18_24,bike,0.07,0.3,10.4,,,2.05,0.0,0.0,0.0,1.0,0,history,time_segment_shift_history,missing_cycle_time,global_hour,global_hour,"Нужно 0 кур.; прогноз 0.1 заказа/ч; окно block_18_24: история 0.00, цикл 0.00; выбрано: историческая производительность; страховой запас 0%"
301,Биродром и Панчетта Дежнева,non_kfm,2026-09-14,21,21:00-22:00,low,block_18_24,bike,0.05,0.3,9.94,,,2.05,0.0,0.0,0.0,1.0,0,history,time_segment_shift_history,missing_cycle_time,global_hour,global_hour,"Нужно 0 кур.; прогноз 0.0 заказа/ч; окно block_18_24: история 0.00, цикл 0.00; выбрано: историческая производительность; страховой запас 0%"
301,Биродром и Панчетта Дежнева,non_kfm,2026-09-14,22,22:00-23:00,low,block_18_24,bike,0.03,0.3,9.8,,,2.05,0.0,0.0,0.0,1.0,0,history,time_segment_shift_history,missing_cycle_time,global_hour,global_hour,"Нужно 0 кур.; прогноз 0.0 заказа/ч; окно block_18_24: история 0.00, цикл 0.00; выбрано: историческая производительность; страховой запас 0%"
33,Даниловский,kfm,2026-09-14,8,08:00-09:00,high,early_morning,auto,2.42,2.42,22.92,,,1.3,1.86,0.0,1.86,1.0,2,history,segment_shift_history,missing_cycle_time,location_hour,location_hour,"Нужно 2 кур.; прогноз 2.4 заказа/ч; окно early_morning: история 1.86, цикл 0.00; выбрано: историческая производительность; страховой запас 0%"
33,Даниловский,kfm,2026-09-14,9,09:00-10:00,high,morning,auto,2.87,5.41,19.4,,,1.16,2.34,0.0,2.34,1.0,2,history,segment_shift_history,missing_cycle_time,location_hour,location_hour,"Нужно 2 кур.; прогноз 2.9 заказа/ч; окно morning: история 2.34, цикл 0.00; выбрано: историческая производительность; страховой запас 0%"
33,Даниловский,kfm,2026-09-14,10,10:00-11:00,high,morning,auto,2.54,5.41,24.97,,,1.16,2.34,0.0,2.34,1.0,2,history,segment_shift_history,missing_cycle_time,location_hour,location_hour,"Нужно 2 кур.; прогноз 2.5 заказа/ч; окно morning: история 2.34, цикл 0.00; выбрано: историческая производительность; страховой запас 0%"
33,Даниловский,kfm,2026-09-14,11,11:00-12:00,high,lunch,auto,3.46,12.68,24.14,,,1.14,2.77,0.0,2.77,1.0,3,history,segment_shift_history,missing_cycle_time,location_hour,location_hour,"Нужно 3 кур.; прогноз 3.5 заказа/ч; окно lunch: история 2.77, цикл 0.00; выбрано: историческая производительность; страховой запас 0%"
33,Даниловский,kfm,2026-09-14,12,12:00-13:00,high,lunch,auto,3.75,12.68,25.69,,,1.14,2.77,0.0,2.77,1.0,3,history,segment_shift_history,missing_cycle_time,location_hour,location_hour,"Нужно 3 кур.; прогноз 3.7 заказа/ч; окно lunch: история 2.77, цикл 0.00; выбрано: историческая производительность; страховой запас 0%"
33,Даниловский,kfm,2026-09-14,13,13:00-14:00,high,lunch,auto,3.07,12.68,26.25,,,1.14,2.77,0.0,2.77,1.0,3,history,segment_shift_history,missing_cycle_time,location_hour,location_hour,"Нужно 3 кур.; прогноз 3.1 заказа/ч; окно lunch: история 2.77, цикл 0.00; выбрано: историческая производительность; страховой запас 0%"
33,Даниловский,kfm,2026-09-14,14,14:00-15:00,high,lunch,auto,2.4,12.68,25.73,,,1.14,2.77,0.0,2.77,1.0,3,history,segment_shift_history,missing_cycle_time,location_hour,location_hour,"Нужно 3 кур.; прогноз 2.4 заказа/ч; окно lunch: история 2.77, цикл 0.00; выбрано: историческая производительность; страховой запас 0%"
33,Даниловский,kfm,2026-09-14,15,15:00-16:00,high,afternoon,auto,1.92,5.77,29.27,,,0.85,2.27,0.0,2.27,1.0,2,history,segment_shift_history,missing_cycle_time,location_hour,location_hour,"Нужно 2 кур.; прогноз 1.9 заказа/ч; окно afternoon: история 2.27, цикл 0.00; выбрано: историческая производительность; страховой запас 0%"
33,Даниловский,kfm,2026-09-14,16,16:00-17:00,high,afternoon,auto,2.05,5.77,25.69,,,0.85,2.27,0.0,2.27,1.0,2,history,segment_shift_history,missing_cycle_time,location_hour,location_hour,"Нужно 2 кур.; прогноз 2.0 заказа/ч; окно afternoon: история 2.27, цикл 0.00; выбрано: историческая производительность; страховой запас 0%"
33,Даниловский,kfm,2026-09-14,17,17:00-18:00,high,afternoon,auto,1.8,5.77,26.19,,,0.85,2.27,0.0,2.27,1.0,2,history,segment_shift_history,missing_cycle_time,location_hour,location_hour,"Нужно 2 кур.; прогноз 1.8 заказа/ч; окно afternoon: история 2.27, цикл 0.00; выбрано: историческая производительность; страховой запас 0%"
33,Даниловский,kfm,2026-09-14,18,18:00-19:00,high,dinner,auto,2.23,5.33,29.11,,,0.87,2.06,0.0,2.06,1.0,2,history,segment_shift_history,missing_cycle_time,location_hour,location_hour,"Нужно 2 кур.; прогноз 2.2 заказа/ч; окно dinner: история 2.06, цикл 0.00; выбрано: историческая производительность; страховой запас 0%"
33,Даниловский,kfm,2026-09-14,19,19:00-20:00,high,dinner,auto,1.42,5.33,26.2,,,0.87,2.06,0.0,2.06,1.0,2,history,segment_shift_history,missing_cycle_time,location_hour,location_hour,"Нужно 2 кур.; прогноз 1.4 заказа/ч; окно dinner: история 2.06, цикл 0.00; выбрано: историческая производительность; страховой запас 0%"
33,Даниловский,kfm,2026-09-14,20,20:00-21:00,high,dinner,auto,1.68,5.33,23.32,,,0.87,2.06,0.0,2.06,1.0,2,history,segment_shift_history,missing_cycle_time,location_hour,location_hour,"Нужно 2 кур.; прогноз 1.7 заказа/ч; окно dinner: история 2.06, цикл 0.00; выбрано: историческая производительность; страховой запас 0%"
33,Даниловский,kfm,2026-09-14,21,21:00-22:00,high,late_evening,auto,1.29,1.86,24.22,,,1.09,0.57,0.0,0.57,1.0,1,history,segment_shift_history,missing_cycle_time,location_hour,location_hour,"Нужно 1 кур.; прогноз 1.3 заказа/ч; окно late_evening: история 0.57, цикл 0.00; выбрано: историческая производительность; страховой запас 0%"
33,Даниловский,kfm,2026-09-14,22,22:00-23:00,high,late_evening,auto,0.57,1.86,19.31,,,1.09,0.57,0.0,0.57,1.0,1,history,segment_shift_history,missing_cycle_time,location_hour,location_hour,"Нужно 1 кур.; прогноз 0.6 заказа/ч; окно late_evening: история 0.57, цикл 0.00; выбрано: историческая производительность; страховой запас 0%"
33,Даниловский,kfm,2026-09-14,8,08:00-09:00,high,early_morning,bike,1.6,1.6,8.74,,,1.8,0.89,0.0,0.89,1.0,1,history,segment_shift_history,missing_cycle_time,location_hour,location_hour,"Нужно 1 кур.; прогноз 1.6 заказа/ч; окно early_morning: история 0.89, цикл 0.00; выбрано: историческая производительность; страховой запас 0%"
33,Даниловский,kfm,2026-09-14,9,09:00-10:00,high,morning,bike,1.89,3.57,9.38,,,1.95,0.92,0.0,0.92,1.0,1,history,segment_shift_history,missing_cycle_time,location_hour,location_hour,"Нужно 1 кур.; прогноз 1.9 заказа/ч; окно morning: история 0.92, цикл 0.00; выбрано: историческая производительность; страховой запас 0%"
33,Даниловский,kfm,2026-09-14,10,10:00-11:00,high,morning,bike,1.68,3.57,9.43,,,1.95,0.92,0.0,0.92,1.0,1,history,segment_shift_history,missing_cycle_time,location_hour,location_hour,"Нужно 1 кур.; прогноз 1.7 заказа/ч; окно morning: история 0.92, цикл 0.00; выбрано: историческая производительность; страховой запас 0%"
33,Даниловский,kfm,2026-09-14,11,11:00-12:00,high,lunch,bike,2.28,8.38,10.09,,,1.88,1.11,0.0,1.11,1.0,1,history,segment_shift_history,missing_cycle_time,location_hour,location_hour,"Нужно 1 кур.; прогноз 2.3 заказа/ч; окно lunch: история 1.11, цикл 0.00; выбрано: историческая производительность; страховой запас 0%"
33,Даниловский,kfm,2026-09-14,12,12:00-13:00,high,lunch,bike,2.47,8.38,8.48,,,1.88,1.11,0.0,1.11,1.0,1,history,segment_shift_history,missing_cycle_time,location_hour,location_hour,"Нужно 1 кур.; прогноз 2.5 заказа/ч; окно lunch: история 1.11, цикл 0.00; выбрано: историческая производительность; страховой запас 0%"
33,Даниловский,kfm,2026-09-14,13,13:00-14:00,high,lunch,bike,2.03,8.38,9.38,,,1.88,1.11,0.0,1.11,1.0,1,history,segment_shift_history,missing_cycle_time,location_hour,location_hour,"Нужно 1 кур.; прогноз 2.0 заказа/ч; окно lunch: история 1.11, цикл 0.00; выбрано: историческая производительность; страховой запас 0%"
33,Даниловский,kfm,2026-09-14,14,14:00-15:00,high,lunch,bike,1.59,8.38,9.61,,,1.88,1.11,0.0,1.11,1.0,1,history,segment_shift_history,missing_cycle_time,location_hour,location_hour,"Нужно 1 кур.; прогноз 1.6 заказа/ч; окно lunch: история 1.11, цикл 0.00; выбрано: историческая производительность; страховой запас 0%"
33,Даниловский,kfm,2026-09-14,15,15:00-16:00,high,afternoon,bike,1.27,3.81,10.26,,,1.47,0.86,0.0,0.86,1.0,1,history,segment_shift_history,missing_cycle_time,location_hour,location_hour,"Нужно 1 кур.; прогноз 1.3 заказа/ч; окно afternoon: история 0.86, цикл 0.00; выбрано: историческая производительность; страховой запас 0%"
33,Даниловский,kfm,2026-09-14,16,16:00-17:00,high,afternoon,bike,1.35,3.81,9.74,,,1.47,0.86,0.0,0.86,1.0,1,history,segment_shift_history,missing_cycle_time,location_hour,location_hour,"Нужно 1 кур.; прогноз 1.4 заказа/ч; окно afternoon: история 0.86, цикл 0.00; выбрано: историческая производительность; страховой запас 0%"
33,Даниловский,kfm,2026-09-14,17,17:00-18:00,high,afternoon,bike,1.19,3.81,10.05,,,1.47,0.86,0.0,0.86,1.0,1,history,segment_shift_history,missing_cycle_time,location_hour,location_hour,"Нужно 1 кур.; прогноз 1.2 заказа/ч; окно afternoon: история 0.86, цикл 0.00; выбрано: историческая производительность; страховой запас 0%"
33,Даниловский,kfm,2026-09-14,18,18:00-19:00,high,dinner,bike,1.47,3.52,8.93,,,1.74,0.68,0.0,0.68,1.0,1,history,segment_shift_history,missing_cycle_time,location_hour,location_hour,"Нужно 1 кур.; прогноз 1.5 заказа/ч; окно dinner: история 0.68, цикл 0.00; выбрано: историческая производительность; страховой запас 0%"
33,Даниловский,kfm,2026-09-14,19,19:00-20:00,high,dinner,bike,0.94,3.52,9.37,,,1.74,0.68,0.0,0.68,1.0,1,history,segment_shift_history,missing_cycle_time,location_hour,location_hour,"Нужно 1 кур.; прогноз 0.9 заказа/ч; окно dinner: история 0.68, цикл 0.00; выбрано: историческая производительность; страховой запас 0%"
33,Даниловский,kfm,2026-09-14,20,20:00-21:00,high,dinner,bike,1.11,3.52,8.05,,,1.74,0.68,0.0,0.68,1.0,1,history,segment_shift_history,missing_cycle_time,location_hour,location_hour,"Нужно 1 кур.; прогноз 1.1 заказа/ч; окно dinner: история 0.68, цикл 0.00; выбрано: историческая производительность; страховой запас 0%"
33,Даниловский,kfm,2026-09-14,21,21:00-22:00,high,late_evening,bike,0.85,1.23,9.32,,,1.74,0.24,0.0,0.24,1.0,0,history,time_segment_shift_history,missing_cycle_time,location_hour,location_hour,"Нужно 0 кур.; прогноз 0.9 заказа/ч; окно late_evening: история 0.24, цикл 0.00; выбрано: историческая производительность; страховой запас 0%"
33,Даниловский,kfm,2026-09-14,22,22:00-23:00,high,late_evening,bike,0.37,1.23,11.17,,,1.74,0.24,0.0,0.24,1.0,0,history,time_segment_shift_history,missing_cycle_time,location_hour,location_hour,"Нужно 0 кур.; прогноз 0.4 заказа/ч; окно late_evening: история 0.24, цикл 0.00; выбрано: историческая производительность; страховой запас 0%"
335,Кутузовский (Не использовать),kfm,2026-09-14,0,00:00-01:00,low,block_00_06,auto,2.52,6.96,22.77,,,1.95,0.59,0.0,0.59,1.0,0,history,default_slot_capacity,missing_cycle_time,global_hour,global_hour,"Нужно 0 кур.; прогноз 2.5 заказа/ч; окно block_00_06: история 0.59, цикл 0.00; выбрано: историческая производительность; страховой запас 0%"
335,Кутузовский (Не использовать),kfm,2026-09-14,1,01:00-02:00,low,block_00_06,auto,1.45,6.96,19.96,,,1.95,0.59,0.0,0.59,1.0,0,history,default_slot_capacity,missing_cycle_time,global_hour,global_hour,"Нужно 0 кур.; прогноз 1.5 заказа/ч; окно block_00_06: история 0.59, цикл 0.00; выбрано: историческая производительность; страховой запас 0%"
335,Кутузовский (Не использовать),kfm,2026-09-14,2,02:00-03:00,low,block_00_06,auto,0.8,6.96,20.6,,,1.95,0.59,0.0,0.59,1.0,0,history,default_slot_capacity,missing_cycle_time,global_hour,global_hour,"Нужно 0 кур.; прогноз 0.8 заказа/ч; окно block_00_06: история 0.59, цикл 0.00; выбрано: историческая производительность; страховой запас 0%"
335,Кутузовский (Не использовать),kfm,2026-09-14,3,03:00-04:00,low,block_00_06,auto,0.54,6.96,18.17,,,1.95,0.59,0.0,0.59,1.0,0,history,default_slot_capacity,missing_cycle_time,global_hour,global_hour,"Нужно 0 кур.; прогноз 0.5 заказа/ч; окно block_00_06: история 0.59, цикл 0.00; выбрано: историческая производительность; страховой запас 0%"
335,Кутузовский (Не использовать),kfm,2026-09-14,4,04:00-05:00,low,block_00_06,auto,0.58,6.96,21.5,,,1.95,0.59,0.0,0.59,1.0,0,history,default_slot_capacity,missing_cycle_time,global_hour,global_hour,"Нужно 0 кур.; прогноз 0.6 заказа/ч; окно block_00_06: история 0.59, цикл 0.00; выбрано: историческая производительность; страховой запас 0%"
335,Кутузовский (Не использовать),kfm,2026-09-14,5,05:00-06:00,low,block_00_06,auto,1.07,6.96,24.21,,,1.95,0.59,0.0,0.59,1.0,0,history,default_slot_capacity,missing_cycle_time,global_hour,global_hour,"Нужно 0 кур.; прогноз 1.1 заказа/ч; окно block_00_06: история 0.59, цикл 0.00; выбрано: историческая производительность; страховой запас 0%"
335,Кутузовский (Не использовать),kfm,2026-09-14,6,06:00-07:00,low,block_06_12,auto,0.14,4.99,27.33,,,1.28,0.65,0.0,0.65,1.0,0,history,time_segment_shift_history,missing_cycle_time,global_hour,global_hour,"Нужно 0 кур.; прогноз 0.1 заказа/ч; окно block_06_12: история 0.65, цикл 0.00; выбрано: историческая производительность; страховой запас 0%"
335,Кутузовский (Не использовать),kfm,2026-09-14,7,07:00-08:00,low,block_06_12,auto,0.36,4.99,24.32,,,1.28,0.65,0.0,0.65,1.0,0,history,time_segment_shift_history,missing_cycle_time,global_hour,global_hour,"Нужно 0 кур.; прогноз 0.4 заказа/ч; окно block_06_12: история 0.65, цикл 0.00; выбрано: историческая производительность; страховой запас 0%"
335,Кутузовский (Не использовать),kfm,2026-09-14,8,08:00-09:00,low,block_06_12,auto,0.92,4.99,22.41,,,1.28,0.65,0.0,0.65,1.0,0,history,time_segment_shift_history,missing_cycle_time,global_hour,global_hour,"Нужно 0 кур.; прогноз 0.9 заказа/ч; окно block_06_12: история 0.65, цикл 0.00; выбрано: историческая производительность; страховой запас 0%"
335,Кутузовский (Не использовать),kfm,2026-09-14,9,09:00-10:00,low,block_06_12,auto,1.13,4.99,21.64,,,1.28,0.65,0.0,0.65,1.0,0,history,time_segment_shift_history,missing_cycle_time,global_hour,global_hour,"Нужно 0 кур.; прогноз 1.1 заказа/ч; окно block_06_12: история 0.65, цикл 0.00; выбрано: историческая производительность; страховой запас 0%"
335,Кутузовский (Не использовать),kfm,2026-09-14,10,10:00-11:00,low,block_06_12,auto,1.18,4.99,21.71,,,1.28,0.65,0.0,0.65,1.0,0,history,time_segment_shift_history,missing_cycle_time,global_hour,global_hour,"Нужно 0 кур.; прогноз 1.2 заказа/ч; окно block_06_12: история 0.65, цикл 0.00; выбрано: историческая производительность; страховой запас 0%"
335,Кутузовский (Не использовать),kfm,2026-09-14,11,11:00-12:00,low,block_06_12,auto,1.27,4.99,22.82,,,1.28,0.65,0.0,0.65,1.0,0,history,time_segment_shift_history,missing_cycle_time,global_hour,global_hour,"Нужно 0 кур.; прогноз 1.3 заказа/ч; окно block_06_12: история 0.65, цикл 0.00; выбрано: историческая производительность; страховой запас 0%"
335,Кутузовский (Не использовать),kfm,2026-09-14,12,12:00-13:00,low,block_12_18,auto,0.1,0.49,23.54,,,1.09,0.0,0.0,0.0,1.0,0,history,time_segment_shift_history,missing_cycle_time,global_hour,global_hour,"Нужно 0 кур.; прогноз 0.1 заказа/ч; окно block_12_18: история 0.00, цикл 0.00; выбрано: историческая производительность; страховой запас 0%"
335,Кутузовский (Не использовать),kfm,2026-09-14,13,13:00-14:00,low,block_12_18,auto,0.1,0.49,23.55,,,1.09,0.0,0.0,0.0,1.0,0,history,time_segment_shift_history,missing_cycle_time,global_hour,global_hour,"Нужно 0 кур.; прогноз 0.1 заказа/ч; окно block_12_18: история 0.00, цикл 0.00; выбрано: историческая производительность; страховой запас 0%"
335,Кутузовский (Не использовать),kfm,2026-09-14,14,14:00-15:00,low,block_12_18,auto,0.09,0.49,24.06,,,1.09,0.0,0.0,0.0,1.0,0,history,time_segment_shift_history,missing_cycle_time,global_hour,global_hour,"Нужно 0 кур.; прогноз 0.1 заказа/ч; окно block_12_18: история 0.00, цикл 0.00; выбрано: историческая производительность; страховой запас 0%"
335,Кутузовский (Не использовать),kfm,2026-09-14,15,15:00-16:00,low,block_12_18,auto,0.08,0.49,24.51,,,1.09,0.0,0.0,0.0,1.0,0,history,time_segment_shift_history,missing_cycle_time,global_hour,global_hour,"Нужно 0 кур.; прогноз 0.1 заказа/ч; окно block_12_18: история 0.00, цикл 0.00; выбрано: историческая производительность; страховой запас 0%"
335,Кутузовский (Не использовать),kfm,2026-09-14,16,16:00-17:00,low,block_12_18,auto,0.06,0.49,25.16,,,1.09,0.0,0.0,0.0,1.0,0,history,time_segment_shift_history,missing_cycle_time,global_hour,global_hour,"Нужно 0 кур.; прогноз 0.1 заказа/ч; окно block_12_18: история 0.00, цикл 0.00; выбрано: историческая производительность; страховой запас 0%"
335,Кутузовский (Не использовать),kfm,2026-09-14,17,17:00-18:00,low,block_12_18,auto,0.06,0.49,27.66,,,1.09,0.0,0.0,0.0,1.0,0,history,time_segment_shift_history,missing_cycle_time,global_hour,global_hour,"Нужно 0 кур.; прогноз 0.1 заказа/ч; окно block_12_18: история 0.00, цикл 0.00; выбрано: историческая производительность; страховой запас 0%"
335,Кутузовский (Не использовать),kfm,2026-09-14,18,18:00-19:00,low,block_18_24,auto,0.22,0.94,27.41,,,1.15,0.14,0.0,0.14,1.0,0,history,time_segment_shift_history,missing_cycle_time,global_hour,global_hour,"Нужно 0 кур.; прогноз 0.2 заказа/ч; окно block_18_24: история 0.14, цикл 0.00; выбрано: историческая производительность; страховой запас 0%"
335,Кутузовский (Не использовать),kfm,2026-09-14,19,19:00-20:00,low,block_18_24,auto,0.22,0.94,26.64,,,1.15,0.14,0.0,0.14,1.0,0,history,time_segment_shift_history,missing_cycle_time,global_hour,global_hour,"Нужно 0 кур.; прогноз 0.2 заказа/ч; окно block_18_24: история 0.14, цикл 0.00; выбрано: историческая производительность; страховой запас 0%"
335,Кутузовский (Не использовать),kfm,2026-09-14,20,20:00-21:00,low,block_18_24,auto,0.2,0.94,23.12,,,1.15,0.14,0.0,0.14,1.0,0,history,time_segment_shift_history,missing_cycle_time,global_hour,global_hour,"Нужно 0 кур.; прогноз 0.2 заказа/ч; окно block_18_24: история 0.14, цикл 0.00; выбрано: историческая производительность; страховой запас 0%"
335,Кутузовский (Не использовать),kfm,2026-09-14,21,21:00-22:00,low,block_18_24,auto,0.15,0.94,21.83,,,1.15,0.14,0.0,0.14,1.0,0,history,time_segment_shift_history,missing_cycle_time,global_hour,global_hour,"Нужно 0 кур.; прогноз 0.2 заказа/ч; окно block_18_24: история 0.14, цикл 0.00; выбрано: историческая производительность; страховой запас 0%"
335,Кутузовский (Не использовать),kfm,2026-09-14,22,22:00-23:00,low,block_18_24,auto,0.09,0.94,16.14,,,1.15,0.14,0.0,0.14,1.0,0,history,time_segment_shift_history,missing_cycle_time,global_hour,global_hour,"Нужно 0 кур.; прогноз 0.1 заказа/ч; окно block_18_24: история 0.14, цикл 0.00; выбрано: историческая производительность; страховой запас 0%"
335,Кутузовский (Не использовать),kfm,2026-09-14,23,23:00-24:00,low,block_18_24,auto,0.05,0.94,20.26,,,1.15,0.14,0.0,0.14,1.0,0,history,time_segment_shift_history,missing_cycle_time,global_hour,global_hour,"Нужно 0 кур.; прогноз 0.1 заказа/ч; окно block_18_24: история 0.14, цикл 0.00; выбрано: историческая производительность; страховой запас 0%"
335,Кутузовский (Не использовать),kfm,2026-09-14,0,00:00-01:00,low,block_00_06,bike,3.09,8.54,9.78,,,1.3,1.09,0.0,1.09,1.0,0,history,default_slot_capacity,missing_cycle_time,global_hour,global_hour,"Нужно 0 кур.; прогноз 3.1 заказа/ч; окно block_00_06: история 1.09, цикл 0.00; выбрано: историческая производительность; страховой запас 0%"
335,Кутузовский (Не использовать),kfm,2026-09-14,1,01:00-02:00,low,block_00_06,bike,1.78,8.54,10.47,,,1.3,1.09,0.0,1.09,1.0,0,history,default_slot_capacity,missing_cycle_time,global_hour,global_vehicle,"Нужно 0 кур.; прогноз 1.8 заказа/ч; окно block_00_06: история 1.09, цикл 0.00; выбрано: историческая производительность; страховой запас 0%"
335,Кутузовский (Не использовать),kfm,2026-09-14,2,02:00-03:00,low,block_00_06,bike,0.98,8.54,10.47,,,1.3,1.09,0.0,1.09,1.0,0,history,default_slot_capacity,missing_cycle_time,global_hour,global_vehicle,"Нужно 0 кур.; прогноз 1.0 заказа/ч; окно block_00_06: история 1.09, цикл 0.00; выбрано: историческая производительность; страховой запас 0%"
335,Кутузовский (Не использовать),kfm,2026-09-14,3,03:00-04:00,low,block_00_06,bike,0.66,8.54,10.47,,,1.3,1.09,0.0,1.09,1.0,0,history,default_slot_capacity,missing_cycle_time,global_hour,global_vehicle,"Нужно 0 кур.; прогноз 0.7 заказа/ч; окно block_00_06: история 1.09, цикл 0.00; выбрано: историческая производительность; страховой запас 0%"
335,Кутузовский (Не использовать),kfm,2026-09-14,4,04:00-05:00,low,block_00_06,bike,0.72,8.54,10.47,,,1.3,1.09,0.0,1.09,1.0,0,history,default_slot_capacity,missing_cycle_time,global_hour,global_vehicle,"Нужно 0 кур.; прогноз 0.7 заказа/ч; окно block_00_06: история 1.09, цикл 0.00; выбрано: историческая производительность; страховой запас 0%"
335,Кутузовский (Не использовать),kfm,2026-09-14,5,05:00-06:00,low,block_00_06,bike,1.31,8.54,10.47,,,1.3,1.09,0.0,1.09,1.0,0,history,default_slot_capacity,missing_cycle_time,global_hour,global_vehicle,"Нужно 0 кур.; прогноз 1.3 заказа/ч; окно block_00_06: история 1.09, цикл 0.00; выбрано: историческая производительность; страховой запас 0%"
335,Кутузовский (Не использовать),kfm,2026-09-14,6,06:00-07:00,low,block_06_12,bike,0.08,2.75,9.4,,,3.03,0.15,0.0,0.15,1.0,0,history,time_segment_shift_history,missing_cycle_time,global_hour,global_hour,"Нужно 0 кур.; прогноз 0.1 заказа/ч; окно block_06_12: история 0.15, цикл 0.00; выбрано: историческая производительность; страховой запас 0%"
335,Кутузовский (Не использовать),kfm,2026-09-14,7,07:00-08:00,low,block_06_12,bike,0.2,2.75,11.07,,,3.03,0.15,0.0,0.15,1.0,0,history,time_segment_shift_history,missing_cycle_time,global_hour,global_hour,"Нужно 0 кур.; прогноз 0.2 заказа/ч; окно block_06_12: история 0.15, цикл 0.00; выбрано: историческая производительность; страховой запас 0%"
335,Кутузовский (Не использовать),kfm,2026-09-14,8,08:00-09:00,low,block_06_12,bike,0.51,2.75,10.4,,,3.03,0.15,0.0,0.15,1.0,0,history,time_segment_shift_history,missing_cycle_time,global_hour,global_hour,"Нужно 0 кур.; прогноз 0.5 заказа/ч; окно block_06_12: история 0.15, цикл 0.00; выбрано: историческая производительность; страховой запас 0%"
335,Кутузовский (Не использовать),kfm,2026-09-14,9,09:00-10:00,low,block_06_12,bike,0.62,2.75,10.37,,,3.03,0.15,0.0,0.15,1.0,0,history,time_segment_shift_history,missing_cycle_time,global_hour,global_hour,"Нужно 0 кур.; прогноз 0.6 заказа/ч; окно block_06_12: история 0.15, цикл 0.00; выбрано: историческая производительность; страховой запас 0%"
335,Кутузовский (Не использовать),kfm,2026-09-14,10,10:00-11:00,low,block_06_12,bike,0.65,2.75,10.11,,,3.03,0.15,0.0,0.15,1.0,0,history,time_segment_shift_history,missing_cycle_time,global_hour,global_hour,"Нужно 0 кур.; прогноз 0.6 заказа/ч; окно block_06_12: история 0.15, цикл 0.00; выбрано: историческая производительность; страховой запас 0%"
335,Кутузовский (Не использовать),kfm,2026-09-14,11,11:00-12:00,low,block_06_12,bike,0.7,2.75,10.41,,,3.03,0.15,0.0,0.15,1.0,0,history,time_segment_shift_history,missing_cycle_time,global_hour,global_hour,"Нужно 0 кур.; прогноз 0.7 заказа/ч; окно block_06_12: история 0.15, цикл 0.00; выбрано: историческая производительность; страховой запас 0%"
335,Кутузовский (Не использовать),kfm,2026-09-14,12,12:00-13:00,low,block_12_18,bike,0.04,0.19,10.37,,,2.83,0.0,0.0,0.0,1.0,0,history,time_segment_shift_history,missing_cycle_time,global_hour,global_hour,"Нужно 0 кур.; прогноз 0.0 заказа/ч; окно block_12_18: история 0.00, цикл 0.00; выбрано: историческая производительность; страховой запас 0%"
335,Кутузовский (Не использовать),kfm,2026-09-14,13,13:00-14:00,low,block_12_18,bike,0.04,0.19,10.39,,,2.83,0.0,0.0,0.0,1.0,0,history,time_segment_shift_history,missing_cycle_time,global_hour,global_hour,"Нужно 0 кур.; прогноз 0.0 заказа/ч; окно block_12_18: история 0.00, цикл 0.00; выбрано: историческая производительность; страховой запас 0%"
335,Кутузовский (Не использовать),kfm,2026-09-14,14,14:00-15:00,low,block_12_18,bike,0.03,0.19,10.2,,,2.83,0.0,0.0,0.0,1.0,0,history,time_segment_shift_history,missing_cycle_time,global_hour,global_hour,"Нужно 0 кур.; прогноз 0.0 заказа/ч; окно block_12_18: история 0.00, цикл 0.00; выбрано: историческая производительность; страховой запас 0%"
335,Кутузовский (Не использовать),kfm,2026-09-14,15,15:00-16:00,low,block_12_18,bike,0.03,0.19,10.75,,,2.83,0.0,0.0,0.0,1.0,0,history,time_segment_shift_history,missing_cycle_time,global_hour,global_hour,"Нужно 0 кур.; прогноз 0.0 заказа/ч; окно block_12_18: история 0.00, цикл 0.00; выбрано: историческая производительность; страховой запас 0%"
335,Кутузовский (Не использовать),kfm,2026-09-14,16,16:00-17:00,low,block_12_18,bike,0.02,0.19,11.02,,,2.83,0.0,0.0,0.0,1.0,0,history,time_segment_shift_history,missing_cycle_time,global_hour,global_hour,"Нужно 0 кур.; прогноз 0.0 заказа/ч; окно block_12_18: история 0.00, цикл 0.00; выбрано: историческая производительность; страховой запас 0%"
335,Кутузовский (Не использовать),kfm,2026-09-14,17,17:00-18:00,low,block_12_18,bike,0.02,0.19,10.83,,,2.83,0.0,0.0,0.0,1.0,0,history,time_segment_shift_history,missing_cycle_time,global_hour,global_hour,"Нужно 0 кур.; прогноз 0.0 заказа/ч; окно block_12_18: история 0.00, цикл 0.00; выбрано: историческая производительность; страховой запас 0%"
335,Кутузовский (Не использовать),kfm,2026-09-14,18,18:00-19:00,low,block_18_24,bike,0.13,0.56,11.1,,,2.05,0.05,0.0,0.05,1.0,0,history,time_segment_shift_history,missing_cycle_time,global_hour,global_hour,"Нужно 0 кур.; прогноз 0.1 заказа/ч; окно block_18_24: история 0.05, цикл 0.00; выбрано: историческая производительность; страховой запас 0%"
335,Кутузовский (Не использовать),kfm,2026-09-14,19,19:00-20:00,low,block_18_24,bike,0.13,0.56,10.71,,,2.05,0.05,0.0,0.05,1.0,0,history,time_segment_shift_history,missing_cycle_time,global_hour,global_hour,"Нужно 0 кур.; прогноз 0.1 заказа/ч; окно block_18_24: история 0.05, цикл 0.00; выбрано: историческая производительность; страховой запас 0%"
335,Кутузовский (Не использовать),kfm,2026-09-14,20,20:00-21:00,low,block_18_24,bike,0.12,0.56,10.4,,,2.05,0.05,0.0,0.05,1.0,0,history,time_segment_shift_history,missing_cycle_time,global_hour,global_hour,"Нужно 0 кур.; прогноз 0.1 заказа/ч; окно block_18_24: история 0.05, цикл 0.00; выбрано: историческая производительность; страховой запас 0%"
335,Кутузовский (Не использовать),kfm,2026-09-14,21,21:00-22:00,low,block_18_24,bike,0.09,0.56,9.94,,,2.05,0.05,0.0,0.05,1.0,0,history,time_segment_shift_history,missing_cycle_time,global_hour,global_hour,"Нужно 0 кур.; прогноз 0.1 заказа/ч; окно block_18_24: история 0.05, цикл 0.00; выбрано: историческая производительность; страховой запас 0%"
335,Кутузовский (Не использовать),kfm,2026-09-14,22,22:00-23:00,low,block_18_24,bike,0.05,0.56,9.8,,,2.05,0.05,0.0,0.05,1.0,0,history,time_segment_shift_history,missing_cycle_time,global_hour,global_hour,"Нужно 0 кур.; прогноз 0.1 заказа/ч; окно block_18_24: история 0.05, цикл 0.00; выбрано: историческая производительность; страховой запас 0%"
335,Кутузовский (Не использовать),kfm,2026-09-14,23,23:00-24:00,low,block_18_24,bike,0.03,0.56,9.15,,,2.05,0.05,0.0,0.05,1.0,0,history,time_segment_shift_history,missing_cycle_time,global_hour,global_hour,"Нужно 0 кур.; прогноз 0.0 заказа/ч; окно block_18_24: история 0.05, цикл 0.00; выбрано: историческая производительность; страховой запас 0%"
34,Аркус,kfm,2026-09-14,0,00:00-01:00,medium,block_00_06,auto,2.72,6.67,22.18,,,1.95,0.57,0.0,0.57,1.0,1,history,default_slot_capacity,missing_cycle_time,location_hour,location_hour,"Нужно 1 кур.; прогноз 2.7 заказа/ч; окно block_00_06: история 0.57, цикл 0.00; выбрано: историческая производительность; страховой запас 0%"
34,Аркус,kfm,2026-09-14,1,01:00-02:00,medium,block_00_06,auto,0.78,6.67,16.72,,,1.95,0.57,0.0,0.57,1.0,1,history,default_slot_capacity,missing_cycle_time,location_hour,location_hour,"Нужно 1 кур.; прогноз 0.8 заказа/ч; окно block_00_06: история 0.57, цикл 0.00; выбрано: историческая производительность; страховой запас 0%"
34,Аркус,kfm,2026-09-14,2,02:00-03:00,medium,block_00_06,auto,0.91,6.67,21.57,,,1.95,0.57,0.0,0.57,1.0,1,history,default_slot_capacity,missing_cycle_time,location_hour,location_hour,"Нужно 1 кур.; прогноз 0.9 заказа/ч; окно block_00_06: история 0.57, цикл 0.00; выбрано: историческая производительность; страховой запас 0%"
34,Аркус,kfm,2026-09-14,3,03:00-04:00,medium,block_00_06,auto,0.65,6.67,17.56,,,1.95,0.57,0.0,0.57,1.0,1,history,default_slot_capacity,missing_cycle_time,location_hour,location_hour,"Нужно 1 кур.; прогноз 0.6 заказа/ч; окно block_00_06: история 0.57, цикл 0.00; выбрано: историческая производительность; страховой запас 0%"
34,Аркус,kfm,2026-09-14,4,04:00-05:00,medium,block_00_06,auto,0.39,6.67,18.21,,,1.95,0.57,0.0,0.57,1.0,1,history,default_slot_capacity,missing_cycle_time,location_hour,location_hour,"Нужно 1 кур.; прогноз 0.4 заказа/ч; окно block_00_06: история 0.57, цикл 0.00; выбрано: историческая производительность; страховой запас 0%"
34,Аркус,kfm,2026-09-14,5,05:00-06:00,medium,block_00_06,auto,1.23,6.67,19.28,,,1.95,0.57,0.0,0.57,1.0,1,history,default_slot_capacity,missing_cycle_time,location_hour,location_hour,"Нужно 1 кур.; прогноз 1.2 заказа/ч; окно block_00_06: история 0.57, цикл 0.00; выбрано: историческая производительность; страховой запас 0%"
34,Аркус,kfm,2026-09-14,6,06:00-07:00,medium,block_06_12,auto,3.14,4.13,22.85,,,1.27,0.54,0.0,0.54,1.0,1,history,segment_shift_history,missing_cycle_time,location_hour,location_hour,"Нужно 1 кур.; прогноз 3.1 заказа/ч; окно block_06_12: история 0.54, цикл 0.00; выбрано: историческая производительность; страховой запас 0%"
34,Аркус,kfm,2026-09-14,22,22:00-23:00,medium,block_18_24,auto,0.37,3.25,15.38,,,1.14,0.47,0.0,0.47,1.0,1,history,segment_shift_history,missing_cycle_time,location_hour,location_hour,"Нужно 1 кур.; прогноз 0.4 заказа/ч; окно block_18_24: история 0.47, цикл 0.00; выбрано: историческая производительность; страховой запас 0%"
34,Аркус,kfm,2026-09-14,23,23:00-24:00,medium,block_18_24,auto,2.66,3.25,14.31,,,1.14,0.47,0.0,0.47,1.0,1,history,segment_shift_history,missing_cycle_time,location_hour,location_hour,"Нужно 1 кур.; прогноз 2.7 заказа/ч; окно block_18_24: история 0.47, цикл 0.00; выбрано: историческая производительность; страховой запас 0%"
343,NIKI,non_kfm,2026-09-14,12,12:00-13:00,low,block_12_18,auto,0.01,0.07,23.54,,,1.09,0.0,0.0,0.0,1.0,0,history,time_segment_shift_history,missing_cycle_time,global_hour,global_hour,"Нужно 0 кур.; прогноз 0.0 заказа/ч; окно block_12_18: история 0.00, цикл 0.00; выбрано: историческая производительность; страховой запас 0%"
343,NIKI,non_kfm,2026-09-14,13,13:00-14:00,low,block_12_18,auto,0.01,0.07,23.55,,,1.09,0.0,0.0,0.0,1.0,0,history,time_segment_shift_history,missing_cycle_time,global_hour,global_hour,"Нужно 0 кур.; прогноз 0.0 заказа/ч; окно block_12_18: история 0.00, цикл 0.00; выбрано: историческая производительность; страховой запас 0%"
343,NIKI,non_kfm,2026-09-14,14,14:00-15:00,low,block_12_18,auto,0.01,0.07,24.06,,,1.09,0.0,0.0,0.0,1.0,0,history,time_segment_shift_history,missing_cycle_time,global_hour,global_hour,"Нужно 0 кур.; прогноз 0.0 заказа/ч; окно block_12_18: история 0.00, цикл 0.00; выбрано: историческая производительность; страховой запас 0%"
343,NIKI,non_kfm,2026-09-14,15,15:00-16:00,low,block_12_18,auto,0.01,0.07,24.51,,,1.09,0.0,0.0,0.0,1.0,0,history,time_segment_shift_history,missing_cycle_time,global_hour,global_hour,"Нужно 0 кур.; прогноз 0.0 заказа/ч; окно block_12_18: история 0.00, цикл 0.00; выбрано: историческая производительность; страховой запас 0%"
343,NIKI,non_kfm,2026-09-14,16,16:00-17:00,low,block_12_18,auto,0.01,0.07,25.16,,,1.09,0.0,0.0,0.0,1.0,0,history,time_segment_shift_history,missing_cycle_time,global_hour,global_hour,"Нужно 0 кур.; прогноз 0.0 заказа/ч; окно block_12_18: история 0.00, цикл 0.00; выбрано: историческая производительность; страховой запас 0%"
343,NIKI,non_kfm,2026-09-14,17,17:00-18:00,low,block_12_18,auto,0.01,0.07,27.66,,,1.09,0.0,0.0,0.0,1.0,0,history,time_segment_shift_history,missing_cycle_time,global_hour,global_hour,"Нужно 0 кур.; прогноз 0.0 заказа/ч; окно block_12_18: история 0.00, цикл 0.00; выбрано: историческая производительность; страховой запас 0%"
343,NIKI,non_kfm,2026-09-14,18,18:00-19:00,low,block_18_24,auto,0.01,0.06,27.41,,,1.15,0.0,0.0,0.0,1.0,0,history,time_segment_shift_history,missing_cycle_time,global_hour,global_hour,"Нужно 0 кур.; прогноз 0.0 заказа/ч; окно block_18_24: история 0.00, цикл 0.00; выбрано: историческая производительность; страховой запас 0%"
343,NIKI,non_kfm,2026-09-14,19,19:00-20:00,low,block_18_24,auto,0.01,0.06,26.64,,,1.15,0.0,0.0,0.0,1.0,0,history,time_segment_shift_history,missing_cycle_time,global_hour,global_hour,"Нужно 0 кур.; прогноз 0.0 заказа/ч; окно block_18_24: история 0.00, цикл 0.00; выбрано: историческая производительность; страховой запас 0%"
343,NIKI,non_kfm,2026-09-14,20,20:00-21:00,low,block_18_24,auto,0.01,0.06,23.12,,,1.15,0.0,0.0,0.0,1.0,0,history,time_segment_shift_history,missing_cycle_time,global_hour,global_hour,"Нужно 0 кур.; прогноз 0.0 заказа/ч; окно block_18_24: история 0.00, цикл 0.00; выбрано: историческая производительность; страховой запас 0%"
343,NIKI,non_kfm,2026-09-14,21,21:00-22:00,low,block_18_24,auto,0.01,0.06,21.83,,,1.15,0.0,0.0,0.0,1.0,0,history,time_segment_shift_history,missing_cycle_time,global_hour,global_hour,"Нужно 0 кур.; прогноз 0.0 заказа/ч; окно block_18_24: история 0.00, цикл 0.00; выбрано: историческая производительность; страховой запас 0%"
343,NIKI,non_kfm,2026-09-14,12,12:00-13:00,low,block_12_18,bike,0.02,0.1,10.37,,,2.83,0.0,0.0,0.0,1.0,0,history,time_segment_shift_history,missing_cycle_time,global_hour,global_hour,"Нужно 0 кур.; прогноз 0.0 заказа/ч; окно block_12_18: история 0.00, цикл 0.00; выбрано: историческая производительность; страховой запас 0%"
343,NIKI,non_kfm,2026-09-14,13,13:00-14:00,low,block_12_18,bike,0.02,0.1,10.39,,,2.83,0.0,0.0,0.0,1.0,0,history,time_segment_shift_history,missing_cycle_time,global_hour,global_hour,"Нужно 0 кур.; прогноз 0.0 заказа/ч; окно block_12_18: история 0.00, цикл 0.00; выбрано: историческая производительность; страховой запас 0%"
343,NIKI,non_kfm,2026-09-14,14,14:00-15:00,low,block_12_18,bike,0.02,0.1,7.48,,,2.83,0.0,0.0,0.0,1.0,0,history,time_segment_shift_history,missing_cycle_time,global_hour,location_hour,"Нужно 0 кур.; прогноз 0.0 заказа/ч; окно block_12_18: история 0.00, цикл 0.00; выбрано: историческая производительность; страховой запас 0%"
343,NIKI,non_kfm,2026-09-14,15,15:00-16:00,low,block_12_18,bike,0.01,0.1,8.95,,,2.83,0.0,0.0,0.0,1.0,0,history,time_segment_shift_history,missing_cycle_time,global_hour,location_hour,"Нужно 0 кур.; прогноз 0.0 заказа/ч; окно block_12_18: история 0.00, цикл 0.00; выбрано: историческая производительность; страховой запас 0%"
343,NIKI,non_kfm,2026-09-14,16,16:00-17:00,low,block_12_18,bike,0.01,0.1,11.02,,,2.83,0.0,0.0,0.0,1.0,0,history,time_segment_shift_history,missing_cycle_time,global_hour,global_hour,"Нужно 0 кур.; прогноз 0.0 заказа/ч; окно block_12_18: история 0.00, цикл 0.00; выбрано: историческая производительность; страховой запас 0%"
343,NIKI,non_kfm,2026-09-14,17,17:00-18:00,low,block_12_18,bike,0.01,0.1,10.83,,,2.83,0.0,0.0,0.0,1.0,0,history,time_segment_shift_history,missing_cycle_time,global_hour,global_hour,"Нужно 0 кур.; прогноз 0.0 заказа/ч; окно block_12_18: история 0.00, цикл 0.00; выбрано: историческая производительность; страховой запас 0%"
343,NIKI,non_kfm,2026-09-14,18,18:00-19:00,low,block_18_24,bike,0.02,0.1,11.1,,,2.05,0.0,0.0,0.0,1.0,0,history,time_segment_shift_history,missing_cycle_time,global_hour,global_hour,"Нужно 0 кур.; прогноз 0.0 заказа/ч; окно block_18_24: история 0.00, цикл 0.00; выбрано: историческая производительность; страховой запас 0%"
343,NIKI,non_kfm,2026-09-14,19,19:00-20:00,low,block_18_24,bike,0.02,0.1,10.71,,,2.05,0.0,0.0,0.0,1.0,0,history,time_segment_shift_history,missing_cycle_time,global_hour,global_hour,"Нужно 0 кур.; прогноз 0.0 заказа/ч; окно block_18_24: история 0.00, цикл 0.00; выбрано: историческая производительность; страховой запас 0%"
343,NIKI,non_kfm,2026-09-14,20,20:00-21:00,low,block_18_24,bike,0.02,0.1,10.4,,,2.05,0.0,0.0,0.0,1.0,0,history,time_segment_shift_history,missing_cycle_time,global_hour,global_hour,"Нужно 0 кур.; прогноз 0.0 заказа/ч; окно block_18_24: история 0.00, цикл 0.00; выбрано: историческая производительность; страховой запас 0%"
343,NIKI,non_kfm,2026-09-14,21,21:00-22:00,low,block_18_24,bike,0.02,0.1,9.94,,,2.05,0.0,0.0,0.0,1.0,0,history,time_segment_shift_history,missing_cycle_time,global_hour,global_hour,"Нужно 0 кур.; прогноз 0.0 заказа/ч; окно block_18_24: история 0.00, цикл 0.00; выбрано: историческая производительность; страховой запас 0%"
345,All Day,non_kfm,2026-09-14,8,08:00-09:00,low,block_06_12,bike,0.02,0.11,10.4,,,3.03,0.0,0.0,0.0,1.0,0,history,time_segment_shift_history,missing_cycle_time,global_hour,global_hour,"Нужно 0 кур.; прогноз 0.0 заказа/ч; окно block_06_12: история 0.00, цикл 0.00; выбрано: историческая производительность; страховой запас 0%"
345,All Day,non_kfm,2026-09-14,9,09:00-10:00,low,block_06_12,bike,0.03,0.11,10.37,,,3.03,0.0,0.0,0.0,1.0,0,history,time_segment_shift_history,missing_cycle_time,global_hour,global_hour,"Нужно 0 кур.; прогноз 0.0 заказа/ч; окно block_06_12: история 0.00, цикл 0.00; выбрано: историческая производительность; страховой запас 0%"
345,All Day,non_kfm,2026-09-14,10,10:00-11:00,low,block_06_12,bike,0.03,0.11,10.11,,,3.03,0.0,0.0,0.0,1.0,0,history,time_segment_shift_history,missing_cycle_time,global_hour,global_hour,"Нужно 0 кур.; прогноз 0.0 заказа/ч; окно block_06_12: история 0.00, цикл 0.00; выбрано: историческая производительность; страховой запас 0%"
345,All Day,non_kfm,2026-09-14,11,11:00-12:00,low,block_06_12,bike,0.03,0.11,10.41,,,3.03,0.0,0.0,0.0,1.0,0,history,time_segment_shift_history,missing_cycle_time,global_hour,global_hour,"Нужно 0 кур.; прогноз 0.0 заказа/ч; окно block_06_12: история 0.00, цикл 0.00; выбрано: историческая производительность; страховой запас 0%"
345,All Day,non_kfm,2026-09-14,12,12:00-13:00,low,block_12_18,bike,0.03,0.16,10.37,,,2.83,0.0,0.0,0.0,1.0,0,history,time_segment_shift_history,missing_cycle_time,global_hour,global_hour,"Нужно 0 кур.; прогноз 0.0 заказа/ч; окно block_12_18: история 0.00, цикл 0.00; выбрано: историческая производительность; страховой запас 0%"
345,All Day,non_kfm,2026-09-14,13,13:00-14:00,low,block_12_18,bike,0.03,0.16,10.39,,,2.83,0.0,0.0,0.0,1.0,0,history,time_segment_shift_history,missing_cycle_time,global_hour,global_hour,"Нужно 0 кур.; прогноз 0.0 заказа/ч; окно block_12_18: история 0.00, цикл 0.00; выбрано: историческая производительность; страховой запас 0%"
345,All Day,non_kfm,2026-09-14,14,14:00-15:00,low,block_12_18,bike,0.03,0.16,10.2,,,2.83,0.0,0.0,0.0,1.0,0,history,time_segment_shift_history,missing_cycle_time,global_hour,global_hour,"Нужно 0 кур.; прогноз 0.0 заказа/ч; окно block_12_18: история 0.00, цикл 0.00; выбрано: историческая производительность; страховой запас 0%"
345,All Day,non_kfm,2026-09-14,15,15:00-16:00,low,block_12_18,bike,0.02,0.16,10.75,,,2.83,0.0,0.0,0.0,1.0,0,history,time_segment_shift_history,missing_cycle_time,global_hour,global_hour,"Нужно 0 кур.; прогноз 0.0 заказа/ч; окно block_12_18: история 0.00, цикл 0.00; выбрано: историческая производительность; страховой запас 0%"
345,All Day,non_kfm,2026-09-14,16,16:00-17:00,low,block_12_18,bike,0.02,0.16,11.02,,,2.83,0.0,0.0,0.0,1.0,0,history,time_segment_shift_history,missing_cycle_time,global_hour,global_hour,"Нужно 0 кур.; прогноз 0.0 заказа/ч; окно block_12_18: история 0.00, цикл 0.00; выбрано: историческая производительность; страховой запас 0%"
345,All Day,non_kfm,2026-09-14,17,17:00-18:00,low,block_12_18,bike,0.02,0.16,10.83,,,2.83,0.0,0.0,0.0,1.0,0,history,time_segment_shift_history,missing_cycle_time,global_hour,global_hour,"Нужно 0 кур.; прогноз 0.0 заказа/ч; окно block_12_18: история 0.00, цикл 0.00; выбрано: историческая производительность; страховой запас 0%"
345,All Day,non_kfm,2026-09-14,18,18:00-19:00,low,block_18_24,bike,0.03,0.12,11.1,,,2.05,0.0,0.0,0.0,1.0,0,history,time_segment_shift_history,missing_cycle_time,global_hour,global_hour,"Нужно 0 кур.; прогноз 0.0 заказа/ч; окно block_18_24: история 0.00, цикл 0.00; выбрано: историческая производительность; страховой запас 0%"
345,All Day,non_kfm,2026-09-14,19,19:00-20:00,low,block_18_24,bike,0.03,0.12,10.71,,,2.05,0.0,0.0,0.0,1.0,0,history,time_segment_shift_history,missing_cycle_time,global_hour,global_hour,"Нужно 0 кур.; прогноз 0.0 заказа/ч; окно block_18_24: история 0.00, цикл 0.00; выбрано: историческая производительность; страховой запас 0%"
345,All Day,non_kfm,2026-09-14,20,20:00-21:00,low,block_18_24,bike,0.03,0.12,10.4,,,2.05,0.0,0.0,0.0,1.0,0,history,time_segment_shift_history,missing_cycle_time,global_hour,global_hour,"Нужно 0 кур.; прогноз 0.0 заказа/ч; окно block_18_24: история 0.00, цикл 0.00; выбрано: историческая производительность; страховой запас 0%"
347,Dacha,non_kfm,2026-09-14,12,12:00-13:00,low,block_12_18,auto,0.03,0.16,23.54,,,1.09,0.0,0.0,0.0,1.0,0,history,time_segment_shift_history,missing_cycle_time,global_hour,global_hour,"Нужно 0 кур.; прогноз 0.0 заказа/ч; окно block_12_18: история 0.00, цикл 0.00; выбрано: историческая производительность; страховой запас 0%"
347,Dacha,non_kfm,2026-09-14,13,13:00-14:00,low,block_12_18,auto,0.03,0.16,23.55,,,1.09,0.0,0.0,0.0,1.0,0,history,time_segment_shift_history,missing_cycle_time,global_hour,global_hour,"Нужно 0 кур.; прогноз 0.0 заказа/ч; окно block_12_18: история 0.00, цикл 0.00; выбрано: историческая производительность; страховой запас 0%"
347,Dacha,non_kfm,2026-09-14,14,14:00-15:00,low,block_12_18,auto,0.03,0.16,24.06,,,1.09,0.0,0.0,0.0,1.0,0,history,time_segment_shift_history,missing_cycle_time,global_hour,global_hour,"Нужно 0 кур.; прогноз 0.0 заказа/ч; окно block_12_18: история 0.00, цикл 0.00; выбрано: историческая производительность; страховой запас 0%"
347,Dacha,non_kfm,2026-09-14,15,15:00-16:00,low,block_12_18,auto,0.02,0.16,24.51,,,1.09,0.0,0.0,0.0,1.0,0,history,time_segment_shift_history,missing_cycle_time,global_hour,global_hour,"Нужно 0 кур.; прогноз 0.0 заказа/ч; окно block_12_18: история 0.00, цикл 0.00; выбрано: историческая производительность; страховой запас 0%"
347,Dacha,non_kfm,2026-09-14,16,16:00-17:00,low,block_12_18,auto,0.02,0.16,25.16,,,1.09,0.0,0.0,0.0,1.0,0,history,time_segment_shift_history,missing_cycle_time,global_hour,global_hour,"Нужно 0 кур.; прогноз 0.0 заказа/ч; окно block_12_18: история 0.00, цикл 0.00; выбрано: историческая производительность; страховой запас 0%"
347,Dacha,non_kfm,2026-09-14,17,17:00-18:00,low,block_12_18,auto,0.02,0.16,27.66,,,1.09,0.0,0.0,0.0,1.0,0,history,time_segment_shift_history,missing_cycle_time,global_hour,global_hour,"Нужно 0 кур.; прогноз 0.0 заказа/ч; окно block_12_18: история 0.00, цикл 0.00; выбрано: историческая производительность; страховой запас 0%"
347,Dacha,non_kfm,2026-09-14,18,18:00-19:00,low,block_18_24,auto,0.03,0.13,27.41,,,1.15,0.0,0.0,0.0,1.0,0,history,time_segment_shift_history,missing_cycle_time,global_hour,global_hour,"Нужно 0 кур.; прогноз 0.0 заказа/ч; окно block_18_24: история 0.00, цикл 0.00; выбрано: историческая производительность; страховой запас 0%"
347,Dacha,non_kfm,2026-09-14,19,19:00-20:00,low,block_18_24,auto,0.03,0.13,26.64,,,1.15,0.0,0.0,0.0,1.0,0,history,time_segment_shift_history,missing_cycle_time,global_hour,global_hour,"Нужно 0 кур.; прогноз 0.0 заказа/ч; окно block_18_24: история 0.00, цикл 0.00; выбрано: историческая производительность; страховой запас 0%"
347,Dacha,non_kfm,2026-09-14,20,20:00-21:00,low,block_18_24,auto,0.03,0.13,23.12,,,1.15,0.0,0.0,0.0,1.0,0,history,time_segment_shift_history,missing_cycle_time,global_hour,global_hour,"Нужно 0 кур.; прогноз 0.0 заказа/ч; окно block_18_24: история 0.00, цикл 0.00; выбрано: историческая производительность; страховой запас 0%"
347,Dacha,non_kfm,2026-09-14,21,21:00-22:00,low,block_18_24,auto,0.02,0.13,18.49,,,1.15,0.0,0.0,0.0,1.0,0,history,time_segment_shift_history,missing_cycle_time,global_hour,location_hour,"Нужно 0 кур.; прогноз 0.0 заказа/ч; окно block_18_24: история 0.00, цикл 0.00; выбрано: историческая производительность; страховой запас 0%"
347,Dacha,non_kfm,2026-09-14,22,22:00-23:00,low,block_18_24,auto,0.01,0.13,16.14,,,1.15,0.0,0.0,0.0,1.0,0,history,time_segment_shift_history,missing_cycle_time,global_hour,global_hour,"Нужно 0 кур.; прогноз 0.0 заказа/ч; окно block_18_24: история 0.00, цикл 0.00; выбрано: историческая производительность; страховой запас 0%"
347,Dacha,non_kfm,2026-09-14,12,12:00-13:00,low,block_12_18,bike,0.01,0.06,17.02,,,2.83,0.0,0.0,0.0,1.0,0,history,time_segment_shift_history,missing_cycle_time,global_hour,location_hour,"Нужно 0 кур.; прогноз 0.0 заказа/ч; окно block_12_18: история 0.00, цикл 0.00; выбрано: историческая производительность; страховой запас 0%"
347,Dacha,non_kfm,2026-09-14,13,13:00-14:00,low,block_12_18,bike,0.01,0.06,16.03,,,2.83,0.0,0.0,0.0,1.0,0,history,time_segment_shift_history,missing_cycle_time,global_hour,location_hour,"Нужно 0 кур.; прогноз 0.0 заказа/ч; окно block_12_18: история 0.00, цикл 0.00; выбрано: историческая производительность; страховой запас 0%"
347,Dacha,non_kfm,2026-09-14,14,14:00-15:00,low,block_12_18,bike,0.01,0.06,10.2,,,2.83,0.0,0.0,0.0,1.0,0,history,time_segment_shift_history,missing_cycle_time,global_hour,global_hour,"Нужно 0 кур.; прогноз 0.0 заказа/ч; окно block_12_18: история 0.00, цикл 0.00; выбрано: историческая производительность; страховой запас 0%"
347,Dacha,non_kfm,2026-09-14,15,15:00-16:00,low,block_12_18,bike,0.01,0.06,11.95,,,2.83,0.0,0.0,0.0,1.0,0,history,time_segment_shift_history,missing_cycle_time,global_hour,location_hour,"Нужно 0 кур.; прогноз 0.0 заказа/ч; окно block_12_18: история 0.00, цикл 0.00; выбрано: историческая производительность; страховой запас 0%"
347,Dacha,non_kfm,2026-09-14,16,16:00-17:00,low,block_12_18,bike,0.01,0.06,11.02,,,2.83,0.0,0.0,0.0,1.0,0,history,time_segment_shift_history,missing_cycle_time,global_hour,global_hour,"Нужно 0 кур.; прогноз 0.0 заказа/ч; окно block_12_18: история 0.00, цикл 0.00; выбрано: историческая производительность; страховой запас 0%"
347,Dacha,non_kfm,2026-09-14,17,17:00-18:00,low,block_12_18,bike,0.01,0.06,9.39,,,2.83,0.0,0.0,0.0,1.0,0,history,time_segment_shift_history,missing_cycle_time,global_hour,location_hour,"Нужно 0 кур.; прогноз 0.0 заказа/ч; окно block_12_18: история 0.00, цикл 0.00; выбрано: историческая производительность; страховой запас 0%"
347,Dacha,non_kfm,2026-09-14,18,18:00-19:00,low,block_18_24,bike,0.02,0.08,11.1,,,2.05,0.0,0.0,0.0,1.0,0,history,time_segment_shift_history,missing_cycle_time,global_hour,global_hour,"Нужно 0 кур.; прогноз 0.0 заказа/ч; окно block_18_24: история 0.00, цикл 0.00; выбрано: историческая производительность; страховой запас 0%"
347,Dacha,non_kfm,2026-09-14,19,19:00-20:00,low,block_18_24,bike,0.02,0.08,21.82,,,2.05,0.0,0.0,0.0,1.0,0,history,time_segment_shift_history,missing_cycle_time,global_hour,location_hour,"Нужно 0 кур.; прогноз 0.0 заказа/ч; окно block_18_24: история 0.00, цикл 0.00; выбрано: историческая производительность; страховой запас 0%"
347,Dacha,non_kfm,2026-09-14,20,20:00-21:00,low,block_18_24,bike,0.02,0.08,18.3,,,2.05,0.0,0.0,0.0,1.0,0,history,time_segment_shift_history,missing_cycle_time,global_hour,location_hour,"Нужно 0 кур.; прогноз 0.0 заказа/ч; окно block_18_24: история 0.00, цикл 0.00; выбрано: историческая производительность; страховой запас 0%"
347,Dacha,non_kfm,2026-09-14,21,21:00-22:00,low,block_18_24,bike,0.01,0.08,9.94,,,2.05,0.0,0.0,0.0,1.0,0,history,time_segment_shift_history,missing_cycle_time,global_hour,global_hour,"Нужно 0 кур.; прогноз 0.0 заказа/ч; окно block_18_24: история 0.00, цикл 0.00; выбрано: историческая производительность; страховой запас 0%"
347,Dacha,non_kfm,2026-09-14,22,22:00-23:00,low,block_18_24,bike,0.01,0.08,9.8,,,2.05,0.0,0.0,0.0,1.0,0,history,time_segment_shift_history,missing_cycle_time,global_hour,global_hour,"Нужно 0 кур.; прогноз 0.0 заказа/ч; окно block_18_24: история 0.00, цикл 0.00; выбрано: историческая производительность; страховой запас 0%"
348,Рига Холл,kfm,2026-09-14,8,08:00-09:00,medium,block_06_12,auto,0.96,3.37,18.6,,,1.27,0.44,0.0,0.44,1.0,1,history,segment_shift_history,missing_cycle_time,location_hour,location_hour,"Нужно 1 кур.; прогноз 1.0 заказа/ч; окно block_06_12: история 0.44, цикл 0.00; выбрано: историческая производительность; страховой запас 0%"
348,Рига Холл,kfm,2026-09-14,9,09:00-10:00,medium,block_06_12,auto,0.96,3.37,16.22,,,1.27,0.44,0.0,0.44,1.0,1,history,segment_shift_history,missing_cycle_time,location_hour,location_hour,"Нужно 1 кур.; прогноз 1.0 заказа/ч; окно block_06_12: история 0.44, цикл 0.00; выбрано: историческая производительность; страховой запас 0%"
348,Рига Холл,kfm,2026-09-14,10,10:00-11:00,medium,block_06_12,auto,0.77,3.37,20.85,,,1.27,0.44,0.0,0.44,1.0,1,history,segment_shift_history,missing_cycle_time,location_hour,location_hour,"Нужно 1 кур.; прогноз 0.8 заказа/ч; окно block_06_12: история 0.44, цикл 0.00; выбрано: историческая производительность; страховой запас 0%"
348,Рига Холл,kfm,2026-09-14,11,11:00-12:00,medium,block_06_12,auto,0.67,3.37,16.39,,,1.27,0.44,0.0,0.44,1.0,1,history,segment_shift_history,missing_cycle_time,location_hour,location_hour,"Нужно 1 кур.; прогноз 0.7 заказа/ч; окно block_06_12: история 0.44, цикл 0.00; выбрано: историческая производительность; страховой запас 0%"
348,Рига Холл,kfm,2026-09-14,12,12:00-13:00,medium,block_12_18,auto,1.34,6.26,16.1,,,1.08,0.96,0.0,0.96,1.0,1,history,segment_shift_history,missing_cycle_time,location_hour,location_hour,"Нужно 1 кур.; прогноз 1.3 заказа/ч; окно block_12_18: история 0.96, цикл 0.00; выбрано: историческая производительность; страховой запас 0%"
348,Рига Холл,kfm,2026-09-14,13,13:00-14:00,medium,block_12_18,auto,1.07,6.26,15.88,,,1.08,0.96,0.0,0.96,1.0,1,history,segment_shift_history,missing_cycle_time,location_hour,location_hour,"Нужно 1 кур.; прогноз 1.1 заказа/ч; окно block_12_18: история 0.96, цикл 0.00; выбрано: историческая производительность; страховой запас 0%"
348,Рига Холл,kfm,2026-09-14,14,14:00-15:00,medium,block_12_18,auto,1.23,6.26,17.35,,,1.08,0.96,0.0,0.96,1.0,1,history,segment_shift_history,missing_cycle_time,location_hour,location_hour,"Нужно 1 кур.; прогноз 1.2 заказа/ч; окно block_12_18: история 0.96, цикл 0.00; выбрано: историческая производительность; страховой запас 0%"
348,Рига Холл,kfm,2026-09-14,15,15:00-16:00,medium,block_12_18,auto,1.18,6.26,18.23,,,1.08,0.96,0.0,0.96,1.0,1,history,segment_shift_history,missing_cycle_time,location_hour,location_hour,"Нужно 1 кур.; прогноз 1.2 заказа/ч; окно block_12_18: история 0.96, цикл 0.00; выбрано: историческая производительность; страховой запас 0%"
348,Рига Холл,kfm,2026-09-14,16,16:00-17:00,medium,block_12_18,auto,0.59,6.26,16.99,,,1.08,0.96,0.0,0.96,1.0,1,history,segment_shift_history,missing_cycle_time,location_hour,location_hour,"Нужно 1 кур.; прогноз 0.6 заказа/ч; окно block_12_18: история 0.96, цикл 0.00; выбрано: историческая производительность; страховой запас 0%"
348,Рига Холл,kfm,2026-09-14,17,17:00-18:00,medium,block_12_18,auto,0.86,6.26,20.19,,,1.08,0.96,0.0,0.96,1.0,1,history,segment_shift_history,missing_cycle_time,location_hour,location_hour,"Нужно 1 кур.; прогноз 0.9 заказа/ч; окно block_12_18: история 0.96, цикл 0.00; выбрано: историческая производительность; страховой запас 0%"
348,Рига Холл,kfm,2026-09-14,18,18:00-19:00,medium,block_18_24,auto,1.64,3.44,19.39,,,1.14,0.5,0.0,0.5,1.0,1,history,segment_shift_history,missing_cycle_time,location_hour,location_hour,"Нужно 1 кур.; прогноз 1.6 заказа/ч; окно block_18_24: история 0.50, цикл 0.00; выбрано: историческая производительность; страховой запас 0%"
348,Рига Холл,kfm,2026-09-14,19,19:00-20:00,medium,block_18_24,auto,0.9,3.44,17.18,,,1.14,0.5,0.0,0.5,1.0,1,history,segment_shift_history,missing_cycle_time,location_hour,location_hour,"Нужно 1 кур.; прогноз 0.9 заказа/ч; окно block_18_24: история 0.50, цикл 0.00; выбрано: историческая производительность; страховой запас 0%"
348,Рига Холл,kfm,2026-09-14,20,20:00-21:00,medium,block_18_24,auto,0.82,3.44,17.64,,,1.14,0.5,0.0,0.5,1.0,1,history,segment_shift_history,missing_cycle_time,location_hour,location_hour,"Нужно 1 кур.; прогноз 0.8 заказа/ч; окно block_18_24: история 0.50, цикл 0.00; выбрано: историческая производительность; страховой запас 0%"
35,Ленинский,kfm,2026-09-14,8,08:00-09:00,high,early_morning,auto,2.47,2.47,22.27,,,1.3,1.9,0.0,1.9,1.0,2,history,segment_shift_history,missing_cycle_time,location_hour,location_hour,"Нужно 2 кур.; прогноз 2.5 заказа/ч; окно early_morning: история 1.90, цикл 0.00; выбрано: историческая производительность; страховой запас 0%"
35,Ленинский,kfm,2026-09-14,9,09:00-10:00,high,morning,auto,3.66,7.77,21.98,,,1.29,3.02,0.0,3.02,1.0,3,history,location_shift_history,missing_cycle_time,location_hour,location_hour,"Нужно 3 кур.; прогноз 3.7 заказа/ч; окно morning: история 3.02, цикл 0.00; выбрано: историческая производительность; страховой запас 0%"
35,Ленинский,kfm,2026-09-14,10,10:00-11:00,high,morning,auto,4.11,7.77,22.8,,,1.29,3.02,0.0,3.02,1.0,3,history,location_shift_history,missing_cycle_time,location_hour,location_hour,"Нужно 3 кур.; прогноз 4.1 заказа/ч; окно morning: история 3.02, цикл 0.00; выбрано: историческая производительность; страховой запас 0%"
35,Ленинский,kfm,2026-09-14,11,11:00-12:00,high,lunch,auto,5.08,18.34,23.21,,,1.18,3.9,0.0,3.9,1.0,4,history,location_shift_history,missing_cycle_time,location_hour,location_hour,"Нужно 4 кур.; прогноз 5.1 заказа/ч; окно lunch: история 3.90, цикл 0.00; выбрано: историческая производительность; страховой запас 0%"
35,Ленинский,kfm,2026-09-14,12,12:00-13:00,high,lunch,auto,4.13,18.34,23.64,,,1.18,3.9,0.0,3.9,1.0,4,history,location_shift_history,missing_cycle_time,location_hour,location_hour,"Нужно 4 кур.; прогноз 4.1 заказа/ч; окно lunch: история 3.90, цикл 0.00; выбрано: историческая производительность; страховой запас 0%"
35,Ленинский,kfm,2026-09-14,13,13:00-14:00,high,lunch,auto,4.95,18.34,22.54,,,1.18,3.9,0.0,3.9,1.0,4,history,location_shift_history,missing_cycle_time,location_hour,location_hour,"Нужно 4 кур.; прогноз 5.0 заказа/ч; окно lunch: история 3.90, цикл 0.00; выбрано: историческая производительность; страховой запас 0%"
35,Ленинский,kfm,2026-09-14,14,14:00-15:00,high,lunch,auto,4.18,18.34,22.29,,,1.18,3.9,0.0,3.9,1.0,4,history,location_shift_history,missing_cycle_time,location_hour,location_hour,"Нужно 4 кур.; прогноз 4.2 заказа/ч; окно lunch: история 3.90, цикл 0.00; выбрано: историческая производительность; страховой запас 0%"
35,Ленинский,kfm,2026-09-14,15,15:00-16:00,high,afternoon,auto,4.13,9.44,23.49,,,1.09,2.89,0.0,2.89,1.0,3,history,location_shift_history,missing_cycle_time,location_hour,location_hour,"Нужно 3 кур.; прогноз 4.1 заказа/ч; окно afternoon: история 2.89, цикл 0.00; выбрано: историческая производительность; страховой запас 0%"
35,Ленинский,kfm,2026-09-14,16,16:00-17:00,high,afternoon,auto,3.17,9.44,28.88,,,1.09,2.89,0.0,2.89,1.0,3,history,location_shift_history,missing_cycle_time,location_hour,location_hour,"Нужно 3 кур.; прогноз 3.2 заказа/ч; окно afternoon: история 2.89, цикл 0.00; выбрано: историческая производительность; страховой запас 0%"
35,Ленинский,kfm,2026-09-14,17,17:00-18:00,high,afternoon,auto,2.13,9.44,29.62,,,1.09,2.89,0.0,2.89,1.0,3,history,location_shift_history,missing_cycle_time,location_hour,location_hour,"Нужно 3 кур.; прогноз 2.1 заказа/ч; окно afternoon: история 2.89, цикл 0.00; выбрано: историческая производительность; страховой запас 0%"
35,Ленинский,kfm,2026-09-14,18,18:00-19:00,high,dinner,auto,3.35,8.66,29.77,,,0.87,3.31,0.0,3.31,1.0,3,history,location_shift_history,missing_cycle_time,location_hour,location_hour,"Нужно 3 кур.; прогноз 3.4 заказа/ч; окно dinner: история 3.31, цикл 0.00; выбрано: историческая производительность; страховой запас 0%"
35,Ленинский,kfm,2026-09-14,19,19:00-20:00,high,dinner,auto,3.23,8.66,24.56,,,0.87,3.31,0.0,3.31,1.0,3,history,location_shift_history,missing_cycle_time,location_hour,location_hour,"Нужно 3 кур.; прогноз 3.2 заказа/ч; окно dinner: история 3.31, цикл 0.00; выбрано: историческая производительность; страховой запас 0%"
35,Ленинский,kfm,2026-09-14,20,20:00-21:00,high,dinner,auto,2.08,8.66,24.07,,,0.87,3.31,0.0,3.31,1.0,3,history,location_shift_history,missing_cycle_time,location_hour,location_hour,"Нужно 3 кур.; прогноз 2.1 заказа/ч; окно dinner: история 3.31, цикл 0.00; выбрано: историческая производительность; страховой запас 0%"
35,Ленинский,kfm,2026-09-14,21,21:00-22:00,high,late_evening,auto,2.58,3.57,21.19,,,1.09,1.1,0.0,1.1,1.0,1,history,segment_shift_history,missing_cycle_time,location_hour,location_hour,"Нужно 1 кур.; прогноз 2.6 заказа/ч; окно late_evening: история 1.10, цикл 0.00; выбрано: историческая производительность; страховой запас 0%"
35,Ленинский,kfm,2026-09-14,22,22:00-23:00,high,late_evening,auto,0.99,3.57,22.84,,,1.09,1.1,0.0,1.1,1.0,1,history,segment_shift_history,missing_cycle_time,location_hour,location_hour,"Нужно 1 кур.; прогноз 1.0 заказа/ч; окно late_evening: история 1.10, цикл 0.00; выбрано: историческая производительность; страховой запас 0%"
35,Ленинский,kfm,2026-09-14,8,08:00-09:00,high,early_morning,bike,0.79,0.79,12.35,,,1.8,0.44,0.0,0.44,1.0,0,history,segment_shift_history,missing_cycle_time,location_hour,location_hour,"Нужно 0 кур.; прогноз 0.8 заказа/ч; окно early_morning: история 0.44, цикл 0.00; выбрано: историческая производительность; страховой запас 0%"
35,Ленинский,kfm,2026-09-14,9,09:00-10:00,high,morning,bike,1.17,2.48,13.94,,,1.95,0.64,0.0,0.64,1.0,1,history,segment_shift_history,missing_cycle_time,location_hour,location_hour,"Нужно 1 кур.; прогноз 1.2 заказа/ч; окно morning: история 0.64, цикл 0.00; выбрано: историческая производительность; страховой запас 0%"
35,Ленинский,kfm,2026-09-14,10,10:00-11:00,high,morning,bike,1.31,2.48,11.71,,,1.95,0.64,0.0,0.64,1.0,1,history,segment_shift_history,missing_cycle_time,location_hour,location_hour,"Нужно 1 кур.; прогноз 1.3 заказа/ч; окно morning: история 0.64, цикл 0.00; выбрано: историческая производительность; страховой запас 0%"
35,Ленинский,kfm,2026-09-14,11,11:00-12:00,high,lunch,bike,1.62,5.87,13.07,,,1.88,0.78,0.0,0.78,1.0,1,history,segment_shift_history,missing_cycle_time,location_hour,location_hour,"Нужно 1 кур.; прогноз 1.6 заказа/ч; окно lunch: история 0.78, цикл 0.00; выбрано: историческая производительность; страховой запас 0%"
35,Ленинский,kfm,2026-09-14,12,12:00-13:00,high,lunch,bike,1.32,5.87,12.47,,,1.88,0.78,0.0,0.78,1.0,1,history,segment_shift_history,missing_cycle_time,location_hour,location_hour,"Нужно 1 кур.; прогноз 1.3 заказа/ч; окно lunch: история 0.78, цикл 0.00; выбрано: историческая производительность; страховой запас 0%"
35,Ленинский,kfm,2026-09-14,13,13:00-14:00,high,lunch,bike,1.58,5.87,12.57,,,1.88,0.78,0.0,0.78,1.0,1,history,segment_shift_history,missing_cycle_time,location_hour,location_hour,"Нужно 1 кур.; прогноз 1.6 заказа/ч; окно lunch: история 0.78, цикл 0.00; выбрано: историческая производительность; страховой запас 0%"
35,Ленинский,kfm,2026-09-14,14,14:00-15:00,high,lunch,bike,1.34,5.87,14.53,,,1.88,0.78,0.0,0.78,1.0,1,history,segment_shift_history,missing_cycle_time,location_hour,location_hour,"Нужно 1 кур.; прогноз 1.3 заказа/ч; окно lunch: история 0.78, цикл 0.00; выбрано: историческая производительность; страховой запас 0%"
35,Ленинский,kfm,2026-09-14,15,15:00-16:00,high,afternoon,bike,1.32,3.02,14.08,,,1.47,0.68,0.0,0.68,1.0,1,history,segment_shift_history,missing_cycle_time,location_hour,location_hour,"Нужно 1 кур.; прогноз 1.3 заказа/ч; окно afternoon: история 0.68, цикл 0.00; выбрано: историческая производительность; страховой запас 0%"
35,Ленинский,kfm,2026-09-14,16,16:00-17:00,high,afternoon,bike,1.02,3.02,13.96,,,1.47,0.68,0.0,0.68,1.0,1,history,segment_shift_history,missing_cycle_time,location_hour,location_hour,"Нужно 1 кур.; прогноз 1.0 заказа/ч; окно afternoon: история 0.68, цикл 0.00; выбрано: историческая производительность; страховой запас 0%"
35,Ленинский,kfm,2026-09-14,17,17:00-18:00,high,afternoon,bike,0.68,3.02,13.91,,,1.47,0.68,0.0,0.68,1.0,1,history,segment_shift_history,missing_cycle_time,location_hour,location_hour,"Нужно 1 кур.; прогноз 0.7 заказа/ч; окно afternoon: история 0.68, цикл 0.00; выбрано: историческая производительность; страховой запас 0%"
35,Ленинский,kfm,2026-09-14,18,18:00-19:00,high,dinner,bike,1.07,2.77,14.78,,,1.74,0.53,0.0,0.53,1.0,1,history,segment_shift_history,missing_cycle_time,location_hour,location_hour,"Нужно 1 кур.; прогноз 1.1 заказа/ч; окно dinner: история 0.53, цикл 0.00; выбрано: историческая производительность; страховой запас 0%"
35,Ленинский,kfm,2026-09-14,19,19:00-20:00,high,dinner,bike,1.03,2.77,14.15,,,1.74,0.53,0.0,0.53,1.0,1,history,segment_shift_history,missing_cycle_time,location_hour,location_hour,"Нужно 1 кур.; прогноз 1.0 заказа/ч; окно dinner: история 0.53, цикл 0.00; выбрано: историческая производительность; страховой запас 0%"
35,Ленинский,kfm,2026-09-14,20,20:00-21:00,high,dinner,bike,0.67,2.77,14.37,,,1.74,0.53,0.0,0.53,1.0,1,history,segment_shift_history,missing_cycle_time,location_hour,location_hour,"Нужно 1 кур.; прогноз 0.7 заказа/ч; окно dinner: история 0.53, цикл 0.00; выбрано: историческая производительность; страховой запас 0%"
35,Ленинский,kfm,2026-09-14,21,21:00-22:00,high,late_evening,bike,0.83,1.14,6.73,,,1.74,0.22,0.0,0.22,1.0,0,history,time_segment_shift_history,missing_cycle_time,location_hour,location_hour,"Нужно 0 кур.; прогноз 0.8 заказа/ч; окно late_evening: история 0.22, цикл 0.00; выбрано: историческая производительность; страховой запас 0%"
35,Ленинский,kfm,2026-09-14,22,22:00-23:00,high,late_evening,bike,0.32,1.14,14.97,,,1.74,0.22,0.0,0.22,1.0,0,history,time_segment_shift_history,missing_cycle_time,location_hour,location_hour,"Нужно 0 кур.; прогноз 0.3 заказа/ч; окно late_evening: история 0.22, цикл 0.00; выбрано: историческая производительность; страховой запас 0%"
36,Friends Forever Botanica,non_kfm,2026-09-14,8,08:00-09:00,medium,block_06_12,auto,0.4,0.78,66.36,,,1.27,0.1,0.0,0.1,1.0,0,history,segment_shift_history,missing_cycle_time,location_hour,location_hour,"Нужно 0 кур.; прогноз 0.4 заказа/ч; окно block_06_12: история 0.10, цикл 0.00; выбрано: историческая производительность; страховой запас 0%"
36,Friends Forever Botanica,non_kfm,2026-09-14,9,09:00-10:00,medium,block_06_12,auto,0.16,0.78,40.06,,,1.27,0.1,0.0,0.1,1.0,0,history,segment_shift_history,missing_cycle_time,location_hour,location_hour,"Нужно 0 кур.; прогноз 0.2 заказа/ч; окно block_06_12: история 0.10, цикл 0.00; выбрано: историческая производительность; страховой запас 0%"
36,Friends Forever Botanica,non_kfm,2026-09-14,11,11:00-12:00,medium,block_06_12,auto,0.22,0.78,51.82,,,1.27,0.1,0.0,0.1,1.0,0,history,segment_shift_history,missing_cycle_time,location_hour,location_hour,"Нужно 0 кур.; прогноз 0.2 заказа/ч; окно block_06_12: история 0.10, цикл 0.00; выбрано: историческая производительность; страховой запас 0%"
36,Friends Forever Botanica,non_kfm,2026-09-14,12,12:00-13:00,medium,block_12_18,auto,0.12,0.76,22.68,,,1.08,0.12,0.0,0.12,1.0,0,history,segment_shift_history,missing_cycle_time,location_hour,location_hour,"Нужно 0 кур.; прогноз 0.1 заказа/ч; окно block_12_18: история 0.12, цикл 0.00; выбрано: историческая производительность; страховой запас 0%"
36,Friends Forever Botanica,non_kfm,2026-09-14,13,13:00-14:00,medium,block_12_18,auto,0.12,0.76,45.2,,,1.08,0.12,0.0,0.12,1.0,0,history,segment_shift_history,missing_cycle_time,location_hour,location_hour,"Нужно 0 кур.; прогноз 0.1 заказа/ч; окно block_12_18: история 0.12, цикл 0.00; выбрано: историческая производительность; страховой запас 0%"
36,Friends Forever Botanica,non_kfm,2026-09-14,14,14:00-15:00,medium,block_12_18,auto,0.12,0.76,60.4,,,1.08,0.12,0.0,0.12,1.0,0,history,segment_shift_history,missing_cycle_time,location_hour,location_hour,"Нужно 0 кур.; прогноз 0.1 заказа/ч; окно block_12_18: история 0.12, цикл 0.00; выбрано: историческая производительность; страховой запас 0%"
36,Friends Forever Botanica,non_kfm,2026-09-14,15,15:00-16:00,medium,block_12_18,auto,0.17,0.76,33.36,,,1.08,0.12,0.0,0.12,1.0,0,history,segment_shift_history,missing_cycle_time,location_hour,location_hour,"Нужно 0 кур.; прогноз 0.2 заказа/ч; окно block_12_18: история 0.12, цикл 0.00; выбрано: историческая производительность; страховой запас 0%"
36,Friends Forever Botanica,non_kfm,2026-09-14,16,16:00-17:00,medium,block_12_18,auto,0.12,0.76,21.88,,,1.08,0.12,0.0,0.12,1.0,0,history,segment_shift_history,missing_cycle_time,location_hour,location_hour,"Нужно 0 кур.; прогноз 0.1 заказа/ч; окно block_12_18: история 0.12, цикл 0.00; выбрано: историческая производительность; страховой запас 0%"
36,Friends Forever Botanica,non_kfm,2026-09-14,17,17:00-18:00,medium,block_12_18,auto,0.12,0.76,63.17,,,1.08,0.12,0.0,0.12,1.0,0,history,segment_shift_history,missing_cycle_time,location_hour,location_hour,"Нужно 0 кур.; прогноз 0.1 заказа/ч; окно block_12_18: история 0.12, цикл 0.00; выбрано: историческая производительность; страховой запас 0%"
36,Friends Forever Botanica,non_kfm,2026-09-14,18,18:00-19:00,medium,block_18_24,auto,0.12,0.48,55.41,,,1.14,0.0,0.0,0.0,1.0,0,history,segment_shift_history,missing_cycle_time,location_hour,location_hour,"Нужно 0 кур.; прогноз 0.1 заказа/ч; окно block_18_24: история 0.00, цикл 0.00; выбрано: историческая производительность; страховой запас 0%"
36,Friends Forever Botanica,non_kfm,2026-09-14,19,19:00-20:00,medium,block_18_24,auto,0.12,0.48,26.6,,,1.14,0.0,0.0,0.0,1.0,0,history,segment_shift_history,missing_cycle_time,location_hour,location_hour,"Нужно 0 кур.; прогноз 0.1 заказа/ч; окно block_18_24: история 0.00, цикл 0.00; выбрано: историческая производительность; страховой запас 0%"
36,Friends Forever Botanica,non_kfm,2026-09-14,20,20:00-21:00,medium,block_18_24,auto,0.24,0.48,48.1,,,1.14,0.0,0.0,0.0,1.0,0,history,segment_shift_history,missing_cycle_time,location_hour,location_hour,"Нужно 0 кур.; прогноз 0.2 заказа/ч; окно block_18_24: история 0.00, цикл 0.00; выбрано: историческая производительность; страховой запас 0%"
37,БТ Усачева,kfm,2026-09-14,8,08:00-09:00,medium,block_06_12,bike,1.99,9.1,10.28,,,3.03,0.5,0.0,0.5,1.0,1,history,segment_shift_history,missing_cycle_time,location_hour,location_hour,"Нужно 1 кур.; прогноз 2.0 заказа/ч; окно block_06_12: история 0.50, цикл 0.00; выбрано: историческая производительность; страховой запас 0%"
37,БТ Усачева,kfm,2026-09-14,9,09:00-10:00,medium,block_06_12,bike,2.29,9.1,10.81,,,3.03,0.5,0.0,0.5,1.0,1,history,segment_shift_history,missing_cycle_time,location_hour,location_hour,"Нужно 1 кур.; прогноз 2.3 заказа/ч; окно block_06_12: история 0.50, цикл 0.00; выбрано: историческая производительность; страховой запас 0%"
37,БТ Усачева,kfm,2026-09-14,10,10:00-11:00,medium,block_06_12,bike,1.79,9.1,9.94,,,3.03,0.5,0.0,0.5,1.0,1,history,segment_shift_history,missing_cycle_time,location_hour,location_hour,"Нужно 1 кур.; прогноз 1.8 заказа/ч; окно block_06_12: история 0.50, цикл 0.00; выбрано: историческая производительность; страховой запас 0%"
37,БТ Усачева,kfm,2026-09-14,11,11:00-12:00,medium,block_06_12,bike,2.39,9.1,9.63,,,3.03,0.5,0.0,0.5,1.0,1,history,segment_shift_history,missing_cycle_time,location_hour,location_hour,"Нужно 1 кур.; прогноз 2.4 заказа/ч; окно block_06_12: история 0.50, цикл 0.00; выбрано: историческая производительность; страховой запас 0%"
37,БТ Усачева,kfm,2026-09-14,12,12:00-13:00,medium,block_12_18,bike,2.17,8.35,10.82,,,2.82,0.49,0.0,0.49,1.0,1,history,segment_shift_history,missing_cycle_time,location_hour,location_hour,"Нужно 1 кур.; прогноз 2.2 заказа/ч; окно block_12_18: история 0.49, цикл 0.00; выбрано: историческая производительность; страховой запас 0%"
37,БТ Усачева,kfm,2026-09-14,13,13:00-14:00,medium,block_12_18,bike,2.36,8.35,10.02,,,2.82,0.49,0.0,0.49,1.0,1,history,segment_shift_history,missing_cycle_time,location_hour,location_hour,"Нужно 1 кур.; прогноз 2.4 заказа/ч; окно block_12_18: история 0.49, цикл 0.00; выбрано: историческая производительность; страховой запас 0%"
37,БТ Усачева,kfm,2026-09-14,14,14:00-15:00,medium,block_12_18,bike,1.66,8.35,10.78,,,2.82,0.49,0.0,0.49,1.0,1,history,segment_shift_history,missing_cycle_time,location_hour,location_hour,"Нужно 1 кур.; прогноз 1.7 заказа/ч; окно block_12_18: история 0.49, цикл 0.00; выбрано: историческая производительность; страховой запас 0%"
37,БТ Усачева,kfm,2026-09-14,15,15:00-16:00,medium,block_12_18,bike,1.08,8.35,12.4,,,2.82,0.49,0.0,0.49,1.0,1,history,segment_shift_history,missing_cycle_time,location_hour,location_hour,"Нужно 1 кур.; прогноз 1.1 заказа/ч; окно block_12_18: история 0.49, цикл 0.00; выбрано: историческая производительность; страховой запас 0%"
37,БТ Усачева,kfm,2026-09-14,16,16:00-17:00,medium,block_12_18,bike,0.76,8.35,15.0,,,2.82,0.49,0.0,0.49,1.0,1,history,segment_shift_history,missing_cycle_time,location_hour,location_hour,"Нужно 1 кур.; прогноз 0.8 заказа/ч; окно block_12_18: история 0.49, цикл 0.00; выбрано: историческая производительность; страховой запас 0%"
37,БТ Усачева,kfm,2026-09-14,17,17:00-18:00,medium,block_12_18,bike,0.32,8.35,8.61,,,2.82,0.49,0.0,0.49,1.0,1,history,segment_shift_history,missing_cycle_time,location_hour,location_hour,"Нужно 1 кур.; прогноз 0.3 заказа/ч; окно block_12_18: история 0.49, цикл 0.00; выбрано: историческая производительность; страховой запас 0%"
37,БТ Усачева,kfm,2026-09-14,18,18:00-19:00,medium,block_18_24,bike,0.7,2.22,9.33,,,2.04,0.18,0.0,0.18,1.0,1,history,segment_shift_history,missing_cycle_time,location_hour,location_hour,"Нужно 1 кур.; прогноз 0.7 заказа/ч; окно block_18_24: история 0.18, цикл 0.00; выбрано: историческая производительность; страховой запас 0%"
37,БТ Усачева,kfm,2026-09-14,19,19:00-20:00,medium,block_18_24,bike,0.82,2.22,10.8,,,2.04,0.18,0.0,0.18,1.0,1,history,segment_shift_history,missing_cycle_time,location_hour,location_hour,"Нужно 1 кур.; прогноз 0.8 заказа/ч; окно block_18_24: история 0.18, цикл 0.00; выбрано: историческая производительность; страховой запас 0%"
37,БТ Усачева,kfm,2026-09-14,20,20:00-21:00,medium,block_18_24,bike,0.7,2.22,14.72,,,2.04,0.18,0.0,0.18,1.0,1,history,segment_shift_history,missing_cycle_time,location_hour,location_hour,"Нужно 1 кур.; прогноз 0.7 заказа/ч; окно block_18_24: история 0.18, цикл 0.00; выбрано: историческая производительность; страховой запас 0%"
37,БТ Усачева,kfm,2026-09-14,21,21:00-22:00,medium,block_18_24,bike,0.0,2.22,7.57,,,2.04,0.18,0.0,0.18,1.0,1,history,segment_shift_history,missing_cycle_time,global_hour,location_hour,"Нужно 1 кур.; прогноз 0.0 заказа/ч; окно block_18_24: история 0.18, цикл 0.00; выбрано: историческая производительность; страховой запас 0%"
37,БТ Усачева,kfm,2026-09-14,22,22:00-23:00,medium,block_18_24,bike,0.0,2.22,9.8,,,2.04,0.18,0.0,0.18,1.0,1,history,segment_shift_history,missing_cycle_time,global_hour,global_hour,"Нужно 1 кур.; прогноз 0.0 заказа/ч; окно block_18_24: история 0.18, цикл 0.00; выбрано: историческая производительность; страховой запас 0%"
37,БТ Усачева,kfm,2026-09-14,23,23:00-24:00,medium,block_18_24,bike,0.0,2.22,9.15,,,2.04,0.18,0.0,0.18,1.0,1,history,segment_shift_history,missing_cycle_time,global_hour,global_hour,"Нужно 1 кур.; прогноз 0.0 заказа/ч; окно block_18_24: история 0.18, цикл 0.00; выбрано: историческая производительность; страховой запас 0%"
38,Нева,kfm,2026-09-14,8,08:00-09:00,medium,block_06_12,bike,0.24,1.16,8.83,,,3.03,0.06,0.0,0.06,1.0,1,history,segment_shift_history,missing_cycle_time,location_hour,location_hour,"Нужно 1 кур.; прогноз 0.2 заказа/ч; окно block_06_12: история 0.06, цикл 0.00; выбрано: историческая производительность; страховой запас 0%"
38,Нева,kfm,2026-09-14,9,09:00-10:00,medium,block_06_12,bike,0.19,1.16,8.29,,,3.03,0.06,0.0,0.06,1.0,1,history,segment_shift_history,missing_cycle_time,location_hour,location_hour,"Нужно 1 кур.; прогноз 0.2 заказа/ч; окно block_06_12: история 0.06, цикл 0.00; выбрано: историческая производительность; страховой запас 0%"
38,Нева,kfm,2026-09-14,10,10:00-11:00,medium,block_06_12,bike,0.4,1.16,10.11,,,3.03,0.06,0.0,0.06,1.0,1,history,segment_shift_history,missing_cycle_time,location_hour,global_hour,"Нужно 1 кур.; прогноз 0.4 заказа/ч; окно block_06_12: история 0.06, цикл 0.00; выбрано: историческая производительность; страховой запас 0%"
38,Нева,kfm,2026-09-14,11,11:00-12:00,medium,block_06_12,bike,0.33,1.16,10.41,,,3.03,0.06,0.0,0.06,1.0,1,history,segment_shift_history,missing_cycle_time,location_hour,global_hour,"Нужно 1 кур.; прогноз 0.3 заказа/ч; окно block_06_12: история 0.06, цикл 0.00; выбрано: историческая производительность; страховой запас 0%"
38,Нева,kfm,2026-09-14,12,12:00-13:00,medium,block_12_18,bike,0.61,2.87,10.37,,,2.82,0.17,0.0,0.17,1.0,1,history,segment_shift_history,missing_cycle_time,location_hour,global_hour,"Нужно 1 кур.; прогноз 0.6 заказа/ч; окно block_12_18: история 0.17, цикл 0.00; выбрано: историческая производительность; страховой запас 0%"
38,Нева,kfm,2026-09-14,13,13:00-14:00,medium,block_12_18,bike,0.6,2.87,7.7,,,2.82,0.17,0.0,0.17,1.0,1,history,segment_shift_history,missing_cycle_time,location_hour,location_hour,"Нужно 1 кур.; прогноз 0.6 заказа/ч; окно block_12_18: история 0.17, цикл 0.00; выбрано: историческая производительность; страховой запас 0%"
38,Нева,kfm,2026-09-14,14,14:00-15:00,medium,block_12_18,bike,0.58,2.87,10.2,,,2.82,0.17,0.0,0.17,1.0,1,history,segment_shift_history,missing_cycle_time,location_hour,global_hour,"Нужно 1 кур.; прогноз 0.6 заказа/ч; окно block_12_18: история 0.17, цикл 0.00; выбрано: историческая производительность; страховой запас 0%"
38,Нева,kfm,2026-09-14,15,15:00-16:00,medium,block_12_18,bike,0.31,2.87,10.75,,,2.82,0.17,0.0,0.17,1.0,1,history,segment_shift_history,missing_cycle_time,location_hour,global_hour,"Нужно 1 кур.; прогноз 0.3 заказа/ч; окно block_12_18: история 0.17, цикл 0.00; выбрано: историческая производительность; страховой запас 0%"
38,Нева,kfm,2026-09-14,16,16:00-17:00,medium,block_12_18,bike,0.44,2.87,9.8,,,2.82,0.17,0.0,0.17,1.0,1,history,segment_shift_history,missing_cycle_time,location_hour,location_hour,"Нужно 1 кур.; прогноз 0.4 заказа/ч; окно block_12_18: история 0.17, цикл 0.00; выбрано: историческая производительность; страховой запас 0%"
38,Нева,kfm,2026-09-14,17,17:00-18:00,medium,block_12_18,bike,0.32,2.87,5.19,,,2.82,0.17,0.0,0.17,1.0,1,history,segment_shift_history,missing_cycle_time,location_hour,location_hour,"Нужно 1 кур.; прогноз 0.3 заказа/ч; окно block_12_18: история 0.17, цикл 0.00; выбрано: историческая производительность; страховой запас 0%"
38,Нева,kfm,2026-09-14,18,18:00-19:00,medium,block_18_24,bike,0.83,6.24,5.4,,,2.04,0.51,0.0,0.51,1.0,1,history,segment_shift_history,missing_cycle_time,location_hour,location_hour,"Нужно 1 кур.; прогноз 0.8 заказа/ч; окно block_18_24: история 0.51, цикл 0.00; выбрано: историческая производительность; страховой запас 0%"
38,Нева,kfm,2026-09-14,19,19:00-20:00,medium,block_18_24,bike,0.87,6.24,5.71,,,2.04,0.51,0.0,0.51,1.0,1,history,segment_shift_history,missing_cycle_time,location_hour,location_hour,"Нужно 1 кур.; прогноз 0.9 заказа/ч; окно block_18_24: история 0.51, цикл 0.00; выбрано: историческая производительность; страховой запас 0%"
38,Нева,kfm,2026-09-14,20,20:00-21:00,medium,block_18_24,bike,1.61,6.24,5.33,,,2.04,0.51,0.0,0.51,1.0,1,history,segment_shift_history,missing_cycle_time,location_hour,location_hour,"Нужно 1 кур.; прогноз 1.6 заказа/ч; окно block_18_24: история 0.51, цикл 0.00; выбрано: историческая производительность; страховой запас 0%"
38,Нева,kfm,2026-09-14,21,21:00-22:00,medium,block_18_24,bike,1.51,6.24,4.44,,,2.04,0.51,0.0,0.51,1.0,1,history,segment_shift_history,missing_cycle_time,location_hour,location_hour,"Нужно 1 кур.; прогноз 1.5 заказа/ч; окно block_18_24: история 0.51, цикл 0.00; выбрано: историческая производительность; страховой запас 0%"
38,Нева,kfm,2026-09-14,22,22:00-23:00,medium,block_18_24,bike,1.1,6.24,5.44,,,2.04,0.51,0.0,0.51,1.0,1,history,segment_shift_history,missing_cycle_time,location_hour,location_hour,"Нужно 1 кур.; прогноз 1.1 заказа/ч; окно block_18_24: история 0.51, цикл 0.00; выбрано: историческая производительность; страховой запас 0%"
39,Гребной,kfm,2026-09-14,8,08:00-09:00,high,early_morning,auto,3.02,3.02,21.65,,,1.3,2.33,0.0,2.33,1.0,2,history,segment_shift_history,missing_cycle_time,location_hour,location_hour,"Нужно 2 кур.; прогноз 3.0 заказа/ч; окно early_morning: история 2.33, цикл 0.00; выбрано: историческая производительность; страховой запас 0%"
39,Гребной,kfm,2026-09-14,9,09:00-10:00,high,morning,auto,3.95,9.2,22.59,,,1.31,3.51,0.0,3.51,1.0,4,history,location_shift_history,missing_cycle_time,location_hour,location_hour,"Нужно 4 кур.; прогноз 4.0 заказа/ч; окно morning: история 3.51, цикл 0.00; выбрано: историческая производительность; страховой запас 0%"
39,Гребной,kfm,2026-09-14,10,10:00-11:00,high,morning,auto,5.25,9.2,23.88,,,1.31,3.51,0.0,3.51,1.0,4,history,location_shift_history,missing_cycle_time,location_hour,location_hour,"Нужно 4 кур.; прогноз 5.2 заказа/ч; окно morning: история 3.51, цикл 0.00; выбрано: историческая производительность; страховой запас 0%"
39,Гребной,kfm,2026-09-14,11,11:00-12:00,high,lunch,auto,6.86,25.07,24.13,,,1.5,4.18,0.0,4.18,1.0,4,history,location_shift_history,missing_cycle_time,location_hour,location_hour,"Нужно 4 кур.; прогноз 6.9 заказа/ч; окно lunch: история 4.18, цикл 0.00; выбрано: историческая производительность; страховой запас 0%"
39,Гребной,kfm,2026-09-14,12,12:00-13:00,high,lunch,auto,5.97,25.07,23.34,,,1.5,4.18,0.0,4.18,1.0,4,history,location_shift_history,missing_cycle_time,location_hour,location_hour,"Нужно 4 кур.; прогноз 6.0 заказа/ч; окно lunch: история 4.18, цикл 0.00; выбрано: историческая производительность; страховой запас 0%"
39,Гребной,kfm,2026-09-14,13,13:00-14:00,high,lunch,auto,6.27,25.07,24.53,,,1.5,4.18,0.0,4.18,1.0,4,history,location_shift_history,missing_cycle_time,location_hour,location_hour,"Нужно 4 кур.; прогноз 6.3 заказа/ч; окно lunch: история 4.18, цикл 0.00; выбрано: историческая производительность; страховой запас 0%"
39,Гребной,kfm,2026-09-14,14,14:00-15:00,high,lunch,auto,5.97,25.07,25.19,,,1.5,4.18,0.0,4.18,1.0,4,history,location_shift_history,missing_cycle_time,location_hour,location_hour,"Нужно 4 кур.; прогноз 6.0 заказа/ч; окно lunch: история 4.18, цикл 0.00; выбрано: историческая производительность; страховой запас 0%"
39,Гребной,kfm,2026-09-14,15,15:00-16:00,high,afternoon,auto,4.31,11.45,26.6,,,1.12,3.41,0.0,3.41,1.0,4,history,location_shift_history,missing_cycle_time,location_hour,location_hour,"Нужно 4 кур.; прогноз 4.3 заказа/ч; окно afternoon: история 3.41, цикл 0.00; выбрано: историческая производительность; страховой запас 0%"
39,Гребной,kfm,2026-09-14,16,16:00-17:00,high,afternoon,auto,3.05,11.45,24.18,,,1.12,3.41,0.0,3.41,1.0,4,history,location_shift_history,missing_cycle_time,location_hour,location_hour,"Нужно 4 кур.; прогноз 3.0 заказа/ч; окно afternoon: история 3.41, цикл 0.00; выбрано: историческая производительность; страховой запас 0%"
39,Гребной,kfm,2026-09-14,17,17:00-18:00,high,afternoon,auto,4.09,11.45,25.51,,,1.12,3.41,0.0,3.41,1.0,4,history,location_shift_history,missing_cycle_time,location_hour,location_hour,"Нужно 4 кур.; прогноз 4.1 заказа/ч; окно afternoon: история 3.41, цикл 0.00; выбрано: историческая производительность; страховой запас 0%"
39,Гребной,kfm,2026-09-14,18,18:00-19:00,high,dinner,auto,4.89,11.6,33.27,,,0.87,4.47,0.0,4.47,1.0,5,history,segment_shift_history,missing_cycle_time,location_hour,location_hour,"Нужно 5 кур.; прогноз 4.9 заказа/ч; окно dinner: история 4.47, цикл 0.00; выбрано: историческая производительность; страховой запас 0%"
39,Гребной,kfm,2026-09-14,19,19:00-20:00,high,dinner,auto,3.31,11.6,25.21,,,0.87,4.47,0.0,4.47,1.0,5,history,segment_shift_history,missing_cycle_time,location_hour,location_hour,"Нужно 5 кур.; прогноз 3.3 заказа/ч; окно dinner: история 4.47, цикл 0.00; выбрано: историческая производительность; страховой запас 0%"
39,Гребной,kfm,2026-09-14,20,20:00-21:00,high,dinner,auto,3.39,11.6,21.69,,,0.87,4.47,0.0,4.47,1.0,5,history,segment_shift_history,missing_cycle_time,location_hour,location_hour,"Нужно 5 кур.; прогноз 3.4 заказа/ч; окно dinner: история 4.47, цикл 0.00; выбрано: историческая производительность; страховой запас 0%"
39,Гребной,kfm,2026-09-14,21,21:00-22:00,high,late_evening,auto,2.16,3.74,15.47,,,1.09,1.15,0.0,1.15,1.0,1,history,segment_shift_history,missing_cycle_time,location_hour,location_hour,"Нужно 1 кур.; прогноз 2.2 заказа/ч; окно late_evening: история 1.15, цикл 0.00; выбрано: историческая производительность; страховой запас 0%"
39,Гребной,kfm,2026-09-14,22,22:00-23:00,high,late_evening,auto,1.58,3.74,16.14,,,1.09,1.15,0.0,1.15,1.0,1,history,segment_shift_history,missing_cycle_time,location_hour,global_hour,"Нужно 1 кур.; прогноз 1.6 заказа/ч; окно late_evening: история 1.15, цикл 0.00; выбрано: историческая производительность; страховой запас 0%"
4,Аврора,kfm,2026-09-14,8,08:00-09:00,high,early_morning,auto,0.97,0.97,18.23,,,1.3,0.75,0.0,0.75,1.0,1,history,segment_shift_history,missing_cycle_time,location_hour,location_hour,"Нужно 1 кур.; прогноз 1.0 заказа/ч; окно early_morning: история 0.75, цикл 0.00; выбрано: историческая производительность; страховой запас 0%"
4,Аврора,kfm,2026-09-14,9,09:00-10:00,high,morning,auto,1.6,3.91,22.06,,,1.16,1.69,0.0,1.69,1.0,2,history,segment_shift_history,missing_cycle_time,location_hour,location_hour,"Нужно 2 кур.; прогноз 1.6 заказа/ч; окно morning: история 1.69, цикл 0.00; выбрано: историческая производительность; страховой запас 0%"
4,Аврора,kfm,2026-09-14,10,10:00-11:00,high,morning,auto,2.31,3.91,21.31,,,1.16,1.69,0.0,1.69,1.0,2,history,segment_shift_history,missing_cycle_time,location_hour,location_hour,"Нужно 2 кур.; прогноз 2.3 заказа/ч; окно morning: история 1.69, цикл 0.00; выбрано: историческая производительность; страховой запас 0%"
4,Аврора,kfm,2026-09-14,11,11:00-12:00,high,lunch,auto,2.42,11.21,21.83,,,1.14,2.45,0.0,2.45,1.0,2,history,segment_shift_history,missing_cycle_time,location_hour,location_hour,"Нужно 2 кур.; прогноз 2.4 заказа/ч; окно lunch: история 2.45, цикл 0.00; выбрано: историческая производительность; страховой запас 0%"
4,Аврора,kfm,2026-09-14,12,12:00-13:00,high,lunch,auto,2.84,11.21,17.75,,,1.14,2.45,0.0,2.45,1.0,2,history,segment_shift_history,missing_cycle_time,location_hour,location_hour,"Нужно 2 кур.; прогноз 2.8 заказа/ч; окно lunch: история 2.45, цикл 0.00; выбрано: историческая производительность; страховой запас 0%"
4,Аврора,kfm,2026-09-14,13,13:00-14:00,high,lunch,auto,3.15,11.21,17.13,,,1.14,2.45,0.0,2.45,1.0,2,history,segment_shift_history,missing_cycle_time,location_hour,location_hour,"Нужно 2 кур.; прогноз 3.2 заказа/ч; окно lunch: история 2.45, цикл 0.00; выбрано: историческая производительность; страховой запас 0%"
4,Аврора,kfm,2026-09-14,14,14:00-15:00,high,lunch,auto,2.8,11.21,16.72,,,1.14,2.45,0.0,2.45,1.0,2,history,segment_shift_history,missing_cycle_time,location_hour,location_hour,"Нужно 2 кур.; прогноз 2.8 заказа/ч; окно lunch: история 2.45, цикл 0.00; выбрано: историческая производительность; страховой запас 0%"
4,Аврора,kfm,2026-09-14,15,15:00-16:00,high,afternoon,auto,2.17,5.32,18.0,,,0.85,2.09,0.0,2.09,1.0,2,history,segment_shift_history,missing_cycle_time,location_hour,location_hour,"Нужно 2 кур.; прогноз 2.2 заказа/ч; окно afternoon: история 2.09, цикл 0.00; выбрано: историческая производительность; страховой запас 0%"
4,Аврора,kfm,2026-09-14,16,16:00-17:00,high,afternoon,auto,1.76,5.32,20.43,,,0.85,2.09,0.0,2.09,1.0,2,history,segment_shift_history,missing_cycle_time,location_hour,location_hour,"Нужно 2 кур.; прогноз 1.8 заказа/ч; окно afternoon: история 2.09, цикл 0.00; выбрано: историческая производительность; страховой запас 0%"
4,Аврора,kfm,2026-09-14,17,17:00-18:00,high,afternoon,auto,1.39,5.32,19.79,,,0.85,2.09,0.0,2.09,1.0,2,history,segment_shift_history,missing_cycle_time,location_hour,location_hour,"Нужно 2 кур.; прогноз 1.4 заказа/ч; окно afternoon: история 2.09, цикл 0.00; выбрано: историческая производительность; страховой запас 0%"
4,Аврора,kfm,2026-09-14,18,18:00-19:00,high,dinner,auto,1.37,4.61,20.03,,,0.87,1.77,0.0,1.77,1.0,2,history,segment_shift_history,missing_cycle_time,location_hour,location_hour,"Нужно 2 кур.; прогноз 1.4 заказа/ч; окно dinner: история 1.77, цикл 0.00; выбрано: историческая производительность; страховой запас 0%"
4,Аврора,kfm,2026-09-14,19,19:00-20:00,high,dinner,auto,1.98,4.61,22.82,,,0.87,1.77,0.0,1.77,1.0,2,history,segment_shift_history,missing_cycle_time,location_hour,location_hour,"Нужно 2 кур.; прогноз 2.0 заказа/ч; окно dinner: история 1.77, цикл 0.00; выбрано: историческая производительность; страховой запас 0%"
4,Аврора,kfm,2026-09-14,20,20:00-21:00,high,dinner,auto,1.26,4.61,17.09,,,0.87,1.77,0.0,1.77,1.0,2,history,segment_shift_history,missing_cycle_time,location_hour,location_hour,"Нужно 2 кур.; прогноз 1.3 заказа/ч; окно dinner: история 1.77, цикл 0.00; выбрано: историческая производительность; страховой запас 0%"
4,Аврора,kfm,2026-09-14,21,21:00-22:00,high,late_evening,auto,1.15,2.33,16.32,,,1.09,0.72,0.0,0.72,1.0,0,history,segment_shift_history,missing_cycle_time,location_hour,location_hour,"Нужно 0 кур.; прогноз 1.2 заказа/ч; окно late_evening: история 0.72, цикл 0.00; выбрано: историческая производительность; страховой запас 0%"
4,Аврора,kfm,2026-09-14,22,22:00-23:00,high,late_evening,auto,0.89,2.33,13.57,,,1.09,0.72,0.0,0.72,1.0,0,history,segment_shift_history,missing_cycle_time,location_hour,location_hour,"Нужно 0 кур.; прогноз 0.9 заказа/ч; окно late_evening: история 0.72, цикл 0.00; выбрано: историческая производительность; страховой запас 0%"
4,Аврора,kfm,2026-09-14,23,23:00-24:00,high,late_evening,auto,0.29,2.33,16.62,,,1.09,0.72,0.0,0.72,1.0,0,history,segment_shift_history,missing_cycle_time,location_hour,location_hour,"Нужно 0 кур.; прогноз 0.3 заказа/ч; окно late_evening: история 0.72, цикл 0.00; выбрано: историческая производительность; страховой запас 0%"
4,Аврора,kfm,2026-09-14,8,08:00-09:00,high,early_morning,bike,1.61,1.61,9.94,,,1.8,0.9,0.0,0.9,1.0,1,history,segment_shift_history,missing_cycle_time,location_hour,location_hour,"Нужно 1 кур.; прогноз 1.6 заказа/ч; окно early_morning: история 0.90, цикл 0.00; выбрано: историческая производительность; страховой запас 0%"
4,Аврора,kfm,2026-09-14,9,09:00-10:00,high,morning,bike,2.65,6.47,12.28,,,1.58,2.04,0.0,2.04,1.0,2,history,location_shift_history,missing_cycle_time,location_hour,location_hour,"Нужно 2 кур.; прогноз 2.6 заказа/ч; окно morning: история 2.04, цикл 0.00; выбрано: историческая производительность; страховой запас 0%"
4,Аврора,kfm,2026-09-14,10,10:00-11:00,high,morning,bike,3.82,6.47,11.17,,,1.58,2.04,0.0,2.04,1.0,2,history,location_shift_history,missing_cycle_time,location_hour,location_hour,"Нужно 2 кур.; прогноз 3.8 заказа/ч; окно morning: история 2.04, цикл 0.00; выбрано: историческая производительность; страховой запас 0%"
4,Аврора,kfm,2026-09-14,11,11:00-12:00,high,lunch,bike,4.0,18.55,10.83,,,1.77,2.62,0.0,2.62,1.0,3,history,location_shift_history,missing_cycle_time,location_hour,location_hour,"Нужно 3 кур.; прогноз 4.0 заказа/ч; окно lunch: история 2.62, цикл 0.00; выбрано: историческая производительность; страховой запас 0%"
4,Аврора,kfm,2026-09-14,12,12:00-13:00,high,lunch,bike,4.7,18.55,10.35,,,1.77,2.62,0.0,2.62,1.0,3,history,location_shift_history,missing_cycle_time,location_hour,location_hour,"Нужно 3 кур.; прогноз 4.7 заказа/ч; окно lunch: история 2.62, цикл 0.00; выбрано: историческая производительность; страховой запас 0%"
4,Аврора,kfm,2026-09-14,13,13:00-14:00,high,lunch,bike,5.22,18.55,10.32,,,1.77,2.62,0.0,2.62,1.0,3,history,location_shift_history,missing_cycle_time,location_hour,location_hour,"Нужно 3 кур.; прогноз 5.2 заказа/ч; окно lunch: история 2.62, цикл 0.00; выбрано: историческая производительность; страховой запас 0%"
4,Аврора,kfm,2026-09-14,14,14:00-15:00,high,lunch,bike,4.63,18.55,9.16,,,1.77,2.62,0.0,2.62,1.0,3,history,location_shift_history,missing_cycle_time,location_hour,location_hour,"Нужно 3 кур.; прогноз 4.6 заказа/ч; окно lunch: история 2.62, цикл 0.00; выбрано: историческая производительность; страховой запас 0%"
4,Аврора,kfm,2026-09-14,15,15:00-16:00,high,afternoon,bike,3.6,8.8,9.94,,,1.29,2.27,0.0,2.27,1.0,2,history,location_shift_history,missing_cycle_time,location_hour,location_hour,"Нужно 2 кур.; прогноз 3.6 заказа/ч; окно afternoon: история 2.27, цикл 0.00; выбрано: историческая производительность; страховой запас 0%"
4,Аврора,kfm,2026-09-14,16,16:00-17:00,high,afternoon,bike,2.91,8.8,10.9,,,1.29,2.27,0.0,2.27,1.0,2,history,location_shift_history,missing_cycle_time,location_hour,location_hour,"Нужно 2 кур.; прогноз 2.9 заказа/ч; окно afternoon: история 2.27, цикл 0.00; выбрано: историческая производительность; страховой запас 0%"
4,Аврора,kfm,2026-09-14,17,17:00-18:00,high,afternoon,bike,2.29,8.8,9.56,,,1.29,2.27,0.0,2.27,1.0,2,history,location_shift_history,missing_cycle_time,location_hour,location_hour,"Нужно 2 кур.; прогноз 2.3 заказа/ч; окно afternoon: история 2.27, цикл 0.00; выбрано: историческая производительность; страховой запас 0%"
4,Аврора,kfm,2026-09-14,18,18:00-19:00,high,dinner,bike,2.27,7.63,10.24,,,1.22,2.09,0.0,2.09,1.0,2,history,location_shift_history,missing_cycle_time,location_hour,location_hour,"Нужно 2 кур.; прогноз 2.3 заказа/ч; окно dinner: история 2.09, цикл 0.00; выбрано: историческая производительность; страховой запас 0%"
4,Аврора,kfm,2026-09-14,19,19:00-20:00,high,dinner,bike,3.28,7.63,11.18,,,1.22,2.09,0.0,2.09,1.0,2,history,location_shift_history,missing_cycle_time,location_hour,location_hour,"Нужно 2 кур.; прогноз 3.3 заказа/ч; окно dinner: история 2.09, цикл 0.00; выбрано: историческая производительность; страховой запас 0%"
4,Аврора,kfm,2026-09-14,20,20:00-21:00,high,dinner,bike,2.08,7.63,9.51,,,1.22,2.09,0.0,2.09,1.0,2,history,location_shift_history,missing_cycle_time,location_hour,location_hour,"Нужно 2 кур.; прогноз 2.1 заказа/ч; окно dinner: история 2.09, цикл 0.00; выбрано: историческая производительность; страховой запас 0%"
4,Аврора,kfm,2026-09-14,21,21:00-22:00,high,late_evening,bike,1.91,3.86,7.82,,,1.74,0.74,0.0,0.74,1.0,1,history,time_segment_shift_history,missing_cycle_time,location_hour,location_hour,"Нужно 1 кур.; прогноз 1.9 заказа/ч; окно late_evening: история 0.74, цикл 0.00; выбрано: историческая производительность; страховой запас 0%"
4,Аврора,kfm,2026-09-14,22,22:00-23:00,high,late_evening,bike,1.47,3.86,5.67,,,1.74,0.74,0.0,0.74,1.0,1,history,time_segment_shift_history,missing_cycle_time,location_hour,location_hour,"Нужно 1 кур.; прогноз 1.5 заказа/ч; окно late_evening: история 0.74, цикл 0.00; выбрано: историческая производительность; страховой запас 0%"
4,Аврора,kfm,2026-09-14,23,23:00-24:00,high,late_evening,bike,0.48,3.86,9.15,,,1.74,0.74,0.0,0.74,1.0,1,history,time_segment_shift_history,missing_cycle_time,location_hour,global_hour,"Нужно 1 кур.; прогноз 0.5 заказа/ч; окно late_evening: история 0.74, цикл 0.00; выбрано: историческая производительность; страховой запас 0%"
40,БТ Аркус,kfm,2026-09-14,9,09:00-10:00,medium,block_06_12,bike,0.35,1.55,10.37,,,3.03,0.09,0.0,0.09,1.0,0,history,segment_shift_history,missing_cycle_time,global_hour,global_hour,"Нужно 0 кур.; прогноз 0.4 заказа/ч; окно block_06_12: история 0.09, цикл 0.00; выбрано: историческая производительность; страховой запас 0%"
40,БТ Аркус,kfm,2026-09-14,10,10:00-11:00,medium,block_06_12,bike,0.37,1.55,10.11,,,3.03,0.09,0.0,0.09,1.0,0,history,segment_shift_history,missing_cycle_time,global_hour,global_hour,"Нужно 0 кур.; прогноз 0.4 заказа/ч; окно block_06_12: история 0.09, цикл 0.00; выбрано: историческая производительность; страховой запас 0%"
40,БТ Аркус,kfm,2026-09-14,11,11:00-12:00,medium,block_06_12,bike,0.39,1.55,10.41,,,3.03,0.09,0.0,0.09,1.0,0,history,segment_shift_history,missing_cycle_time,global_hour,global_hour,"Нужно 0 кур.; прогноз 0.4 заказа/ч; окно block_06_12: история 0.09, цикл 0.00; выбрано: историческая производительность; страховой запас 0%"
40,БТ Аркус,kfm,2026-09-14,12,12:00-13:00,medium,block_12_18,bike,0.36,1.73,10.37,,,2.82,0.1,0.0,0.1,1.0,0,history,segment_shift_history,missing_cycle_time,global_hour,global_hour,"Нужно 0 кур.; прогноз 0.4 заказа/ч; окно block_12_18: история 0.10, цикл 0.00; выбрано: историческая производительность; страховой запас 0%"
40,БТ Аркус,kfm,2026-09-14,13,13:00-14:00,medium,block_12_18,bike,0.36,1.73,10.39,,,2.82,0.1,0.0,0.1,1.0,0,history,segment_shift_history,missing_cycle_time,global_hour,global_hour,"Нужно 0 кур.; прогноз 0.4 заказа/ч; окно block_12_18: история 0.10, цикл 0.00; выбрано: историческая производительность; страховой запас 0%"
40,БТ Аркус,kfm,2026-09-14,14,14:00-15:00,medium,block_12_18,bike,0.31,1.73,10.2,,,2.82,0.1,0.0,0.1,1.0,0,history,segment_shift_history,missing_cycle_time,global_hour,global_hour,"Нужно 0 кур.; прогноз 0.3 заказа/ч; окно block_12_18: история 0.10, цикл 0.00; выбрано: историческая производительность; страховой запас 0%"
40,БТ Аркус,kfm,2026-09-14,15,15:00-16:00,medium,block_12_18,bike,0.27,1.73,10.75,,,2.82,0.1,0.0,0.1,1.0,0,history,segment_shift_history,missing_cycle_time,global_hour,global_hour,"Нужно 0 кур.; прогноз 0.3 заказа/ч; окно block_12_18: история 0.10, цикл 0.00; выбрано: историческая производительность; страховой запас 0%"
40,БТ Аркус,kfm,2026-09-14,16,16:00-17:00,medium,block_12_18,bike,0.22,1.73,11.02,,,2.82,0.1,0.0,0.1,1.0,0,history,segment_shift_history,missing_cycle_time,global_hour,global_hour,"Нужно 0 кур.; прогноз 0.2 заказа/ч; окно block_12_18: история 0.10, цикл 0.00; выбрано: историческая производительность; страховой запас 0%"
40,БТ Аркус,kfm,2026-09-14,17,17:00-18:00,medium,block_12_18,bike,0.21,1.73,10.83,,,2.82,0.1,0.0,0.1,1.0,0,history,segment_shift_history,missing_cycle_time,global_hour,global_hour,"Нужно 0 кур.; прогноз 0.2 заказа/ч; окно block_12_18: история 0.10, цикл 0.00; выбрано: историческая производительность; страховой запас 0%"
40,БТ Аркус,kfm,2026-09-14,18,18:00-19:00,medium,block_18_24,bike,0.1,0.41,11.1,,,2.04,0.0,0.0,0.0,1.0,0,history,segment_shift_history,missing_cycle_time,global_hour,global_hour,"Нужно 0 кур.; прогноз 0.1 заказа/ч; окно block_18_24: история 0.00, цикл 0.00; выбрано: историческая производительность; страховой запас 0%"
41,Friends Forever Grande,non_kfm,2026-09-14,8,08:00-09:00,low,block_06_12,auto,0.14,0.14,22.41,,,1.28,0.0,0.0,0.0,1.0,0,history,time_segment_shift_history,missing_cycle_time,location_hour,global_hour,"Нужно 0 кур.; прогноз 0.1 заказа/ч; окно block_06_12: история 0.00, цикл 0.00; выбрано: историческая производительность; страховой запас 0%"
41,Friends Forever Grande,non_kfm,2026-09-14,17,17:00-18:00,low,block_12_18,auto,0.22,0.22,27.66,,,1.09,0.0,0.0,0.0,1.0,0,history,time_segment_shift_history,missing_cycle_time,location_hour,global_hour,"Нужно 0 кур.; прогноз 0.2 заказа/ч; окно block_12_18: история 0.00, цикл 0.00; выбрано: историческая производительность; страховой запас 0%"
41,Friends Forever Grande,non_kfm,2026-09-14,18,18:00-19:00,low,block_18_24,auto,0.08,0.15,27.41,,,1.15,0.0,0.0,0.0,1.0,0,history,time_segment_shift_history,missing_cycle_time,location_hour,global_hour,"Нужно 0 кур.; прогноз 0.1 заказа/ч; окно block_18_24: история 0.00, цикл 0.00; выбрано: историческая производительность; страховой запас 0%"
41,Friends Forever Grande,non_kfm,2026-09-14,20,20:00-21:00,low,block_18_24,auto,0.08,0.15,31.41,,,1.15,0.0,0.0,0.0,1.0,0,history,time_segment_shift_history,missing_cycle_time,location_hour,location_hour,"Нужно 0 кур.; прогноз 0.1 заказа/ч; окно block_18_24: история 0.00, цикл 0.00; выбрано: историческая производительность; страховой запас 0%"
41,Friends Forever Grande,non_kfm,2026-09-14,8,08:00-09:00,low,block_06_12,bike,0.08,0.08,10.4,,,3.03,0.0,0.0,0.0,1.0,0,history,time_segment_shift_history,missing_cycle_time,location_hour,global_hour,"Нужно 0 кур.; прогноз 0.1 заказа/ч; окно block_06_12: история 0.00, цикл 0.00; выбрано: историческая производительность; страховой запас 0%"
41,Friends Forever Grande,non_kfm,2026-09-14,17,17:00-18:00,low,block_12_18,bike,0.06,0.06,10.83,,,2.83,0.0,0.0,0.0,1.0,0,history,time_segment_shift_history,missing_cycle_time,location_hour,global_hour,"Нужно 0 кур.; прогноз 0.1 заказа/ч; окно block_12_18: история 0.00, цикл 0.00; выбрано: историческая производительность; страховой запас 0%"
41,Friends Forever Grande,non_kfm,2026-09-14,18,18:00-19:00,low,block_18_24,bike,0.03,0.06,11.1,,,2.05,0.0,0.0,0.0,1.0,0,history,time_segment_shift_history,missing_cycle_time,location_hour,global_hour,"Нужно 0 кур.; прогноз 0.0 заказа/ч; окно block_18_24: история 0.00, цикл 0.00; выбрано: историческая производительность; страховой запас 0%"
41,Friends Forever Grande,non_kfm,2026-09-14,20,20:00-21:00,low,block_18_24,bike,0.03,0.06,10.4,,,2.05,0.0,0.0,0.0,1.0,0,history,time_segment_shift_history,missing_cycle_time,location_hour,global_hour,"Нужно 0 кур.; прогноз 0.0 заказа/ч; окно block_18_24: история 0.00, цикл 0.00; выбрано: историческая производительность; страховой запас 0%"
416,Магадан Красная Пресня,non_kfm,2026-09-14,12,12:00-13:00,low,block_12_18,auto,0.02,0.12,23.54,,,1.09,0.0,0.0,0.0,1.0,0,history,time_segment_shift_history,missing_cycle_time,global_hour,global_hour,"Нужно 0 кур.; прогноз 0.0 заказа/ч; окно block_12_18: история 0.00, цикл 0.00; выбрано: историческая производительность; страховой запас 0%"
416,Магадан Красная Пресня,non_kfm,2026-09-14,13,13:00-14:00,low,block_12_18,auto,0.02,0.12,23.55,,,1.09,0.0,0.0,0.0,1.0,0,history,time_segment_shift_history,missing_cycle_time,global_hour,global_hour,"Нужно 0 кур.; прогноз 0.0 заказа/ч; окно block_12_18: история 0.00, цикл 0.00; выбрано: историческая производительность; страховой запас 0%"
416,Магадан Красная Пресня,non_kfm,2026-09-14,14,14:00-15:00,low,block_12_18,auto,0.02,0.12,24.06,,,1.09,0.0,0.0,0.0,1.0,0,history,time_segment_shift_history,missing_cycle_time,global_hour,global_hour,"Нужно 0 кур.; прогноз 0.0 заказа/ч; окно block_12_18: история 0.00, цикл 0.00; выбрано: историческая производительность; страховой запас 0%"
416,Магадан Красная Пресня,non_kfm,2026-09-14,15,15:00-16:00,low,block_12_18,auto,0.02,0.12,24.51,,,1.09,0.0,0.0,0.0,1.0,0,history,time_segment_shift_history,missing_cycle_time,global_hour,global_hour,"Нужно 0 кур.; прогноз 0.0 заказа/ч; окно block_12_18: история 0.00, цикл 0.00; выбрано: историческая производительность; страховой запас 0%"
416,Магадан Красная Пресня,non_kfm,2026-09-14,16,16:00-17:00,low,block_12_18,auto,0.02,0.12,25.16,,,1.09,0.0,0.0,0.0,1.0,0,history,time_segment_shift_history,missing_cycle_time,global_hour,global_hour,"Нужно 0 кур.; прогноз 0.0 заказа/ч; окно block_12_18: история 0.00, цикл 0.00; выбрано: историческая производительность; страховой запас 0%"
416,Магадан Красная Пресня,non_kfm,2026-09-14,17,17:00-18:00,low,block_12_18,auto,0.01,0.12,27.66,,,1.09,0.0,0.0,0.0,1.0,0,history,time_segment_shift_history,missing_cycle_time,global_hour,global_hour,"Нужно 0 кур.; прогноз 0.0 заказа/ч; окно block_12_18: история 0.00, цикл 0.00; выбрано: историческая производительность; страховой запас 0%"
416,Магадан Красная Пресня,non_kfm,2026-09-14,18,18:00-19:00,low,block_18_24,auto,0.02,0.09,27.41,,,1.15,0.0,0.0,0.0,1.0,0,history,time_segment_shift_history,missing_cycle_time,global_hour,global_hour,"Нужно 0 кур.; прогноз 0.0 заказа/ч; окно block_18_24: история 0.00, цикл 0.00; выбрано: историческая производительность; страховой запас 0%"
416,Магадан Красная Пресня,non_kfm,2026-09-14,19,19:00-20:00,low,block_18_24,auto,0.02,0.09,26.64,,,1.15,0.0,0.0,0.0,1.0,0,history,time_segment_shift_history,missing_cycle_time,global_hour,global_hour,"Нужно 0 кур.; прогноз 0.0 заказа/ч; окно block_18_24: история 0.00, цикл 0.00; выбрано: историческая производительность; страховой запас 0%"
416,Магадан Красная Пресня,non_kfm,2026-09-14,20,20:00-21:00,low,block_18_24,auto,0.02,0.09,23.12,,,1.15,0.0,0.0,0.0,1.0,0,history,time_segment_shift_history,missing_cycle_time,global_hour,global_hour,"Нужно 0 кур.; прогноз 0.0 заказа/ч; окно block_18_24: история 0.00, цикл 0.00; выбрано: историческая производительность; страховой запас 0%"
416,Магадан Красная Пресня,non_kfm,2026-09-14,21,21:00-22:00,low,block_18_24,auto,0.01,0.09,21.83,,,1.15,0.0,0.0,0.0,1.0,0,history,time_segment_shift_history,missing_cycle_time,global_hour,global_hour,"Нужно 0 кур.; прогноз 0.0 заказа/ч; окно block_18_24: история 0.00, цикл 0.00; выбрано: историческая производительность; страховой запас 0%"
416,Магадан Красная Пресня,non_kfm,2026-09-14,12,12:00-13:00,low,block_12_18,bike,0.01,0.04,10.37,,,2.83,0.0,0.0,0.0,1.0,0,history,time_segment_shift_history,missing_cycle_time,global_hour,global_hour,"Нужно 0 кур.; прогноз 0.0 заказа/ч; окно block_12_18: история 0.00, цикл 0.00; выбрано: историческая производительность; страховой запас 0%"
416,Магадан Красная Пресня,non_kfm,2026-09-14,13,13:00-14:00,low,block_12_18,bike,0.01,0.04,10.39,,,2.83,0.0,0.0,0.0,1.0,0,history,time_segment_shift_history,missing_cycle_time,global_hour,global_hour,"Нужно 0 кур.; прогноз 0.0 заказа/ч; окно block_12_18: история 0.00, цикл 0.00; выбрано: историческая производительность; страховой запас 0%"
416,Магадан Красная Пресня,non_kfm,2026-09-14,14,14:00-15:00,low,block_12_18,bike,0.01,0.04,10.2,,,2.83,0.0,0.0,0.0,1.0,0,history,time_segment_shift_history,missing_cycle_time,global_hour,global_hour,"Нужно 0 кур.; прогноз 0.0 заказа/ч; окно block_12_18: история 0.00, цикл 0.00; выбрано: историческая производительность; страховой запас 0%"
416,Магадан Красная Пресня,non_kfm,2026-09-14,15,15:00-16:00,low,block_12_18,bike,0.01,0.04,10.75,,,2.83,0.0,0.0,0.0,1.0,0,history,time_segment_shift_history,missing_cycle_time,global_hour,global_hour,"Нужно 0 кур.; прогноз 0.0 заказа/ч; окно block_12_18: история 0.00, цикл 0.00; выбрано: историческая производительность; страховой запас 0%"
416,Магадан Красная Пресня,non_kfm,2026-09-14,16,16:00-17:00,low,block_12_18,bike,0.01,0.04,11.02,,,2.83,0.0,0.0,0.0,1.0,0,history,time_segment_shift_history,missing_cycle_time,global_hour,global_hour,"Нужно 0 кур.; прогноз 0.0 заказа/ч; окно block_12_18: история 0.00, цикл 0.00; выбрано: историческая производительность; страховой запас 0%"
416,Магадан Красная Пресня,non_kfm,2026-09-14,17,17:00-18:00,low,block_12_18,bike,0.01,0.04,10.83,,,2.83,0.0,0.0,0.0,1.0,0,history,time_segment_shift_history,missing_cycle_time,global_hour,global_hour,"Нужно 0 кур.; прогноз 0.0 заказа/ч; окно block_12_18: история 0.00, цикл 0.00; выбрано: историческая производительность; страховой запас 0%"
416,Магадан Красная Пресня,non_kfm,2026-09-14,18,18:00-19:00,low,block_18_24,bike,0.01,0.05,11.1,,,2.05,0.0,0.0,0.0,1.0,0,history,time_segment_shift_history,missing_cycle_time,global_hour,global_hour,"Нужно 0 кур.; прогноз 0.0 заказа/ч; окно block_18_24: история 0.00, цикл 0.00; выбрано: историческая производительность; страховой запас 0%"
416,Магадан Красная Пресня,non_kfm,2026-09-14,19,19:00-20:00,low,block_18_24,bike,0.01,0.05,10.71,,,2.05,0.0,0.0,0.0,1.0,0,history,time_segment_shift_history,missing_cycle_time,global_hour,global_hour,"Нужно 0 кур.; прогноз 0.0 заказа/ч; окно block_18_24: история 0.00, цикл 0.00; выбрано: историческая производительность; страховой запас 0%"
416,Магадан Красная Пресня,non_kfm,2026-09-14,20,20:00-21:00,low,block_18_24,bike,0.01,0.05,10.4,,,2.05,0.0,0.0,0.0,1.0,0,history,time_segment_shift_history,missing_cycle_time,global_hour,global_hour,"Нужно 0 кур.; прогноз 0.0 заказа/ч; окно block_18_24: история 0.00, цикл 0.00; выбрано: историческая производительность; страховой запас 0%"
416,Магадан Красная Пресня,non_kfm,2026-09-14,21,21:00-22:00,low,block_18_24,bike,0.01,0.05,9.94,,,2.05,0.0,0.0,0.0,1.0,0,history,time_segment_shift_history,missing_cycle_time,global_hour,global_hour,"Нужно 0 кур.; прогноз 0.0 заказа/ч; окно block_18_24: история 0.00, цикл 0.00; выбрано: историческая производительность; страховой запас 0%"
43,Frankie Новослободская,non_kfm,2026-09-14,11,11:00-12:00,low,block_06_12,auto,0.04,0.16,22.82,,,1.28,0.0,0.0,0.0,1.0,0,history,time_segment_shift_history,missing_cycle_time,global_hour,global_hour,"Нужно 0 кур.; прогноз 0.0 заказа/ч; окно block_06_12: история 0.00, цикл 0.00; выбрано: историческая производительность; страховой запас 0%"
43,Frankie Новослободская,non_kfm,2026-09-14,12,12:00-13:00,low,block_12_18,auto,0.09,0.44,23.54,,,1.09,0.0,0.0,0.0,1.0,0,history,time_segment_shift_history,missing_cycle_time,global_hour,global_hour,"Нужно 0 кур.; прогноз 0.1 заказа/ч; окно block_12_18: история 0.00, цикл 0.00; выбрано: историческая производительность; страховой запас 0%"
43,Frankie Новослободская,non_kfm,2026-09-14,13,13:00-14:00,low,block_12_18,auto,0.09,0.44,23.55,,,1.09,0.0,0.0,0.0,1.0,0,history,time_segment_shift_history,missing_cycle_time,global_hour,global_hour,"Нужно 0 кур.; прогноз 0.1 заказа/ч; окно block_12_18: история 0.00, цикл 0.00; выбрано: историческая производительность; страховой запас 0%"
43,Frankie Новослободская,non_kfm,2026-09-14,14,14:00-15:00,low,block_12_18,auto,0.08,0.44,24.06,,,1.09,0.0,0.0,0.0,1.0,0,history,time_segment_shift_history,missing_cycle_time,global_hour,global_hour,"Нужно 0 кур.; прогноз 0.1 заказа/ч; окно block_12_18: история 0.00, цикл 0.00; выбрано: историческая производительность; страховой запас 0%"
43,Frankie Новослободская,non_kfm,2026-09-14,15,15:00-16:00,low,block_12_18,auto,0.07,0.44,24.51,,,1.09,0.0,0.0,0.0,1.0,0,history,time_segment_shift_history,missing_cycle_time,global_hour,global_hour,"Нужно 0 кур.; прогноз 0.1 заказа/ч; окно block_12_18: история 0.00, цикл 0.00; выбрано: историческая производительность; страховой запас 0%"
43,Frankie Новослободская,non_kfm,2026-09-14,16,16:00-17:00,low,block_12_18,auto,0.06,0.44,25.16,,,1.09,0.0,0.0,0.0,1.0,0,history,time_segment_shift_history,missing_cycle_time,global_hour,global_hour,"Нужно 0 кур.; прогноз 0.1 заказа/ч; окно block_12_18: история 0.00, цикл 0.00; выбрано: историческая производительность; страховой запас 0%"
43,Frankie Новослободская,non_kfm,2026-09-14,17,17:00-18:00,low,block_12_18,auto,0.05,0.44,27.66,,,1.09,0.0,0.0,0.0,1.0,0,history,time_segment_shift_history,missing_cycle_time,global_hour,global_hour,"Нужно 0 кур.; прогноз 0.1 заказа/ч; окно block_12_18: история 0.00, цикл 0.00; выбрано: историческая производительность; страховой запас 0%"
43,Frankie Новослободская,non_kfm,2026-09-14,18,18:00-19:00,low,block_18_24,auto,0.08,0.35,27.41,,,1.15,0.0,0.0,0.0,1.0,0,history,time_segment_shift_history,missing_cycle_time,global_hour,global_hour,"Нужно 0 кур.; прогноз 0.1 заказа/ч; окно block_18_24: история 0.00, цикл 0.00; выбрано: историческая производительность; страховой запас 0%"
43,Frankie Новослободская,non_kfm,2026-09-14,19,19:00-20:00,low,block_18_24,auto,0.08,0.35,26.64,,,1.15,0.0,0.0,0.0,1.0,0,history,time_segment_shift_history,missing_cycle_time,global_hour,global_hour,"Нужно 0 кур.; прогноз 0.1 заказа/ч; окно block_18_24: история 0.00, цикл 0.00; выбрано: историческая производительность; страховой запас 0%"
43,Frankie Новослободская,non_kfm,2026-09-14,20,20:00-21:00,low,block_18_24,auto,0.08,0.35,23.12,,,1.15,0.0,0.0,0.0,1.0,0,history,time_segment_shift_history,missing_cycle_time,global_hour,global_hour,"Нужно 0 кур.; прогноз 0.1 заказа/ч; окно block_18_24: история 0.00, цикл 0.00; выбрано: историческая производительность; страховой запас 0%"
43,Frankie Новослободская,non_kfm,2026-09-14,21,21:00-22:00,low,block_18_24,auto,0.06,0.35,21.83,,,1.15,0.0,0.0,0.0,1.0,0,history,time_segment_shift_history,missing_cycle_time,global_hour,global_hour,"Нужно 0 кур.; прогноз 0.1 заказа/ч; окно block_18_24: история 0.00, цикл 0.00; выбрано: историческая производительность; страховой запас 0%"
43,Frankie Новослободская,non_kfm,2026-09-14,22,22:00-23:00,low,block_18_24,auto,0.03,0.35,16.14,,,1.15,0.0,0.0,0.0,1.0,0,history,time_segment_shift_history,missing_cycle_time,global_hour,global_hour,"Нужно 0 кур.; прогноз 0.0 заказа/ч; окно block_18_24: история 0.00, цикл 0.00; выбрано: историческая производительность; страховой запас 0%"
43,Frankie Новослободская,non_kfm,2026-09-14,11,11:00-12:00,low,block_06_12,bike,0.02,0.09,10.41,,,3.03,0.0,0.0,0.0,1.0,0,history,time_segment_shift_history,missing_cycle_time,global_hour,global_hour,"Нужно 0 кур.; прогноз 0.0 заказа/ч; окно block_06_12: история 0.00, цикл 0.00; выбрано: историческая производительность; страховой запас 0%"
43,Frankie Новослободская,non_kfm,2026-09-14,12,12:00-13:00,low,block_12_18,bike,0.03,0.16,10.37,,,2.83,0.0,0.0,0.0,1.0,0,history,time_segment_shift_history,missing_cycle_time,global_hour,global_hour,"Нужно 0 кур.; прогноз 0.0 заказа/ч; окно block_12_18: история 0.00, цикл 0.00; выбрано: историческая производительность; страховой запас 0%"
43,Frankie Новослободская,non_kfm,2026-09-14,13,13:00-14:00,low,block_12_18,bike,0.03,0.16,10.39,,,2.83,0.0,0.0,0.0,1.0,0,history,time_segment_shift_history,missing_cycle_time,global_hour,global_hour,"Нужно 0 кур.; прогноз 0.0 заказа/ч; окно block_12_18: история 0.00, цикл 0.00; выбрано: историческая производительность; страховой запас 0%"
43,Frankie Новослободская,non_kfm,2026-09-14,14,14:00-15:00,low,block_12_18,bike,0.03,0.16,10.2,,,2.83,0.0,0.0,0.0,1.0,0,history,time_segment_shift_history,missing_cycle_time,global_hour,global_hour,"Нужно 0 кур.; прогноз 0.0 заказа/ч; окно block_12_18: история 0.00, цикл 0.00; выбрано: историческая производительность; страховой запас 0%"
43,Frankie Новослободская,non_kfm,2026-09-14,15,15:00-16:00,low,block_12_18,bike,0.03,0.16,10.75,,,2.83,0.0,0.0,0.0,1.0,0,history,time_segment_shift_history,missing_cycle_time,global_hour,global_hour,"Нужно 0 кур.; прогноз 0.0 заказа/ч; окно block_12_18: история 0.00, цикл 0.00; выбрано: историческая производительность; страховой запас 0%"
43,Frankie Новослободская,non_kfm,2026-09-14,16,16:00-17:00,low,block_12_18,bike,0.02,0.16,11.02,,,2.83,0.0,0.0,0.0,1.0,0,history,time_segment_shift_history,missing_cycle_time,global_hour,global_hour,"Нужно 0 кур.; прогноз 0.0 заказа/ч; окно block_12_18: история 0.00, цикл 0.00; выбрано: историческая производительность; страховой запас 0%"
43,Frankie Новослободская,non_kfm,2026-09-14,17,17:00-18:00,low,block_12_18,bike,0.02,0.16,10.83,,,2.83,0.0,0.0,0.0,1.0,0,history,time_segment_shift_history,missing_cycle_time,global_hour,global_hour,"Нужно 0 кур.; прогноз 0.0 заказа/ч; окно block_12_18: история 0.00, цикл 0.00; выбрано: историческая производительность; страховой запас 0%"
43,Frankie Новослободская,non_kfm,2026-09-14,18,18:00-19:00,low,block_18_24,bike,0.05,0.21,11.1,,,2.05,0.0,0.0,0.0,1.0,0,history,time_segment_shift_history,missing_cycle_time,global_hour,global_hour,"Нужно 0 кур.; прогноз 0.0 заказа/ч; окно block_18_24: история 0.00, цикл 0.00; выбрано: историческая производительность; страховой запас 0%"
43,Frankie Новослободская,non_kfm,2026-09-14,19,19:00-20:00,low,block_18_24,bike,0.05,0.21,10.71,,,2.05,0.0,0.0,0.0,1.0,0,history,time_segment_shift_history,missing_cycle_time,global_hour,global_hour,"Нужно 0 кур.; прогноз 0.0 заказа/ч; окно block_18_24: история 0.00, цикл 0.00; выбрано: историческая производительность; страховой запас 0%"
43,Frankie Новослободская,non_kfm,2026-09-14,20,20:00-21:00,low,block_18_24,bike,0.05,0.21,10.4,,,2.05,0.0,0.0,0.0,1.0,0,history,time_segment_shift_history,missing_cycle_time,global_hour,global_hour,"Нужно 0 кур.; прогноз 0.0 заказа/ч; окно block_18_24: история 0.00, цикл 0.00; выбрано: историческая производительность; страховой запас 0%"
43,Frankie Новослободская,non_kfm,2026-09-14,21,21:00-22:00,low,block_18_24,bike,0.03,0.21,9.94,,,2.05,0.0,0.0,0.0,1.0,0,history,time_segment_shift_history,missing_cycle_time,global_hour,global_hour,"Нужно 0 кур.; прогноз 0.0 заказа/ч; окно block_18_24: история 0.00, цикл 0.00; выбрано: историческая производительность; страховой запас 0%"
43,Frankie Новослободская,non_kfm,2026-09-14,22,22:00-23:00,low,block_18_24,bike,0.02,0.21,9.8,,,2.05,0.0,0.0,0.0,1.0,0,history,time_segment_shift_history,missing_cycle_time,global_hour,global_hour,"Нужно 0 кур.; прогноз 0.0 заказа/ч; окно block_18_24: история 0.00, цикл 0.00; выбрано: историческая производительность; страховой запас 0%"
434,Сколково,kfm,2026-09-14,8,08:00-09:00,medium,block_06_12,auto,0.11,9.01,20.93,,,1.27,1.18,0.0,1.18,1.0,1,history,segment_shift_history,missing_cycle_time,location_hour,location_hour,"Нужно 1 кур.; прогноз 0.1 заказа/ч; окно block_06_12: история 1.18, цикл 0.00; выбрано: историческая производительность; страховой запас 0%"
434,Сколково,kfm,2026-09-14,9,09:00-10:00,medium,block_06_12,auto,2.28,9.01,21.6,,,1.27,1.18,0.0,1.18,1.0,1,history,segment_shift_history,missing_cycle_time,location_hour,location_hour,"Нужно 1 кур.; прогноз 2.3 заказа/ч; окно block_06_12: история 1.18, цикл 0.00; выбрано: историческая производительность; страховой запас 0%"
434,Сколково,kfm,2026-09-14,10,10:00-11:00,medium,block_06_12,auto,3.5,9.01,20.76,,,1.27,1.18,0.0,1.18,1.0,1,history,segment_shift_history,missing_cycle_time,location_hour,location_hour,"Нужно 1 кур.; прогноз 3.5 заказа/ч; окно block_06_12: история 1.18, цикл 0.00; выбрано: историческая производительность; страховой запас 0%"
434,Сколково,kfm,2026-09-14,11,11:00-12:00,medium,block_06_12,auto,3.13,9.01,20.9,,,1.27,1.18,0.0,1.18,1.0,1,history,segment_shift_history,missing_cycle_time,location_hour,location_hour,"Нужно 1 кур.; прогноз 3.1 заказа/ч; окно block_06_12: история 1.18, цикл 0.00; выбрано: историческая производительность; страховой запас 0%"
434,Сколково,kfm,2026-09-14,12,12:00-13:00,medium,block_12_18,auto,3.14,18.08,23.5,,,1.35,2.23,0.0,2.23,1.0,2,history,location_shift_history,missing_cycle_time,location_hour,location_hour,"Нужно 2 кур.; прогноз 3.1 заказа/ч; окно block_12_18: история 2.23, цикл 0.00; выбрано: историческая производительность; страховой запас 0%"
434,Сколково,kfm,2026-09-14,13,13:00-14:00,medium,block_12_18,auto,3.87,18.08,22.72,,,1.35,2.23,0.0,2.23,1.0,2,history,location_shift_history,missing_cycle_time,location_hour,location_hour,"Нужно 2 кур.; прогноз 3.9 заказа/ч; окно block_12_18: история 2.23, цикл 0.00; выбрано: историческая производительность; страховой запас 0%"
434,Сколково,kfm,2026-09-14,14,14:00-15:00,medium,block_12_18,auto,2.74,18.08,25.01,,,1.35,2.23,0.0,2.23,1.0,2,history,location_shift_history,missing_cycle_time,location_hour,location_hour,"Нужно 2 кур.; прогноз 2.7 заказа/ч; окно block_12_18: история 2.23, цикл 0.00; выбрано: историческая производительность; страховой запас 0%"
434,Сколково,kfm,2026-09-14,15,15:00-16:00,medium,block_12_18,auto,3.09,18.08,23.83,,,1.35,2.23,0.0,2.23,1.0,2,history,location_shift_history,missing_cycle_time,location_hour,location_hour,"Нужно 2 кур.; прогноз 3.1 заказа/ч; окно block_12_18: история 2.23, цикл 0.00; выбрано: историческая производительность; страховой запас 0%"
434,Сколково,kfm,2026-09-14,16,16:00-17:00,medium,block_12_18,auto,2.4,18.08,23.96,,,1.35,2.23,0.0,2.23,1.0,2,history,location_shift_history,missing_cycle_time,location_hour,location_hour,"Нужно 2 кур.; прогноз 2.4 заказа/ч; окно block_12_18: история 2.23, цикл 0.00; выбрано: историческая производительность; страховой запас 0%"
434,Сколково,kfm,2026-09-14,17,17:00-18:00,medium,block_12_18,auto,2.84,18.08,27.12,,,1.35,2.23,0.0,2.23,1.0,2,history,location_shift_history,missing_cycle_time,location_hour,location_hour,"Нужно 2 кур.; прогноз 2.8 заказа/ч; окно block_12_18: история 2.23, цикл 0.00; выбрано: историческая производительность; страховой запас 0%"
434,Сколково,kfm,2026-09-14,18,18:00-19:00,medium,block_18_24,auto,2.1,9.25,24.41,,,1.14,1.35,0.0,1.35,1.0,2,history,segment_shift_history,missing_cycle_time,location_hour,location_hour,"Нужно 2 кур.; прогноз 2.1 заказа/ч; окно block_18_24: история 1.35, цикл 0.00; выбрано: историческая производительность; страховой запас 0%"
434,Сколково,kfm,2026-09-14,19,19:00-20:00,medium,block_18_24,auto,2.42,9.25,25.07,,,1.14,1.35,0.0,1.35,1.0,2,history,segment_shift_history,missing_cycle_time,location_hour,location_hour,"Нужно 2 кур.; прогноз 2.4 заказа/ч; окно block_18_24: история 1.35, цикл 0.00; выбрано: историческая производительность; страховой запас 0%"
434,Сколково,kfm,2026-09-14,20,20:00-21:00,medium,block_18_24,auto,2.31,9.25,24.39,,,1.14,1.35,0.0,1.35,1.0,2,history,segment_shift_history,missing_cycle_time,location_hour,location_hour,"Нужно 2 кур.; прогноз 2.3 заказа/ч; окно block_18_24: история 1.35, цикл 0.00; выбрано: историческая производительность; страховой запас 0%"
434,Сколково,kfm,2026-09-14,21,21:00-22:00,medium,block_18_24,auto,2.42,9.25,20.44,,,1.14,1.35,0.0,1.35,1.0,2,history,segment_shift_history,missing_cycle_time,location_hour,location_hour,"Нужно 2 кур.; прогноз 2.4 заказа/ч; окно block_18_24: история 1.35, цикл 0.00; выбрано: историческая производительность; страховой запас 0%"
436,BSB Хамовники,non_kfm,2026-09-14,10,10:00-11:00,low,block_06_12,auto,0.02,0.09,21.71,,,1.28,0.0,0.0,0.0,1.0,0,history,time_segment_shift_history,missing_cycle_time,global_hour,global_hour,"Нужно 0 кур.; прогноз 0.0 заказа/ч; окно block_06_12: история 0.00, цикл 0.00; выбрано: историческая производительность; страховой запас 0%"
436,BSB Хамовники,non_kfm,2026-09-14,11,11:00-12:00,low,block_06_12,auto,0.02,0.09,22.82,,,1.28,0.0,0.0,0.0,1.0,0,history,time_segment_shift_history,missing_cycle_time,global_hour,global_hour,"Нужно 0 кур.; прогноз 0.0 заказа/ч; окно block_06_12: история 0.00, цикл 0.00; выбрано: историческая производительность; страховой запас 0%"
436,BSB Хамовники,non_kfm,2026-09-14,12,12:00-13:00,low,block_12_18,auto,0.05,0.22,23.54,,,1.09,0.0,0.0,0.0,1.0,0,history,time_segment_shift_history,missing_cycle_time,global_hour,global_hour,"Нужно 0 кур.; прогноз 0.0 заказа/ч; окно block_12_18: история 0.00, цикл 0.00; выбрано: историческая производительность; страховой запас 0%"
436,BSB Хамовники,non_kfm,2026-09-14,13,13:00-14:00,low,block_12_18,auto,0.04,0.22,23.55,,,1.09,0.0,0.0,0.0,1.0,0,history,time_segment_shift_history,missing_cycle_time,global_hour,global_hour,"Нужно 0 кур.; прогноз 0.0 заказа/ч; окно block_12_18: история 0.00, цикл 0.00; выбрано: историческая производительность; страховой запас 0%"
436,BSB Хамовники,non_kfm,2026-09-14,14,14:00-15:00,low,block_12_18,auto,0.04,0.22,24.06,,,1.09,0.0,0.0,0.0,1.0,0,history,time_segment_shift_history,missing_cycle_time,global_hour,global_hour,"Нужно 0 кур.; прогноз 0.0 заказа/ч; окно block_12_18: история 0.00, цикл 0.00; выбрано: историческая производительность; страховой запас 0%"
436,BSB Хамовники,non_kfm,2026-09-14,15,15:00-16:00,low,block_12_18,auto,0.03,0.22,24.51,,,1.09,0.0,0.0,0.0,1.0,0,history,time_segment_shift_history,missing_cycle_time,global_hour,global_hour,"Нужно 0 кур.; прогноз 0.0 заказа/ч; окно block_12_18: история 0.00, цикл 0.00; выбрано: историческая производительность; страховой запас 0%"
436,BSB Хамовники,non_kfm,2026-09-14,16,16:00-17:00,low,block_12_18,auto,0.03,0.22,25.16,,,1.09,0.0,0.0,0.0,1.0,0,history,time_segment_shift_history,missing_cycle_time,global_hour,global_hour,"Нужно 0 кур.; прогноз 0.0 заказа/ч; окно block_12_18: история 0.00, цикл 0.00; выбрано: историческая производительность; страховой запас 0%"
436,BSB Хамовники,non_kfm,2026-09-14,17,17:00-18:00,low,block_12_18,auto,0.03,0.22,27.66,,,1.09,0.0,0.0,0.0,1.0,0,history,time_segment_shift_history,missing_cycle_time,global_hour,global_hour,"Нужно 0 кур.; прогноз 0.0 заказа/ч; окно block_12_18: история 0.00, цикл 0.00; выбрано: историческая производительность; страховой запас 0%"
436,BSB Хамовники,non_kfm,2026-09-14,18,18:00-19:00,low,block_18_24,auto,0.04,0.16,27.41,,,1.15,0.0,0.0,0.0,1.0,0,history,time_segment_shift_history,missing_cycle_time,global_hour,global_hour,"Нужно 0 кур.; прогноз 0.0 заказа/ч; окно block_18_24: история 0.00, цикл 0.00; выбрано: историческая производительность; страховой запас 0%"
436,BSB Хамовники,non_kfm,2026-09-14,19,19:00-20:00,low,block_18_24,auto,0.04,0.16,26.64,,,1.15,0.0,0.0,0.0,1.0,0,history,time_segment_shift_history,missing_cycle_time,global_hour,global_hour,"Нужно 0 кур.; прогноз 0.0 заказа/ч; окно block_18_24: история 0.00, цикл 0.00; выбрано: историческая производительность; страховой запас 0%"
436,BSB Хамовники,non_kfm,2026-09-14,20,20:00-21:00,low,block_18_24,auto,0.04,0.16,23.12,,,1.15,0.0,0.0,0.0,1.0,0,history,time_segment_shift_history,missing_cycle_time,global_hour,global_hour,"Нужно 0 кур.; прогноз 0.0 заказа/ч; окно block_18_24: история 0.00, цикл 0.00; выбрано: историческая производительность; страховой запас 0%"
436,BSB Хамовники,non_kfm,2026-09-14,21,21:00-22:00,low,block_18_24,auto,0.03,0.16,21.83,,,1.15,0.0,0.0,0.0,1.0,0,history,time_segment_shift_history,missing_cycle_time,global_hour,global_hour,"Нужно 0 кур.; прогноз 0.0 заказа/ч; окно block_18_24: история 0.00, цикл 0.00; выбрано: историческая производительность; страховой запас 0%"
436,BSB Хамовники,non_kfm,2026-09-14,10,10:00-11:00,low,block_06_12,bike,0.01,0.05,10.11,,,3.03,0.0,0.0,0.0,1.0,0,history,time_segment_shift_history,missing_cycle_time,global_hour,global_hour,"Нужно 0 кур.; прогноз 0.0 заказа/ч; окно block_06_12: история 0.00, цикл 0.00; выбрано: историческая производительность; страховой запас 0%"
436,BSB Хамовники,non_kfm,2026-09-14,11,11:00-12:00,low,block_06_12,bike,0.01,0.05,10.41,,,3.03,0.0,0.0,0.0,1.0,0,history,time_segment_shift_history,missing_cycle_time,global_hour,global_hour,"Нужно 0 кур.; прогноз 0.0 заказа/ч; окно block_06_12: история 0.00, цикл 0.00; выбрано: историческая производительность; страховой запас 0%"
436,BSB Хамовники,non_kfm,2026-09-14,12,12:00-13:00,low,block_12_18,bike,0.02,0.08,10.37,,,2.83,0.0,0.0,0.0,1.0,0,history,time_segment_shift_history,missing_cycle_time,global_hour,global_hour,"Нужно 0 кур.; прогноз 0.0 заказа/ч; окно block_12_18: история 0.00, цикл 0.00; выбрано: историческая производительность; страховой запас 0%"
436,BSB Хамовники,non_kfm,2026-09-14,13,13:00-14:00,low,block_12_18,bike,0.02,0.08,10.39,,,2.83,0.0,0.0,0.0,1.0,0,history,time_segment_shift_history,missing_cycle_time,global_hour,global_hour,"Нужно 0 кур.; прогноз 0.0 заказа/ч; окно block_12_18: история 0.00, цикл 0.00; выбрано: историческая производительность; страховой запас 0%"
436,BSB Хамовники,non_kfm,2026-09-14,14,14:00-15:00,low,block_12_18,bike,0.01,0.08,10.2,,,2.83,0.0,0.0,0.0,1.0,0,history,time_segment_shift_history,missing_cycle_time,global_hour,global_hour,"Нужно 0 кур.; прогноз 0.0 заказа/ч; окно block_12_18: история 0.00, цикл 0.00; выбрано: историческая производительность; страховой запас 0%"
436,BSB Хамовники,non_kfm,2026-09-14,15,15:00-16:00,low,block_12_18,bike,0.01,0.08,10.75,,,2.83,0.0,0.0,0.0,1.0,0,history,time_segment_shift_history,missing_cycle_time,global_hour,global_hour,"Нужно 0 кур.; прогноз 0.0 заказа/ч; окно block_12_18: история 0.00, цикл 0.00; выбрано: историческая производительность; страховой запас 0%"
436,BSB Хамовники,non_kfm,2026-09-14,16,16:00-17:00,low,block_12_18,bike,0.01,0.08,11.02,,,2.83,0.0,0.0,0.0,1.0,0,history,time_segment_shift_history,missing_cycle_time,global_hour,global_hour,"Нужно 0 кур.; прогноз 0.0 заказа/ч; окно block_12_18: история 0.00, цикл 0.00; выбрано: историческая производительность; страховой запас 0%"
436,BSB Хамовники,non_kfm,2026-09-14,17,17:00-18:00,low,block_12_18,bike,0.01,0.08,10.83,,,2.83,0.0,0.0,0.0,1.0,0,history,time_segment_shift_history,missing_cycle_time,global_hour,global_hour,"Нужно 0 кур.; прогноз 0.0 заказа/ч; окно block_12_18: история 0.00, цикл 0.00; выбрано: историческая производительность; страховой запас 0%"
436,BSB Хамовники,non_kfm,2026-09-14,18,18:00-19:00,low,block_18_24,bike,0.02,0.1,11.1,,,2.05,0.0,0.0,0.0,1.0,0,history,time_segment_shift_history,missing_cycle_time,global_hour,global_hour,"Нужно 0 кур.; прогноз 0.0 заказа/ч; окно block_18_24: история 0.00, цикл 0.00; выбрано: историческая производительность; страховой запас 0%"
436,BSB Хамовники,non_kfm,2026-09-14,19,19:00-20:00,low,block_18_24,bike,0.02,0.1,10.71,,,2.05,0.0,0.0,0.0,1.0,0,history,time_segment_shift_history,missing_cycle_time,global_hour,global_hour,"Нужно 0 кур.; прогноз 0.0 заказа/ч; окно block_18_24: история 0.00, цикл 0.00; выбрано: историческая производительность; страховой запас 0%"
436,BSB Хамовники,non_kfm,2026-09-14,20,20:00-21:00,low,block_18_24,bike,0.02,0.1,10.4,,,2.05,0.0,0.0,0.0,1.0,0,history,time_segment_shift_history,missing_cycle_time,global_hour,global_hour,"Нужно 0 кур.; прогноз 0.0 заказа/ч; окно block_18_24: история 0.00, цикл 0.00; выбрано: историческая производительность; страховой запас 0%"
436,BSB Хамовники,non_kfm,2026-09-14,21,21:00-22:00,low,block_18_24,bike,0.02,0.1,9.94,,,2.05,0.0,0.0,0.0,1.0,0,history,time_segment_shift_history,missing_cycle_time,global_hour,global_hour,"Нужно 0 кур.; прогноз 0.0 заказа/ч; окно block_18_24: история 0.00, цикл 0.00; выбрано: историческая производительность; страховой запас 0%"
44,Frankie Пятницкая,non_kfm,2026-09-14,11,11:00-12:00,low,block_06_12,auto,0.04,0.16,22.82,,,1.28,0.0,0.0,0.0,1.0,0,history,time_segment_shift_history,missing_cycle_time,global_hour,global_hour,"Нужно 0 кур.; прогноз 0.0 заказа/ч; окно block_06_12: история 0.00, цикл 0.00; выбрано: историческая производительность; страховой запас 0%"
44,Frankie Пятницкая,non_kfm,2026-09-14,12,12:00-13:00,low,block_12_18,auto,0.08,0.41,23.54,,,1.09,0.0,0.0,0.0,1.0,0,history,time_segment_shift_history,missing_cycle_time,global_hour,global_hour,"Нужно 0 кур.; прогноз 0.1 заказа/ч; окно block_12_18: история 0.00, цикл 0.00; выбрано: историческая производительность; страховой запас 0%"
44,Frankie Пятницкая,non_kfm,2026-09-14,13,13:00-14:00,low,block_12_18,auto,0.08,0.41,23.55,,,1.09,0.0,0.0,0.0,1.0,0,history,time_segment_shift_history,missing_cycle_time,global_hour,global_hour,"Нужно 0 кур.; прогноз 0.1 заказа/ч; окно block_12_18: история 0.00, цикл 0.00; выбрано: историческая производительность; страховой запас 0%"
44,Frankie Пятницкая,non_kfm,2026-09-14,14,14:00-15:00,low,block_12_18,auto,0.07,0.41,24.06,,,1.09,0.0,0.0,0.0,1.0,0,history,time_segment_shift_history,missing_cycle_time,global_hour,global_hour,"Нужно 0 кур.; прогноз 0.1 заказа/ч; окно block_12_18: история 0.00, цикл 0.00; выбрано: историческая производительность; страховой запас 0%"
44,Frankie Пятницкая,non_kfm,2026-09-14,15,15:00-16:00,low,block_12_18,auto,0.06,0.41,24.51,,,1.09,0.0,0.0,0.0,1.0,0,history,time_segment_shift_history,missing_cycle_time,global_hour,global_hour,"Нужно 0 кур.; прогноз 0.1 заказа/ч; окно block_12_18: история 0.00, цикл 0.00; выбрано: историческая производительность; страховой запас 0%"
44,Frankie Пятницкая,non_kfm,2026-09-14,16,16:00-17:00,low,block_12_18,auto,0.05,0.41,25.16,,,1.09,0.0,0.0,0.0,1.0,0,history,time_segment_shift_history,missing_cycle_time,global_hour,global_hour,"Нужно 0 кур.; прогноз 0.1 заказа/ч; окно block_12_18: история 0.00, цикл 0.00; выбрано: историческая производительность; страховой запас 0%"
44,Frankie Пятницкая,non_kfm,2026-09-14,17,17:00-18:00,low,block_12_18,auto,0.05,0.41,27.66,,,1.09,0.0,0.0,0.0,1.0,0,history,time_segment_shift_history,missing_cycle_time,global_hour,global_hour,"Нужно 0 кур.; прогноз 0.0 заказа/ч; окно block_12_18: история 0.00, цикл 0.00; выбрано: историческая производительность; страховой запас 0%"
44,Frankie Пятницкая,non_kfm,2026-09-14,18,18:00-19:00,low,block_18_24,auto,0.07,0.31,27.41,,,1.15,0.0,0.0,0.0,1.0,0,history,time_segment_shift_history,missing_cycle_time,global_hour,global_hour,"Нужно 0 кур.; прогноз 0.1 заказа/ч; окно block_18_24: история 0.00, цикл 0.00; выбрано: историческая производительность; страховой запас 0%"
44,Frankie Пятницкая,non_kfm,2026-09-14,19,19:00-20:00,low,block_18_24,auto,0.07,0.31,26.64,,,1.15,0.0,0.0,0.0,1.0,0,history,time_segment_shift_history,missing_cycle_time,global_hour,global_hour,"Нужно 0 кур.; прогноз 0.1 заказа/ч; окно block_18_24: история 0.00, цикл 0.00; выбрано: историческая производительность; страховой запас 0%"
44,Frankie Пятницкая,non_kfm,2026-09-14,20,20:00-21:00,low,block_18_24,auto,0.07,0.31,23.12,,,1.15,0.0,0.0,0.0,1.0,0,history,time_segment_shift_history,missing_cycle_time,global_hour,global_hour,"Нужно 0 кур.; прогноз 0.1 заказа/ч; окно block_18_24: история 0.00, цикл 0.00; выбрано: историческая производительность; страховой запас 0%"
44,Frankie Пятницкая,non_kfm,2026-09-14,21,21:00-22:00,low,block_18_24,auto,0.05,0.31,21.83,,,1.15,0.0,0.0,0.0,1.0,0,history,time_segment_shift_history,missing_cycle_time,global_hour,global_hour,"Нужно 0 кур.; прогноз 0.0 заказа/ч; окно block_18_24: история 0.00, цикл 0.00; выбрано: историческая производительность; страховой запас 0%"
44,Frankie Пятницкая,non_kfm,2026-09-14,22,22:00-23:00,low,block_18_24,auto,0.03,0.31,16.14,,,1.15,0.0,0.0,0.0,1.0,0,history,time_segment_shift_history,missing_cycle_time,global_hour,global_hour,"Нужно 0 кур.; прогноз 0.0 заказа/ч; окно block_18_24: история 0.00, цикл 0.00; выбрано: историческая производительность; страховой запас 0%"
44,Frankie Пятницкая,non_kfm,2026-09-14,23,23:00-24:00,low,block_18_24,auto,0.02,0.31,20.26,,,1.15,0.0,0.0,0.0,1.0,0,history,time_segment_shift_history,missing_cycle_time,global_hour,global_hour,"Нужно 0 кур.; прогноз 0.0 заказа/ч; окно block_18_24: история 0.00, цикл 0.00; выбрано: историческая производительность; страховой запас 0%"
44,Frankie Пятницкая,non_kfm,2026-09-14,11,11:00-12:00,low,block_06_12,bike,0.02,0.09,10.41,,,3.03,0.0,0.0,0.0,1.0,0,history,time_segment_shift_history,missing_cycle_time,global_hour,global_hour,"Нужно 0 кур.; прогноз 0.0 заказа/ч; окно block_06_12: история 0.00, цикл 0.00; выбрано: историческая производительность; страховой запас 0%"
44,Frankie Пятницкая,non_kfm,2026-09-14,12,12:00-13:00,low,block_12_18,bike,0.03,0.15,10.37,,,2.83,0.0,0.0,0.0,1.0,0,history,time_segment_shift_history,missing_cycle_time,global_hour,global_hour,"Нужно 0 кур.; прогноз 0.0 заказа/ч; окно block_12_18: история 0.00, цикл 0.00; выбрано: историческая производительность; страховой запас 0%"
44,Frankie Пятницкая,non_kfm,2026-09-14,13,13:00-14:00,low,block_12_18,bike,0.03,0.15,10.39,,,2.83,0.0,0.0,0.0,1.0,0,history,time_segment_shift_history,missing_cycle_time,global_hour,global_hour,"Нужно 0 кур.; прогноз 0.0 заказа/ч; окно block_12_18: история 0.00, цикл 0.00; выбрано: историческая производительность; страховой запас 0%"
44,Frankie Пятницкая,non_kfm,2026-09-14,14,14:00-15:00,low,block_12_18,bike,0.03,0.15,10.2,,,2.83,0.0,0.0,0.0,1.0,0,history,time_segment_shift_history,missing_cycle_time,global_hour,global_hour,"Нужно 0 кур.; прогноз 0.0 заказа/ч; окно block_12_18: история 0.00, цикл 0.00; выбрано: историческая производительность; страховой запас 0%"
44,Frankie Пятницкая,non_kfm,2026-09-14,15,15:00-16:00,low,block_12_18,bike,0.02,0.15,10.75,,,2.83,0.0,0.0,0.0,1.0,0,history,time_segment_shift_history,missing_cycle_time,global_hour,global_hour,"Нужно 0 кур.; прогноз 0.0 заказа/ч; окно block_12_18: история 0.00, цикл 0.00; выбрано: историческая производительность; страховой запас 0%"
44,Frankie Пятницкая,non_kfm,2026-09-14,16,16:00-17:00,low,block_12_18,bike,0.02,0.15,11.02,,,2.83,0.0,0.0,0.0,1.0,0,history,time_segment_shift_history,missing_cycle_time,global_hour,global_hour,"Нужно 0 кур.; прогноз 0.0 заказа/ч; окно block_12_18: история 0.00, цикл 0.00; выбрано: историческая производительность; страховой запас 0%"
44,Frankie Пятницкая,non_kfm,2026-09-14,17,17:00-18:00,low,block_12_18,bike,0.02,0.15,10.83,,,2.83,0.0,0.0,0.0,1.0,0,history,time_segment_shift_history,missing_cycle_time,global_hour,global_hour,"Нужно 0 кур.; прогноз 0.0 заказа/ч; окно block_12_18: история 0.00, цикл 0.00; выбрано: историческая производительность; страховой запас 0%"
44,Frankie Пятницкая,non_kfm,2026-09-14,18,18:00-19:00,low,block_18_24,bike,0.04,0.19,11.1,,,2.05,0.0,0.0,0.0,1.0,0,history,time_segment_shift_history,missing_cycle_time,global_hour,global_hour,"Нужно 0 кур.; прогноз 0.0 заказа/ч; окно block_18_24: история 0.00, цикл 0.00; выбрано: историческая производительность; страховой запас 0%"
44,Frankie Пятницкая,non_kfm,2026-09-14,19,19:00-20:00,low,block_18_24,bike,0.04,0.19,10.71,,,2.05,0.0,0.0,0.0,1.0,0,history,time_segment_shift_history,missing_cycle_time,global_hour,global_hour,"Нужно 0 кур.; прогноз 0.0 заказа/ч; окно block_18_24: история 0.00, цикл 0.00; выбрано: историческая производительность; страховой запас 0%"
44,Frankie Пятницкая,non_kfm,2026-09-14,20,20:00-21:00,low,block_18_24,bike,0.04,0.19,10.4,,,2.05,0.0,0.0,0.0,1.0,0,history,time_segment_shift_history,missing_cycle_time,global_hour,global_hour,"Нужно 0 кур.; прогноз 0.0 заказа/ч; окно block_18_24: история 0.00, цикл 0.00; выбрано: историческая производительность; страховой запас 0%"
44,Frankie Пятницкая,non_kfm,2026-09-14,21,21:00-22:00,low,block_18_24,bike,0.03,0.19,9.94,,,2.05,0.0,0.0,0.0,1.0,0,history,time_segment_shift_history,missing_cycle_time,global_hour,global_hour,"Нужно 0 кур.; прогноз 0.0 заказа/ч; окно block_18_24: история 0.00, цикл 0.00; выбрано: историческая производительность; страховой запас 0%"
44,Frankie Пятницкая,non_kfm,2026-09-14,22,22:00-23:00,low,block_18_24,bike,0.02,0.19,9.8,,,2.05,0.0,0.0,0.0,1.0,0,history,time_segment_shift_history,missing_cycle_time,global_hour,global_hour,"Нужно 0 кур.; прогноз 0.0 заказа/ч; окно block_18_24: история 0.00, цикл 0.00; выбрано: историческая производительность; страховой запас 0%"
44,Frankie Пятницкая,non_kfm,2026-09-14,23,23:00-24:00,low,block_18_24,bike,0.01,0.19,9.15,,,2.05,0.0,0.0,0.0,1.0,0,history,time_segment_shift_history,missing_cycle_time,global_hour,global_hour,"Нужно 0 кур.; прогноз 0.0 заказа/ч; окно block_18_24: история 0.00, цикл 0.00; выбрано: историческая производительность; страховой запас 0%"
443,Пинский доставка,non_kfm,2026-09-14,10,10:00-11:00,low,block_06_12,auto,0.07,0.31,21.71,,,1.28,0.0,0.0,0.0,1.0,0,history,time_segment_shift_history,missing_cycle_time,global_hour,global_hour,"Нужно 0 кур.; прогноз 0.1 заказа/ч; окно block_06_12: история 0.00, цикл 0.00; выбрано: историческая производительность; страховой запас 0%"
443,Пинский доставка,non_kfm,2026-09-14,11,11:00-12:00,low,block_06_12,auto,0.08,0.31,22.82,,,1.28,0.0,0.0,0.0,1.0,0,history,time_segment_shift_history,missing_cycle_time,global_hour,global_hour,"Нужно 0 кур.; прогноз 0.1 заказа/ч; окно block_06_12: история 0.00, цикл 0.00; выбрано: историческая производительность; страховой запас 0%"
443,Пинский доставка,non_kfm,2026-09-14,12,12:00-13:00,low,block_12_18,auto,0.26,1.22,23.54,,,1.09,0.19,0.0,0.19,1.0,0,history,time_segment_shift_history,missing_cycle_time,global_hour,global_hour,"Нужно 0 кур.; прогноз 0.3 заказа/ч; окно block_12_18: история 0.19, цикл 0.00; выбрано: историческая производительность; страховой запас 0%"
443,Пинский доставка,non_kfm,2026-09-14,13,13:00-14:00,low,block_12_18,auto,0.25,1.22,23.55,,,1.09,0.19,0.0,0.19,1.0,0,history,time_segment_shift_history,missing_cycle_time,global_hour,global_hour,"Нужно 0 кур.; прогноз 0.3 заказа/ч; окно block_12_18: история 0.19, цикл 0.00; выбрано: историческая производительность; страховой запас 0%"
443,Пинский доставка,non_kfm,2026-09-14,14,14:00-15:00,low,block_12_18,auto,0.22,1.22,24.06,,,1.09,0.19,0.0,0.19,1.0,0,history,time_segment_shift_history,missing_cycle_time,global_hour,global_hour,"Нужно 0 кур.; прогноз 0.2 заказа/ч; окно block_12_18: история 0.19, цикл 0.00; выбрано: историческая производительность; страховой запас 0%"
443,Пинский доставка,non_kfm,2026-09-14,15,15:00-16:00,low,block_12_18,auto,0.19,1.22,24.51,,,1.09,0.19,0.0,0.19,1.0,0,history,time_segment_shift_history,missing_cycle_time,global_hour,global_hour,"Нужно 0 кур.; прогноз 0.2 заказа/ч; окно block_12_18: история 0.19, цикл 0.00; выбрано: историческая производительность; страховой запас 0%"
443,Пинский доставка,non_kfm,2026-09-14,16,16:00-17:00,low,block_12_18,auto,0.16,1.22,25.16,,,1.09,0.19,0.0,0.19,1.0,0,history,time_segment_shift_history,missing_cycle_time,global_hour,global_hour,"Нужно 0 кур.; прогноз 0.2 заказа/ч; окно block_12_18: история 0.19, цикл 0.00; выбрано: историческая производительность; страховой запас 0%"
443,Пинский доставка,non_kfm,2026-09-14,17,17:00-18:00,low,block_12_18,auto,0.15,1.22,27.66,,,1.09,0.19,0.0,0.19,1.0,0,history,time_segment_shift_history,missing_cycle_time,global_hour,global_hour,"Нужно 0 кур.; прогноз 0.1 заказа/ч; окно block_12_18: история 0.19, цикл 0.00; выбрано: историческая производительность; страховой запас 0%"
443,Пинский доставка,non_kfm,2026-09-14,18,18:00-19:00,low,block_18_24,auto,0.07,0.28,27.41,,,1.15,0.0,0.0,0.0,1.0,0,history,time_segment_shift_history,missing_cycle_time,global_hour,global_hour,"Нужно 0 кур.; прогноз 0.1 заказа/ч; окно block_18_24: история 0.00, цикл 0.00; выбрано: историческая производительность; страховой запас 0%"
443,Пинский доставка,non_kfm,2026-09-14,19,19:00-20:00,low,block_18_24,auto,0.07,0.28,26.64,,,1.15,0.0,0.0,0.0,1.0,0,history,time_segment_shift_history,missing_cycle_time,global_hour,global_hour,"Нужно 0 кур.; прогноз 0.1 заказа/ч; окно block_18_24: история 0.00, цикл 0.00; выбрано: историческая производительность; страховой запас 0%"
443,Пинский доставка,non_kfm,2026-09-14,10,10:00-11:00,low,block_06_12,bike,0.04,0.17,10.11,,,3.03,0.0,0.0,0.0,1.0,0,history,time_segment_shift_history,missing_cycle_time,global_hour,global_hour,"Нужно 0 кур.; прогноз 0.0 заказа/ч; окно block_06_12: история 0.00, цикл 0.00; выбрано: историческая производительность; страховой запас 0%"
443,Пинский доставка,non_kfm,2026-09-14,11,11:00-12:00,low,block_06_12,bike,0.04,0.17,10.41,,,3.03,0.0,0.0,0.0,1.0,0,history,time_segment_shift_history,missing_cycle_time,global_hour,global_hour,"Нужно 0 кур.; прогноз 0.0 заказа/ч; окно block_06_12: история 0.00, цикл 0.00; выбрано: историческая производительность; страховой запас 0%"
443,Пинский доставка,non_kfm,2026-09-14,12,12:00-13:00,low,block_12_18,bike,0.1,0.46,10.37,,,2.83,0.0,0.0,0.0,1.0,0,history,time_segment_shift_history,missing_cycle_time,global_hour,global_hour,"Нужно 0 кур.; прогноз 0.1 заказа/ч; окно block_12_18: история 0.00, цикл 0.00; выбрано: историческая производительность; страховой запас 0%"
443,Пинский доставка,non_kfm,2026-09-14,13,13:00-14:00,low,block_12_18,bike,0.09,0.46,10.39,,,2.83,0.0,0.0,0.0,1.0,0,history,time_segment_shift_history,missing_cycle_time,global_hour,global_hour,"Нужно 0 кур.; прогноз 0.1 заказа/ч; окно block_12_18: история 0.00, цикл 0.00; выбрано: историческая производительность; страховой запас 0%"
443,Пинский доставка,non_kfm,2026-09-14,14,14:00-15:00,low,block_12_18,bike,0.08,0.46,10.2,,,2.83,0.0,0.0,0.0,1.0,0,history,time_segment_shift_history,missing_cycle_time,global_hour,global_hour,"Нужно 0 кур.; прогноз 0.1 заказа/ч; окно block_12_18: история 0.00, цикл 0.00; выбрано: историческая производительность; страховой запас 0%"
443,Пинский доставка,non_kfm,2026-09-14,15,15:00-16:00,low,block_12_18,bike,0.07,0.46,10.75,,,2.83,0.0,0.0,0.0,1.0,0,history,time_segment_shift_history,missing_cycle_time,global_hour,global_hour,"Нужно 0 кур.; прогноз 0.1 заказа/ч; окно block_12_18: история 0.00, цикл 0.00; выбрано: историческая производительность; страховой запас 0%"
443,Пинский доставка,non_kfm,2026-09-14,16,16:00-17:00,low,block_12_18,bike,0.06,0.46,11.02,,,2.83,0.0,0.0,0.0,1.0,0,history,time_segment_shift_history,missing_cycle_time,global_hour,global_hour,"Нужно 0 кур.; прогноз 0.1 заказа/ч; окно block_12_18: история 0.00, цикл 0.00; выбрано: историческая производительность; страховой запас 0%"
443,Пинский доставка,non_kfm,2026-09-14,17,17:00-18:00,low,block_12_18,bike,0.06,0.46,10.83,,,2.83,0.0,0.0,0.0,1.0,0,history,time_segment_shift_history,missing_cycle_time,global_hour,global_hour,"Нужно 0 кур.; прогноз 0.1 заказа/ч; окно block_12_18: история 0.00, цикл 0.00; выбрано: историческая производительность; страховой запас 0%"
443,Пинский доставка,non_kfm,2026-09-14,18,18:00-19:00,low,block_18_24,bike,0.04,0.17,11.1,,,2.05,0.0,0.0,0.0,1.0,0,history,time_segment_shift_history,missing_cycle_time,global_hour,global_hour,"Нужно 0 кур.; прогноз 0.0 заказа/ч; окно block_18_24: история 0.00, цикл 0.00; выбрано: историческая производительность; страховой запас 0%"
443,Пинский доставка,non_kfm,2026-09-14,19,19:00-20:00,low,block_18_24,bike,0.04,0.17,10.71,,,2.05,0.0,0.0,0.0,1.0,0,history,time_segment_shift_history,missing_cycle_time,global_hour,global_hour,"Нужно 0 кур.; прогноз 0.0 заказа/ч; окно block_18_24: история 0.00, цикл 0.00; выбрано: историческая производительность; страховой запас 0%"
445,Shiba,non_kfm,2026-09-14,12,12:00-13:00,low,block_12_18,auto,0.04,0.17,47.87,,,1.09,0.0,0.0,0.0,1.0,0,history,time_segment_shift_history,missing_cycle_time,global_hour,location_hour,"Нужно 0 кур.; прогноз 0.0 заказа/ч; окно block_12_18: история 0.00, цикл 0.00; выбрано: историческая производительность; страховой запас 0%"
445,Shiba,non_kfm,2026-09-14,13,13:00-14:00,low,block_12_18,auto,0.04,0.17,24.87,,,1.09,0.0,0.0,0.0,1.0,0,history,time_segment_shift_history,missing_cycle_time,global_hour,location_hour,"Нужно 0 кур.; прогноз 0.0 заказа/ч; окно block_12_18: история 0.00, цикл 0.00; выбрано: историческая производительность; страховой запас 0%"
445,Shiba,non_kfm,2026-09-14,14,14:00-15:00,low,block_12_18,auto,0.03,0.17,24.06,,,1.09,0.0,0.0,0.0,1.0,0,history,time_segment_shift_history,missing_cycle_time,global_hour,global_hour,"Нужно 0 кур.; прогноз 0.0 заказа/ч; окно block_12_18: история 0.00, цикл 0.00; выбрано: историческая производительность; страховой запас 0%"
445,Shiba,non_kfm,2026-09-14,15,15:00-16:00,low,block_12_18,auto,0.03,0.17,24.51,,,1.09,0.0,0.0,0.0,1.0,0,history,time_segment_shift_history,missing_cycle_time,global_hour,global_hour,"Нужно 0 кур.; прогноз 0.0 заказа/ч; окно block_12_18: история 0.00, цикл 0.00; выбрано: историческая производительность; страховой запас 0%"
445,Shiba,non_kfm,2026-09-14,16,16:00-17:00,low,block_12_18,auto,0.02,0.17,25.16,,,1.09,0.0,0.0,0.0,1.0,0,history,time_segment_shift_history,missing_cycle_time,global_hour,global_hour,"Нужно 0 кур.; прогноз 0.0 заказа/ч; окно block_12_18: история 0.00, цикл 0.00; выбрано: историческая производительность; страховой запас 0%"
445,Shiba,non_kfm,2026-09-14,17,17:00-18:00,low,block_12_18,auto,0.02,0.17,27.66,,,1.09,0.0,0.0,0.0,1.0,0,history,time_segment_shift_history,missing_cycle_time,global_hour,global_hour,"Нужно 0 кур.; прогноз 0.0 заказа/ч; окно block_12_18: история 0.00, цикл 0.00; выбрано: историческая производительность; страховой запас 0%"
445,Shiba,non_kfm,2026-09-14,18,18:00-19:00,low,block_18_24,auto,0.03,0.14,54.79,,,1.15,0.0,0.0,0.0,1.0,0,history,time_segment_shift_history,missing_cycle_time,global_hour,location_hour,"Нужно 0 кур.; прогноз 0.0 заказа/ч; окно block_18_24: история 0.00, цикл 0.00; выбрано: историческая производительность; страховой запас 0%"
445,Shiba,non_kfm,2026-09-14,19,19:00-20:00,low,block_18_24,auto,0.03,0.14,19.2,,,1.15,0.0,0.0,0.0,1.0,0,history,time_segment_shift_history,missing_cycle_time,global_hour,location_hour,"Нужно 0 кур.; прогноз 0.0 заказа/ч; окно block_18_24: история 0.00, цикл 0.00; выбрано: историческая производительность; страховой запас 0%"
445,Shiba,non_kfm,2026-09-14,20,20:00-21:00,low,block_18_24,auto,0.03,0.14,23.12,,,1.15,0.0,0.0,0.0,1.0,0,history,time_segment_shift_history,missing_cycle_time,global_hour,global_hour,"Нужно 0 кур.; прогноз 0.0 заказа/ч; окно block_18_24: история 0.00, цикл 0.00; выбрано: историческая производительность; страховой запас 0%"
445,Shiba,non_kfm,2026-09-14,21,21:00-22:00,low,block_18_24,auto,0.02,0.14,21.83,,,1.15,0.0,0.0,0.0,1.0,0,history,time_segment_shift_history,missing_cycle_time,global_hour,global_hour,"Нужно 0 кур.; прогноз 0.0 заказа/ч; окно block_18_24: история 0.00, цикл 0.00; выбрано: историческая производительность; страховой запас 0%"
445,Shiba,non_kfm,2026-09-14,12,12:00-13:00,low,block_12_18,bike,0.01,0.07,10.37,,,2.83,0.0,0.0,0.0,1.0,0,history,time_segment_shift_history,missing_cycle_time,global_hour,global_hour,"Нужно 0 кур.; прогноз 0.0 заказа/ч; окно block_12_18: история 0.00, цикл 0.00; выбрано: историческая производительность; страховой запас 0%"
445,Shiba,non_kfm,2026-09-14,13,13:00-14:00,low,block_12_18,bike,0.01,0.07,0.69,,,2.83,0.0,0.0,0.0,1.0,0,history,time_segment_shift_history,missing_cycle_time,global_hour,location_hour,"Нужно 0 кур.; прогноз 0.0 заказа/ч; окно block_12_18: история 0.00, цикл 0.00; выбрано: историческая производительность; страховой запас 0%"
445,Shiba,non_kfm,2026-09-14,14,14:00-15:00,low,block_12_18,bike,0.01,0.07,17.8,,,2.83,0.0,0.0,0.0,1.0,0,history,time_segment_shift_history,missing_cycle_time,global_hour,location_hour,"Нужно 0 кур.; прогноз 0.0 заказа/ч; окно block_12_18: история 0.00, цикл 0.00; выбрано: историческая производительность; страховой запас 0%"
445,Shiba,non_kfm,2026-09-14,15,15:00-16:00,low,block_12_18,bike,0.01,0.07,9.54,,,2.83,0.0,0.0,0.0,1.0,0,history,time_segment_shift_history,missing_cycle_time,global_hour,location_hour,"Нужно 0 кур.; прогноз 0.0 заказа/ч; окно block_12_18: история 0.00, цикл 0.00; выбрано: историческая производительность; страховой запас 0%"
445,Shiba,non_kfm,2026-09-14,16,16:00-17:00,low,block_12_18,bike,0.01,0.07,13.65,,,2.83,0.0,0.0,0.0,1.0,0,history,time_segment_shift_history,missing_cycle_time,global_hour,location_hour,"Нужно 0 кур.; прогноз 0.0 заказа/ч; окно block_12_18: история 0.00, цикл 0.00; выбрано: историческая производительность; страховой запас 0%"
445,Shiba,non_kfm,2026-09-14,17,17:00-18:00,low,block_12_18,bike,0.01,0.07,10.83,,,2.83,0.0,0.0,0.0,1.0,0,history,time_segment_shift_history,missing_cycle_time,global_hour,global_hour,"Нужно 0 кур.; прогноз 0.0 заказа/ч; окно block_12_18: история 0.00, цикл 0.00; выбрано: историческая производительность; страховой запас 0%"
445,Shiba,non_kfm,2026-09-14,18,18:00-19:00,low,block_18_24,bike,0.02,0.08,11.1,,,2.05,0.0,0.0,0.0,1.0,0,history,time_segment_shift_history,missing_cycle_time,global_hour,global_hour,"Нужно 0 кур.; прогноз 0.0 заказа/ч; окно block_18_24: история 0.00, цикл 0.00; выбрано: историческая производительность; страховой запас 0%"
445,Shiba,non_kfm,2026-09-14,19,19:00-20:00,low,block_18_24,bike,0.02,0.08,10.71,,,2.05,0.0,0.0,0.0,1.0,0,history,time_segment_shift_history,missing_cycle_time,global_hour,global_hour,"Нужно 0 кур.; прогноз 0.0 заказа/ч; окно block_18_24: история 0.00, цикл 0.00; выбрано: историческая производительность; страховой запас 0%"
445,Shiba,non_kfm,2026-09-14,20,20:00-21:00,low,block_18_24,bike,0.02,0.08,19.93,,,2.05,0.0,0.0,0.0,1.0,0,history,time_segment_shift_history,missing_cycle_time,global_hour,location_hour,"Нужно 0 кур.; прогноз 0.0 заказа/ч; окно block_18_24: история 0.00, цикл 0.00; выбрано: историческая производительность; страховой запас 0%"
445,Shiba,non_kfm,2026-09-14,21,21:00-22:00,low,block_18_24,bike,0.01,0.08,9.94,,,2.05,0.0,0.0,0.0,1.0,0,history,time_segment_shift_history,missing_cycle_time,global_hour,global_hour,"Нужно 0 кур.; прогноз 0.0 заказа/ч; окно block_18_24: история 0.00, цикл 0.00; выбрано: историческая производительность; страховой запас 0%"
46,БТ Павелецкая Плаза,kfm,2026-09-14,10,10:00-11:00,low,block_06_12,bike,0.16,0.67,10.11,,,3.03,0.04,0.0,0.04,1.0,0,history,time_segment_shift_history,missing_cycle_time,global_hour,global_hour,"Нужно 0 кур.; прогноз 0.2 заказа/ч; окно block_06_12: история 0.04, цикл 0.00; выбрано: историческая производительность; страховой запас 0%"
46,БТ Павелецкая Плаза,kfm,2026-09-14,11,11:00-12:00,low,block_06_12,bike,0.17,0.67,10.41,,,3.03,0.04,0.0,0.04,1.0,0,history,time_segment_shift_history,missing_cycle_time,global_hour,global_hour,"Нужно 0 кур.; прогноз 0.2 заказа/ч; окно block_06_12: история 0.04, цикл 0.00; выбрано: историческая производительность; страховой запас 0%"
46,БТ Павелецкая Плаза,kfm,2026-09-14,12,12:00-13:00,low,block_12_18,bike,0.2,0.96,10.37,,,2.83,0.06,0.0,0.06,1.0,0,history,time_segment_shift_history,missing_cycle_time,global_hour,global_hour,"Нужно 0 кур.; прогноз 0.2 заказа/ч; окно block_12_18: история 0.06, цикл 0.00; выбрано: историческая производительность; страховой запас 0%"
46,БТ Павелецкая Плаза,kfm,2026-09-14,13,13:00-14:00,low,block_12_18,bike,0.2,0.96,10.39,,,2.83,0.06,0.0,0.06,1.0,0,history,time_segment_shift_history,missing_cycle_time,global_hour,global_hour,"Нужно 0 кур.; прогноз 0.2 заказа/ч; окно block_12_18: история 0.06, цикл 0.00; выбрано: историческая производительность; страховой запас 0%"
46,БТ Павелецкая Плаза,kfm,2026-09-14,14,14:00-15:00,low,block_12_18,bike,0.17,0.96,10.2,,,2.83,0.06,0.0,0.06,1.0,0,history,time_segment_shift_history,missing_cycle_time,global_hour,global_hour,"Нужно 0 кур.; прогноз 0.2 заказа/ч; окно block_12_18: история 0.06, цикл 0.00; выбрано: историческая производительность; страховой запас 0%"
46,БТ Павелецкая Плаза,kfm,2026-09-14,15,15:00-16:00,low,block_12_18,bike,0.15,0.96,10.75,,,2.83,0.06,0.0,0.06,1.0,0,history,time_segment_shift_history,missing_cycle_time,global_hour,global_hour,"Нужно 0 кур.; прогноз 0.1 заказа/ч; окно block_12_18: история 0.06, цикл 0.00; выбрано: историческая производительность; страховой запас 0%"
46,БТ Павелецкая Плаза,kfm,2026-09-14,16,16:00-17:00,low,block_12_18,bike,0.12,0.96,11.02,,,2.83,0.06,0.0,0.06,1.0,0,history,time_segment_shift_history,missing_cycle_time,global_hour,global_hour,"Нужно 0 кур.; прогноз 0.1 заказа/ч; окно block_12_18: история 0.06, цикл 0.00; выбрано: историческая производительность; страховой запас 0%"
46,БТ Павелецкая Плаза,kfm,2026-09-14,17,17:00-18:00,low,block_12_18,bike,0.12,0.96,10.83,,,2.83,0.06,0.0,0.06,1.0,0,history,time_segment_shift_history,missing_cycle_time,global_hour,global_hour,"Нужно 0 кур.; прогноз 0.1 заказа/ч; окно block_12_18: история 0.06, цикл 0.00; выбрано: историческая производительность; страховой запас 0%"
46,БТ Павелецкая Плаза,kfm,2026-09-14,18,18:00-19:00,low,block_18_24,bike,0.09,0.39,11.1,,,2.05,0.0,0.0,0.0,1.0,0,history,time_segment_shift_history,missing_cycle_time,global_hour,global_hour,"Нужно 0 кур.; прогноз 0.1 заказа/ч; окно block_18_24: история 0.00, цикл 0.00; выбрано: историческая производительность; страховой запас 0%"
46,БТ Павелецкая Плаза,kfm,2026-09-14,19,19:00-20:00,low,block_18_24,bike,0.09,0.39,10.71,,,2.05,0.0,0.0,0.0,1.0,0,history,time_segment_shift_history,missing_cycle_time,global_hour,global_hour,"Нужно 0 кур.; прогноз 0.1 заказа/ч; окно block_18_24: история 0.00, цикл 0.00; выбрано: историческая производительность; страховой запас 0%"
46,БТ Павелецкая Плаза,kfm,2026-09-14,20,20:00-21:00,low,block_18_24,bike,0.08,0.39,10.4,,,2.05,0.0,0.0,0.0,1.0,0,history,time_segment_shift_history,missing_cycle_time,global_hour,global_hour,"Нужно 0 кур.; прогноз 0.1 заказа/ч; окно block_18_24: история 0.00, цикл 0.00; выбрано: историческая производительность; страховой запас 0%"
46,БТ Павелецкая Плаза,kfm,2026-09-14,21,21:00-22:00,low,block_18_24,bike,0.06,0.39,9.94,,,2.05,0.0,0.0,0.0,1.0,0,history,time_segment_shift_history,missing_cycle_time,global_hour,global_hour,"Нужно 0 кур.; прогноз 0.1 заказа/ч; окно block_18_24: история 0.00, цикл 0.00; выбрано: историческая производительность; страховой запас 0%"
47,БТ Царская Площадь,kfm,2026-09-14,8,08:00-09:00,medium,block_06_12,bike,0.89,5.12,11.08,,,3.03,0.28,0.0,0.28,1.0,0,history,segment_shift_history,missing_cycle_time,location_hour,location_hour,"Нужно 0 кур.; прогноз 0.9 заказа/ч; окно block_06_12: история 0.28, цикл 0.00; выбрано: историческая производительность; страховой запас 0%"
47,БТ Царская Площадь,kfm,2026-09-14,9,09:00-10:00,medium,block_06_12,bike,1.91,5.12,10.95,,,3.03,0.28,0.0,0.28,1.0,0,history,segment_shift_history,missing_cycle_time,location_hour,location_hour,"Нужно 0 кур.; прогноз 1.9 заказа/ч; окно block_06_12: история 0.28, цикл 0.00; выбрано: историческая производительность; страховой запас 0%"
47,БТ Царская Площадь,kfm,2026-09-14,10,10:00-11:00,medium,block_06_12,bike,1.38,5.12,11.77,,,3.03,0.28,0.0,0.28,1.0,0,history,segment_shift_history,missing_cycle_time,location_hour,location_hour,"Нужно 0 кур.; прогноз 1.4 заказа/ч; окно block_06_12: история 0.28, цикл 0.00; выбрано: историческая производительность; страховой запас 0%"
47,БТ Царская Площадь,kfm,2026-09-14,11,11:00-12:00,medium,block_06_12,bike,0.93,5.12,12.09,,,3.03,0.28,0.0,0.28,1.0,0,history,segment_shift_history,missing_cycle_time,location_hour,location_hour,"Нужно 0 кур.; прогноз 0.9 заказа/ч; окно block_06_12: история 0.28, цикл 0.00; выбрано: историческая производительность; страховой запас 0%"
47,БТ Царская Площадь,kfm,2026-09-14,12,12:00-13:00,medium,block_12_18,bike,1.63,5.78,10.96,,,2.82,0.34,0.0,0.34,1.0,0,history,segment_shift_history,missing_cycle_time,location_hour,location_hour,"Нужно 0 кур.; прогноз 1.6 заказа/ч; окно block_12_18: история 0.34, цикл 0.00; выбрано: историческая производительность; страховой запас 0%"
47,БТ Царская Площадь,kfm,2026-09-14,13,13:00-14:00,medium,block_12_18,bike,1.63,5.78,11.31,,,2.82,0.34,0.0,0.34,1.0,0,history,segment_shift_history,missing_cycle_time,location_hour,location_hour,"Нужно 0 кур.; прогноз 1.6 заказа/ч; окно block_12_18: история 0.34, цикл 0.00; выбрано: историческая производительность; страховой запас 0%"
47,БТ Царская Площадь,kfm,2026-09-14,14,14:00-15:00,medium,block_12_18,bike,0.95,5.78,12.78,,,2.82,0.34,0.0,0.34,1.0,0,history,segment_shift_history,missing_cycle_time,location_hour,location_hour,"Нужно 0 кур.; прогноз 1.0 заказа/ч; окно block_12_18: история 0.34, цикл 0.00; выбрано: историческая производительность; страховой запас 0%"
47,БТ Царская Площадь,kfm,2026-09-14,15,15:00-16:00,medium,block_12_18,bike,0.41,5.78,13.85,,,2.82,0.34,0.0,0.34,1.0,0,history,segment_shift_history,missing_cycle_time,location_hour,location_hour,"Нужно 0 кур.; прогноз 0.4 заказа/ч; окно block_12_18: история 0.34, цикл 0.00; выбрано: историческая производительность; страховой запас 0%"
47,БТ Царская Площадь,kfm,2026-09-14,16,16:00-17:00,medium,block_12_18,bike,0.41,5.78,10.08,,,2.82,0.34,0.0,0.34,1.0,0,history,segment_shift_history,missing_cycle_time,location_hour,location_hour,"Нужно 0 кур.; прогноз 0.4 заказа/ч; окно block_12_18: история 0.34, цикл 0.00; выбрано: историческая производительность; страховой запас 0%"
47,БТ Царская Площадь,kfm,2026-09-14,17,17:00-18:00,medium,block_12_18,bike,0.75,5.78,12.14,,,2.82,0.34,0.0,0.34,1.0,0,history,segment_shift_history,missing_cycle_time,location_hour,location_hour,"Нужно 0 кур.; прогноз 0.7 заказа/ч; окно block_12_18: история 0.34, цикл 0.00; выбрано: историческая производительность; страховой запас 0%"
47,БТ Царская Площадь,kfm,2026-09-14,18,18:00-19:00,medium,block_18_24,bike,0.44,0.83,13.96,,,2.04,0.07,0.0,0.07,1.0,0,history,segment_shift_history,missing_cycle_time,location_hour,location_hour,"Нужно 0 кур.; прогноз 0.4 заказа/ч; окно block_18_24: история 0.07, цикл 0.00; выбрано: историческая производительность; страховой запас 0%"
47,БТ Царская Площадь,kfm,2026-09-14,19,19:00-20:00,medium,block_18_24,bike,0.29,0.83,10.68,,,2.04,0.07,0.0,0.07,1.0,0,history,segment_shift_history,missing_cycle_time,location_hour,location_hour,"Нужно 0 кур.; прогноз 0.3 заказа/ч; окно block_18_24: история 0.07, цикл 0.00; выбрано: историческая производительность; страховой запас 0%"
47,БТ Царская Площадь,kfm,2026-09-14,20,20:00-21:00,medium,block_18_24,bike,0.1,0.83,15.59,,,2.04,0.07,0.0,0.07,1.0,0,history,segment_shift_history,missing_cycle_time,location_hour,location_hour,"Нужно 0 кур.; прогноз 0.1 заказа/ч; окно block_18_24: история 0.07, цикл 0.00; выбрано: историческая производительность; страховой запас 0%"
479,Покровка,kfm,2026-09-14,0,00:00-01:00,medium,block_00_06,auto,0.57,1.54,22.32,,,1.95,0.13,0.0,0.13,1.0,1,history,default_slot_capacity,missing_cycle_time,location_hour,location_hour,"Нужно 1 кур.; прогноз 0.6 заказа/ч; окно block_00_06: история 0.13, цикл 0.00; выбрано: историческая производительность; страховой запас 0%"
479,Покровка,kfm,2026-09-14,1,01:00-02:00,medium,block_00_06,auto,0.35,1.54,21.88,,,1.95,0.13,0.0,0.13,1.0,1,history,default_slot_capacity,missing_cycle_time,location_hour,location_hour,"Нужно 1 кур.; прогноз 0.3 заказа/ч; окно block_00_06: история 0.13, цикл 0.00; выбрано: историческая производительность; страховой запас 0%"
479,Покровка,kfm,2026-09-14,2,02:00-03:00,medium,block_00_06,auto,0.17,1.54,24.31,,,1.95,0.13,0.0,0.13,1.0,1,history,default_slot_capacity,missing_cycle_time,location_hour,location_hour,"Нужно 1 кур.; прогноз 0.2 заказа/ч; окно block_00_06: история 0.13, цикл 0.00; выбрано: историческая производительность; страховой запас 0%"
479,Покровка,kfm,2026-09-14,3,03:00-04:00,medium,block_00_06,auto,0.1,1.54,18.17,,,1.95,0.13,0.0,0.13,1.0,1,history,default_slot_capacity,missing_cycle_time,location_hour,global_hour,"Нужно 1 кур.; прогноз 0.1 заказа/ч; окно block_00_06: история 0.13, цикл 0.00; выбрано: историческая производительность; страховой запас 0%"
479,Покровка,kfm,2026-09-14,4,04:00-05:00,medium,block_00_06,auto,0.1,1.54,19.57,,,1.95,0.13,0.0,0.13,1.0,1,history,default_slot_capacity,missing_cycle_time,location_hour,location_hour,"Нужно 1 кур.; прогноз 0.1 заказа/ч; окно block_00_06: история 0.13, цикл 0.00; выбрано: историческая производительность; страховой запас 0%"
479,Покровка,kfm,2026-09-14,5,05:00-06:00,medium,block_00_06,auto,0.25,1.54,22.39,,,1.95,0.13,0.0,0.13,1.0,1,history,default_slot_capacity,missing_cycle_time,location_hour,location_hour,"Нужно 1 кур.; прогноз 0.2 заказа/ч; окно block_00_06: история 0.13, цикл 0.00; выбрано: историческая производительность; страховой запас 0%"
479,Покровка,kfm,2026-09-14,6,06:00-07:00,medium,block_06_12,auto,1.78,4.79,19.66,,,1.27,0.63,0.0,0.63,1.0,1,history,segment_shift_history,missing_cycle_time,location_hour,location_hour,"Нужно 1 кур.; прогноз 1.8 заказа/ч; окно block_06_12: история 0.63, цикл 0.00; выбрано: историческая производительность; страховой запас 0%"
479,Покровка,kfm,2026-09-14,7,07:00-08:00,medium,block_06_12,auto,2.16,4.79,28.11,,,1.27,0.63,0.0,0.63,1.0,1,history,segment_shift_history,missing_cycle_time,location_hour,location_hour,"Нужно 1 кур.; прогноз 2.2 заказа/ч; окно block_06_12: история 0.63, цикл 0.00; выбрано: историческая производительность; страховой запас 0%"
479,Покровка,kfm,2026-09-14,8,08:00-09:00,medium,block_06_12,auto,0.46,4.79,32.28,,,1.27,0.63,0.0,0.63,1.0,1,history,segment_shift_history,missing_cycle_time,location_hour,location_hour,"Нужно 1 кур.; прогноз 0.5 заказа/ч; окно block_06_12: история 0.63, цикл 0.00; выбрано: историческая производительность; страховой запас 0%"
479,Покровка,kfm,2026-09-14,9,09:00-10:00,medium,block_06_12,auto,0.15,4.79,15.36,,,1.27,0.63,0.0,0.63,1.0,1,history,segment_shift_history,missing_cycle_time,location_hour,location_hour,"Нужно 1 кур.; прогноз 0.2 заказа/ч; окно block_06_12: история 0.63, цикл 0.00; выбрано: историческая производительность; страховой запас 0%"
479,Покровка,kfm,2026-09-14,10,10:00-11:00,medium,block_06_12,auto,0.12,4.79,21.71,,,1.27,0.63,0.0,0.63,1.0,1,history,segment_shift_history,missing_cycle_time,location_hour,global_hour,"Нужно 1 кур.; прогноз 0.1 заказа/ч; окно block_06_12: история 0.63, цикл 0.00; выбрано: историческая производительность; страховой запас 0%"
479,Покровка,kfm,2026-09-14,11,11:00-12:00,medium,block_06_12,auto,0.12,4.79,38.61,,,1.27,0.63,0.0,0.63,1.0,1,history,segment_shift_history,missing_cycle_time,location_hour,location_hour,"Нужно 1 кур.; прогноз 0.1 заказа/ч; окно block_06_12: история 0.63, цикл 0.00; выбрано: историческая производительность; страховой запас 0%"
479,Покровка,kfm,2026-09-14,12,12:00-13:00,medium,block_12_18,auto,0.14,0.69,23.54,,,1.08,0.11,0.0,0.11,1.0,1,history,segment_shift_history,missing_cycle_time,location_hour,global_hour,"Нужно 1 кур.; прогноз 0.1 заказа/ч; окно block_12_18: история 0.11, цикл 0.00; выбрано: историческая производительность; страховой запас 0%"
479,Покровка,kfm,2026-09-14,13,13:00-14:00,medium,block_12_18,auto,0.0,0.69,23.55,,,1.08,0.11,0.0,0.11,1.0,1,history,segment_shift_history,missing_cycle_time,global_hour,global_hour,"Нужно 1 кур.; прогноз 0.0 заказа/ч; окно block_12_18: история 0.11, цикл 0.00; выбрано: историческая производительность; страховой запас 0%"
479,Покровка,kfm,2026-09-14,14,14:00-15:00,medium,block_12_18,auto,0.14,0.69,35.36,,,1.08,0.11,0.0,0.11,1.0,1,history,segment_shift_history,missing_cycle_time,location_hour,location_hour,"Нужно 1 кур.; прогноз 0.1 заказа/ч; окно block_12_18: история 0.11, цикл 0.00; выбрано: историческая производительность; страховой запас 0%"
479,Покровка,kfm,2026-09-14,15,15:00-16:00,medium,block_12_18,auto,0.07,0.69,30.7,,,1.08,0.11,0.0,0.11,1.0,1,history,segment_shift_history,missing_cycle_time,location_hour,location_hour,"Нужно 1 кур.; прогноз 0.1 заказа/ч; окно block_12_18: история 0.11, цикл 0.00; выбрано: историческая производительность; страховой запас 0%"
479,Покровка,kfm,2026-09-14,16,16:00-17:00,medium,block_12_18,auto,0.14,0.69,48.0,,,1.08,0.11,0.0,0.11,1.0,1,history,segment_shift_history,missing_cycle_time,location_hour,location_hour,"Нужно 1 кур.; прогноз 0.1 заказа/ч; окно block_12_18: история 0.11, цикл 0.00; выбрано: историческая производительность; страховой запас 0%"
479,Покровка,kfm,2026-09-14,17,17:00-18:00,medium,block_12_18,auto,0.21,0.69,27.66,,,1.08,0.11,0.0,0.11,1.0,1,history,segment_shift_history,missing_cycle_time,location_hour,global_hour,"Нужно 1 кур.; прогноз 0.2 заказа/ч; окно block_12_18: история 0.11, цикл 0.00; выбрано: историческая производительность; страховой запас 0%"
479,Покровка,kfm,2026-09-14,18,18:00-19:00,medium,block_18_24,auto,0.06,1.71,27.41,,,1.14,0.25,0.0,0.25,1.0,1,history,segment_shift_history,missing_cycle_time,location_hour,global_hour,"Нужно 1 кур.; прогноз 0.1 заказа/ч; окно block_18_24: история 0.25, цикл 0.00; выбрано: историческая производительность; страховой запас 0%"
479,Покровка,kfm,2026-09-14,19,19:00-20:00,medium,block_18_24,auto,0.03,1.71,51.27,,,1.14,0.25,0.0,0.25,1.0,1,history,segment_shift_history,missing_cycle_time,location_hour,location_hour,"Нужно 1 кур.; прогноз 0.0 заказа/ч; окно block_18_24: история 0.25, цикл 0.00; выбрано: историческая производительность; страховой запас 0%"
479,Покровка,kfm,2026-09-14,20,20:00-21:00,medium,block_18_24,auto,0.03,1.71,23.12,,,1.14,0.25,0.0,0.25,1.0,1,history,segment_shift_history,missing_cycle_time,location_hour,global_hour,"Нужно 1 кур.; прогноз 0.0 заказа/ч; окно block_18_24: история 0.25, цикл 0.00; выбрано: историческая производительность; страховой запас 0%"
479,Покровка,kfm,2026-09-14,21,21:00-22:00,medium,block_18_24,auto,0.03,1.71,8.73,,,1.14,0.25,0.0,0.25,1.0,1,history,segment_shift_history,missing_cycle_time,location_hour,location_hour,"Нужно 1 кур.; прогноз 0.0 заказа/ч; окно block_18_24: история 0.25, цикл 0.00; выбрано: историческая производительность; страховой запас 0%"
479,Покровка,kfm,2026-09-14,22,22:00-23:00,medium,block_18_24,auto,0.91,1.71,21.3,,,1.14,0.25,0.0,0.25,1.0,1,history,segment_shift_history,missing_cycle_time,location_hour,location_hour,"Нужно 1 кур.; прогноз 0.9 заказа/ч; окно block_18_24: история 0.25, цикл 0.00; выбрано: историческая производительность; страховой запас 0%"
479,Покровка,kfm,2026-09-14,23,23:00-24:00,medium,block_18_24,auto,0.66,1.71,24.52,,,1.14,0.25,0.0,0.25,1.0,1,history,segment_shift_history,missing_cycle_time,location_hour,location_hour,"Нужно 1 кур.; прогноз 0.7 заказа/ч; окно block_18_24: история 0.25, цикл 0.00; выбрано: историческая производительность; страховой запас 0%"
479,Покровка,kfm,2026-09-14,0,00:00-01:00,medium,block_00_06,bike,0.3,0.81,9.78,,,1.3,0.1,0.0,0.1,1.0,0,history,default_slot_capacity,missing_cycle_time,location_hour,global_hour,"Нужно 0 кур.; прогноз 0.3 заказа/ч; окно block_00_06: история 0.10, цикл 0.00; выбрано: историческая производительность; страховой запас 0%"
479,Покровка,kfm,2026-09-14,1,01:00-02:00,medium,block_00_06,bike,0.18,0.81,10.47,,,1.3,0.1,0.0,0.1,1.0,0,history,default_slot_capacity,missing_cycle_time,location_hour,global_vehicle,"Нужно 0 кур.; прогноз 0.2 заказа/ч; окно block_00_06: история 0.10, цикл 0.00; выбрано: историческая производительность; страховой запас 0%"
479,Покровка,kfm,2026-09-14,2,02:00-03:00,medium,block_00_06,bike,0.09,0.81,10.47,,,1.3,0.1,0.0,0.1,1.0,0,history,default_slot_capacity,missing_cycle_time,location_hour,global_vehicle,"Нужно 0 кур.; прогноз 0.1 заказа/ч; окно block_00_06: история 0.10, цикл 0.00; выбрано: историческая производительность; страховой запас 0%"
479,Покровка,kfm,2026-09-14,3,03:00-04:00,medium,block_00_06,bike,0.05,0.81,10.47,,,1.3,0.1,0.0,0.1,1.0,0,history,default_slot_capacity,missing_cycle_time,location_hour,global_vehicle,"Нужно 0 кур.; прогноз 0.1 заказа/ч; окно block_00_06: история 0.10, цикл 0.00; выбрано: историческая производительность; страховой запас 0%"
479,Покровка,kfm,2026-09-14,4,04:00-05:00,medium,block_00_06,bike,0.05,0.81,10.47,,,1.3,0.1,0.0,0.1,1.0,0,history,default_slot_capacity,missing_cycle_time,location_hour,global_vehicle,"Нужно 0 кур.; прогноз 0.1 заказа/ч; окно block_00_06: история 0.10, цикл 0.00; выбрано: историческая производительность; страховой запас 0%"
479,Покровка,kfm,2026-09-14,5,05:00-06:00,medium,block_00_06,bike,0.13,0.81,10.47,,,1.3,0.1,0.0,0.1,1.0,0,history,default_slot_capacity,missing_cycle_time,location_hour,global_vehicle,"Нужно 0 кур.; прогноз 0.1 заказа/ч; окно block_00_06: история 0.10, цикл 0.00; выбрано: историческая производительность; страховой запас 0%"
479,Покровка,kfm,2026-09-14,6,06:00-07:00,medium,block_06_12,bike,0.94,2.52,7.22,,,3.03,0.14,0.0,0.14,1.0,0,history,segment_shift_history,missing_cycle_time,location_hour,location_hour,"Нужно 0 кур.; прогноз 0.9 заказа/ч; окно block_06_12: история 0.14, цикл 0.00; выбрано: историческая производительность; страховой запас 0%"
479,Покровка,kfm,2026-09-14,7,07:00-08:00,medium,block_06_12,bike,1.14,2.52,8.29,,,3.03,0.14,0.0,0.14,1.0,0,history,segment_shift_history,missing_cycle_time,location_hour,location_hour,"Нужно 0 кур.; прогноз 1.1 заказа/ч; окно block_06_12: история 0.14, цикл 0.00; выбрано: историческая производительность; страховой запас 0%"
479,Покровка,kfm,2026-09-14,8,08:00-09:00,medium,block_06_12,bike,0.24,2.52,11.07,,,3.03,0.14,0.0,0.14,1.0,0,history,segment_shift_history,missing_cycle_time,location_hour,location_hour,"Нужно 0 кур.; прогноз 0.2 заказа/ч; окно block_06_12: история 0.14, цикл 0.00; выбрано: историческая производительность; страховой запас 0%"
479,Покровка,kfm,2026-09-14,9,09:00-10:00,medium,block_06_12,bike,0.08,2.52,10.37,,,3.03,0.14,0.0,0.14,1.0,0,history,segment_shift_history,missing_cycle_time,location_hour,global_hour,"Нужно 0 кур.; прогноз 0.1 заказа/ч; окно block_06_12: история 0.14, цикл 0.00; выбрано: историческая производительность; страховой запас 0%"
479,Покровка,kfm,2026-09-14,10,10:00-11:00,medium,block_06_12,bike,0.06,2.52,10.11,,,3.03,0.14,0.0,0.14,1.0,0,history,segment_shift_history,missing_cycle_time,location_hour,global_hour,"Нужно 0 кур.; прогноз 0.1 заказа/ч; окно block_06_12: история 0.14, цикл 0.00; выбрано: историческая производительность; страховой запас 0%"
479,Покровка,kfm,2026-09-14,11,11:00-12:00,medium,block_06_12,bike,0.06,2.52,2.11,,,3.03,0.14,0.0,0.14,1.0,0,history,segment_shift_history,missing_cycle_time,location_hour,location_hour,"Нужно 0 кур.; прогноз 0.1 заказа/ч; окно block_06_12: история 0.14, цикл 0.00; выбрано: историческая производительность; страховой запас 0%"
479,Покровка,kfm,2026-09-14,12,12:00-13:00,medium,block_12_18,bike,0.07,0.36,8.02,,,2.82,0.0,0.0,0.0,1.0,0,history,segment_shift_history,missing_cycle_time,location_hour,location_hour,"Нужно 0 кур.; прогноз 0.1 заказа/ч; окно block_12_18: история 0.00, цикл 0.00; выбрано: историческая производительность; страховой запас 0%"
479,Покровка,kfm,2026-09-14,14,14:00-15:00,medium,block_12_18,bike,0.07,0.36,12.57,,,2.82,0.0,0.0,0.0,1.0,0,history,segment_shift_history,missing_cycle_time,location_hour,location_hour,"Нужно 0 кур.; прогноз 0.1 заказа/ч; окно block_12_18: история 0.00, цикл 0.00; выбрано: историческая производительность; страховой запас 0%"
479,Покровка,kfm,2026-09-14,15,15:00-16:00,medium,block_12_18,bike,0.04,0.36,2.48,,,2.82,0.0,0.0,0.0,1.0,0,history,segment_shift_history,missing_cycle_time,location_hour,location_hour,"Нужно 0 кур.; прогноз 0.0 заказа/ч; окно block_12_18: история 0.00, цикл 0.00; выбрано: историческая производительность; страховой запас 0%"
479,Покровка,kfm,2026-09-14,16,16:00-17:00,medium,block_12_18,bike,0.07,0.36,9.54,,,2.82,0.0,0.0,0.0,1.0,0,history,segment_shift_history,missing_cycle_time,location_hour,location_hour,"Нужно 0 кур.; прогноз 0.1 заказа/ч; окно block_12_18: история 0.00, цикл 0.00; выбрано: историческая производительность; страховой запас 0%"
479,Покровка,kfm,2026-09-14,17,17:00-18:00,medium,block_12_18,bike,0.11,0.36,13.69,,,2.82,0.0,0.0,0.0,1.0,0,history,segment_shift_history,missing_cycle_time,location_hour,location_hour,"Нужно 0 кур.; прогноз 0.1 заказа/ч; окно block_12_18: история 0.00, цикл 0.00; выбрано: историческая производительность; страховой запас 0%"
479,Покровка,kfm,2026-09-14,18,18:00-19:00,medium,block_18_24,bike,0.03,0.9,8.18,,,2.04,0.07,0.0,0.07,1.0,0,history,segment_shift_history,missing_cycle_time,location_hour,location_hour,"Нужно 0 кур.; прогноз 0.0 заказа/ч; окно block_18_24: история 0.07, цикл 0.00; выбрано: историческая производительность; страховой запас 0%"
479,Покровка,kfm,2026-09-14,19,19:00-20:00,medium,block_18_24,bike,0.01,0.9,7.59,,,2.04,0.07,0.0,0.07,1.0,0,history,segment_shift_history,missing_cycle_time,location_hour,location_hour,"Нужно 0 кур.; прогноз 0.0 заказа/ч; окно block_18_24: история 0.07, цикл 0.00; выбрано: историческая производительность; страховой запас 0%"
479,Покровка,kfm,2026-09-14,20,20:00-21:00,medium,block_18_24,bike,0.01,0.9,11.77,,,2.04,0.07,0.0,0.07,1.0,0,history,segment_shift_history,missing_cycle_time,location_hour,location_hour,"Нужно 0 кур.; прогноз 0.0 заказа/ч; окно block_18_24: история 0.07, цикл 0.00; выбрано: историческая производительность; страховой запас 0%"
479,Покровка,kfm,2026-09-14,21,21:00-22:00,medium,block_18_24,bike,0.01,0.9,9.94,,,2.04,0.07,0.0,0.07,1.0,0,history,segment_shift_history,missing_cycle_time,location_hour,global_hour,"Нужно 0 кур.; прогноз 0.0 заказа/ч; окно block_18_24: история 0.07, цикл 0.00; выбрано: историческая производительность; страховой запас 0%"
479,Покровка,kfm,2026-09-14,22,22:00-23:00,medium,block_18_24,bike,0.48,0.9,8.91,,,2.04,0.07,0.0,0.07,1.0,0,history,segment_shift_history,missing_cycle_time,location_hour,location_hour,"Нужно 0 кур.; прогноз 0.5 заказа/ч; окно block_18_24: история 0.07, цикл 0.00; выбрано: историческая производительность; страховой запас 0%"
479,Покровка,kfm,2026-09-14,23,23:00-24:00,medium,block_18_24,bike,0.35,0.9,11.91,,,2.04,0.07,0.0,0.07,1.0,0,history,segment_shift_history,missing_cycle_time,location_hour,location_hour,"Нужно 0 кур.; прогноз 0.3 заказа/ч; окно block_18_24: история 0.07, цикл 0.00; выбрано: историческая производительность; страховой запас 0%"
481,ЦБ The Greeks,non_kfm,2026-09-14,12,12:00-13:00,low,block_12_18,auto,0.04,0.18,23.54,,,1.09,0.0,0.0,0.0,1.0,0,history,time_segment_shift_history,missing_cycle_time,global_hour,global_hour,"Нужно 0 кур.; прогноз 0.0 заказа/ч; окно block_12_18: история 0.00, цикл 0.00; выбрано: историческая производительность; страховой запас 0%"
481,ЦБ The Greeks,non_kfm,2026-09-14,13,13:00-14:00,low,block_12_18,auto,0.04,0.18,23.55,,,1.09,0.0,0.0,0.0,1.0,0,history,time_segment_shift_history,missing_cycle_time,global_hour,global_hour,"Нужно 0 кур.; прогноз 0.0 заказа/ч; окно block_12_18: история 0.00, цикл 0.00; выбрано: историческая производительность; страховой запас 0%"
481,ЦБ The Greeks,non_kfm,2026-09-14,14,14:00-15:00,low,block_12_18,auto,0.03,0.18,24.06,,,1.09,0.0,0.0,0.0,1.0,0,history,time_segment_shift_history,missing_cycle_time,global_hour,global_hour,"Нужно 0 кур.; прогноз 0.0 заказа/ч; окно block_12_18: история 0.00, цикл 0.00; выбрано: историческая производительность; страховой запас 0%"
481,ЦБ The Greeks,non_kfm,2026-09-14,15,15:00-16:00,low,block_12_18,auto,0.03,0.18,24.51,,,1.09,0.0,0.0,0.0,1.0,0,history,time_segment_shift_history,missing_cycle_time,global_hour,global_hour,"Нужно 0 кур.; прогноз 0.0 заказа/ч; окно block_12_18: история 0.00, цикл 0.00; выбрано: историческая производительность; страховой запас 0%"
481,ЦБ The Greeks,non_kfm,2026-09-14,16,16:00-17:00,low,block_12_18,auto,0.02,0.18,25.16,,,1.09,0.0,0.0,0.0,1.0,0,history,time_segment_shift_history,missing_cycle_time,global_hour,global_hour,"Нужно 0 кур.; прогноз 0.0 заказа/ч; окно block_12_18: история 0.00, цикл 0.00; выбрано: историческая производительность; страховой запас 0%"
481,ЦБ The Greeks,non_kfm,2026-09-14,17,17:00-18:00,low,block_12_18,auto,0.02,0.18,27.66,,,1.09,0.0,0.0,0.0,1.0,0,history,time_segment_shift_history,missing_cycle_time,global_hour,global_hour,"Нужно 0 кур.; прогноз 0.0 заказа/ч; окно block_12_18: история 0.00, цикл 0.00; выбрано: историческая производительность; страховой запас 0%"
481,ЦБ The Greeks,non_kfm,2026-09-14,18,18:00-19:00,low,block_18_24,auto,0.04,0.15,27.41,,,1.15,0.0,0.0,0.0,1.0,0,history,time_segment_shift_history,missing_cycle_time,global_hour,global_hour,"Нужно 0 кур.; прогноз 0.0 заказа/ч; окно block_18_24: история 0.00, цикл 0.00; выбрано: историческая производительность; страховой запас 0%"
481,ЦБ The Greeks,non_kfm,2026-09-14,19,19:00-20:00,low,block_18_24,auto,0.04,0.15,26.64,,,1.15,0.0,0.0,0.0,1.0,0,history,time_segment_shift_history,missing_cycle_time,global_hour,global_hour,"Нужно 0 кур.; прогноз 0.0 заказа/ч; окно block_18_24: история 0.00, цикл 0.00; выбрано: историческая производительность; страховой запас 0%"
481,ЦБ The Greeks,non_kfm,2026-09-14,20,20:00-21:00,low,block_18_24,auto,0.03,0.15,23.12,,,1.15,0.0,0.0,0.0,1.0,0,history,time_segment_shift_history,missing_cycle_time,global_hour,global_hour,"Нужно 0 кур.; прогноз 0.0 заказа/ч; окно block_18_24: история 0.00, цикл 0.00; выбрано: историческая производительность; страховой запас 0%"
481,ЦБ The Greeks,non_kfm,2026-09-14,21,21:00-22:00,low,block_18_24,auto,0.02,0.15,21.83,,,1.15,0.0,0.0,0.0,1.0,0,history,time_segment_shift_history,missing_cycle_time,global_hour,global_hour,"Нужно 0 кур.; прогноз 0.0 заказа/ч; окно block_18_24: история 0.00, цикл 0.00; выбрано: историческая производительность; страховой запас 0%"
481,ЦБ The Greeks,non_kfm,2026-09-14,22,22:00-23:00,low,block_18_24,auto,0.01,0.15,16.14,,,1.15,0.0,0.0,0.0,1.0,0,history,time_segment_shift_history,missing_cycle_time,global_hour,global_hour,"Нужно 0 кур.; прогноз 0.0 заказа/ч; окно block_18_24: история 0.00, цикл 0.00; выбрано: историческая производительность; страховой запас 0%"
481,ЦБ The Greeks,non_kfm,2026-09-14,23,23:00-24:00,low,block_18_24,auto,0.01,0.15,20.26,,,1.15,0.0,0.0,0.0,1.0,0,history,time_segment_shift_history,missing_cycle_time,global_hour,global_hour,"Нужно 0 кур.; прогноз 0.0 заказа/ч; окно block_18_24: история 0.00, цикл 0.00; выбрано: историческая производительность; страховой запас 0%"
481,ЦБ The Greeks,non_kfm,2026-09-14,12,12:00-13:00,low,block_12_18,bike,0.01,0.07,10.37,,,2.83,0.0,0.0,0.0,1.0,0,history,time_segment_shift_history,missing_cycle_time,global_hour,global_hour,"Нужно 0 кур.; прогноз 0.0 заказа/ч; окно block_12_18: история 0.00, цикл 0.00; выбрано: историческая производительность; страховой запас 0%"
481,ЦБ The Greeks,non_kfm,2026-09-14,13,13:00-14:00,low,block_12_18,bike,0.01,0.07,10.39,,,2.83,0.0,0.0,0.0,1.0,0,history,time_segment_shift_history,missing_cycle_time,global_hour,global_hour,"Нужно 0 кур.; прогноз 0.0 заказа/ч; окно block_12_18: история 0.00, цикл 0.00; выбрано: историческая производительность; страховой запас 0%"
481,ЦБ The Greeks,non_kfm,2026-09-14,14,14:00-15:00,low,block_12_18,bike,0.01,0.07,10.2,,,2.83,0.0,0.0,0.0,1.0,0,history,time_segment_shift_history,missing_cycle_time,global_hour,global_hour,"Нужно 0 кур.; прогноз 0.0 заказа/ч; окно block_12_18: история 0.00, цикл 0.00; выбрано: историческая производительность; страховой запас 0%"
481,ЦБ The Greeks,non_kfm,2026-09-14,15,15:00-16:00,low,block_12_18,bike,0.01,0.07,10.75,,,2.83,0.0,0.0,0.0,1.0,0,history,time_segment_shift_history,missing_cycle_time,global_hour,global_hour,"Нужно 0 кур.; прогноз 0.0 заказа/ч; окно block_12_18: история 0.00, цикл 0.00; выбрано: историческая производительность; страховой запас 0%"
481,ЦБ The Greeks,non_kfm,2026-09-14,16,16:00-17:00,low,block_12_18,bike,0.01,0.07,11.02,,,2.83,0.0,0.0,0.0,1.0,0,history,time_segment_shift_history,missing_cycle_time,global_hour,global_hour,"Нужно 0 кур.; прогноз 0.0 заказа/ч; окно block_12_18: история 0.00, цикл 0.00; выбрано: историческая производительность; страховой запас 0%"
481,ЦБ The Greeks,non_kfm,2026-09-14,17,17:00-18:00,low,block_12_18,bike,0.01,0.07,10.83,,,2.83,0.0,0.0,0.0,1.0,0,history,time_segment_shift_history,missing_cycle_time,global_hour,global_hour,"Нужно 0 кур.; прогноз 0.0 заказа/ч; окно block_12_18: история 0.00, цикл 0.00; выбрано: историческая производительность; страховой запас 0%"
481,ЦБ The Greeks,non_kfm,2026-09-14,18,18:00-19:00,low,block_18_24,bike,0.02,0.09,11.1,,,2.05,0.0,0.0,0.0,1.0,0,history,time_segment_shift_history,missing_cycle_time,global_hour,global_hour,"Нужно 0 кур.; прогноз 0.0 заказа/ч; окно block_18_24: история 0.00, цикл 0.00; выбрано: историческая производительность; страховой запас 0%"
481,ЦБ The Greeks,non_kfm,2026-09-14,19,19:00-20:00,low,block_18_24,bike,0.02,0.09,10.71,,,2.05,0.0,0.0,0.0,1.0,0,history,time_segment_shift_history,missing_cycle_time,global_hour,global_hour,"Нужно 0 кур.; прогноз 0.0 заказа/ч; окно block_18_24: история 0.00, цикл 0.00; выбрано: историческая производительность; страховой запас 0%"
481,ЦБ The Greeks,non_kfm,2026-09-14,20,20:00-21:00,low,block_18_24,bike,0.02,0.09,10.4,,,2.05,0.0,0.0,0.0,1.0,0,history,time_segment_shift_history,missing_cycle_time,global_hour,global_hour,"Нужно 0 кур.; прогноз 0.0 заказа/ч; окно block_18_24: история 0.00, цикл 0.00; выбрано: историческая производительность; страховой запас 0%"
481,ЦБ The Greeks,non_kfm,2026-09-14,21,21:00-22:00,low,block_18_24,bike,0.01,0.09,9.94,,,2.05,0.0,0.0,0.0,1.0,0,history,time_segment_shift_history,missing_cycle_time,global_hour,global_hour,"Нужно 0 кур.; прогноз 0.0 заказа/ч; окно block_18_24: история 0.00, цикл 0.00; выбрано: историческая производительность; страховой запас 0%"
481,ЦБ The Greeks,non_kfm,2026-09-14,22,22:00-23:00,low,block_18_24,bike,0.01,0.09,9.8,,,2.05,0.0,0.0,0.0,1.0,0,history,time_segment_shift_history,missing_cycle_time,global_hour,global_hour,"Нужно 0 кур.; прогноз 0.0 заказа/ч; окно block_18_24: история 0.00, цикл 0.00; выбрано: историческая производительность; страховой запас 0%"
481,ЦБ The Greeks,non_kfm,2026-09-14,23,23:00-24:00,low,block_18_24,bike,0.01,0.09,9.15,,,2.05,0.0,0.0,0.0,1.0,0,history,time_segment_shift_history,missing_cycle_time,global_hour,global_hour,"Нужно 0 кур.; прогноз 0.0 заказа/ч; окно block_18_24: история 0.00, цикл 0.00; выбрано: историческая производительность; страховой запас 0%"
5,Покровка (не использовать),kfm,2026-09-14,0,00:00-01:00,medium,block_00_06,auto,1.18,3.27,23.38,,,1.95,0.28,0.0,0.28,1.0,0,history,default_slot_capacity,missing_cycle_time,global_hour,location_hour,"Нужно 0 кур.; прогноз 1.2 заказа/ч; окно block_00_06: история 0.28, цикл 0.00; выбрано: историческая производительность; страховой запас 0%"
5,Покровка (не использовать),kfm,2026-09-14,1,01:00-02:00,medium,block_00_06,auto,0.68,3.27,26.24,,,1.95,0.28,0.0,0.28,1.0,0,history,default_slot_capacity,missing_cycle_time,global_hour,location_hour,"Нужно 0 кур.; прогноз 0.7 заказа/ч; окно block_00_06: история 0.28, цикл 0.00; выбрано: историческая производительность; страховой запас 0%"
5,Покровка (не использовать),kfm,2026-09-14,2,02:00-03:00,medium,block_00_06,auto,0.38,3.27,20.87,,,1.95,0.28,0.0,0.28,1.0,0,history,default_slot_capacity,missing_cycle_time,global_hour,location_hour,"Нужно 0 кур.; прогноз 0.4 заказа/ч; окно block_00_06: история 0.28, цикл 0.00; выбрано: историческая производительность; страховой запас 0%"
5,Покровка (не использовать),kfm,2026-09-14,3,03:00-04:00,medium,block_00_06,auto,0.25,3.27,17.61,,,1.95,0.28,0.0,0.28,1.0,0,history,default_slot_capacity,missing_cycle_time,global_hour,location_hour,"Нужно 0 кур.; прогноз 0.3 заказа/ч; окно block_00_06: история 0.28, цикл 0.00; выбрано: историческая производительность; страховой запас 0%"
5,Покровка (не использовать),kfm,2026-09-14,4,04:00-05:00,medium,block_00_06,auto,0.27,3.27,18.78,,,1.95,0.28,0.0,0.28,1.0,0,history,default_slot_capacity,missing_cycle_time,global_hour,location_hour,"Нужно 0 кур.; прогноз 0.3 заказа/ч; окно block_00_06: история 0.28, цикл 0.00; выбрано: историческая производительность; страховой запас 0%"
5,Покровка (не использовать),kfm,2026-09-14,5,05:00-06:00,medium,block_00_06,auto,0.5,3.27,18.41,,,1.95,0.28,0.0,0.28,1.0,0,history,default_slot_capacity,missing_cycle_time,global_hour,location_hour,"Нужно 0 кур.; прогноз 0.5 заказа/ч; окно block_00_06: история 0.28, цикл 0.00; выбрано: историческая производительность; страховой запас 0%"
5,Покровка (не использовать),kfm,2026-09-14,6,06:00-07:00,medium,block_06_12,auto,0.08,2.98,23.22,,,1.27,0.39,0.0,0.39,1.0,0,history,segment_shift_history,missing_cycle_time,global_hour,location_hour,"Нужно 0 кур.; прогноз 0.1 заказа/ч; окно block_06_12: история 0.39, цикл 0.00; выбрано: историческая производительность; страховой запас 0%"
5,Покровка (не использовать),kfm,2026-09-14,7,07:00-08:00,medium,block_06_12,auto,0.21,2.98,27.52,,,1.27,0.39,0.0,0.39,1.0,0,history,segment_shift_history,missing_cycle_time,global_hour,location_hour,"Нужно 0 кур.; прогноз 0.2 заказа/ч; окно block_06_12: история 0.39, цикл 0.00; выбрано: историческая производительность; страховой запас 0%"
5,Покровка (не использовать),kfm,2026-09-14,8,08:00-09:00,medium,block_06_12,auto,0.55,2.98,28.61,,,1.27,0.39,0.0,0.39,1.0,0,history,segment_shift_history,missing_cycle_time,global_hour,location_hour,"Нужно 0 кур.; прогноз 0.5 заказа/ч; окно block_06_12: история 0.39, цикл 0.00; выбрано: историческая производительность; страховой запас 0%"
5,Покровка (не использовать),kfm,2026-09-14,9,09:00-10:00,medium,block_06_12,auto,0.67,2.98,16.65,,,1.27,0.39,0.0,0.39,1.0,0,history,segment_shift_history,missing_cycle_time,global_hour,location_hour,"Нужно 0 кур.; прогноз 0.7 заказа/ч; окно block_06_12: история 0.39, цикл 0.00; выбрано: историческая производительность; страховой запас 0%"
5,Покровка (не использовать),kfm,2026-09-14,10,10:00-11:00,medium,block_06_12,auto,0.7,2.98,21.71,,,1.27,0.39,0.0,0.39,1.0,0,history,segment_shift_history,missing_cycle_time,global_hour,global_hour,"Нужно 0 кур.; прогноз 0.7 заказа/ч; окно block_06_12: история 0.39, цикл 0.00; выбрано: историческая производительность; страховой запас 0%"
5,Покровка (не использовать),kfm,2026-09-14,11,11:00-12:00,medium,block_06_12,auto,0.76,2.98,22.82,,,1.27,0.39,0.0,0.39,1.0,0,history,segment_shift_history,missing_cycle_time,global_hour,global_hour,"Нужно 0 кур.; прогноз 0.8 заказа/ч; окно block_06_12: история 0.39, цикл 0.00; выбрано: историческая производительность; страховой запас 0%"
5,Покровка (не использовать),kfm,2026-09-14,12,12:00-13:00,medium,block_12_18,auto,0.26,1.22,22.77,,,1.08,0.19,0.0,0.19,1.0,0,history,segment_shift_history,missing_cycle_time,global_hour,location_hour,"Нужно 0 кур.; прогноз 0.3 заказа/ч; окно block_12_18: история 0.19, цикл 0.00; выбрано: историческая производительность; страховой запас 0%"
5,Покровка (не использовать),kfm,2026-09-14,13,13:00-14:00,medium,block_12_18,auto,0.25,1.22,27.97,,,1.08,0.19,0.0,0.19,1.0,0,history,segment_shift_history,missing_cycle_time,global_hour,location_hour,"Нужно 0 кур.; прогноз 0.3 заказа/ч; окно block_12_18: история 0.19, цикл 0.00; выбрано: историческая производительность; страховой запас 0%"
5,Покровка (не использовать),kfm,2026-09-14,14,14:00-15:00,medium,block_12_18,auto,0.22,1.22,24.06,,,1.08,0.19,0.0,0.19,1.0,0,history,segment_shift_history,missing_cycle_time,global_hour,global_hour,"Нужно 0 кур.; прогноз 0.2 заказа/ч; окно block_12_18: история 0.19, цикл 0.00; выбрано: историческая производительность; страховой запас 0%"
5,Покровка (не использовать),kfm,2026-09-14,15,15:00-16:00,medium,block_12_18,auto,0.19,1.22,15.17,,,1.08,0.19,0.0,0.19,1.0,0,history,segment_shift_history,missing_cycle_time,global_hour,location_hour,"Нужно 0 кур.; прогноз 0.2 заказа/ч; окно block_12_18: история 0.19, цикл 0.00; выбрано: историческая производительность; страховой запас 0%"
5,Покровка (не использовать),kfm,2026-09-14,16,16:00-17:00,medium,block_12_18,auto,0.16,1.22,25.16,,,1.08,0.19,0.0,0.19,1.0,0,history,segment_shift_history,missing_cycle_time,global_hour,global_hour,"Нужно 0 кур.; прогноз 0.2 заказа/ч; окно block_12_18: история 0.19, цикл 0.00; выбрано: историческая производительность; страховой запас 0%"
5,Покровка (не использовать),kfm,2026-09-14,17,17:00-18:00,medium,block_12_18,auto,0.15,1.22,27.66,,,1.08,0.19,0.0,0.19,1.0,0,history,segment_shift_history,missing_cycle_time,global_hour,global_hour,"Нужно 0 кур.; прогноз 0.1 заказа/ч; окно block_12_18: история 0.19, цикл 0.00; выбрано: историческая производительность; страховой запас 0%"
5,Покровка (не использовать),kfm,2026-09-14,18,18:00-19:00,medium,block_18_24,auto,0.33,1.4,27.41,,,1.14,0.2,0.0,0.2,1.0,0,history,segment_shift_history,missing_cycle_time,global_hour,global_hour,"Нужно 0 кур.; прогноз 0.3 заказа/ч; окно block_18_24: история 0.20, цикл 0.00; выбрано: историческая производительность; страховой запас 0%"
5,Покровка (не использовать),kfm,2026-09-14,19,19:00-20:00,medium,block_18_24,auto,0.33,1.4,26.64,,,1.14,0.2,0.0,0.2,1.0,0,history,segment_shift_history,missing_cycle_time,global_hour,global_hour,"Нужно 0 кур.; прогноз 0.3 заказа/ч; окно block_18_24: история 0.20, цикл 0.00; выбрано: историческая производительность; страховой запас 0%"
5,Покровка (не использовать),kfm,2026-09-14,20,20:00-21:00,medium,block_18_24,auto,0.3,1.4,23.12,,,1.14,0.2,0.0,0.2,1.0,0,history,segment_shift_history,missing_cycle_time,global_hour,global_hour,"Нужно 0 кур.; прогноз 0.3 заказа/ч; окно block_18_24: история 0.20, цикл 0.00; выбрано: историческая производительность; страховой запас 0%"
5,Покровка (не использовать),kfm,2026-09-14,21,21:00-22:00,medium,block_18_24,auto,0.23,1.4,21.83,,,1.14,0.2,0.0,0.2,1.0,0,history,segment_shift_history,missing_cycle_time,global_hour,global_hour,"Нужно 0 кур.; прогноз 0.2 заказа/ч; окно block_18_24: история 0.20, цикл 0.00; выбрано: историческая производительность; страховой запас 0%"
5,Покровка (не использовать),kfm,2026-09-14,22,22:00-23:00,medium,block_18_24,auto,0.13,1.4,28.41,,,1.14,0.2,0.0,0.2,1.0,0,history,segment_shift_history,missing_cycle_time,global_hour,location_hour,"Нужно 0 кур.; прогноз 0.1 заказа/ч; окно block_18_24: история 0.20, цикл 0.00; выбрано: историческая производительность; страховой запас 0%"
5,Покровка (не использовать),kfm,2026-09-14,23,23:00-24:00,medium,block_18_24,auto,0.08,1.4,23.29,,,1.14,0.2,0.0,0.2,1.0,0,history,segment_shift_history,missing_cycle_time,global_hour,location_hour,"Нужно 0 кур.; прогноз 0.1 заказа/ч; окно block_18_24: история 0.20, цикл 0.00; выбрано: историческая производительность; страховой запас 0%"
5,Покровка (не использовать),kfm,2026-09-14,0,00:00-01:00,medium,block_00_06,bike,0.03,0.09,15.08,,,1.3,0.0,0.0,0.0,1.0,0,history,default_slot_capacity,missing_cycle_time,global_hour,location_hour,"Нужно 0 кур.; прогноз 0.0 заказа/ч; окно block_00_06: история 0.00, цикл 0.00; выбрано: историческая производительность; страховой запас 0%"
5,Покровка (не использовать),kfm,2026-09-14,1,01:00-02:00,medium,block_00_06,bike,0.02,0.09,10.47,,,1.3,0.0,0.0,0.0,1.0,0,history,default_slot_capacity,missing_cycle_time,global_hour,global_vehicle,"Нужно 0 кур.; прогноз 0.0 заказа/ч; окно block_00_06: история 0.00, цикл 0.00; выбрано: историческая производительность; страховой запас 0%"
5,Покровка (не использовать),kfm,2026-09-14,2,02:00-03:00,medium,block_00_06,bike,0.01,0.09,10.47,,,1.3,0.0,0.0,0.0,1.0,0,history,default_slot_capacity,missing_cycle_time,global_hour,global_vehicle,"Нужно 0 кур.; прогноз 0.0 заказа/ч; окно block_00_06: история 0.00, цикл 0.00; выбрано: историческая производительность; страховой запас 0%"
5,Покровка (не использовать),kfm,2026-09-14,3,03:00-04:00,medium,block_00_06,bike,0.01,0.09,10.47,,,1.3,0.0,0.0,0.0,1.0,0,history,default_slot_capacity,missing_cycle_time,global_hour,global_vehicle,"Нужно 0 кур.; прогноз 0.0 заказа/ч; окно block_00_06: история 0.00, цикл 0.00; выбрано: историческая производительность; страховой запас 0%"
5,Покровка (не использовать),kfm,2026-09-14,4,04:00-05:00,medium,block_00_06,bike,0.01,0.09,10.47,,,1.3,0.0,0.0,0.0,1.0,0,history,default_slot_capacity,missing_cycle_time,global_hour,global_vehicle,"Нужно 0 кур.; прогноз 0.0 заказа/ч; окно block_00_06: история 0.00, цикл 0.00; выбрано: историческая производительность; страховой запас 0%"
5,Покровка (не использовать),kfm,2026-09-14,5,05:00-06:00,medium,block_00_06,bike,0.01,0.09,10.47,,,1.3,0.0,0.0,0.0,1.0,0,history,default_slot_capacity,missing_cycle_time,global_hour,global_vehicle,"Нужно 0 кур.; прогноз 0.0 заказа/ч; окно block_00_06: история 0.00, цикл 0.00; выбрано: историческая производительность; страховой запас 0%"
5,Покровка (не использовать),kfm,2026-09-14,6,06:00-07:00,medium,block_06_12,bike,0.12,4.3,10.99,,,3.03,0.24,0.0,0.24,1.0,0,history,segment_shift_history,missing_cycle_time,global_hour,location_hour,"Нужно 0 кур.; прогноз 0.1 заказа/ч; окно block_06_12: история 0.24, цикл 0.00; выбрано: историческая производительность; страховой запас 0%"
5,Покровка (не использовать),kfm,2026-09-14,7,07:00-08:00,medium,block_06_12,bike,0.31,4.3,9.5,,,3.03,0.24,0.0,0.24,1.0,0,history,segment_shift_history,missing_cycle_time,global_hour,location_hour,"Нужно 0 кур.; прогноз 0.3 заказа/ч; окно block_06_12: история 0.24, цикл 0.00; выбрано: историческая производительность; страховой запас 0%"
5,Покровка (не использовать),kfm,2026-09-14,8,08:00-09:00,medium,block_06_12,bike,0.79,4.3,10.65,,,3.03,0.24,0.0,0.24,1.0,0,history,segment_shift_history,missing_cycle_time,global_hour,location_hour,"Нужно 0 кур.; прогноз 0.8 заказа/ч; окно block_06_12: история 0.24, цикл 0.00; выбрано: историческая производительность; страховой запас 0%"
5,Покровка (не использовать),kfm,2026-09-14,9,09:00-10:00,medium,block_06_12,bike,0.97,4.3,14.74,,,3.03,0.24,0.0,0.24,1.0,0,history,segment_shift_history,missing_cycle_time,global_hour,location_hour,"Нужно 0 кур.; прогноз 1.0 заказа/ч; окно block_06_12: история 0.24, цикл 0.00; выбрано: историческая производительность; страховой запас 0%"
5,Покровка (не использовать),kfm,2026-09-14,10,10:00-11:00,medium,block_06_12,bike,1.01,4.3,9.87,,,3.03,0.24,0.0,0.24,1.0,0,history,segment_shift_history,missing_cycle_time,global_hour,location_hour,"Нужно 0 кур.; прогноз 1.0 заказа/ч; окно block_06_12: история 0.24, цикл 0.00; выбрано: историческая производительность; страховой запас 0%"
5,Покровка (не использовать),kfm,2026-09-14,11,11:00-12:00,medium,block_06_12,bike,1.09,4.3,2.85,,,3.03,0.24,0.0,0.24,1.0,0,history,segment_shift_history,missing_cycle_time,global_hour,location_hour,"Нужно 0 кур.; прогноз 1.1 заказа/ч; окно block_06_12: история 0.24, цикл 0.00; выбрано: историческая производительность; страховой запас 0%"
5,Покровка (не использовать),kfm,2026-09-14,12,12:00-13:00,medium,block_12_18,bike,0.31,1.49,10.37,,,2.82,0.09,0.0,0.09,1.0,0,history,segment_shift_history,missing_cycle_time,global_hour,global_hour,"Нужно 0 кур.; прогноз 0.3 заказа/ч; окно block_12_18: история 0.09, цикл 0.00; выбрано: историческая производительность; страховой запас 0%"
5,Покровка (не использовать),kfm,2026-09-14,13,13:00-14:00,medium,block_12_18,bike,0.31,1.49,5.7,,,2.82,0.09,0.0,0.09,1.0,0,history,segment_shift_history,missing_cycle_time,global_hour,location_hour,"Нужно 0 кур.; прогноз 0.3 заказа/ч; окно block_12_18: история 0.09, цикл 0.00; выбрано: историческая производительность; страховой запас 0%"
5,Покровка (не использовать),kfm,2026-09-14,14,14:00-15:00,medium,block_12_18,bike,0.27,1.49,4.19,,,2.82,0.09,0.0,0.09,1.0,0,history,segment_shift_history,missing_cycle_time,global_hour,location_hour,"Нужно 0 кур.; прогноз 0.3 заказа/ч; окно block_12_18: история 0.09, цикл 0.00; выбрано: историческая производительность; страховой запас 0%"
5,Покровка (не использовать),kfm,2026-09-14,15,15:00-16:00,medium,block_12_18,bike,0.23,1.49,7.84,,,2.82,0.09,0.0,0.09,1.0,0,history,segment_shift_history,missing_cycle_time,global_hour,location_hour,"Нужно 0 кур.; прогноз 0.2 заказа/ч; окно block_12_18: история 0.09, цикл 0.00; выбрано: историческая производительность; страховой запас 0%"
5,Покровка (не использовать),kfm,2026-09-14,16,16:00-17:00,medium,block_12_18,bike,0.19,1.49,9.07,,,2.82,0.09,0.0,0.09,1.0,0,history,segment_shift_history,missing_cycle_time,global_hour,location_hour,"Нужно 0 кур.; прогноз 0.2 заказа/ч; окно block_12_18: история 0.09, цикл 0.00; выбрано: историческая производительность; страховой запас 0%"
5,Покровка (не использовать),kfm,2026-09-14,17,17:00-18:00,medium,block_12_18,bike,0.18,1.49,12.94,,,2.82,0.09,0.0,0.09,1.0,0,history,segment_shift_history,missing_cycle_time,global_hour,location_hour,"Нужно 0 кур.; прогноз 0.2 заказа/ч; окно block_12_18: история 0.09, цикл 0.00; выбрано: историческая производительность; страховой запас 0%"
5,Покровка (не использовать),kfm,2026-09-14,18,18:00-19:00,medium,block_18_24,bike,0.26,1.11,11.67,,,2.04,0.09,0.0,0.09,1.0,0,history,segment_shift_history,missing_cycle_time,global_hour,location_hour,"Нужно 0 кур.; прогноз 0.3 заказа/ч; окно block_18_24: история 0.09, цикл 0.00; выбрано: историческая производительность; страховой запас 0%"
5,Покровка (не использовать),kfm,2026-09-14,19,19:00-20:00,medium,block_18_24,bike,0.26,1.11,10.71,,,2.04,0.09,0.0,0.09,1.0,0,history,segment_shift_history,missing_cycle_time,global_hour,global_hour,"Нужно 0 кур.; прогноз 0.3 заказа/ч; окно block_18_24: история 0.09, цикл 0.00; выбрано: историческая производительность; страховой запас 0%"
5,Покровка (не использовать),kfm,2026-09-14,20,20:00-21:00,medium,block_18_24,bike,0.24,1.11,10.4,,,2.04,0.09,0.0,0.09,1.0,0,history,segment_shift_history,missing_cycle_time,global_hour,global_hour,"Нужно 0 кур.; прогноз 0.2 заказа/ч; окно block_18_24: история 0.09, цикл 0.00; выбрано: историческая производительность; страховой запас 0%"
5,Покровка (не использовать),kfm,2026-09-14,21,21:00-22:00,medium,block_18_24,bike,0.18,1.11,9.94,,,2.04,0.09,0.0,0.09,1.0,0,history,segment_shift_history,missing_cycle_time,global_hour,global_hour,"Нужно 0 кур.; прогноз 0.2 заказа/ч; окно block_18_24: история 0.09, цикл 0.00; выбрано: историческая производительность; страховой запас 0%"
5,Покровка (не использовать),kfm,2026-09-14,22,22:00-23:00,medium,block_18_24,bike,0.1,1.11,6.81,,,2.04,0.09,0.0,0.09,1.0,0,history,segment_shift_history,missing_cycle_time,global_hour,location_hour,"Нужно 0 кур.; прогноз 0.1 заказа/ч; окно block_18_24: история 0.09, цикл 0.00; выбрано: историческая производительность; страховой запас 0%"
5,Покровка (не использовать),kfm,2026-09-14,23,23:00-24:00,medium,block_18_24,bike,0.06,1.11,8.98,,,2.04,0.09,0.0,0.09,1.0,0,history,segment_shift_history,missing_cycle_time,global_hour,location_hour,"Нужно 0 кур.; прогноз 0.1 заказа/ч; окно block_18_24: история 0.09, цикл 0.00; выбрано: историческая производительность; страховой запас 0%"
51,БТ Новинский,kfm,2026-09-14,8,08:00-09:00,medium,block_06_12,bike,0.11,2.63,7.89,,,3.03,0.14,0.0,0.14,1.0,0,history,segment_shift_history,missing_cycle_time,location_hour,location_hour,"Нужно 0 кур.; прогноз 0.1 заказа/ч; окно block_06_12: история 0.14, цикл 0.00; выбрано: историческая производительность; страховой запас 0%"
51,БТ Новинский,kfm,2026-09-14,9,09:00-10:00,medium,block_06_12,bike,0.55,2.63,12.29,,,3.03,0.14,0.0,0.14,1.0,0,history,segment_shift_history,missing_cycle_time,location_hour,location_hour,"Нужно 0 кур.; прогноз 0.5 заказа/ч; окно block_06_12: история 0.14, цикл 0.00; выбрано: историческая производительность; страховой запас 0%"
51,БТ Новинский,kfm,2026-09-14,10,10:00-11:00,medium,block_06_12,bike,0.98,2.63,11.98,,,3.03,0.14,0.0,0.14,1.0,0,history,segment_shift_history,missing_cycle_time,location_hour,location_hour,"Нужно 0 кур.; прогноз 1.0 заказа/ч; окно block_06_12: история 0.14, цикл 0.00; выбрано: историческая производительность; страховой запас 0%"
51,БТ Новинский,kfm,2026-09-14,11,11:00-12:00,medium,block_06_12,bike,0.98,2.63,10.73,,,3.03,0.14,0.0,0.14,1.0,0,history,segment_shift_history,missing_cycle_time,location_hour,location_hour,"Нужно 0 кур.; прогноз 1.0 заказа/ч; окно block_06_12: история 0.14, цикл 0.00; выбрано: историческая производительность; страховой запас 0%"
51,БТ Новинский,kfm,2026-09-14,12,12:00-13:00,medium,block_12_18,bike,0.47,2.79,12.36,,,2.82,0.16,0.0,0.16,1.0,0,history,segment_shift_history,missing_cycle_time,location_hour,location_hour,"Нужно 0 кур.; прогноз 0.5 заказа/ч; окно block_12_18: история 0.16, цикл 0.00; выбрано: историческая производительность; страховой запас 0%"
51,БТ Новинский,kfm,2026-09-14,13,13:00-14:00,medium,block_12_18,bike,0.84,2.79,11.24,,,2.82,0.16,0.0,0.16,1.0,0,history,segment_shift_history,missing_cycle_time,location_hour,location_hour,"Нужно 0 кур.; прогноз 0.8 заказа/ч; окно block_12_18: история 0.16, цикл 0.00; выбрано: историческая производительность; страховой запас 0%"
51,БТ Новинский,kfm,2026-09-14,14,14:00-15:00,medium,block_12_18,bike,0.37,2.79,12.74,,,2.82,0.16,0.0,0.16,1.0,0,history,segment_shift_history,missing_cycle_time,location_hour,location_hour,"Нужно 0 кур.; прогноз 0.4 заказа/ч; окно block_12_18: история 0.16, цикл 0.00; выбрано: историческая производительность; страховой запас 0%"
51,БТ Новинский,kfm,2026-09-14,15,15:00-16:00,medium,block_12_18,bike,0.28,2.79,10.12,,,2.82,0.16,0.0,0.16,1.0,0,history,segment_shift_history,missing_cycle_time,location_hour,location_hour,"Нужно 0 кур.; прогноз 0.3 заказа/ч; окно block_12_18: история 0.16, цикл 0.00; выбрано: историческая производительность; страховой запас 0%"
51,БТ Новинский,kfm,2026-09-14,16,16:00-17:00,medium,block_12_18,bike,0.37,2.79,14.03,,,2.82,0.16,0.0,0.16,1.0,0,history,segment_shift_history,missing_cycle_time,location_hour,location_hour,"Нужно 0 кур.; прогноз 0.4 заказа/ч; окно block_12_18: история 0.16, цикл 0.00; выбрано: историческая производительность; страховой запас 0%"
51,БТ Новинский,kfm,2026-09-14,17,17:00-18:00,medium,block_12_18,bike,0.47,2.79,12.66,,,2.82,0.16,0.0,0.16,1.0,0,history,segment_shift_history,missing_cycle_time,location_hour,location_hour,"Нужно 0 кур.; прогноз 0.5 заказа/ч; окно block_12_18: история 0.16, цикл 0.00; выбрано: историческая производительность; страховой запас 0%"
51,БТ Новинский,kfm,2026-09-14,19,19:00-20:00,medium,block_18_24,bike,1.21,1.21,14.25,,,2.04,0.1,0.0,0.1,1.0,0,history,segment_shift_history,missing_cycle_time,location_hour,location_hour,"Нужно 0 кур.; прогноз 1.2 заказа/ч; окно block_18_24: история 0.10, цикл 0.00; выбрано: историческая производительность; страховой запас 0%"
516,La Raquette by Pinskiy&Co,non_kfm,2026-09-14,9,09:00-10:00,low,block_06_12,auto,0.19,0.84,21.64,,,1.28,0.11,0.0,0.11,1.0,0,history,time_segment_shift_history,missing_cycle_time,global_hour,global_hour,"Нужно 0 кур.; прогноз 0.2 заказа/ч; окно block_06_12: история 0.11, цикл 0.00; выбрано: историческая производительность; страховой запас 0%"
516,La Raquette by Pinskiy&Co,non_kfm,2026-09-14,10,10:00-11:00,low,block_06_12,auto,0.2,0.84,21.71,,,1.28,0.11,0.0,0.11,1.0,0,history,time_segment_shift_history,missing_cycle_time,global_hour,global_hour,"Нужно 0 кур.; прогноз 0.2 заказа/ч; окно block_06_12: история 0.11, цикл 0.00; выбрано: историческая производительность; страховой запас 0%"
516,La Raquette by Pinskiy&Co,non_kfm,2026-09-14,11,11:00-12:00,low,block_06_12,auto,0.21,0.84,22.82,,,1.28,0.11,0.0,0.11,1.0,0,history,time_segment_shift_history,missing_cycle_time,global_hour,global_hour,"Нужно 0 кур.; прогноз 0.2 заказа/ч; окно block_06_12: история 0.11, цикл 0.00; выбрано: историческая производительность; страховой запас 0%"
516,La Raquette by Pinskiy&Co,non_kfm,2026-09-14,12,12:00-13:00,low,block_12_18,auto,0.16,0.79,23.54,,,1.09,0.12,0.0,0.12,1.0,0,history,time_segment_shift_history,missing_cycle_time,global_hour,global_hour,"Нужно 0 кур.; прогноз 0.2 заказа/ч; окно block_12_18: история 0.12, цикл 0.00; выбрано: историческая производительность; страховой запас 0%"
516,La Raquette by Pinskiy&Co,non_kfm,2026-09-14,13,13:00-14:00,low,block_12_18,auto,0.16,0.79,23.55,,,1.09,0.12,0.0,0.12,1.0,0,history,time_segment_shift_history,missing_cycle_time,global_hour,global_hour,"Нужно 0 кур.; прогноз 0.2 заказа/ч; окно block_12_18: история 0.12, цикл 0.00; выбрано: историческая производительность; страховой запас 0%"
516,La Raquette by Pinskiy&Co,non_kfm,2026-09-14,14,14:00-15:00,low,block_12_18,auto,0.14,0.79,24.06,,,1.09,0.12,0.0,0.12,1.0,0,history,time_segment_shift_history,missing_cycle_time,global_hour,global_hour,"Нужно 0 кур.; прогноз 0.1 заказа/ч; окно block_12_18: история 0.12, цикл 0.00; выбрано: историческая производительность; страховой запас 0%"
516,La Raquette by Pinskiy&Co,non_kfm,2026-09-14,15,15:00-16:00,low,block_12_18,auto,0.12,0.79,24.51,,,1.09,0.12,0.0,0.12,1.0,0,history,time_segment_shift_history,missing_cycle_time,global_hour,global_hour,"Нужно 0 кур.; прогноз 0.1 заказа/ч; окно block_12_18: история 0.12, цикл 0.00; выбрано: историческая производительность; страховой запас 0%"
516,La Raquette by Pinskiy&Co,non_kfm,2026-09-14,16,16:00-17:00,low,block_12_18,auto,0.1,0.79,25.16,,,1.09,0.12,0.0,0.12,1.0,0,history,time_segment_shift_history,missing_cycle_time,global_hour,global_hour,"Нужно 0 кур.; прогноз 0.1 заказа/ч; окно block_12_18: история 0.12, цикл 0.00; выбрано: историческая производительность; страховой запас 0%"
516,La Raquette by Pinskiy&Co,non_kfm,2026-09-14,17,17:00-18:00,low,block_12_18,auto,0.1,0.79,27.66,,,1.09,0.12,0.0,0.12,1.0,0,history,time_segment_shift_history,missing_cycle_time,global_hour,global_hour,"Нужно 0 кур.; прогноз 0.1 заказа/ч; окно block_12_18: история 0.12, цикл 0.00; выбрано: историческая производительность; страховой запас 0%"
516,La Raquette by Pinskiy&Co,non_kfm,2026-09-14,18,18:00-19:00,low,block_18_24,auto,0.07,0.31,27.41,,,1.15,0.0,0.0,0.0,1.0,0,history,time_segment_shift_history,missing_cycle_time,global_hour,global_hour,"Нужно 0 кур.; прогноз 0.1 заказа/ч; окно block_18_24: история 0.00, цикл 0.00; выбрано: историческая производительность; страховой запас 0%"
516,La Raquette by Pinskiy&Co,non_kfm,2026-09-14,19,19:00-20:00,low,block_18_24,auto,0.07,0.31,26.64,,,1.15,0.0,0.0,0.0,1.0,0,history,time_segment_shift_history,missing_cycle_time,global_hour,global_hour,"Нужно 0 кур.; прогноз 0.1 заказа/ч; окно block_18_24: история 0.00, цикл 0.00; выбрано: историческая производительность; страховой запас 0%"
516,La Raquette by Pinskiy&Co,non_kfm,2026-09-14,20,20:00-21:00,low,block_18_24,auto,0.07,0.31,23.12,,,1.15,0.0,0.0,0.0,1.0,0,history,time_segment_shift_history,missing_cycle_time,global_hour,global_hour,"Нужно 0 кур.; прогноз 0.1 заказа/ч; окно block_18_24: история 0.00, цикл 0.00; выбрано: историческая производительность; страховой запас 0%"
516,La Raquette by Pinskiy&Co,non_kfm,2026-09-14,21,21:00-22:00,low,block_18_24,auto,0.05,0.31,21.83,,,1.15,0.0,0.0,0.0,1.0,0,history,time_segment_shift_history,missing_cycle_time,global_hour,global_hour,"Нужно 0 кур.; прогноз 0.1 заказа/ч; окно block_18_24: история 0.00, цикл 0.00; выбрано: историческая производительность; страховой запас 0%"
516,La Raquette by Pinskiy&Co,non_kfm,2026-09-14,9,09:00-10:00,low,block_06_12,bike,0.1,0.46,10.37,,,3.03,0.0,0.0,0.0,1.0,0,history,time_segment_shift_history,missing_cycle_time,global_hour,global_hour,"Нужно 0 кур.; прогноз 0.1 заказа/ч; окно block_06_12: история 0.00, цикл 0.00; выбрано: историческая производительность; страховой запас 0%"
516,La Raquette by Pinskiy&Co,non_kfm,2026-09-14,10,10:00-11:00,low,block_06_12,bike,0.11,0.46,10.11,,,3.03,0.0,0.0,0.0,1.0,0,history,time_segment_shift_history,missing_cycle_time,global_hour,global_hour,"Нужно 0 кур.; прогноз 0.1 заказа/ч; окно block_06_12: история 0.00, цикл 0.00; выбрано: историческая производительность; страховой запас 0%"
516,La Raquette by Pinskiy&Co,non_kfm,2026-09-14,11,11:00-12:00,low,block_06_12,bike,0.12,0.46,10.41,,,3.03,0.0,0.0,0.0,1.0,0,history,time_segment_shift_history,missing_cycle_time,global_hour,global_hour,"Нужно 0 кур.; прогноз 0.1 заказа/ч; окно block_06_12: история 0.00, цикл 0.00; выбрано: историческая производительность; страховой запас 0%"
516,La Raquette by Pinskiy&Co,non_kfm,2026-09-14,12,12:00-13:00,low,block_12_18,bike,0.06,0.29,10.37,,,2.83,0.0,0.0,0.0,1.0,0,history,time_segment_shift_history,missing_cycle_time,global_hour,global_hour,"Нужно 0 кур.; прогноз 0.1 заказа/ч; окно block_12_18: история 0.00, цикл 0.00; выбрано: историческая производительность; страховой запас 0%"
516,La Raquette by Pinskiy&Co,non_kfm,2026-09-14,13,13:00-14:00,low,block_12_18,bike,0.06,0.29,10.39,,,2.83,0.0,0.0,0.0,1.0,0,history,time_segment_shift_history,missing_cycle_time,global_hour,global_hour,"Нужно 0 кур.; прогноз 0.1 заказа/ч; окно block_12_18: история 0.00, цикл 0.00; выбрано: историческая производительность; страховой запас 0%"
516,La Raquette by Pinskiy&Co,non_kfm,2026-09-14,14,14:00-15:00,low,block_12_18,bike,0.05,0.29,10.2,,,2.83,0.0,0.0,0.0,1.0,0,history,time_segment_shift_history,missing_cycle_time,global_hour,global_hour,"Нужно 0 кур.; прогноз 0.1 заказа/ч; окно block_12_18: история 0.00, цикл 0.00; выбрано: историческая производительность; страховой запас 0%"
516,La Raquette by Pinskiy&Co,non_kfm,2026-09-14,15,15:00-16:00,low,block_12_18,bike,0.05,0.29,10.75,,,2.83,0.0,0.0,0.0,1.0,0,history,time_segment_shift_history,missing_cycle_time,global_hour,global_hour,"Нужно 0 кур.; прогноз 0.0 заказа/ч; окно block_12_18: история 0.00, цикл 0.00; выбрано: историческая производительность; страховой запас 0%"
516,La Raquette by Pinskiy&Co,non_kfm,2026-09-14,16,16:00-17:00,low,block_12_18,bike,0.04,0.29,11.02,,,2.83,0.0,0.0,0.0,1.0,0,history,time_segment_shift_history,missing_cycle_time,global_hour,global_hour,"Нужно 0 кур.; прогноз 0.0 заказа/ч; окно block_12_18: история 0.00, цикл 0.00; выбрано: историческая производительность; страховой запас 0%"
516,La Raquette by Pinskiy&Co,non_kfm,2026-09-14,17,17:00-18:00,low,block_12_18,bike,0.04,0.29,10.83,,,2.83,0.0,0.0,0.0,1.0,0,history,time_segment_shift_history,missing_cycle_time,global_hour,global_hour,"Нужно 0 кур.; прогноз 0.0 заказа/ч; окно block_12_18: история 0.00, цикл 0.00; выбрано: историческая производительность; страховой запас 0%"
516,La Raquette by Pinskiy&Co,non_kfm,2026-09-14,18,18:00-19:00,low,block_18_24,bike,0.04,0.19,11.1,,,2.05,0.0,0.0,0.0,1.0,0,history,time_segment_shift_history,missing_cycle_time,global_hour,global_hour,"Нужно 0 кур.; прогноз 0.0 заказа/ч; окно block_18_24: история 0.00, цикл 0.00; выбрано: историческая производительность; страховой запас 0%"
516,La Raquette by Pinskiy&Co,non_kfm,2026-09-14,19,19:00-20:00,low,block_18_24,bike,0.04,0.19,10.71,,,2.05,0.0,0.0,0.0,1.0,0,history,time_segment_shift_history,missing_cycle_time,global_hour,global_hour,"Нужно 0 кур.; прогноз 0.0 заказа/ч; окно block_18_24: история 0.00, цикл 0.00; выбрано: историческая производительность; страховой запас 0%"
516,La Raquette by Pinskiy&Co,non_kfm,2026-09-14,20,20:00-21:00,low,block_18_24,bike,0.04,0.19,10.4,,,2.05,0.0,0.0,0.0,1.0,0,history,time_segment_shift_history,missing_cycle_time,global_hour,global_hour,"Нужно 0 кур.; прогноз 0.0 заказа/ч; окно block_18_24: история 0.00, цикл 0.00; выбрано: историческая производительность; страховой запас 0%"
516,La Raquette by Pinskiy&Co,non_kfm,2026-09-14,21,21:00-22:00,low,block_18_24,bike,0.03,0.19,9.94,,,2.05,0.0,0.0,0.0,1.0,0,history,time_segment_shift_history,missing_cycle_time,global_hour,global_hour,"Нужно 0 кур.; прогноз 0.0 заказа/ч; окно block_18_24: история 0.00, цикл 0.00; выбрано: историческая производительность; страховой запас 0%"
53,IZUMI,non_kfm,2026-09-14,11,11:00-12:00,low,block_06_12,auto,0.04,0.18,22.82,,,1.28,0.0,0.0,0.0,1.0,0,history,time_segment_shift_history,missing_cycle_time,global_hour,global_hour,"Нужно 0 кур.; прогноз 0.0 заказа/ч; окно block_06_12: история 0.00, цикл 0.00; выбрано: историческая производительность; страховой запас 0%"
53,IZUMI,non_kfm,2026-09-14,12,12:00-13:00,low,block_12_18,auto,0.15,0.7,23.54,,,1.09,0.11,0.0,0.11,1.0,0,history,time_segment_shift_history,missing_cycle_time,global_hour,global_hour,"Нужно 0 кур.; прогноз 0.1 заказа/ч; окно block_12_18: история 0.11, цикл 0.00; выбрано: историческая производительность; страховой запас 0%"
53,IZUMI,non_kfm,2026-09-14,13,13:00-14:00,low,block_12_18,auto,0.14,0.7,23.55,,,1.09,0.11,0.0,0.11,1.0,0,history,time_segment_shift_history,missing_cycle_time,global_hour,global_hour,"Нужно 0 кур.; прогноз 0.1 заказа/ч; окно block_12_18: история 0.11, цикл 0.00; выбрано: историческая производительность; страховой запас 0%"
53,IZUMI,non_kfm,2026-09-14,14,14:00-15:00,low,block_12_18,auto,0.13,0.7,24.06,,,1.09,0.11,0.0,0.11,1.0,0,history,time_segment_shift_history,missing_cycle_time,global_hour,global_hour,"Нужно 0 кур.; прогноз 0.1 заказа/ч; окно block_12_18: история 0.11, цикл 0.00; выбрано: историческая производительность; страховой запас 0%"
53,IZUMI,non_kfm,2026-09-14,15,15:00-16:00,low,block_12_18,auto,0.11,0.7,24.51,,,1.09,0.11,0.0,0.11,1.0,0,history,time_segment_shift_history,missing_cycle_time,global_hour,global_hour,"Нужно 0 кур.; прогноз 0.1 заказа/ч; окно block_12_18: история 0.11, цикл 0.00; выбрано: историческая производительность; страховой запас 0%"
53,IZUMI,non_kfm,2026-09-14,16,16:00-17:00,low,block_12_18,auto,0.09,0.7,25.16,,,1.09,0.11,0.0,0.11,1.0,0,history,time_segment_shift_history,missing_cycle_time,global_hour,global_hour,"Нужно 0 кур.; прогноз 0.1 заказа/ч; окно block_12_18: история 0.11, цикл 0.00; выбрано: историческая производительность; страховой запас 0%"
53,IZUMI,non_kfm,2026-09-14,17,17:00-18:00,low,block_12_18,auto,0.09,0.7,27.66,,,1.09,0.11,0.0,0.11,1.0,0,history,time_segment_shift_history,missing_cycle_time,global_hour,global_hour,"Нужно 0 кур.; прогноз 0.1 заказа/ч; окно block_12_18: история 0.11, цикл 0.00; выбрано: историческая производительность; страховой запас 0%"
53,IZUMI,non_kfm,2026-09-14,18,18:00-19:00,low,block_18_24,auto,0.13,0.55,27.41,,,1.15,0.08,0.0,0.08,1.0,0,history,time_segment_shift_history,missing_cycle_time,global_hour,global_hour,"Нужно 0 кур.; прогноз 0.1 заказа/ч; окно block_18_24: история 0.08, цикл 0.00; выбрано: историческая производительность; страховой запас 0%"
53,IZUMI,non_kfm,2026-09-14,19,19:00-20:00,low,block_18_24,auto,0.13,0.55,26.64,,,1.15,0.08,0.0,0.08,1.0,0,history,time_segment_shift_history,missing_cycle_time,global_hour,global_hour,"Нужно 0 кур.; прогноз 0.1 заказа/ч; окно block_18_24: история 0.08, цикл 0.00; выбрано: историческая производительность; страховой запас 0%"
53,IZUMI,non_kfm,2026-09-14,20,20:00-21:00,low,block_18_24,auto,0.12,0.55,23.12,,,1.15,0.08,0.0,0.08,1.0,0,history,time_segment_shift_history,missing_cycle_time,global_hour,global_hour,"Нужно 0 кур.; прогноз 0.1 заказа/ч; окно block_18_24: история 0.08, цикл 0.00; выбрано: историческая производительность; страховой запас 0%"
53,IZUMI,non_kfm,2026-09-14,21,21:00-22:00,low,block_18_24,auto,0.09,0.55,21.83,,,1.15,0.08,0.0,0.08,1.0,0,history,time_segment_shift_history,missing_cycle_time,global_hour,global_hour,"Нужно 0 кур.; прогноз 0.1 заказа/ч; окно block_18_24: история 0.08, цикл 0.00; выбрано: историческая производительность; страховой запас 0%"
53,IZUMI,non_kfm,2026-09-14,22,22:00-23:00,low,block_18_24,auto,0.05,0.55,16.14,,,1.15,0.08,0.0,0.08,1.0,0,history,time_segment_shift_history,missing_cycle_time,global_hour,global_hour,"Нужно 0 кур.; прогноз 0.1 заказа/ч; окно block_18_24: история 0.08, цикл 0.00; выбрано: историческая производительность; страховой запас 0%"
53,IZUMI,non_kfm,2026-09-14,11,11:00-12:00,low,block_06_12,bike,0.02,0.1,10.41,,,3.03,0.0,0.0,0.0,1.0,0,history,time_segment_shift_history,missing_cycle_time,global_hour,global_hour,"Нужно 0 кур.; прогноз 0.0 заказа/ч; окно block_06_12: история 0.00, цикл 0.00; выбрано: историческая производительность; страховой запас 0%"
53,IZUMI,non_kfm,2026-09-14,12,12:00-13:00,low,block_12_18,bike,0.05,0.26,10.37,,,2.83,0.0,0.0,0.0,1.0,0,history,time_segment_shift_history,missing_cycle_time,global_hour,global_hour,"Нужно 0 кур.; прогноз 0.1 заказа/ч; окно block_12_18: история 0.00, цикл 0.00; выбрано: историческая производительность; страховой запас 0%"
53,IZUMI,non_kfm,2026-09-14,13,13:00-14:00,low,block_12_18,bike,0.05,0.26,10.39,,,2.83,0.0,0.0,0.0,1.0,0,history,time_segment_shift_history,missing_cycle_time,global_hour,global_hour,"Нужно 0 кур.; прогноз 0.1 заказа/ч; окно block_12_18: история 0.00, цикл 0.00; выбрано: историческая производительность; страховой запас 0%"
53,IZUMI,non_kfm,2026-09-14,14,14:00-15:00,low,block_12_18,bike,0.05,0.26,10.2,,,2.83,0.0,0.0,0.0,1.0,0,history,time_segment_shift_history,missing_cycle_time,global_hour,global_hour,"Нужно 0 кур.; прогноз 0.0 заказа/ч; окно block_12_18: история 0.00, цикл 0.00; выбрано: историческая производительность; страховой запас 0%"
53,IZUMI,non_kfm,2026-09-14,15,15:00-16:00,low,block_12_18,bike,0.04,0.26,10.75,,,2.83,0.0,0.0,0.0,1.0,0,history,time_segment_shift_history,missing_cycle_time,global_hour,global_hour,"Нужно 0 кур.; прогноз 0.0 заказа/ч; окно block_12_18: история 0.00, цикл 0.00; выбрано: историческая производительность; страховой запас 0%"
53,IZUMI,non_kfm,2026-09-14,16,16:00-17:00,low,block_12_18,bike,0.03,0.26,11.02,,,2.83,0.0,0.0,0.0,1.0,0,history,time_segment_shift_history,missing_cycle_time,global_hour,global_hour,"Нужно 0 кур.; прогноз 0.0 заказа/ч; окно block_12_18: история 0.00, цикл 0.00; выбрано: историческая производительность; страховой запас 0%"
53,IZUMI,non_kfm,2026-09-14,17,17:00-18:00,low,block_12_18,bike,0.03,0.26,10.83,,,2.83,0.0,0.0,0.0,1.0,0,history,time_segment_shift_history,missing_cycle_time,global_hour,global_hour,"Нужно 0 кур.; прогноз 0.0 заказа/ч; окно block_12_18: история 0.00, цикл 0.00; выбрано: историческая производительность; страховой запас 0%"
53,IZUMI,non_kfm,2026-09-14,18,18:00-19:00,low,block_18_24,bike,0.08,0.33,11.1,,,2.05,0.0,0.0,0.0,1.0,0,history,time_segment_shift_history,missing_cycle_time,global_hour,global_hour,"Нужно 0 кур.; прогноз 0.1 заказа/ч; окно block_18_24: история 0.00, цикл 0.00; выбрано: историческая производительность; страховой запас 0%"
53,IZUMI,non_kfm,2026-09-14,19,19:00-20:00,low,block_18_24,bike,0.08,0.33,10.71,,,2.05,0.0,0.0,0.0,1.0,0,history,time_segment_shift_history,missing_cycle_time,global_hour,global_hour,"Нужно 0 кур.; прогноз 0.1 заказа/ч; окно block_18_24: история 0.00, цикл 0.00; выбрано: историческая производительность; страховой запас 0%"
53,IZUMI,non_kfm,2026-09-14,20,20:00-21:00,low,block_18_24,bike,0.07,0.33,10.4,,,2.05,0.0,0.0,0.0,1.0,0,history,time_segment_shift_history,missing_cycle_time,global_hour,global_hour,"Нужно 0 кур.; прогноз 0.1 заказа/ч; окно block_18_24: история 0.00, цикл 0.00; выбрано: историческая производительность; страховой запас 0%"
53,IZUMI,non_kfm,2026-09-14,21,21:00-22:00,low,block_18_24,bike,0.05,0.33,9.94,,,2.05,0.0,0.0,0.0,1.0,0,history,time_segment_shift_history,missing_cycle_time,global_hour,global_hour,"Нужно 0 кур.; прогноз 0.1 заказа/ч; окно block_18_24: история 0.00, цикл 0.00; выбрано: историческая производительность; страховой запас 0%"
53,IZUMI,non_kfm,2026-09-14,22,22:00-23:00,low,block_18_24,bike,0.03,0.33,9.8,,,2.05,0.0,0.0,0.0,1.0,0,history,time_segment_shift_history,missing_cycle_time,global_hour,global_hour,"Нужно 0 кур.; прогноз 0.0 заказа/ч; окно block_18_24: история 0.00, цикл 0.00; выбрано: историческая производительность; страховой запас 0%"
54,Maroon,non_kfm,2026-09-14,10,10:00-11:00,medium,block_06_12,auto,0.22,1.27,18.78,,,1.27,0.17,0.0,0.17,1.0,1,history,segment_shift_history,missing_cycle_time,location_hour,location_hour,"Нужно 1 кур.; прогноз 0.2 заказа/ч; окно block_06_12: история 0.17, цикл 0.00; выбрано: историческая производительность; страховой запас 0%"
54,Maroon,non_kfm,2026-09-14,11,11:00-12:00,medium,block_06_12,auto,1.05,1.27,33.26,,,1.27,0.17,0.0,0.17,1.0,1,history,segment_shift_history,missing_cycle_time,location_hour,location_hour,"Нужно 1 кур.; прогноз 1.1 заказа/ч; окно block_06_12: история 0.17, цикл 0.00; выбрано: историческая производительность; страховой запас 0%"
54,Maroon,non_kfm,2026-09-14,12,12:00-13:00,medium,block_12_18,auto,1.17,7.82,28.72,,,1.24,1.05,0.0,1.05,1.0,1,history,location_shift_history,missing_cycle_time,location_hour,location_hour,"Нужно 1 кур.; прогноз 1.2 заказа/ч; окно block_12_18: история 1.05, цикл 0.00; выбрано: историческая производительность; страховой запас 0%"
54,Maroon,non_kfm,2026-09-14,13,13:00-14:00,medium,block_12_18,auto,1.19,7.82,29.59,,,1.24,1.05,0.0,1.05,1.0,1,history,location_shift_history,missing_cycle_time,location_hour,location_hour,"Нужно 1 кур.; прогноз 1.2 заказа/ч; окно block_12_18: история 1.05, цикл 0.00; выбрано: историческая производительность; страховой запас 0%"
54,Maroon,non_kfm,2026-09-14,14,14:00-15:00,medium,block_12_18,auto,1.4,7.82,27.87,,,1.24,1.05,0.0,1.05,1.0,1,history,location_shift_history,missing_cycle_time,location_hour,location_hour,"Нужно 1 кур.; прогноз 1.4 заказа/ч; окно block_12_18: история 1.05, цикл 0.00; выбрано: историческая производительность; страховой запас 0%"
54,Maroon,non_kfm,2026-09-14,15,15:00-16:00,medium,block_12_18,auto,1.04,7.82,28.25,,,1.24,1.05,0.0,1.05,1.0,1,history,location_shift_history,missing_cycle_time,location_hour,location_hour,"Нужно 1 кур.; прогноз 1.0 заказа/ч; окно block_12_18: история 1.05, цикл 0.00; выбрано: историческая производительность; страховой запас 0%"
54,Maroon,non_kfm,2026-09-14,16,16:00-17:00,medium,block_12_18,auto,1.35,7.82,28.96,,,1.24,1.05,0.0,1.05,1.0,1,history,location_shift_history,missing_cycle_time,location_hour,location_hour,"Нужно 1 кур.; прогноз 1.3 заказа/ч; окно block_12_18: история 1.05, цикл 0.00; выбрано: историческая производительность; страховой запас 0%"
54,Maroon,non_kfm,2026-09-14,17,17:00-18:00,medium,block_12_18,auto,1.68,7.82,33.14,,,1.24,1.05,0.0,1.05,1.0,1,history,location_shift_history,missing_cycle_time,location_hour,location_hour,"Нужно 1 кур.; прогноз 1.7 заказа/ч; окно block_12_18: история 1.05, цикл 0.00; выбрано: историческая производительность; страховой запас 0%"
54,Maroon,non_kfm,2026-09-14,18,18:00-19:00,medium,block_18_24,auto,2.04,9.11,33.77,,,1.14,1.33,0.0,1.33,1.0,2,history,segment_shift_history,missing_cycle_time,location_hour,location_hour,"Нужно 2 кур.; прогноз 2.0 заказа/ч; окно block_18_24: история 1.33, цикл 0.00; выбрано: историческая производительность; страховой запас 0%"
54,Maroon,non_kfm,2026-09-14,19,19:00-20:00,medium,block_18_24,auto,2.28,9.11,30.52,,,1.14,1.33,0.0,1.33,1.0,2,history,segment_shift_history,missing_cycle_time,location_hour,location_hour,"Нужно 2 кур.; прогноз 2.3 заказа/ч; окно block_18_24: история 1.33, цикл 0.00; выбрано: историческая производительность; страховой запас 0%"
54,Maroon,non_kfm,2026-09-14,20,20:00-21:00,medium,block_18_24,auto,2.28,9.11,23.12,,,1.14,1.33,0.0,1.33,1.0,2,history,segment_shift_history,missing_cycle_time,location_hour,location_hour,"Нужно 2 кур.; прогноз 2.3 заказа/ч; окно block_18_24: история 1.33, цикл 0.00; выбрано: историческая производительность; страховой запас 0%"
54,Maroon,non_kfm,2026-09-14,21,21:00-22:00,medium,block_18_24,auto,1.8,9.11,25.31,,,1.14,1.33,0.0,1.33,1.0,2,history,segment_shift_history,missing_cycle_time,location_hour,location_hour,"Нужно 2 кур.; прогноз 1.8 заказа/ч; окно block_18_24: история 1.33, цикл 0.00; выбрано: историческая производительность; страховой запас 0%"
54,Maroon,non_kfm,2026-09-14,22,22:00-23:00,medium,block_18_24,auto,0.71,9.11,26.29,,,1.14,1.33,0.0,1.33,1.0,2,history,segment_shift_history,missing_cycle_time,location_hour,location_hour,"Нужно 2 кур.; прогноз 0.7 заказа/ч; окно block_18_24: история 1.33, цикл 0.00; выбрано: историческая производительность; страховой запас 0%"
556,Мясо&Рыба Хамовники,non_kfm,2026-09-14,11,11:00-12:00,low,block_06_12,auto,0.02,0.1,22.82,,,1.28,0.0,0.0,0.0,1.0,0,history,time_segment_shift_history,missing_cycle_time,global_hour,global_hour,"Нужно 0 кур.; прогноз 0.0 заказа/ч; окно block_06_12: история 0.00, цикл 0.00; выбрано: историческая производительность; страховой запас 0%"
556,Мясо&Рыба Хамовники,non_kfm,2026-09-14,14,14:00-15:00,low,block_12_18,auto,0.03,0.09,24.06,,,1.09,0.0,0.0,0.0,1.0,0,history,time_segment_shift_history,missing_cycle_time,location_hour,global_hour,"Нужно 0 кур.; прогноз 0.0 заказа/ч; окно block_12_18: история 0.00, цикл 0.00; выбрано: историческая производительность; страховой запас 0%"
556,Мясо&Рыба Хамовники,non_kfm,2026-09-14,15,15:00-16:00,low,block_12_18,auto,0.03,0.09,24.51,,,1.09,0.0,0.0,0.0,1.0,0,history,time_segment_shift_history,missing_cycle_time,location_hour,global_hour,"Нужно 0 кур.; прогноз 0.0 заказа/ч; окно block_12_18: история 0.00, цикл 0.00; выбрано: историческая производительность; страховой запас 0%"
556,Мясо&Рыба Хамовники,non_kfm,2026-09-14,16,16:00-17:00,low,block_12_18,auto,0.03,0.09,25.16,,,1.09,0.0,0.0,0.0,1.0,0,history,time_segment_shift_history,missing_cycle_time,location_hour,global_hour,"Нужно 0 кур.; прогноз 0.0 заказа/ч; окно block_12_18: история 0.00, цикл 0.00; выбрано: историческая производительность; страховой запас 0%"
556,Мясо&Рыба Хамовники,non_kfm,2026-09-14,18,18:00-19:00,low,block_18_24,auto,0.02,0.11,27.41,,,1.15,0.0,0.0,0.0,1.0,0,history,time_segment_shift_history,missing_cycle_time,location_hour,global_hour,"Нужно 0 кур.; прогноз 0.0 заказа/ч; окно block_18_24: история 0.00, цикл 0.00; выбрано: историческая производительность; страховой запас 0%"
556,Мясо&Рыба Хамовники,non_kfm,2026-09-14,19,19:00-20:00,low,block_18_24,auto,0.04,0.11,26.64,,,1.15,0.0,0.0,0.0,1.0,0,history,time_segment_shift_history,missing_cycle_time,location_hour,global_hour,"Нужно 0 кур.; прогноз 0.0 заказа/ч; окно block_18_24: история 0.00, цикл 0.00; выбрано: историческая производительность; страховой запас 0%"
556,Мясо&Рыба Хамовники,non_kfm,2026-09-14,20,20:00-21:00,low,block_18_24,auto,0.02,0.11,23.12,,,1.15,0.0,0.0,0.0,1.0,0,history,time_segment_shift_history,missing_cycle_time,location_hour,global_hour,"Нужно 0 кур.; прогноз 0.0 заказа/ч; окно block_18_24: история 0.00, цикл 0.00; выбрано: историческая производительность; страховой запас 0%"
556,Мясо&Рыба Хамовники,non_kfm,2026-09-14,21,21:00-22:00,low,block_18_24,auto,0.02,0.11,21.83,,,1.15,0.0,0.0,0.0,1.0,0,history,time_segment_shift_history,missing_cycle_time,location_hour,global_hour,"Нужно 0 кур.; прогноз 0.0 заказа/ч; окно block_18_24: история 0.00, цикл 0.00; выбрано: историческая производительность; страховой запас 0%"
556,Мясо&Рыба Хамовники,non_kfm,2026-09-14,11,11:00-12:00,low,block_06_12,bike,0.01,0.04,10.41,,,3.03,0.0,0.0,0.0,1.0,0,history,time_segment_shift_history,missing_cycle_time,global_hour,global_hour,"Нужно 0 кур.; прогноз 0.0 заказа/ч; окно block_06_12: история 0.00, цикл 0.00; выбрано: историческая производительность; страховой запас 0%"
556,Мясо&Рыба Хамовники,non_kfm,2026-09-14,14,14:00-15:00,low,block_12_18,bike,0.05,0.15,10.2,,,2.83,0.0,0.0,0.0,1.0,0,history,time_segment_shift_history,missing_cycle_time,location_hour,global_hour,"Нужно 0 кур.; прогноз 0.1 заказа/ч; окно block_12_18: история 0.00, цикл 0.00; выбрано: историческая производительность; страховой запас 0%"
556,Мясо&Рыба Хамовники,non_kfm,2026-09-14,15,15:00-16:00,low,block_12_18,bike,0.05,0.15,10.75,,,2.83,0.0,0.0,0.0,1.0,0,history,time_segment_shift_history,missing_cycle_time,location_hour,global_hour,"Нужно 0 кур.; прогноз 0.1 заказа/ч; окно block_12_18: история 0.00, цикл 0.00; выбрано: историческая производительность; страховой запас 0%"
556,Мясо&Рыба Хамовники,non_kfm,2026-09-14,16,16:00-17:00,low,block_12_18,bike,0.05,0.15,11.02,,,2.83,0.0,0.0,0.0,1.0,0,history,time_segment_shift_history,missing_cycle_time,location_hour,global_hour,"Нужно 0 кур.; прогноз 0.1 заказа/ч; окно block_12_18: история 0.00, цикл 0.00; выбрано: историческая производительность; страховой запас 0%"
556,Мясо&Рыба Хамовники,non_kfm,2026-09-14,18,18:00-19:00,low,block_18_24,bike,0.02,0.11,11.1,,,2.05,0.0,0.0,0.0,1.0,0,history,time_segment_shift_history,missing_cycle_time,location_hour,global_hour,"Нужно 0 кур.; прогноз 0.0 заказа/ч; окно block_18_24: история 0.00, цикл 0.00; выбрано: историческая производительность; страховой запас 0%"
556,Мясо&Рыба Хамовники,non_kfm,2026-09-14,19,19:00-20:00,low,block_18_24,bike,0.04,0.11,10.71,,,2.05,0.0,0.0,0.0,1.0,0,history,time_segment_shift_history,missing_cycle_time,location_hour,global_hour,"Нужно 0 кур.; прогноз 0.0 заказа/ч; окно block_18_24: история 0.00, цикл 0.00; выбрано: историческая производительность; страховой запас 0%"
556,Мясо&Рыба Хамовники,non_kfm,2026-09-14,20,20:00-21:00,low,block_18_24,bike,0.02,0.11,10.4,,,2.05,0.0,0.0,0.0,1.0,0,history,time_segment_shift_history,missing_cycle_time,location_hour,global_hour,"Нужно 0 кур.; прогноз 0.0 заказа/ч; окно block_18_24: история 0.00, цикл 0.00; выбрано: историческая производительность; страховой запас 0%"
556,Мясо&Рыба Хамовники,non_kfm,2026-09-14,21,21:00-22:00,low,block_18_24,bike,0.02,0.11,9.94,,,2.05,0.0,0.0,0.0,1.0,0,history,time_segment_shift_history,missing_cycle_time,location_hour,global_hour,"Нужно 0 кур.; прогноз 0.0 заказа/ч; окно block_18_24: история 0.00, цикл 0.00; выбрано: историческая производительность; страховой запас 0%"
557,Bocconcino Новослободская,non_kfm,2026-09-14,10,10:00-11:00,low,block_06_12,auto,0.09,0.14,21.71,,,1.28,0.0,0.0,0.0,1.0,0,history,time_segment_shift_history,missing_cycle_time,location_hour,global_hour,"Нужно 0 кур.; прогноз 0.1 заказа/ч; окно block_06_12: история 0.00, цикл 0.00; выбрано: историческая производительность; страховой запас 0%"
557,Bocconcino Новослободская,non_kfm,2026-09-14,11,11:00-12:00,low,block_06_12,auto,0.05,0.14,22.82,,,1.28,0.0,0.0,0.0,1.0,0,history,time_segment_shift_history,missing_cycle_time,location_hour,global_hour,"Нужно 0 кур.; прогноз 0.0 заказа/ч; окно block_06_12: история 0.00, цикл 0.00; выбрано: историческая производительность; страховой запас 0%"
557,Bocconcino Новослободская,non_kfm,2026-09-14,12,12:00-13:00,low,block_12_18,auto,0.06,0.33,23.54,,,1.09,0.0,0.0,0.0,1.0,0,history,time_segment_shift_history,missing_cycle_time,location_hour,global_hour,"Нужно 0 кур.; прогноз 0.1 заказа/ч; окно block_12_18: история 0.00, цикл 0.00; выбрано: историческая производительность; страховой запас 0%"
557,Bocconcino Новослободская,non_kfm,2026-09-14,13,13:00-14:00,low,block_12_18,auto,0.04,0.33,23.55,,,1.09,0.0,0.0,0.0,1.0,0,history,time_segment_shift_history,missing_cycle_time,location_hour,global_hour,"Нужно 0 кур.; прогноз 0.0 заказа/ч; окно block_12_18: история 0.00, цикл 0.00; выбрано: историческая производительность; страховой запас 0%"
557,Bocconcino Новослободская,non_kfm,2026-09-14,14,14:00-15:00,low,block_12_18,auto,0.08,0.33,24.06,,,1.09,0.0,0.0,0.0,1.0,0,history,time_segment_shift_history,missing_cycle_time,location_hour,global_hour,"Нужно 0 кур.; прогноз 0.1 заказа/ч; окно block_12_18: история 0.00, цикл 0.00; выбрано: историческая производительность; страховой запас 0%"
557,Bocconcino Новослободская,non_kfm,2026-09-14,15,15:00-16:00,low,block_12_18,auto,0.02,0.33,24.51,,,1.09,0.0,0.0,0.0,1.0,0,history,time_segment_shift_history,missing_cycle_time,location_hour,global_hour,"Нужно 0 кур.; прогноз 0.0 заказа/ч; окно block_12_18: история 0.00, цикл 0.00; выбрано: историческая производительность; страховой запас 0%"
557,Bocconcino Новослободская,non_kfm,2026-09-14,16,16:00-17:00,low,block_12_18,auto,0.04,0.33,25.16,,,1.09,0.0,0.0,0.0,1.0,0,history,time_segment_shift_history,missing_cycle_time,location_hour,global_hour,"Нужно 0 кур.; прогноз 0.0 заказа/ч; окно block_12_18: история 0.00, цикл 0.00; выбрано: историческая производительность; страховой запас 0%"
557,Bocconcino Новослободская,non_kfm,2026-09-14,17,17:00-18:00,low,block_12_18,auto,0.08,0.33,27.66,,,1.09,0.0,0.0,0.0,1.0,0,history,time_segment_shift_history,missing_cycle_time,location_hour,global_hour,"Нужно 0 кур.; прогноз 0.1 заказа/ч; окно block_12_18: история 0.00, цикл 0.00; выбрано: историческая производительность; страховой запас 0%"
557,Bocconcino Новослободская,non_kfm,2026-09-14,18,18:00-19:00,low,block_18_24,auto,0.07,0.17,27.41,,,1.15,0.0,0.0,0.0,1.0,0,history,time_segment_shift_history,missing_cycle_time,location_hour,global_hour,"Нужно 0 кур.; прогноз 0.1 заказа/ч; окно block_18_24: история 0.00, цикл 0.00; выбрано: историческая производительность; страховой запас 0%"
557,Bocconcino Новослободская,non_kfm,2026-09-14,19,19:00-20:00,low,block_18_24,auto,0.03,0.17,26.64,,,1.15,0.0,0.0,0.0,1.0,0,history,time_segment_shift_history,missing_cycle_time,location_hour,global_hour,"Нужно 0 кур.; прогноз 0.0 заказа/ч; окно block_18_24: история 0.00, цикл 0.00; выбрано: историческая производительность; страховой запас 0%"
557,Bocconcino Новослободская,non_kfm,2026-09-14,20,20:00-21:00,low,block_18_24,auto,0.03,0.17,23.12,,,1.15,0.0,0.0,0.0,1.0,0,history,time_segment_shift_history,missing_cycle_time,location_hour,global_hour,"Нужно 0 кур.; прогноз 0.0 заказа/ч; окно block_18_24: история 0.00, цикл 0.00; выбрано: историческая производительность; страховой запас 0%"
557,Bocconcino Новослободская,non_kfm,2026-09-14,21,21:00-22:00,low,block_18_24,auto,0.04,0.17,21.83,,,1.15,0.0,0.0,0.0,1.0,0,history,time_segment_shift_history,missing_cycle_time,location_hour,global_hour,"Нужно 0 кур.; прогноз 0.0 заказа/ч; окно block_18_24: история 0.00, цикл 0.00; выбрано: историческая производительность; страховой запас 0%"
557,Bocconcino Новослободская,non_kfm,2026-09-14,10,10:00-11:00,low,block_06_12,bike,0.05,0.07,10.11,,,3.03,0.0,0.0,0.0,1.0,0,history,time_segment_shift_history,missing_cycle_time,location_hour,global_hour,"Нужно 0 кур.; прогноз 0.0 заказа/ч; окно block_06_12: история 0.00, цикл 0.00; выбрано: историческая производительность; страховой запас 0%"
557,Bocconcino Новослободская,non_kfm,2026-09-14,11,11:00-12:00,low,block_06_12,bike,0.02,0.07,10.41,,,3.03,0.0,0.0,0.0,1.0,0,history,time_segment_shift_history,missing_cycle_time,location_hour,global_hour,"Нужно 0 кур.; прогноз 0.0 заказа/ч; окно block_06_12: история 0.00, цикл 0.00; выбрано: историческая производительность; страховой запас 0%"
557,Bocconcino Новослободская,non_kfm,2026-09-14,12,12:00-13:00,low,block_12_18,bike,0.02,0.12,10.37,,,2.83,0.0,0.0,0.0,1.0,0,history,time_segment_shift_history,missing_cycle_time,location_hour,global_hour,"Нужно 0 кур.; прогноз 0.0 заказа/ч; окно block_12_18: история 0.00, цикл 0.00; выбрано: историческая производительность; страховой запас 0%"
557,Bocconcino Новослободская,non_kfm,2026-09-14,13,13:00-14:00,low,block_12_18,bike,0.02,0.12,10.39,,,2.83,0.0,0.0,0.0,1.0,0,history,time_segment_shift_history,missing_cycle_time,location_hour,global_hour,"Нужно 0 кур.; прогноз 0.0 заказа/ч; окно block_12_18: история 0.00, цикл 0.00; выбрано: историческая производительность; страховой запас 0%"
557,Bocconcino Новослободская,non_kfm,2026-09-14,14,14:00-15:00,low,block_12_18,bike,0.03,0.12,10.2,,,2.83,0.0,0.0,0.0,1.0,0,history,time_segment_shift_history,missing_cycle_time,location_hour,global_hour,"Нужно 0 кур.; прогноз 0.0 заказа/ч; окно block_12_18: история 0.00, цикл 0.00; выбрано: историческая производительность; страховой запас 0%"
557,Bocconcino Новослободская,non_kfm,2026-09-14,15,15:00-16:00,low,block_12_18,bike,0.01,0.12,10.75,,,2.83,0.0,0.0,0.0,1.0,0,history,time_segment_shift_history,missing_cycle_time,location_hour,global_hour,"Нужно 0 кур.; прогноз 0.0 заказа/ч; окно block_12_18: история 0.00, цикл 0.00; выбрано: историческая производительность; страховой запас 0%"
557,Bocconcino Новослободская,non_kfm,2026-09-14,16,16:00-17:00,low,block_12_18,bike,0.02,0.12,11.02,,,2.83,0.0,0.0,0.0,1.0,0,history,time_segment_shift_history,missing_cycle_time,location_hour,global_hour,"Нужно 0 кур.; прогноз 0.0 заказа/ч; окно block_12_18: история 0.00, цикл 0.00; выбрано: историческая производительность; страховой запас 0%"
557,Bocconcino Новослободская,non_kfm,2026-09-14,17,17:00-18:00,low,block_12_18,bike,0.03,0.12,10.83,,,2.83,0.0,0.0,0.0,1.0,0,history,time_segment_shift_history,missing_cycle_time,location_hour,global_hour,"Нужно 0 кур.; прогноз 0.0 заказа/ч; окно block_12_18: история 0.00, цикл 0.00; выбрано: историческая производительность; страховой запас 0%"
557,Bocconcino Новослободская,non_kfm,2026-09-14,18,18:00-19:00,low,block_18_24,bike,0.04,0.1,11.1,,,2.05,0.0,0.0,0.0,1.0,0,history,time_segment_shift_history,missing_cycle_time,location_hour,global_hour,"Нужно 0 кур.; прогноз 0.0 заказа/ч; окно block_18_24: история 0.00, цикл 0.00; выбрано: историческая производительность; страховой запас 0%"
557,Bocconcino Новослободская,non_kfm,2026-09-14,19,19:00-20:00,low,block_18_24,bike,0.02,0.1,10.71,,,2.05,0.0,0.0,0.0,1.0,0,history,time_segment_shift_history,missing_cycle_time,location_hour,global_hour,"Нужно 0 кур.; прогноз 0.0 заказа/ч; окно block_18_24: история 0.00, цикл 0.00; выбрано: историческая производительность; страховой запас 0%"
557,Bocconcino Новослободская,non_kfm,2026-09-14,20,20:00-21:00,low,block_18_24,bike,0.02,0.1,10.4,,,2.05,0.0,0.0,0.0,1.0,0,history,time_segment_shift_history,missing_cycle_time,location_hour,global_hour,"Нужно 0 кур.; прогноз 0.0 заказа/ч; окно block_18_24: история 0.00, цикл 0.00; выбрано: историческая производительность; страховой запас 0%"
557,Bocconcino Новослободская,non_kfm,2026-09-14,21,21:00-22:00,low,block_18_24,bike,0.03,0.1,9.94,,,2.05,0.0,0.0,0.0,1.0,0,history,time_segment_shift_history,missing_cycle_time,location_hour,global_hour,"Нужно 0 кур.; прогноз 0.0 заказа/ч; окно block_18_24: история 0.00, цикл 0.00; выбрано: историческая производительность; страховой запас 0%"
558,ЮГ 22,non_kfm,2026-09-14,12,12:00-13:00,low,block_12_18,auto,0.03,0.13,23.54,,,1.09,0.0,0.0,0.0,1.0,0,history,time_segment_shift_history,missing_cycle_time,global_hour,global_hour,"Нужно 0 кур.; прогноз 0.0 заказа/ч; окно block_12_18: история 0.00, цикл 0.00; выбрано: историческая производительность; страховой запас 0%"
558,ЮГ 22,non_kfm,2026-09-14,13,13:00-14:00,low,block_12_18,auto,0.03,0.13,23.55,,,1.09,0.0,0.0,0.0,1.0,0,history,time_segment_shift_history,missing_cycle_time,global_hour,global_hour,"Нужно 0 кур.; прогноз 0.0 заказа/ч; окно block_12_18: история 0.00, цикл 0.00; выбрано: историческая производительность; страховой запас 0%"
558,ЮГ 22,non_kfm,2026-09-14,14,14:00-15:00,low,block_12_18,auto,0.02,0.13,24.06,,,1.09,0.0,0.0,0.0,1.0,0,history,time_segment_shift_history,missing_cycle_time,global_hour,global_hour,"Нужно 0 кур.; прогноз 0.0 заказа/ч; окно block_12_18: история 0.00, цикл 0.00; выбрано: историческая производительность; страховой запас 0%"
558,ЮГ 22,non_kfm,2026-09-14,15,15:00-16:00,low,block_12_18,auto,0.02,0.13,24.51,,,1.09,0.0,0.0,0.0,1.0,0,history,time_segment_shift_history,missing_cycle_time,global_hour,global_hour,"Нужно 0 кур.; прогноз 0.0 заказа/ч; окно block_12_18: история 0.00, цикл 0.00; выбрано: историческая производительность; страховой запас 0%"
558,ЮГ 22,non_kfm,2026-09-14,16,16:00-17:00,low,block_12_18,auto,0.02,0.13,25.16,,,1.09,0.0,0.0,0.0,1.0,0,history,time_segment_shift_history,missing_cycle_time,global_hour,global_hour,"Нужно 0 кур.; прогноз 0.0 заказа/ч; окно block_12_18: история 0.00, цикл 0.00; выбрано: историческая производительность; страховой запас 0%"
558,ЮГ 22,non_kfm,2026-09-14,17,17:00-18:00,low,block_12_18,auto,0.02,0.13,27.66,,,1.09,0.0,0.0,0.0,1.0,0,history,time_segment_shift_history,missing_cycle_time,global_hour,global_hour,"Нужно 0 кур.; прогноз 0.0 заказа/ч; окно block_12_18: история 0.00, цикл 0.00; выбрано: историческая производительность; страховой запас 0%"
558,ЮГ 22,non_kfm,2026-09-14,18,18:00-19:00,low,block_18_24,auto,0.03,0.12,27.41,,,1.15,0.0,0.0,0.0,1.0,0,history,time_segment_shift_history,missing_cycle_time,global_hour,global_hour,"Нужно 0 кур.; прогноз 0.0 заказа/ч; окно block_18_24: история 0.00, цикл 0.00; выбрано: историческая производительность; страховой запас 0%"
558,ЮГ 22,non_kfm,2026-09-14,19,19:00-20:00,low,block_18_24,auto,0.03,0.12,26.64,,,1.15,0.0,0.0,0.0,1.0,0,history,time_segment_shift_history,missing_cycle_time,global_hour,global_hour,"Нужно 0 кур.; прогноз 0.0 заказа/ч; окно block_18_24: история 0.00, цикл 0.00; выбрано: историческая производительность; страховой запас 0%"
558,ЮГ 22,non_kfm,2026-09-14,20,20:00-21:00,low,block_18_24,auto,0.03,0.12,23.12,,,1.15,0.0,0.0,0.0,1.0,0,history,time_segment_shift_history,missing_cycle_time,global_hour,global_hour,"Нужно 0 кур.; прогноз 0.0 заказа/ч; окно block_18_24: история 0.00, цикл 0.00; выбрано: историческая производительность; страховой запас 0%"
558,ЮГ 22,non_kfm,2026-09-14,21,21:00-22:00,low,block_18_24,auto,0.02,0.12,21.83,,,1.15,0.0,0.0,0.0,1.0,0,history,time_segment_shift_history,missing_cycle_time,global_hour,global_hour,"Нужно 0 кур.; прогноз 0.0 заказа/ч; окно block_18_24: история 0.00, цикл 0.00; выбрано: историческая производительность; страховой запас 0%"
558,ЮГ 22,non_kfm,2026-09-14,22,22:00-23:00,low,block_18_24,auto,0.01,0.12,16.14,,,1.15,0.0,0.0,0.0,1.0,0,history,time_segment_shift_history,missing_cycle_time,global_hour,global_hour,"Нужно 0 кур.; прогноз 0.0 заказа/ч; окно block_18_24: история 0.00, цикл 0.00; выбрано: историческая производительность; страховой запас 0%"
558,ЮГ 22,non_kfm,2026-09-14,12,12:00-13:00,low,block_12_18,bike,0.01,0.05,10.37,,,2.83,0.0,0.0,0.0,1.0,0,history,time_segment_shift_history,missing_cycle_time,global_hour,global_hour,"Нужно 0 кур.; прогноз 0.0 заказа/ч; окно block_12_18: история 0.00, цикл 0.00; выбрано: историческая производительность; страховой запас 0%"
558,ЮГ 22,non_kfm,2026-09-14,13,13:00-14:00,low,block_12_18,bike,0.01,0.05,10.39,,,2.83,0.0,0.0,0.0,1.0,0,history,time_segment_shift_history,missing_cycle_time,global_hour,global_hour,"Нужно 0 кур.; прогноз 0.0 заказа/ч; окно block_12_18: история 0.00, цикл 0.00; выбрано: историческая производительность; страховой запас 0%"
558,ЮГ 22,non_kfm,2026-09-14,14,14:00-15:00,low,block_12_18,bike,0.01,0.05,10.2,,,2.83,0.0,0.0,0.0,1.0,0,history,time_segment_shift_history,missing_cycle_time,global_hour,global_hour,"Нужно 0 кур.; прогноз 0.0 заказа/ч; окно block_12_18: история 0.00, цикл 0.00; выбрано: историческая производительность; страховой запас 0%"
558,ЮГ 22,non_kfm,2026-09-14,15,15:00-16:00,low,block_12_18,bike,0.01,0.05,10.75,,,2.83,0.0,0.0,0.0,1.0,0,history,time_segment_shift_history,missing_cycle_time,global_hour,global_hour,"Нужно 0 кур.; прогноз 0.0 заказа/ч; окно block_12_18: история 0.00, цикл 0.00; выбрано: историческая производительность; страховой запас 0%"
558,ЮГ 22,non_kfm,2026-09-14,16,16:00-17:00,low,block_12_18,bike,0.01,0.05,11.02,,,2.83,0.0,0.0,0.0,1.0,0,history,time_segment_shift_history,missing_cycle_time,global_hour,global_hour,"Нужно 0 кур.; прогноз 0.0 заказа/ч; окно block_12_18: история 0.00, цикл 0.00; выбрано: историческая производительность; страховой запас 0%"
558,ЮГ 22,non_kfm,2026-09-14,17,17:00-18:00,low,block_12_18,bike,0.01,0.05,10.83,,,2.83,0.0,0.0,0.0,1.0,0,history,time_segment_shift_history,missing_cycle_time,global_hour,global_hour,"Нужно 0 кур.; прогноз 0.0 заказа/ч; окно block_12_18: история 0.00, цикл 0.00; выбрано: историческая производительность; страховой запас 0%"
558,ЮГ 22,non_kfm,2026-09-14,18,18:00-19:00,low,block_18_24,bike,0.02,0.07,11.1,,,2.05,0.0,0.0,0.0,1.0,0,history,time_segment_shift_history,missing_cycle_time,global_hour,global_hour,"Нужно 0 кур.; прогноз 0.0 заказа/ч; окно block_18_24: история 0.00, цикл 0.00; выбрано: историческая производительность; страховой запас 0%"
558,ЮГ 22,non_kfm,2026-09-14,19,19:00-20:00,low,block_18_24,bike,0.02,0.07,10.71,,,2.05,0.0,0.0,0.0,1.0,0,history,time_segment_shift_history,missing_cycle_time,global_hour,global_hour,"Нужно 0 кур.; прогноз 0.0 заказа/ч; окно block_18_24: история 0.00, цикл 0.00; выбрано: историческая производительность; страховой запас 0%"
558,ЮГ 22,non_kfm,2026-09-14,20,20:00-21:00,low,block_18_24,bike,0.02,0.07,10.4,,,2.05,0.0,0.0,0.0,1.0,0,history,time_segment_shift_history,missing_cycle_time,global_hour,global_hour,"Нужно 0 кур.; прогноз 0.0 заказа/ч; окно block_18_24: история 0.00, цикл 0.00; выбрано: историческая производительность; страховой запас 0%"
558,ЮГ 22,non_kfm,2026-09-14,21,21:00-22:00,low,block_18_24,bike,0.01,0.07,9.94,,,2.05,0.0,0.0,0.0,1.0,0,history,time_segment_shift_history,missing_cycle_time,global_hour,global_hour,"Нужно 0 кур.; прогноз 0.0 заказа/ч; окно block_18_24: история 0.00, цикл 0.00; выбрано: историческая производительность; страховой запас 0%"
558,ЮГ 22,non_kfm,2026-09-14,22,22:00-23:00,low,block_18_24,bike,0.01,0.07,9.8,,,2.05,0.0,0.0,0.0,1.0,0,history,time_segment_shift_history,missing_cycle_time,global_hour,global_hour,"Нужно 0 кур.; прогноз 0.0 заказа/ч; окно block_18_24: история 0.00, цикл 0.00; выбрано: историческая производительность; страховой запас 0%"
560,Пафос,non_kfm,2026-09-14,10,10:00-11:00,low,block_06_12,auto,0.02,0.07,21.71,,,1.28,0.0,0.0,0.0,1.0,0,history,time_segment_shift_history,missing_cycle_time,global_hour,global_hour,"Нужно 0 кур.; прогноз 0.0 заказа/ч; окно block_06_12: история 0.00, цикл 0.00; выбрано: историческая производительность; страховой запас 0%"
560,Пафос,non_kfm,2026-09-14,11,11:00-12:00,low,block_06_12,auto,0.02,0.07,22.82,,,1.28,0.0,0.0,0.0,1.0,0,history,time_segment_shift_history,missing_cycle_time,global_hour,global_hour,"Нужно 0 кур.; прогноз 0.0 заказа/ч; окно block_06_12: история 0.00, цикл 0.00; выбрано: историческая производительность; страховой запас 0%"
560,Пафос,non_kfm,2026-09-14,13,13:00-14:00,low,block_12_18,auto,0.13,0.13,23.55,,,1.09,0.0,0.0,0.0,1.0,0,history,time_segment_shift_history,missing_cycle_time,location_hour,global_hour,"Нужно 0 кур.; прогноз 0.1 заказа/ч; окно block_12_18: история 0.00, цикл 0.00; выбрано: историческая производительность; страховой запас 0%"
560,Пафос,non_kfm,2026-09-14,18,18:00-19:00,low,block_18_24,auto,0.02,0.09,27.41,,,1.15,0.0,0.0,0.0,1.0,0,history,time_segment_shift_history,missing_cycle_time,global_hour,global_hour,"Нужно 0 кур.; прогноз 0.0 заказа/ч; окно block_18_24: история 0.00, цикл 0.00; выбрано: историческая производительность; страховой запас 0%"
560,Пафос,non_kfm,2026-09-14,19,19:00-20:00,low,block_18_24,auto,0.02,0.09,26.64,,,1.15,0.0,0.0,0.0,1.0,0,history,time_segment_shift_history,missing_cycle_time,global_hour,global_hour,"Нужно 0 кур.; прогноз 0.0 заказа/ч; окно block_18_24: история 0.00, цикл 0.00; выбрано: историческая производительность; страховой запас 0%"
560,Пафос,non_kfm,2026-09-14,20,20:00-21:00,low,block_18_24,auto,0.02,0.09,23.12,,,1.15,0.0,0.0,0.0,1.0,0,history,time_segment_shift_history,missing_cycle_time,global_hour,global_hour,"Нужно 0 кур.; прогноз 0.0 заказа/ч; окно block_18_24: история 0.00, цикл 0.00; выбрано: историческая производительность; страховой запас 0%"
560,Пафос,non_kfm,2026-09-14,21,21:00-22:00,low,block_18_24,auto,0.01,0.09,21.83,,,1.15,0.0,0.0,0.0,1.0,0,history,time_segment_shift_history,missing_cycle_time,global_hour,global_hour,"Нужно 0 кур.; прогноз 0.0 заказа/ч; окно block_18_24: история 0.00, цикл 0.00; выбрано: историческая производительность; страховой запас 0%"
560,Пафос,non_kfm,2026-09-14,10,10:00-11:00,low,block_06_12,bike,0.01,0.04,10.11,,,3.03,0.0,0.0,0.0,1.0,0,history,time_segment_shift_history,missing_cycle_time,global_hour,global_hour,"Нужно 0 кур.; прогноз 0.0 заказа/ч; окно block_06_12: история 0.00, цикл 0.00; выбрано: историческая производительность; страховой запас 0%"
560,Пафос,non_kfm,2026-09-14,11,11:00-12:00,low,block_06_12,bike,0.01,0.04,10.41,,,3.03,0.0,0.0,0.0,1.0,0,history,time_segment_shift_history,missing_cycle_time,global_hour,global_hour,"Нужно 0 кур.; прогноз 0.0 заказа/ч; окно block_06_12: история 0.00, цикл 0.00; выбрано: историческая производительность; страховой запас 0%"
560,Пафос,non_kfm,2026-09-14,13,13:00-14:00,low,block_12_18,bike,0.05,0.05,10.39,,,2.83,0.0,0.0,0.0,1.0,0,history,time_segment_shift_history,missing_cycle_time,location_hour,global_hour,"Нужно 0 кур.; прогноз 0.0 заказа/ч; окно block_12_18: история 0.00, цикл 0.00; выбрано: историческая производительность; страховой запас 0%"
560,Пафос,non_kfm,2026-09-14,18,18:00-19:00,low,block_18_24,bike,0.01,0.05,11.1,,,2.05,0.0,0.0,0.0,1.0,0,history,time_segment_shift_history,missing_cycle_time,global_hour,global_hour,"Нужно 0 кур.; прогноз 0.0 заказа/ч; окно block_18_24: история 0.00, цикл 0.00; выбрано: историческая производительность; страховой запас 0%"
560,Пафос,non_kfm,2026-09-14,19,19:00-20:00,low,block_18_24,bike,0.01,0.05,10.71,,,2.05,0.0,0.0,0.0,1.0,0,history,time_segment_shift_history,missing_cycle_time,global_hour,global_hour,"Нужно 0 кур.; прогноз 0.0 заказа/ч; окно block_18_24: история 0.00, цикл 0.00; выбрано: историческая производительность; страховой запас 0%"
560,Пафос,non_kfm,2026-09-14,20,20:00-21:00,low,block_18_24,bike,0.01,0.05,10.4,,,2.05,0.0,0.0,0.0,1.0,0,history,time_segment_shift_history,missing_cycle_time,global_hour,global_hour,"Нужно 0 кур.; прогноз 0.0 заказа/ч; окно block_18_24: история 0.00, цикл 0.00; выбрано: историческая производительность; страховой запас 0%"
560,Пафос,non_kfm,2026-09-14,21,21:00-22:00,low,block_18_24,bike,0.01,0.05,9.94,,,2.05,0.0,0.0,0.0,1.0,0,history,time_segment_shift_history,missing_cycle_time,global_hour,global_hour,"Нужно 0 кур.; прогноз 0.0 заказа/ч; окно block_18_24: история 0.00, цикл 0.00; выбрано: историческая производительность; страховой запас 0%"
597,Rockets Тверской,non_kfm,2026-09-14,9,09:00-10:00,low,block_06_12,auto,0.19,0.83,21.64,,,1.28,0.11,0.0,0.11,1.0,0,history,time_segment_shift_history,missing_cycle_time,global_hour,global_hour,"Нужно 0 кур.; прогноз 0.2 заказа/ч; окно block_06_12: история 0.11, цикл 0.00; выбрано: историческая производительность; страховой запас 0%"
597,Rockets Тверской,non_kfm,2026-09-14,10,10:00-11:00,low,block_06_12,auto,0.2,0.83,21.71,,,1.28,0.11,0.0,0.11,1.0,0,history,time_segment_shift_history,missing_cycle_time,global_hour,global_hour,"Нужно 0 кур.; прогноз 0.2 заказа/ч; окно block_06_12: история 0.11, цикл 0.00; выбрано: историческая производительность; страховой запас 0%"
597,Rockets Тверской,non_kfm,2026-09-14,11,11:00-12:00,low,block_06_12,auto,0.21,0.83,22.82,,,1.28,0.11,0.0,0.11,1.0,0,history,time_segment_shift_history,missing_cycle_time,global_hour,global_hour,"Нужно 0 кур.; прогноз 0.2 заказа/ч; окно block_06_12: история 0.11, цикл 0.00; выбрано: историческая производительность; страховой запас 0%"
597,Rockets Тверской,non_kfm,2026-09-14,12,12:00-13:00,low,block_12_18,auto,0.08,0.37,23.54,,,1.09,0.0,0.0,0.0,1.0,0,history,time_segment_shift_history,missing_cycle_time,global_hour,global_hour,"Нужно 0 кур.; прогноз 0.1 заказа/ч; окно block_12_18: история 0.00, цикл 0.00; выбрано: историческая производительность; страховой запас 0%"
597,Rockets Тверской,non_kfm,2026-09-14,13,13:00-14:00,low,block_12_18,auto,0.08,0.37,23.55,,,1.09,0.0,0.0,0.0,1.0,0,history,time_segment_shift_history,missing_cycle_time,global_hour,global_hour,"Нужно 0 кур.; прогноз 0.1 заказа/ч; окно block_12_18: история 0.00, цикл 0.00; выбрано: историческая производительность; страховой запас 0%"
597,Rockets Тверской,non_kfm,2026-09-14,14,14:00-15:00,low,block_12_18,auto,0.07,0.37,24.06,,,1.09,0.0,0.0,0.0,1.0,0,history,time_segment_shift_history,missing_cycle_time,global_hour,global_hour,"Нужно 0 кур.; прогноз 0.1 заказа/ч; окно block_12_18: история 0.00, цикл 0.00; выбрано: историческая производительность; страховой запас 0%"
597,Rockets Тверской,non_kfm,2026-09-14,15,15:00-16:00,low,block_12_18,auto,0.06,0.37,24.51,,,1.09,0.0,0.0,0.0,1.0,0,history,time_segment_shift_history,missing_cycle_time,global_hour,global_hour,"Нужно 0 кур.; прогноз 0.1 заказа/ч; окно block_12_18: история 0.00, цикл 0.00; выбрано: историческая производительность; страховой запас 0%"
597,Rockets Тверской,non_kfm,2026-09-14,16,16:00-17:00,low,block_12_18,auto,0.05,0.37,25.16,,,1.09,0.0,0.0,0.0,1.0,0,history,time_segment_shift_history,missing_cycle_time,global_hour,global_hour,"Нужно 0 кур.; прогноз 0.0 заказа/ч; окно block_12_18: история 0.00, цикл 0.00; выбрано: историческая производительность; страховой запас 0%"
597,Rockets Тверской,non_kfm,2026-09-14,17,17:00-18:00,low,block_12_18,auto,0.05,0.37,27.66,,,1.09,0.0,0.0,0.0,1.0,0,history,time_segment_shift_history,missing_cycle_time,global_hour,global_hour,"Нужно 0 кур.; прогноз 0.0 заказа/ч; окно block_12_18: история 0.00, цикл 0.00; выбрано: историческая производительность; страховой запас 0%"
597,Rockets Тверской,non_kfm,2026-09-14,18,18:00-19:00,low,block_18_24,auto,0.15,0.63,27.41,,,1.15,0.09,0.0,0.09,1.0,0,history,time_segment_shift_history,missing_cycle_time,global_hour,global_hour,"Нужно 0 кур.; прогноз 0.1 заказа/ч; окно block_18_24: история 0.09, цикл 0.00; выбрано: историческая производительность; страховой запас 0%"
597,Rockets Тверской,non_kfm,2026-09-14,19,19:00-20:00,low,block_18_24,auto,0.15,0.63,26.64,,,1.15,0.09,0.0,0.09,1.0,0,history,time_segment_shift_history,missing_cycle_time,global_hour,global_hour,"Нужно 0 кур.; прогноз 0.2 заказа/ч; окно block_18_24: история 0.09, цикл 0.00; выбрано: историческая производительность; страховой запас 0%"
597,Rockets Тверской,non_kfm,2026-09-14,20,20:00-21:00,low,block_18_24,auto,0.14,0.63,23.12,,,1.15,0.09,0.0,0.09,1.0,0,history,time_segment_shift_history,missing_cycle_time,global_hour,global_hour,"Нужно 0 кур.; прогноз 0.1 заказа/ч; окно block_18_24: история 0.09, цикл 0.00; выбрано: историческая производительность; страховой запас 0%"
597,Rockets Тверской,non_kfm,2026-09-14,21,21:00-22:00,low,block_18_24,auto,0.1,0.63,21.83,,,1.15,0.09,0.0,0.09,1.0,0,history,time_segment_shift_history,missing_cycle_time,global_hour,global_hour,"Нужно 0 кур.; прогноз 0.1 заказа/ч; окно block_18_24: история 0.09, цикл 0.00; выбрано: историческая производительность; страховой запас 0%"
597,Rockets Тверской,non_kfm,2026-09-14,9,09:00-10:00,low,block_06_12,bike,0.1,0.46,10.37,,,3.03,0.0,0.0,0.0,1.0,0,history,time_segment_shift_history,missing_cycle_time,global_hour,global_hour,"Нужно 0 кур.; прогноз 0.1 заказа/ч; окно block_06_12: история 0.00, цикл 0.00; выбрано: историческая производительность; страховой запас 0%"
597,Rockets Тверской,non_kfm,2026-09-14,10,10:00-11:00,low,block_06_12,bike,0.11,0.46,10.11,,,3.03,0.0,0.0,0.0,1.0,0,history,time_segment_shift_history,missing_cycle_time,global_hour,global_hour,"Нужно 0 кур.; прогноз 0.1 заказа/ч; окно block_06_12: история 0.00, цикл 0.00; выбрано: историческая производительность; страховой запас 0%"
597,Rockets Тверской,non_kfm,2026-09-14,11,11:00-12:00,low,block_06_12,bike,0.12,0.46,10.41,,,3.03,0.0,0.0,0.0,1.0,0,history,time_segment_shift_history,missing_cycle_time,global_hour,global_hour,"Нужно 0 кур.; прогноз 0.1 заказа/ч; окно block_06_12: история 0.00, цикл 0.00; выбрано: историческая производительность; страховой запас 0%"
597,Rockets Тверской,non_kfm,2026-09-14,12,12:00-13:00,low,block_12_18,bike,0.03,0.14,10.37,,,2.83,0.0,0.0,0.0,1.0,0,history,time_segment_shift_history,missing_cycle_time,global_hour,global_hour,"Нужно 0 кур.; прогноз 0.0 заказа/ч; окно block_12_18: история 0.00, цикл 0.00; выбрано: историческая производительность; страховой запас 0%"
597,Rockets Тверской,non_kfm,2026-09-14,13,13:00-14:00,low,block_12_18,bike,0.03,0.14,10.39,,,2.83,0.0,0.0,0.0,1.0,0,history,time_segment_shift_history,missing_cycle_time,global_hour,global_hour,"Нужно 0 кур.; прогноз 0.0 заказа/ч; окно block_12_18: история 0.00, цикл 0.00; выбрано: историческая производительность; страховой запас 0%"
597,Rockets Тверской,non_kfm,2026-09-14,14,14:00-15:00,low,block_12_18,bike,0.03,0.14,10.2,,,2.83,0.0,0.0,0.0,1.0,0,history,time_segment_shift_history,missing_cycle_time,global_hour,global_hour,"Нужно 0 кур.; прогноз 0.0 заказа/ч; окно block_12_18: история 0.00, цикл 0.00; выбрано: историческая производительность; страховой запас 0%"
597,Rockets Тверской,non_kfm,2026-09-14,15,15:00-16:00,low,block_12_18,bike,0.02,0.14,10.75,,,2.83,0.0,0.0,0.0,1.0,0,history,time_segment_shift_history,missing_cycle_time,global_hour,global_hour,"Нужно 0 кур.; прогноз 0.0 заказа/ч; окно block_12_18: история 0.00, цикл 0.00; выбрано: историческая производительность; страховой запас 0%"
597,Rockets Тверской,non_kfm,2026-09-14,16,16:00-17:00,low,block_12_18,bike,0.02,0.14,11.02,,,2.83,0.0,0.0,0.0,1.0,0,history,time_segment_shift_history,missing_cycle_time,global_hour,global_hour,"Нужно 0 кур.; прогноз 0.0 заказа/ч; окно block_12_18: история 0.00, цикл 0.00; выбрано: историческая производительность; страховой запас 0%"
597,Rockets Тверской,non_kfm,2026-09-14,17,17:00-18:00,low,block_12_18,bike,0.02,0.14,10.83,,,2.83,0.0,0.0,0.0,1.0,0,history,time_segment_shift_history,missing_cycle_time,global_hour,global_hour,"Нужно 0 кур.; прогноз 0.0 заказа/ч; окно block_12_18: история 0.00, цикл 0.00; выбрано: историческая производительность; страховой запас 0%"
597,Rockets Тверской,non_kfm,2026-09-14,18,18:00-19:00,low,block_18_24,bike,0.09,0.38,11.1,,,2.05,0.0,0.0,0.0,1.0,0,history,time_segment_shift_history,missing_cycle_time,global_hour,global_hour,"Нужно 0 кур.; прогноз 0.1 заказа/ч; окно block_18_24: история 0.00, цикл 0.00; выбрано: историческая производительность; страховой запас 0%"
597,Rockets Тверской,non_kfm,2026-09-14,19,19:00-20:00,low,block_18_24,bike,0.09,0.38,10.71,,,2.05,0.0,0.0,0.0,1.0,0,history,time_segment_shift_history,missing_cycle_time,global_hour,global_hour,"Нужно 0 кур.; прогноз 0.1 заказа/ч; окно block_18_24: история 0.00, цикл 0.00; выбрано: историческая производительность; страховой запас 0%"
597,Rockets Тверской,non_kfm,2026-09-14,20,20:00-21:00,low,block_18_24,bike,0.08,0.38,10.4,,,2.05,0.0,0.0,0.0,1.0,0,history,time_segment_shift_history,missing_cycle_time,global_hour,global_hour,"Нужно 0 кур.; прогноз 0.1 заказа/ч; окно block_18_24: история 0.00, цикл 0.00; выбрано: историческая производительность; страховой запас 0%"
597,Rockets Тверской,non_kfm,2026-09-14,21,21:00-22:00,low,block_18_24,bike,0.06,0.38,9.94,,,2.05,0.0,0.0,0.0,1.0,0,history,time_segment_shift_history,missing_cycle_time,global_hour,global_hour,"Нужно 0 кур.; прогноз 0.1 заказа/ч; окно block_18_24: история 0.00, цикл 0.00; выбрано: историческая производительность; страховой запас 0%"
598,ima,non_kfm,2026-09-14,12,12:00-13:00,low,block_12_18,auto,0.04,0.18,23.54,,,1.09,0.0,0.0,0.0,1.0,0,history,time_segment_shift_history,missing_cycle_time,global_hour,global_hour,"Нужно 0 кур.; прогноз 0.0 заказа/ч; окно block_12_18: история 0.00, цикл 0.00; выбрано: историческая производительность; страховой запас 0%"
598,ima,non_kfm,2026-09-14,13,13:00-14:00,low,block_12_18,auto,0.04,0.18,23.55,,,1.09,0.0,0.0,0.0,1.0,0,history,time_segment_shift_history,missing_cycle_time,global_hour,global_hour,"Нужно 0 кур.; прогноз 0.0 заказа/ч; окно block_12_18: история 0.00, цикл 0.00; выбрано: историческая производительность; страховой запас 0%"
598,ima,non_kfm,2026-09-14,14,14:00-15:00,low,block_12_18,auto,0.03,0.18,24.06,,,1.09,0.0,0.0,0.0,1.0,0,history,time_segment_shift_history,missing_cycle_time,global_hour,global_hour,"Нужно 0 кур.; прогноз 0.0 заказа/ч; окно block_12_18: история 0.00, цикл 0.00; выбрано: историческая производительность; страховой запас 0%"
598,ima,non_kfm,2026-09-14,15,15:00-16:00,low,block_12_18,auto,0.03,0.18,24.51,,,1.09,0.0,0.0,0.0,1.0,0,history,time_segment_shift_history,missing_cycle_time,global_hour,global_hour,"Нужно 0 кур.; прогноз 0.0 заказа/ч; окно block_12_18: история 0.00, цикл 0.00; выбрано: историческая производительность; страховой запас 0%"
598,ima,non_kfm,2026-09-14,16,16:00-17:00,low,block_12_18,auto,0.02,0.18,25.16,,,1.09,0.0,0.0,0.0,1.0,0,history,time_segment_shift_history,missing_cycle_time,global_hour,global_hour,"Нужно 0 кур.; прогноз 0.0 заказа/ч; окно block_12_18: история 0.00, цикл 0.00; выбрано: историческая производительность; страховой запас 0%"
598,ima,non_kfm,2026-09-14,17,17:00-18:00,low,block_12_18,auto,0.02,0.18,27.66,,,1.09,0.0,0.0,0.0,1.0,0,history,time_segment_shift_history,missing_cycle_time,global_hour,global_hour,"Нужно 0 кур.; прогноз 0.0 заказа/ч; окно block_12_18: история 0.00, цикл 0.00; выбрано: историческая производительность; страховой запас 0%"
598,ima,non_kfm,2026-09-14,18,18:00-19:00,low,block_18_24,auto,0.04,0.17,27.41,,,1.15,0.0,0.0,0.0,1.0,0,history,time_segment_shift_history,missing_cycle_time,global_hour,global_hour,"Нужно 0 кур.; прогноз 0.0 заказа/ч; окно block_18_24: история 0.00, цикл 0.00; выбрано: историческая производительность; страховой запас 0%"
598,ima,non_kfm,2026-09-14,19,19:00-20:00,low,block_18_24,auto,0.04,0.17,26.64,,,1.15,0.0,0.0,0.0,1.0,0,history,time_segment_shift_history,missing_cycle_time,global_hour,global_hour,"Нужно 0 кур.; прогноз 0.0 заказа/ч; окно block_18_24: история 0.00, цикл 0.00; выбрано: историческая производительность; страховой запас 0%"
598,ima,non_kfm,2026-09-14,20,20:00-21:00,low,block_18_24,auto,0.04,0.17,23.12,,,1.15,0.0,0.0,0.0,1.0,0,history,time_segment_shift_history,missing_cycle_time,global_hour,global_hour,"Нужно 0 кур.; прогноз 0.0 заказа/ч; окно block_18_24: история 0.00, цикл 0.00; выбрано: историческая производительность; страховой запас 0%"
598,ima,non_kfm,2026-09-14,21,21:00-22:00,low,block_18_24,auto,0.03,0.17,21.83,,,1.15,0.0,0.0,0.0,1.0,0,history,time_segment_shift_history,missing_cycle_time,global_hour,global_hour,"Нужно 0 кур.; прогноз 0.0 заказа/ч; окно block_18_24: история 0.00, цикл 0.00; выбрано: историческая производительность; страховой запас 0%"
598,ima,non_kfm,2026-09-14,22,22:00-23:00,low,block_18_24,auto,0.02,0.17,16.14,,,1.15,0.0,0.0,0.0,1.0,0,history,time_segment_shift_history,missing_cycle_time,global_hour,global_hour,"Нужно 0 кур.; прогноз 0.0 заказа/ч; окно block_18_24: история 0.00, цикл 0.00; выбрано: историческая производительность; страховой запас 0%"
598,ima,non_kfm,2026-09-14,12,12:00-13:00,low,block_12_18,bike,0.01,0.05,10.37,,,2.83,0.0,0.0,0.0,1.0,0,history,time_segment_shift_history,missing_cycle_time,global_hour,global_hour,"Нужно 0 кур.; прогноз 0.0 заказа/ч; окно block_12_18: история 0.00, цикл 0.00; выбрано: историческая производительность; страховой запас 0%"
598,ima,non_kfm,2026-09-14,13,13:00-14:00,low,block_12_18,bike,0.01,0.05,10.39,,,2.83,0.0,0.0,0.0,1.0,0,history,time_segment_shift_history,missing_cycle_time,global_hour,global_hour,"Нужно 0 кур.; прогноз 0.0 заказа/ч; окно block_12_18: история 0.00, цикл 0.00; выбрано: историческая производительность; страховой запас 0%"
598,ima,non_kfm,2026-09-14,14,14:00-15:00,low,block_12_18,bike,0.01,0.05,10.2,,,2.83,0.0,0.0,0.0,1.0,0,history,time_segment_shift_history,missing_cycle_time,global_hour,global_hour,"Нужно 0 кур.; прогноз 0.0 заказа/ч; окно block_12_18: история 0.00, цикл 0.00; выбрано: историческая производительность; страховой запас 0%"
598,ima,non_kfm,2026-09-14,15,15:00-16:00,low,block_12_18,bike,0.01,0.05,10.75,,,2.83,0.0,0.0,0.0,1.0,0,history,time_segment_shift_history,missing_cycle_time,global_hour,global_hour,"Нужно 0 кур.; прогноз 0.0 заказа/ч; окно block_12_18: история 0.00, цикл 0.00; выбрано: историческая производительность; страховой запас 0%"
598,ima,non_kfm,2026-09-14,16,16:00-17:00,low,block_12_18,bike,0.01,0.05,11.02,,,2.83,0.0,0.0,0.0,1.0,0,history,time_segment_shift_history,missing_cycle_time,global_hour,global_hour,"Нужно 0 кур.; прогноз 0.0 заказа/ч; окно block_12_18: история 0.00, цикл 0.00; выбрано: историческая производительность; страховой запас 0%"
598,ima,non_kfm,2026-09-14,17,17:00-18:00,low,block_12_18,bike,0.01,0.05,10.83,,,2.83,0.0,0.0,0.0,1.0,0,history,time_segment_shift_history,missing_cycle_time,global_hour,global_hour,"Нужно 0 кур.; прогноз 0.0 заказа/ч; окно block_12_18: история 0.00, цикл 0.00; выбрано: историческая производительность; страховой запас 0%"
598,ima,non_kfm,2026-09-14,18,18:00-19:00,low,block_18_24,bike,0.02,0.06,11.1,,,2.05,0.0,0.0,0.0,1.0,0,history,time_segment_shift_history,missing_cycle_time,global_hour,global_hour,"Нужно 0 кур.; прогноз 0.0 заказа/ч; окно block_18_24: история 0.00, цикл 0.00; выбрано: историческая производительность; страховой запас 0%"
598,ima,non_kfm,2026-09-14,19,19:00-20:00,low,block_18_24,bike,0.02,0.06,10.71,,,2.05,0.0,0.0,0.0,1.0,0,history,time_segment_shift_history,missing_cycle_time,global_hour,global_hour,"Нужно 0 кур.; прогноз 0.0 заказа/ч; окно block_18_24: история 0.00, цикл 0.00; выбрано: историческая производительность; страховой запас 0%"
598,ima,non_kfm,2026-09-14,20,20:00-21:00,low,block_18_24,bike,0.01,0.06,10.4,,,2.05,0.0,0.0,0.0,1.0,0,history,time_segment_shift_history,missing_cycle_time,global_hour,global_hour,"Нужно 0 кур.; прогноз 0.0 заказа/ч; окно block_18_24: история 0.00, цикл 0.00; выбрано: историческая производительность; страховой запас 0%"
598,ima,non_kfm,2026-09-14,21,21:00-22:00,low,block_18_24,bike,0.01,0.06,9.94,,,2.05,0.0,0.0,0.0,1.0,0,history,time_segment_shift_history,missing_cycle_time,global_hour,global_hour,"Нужно 0 кур.; прогноз 0.0 заказа/ч; окно block_18_24: история 0.00, цикл 0.00; выбрано: историческая производительность; страховой запас 0%"
598,ima,non_kfm,2026-09-14,22,22:00-23:00,low,block_18_24,bike,0.01,0.06,9.8,,,2.05,0.0,0.0,0.0,1.0,0,history,time_segment_shift_history,missing_cycle_time,global_hour,global_hour,"Нужно 0 кур.; прогноз 0.0 заказа/ч; окно block_18_24: история 0.00, цикл 0.00; выбрано: историческая производительность; страховой запас 0%"
599,Magritte,non_kfm,2026-09-14,12,12:00-13:00,low,block_12_18,auto,0.04,0.19,23.54,,,1.09,0.0,0.0,0.0,1.0,0,history,time_segment_shift_history,missing_cycle_time,global_hour,global_hour,"Нужно 0 кур.; прогноз 0.0 заказа/ч; окно block_12_18: история 0.00, цикл 0.00; выбрано: историческая производительность; страховой запас 0%"
599,Magritte,non_kfm,2026-09-14,13,13:00-14:00,low,block_12_18,auto,0.04,0.19,23.55,,,1.09,0.0,0.0,0.0,1.0,0,history,time_segment_shift_history,missing_cycle_time,global_hour,global_hour,"Нужно 0 кур.; прогноз 0.0 заказа/ч; окно block_12_18: история 0.00, цикл 0.00; выбрано: историческая производительность; страховой запас 0%"
599,Magritte,non_kfm,2026-09-14,14,14:00-15:00,low,block_12_18,auto,0.03,0.19,24.06,,,1.09,0.0,0.0,0.0,1.0,0,history,time_segment_shift_history,missing_cycle_time,global_hour,global_hour,"Нужно 0 кур.; прогноз 0.0 заказа/ч; окно block_12_18: история 0.00, цикл 0.00; выбрано: историческая производительность; страховой запас 0%"
599,Magritte,non_kfm,2026-09-14,15,15:00-16:00,low,block_12_18,auto,0.03,0.19,24.51,,,1.09,0.0,0.0,0.0,1.0,0,history,time_segment_shift_history,missing_cycle_time,global_hour,global_hour,"Нужно 0 кур.; прогноз 0.0 заказа/ч; окно block_12_18: история 0.00, цикл 0.00; выбрано: историческая производительность; страховой запас 0%"
599,Magritte,non_kfm,2026-09-14,16,16:00-17:00,low,block_12_18,auto,0.02,0.19,25.16,,,1.09,0.0,0.0,0.0,1.0,0,history,time_segment_shift_history,missing_cycle_time,global_hour,global_hour,"Нужно 0 кур.; прогноз 0.0 заказа/ч; окно block_12_18: история 0.00, цикл 0.00; выбрано: историческая производительность; страховой запас 0%"
599,Magritte,non_kfm,2026-09-14,17,17:00-18:00,low,block_12_18,auto,0.02,0.19,27.66,,,1.09,0.0,0.0,0.0,1.0,0,history,time_segment_shift_history,missing_cycle_time,global_hour,global_hour,"Нужно 0 кур.; прогноз 0.0 заказа/ч; окно block_12_18: история 0.00, цикл 0.00; выбрано: историческая производительность; страховой запас 0%"
599,Magritte,non_kfm,2026-09-14,18,18:00-19:00,low,block_18_24,auto,0.04,0.16,27.41,,,1.15,0.0,0.0,0.0,1.0,0,history,time_segment_shift_history,missing_cycle_time,global_hour,global_hour,"Нужно 0 кур.; прогноз 0.0 заказа/ч; окно block_18_24: история 0.00, цикл 0.00; выбрано: историческая производительность; страховой запас 0%"
599,Magritte,non_kfm,2026-09-14,19,19:00-20:00,low,block_18_24,auto,0.04,0.16,26.64,,,1.15,0.0,0.0,0.0,1.0,0,history,time_segment_shift_history,missing_cycle_time,global_hour,global_hour,"Нужно 0 кур.; прогноз 0.0 заказа/ч; окно block_18_24: история 0.00, цикл 0.00; выбрано: историческая производительность; страховой запас 0%"
599,Magritte,non_kfm,2026-09-14,20,20:00-21:00,low,block_18_24,auto,0.03,0.16,23.12,,,1.15,0.0,0.0,0.0,1.0,0,history,time_segment_shift_history,missing_cycle_time,global_hour,global_hour,"Нужно 0 кур.; прогноз 0.0 заказа/ч; окно block_18_24: история 0.00, цикл 0.00; выбрано: историческая производительность; страховой запас 0%"
599,Magritte,non_kfm,2026-09-14,21,21:00-22:00,low,block_18_24,auto,0.03,0.16,21.83,,,1.15,0.0,0.0,0.0,1.0,0,history,time_segment_shift_history,missing_cycle_time,global_hour,global_hour,"Нужно 0 кур.; прогноз 0.0 заказа/ч; окно block_18_24: история 0.00, цикл 0.00; выбрано: историческая производительность; страховой запас 0%"
599,Magritte,non_kfm,2026-09-14,22,22:00-23:00,low,block_18_24,auto,0.01,0.16,16.14,,,1.15,0.0,0.0,0.0,1.0,0,history,time_segment_shift_history,missing_cycle_time,global_hour,global_hour,"Нужно 0 кур.; прогноз 0.0 заказа/ч; окно block_18_24: история 0.00, цикл 0.00; выбрано: историческая производительность; страховой запас 0%"
599,Magritte,non_kfm,2026-09-14,12,12:00-13:00,low,block_12_18,bike,0.01,0.05,10.37,,,2.83,0.0,0.0,0.0,1.0,0,history,time_segment_shift_history,missing_cycle_time,global_hour,global_hour,"Нужно 0 кур.; прогноз 0.0 заказа/ч; окно block_12_18: история 0.00, цикл 0.00; выбрано: историческая производительность; страховой запас 0%"
599,Magritte,non_kfm,2026-09-14,13,13:00-14:00,low,block_12_18,bike,0.01,0.05,10.39,,,2.83,0.0,0.0,0.0,1.0,0,history,time_segment_shift_history,missing_cycle_time,global_hour,global_hour,"Нужно 0 кур.; прогноз 0.0 заказа/ч; окно block_12_18: история 0.00, цикл 0.00; выбрано: историческая производительность; страховой запас 0%"
599,Magritte,non_kfm,2026-09-14,14,14:00-15:00,low,block_12_18,bike,0.01,0.05,10.2,,,2.83,0.0,0.0,0.0,1.0,0,history,time_segment_shift_history,missing_cycle_time,global_hour,global_hour,"Нужно 0 кур.; прогноз 0.0 заказа/ч; окно block_12_18: история 0.00, цикл 0.00; выбрано: историческая производительность; страховой запас 0%"
599,Magritte,non_kfm,2026-09-14,15,15:00-16:00,low,block_12_18,bike,0.01,0.05,10.75,,,2.83,0.0,0.0,0.0,1.0,0,history,time_segment_shift_history,missing_cycle_time,global_hour,global_hour,"Нужно 0 кур.; прогноз 0.0 заказа/ч; окно block_12_18: история 0.00, цикл 0.00; выбрано: историческая производительность; страховой запас 0%"
599,Magritte,non_kfm,2026-09-14,16,16:00-17:00,low,block_12_18,bike,0.01,0.05,11.02,,,2.83,0.0,0.0,0.0,1.0,0,history,time_segment_shift_history,missing_cycle_time,global_hour,global_hour,"Нужно 0 кур.; прогноз 0.0 заказа/ч; окно block_12_18: история 0.00, цикл 0.00; выбрано: историческая производительность; страховой запас 0%"
599,Magritte,non_kfm,2026-09-14,17,17:00-18:00,low,block_12_18,bike,0.01,0.05,10.83,,,2.83,0.0,0.0,0.0,1.0,0,history,time_segment_shift_history,missing_cycle_time,global_hour,global_hour,"Нужно 0 кур.; прогноз 0.0 заказа/ч; окно block_12_18: история 0.00, цикл 0.00; выбрано: историческая производительность; страховой запас 0%"
599,Magritte,non_kfm,2026-09-14,18,18:00-19:00,low,block_18_24,bike,0.01,0.06,11.1,,,2.05,0.0,0.0,0.0,1.0,0,history,time_segment_shift_history,missing_cycle_time,global_hour,global_hour,"Нужно 0 кур.; прогноз 0.0 заказа/ч; окно block_18_24: история 0.00, цикл 0.00; выбрано: историческая производительность; страховой запас 0%"
599,Magritte,non_kfm,2026-09-14,19,19:00-20:00,low,block_18_24,bike,0.01,0.06,10.71,,,2.05,0.0,0.0,0.0,1.0,0,history,time_segment_shift_history,missing_cycle_time,global_hour,global_hour,"Нужно 0 кур.; прогноз 0.0 заказа/ч; окно block_18_24: история 0.00, цикл 0.00; выбрано: историческая производительность; страховой запас 0%"
599,Magritte,non_kfm,2026-09-14,20,20:00-21:00,low,block_18_24,bike,0.01,0.06,10.4,,,2.05,0.0,0.0,0.0,1.0,0,history,time_segment_shift_history,missing_cycle_time,global_hour,global_hour,"Нужно 0 кур.; прогноз 0.0 заказа/ч; окно block_18_24: история 0.00, цикл 0.00; выбрано: историческая производительность; страховой запас 0%"
599,Magritte,non_kfm,2026-09-14,21,21:00-22:00,low,block_18_24,bike,0.01,0.06,9.94,,,2.05,0.0,0.0,0.0,1.0,0,history,time_segment_shift_history,missing_cycle_time,global_hour,global_hour,"Нужно 0 кур.; прогноз 0.0 заказа/ч; окно block_18_24: история 0.00, цикл 0.00; выбрано: историческая производительность; страховой запас 0%"
599,Magritte,non_kfm,2026-09-14,22,22:00-23:00,low,block_18_24,bike,0.01,0.06,9.8,,,2.05,0.0,0.0,0.0,1.0,0,history,time_segment_shift_history,missing_cycle_time,global_hour,global_hour,"Нужно 0 кур.; прогноз 0.0 заказа/ч; окно block_18_24: история 0.00, цикл 0.00; выбрано: историческая производительность; страховой запас 0%"
6,Неглинная,kfm,2026-09-14,0,00:00-01:00,mega,deep_night,auto,0.76,2.38,21.88,,,1.95,0.2,0.0,0.2,1.0,1,history,default_slot_capacity,missing_cycle_time,location_hour,location_hour,"Нужно 1 кур.; прогноз 0.8 заказа/ч; окно deep_night: история 0.20, цикл 0.00; выбрано: историческая производительность; страховой запас 0%"
6,Неглинная,kfm,2026-09-14,1,01:00-02:00,mega,deep_night,auto,0.48,2.38,18.8,,,1.95,0.2,0.0,0.2,1.0,1,history,default_slot_capacity,missing_cycle_time,location_hour,location_hour,"Нужно 1 кур.; прогноз 0.5 заказа/ч; окно deep_night: история 0.20, цикл 0.00; выбрано: историческая производительность; страховой запас 0%"
6,Неглинная,kfm,2026-09-14,2,02:00-03:00,mega,deep_night,auto,0.28,2.38,16.47,,,1.95,0.2,0.0,0.2,1.0,1,history,default_slot_capacity,missing_cycle_time,location_hour,location_hour,"Нужно 1 кур.; прогноз 0.3 заказа/ч; окно deep_night: история 0.20, цикл 0.00; выбрано: историческая производительность; страховой запас 0%"
6,Неглинная,kfm,2026-09-14,3,03:00-04:00,mega,deep_night,auto,0.14,2.38,19.37,,,1.95,0.2,0.0,0.2,1.0,1,history,default_slot_capacity,missing_cycle_time,location_hour,location_hour,"Нужно 1 кур.; прогноз 0.1 заказа/ч; окно deep_night: история 0.20, цикл 0.00; выбрано: историческая производительность; страховой запас 0%"
6,Неглинная,kfm,2026-09-14,4,04:00-05:00,mega,deep_night,auto,0.38,2.38,23.53,,,1.95,0.2,0.0,0.2,1.0,1,history,default_slot_capacity,missing_cycle_time,location_hour,location_hour,"Нужно 1 кур.; прогноз 0.4 заказа/ч; окно deep_night: история 0.20, цикл 0.00; выбрано: историческая производительность; страховой запас 0%"
6,Неглинная,kfm,2026-09-14,5,05:00-06:00,mega,deep_night,auto,0.35,2.38,13.33,,,1.95,0.2,0.0,0.2,1.0,1,history,default_slot_capacity,missing_cycle_time,location_hour,location_hour,"Нужно 1 кур.; прогноз 0.3 заказа/ч; окно deep_night: история 0.20, цикл 0.00; выбрано: историческая производительность; страховой запас 0%"
6,Неглинная,kfm,2026-09-14,6,06:00-07:00,mega,opening,auto,1.48,3.51,20.5,,,1.31,1.33,0.0,1.33,1.0,1,history,segment_shift_history,missing_cycle_time,location_hour,location_hour,"Нужно 1 кур.; прогноз 1.5 заказа/ч; окно opening: история 1.33, цикл 0.00; выбрано: историческая производительность; страховой запас 0%"
6,Неглинная,kfm,2026-09-14,7,07:00-08:00,mega,opening,auto,2.03,3.51,21.3,,,1.31,1.33,0.0,1.33,1.0,1,history,segment_shift_history,missing_cycle_time,location_hour,location_hour,"Нужно 1 кур.; прогноз 2.0 заказа/ч; окно opening: история 1.33, цикл 0.00; выбрано: историческая производительность; страховой запас 0%"
6,Неглинная,kfm,2026-09-14,8,08:00-09:00,mega,early_morning,auto,3.01,3.01,22.54,,,1.3,2.32,0.0,2.32,1.0,3,history,segment_shift_history,missing_cycle_time,location_hour,location_hour,"Нужно 3 кур.; прогноз 3.0 заказа/ч; окно early_morning: история 2.32, цикл 0.00; выбрано: историческая производительность; страховой запас 0%"
6,Неглинная,kfm,2026-09-14,9,09:00-10:00,mega,morning,auto,3.13,5.74,24.71,,,1.04,2.75,0.0,2.75,1.0,3,history,segment_shift_history,missing_cycle_time,location_hour,location_hour,"Нужно 3 кур.; прогноз 3.1 заказа/ч; окно morning: история 2.75, цикл 0.00; выбрано: историческая производительность; страховой запас 0%"
6,Неглинная,kfm,2026-09-14,10,10:00-11:00,mega,morning,auto,2.61,5.74,31.5,,,1.04,2.75,0.0,2.75,1.0,3,history,segment_shift_history,missing_cycle_time,location_hour,location_hour,"Нужно 3 кур.; прогноз 2.6 заказа/ч; окно morning: история 2.75, цикл 0.00; выбрано: историческая производительность; страховой запас 0%"
6,Неглинная,kfm,2026-09-14,11,11:00-12:00,mega,lunch,auto,3.83,14.23,32.2,,,1.1,3.25,0.0,3.25,1.0,3,history,segment_shift_history,missing_cycle_time,location_hour,location_hour,"Нужно 3 кур.; прогноз 3.8 заказа/ч; окно lunch: история 3.25, цикл 0.00; выбрано: историческая производительность; страховой запас 0%"
6,Неглинная,kfm,2026-09-14,12,12:00-13:00,mega,lunch,auto,3.24,14.23,33.22,,,1.1,3.25,0.0,3.25,1.0,3,history,segment_shift_history,missing_cycle_time,location_hour,location_hour,"Нужно 3 кур.; прогноз 3.2 заказа/ч; окно lunch: история 3.25, цикл 0.00; выбрано: историческая производительность; страховой запас 0%"
6,Неглинная,kfm,2026-09-14,13,13:00-14:00,mega,lunch,auto,4.14,14.23,36.42,,,1.1,3.25,0.0,3.25,1.0,3,history,segment_shift_history,missing_cycle_time,location_hour,location_hour,"Нужно 3 кур.; прогноз 4.1 заказа/ч; окно lunch: история 3.25, цикл 0.00; выбрано: историческая производительность; страховой запас 0%"
6,Неглинная,kfm,2026-09-14,14,14:00-15:00,mega,lunch,auto,3.03,14.23,35.96,,,1.1,3.25,0.0,3.25,1.0,3,history,segment_shift_history,missing_cycle_time,location_hour,location_hour,"Нужно 3 кур.; прогноз 3.0 заказа/ч; окно lunch: история 3.25, цикл 0.00; выбрано: историческая производительность; страховой запас 0%"
6,Неглинная,kfm,2026-09-14,15,15:00-16:00,mega,afternoon,auto,2.64,7.66,36.77,,,1.01,2.53,0.0,2.53,1.0,3,history,segment_shift_history,missing_cycle_time,location_hour,location_hour,"Нужно 3 кур.; прогноз 2.6 заказа/ч; окно afternoon: история 2.53, цикл 0.00; выбрано: историческая производительность; страховой запас 0%"
6,Неглинная,kfm,2026-09-14,16,16:00-17:00,mega,afternoon,auto,2.37,7.66,41.14,,,1.01,2.53,0.0,2.53,1.0,3,history,segment_shift_history,missing_cycle_time,location_hour,location_hour,"Нужно 3 кур.; прогноз 2.4 заказа/ч; окно afternoon: история 2.53, цикл 0.00; выбрано: историческая производительность; страховой запас 0%"
6,Неглинная,kfm,2026-09-14,17,17:00-18:00,mega,afternoon,auto,2.64,7.66,41.98,,,1.01,2.53,0.0,2.53,1.0,3,history,segment_shift_history,missing_cycle_time,location_hour,location_hour,"Нужно 3 кур.; прогноз 2.6 заказа/ч; окно afternoon: история 2.53, цикл 0.00; выбрано: историческая производительность; страховой запас 0%"
6,Неглинная,kfm,2026-09-14,18,18:00-19:00,mega,dinner,auto,2.33,6.39,39.96,,,0.97,2.19,0.0,2.19,1.0,2,history,segment_shift_history,missing_cycle_time,location_hour,location_hour,"Нужно 2 кур.; прогноз 2.3 заказа/ч; окно dinner: история 2.19, цикл 0.00; выбрано: историческая производительность; страховой запас 0%"
6,Неглинная,kfm,2026-09-14,19,19:00-20:00,mega,dinner,auto,1.84,6.39,38.09,,,0.97,2.19,0.0,2.19,1.0,2,history,segment_shift_history,missing_cycle_time,location_hour,location_hour,"Нужно 2 кур.; прогноз 1.8 заказа/ч; окно dinner: история 2.19, цикл 0.00; выбрано: историческая производительность; страховой запас 0%"
6,Неглинная,kfm,2026-09-14,20,20:00-21:00,mega,dinner,auto,2.22,6.39,30.09,,,0.97,2.19,0.0,2.19,1.0,2,history,segment_shift_history,missing_cycle_time,location_hour,location_hour,"Нужно 2 кур.; прогноз 2.2 заказа/ч; окно dinner: история 2.19, цикл 0.00; выбрано: историческая производительность; страховой запас 0%"
6,Неглинная,kfm,2026-09-14,21,21:00-22:00,mega,late_evening,auto,1.76,3.65,35.58,,,0.79,1.54,0.0,1.54,1.0,1,history,segment_shift_history,missing_cycle_time,location_hour,location_hour,"Нужно 1 кур.; прогноз 1.8 заказа/ч; окно late_evening: история 1.54, цикл 0.00; выбрано: историческая производительность; страховой запас 0%"
6,Неглинная,kfm,2026-09-14,22,22:00-23:00,mega,late_evening,auto,1.01,3.65,26.28,,,0.79,1.54,0.0,1.54,1.0,1,history,segment_shift_history,missing_cycle_time,location_hour,location_hour,"Нужно 1 кур.; прогноз 1.0 заказа/ч; окно late_evening: история 1.54, цикл 0.00; выбрано: историческая производительность; страховой запас 0%"
6,Неглинная,kfm,2026-09-14,23,23:00-24:00,mega,late_evening,auto,0.88,3.65,22.33,,,0.79,1.54,0.0,1.54,1.0,1,history,segment_shift_history,missing_cycle_time,location_hour,location_hour,"Нужно 1 кур.; прогноз 0.9 заказа/ч; окно late_evening: история 1.54, цикл 0.00; выбрано: историческая производительность; страховой запас 0%"
6,Неглинная,kfm,2026-09-14,0,00:00-01:00,mega,deep_night,bike,0.58,1.81,11.79,,,1.3,0.23,0.0,0.23,1.0,0,history,default_slot_capacity,missing_cycle_time,location_hour,location_hour,"Нужно 0 кур.; прогноз 0.6 заказа/ч; окно deep_night: история 0.23, цикл 0.00; выбрано: историческая производительность; страховой запас 0%"
6,Неглинная,kfm,2026-09-14,1,01:00-02:00,mega,deep_night,bike,0.37,1.81,10.47,,,1.3,0.23,0.0,0.23,1.0,0,history,default_slot_capacity,missing_cycle_time,location_hour,global_vehicle,"Нужно 0 кур.; прогноз 0.4 заказа/ч; окно deep_night: история 0.23, цикл 0.00; выбрано: историческая производительность; страховой запас 0%"
6,Неглинная,kfm,2026-09-14,2,02:00-03:00,mega,deep_night,bike,0.21,1.81,10.47,,,1.3,0.23,0.0,0.23,1.0,0,history,default_slot_capacity,missing_cycle_time,location_hour,global_vehicle,"Нужно 0 кур.; прогноз 0.2 заказа/ч; окно deep_night: история 0.23, цикл 0.00; выбрано: историческая производительность; страховой запас 0%"
6,Неглинная,kfm,2026-09-14,3,03:00-04:00,mega,deep_night,bike,0.1,1.81,10.47,,,1.3,0.23,0.0,0.23,1.0,0,history,default_slot_capacity,missing_cycle_time,location_hour,global_vehicle,"Нужно 0 кур.; прогноз 0.1 заказа/ч; окно deep_night: история 0.23, цикл 0.00; выбрано: историческая производительность; страховой запас 0%"
6,Неглинная,kfm,2026-09-14,4,04:00-05:00,mega,deep_night,bike,0.29,1.81,10.47,,,1.3,0.23,0.0,0.23,1.0,0,history,default_slot_capacity,missing_cycle_time,location_hour,global_vehicle,"Нужно 0 кур.; прогноз 0.3 заказа/ч; окно deep_night: история 0.23, цикл 0.00; выбрано: историческая производительность; страховой запас 0%"
6,Неглинная,kfm,2026-09-14,5,05:00-06:00,mega,deep_night,bike,0.26,1.81,10.47,,,1.3,0.23,0.0,0.23,1.0,0,history,default_slot_capacity,missing_cycle_time,location_hour,global_vehicle,"Нужно 0 кур.; прогноз 0.3 заказа/ч; окно deep_night: история 0.23, цикл 0.00; выбрано: историческая производительность; страховой запас 0%"
6,Неглинная,kfm,2026-09-14,6,06:00-07:00,mega,opening,bike,1.12,2.66,17.35,,,1.96,0.68,0.0,0.68,1.0,1,history,segment_shift_history,missing_cycle_time,location_hour,location_hour,"Нужно 1 кур.; прогноз 1.1 заказа/ч; окно opening: история 0.68, цикл 0.00; выбрано: историческая производительность; страховой запас 0%"
6,Неглинная,kfm,2026-09-14,7,07:00-08:00,mega,opening,bike,1.54,2.66,10.41,,,1.96,0.68,0.0,0.68,1.0,1,history,segment_shift_history,missing_cycle_time,location_hour,location_hour,"Нужно 1 кур.; прогноз 1.5 заказа/ч; окно opening: история 0.68, цикл 0.00; выбрано: историческая производительность; страховой запас 0%"
6,Неглинная,kfm,2026-09-14,8,08:00-09:00,mega,early_morning,bike,2.28,2.28,9.31,,,1.91,1.2,0.0,1.2,1.0,1,history,segment_shift_history,missing_cycle_time,location_hour,location_hour,"Нужно 1 кур.; прогноз 2.3 заказа/ч; окно early_morning: история 1.20, цикл 0.00; выбрано: историческая производительность; страховой запас 0%"
6,Неглинная,kfm,2026-09-14,9,09:00-10:00,mega,morning,bike,2.37,4.35,8.17,,,1.92,1.13,0.0,1.13,1.0,1,history,segment_shift_history,missing_cycle_time,location_hour,location_hour,"Нужно 1 кур.; прогноз 2.4 заказа/ч; окно morning: история 1.13, цикл 0.00; выбрано: историческая производительность; страховой запас 0%"
6,Неглинная,kfm,2026-09-14,10,10:00-11:00,mega,morning,bike,1.98,4.35,8.76,,,1.92,1.13,0.0,1.13,1.0,1,history,segment_shift_history,missing_cycle_time,location_hour,location_hour,"Нужно 1 кур.; прогноз 2.0 заказа/ч; окно morning: история 1.13, цикл 0.00; выбрано: историческая производительность; страховой запас 0%"
6,Неглинная,kfm,2026-09-14,11,11:00-12:00,mega,lunch,bike,2.9,10.79,10.06,,,2.21,1.22,0.0,1.22,1.0,1,history,segment_shift_history,missing_cycle_time,location_hour,location_hour,"Нужно 1 кур.; прогноз 2.9 заказа/ч; окно lunch: история 1.22, цикл 0.00; выбрано: историческая производительность; страховой запас 0%"
6,Неглинная,kfm,2026-09-14,12,12:00-13:00,mega,lunch,bike,2.45,10.79,9.23,,,2.21,1.22,0.0,1.22,1.0,1,history,segment_shift_history,missing_cycle_time,location_hour,location_hour,"Нужно 1 кур.; прогноз 2.5 заказа/ч; окно lunch: история 1.22, цикл 0.00; выбрано: историческая производительность; страховой запас 0%"
6,Неглинная,kfm,2026-09-14,13,13:00-14:00,mega,lunch,bike,3.14,10.79,8.85,,,2.21,1.22,0.0,1.22,1.0,1,history,segment_shift_history,missing_cycle_time,location_hour,location_hour,"Нужно 1 кур.; прогноз 3.1 заказа/ч; окно lunch: история 1.22, цикл 0.00; выбрано: историческая производительность; страховой запас 0%"
6,Неглинная,kfm,2026-09-14,14,14:00-15:00,mega,lunch,bike,2.3,10.79,10.22,,,2.21,1.22,0.0,1.22,1.0,1,history,segment_shift_history,missing_cycle_time,location_hour,location_hour,"Нужно 1 кур.; прогноз 2.3 заказа/ч; окно lunch: история 1.22, цикл 0.00; выбрано: историческая производительность; страховой запас 0%"
6,Неглинная,kfm,2026-09-14,15,15:00-16:00,mega,afternoon,bike,2.0,5.81,10.07,,,1.79,1.08,0.0,1.08,1.0,1,history,segment_shift_history,missing_cycle_time,location_hour,location_hour,"Нужно 1 кур.; прогноз 2.0 заказа/ч; окно afternoon: история 1.08, цикл 0.00; выбрано: историческая производительность; страховой запас 0%"
6,Неглинная,kfm,2026-09-14,16,16:00-17:00,mega,afternoon,bike,1.8,5.81,9.92,,,1.79,1.08,0.0,1.08,1.0,1,history,segment_shift_history,missing_cycle_time,location_hour,location_hour,"Нужно 1 кур.; прогноз 1.8 заказа/ч; окно afternoon: история 1.08, цикл 0.00; выбрано: историческая производительность; страховой запас 0%"
6,Неглинная,kfm,2026-09-14,17,17:00-18:00,mega,afternoon,bike,2.0,5.81,10.66,,,1.79,1.08,0.0,1.08,1.0,1,history,segment_shift_history,missing_cycle_time,location_hour,location_hour,"Нужно 1 кур.; прогноз 2.0 заказа/ч; окно afternoon: история 1.08, цикл 0.00; выбрано: историческая производительность; страховой запас 0%"
6,Неглинная,kfm,2026-09-14,18,18:00-19:00,mega,dinner,bike,1.77,4.85,10.51,,,2.22,0.73,0.0,0.73,1.0,1,history,segment_shift_history,missing_cycle_time,location_hour,location_hour,"Нужно 1 кур.; прогноз 1.8 заказа/ч; окно dinner: история 0.73, цикл 0.00; выбрано: историческая производительность; страховой запас 0%"
6,Неглинная,kfm,2026-09-14,19,19:00-20:00,mega,dinner,bike,1.4,4.85,9.81,,,2.22,0.73,0.0,0.73,1.0,1,history,segment_shift_history,missing_cycle_time,location_hour,location_hour,"Нужно 1 кур.; прогноз 1.4 заказа/ч; окно dinner: история 0.73, цикл 0.00; выбрано: историческая производительность; страховой запас 0%"
6,Неглинная,kfm,2026-09-14,20,20:00-21:00,mega,dinner,bike,1.68,4.85,9.56,,,2.22,0.73,0.0,0.73,1.0,1,history,segment_shift_history,missing_cycle_time,location_hour,location_hour,"Нужно 1 кур.; прогноз 1.7 заказа/ч; окно dinner: история 0.73, цикл 0.00; выбрано: историческая производительность; страховой запас 0%"
6,Неглинная,kfm,2026-09-14,21,21:00-22:00,mega,late_evening,bike,1.34,2.77,11.86,,,1.9,0.49,0.0,0.49,1.0,1,history,segment_shift_history,missing_cycle_time,location_hour,location_hour,"Нужно 1 кур.; прогноз 1.3 заказа/ч; окно late_evening: история 0.49, цикл 0.00; выбрано: историческая производительность; страховой запас 0%"
6,Неглинная,kfm,2026-09-14,22,22:00-23:00,mega,late_evening,bike,0.76,2.77,9.62,,,1.9,0.49,0.0,0.49,1.0,1,history,segment_shift_history,missing_cycle_time,location_hour,location_hour,"Нужно 1 кур.; прогноз 0.8 заказа/ч; окно late_evening: история 0.49, цикл 0.00; выбрано: историческая производительность; страховой запас 0%"
6,Неглинная,kfm,2026-09-14,23,23:00-24:00,mega,late_evening,bike,0.67,2.77,7.54,,,1.9,0.49,0.0,0.49,1.0,1,history,segment_shift_history,missing_cycle_time,location_hour,location_hour,"Нужно 1 кур.; прогноз 0.7 заказа/ч; окно late_evening: история 0.49, цикл 0.00; выбрано: историческая производительность; страховой запас 0%"
69,Опен Мичуринский,kfm,2026-09-14,8,08:00-09:00,mega,early_morning,auto,5.25,5.25,22.54,,,1.3,4.04,0.0,4.04,1.0,4,history,segment_shift_history,missing_cycle_time,location_hour,location_hour,"Нужно 4 кур.; прогноз 5.2 заказа/ч; окно early_morning: история 4.04, цикл 0.00; выбрано: историческая производительность; страховой запас 0%"
69,Опен Мичуринский,kfm,2026-09-14,9,09:00-10:00,mega,morning,auto,5.53,11.25,17.81,,,1.3,4.33,0.0,4.33,1.0,5,history,location_shift_history,missing_cycle_time,location_hour,location_hour,"Нужно 5 кур.; прогноз 5.5 заказа/ч; окно morning: история 4.33, цикл 0.00; выбрано: историческая производительность; страховой запас 0%"
69,Опен Мичуринский,kfm,2026-09-14,10,10:00-11:00,mega,morning,auto,5.72,11.25,17.24,,,1.3,4.33,0.0,4.33,1.0,5,history,location_shift_history,missing_cycle_time,location_hour,location_hour,"Нужно 5 кур.; прогноз 5.7 заказа/ч; окно morning: история 4.33, цикл 0.00; выбрано: историческая производительность; страховой запас 0%"
69,Опен Мичуринский,kfm,2026-09-14,11,11:00-12:00,mega,lunch,auto,7.28,26.02,17.69,,,1.7,3.82,0.0,3.82,1.0,4,history,location_shift_history,missing_cycle_time,location_hour,location_hour,"Нужно 4 кур.; прогноз 7.3 заказа/ч; окно lunch: история 3.82, цикл 0.00; выбрано: историческая производительность; страховой запас 0%"
69,Опен Мичуринский,kfm,2026-09-14,12,12:00-13:00,mega,lunch,auto,6.19,26.02,18.19,,,1.7,3.82,0.0,3.82,1.0,4,history,location_shift_history,missing_cycle_time,location_hour,location_hour,"Нужно 4 кур.; прогноз 6.2 заказа/ч; окно lunch: история 3.82, цикл 0.00; выбрано: историческая производительность; страховой запас 0%"
69,Опен Мичуринский,kfm,2026-09-14,13,13:00-14:00,mega,lunch,auto,6.34,26.02,18.9,,,1.7,3.82,0.0,3.82,1.0,4,history,location_shift_history,missing_cycle_time,location_hour,location_hour,"Нужно 4 кур.; прогноз 6.3 заказа/ч; окно lunch: история 3.82, цикл 0.00; выбрано: историческая производительность; страховой запас 0%"
69,Опен Мичуринский,kfm,2026-09-14,14,14:00-15:00,mega,lunch,auto,6.19,26.02,21.4,,,1.7,3.82,0.0,3.82,1.0,4,history,location_shift_history,missing_cycle_time,location_hour,location_hour,"Нужно 4 кур.; прогноз 6.2 заказа/ч; окно lunch: история 3.82, цикл 0.00; выбрано: историческая производительность; страховой запас 0%"
69,Опен Мичуринский,kfm,2026-09-14,15,15:00-16:00,mega,afternoon,auto,5.17,15.08,19.3,,,1.39,3.62,0.0,3.62,1.0,4,history,location_shift_history,missing_cycle_time,location_hour,location_hour,"Нужно 4 кур.; прогноз 5.2 заказа/ч; окно afternoon: история 3.62, цикл 0.00; выбрано: историческая производительность; страховой запас 0%"
69,Опен Мичуринский,kfm,2026-09-14,16,16:00-17:00,mega,afternoon,auto,4.86,15.08,20.02,,,1.39,3.62,0.0,3.62,1.0,4,history,location_shift_history,missing_cycle_time,location_hour,location_hour,"Нужно 4 кур.; прогноз 4.9 заказа/ч; окно afternoon: история 3.62, цикл 0.00; выбрано: историческая производительность; страховой запас 0%"
69,Опен Мичуринский,kfm,2026-09-14,17,17:00-18:00,mega,afternoon,auto,5.05,15.08,21.64,,,1.39,3.62,0.0,3.62,1.0,4,history,location_shift_history,missing_cycle_time,location_hour,location_hour,"Нужно 4 кур.; прогноз 5.1 заказа/ч; окно afternoon: история 3.62, цикл 0.00; выбрано: историческая производительность; страховой запас 0%"
69,Опен Мичуринский,kfm,2026-09-14,18,18:00-19:00,mega,dinner,auto,5.16,16.4,22.16,,,1.57,3.49,0.0,3.49,1.0,4,history,location_shift_history,missing_cycle_time,location_hour,location_hour,"Нужно 4 кур.; прогноз 5.2 заказа/ч; окно dinner: история 3.49, цикл 0.00; выбрано: историческая производительность; страховой запас 0%"
69,Опен Мичуринский,kfm,2026-09-14,19,19:00-20:00,mega,dinner,auto,5.79,16.4,21.63,,,1.57,3.49,0.0,3.49,1.0,4,history,location_shift_history,missing_cycle_time,location_hour,location_hour,"Нужно 4 кур.; прогноз 5.8 заказа/ч; окно dinner: история 3.49, цикл 0.00; выбрано: историческая производительность; страховой запас 0%"
69,Опен Мичуринский,kfm,2026-09-14,20,20:00-21:00,mega,dinner,auto,5.45,16.4,21.55,,,1.57,3.49,0.0,3.49,1.0,4,history,location_shift_history,missing_cycle_time,location_hour,location_hour,"Нужно 4 кур.; прогноз 5.5 заказа/ч; окно dinner: история 3.49, цикл 0.00; выбрано: историческая производительность; страховой запас 0%"
69,Опен Мичуринский,kfm,2026-09-14,21,21:00-22:00,mega,late_evening,auto,3.16,6.1,19.3,,,0.79,2.57,0.0,2.57,1.0,2,history,segment_shift_history,missing_cycle_time,location_hour,location_hour,"Нужно 2 кур.; прогноз 3.2 заказа/ч; окно late_evening: история 2.57, цикл 0.00; выбрано: историческая производительность; страховой запас 0%"
69,Опен Мичуринский,kfm,2026-09-14,22,22:00-23:00,mega,late_evening,auto,2.79,6.1,19.51,,,0.79,2.57,0.0,2.57,1.0,2,history,segment_shift_history,missing_cycle_time,location_hour,location_hour,"Нужно 2 кур.; прогноз 2.8 заказа/ч; окно late_evening: история 2.57, цикл 0.00; выбрано: историческая производительность; страховой запас 0%"
69,Опен Мичуринский,kfm,2026-09-14,8,08:00-09:00,mega,early_morning,bike,4.12,4.12,12.27,,,1.91,2.16,0.0,2.16,1.0,2,history,segment_shift_history,missing_cycle_time,location_hour,location_hour,"Нужно 2 кур.; прогноз 4.1 заказа/ч; окно early_morning: история 2.16, цикл 0.00; выбрано: историческая производительность; страховой запас 0%"
69,Опен Мичуринский,kfm,2026-09-14,9,09:00-10:00,mega,morning,bike,4.34,8.83,12.16,,,2.03,2.17,0.0,2.17,1.0,2,history,location_shift_history,missing_cycle_time,location_hour,location_hour,"Нужно 2 кур.; прогноз 4.3 заказа/ч; окно morning: история 2.17, цикл 0.00; выбрано: историческая производительность; страховой запас 0%"
69,Опен Мичуринский,kfm,2026-09-14,10,10:00-11:00,mega,morning,bike,4.49,8.83,11.68,,,2.03,2.17,0.0,2.17,1.0,2,history,location_shift_history,missing_cycle_time,location_hour,location_hour,"Нужно 2 кур.; прогноз 4.5 заказа/ч; окно morning: история 2.17, цикл 0.00; выбрано: историческая производительность; страховой запас 0%"
69,Опен Мичуринский,kfm,2026-09-14,11,11:00-12:00,mega,lunch,bike,5.71,20.4,12.19,,,2.09,2.44,0.0,2.44,1.0,2,history,location_shift_history,missing_cycle_time,location_hour,location_hour,"Нужно 2 кур.; прогноз 5.7 заказа/ч; окно lunch: история 2.44, цикл 0.00; выбрано: историческая производительность; страховой запас 0%"
69,Опен Мичуринский,kfm,2026-09-14,12,12:00-13:00,mega,lunch,bike,4.86,20.4,12.07,,,2.09,2.44,0.0,2.44,1.0,2,history,location_shift_history,missing_cycle_time,location_hour,location_hour,"Нужно 2 кур.; прогноз 4.9 заказа/ч; окно lunch: история 2.44, цикл 0.00; выбрано: историческая производительность; страховой запас 0%"
69,Опен Мичуринский,kfm,2026-09-14,13,13:00-14:00,mega,lunch,bike,4.98,20.4,11.42,,,2.09,2.44,0.0,2.44,1.0,2,history,location_shift_history,missing_cycle_time,location_hour,location_hour,"Нужно 2 кур.; прогноз 5.0 заказа/ч; окно lunch: история 2.44, цикл 0.00; выбрано: историческая производительность; страховой запас 0%"
69,Опен Мичуринский,kfm,2026-09-14,14,14:00-15:00,mega,lunch,bike,4.86,20.4,11.84,,,2.09,2.44,0.0,2.44,1.0,2,history,location_shift_history,missing_cycle_time,location_hour,location_hour,"Нужно 2 кур.; прогноз 4.9 заказа/ч; окно lunch: история 2.44, цикл 0.00; выбрано: историческая производительность; страховой запас 0%"
69,Опен Мичуринский,kfm,2026-09-14,15,15:00-16:00,mega,afternoon,bike,4.05,11.82,12.14,,,1.74,2.26,0.0,2.26,1.0,2,history,location_shift_history,missing_cycle_time,location_hour,location_hour,"Нужно 2 кур.; прогноз 4.1 заказа/ч; окно afternoon: история 2.26, цикл 0.00; выбрано: историческая производительность; страховой запас 0%"
69,Опен Мичуринский,kfm,2026-09-14,16,16:00-17:00,mega,afternoon,bike,3.81,11.82,11.56,,,1.74,2.26,0.0,2.26,1.0,2,history,location_shift_history,missing_cycle_time,location_hour,location_hour,"Нужно 2 кур.; прогноз 3.8 заказа/ч; окно afternoon: история 2.26, цикл 0.00; выбрано: историческая производительность; страховой запас 0%"
69,Опен Мичуринский,kfm,2026-09-14,17,17:00-18:00,mega,afternoon,bike,3.96,11.82,11.45,,,1.74,2.26,0.0,2.26,1.0,2,history,location_shift_history,missing_cycle_time,location_hour,location_hour,"Нужно 2 кур.; прогноз 4.0 заказа/ч; окно afternoon: история 2.26, цикл 0.00; выбрано: историческая производительность; страховой запас 0%"
69,Опен Мичуринский,kfm,2026-09-14,18,18:00-19:00,mega,dinner,bike,4.04,12.86,12.87,,,2.22,1.93,0.0,1.93,1.0,2,history,segment_shift_history,missing_cycle_time,location_hour,location_hour,"Нужно 2 кур.; прогноз 4.0 заказа/ч; окно dinner: история 1.93, цикл 0.00; выбрано: историческая производительность; страховой запас 0%"
69,Опен Мичуринский,kfm,2026-09-14,19,19:00-20:00,mega,dinner,bike,4.54,12.86,12.38,,,2.22,1.93,0.0,1.93,1.0,2,history,segment_shift_history,missing_cycle_time,location_hour,location_hour,"Нужно 2 кур.; прогноз 4.5 заказа/ч; окно dinner: история 1.93, цикл 0.00; выбрано: историческая производительность; страховой запас 0%"
69,Опен Мичуринский,kfm,2026-09-14,20,20:00-21:00,mega,dinner,bike,4.27,12.86,11.31,,,2.22,1.93,0.0,1.93,1.0,2,history,segment_shift_history,missing_cycle_time,location_hour,location_hour,"Нужно 2 кур.; прогноз 4.3 заказа/ч; окно dinner: история 1.93, цикл 0.00; выбрано: историческая производительность; страховой запас 0%"
69,Опен Мичуринский,kfm,2026-09-14,21,21:00-22:00,mega,late_evening,bike,2.48,4.79,10.39,,,1.9,0.84,0.0,0.84,1.0,1,history,segment_shift_history,missing_cycle_time,location_hour,location_hour,"Нужно 1 кур.; прогноз 2.5 заказа/ч; окно late_evening: история 0.84, цикл 0.00; выбрано: историческая производительность; страховой запас 0%"
69,Опен Мичуринский,kfm,2026-09-14,22,22:00-23:00,mega,late_evening,bike,2.19,4.79,10.6,,,1.9,0.84,0.0,0.84,1.0,1,history,segment_shift_history,missing_cycle_time,location_hour,location_hour,"Нужно 1 кур.; прогноз 2.2 заказа/ч; окно late_evening: история 0.84, цикл 0.00; выбрано: историческая производительность; страховой запас 0%"
7,Белая Площадь,kfm,2026-09-14,0,00:00-01:00,mega,deep_night,auto,1.54,4.48,22.78,,,1.95,0.38,0.0,0.38,1.0,1,history,default_slot_capacity,missing_cycle_time,location_hour,location_hour,"Нужно 1 кур.; прогноз 1.5 заказа/ч; окно deep_night: история 0.38, цикл 0.00; выбрано: историческая производительность; страховой запас 0%"
7,Белая Площадь,kfm,2026-09-14,1,01:00-02:00,mega,deep_night,auto,0.85,4.48,19.22,,,1.95,0.38,0.0,0.38,1.0,1,history,default_slot_capacity,missing_cycle_time,location_hour,location_hour,"Нужно 1 кур.; прогноз 0.8 заказа/ч; окно deep_night: история 0.38, цикл 0.00; выбрано: историческая производительность; страховой запас 0%"
7,Белая Площадь,kfm,2026-09-14,2,02:00-03:00,mega,deep_night,auto,0.58,4.48,17.96,,,1.95,0.38,0.0,0.38,1.0,1,history,default_slot_capacity,missing_cycle_time,location_hour,location_hour,"Нужно 1 кур.; прогноз 0.6 заказа/ч; окно deep_night: история 0.38, цикл 0.00; выбрано: историческая производительность; страховой запас 0%"
7,Белая Площадь,kfm,2026-09-14,3,03:00-04:00,mega,deep_night,auto,0.53,4.48,17.0,,,1.95,0.38,0.0,0.38,1.0,1,history,default_slot_capacity,missing_cycle_time,location_hour,location_hour,"Нужно 1 кур.; прогноз 0.5 заказа/ч; окно deep_night: история 0.38, цикл 0.00; выбрано: историческая производительность; страховой запас 0%"
7,Белая Площадь,kfm,2026-09-14,4,04:00-05:00,mega,deep_night,auto,0.5,4.48,20.92,,,1.95,0.38,0.0,0.38,1.0,1,history,default_slot_capacity,missing_cycle_time,location_hour,location_hour,"Нужно 1 кур.; прогноз 0.5 заказа/ч; окно deep_night: история 0.38, цикл 0.00; выбрано: историческая производительность; страховой запас 0%"
7,Белая Площадь,kfm,2026-09-14,5,05:00-06:00,mega,deep_night,auto,0.48,4.48,23.91,,,1.95,0.38,0.0,0.38,1.0,1,history,default_slot_capacity,missing_cycle_time,location_hour,location_hour,"Нужно 1 кур.; прогноз 0.5 заказа/ч; окно deep_night: история 0.38, цикл 0.00; выбрано: историческая производительность; страховой запас 0%"
7,Белая Площадь,kfm,2026-09-14,6,06:00-07:00,mega,opening,auto,1.78,5.23,25.28,,,1.31,1.99,0.0,1.99,1.0,2,history,segment_shift_history,missing_cycle_time,location_hour,location_hour,"Нужно 2 кур.; прогноз 1.8 заказа/ч; окно opening: история 1.99, цикл 0.00; выбрано: историческая производительность; страховой запас 0%"
7,Белая Площадь,kfm,2026-09-14,7,07:00-08:00,mega,opening,auto,3.44,5.23,25.27,,,1.31,1.99,0.0,1.99,1.0,2,history,segment_shift_history,missing_cycle_time,location_hour,location_hour,"Нужно 2 кур.; прогноз 3.4 заказа/ч; окно opening: история 1.99, цикл 0.00; выбрано: историческая производительность; страховой запас 0%"
7,Белая Площадь,kfm,2026-09-14,8,08:00-09:00,mega,early_morning,auto,4.15,4.15,25.69,,,1.3,3.19,0.0,3.19,1.0,3,history,segment_shift_history,missing_cycle_time,location_hour,location_hour,"Нужно 3 кур.; прогноз 4.1 заказа/ч; окно early_morning: история 3.19, цикл 0.00; выбрано: историческая производительность; страховой запас 0%"
7,Белая Площадь,kfm,2026-09-14,9,09:00-10:00,mega,morning,auto,3.4,7.47,29.0,,,1.04,3.58,0.0,3.58,1.0,4,history,segment_shift_history,missing_cycle_time,location_hour,location_hour,"Нужно 4 кур.; прогноз 3.4 заказа/ч; окно morning: история 3.58, цикл 0.00; выбрано: историческая производительность; страховой запас 0%"
7,Белая Площадь,kfm,2026-09-14,10,10:00-11:00,mega,morning,auto,4.06,7.47,26.06,,,1.04,3.58,0.0,3.58,1.0,4,history,segment_shift_history,missing_cycle_time,location_hour,location_hour,"Нужно 4 кур.; прогноз 4.1 заказа/ч; окно morning: история 3.58, цикл 0.00; выбрано: историческая производительность; страховой запас 0%"
7,Белая Площадь,kfm,2026-09-14,11,11:00-12:00,mega,lunch,auto,4.15,15.04,28.82,,,0.61,6.2,0.0,6.2,1.0,6,history,location_shift_history,missing_cycle_time,location_hour,location_hour,"Нужно 6 кур.; прогноз 4.2 заказа/ч; окно lunch: история 6.20, цикл 0.00; выбрано: историческая производительность; страховой запас 0%"
7,Белая Площадь,kfm,2026-09-14,12,12:00-13:00,mega,lunch,auto,4.35,15.04,30.86,,,0.61,6.2,0.0,6.2,1.0,6,history,location_shift_history,missing_cycle_time,location_hour,location_hour,"Нужно 6 кур.; прогноз 4.3 заказа/ч; окно lunch: история 6.20, цикл 0.00; выбрано: историческая производительность; страховой запас 0%"
7,Белая Площадь,kfm,2026-09-14,13,13:00-14:00,mega,lunch,auto,3.41,15.04,31.41,,,0.61,6.2,0.0,6.2,1.0,6,history,location_shift_history,missing_cycle_time,location_hour,location_hour,"Нужно 6 кур.; прогноз 3.4 заказа/ч; окно lunch: история 6.20, цикл 0.00; выбрано: историческая производительность; страховой запас 0%"
7,Белая Площадь,kfm,2026-09-14,14,14:00-15:00,mega,lunch,auto,3.13,15.04,29.62,,,0.61,6.2,0.0,6.2,1.0,6,history,location_shift_history,missing_cycle_time,location_hour,location_hour,"Нужно 6 кур.; прогноз 3.1 заказа/ч; окно lunch: история 6.20, цикл 0.00; выбрано: историческая производительность; страховой запас 0%"
7,Белая Площадь,kfm,2026-09-14,15,15:00-16:00,mega,afternoon,auto,3.49,10.02,33.83,,,1.01,3.31,0.0,3.31,1.0,3,history,segment_shift_history,missing_cycle_time,location_hour,location_hour,"Нужно 3 кур.; прогноз 3.5 заказа/ч; окно afternoon: история 3.31, цикл 0.00; выбрано: историческая производительность; страховой запас 0%"
7,Белая Площадь,kfm,2026-09-14,16,16:00-17:00,mega,afternoon,auto,3.49,10.02,40.6,,,1.01,3.31,0.0,3.31,1.0,3,history,segment_shift_history,missing_cycle_time,location_hour,location_hour,"Нужно 3 кур.; прогноз 3.5 заказа/ч; окно afternoon: история 3.31, цикл 0.00; выбрано: историческая производительность; страховой запас 0%"
7,Белая Площадь,kfm,2026-09-14,17,17:00-18:00,mega,afternoon,auto,3.05,10.02,39.53,,,1.01,3.31,0.0,3.31,1.0,3,history,segment_shift_history,missing_cycle_time,location_hour,location_hour,"Нужно 3 кур.; прогноз 3.0 заказа/ч; окно afternoon: история 3.31, цикл 0.00; выбрано: историческая производительность; страховой запас 0%"
7,Белая Площадь,kfm,2026-09-14,18,18:00-19:00,mega,dinner,auto,2.36,8.23,35.23,,,0.97,2.82,0.0,2.82,1.0,2,history,segment_shift_history,missing_cycle_time,location_hour,location_hour,"Нужно 2 кур.; прогноз 2.4 заказа/ч; окно dinner: история 2.82, цикл 0.00; выбрано: историческая производительность; страховой запас 0%"
7,Белая Площадь,kfm,2026-09-14,19,19:00-20:00,mega,dinner,auto,3.05,8.23,41.14,,,0.97,2.82,0.0,2.82,1.0,2,history,segment_shift_history,missing_cycle_time,location_hour,location_hour,"Нужно 2 кур.; прогноз 3.1 заказа/ч; окно dinner: история 2.82, цикл 0.00; выбрано: историческая производительность; страховой запас 0%"
7,Белая Площадь,kfm,2026-09-14,20,20:00-21:00,mega,dinner,auto,2.82,8.23,29.21,,,0.97,2.82,0.0,2.82,1.0,2,history,segment_shift_history,missing_cycle_time,location_hour,location_hour,"Нужно 2 кур.; прогноз 2.8 заказа/ч; окно dinner: история 2.82, цикл 0.00; выбрано: историческая производительность; страховой запас 0%"
7,Белая Площадь,kfm,2026-09-14,21,21:00-22:00,mega,late_evening,auto,1.94,5.89,24.46,,,0.79,2.48,0.0,2.48,1.0,3,history,segment_shift_history,missing_cycle_time,location_hour,location_hour,"Нужно 3 кур.; прогноз 1.9 заказа/ч; окно late_evening: история 2.48, цикл 0.00; выбрано: историческая производительность; страховой запас 0%"
7,Белая Площадь,kfm,2026-09-14,22,22:00-23:00,mega,late_evening,auto,2.21,5.89,18.6,,,0.79,2.48,0.0,2.48,1.0,3,history,segment_shift_history,missing_cycle_time,location_hour,location_hour,"Нужно 3 кур.; прогноз 2.2 заказа/ч; окно late_evening: история 2.48, цикл 0.00; выбрано: историческая производительность; страховой запас 0%"
7,Белая Площадь,kfm,2026-09-14,23,23:00-24:00,mega,late_evening,auto,1.74,5.89,19.57,,,0.79,2.48,0.0,2.48,1.0,3,history,segment_shift_history,missing_cycle_time,location_hour,location_hour,"Нужно 3 кур.; прогноз 1.7 заказа/ч; окно late_evening: история 2.48, цикл 0.00; выбрано: историческая производительность; страховой запас 0%"
7,Белая Площадь,kfm,2026-09-14,0,00:00-01:00,mega,deep_night,bike,0.78,2.28,0.14,,,1.3,0.29,0.0,0.29,1.0,0,history,default_slot_capacity,missing_cycle_time,location_hour,location_hour,"Нужно 0 кур.; прогноз 0.8 заказа/ч; окно deep_night: история 0.29, цикл 0.00; выбрано: историческая производительность; страховой запас 0%"
7,Белая Площадь,kfm,2026-09-14,1,01:00-02:00,mega,deep_night,bike,0.43,2.28,10.47,,,1.3,0.29,0.0,0.29,1.0,0,history,default_slot_capacity,missing_cycle_time,location_hour,global_vehicle,"Нужно 0 кур.; прогноз 0.4 заказа/ч; окно deep_night: история 0.29, цикл 0.00; выбрано: историческая производительность; страховой запас 0%"
7,Белая Площадь,kfm,2026-09-14,2,02:00-03:00,mega,deep_night,bike,0.3,2.28,10.47,,,1.3,0.29,0.0,0.29,1.0,0,history,default_slot_capacity,missing_cycle_time,location_hour,global_vehicle,"Нужно 0 кур.; прогноз 0.3 заказа/ч; окно deep_night: история 0.29, цикл 0.00; выбрано: историческая производительность; страховой запас 0%"
7,Белая Площадь,kfm,2026-09-14,3,03:00-04:00,mega,deep_night,bike,0.27,2.28,10.47,,,1.3,0.29,0.0,0.29,1.0,0,history,default_slot_capacity,missing_cycle_time,location_hour,global_vehicle,"Нужно 0 кур.; прогноз 0.3 заказа/ч; окно deep_night: история 0.29, цикл 0.00; выбрано: историческая производительность; страховой запас 0%"
7,Белая Площадь,kfm,2026-09-14,4,04:00-05:00,mega,deep_night,bike,0.26,2.28,10.47,,,1.3,0.29,0.0,0.29,1.0,0,history,default_slot_capacity,missing_cycle_time,location_hour,global_vehicle,"Нужно 0 кур.; прогноз 0.3 заказа/ч; окно deep_night: история 0.29, цикл 0.00; выбрано: историческая производительность; страховой запас 0%"
7,Белая Площадь,kfm,2026-09-14,5,05:00-06:00,mega,deep_night,bike,0.24,2.28,10.47,,,1.3,0.29,0.0,0.29,1.0,0,history,default_slot_capacity,missing_cycle_time,location_hour,global_vehicle,"Нужно 0 кур.; прогноз 0.2 заказа/ч; окно deep_night: история 0.29, цикл 0.00; выбрано: историческая производительность; страховой запас 0%"
7,Белая Площадь,kfm,2026-09-14,6,06:00-07:00,mega,opening,bike,0.91,2.66,9.98,,,1.96,0.68,0.0,0.68,1.0,1,history,segment_shift_history,missing_cycle_time,location_hour,location_hour,"Нужно 1 кур.; прогноз 0.9 заказа/ч; окно opening: история 0.68, цикл 0.00; выбрано: историческая производительность; страховой запас 0%"
7,Белая Площадь,kfm,2026-09-14,7,07:00-08:00,mega,opening,bike,1.75,2.66,10.01,,,1.96,0.68,0.0,0.68,1.0,1,history,segment_shift_history,missing_cycle_time,location_hour,location_hour,"Нужно 1 кур.; прогноз 1.8 заказа/ч; окно opening: история 0.68, цикл 0.00; выбрано: историческая производительность; страховой запас 0%"
7,Белая Площадь,kfm,2026-09-14,8,08:00-09:00,mega,early_morning,bike,2.11,2.11,11.97,,,1.91,1.1,0.0,1.1,1.0,1,history,segment_shift_history,missing_cycle_time,location_hour,location_hour,"Нужно 1 кур.; прогноз 2.1 заказа/ч; окно early_morning: история 1.10, цикл 0.00; выбрано: историческая производительность; страховой запас 0%"
7,Белая Площадь,kfm,2026-09-14,9,09:00-10:00,mega,morning,bike,1.73,3.79,12.69,,,1.92,0.99,0.0,0.99,1.0,1,history,segment_shift_history,missing_cycle_time,location_hour,location_hour,"Нужно 1 кур.; прогноз 1.7 заказа/ч; окно morning: история 0.99, цикл 0.00; выбрано: историческая производительность; страховой запас 0%"
7,Белая Площадь,kfm,2026-09-14,10,10:00-11:00,mega,morning,bike,2.06,3.79,11.95,,,1.92,0.99,0.0,0.99,1.0,1,history,segment_shift_history,missing_cycle_time,location_hour,location_hour,"Нужно 1 кур.; прогноз 2.1 заказа/ч; окно morning: история 0.99, цикл 0.00; выбрано: историческая производительность; страховой запас 0%"
7,Белая Площадь,kfm,2026-09-14,11,11:00-12:00,mega,lunch,bike,2.11,7.64,11.55,,,2.21,0.86,0.0,0.86,1.0,1,history,segment_shift_history,missing_cycle_time,location_hour,location_hour,"Нужно 1 кур.; прогноз 2.1 заказа/ч; окно lunch: история 0.86, цикл 0.00; выбрано: историческая производительность; страховой запас 0%"
7,Белая Площадь,kfm,2026-09-14,12,12:00-13:00,mega,lunch,bike,2.21,7.64,11.33,,,2.21,0.86,0.0,0.86,1.0,1,history,segment_shift_history,missing_cycle_time,location_hour,location_hour,"Нужно 1 кур.; прогноз 2.2 заказа/ч; окно lunch: история 0.86, цикл 0.00; выбрано: историческая производительность; страховой запас 0%"
7,Белая Площадь,kfm,2026-09-14,13,13:00-14:00,mega,lunch,bike,1.73,7.64,11.98,,,2.21,0.86,0.0,0.86,1.0,1,history,segment_shift_history,missing_cycle_time,location_hour,location_hour,"Нужно 1 кур.; прогноз 1.7 заказа/ч; окно lunch: история 0.86, цикл 0.00; выбрано: историческая производительность; страховой запас 0%"
7,Белая Площадь,kfm,2026-09-14,14,14:00-15:00,mega,lunch,bike,1.59,7.64,10.78,,,2.21,0.86,0.0,0.86,1.0,1,history,segment_shift_history,missing_cycle_time,location_hour,location_hour,"Нужно 1 кур.; прогноз 1.6 заказа/ч; окно lunch: история 0.86, цикл 0.00; выбрано: историческая производительность; страховой запас 0%"
7,Белая Площадь,kfm,2026-09-14,15,15:00-16:00,mega,afternoon,bike,1.77,5.09,12.36,,,1.79,0.95,0.0,0.95,1.0,1,history,segment_shift_history,missing_cycle_time,location_hour,location_hour,"Нужно 1 кур.; прогноз 1.8 заказа/ч; окно afternoon: история 0.95, цикл 0.00; выбрано: историческая производительность; страховой запас 0%"
7,Белая Площадь,kfm,2026-09-14,16,16:00-17:00,mega,afternoon,bike,1.77,5.09,13.42,,,1.79,0.95,0.0,0.95,1.0,1,history,segment_shift_history,missing_cycle_time,location_hour,location_hour,"Нужно 1 кур.; прогноз 1.8 заказа/ч; окно afternoon: история 0.95, цикл 0.00; выбрано: историческая производительность; страховой запас 0%"
7,Белая Площадь,kfm,2026-09-14,17,17:00-18:00,mega,afternoon,bike,1.55,5.09,13.31,,,1.79,0.95,0.0,0.95,1.0,1,history,segment_shift_history,missing_cycle_time,location_hour,location_hour,"Нужно 1 кур.; прогноз 1.5 заказа/ч; окно afternoon: история 0.95, цикл 0.00; выбрано: историческая производительность; страховой запас 0%"
7,Белая Площадь,kfm,2026-09-14,18,18:00-19:00,mega,dinner,bike,1.2,4.18,11.78,,,2.22,0.63,0.0,0.63,1.0,1,history,segment_shift_history,missing_cycle_time,location_hour,location_hour,"Нужно 1 кур.; прогноз 1.2 заказа/ч; окно dinner: история 0.63, цикл 0.00; выбрано: историческая производительность; страховой запас 0%"
7,Белая Площадь,kfm,2026-09-14,19,19:00-20:00,mega,dinner,bike,1.55,4.18,11.88,,,2.22,0.63,0.0,0.63,1.0,1,history,segment_shift_history,missing_cycle_time,location_hour,location_hour,"Нужно 1 кур.; прогноз 1.6 заказа/ч; окно dinner: история 0.63, цикл 0.00; выбрано: историческая производительность; страховой запас 0%"
7,Белая Площадь,kfm,2026-09-14,20,20:00-21:00,mega,dinner,bike,1.43,4.18,10.61,,,2.22,0.63,0.0,0.63,1.0,1,history,segment_shift_history,missing_cycle_time,location_hour,location_hour,"Нужно 1 кур.; прогноз 1.4 заказа/ч; окно dinner: история 0.63, цикл 0.00; выбрано: историческая производительность; страховой запас 0%"
7,Белая Площадь,kfm,2026-09-14,21,21:00-22:00,mega,late_evening,bike,0.98,2.99,10.03,,,1.9,0.52,0.0,0.52,1.0,0,history,segment_shift_history,missing_cycle_time,location_hour,location_hour,"Нужно 0 кур.; прогноз 1.0 заказа/ч; окно late_evening: история 0.52, цикл 0.00; выбрано: историческая производительность; страховой запас 0%"
7,Белая Площадь,kfm,2026-09-14,22,22:00-23:00,mega,late_evening,bike,1.12,2.99,10.21,,,1.9,0.52,0.0,0.52,1.0,0,history,segment_shift_history,missing_cycle_time,location_hour,location_hour,"Нужно 0 кур.; прогноз 1.1 заказа/ч; окно late_evening: история 0.52, цикл 0.00; выбрано: историческая производительность; страховой запас 0%"
7,Белая Площадь,kfm,2026-09-14,23,23:00-24:00,mega,late_evening,bike,0.88,2.99,7.87,,,1.9,0.52,0.0,0.52,1.0,0,history,segment_shift_history,missing_cycle_time,location_hour,location_hour,"Нужно 0 кур.; прогноз 0.9 заказа/ч; окно late_evening: история 0.52, цикл 0.00; выбрано: историческая производительность; страховой запас 0%"
70,КО Сыроварня,non_kfm,2026-09-14,12,12:00-13:00,low,block_12_18,auto,0.1,0.46,23.54,,,1.09,0.0,0.0,0.0,1.0,0,history,time_segment_shift_history,missing_cycle_time,global_hour,global_hour,"Нужно 0 кур.; прогноз 0.1 заказа/ч; окно block_12_18: история 0.00, цикл 0.00; выбрано: историческая производительность; страховой запас 0%"
70,КО Сыроварня,non_kfm,2026-09-14,13,13:00-14:00,low,block_12_18,auto,0.09,0.46,23.55,,,1.09,0.0,0.0,0.0,1.0,0,history,time_segment_shift_history,missing_cycle_time,global_hour,global_hour,"Нужно 0 кур.; прогноз 0.1 заказа/ч; окно block_12_18: история 0.00, цикл 0.00; выбрано: историческая производительность; страховой запас 0%"
70,КО Сыроварня,non_kfm,2026-09-14,14,14:00-15:00,low,block_12_18,auto,0.08,0.46,24.06,,,1.09,0.0,0.0,0.0,1.0,0,history,time_segment_shift_history,missing_cycle_time,global_hour,global_hour,"Нужно 0 кур.; прогноз 0.1 заказа/ч; окно block_12_18: история 0.00, цикл 0.00; выбрано: историческая производительность; страховой запас 0%"
70,КО Сыроварня,non_kfm,2026-09-14,15,15:00-16:00,low,block_12_18,auto,0.07,0.46,24.51,,,1.09,0.0,0.0,0.0,1.0,0,history,time_segment_shift_history,missing_cycle_time,global_hour,global_hour,"Нужно 0 кур.; прогноз 0.1 заказа/ч; окно block_12_18: история 0.00, цикл 0.00; выбрано: историческая производительность; страховой запас 0%"
70,КО Сыроварня,non_kfm,2026-09-14,16,16:00-17:00,low,block_12_18,auto,0.06,0.46,25.16,,,1.09,0.0,0.0,0.0,1.0,0,history,time_segment_shift_history,missing_cycle_time,global_hour,global_hour,"Нужно 0 кур.; прогноз 0.1 заказа/ч; окно block_12_18: история 0.00, цикл 0.00; выбрано: историческая производительность; страховой запас 0%"
70,КО Сыроварня,non_kfm,2026-09-14,17,17:00-18:00,low,block_12_18,auto,0.06,0.46,27.66,,,1.09,0.0,0.0,0.0,1.0,0,history,time_segment_shift_history,missing_cycle_time,global_hour,global_hour,"Нужно 0 кур.; прогноз 0.1 заказа/ч; окно block_12_18: история 0.00, цикл 0.00; выбрано: историческая производительность; страховой запас 0%"
70,КО Сыроварня,non_kfm,2026-09-14,18,18:00-19:00,low,block_18_24,auto,0.08,0.35,27.41,,,1.15,0.0,0.0,0.0,1.0,0,history,time_segment_shift_history,missing_cycle_time,global_hour,global_hour,"Нужно 0 кур.; прогноз 0.1 заказа/ч; окно block_18_24: история 0.00, цикл 0.00; выбрано: историческая производительность; страховой запас 0%"
70,КО Сыроварня,non_kfm,2026-09-14,19,19:00-20:00,low,block_18_24,auto,0.08,0.35,26.64,,,1.15,0.0,0.0,0.0,1.0,0,history,time_segment_shift_history,missing_cycle_time,global_hour,global_hour,"Нужно 0 кур.; прогноз 0.1 заказа/ч; окно block_18_24: история 0.00, цикл 0.00; выбрано: историческая производительность; страховой запас 0%"
70,КО Сыроварня,non_kfm,2026-09-14,20,20:00-21:00,low,block_18_24,auto,0.07,0.35,23.12,,,1.15,0.0,0.0,0.0,1.0,0,history,time_segment_shift_history,missing_cycle_time,global_hour,global_hour,"Нужно 0 кур.; прогноз 0.1 заказа/ч; окно block_18_24: история 0.00, цикл 0.00; выбрано: историческая производительность; страховой запас 0%"
70,КО Сыроварня,non_kfm,2026-09-14,21,21:00-22:00,low,block_18_24,auto,0.06,0.35,21.83,,,1.15,0.0,0.0,0.0,1.0,0,history,time_segment_shift_history,missing_cycle_time,global_hour,global_hour,"Нужно 0 кур.; прогноз 0.1 заказа/ч; окно block_18_24: история 0.00, цикл 0.00; выбрано: историческая производительность; страховой запас 0%"
70,КО Сыроварня,non_kfm,2026-09-14,12,12:00-13:00,low,block_12_18,bike,0.04,0.17,10.37,,,2.83,0.0,0.0,0.0,1.0,0,history,time_segment_shift_history,missing_cycle_time,global_hour,global_hour,"Нужно 0 кур.; прогноз 0.0 заказа/ч; окно block_12_18: история 0.00, цикл 0.00; выбрано: историческая производительность; страховой запас 0%"
70,КО Сыроварня,non_kfm,2026-09-14,13,13:00-14:00,low,block_12_18,bike,0.04,0.17,10.39,,,2.83,0.0,0.0,0.0,1.0,0,history,time_segment_shift_history,missing_cycle_time,global_hour,global_hour,"Нужно 0 кур.; прогноз 0.0 заказа/ч; окно block_12_18: история 0.00, цикл 0.00; выбрано: историческая производительность; страховой запас 0%"
70,КО Сыроварня,non_kfm,2026-09-14,14,14:00-15:00,low,block_12_18,bike,0.03,0.17,10.2,,,2.83,0.0,0.0,0.0,1.0,0,history,time_segment_shift_history,missing_cycle_time,global_hour,global_hour,"Нужно 0 кур.; прогноз 0.0 заказа/ч; окно block_12_18: история 0.00, цикл 0.00; выбрано: историческая производительность; страховой запас 0%"
70,КО Сыроварня,non_kfm,2026-09-14,15,15:00-16:00,low,block_12_18,bike,0.03,0.17,10.75,,,2.83,0.0,0.0,0.0,1.0,0,history,time_segment_shift_history,missing_cycle_time,global_hour,global_hour,"Нужно 0 кур.; прогноз 0.0 заказа/ч; окно block_12_18: история 0.00, цикл 0.00; выбрано: историческая производительность; страховой запас 0%"
70,КО Сыроварня,non_kfm,2026-09-14,16,16:00-17:00,low,block_12_18,bike,0.02,0.17,11.02,,,2.83,0.0,0.0,0.0,1.0,0,history,time_segment_shift_history,missing_cycle_time,global_hour,global_hour,"Нужно 0 кур.; прогноз 0.0 заказа/ч; окно block_12_18: история 0.00, цикл 0.00; выбрано: историческая производительность; страховой запас 0%"
70,КО Сыроварня,non_kfm,2026-09-14,17,17:00-18:00,low,block_12_18,bike,0.02,0.17,10.83,,,2.83,0.0,0.0,0.0,1.0,0,history,time_segment_shift_history,missing_cycle_time,global_hour,global_hour,"Нужно 0 кур.; прогноз 0.0 заказа/ч; окно block_12_18: история 0.00, цикл 0.00; выбрано: историческая производительность; страховой запас 0%"
70,КО Сыроварня,non_kfm,2026-09-14,18,18:00-19:00,low,block_18_24,bike,0.05,0.21,11.1,,,2.05,0.0,0.0,0.0,1.0,0,history,time_segment_shift_history,missing_cycle_time,global_hour,global_hour,"Нужно 0 кур.; прогноз 0.0 заказа/ч; окно block_18_24: история 0.00, цикл 0.00; выбрано: историческая производительность; страховой запас 0%"
70,КО Сыроварня,non_kfm,2026-09-14,19,19:00-20:00,low,block_18_24,bike,0.05,0.21,10.71,,,2.05,0.0,0.0,0.0,1.0,0,history,time_segment_shift_history,missing_cycle_time,global_hour,global_hour,"Нужно 0 кур.; прогноз 0.0 заказа/ч; окно block_18_24: история 0.00, цикл 0.00; выбрано: историческая производительность; страховой запас 0%"
70,КО Сыроварня,non_kfm,2026-09-14,20,20:00-21:00,low,block_18_24,bike,0.04,0.21,10.4,,,2.05,0.0,0.0,0.0,1.0,0,history,time_segment_shift_history,missing_cycle_time,global_hour,global_hour,"Нужно 0 кур.; прогноз 0.0 заказа/ч; окно block_18_24: история 0.00, цикл 0.00; выбрано: историческая производительность; страховой запас 0%"
70,КО Сыроварня,non_kfm,2026-09-14,21,21:00-22:00,low,block_18_24,bike,0.03,0.21,9.94,,,2.05,0.0,0.0,0.0,1.0,0,history,time_segment_shift_history,missing_cycle_time,global_hour,global_hour,"Нужно 0 кур.; прогноз 0.0 заказа/ч; окно block_18_24: история 0.00, цикл 0.00; выбрано: историческая производительность; страховой запас 0%"
71,КО Medusa,non_kfm,2026-09-14,12,12:00-13:00,low,block_12_18,auto,0.09,0.44,23.54,,,1.09,0.0,0.0,0.0,1.0,0,history,time_segment_shift_history,missing_cycle_time,global_hour,global_hour,"Нужно 0 кур.; прогноз 0.1 заказа/ч; окно block_12_18: история 0.00, цикл 0.00; выбрано: историческая производительность; страховой запас 0%"
71,КО Medusa,non_kfm,2026-09-14,13,13:00-14:00,low,block_12_18,auto,0.09,0.44,23.55,,,1.09,0.0,0.0,0.0,1.0,0,history,time_segment_shift_history,missing_cycle_time,global_hour,global_hour,"Нужно 0 кур.; прогноз 0.1 заказа/ч; окно block_12_18: история 0.00, цикл 0.00; выбрано: историческая производительность; страховой запас 0%"
71,КО Medusa,non_kfm,2026-09-14,14,14:00-15:00,low,block_12_18,auto,0.08,0.44,24.06,,,1.09,0.0,0.0,0.0,1.0,0,history,time_segment_shift_history,missing_cycle_time,global_hour,global_hour,"Нужно 0 кур.; прогноз 0.1 заказа/ч; окно block_12_18: история 0.00, цикл 0.00; выбрано: историческая производительность; страховой запас 0%"
71,КО Medusa,non_kfm,2026-09-14,15,15:00-16:00,low,block_12_18,auto,0.07,0.44,24.51,,,1.09,0.0,0.0,0.0,1.0,0,history,time_segment_shift_history,missing_cycle_time,global_hour,global_hour,"Нужно 0 кур.; прогноз 0.1 заказа/ч; окно block_12_18: история 0.00, цикл 0.00; выбрано: историческая производительность; страховой запас 0%"
71,КО Medusa,non_kfm,2026-09-14,16,16:00-17:00,low,block_12_18,auto,0.06,0.44,25.16,,,1.09,0.0,0.0,0.0,1.0,0,history,time_segment_shift_history,missing_cycle_time,global_hour,global_hour,"Нужно 0 кур.; прогноз 0.1 заказа/ч; окно block_12_18: история 0.00, цикл 0.00; выбрано: историческая производительность; страховой запас 0%"
71,КО Medusa,non_kfm,2026-09-14,17,17:00-18:00,low,block_12_18,auto,0.05,0.44,27.66,,,1.09,0.0,0.0,0.0,1.0,0,history,time_segment_shift_history,missing_cycle_time,global_hour,global_hour,"Нужно 0 кур.; прогноз 0.1 заказа/ч; окно block_12_18: история 0.00, цикл 0.00; выбрано: историческая производительность; страховой запас 0%"
71,КО Medusa,non_kfm,2026-09-14,18,18:00-19:00,low,block_18_24,auto,0.11,0.45,27.41,,,1.15,0.0,0.0,0.0,1.0,0,history,time_segment_shift_history,missing_cycle_time,global_hour,global_hour,"Нужно 0 кур.; прогноз 0.1 заказа/ч; окно block_18_24: история 0.00, цикл 0.00; выбрано: историческая производительность; страховой запас 0%"
71,КО Medusa,non_kfm,2026-09-14,19,19:00-20:00,low,block_18_24,auto,0.11,0.45,26.64,,,1.15,0.0,0.0,0.0,1.0,0,history,time_segment_shift_history,missing_cycle_time,global_hour,global_hour,"Нужно 0 кур.; прогноз 0.1 заказа/ч; окно block_18_24: история 0.00, цикл 0.00; выбрано: историческая производительность; страховой запас 0%"
71,КО Medusa,non_kfm,2026-09-14,20,20:00-21:00,low,block_18_24,auto,0.1,0.45,23.12,,,1.15,0.0,0.0,0.0,1.0,0,history,time_segment_shift_history,missing_cycle_time,global_hour,global_hour,"Нужно 0 кур.; прогноз 0.1 заказа/ч; окно block_18_24: история 0.00, цикл 0.00; выбрано: историческая производительность; страховой запас 0%"
71,КО Medusa,non_kfm,2026-09-14,21,21:00-22:00,low,block_18_24,auto,0.07,0.45,21.83,,,1.15,0.0,0.0,0.0,1.0,0,history,time_segment_shift_history,missing_cycle_time,global_hour,global_hour,"Нужно 0 кур.; прогноз 0.1 заказа/ч; окно block_18_24: история 0.00, цикл 0.00; выбрано: историческая производительность; страховой запас 0%"
71,КО Medusa,non_kfm,2026-09-14,22,22:00-23:00,low,block_18_24,auto,0.04,0.45,16.14,,,1.15,0.0,0.0,0.0,1.0,0,history,time_segment_shift_history,missing_cycle_time,global_hour,global_hour,"Нужно 0 кур.; прогноз 0.0 заказа/ч; окно block_18_24: история 0.00, цикл 0.00; выбрано: историческая производительность; страховой запас 0%"
71,КО Medusa,non_kfm,2026-09-14,12,12:00-13:00,low,block_12_18,bike,0.03,0.17,10.37,,,2.83,0.0,0.0,0.0,1.0,0,history,time_segment_shift_history,missing_cycle_time,global_hour,global_hour,"Нужно 0 кур.; прогноз 0.0 заказа/ч; окно block_12_18: история 0.00, цикл 0.00; выбрано: историческая производительность; страховой запас 0%"
71,КО Medusa,non_kfm,2026-09-14,13,13:00-14:00,low,block_12_18,bike,0.03,0.17,10.39,,,2.83,0.0,0.0,0.0,1.0,0,history,time_segment_shift_history,missing_cycle_time,global_hour,global_hour,"Нужно 0 кур.; прогноз 0.0 заказа/ч; окно block_12_18: история 0.00, цикл 0.00; выбрано: историческая производительность; страховой запас 0%"
71,КО Medusa,non_kfm,2026-09-14,14,14:00-15:00,low,block_12_18,bike,0.03,0.17,10.2,,,2.83,0.0,0.0,0.0,1.0,0,history,time_segment_shift_history,missing_cycle_time,global_hour,global_hour,"Нужно 0 кур.; прогноз 0.0 заказа/ч; окно block_12_18: история 0.00, цикл 0.00; выбрано: историческая производительность; страховой запас 0%"
71,КО Medusa,non_kfm,2026-09-14,15,15:00-16:00,low,block_12_18,bike,0.03,0.17,10.75,,,2.83,0.0,0.0,0.0,1.0,0,history,time_segment_shift_history,missing_cycle_time,global_hour,global_hour,"Нужно 0 кур.; прогноз 0.0 заказа/ч; окно block_12_18: история 0.00, цикл 0.00; выбрано: историческая производительность; страховой запас 0%"
71,КО Medusa,non_kfm,2026-09-14,16,16:00-17:00,low,block_12_18,bike,0.02,0.17,11.02,,,2.83,0.0,0.0,0.0,1.0,0,history,time_segment_shift_history,missing_cycle_time,global_hour,global_hour,"Нужно 0 кур.; прогноз 0.0 заказа/ч; окно block_12_18: история 0.00, цикл 0.00; выбрано: историческая производительность; страховой запас 0%"
71,КО Medusa,non_kfm,2026-09-14,17,17:00-18:00,low,block_12_18,bike,0.02,0.17,10.83,,,2.83,0.0,0.0,0.0,1.0,0,history,time_segment_shift_history,missing_cycle_time,global_hour,global_hour,"Нужно 0 кур.; прогноз 0.0 заказа/ч; окно block_12_18: история 0.00, цикл 0.00; выбрано: историческая производительность; страховой запас 0%"
71,КО Medusa,non_kfm,2026-09-14,18,18:00-19:00,low,block_18_24,bike,0.06,0.27,11.1,,,2.05,0.0,0.0,0.0,1.0,0,history,time_segment_shift_history,missing_cycle_time,global_hour,global_hour,"Нужно 0 кур.; прогноз 0.1 заказа/ч; окно block_18_24: история 0.00, цикл 0.00; выбрано: историческая производительность; страховой запас 0%"
71,КО Medusa,non_kfm,2026-09-14,19,19:00-20:00,low,block_18_24,bike,0.06,0.27,10.71,,,2.05,0.0,0.0,0.0,1.0,0,history,time_segment_shift_history,missing_cycle_time,global_hour,global_hour,"Нужно 0 кур.; прогноз 0.1 заказа/ч; окно block_18_24: история 0.00, цикл 0.00; выбрано: историческая производительность; страховой запас 0%"
71,КО Medusa,non_kfm,2026-09-14,20,20:00-21:00,low,block_18_24,bike,0.06,0.27,10.4,,,2.05,0.0,0.0,0.0,1.0,0,history,time_segment_shift_history,missing_cycle_time,global_hour,global_hour,"Нужно 0 кур.; прогноз 0.1 заказа/ч; окно block_18_24: история 0.00, цикл 0.00; выбрано: историческая производительность; страховой запас 0%"
71,КО Medusa,non_kfm,2026-09-14,21,21:00-22:00,low,block_18_24,bike,0.04,0.27,9.94,,,2.05,0.0,0.0,0.0,1.0,0,history,time_segment_shift_history,missing_cycle_time,global_hour,global_hour,"Нужно 0 кур.; прогноз 0.0 заказа/ч; окно block_18_24: история 0.00, цикл 0.00; выбрано: историческая производительность; страховой запас 0%"
71,КО Medusa,non_kfm,2026-09-14,22,22:00-23:00,low,block_18_24,bike,0.03,0.27,9.8,,,2.05,0.0,0.0,0.0,1.0,0,history,time_segment_shift_history,missing_cycle_time,global_hour,global_hour,"Нужно 0 кур.; прогноз 0.0 заказа/ч; окно block_18_24: история 0.00, цикл 0.00; выбрано: историческая производительность; страховой запас 0%"
72,КО Магадан,non_kfm,2026-09-14,12,12:00-13:00,low,block_12_18,auto,0.08,0.38,23.17,,,1.09,0.0,0.0,0.0,1.0,0,history,time_segment_shift_history,missing_cycle_time,global_hour,location_hour,"Нужно 0 кур.; прогноз 0.1 заказа/ч; окно block_12_18: история 0.00, цикл 0.00; выбрано: историческая производительность; страховой запас 0%"
72,КО Магадан,non_kfm,2026-09-14,13,13:00-14:00,low,block_12_18,auto,0.08,0.38,21.36,,,1.09,0.0,0.0,0.0,1.0,0,history,time_segment_shift_history,missing_cycle_time,global_hour,location_hour,"Нужно 0 кур.; прогноз 0.1 заказа/ч; окно block_12_18: история 0.00, цикл 0.00; выбрано: историческая производительность; страховой запас 0%"
72,КО Магадан,non_kfm,2026-09-14,14,14:00-15:00,low,block_12_18,auto,0.07,0.38,16.03,,,1.09,0.0,0.0,0.0,1.0,0,history,time_segment_shift_history,missing_cycle_time,global_hour,location_hour,"Нужно 0 кур.; прогноз 0.1 заказа/ч; окно block_12_18: история 0.00, цикл 0.00; выбрано: историческая производительность; страховой запас 0%"
72,КО Магадан,non_kfm,2026-09-14,15,15:00-16:00,low,block_12_18,auto,0.06,0.38,11.93,,,1.09,0.0,0.0,0.0,1.0,0,history,time_segment_shift_history,missing_cycle_time,global_hour,location_hour,"Нужно 0 кур.; прогноз 0.1 заказа/ч; окно block_12_18: история 0.00, цикл 0.00; выбрано: историческая производительность; страховой запас 0%"
72,КО Магадан,non_kfm,2026-09-14,16,16:00-17:00,low,block_12_18,auto,0.05,0.38,24.94,,,1.09,0.0,0.0,0.0,1.0,0,history,time_segment_shift_history,missing_cycle_time,global_hour,location_hour,"Нужно 0 кур.; прогноз 0.0 заказа/ч; окно block_12_18: история 0.00, цикл 0.00; выбрано: историческая производительность; страховой запас 0%"
72,КО Магадан,non_kfm,2026-09-14,17,17:00-18:00,low,block_12_18,auto,0.05,0.38,27.66,,,1.09,0.0,0.0,0.0,1.0,0,history,time_segment_shift_history,missing_cycle_time,global_hour,global_hour,"Нужно 0 кур.; прогноз 0.0 заказа/ч; окно block_12_18: история 0.00, цикл 0.00; выбрано: историческая производительность; страховой запас 0%"
72,КО Магадан,non_kfm,2026-09-14,18,18:00-19:00,low,block_18_24,auto,0.07,0.31,30.15,,,1.15,0.0,0.0,0.0,1.0,0,history,time_segment_shift_history,missing_cycle_time,global_hour,location_hour,"Нужно 0 кур.; прогноз 0.1 заказа/ч; окно block_18_24: история 0.00, цикл 0.00; выбрано: историческая производительность; страховой запас 0%"
72,КО Магадан,non_kfm,2026-09-14,19,19:00-20:00,low,block_18_24,auto,0.07,0.31,26.64,,,1.15,0.0,0.0,0.0,1.0,0,history,time_segment_shift_history,missing_cycle_time,global_hour,global_hour,"Нужно 0 кур.; прогноз 0.1 заказа/ч; окно block_18_24: история 0.00, цикл 0.00; выбрано: историческая производительность; страховой запас 0%"
72,КО Магадан,non_kfm,2026-09-14,20,20:00-21:00,low,block_18_24,auto,0.07,0.31,23.12,,,1.15,0.0,0.0,0.0,1.0,0,history,time_segment_shift_history,missing_cycle_time,global_hour,global_hour,"Нужно 0 кур.; прогноз 0.1 заказа/ч; окно block_18_24: история 0.00, цикл 0.00; выбрано: историческая производительность; страховой запас 0%"
72,КО Магадан,non_kfm,2026-09-14,21,21:00-22:00,low,block_18_24,auto,0.05,0.31,21.83,,,1.15,0.0,0.0,0.0,1.0,0,history,time_segment_shift_history,missing_cycle_time,global_hour,global_hour,"Нужно 0 кур.; прогноз 0.0 заказа/ч; окно block_18_24: история 0.00, цикл 0.00; выбрано: историческая производительность; страховой запас 0%"
72,КО Магадан,non_kfm,2026-09-14,22,22:00-23:00,low,block_18_24,auto,0.03,0.31,36.2,,,1.15,0.0,0.0,0.0,1.0,0,history,time_segment_shift_history,missing_cycle_time,global_hour,location_hour,"Нужно 0 кур.; прогноз 0.0 заказа/ч; окно block_18_24: история 0.00, цикл 0.00; выбрано: историческая производительность; страховой запас 0%"
72,КО Магадан,non_kfm,2026-09-14,12,12:00-13:00,low,block_12_18,bike,0.03,0.14,10.37,,,2.83,0.0,0.0,0.0,1.0,0,history,time_segment_shift_history,missing_cycle_time,global_hour,global_hour,"Нужно 0 кур.; прогноз 0.0 заказа/ч; окно block_12_18: история 0.00, цикл 0.00; выбрано: историческая производительность; страховой запас 0%"
72,КО Магадан,non_kfm,2026-09-14,13,13:00-14:00,low,block_12_18,bike,0.03,0.14,10.39,,,2.83,0.0,0.0,0.0,1.0,0,history,time_segment_shift_history,missing_cycle_time,global_hour,global_hour,"Нужно 0 кур.; прогноз 0.0 заказа/ч; окно block_12_18: история 0.00, цикл 0.00; выбрано: историческая производительность; страховой запас 0%"
72,КО Магадан,non_kfm,2026-09-14,14,14:00-15:00,low,block_12_18,bike,0.03,0.14,10.2,,,2.83,0.0,0.0,0.0,1.0,0,history,time_segment_shift_history,missing_cycle_time,global_hour,global_hour,"Нужно 0 кур.; прогноз 0.0 заказа/ч; окно block_12_18: история 0.00, цикл 0.00; выбрано: историческая производительность; страховой запас 0%"
72,КО Магадан,non_kfm,2026-09-14,15,15:00-16:00,low,block_12_18,bike,0.02,0.14,10.75,,,2.83,0.0,0.0,0.0,1.0,0,history,time_segment_shift_history,missing_cycle_time,global_hour,global_hour,"Нужно 0 кур.; прогноз 0.0 заказа/ч; окно block_12_18: история 0.00, цикл 0.00; выбрано: историческая производительность; страховой запас 0%"
72,КО Магадан,non_kfm,2026-09-14,16,16:00-17:00,low,block_12_18,bike,0.02,0.14,11.02,,,2.83,0.0,0.0,0.0,1.0,0,history,time_segment_shift_history,missing_cycle_time,global_hour,global_hour,"Нужно 0 кур.; прогноз 0.0 заказа/ч; окно block_12_18: история 0.00, цикл 0.00; выбрано: историческая производительность; страховой запас 0%"
72,КО Магадан,non_kfm,2026-09-14,17,17:00-18:00,low,block_12_18,bike,0.02,0.14,10.83,,,2.83,0.0,0.0,0.0,1.0,0,history,time_segment_shift_history,missing_cycle_time,global_hour,global_hour,"Нужно 0 кур.; прогноз 0.0 заказа/ч; окно block_12_18: история 0.00, цикл 0.00; выбрано: историческая производительность; страховой запас 0%"
72,КО Магадан,non_kfm,2026-09-14,18,18:00-19:00,low,block_18_24,bike,0.04,0.19,11.1,,,2.05,0.0,0.0,0.0,1.0,0,history,time_segment_shift_history,missing_cycle_time,global_hour,global_hour,"Нужно 0 кур.; прогноз 0.0 заказа/ч; окно block_18_24: история 0.00, цикл 0.00; выбрано: историческая производительность; страховой запас 0%"
72,КО Магадан,non_kfm,2026-09-14,19,19:00-20:00,low,block_18_24,bike,0.04,0.19,12.57,,,2.05,0.0,0.0,0.0,1.0,0,history,time_segment_shift_history,missing_cycle_time,global_hour,location_hour,"Нужно 0 кур.; прогноз 0.0 заказа/ч; окно block_18_24: история 0.00, цикл 0.00; выбрано: историческая производительность; страховой запас 0%"
72,КО Магадан,non_kfm,2026-09-14,20,20:00-21:00,low,block_18_24,bike,0.04,0.19,10.4,,,2.05,0.0,0.0,0.0,1.0,0,history,time_segment_shift_history,missing_cycle_time,global_hour,global_hour,"Нужно 0 кур.; прогноз 0.0 заказа/ч; окно block_18_24: история 0.00, цикл 0.00; выбрано: историческая производительность; страховой запас 0%"
72,КО Магадан,non_kfm,2026-09-14,21,21:00-22:00,low,block_18_24,bike,0.03,0.19,9.94,,,2.05,0.0,0.0,0.0,1.0,0,history,time_segment_shift_history,missing_cycle_time,global_hour,global_hour,"Нужно 0 кур.; прогноз 0.0 заказа/ч; окно block_18_24: история 0.00, цикл 0.00; выбрано: историческая производительность; страховой запас 0%"
72,КО Магадан,non_kfm,2026-09-14,22,22:00-23:00,low,block_18_24,bike,0.02,0.19,9.8,,,2.05,0.0,0.0,0.0,1.0,0,history,time_segment_shift_history,missing_cycle_time,global_hour,global_hour,"Нужно 0 кур.; прогноз 0.0 заказа/ч; окно block_18_24: история 0.00, цикл 0.00; выбрано: историческая производительность; страховой запас 0%"
8,Усачева,kfm,2026-09-14,8,08:00-09:00,mega,early_morning,auto,0.84,0.84,22.83,,,1.3,0.64,0.0,0.64,1.0,1,history,segment_shift_history,missing_cycle_time,location_hour,location_hour,"Нужно 1 кур.; прогноз 0.8 заказа/ч; окно early_morning: история 0.64, цикл 0.00; выбрано: историческая производительность; страховой запас 0%"
8,Усачева,kfm,2026-09-14,9,09:00-10:00,mega,morning,auto,0.99,1.74,26.8,,,1.04,0.83,0.0,0.83,1.0,1,history,segment_shift_history,missing_cycle_time,location_hour,location_hour,"Нужно 1 кур.; прогноз 1.0 заказа/ч; окно morning: история 0.83, цикл 0.00; выбрано: историческая производительность; страховой запас 0%"
8,Усачева,kfm,2026-09-14,10,10:00-11:00,mega,morning,auto,0.76,1.74,31.54,,,1.04,0.83,0.0,0.83,1.0,1,history,segment_shift_history,missing_cycle_time,location_hour,location_hour,"Нужно 1 кур.; прогноз 0.8 заказа/ч; окно morning: история 0.83, цикл 0.00; выбрано: историческая производительность; страховой запас 0%"
8,Усачева,kfm,2026-09-14,11,11:00-12:00,mega,lunch,auto,1.0,3.83,29.06,,,1.1,0.87,0.0,0.87,1.0,1,history,segment_shift_history,missing_cycle_time,location_hour,location_hour,"Нужно 1 кур.; прогноз 1.0 заказа/ч; окно lunch: история 0.87, цикл 0.00; выбрано: историческая производительность; страховой запас 0%"
8,Усачева,kfm,2026-09-14,12,12:00-13:00,mega,lunch,auto,0.99,3.83,31.57,,,1.1,0.87,0.0,0.87,1.0,1,history,segment_shift_history,missing_cycle_time,location_hour,location_hour,"Нужно 1 кур.; прогноз 1.0 заказа/ч; окно lunch: история 0.87, цикл 0.00; выбрано: историческая производительность; страховой запас 0%"
8,Усачева,kfm,2026-09-14,13,13:00-14:00,mega,lunch,auto,1.04,3.83,31.24,,,1.1,0.87,0.0,0.87,1.0,1,history,segment_shift_history,missing_cycle_time,location_hour,location_hour,"Нужно 1 кур.; прогноз 1.0 заказа/ч; окно lunch: история 0.87, цикл 0.00; выбрано: историческая производительность; страховой запас 0%"
8,Усачева,kfm,2026-09-14,14,14:00-15:00,mega,lunch,auto,0.8,3.83,28.22,,,1.1,0.87,0.0,0.87,1.0,1,history,segment_shift_history,missing_cycle_time,location_hour,location_hour,"Нужно 1 кур.; прогноз 0.8 заказа/ч; окно lunch: история 0.87, цикл 0.00; выбрано: историческая производительность; страховой запас 0%"
8,Усачева,kfm,2026-09-14,15,15:00-16:00,mega,afternoon,auto,0.91,1.98,33.25,,,1.01,0.65,0.0,0.65,1.0,1,history,segment_shift_history,missing_cycle_time,location_hour,location_hour,"Нужно 1 кур.; прогноз 0.9 заказа/ч; окно afternoon: история 0.65, цикл 0.00; выбрано: историческая производительность; страховой запас 0%"
8,Усачева,kfm,2026-09-14,16,16:00-17:00,mega,afternoon,auto,0.64,1.98,31.56,,,1.01,0.65,0.0,0.65,1.0,1,history,segment_shift_history,missing_cycle_time,location_hour,location_hour,"Нужно 1 кур.; прогноз 0.6 заказа/ч; окно afternoon: история 0.65, цикл 0.00; выбрано: историческая производительность; страховой запас 0%"
8,Усачева,kfm,2026-09-14,17,17:00-18:00,mega,afternoon,auto,0.44,1.98,37.59,,,1.01,0.65,0.0,0.65,1.0,1,history,segment_shift_history,missing_cycle_time,location_hour,location_hour,"Нужно 1 кур.; прогноз 0.4 заказа/ч; окно afternoon: история 0.65, цикл 0.00; выбрано: историческая производительность; страховой запас 0%"
8,Усачева,kfm,2026-09-14,18,18:00-19:00,mega,dinner,auto,0.6,1.91,34.77,,,0.97,0.65,0.0,0.65,1.0,1,history,segment_shift_history,missing_cycle_time,location_hour,location_hour,"Нужно 1 кур.; прогноз 0.6 заказа/ч; окно dinner: история 0.65, цикл 0.00; выбрано: историческая производительность; страховой запас 0%"
8,Усачева,kfm,2026-09-14,19,19:00-20:00,mega,dinner,auto,0.68,1.91,31.04,,,0.97,0.65,0.0,0.65,1.0,1,history,segment_shift_history,missing_cycle_time,location_hour,location_hour,"Нужно 1 кур.; прогноз 0.7 заказа/ч; окно dinner: история 0.65, цикл 0.00; выбрано: историческая производительность; страховой запас 0%"
8,Усачева,kfm,2026-09-14,20,20:00-21:00,mega,dinner,auto,0.62,1.91,20.18,,,0.97,0.65,0.0,0.65,1.0,1,history,segment_shift_history,missing_cycle_time,location_hour,location_hour,"Нужно 1 кур.; прогноз 0.6 заказа/ч; окно dinner: история 0.65, цикл 0.00; выбрано: историческая производительность; страховой запас 0%"
8,Усачева,kfm,2026-09-14,21,21:00-22:00,mega,late_evening,auto,0.49,0.91,12.54,,,0.79,0.38,0.0,0.38,1.0,0,history,segment_shift_history,missing_cycle_time,location_hour,location_hour,"Нужно 0 кур.; прогноз 0.5 заказа/ч; окно late_evening: история 0.38, цикл 0.00; выбрано: историческая производительность; страховой запас 0%"
8,Усачева,kfm,2026-09-14,22,22:00-23:00,mega,late_evening,auto,0.29,0.91,11.22,,,0.79,0.38,0.0,0.38,1.0,0,history,segment_shift_history,missing_cycle_time,location_hour,location_hour,"Нужно 0 кур.; прогноз 0.3 заказа/ч; окно late_evening: история 0.38, цикл 0.00; выбрано: историческая производительность; страховой запас 0%"
8,Усачева,kfm,2026-09-14,23,23:00-24:00,mega,late_evening,auto,0.13,0.91,12.39,,,0.79,0.38,0.0,0.38,1.0,0,history,segment_shift_history,missing_cycle_time,location_hour,location_hour,"Нужно 0 кур.; прогноз 0.1 заказа/ч; окно late_evening: история 0.38, цикл 0.00; выбрано: историческая производительность; страховой запас 0%"
8,Усачева,kfm,2026-09-14,8,08:00-09:00,mega,early_morning,bike,6.04,6.04,10.59,,,2.74,2.2,0.0,2.2,1.0,2,history,location_shift_history,missing_cycle_time,location_hour,location_hour,"Нужно 2 кур.; прогноз 6.0 заказа/ч; окно early_morning: история 2.20, цикл 0.00; выбрано: историческая производительность; страховой запас 0%"
8,Усачева,kfm,2026-09-14,9,09:00-10:00,mega,morning,bike,7.11,12.55,10.4,,,3.16,1.98,0.0,1.98,1.0,2,history,location_shift_history,missing_cycle_time,location_hour,location_hour,"Нужно 2 кур.; прогноз 7.1 заказа/ч; окно morning: история 1.98, цикл 0.00; выбрано: историческая производительность; страховой запас 0%"
8,Усачева,kfm,2026-09-14,10,10:00-11:00,mega,morning,bike,5.44,12.55,10.78,,,3.16,1.98,0.0,1.98,1.0,2,history,location_shift_history,missing_cycle_time,location_hour,location_hour,"Нужно 2 кур.; прогноз 5.4 заказа/ч; окно morning: история 1.98, цикл 0.00; выбрано: историческая производительность; страховой запас 0%"
8,Усачева,kfm,2026-09-14,11,11:00-12:00,mega,lunch,bike,7.23,27.59,10.36,,,2.94,2.35,0.0,2.35,1.0,2,history,location_shift_history,missing_cycle_time,location_hour,location_hour,"Нужно 2 кур.; прогноз 7.2 заказа/ч; окно lunch: история 2.35, цикл 0.00; выбрано: историческая производительность; страховой запас 0%"
8,Усачева,kfm,2026-09-14,12,12:00-13:00,mega,lunch,bike,7.13,27.59,10.55,,,2.94,2.35,0.0,2.35,1.0,2,history,location_shift_history,missing_cycle_time,location_hour,location_hour,"Нужно 2 кур.; прогноз 7.1 заказа/ч; окно lunch: история 2.35, цикл 0.00; выбрано: историческая производительность; страховой запас 0%"
8,Усачева,kfm,2026-09-14,13,13:00-14:00,mega,lunch,bike,7.48,27.59,11.31,,,2.94,2.35,0.0,2.35,1.0,2,history,location_shift_history,missing_cycle_time,location_hour,location_hour,"Нужно 2 кур.; прогноз 7.5 заказа/ч; окно lunch: история 2.35, цикл 0.00; выбрано: историческая производительность; страховой запас 0%"
8,Усачева,kfm,2026-09-14,14,14:00-15:00,mega,lunch,bike,5.75,27.59,10.61,,,2.94,2.35,0.0,2.35,1.0,2,history,location_shift_history,missing_cycle_time,location_hour,location_hour,"Нужно 2 кур.; прогноз 5.8 заказа/ч; окно lunch: история 2.35, цикл 0.00; выбрано: историческая производительность; страховой запас 0%"
8,Усачева,kfm,2026-09-14,15,15:00-16:00,mega,afternoon,bike,6.57,14.29,10.29,,,2.6,1.83,0.0,1.83,1.0,2,history,location_shift_history,missing_cycle_time,location_hour,location_hour,"Нужно 2 кур.; прогноз 6.6 заказа/ч; окно afternoon: история 1.83, цикл 0.00; выбрано: историческая производительность; страховой запас 0%"
8,Усачева,kfm,2026-09-14,16,16:00-17:00,mega,afternoon,bike,4.58,14.29,10.53,,,2.6,1.83,0.0,1.83,1.0,2,history,location_shift_history,missing_cycle_time,location_hour,location_hour,"Нужно 2 кур.; прогноз 4.6 заказа/ч; окно afternoon: история 1.83, цикл 0.00; выбрано: историческая производительность; страховой запас 0%"
8,Усачева,kfm,2026-09-14,17,17:00-18:00,mega,afternoon,bike,3.15,14.29,11.14,,,2.6,1.83,0.0,1.83,1.0,2,history,location_shift_history,missing_cycle_time,location_hour,location_hour,"Нужно 2 кур.; прогноз 3.1 заказа/ч; окно afternoon: история 1.83, цикл 0.00; выбрано: историческая производительность; страховой запас 0%"
8,Усачева,kfm,2026-09-14,18,18:00-19:00,mega,dinner,bike,4.35,13.74,11.23,,,2.22,2.06,0.0,2.06,1.0,2,history,segment_shift_history,missing_cycle_time,location_hour,location_hour,"Нужно 2 кур.; прогноз 4.3 заказа/ч; окно dinner: история 2.06, цикл 0.00; выбрано: историческая производительность; страховой запас 0%"
8,Усачева,kfm,2026-09-14,19,19:00-20:00,mega,dinner,bike,4.9,13.74,10.42,,,2.22,2.06,0.0,2.06,1.0,2,history,segment_shift_history,missing_cycle_time,location_hour,location_hour,"Нужно 2 кур.; прогноз 4.9 заказа/ч; окно dinner: история 2.06, цикл 0.00; выбрано: историческая производительность; страховой запас 0%"
8,Усачева,kfm,2026-09-14,20,20:00-21:00,mega,dinner,bike,4.49,13.74,11.36,,,2.22,2.06,0.0,2.06,1.0,2,history,segment_shift_history,missing_cycle_time,location_hour,location_hour,"Нужно 2 кур.; прогноз 4.5 заказа/ч; окно dinner: история 2.06, цикл 0.00; выбрано: историческая производительность; страховой запас 0%"
8,Усачева,kfm,2026-09-14,21,21:00-22:00,mega,late_evening,bike,3.52,6.53,11.62,,,1.9,1.14,0.0,1.14,1.0,2,history,segment_shift_history,missing_cycle_time,location_hour,location_hour,"Нужно 2 кур.; прогноз 3.5 заказа/ч; окно late_evening: история 1.14, цикл 0.00; выбрано: историческая производительность; страховой запас 0%"
8,Усачева,kfm,2026-09-14,22,22:00-23:00,mega,late_evening,bike,2.07,6.53,10.36,,,1.9,1.14,0.0,1.14,1.0,2,history,segment_shift_history,missing_cycle_time,location_hour,location_hour,"Нужно 2 кур.; прогноз 2.1 заказа/ч; окно late_evening: история 1.14, цикл 0.00; выбрано: историческая производительность; страховой запас 0%"
8,Усачева,kfm,2026-09-14,23,23:00-24:00,mega,late_evening,bike,0.94,6.53,7.9,,,1.9,1.14,0.0,1.14,1.0,2,history,segment_shift_history,missing_cycle_time,location_hour,location_hour,"Нужно 2 кур.; прогноз 0.9 заказа/ч; окно late_evening: история 1.14, цикл 0.00; выбрано: историческая производительность; страховой запас 0%"
9,КИНКИ,kfm,2026-09-14,8,08:00-09:00,medium,block_06_12,auto,2.29,7.06,24.77,,,1.27,0.93,0.0,0.93,1.0,1,history,segment_shift_history,missing_cycle_time,location_hour,location_hour,"Нужно 1 кур.; прогноз 2.3 заказа/ч; окно block_06_12: история 0.93, цикл 0.00; выбрано: историческая производительность; страховой запас 0%"
9,КИНКИ,kfm,2026-09-14,9,09:00-10:00,medium,block_06_12,auto,1.87,7.06,25.99,,,1.27,0.93,0.0,0.93,1.0,1,history,segment_shift_history,missing_cycle_time,location_hour,location_hour,"Нужно 1 кур.; прогноз 1.9 заказа/ч; окно block_06_12: история 0.93, цикл 0.00; выбрано: историческая производительность; страховой запас 0%"
9,КИНКИ,kfm,2026-09-14,10,10:00-11:00,medium,block_06_12,auto,1.64,7.06,23.81,,,1.27,0.93,0.0,0.93,1.0,1,history,segment_shift_history,missing_cycle_time,location_hour,location_hour,"Нужно 1 кур.; прогноз 1.6 заказа/ч; окно block_06_12: история 0.93, цикл 0.00; выбрано: историческая производительность; страховой запас 0%"
9,КИНКИ,kfm,2026-09-14,11,11:00-12:00,medium,block_06_12,auto,1.22,7.06,24.06,,,1.27,0.93,0.0,0.93,1.0,1,history,segment_shift_history,missing_cycle_time,location_hour,location_hour,"Нужно 1 кур.; прогноз 1.2 заказа/ч; окно block_06_12: история 0.93, цикл 0.00; выбрано: историческая производительность; страховой запас 0%"
9,КИНКИ,kfm,2026-09-14,12,12:00-13:00,medium,block_12_18,auto,1.81,16.52,25.05,,,1.23,2.24,0.0,2.24,1.0,2,history,location_shift_history,missing_cycle_time,location_hour,location_hour,"Нужно 2 кур.; прогноз 1.8 заказа/ч; окно block_12_18: история 2.24, цикл 0.00; выбрано: историческая производительность; страховой запас 0%"
9,КИНКИ,kfm,2026-09-14,13,13:00-14:00,medium,block_12_18,auto,3.41,16.52,24.53,,,1.23,2.24,0.0,2.24,1.0,2,history,location_shift_history,missing_cycle_time,location_hour,location_hour,"Нужно 2 кур.; прогноз 3.4 заказа/ч; окно block_12_18: история 2.24, цикл 0.00; выбрано: историческая производительность; страховой запас 0%"
9,КИНКИ,kfm,2026-09-14,14,14:00-15:00,medium,block_12_18,auto,3.48,16.52,22.66,,,1.23,2.24,0.0,2.24,1.0,2,history,location_shift_history,missing_cycle_time,location_hour,location_hour,"Нужно 2 кур.; прогноз 3.5 заказа/ч; окно block_12_18: история 2.24, цикл 0.00; выбрано: историческая производительность; страховой запас 0%"
9,КИНКИ,kfm,2026-09-14,15,15:00-16:00,medium,block_12_18,auto,2.16,16.52,22.62,,,1.23,2.24,0.0,2.24,1.0,2,history,location_shift_history,missing_cycle_time,location_hour,location_hour,"Нужно 2 кур.; прогноз 2.2 заказа/ч; окно block_12_18: история 2.24, цикл 0.00; выбрано: историческая производительность; страховой запас 0%"
9,КИНКИ,kfm,2026-09-14,16,16:00-17:00,medium,block_12_18,auto,2.58,16.52,23.77,,,1.23,2.24,0.0,2.24,1.0,2,history,location_shift_history,missing_cycle_time,location_hour,location_hour,"Нужно 2 кур.; прогноз 2.6 заказа/ч; окно block_12_18: история 2.24, цикл 0.00; выбрано: историческая производительность; страховой запас 0%"
9,КИНКИ,kfm,2026-09-14,17,17:00-18:00,medium,block_12_18,auto,3.07,16.52,25.39,,,1.23,2.24,0.0,2.24,1.0,2,history,location_shift_history,missing_cycle_time,location_hour,location_hour,"Нужно 2 кур.; прогноз 3.1 заказа/ч; окно block_12_18: история 2.24, цикл 0.00; выбрано: историческая производительность; страховой запас 0%"
9,КИНКИ,kfm,2026-09-14,18,18:00-19:00,medium,block_18_24,auto,2.94,15.74,25.71,,,1.1,2.39,0.0,2.39,1.0,3,history,location_shift_history,missing_cycle_time,location_hour,location_hour,"Нужно 3 кур.; прогноз 2.9 заказа/ч; окно block_18_24: история 2.39, цикл 0.00; выбрано: историческая производительность; страховой запас 0%"
9,КИНКИ,kfm,2026-09-14,19,19:00-20:00,medium,block_18_24,auto,4.04,15.74,26.14,,,1.1,2.39,0.0,2.39,1.0,3,history,location_shift_history,missing_cycle_time,location_hour,location_hour,"Нужно 3 кур.; прогноз 4.0 заказа/ч; окно block_18_24: история 2.39, цикл 0.00; выбрано: историческая производительность; страховой запас 0%"
9,КИНКИ,kfm,2026-09-14,20,20:00-21:00,medium,block_18_24,auto,3.49,15.74,23.27,,,1.1,2.39,0.0,2.39,1.0,3,history,location_shift_history,missing_cycle_time,location_hour,location_hour,"Нужно 3 кур.; прогноз 3.5 заказа/ч; окно block_18_24: история 2.39, цикл 0.00; выбрано: историческая производительность; страховой запас 0%"
9,КИНКИ,kfm,2026-09-14,21,21:00-22:00,medium,block_18_24,auto,2.19,15.74,21.73,,,1.1,2.39,0.0,2.39,1.0,3,history,location_shift_history,missing_cycle_time,location_hour,location_hour,"Нужно 3 кур.; прогноз 2.2 заказа/ч; окно block_18_24: история 2.39, цикл 0.00; выбрано: историческая производительность; страховой запас 0%"
9,КИНКИ,kfm,2026-09-14,22,22:00-23:00,medium,block_18_24,auto,2.26,15.74,20.64,,,1.1,2.39,0.0,2.39,1.0,3,history,location_shift_history,missing_cycle_time,location_hour,location_hour,"Нужно 3 кур.; прогноз 2.3 заказа/ч; окно block_18_24: история 2.39, цикл 0.00; выбрано: историческая производительность; страховой запас 0%"
94,КО Высота 5642,non_kfm,2026-09-14,12,12:00-13:00,medium,block_12_18,auto,0.12,0.58,20.67,,,1.08,0.09,0.0,0.09,1.0,0,history,segment_shift_history,missing_cycle_time,global_hour,location_hour,"Нужно 0 кур.; прогноз 0.1 заказа/ч; окно block_12_18: история 0.09, цикл 0.00; выбрано: историческая производительность; страховой запас 0%"
94,КО Высота 5642,non_kfm,2026-09-14,13,13:00-14:00,medium,block_12_18,auto,0.12,0.58,33.09,,,1.08,0.09,0.0,0.09,1.0,0,history,segment_shift_history,missing_cycle_time,global_hour,location_hour,"Нужно 0 кур.; прогноз 0.1 заказа/ч; окно block_12_18: история 0.09, цикл 0.00; выбрано: историческая производительность; страховой запас 0%"
94,КО Высота 5642,non_kfm,2026-09-14,14,14:00-15:00,medium,block_12_18,auto,0.11,0.58,45.07,,,1.08,0.09,0.0,0.09,1.0,0,history,segment_shift_history,missing_cycle_time,global_hour,location_hour,"Нужно 0 кур.; прогноз 0.1 заказа/ч; окно block_12_18: история 0.09, цикл 0.00; выбрано: историческая производительность; страховой запас 0%"
94,КО Высота 5642,non_kfm,2026-09-14,15,15:00-16:00,medium,block_12_18,auto,0.09,0.58,36.67,,,1.08,0.09,0.0,0.09,1.0,0,history,segment_shift_history,missing_cycle_time,global_hour,location_hour,"Нужно 0 кур.; прогноз 0.1 заказа/ч; окно block_12_18: история 0.09, цикл 0.00; выбрано: историческая производительность; страховой запас 0%"
94,КО Высота 5642,non_kfm,2026-09-14,16,16:00-17:00,medium,block_12_18,auto,0.07,0.58,43.77,,,1.08,0.09,0.0,0.09,1.0,0,history,segment_shift_history,missing_cycle_time,global_hour,location_hour,"Нужно 0 кур.; прогноз 0.1 заказа/ч; окно block_12_18: история 0.09, цикл 0.00; выбрано: историческая производительность; страховой запас 0%"
94,КО Высота 5642,non_kfm,2026-09-14,17,17:00-18:00,medium,block_12_18,auto,0.07,0.58,47.53,,,1.08,0.09,0.0,0.09,1.0,0,history,segment_shift_history,missing_cycle_time,global_hour,location_hour,"Нужно 0 кур.; прогноз 0.1 заказа/ч; окно block_12_18: история 0.09, цикл 0.00; выбрано: историческая производительность; страховой запас 0%"
94,КО Высота 5642,non_kfm,2026-09-14,18,18:00-19:00,medium,block_18_24,auto,0.14,0.58,42.23,,,1.14,0.08,0.0,0.08,1.0,0,history,segment_shift_history,missing_cycle_time,global_hour,location_hour,"Нужно 0 кур.; прогноз 0.1 заказа/ч; окно block_18_24: история 0.08, цикл 0.00; выбрано: историческая производительность; страховой запас 0%"
94,КО Высота 5642,non_kfm,2026-09-14,19,19:00-20:00,medium,block_18_24,auto,0.14,0.58,29.79,,,1.14,0.08,0.0,0.08,1.0,0,history,segment_shift_history,missing_cycle_time,global_hour,location_hour,"Нужно 0 кур.; прогноз 0.1 заказа/ч; окно block_18_24: история 0.08, цикл 0.00; выбрано: историческая производительность; страховой запас 0%"
94,КО Высота 5642,non_kfm,2026-09-14,20,20:00-21:00,medium,block_18_24,auto,0.13,0.58,49.67,,,1.14,0.08,0.0,0.08,1.0,0,history,segment_shift_history,missing_cycle_time,global_hour,location_hour,"Нужно 0 кур.; прогноз 0.1 заказа/ч; окно block_18_24: история 0.08, цикл 0.00; выбрано: историческая производительность; страховой запас 0%"
94,КО Высота 5642,non_kfm,2026-09-14,21,21:00-22:00,medium,block_18_24,auto,0.09,0.58,21.39,,,1.14,0.08,0.0,0.08,1.0,0,history,segment_shift_history,missing_cycle_time,global_hour,location_hour,"Нужно 0 кур.; прогноз 0.1 заказа/ч; окно block_18_24: история 0.08, цикл 0.00; выбрано: историческая производительность; страховой запас 0%"
94,КО Высота 5642,non_kfm,2026-09-14,22,22:00-23:00,medium,block_18_24,auto,0.05,0.58,15.92,,,1.14,0.08,0.0,0.08,1.0,0,history,segment_shift_history,missing_cycle_time,global_hour,location_hour,"Нужно 0 кур.; прогноз 0.1 заказа/ч; окно block_18_24: история 0.08, цикл 0.00; выбрано: историческая производительность; страховой запас 0%"
94,КО Высота 5642,non_kfm,2026-09-14,12,12:00-13:00,medium,block_12_18,bike,0.15,0.71,10.37,,,2.82,0.04,0.0,0.04,1.0,0,history,segment_shift_history,missing_cycle_time,global_hour,global_hour,"Нужно 0 кур.; прогноз 0.1 заказа/ч; окно block_12_18: история 0.04, цикл 0.00; выбрано: историческая производительность; страховой запас 0%"
94,КО Высота 5642,non_kfm,2026-09-14,13,13:00-14:00,medium,block_12_18,bike,0.15,0.71,8.25,,,2.82,0.04,0.0,0.04,1.0,0,history,segment_shift_history,missing_cycle_time,global_hour,location_hour,"Нужно 0 кур.; прогноз 0.1 заказа/ч; окно block_12_18: история 0.04, цикл 0.00; выбрано: историческая производительность; страховой запас 0%"
94,КО Высота 5642,non_kfm,2026-09-14,14,14:00-15:00,medium,block_12_18,bike,0.13,0.71,5.75,,,2.82,0.04,0.0,0.04,1.0,0,history,segment_shift_history,missing_cycle_time,global_hour,location_hour,"Нужно 0 кур.; прогноз 0.1 заказа/ч; окно block_12_18: история 0.04, цикл 0.00; выбрано: историческая производительность; страховой запас 0%"
94,КО Высота 5642,non_kfm,2026-09-14,15,15:00-16:00,medium,block_12_18,bike,0.11,0.71,4.23,,,2.82,0.04,0.0,0.04,1.0,0,history,segment_shift_history,missing_cycle_time,global_hour,location_hour,"Нужно 0 кур.; прогноз 0.1 заказа/ч; окно block_12_18: история 0.04, цикл 0.00; выбрано: историческая производительность; страховой запас 0%"
94,КО Высота 5642,non_kfm,2026-09-14,16,16:00-17:00,medium,block_12_18,bike,0.09,0.71,7.31,,,2.82,0.04,0.0,0.04,1.0,0,history,segment_shift_history,missing_cycle_time,global_hour,location_hour,"Нужно 0 кур.; прогноз 0.1 заказа/ч; окно block_12_18: история 0.04, цикл 0.00; выбрано: историческая производительность; страховой запас 0%"
94,КО Высота 5642,non_kfm,2026-09-14,17,17:00-18:00,medium,block_12_18,bike,0.09,0.71,8.1,,,2.82,0.04,0.0,0.04,1.0,0,history,segment_shift_history,missing_cycle_time,global_hour,location_hour,"Нужно 0 кур.; прогноз 0.1 заказа/ч; окно block_12_18: история 0.04, цикл 0.00; выбрано: историческая производительность; страховой запас 0%"
94,КО Высота 5642,non_kfm,2026-09-14,18,18:00-19:00,medium,block_18_24,bike,0.11,0.46,11.1,,,2.04,0.0,0.0,0.0,1.0,0,history,segment_shift_history,missing_cycle_time,global_hour,global_hour,"Нужно 0 кур.; прогноз 0.1 заказа/ч; окно block_18_24: история 0.00, цикл 0.00; выбрано: историческая производительность; страховой запас 0%"
94,КО Высота 5642,non_kfm,2026-09-14,19,19:00-20:00,medium,block_18_24,bike,0.11,0.46,7.04,,,2.04,0.0,0.0,0.0,1.0,0,history,segment_shift_history,missing_cycle_time,global_hour,location_hour,"Нужно 0 кур.; прогноз 0.1 заказа/ч; окно block_18_24: история 0.00, цикл 0.00; выбрано: историческая производительность; страховой запас 0%"
94,КО Высота 5642,non_kfm,2026-09-14,20,20:00-21:00,medium,block_18_24,bike,0.1,0.46,6.18,,,2.04,0.0,0.0,0.0,1.0,0,history,segment_shift_history,missing_cycle_time,global_hour,location_hour,"Нужно 0 кур.; прогноз 0.1 заказа/ч; окно block_18_24: история 0.00, цикл 0.00; выбрано: историческая производительность; страховой запас 0%"
94,КО Высота 5642,non_kfm,2026-09-14,21,21:00-22:00,medium,block_18_24,bike,0.07,0.46,12.92,,,2.04,0.0,0.0,0.0,1.0,0,history,segment_shift_history,missing_cycle_time,global_hour,location_hour,"Нужно 0 кур.; прогноз 0.1 заказа/ч; окно block_18_24: история 0.00, цикл 0.00; выбрано: историческая производительность; страховой запас 0%"
94,КО Высота 5642,non_kfm,2026-09-14,22,22:00-23:00,medium,block_18_24,bike,0.04,0.46,9.8,,,2.04,0.0,0.0,0.0,1.0,0,history,segment_shift_history,missing_cycle_time,global_hour,global_hour,"Нужно 0 кур.; прогноз 0.0 заказа/ч; окно block_18_24: история 0.00, цикл 0.00; выбрано: историческая производительность; страховой запас 0%"
95,ЦВ Le Pigeon,non_kfm,2026-09-14,9,09:00-10:00,low,block_06_12,auto,0.02,0.08,21.64,,,1.28,0.0,0.0,0.0,1.0,0,history,time_segment_shift_history,missing_cycle_time,global_hour,global_hour,"Нужно 0 кур.; прогноз 0.0 заказа/ч; окно block_06_12: история 0.00, цикл 0.00; выбрано: историческая производительность; страховой запас 0%"
95,ЦВ Le Pigeon,non_kfm,2026-09-14,10,10:00-11:00,low,block_06_12,auto,0.02,0.08,21.71,,,1.28,0.0,0.0,0.0,1.0,0,history,time_segment_shift_history,missing_cycle_time,global_hour,global_hour,"Нужно 0 кур.; прогноз 0.0 заказа/ч; окно block_06_12: история 0.00, цикл 0.00; выбрано: историческая производительность; страховой запас 0%"
95,ЦВ Le Pigeon,non_kfm,2026-09-14,11,11:00-12:00,low,block_06_12,auto,0.02,0.08,22.82,,,1.28,0.0,0.0,0.0,1.0,0,history,time_segment_shift_history,missing_cycle_time,global_hour,global_hour,"Нужно 0 кур.; прогноз 0.0 заказа/ч; окно block_06_12: история 0.00, цикл 0.00; выбрано: историческая производительность; страховой запас 0%"
95,ЦВ Le Pigeon,non_kfm,2026-09-14,12,12:00-13:00,low,block_12_18,auto,0.03,0.14,23.54,,,1.09,0.0,0.0,0.0,1.0,0,history,time_segment_shift_history,missing_cycle_time,global_hour,global_hour,"Нужно 0 кур.; прогноз 0.0 заказа/ч; окно block_12_18: история 0.00, цикл 0.00; выбрано: историческая производительность; страховой запас 0%"
95,ЦВ Le Pigeon,non_kfm,2026-09-14,13,13:00-14:00,low,block_12_18,auto,0.03,0.14,23.55,,,1.09,0.0,0.0,0.0,1.0,0,history,time_segment_shift_history,missing_cycle_time,global_hour,global_hour,"Нужно 0 кур.; прогноз 0.0 заказа/ч; окно block_12_18: история 0.00, цикл 0.00; выбрано: историческая производительность; страховой запас 0%"
95,ЦВ Le Pigeon,non_kfm,2026-09-14,14,14:00-15:00,low,block_12_18,auto,0.02,0.14,24.06,,,1.09,0.0,0.0,0.0,1.0,0,history,time_segment_shift_history,missing_cycle_time,global_hour,global_hour,"Нужно 0 кур.; прогноз 0.0 заказа/ч; окно block_12_18: история 0.00, цикл 0.00; выбрано: историческая производительность; страховой запас 0%"
95,ЦВ Le Pigeon,non_kfm,2026-09-14,15,15:00-16:00,low,block_12_18,auto,0.02,0.14,24.51,,,1.09,0.0,0.0,0.0,1.0,0,history,time_segment_shift_history,missing_cycle_time,global_hour,global_hour,"Нужно 0 кур.; прогноз 0.0 заказа/ч; окно block_12_18: история 0.00, цикл 0.00; выбрано: историческая производительность; страховой запас 0%"
95,ЦВ Le Pigeon,non_kfm,2026-09-14,16,16:00-17:00,low,block_12_18,auto,0.02,0.14,25.16,,,1.09,0.0,0.0,0.0,1.0,0,history,time_segment_shift_history,missing_cycle_time,global_hour,global_hour,"Нужно 0 кур.; прогноз 0.0 заказа/ч; окно block_12_18: история 0.00, цикл 0.00; выбрано: историческая производительность; страховой запас 0%"
95,ЦВ Le Pigeon,non_kfm,2026-09-14,17,17:00-18:00,low,block_12_18,auto,0.02,0.14,27.66,,,1.09,0.0,0.0,0.0,1.0,0,history,time_segment_shift_history,missing_cycle_time,global_hour,global_hour,"Нужно 0 кур.; прогноз 0.0 заказа/ч; окно block_12_18: история 0.00, цикл 0.00; выбрано: историческая производительность; страховой запас 0%"
95,ЦВ Le Pigeon,non_kfm,2026-09-14,18,18:00-19:00,low,block_18_24,auto,0.02,0.11,27.41,,,1.15,0.0,0.0,0.0,1.0,0,history,time_segment_shift_history,missing_cycle_time,global_hour,global_hour,"Нужно 0 кур.; прогноз 0.0 заказа/ч; окно block_18_24: история 0.00, цикл 0.00; выбрано: историческая производительность; страховой запас 0%"
95,ЦВ Le Pigeon,non_kfm,2026-09-14,19,19:00-20:00,low,block_18_24,auto,0.03,0.11,26.64,,,1.15,0.0,0.0,0.0,1.0,0,history,time_segment_shift_history,missing_cycle_time,global_hour,global_hour,"Нужно 0 кур.; прогноз 0.0 заказа/ч; окно block_18_24: история 0.00, цикл 0.00; выбрано: историческая производительность; страховой запас 0%"
95,ЦВ Le Pigeon,non_kfm,2026-09-14,20,20:00-21:00,low,block_18_24,auto,0.02,0.11,23.12,,,1.15,0.0,0.0,0.0,1.0,0,history,time_segment_shift_history,missing_cycle_time,global_hour,global_hour,"Нужно 0 кур.; прогноз 0.0 заказа/ч; окно block_18_24: история 0.00, цикл 0.00; выбрано: историческая производительность; страховой запас 0%"
95,ЦВ Le Pigeon,non_kfm,2026-09-14,21,21:00-22:00,low,block_18_24,auto,0.02,0.11,21.83,,,1.15,0.0,0.0,0.0,1.0,0,history,time_segment_shift_history,missing_cycle_time,global_hour,global_hour,"Нужно 0 кур.; прогноз 0.0 заказа/ч; окно block_18_24: история 0.00, цикл 0.00; выбрано: историческая производительность; страховой запас 0%"
95,ЦВ Le Pigeon,non_kfm,2026-09-14,22,22:00-23:00,low,block_18_24,auto,0.01,0.11,16.14,,,1.15,0.0,0.0,0.0,1.0,0,history,time_segment_shift_history,missing_cycle_time,global_hour,global_hour,"Нужно 0 кур.; прогноз 0.0 заказа/ч; окно block_18_24: история 0.00, цикл 0.00; выбрано: историческая производительность; страховой запас 0%"
95,ЦВ Le Pigeon,non_kfm,2026-09-14,9,09:00-10:00,low,block_06_12,bike,0.01,0.04,10.37,,,3.03,0.0,0.0,0.0,1.0,0,history,time_segment_shift_history,missing_cycle_time,global_hour,global_hour,"Нужно 0 кур.; прогноз 0.0 заказа/ч; окно block_06_12: история 0.00, цикл 0.00; выбрано: историческая производительность; страховой запас 0%"
95,ЦВ Le Pigeon,non_kfm,2026-09-14,10,10:00-11:00,low,block_06_12,bike,0.01,0.04,10.11,,,3.03,0.0,0.0,0.0,1.0,0,history,time_segment_shift_history,missing_cycle_time,global_hour,global_hour,"Нужно 0 кур.; прогноз 0.0 заказа/ч; окно block_06_12: история 0.00, цикл 0.00; выбрано: историческая производительность; страховой запас 0%"
95,ЦВ Le Pigeon,non_kfm,2026-09-14,11,11:00-12:00,low,block_06_12,bike,0.01,0.04,10.41,,,3.03,0.0,0.0,0.0,1.0,0,history,time_segment_shift_history,missing_cycle_time,global_hour,global_hour,"Нужно 0 кур.; прогноз 0.0 заказа/ч; окно block_06_12: история 0.00, цикл 0.00; выбрано: историческая производительность; страховой запас 0%"
95,ЦВ Le Pigeon,non_kfm,2026-09-14,12,12:00-13:00,low,block_12_18,bike,0.01,0.05,10.37,,,2.83,0.0,0.0,0.0,1.0,0,history,time_segment_shift_history,missing_cycle_time,global_hour,global_hour,"Нужно 0 кур.; прогноз 0.0 заказа/ч; окно block_12_18: история 0.00, цикл 0.00; выбрано: историческая производительность; страховой запас 0%"
95,ЦВ Le Pigeon,non_kfm,2026-09-14,13,13:00-14:00,low,block_12_18,bike,0.01,0.05,10.39,,,2.83,0.0,0.0,0.0,1.0,0,history,time_segment_shift_history,missing_cycle_time,global_hour,global_hour,"Нужно 0 кур.; прогноз 0.0 заказа/ч; окно block_12_18: история 0.00, цикл 0.00; выбрано: историческая производительность; страховой запас 0%"
95,ЦВ Le Pigeon,non_kfm,2026-09-14,14,14:00-15:00,low,block_12_18,bike,0.01,0.05,10.2,,,2.83,0.0,0.0,0.0,1.0,0,history,time_segment_shift_history,missing_cycle_time,global_hour,global_hour,"Нужно 0 кур.; прогноз 0.0 заказа/ч; окно block_12_18: история 0.00, цикл 0.00; выбрано: историческая производительность; страховой запас 0%"
95,ЦВ Le Pigeon,non_kfm,2026-09-14,15,15:00-16:00,low,block_12_18,bike,0.01,0.05,10.75,,,2.83,0.0,0.0,0.0,1.0,0,history,time_segment_shift_history,missing_cycle_time,global_hour,global_hour,"Нужно 0 кур.; прогноз 0.0 заказа/ч; окно block_12_18: история 0.00, цикл 0.00; выбрано: историческая производительность; страховой запас 0%"
95,ЦВ Le Pigeon,non_kfm,2026-09-14,16,16:00-17:00,low,block_12_18,bike,0.01,0.05,11.02,,,2.83,0.0,0.0,0.0,1.0,0,history,time_segment_shift_history,missing_cycle_time,global_hour,global_hour,"Нужно 0 кур.; прогноз 0.0 заказа/ч; окно block_12_18: история 0.00, цикл 0.00; выбрано: историческая производительность; страховой запас 0%"
95,ЦВ Le Pigeon,non_kfm,2026-09-14,17,17:00-18:00,low,block_12_18,bike,0.01,0.05,10.83,,,2.83,0.0,0.0,0.0,1.0,0,history,time_segment_shift_history,missing_cycle_time,global_hour,global_hour,"Нужно 0 кур.; прогноз 0.0 заказа/ч; окно block_12_18: история 0.00, цикл 0.00; выбрано: историческая производительность; страховой запас 0%"
95,ЦВ Le Pigeon,non_kfm,2026-09-14,18,18:00-19:00,low,block_18_24,bike,0.01,0.06,11.1,,,2.05,0.0,0.0,0.0,1.0,0,history,time_segment_shift_history,missing_cycle_time,global_hour,global_hour,"Нужно 0 кур.; прогноз 0.0 заказа/ч; окно block_18_24: история 0.00, цикл 0.00; выбрано: историческая производительность; страховой запас 0%"
95,ЦВ Le Pigeon,non_kfm,2026-09-14,19,19:00-20:00,low,block_18_24,bike,0.02,0.06,10.71,,,2.05,0.0,0.0,0.0,1.0,0,history,time_segment_shift_history,missing_cycle_time,global_hour,global_hour,"Нужно 0 кур.; прогноз 0.0 заказа/ч; окно block_18_24: история 0.00, цикл 0.00; выбрано: историческая производительность; страховой запас 0%"
95,ЦВ Le Pigeon,non_kfm,2026-09-14,20,20:00-21:00,low,block_18_24,bike,0.01,0.06,10.4,,,2.05,0.0,0.0,0.0,1.0,0,history,time_segment_shift_history,missing_cycle_time,global_hour,global_hour,"Нужно 0 кур.; прогноз 0.0 заказа/ч; окно block_18_24: история 0.00, цикл 0.00; выбрано: историческая производительность; страховой запас 0%"
95,ЦВ Le Pigeon,non_kfm,2026-09-14,21,21:00-22:00,low,block_18_24,bike,0.01,0.06,9.94,,,2.05,0.0,0.0,0.0,1.0,0,history,time_segment_shift_history,missing_cycle_time,global_hour,global_hour,"Нужно 0 кур.; прогноз 0.0 заказа/ч; окно block_18_24: история 0.00, цикл 0.00; выбрано: историческая производительность; страховой запас 0%"
95,ЦВ Le Pigeon,non_kfm,2026-09-14,22,22:00-23:00,low,block_18_24,bike,0.01,0.06,9.8,,,2.05,0.0,0.0,0.0,1.0,0,history,time_segment_shift_history,missing_cycle_time,global_hour,global_hour,"Нужно 0 кур.; прогноз 0.0 заказа/ч; окно block_18_24: история 0.00, цикл 0.00; выбрано: историческая производительность; страховой запас 0%"
96,ЦВ Folk,non_kfm,2026-09-14,9,09:00-10:00,low,block_06_12,auto,0.02,0.08,21.64,,,1.28,0.0,0.0,0.0,1.0,0,history,time_segment_shift_history,missing_cycle_time,global_hour,global_hour,"Нужно 0 кур.; прогноз 0.0 заказа/ч; окно block_06_12: история 0.00, цикл 0.00; выбрано: историческая производительность; страховой запас 0%"
96,ЦВ Folk,non_kfm,2026-09-14,10,10:00-11:00,low,block_06_12,auto,0.02,0.08,21.71,,,1.28,0.0,0.0,0.0,1.0,0,history,time_segment_shift_history,missing_cycle_time,global_hour,global_hour,"Нужно 0 кур.; прогноз 0.0 заказа/ч; окно block_06_12: история 0.00, цикл 0.00; выбрано: историческая производительность; страховой запас 0%"
96,ЦВ Folk,non_kfm,2026-09-14,11,11:00-12:00,low,block_06_12,auto,0.02,0.08,22.82,,,1.28,0.0,0.0,0.0,1.0,0,history,time_segment_shift_history,missing_cycle_time,global_hour,global_hour,"Нужно 0 кур.; прогноз 0.0 заказа/ч; окно block_06_12: история 0.00, цикл 0.00; выбрано: историческая производительность; страховой запас 0%"
96,ЦВ Folk,non_kfm,2026-09-14,12,12:00-13:00,low,block_12_18,auto,0.03,0.14,23.54,,,1.09,0.0,0.0,0.0,1.0,0,history,time_segment_shift_history,missing_cycle_time,global_hour,global_hour,"Нужно 0 кур.; прогноз 0.0 заказа/ч; окно block_12_18: история 0.00, цикл 0.00; выбрано: историческая производительность; страховой запас 0%"
96,ЦВ Folk,non_kfm,2026-09-14,13,13:00-14:00,low,block_12_18,auto,0.03,0.14,23.55,,,1.09,0.0,0.0,0.0,1.0,0,history,time_segment_shift_history,missing_cycle_time,global_hour,global_hour,"Нужно 0 кур.; прогноз 0.0 заказа/ч; окно block_12_18: история 0.00, цикл 0.00; выбрано: историческая производительность; страховой запас 0%"
96,ЦВ Folk,non_kfm,2026-09-14,14,14:00-15:00,low,block_12_18,auto,0.02,0.14,24.06,,,1.09,0.0,0.0,0.0,1.0,0,history,time_segment_shift_history,missing_cycle_time,global_hour,global_hour,"Нужно 0 кур.; прогноз 0.0 заказа/ч; окно block_12_18: история 0.00, цикл 0.00; выбрано: историческая производительность; страховой запас 0%"
96,ЦВ Folk,non_kfm,2026-09-14,15,15:00-16:00,low,block_12_18,auto,0.02,0.14,24.51,,,1.09,0.0,0.0,0.0,1.0,0,history,time_segment_shift_history,missing_cycle_time,global_hour,global_hour,"Нужно 0 кур.; прогноз 0.0 заказа/ч; окно block_12_18: история 0.00, цикл 0.00; выбрано: историческая производительность; страховой запас 0%"
96,ЦВ Folk,non_kfm,2026-09-14,16,16:00-17:00,low,block_12_18,auto,0.02,0.14,25.16,,,1.09,0.0,0.0,0.0,1.0,0,history,time_segment_shift_history,missing_cycle_time,global_hour,global_hour,"Нужно 0 кур.; прогноз 0.0 заказа/ч; окно block_12_18: история 0.00, цикл 0.00; выбрано: историческая производительность; страховой запас 0%"
96,ЦВ Folk,non_kfm,2026-09-14,17,17:00-18:00,low,block_12_18,auto,0.02,0.14,27.66,,,1.09,0.0,0.0,0.0,1.0,0,history,time_segment_shift_history,missing_cycle_time,global_hour,global_hour,"Нужно 0 кур.; прогноз 0.0 заказа/ч; окно block_12_18: история 0.00, цикл 0.00; выбрано: историческая производительность; страховой запас 0%"
96,ЦВ Folk,non_kfm,2026-09-14,18,18:00-19:00,low,block_18_24,auto,0.02,0.11,27.41,,,1.15,0.0,0.0,0.0,1.0,0,history,time_segment_shift_history,missing_cycle_time,global_hour,global_hour,"Нужно 0 кур.; прогноз 0.0 заказа/ч; окно block_18_24: история 0.00, цикл 0.00; выбрано: историческая производительность; страховой запас 0%"
96,ЦВ Folk,non_kfm,2026-09-14,19,19:00-20:00,low,block_18_24,auto,0.03,0.11,26.64,,,1.15,0.0,0.0,0.0,1.0,0,history,time_segment_shift_history,missing_cycle_time,global_hour,global_hour,"Нужно 0 кур.; прогноз 0.0 заказа/ч; окно block_18_24: история 0.00, цикл 0.00; выбрано: историческая производительность; страховой запас 0%"
96,ЦВ Folk,non_kfm,2026-09-14,20,20:00-21:00,low,block_18_24,auto,0.02,0.11,23.12,,,1.15,0.0,0.0,0.0,1.0,0,history,time_segment_shift_history,missing_cycle_time,global_hour,global_hour,"Нужно 0 кур.; прогноз 0.0 заказа/ч; окно block_18_24: история 0.00, цикл 0.00; выбрано: историческая производительность; страховой запас 0%"
96,ЦВ Folk,non_kfm,2026-09-14,21,21:00-22:00,low,block_18_24,auto,0.02,0.11,21.83,,,1.15,0.0,0.0,0.0,1.0,0,history,time_segment_shift_history,missing_cycle_time,global_hour,global_hour,"Нужно 0 кур.; прогноз 0.0 заказа/ч; окно block_18_24: история 0.00, цикл 0.00; выбрано: историческая производительность; страховой запас 0%"
96,ЦВ Folk,non_kfm,2026-09-14,22,22:00-23:00,low,block_18_24,auto,0.01,0.11,16.14,,,1.15,0.0,0.0,0.0,1.0,0,history,time_segment_shift_history,missing_cycle_time,global_hour,global_hour,"Нужно 0 кур.; прогноз 0.0 заказа/ч; окно block_18_24: история 0.00, цикл 0.00; выбрано: историческая производительность; страховой запас 0%"
96,ЦВ Folk,non_kfm,2026-09-14,9,09:00-10:00,low,block_06_12,bike,0.01,0.04,10.37,,,3.03,0.0,0.0,0.0,1.0,0,history,time_segment_shift_history,missing_cycle_time,global_hour,global_hour,"Нужно 0 кур.; прогноз 0.0 заказа/ч; окно block_06_12: история 0.00, цикл 0.00; выбрано: историческая производительность; страховой запас 0%"
96,ЦВ Folk,non_kfm,2026-09-14,10,10:00-11:00,low,block_06_12,bike,0.01,0.04,10.11,,,3.03,0.0,0.0,0.0,1.0,0,history,time_segment_shift_history,missing_cycle_time,global_hour,global_hour,"Нужно 0 кур.; прогноз 0.0 заказа/ч; окно block_06_12: история 0.00, цикл 0.00; выбрано: историческая производительность; страховой запас 0%"
96,ЦВ Folk,non_kfm,2026-09-14,11,11:00-12:00,low,block_06_12,bike,0.01,0.04,10.41,,,3.03,0.0,0.0,0.0,1.0,0,history,time_segment_shift_history,missing_cycle_time,global_hour,global_hour,"Нужно 0 кур.; прогноз 0.0 заказа/ч; окно block_06_12: история 0.00, цикл 0.00; выбрано: историческая производительность; страховой запас 0%"
96,ЦВ Folk,non_kfm,2026-09-14,12,12:00-13:00,low,block_12_18,bike,0.01,0.05,10.37,,,2.83,0.0,0.0,0.0,1.0,0,history,time_segment_shift_history,missing_cycle_time,global_hour,global_hour,"Нужно 0 кур.; прогноз 0.0 заказа/ч; окно block_12_18: история 0.00, цикл 0.00; выбрано: историческая производительность; страховой запас 0%"
96,ЦВ Folk,non_kfm,2026-09-14,13,13:00-14:00,low,block_12_18,bike,0.01,0.05,10.39,,,2.83,0.0,0.0,0.0,1.0,0,history,time_segment_shift_history,missing_cycle_time,global_hour,global_hour,"Нужно 0 кур.; прогноз 0.0 заказа/ч; окно block_12_18: история 0.00, цикл 0.00; выбрано: историческая производительность; страховой запас 0%"
96,ЦВ Folk,non_kfm,2026-09-14,14,14:00-15:00,low,block_12_18,bike,0.01,0.05,10.2,,,2.83,0.0,0.0,0.0,1.0,0,history,time_segment_shift_history,missing_cycle_time,global_hour,global_hour,"Нужно 0 кур.; прогноз 0.0 заказа/ч; окно block_12_18: история 0.00, цикл 0.00; выбрано: историческая производительность; страховой запас 0%"
96,ЦВ Folk,non_kfm,2026-09-14,15,15:00-16:00,low,block_12_18,bike,0.01,0.05,10.75,,,2.83,0.0,0.0,0.0,1.0,0,history,time_segment_shift_history,missing_cycle_time,global_hour,global_hour,"Нужно 0 кур.; прогноз 0.0 заказа/ч; окно block_12_18: история 0.00, цикл 0.00; выбрано: историческая производительность; страховой запас 0%"
96,ЦВ Folk,non_kfm,2026-09-14,16,16:00-17:00,low,block_12_18,bike,0.01,0.05,11.02,,,2.83,0.0,0.0,0.0,1.0,0,history,time_segment_shift_history,missing_cycle_time,global_hour,global_hour,"Нужно 0 кур.; прогноз 0.0 заказа/ч; окно block_12_18: история 0.00, цикл 0.00; выбрано: историческая производительность; страховой запас 0%"
96,ЦВ Folk,non_kfm,2026-09-14,17,17:00-18:00,low,block_12_18,bike,0.01,0.05,10.83,,,2.83,0.0,0.0,0.0,1.0,0,history,time_segment_shift_history,missing_cycle_time,global_hour,global_hour,"Нужно 0 кур.; прогноз 0.0 заказа/ч; окно block_12_18: история 0.00, цикл 0.00; выбрано: историческая производительность; страховой запас 0%"
96,ЦВ Folk,non_kfm,2026-09-14,18,18:00-19:00,low,block_18_24,bike,0.01,0.06,11.1,,,2.05,0.0,0.0,0.0,1.0,0,history,time_segment_shift_history,missing_cycle_time,global_hour,global_hour,"Нужно 0 кур.; прогноз 0.0 заказа/ч; окно block_18_24: история 0.00, цикл 0.00; выбрано: историческая производительность; страховой запас 0%"
96,ЦВ Folk,non_kfm,2026-09-14,19,19:00-20:00,low,block_18_24,bike,0.02,0.06,10.71,,,2.05,0.0,0.0,0.0,1.0,0,history,time_segment_shift_history,missing_cycle_time,global_hour,global_hour,"Нужно 0 кур.; прогноз 0.0 заказа/ч; окно block_18_24: история 0.00, цикл 0.00; выбрано: историческая производительность; страховой запас 0%"
96,ЦВ Folk,non_kfm,2026-09-14,20,20:00-21:00,low,block_18_24,bike,0.01,0.06,10.4,,,2.05,0.0,0.0,0.0,1.0,0,history,time_segment_shift_history,missing_cycle_time,global_hour,global_hour,"Нужно 0 кур.; прогноз 0.0 заказа/ч; окно block_18_24: история 0.00, цикл 0.00; выбрано: историческая производительность; страховой запас 0%"
96,ЦВ Folk,non_kfm,2026-09-14,21,21:00-22:00,low,block_18_24,bike,0.01,0.06,9.94,,,2.05,0.0,0.0,0.0,1.0,0,history,time_segment_shift_history,missing_cycle_time,global_hour,global_hour,"Нужно 0 кур.; прогноз 0.0 заказа/ч; окно block_18_24: история 0.00, цикл 0.00; выбрано: историческая производительность; страховой запас 0%"
96,ЦВ Folk,non_kfm,2026-09-14,22,22:00-23:00,low,block_18_24,bike,0.01,0.06,9.8,,,2.05,0.0,0.0,0.0,1.0,0,history,time_segment_shift_history,missing_cycle_time,global_hour,global_hour,"Нужно 0 кур.; прогноз 0.0 заказа/ч; окно block_18_24: история 0.00, цикл 0.00; выбрано: историческая производительность; страховой запас 0%"
97,ЦВ Amber,non_kfm,2026-09-14,12,12:00-13:00,low,block_12_18,auto,0.03,0.16,23.54,,,1.09,0.0,0.0,0.0,1.0,0,history,time_segment_shift_history,missing_cycle_time,global_hour,global_hour,"Нужно 0 кур.; прогноз 0.0 заказа/ч; окно block_12_18: история 0.00, цикл 0.00; выбрано: историческая производительность; страховой запас 0%"
97,ЦВ Amber,non_kfm,2026-09-14,13,13:00-14:00,low,block_12_18,auto,0.03,0.16,23.55,,,1.09,0.0,0.0,0.0,1.0,0,history,time_segment_shift_history,missing_cycle_time,global_hour,global_hour,"Нужно 0 кур.; прогноз 0.0 заказа/ч; окно block_12_18: история 0.00, цикл 0.00; выбрано: историческая производительность; страховой запас 0%"
97,ЦВ Amber,non_kfm,2026-09-14,14,14:00-15:00,low,block_12_18,auto,0.03,0.16,24.06,,,1.09,0.0,0.0,0.0,1.0,0,history,time_segment_shift_history,missing_cycle_time,global_hour,global_hour,"Нужно 0 кур.; прогноз 0.0 заказа/ч; окно block_12_18: история 0.00, цикл 0.00; выбрано: историческая производительность; страховой запас 0%"
97,ЦВ Amber,non_kfm,2026-09-14,15,15:00-16:00,low,block_12_18,auto,0.02,0.16,24.51,,,1.09,0.0,0.0,0.0,1.0,0,history,time_segment_shift_history,missing_cycle_time,global_hour,global_hour,"Нужно 0 кур.; прогноз 0.0 заказа/ч; окно block_12_18: история 0.00, цикл 0.00; выбрано: историческая производительность; страховой запас 0%"
97,ЦВ Amber,non_kfm,2026-09-14,16,16:00-17:00,low,block_12_18,auto,0.02,0.16,25.16,,,1.09,0.0,0.0,0.0,1.0,0,history,time_segment_shift_history,missing_cycle_time,global_hour,global_hour,"Нужно 0 кур.; прогноз 0.0 заказа/ч; окно block_12_18: история 0.00, цикл 0.00; выбрано: историческая производительность; страховой запас 0%"
97,ЦВ Amber,non_kfm,2026-09-14,17,17:00-18:00,low,block_12_18,auto,0.02,0.16,27.66,,,1.09,0.0,0.0,0.0,1.0,0,history,time_segment_shift_history,missing_cycle_time,global_hour,global_hour,"Нужно 0 кур.; прогноз 0.0 заказа/ч; окно block_12_18: история 0.00, цикл 0.00; выбрано: историческая производительность; страховой запас 0%"
97,ЦВ Amber,non_kfm,2026-09-14,18,18:00-19:00,low,block_18_24,auto,0.03,0.11,27.41,,,1.15,0.0,0.0,0.0,1.0,0,history,time_segment_shift_history,missing_cycle_time,global_hour,global_hour,"Нужно 0 кур.; прогноз 0.0 заказа/ч; окно block_18_24: история 0.00, цикл 0.00; выбрано: историческая производительность; страховой запас 0%"
97,ЦВ Amber,non_kfm,2026-09-14,19,19:00-20:00,low,block_18_24,auto,0.03,0.11,26.64,,,1.15,0.0,0.0,0.0,1.0,0,history,time_segment_shift_history,missing_cycle_time,global_hour,global_hour,"Нужно 0 кур.; прогноз 0.0 заказа/ч; окно block_18_24: история 0.00, цикл 0.00; выбрано: историческая производительность; страховой запас 0%"
97,ЦВ Amber,non_kfm,2026-09-14,20,20:00-21:00,low,block_18_24,auto,0.02,0.11,23.12,,,1.15,0.0,0.0,0.0,1.0,0,history,time_segment_shift_history,missing_cycle_time,global_hour,global_hour,"Нужно 0 кур.; прогноз 0.0 заказа/ч; окно block_18_24: история 0.00, цикл 0.00; выбрано: историческая производительность; страховой запас 0%"
97,ЦВ Amber,non_kfm,2026-09-14,21,21:00-22:00,low,block_18_24,auto,0.02,0.11,21.83,,,1.15,0.0,0.0,0.0,1.0,0,history,time_segment_shift_history,missing_cycle_time,global_hour,global_hour,"Нужно 0 кур.; прогноз 0.0 заказа/ч; окно block_18_24: история 0.00, цикл 0.00; выбрано: историческая производительность; страховой запас 0%"
97,ЦВ Amber,non_kfm,2026-09-14,22,22:00-23:00,low,block_18_24,auto,0.01,0.11,16.14,,,1.15,0.0,0.0,0.0,1.0,0,history,time_segment_shift_history,missing_cycle_time,global_hour,global_hour,"Нужно 0 кур.; прогноз 0.0 заказа/ч; окно block_18_24: история 0.00, цикл 0.00; выбрано: историческая производительность; страховой запас 0%"
97,ЦВ Amber,non_kfm,2026-09-14,12,12:00-13:00,low,block_12_18,bike,0.01,0.06,10.37,,,2.83,0.0,0.0,0.0,1.0,0,history,time_segment_shift_history,missing_cycle_time,global_hour,global_hour,"Нужно 0 кур.; прогноз 0.0 заказа/ч; окно block_12_18: история 0.00, цикл 0.00; выбрано: историческая производительность; страховой запас 0%"
97,ЦВ Amber,non_kfm,2026-09-14,13,13:00-14:00,low,block_12_18,bike,0.01,0.06,10.39,,,2.83,0.0,0.0,0.0,1.0,0,history,time_segment_shift_history,missing_cycle_time,global_hour,global_hour,"Нужно 0 кур.; прогноз 0.0 заказа/ч; окно block_12_18: история 0.00, цикл 0.00; выбрано: историческая производительность; страховой запас 0%"
97,ЦВ Amber,non_kfm,2026-09-14,14,14:00-15:00,low,block_12_18,bike,0.01,0.06,10.2,,,2.83,0.0,0.0,0.0,1.0,0,history,time_segment_shift_history,missing_cycle_time,global_hour,global_hour,"Нужно 0 кур.; прогноз 0.0 заказа/ч; окно block_12_18: история 0.00, цикл 0.00; выбрано: историческая производительность; страховой запас 0%"
97,ЦВ Amber,non_kfm,2026-09-14,15,15:00-16:00,low,block_12_18,bike,0.01,0.06,10.75,,,2.83,0.0,0.0,0.0,1.0,0,history,time_segment_shift_history,missing_cycle_time,global_hour,global_hour,"Нужно 0 кур.; прогноз 0.0 заказа/ч; окно block_12_18: история 0.00, цикл 0.00; выбрано: историческая производительность; страховой запас 0%"
97,ЦВ Amber,non_kfm,2026-09-14,16,16:00-17:00,low,block_12_18,bike,0.01,0.06,11.02,,,2.83,0.0,0.0,0.0,1.0,0,history,time_segment_shift_history,missing_cycle_time,global_hour,global_hour,"Нужно 0 кур.; прогноз 0.0 заказа/ч; окно block_12_18: история 0.00, цикл 0.00; выбрано: историческая производительность; страховой запас 0%"
97,ЦВ Amber,non_kfm,2026-09-14,17,17:00-18:00,low,block_12_18,bike,0.01,0.06,10.83,,,2.83,0.0,0.0,0.0,1.0,0,history,time_segment_shift_history,missing_cycle_time,global_hour,global_hour,"Нужно 0 кур.; прогноз 0.0 заказа/ч; окно block_12_18: история 0.00, цикл 0.00; выбрано: историческая производительность; страховой запас 0%"
97,ЦВ Amber,non_kfm,2026-09-14,18,18:00-19:00,low,block_18_24,bike,0.02,0.07,11.1,,,2.05,0.0,0.0,0.0,1.0,0,history,time_segment_shift_history,missing_cycle_time,global_hour,global_hour,"Нужно 0 кур.; прогноз 0.0 заказа/ч; окно block_18_24: история 0.00, цикл 0.00; выбрано: историческая производительность; страховой запас 0%"
97,ЦВ Amber,non_kfm,2026-09-14,19,19:00-20:00,low,block_18_24,bike,0.02,0.07,10.71,,,2.05,0.0,0.0,0.0,1.0,0,history,time_segment_shift_history,missing_cycle_time,global_hour,global_hour,"Нужно 0 кур.; прогноз 0.0 заказа/ч; окно block_18_24: история 0.00, цикл 0.00; выбрано: историческая производительность; страховой запас 0%"
97,ЦВ Amber,non_kfm,2026-09-14,20,20:00-21:00,low,block_18_24,bike,0.01,0.07,10.4,,,2.05,0.0,0.0,0.0,1.0,0,history,time_segment_shift_history,missing_cycle_time,global_hour,global_hour,"Нужно 0 кур.; прогноз 0.0 заказа/ч; окно block_18_24: история 0.00, цикл 0.00; выбрано: историческая производительность; страховой запас 0%"
97,ЦВ Amber,non_kfm,2026-09-14,21,21:00-22:00,low,block_18_24,bike,0.01,0.07,9.94,,,2.05,0.0,0.0,0.0,1.0,0,history,time_segment_shift_history,missing_cycle_time,global_hour,global_hour,"Нужно 0 кур.; прогноз 0.0 заказа/ч; окно block_18_24: история 0.00, цикл 0.00; выбрано: историческая производительность; страховой запас 0%"
97,ЦВ Amber,non_kfm,2026-09-14,22,22:00-23:00,low,block_18_24,bike,0.01,0.07,9.8,,,2.05,0.0,0.0,0.0,1.0,0,history,time_segment_shift_history,missing_cycle_time,global_hour,global_hour,"Нужно 0 кур.; прогноз 0.0 заказа/ч; окно block_18_24: история 0.00, цикл 0.00; выбрано: историческая производительность; страховой запас 0%"
99,Опен Аркус,kfm,2026-09-14,7,07:00-08:00,mega,opening,bike,4.24,4.39,12.09,,,1.96,1.12,0.0,1.12,1.0,1,history,segment_shift_history,missing_cycle_time,location_hour,location_hour,"Нужно 1 кур.; прогноз 4.2 заказа/ч; окно opening: история 1.12, цикл 0.00; выбрано: историческая производительность; страховой запас 0%"
99,Опен Аркус,kfm,2026-09-14,8,08:00-09:00,mega,early_morning,bike,7.3,7.3,12.32,,,1.91,3.82,0.0,3.82,1.0,4,history,segment_shift_history,missing_cycle_time,location_hour,location_hour,"Нужно 4 кур.; прогноз 7.3 заказа/ч; окно early_morning: история 3.82, цикл 0.00; выбрано: историческая производительность; страховой запас 0%"
99,Опен Аркус,kfm,2026-09-14,9,09:00-10:00,mega,morning,bike,7.02,15.69,13.69,,,1.23,6.4,0.0,6.4,1.0,7,history,location_shift_history,missing_cycle_time,location_hour,location_hour,"Нужно 7 кур.; прогноз 7.0 заказа/ч; окно morning: история 6.40, цикл 0.00; выбрано: историческая производительность; страховой запас 0%"
99,Опен Аркус,kfm,2026-09-14,10,10:00-11:00,mega,morning,bike,8.67,15.69,12.72,,,1.23,6.4,0.0,6.4,1.0,7,history,location_shift_history,missing_cycle_time,location_hour,location_hour,"Нужно 7 кур.; прогноз 8.7 заказа/ч; окно morning: история 6.40, цикл 0.00; выбрано: историческая производительность; страховой запас 0%"
99,Опен Аркус,kfm,2026-09-14,11,11:00-12:00,mega,lunch,bike,10.1,38.11,12.6,,,1.92,4.96,0.0,4.96,1.0,5,history,location_shift_history,missing_cycle_time,location_hour,location_hour,"Нужно 5 кур.; прогноз 10.1 заказа/ч; окно lunch: история 4.96, цикл 0.00; выбрано: историческая производительность; страховой запас 0%"
99,Опен Аркус,kfm,2026-09-14,12,12:00-13:00,mega,lunch,bike,10.6,38.11,12.2,,,1.92,4.96,0.0,4.96,1.0,5,history,location_shift_history,missing_cycle_time,location_hour,location_hour,"Нужно 5 кур.; прогноз 10.6 заказа/ч; окно lunch: история 4.96, цикл 0.00; выбрано: историческая производительность; страховой запас 0%"
99,Опен Аркус,kfm,2026-09-14,13,13:00-14:00,mega,lunch,bike,8.96,38.11,12.68,,,1.92,4.96,0.0,4.96,1.0,5,history,location_shift_history,missing_cycle_time,location_hour,location_hour,"Нужно 5 кур.; прогноз 9.0 заказа/ч; окно lunch: история 4.96, цикл 0.00; выбрано: историческая производительность; страховой запас 0%"
99,Опен Аркус,kfm,2026-09-14,14,14:00-15:00,mega,lunch,bike,8.46,38.11,11.65,,,1.92,4.96,0.0,4.96,1.0,5,history,location_shift_history,missing_cycle_time,location_hour,location_hour,"Нужно 5 кур.; прогноз 8.5 заказа/ч; окно lunch: история 4.96, цикл 0.00; выбрано: историческая производительность; страховой запас 0%"
99,Опен Аркус,kfm,2026-09-14,15,15:00-16:00,mega,afternoon,bike,8.26,18.45,12.27,,,1.37,4.5,0.0,4.5,1.0,5,history,location_shift_history,missing_cycle_time,location_hour,location_hour,"Нужно 5 кур.; прогноз 8.3 заказа/ч; окно afternoon: история 4.50, цикл 0.00; выбрано: историческая производительность; страховой запас 0%"
99,Опен Аркус,kfm,2026-09-14,16,16:00-17:00,mega,afternoon,bike,5.38,18.45,12.6,,,1.37,4.5,0.0,4.5,1.0,5,history,location_shift_history,missing_cycle_time,location_hour,location_hour,"Нужно 5 кур.; прогноз 5.4 заказа/ч; окно afternoon: история 4.50, цикл 0.00; выбрано: историческая производительность; страховой запас 0%"
99,Опен Аркус,kfm,2026-09-14,17,17:00-18:00,mega,afternoon,bike,4.8,18.45,13.0,,,1.37,4.5,0.0,4.5,1.0,5,history,location_shift_history,missing_cycle_time,location_hour,location_hour,"Нужно 5 кур.; прогноз 4.8 заказа/ч; окно afternoon: история 4.50, цикл 0.00; выбрано: историческая производительность; страховой запас 0%"
99,Опен Аркус,kfm,2026-09-14,18,18:00-19:00,mega,dinner,bike,6.75,18.77,13.25,,,1.96,3.2,0.0,3.2,1.0,3,history,location_shift_history,missing_cycle_time,location_hour,location_hour,"Нужно 3 кур.; прогноз 6.8 заказа/ч; окно dinner: история 3.20, цикл 0.00; выбрано: историческая производительность; страховой запас 0%"
99,Опен Аркус,kfm,2026-09-14,19,19:00-20:00,mega,dinner,bike,6.17,18.77,12.86,,,1.96,3.2,0.0,3.2,1.0,3,history,location_shift_history,missing_cycle_time,location_hour,location_hour,"Нужно 3 кур.; прогноз 6.2 заказа/ч; окно dinner: история 3.20, цикл 0.00; выбрано: историческая производительность; страховой запас 0%"
99,Опен Аркус,kfm,2026-09-14,20,20:00-21:00,mega,dinner,bike,5.85,18.77,12.32,,,1.96,3.2,0.0,3.2,1.0,3,history,location_shift_history,missing_cycle_time,location_hour,location_hour,"Нужно 3 кур.; прогноз 5.8 заказа/ч; окно dinner: история 3.20, цикл 0.00; выбрано: историческая производительность; страховой запас 0%"
99,Опен Аркус,kfm,2026-09-14,21,21:00-22:00,mega,late_evening,bike,5.15,7.75,12.86,,,1.9,1.36,0.0,1.36,1.0,1,history,segment_shift_history,missing_cycle_time,location_hour,location_hour,"Нужно 1 кур.; прогноз 5.1 заказа/ч; окно late_evening: история 1.36, цикл 0.00; выбрано: историческая производительность; страховой запас 0%"
99,Опен Аркус,kfm,2026-09-14,22,22:00-23:00,mega,late_evening,bike,2.48,7.75,12.05,,,1.9,1.36,0.0,1.36,1.0,1,history,segment_shift_history,missing_cycle_time,location_hour,location_hour,"Нужно 1 кур.; прогноз 2.5 заказа/ч; окно late_evening: история 1.36, цикл 0.00; выбрано: историческая производительность; страховой запас 0%"
