location_id,segment_datetime,segment,time_segment,orders_count,prediction,error,abs_error,peak_threshold
grp_302_443,2026-04-06 12:00:00+03:00,low,block_12_18,45.0,0.4610156285033104,-44.53898437149669,44.53898437149669,1.0
7,2025-12-23 00:00:00+03:00,mega,deep_night,48.0,13.457572338405093,-34.54242766159491,34.54242766159491,40.0
69,2026-03-09 12:00:00+03:00,mega,lunch,74.0,39.62016190455343,-34.37983809544657,34.37983809544657,40.0
16,2026-04-11 12:00:00+03:00,medium,block_12_18,32.0,1.2620173314447587,-30.73798266855524,30.73798266855524,19.0
grp_302_443,2025-12-18 12:00:00+03:00,low,block_12_18,31.0,0.3968085757684115,-30.60319142423159,30.60319142423159,1.0
grp_136_292,2026-04-10 12:00:00+03:00,medium,block_12_18,33.0,3.352016333988954,-29.647983666011047,29.647983666011047,19.0
11,2025-12-30 00:00:00+03:00,medium,block_00_06,45.0,15.516947763389528,-29.483052236610472,29.483052236610472,19.0
grp_302_443,2026-04-09 12:00:00+03:00,low,block_12_18,28.0,0.40036833868058314,-27.599631661319417,27.599631661319417,1.0
16,2026-04-07 12:00:00+03:00,medium,block_12_18,28.0,0.9275119062808229,-27.072488093719176,27.072488093719176,19.0
69,2026-02-20 12:00:00+03:00,mega,lunch,72.0,44.992106199233525,-27.007893800766475,27.007893800766475,40.0
434,2025-12-31 06:00:00+03:00,medium,block_06_12,33.0,7.037436713985916,-25.962563286014085,25.962563286014085,19.0
434,2025-12-11 12:00:00+03:00,medium,block_12_18,27.0,1.4160973368284828,-25.583902663171518,25.583902663171518,19.0
69,2026-02-19 12:00:00+03:00,mega,lunch,67.0,41.70842902791071,-25.29157097208929,25.29157097208929,40.0
grp_102_125,2025-12-31 12:00:00+03:00,medium,block_12_18,29.0,3.7369820190718546,-25.263017980928147,25.263017980928147,19.0
434,2025-12-31 12:00:00+03:00,medium,block_12_18,36.0,10.934449168154849,-25.06555083184515,25.06555083184515,19.0
434,2025-12-13 12:00:00+03:00,medium,block_12_18,26.0,1.105828352946639,-24.894171647053362,24.894171647053362,19.0
grp_302_443,2025-12-19 12:00:00+03:00,low,block_12_18,25.0,0.5126584964656378,-24.487341503534363,24.487341503534363,1.0
69,2026-02-14 12:00:00+03:00,mega,lunch,82.0,57.86377470926016,-24.136225290739837,24.136225290739837,40.0
grp_19_54,2026-04-11 12:00:00+03:00,medium,block_12_18,33.0,9.178157148115982,-23.821842851884018,23.821842851884018,19.0
16,2026-04-10 12:00:00+03:00,medium,block_12_18,25.0,1.2512647806726567,-23.748735219327344,23.748735219327344,19.0
69,2025-11-22 12:00:00+03:00,mega,lunch,92.0,68.80507110427473,-23.19492889572527,23.19492889572527,40.0
69,2026-02-16 15:00:00+03:00,mega,afternoon,47.0,23.830826265381585,-23.169173734618415,23.169173734618415,40.0
16,2026-02-13 12:00:00+03:00,medium,block_12_18,23.0,0.0,-23.0,23.0,19.0
69,2026-02-20 18:00:00+03:00,mega,dinner,52.0,29.0042005040732,-22.9957994959268,22.9957994959268,40.0
8,2025-12-04 12:00:00+03:00,mega,lunch,56.0,33.19711413111748,-22.80288586888252,22.80288586888252,40.0
grp_19_54,2026-02-14 18:00:00+03:00,medium,block_18_24,30.0,7.641494087108453,-22.358505912891548,22.358505912891548,19.0
72,2025-12-31 12:00:00+03:00,medium,block_12_18,23.0,0.8814286275396006,-22.118571372460398,22.118571372460398,19.0
69,2026-03-08 12:00:00+03:00,mega,lunch,45.0,66.94224910517235,21.94224910517235,21.94224910517235,40.0
434,2025-12-15 12:00:00+03:00,medium,block_12_18,23.0,1.127127517576598,-21.872872482423404,21.872872482423404,19.0
16,2026-04-09 12:00:00+03:00,medium,block_12_18,23.0,1.2638674754908106,-21.736132524509188,21.736132524509188,19.0
11,2025-12-07 00:00:00+03:00,medium,block_00_06,41.0,19.344050169963648,-21.655949830036352,21.655949830036352,19.0
69,2026-03-04 12:00:00+03:00,mega,lunch,66.0,44.644793625423915,-21.355206374576085,21.355206374576085,40.0
434,2026-01-25 18:00:00+03:00,medium,block_18_24,28.0,6.81479800669739,-21.18520199330261,21.18520199330261,19.0
434,2026-03-08 06:00:00+03:00,medium,block_06_12,31.0,9.887288863610156,-21.112711136389844,21.112711136389844,19.0
16,2026-04-05 06:00:00+03:00,medium,block_06_12,22.0,0.9537168050452356,-21.046283194954764,21.046283194954764,19.0
16,2026-02-12 12:00:00+03:00,medium,block_12_18,21.0,0.0,-21.0,21.0,19.0
16,2026-02-13 06:00:00+03:00,medium,block_06_12,21.0,0.0,-21.0,21.0,19.0
11,2026-01-12 06:00:00+03:00,medium,block_06_12,31.0,10.050300120953915,-20.949699879046086,20.949699879046086,19.0
434,2025-12-22 12:00:00+03:00,medium,block_12_18,33.0,12.100627062158543,-20.899372937841456,20.899372937841456,19.0
8,2026-02-12 12:00:00+03:00,mega,lunch,53.0,32.136260172010616,-20.863739827989384,20.863739827989384,40.0
434,2025-12-26 18:00:00+03:00,medium,block_18_24,27.0,6.317201838294628,-20.68279816170537,20.68279816170537,19.0
16,2026-02-12 18:00:00+03:00,medium,block_18_24,21.0,0.3231472988268079,-20.676852701173193,20.676852701173193,19.0
434,2026-02-01 18:00:00+03:00,medium,block_18_24,28.0,7.401451272658059,-20.598548727341942,20.598548727341942,19.0
16,2026-04-06 12:00:00+03:00,medium,block_12_18,21.0,0.5352935305843126,-20.464706469415688,20.464706469415688,19.0
434,2026-04-09 18:00:00+03:00,medium,block_18_24,27.0,6.582667126943001,-20.417332873057,20.417332873057,19.0
434,2026-02-09 12:00:00+03:00,medium,block_12_18,39.0,18.67017016549905,-20.32982983450095,20.32982983450095,19.0
16,2026-03-09 12:00:00+03:00,medium,block_12_18,21.0,0.8476888904696542,-20.152311109530345,20.152311109530345,19.0
434,2025-12-10 18:00:00+03:00,medium,block_18_24,22.0,1.9018710248952753,-20.098128975104725,20.098128975104725,19.0
434,2025-12-14 12:00:00+03:00,medium,block_12_18,21.0,1.1133907192989743,-19.886609280701027,19.886609280701027,19.0
grp_19_54,2026-04-12 12:00:00+03:00,medium,block_12_18,29.0,9.135092391365118,-19.86490760863488,19.86490760863488,19.0
16,2026-04-04 12:00:00+03:00,medium,block_12_18,21.0,1.178579783804287,-19.821420216195712,19.821420216195712,19.0
69,2026-02-27 12:00:00+03:00,mega,lunch,65.0,45.22254439629899,-19.777455603701007,19.777455603701007,40.0
16,2026-04-02 12:00:00+03:00,medium,block_12_18,21.0,1.2245861477590205,-19.77541385224098,19.77541385224098,19.0
16,2026-04-12 12:00:00+03:00,medium,block_12_18,21.0,1.247937065470379,-19.752062934529622,19.752062934529622,19.0
18,2025-12-31 12:00:00+03:00,medium,block_12_18,42.0,22.249619459938565,-19.750380540061435,19.750380540061435,19.0
grp_19_54,2026-02-15 18:00:00+03:00,medium,block_18_24,26.0,6.251685099705178,-19.748314900294822,19.748314900294822,19.0
16,2026-02-28 12:00:00+03:00,medium,block_12_18,21.0,1.2528458946879197,-19.74715410531208,19.74715410531208,19.0
8,2026-01-24 12:00:00+03:00,mega,lunch,52.0,32.315870437186994,-19.684129562813006,19.684129562813006,40.0
123,2025-12-18 12:00:00+03:00,medium,block_12_18,45.0,25.330570962379944,-19.669429037620056,19.669429037620056,19.0
grp_302_443,2025-12-17 12:00:00+03:00,low,block_12_18,20.0,0.3968085757684115,-19.60319142423159,19.60319142423159,1.0
grp_302_443,2026-03-04 12:00:00+03:00,low,block_12_18,20.0,0.4010238950741088,-19.598976104925892,19.598976104925892,1.0
69,2026-02-13 15:00:00+03:00,mega,afternoon,43.0,23.502604245918032,-19.497395754081968,19.497395754081968,40.0
69,2025-11-30 18:00:00+03:00,mega,dinner,51.0,31.638311510501488,-19.361688489498512,19.361688489498512,40.0
434,2026-01-14 12:00:00+03:00,medium,block_12_18,33.0,13.798659687738864,-19.201340312261138,19.201340312261138,19.0
16,2026-03-21 06:00:00+03:00,medium,block_06_12,20.0,0.8086563144483377,-19.19134368555166,19.19134368555166,19.0
434,2025-12-12 18:00:00+03:00,medium,block_18_24,21.0,1.9018710248952753,-19.098128975104725,19.098128975104725,19.0
69,2026-03-06 12:00:00+03:00,mega,lunch,65.0,45.93198972371714,-19.068010276282862,19.068010276282862,40.0
16,2026-02-09 12:00:00+03:00,medium,block_12_18,19.0,0.0,-19.0,19.0,19.0
grp_19_54,2025-12-14 18:00:00+03:00,medium,block_18_24,24.0,5.017798953659281,-18.98220104634072,18.98220104634072,19.0
434,2026-04-04 12:00:00+03:00,medium,block_12_18,32.0,13.246427257965975,-18.753572742034024,18.753572742034024,19.0
434,2025-12-20 18:00:00+03:00,medium,block_18_24,25.0,6.254581600757892,-18.74541839924211,18.74541839924211,19.0
16,2026-04-03 12:00:00+03:00,medium,block_12_18,20.0,1.3067223854012866,-18.693277614598713,18.693277614598713,19.0
8,2025-12-13 12:00:00+03:00,mega,lunch,60.0,41.37483489304213,-18.625165106957873,18.625165106957873,40.0
69,2026-04-06 15:00:00+03:00,mega,afternoon,44.0,25.413896906786647,-18.586103093213353,18.586103093213353,40.0
grp_19_54,2026-04-10 18:00:00+03:00,medium,block_18_24,25.0,6.4495002043632,-18.5504997956368,18.5504997956368,19.0
434,2025-12-28 12:00:00+03:00,medium,block_12_18,31.0,12.472549327336763,-18.527450672663235,18.527450672663235,19.0
8,2026-04-08 12:00:00+03:00,mega,lunch,46.0,27.544772206052887,-18.455227793947113,18.455227793947113,40.0
69,2026-02-19 18:00:00+03:00,mega,dinner,45.0,26.641477979172667,-18.358522020827333,18.358522020827333,40.0
grp_19_54,2026-02-21 18:00:00+03:00,medium,block_18_24,24.0,5.7349682596507705,-18.26503174034923,18.26503174034923,19.0
25,2025-12-17 12:00:00+03:00,medium,block_12_18,40.0,21.812103182187627,-18.187896817812373,18.187896817812373,19.0
16,2026-04-05 12:00:00+03:00,medium,block_12_18,19.0,0.8559596752653629,-18.144040324734636,18.144040324734636,19.0
69,2026-02-23 18:00:00+03:00,mega,dinner,46.0,27.867608712201957,-18.132391287798043,18.132391287798043,40.0
434,2025-12-22 18:00:00+03:00,medium,block_18_24,24.0,5.971555708080734,-18.028444291919264,18.028444291919264,19.0
grp_19_54,2026-02-20 12:00:00+03:00,medium,block_12_18,26.0,7.983934563232704,-18.016065436767295,18.016065436767295,19.0
grp_19_54,2026-02-21 12:00:00+03:00,medium,block_12_18,27.0,9.101650557943248,-17.89834944205675,17.89834944205675,19.0
434,2025-12-12 12:00:00+03:00,medium,block_12_18,19.0,1.1194718482181543,-17.880528151781846,17.880528151781846,19.0
434,2025-12-27 12:00:00+03:00,medium,block_12_18,30.0,12.181043522779927,-17.818956477220073,17.818956477220073,19.0
16,2026-02-21 12:00:00+03:00,medium,block_12_18,19.0,1.3254326363875746,-17.674567363612425,17.674567363612425,19.0
434,2026-03-07 06:00:00+03:00,medium,block_06_12,24.0,6.368484599853356,-17.631515400146643,17.631515400146643,19.0
7,2026-03-07 12:00:00+03:00,mega,lunch,40.0,22.387085208358755,-17.612914791641245,17.612914791641245,40.0
grp_302_443,2026-03-03 12:00:00+03:00,low,block_12_18,18.0,0.4006153723478379,-17.599384627652164,17.599384627652164,1.0
434,2025-12-15 06:00:00+03:00,medium,block_06_12,19.0,1.4374935847774843,-17.562506415222515,17.562506415222515,19.0
69,2026-03-07 12:00:00+03:00,mega,lunch,72.0,54.488330375525045,-17.511669624474955,17.511669624474955,40.0
grp_19_54,2026-02-22 12:00:00+03:00,medium,block_12_18,26.0,8.56401444077237,-17.435985559227632,17.435985559227632,19.0
69,2026-04-11 15:00:00+03:00,mega,afternoon,42.0,24.626119847602848,-17.373880152397152,17.373880152397152,40.0
69,2026-02-16 18:00:00+03:00,mega,dinner,44.0,26.671642634181367,-17.328357365818633,17.328357365818633,40.0
8,2026-01-26 12:00:00+03:00,mega,lunch,46.0,28.75277530430197,-17.24722469569803,17.24722469569803,40.0
grp_19_54,2025-12-13 18:00:00+03:00,medium,block_18_24,22.0,4.833369146448071,-17.16663085355193,17.16663085355193,19.0
434,2025-12-13 18:00:00+03:00,medium,block_18_24,19.0,1.859469884396066,-17.140530115603934,17.140530115603934,19.0
434,2026-01-17 12:00:00+03:00,medium,block_12_18,35.0,17.882948784752433,-17.117051215247567,17.117051215247567,19.0
434,2025-12-09 18:00:00+03:00,medium,block_18_24,19.0,1.9018710248952753,-17.098128975104725,17.098128975104725,19.0
grp_102_125,2026-02-14 18:00:00+03:00,medium,block_18_24,23.0,5.995905898869952,-17.004094101130047,17.004094101130047,19.0
434,2025-12-29 12:00:00+03:00,medium,block_12_18,30.0,13.052021827750451,-16.94797817224955,16.94797817224955,19.0
128,2025-12-24 12:00:00+03:00,high,lunch,41.0,24.109078765374583,-16.890921234625417,16.890921234625417,24.0
123,2025-11-24 12:00:00+03:00,medium,block_12_18,42.0,25.119132804426986,-16.880867195573014,16.880867195573014,19.0
10,2025-12-24 12:00:00+03:00,medium,block_12_18,36.0,19.174249293502072,-16.825750706497928,16.825750706497928,19.0
grp_19_54,2026-02-07 12:00:00+03:00,medium,block_12_18,26.0,9.358723465844298,-16.6412765341557,16.6412765341557,19.0
128,2025-11-21 12:00:00+03:00,high,lunch,39.0,22.417929254408605,-16.582070745591395,16.582070745591395,24.0
434,2026-02-14 12:00:00+03:00,medium,block_12_18,35.0,18.496918549337792,-16.503081450662208,16.503081450662208,19.0
479,2026-03-13 06:00:00+03:00,medium,block_06_12,26.0,9.542420933678715,-16.457579066321287,16.457579066321287,19.0
434,2025-12-16 12:00:00+03:00,medium,block_12_18,27.0,10.547250435390962,-16.452749564609036,16.452749564609036,19.0
69,2026-02-17 12:00:00+03:00,mega,lunch,55.0,38.67757878191882,-16.322421218081182,16.322421218081182,40.0
434,2026-03-05 18:00:00+03:00,medium,block_18_24,23.0,6.695025522763679,-16.30497447723632,16.30497447723632,19.0
69,2025-12-13 12:00:00+03:00,mega,lunch,66.0,82.27754079033174,16.27754079033174,16.27754079033174,40.0
34,2025-11-25 06:00:00+03:00,medium,block_06_12,21.0,4.727624827437592,-16.27237517256241,16.27237517256241,19.0
25,2025-12-12 12:00:00+03:00,medium,block_12_18,38.0,21.812103182187627,-16.187896817812373,16.187896817812373,19.0
35,2026-03-19 15:00:00+03:00,high,afternoon,30.0,13.832769819794056,-16.167230180205944,16.167230180205944,24.0
434,2026-02-08 12:00:00+03:00,medium,block_12_18,33.0,16.846067996599743,-16.153932003400257,16.153932003400257,19.0
grp_19_54,2025-12-14 12:00:00+03:00,medium,block_12_18,21.0,4.928634217272011,-16.071365782727987,16.071365782727987,19.0
grp_19_54,2026-04-10 12:00:00+03:00,medium,block_12_18,25.0,8.942982950973915,-16.057017049026086,16.057017049026086,19.0
25,2026-01-16 12:00:00+03:00,medium,block_12_18,29.0,13.034613306300647,-15.965386693699353,15.965386693699353,19.0
128,2026-02-15 18:00:00+03:00,high,dinner,29.0,13.088162080305164,-15.911837919694836,15.911837919694836,24.0
69,2025-12-06 12:00:00+03:00,mega,lunch,82.0,66.15497603583457,-15.845023964165435,15.845023964165435,40.0
128,2025-12-21 12:00:00+03:00,high,lunch,42.0,26.16446856339147,-15.83553143660853,15.83553143660853,24.0
434,2025-12-19 12:00:00+03:00,medium,block_12_18,27.0,11.188657284487306,-15.811342715512694,15.811342715512694,19.0
10,2026-02-03 12:00:00+03:00,medium,block_12_18,38.0,22.190655705914857,-15.809344294085143,15.809344294085143,19.0
434,2025-12-30 18:00:00+03:00,medium,block_18_24,21.0,5.328776972935871,-15.67122302706413,15.67122302706413,19.0
434,2026-01-23 18:00:00+03:00,medium,block_18_24,22.0,6.410464859949288,-15.589535140050712,15.589535140050712,19.0
434,2026-02-27 18:00:00+03:00,medium,block_18_24,22.0,6.4427680122236435,-15.557231987776357,15.557231987776357,19.0
grp_302_443,2025-12-22 12:00:00+03:00,low,block_12_18,16.0,0.4588253405541995,-15.541174659445801,15.541174659445801,1.0
69,2026-02-19 15:00:00+03:00,mega,afternoon,40.0,24.472638018092365,-15.527361981907635,15.527361981907635,40.0
8,2026-01-18 12:00:00+03:00,mega,lunch,47.0,31.48132161124747,-15.51867838875253,15.51867838875253,40.0
123,2025-12-21 12:00:00+03:00,medium,block_12_18,32.0,16.525649978002296,-15.474350021997704,15.474350021997704,19.0
99,2025-12-31 15:00:00+03:00,mega,afternoon,41.0,25.58315672909634,-15.416843270903659,15.416843270903659,40.0
123,2026-01-22 06:00:00+03:00,medium,block_06_12,32.0,16.669579840181612,-15.330420159818388,15.330420159818388,19.0
69,2026-04-05 12:00:00+03:00,mega,lunch,69.0,53.67258464931637,-15.32741535068363,15.32741535068363,40.0
434,2025-12-21 12:00:00+03:00,medium,block_12_18,27.0,11.68760387285421,-15.31239612714579,15.31239612714579,19.0
69,2026-01-23 18:00:00+03:00,mega,dinner,43.0,27.708422304430215,-15.291577695569785,15.291577695569785,40.0
128,2026-01-27 12:00:00+03:00,high,lunch,37.0,21.741028185285458,-15.258971814714542,15.258971814714542,24.0
128,2026-03-11 18:00:00+03:00,high,dinner,29.0,13.78046094677448,-15.21953905322552,15.21953905322552,24.0
10,2025-12-05 12:00:00+03:00,medium,block_12_18,37.0,21.806857952964158,-15.193142047035842,15.193142047035842,19.0
grp_19_54,2026-02-28 12:00:00+03:00,medium,block_12_18,23.0,7.828204337224251,-15.17179566277575,15.17179566277575,19.0
69,2026-03-03 12:00:00+03:00,mega,lunch,57.0,41.85870459302542,-15.141295406974578,15.141295406974578,40.0
69,2025-11-29 15:00:00+03:00,mega,afternoon,52.0,36.90278226490003,-15.097217735099967,15.097217735099967,40.0
69,2025-12-11 15:00:00+03:00,mega,afternoon,48.0,32.91055179656771,-15.08944820343229,15.08944820343229,40.0
37,2025-12-11 12:00:00+03:00,medium,block_12_18,27.0,11.917368836806729,-15.082631163193271,15.082631163193271,19.0
434,2025-12-26 12:00:00+03:00,medium,block_12_18,28.0,12.927112749865556,-15.072887250134444,15.072887250134444,19.0
128,2026-02-28 12:00:00+03:00,high,lunch,33.0,17.94228775892521,-15.057712241074789,15.057712241074789,24.0
26,2026-02-24 12:00:00+03:00,medium,block_12_18,37.0,21.964531468494755,-15.035468531505245,15.035468531505245,19.0
123,2026-03-12 12:00:00+03:00,medium,block_12_18,39.0,24.020293044870602,-14.979706955129398,14.979706955129398,19.0
434,2026-03-08 18:00:00+03:00,medium,block_18_24,20.0,5.061184526804123,-14.938815473195877,14.938815473195877,19.0
69,2026-02-06 18:00:00+03:00,mega,dinner,43.0,28.10256333279377,-14.897436667206229,14.897436667206229,40.0
434,2026-01-19 12:00:00+03:00,medium,block_12_18,30.0,15.10794115240581,-14.89205884759419,14.89205884759419,19.0
10,2026-03-02 12:00:00+03:00,medium,block_12_18,30.0,15.136218177778963,-14.863781822221037,14.863781822221037,19.0
11,2025-12-29 00:00:00+03:00,medium,block_00_06,38.0,23.18251598832393,-14.817484011676068,14.817484011676068,19.0
grp_19_54,2026-02-08 18:00:00+03:00,medium,block_18_24,22.0,7.244138662839848,-14.755861337160152,14.755861337160152,19.0
26,2025-12-22 12:00:00+03:00,medium,block_12_18,34.0,19.266464238184092,-14.733535761815908,14.733535761815908,19.0
grp_19_54,2026-02-16 12:00:00+03:00,medium,block_12_18,21.0,6.2732806873923845,-14.726719312607615,14.726719312607615,19.0
69,2025-12-31 12:00:00+03:00,mega,lunch,70.0,55.280870266025595,-14.719129733974405,14.719129733974405,40.0
35,2026-04-05 12:00:00+03:00,high,lunch,44.0,29.317154602414856,-14.682845397585144,14.682845397585144,24.0
434,2026-01-24 12:00:00+03:00,medium,block_12_18,32.0,17.3570284824134,-14.642971517586599,14.642971517586599,19.0
2,2026-02-24 12:00:00+03:00,high,lunch,35.0,20.386022418316703,-14.613977581683297,14.613977581683297,24.0
434,2026-01-18 18:00:00+03:00,medium,block_18_24,21.0,6.4082175257888485,-14.59178247421115,14.59178247421115,19.0
434,2026-01-17 18:00:00+03:00,medium,block_18_24,21.0,6.4082175257888485,-14.59178247421115,14.59178247421115,19.0
11,2025-12-11 06:00:00+03:00,medium,block_06_12,29.0,14.417596427016159,-14.582403572983841,14.582403572983841,19.0
69,2025-12-30 15:00:00+03:00,mega,afternoon,42.0,27.455061281474226,-14.544938718525774,14.544938718525774,40.0
128,2026-02-12 18:00:00+03:00,high,dinner,28.0,13.471117746162758,-14.528882253837242,14.528882253837242,24.0
21,2025-12-31 12:00:00+03:00,high,lunch,46.0,31.473025761964426,-14.526974238035574,14.526974238035574,24.0
434,2026-04-10 06:00:00+03:00,medium,block_06_12,22.0,7.486033013005052,-14.513966986994948,14.513966986994948,19.0
123,2025-12-25 12:00:00+03:00,medium,block_12_18,40.0,25.486176844436905,-14.513823155563095,14.513823155563095,19.0
8,2026-03-15 12:00:00+03:00,mega,lunch,45.0,30.570854469988323,-14.429145530011677,14.429145530011677,40.0
35,2026-02-28 12:00:00+03:00,high,lunch,39.0,24.571788844535515,-14.428211155464485,14.428211155464485,24.0
69,2026-04-10 18:00:00+03:00,mega,dinner,43.0,28.678750379200654,-14.321249620799346,14.321249620799346,40.0
69,2026-01-01 12:00:00+03:00,mega,lunch,48.0,33.7061979828915,-14.293802017108497,14.293802017108497,40.0
69,2026-04-04 12:00:00+03:00,mega,lunch,68.0,53.71245220147985,-14.287547798520151,14.287547798520151,40.0
35,2026-02-13 12:00:00+03:00,high,lunch,41.0,26.748378075351393,-14.251621924648607,14.251621924648607,24.0
434,2026-01-15 18:00:00+03:00,medium,block_18_24,20.0,5.768051851696188,-14.231948148303811,14.231948148303811,19.0
grp_19_54,2026-02-23 12:00:00+03:00,medium,block_12_18,22.0,7.772826057276482,-14.227173942723518,14.227173942723518,19.0
128,2026-04-08 18:00:00+03:00,high,dinner,28.0,13.790200728366662,-14.209799271633338,14.209799271633338,24.0
434,2026-02-15 18:00:00+03:00,medium,block_18_24,21.0,6.821186611578989,-14.17881338842101,14.17881338842101,19.0
35,2026-02-27 12:00:00+03:00,high,lunch,41.0,26.829523995025287,-14.170476004974713,14.170476004974713,24.0
11,2026-02-23 00:00:00+03:00,medium,block_00_06,32.0,17.859076817531527,-14.140923182468473,14.140923182468473,19.0
69,2026-03-04 18:00:00+03:00,mega,dinner,44.0,29.87196835104727,-14.128031648952732,14.128031648952732,40.0
434,2025-12-25 18:00:00+03:00,medium,block_18_24,20.0,5.962800186338824,-14.037199813661175,14.037199813661175,19.0
69,2026-03-05 12:00:00+03:00,mega,lunch,55.0,40.96482168770435,-14.035178312295649,14.035178312295649,40.0
434,2026-02-23 12:00:00+03:00,medium,block_12_18,31.0,16.97049347543535,-14.029506524564649,14.029506524564649,19.0
434,2026-03-09 18:00:00+03:00,medium,block_18_24,21.0,7.017539943015546,-13.982460056984454,13.982460056984454,19.0
434,2026-03-04 12:00:00+03:00,medium,block_12_18,31.0,17.124049628157085,-13.875950371842915,13.875950371842915,19.0
69,2026-02-17 18:00:00+03:00,mega,dinner,40.0,26.141269505953574,-13.858730494046426,13.858730494046426,40.0
434,2025-12-16 18:00:00+03:00,medium,block_18_24,20.0,6.170551482049997,-13.829448517950002,13.829448517950002,19.0
10,2025-12-16 12:00:00+03:00,medium,block_12_18,33.0,19.184699424494347,-13.815300575505653,13.815300575505653,19.0
434,2025-12-28 18:00:00+03:00,medium,block_18_24,20.0,6.232105046470187,-13.767894953529813,13.767894953529813,19.0
7,2025-12-11 12:00:00+03:00,mega,lunch,43.0,29.249886065676606,-13.750113934323394,13.750113934323394,40.0
434,2026-03-25 18:00:00+03:00,medium,block_18_24,20.0,6.299230031263349,-13.700769968736651,13.700769968736651,19.0
69,2026-02-13 12:00:00+03:00,mega,lunch,57.0,43.31108509194801,-13.688914908051991,13.688914908051991,40.0
434,2025-12-21 18:00:00+03:00,medium,block_18_24,20.0,6.3139748162868345,-13.686025183713166,13.686025183713166,19.0
434,2026-01-09 18:00:00+03:00,medium,block_18_24,19.0,5.365615675027388,-13.634384324972611,13.634384324972611,19.0
11,2026-03-08 00:00:00+03:00,medium,block_00_06,35.0,21.373238430894638,-13.626761569105362,13.626761569105362,19.0
434,2026-03-01 12:00:00+03:00,medium,block_12_18,32.0,18.39335324148899,-13.606646758511008,13.606646758511008,19.0
434,2025-12-24 12:00:00+03:00,medium,block_12_18,25.0,11.395306012735182,-13.604693987264818,13.604693987264818,19.0
434,2026-02-27 12:00:00+03:00,medium,block_12_18,30.0,16.45034231554371,-13.549657684456289,13.549657684456289,19.0
11,2025-12-01 06:00:00+03:00,medium,block_06_12,31.0,17.453596526509028,-13.546403473490972,13.546403473490972,19.0
30,2025-12-23 12:00:00+03:00,high,lunch,43.0,29.46281000927507,-13.53718999072493,13.53718999072493,24.0
69,2026-01-31 12:00:00+03:00,mega,lunch,67.0,53.48483757791142,-13.51516242208858,13.51516242208858,40.0
123,2026-01-21 12:00:00+03:00,medium,block_12_18,36.0,22.518846235071415,-13.481153764928585,13.481153764928585,19.0
69,2025-12-08 12:00:00+03:00,mega,lunch,60.0,46.530159573126895,-13.469840426873105,13.469840426873105,40.0
434,2026-02-19 18:00:00+03:00,medium,block_18_24,20.0,6.537514115344462,-13.462485884655539,13.462485884655539,19.0
434,2025-12-29 18:00:00+03:00,medium,block_18_24,20.0,6.540576901319566,-13.459423098680434,13.459423098680434,19.0
434,2026-01-25 12:00:00+03:00,medium,block_12_18,31.0,17.5626359733334,-13.4373640266666,13.4373640266666,19.0
434,2026-04-10 18:00:00+03:00,medium,block_18_24,20.0,6.585612898633096,-13.414387101366904,13.414387101366904,19.0
99,2026-02-13 12:00:00+03:00,mega,lunch,52.0,38.6063010416217,-13.393698958378302,13.393698958378302,40.0
26,2025-12-18 12:00:00+03:00,medium,block_12_18,34.0,20.63186125984845,-13.36813874015155,13.36813874015155,19.0
30,2025-12-13 12:00:00+03:00,high,lunch,49.0,35.65810959199738,-13.34189040800262,13.34189040800262,24.0
11,2026-02-18 06:00:00+03:00,medium,block_06_12,23.0,9.694356354380353,-13.305643645619647,13.305643645619647,19.0
434,2026-02-23 18:00:00+03:00,medium,block_18_24,19.0,5.7132837392225175,-13.286716260777482,13.286716260777482,19.0
69,2026-01-24 09:00:00+03:00,mega,morning,42.0,28.726089034125362,-13.273910965874638,13.273910965874638,40.0
69,2026-02-11 18:00:00+03:00,mega,dinner,40.0,26.757603670859645,-13.242396329140355,13.242396329140355,40.0
35,2026-03-20 12:00:00+03:00,high,lunch,39.0,25.76411319280495,-13.235886807195051,13.235886807195051,24.0
123,2025-12-11 12:00:00+03:00,medium,block_12_18,38.0,24.783181223214825,-13.216818776785175,13.216818776785175,19.0
8,2026-01-16 12:00:00+03:00,mega,lunch,41.0,27.804462522760026,-13.195537477239974,13.195537477239974,40.0
434,2026-01-14 18:00:00+03:00,medium,block_18_24,20.0,6.828120638891652,-13.17187936110835,13.17187936110835,19.0
434,2026-04-11 18:00:00+03:00,medium,block_18_24,19.0,5.829506153106165,-13.170493846893834,13.170493846893834,19.0
434,2026-01-05 12:00:00+03:00,medium,block_12_18,29.0,15.946230265637363,-13.053769734362637,13.053769734362637,19.0
434,2026-02-10 12:00:00+03:00,medium,block_12_18,28.0,14.946949818690635,-13.053050181309365,13.053050181309365,19.0
69,2025-12-30 12:00:00+03:00,mega,lunch,53.0,39.976879731247976,-13.023120268752024,13.023120268752024,40.0
8,2025-11-29 12:00:00+03:00,mega,lunch,48.0,34.97933606196461,-13.02066393803539,13.02066393803539,40.0
434,2026-03-02 18:00:00+03:00,medium,block_18_24,20.0,6.992556839675448,-13.007443160324552,13.007443160324552,19.0
18,2025-12-31 06:00:00+03:00,medium,block_06_12,26.0,12.996812068982711,-13.003187931017289,13.003187931017289,19.0
11,2025-12-26 00:00:00+03:00,medium,block_00_06,36.0,23.02105812641045,-12.978941873589552,12.978941873589552,19.0
434,2026-01-19 18:00:00+03:00,medium,block_18_24,19.0,6.128150796172301,-12.871849203827699,12.871849203827699,19.0
99,2025-12-30 12:00:00+03:00,mega,lunch,49.0,36.143751653819294,-12.856248346180706,12.856248346180706,40.0
128,2025-12-18 12:00:00+03:00,high,lunch,36.0,23.19486874410968,-12.80513125589032,12.80513125589032,24.0
33,2026-01-13 12:00:00+03:00,high,lunch,33.0,20.201087082063903,-12.798912917936097,12.798912917936097,24.0
grp_19_54,2026-03-13 12:00:00+03:00,medium,block_12_18,19.0,6.235889567697838,-12.76411043230216,12.76411043230216,19.0
8,2025-11-30 12:00:00+03:00,mega,lunch,51.0,38.26365844432061,-12.736341555679388,12.736341555679388,40.0
8,2026-03-31 12:00:00+03:00,mega,lunch,40.0,27.282332722402394,-12.717667277597606,12.717667277597606,40.0
21,2026-03-09 12:00:00+03:00,high,lunch,27.0,14.29420741636821,-12.70579258363179,12.70579258363179,24.0
69,2025-12-31 09:00:00+03:00,mega,morning,44.0,31.296787868246273,-12.703212131753727,12.703212131753727,40.0
434,2026-01-09 12:00:00+03:00,medium,block_12_18,26.0,13.345299335498567,-12.654700664501433,12.654700664501433,19.0
69,2026-03-06 18:00:00+03:00,mega,dinner,48.0,35.37440827421035,-12.625591725789647,12.625591725789647,40.0
grp_302_443,2026-01-13 12:00:00+03:00,low,block_12_18,13.0,0.4054721672533218,-12.594527832746678,12.594527832746678,1.0
434,2026-03-05 12:00:00+03:00,medium,block_12_18,29.0,16.41427383133976,-12.58572616866024,12.58572616866024,19.0
478,2026-02-14 18:00:00+03:00,low,block_18_24,14.0,1.4310023246864412,-12.56899767531356,12.56899767531356,1.0
101,2026-03-01 12:00:00+03:00,high,lunch,27.0,14.431299914418815,-12.568700085581185,12.568700085581185,24.0
grp_302_443,2025-12-23 12:00:00+03:00,low,block_12_18,13.0,0.4588253405541995,-12.541174659445801,12.541174659445801,1.0
grp_19_54,2026-02-09 18:00:00+03:00,medium,block_18_24,19.0,6.481816855467675,-12.518183144532326,12.518183144532326,19.0
38,2025-12-13 18:00:00+03:00,medium,block_18_24,21.0,8.48182374308874,-12.51817625691126,12.51817625691126,19.0
434,2026-02-19 12:00:00+03:00,medium,block_12_18,29.0,16.483931473215193,-12.516068526784807,12.516068526784807,19.0
35,2026-02-07 12:00:00+03:00,high,lunch,42.0,29.50486373618032,-12.495136263819681,12.495136263819681,24.0
142,2026-02-20 12:00:00+03:00,medium,block_12_18,24.0,11.522878047867822,-12.477121952132178,12.477121952132178,19.0
101,2026-01-31 12:00:00+03:00,high,lunch,26.0,13.561312274178883,-12.438687725821117,12.438687725821117,24.0
123,2026-02-27 12:00:00+03:00,medium,block_12_18,32.0,19.568340587452727,-12.431659412547273,12.431659412547273,19.0
grp_19_54,2026-04-11 18:00:00+03:00,medium,block_18_24,20.0,7.615920789000337,-12.384079210999662,12.384079210999662,19.0
128,2026-01-18 18:00:00+03:00,high,dinner,24.0,11.631094346045382,-12.368905653954618,12.368905653954618,24.0
grp_288_424,2025-12-19 18:00:00+03:00,medium,block_18_24,19.0,6.634589952581301,-12.365410047418699,12.365410047418699,19.0
434,2026-02-07 12:00:00+03:00,medium,block_12_18,30.0,17.63485913122384,-12.365140868776159,12.365140868776159,19.0
128,2025-12-23 15:00:00+03:00,high,afternoon,25.0,12.647643584560434,-12.352356415439566,12.352356415439566,24.0
434,2025-12-27 18:00:00+03:00,medium,block_18_24,19.0,6.661539608230339,-12.338460391769662,12.338460391769662,19.0
434,2026-02-15 12:00:00+03:00,medium,block_12_18,31.0,18.701787811677562,-12.298212188322438,12.298212188322438,19.0
128,2025-11-20 18:00:00+03:00,high,dinner,26.0,13.731036212662492,-12.268963787337508,12.268963787337508,24.0
grp_19_54,2026-02-25 12:00:00+03:00,medium,block_12_18,20.0,7.759512509155227,-12.240487490844773,12.240487490844773,19.0
123,2026-01-12 12:00:00+03:00,medium,block_12_18,27.0,14.763695952467788,-12.236304047532212,12.236304047532212,19.0
434,2026-01-25 06:00:00+03:00,medium,block_06_12,20.0,7.775338099314094,-12.224661900685906,12.224661900685906,19.0
grp_19_54,2026-02-15 12:00:00+03:00,medium,block_12_18,21.0,8.775742176988546,-12.224257823011454,12.224257823011454,19.0
434,2026-02-04 18:00:00+03:00,medium,block_18_24,19.0,6.79967503210963,-12.20032496789037,12.20032496789037,19.0
434,2026-01-31 18:00:00+03:00,medium,block_18_24,19.0,6.820231666511394,-12.179768333488607,12.179768333488607,19.0
30,2026-03-28 09:00:00+03:00,high,morning,29.0,16.825347510597176,-12.174652489402824,12.174652489402824,24.0
69,2026-04-12 12:00:00+03:00,mega,lunch,47.0,59.16571040252068,12.16571040252068,12.16571040252068,40.0
2,2025-12-26 12:00:00+03:00,high,lunch,37.0,24.855346396247377,-12.144653603752623,12.144653603752623,24.0
434,2026-01-24 18:00:00+03:00,medium,block_18_24,19.0,6.861720941795534,-12.138279058204466,12.138279058204466,19.0
grp_19_54,2026-02-20 18:00:00+03:00,medium,block_18_24,20.0,7.8686272181388155,-12.131372781861185,12.131372781861185,19.0
12,2026-03-09 12:00:00+03:00,high,lunch,32.0,19.92446268722023,-12.075537312779769,12.075537312779769,24.0
123,2025-11-21 12:00:00+03:00,medium,block_12_18,35.0,22.93278277615282,-12.06721722384718,12.06721722384718,19.0
434,2025-12-18 12:00:00+03:00,medium,block_12_18,25.0,12.953507995633895,-12.046492004366105,12.046492004366105,19.0
26,2025-12-26 12:00:00+03:00,medium,block_12_18,32.0,19.991435162978238,-12.008564837021762,12.008564837021762,19.0
99,2025-11-25 12:00:00+03:00,mega,lunch,55.0,43.016700537498174,-11.983299462501826,11.983299462501826,40.0
33,2025-12-18 12:00:00+03:00,high,lunch,39.0,27.06717271921492,-11.93282728078508,11.93282728078508,24.0
126,2025-12-09 12:00:00+03:00,high,lunch,43.0,31.086142096861195,-11.913857903138805,11.913857903138805,24.0
69,2026-02-27 18:00:00+03:00,mega,dinner,43.0,31.094696543761703,-11.905303456238297,11.905303456238297,40.0
grp_19_54,2026-02-14 12:00:00+03:00,medium,block_12_18,20.0,8.103241879941018,-11.896758120058982,11.896758120058982,19.0
123,2025-12-24 12:00:00+03:00,medium,block_12_18,37.0,25.107039000087596,-11.892960999912404,11.892960999912404,19.0
434,2026-02-22 12:00:00+03:00,medium,block_12_18,30.0,18.13328284914779,-11.86671715085221,11.86671715085221,19.0
11,2026-03-05 00:00:00+03:00,medium,block_00_06,27.0,15.157977652465155,-11.842022347534845,11.842022347534845,19.0
2,2025-12-25 12:00:00+03:00,high,lunch,38.0,26.161618974820655,-11.838381025179345,11.838381025179345,24.0
10,2026-02-05 12:00:00+03:00,medium,block_12_18,34.0,22.187574638204556,-11.812425361795444,11.812425361795444,19.0
8,2025-12-01 12:00:00+03:00,mega,lunch,49.0,37.21760122538193,-11.782398774618073,11.782398774618073,40.0
123,2025-11-28 06:00:00+03:00,medium,block_06_12,32.0,20.25364412501451,-11.74635587498549,11.74635587498549,19.0
434,2026-02-04 12:00:00+03:00,medium,block_12_18,25.0,13.25502602736983,-11.74497397263017,11.74497397263017,19.0
434,2026-04-09 12:00:00+03:00,medium,block_12_18,29.0,17.275216723012047,-11.724783276987953,11.724783276987953,19.0
128,2025-12-16 12:00:00+03:00,high,lunch,36.0,24.291684665352918,-11.708315334647082,11.708315334647082,24.0
115,2025-12-26 15:00:00+03:00,high,afternoon,25.0,13.340926880526421,-11.659073119473579,11.659073119473579,24.0
26,2025-12-02 18:00:00+03:00,medium,block_18_24,19.0,7.354409896151415,-11.645590103848585,11.645590103848585,19.0
69,2026-04-04 09:00:00+03:00,mega,morning,41.0,29.364218764357584,-11.635781235642416,11.635781235642416,40.0
25,2026-02-19 18:00:00+03:00,medium,block_18_24,19.0,7.388549130960437,-11.611450869039562,11.611450869039562,19.0
99,2026-04-11 12:00:00+03:00,mega,lunch,53.0,41.39405861992225,-11.605941380077752,11.605941380077752,40.0
30,2025-12-31 12:00:00+03:00,high,lunch,47.0,35.4017601536169,-11.598239846383102,11.598239846383102,24.0
grp_302_443,2026-01-12 12:00:00+03:00,low,block_12_18,12.0,0.4054721672533218,-11.594527832746678,11.594527832746678,1.0
18,2026-01-29 12:00:00+03:00,medium,block_12_18,21.0,9.427232118910412,-11.572767881089588,11.572767881089588,19.0
142,2026-04-06 12:00:00+03:00,medium,block_12_18,23.0,11.430693788282825,-11.569306211717175,11.569306211717175,19.0
35,2026-04-03 12:00:00+03:00,high,lunch,36.0,24.455867714663846,-11.544132285336154,11.544132285336154,24.0
9,2026-02-08 12:00:00+03:00,high,lunch,25.0,13.469823621620133,-11.530176378379867,11.530176378379867,24.0
123,2025-12-13 06:00:00+03:00,medium,block_06_12,27.0,15.47698681284636,-11.52301318715364,11.52301318715364,19.0
35,2025-12-10 12:00:00+03:00,high,lunch,41.0,29.484266861006294,-11.515733138993706,11.515733138993706,24.0
25,2025-12-26 12:00:00+03:00,medium,block_12_18,35.0,23.50352073765882,-11.496479262341179,11.496479262341179,19.0
37,2025-12-13 06:00:00+03:00,medium,block_06_12,22.0,10.506608648964061,-11.493391351035939,11.493391351035939,19.0
123,2025-12-20 12:00:00+03:00,medium,block_12_18,28.0,16.525649978002296,-11.474350021997704,11.474350021997704,19.0
35,2026-02-15 18:00:00+03:00,high,dinner,27.0,15.56447796257019,-11.43552203742981,11.43552203742981,24.0
35,2026-03-06 18:00:00+03:00,high,dinner,25.0,13.584089924193565,-11.415910075806435,11.415910075806435,24.0
434,2025-12-20 12:00:00+03:00,medium,block_12_18,24.0,12.605667886187534,-11.394332113812466,11.394332113812466,19.0
69,2026-02-15 12:00:00+03:00,mega,lunch,68.0,56.61288181560624,-11.387118184393763,11.387118184393763,40.0
128,2026-02-01 18:00:00+03:00,high,dinner,24.0,12.682999404686456,-11.317000595313544,11.317000595313544,24.0
69,2026-03-09 18:00:00+03:00,mega,dinner,42.0,30.68910208837327,-11.310897911626729,11.310897911626729,40.0
11,2025-12-02 06:00:00+03:00,medium,block_06_12,21.0,9.702411602614413,-11.297588397385587,11.297588397385587,19.0
123,2026-02-02 12:00:00+03:00,medium,block_12_18,35.0,23.713497713671575,-11.286502286328425,11.286502286328425,19.0
29,2025-12-27 12:00:00+03:00,mega,lunch,41.0,52.26172906335584,11.261729063355837,11.261729063355837,40.0
25,2025-12-26 06:00:00+03:00,medium,block_06_12,25.0,13.739550092746946,-11.260449907253054,11.260449907253054,19.0
8,2026-01-20 12:00:00+03:00,mega,lunch,44.0,32.75828334469786,-11.241716655302142,11.241716655302142,40.0
grp_19_54,2026-02-03 12:00:00+03:00,medium,block_12_18,19.0,7.759512509155227,-11.240487490844773,11.240487490844773,19.0
10,2025-12-10 12:00:00+03:00,medium,block_12_18,34.0,22.825166984900267,-11.174833015099733,11.174833015099733,19.0
128,2025-12-21 18:00:00+03:00,high,dinner,26.0,14.826112422537127,-11.173887577462873,11.173887577462873,24.0
99,2025-11-23 12:00:00+03:00,mega,lunch,61.0,49.835616487820346,-11.164383512179654,11.164383512179654,40.0
434,2026-03-22 12:00:00+03:00,medium,block_12_18,29.0,17.844173654341937,-11.155826345658063,11.155826345658063,19.0
142,2025-12-01 12:00:00+03:00,medium,block_12_18,23.0,11.844237022044686,-11.155762977955314,11.155762977955314,19.0
8,2025-12-25 12:00:00+03:00,mega,lunch,50.0,38.869277303322036,-11.130722696677964,11.130722696677964,40.0
35,2026-03-21 12:00:00+03:00,high,lunch,41.0,29.882763632225725,-11.117236367774275,11.117236367774275,24.0
35,2026-03-14 18:00:00+03:00,high,dinner,26.0,14.909754393566386,-11.090245606433614,11.090245606433614,24.0
99,2025-11-22 12:00:00+03:00,mega,lunch,61.0,49.9201392580085,-11.079860741991503,11.079860741991503,40.0
142,2026-02-03 12:00:00+03:00,medium,block_12_18,23.0,11.920429706878515,-11.079570293121485,11.079570293121485,19.0
128,2025-12-26 12:00:00+03:00,high,lunch,35.0,23.921042860243027,-11.078957139756973,11.078957139756973,24.0
99,2026-03-07 12:00:00+03:00,mega,lunch,54.0,42.92139722040807,-11.078602779591932,11.078602779591932,40.0
12,2025-12-25 15:00:00+03:00,high,afternoon,26.0,14.924778210253333,-11.075221789746667,11.075221789746667,24.0
10,2025-12-18 12:00:00+03:00,medium,block_12_18,32.0,20.977129445181415,-11.022870554818585,11.022870554818585,19.0
26,2025-12-12 12:00:00+03:00,medium,block_12_18,32.0,21.072735993968394,-10.927264006031606,10.927264006031606,19.0
69,2025-11-27 12:00:00+03:00,mega,lunch,59.0,48.0746940734714,-10.925305926528601,10.925305926528601,40.0
434,2026-03-20 12:00:00+03:00,medium,block_12_18,28.0,17.124049628157085,-10.875950371842915,10.875950371842915,19.0
123,2025-11-26 06:00:00+03:00,medium,block_06_12,33.0,22.12937451797725,-10.87062548202275,10.87062548202275,19.0
33,2026-02-15 12:00:00+03:00,high,lunch,33.0,22.146585763676075,-10.853414236323925,10.853414236323925,24.0
11,2025-12-16 06:00:00+03:00,medium,block_06_12,31.0,20.165901406318305,-10.834098593681695,10.834098593681695,19.0
10,2026-04-07 12:00:00+03:00,medium,block_12_18,28.0,17.179398248642546,-10.820601751357454,10.820601751357454,19.0
35,2026-04-01 12:00:00+03:00,high,lunch,36.0,25.180794130839455,-10.819205869160545,10.819205869160545,24.0
8,2026-02-11 12:00:00+03:00,mega,lunch,41.0,30.182147918292404,-10.817852081707596,10.817852081707596,40.0
35,2026-01-05 12:00:00+03:00,high,lunch,33.0,22.275596588750393,-10.724403411249607,10.724403411249607,24.0
69,2026-02-14 09:00:00+03:00,mega,morning,41.0,30.27639092128886,-10.723609078711139,10.723609078711139,40.0
128,2025-12-06 12:00:00+03:00,high,lunch,36.0,25.300379826418016,-10.699620173581984,10.699620173581984,24.0
4,2025-12-11 12:00:00+03:00,high,lunch,43.0,32.314085034944014,-10.685914965055986,10.685914965055986,24.0
35,2025-12-21 12:00:00+03:00,high,lunch,46.0,35.32544943555062,-10.674550564449383,10.674550564449383,24.0
128,2025-12-02 18:00:00+03:00,high,dinner,24.0,13.329104006222254,-10.670895993777746,10.670895993777746,24.0
434,2026-01-06 12:00:00+03:00,medium,block_12_18,25.0,14.333228277194442,-10.666771722805558,10.666771722805558,19.0
434,2026-01-28 06:00:00+03:00,medium,block_06_12,19.0,8.344103607099814,-10.655896392900186,10.655896392900186,19.0
35,2025-12-12 12:00:00+03:00,high,lunch,40.0,29.34897692228845,-10.65102307771155,10.65102307771155,24.0
1,2025-12-25 12:00:00+03:00,medium,block_12_18,26.0,15.37507523838801,-10.62492476161199,10.62492476161199,19.0
4,2026-02-09 12:00:00+03:00,high,lunch,37.0,26.376410932492256,-10.623589067507744,10.623589067507744,24.0
30,2025-11-24 12:00:00+03:00,high,lunch,40.0,29.378899845568814,-10.621100154431186,10.621100154431186,24.0
128,2026-02-11 18:00:00+03:00,high,dinner,24.0,13.38817974894224,-10.61182025105776,10.61182025105776,24.0
69,2025-12-19 12:00:00+03:00,mega,lunch,58.0,47.41693831258964,-10.583061687410357,10.583061687410357,40.0
20,2025-12-05 12:00:00+03:00,medium,block_12_18,26.0,15.464839617909725,-10.535160382090275,10.535160382090275,19.0
8,2025-12-21 12:00:00+03:00,mega,lunch,52.0,41.50332490268636,-10.496675097313641,10.496675097313641,40.0
123,2025-12-01 06:00:00+03:00,medium,block_06_12,32.0,21.534141110075424,-10.465858889924576,10.465858889924576,19.0
18,2026-04-05 06:00:00+03:00,medium,block_06_12,31.0,20.55804998126126,-10.44195001873874,10.44195001873874,19.0
18,2025-12-21 12:00:00+03:00,medium,block_12_18,34.0,23.60290107289868,-10.397098927101322,10.397098927101322,19.0
123,2025-12-09 12:00:00+03:00,medium,block_12_18,35.0,24.607650592903397,-10.392349407096603,10.392349407096603,19.0
14,2026-04-10 12:00:00+03:00,high,lunch,24.0,13.71677891457326,-10.28322108542674,10.28322108542674,24.0
35,2026-04-11 15:00:00+03:00,high,afternoon,24.0,13.717718661473846,-10.282281338526154,10.282281338526154,24.0
434,2026-01-03 12:00:00+03:00,medium,block_12_18,26.0,15.72124168512259,-10.27875831487741,10.27875831487741,19.0
35,2026-01-16 12:00:00+03:00,high,lunch,36.0,25.72344601529482,-10.276553984705181,10.276553984705181,24.0
99,2025-11-27 12:00:00+03:00,mega,lunch,52.0,41.72456732916133,-10.275432670838669,10.275432670838669,40.0
21,2025-12-19 18:00:00+03:00,high,dinner,24.0,13.724654845111644,-10.275345154888356,10.275345154888356,24.0
26,2026-01-14 12:00:00+03:00,medium,block_12_18,23.0,12.745938410540031,-10.254061589459969,10.254061589459969,19.0
35,2026-03-31 12:00:00+03:00,high,lunch,35.0,24.75003928348951,-10.24996071651049,10.24996071651049,24.0
69,2026-04-07 12:00:00+03:00,mega,lunch,50.0,39.75501706985883,-10.24498293014117,10.24498293014117,40.0
1,2026-02-26 12:00:00+03:00,medium,block_12_18,22.0,11.76476489649929,-10.23523510350071,10.23523510350071,19.0
35,2025-11-27 12:00:00+03:00,high,lunch,37.0,26.769087258259948,-10.230912741740052,10.230912741740052,24.0
1,2026-02-05 12:00:00+03:00,medium,block_12_18,21.0,10.77353993986463,-10.22646006013537,10.22646006013537,19.0
1,2026-04-06 12:00:00+03:00,medium,block_12_18,23.0,12.786303609898711,-10.213696390101289,10.213696390101289,19.0
123,2025-12-03 12:00:00+03:00,medium,block_12_18,35.0,24.78636687601416,-10.21363312398584,10.21363312398584,19.0
grp_19_54,2026-03-21 12:00:00+03:00,medium,block_12_18,19.0,8.804159991154252,-10.195840008845748,10.195840008845748,19.0
128,2025-12-25 15:00:00+03:00,high,afternoon,24.0,13.811059719077024,-10.188940280922976,10.188940280922976,24.0
4,2026-03-06 12:00:00+03:00,high,lunch,37.0,26.82434080819642,-10.175659191803579,10.175659191803579,24.0
10,2026-03-06 12:00:00+03:00,medium,block_12_18,30.0,19.840760381570604,-10.159239618429396,10.159239618429396,19.0
126,2026-02-02 15:00:00+03:00,high,afternoon,24.0,13.842147090991062,-10.157852909008938,10.157852909008938,24.0
30,2026-02-14 09:00:00+03:00,high,morning,28.0,17.86828927289212,-10.13171072710788,10.13171072710788,24.0
18,2026-04-11 06:00:00+03:00,medium,block_06_12,28.0,17.892324129351067,-10.107675870648933,10.107675870648933,19.0
10,2026-02-17 18:00:00+03:00,medium,block_18_24,20.0,9.921288504451946,-10.078711495548054,10.078711495548054,19.0
grp_302_443,2025-12-24 12:00:00+03:00,low,block_12_18,11.0,0.9311163051175408,-10.068883694882459,10.068883694882459,1.0
128,2026-02-06 12:00:00+03:00,high,lunch,34.0,23.941635932445124,-10.058364067554876,10.058364067554876,24.0
128,2025-12-04 18:00:00+03:00,high,dinner,24.0,13.977535665542776,-10.022464334457224,10.022464334457224,24.0
35,2026-04-10 12:00:00+03:00,high,lunch,37.0,26.990976999730336,-10.009023000269664,10.009023000269664,24.0
grp_19_54,2026-02-08 12:00:00+03:00,medium,block_12_18,19.0,9.005238137702609,-9.994761862297391,9.994761862297391,19.0
434,2026-03-10 12:00:00+03:00,medium,block_12_18,27.0,17.078063748591102,-9.921936251408898,9.921936251408898,19.0
123,2026-04-09 12:00:00+03:00,medium,block_12_18,34.0,24.09500527438701,-9.90499472561299,9.90499472561299,19.0
11,2026-01-10 00:00:00+03:00,medium,block_00_06,31.0,21.119840477711126,-9.880159522288874,9.880159522288874,19.0
37,2026-01-28 06:00:00+03:00,medium,block_06_12,21.0,11.129396414881704,-9.870603585118296,9.870603585118296,19.0
grp_98_298,2025-12-05 12:00:00+03:00,medium,block_12_18,19.0,9.143848547447824,-9.856151452552176,9.856151452552176,19.0
grp_98_298,2025-12-19 12:00:00+03:00,medium,block_12_18,19.0,9.143848547447824,-9.856151452552176,9.856151452552176,19.0
grp_302_443,2026-03-03 06:00:00+03:00,low,block_06_12,10.0,0.16074206188179468,-9.839257938118205,9.839257938118205,1.0
128,2025-11-30 12:00:00+03:00,high,lunch,34.0,24.165762453311114,-9.834237546688886,9.834237546688886,24.0
123,2025-12-16 06:00:00+03:00,medium,block_06_12,31.0,21.1778954174038,-9.8221045825962,9.8221045825962,19.0
99,2025-11-28 12:00:00+03:00,mega,lunch,53.0,43.19786915841153,-9.802130841588472,9.802130841588472,40.0
35,2026-03-23 12:00:00+03:00,high,lunch,36.0,26.211811279245584,-9.788188720754416,9.788188720754416,24.0
69,2025-11-22 15:00:00+03:00,mega,afternoon,45.0,35.22084940841156,-9.77915059158844,9.77915059158844,40.0
12,2025-12-31 15:00:00+03:00,high,afternoon,27.0,17.227820424135796,-9.772179575864204,9.772179575864204,24.0
69,2026-03-13 18:00:00+03:00,mega,dinner,45.0,35.228012232098166,-9.771987767901834,9.771987767901834,40.0
35,2026-03-14 09:00:00+03:00,high,morning,25.0,15.248605461786276,-9.751394538213724,9.751394538213724,24.0
10,2026-02-04 12:00:00+03:00,medium,block_12_18,30.0,20.261617871530667,-9.738382128469333,9.738382128469333,19.0
25,2025-12-20 06:00:00+03:00,medium,block_06_12,21.0,11.276443227243044,-9.723556772756956,9.723556772756956,19.0
11,2025-12-20 00:00:00+03:00,medium,block_00_06,33.0,23.29648740910411,-9.70351259089589,9.70351259089589,19.0
8,2025-12-20 12:00:00+03:00,mega,lunch,52.0,42.30114073505169,-9.698859264948311,9.698859264948311,40.0
8,2026-03-04 12:00:00+03:00,mega,lunch,40.0,30.30591514899688,-9.694084851003119,9.694084851003119,40.0
11,2025-12-05 00:00:00+03:00,medium,block_00_06,31.0,21.307719268100602,-9.692280731899398,9.692280731899398,19.0
25,2026-01-23 06:00:00+03:00,medium,block_06_12,24.0,14.315542140554673,-9.684457859445327,9.684457859445327,19.0
26,2026-02-03 12:00:00+03:00,medium,block_12_18,29.0,19.331073655904454,-9.668926344095546,9.668926344095546,19.0
35,2025-12-13 09:00:00+03:00,high,morning,27.0,17.3423829830244,-9.6576170169756,9.6576170169756,24.0
115,2026-02-04 12:00:00+03:00,high,lunch,30.0,20.349484773323343,-9.650515226676657,9.650515226676657,24.0
128,2026-03-10 18:00:00+03:00,high,dinner,24.0,14.374844233948144,-9.625155766051856,9.625155766051856,24.0
69,2026-02-15 18:00:00+03:00,mega,dinner,41.0,31.401484256238557,-9.598515743761443,9.598515743761443,40.0
115,2026-01-14 12:00:00+03:00,high,lunch,27.0,17.428881630003406,-9.571118369996594,9.571118369996594,24.0
434,2026-02-02 12:00:00+03:00,medium,block_12_18,27.0,17.430299550902227,-9.569700449097773,9.569700449097773,19.0
128,2025-12-01 12:00:00+03:00,high,lunch,33.0,23.443894959815196,-9.556105040184804,9.556105040184804,24.0
4,2025-12-30 12:00:00+03:00,high,lunch,36.0,26.478985838477502,-9.521014161522498,9.521014161522498,24.0
434,2026-01-21 12:00:00+03:00,medium,block_12_18,28.0,18.48598232589864,-9.51401767410136,9.51401767410136,19.0
26,2026-03-02 12:00:00+03:00,medium,block_12_18,26.0,16.489659008025463,-9.510340991974537,9.510340991974537,19.0
434,2026-01-30 12:00:00+03:00,medium,block_12_18,26.0,16.492832972676645,-9.507167027323355,9.507167027323355,19.0
434,2026-04-01 12:00:00+03:00,medium,block_12_18,23.0,13.493449605293016,-9.506550394706984,9.506550394706984,19.0
99,2026-02-21 12:00:00+03:00,mega,lunch,55.0,45.4995511372787,-9.5004488627213,9.5004488627213,40.0
8,2026-02-19 12:00:00+03:00,mega,lunch,42.0,32.52780328006568,-9.472196719934317,9.472196719934317,40.0
434,2025-12-17 12:00:00+03:00,medium,block_12_18,20.0,10.529544969764462,-9.470455030235538,9.470455030235538,19.0
128,2025-12-27 12:00:00+03:00,high,lunch,35.0,25.5354028000342,-9.464597199965802,9.464597199965802,24.0
12,2026-02-13 12:00:00+03:00,high,lunch,33.0,23.53904176555465,-9.46095823444535,9.46095823444535,24.0
11,2026-01-14 06:00:00+03:00,medium,block_06_12,21.0,11.54116125179305,-9.45883874820695,9.45883874820695,19.0
11,2026-03-23 06:00:00+03:00,medium,block_06_12,22.0,12.55004488943127,-9.44995511056873,9.44995511056873,19.0
434,2026-03-14 12:00:00+03:00,medium,block_12_18,25.0,15.57292708786148,-9.42707291213852,9.42707291213852,19.0
99,2026-03-13 12:00:00+03:00,mega,lunch,46.0,36.59735157725708,-9.40264842274292,9.40264842274292,40.0
69,2026-02-16 12:00:00+03:00,mega,lunch,51.0,41.607201962682005,-9.392798037317995,9.392798037317995,40.0
99,2026-01-22 12:00:00+03:00,mega,lunch,43.0,33.60786170731731,-9.392138292682688,9.392138292682688,40.0
10,2025-12-23 12:00:00+03:00,medium,block_12_18,33.0,23.615123755108545,-9.384876244891455,9.384876244891455,19.0
434,2025-12-25 12:00:00+03:00,medium,block_12_18,22.0,12.649325881187782,-9.350674118812218,9.350674118812218,19.0
14,2026-01-21 12:00:00+03:00,high,lunch,25.0,15.65705674475001,-9.34294325524999,9.34294325524999,24.0
25,2026-02-03 06:00:00+03:00,medium,block_06_12,22.0,12.661505863400123,-9.338494136599877,9.338494136599877,19.0
69,2026-01-08 12:00:00+03:00,mega,lunch,53.0,43.692302252793226,-9.307697747206774,9.307697747206774,40.0
4,2025-12-08 12:00:00+03:00,high,lunch,41.0,31.69686040855326,-9.30313959144674,9.30313959144674,24.0
10,2026-01-15 12:00:00+03:00,medium,block_12_18,24.0,14.715895175018378,-9.284104824981622,9.284104824981622,19.0
39,2025-12-31 12:00:00+03:00,mega,lunch,49.0,39.72088711416994,-9.27911288583006,9.27911288583006,40.0
18,2026-01-24 06:00:00+03:00,medium,block_06_12,25.0,15.724488084229268,-9.275511915770732,9.275511915770732,19.0
11,2026-01-26 06:00:00+03:00,medium,block_06_12,27.0,17.77911539167017,-9.220884608329829,9.220884608329829,19.0
123,2025-12-17 12:00:00+03:00,medium,block_12_18,34.0,24.783181223214825,-9.216818776785175,9.216818776785175,19.0
126,2025-12-16 15:00:00+03:00,high,afternoon,25.0,15.78897358872909,-9.21102641127091,9.21102641127091,24.0
11,2026-02-05 06:00:00+03:00,medium,block_06_12,24.0,14.79714341034374,-9.20285658965626,9.20285658965626,19.0
123,2026-04-07 06:00:00+03:00,medium,block_06_12,30.0,20.816292488466974,-9.183707511533026,9.183707511533026,19.0
35,2025-12-29 15:00:00+03:00,high,afternoon,27.0,17.816648211167664,-9.183351788832336,9.183351788832336,24.0
11,2026-01-27 06:00:00+03:00,medium,block_06_12,19.0,9.858398604062545,-9.141601395937455,9.141601395937455,19.0
26,2025-12-16 12:00:00+03:00,medium,block_12_18,31.0,21.869062660278782,-9.130937339721218,9.130937339721218,19.0
11,2026-03-10 06:00:00+03:00,medium,block_06_12,19.0,9.888798443871673,-9.111201556128327,9.111201556128327,19.0
69,2025-12-27 09:00:00+03:00,mega,morning,47.0,37.892196792058726,-9.107803207941274,9.107803207941274,40.0
434,2026-02-16 12:00:00+03:00,medium,block_12_18,28.0,18.900119733278903,-9.099880266721097,9.099880266721097,19.0
99,2025-12-13 12:00:00+03:00,mega,lunch,44.0,53.097102854872126,9.097102854872126,9.097102854872126,40.0
128,2025-12-19 18:00:00+03:00,high,dinner,24.0,14.909199330822755,-9.090800669177245,9.090800669177245,24.0
11,2026-03-02 06:00:00+03:00,medium,block_06_12,19.0,9.916866455156766,-9.083133544843234,9.083133544843234,19.0
434,2026-01-18 12:00:00+03:00,medium,block_12_18,24.0,14.918864212163154,-9.081135787836846,9.081135787836846,19.0
25,2026-02-17 12:00:00+03:00,medium,block_12_18,30.0,20.931918154448805,-9.068081845551195,9.068081845551195,19.0
35,2026-04-08 12:00:00+03:00,high,lunch,36.0,26.93473560966688,-9.06526439033312,9.06526439033312,24.0
33,2026-01-12 12:00:00+03:00,high,lunch,30.0,20.937714511194894,-9.062285488805106,9.062285488805106,24.0
33,2026-02-12 12:00:00+03:00,high,lunch,31.0,21.943803414631066,-9.056196585368934,9.056196585368934,24.0
434,2026-02-18 12:00:00+03:00,medium,block_12_18,27.0,17.953585819579057,-9.046414180420943,9.046414180420943,19.0
11,2026-02-04 06:00:00+03:00,medium,block_06_12,19.0,9.962000103265062,-9.037999896734938,9.037999896734938,19.0
35,2026-02-16 12:00:00+03:00,high,lunch,35.0,25.988258613939976,-9.011741386060024,9.011741386060024,24.0
35,2025-12-18 15:00:00+03:00,high,afternoon,28.0,18.998276821160026,-9.001723178839974,9.001723178839974,24.0
99,2025-12-05 12:00:00+03:00,mega,lunch,52.0,42.99897095467258,-9.00102904532742,9.00102904532742,40.0
18,2025-12-28 06:00:00+03:00,medium,block_06_12,24.0,14.999346915953616,-9.000653084046384,9.000653084046384,19.0
123,2026-03-25 06:00:00+03:00,medium,block_06_12,31.0,21.99992837529022,-9.00007162470978,9.00007162470978,19.0
69,2025-12-05 12:00:00+03:00,mega,lunch,57.0,48.01193480702199,-8.988065192978013,8.988065192978013,40.0
128,2026-01-17 12:00:00+03:00,high,lunch,31.0,22.027099351076277,-8.972900648923723,8.972900648923723,24.0
1,2026-02-16 12:00:00+03:00,medium,block_12_18,23.0,14.029762536605656,-8.970237463394344,8.970237463394344,19.0
35,2025-12-28 15:00:00+03:00,high,afternoon,25.0,16.05886307293654,-8.94113692706346,8.94113692706346,24.0
8,2026-01-23 12:00:00+03:00,mega,lunch,42.0,33.07275676354825,-8.927243236451751,8.927243236451751,40.0
35,2026-01-23 12:00:00+03:00,high,lunch,36.0,27.074148511046204,-8.925851488953796,8.925851488953796,24.0
434,2026-04-07 12:00:00+03:00,medium,block_12_18,22.0,13.078578166424544,-8.921421833575456,8.921421833575456,19.0
26,2026-01-22 06:00:00+03:00,medium,block_06_12,22.0,13.08445078093386,-8.91554921906614,8.91554921906614,19.0
21,2026-01-21 12:00:00+03:00,high,lunch,25.0,16.093046644220927,-8.906953355779073,8.906953355779073,24.0
25,2026-02-12 12:00:00+03:00,medium,block_12_18,27.0,18.09307405514142,-8.906925944858578,8.906925944858578,19.0
26,2026-03-04 12:00:00+03:00,medium,block_12_18,30.0,21.094456508749985,-8.905543491250015,8.905543491250015,19.0
30,2025-12-20 12:00:00+03:00,high,lunch,29.0,37.88058751932606,8.880587519326063,8.880587519326063,24.0
123,2026-03-03 06:00:00+03:00,medium,block_06_12,29.0,20.122843172419923,-8.877156827580077,8.877156827580077,19.0
383,2025-12-31 06:00:00+03:00,low,block_06_12,9.0,0.12456075105354295,-8.875439248946456,8.875439248946456,1.0
123,2025-11-27 06:00:00+03:00,medium,block_06_12,31.0,22.12937451797725,-8.87062548202275,8.87062548202275,19.0
69,2026-04-13 12:00:00+03:00,mega,lunch,52.0,43.136569642463456,-8.863430357536544,8.863430357536544,40.0
grp_302_443,2025-12-18 06:00:00+03:00,low,block_06_12,9.0,0.15563353302069438,-8.844366466979306,8.844366466979306,1.0
33,2026-03-23 12:00:00+03:00,high,lunch,31.0,22.157335448656397,-8.842664551343603,8.842664551343603,24.0
128,2026-01-30 12:00:00+03:00,high,lunch,30.0,21.159046226286875,-8.840953773713125,8.840953773713125,24.0
11,2025-12-10 06:00:00+03:00,medium,block_06_12,29.0,20.15986558642578,-8.84013441357422,8.84013441357422,19.0
37,2025-12-19 06:00:00+03:00,medium,block_06_12,21.0,12.173076663169962,-8.826923336830038,8.826923336830038,19.0
126,2026-03-12 15:00:00+03:00,high,afternoon,24.0,15.17447377473612,-8.82552622526388,8.82552622526388,24.0
128,2026-03-08 12:00:00+03:00,high,lunch,34.0,25.190223142302173,-8.809776857697827,8.809776857697827,24.0
35,2025-12-02 15:00:00+03:00,high,afternoon,25.0,16.228866497663123,-8.771133502336877,8.771133502336877,24.0
25,2026-01-24 06:00:00+03:00,medium,block_06_12,19.0,10.229666232702588,-8.770333767297412,8.770333767297412,19.0
25,2026-03-07 06:00:00+03:00,medium,block_06_12,20.0,11.240899437713454,-8.759100562286546,8.759100562286546,19.0
35,2026-04-06 12:00:00+03:00,high,lunch,35.0,26.24744548645025,-8.75255451354975,8.75255451354975,24.0
434,2026-03-08 12:00:00+03:00,medium,block_12_18,26.0,17.247907217348402,-8.752092782651598,8.752092782651598,19.0
35,2026-02-18 12:00:00+03:00,high,lunch,35.0,26.27087461064742,-8.729125389352578,8.729125389352578,24.0
69,2025-12-21 12:00:00+03:00,mega,lunch,61.0,69.72293081912065,8.722930819120648,8.722930819120648,40.0
35,2025-12-24 12:00:00+03:00,high,lunch,38.0,29.27950240253059,-8.72049759746941,8.72049759746941,24.0
10,2026-01-29 12:00:00+03:00,medium,block_12_18,26.0,17.283658491137555,-8.716341508862445,8.716341508862445,19.0
4,2025-12-04 12:00:00+03:00,high,lunch,41.0,32.28369870564491,-8.716301294355091,8.716301294355091,24.0
38,2025-12-01 18:00:00+03:00,medium,block_18_24,19.0,10.315714923769537,-8.684285076230463,8.684285076230463,19.0
69,2025-11-29 12:00:00+03:00,mega,lunch,63.0,71.6760700707553,8.676070070755301,8.676070070755301,40.0
25,2026-01-12 12:00:00+03:00,medium,block_12_18,26.0,17.3272939772614,-8.672706022738598,8.672706022738598,19.0
123,2026-02-04 06:00:00+03:00,medium,block_06_12,23.0,14.333871668367431,-8.666128331632569,8.666128331632569,19.0
99,2025-12-31 12:00:00+03:00,mega,lunch,56.0,47.33599536696713,-8.664004633032867,8.664004633032867,40.0
35,2026-04-05 09:00:00+03:00,high,morning,24.0,15.337054369385394,-8.662945630614606,8.662945630614606,24.0
30,2025-11-23 12:00:00+03:00,high,lunch,42.0,33.34483968829665,-8.655160311703348,8.655160311703348,24.0
30,2025-11-30 09:00:00+03:00,high,morning,26.0,17.350442398087907,-8.649557601912093,8.649557601912093,24.0
123,2025-12-22 06:00:00+03:00,medium,block_06_12,31.0,22.357807920866442,-8.642192079133558,8.642192079133558,19.0
25,2025-12-22 06:00:00+03:00,medium,block_06_12,26.0,17.360848453541752,-8.639151546458248,8.639151546458248,19.0
434,2026-03-09 12:00:00+03:00,medium,block_12_18,26.0,17.381232078040703,-8.618767921959297,8.618767921959297,19.0
4,2025-12-18 12:00:00+03:00,high,lunch,41.0,32.39153439177005,-8.608465608229949,8.608465608229949,24.0
35,2025-12-11 18:00:00+03:00,high,dinner,27.0,18.419798393273936,-8.580201606726064,8.580201606726064,24.0
478,2026-04-06 18:00:00+03:00,low,block_18_24,10.0,1.4201365000711832,-8.579863499928816,8.579863499928816,1.0
26,2026-01-21 06:00:00+03:00,medium,block_06_12,20.0,11.433196831562901,-8.566803168437099,8.566803168437099,19.0
434,2026-01-15 12:00:00+03:00,medium,block_12_18,26.0,17.437695710425544,-8.562304289574456,8.562304289574456,19.0
69,2025-11-27 18:00:00+03:00,mega,dinner,43.0,34.441625270357655,-8.558374729642345,8.558374729642345,40.0
142,2026-03-11 12:00:00+03:00,medium,block_12_18,20.0,11.459336460187068,-8.540663539812932,8.540663539812932,19.0
69,2026-03-12 18:00:00+03:00,mega,dinner,40.0,31.460702066514333,-8.539297933485667,8.539297933485667,40.0
126,2026-02-10 12:00:00+03:00,high,lunch,34.0,25.472313518364064,-8.527686481635936,8.527686481635936,24.0
33,2026-02-21 12:00:00+03:00,high,lunch,32.0,23.479269460776212,-8.520730539223788,8.520730539223788,24.0
11,2025-12-22 00:00:00+03:00,medium,block_00_06,30.0,21.492554408294982,-8.507445591705018,8.507445591705018,19.0
25,2026-02-06 12:00:00+03:00,medium,block_12_18,21.0,12.50627598770283,-8.49372401229717,8.49372401229717,19.0
33,2025-12-14 12:00:00+03:00,high,lunch,33.0,24.530011151264297,-8.469988848735703,8.469988848735703,24.0
30,2026-02-14 12:00:00+03:00,high,lunch,41.0,32.536654099551136,-8.463345900448864,8.463345900448864,24.0
126,2026-02-24 12:00:00+03:00,high,lunch,32.0,23.55979063283455,-8.440209367165451,8.440209367165451,24.0
123,2026-02-04 12:00:00+03:00,medium,block_12_18,33.0,24.566151368951655,-8.433848631048345,8.433848631048345,19.0
348,2025-12-31 12:00:00+03:00,medium,block_12_18,19.0,10.57022702520103,-8.42977297479897,8.42977297479897,19.0
30,2025-11-22 12:00:00+03:00,high,lunch,44.0,35.58343515076073,-8.416564849239272,8.416564849239272,24.0
18,2025-11-23 06:00:00+03:00,medium,block_06_12,28.0,19.58892112688655,-8.41107887311345,8.41107887311345,19.0
8,2026-04-09 12:00:00+03:00,mega,lunch,41.0,32.607693778873305,-8.392306221126695,8.392306221126695,40.0
18,2025-12-16 12:00:00+03:00,medium,block_12_18,24.0,15.60986195285267,-8.39013804714733,8.39013804714733,19.0
26,2026-02-06 06:00:00+03:00,medium,block_06_12,21.0,12.632455015192885,-8.367544984807115,8.367544984807115,19.0
1,2026-01-24 12:00:00+03:00,medium,block_12_18,21.0,12.656125227883399,-8.343874772116601,8.343874772116601,19.0
126,2026-04-09 12:00:00+03:00,high,lunch,35.0,26.659942744017105,-8.340057255982895,8.340057255982895,24.0
10,2025-12-14 12:00:00+03:00,medium,block_12_18,25.0,16.660827003164588,-8.339172996835412,8.339172996835412,19.0
35,2026-02-26 18:00:00+03:00,high,dinner,24.0,15.66214928458707,-8.33785071541293,8.33785071541293,24.0
18,2026-03-15 06:00:00+03:00,medium,block_06_12,24.0,15.666384332820625,-8.333615667179375,8.333615667179375,19.0
4,2025-11-27 12:00:00+03:00,high,lunch,39.0,30.667912000888606,-8.332087999111394,8.332087999111394,24.0
30,2026-02-19 12:00:00+03:00,high,lunch,35.0,26.681170944664107,-8.318829055335893,8.318829055335893,24.0
4,2026-02-11 12:00:00+03:00,high,lunch,35.0,26.684539610353767,-8.315460389646233,8.315460389646233,24.0
99,2025-12-25 12:00:00+03:00,mega,lunch,52.0,43.695868398805544,-8.304131601194456,8.304131601194456,40.0
123,2026-04-09 06:00:00+03:00,medium,block_06_12,28.0,19.701680880678254,-8.298319119321746,8.298319119321746,19.0
10,2026-01-12 12:00:00+03:00,medium,block_12_18,23.0,14.701857898584532,-8.298142101415468,8.298142101415468,19.0
35,2025-12-14 12:00:00+03:00,high,lunch,42.0,33.722600973727,-8.277399026273002,8.277399026273002,24.0
33,2025-12-28 12:00:00+03:00,high,lunch,32.0,23.725116525200406,-8.274883474799594,8.274883474799594,24.0
123,2026-01-28 12:00:00+03:00,medium,block_12_18,33.0,24.764033238103213,-8.235966761896787,8.235966761896787,19.0
434,2026-03-06 12:00:00+03:00,medium,block_12_18,27.0,18.764917670414746,-8.235082329585254,8.235082329585254,19.0
69,2026-03-17 18:00:00+03:00,mega,dinner,41.0,32.77684877517281,-8.223151224827191,8.223151224827191,40.0
69,2025-12-29 12:00:00+03:00,mega,lunch,52.0,43.78297204465862,-8.21702795534138,8.21702795534138,40.0
434,2026-04-10 12:00:00+03:00,medium,block_12_18,23.0,14.783775853957394,-8.216224146042606,8.216224146042606,19.0
10,2026-03-24 12:00:00+03:00,medium,block_12_18,24.0,15.78469256627165,-8.21530743372835,8.21530743372835,19.0
35,2026-03-15 15:00:00+03:00,high,afternoon,24.0,15.793309154480543,-8.206690845519457,8.206690845519457,24.0
18,2025-12-07 06:00:00+03:00,medium,block_06_12,25.0,16.796194156909237,-8.203805843090763,8.203805843090763,19.0
35,2025-12-20 12:00:00+03:00,high,lunch,43.0,34.7982996332222,-8.2017003667778,8.2017003667778,24.0
126,2026-02-19 12:00:00+03:00,high,lunch,35.0,26.80493086393822,-8.195069136061779,8.195069136061779,24.0
35,2025-12-16 12:00:00+03:00,high,lunch,38.0,29.805828730351546,-8.194171269648454,8.194171269648454,24.0
99,2026-03-20 12:00:00+03:00,mega,lunch,48.0,39.80935518007378,-8.19064481992622,8.19064481992622,40.0
33,2025-12-24 12:00:00+03:00,high,lunch,35.0,26.81724018563777,-8.182759814362232,8.182759814362232,24.0
123,2026-03-25 12:00:00+03:00,medium,block_12_18,32.0,23.82831842642877,-8.171681573571231,8.171681573571231,19.0
126,2026-01-20 12:00:00+03:00,high,lunch,34.0,25.849955895321695,-8.150044104678305,8.150044104678305,24.0
18,2025-11-23 12:00:00+03:00,medium,block_12_18,28.0,19.851219347053245,-8.148780652946755,8.148780652946755,19.0
126,2025-12-26 12:00:00+03:00,high,lunch,39.0,30.861727792172488,-8.138272207827512,8.138272207827512,24.0
516,2026-04-12 06:00:00+03:00,low,block_06_12,9.0,0.8638625523432918,-8.136137447656708,8.136137447656708,1.0
516,2026-04-11 06:00:00+03:00,low,block_06_12,9.0,0.8638625523432918,-8.136137447656708,8.136137447656708,1.0
21,2026-03-30 12:00:00+03:00,high,lunch,24.0,15.93815213865141,-8.06184786134859,8.06184786134859,24.0
25,2026-02-05 06:00:00+03:00,medium,block_06_12,22.0,13.941077551660017,-8.058922448339983,8.058922448339983,19.0
14,2025-11-22 12:00:00+03:00,high,lunch,29.0,20.95284286067605,-8.04715713932395,8.04715713932395,24.0
434,2025-12-23 12:00:00+03:00,medium,block_12_18,21.0,12.953507995633895,-8.046492004366105,8.046492004366105,19.0
434,2026-04-12 12:00:00+03:00,medium,block_12_18,25.0,16.96853299575686,-8.03146700424314,8.03146700424314,19.0
99,2026-01-31 12:00:00+03:00,mega,lunch,50.0,41.98690017821718,-8.013099821782824,8.013099821782824,40.0
99,2025-12-27 12:00:00+03:00,mega,lunch,44.0,52.012214338122,8.012214338122,8.012214338122,40.0
35,2026-01-18 12:00:00+03:00,high,lunch,38.0,30.0398999835786,-7.9601000164214,7.9601000164214,24.0
33,2026-01-18 12:00:00+03:00,high,lunch,28.0,20.058252757747017,-7.941747242252983,7.941747242252983,24.0
20,2025-11-26 12:00:00+03:00,medium,block_12_18,22.0,14.058648816038014,-7.941351183961986,7.941351183961986,19.0
10,2026-02-16 12:00:00+03:00,medium,block_12_18,30.0,22.07520079290127,-7.924799207098729,7.924799207098729,19.0
422,2025-12-31 06:00:00+03:00,low,block_06_12,8.0,0.07896398645819229,-7.921036013541808,7.921036013541808,1.0
26,2026-01-23 06:00:00+03:00,medium,block_06_12,21.0,13.08445078093386,-7.91554921906614,7.91554921906614,19.0
29,2025-12-07 12:00:00+03:00,mega,lunch,42.0,49.87484961945937,7.8748496194593685,7.8748496194593685,40.0
4,2025-12-05 12:00:00+03:00,high,lunch,24.0,31.86752284183604,7.867522841836038,7.867522841836038,24.0
128,2026-02-01 12:00:00+03:00,high,lunch,31.0,23.142911129843444,-7.857088870156556,7.857088870156556,24.0
10,2026-02-24 12:00:00+03:00,medium,block_12_18,30.0,22.143339734671724,-7.856660265328276,7.856660265328276,19.0
8,2026-02-02 12:00:00+03:00,mega,lunch,41.0,33.150782884249104,-7.849217115750896,7.849217115750896,40.0
26,2025-12-09 18:00:00+03:00,medium,block_18_24,19.0,11.197662765941729,-7.802337234058271,7.802337234058271,19.0
33,2025-12-31 12:00:00+03:00,high,lunch,36.0,28.210704379447684,-7.789295620552316,7.789295620552316,24.0
11,2025-12-17 06:00:00+03:00,medium,block_06_12,29.0,21.224154458733683,-7.775845541266317,7.775845541266317,19.0
35,2025-12-22 12:00:00+03:00,high,lunch,36.0,28.226079516739244,-7.773920483260756,7.773920483260756,24.0
35,2026-02-14 12:00:00+03:00,high,lunch,39.0,31.23351195500735,-7.7664880449926486,7.7664880449926486,24.0
2,2025-12-22 12:00:00+03:00,high,lunch,30.0,22.25428127505732,-7.74571872494268,7.74571872494268,24.0
69,2026-03-26 12:00:00+03:00,mega,lunch,52.0,44.265900458516846,-7.734099541483154,7.734099541483154,40.0
35,2025-12-18 12:00:00+03:00,high,lunch,37.0,29.266625617690273,-7.7333743823097265,7.7333743823097265,24.0
4,2026-02-24 12:00:00+03:00,high,lunch,33.0,25.27008176958354,-7.729918230416459,7.729918230416459,24.0
35,2026-01-24 12:00:00+03:00,high,lunch,37.0,29.27301693848125,-7.726983061518752,7.726983061518752,24.0
434,2026-04-08 12:00:00+03:00,medium,block_12_18,25.0,17.275216723012047,-7.724783276987953,7.724783276987953,19.0
128,2026-03-06 12:00:00+03:00,high,lunch,32.0,24.28414761981224,-7.7158523801877585,7.7158523801877585,24.0
2,2026-02-17 12:00:00+03:00,high,lunch,30.0,22.284645575077988,-7.715354424922012,7.715354424922012,24.0
25,2026-02-24 12:00:00+03:00,medium,block_12_18,30.0,22.2848280548357,-7.7151719451643,7.7151719451643,19.0
33,2026-04-05 12:00:00+03:00,high,lunch,26.0,18.287308318556743,-7.712691681443257,7.712691681443257,24.0
478,2026-03-08 12:00:00+03:00,low,block_12_18,9.0,1.2873249787812693,-7.712675021218731,7.712675021218731,1.0
30,2026-01-24 09:00:00+03:00,high,morning,24.0,16.292726181721417,-7.707273818278583,7.707273818278583,24.0
69,2026-02-03 12:00:00+03:00,mega,lunch,50.0,42.29943886895492,-7.7005611310450774,7.7005611310450774,40.0
11,2026-01-10 06:00:00+03:00,medium,block_06_12,19.0,11.318431306486506,-7.681568693513494,7.681568693513494,19.0
434,2026-03-16 12:00:00+03:00,medium,block_12_18,26.0,18.32384338500534,-7.67615661499466,7.67615661499466,19.0
14,2025-12-25 12:00:00+03:00,high,lunch,29.0,21.336299550082686,-7.6637004499173145,7.6637004499173145,24.0
290,2026-02-14 18:00:00+03:00,low,block_18_24,8.0,0.3447152068987842,-7.655284793101216,7.655284793101216,1.0
126,2025-12-20 12:00:00+03:00,high,lunch,33.0,25.388715330267846,-7.611284669732154,7.611284669732154,24.0
30,2025-12-27 12:00:00+03:00,high,lunch,42.0,34.39204690102156,-7.607953098978442,7.607953098978442,24.0
123,2026-03-02 12:00:00+03:00,medium,block_12_18,29.0,21.393258218041442,-7.606741781958558,7.606741781958558,19.0
142,2026-03-23 12:00:00+03:00,medium,block_12_18,21.0,13.402980402751412,-7.597019597248588,7.597019597248588,19.0
434,2025-12-30 12:00:00+03:00,medium,block_12_18,19.0,11.40867271074495,-7.59132728925505,7.59132728925505,19.0
69,2025-12-17 12:00:00+03:00,mega,lunch,55.0,47.409915782062015,-7.590084217937985,7.590084217937985,40.0
1,2026-03-01 12:00:00+03:00,medium,block_12_18,19.0,11.416985754476356,-7.5830142455236444,7.5830142455236444,19.0
123,2026-02-18 12:00:00+03:00,medium,block_12_18,32.0,24.43463237046544,-7.56536762953456,7.56536762953456,19.0
11,2026-03-20 06:00:00+03:00,medium,block_06_12,19.0,11.436477551192924,-7.563522448807076,7.563522448807076,19.0
35,2025-12-28 12:00:00+03:00,high,lunch,39.0,31.436481266277596,-7.563518733722404,7.563518733722404,24.0
2,2025-12-18 12:00:00+03:00,high,lunch,32.0,24.457680996622557,-7.542319003377443,7.542319003377443,24.0
478,2026-02-22 18:00:00+03:00,low,block_18_24,9.0,1.4700096994605374,-7.529990300539462,7.529990300539462,1.0
117,2025-12-26 12:00:00+03:00,low,block_12_18,8.0,0.4736439603393449,-7.526356039660655,7.526356039660655,1.0
115,2026-01-09 12:00:00+03:00,high,lunch,24.0,16.482945999135662,-7.517054000864338,7.517054000864338,24.0
10,2025-11-27 12:00:00+03:00,medium,block_12_18,29.0,21.48987846133549,-7.51012153866451,7.51012153866451,19.0
10,2025-12-25 12:00:00+03:00,medium,block_12_18,31.0,23.491957989336825,-7.508042010663175,7.508042010663175,19.0
69,2025-11-28 12:00:00+03:00,mega,lunch,56.0,48.50804275929161,-7.491957240708388,7.491957240708388,40.0
4,2026-04-10 12:00:00+03:00,high,lunch,34.0,26.51137130648889,-7.48862869351111,7.48862869351111,24.0
35,2026-02-24 12:00:00+03:00,high,lunch,32.0,24.51602531487804,-7.483974685121961,7.483974685121961,24.0
123,2026-01-23 12:00:00+03:00,medium,block_12_18,30.0,22.518846235071415,-7.481153764928585,7.481153764928585,19.0
18,2026-02-23 12:00:00+03:00,medium,block_12_18,26.0,18.530845922319585,-7.469154077680415,7.469154077680415,19.0
25,2026-02-18 12:00:00+03:00,medium,block_12_18,25.0,17.53244689133717,-7.46755310866283,7.46755310866283,19.0
26,2025-11-30 12:00:00+03:00,medium,block_12_18,23.0,15.538496556762116,-7.461503443237884,7.461503443237884,19.0
434,2026-01-08 12:00:00+03:00,medium,block_12_18,23.0,15.542894188018716,-7.457105811981284,7.457105811981284,19.0
123,2026-02-11 12:00:00+03:00,medium,block_12_18,32.0,24.566151368951655,-7.433848631048345,7.433848631048345,19.0
33,2026-03-04 12:00:00+03:00,high,lunch,32.0,24.577422221645925,-7.422577778354075,7.422577778354075,24.0
10,2026-01-27 12:00:00+03:00,medium,block_12_18,26.0,18.578667058485912,-7.421332941514088,7.421332941514088,19.0
18,2026-04-10 06:00:00+03:00,medium,block_06_12,19.0,11.579443242607114,-7.420556757392886,7.420556757392886,19.0
11,2025-11-23 00:00:00+03:00,medium,block_00_06,29.0,21.593670500919107,-7.406329499080893,7.406329499080893,19.0
4,2026-01-21 12:00:00+03:00,high,lunch,33.0,25.59404468388669,-7.40595531611331,7.40595531611331,24.0
26,2026-01-23 12:00:00+03:00,medium,block_12_18,22.0,14.602655456013128,-7.397344543986872,7.397344543986872,19.0
1,2026-03-04 12:00:00+03:00,medium,block_12_18,23.0,15.615919769797793,-7.384080230202207,7.384080230202207,19.0
123,2026-03-27 06:00:00+03:00,medium,block_06_12,25.0,17.621910002628038,-7.378089997371962,7.378089997371962,19.0
26,2026-03-05 12:00:00+03:00,medium,block_12_18,26.0,18.630129955572837,-7.369870044427163,7.369870044427163,19.0
26,2026-02-04 06:00:00+03:00,medium,block_06_12,20.0,12.632455015192885,-7.367544984807115,7.367544984807115,19.0
35,2025-11-30 15:00:00+03:00,high,afternoon,24.0,16.64180380692275,-7.3581961930772515,7.3581961930772515,24.0
10,2025-12-30 06:00:00+03:00,medium,block_06_12,20.0,12.641915669131055,-7.3580843308689445,7.3580843308689445,19.0
115,2026-02-16 12:00:00+03:00,high,lunch,27.0,19.660117858329087,-7.339882141670913,7.339882141670913,24.0
21,2026-02-20 12:00:00+03:00,high,lunch,24.0,16.66764536653772,-7.3323546334622804,7.3323546334622804,24.0
117,2025-12-26 18:00:00+03:00,low,block_18_24,8.0,0.6687132589575767,-7.331286741042423,7.331286741042423,1.0
69,2026-03-08 09:00:00+03:00,mega,morning,45.0,52.32744029679634,7.32744029679634,7.32744029679634,40.0
123,2026-02-17 12:00:00+03:00,medium,block_12_18,30.0,22.675383225238832,-7.324616774761168,7.324616774761168,19.0
25,2026-02-14 06:00:00+03:00,medium,block_06_12,19.0,11.689703933187532,-7.310296066812468,7.310296066812468,19.0
4,2026-01-24 12:00:00+03:00,high,lunch,30.0,22.69303140583798,-7.306968594162019,7.306968594162019,24.0
18,2025-11-22 06:00:00+03:00,medium,block_06_12,24.0,16.700910791993056,-7.299089208006944,7.299089208006944,19.0
128,2025-12-05 12:00:00+03:00,high,lunch,29.0,21.704974308494993,-7.295025691505007,7.295025691505007,24.0
123,2026-02-16 06:00:00+03:00,medium,block_06_12,29.0,21.736216758098635,-7.263783241901365,7.263783241901365,19.0
30,2025-12-28 12:00:00+03:00,high,lunch,39.0,31.7378435805928,-7.2621564194072015,7.2621564194072015,24.0
128,2026-02-08 12:00:00+03:00,high,lunch,31.0,23.746454350216066,-7.253545649783934,7.253545649783934,24.0
128,2026-02-18 12:00:00+03:00,high,lunch,28.0,20.767257981381324,-7.232742018618676,7.232742018618676,24.0
123,2026-01-14 12:00:00+03:00,medium,block_12_18,21.0,13.769660949531664,-7.230339050468336,7.230339050468336,19.0
29,2025-12-20 12:00:00+03:00,mega,lunch,45.0,52.220322672304995,7.220322672304995,7.220322672304995,40.0
4,2025-12-17 12:00:00+03:00,high,lunch,39.0,31.78377258236394,-7.216227417636059,7.216227417636059,24.0
123,2025-12-15 12:00:00+03:00,medium,block_12_18,32.0,24.78636687601416,-7.21363312398584,7.21363312398584,19.0
35,2025-12-17 12:00:00+03:00,high,lunch,37.0,29.792201292555422,-7.207798707444578,7.207798707444578,24.0
26,2026-02-14 06:00:00+03:00,medium,block_06_12,19.0,11.80268829710022,-7.19731170289978,7.19731170289978,19.0
1,2026-01-14 12:00:00+03:00,medium,block_12_18,19.0,11.80596734159083,-7.194032658409171,7.194032658409171,19.0
35,2025-12-08 15:00:00+03:00,high,afternoon,26.0,18.80788938026061,-7.192110619739388,7.192110619739388,24.0
33,2025-12-02 12:00:00+03:00,high,lunch,33.0,25.81003668980118,-7.18996331019882,7.18996331019882,24.0
123,2026-01-22 12:00:00+03:00,medium,block_12_18,29.0,21.811309919155672,-7.188690080844328,7.188690080844328,19.0
11,2025-12-19 00:00:00+03:00,medium,block_00_06,29.0,21.812184294643963,-7.187815705356037,7.187815705356037,19.0
99,2026-01-19 12:00:00+03:00,mega,lunch,43.0,35.815263334720754,-7.184736665279246,7.184736665279246,40.0
8,2025-11-24 12:00:00+03:00,mega,lunch,44.0,36.815638300115225,-7.184361699884775,7.184361699884775,40.0
35,2026-03-09 12:00:00+03:00,high,lunch,32.0,24.81708904645945,-7.182910953540549,7.182910953540549,24.0
128,2025-12-04 12:00:00+03:00,high,lunch,31.0,23.81769430180377,-7.182305698196231,7.182305698196231,24.0
25,2025-12-19 12:00:00+03:00,medium,block_12_18,31.0,23.820130837281457,-7.179869162718543,7.179869162718543,19.0
33,2026-03-31 12:00:00+03:00,high,lunch,29.0,21.82214418735144,-7.177855812648559,7.177855812648559,24.0
123,2026-01-27 12:00:00+03:00,medium,block_12_18,31.0,23.82340438648018,-7.176595613519819,7.176595613519819,19.0
142,2026-04-03 12:00:00+03:00,medium,block_12_18,19.0,11.825064991405632,-7.1749350085943675,7.1749350085943675,19.0
37,2025-12-26 12:00:00+03:00,medium,block_12_18,22.0,14.829073644329595,-7.170926355670405,7.170926355670405,19.0
4,2026-03-18 12:00:00+03:00,high,lunch,35.0,27.834971665493118,-7.165028334506882,7.165028334506882,24.0
123,2025-12-19 06:00:00+03:00,medium,block_06_12,25.0,17.83836680891593,-7.161633191084071,7.161633191084071,19.0
69,2026-03-01 12:00:00+03:00,mega,lunch,44.0,51.15780887214783,7.157808872147832,7.157808872147832,40.0
21,2026-04-09 12:00:00+03:00,high,lunch,24.0,16.851856794281442,-7.148143205718558,7.148143205718558,24.0
126,2025-12-08 12:00:00+03:00,high,lunch,38.0,30.87497984927781,-7.1250201507221895,7.1250201507221895,24.0
35,2025-11-26 15:00:00+03:00,high,afternoon,24.0,16.888827379954826,-7.111172620045174,7.111172620045174,24.0
126,2026-02-20 12:00:00+03:00,high,lunch,34.0,26.891529644019627,-7.108470355980373,7.108470355980373,24.0
26,2025-12-06 06:00:00+03:00,medium,block_06_12,20.0,12.892839272501032,-7.107160727498968,7.107160727498968,19.0
69,2026-04-11 12:00:00+03:00,mega,lunch,52.0,59.08861650888181,7.088616508881813,7.088616508881813,40.0
434,2026-01-27 12:00:00+03:00,medium,block_12_18,23.0,15.912723655556247,-7.087276344443753,7.087276344443753,19.0
142,2026-02-19 12:00:00+03:00,medium,block_12_18,19.0,11.920186056506356,-7.079813943493644,7.079813943493644,19.0
10,2026-01-23 12:00:00+03:00,medium,block_12_18,28.0,20.92585899060668,-7.074141009393319,7.074141009393319,19.0
14,2026-02-15 12:00:00+03:00,high,lunch,24.0,16.927785119013333,-7.072214880986667,7.072214880986667,24.0
69,2026-03-13 12:00:00+03:00,mega,lunch,53.0,45.93198972371714,-7.0680102762828625,7.0680102762828625,40.0
69,2026-03-20 12:00:00+03:00,mega,lunch,52.0,44.93622281736547,-7.0637771826345315,7.0637771826345315,40.0
4,2026-01-29 12:00:00+03:00,high,lunch,32.0,24.942110607587654,-7.057889392412346,7.057889392412346,24.0
18,2026-02-08 06:00:00+03:00,medium,block_06_12,25.0,17.956523720031008,-7.043476279968992,7.043476279968992,19.0
35,2026-01-14 12:00:00+03:00,high,lunch,33.0,25.971997305923814,-7.028002694076186,7.028002694076186,24.0
123,2026-03-17 06:00:00+03:00,medium,block_06_12,29.0,21.993343616064926,-7.0066563839350735,7.0066563839350735,19.0
434,2026-03-15 12:00:00+03:00,medium,block_12_18,25.0,17.99854358257404,-7.00145641742596,7.00145641742596,19.0
142,2026-02-16 12:00:00+03:00,medium,block_12_18,22.0,15.013452620150815,-6.986547379849185,6.986547379849185,19.0
37,2025-12-23 06:00:00+03:00,medium,block_06_12,20.0,13.017425378396151,-6.982574621603849,6.982574621603849,19.0
128,2025-11-23 12:00:00+03:00,high,lunch,31.0,24.02661506315268,-6.973384936847321,6.973384936847321,24.0
4,2026-04-09 12:00:00+03:00,high,lunch,34.0,27.02905270615682,-6.970947293843182,6.970947293843182,24.0
35,2026-01-06 12:00:00+03:00,high,lunch,29.0,22.038608638784552,-6.961391361215448,6.961391361215448,24.0
26,2025-12-05 06:00:00+03:00,medium,block_06_12,20.0,13.047394645436972,-6.952605354563028,6.952605354563028,19.0
128,2026-01-28 12:00:00+03:00,high,lunch,26.0,19.050893326973537,-6.9491066730264635,6.9491066730264635,24.0
123,2026-02-24 12:00:00+03:00,medium,block_12_18,31.0,24.052730415240365,-6.947269584759635,6.947269584759635,19.0
18,2026-03-29 06:00:00+03:00,medium,block_06_12,26.0,19.069582823826085,-6.930417176173915,6.930417176173915,19.0
69,2026-04-03 12:00:00+03:00,mega,lunch,46.0,39.07612374616979,-6.923876253830208,6.923876253830208,40.0
69,2025-11-26 12:00:00+03:00,mega,lunch,40.0,46.91677913768674,6.9167791376867385,6.9167791376867385,40.0
123,2026-03-17 12:00:00+03:00,medium,block_12_18,31.0,24.089579497775247,-6.910420502224753,6.910420502224753,19.0
434,2026-01-10 12:00:00+03:00,medium,block_12_18,25.0,18.099445216064254,-6.900554783935746,6.900554783935746,19.0
123,2026-03-26 06:00:00+03:00,medium,block_06_12,27.0,20.122843172419923,-6.877156827580077,6.877156827580077,19.0
30,2025-12-09 18:00:00+03:00,high,dinner,24.0,17.128070491447772,-6.871929508552228,6.871929508552228,24.0
478,2026-02-20 12:00:00+03:00,low,block_12_18,8.0,1.1335785754443208,-6.866421424555679,6.866421424555679,1.0
25,2026-01-19 12:00:00+03:00,medium,block_12_18,29.0,22.13727230990351,-6.8627276900964915,6.8627276900964915,19.0
123,2026-02-22 12:00:00+03:00,medium,block_12_18,24.0,17.142951569956864,-6.857048430043136,6.857048430043136,19.0
30,2026-03-15 12:00:00+03:00,high,lunch,27.0,33.85697573558589,6.856975735585891,6.856975735585891,24.0
10,2025-12-22 12:00:00+03:00,medium,block_12_18,30.0,23.144948875226934,-6.855051124773066,6.855051124773066,19.0
25,2025-12-18 12:00:00+03:00,medium,block_12_18,30.0,23.156340825565472,-6.843659174434528,6.843659174434528,19.0
grp_302_443,2026-03-04 06:00:00+03:00,low,block_06_12,7.0,0.160926176397654,-6.839073823602346,6.839073823602346,1.0
123,2025-12-23 12:00:00+03:00,medium,block_12_18,31.0,24.167549340471485,-6.832450659528515,6.832450659528515,19.0
1,2026-02-18 12:00:00+03:00,medium,block_12_18,23.0,16.17202075151841,-6.82797924848159,6.82797924848159,19.0
38,2026-01-09 12:00:00+03:00,medium,block_12_18,20.0,13.17784617307257,-6.82215382692743,6.82215382692743,19.0
10,2026-02-19 12:00:00+03:00,medium,block_12_18,29.0,22.187574638204556,-6.8124253617954444,6.8124253617954444,19.0
99,2025-12-09 12:00:00+03:00,mega,lunch,50.0,43.18882645791048,-6.81117354208952,6.81117354208952,40.0
35,2025-12-12 15:00:00+03:00,high,afternoon,25.0,18.19356063913496,-6.806439360865038,6.806439360865038,24.0
21,2026-01-27 12:00:00+03:00,high,lunch,24.0,17.195676467952893,-6.804323532047107,6.804323532047107,24.0
128,2026-04-07 12:00:00+03:00,high,lunch,27.0,20.198312791911658,-6.801687208088342,6.801687208088342,24.0
38,2025-12-19 18:00:00+03:00,medium,block_18_24,19.0,12.200892934022747,-6.799107065977253,6.799107065977253,19.0
30,2026-02-06 12:00:00+03:00,high,lunch,34.0,27.203697526567105,-6.796302473432895,6.796302473432895,24.0
26,2026-01-13 12:00:00+03:00,medium,block_12_18,22.0,15.220731222100094,-6.779268777899906,6.779268777899906,19.0
12,2025-12-20 12:00:00+03:00,high,lunch,24.0,30.77200715432626,6.7720071543262605,6.7720071543262605,24.0
33,2025-12-12 12:00:00+03:00,high,lunch,34.0,27.229119349528272,-6.770880650471728,6.770880650471728,24.0
4,2025-12-06 12:00:00+03:00,high,lunch,35.0,28.244938285147306,-6.755061714852694,6.755061714852694,24.0
101,2025-12-09 12:00:00+03:00,high,lunch,25.0,18.248076418376755,-6.751923581623245,6.751923581623245,24.0
11,2025-12-27 00:00:00+03:00,medium,block_00_06,31.0,24.24900577729611,-6.750994222703891,6.750994222703891,19.0
35,2026-03-12 12:00:00+03:00,high,lunch,33.0,26.249772053674036,-6.750227946325964,6.750227946325964,24.0
434,2026-04-02 12:00:00+03:00,medium,block_12_18,23.0,16.27075600466377,-6.72924399533623,6.72924399533623,19.0
4,2025-12-24 12:00:00+03:00,high,lunch,39.0,32.27775445654957,-6.722245543450427,6.722245543450427,24.0
126,2025-12-16 12:00:00+03:00,high,lunch,25.0,31.71438951195289,6.714389511952891,6.714389511952891,24.0
35,2026-02-06 12:00:00+03:00,high,lunch,33.0,26.2950376333416,-6.7049623666584,6.7049623666584,24.0
4,2025-12-15 12:00:00+03:00,high,lunch,26.0,32.696098182010076,6.696098182010076,6.696098182010076,24.0
25,2026-04-10 12:00:00+03:00,medium,block_12_18,28.0,21.307754256285637,-6.692245743714363,6.692245743714363,19.0
135,2026-04-11 18:00:00+03:00,low,block_18_24,7.0,0.31589732278444027,-6.684102677215559,6.684102677215559,1.0
4,2025-11-21 12:00:00+03:00,high,lunch,24.0,30.6760943110044,6.676094311004402,6.676094311004402,24.0
30,2025-12-05 12:00:00+03:00,high,lunch,24.0,30.672018256738333,6.672018256738333,6.672018256738333,24.0
115,2026-03-06 12:00:00+03:00,high,lunch,29.0,22.332367704681957,-6.667632295318043,6.667632295318043,24.0
1,2026-03-02 12:00:00+03:00,medium,block_12_18,19.0,12.341795247323137,-6.658204752676863,6.658204752676863,19.0
10,2026-02-17 12:00:00+03:00,medium,block_12_18,29.0,22.348415792033983,-6.6515842079660175,6.6515842079660175,19.0
101,2025-12-26 12:00:00+03:00,high,lunch,26.0,19.349966123579037,-6.650033876420963,6.650033876420963,24.0
37,2025-12-16 12:00:00+03:00,medium,block_12_18,19.0,12.350764108175069,-6.649235891824931,6.649235891824931,19.0
33,2026-02-14 12:00:00+03:00,high,lunch,30.0,23.364216940275448,-6.635783059724552,6.635783059724552,24.0
142,2026-04-01 12:00:00+03:00,medium,block_12_18,20.0,13.365884111498607,-6.634115888501393,6.634115888501393,19.0
2,2026-04-10 12:00:00+03:00,high,lunch,26.0,19.37565445464847,-6.624345545351531,6.624345545351531,24.0
11,2026-03-25 06:00:00+03:00,medium,block_06_12,23.0,16.379743198104325,-6.620256801895675,6.620256801895675,19.0
4,2026-03-29 12:00:00+03:00,high,lunch,25.0,18.381133271066453,-6.618866728933547,6.618866728933547,24.0
128,2026-02-09 12:00:00+03:00,high,lunch,27.0,20.392242097945026,-6.607757902054974,6.607757902054974,24.0
422,2025-12-31 12:00:00+03:00,low,block_12_18,7.0,0.40175344960260617,-6.598246550397394,6.598246550397394,1.0
10,2026-02-18 12:00:00+03:00,medium,block_12_18,29.0,22.412879720736928,-6.587120279263072,6.587120279263072,19.0
5,2025-12-11 06:00:00+03:00,medium,block_06_12,20.0,13.416870870018911,-6.583129129981089,6.583129129981089,19.0
69,2026-01-25 12:00:00+03:00,mega,lunch,65.0,58.42711167450762,-6.572888325492379,6.572888325492379,40.0
128,2026-02-17 12:00:00+03:00,high,lunch,30.0,23.42941063950145,-6.570589360498548,6.570589360498548,24.0
434,2026-04-11 12:00:00+03:00,medium,block_12_18,25.0,18.433007098693597,-6.566992901306403,6.566992901306403,19.0
434,2026-01-16 12:00:00+03:00,medium,block_12_18,25.0,18.434836406328998,-6.565163593671002,6.565163593671002,19.0
25,2025-12-08 06:00:00+03:00,medium,block_06_12,23.0,16.45629415235551,-6.543705847644489,6.543705847644489,19.0
grp_302_443,2026-04-07 12:00:00+03:00,low,block_12_18,7.0,0.4610156285033104,-6.5389843714966895,6.5389843714966895,1.0
434,2026-02-06 12:00:00+03:00,medium,block_12_18,25.0,18.46464254647862,-6.535357453521382,6.535357453521382,19.0
478,2026-02-13 18:00:00+03:00,low,block_18_24,8.0,1.464940878388839,-6.535059121611161,6.535059121611161,1.0
117,2025-12-13 12:00:00+03:00,low,block_12_18,7.0,0.47129598972441933,-6.528704010275581,6.528704010275581,1.0
30,2026-03-21 12:00:00+03:00,high,lunch,25.0,31.52021242394562,6.520212423945619,6.520212423945619,24.0
99,2025-12-16 12:00:00+03:00,mega,lunch,50.0,43.4861913942107,-6.5138086057893005,6.5138086057893005,40.0
10,2026-04-01 12:00:00+03:00,medium,block_12_18,25.0,18.510048863221876,-6.489951136778124,6.489951136778124,19.0
142,2026-03-03 12:00:00+03:00,medium,block_12_18,22.0,15.519383177859796,-6.480616822140204,6.480616822140204,19.0
117,2025-12-27 12:00:00+03:00,low,block_12_18,7.0,0.5280884022045554,-6.471911597795445,6.471911597795445,1.0
30,2026-02-28 12:00:00+03:00,high,lunch,35.0,28.53323887900837,-6.466761120991631,6.466761120991631,24.0
478,2026-04-12 12:00:00+03:00,low,block_12_18,8.0,1.5483176914403467,-6.451682308559653,6.451682308559653,1.0
35,2025-11-22 12:00:00+03:00,high,lunch,39.0,32.562145601515184,-6.437854398484816,6.437854398484816,24.0
69,2026-02-05 12:00:00+03:00,mega,lunch,45.0,38.576963689540996,-6.423036310459004,6.423036310459004,40.0
434,2026-03-12 12:00:00+03:00,medium,block_12_18,25.0,18.589729912799683,-6.410270087200317,6.410270087200317,19.0
4,2025-11-28 12:00:00+03:00,high,lunch,36.0,29.591761335637305,-6.408238664362695,6.408238664362695,24.0
26,2025-12-30 06:00:00+03:00,medium,block_06_12,20.0,13.595041053862127,-6.404958946137873,6.404958946137873,19.0
8,2025-12-16 12:00:00+03:00,mega,lunch,42.0,35.60741170202805,-6.3925882979719475,6.3925882979719475,40.0
25,2026-02-02 12:00:00+03:00,medium,block_12_18,25.0,18.60791565736123,-6.392084342638771,6.392084342638771,19.0
35,2025-11-26 12:00:00+03:00,high,lunch,35.0,28.611643419653674,-6.388356580346326,6.388356580346326,24.0
8,2025-11-23 12:00:00+03:00,mega,lunch,42.0,35.619259069220554,-6.380740930779446,6.380740930779446,40.0
123,2026-03-16 06:00:00+03:00,medium,block_06_12,24.0,17.621910002628038,-6.378089997371962,6.378089997371962,19.0
26,2025-11-20 12:00:00+03:00,medium,block_12_18,24.0,17.62688237359933,-6.373117626400671,6.373117626400671,19.0
26,2026-02-17 12:00:00+03:00,medium,block_12_18,25.0,18.64424742368077,-6.3557525763192295,6.3557525763192295,19.0
18,2026-01-11 12:00:00+03:00,medium,block_12_18,24.0,17.655650580866958,-6.344349419133042,6.344349419133042,19.0
99,2025-11-30 12:00:00+03:00,mega,lunch,45.0,51.34064875031952,6.340648750319517,6.340648750319517,40.0
69,2025-12-09 12:00:00+03:00,mega,lunch,41.0,47.338695639968094,6.338695639968094,6.338695639968094,40.0
33,2026-02-25 12:00:00+03:00,high,lunch,30.0,23.66464593844275,-6.335354061557251,6.335354061557251,24.0
10,2025-12-02 12:00:00+03:00,medium,block_12_18,28.0,21.672158343781035,-6.327841656218965,6.327841656218965,19.0
35,2026-01-25 12:00:00+03:00,high,lunch,37.0,30.68906977601337,-6.310930223986631,6.310930223986631,24.0
434,2026-02-17 12:00:00+03:00,medium,block_12_18,25.0,18.69440093585721,-6.30559906414279,6.30559906414279,19.0
99,2026-03-31 12:00:00+03:00,mega,lunch,41.0,34.71019959011081,-6.289800409889189,6.289800409889189,40.0
123,2026-02-06 12:00:00+03:00,medium,block_12_18,30.0,23.71044995073191,-6.28955004926809,6.28955004926809,19.0
128,2026-03-14 12:00:00+03:00,high,lunch,30.0,23.71332773152564,-6.286672268474359,6.286672268474359,24.0
10,2026-01-16 12:00:00+03:00,medium,block_12_18,21.0,14.715895175018378,-6.284104824981622,6.284104824981622,19.0
18,2026-03-09 06:00:00+03:00,medium,block_06_12,21.0,14.717476527621297,-6.282523472378703,6.282523472378703,19.0
10,2026-02-19 06:00:00+03:00,medium,block_06_12,19.0,12.718027679689476,-6.281972320310524,6.281972320310524,19.0
117,2025-12-12 18:00:00+03:00,low,block_18_24,7.0,0.719598771888871,-6.280401228111129,6.280401228111129,1.0
35,2025-12-04 15:00:00+03:00,high,afternoon,24.0,17.727854891561396,-6.272145108438604,6.272145108438604,24.0
10,2025-11-30 12:00:00+03:00,medium,block_12_18,22.0,15.731929381087872,-6.2680706189121285,6.2680706189121285,19.0
10,2026-01-24 06:00:00+03:00,medium,block_06_12,19.0,12.733019942820443,-6.266980057179557,6.266980057179557,19.0
2,2026-01-12 12:00:00+03:00,high,lunch,25.0,18.737484275894285,-6.2625157241057146,6.2625157241057146,24.0
128,2025-12-07 12:00:00+03:00,high,lunch,33.0,26.762038818379583,-6.237961181620417,6.237961181620417,24.0
18,2026-03-01 06:00:00+03:00,medium,block_06_12,21.0,14.771839900671536,-6.2281600993284645,6.2281600993284645,19.0
99,2025-11-21 12:00:00+03:00,mega,lunch,47.0,40.79183462040655,-6.208165379593453,6.208165379593453,40.0
18,2026-03-28 12:00:00+03:00,medium,block_12_18,25.0,18.793875526887177,-6.206124473112823,6.206124473112823,19.0
99,2026-02-12 12:00:00+03:00,mega,lunch,44.0,37.79619421919571,-6.203805780804288,6.203805780804288,40.0
11,2026-02-26 06:00:00+03:00,medium,block_06_12,21.0,14.805439624474754,-6.194560375525246,6.194560375525246,19.0
10,2026-02-02 12:00:00+03:00,medium,block_12_18,28.0,21.80688829115928,-6.193111708840721,6.193111708840721,19.0
1,2026-03-23 12:00:00+03:00,medium,block_12_18,19.0,12.814131360464668,-6.185868639535332,6.185868639535332,19.0
123,2026-01-13 12:00:00+03:00,medium,block_12_18,23.0,16.821152235693432,-6.178847764306568,6.178847764306568,19.0
11,2026-01-16 06:00:00+03:00,medium,block_06_12,21.0,14.821209018891002,-6.178790981108998,6.178790981108998,19.0
35,2025-12-30 12:00:00+03:00,high,lunch,31.0,24.824165278246074,-6.175834721753926,6.175834721753926,24.0
69,2026-04-02 12:00:00+03:00,mega,lunch,50.0,43.82957861269368,-6.17042138730632,6.17042138730632,40.0
2,2026-03-03 12:00:00+03:00,high,lunch,30.0,23.832172223131003,-6.167827776868997,6.167827776868997,24.0
142,2025-12-25 12:00:00+03:00,medium,block_12_18,20.0,13.841601587608864,-6.158398412391136,6.158398412391136,19.0
434,2026-03-21 12:00:00+03:00,medium,block_12_18,24.0,17.844173654341937,-6.155826345658063,6.155826345658063,19.0
142,2025-12-11 12:00:00+03:00,medium,block_12_18,20.0,13.84532502839269,-6.15467497160731,6.15467497160731,19.0
128,2026-03-01 12:00:00+03:00,high,lunch,26.0,19.861311175326883,-6.1386888246731175,6.1386888246731175,24.0
128,2026-01-24 12:00:00+03:00,high,lunch,30.0,23.862281155391464,-6.137718844608536,6.137718844608536,24.0
99,2026-04-10 12:00:00+03:00,mega,lunch,42.0,35.86251570856181,-6.1374842914381915,6.1374842914381915,40.0
123,2025-12-19 12:00:00+03:00,medium,block_12_18,28.0,21.872100468512354,-6.127899531487646,6.127899531487646,19.0
25,2026-01-27 12:00:00+03:00,medium,block_12_18,26.0,19.87726195827066,-6.122738041729342,6.122738041729342,19.0
115,2026-03-04 12:00:00+03:00,high,lunch,27.0,20.883245929483508,-6.1167540705164924,6.1167540705164924,24.0
99,2026-01-25 12:00:00+03:00,mega,lunch,50.0,43.895988474432244,-6.104011525567756,6.104011525567756,40.0
123,2025-12-23 06:00:00+03:00,medium,block_06_12,29.0,22.900411088225773,-6.099588911774227,6.099588911774227,19.0
35,2026-02-08 12:00:00+03:00,high,lunch,36.0,29.913656685851038,-6.086343314148962,6.086343314148962,24.0
12,2025-11-21 12:00:00+03:00,high,lunch,31.0,24.921503338348163,-6.078496661651837,6.078496661651837,24.0
25,2026-01-25 12:00:00+03:00,medium,block_12_18,24.0,17.93388215314608,-6.0661178468539205,6.0661178468539205,19.0
26,2026-02-28 06:00:00+03:00,medium,block_06_12,19.0,12.936755783800237,-6.063244216199763,6.063244216199763,19.0
123,2025-12-15 06:00:00+03:00,medium,block_06_12,26.0,19.951827690843626,-6.048172309156374,6.048172309156374,19.0
434,2026-02-21 12:00:00+03:00,medium,block_12_18,24.0,17.959010245745304,-6.040989754254696,6.040989754254696,19.0
35,2026-01-08 12:00:00+03:00,high,lunch,29.0,22.960112861604895,-6.039887138395105,6.039887138395105,24.0
123,2025-11-20 12:00:00+03:00,medium,block_12_18,30.0,23.96581910223974,-6.034180897760258,6.034180897760258,19.0
12,2025-12-14 12:00:00+03:00,high,lunch,24.0,30.03225072045471,6.032250720454709,6.032250720454709,24.0
434,2026-04-05 12:00:00+03:00,medium,block_12_18,23.0,16.96853299575686,-6.03146700424314,6.03146700424314,19.0
69,2026-03-22 12:00:00+03:00,mega,lunch,61.0,54.97102431042981,-6.0289756895701885,6.0289756895701885,40.0
18,2026-03-30 12:00:00+03:00,medium,block_12_18,21.0,14.973945239102989,-6.026054760897011,6.026054760897011,19.0
123,2026-03-13 06:00:00+03:00,medium,block_06_12,25.0,18.975364191793343,-6.024635808206657,6.024635808206657,19.0
126,2026-02-26 12:00:00+03:00,high,lunch,34.0,27.978863608691853,-6.021136391308147,6.021136391308147,24.0
4,2026-03-23 12:00:00+03:00,high,lunch,34.0,27.981050360867386,-6.0189496391326145,6.0189496391326145,24.0
35,2026-03-02 12:00:00+03:00,high,lunch,31.0,24.984863426592405,-6.015136573407595,6.015136573407595,24.0
434,2026-01-31 12:00:00+03:00,medium,block_12_18,24.0,17.992137105106977,-6.007862894893023,6.007862894893023,19.0
25,2025-11-21 06:00:00+03:00,medium,block_06_12,24.0,17.99542329799259,-6.004576702007409,6.004576702007409,19.0
123,2026-02-16 12:00:00+03:00,medium,block_12_18,29.0,23.00037087035987,-5.99962912964013,5.99962912964013,19.0
26,2025-11-26 06:00:00+03:00,medium,block_06_12,20.0,14.008390473529685,-5.991609526470315,5.991609526470315,19.0
33,2025-12-20 12:00:00+03:00,high,lunch,35.0,29.013967322041303,-5.986032677958697,5.986032677958697,24.0
123,2025-12-03 06:00:00+03:00,medium,block_06_12,29.0,23.018390300370335,-5.981609699629665,5.981609699629665,19.0
516,2026-04-11 12:00:00+03:00,low,block_12_18,7.0,1.030608424115602,-5.969391575884398,5.969391575884398,1.0
10,2025-12-31 12:00:00+03:00,medium,block_12_18,28.0,22.032142579257577,-5.967857420742423,5.967857420742423,19.0
25,2026-01-15 12:00:00+03:00,medium,block_12_18,19.0,13.034613306300647,-5.965386693699353,5.965386693699353,19.0
2,2025-12-16 12:00:00+03:00,high,lunch,31.0,25.05526868520111,-5.94473131479889,5.94473131479889,24.0
1,2025-12-08 12:00:00+03:00,medium,block_12_18,19.0,13.059008737179834,-5.940991262820166,5.940991262820166,19.0
4,2025-12-10 12:00:00+03:00,high,lunch,37.0,31.060650867519673,-5.939349132480327,5.939349132480327,24.0
69,2026-01-13 12:00:00+03:00,mega,lunch,48.0,42.093956915513594,-5.906043084486406,5.906043084486406,40.0
10,2026-03-08 06:00:00+03:00,medium,block_06_12,19.0,13.103544514034725,-5.896455485965275,5.896455485965275,19.0
35,2026-02-11 12:00:00+03:00,high,lunch,31.0,25.119479788437314,-5.880520211562686,5.880520211562686,24.0
126,2026-03-19 12:00:00+03:00,high,lunch,32.0,26.120312381651896,-5.879687618348104,5.879687618348104,24.0
29,2025-12-14 12:00:00+03:00,mega,lunch,46.0,51.87050573917,5.8705057391699995,5.8705057391699995,40.0
99,2025-12-08 12:00:00+03:00,mega,lunch,49.0,43.13610816267995,-5.863891837320047,5.863891837320047,40.0
126,2026-01-16 12:00:00+03:00,high,lunch,30.0,24.143718507007197,-5.856281492992803,5.856281492992803,24.0
123,2026-02-10 06:00:00+03:00,medium,block_06_12,26.0,20.145158208924382,-5.854841791075618,5.854841791075618,19.0
69,2026-01-18 12:00:00+03:00,mega,lunch,58.0,52.14571075857224,-5.854289241427757,5.854289241427757,40.0
69,2026-04-09 12:00:00+03:00,mega,lunch,50.0,44.14664133194603,-5.853358668053971,5.853358668053971,40.0
11,2025-11-26 06:00:00+03:00,medium,block_06_12,24.0,18.14894307238773,-5.8510569276122695,5.8510569276122695,19.0
10,2025-12-13 06:00:00+03:00,medium,block_06_12,19.0,13.151930283114526,-5.848069716885474,5.848069716885474,19.0
33,2025-12-30 12:00:00+03:00,high,lunch,28.0,22.153979993950433,-5.846020006049567,5.846020006049567,24.0
35,2025-11-25 12:00:00+03:00,high,lunch,34.0,28.154268951152563,-5.845731048847437,5.845731048847437,24.0
37,2025-12-20 06:00:00+03:00,medium,block_06_12,21.0,15.15498433036578,-5.84501566963422,5.84501566963422,19.0
35,2025-12-15 15:00:00+03:00,high,afternoon,25.0,19.155866516052033,-5.844133483947967,5.844133483947967,24.0
33,2025-12-13 12:00:00+03:00,high,lunch,33.0,27.161753057976618,-5.838246942023382,5.838246942023382,24.0
10,2025-12-20 06:00:00+03:00,medium,block_06_12,21.0,15.16505489131315,-5.834945108686849,5.834945108686849,19.0
126,2025-12-23 12:00:00+03:00,high,lunch,36.0,30.167961025306298,-5.8320389746937025,5.8320389746937025,24.0
478,2026-02-20 18:00:00+03:00,low,block_18_24,8.0,2.185346714199432,-5.814653285800568,5.814653285800568,1.0
2,2025-11-27 12:00:00+03:00,high,lunch,27.0,21.186639113196332,-5.813360886803668,5.813360886803668,24.0
69,2026-04-01 12:00:00+03:00,mega,lunch,45.0,39.20497638472381,-5.795023615276193,5.795023615276193,40.0
11,2026-02-14 00:00:00+03:00,medium,block_00_06,26.0,20.205758951492655,-5.794241048507345,5.794241048507345,19.0
1,2026-04-09 12:00:00+03:00,medium,block_12_18,19.0,13.207069994970173,-5.792930005029827,5.792930005029827,19.0
146,2025-11-28 06:00:00+03:00,low,block_06_12,6.0,0.21072167989686683,-5.789278320103133,5.789278320103133,1.0
10,2025-12-04 12:00:00+03:00,medium,block_12_18,29.0,23.219223139249642,-5.780776860750358,5.780776860750358,19.0
35,2025-12-01 12:00:00+03:00,high,lunch,34.0,28.231276999458153,-5.768723000541847,5.768723000541847,24.0
434,2026-02-11 12:00:00+03:00,medium,block_12_18,24.0,18.243777808966513,-5.756222191033487,5.756222191033487,19.0
128,2025-12-15 12:00:00+03:00,high,lunch,30.0,24.24443898915021,-5.755561010849789,5.755561010849789,24.0
99,2025-12-11 12:00:00+03:00,mega,lunch,49.0,43.24697346911497,-5.75302653088503,5.75302653088503,40.0
10,2025-12-10 06:00:00+03:00,medium,block_06_12,19.0,13.253266141548032,-5.746733858451968,5.746733858451968,19.0
11,2026-02-10 06:00:00+03:00,medium,block_06_12,19.0,13.25932038380493,-5.74067961619507,5.74067961619507,19.0
26,2025-12-24 06:00:00+03:00,medium,block_06_12,21.0,15.261402728929776,-5.738597271070224,5.738597271070224,19.0
123,2026-03-26 12:00:00+03:00,medium,block_12_18,30.0,24.26453322175186,-5.7354667782481386,5.7354667782481386,19.0
69,2025-12-13 15:00:00+03:00,mega,afternoon,40.0,34.26646773443636,-5.733532265563639,5.733532265563639,40.0
35,2025-12-04 12:00:00+03:00,high,lunch,35.0,29.284894495586574,-5.715105504413426,5.715105504413426,24.0
25,2026-03-12 06:00:00+03:00,medium,block_06_12,20.0,14.289034852794604,-5.710965147205396,5.710965147205396,19.0
41,2026-04-10 12:00:00+03:00,low,block_12_18,6.0,0.3085078066940679,-5.691492193305932,5.691492193305932,1.0
12,2025-12-31 12:00:00+03:00,high,lunch,27.0,32.683532399772844,5.683532399772844,5.683532399772844,24.0
25,2025-12-06 12:00:00+03:00,medium,block_12_18,20.0,14.32142184686734,-5.67857815313266,5.67857815313266,19.0
128,2026-04-02 12:00:00+03:00,high,lunch,28.0,22.32220910525331,-5.677790894746689,5.677790894746689,24.0
123,2025-11-26 12:00:00+03:00,medium,block_12_18,30.0,24.327314864263542,-5.672685135736458,5.672685135736458,19.0
123,2025-12-08 12:00:00+03:00,medium,block_12_18,30.0,24.32976784104107,-5.670232158958932,5.670232158958932,19.0
123,2025-12-04 12:00:00+03:00,medium,block_12_18,30.0,24.32976784104107,-5.670232158958932,5.670232158958932,19.0
135,2025-12-30 18:00:00+03:00,low,block_18_24,6.0,0.33833840882799,-5.66166159117201,5.66166159117201,1.0
30,2025-12-06 15:00:00+03:00,high,afternoon,24.0,18.344446704020132,-5.655553295979868,5.655553295979868,24.0
101,2025-12-11 12:00:00+03:00,high,lunch,24.0,18.347624922166855,-5.652375077833145,5.652375077833145,24.0
69,2026-02-18 12:00:00+03:00,mega,lunch,47.0,41.349880891903226,-5.650119108096774,5.650119108096774,40.0
12,2026-02-28 12:00:00+03:00,high,lunch,24.0,18.350404443504303,-5.649595556495697,5.649595556495697,24.0
33,2025-12-25 12:00:00+03:00,high,lunch,33.0,27.35143979671898,-5.6485602032810185,5.6485602032810185,24.0
69,2025-11-21 12:00:00+03:00,mega,lunch,51.0,45.36197853334916,-5.638021466650841,5.638021466650841,40.0
117,2026-01-09 18:00:00+03:00,low,block_18_24,6.0,0.36512530462053305,-5.634874695379467,5.634874695379467,1.0
30,2026-04-10 12:00:00+03:00,high,lunch,32.0,26.369110989958624,-5.6308890100413755,5.6308890100413755,24.0
4,2026-01-23 12:00:00+03:00,high,lunch,32.0,26.370476316531263,-5.6295236834687366,5.6295236834687366,24.0
434,2026-01-01 12:00:00+03:00,medium,block_12_18,21.0,15.386644346564244,-5.613355653435756,5.613355653435756,19.0
30,2025-12-25 12:00:00+03:00,high,lunch,25.0,30.61177712189865,5.611777121898651,5.611777121898651,24.0
grp_336_340,2026-04-05 18:00:00+03:00,low,block_18_24,6.0,0.3892326829245873,-5.610767317075413,5.610767317075413,1.0
99,2026-03-15 12:00:00+03:00,mega,lunch,40.0,45.60897787796664,5.6089778779666375,5.6089778779666375,40.0
128,2026-03-28 12:00:00+03:00,high,lunch,25.0,19.411787816614694,-5.588212183385306,5.588212183385306,24.0
126,2025-12-17 12:00:00+03:00,high,lunch,36.0,30.41231144004829,-5.587688559951712,5.587688559951712,24.0
434,2026-03-30 12:00:00+03:00,medium,block_12_18,22.0,16.41617187790373,-5.583828122096271,5.583828122096271,19.0
123,2026-03-03 12:00:00+03:00,medium,block_12_18,30.0,24.4283388768005,-5.571661123199501,5.571661123199501,19.0
123,2026-04-01 12:00:00+03:00,medium,block_12_18,30.0,24.433840953320935,-5.566159046679065,5.566159046679065,19.0
123,2026-02-25 12:00:00+03:00,medium,block_12_18,30.0,24.437773220476203,-5.562226779523797,5.562226779523797,19.0
21,2026-03-08 12:00:00+03:00,high,lunch,34.0,28.444889158964095,-5.555110841035905,5.555110841035905,24.0
25,2025-12-18 06:00:00+03:00,medium,block_06_12,22.0,16.45629415235551,-5.543705847644489,5.543705847644489,19.0
35,2026-01-07 12:00:00+03:00,high,lunch,29.0,23.45823923544967,-5.541760764550329,5.541760764550329,24.0
29,2025-12-31 12:00:00+03:00,mega,lunch,42.0,47.54100150682718,5.541001506827179,5.541001506827179,40.0
8,2025-12-22 12:00:00+03:00,mega,lunch,44.0,38.46627105523863,-5.533728944761371,5.533728944761371,40.0
123,2025-12-27 12:00:00+03:00,medium,block_12_18,19.0,24.532476921096944,5.532476921096944,5.532476921096944,19.0
117,2025-12-14 12:00:00+03:00,low,block_12_18,6.0,0.4708158808706385,-5.529184119129361,5.529184119129361,1.0
25,2025-12-25 06:00:00+03:00,medium,block_06_12,23.0,17.470846095081406,-5.529153904918594,5.529153904918594,19.0
29,2026-02-01 12:00:00+03:00,mega,lunch,40.0,45.528153841422956,5.528153841422956,5.528153841422956,40.0
35,2025-12-25 12:00:00+03:00,high,lunch,35.0,29.47372434124976,-5.52627565875024,5.52627565875024,24.0
30,2026-01-31 12:00:00+03:00,high,lunch,35.0,29.480240364375952,-5.519759635624048,5.519759635624048,24.0
117,2025-12-05 18:00:00+03:00,low,block_18_24,6.0,0.48656829869008517,-5.513431701309915,5.513431701309915,1.0
11,2026-01-07 00:00:00+03:00,medium,block_00_06,27.0,21.488534924842014,-5.511465075157986,5.511465075157986,19.0
126,2025-11-25 12:00:00+03:00,high,lunch,36.0,30.491093050932214,-5.508906949067786,5.508906949067786,24.0
69,2025-12-03 18:00:00+03:00,mega,dinner,41.0,35.49507593159967,-5.504924068400328,5.504924068400328,40.0
30,2026-01-26 12:00:00+03:00,high,lunch,30.0,24.49790031944881,-5.50209968055119,5.50209968055119,24.0
35,2026-03-28 12:00:00+03:00,high,lunch,33.0,27.49975171304044,-5.500248286959561,5.500248286959561,24.0
117,2025-11-24 18:00:00+03:00,low,block_18_24,6.0,0.5179142761147847,-5.482085723885215,5.482085723885215,1.0
25,2025-12-30 12:00:00+03:00,medium,block_12_18,28.0,22.532601755432367,-5.467398244567633,5.467398244567633,19.0
478,2026-03-20 18:00:00+03:00,low,block_18_24,7.0,1.5600635047028106,-5.439936495297189,5.439936495297189,1.0
30,2025-12-21 12:00:00+03:00,high,lunch,31.0,36.435520934270265,5.435520934270265,5.435520934270265,24.0
10,2026-02-11 12:00:00+03:00,medium,block_12_18,28.0,22.572754670587265,-5.4272453294127345,5.4272453294127345,19.0
11,2025-12-16 00:00:00+03:00,medium,block_00_06,21.0,15.574433260754118,-5.425566739245882,5.425566739245882,19.0
20,2025-12-31 12:00:00+03:00,medium,block_12_18,24.0,18.58321409382728,-5.41678590617272,5.41678590617272,19.0
12,2026-04-11 12:00:00+03:00,high,lunch,28.0,22.586448895522526,-5.413551104477474,5.413551104477474,24.0
99,2025-12-20 12:00:00+03:00,mega,lunch,46.0,51.40331621002287,5.403316210022872,5.403316210022872,40.0
29,2025-12-15 12:00:00+03:00,mega,lunch,49.0,43.603947561833664,-5.396052438166336,5.396052438166336,40.0
1,2026-01-26 12:00:00+03:00,medium,block_12_18,21.0,15.60884176657576,-5.391158233424241,5.391158233424241,19.0
35,2026-02-20 12:00:00+03:00,high,lunch,33.0,27.62039924189617,-5.37960075810383,5.37960075810383,24.0
69,2025-12-01 12:00:00+03:00,mega,lunch,41.0,46.37728644161004,5.377286441610039,5.377286441610039,40.0
17,2025-12-05 12:00:00+03:00,high,lunch,24.0,18.622795547526614,-5.377204452473386,5.377204452473386,24.0
128,2026-02-26 12:00:00+03:00,high,lunch,29.0,23.644731770803727,-5.355268229196273,5.355268229196273,24.0
123,2026-02-02 06:00:00+03:00,medium,block_06_12,23.0,17.65922187806813,-5.340778121931869,5.340778121931869,19.0
10,2025-12-15 12:00:00+03:00,medium,block_12_18,27.0,21.672158343781035,-5.327841656218965,5.327841656218965,19.0
4,2026-01-25 12:00:00+03:00,high,lunch,25.0,19.677206027945292,-5.322793972054708,5.322793972054708,24.0
69,2025-11-25 12:00:00+03:00,mega,lunch,53.0,47.689596464268085,-5.310403535731915,5.310403535731915,40.0
69,2026-02-28 12:00:00+03:00,mega,lunch,58.0,52.698415959913476,-5.301584040086524,5.301584040086524,40.0
123,2026-02-26 12:00:00+03:00,medium,block_12_18,29.0,23.713497713671575,-5.286502286328425,5.286502286328425,19.0
2,2026-03-05 12:00:00+03:00,high,lunch,28.0,22.71539189555674,-5.284608104443262,5.284608104443262,24.0
25,2026-01-13 12:00:00+03:00,medium,block_12_18,20.0,14.717299295038153,-5.282700704961847,5.282700704961847,19.0
434,2026-02-24 12:00:00+03:00,medium,block_12_18,23.0,17.737126233524425,-5.262873766475575,5.262873766475575,19.0
18,2026-03-07 12:00:00+03:00,medium,block_12_18,24.0,18.74689798866246,-5.253102011337539,5.253102011337539,19.0
35,2025-11-28 12:00:00+03:00,high,lunch,34.0,28.747570581631177,-5.252429418368823,5.252429418368823,24.0
29,2025-12-09 12:00:00+03:00,mega,lunch,40.0,45.251847125528634,5.251847125528634,5.251847125528634,40.0
123,2026-03-02 06:00:00+03:00,medium,block_06_12,21.0,15.759993089229575,-5.2400069107704255,5.2400069107704255,19.0
25,2026-02-27 12:00:00+03:00,medium,block_12_18,27.0,21.785307960470973,-5.214692039529027,5.214692039529027,19.0
69,2026-02-08 12:00:00+03:00,mega,lunch,52.0,57.21050001116409,5.210500011164093,5.210500011164093,40.0
128,2026-02-23 12:00:00+03:00,high,lunch,26.0,20.789814848266804,-5.210185151733196,5.210185151733196,24.0
25,2025-12-10 06:00:00+03:00,medium,block_06_12,20.0,14.794349692042989,-5.205650307957011,5.205650307957011,19.0
11,2026-02-09 06:00:00+03:00,medium,block_06_12,20.0,14.79714341034374,-5.20285658965626,5.20285658965626,19.0
434,2026-03-02 12:00:00+03:00,medium,block_12_18,24.0,18.806809058906865,-5.193190941093135,5.193190941093135,19.0
11,2026-01-22 06:00:00+03:00,medium,block_06_12,20.0,14.812903968394698,-5.187096031605302,5.187096031605302,19.0
128,2026-03-15 12:00:00+03:00,high,lunch,30.0,24.82990039353776,-5.170099606462241,5.170099606462241,24.0
18,2026-02-14 12:00:00+03:00,medium,block_12_18,24.0,18.835041622168227,-5.164958377831773,5.164958377831773,19.0
425,2026-03-06 06:00:00+03:00,low,block_06_12,6.0,0.8356496877873707,-5.16435031221263,5.16435031221263,1.0
69,2025-12-23 12:00:00+03:00,mega,lunch,42.0,47.161731804512584,5.161731804512584,5.161731804512584,40.0
69,2025-12-22 12:00:00+03:00,mega,lunch,42.0,47.161731804512584,5.161731804512584,5.161731804512584,40.0
123,2026-03-19 12:00:00+03:00,medium,block_12_18,30.0,24.84168705561734,-5.158312944382661,5.158312944382661,19.0
25,2025-12-17 06:00:00+03:00,medium,block_06_12,22.0,16.84655050184719,-5.15344949815281,5.15344949815281,19.0
35,2026-04-13 12:00:00+03:00,high,lunch,32.0,26.84867856374317,-5.151321436256829,5.151321436256829,24.0
35,2026-03-06 12:00:00+03:00,high,lunch,33.0,27.85685468744059,-5.143145312559412,5.143145312559412,24.0
33,2026-02-04 12:00:00+03:00,high,lunch,27.0,21.8581732666576,-5.141826733342398,5.141826733342398,24.0
4,2026-02-12 12:00:00+03:00,high,lunch,32.0,26.86050487891807,-5.139495121081929,5.139495121081929,24.0
123,2026-02-20 06:00:00+03:00,medium,block_06_12,26.0,20.87230976917006,-5.127690230829941,5.127690230829941,19.0
69,2026-02-25 12:00:00+03:00,mega,lunch,49.0,43.87466036345471,-5.1253396365452915,5.1253396365452915,40.0
69,2025-12-24 12:00:00+03:00,mega,lunch,53.0,47.88060562858273,-5.119394371417272,5.119394371417272,40.0
33,2026-03-02 12:00:00+03:00,high,lunch,26.0,20.882776764460207,-5.117223235539793,5.117223235539793,24.0
18,2025-12-06 12:00:00+03:00,medium,block_12_18,26.0,20.88892318084993,-5.111076819150071,5.111076819150071,19.0
99,2025-12-06 12:00:00+03:00,mega,lunch,57.0,51.89284885150224,-5.107151148497763,5.107151148497763,40.0
99,2026-01-17 12:00:00+03:00,mega,lunch,48.0,42.89766972563731,-5.102330274362693,5.102330274362693,40.0
516,2026-04-10 06:00:00+03:00,low,block_06_12,6.0,0.8983618315882895,-5.101638168411711,5.101638168411711,1.0
11,2025-12-31 00:00:00+03:00,medium,block_00_06,25.0,19.909327096594584,-5.090672903405416,5.090672903405416,19.0
478,2026-03-08 18:00:00+03:00,low,block_18_24,7.0,1.9217080047022135,-5.0782919952977865,5.0782919952977865,1.0
21,2026-02-23 12:00:00+03:00,high,lunch,27.0,21.92289927068949,-5.077100729310509,5.077100729310509,24.0
123,2026-04-10 12:00:00+03:00,medium,block_12_18,28.0,22.92533352321666,-5.074666476783339,5.074666476783339,19.0
25,2026-02-13 12:00:00+03:00,medium,block_12_18,26.0,20.931918154448805,-5.068081845551195,5.068081845551195,19.0
69,2026-03-21 12:00:00+03:00,mega,lunch,63.0,57.94110575646303,-5.058894243536969,5.058894243536969,40.0
2,2026-04-02 12:00:00+03:00,high,lunch,27.0,21.9435583660211,-5.056441633978899,5.056441633978899,24.0
4,2025-11-25 12:00:00+03:00,high,lunch,36.0,30.947426921659172,-5.052573078340828,5.052573078340828,24.0
