location_id,location_name,business_group,date,hour,hour_window,segment,time_segment,vehicle_type,predicted_orders,segment_predicted_orders,p70_delivery_minutes,p80_delivery_minutes,p80_round_trip_minutes,historical_capacity_orders_per_hour,history_raw_slots,cycle_time_raw_slots,selected_raw_slots,safety_buffer,slots_needed,slot_demand_source,slot_capacity_source,delivery_duration_source,payment_rate_source,p70_delivery_source,courier_need_reason
1,Wall Street,kfm,2026-09-28,8,08:00-09:00,medium,block_06_12,bike,0.47,4.38,7.57,9.87,19.74,2.94,0.25,0.24,0.25,1.0,1,history,segment_shift_history,location_cycle_time,location_hour,location_hour,"Нужно 1 кур.; прогноз 0.5 заказа/ч; окно block_06_12: история 0.25, цикл 0.24; выбрано: историческая производительность; страховой запас 0%"
1,Wall Street,kfm,2026-09-28,9,09:00-10:00,medium,block_06_12,bike,1.29,4.38,8.54,9.87,19.74,2.94,0.25,0.24,0.25,1.0,1,history,segment_shift_history,location_cycle_time,location_hour,location_hour,"Нужно 1 кур.; прогноз 1.3 заказа/ч; окно block_06_12: история 0.25, цикл 0.24; выбрано: историческая производительность; страховой запас 0%"
1,Wall Street,kfm,2026-09-28,10,10:00-11:00,medium,block_06_12,bike,1.33,4.38,9.74,9.87,19.74,2.94,0.25,0.24,0.25,1.0,1,history,segment_shift_history,location_cycle_time,location_hour,location_hour,"Нужно 1 кур.; прогноз 1.3 заказа/ч; окно block_06_12: история 0.25, цикл 0.24; выбрано: историческая производительность; страховой запас 0%"
1,Wall Street,kfm,2026-09-28,11,11:00-12:00,medium,block_06_12,bike,1.29,4.38,7.92,9.87,19.74,2.94,0.25,0.24,0.25,1.0,1,history,segment_shift_history,location_cycle_time,location_hour,location_hour,"Нужно 1 кур.; прогноз 1.3 заказа/ч; окно block_06_12: история 0.25, цикл 0.24; выбрано: историческая производительность; страховой запас 0%"
1,Wall Street,kfm,2026-09-28,12,12:00-13:00,medium,block_12_18,bike,2.32,11.94,9.22,10.22,20.44,2.95,0.68,0.68,0.68,1.0,1,cycle_time,segment_shift_history,location_cycle_time,location_hour,location_hour,"Нужно 1 кур.; прогноз 2.3 заказа/ч; окно block_12_18: история 0.68, цикл 0.68; выбрано: время полного цикла доставки; страховой запас 0%"
1,Wall Street,kfm,2026-09-28,13,13:00-14:00,medium,block_12_18,bike,2.99,11.94,8.52,10.22,20.44,2.95,0.68,0.68,0.68,1.0,1,cycle_time,segment_shift_history,location_cycle_time,location_hour,location_hour,"Нужно 1 кур.; прогноз 3.0 заказа/ч; окно block_12_18: история 0.68, цикл 0.68; выбрано: время полного цикла доставки; страховой запас 0%"
1,Wall Street,kfm,2026-09-28,14,14:00-15:00,medium,block_12_18,bike,2.39,11.94,8.46,10.22,20.44,2.95,0.68,0.68,0.68,1.0,1,cycle_time,segment_shift_history,location_cycle_time,location_hour,location_hour,"Нужно 1 кур.; прогноз 2.4 заказа/ч; окно block_12_18: история 0.68, цикл 0.68; выбрано: время полного цикла доставки; страховой запас 0%"
1,Wall Street,kfm,2026-09-28,15,15:00-16:00,medium,block_12_18,bike,1.53,11.94,9.25,10.22,20.44,2.95,0.68,0.68,0.68,1.0,1,cycle_time,segment_shift_history,location_cycle_time,location_hour,location_hour,"Нужно 1 кур.; прогноз 1.5 заказа/ч; окно block_12_18: история 0.68, цикл 0.68; выбрано: время полного цикла доставки; страховой запас 0%"
1,Wall Street,kfm,2026-09-28,16,16:00-17:00,medium,block_12_18,bike,1.46,11.94,9.77,10.22,20.44,2.95,0.68,0.68,0.68,1.0,1,cycle_time,segment_shift_history,location_cycle_time,location_hour,location_hour,"Нужно 1 кур.; прогноз 1.5 заказа/ч; окно block_12_18: история 0.68, цикл 0.68; выбрано: время полного цикла доставки; страховой запас 0%"
1,Wall Street,kfm,2026-09-28,17,17:00-18:00,medium,block_12_18,bike,1.26,11.94,10.38,10.22,20.44,2.95,0.68,0.68,0.68,1.0,1,cycle_time,segment_shift_history,location_cycle_time,location_hour,location_hour,"Нужно 1 кур.; прогноз 1.3 заказа/ч; окно block_12_18: история 0.68, цикл 0.68; выбрано: время полного цикла доставки; страховой запас 0%"
1,Wall Street,kfm,2026-09-28,18,18:00-19:00,medium,block_18_24,bike,0.8,3.6,9.83,11.77,23.54,2.16,0.28,0.24,0.28,1.0,1,history,segment_shift_history,location_cycle_time,location_hour,location_hour,"Нужно 1 кур.; прогноз 0.8 заказа/ч; окно block_18_24: история 0.28, цикл 0.24; выбрано: историческая производительность; страховой запас 0%"
1,Wall Street,kfm,2026-09-28,19,19:00-20:00,medium,block_18_24,bike,0.84,3.6,10.82,11.77,23.54,2.16,0.28,0.24,0.28,1.0,1,history,segment_shift_history,location_cycle_time,location_hour,location_hour,"Нужно 1 кур.; прогноз 0.8 заказа/ч; окно block_18_24: история 0.28, цикл 0.24; выбрано: историческая производительность; страховой запас 0%"
1,Wall Street,kfm,2026-09-28,20,20:00-21:00,medium,block_18_24,bike,1.0,3.6,9.98,11.77,23.54,2.16,0.28,0.24,0.28,1.0,1,history,segment_shift_history,location_cycle_time,location_hour,location_hour,"Нужно 1 кур.; прогноз 1.0 заказа/ч; окно block_18_24: история 0.28, цикл 0.24; выбрано: историческая производительность; страховой запас 0%"
1,Wall Street,kfm,2026-09-28,21,21:00-22:00,medium,block_18_24,bike,0.71,3.6,12.91,11.77,23.54,2.16,0.28,0.24,0.28,1.0,1,history,segment_shift_history,location_cycle_time,location_hour,location_hour,"Нужно 1 кур.; прогноз 0.7 заказа/ч; окно block_18_24: история 0.28, цикл 0.24; выбрано: историческая производительность; страховой запас 0%"
1,Wall Street,kfm,2026-09-28,22,22:00-23:00,medium,block_18_24,bike,0.25,3.6,7.04,11.77,23.54,2.16,0.28,0.24,0.28,1.0,1,history,segment_shift_history,location_cycle_time,location_hour,location_hour,"Нужно 1 кур.; прогноз 0.3 заказа/ч; окно block_18_24: история 0.28, цикл 0.24; выбрано: историческая производительность; страховой запас 0%"
10,Якиманка,kfm,2026-09-28,8,08:00-09:00,medium,block_06_12,bike,2.53,11.4,8.44,9.46,18.92,2.94,0.65,0.6,0.65,1.0,1,history,segment_shift_history,location_cycle_time,location_hour,location_hour,"Нужно 1 кур.; прогноз 2.5 заказа/ч; окно block_06_12: история 0.65, цикл 0.60; выбрано: историческая производительность; страховой запас 0%"
10,Якиманка,kfm,2026-09-28,9,09:00-10:00,medium,block_06_12,bike,3.11,11.4,8.43,9.46,18.92,2.94,0.65,0.6,0.65,1.0,1,history,segment_shift_history,location_cycle_time,location_hour,location_hour,"Нужно 1 кур.; прогноз 3.1 заказа/ч; окно block_06_12: история 0.65, цикл 0.60; выбрано: историческая производительность; страховой запас 0%"
10,Якиманка,kfm,2026-09-28,10,10:00-11:00,medium,block_06_12,bike,2.88,11.4,6.86,9.46,18.92,2.94,0.65,0.6,0.65,1.0,1,history,segment_shift_history,location_cycle_time,location_hour,location_hour,"Нужно 1 кур.; прогноз 2.9 заказа/ч; окно block_06_12: история 0.65, цикл 0.60; выбрано: историческая производительность; страховой запас 0%"
10,Якиманка,kfm,2026-09-28,11,11:00-12:00,medium,block_06_12,bike,2.88,11.4,7.82,9.46,18.92,2.94,0.65,0.6,0.65,1.0,1,history,segment_shift_history,location_cycle_time,location_hour,location_hour,"Нужно 1 кур.; прогноз 2.9 заказа/ч; окно block_06_12: история 0.65, цикл 0.60; выбрано: историческая производительность; страховой запас 0%"
10,Якиманка,kfm,2026-09-28,12,12:00-13:00,medium,block_12_18,bike,4.3,18.61,6.98,9.23,18.46,2.95,1.05,0.95,1.05,1.0,1,history,segment_shift_history,location_cycle_time,location_hour,location_hour,"Нужно 1 кур.; прогноз 4.3 заказа/ч; окно block_12_18: история 1.05, цикл 0.95; выбрано: историческая производительность; страховой запас 0%"
10,Якиманка,kfm,2026-09-28,13,13:00-14:00,medium,block_12_18,bike,4.42,18.61,7.44,9.23,18.46,2.95,1.05,0.95,1.05,1.0,1,history,segment_shift_history,location_cycle_time,location_hour,location_hour,"Нужно 1 кур.; прогноз 4.4 заказа/ч; окно block_12_18: история 1.05, цикл 0.95; выбрано: историческая производительность; страховой запас 0%"
10,Якиманка,kfm,2026-09-28,14,14:00-15:00,medium,block_12_18,bike,3.89,18.61,7.86,9.23,18.46,2.95,1.05,0.95,1.05,1.0,1,history,segment_shift_history,location_cycle_time,location_hour,location_hour,"Нужно 1 кур.; прогноз 3.9 заказа/ч; окно block_12_18: история 1.05, цикл 0.95; выбрано: историческая производительность; страховой запас 0%"
10,Якиманка,kfm,2026-09-28,15,15:00-16:00,medium,block_12_18,bike,2.53,18.61,8.61,9.23,18.46,2.95,1.05,0.95,1.05,1.0,1,history,segment_shift_history,location_cycle_time,location_hour,location_hour,"Нужно 1 кур.; прогноз 2.5 заказа/ч; окно block_12_18: история 1.05, цикл 0.95; выбрано: историческая производительность; страховой запас 0%"
10,Якиманка,kfm,2026-09-28,16,16:00-17:00,medium,block_12_18,bike,1.83,18.61,8.68,9.23,18.46,2.95,1.05,0.95,1.05,1.0,1,history,segment_shift_history,location_cycle_time,location_hour,location_hour,"Нужно 1 кур.; прогноз 1.8 заказа/ч; окно block_12_18: история 1.05, цикл 0.95; выбрано: историческая производительность; страховой запас 0%"
10,Якиманка,kfm,2026-09-28,17,17:00-18:00,medium,block_12_18,bike,1.65,18.61,7.49,9.23,18.46,2.95,1.05,0.95,1.05,1.0,1,history,segment_shift_history,location_cycle_time,location_hour,location_hour,"Нужно 1 кур.; прогноз 1.6 заказа/ч; окно block_12_18: история 1.05, цикл 0.95; выбрано: историческая производительность; страховой запас 0%"
10,Якиманка,kfm,2026-09-28,18,18:00-19:00,medium,block_18_24,bike,1.71,7.06,8.65,10.03,20.06,2.16,0.55,0.39,0.55,1.0,1,history,segment_shift_history,location_cycle_time,location_hour,location_hour,"Нужно 1 кур.; прогноз 1.7 заказа/ч; окно block_18_24: история 0.55, цикл 0.39; выбрано: историческая производительность; страховой запас 0%"
10,Якиманка,kfm,2026-09-28,19,19:00-20:00,medium,block_18_24,bike,1.77,7.06,7.37,10.03,20.06,2.16,0.55,0.39,0.55,1.0,1,history,segment_shift_history,location_cycle_time,location_hour,location_hour,"Нужно 1 кур.; прогноз 1.8 заказа/ч; окно block_18_24: история 0.55, цикл 0.39; выбрано: историческая производительность; страховой запас 0%"
10,Якиманка,kfm,2026-09-28,20,20:00-21:00,medium,block_18_24,bike,1.93,7.06,9.66,10.03,20.06,2.16,0.55,0.39,0.55,1.0,1,history,segment_shift_history,location_cycle_time,location_hour,location_hour,"Нужно 1 кур.; прогноз 1.9 заказа/ч; окно block_18_24: история 0.55, цикл 0.39; выбрано: историческая производительность; страховой запас 0%"
10,Якиманка,kfm,2026-09-28,21,21:00-22:00,medium,block_18_24,bike,0.99,7.06,9.67,10.03,20.06,2.16,0.55,0.39,0.55,1.0,1,history,segment_shift_history,location_cycle_time,location_hour,location_hour,"Нужно 1 кур.; прогноз 1.0 заказа/ч; окно block_18_24: история 0.55, цикл 0.39; выбрано: историческая производительность; страховой запас 0%"
10,Якиманка,kfm,2026-09-28,22,22:00-23:00,medium,block_18_24,bike,0.66,7.06,8.89,10.03,20.06,2.16,0.55,0.39,0.55,1.0,1,history,segment_shift_history,location_cycle_time,location_hour,location_hour,"Нужно 1 кур.; прогноз 0.7 заказа/ч; окно block_18_24: история 0.55, цикл 0.39; выбрано: историческая производительность; страховой запас 0%"
101,Алия,kfm,2026-09-28,8,08:00-09:00,medium,block_06_12,auto,1.65,9.76,28.44,31.8,63.6,1.2,1.35,1.72,1.72,1.0,2,cycle_time,location_shift_history,location_cycle_time,location_hour,location_hour,"Нужно 2 кур.; прогноз 1.6 заказа/ч; окно block_06_12: история 1.35, цикл 1.72; выбрано: время полного цикла доставки; страховой запас 0%"
101,Алия,kfm,2026-09-28,9,09:00-10:00,medium,block_06_12,auto,2.41,9.76,28.6,31.8,63.6,1.2,1.35,1.72,1.72,1.0,2,cycle_time,location_shift_history,location_cycle_time,location_hour,location_hour,"Нужно 2 кур.; прогноз 2.4 заказа/ч; окно block_06_12: история 1.35, цикл 1.72; выбрано: время полного цикла доставки; страховой запас 0%"
101,Алия,kfm,2026-09-28,10,10:00-11:00,medium,block_06_12,auto,2.34,9.76,25.59,31.8,63.6,1.2,1.35,1.72,1.72,1.0,2,cycle_time,location_shift_history,location_cycle_time,location_hour,location_hour,"Нужно 2 кур.; прогноз 2.3 заказа/ч; окно block_06_12: история 1.35, цикл 1.72; выбрано: время полного цикла доставки; страховой запас 0%"
101,Алия,kfm,2026-09-28,11,11:00-12:00,medium,block_06_12,auto,3.37,9.76,25.94,31.8,63.6,1.2,1.35,1.72,1.72,1.0,2,cycle_time,location_shift_history,location_cycle_time,location_hour,location_hour,"Нужно 2 кур.; прогноз 3.4 заказа/ч; окно block_06_12: история 1.35, цикл 1.72; выбрано: время полного цикла доставки; страховой запас 0%"
101,Алия,kfm,2026-09-28,12,12:00-13:00,medium,block_12_18,auto,3.55,18.02,31.37,34.44,68.88,1.15,2.61,3.45,3.45,1.0,4,cycle_time,location_shift_history,location_cycle_time,location_hour,location_hour,"Нужно 4 кур.; прогноз 3.6 заказа/ч; окно block_12_18: история 2.61, цикл 3.45; выбрано: время полного цикла доставки; страховой запас 0%"
101,Алия,kfm,2026-09-28,13,13:00-14:00,medium,block_12_18,auto,3.42,18.02,28.81,34.44,68.88,1.15,2.61,3.45,3.45,1.0,4,cycle_time,location_shift_history,location_cycle_time,location_hour,location_hour,"Нужно 4 кур.; прогноз 3.4 заказа/ч; окно block_12_18: история 2.61, цикл 3.45; выбрано: время полного цикла доставки; страховой запас 0%"
101,Алия,kfm,2026-09-28,14,14:00-15:00,medium,block_12_18,auto,3.35,18.02,29.31,34.44,68.88,1.15,2.61,3.45,3.45,1.0,4,cycle_time,location_shift_history,location_cycle_time,location_hour,location_hour,"Нужно 4 кур.; прогноз 3.4 заказа/ч; окно block_12_18: история 2.61, цикл 3.45; выбрано: время полного цикла доставки; страховой запас 0%"
101,Алия,kfm,2026-09-28,15,15:00-16:00,medium,block_12_18,auto,3.03,18.02,28.94,34.44,68.88,1.15,2.61,3.45,3.45,1.0,4,cycle_time,location_shift_history,location_cycle_time,location_hour,location_hour,"Нужно 4 кур.; прогноз 3.0 заказа/ч; окно block_12_18: история 2.61, цикл 3.45; выбрано: время полного цикла доставки; страховой запас 0%"
101,Алия,kfm,2026-09-28,16,16:00-17:00,medium,block_12_18,auto,2.63,18.02,30.73,34.44,68.88,1.15,2.61,3.45,3.45,1.0,4,cycle_time,location_shift_history,location_cycle_time,location_hour,location_hour,"Нужно 4 кур.; прогноз 2.6 заказа/ч; окно block_12_18: история 2.61, цикл 3.45; выбрано: время полного цикла доставки; страховой запас 0%"
101,Алия,kfm,2026-09-28,17,17:00-18:00,medium,block_12_18,auto,2.04,18.02,28.19,34.44,68.88,1.15,2.61,3.45,3.45,1.0,4,cycle_time,location_shift_history,location_cycle_time,location_hour,location_hour,"Нужно 4 кур.; прогноз 2.0 заказа/ч; окно block_12_18: история 2.61, цикл 3.45; выбрано: время полного цикла доставки; страховой запас 0%"
101,Алия,kfm,2026-09-28,18,18:00-19:00,medium,block_18_24,auto,2.41,8.26,28.52,30.83,61.66,1.69,0.81,1.42,1.42,1.0,1,cycle_time,segment_shift_history,location_cycle_time,location_hour,location_hour,"Нужно 1 кур.; прогноз 2.4 заказа/ч; окно block_18_24: история 0.81, цикл 1.42; выбрано: время полного цикла доставки; страховой запас 0%"
101,Алия,kfm,2026-09-28,19,19:00-20:00,medium,block_18_24,auto,2.3,8.26,28.34,30.83,61.66,1.69,0.81,1.42,1.42,1.0,1,cycle_time,segment_shift_history,location_cycle_time,location_hour,location_hour,"Нужно 1 кур.; прогноз 2.3 заказа/ч; окно block_18_24: история 0.81, цикл 1.42; выбрано: время полного цикла доставки; страховой запас 0%"
101,Алия,kfm,2026-09-28,20,20:00-21:00,medium,block_18_24,auto,1.66,8.26,21.32,30.83,61.66,1.69,0.81,1.42,1.42,1.0,1,cycle_time,segment_shift_history,location_cycle_time,location_hour,location_hour,"Нужно 1 кур.; прогноз 1.7 заказа/ч; окно block_18_24: история 0.81, цикл 1.42; выбрано: время полного цикла доставки; страховой запас 0%"
101,Алия,kfm,2026-09-28,21,21:00-22:00,medium,block_18_24,auto,1.32,8.26,22.23,30.83,61.66,1.69,0.81,1.42,1.42,1.0,1,cycle_time,segment_shift_history,location_cycle_time,location_hour,location_hour,"Нужно 1 кур.; прогноз 1.3 заказа/ч; окно block_18_24: история 0.81, цикл 1.42; выбрано: время полного цикла доставки; страховой запас 0%"
11,Кутузовский,kfm,2026-09-28,0,00:00-01:00,medium,block_00_06,auto,5.58,15.17,23.35,28.04,56.08,0.79,3.21,2.36,3.21,1.0,3,history,location_shift_history,location_cycle_time,location_hour,location_hour,"Нужно 3 кур.; прогноз 5.6 заказа/ч; окно block_00_06: история 3.21, цикл 2.36; выбрано: историческая производительность; страховой запас 0%"
11,Кутузовский,kfm,2026-09-28,1,01:00-02:00,medium,block_00_06,auto,3.82,15.17,21.04,28.04,56.08,0.79,3.21,2.36,3.21,1.0,3,history,location_shift_history,location_cycle_time,location_hour,location_hour,"Нужно 3 кур.; прогноз 3.8 заказа/ч; окно block_00_06: история 3.21, цикл 2.36; выбрано: историческая производительность; страховой запас 0%"
11,Кутузовский,kfm,2026-09-28,2,02:00-03:00,medium,block_00_06,auto,1.61,15.17,21.4,28.04,56.08,0.79,3.21,2.36,3.21,1.0,3,history,location_shift_history,location_cycle_time,location_hour,location_hour,"Нужно 3 кур.; прогноз 1.6 заказа/ч; окно block_00_06: история 3.21, цикл 2.36; выбрано: историческая производительность; страховой запас 0%"
11,Кутузовский,kfm,2026-09-28,3,03:00-04:00,medium,block_00_06,auto,0.7,15.17,18.4,28.04,56.08,0.79,3.21,2.36,3.21,1.0,3,history,location_shift_history,location_cycle_time,location_hour,location_hour,"Нужно 3 кур.; прогноз 0.7 заказа/ч; окно block_00_06: история 3.21, цикл 2.36; выбрано: историческая производительность; страховой запас 0%"
11,Кутузовский,kfm,2026-09-28,4,04:00-05:00,medium,block_00_06,auto,0.8,15.17,20.47,28.04,56.08,0.79,3.21,2.36,3.21,1.0,3,history,location_shift_history,location_cycle_time,location_hour,location_hour,"Нужно 3 кур.; прогноз 0.8 заказа/ч; окно block_00_06: история 3.21, цикл 2.36; выбрано: историческая производительность; страховой запас 0%"
11,Кутузовский,kfm,2026-09-28,5,05:00-06:00,medium,block_00_06,auto,2.66,15.17,28.37,28.04,56.08,0.79,3.21,2.36,3.21,1.0,3,history,location_shift_history,location_cycle_time,location_hour,location_hour,"Нужно 3 кур.; прогноз 2.7 заказа/ч; окно block_00_06: история 3.21, цикл 2.36; выбрано: историческая производительность; страховой запас 0%"
11,Кутузовский,kfm,2026-09-28,6,06:00-07:00,medium,block_06_12,auto,12.27,16.54,31.15,32.37,64.74,2.14,1.29,2.97,2.97,1.0,3,cycle_time,location_shift_history,location_cycle_time,location_hour,location_hour,"Нужно 3 кур.; прогноз 12.3 заказа/ч; окно block_06_12: история 1.29, цикл 2.97; выбрано: время полного цикла доставки; страховой запас 0%"
11,Кутузовский,kfm,2026-09-28,22,22:00-23:00,medium,block_18_24,auto,1.85,6.64,14.54,21.99,43.98,1.69,0.65,0.81,0.81,1.0,1,cycle_time,segment_shift_history,location_cycle_time,location_hour,location_hour,"Нужно 1 кур.; прогноз 1.9 заказа/ч; окно block_18_24: история 0.65, цикл 0.81; выбрано: время полного цикла доставки; страховой запас 0%"
11,Кутузовский,kfm,2026-09-28,23,23:00-24:00,medium,block_18_24,auto,3.96,6.64,16.46,21.99,43.98,1.69,0.65,0.81,0.81,1.0,1,cycle_time,segment_shift_history,location_cycle_time,location_hour,location_hour,"Нужно 1 кур.; прогноз 4.0 заказа/ч; окно block_18_24: история 0.65, цикл 0.81; выбрано: время полного цикла доставки; страховой запас 0%"
115,Опен Символ,kfm,2026-09-28,7,07:00-08:00,high,opening,auto,1.45,1.45,26.14,32.49,64.99,1.62,0.45,0.79,0.79,1.0,1,cycle_time,time_segment_shift_history,segment_cycle_time,location_hour,location_hour,"Нужно 1 кур.; прогноз 1.5 заказа/ч; окно opening: история 0.45, цикл 0.79; выбрано: время полного цикла доставки; страховой запас 0%"
115,Опен Символ,kfm,2026-09-28,8,08:00-09:00,high,early_morning,auto,2.76,2.76,21.0,24.22,48.44,1.45,1.9,2.23,2.23,1.0,2,cycle_time,segment_shift_history,location_cycle_time,location_hour,location_hour,"Нужно 2 кур.; прогноз 2.8 заказа/ч; окно early_morning: история 1.90, цикл 2.23; выбрано: время полного цикла доставки; страховой запас 0%"
115,Опен Символ,kfm,2026-09-28,9,09:00-10:00,high,morning,auto,3.62,6.45,23.31,25.25,50.5,1.45,2.22,2.72,2.72,1.0,3,cycle_time,segment_shift_history,location_cycle_time,location_hour,location_hour,"Нужно 3 кур.; прогноз 3.6 заказа/ч; окно morning: история 2.22, цикл 2.72; выбрано: время полного цикла доставки; страховой запас 0%"
115,Опен Символ,kfm,2026-09-28,10,10:00-11:00,high,morning,auto,2.83,6.45,20.18,25.25,50.5,1.45,2.22,2.72,2.72,1.0,3,cycle_time,segment_shift_history,location_cycle_time,location_hour,location_hour,"Нужно 3 кур.; прогноз 2.8 заказа/ч; окно morning: история 2.22, цикл 2.72; выбрано: время полного цикла доставки; страховой запас 0%"
115,Опен Символ,kfm,2026-09-28,11,11:00-12:00,high,lunch,auto,3.69,13.8,25.28,29.08,58.16,0.96,3.6,3.34,3.6,1.0,3,history,location_shift_history,location_cycle_time,location_hour,location_hour,"Нужно 3 кур.; прогноз 3.7 заказа/ч; окно lunch: история 3.60, цикл 3.34; выбрано: историческая производительность; страховой запас 0%"
115,Опен Символ,kfm,2026-09-28,12,12:00-13:00,high,lunch,auto,3.46,13.8,27.77,29.08,58.16,0.96,3.6,3.34,3.6,1.0,3,history,location_shift_history,location_cycle_time,location_hour,location_hour,"Нужно 3 кур.; прогноз 3.5 заказа/ч; окно lunch: история 3.60, цикл 3.34; выбрано: историческая производительность; страховой запас 0%"
115,Опен Символ,kfm,2026-09-28,13,13:00-14:00,high,lunch,auto,2.65,13.8,23.81,29.08,58.16,0.96,3.6,3.34,3.6,1.0,3,history,location_shift_history,location_cycle_time,location_hour,location_hour,"Нужно 3 кур.; прогноз 2.7 заказа/ч; окно lunch: история 3.60, цикл 3.34; выбрано: историческая производительность; страховой запас 0%"
115,Опен Символ,kfm,2026-09-28,14,14:00-15:00,high,lunch,auto,4.0,13.8,24.02,29.08,58.16,0.96,3.6,3.34,3.6,1.0,3,history,location_shift_history,location_cycle_time,location_hour,location_hour,"Нужно 3 кур.; прогноз 4.0 заказа/ч; окно lunch: история 3.60, цикл 3.34; выбрано: историческая производительность; страховой запас 0%"
115,Опен Символ,kfm,2026-09-28,15,15:00-16:00,high,afternoon,auto,2.98,7.04,24.94,30.81,61.62,0.8,2.93,2.41,2.93,1.0,3,history,location_shift_history,location_cycle_time,location_hour,location_hour,"Нужно 3 кур.; прогноз 3.0 заказа/ч; окно afternoon: история 2.93, цикл 2.41; выбрано: историческая производительность; страховой запас 0%"
115,Опен Символ,kfm,2026-09-28,16,16:00-17:00,high,afternoon,auto,2.24,7.04,26.91,30.81,61.62,0.8,2.93,2.41,2.93,1.0,3,history,location_shift_history,location_cycle_time,location_hour,location_hour,"Нужно 3 кур.; прогноз 2.2 заказа/ч; окно afternoon: история 2.93, цикл 2.41; выбрано: историческая производительность; страховой запас 0%"
115,Опен Символ,kfm,2026-09-28,17,17:00-18:00,high,afternoon,auto,1.82,7.04,31.55,30.81,61.62,0.8,2.93,2.41,2.93,1.0,3,history,location_shift_history,location_cycle_time,location_hour,location_hour,"Нужно 3 кур.; прогноз 1.8 заказа/ч; окно afternoon: история 2.93, цикл 2.41; выбрано: историческая производительность; страховой запас 0%"
115,Опен Символ,kfm,2026-09-28,18,18:00-19:00,high,dinner,auto,1.88,6.48,25.69,28.63,57.26,0.6,3.61,2.06,3.61,1.0,4,history,location_shift_history,location_cycle_time,location_hour,location_hour,"Нужно 4 кур.; прогноз 1.9 заказа/ч; окно dinner: история 3.61, цикл 2.06; выбрано: историческая производительность; страховой запас 0%"
115,Опен Символ,kfm,2026-09-28,19,19:00-20:00,high,dinner,auto,2.32,6.48,27.81,28.63,57.26,0.6,3.61,2.06,3.61,1.0,4,history,location_shift_history,location_cycle_time,location_hour,location_hour,"Нужно 4 кур.; прогноз 2.3 заказа/ч; окно dinner: история 3.61, цикл 2.06; выбрано: историческая производительность; страховой запас 0%"
115,Опен Символ,kfm,2026-09-28,20,20:00-21:00,high,dinner,auto,2.28,6.48,20.93,28.63,57.26,0.6,3.61,2.06,3.61,1.0,4,history,location_shift_history,location_cycle_time,location_hour,location_hour,"Нужно 4 кур.; прогноз 2.3 заказа/ч; окно dinner: история 3.61, цикл 2.06; выбрано: историческая производительность; страховой запас 0%"
115,Опен Символ,kfm,2026-09-28,21,21:00-22:00,high,late_evening,auto,2.15,2.21,16.4,25.0,50.0,1.33,0.55,0.61,0.61,1.0,1,cycle_time,segment_shift_history,location_cycle_time,location_hour,location_hour,"Нужно 1 кур.; прогноз 2.1 заказа/ч; окно late_evening: история 0.55, цикл 0.61; выбрано: время полного цикла доставки; страховой запас 0%"
115,Опен Символ,kfm,2026-09-28,22,22:00-23:00,high,late_evening,auto,0.06,2.21,18.72,25.0,50.0,1.33,0.55,0.61,0.61,1.0,1,cycle_time,segment_shift_history,location_cycle_time,location_hour,location_hour,"Нужно 1 кур.; прогноз 0.1 заказа/ч; окно late_evening: история 0.55, цикл 0.61; выбрано: время полного цикла доставки; страховой запас 0%"
115,Опен Символ,kfm,2026-09-28,7,07:00-08:00,high,opening,bike,0.53,0.53,11.83,15.44,30.88,2.41,0.11,0.14,0.14,1.0,0,cycle_time,time_segment_shift_history,segment_cycle_time,location_hour,location_hour,"Нужно 0 кур.; прогноз 0.5 заказа/ч; окно opening: история 0.11, цикл 0.14; выбрано: время полного цикла доставки; страховой запас 0%"
115,Опен Символ,kfm,2026-09-28,8,08:00-09:00,high,early_morning,bike,1.01,1.01,11.46,13.82,27.64,2.73,0.37,0.46,0.46,1.0,1,cycle_time,segment_shift_history,location_cycle_time,location_hour,location_hour,"Нужно 1 кур.; прогноз 1.0 заказа/ч; окно early_morning: история 0.37, цикл 0.46; выбрано: время полного цикла доставки; страховой запас 0%"
115,Опен Символ,kfm,2026-09-28,9,09:00-10:00,high,morning,bike,1.32,2.35,8.84,12.01,24.02,2.82,0.42,0.47,0.47,1.0,0,cycle_time,segment_shift_history,location_cycle_time,location_hour,location_hour,"Нужно 0 кур.; прогноз 1.3 заказа/ч; окно morning: история 0.42, цикл 0.47; выбрано: время полного цикла доставки; страховой запас 0%"
115,Опен Символ,kfm,2026-09-28,10,10:00-11:00,high,morning,bike,1.03,2.35,11.3,12.01,24.02,2.82,0.42,0.47,0.47,1.0,0,cycle_time,segment_shift_history,location_cycle_time,location_hour,location_hour,"Нужно 0 кур.; прогноз 1.0 заказа/ч; окно morning: история 0.42, цикл 0.47; выбрано: время полного цикла доставки; страховой запас 0%"
115,Опен Символ,kfm,2026-09-28,11,11:00-12:00,high,lunch,bike,1.35,5.04,11.51,12.58,25.16,2.63,0.48,0.53,0.53,1.0,1,cycle_time,segment_shift_history,location_cycle_time,location_hour,location_hour,"Нужно 1 кур.; прогноз 1.3 заказа/ч; окно lunch: история 0.48, цикл 0.53; выбрано: время полного цикла доставки; страховой запас 0%"
115,Опен Символ,kfm,2026-09-28,12,12:00-13:00,high,lunch,bike,1.26,5.04,10.03,12.58,25.16,2.63,0.48,0.53,0.53,1.0,1,cycle_time,segment_shift_history,location_cycle_time,location_hour,location_hour,"Нужно 1 кур.; прогноз 1.3 заказа/ч; окно lunch: история 0.48, цикл 0.53; выбрано: время полного цикла доставки; страховой запас 0%"
115,Опен Символ,kfm,2026-09-28,13,13:00-14:00,high,lunch,bike,0.97,5.04,11.6,12.58,25.16,2.63,0.48,0.53,0.53,1.0,1,cycle_time,segment_shift_history,location_cycle_time,location_hour,location_hour,"Нужно 1 кур.; прогноз 1.0 заказа/ч; окно lunch: история 0.48, цикл 0.53; выбрано: время полного цикла доставки; страховой запас 0%"
115,Опен Символ,kfm,2026-09-28,14,14:00-15:00,high,lunch,bike,1.46,5.04,9.2,12.58,25.16,2.63,0.48,0.53,0.53,1.0,1,cycle_time,segment_shift_history,location_cycle_time,location_hour,location_hour,"Нужно 1 кур.; прогноз 1.5 заказа/ч; окно lunch: история 0.48, цикл 0.53; выбрано: время полного цикла доставки; страховой запас 0%"
115,Опен Символ,kfm,2026-09-28,15,15:00-16:00,high,afternoon,bike,1.09,2.57,9.28,13.64,27.28,1.96,0.44,0.39,0.44,1.0,1,history,segment_shift_history,location_cycle_time,location_hour,location_hour,"Нужно 1 кур.; прогноз 1.1 заказа/ч; окно afternoon: история 0.44, цикл 0.39; выбрано: историческая производительность; страховой запас 0%"
115,Опен Символ,kfm,2026-09-28,16,16:00-17:00,high,afternoon,bike,0.82,2.57,11.45,13.64,27.28,1.96,0.44,0.39,0.44,1.0,1,history,segment_shift_history,location_cycle_time,location_hour,location_hour,"Нужно 1 кур.; прогноз 0.8 заказа/ч; окно afternoon: история 0.44, цикл 0.39; выбрано: историческая производительность; страховой запас 0%"
115,Опен Символ,kfm,2026-09-28,17,17:00-18:00,high,afternoon,bike,0.66,2.57,12.81,13.64,27.28,1.96,0.44,0.39,0.44,1.0,1,history,segment_shift_history,location_cycle_time,location_hour,location_hour,"Нужно 1 кур.; прогноз 0.7 заказа/ч; окно afternoon: история 0.44, цикл 0.39; выбрано: историческая производительность; страховой запас 0%"
115,Опен Символ,kfm,2026-09-28,18,18:00-19:00,high,dinner,bike,0.69,2.37,12.99,11.83,23.66,2.32,0.34,0.31,0.34,1.0,0,history,segment_shift_history,location_cycle_time,location_hour,location_hour,"Нужно 0 кур.; прогноз 0.7 заказа/ч; окно dinner: история 0.34, цикл 0.31; выбрано: историческая производительность; страховой запас 0%"
115,Опен Символ,kfm,2026-09-28,19,19:00-20:00,high,dinner,bike,0.85,2.37,8.53,11.83,23.66,2.32,0.34,0.31,0.34,1.0,0,history,segment_shift_history,location_cycle_time,location_hour,location_hour,"Нужно 0 кур.; прогноз 0.8 заказа/ч; окно dinner: история 0.34, цикл 0.31; выбрано: историческая производительность; страховой запас 0%"
115,Опен Символ,kfm,2026-09-28,20,20:00-21:00,high,dinner,bike,0.83,2.37,8.01,11.83,23.66,2.32,0.34,0.31,0.34,1.0,0,history,segment_shift_history,location_cycle_time,location_hour,location_hour,"Нужно 0 кур.; прогноз 0.8 заказа/ч; окно dinner: история 0.34, цикл 0.31; выбрано: историческая производительность; страховой запас 0%"
115,Опен Символ,kfm,2026-09-28,21,21:00-22:00,high,late_evening,bike,0.78,0.81,9.94,11.48,22.95,1.98,0.14,0.1,0.14,1.0,0,history,segment_shift_history,segment_cycle_time,location_hour,global_hour,"Нужно 0 кур.; прогноз 0.8 заказа/ч; окно late_evening: история 0.14, цикл 0.10; выбрано: историческая производительность; страховой запас 0%"
115,Опен Символ,kfm,2026-09-28,22,22:00-23:00,high,late_evening,bike,0.02,0.81,9.8,11.48,22.95,1.98,0.14,0.1,0.14,1.0,0,history,segment_shift_history,segment_cycle_time,location_hour,global_hour,"Нужно 0 кур.; прогноз 0.0 заказа/ч; окно late_evening: история 0.14, цикл 0.10; выбрано: историческая производительность; страховой запас 0%"
12,Хорошо,kfm,2026-09-28,8,08:00-09:00,high,early_morning,auto,1.33,1.33,25.85,26.83,53.66,1.45,0.91,1.19,1.19,1.0,2,cycle_time,segment_shift_history,location_cycle_time,location_hour,location_hour,"Нужно 2 кур.; прогноз 1.3 заказа/ч; окно early_morning: история 0.91, цикл 1.19; выбрано: время полного цикла доставки; страховой запас 0%"
12,Хорошо,kfm,2026-09-28,9,09:00-10:00,high,morning,auto,2.47,5.69,20.73,25.31,50.62,1.45,1.96,2.4,2.4,1.0,2,cycle_time,segment_shift_history,location_cycle_time,location_hour,location_hour,"Нужно 2 кур.; прогноз 2.5 заказа/ч; окно morning: история 1.96, цикл 2.40; выбрано: время полного цикла доставки; страховой запас 0%"
12,Хорошо,kfm,2026-09-28,10,10:00-11:00,high,morning,auto,3.22,5.69,19.85,25.31,50.62,1.45,1.96,2.4,2.4,1.0,2,cycle_time,segment_shift_history,location_cycle_time,location_hour,location_hour,"Нужно 2 кур.; прогноз 3.2 заказа/ч; окно morning: история 1.96, цикл 2.40; выбрано: время полного цикла доставки; страховой запас 0%"
12,Хорошо,kfm,2026-09-28,11,11:00-12:00,high,lunch,auto,3.3,12.99,22.23,25.31,50.62,1.92,1.7,2.74,2.74,1.0,3,cycle_time,location_shift_history,location_cycle_time,location_hour,location_hour,"Нужно 3 кур.; прогноз 3.3 заказа/ч; окно lunch: история 1.70, цикл 2.74; выбрано: время полного цикла доставки; страховой запас 0%"
12,Хорошо,kfm,2026-09-28,12,12:00-13:00,high,lunch,auto,3.96,12.99,20.66,25.31,50.62,1.92,1.7,2.74,2.74,1.0,3,cycle_time,location_shift_history,location_cycle_time,location_hour,location_hour,"Нужно 3 кур.; прогноз 4.0 заказа/ч; окно lunch: история 1.70, цикл 2.74; выбрано: время полного цикла доставки; страховой запас 0%"
12,Хорошо,kfm,2026-09-28,13,13:00-14:00,high,lunch,auto,3.13,12.99,22.7,25.31,50.62,1.92,1.7,2.74,2.74,1.0,3,cycle_time,location_shift_history,location_cycle_time,location_hour,location_hour,"Нужно 3 кур.; прогноз 3.1 заказа/ч; окно lunch: история 1.70, цикл 2.74; выбрано: время полного цикла доставки; страховой запас 0%"
12,Хорошо,kfm,2026-09-28,14,14:00-15:00,high,lunch,auto,2.6,12.99,19.21,25.31,50.62,1.92,1.7,2.74,2.74,1.0,3,cycle_time,location_shift_history,location_cycle_time,location_hour,location_hour,"Нужно 3 кур.; прогноз 2.6 заказа/ч; окно lunch: история 1.70, цикл 2.74; выбрано: время полного цикла доставки; страховой запас 0%"
12,Хорошо,kfm,2026-09-28,15,15:00-16:00,high,afternoon,auto,2.8,6.79,18.44,24.04,48.08,1.31,1.73,1.81,1.81,1.0,1,cycle_time,location_shift_history,location_cycle_time,location_hour,location_hour,"Нужно 1 кур.; прогноз 2.8 заказа/ч; окно afternoon: история 1.73, цикл 1.81; выбрано: время полного цикла доставки; страховой запас 0%"
12,Хорошо,kfm,2026-09-28,16,16:00-17:00,high,afternoon,auto,1.78,6.79,19.41,24.04,48.08,1.31,1.73,1.81,1.81,1.0,1,cycle_time,location_shift_history,location_cycle_time,location_hour,location_hour,"Нужно 1 кур.; прогноз 1.8 заказа/ч; окно afternoon: история 1.73, цикл 1.81; выбрано: время полного цикла доставки; страховой запас 0%"
12,Хорошо,kfm,2026-09-28,17,17:00-18:00,high,afternoon,auto,2.21,6.79,23.08,24.04,48.08,1.31,1.73,1.81,1.81,1.0,1,cycle_time,location_shift_history,location_cycle_time,location_hour,location_hour,"Нужно 1 кур.; прогноз 2.2 заказа/ч; окно afternoon: история 1.73, цикл 1.81; выбрано: время полного цикла доставки; страховой запас 0%"
12,Хорошо,kfm,2026-09-28,18,18:00-19:00,high,dinner,auto,2.27,6.61,22.04,26.49,52.98,1.17,1.89,1.94,1.94,1.0,2,cycle_time,segment_shift_history,location_cycle_time,location_hour,location_hour,"Нужно 2 кур.; прогноз 2.3 заказа/ч; окно dinner: история 1.89, цикл 1.94; выбрано: время полного цикла доставки; страховой запас 0%"
12,Хорошо,kfm,2026-09-28,19,19:00-20:00,high,dinner,auto,2.14,6.61,25.17,26.49,52.98,1.17,1.89,1.94,1.94,1.0,2,cycle_time,segment_shift_history,location_cycle_time,location_hour,location_hour,"Нужно 2 кур.; прогноз 2.1 заказа/ч; окно dinner: история 1.89, цикл 1.94; выбрано: время полного цикла доставки; страховой запас 0%"
12,Хорошо,kfm,2026-09-28,20,20:00-21:00,high,dinner,auto,2.19,6.61,19.39,26.49,52.98,1.17,1.89,1.94,1.94,1.0,2,cycle_time,segment_shift_history,location_cycle_time,location_hour,location_hour,"Нужно 2 кур.; прогноз 2.2 заказа/ч; окно dinner: история 1.89, цикл 1.94; выбрано: время полного цикла доставки; страховой запас 0%"
12,Хорошо,kfm,2026-09-28,21,21:00-22:00,high,late_evening,auto,1.67,1.84,19.71,22.67,45.34,1.33,0.46,0.46,0.46,1.0,1,cycle_time,segment_shift_history,location_cycle_time,location_hour,location_hour,"Нужно 1 кур.; прогноз 1.7 заказа/ч; окно late_evening: история 0.46, цикл 0.46; выбрано: время полного цикла доставки; страховой запас 0%"
12,Хорошо,kfm,2026-09-28,8,08:00-09:00,high,early_morning,bike,0.75,0.75,18.51,12.84,25.68,2.73,0.28,0.32,0.32,1.0,0,cycle_time,segment_shift_history,segment_cycle_time,location_hour,location_hour,"Нужно 0 кур.; прогноз 0.8 заказа/ч; окно early_morning: история 0.28, цикл 0.32; выбрано: время полного цикла доставки; страховой запас 0%"
12,Хорошо,kfm,2026-09-28,9,09:00-10:00,high,morning,bike,1.4,3.22,13.97,14.63,29.26,2.82,0.57,0.78,0.78,1.0,1,cycle_time,segment_shift_history,location_cycle_time,location_hour,location_hour,"Нужно 1 кур.; прогноз 1.4 заказа/ч; окно morning: история 0.57, цикл 0.78; выбрано: время полного цикла доставки; страховой запас 0%"
12,Хорошо,kfm,2026-09-28,10,10:00-11:00,high,morning,bike,1.82,3.22,11.68,14.63,29.26,2.82,0.57,0.78,0.78,1.0,1,cycle_time,segment_shift_history,location_cycle_time,location_hour,location_hour,"Нужно 1 кур.; прогноз 1.8 заказа/ч; окно morning: история 0.57, цикл 0.78; выбрано: время полного цикла доставки; страховой запас 0%"
12,Хорошо,kfm,2026-09-28,11,11:00-12:00,high,lunch,bike,1.87,7.35,13.31,14.73,29.46,2.63,0.7,0.9,0.9,1.0,1,cycle_time,segment_shift_history,location_cycle_time,location_hour,location_hour,"Нужно 1 кур.; прогноз 1.9 заказа/ч; окно lunch: история 0.70, цикл 0.90; выбрано: время полного цикла доставки; страховой запас 0%"
12,Хорошо,kfm,2026-09-28,12,12:00-13:00,high,lunch,bike,2.24,7.35,12.91,14.73,29.46,2.63,0.7,0.9,0.9,1.0,1,cycle_time,segment_shift_history,location_cycle_time,location_hour,location_hour,"Нужно 1 кур.; прогноз 2.2 заказа/ч; окно lunch: история 0.70, цикл 0.90; выбрано: время полного цикла доставки; страховой запас 0%"
12,Хорошо,kfm,2026-09-28,13,13:00-14:00,high,lunch,bike,1.77,7.35,10.6,14.73,29.46,2.63,0.7,0.9,0.9,1.0,1,cycle_time,segment_shift_history,location_cycle_time,location_hour,location_hour,"Нужно 1 кур.; прогноз 1.8 заказа/ч; окно lunch: история 0.70, цикл 0.90; выбрано: время полного цикла доставки; страховой запас 0%"
12,Хорошо,kfm,2026-09-28,14,14:00-15:00,high,lunch,bike,1.47,7.35,13.42,14.73,29.46,2.63,0.7,0.9,0.9,1.0,1,cycle_time,segment_shift_history,location_cycle_time,location_hour,location_hour,"Нужно 1 кур.; прогноз 1.5 заказа/ч; окно lunch: история 0.70, цикл 0.90; выбрано: время полного цикла доставки; страховой запас 0%"
12,Хорошо,kfm,2026-09-28,15,15:00-16:00,high,afternoon,bike,1.58,3.84,13.76,14.19,28.38,1.96,0.65,0.61,0.65,1.0,1,history,segment_shift_history,location_cycle_time,location_hour,location_hour,"Нужно 1 кур.; прогноз 1.6 заказа/ч; окно afternoon: история 0.65, цикл 0.61; выбрано: историческая производительность; страховой запас 0%"
12,Хорошо,kfm,2026-09-28,16,16:00-17:00,high,afternoon,bike,1.01,3.84,12.78,14.19,28.38,1.96,0.65,0.61,0.65,1.0,1,history,segment_shift_history,location_cycle_time,location_hour,location_hour,"Нужно 1 кур.; прогноз 1.0 заказа/ч; окно afternoon: история 0.65, цикл 0.61; выбрано: историческая производительность; страховой запас 0%"
12,Хорошо,kfm,2026-09-28,17,17:00-18:00,high,afternoon,bike,1.25,3.84,13.57,14.19,28.38,1.96,0.65,0.61,0.65,1.0,1,history,segment_shift_history,location_cycle_time,location_hour,location_hour,"Нужно 1 кур.; прогноз 1.2 заказа/ч; окно afternoon: история 0.65, цикл 0.61; выбрано: историческая производительность; страховой запас 0%"
12,Хорошо,kfm,2026-09-28,18,18:00-19:00,high,dinner,bike,1.29,3.74,14.79,14.69,29.38,2.32,0.54,0.61,0.61,1.0,1,cycle_time,segment_shift_history,location_cycle_time,location_hour,location_hour,"Нужно 1 кур.; прогноз 1.3 заказа/ч; окно dinner: история 0.54, цикл 0.61; выбрано: время полного цикла доставки; страховой запас 0%"
12,Хорошо,kfm,2026-09-28,19,19:00-20:00,high,dinner,bike,1.21,3.74,12.05,14.69,29.38,2.32,0.54,0.61,0.61,1.0,1,cycle_time,segment_shift_history,location_cycle_time,location_hour,location_hour,"Нужно 1 кур.; прогноз 1.2 заказа/ч; окно dinner: история 0.54, цикл 0.61; выбрано: время полного цикла доставки; страховой запас 0%"
12,Хорошо,kfm,2026-09-28,20,20:00-21:00,high,dinner,bike,1.24,3.74,12.35,14.69,29.38,2.32,0.54,0.61,0.61,1.0,1,cycle_time,segment_shift_history,location_cycle_time,location_hour,location_hour,"Нужно 1 кур.; прогноз 1.2 заказа/ч; окно dinner: история 0.54, цикл 0.61; выбрано: время полного цикла доставки; страховой запас 0%"
12,Хорошо,kfm,2026-09-28,21,21:00-22:00,high,late_evening,bike,0.95,1.04,7.68,11.48,22.95,1.98,0.18,0.13,0.18,1.0,0,history,segment_shift_history,segment_cycle_time,location_hour,location_hour,"Нужно 0 кур.; прогноз 0.9 заказа/ч; окно late_evening: история 0.18, цикл 0.13; выбрано: историческая производительность; страховой запас 0%"
123,Опен Нева,kfm,2026-09-28,8,08:00-09:00,medium,block_06_12,bike,2.5,13.72,4.54,8.69,17.38,2.94,0.78,0.66,0.78,1.0,1,history,segment_shift_history,location_cycle_time,location_hour,location_hour,"Нужно 1 кур.; прогноз 2.5 заказа/ч; окно block_06_12: история 0.78, цикл 0.66; выбрано: историческая производительность; страховой запас 0%"
123,Опен Нева,kfm,2026-09-28,9,09:00-10:00,medium,block_06_12,bike,3.02,13.72,8.2,8.69,17.38,2.94,0.78,0.66,0.78,1.0,1,history,segment_shift_history,location_cycle_time,location_hour,location_hour,"Нужно 1 кур.; прогноз 3.0 заказа/ч; окно block_06_12: история 0.78, цикл 0.66; выбрано: историческая производительность; страховой запас 0%"
123,Опен Нева,kfm,2026-09-28,10,10:00-11:00,medium,block_06_12,bike,4.27,13.72,7.28,8.69,17.38,2.94,0.78,0.66,0.78,1.0,1,history,segment_shift_history,location_cycle_time,location_hour,location_hour,"Нужно 1 кур.; прогноз 4.3 заказа/ч; окно block_06_12: история 0.78, цикл 0.66; выбрано: историческая производительность; страховой запас 0%"
123,Опен Нева,kfm,2026-09-28,11,11:00-12:00,medium,block_06_12,bike,3.94,13.72,7.48,8.69,17.38,2.94,0.78,0.66,0.78,1.0,1,history,segment_shift_history,location_cycle_time,location_hour,location_hour,"Нужно 1 кур.; прогноз 3.9 заказа/ч; окно block_06_12: история 0.78, цикл 0.66; выбрано: историческая производительность; страховой запас 0%"
123,Опен Нева,kfm,2026-09-28,12,12:00-13:00,medium,block_12_18,bike,4.84,22.74,8.37,10.26,20.52,2.95,1.29,1.3,1.3,1.0,1,cycle_time,segment_shift_history,location_cycle_time,location_hour,location_hour,"Нужно 1 кур.; прогноз 4.8 заказа/ч; окно block_12_18: история 1.29, цикл 1.30; выбрано: время полного цикла доставки; страховой запас 0%"
123,Опен Нева,kfm,2026-09-28,13,13:00-14:00,medium,block_12_18,bike,5.48,22.74,9.11,10.26,20.52,2.95,1.29,1.3,1.3,1.0,1,cycle_time,segment_shift_history,location_cycle_time,location_hour,location_hour,"Нужно 1 кур.; прогноз 5.5 заказа/ч; окно block_12_18: история 1.29, цикл 1.30; выбрано: время полного цикла доставки; страховой запас 0%"
123,Опен Нева,kfm,2026-09-28,14,14:00-15:00,medium,block_12_18,bike,4.19,22.74,8.62,10.26,20.52,2.95,1.29,1.3,1.3,1.0,1,cycle_time,segment_shift_history,location_cycle_time,location_hour,location_hour,"Нужно 1 кур.; прогноз 4.2 заказа/ч; окно block_12_18: история 1.29, цикл 1.30; выбрано: время полного цикла доставки; страховой запас 0%"
123,Опен Нева,kfm,2026-09-28,15,15:00-16:00,medium,block_12_18,bike,3.87,22.74,7.31,10.26,20.52,2.95,1.29,1.3,1.3,1.0,1,cycle_time,segment_shift_history,location_cycle_time,location_hour,location_hour,"Нужно 1 кур.; прогноз 3.9 заказа/ч; окно block_12_18: история 1.29, цикл 1.30; выбрано: время полного цикла доставки; страховой запас 0%"
123,Опен Нева,kfm,2026-09-28,16,16:00-17:00,medium,block_12_18,bike,2.42,22.74,7.92,10.26,20.52,2.95,1.29,1.3,1.3,1.0,1,cycle_time,segment_shift_history,location_cycle_time,location_hour,location_hour,"Нужно 1 кур.; прогноз 2.4 заказа/ч; окно block_12_18: история 1.29, цикл 1.30; выбрано: время полного цикла доставки; страховой запас 0%"
123,Опен Нева,kfm,2026-09-28,17,17:00-18:00,medium,block_12_18,bike,1.94,22.74,8.6,10.26,20.52,2.95,1.29,1.3,1.3,1.0,1,cycle_time,segment_shift_history,location_cycle_time,location_hour,location_hour,"Нужно 1 кур.; прогноз 1.9 заказа/ч; окно block_12_18: история 1.29, цикл 1.30; выбрано: время полного цикла доставки; страховой запас 0%"
123,Опен Нева,kfm,2026-09-28,18,18:00-19:00,medium,block_18_24,bike,3.52,3.89,8.75,10.71,21.42,2.16,0.3,0.23,0.3,1.0,1,history,segment_shift_history,location_cycle_time,location_hour,location_hour,"Нужно 1 кур.; прогноз 3.5 заказа/ч; окно block_18_24: история 0.30, цикл 0.23; выбрано: историческая производительность; страховой запас 0%"
123,Опен Нева,kfm,2026-09-28,19,19:00-20:00,medium,block_18_24,bike,0.37,3.89,12.4,10.71,21.42,2.16,0.3,0.23,0.3,1.0,1,history,segment_shift_history,location_cycle_time,location_hour,location_hour,"Нужно 1 кур.; прогноз 0.4 заказа/ч; окно block_18_24: история 0.30, цикл 0.23; выбрано: историческая производительность; страховой запас 0%"
123,Опен Нева,kfm,2026-09-28,20,20:00-21:00,medium,block_18_24,bike,0.0,3.89,10.4,10.71,21.42,2.16,0.3,0.23,0.3,1.0,1,history,segment_shift_history,location_cycle_time,global_hour,global_hour,"Нужно 1 кур.; прогноз 0.0 заказа/ч; окно block_18_24: история 0.30, цикл 0.23; выбрано: историческая производительность; страховой запас 0%"
123,Опен Нева,kfm,2026-09-28,21,21:00-22:00,medium,block_18_24,bike,0.0,3.89,2.65,10.71,21.42,2.16,0.3,0.23,0.3,1.0,1,history,segment_shift_history,location_cycle_time,global_hour,location_hour,"Нужно 1 кур.; прогноз 0.0 заказа/ч; окно block_18_24: история 0.30, цикл 0.23; выбрано: историческая производительность; страховой запас 0%"
123,Опен Нева,kfm,2026-09-28,22,22:00-23:00,medium,block_18_24,bike,0.0,3.89,9.8,10.71,21.42,2.16,0.3,0.23,0.3,1.0,1,history,segment_shift_history,location_cycle_time,global_hour,global_hour,"Нужно 1 кур.; прогноз 0.0 заказа/ч; окно block_18_24: история 0.30, цикл 0.23; выбрано: историческая производительность; страховой запас 0%"
126,Опен Покровка,kfm,2026-09-28,7,07:00-08:00,high,opening,bike,0.92,1.28,11.07,15.44,30.88,2.41,0.27,0.33,0.33,1.0,1,cycle_time,time_segment_shift_history,segment_cycle_time,global_hour,global_hour,"Нужно 1 кур.; прогноз 0.9 заказа/ч; окно opening: история 0.27, цикл 0.33; выбрано: время полного цикла доставки; страховой запас 0%"
126,Опен Покровка,kfm,2026-09-28,8,08:00-09:00,high,early_morning,bike,3.28,3.28,11.03,12.65,25.3,2.73,1.2,1.38,1.38,1.0,2,cycle_time,segment_shift_history,location_cycle_time,location_hour,location_hour,"Нужно 2 кур.; прогноз 3.3 заказа/ч; окно early_morning: история 1.20, цикл 1.38; выбрано: время полного цикла доставки; страховой запас 0%"
126,Опен Покровка,kfm,2026-09-28,9,09:00-10:00,high,morning,bike,5.33,10.82,9.5,11.01,22.02,3.46,1.56,1.99,1.99,1.0,2,cycle_time,location_shift_history,location_cycle_time,location_hour,location_hour,"Нужно 2 кур.; прогноз 5.3 заказа/ч; окно morning: история 1.56, цикл 1.99; выбрано: время полного цикла доставки; страховой запас 0%"
126,Опен Покровка,kfm,2026-09-28,10,10:00-11:00,high,morning,bike,5.49,10.82,8.95,11.01,22.02,3.46,1.56,1.99,1.99,1.0,2,cycle_time,location_shift_history,location_cycle_time,location_hour,location_hour,"Нужно 2 кур.; прогноз 5.5 заказа/ч; окно morning: история 1.56, цикл 1.99; выбрано: время полного цикла доставки; страховой запас 0%"
126,Опен Покровка,kfm,2026-09-28,11,11:00-12:00,high,lunch,bike,3.85,21.36,10.7,11.37,22.74,3.06,1.74,2.02,2.02,1.0,2,cycle_time,location_shift_history,location_cycle_time,location_hour,location_hour,"Нужно 2 кур.; прогноз 3.8 заказа/ч; окно lunch: история 1.74, цикл 2.02; выбрано: время полного цикла доставки; страховой запас 0%"
126,Опен Покровка,kfm,2026-09-28,12,12:00-13:00,high,lunch,bike,6.04,21.36,10.03,11.37,22.74,3.06,1.74,2.02,2.02,1.0,2,cycle_time,location_shift_history,location_cycle_time,location_hour,location_hour,"Нужно 2 кур.; прогноз 6.0 заказа/ч; окно lunch: история 1.74, цикл 2.02; выбрано: время полного цикла доставки; страховой запас 0%"
126,Опен Покровка,kfm,2026-09-28,13,13:00-14:00,high,lunch,bike,6.42,21.36,8.7,11.37,22.74,3.06,1.74,2.02,2.02,1.0,2,cycle_time,location_shift_history,location_cycle_time,location_hour,location_hour,"Нужно 2 кур.; прогноз 6.4 заказа/ч; окно lunch: история 1.74, цикл 2.02; выбрано: время полного цикла доставки; страховой запас 0%"
126,Опен Покровка,kfm,2026-09-28,14,14:00-15:00,high,lunch,bike,5.06,21.36,8.45,11.37,22.74,3.06,1.74,2.02,2.02,1.0,2,cycle_time,location_shift_history,location_cycle_time,location_hour,location_hour,"Нужно 2 кур.; прогноз 5.1 заказа/ч; окно lunch: история 1.74, цикл 2.02; выбрано: время полного цикла доставки; страховой запас 0%"
126,Опен Покровка,kfm,2026-09-28,15,15:00-16:00,high,afternoon,bike,3.58,10.82,10.72,11.74,23.48,2.83,1.27,1.41,1.41,1.0,2,cycle_time,location_shift_history,location_cycle_time,location_hour,location_hour,"Нужно 2 кур.; прогноз 3.6 заказа/ч; окно afternoon: история 1.27, цикл 1.41; выбрано: время полного цикла доставки; страховой запас 0%"
126,Опен Покровка,kfm,2026-09-28,16,16:00-17:00,high,afternoon,bike,3.74,10.82,10.38,11.74,23.48,2.83,1.27,1.41,1.41,1.0,2,cycle_time,location_shift_history,location_cycle_time,location_hour,location_hour,"Нужно 2 кур.; прогноз 3.7 заказа/ч; окно afternoon: история 1.27, цикл 1.41; выбрано: время полного цикла доставки; страховой запас 0%"
126,Опен Покровка,kfm,2026-09-28,17,17:00-18:00,high,afternoon,bike,3.5,10.82,9.53,11.74,23.48,2.83,1.27,1.41,1.41,1.0,2,cycle_time,location_shift_history,location_cycle_time,location_hour,location_hour,"Нужно 2 кур.; прогноз 3.5 заказа/ч; окно afternoon: история 1.27, цикл 1.41; выбрано: время полного цикла доставки; страховой запас 0%"
126,Опен Покровка,kfm,2026-09-28,18,18:00-19:00,high,dinner,bike,2.96,8.5,9.87,10.47,20.94,2.32,1.22,0.99,1.22,1.0,1,history,segment_shift_history,location_cycle_time,location_hour,location_hour,"Нужно 1 кур.; прогноз 3.0 заказа/ч; окно dinner: история 1.22, цикл 0.99; выбрано: историческая производительность; страховой запас 0%"
126,Опен Покровка,kfm,2026-09-28,19,19:00-20:00,high,dinner,bike,2.89,8.5,9.64,10.47,20.94,2.32,1.22,0.99,1.22,1.0,1,history,segment_shift_history,location_cycle_time,location_hour,location_hour,"Нужно 1 кур.; прогноз 2.9 заказа/ч; окно dinner: история 1.22, цикл 0.99; выбрано: историческая производительность; страховой запас 0%"
126,Опен Покровка,kfm,2026-09-28,20,20:00-21:00,high,dinner,bike,2.65,8.5,8.31,10.47,20.94,2.32,1.22,0.99,1.22,1.0,1,history,segment_shift_history,location_cycle_time,location_hour,location_hour,"Нужно 1 кур.; прогноз 2.7 заказа/ч; окно dinner: история 1.22, цикл 0.99; выбрано: историческая производительность; страховой запас 0%"
126,Опен Покровка,kfm,2026-09-28,21,21:00-22:00,high,late_evening,bike,2.52,2.52,8.74,10.79,21.58,1.98,0.42,0.3,0.42,1.0,1,history,segment_shift_history,location_cycle_time,location_hour,location_hour,"Нужно 1 кур.; прогноз 2.5 заказа/ч; окно late_evening: история 0.42, цикл 0.30; выбрано: историческая производительность; страховой запас 0%"
126,Опен Покровка,kfm,2026-09-28,22,22:00-23:00,high,late_evening,bike,0.0,2.52,8.99,10.79,21.58,1.98,0.42,0.3,0.42,1.0,1,history,segment_shift_history,location_cycle_time,global_hour,location_hour,"Нужно 1 кур.; прогноз 0.0 заказа/ч; окно late_evening: история 0.42, цикл 0.30; выбрано: историческая производительность; страховой запас 0%"
127,БТ Покровка,kfm,2026-09-28,7,07:00-08:00,medium,block_06_12,bike,0.0,5.83,0.14,10.09,20.18,2.94,0.33,0.33,0.33,1.0,1,history,segment_shift_history,location_cycle_time,global_hour,location_hour,"Нужно 1 кур.; прогноз 0.0 заказа/ч; окно block_06_12: история 0.33, цикл 0.33; выбрано: историческая производительность; страховой запас 0%"
127,БТ Покровка,kfm,2026-09-28,8,08:00-09:00,medium,block_06_12,bike,1.68,5.83,9.26,10.09,20.18,2.94,0.33,0.33,0.33,1.0,1,history,segment_shift_history,location_cycle_time,location_hour,location_hour,"Нужно 1 кур.; прогноз 1.7 заказа/ч; окно block_06_12: история 0.33, цикл 0.33; выбрано: историческая производительность; страховой запас 0%"
127,БТ Покровка,kfm,2026-09-28,9,09:00-10:00,medium,block_06_12,bike,1.99,5.83,7.71,10.09,20.18,2.94,0.33,0.33,0.33,1.0,1,history,segment_shift_history,location_cycle_time,location_hour,location_hour,"Нужно 1 кур.; прогноз 2.0 заказа/ч; окно block_06_12: история 0.33, цикл 0.33; выбрано: историческая производительность; страховой запас 0%"
127,БТ Покровка,kfm,2026-09-28,10,10:00-11:00,medium,block_06_12,bike,1.3,5.83,8.12,10.09,20.18,2.94,0.33,0.33,0.33,1.0,1,history,segment_shift_history,location_cycle_time,location_hour,location_hour,"Нужно 1 кур.; прогноз 1.3 заказа/ч; окно block_06_12: история 0.33, цикл 0.33; выбрано: историческая производительность; страховой запас 0%"
127,БТ Покровка,kfm,2026-09-28,11,11:00-12:00,medium,block_06_12,bike,0.87,5.83,9.27,10.09,20.18,2.94,0.33,0.33,0.33,1.0,1,history,segment_shift_history,location_cycle_time,location_hour,location_hour,"Нужно 1 кур.; прогноз 0.9 заказа/ч; окно block_06_12: история 0.33, цикл 0.33; выбрано: историческая производительность; страховой запас 0%"
127,БТ Покровка,kfm,2026-09-28,12,12:00-13:00,medium,block_12_18,bike,1.34,4.88,7.62,10.49,20.98,2.95,0.28,0.28,0.28,1.0,1,cycle_time,segment_shift_history,location_cycle_time,location_hour,location_hour,"Нужно 1 кур.; прогноз 1.3 заказа/ч; окно block_12_18: история 0.28, цикл 0.28; выбрано: время полного цикла доставки; страховой запас 0%"
127,БТ Покровка,kfm,2026-09-28,13,13:00-14:00,medium,block_12_18,bike,1.2,4.88,10.92,10.49,20.98,2.95,0.28,0.28,0.28,1.0,1,cycle_time,segment_shift_history,location_cycle_time,location_hour,location_hour,"Нужно 1 кур.; прогноз 1.2 заказа/ч; окно block_12_18: история 0.28, цикл 0.28; выбрано: время полного цикла доставки; страховой запас 0%"
127,БТ Покровка,kfm,2026-09-28,14,14:00-15:00,medium,block_12_18,bike,0.74,4.88,8.86,10.49,20.98,2.95,0.28,0.28,0.28,1.0,1,cycle_time,segment_shift_history,location_cycle_time,location_hour,location_hour,"Нужно 1 кур.; прогноз 0.7 заказа/ч; окно block_12_18: история 0.28, цикл 0.28; выбрано: время полного цикла доставки; страховой запас 0%"
127,БТ Покровка,kfm,2026-09-28,15,15:00-16:00,medium,block_12_18,bike,0.8,4.88,6.7,10.49,20.98,2.95,0.28,0.28,0.28,1.0,1,cycle_time,segment_shift_history,location_cycle_time,location_hour,location_hour,"Нужно 1 кур.; прогноз 0.8 заказа/ч; окно block_12_18: история 0.28, цикл 0.28; выбрано: время полного цикла доставки; страховой запас 0%"
127,БТ Покровка,kfm,2026-09-28,16,16:00-17:00,medium,block_12_18,bike,0.47,4.88,7.87,10.49,20.98,2.95,0.28,0.28,0.28,1.0,1,cycle_time,segment_shift_history,location_cycle_time,location_hour,location_hour,"Нужно 1 кур.; прогноз 0.5 заказа/ч; окно block_12_18: история 0.28, цикл 0.28; выбрано: время полного цикла доставки; страховой запас 0%"
127,БТ Покровка,kfm,2026-09-28,17,17:00-18:00,medium,block_12_18,bike,0.33,4.88,6.88,10.49,20.98,2.95,0.28,0.28,0.28,1.0,1,cycle_time,segment_shift_history,location_cycle_time,location_hour,location_hour,"Нужно 1 кур.; прогноз 0.3 заказа/ч; окно block_12_18: история 0.28, цикл 0.28; выбрано: время полного цикла доставки; страховой запас 0%"
127,БТ Покровка,kfm,2026-09-28,18,18:00-19:00,medium,block_18_24,bike,0.94,1.73,9.07,11.33,22.66,2.16,0.13,0.11,0.13,1.0,1,history,segment_shift_history,location_cycle_time,location_hour,location_hour,"Нужно 1 кур.; прогноз 0.9 заказа/ч; окно block_18_24: история 0.13, цикл 0.11; выбрано: историческая производительность; страховой запас 0%"
127,БТ Покровка,kfm,2026-09-28,19,19:00-20:00,medium,block_18_24,bike,0.31,1.73,8.04,11.33,22.66,2.16,0.13,0.11,0.13,1.0,1,history,segment_shift_history,location_cycle_time,location_hour,location_hour,"Нужно 1 кур.; прогноз 0.3 заказа/ч; окно block_18_24: история 0.13, цикл 0.11; выбрано: историческая производительность; страховой запас 0%"
127,БТ Покровка,kfm,2026-09-28,20,20:00-21:00,medium,block_18_24,bike,0.47,1.73,10.92,11.33,22.66,2.16,0.13,0.11,0.13,1.0,1,history,segment_shift_history,location_cycle_time,location_hour,location_hour,"Нужно 1 кур.; прогноз 0.5 заказа/ч; окно block_18_24: история 0.13, цикл 0.11; выбрано: историческая производительность; страховой запас 0%"
127,БТ Покровка,kfm,2026-09-28,21,21:00-22:00,medium,block_18_24,bike,0.0,1.73,9.45,11.33,22.66,2.16,0.13,0.11,0.13,1.0,1,history,segment_shift_history,location_cycle_time,global_hour,location_hour,"Нужно 1 кур.; прогноз 0.0 заказа/ч; окно block_18_24: история 0.13, цикл 0.11; выбрано: историческая производительность; страховой запас 0%"
127,БТ Покровка,kfm,2026-09-28,22,22:00-23:00,medium,block_18_24,bike,0.0,1.73,9.8,11.33,22.66,2.16,0.13,0.11,0.13,1.0,1,history,segment_shift_history,location_cycle_time,global_hour,global_hour,"Нужно 1 кур.; прогноз 0.0 заказа/ч; окно block_18_24: история 0.13, цикл 0.11; выбрано: историческая производительность; страховой запас 0%"
128,Кофемания Лаки,kfm,2026-09-28,8,08:00-09:00,medium,block_06_12,bike,3.33,19.31,8.27,10.32,20.64,2.94,1.09,1.11,1.11,1.0,1,cycle_time,segment_shift_history,location_cycle_time,location_hour,location_hour,"Нужно 1 кур.; прогноз 3.3 заказа/ч; окно block_06_12: история 1.09, цикл 1.11; выбрано: время полного цикла доставки; страховой запас 0%"
128,Кофемания Лаки,kfm,2026-09-28,9,09:00-10:00,medium,block_06_12,bike,6.44,19.31,8.96,10.32,20.64,2.94,1.09,1.11,1.11,1.0,1,cycle_time,segment_shift_history,location_cycle_time,location_hour,location_hour,"Нужно 1 кур.; прогноз 6.4 заказа/ч; окно block_06_12: история 1.09, цикл 1.11; выбрано: время полного цикла доставки; страховой запас 0%"
128,Кофемания Лаки,kfm,2026-09-28,10,10:00-11:00,medium,block_06_12,bike,4.83,19.31,8.23,10.32,20.64,2.94,1.09,1.11,1.11,1.0,1,cycle_time,segment_shift_history,location_cycle_time,location_hour,location_hour,"Нужно 1 кур.; прогноз 4.8 заказа/ч; окно block_06_12: история 1.09, цикл 1.11; выбрано: время полного цикла доставки; страховой запас 0%"
128,Кофемания Лаки,kfm,2026-09-28,11,11:00-12:00,medium,block_06_12,bike,4.66,19.31,8.89,10.32,20.64,2.94,1.09,1.11,1.11,1.0,1,cycle_time,segment_shift_history,location_cycle_time,location_hour,location_hour,"Нужно 1 кур.; прогноз 4.7 заказа/ч; окно block_06_12: история 1.09, цикл 1.11; выбрано: время полного цикла доставки; страховой запас 0%"
128,Кофемания Лаки,kfm,2026-09-28,12,12:00-13:00,medium,block_12_18,bike,5.9,27.51,9.23,10.5,21.0,2.8,1.64,1.6,1.64,1.0,2,history,location_shift_history,location_cycle_time,location_hour,location_hour,"Нужно 2 кур.; прогноз 5.9 заказа/ч; окно block_12_18: история 1.64, цикл 1.60; выбрано: историческая производительность; страховой запас 0%"
128,Кофемания Лаки,kfm,2026-09-28,13,13:00-14:00,medium,block_12_18,bike,5.63,27.51,9.33,10.5,21.0,2.8,1.64,1.6,1.64,1.0,2,history,location_shift_history,location_cycle_time,location_hour,location_hour,"Нужно 2 кур.; прогноз 5.6 заказа/ч; окно block_12_18: история 1.64, цикл 1.60; выбрано: историческая производительность; страховой запас 0%"
128,Кофемания Лаки,kfm,2026-09-28,14,14:00-15:00,medium,block_12_18,bike,3.71,27.51,8.66,10.5,21.0,2.8,1.64,1.6,1.64,1.0,2,history,location_shift_history,location_cycle_time,location_hour,location_hour,"Нужно 2 кур.; прогноз 3.7 заказа/ч; окно block_12_18: история 1.64, цикл 1.60; выбрано: историческая производительность; страховой запас 0%"
128,Кофемания Лаки,kfm,2026-09-28,15,15:00-16:00,medium,block_12_18,bike,4.71,27.51,10.29,10.5,21.0,2.8,1.64,1.6,1.64,1.0,2,history,location_shift_history,location_cycle_time,location_hour,location_hour,"Нужно 2 кур.; прогноз 4.7 заказа/ч; окно block_12_18: история 1.64, цикл 1.60; выбрано: историческая производительность; страховой запас 0%"
128,Кофемания Лаки,kfm,2026-09-28,16,16:00-17:00,medium,block_12_18,bike,3.51,27.51,9.64,10.5,21.0,2.8,1.64,1.6,1.64,1.0,2,history,location_shift_history,location_cycle_time,location_hour,location_hour,"Нужно 2 кур.; прогноз 3.5 заказа/ч; окно block_12_18: история 1.64, цикл 1.60; выбрано: историческая производительность; страховой запас 0%"
128,Кофемания Лаки,kfm,2026-09-28,17,17:00-18:00,medium,block_12_18,bike,4.04,27.51,8.81,10.5,21.0,2.8,1.64,1.6,1.64,1.0,2,history,location_shift_history,location_cycle_time,location_hour,location_hour,"Нужно 2 кур.; прогноз 4.0 заказа/ч; окно block_12_18: история 1.64, цикл 1.60; выбрано: историческая производительность; страховой запас 0%"
128,Кофемания Лаки,kfm,2026-09-28,18,18:00-19:00,medium,block_18_24,bike,3.57,17.38,8.06,9.48,18.96,2.16,1.34,0.92,1.34,1.0,2,history,segment_shift_history,location_cycle_time,location_hour,location_hour,"Нужно 2 кур.; прогноз 3.6 заказа/ч; окно block_18_24: история 1.34, цикл 0.92; выбрано: историческая производительность; страховой запас 0%"
128,Кофемания Лаки,kfm,2026-09-28,19,19:00-20:00,medium,block_18_24,bike,4.08,17.38,9.12,9.48,18.96,2.16,1.34,0.92,1.34,1.0,2,history,segment_shift_history,location_cycle_time,location_hour,location_hour,"Нужно 2 кур.; прогноз 4.1 заказа/ч; окно block_18_24: история 1.34, цикл 0.92; выбрано: историческая производительность; страховой запас 0%"
128,Кофемания Лаки,kfm,2026-09-28,20,20:00-21:00,medium,block_18_24,bike,4.08,17.38,7.84,9.48,18.96,2.16,1.34,0.92,1.34,1.0,2,history,segment_shift_history,location_cycle_time,location_hour,location_hour,"Нужно 2 кур.; прогноз 4.1 заказа/ч; окно block_18_24: история 1.34, цикл 0.92; выбрано: историческая производительность; страховой запас 0%"
128,Кофемания Лаки,kfm,2026-09-28,21,21:00-22:00,medium,block_18_24,bike,2.87,17.38,8.08,9.48,18.96,2.16,1.34,0.92,1.34,1.0,2,history,segment_shift_history,location_cycle_time,location_hour,location_hour,"Нужно 2 кур.; прогноз 2.9 заказа/ч; окно block_18_24: история 1.34, цикл 0.92; выбрано: историческая производительность; страховой запас 0%"
128,Кофемания Лаки,kfm,2026-09-28,22,22:00-23:00,medium,block_18_24,bike,1.85,17.38,9.01,9.48,18.96,2.16,1.34,0.92,1.34,1.0,2,history,segment_shift_history,location_cycle_time,location_hour,location_hour,"Нужно 2 кур.; прогноз 1.8 заказа/ч; окно block_18_24: история 1.34, цикл 0.92; выбрано: историческая производительность; страховой запас 0%"
128,Кофемания Лаки,kfm,2026-09-28,23,23:00-24:00,medium,block_18_24,bike,0.96,17.38,7.91,9.48,18.96,2.16,1.34,0.92,1.34,1.0,2,history,segment_shift_history,location_cycle_time,location_hour,location_hour,"Нужно 2 кур.; прогноз 1.0 заказа/ч; окно block_18_24: история 1.34, цикл 0.92; выбрано: историческая производительность; страховой запас 0%"
137,БТ Мясницкая,kfm,2026-09-28,9,09:00-10:00,medium,block_06_12,bike,0.25,0.99,12.84,14.45,28.9,2.94,0.06,0.08,0.08,1.0,0,cycle_time,segment_shift_history,location_cycle_time,location_hour,location_hour,"Нужно 0 кур.; прогноз 0.2 заказа/ч; окно block_06_12: история 0.06, цикл 0.08; выбрано: время полного цикла доставки; страховой запас 0%"
137,БТ Мясницкая,kfm,2026-09-28,10,10:00-11:00,medium,block_06_12,bike,0.35,0.99,13.83,14.45,28.9,2.94,0.06,0.08,0.08,1.0,0,cycle_time,segment_shift_history,location_cycle_time,location_hour,location_hour,"Нужно 0 кур.; прогноз 0.3 заказа/ч; окно block_06_12: история 0.06, цикл 0.08; выбрано: время полного цикла доставки; страховой запас 0%"
137,БТ Мясницкая,kfm,2026-09-28,11,11:00-12:00,medium,block_06_12,bike,0.39,0.99,12.46,14.45,28.9,2.94,0.06,0.08,0.08,1.0,0,cycle_time,segment_shift_history,location_cycle_time,location_hour,location_hour,"Нужно 0 кур.; прогноз 0.4 заказа/ч; окно block_06_12: история 0.06, цикл 0.08; выбрано: время полного цикла доставки; страховой запас 0%"
137,БТ Мясницкая,kfm,2026-09-28,12,12:00-13:00,medium,block_12_18,bike,0.25,1.49,14.46,15.81,31.62,2.95,0.08,0.13,0.13,1.0,0,cycle_time,segment_shift_history,location_cycle_time,location_hour,location_hour,"Нужно 0 кур.; прогноз 0.2 заказа/ч; окно block_12_18: история 0.08, цикл 0.13; выбрано: время полного цикла доставки; страховой запас 0%"
137,БТ Мясницкая,kfm,2026-09-28,13,13:00-14:00,medium,block_12_18,bike,0.47,1.49,11.23,15.81,31.62,2.95,0.08,0.13,0.13,1.0,0,cycle_time,segment_shift_history,location_cycle_time,location_hour,location_hour,"Нужно 0 кур.; прогноз 0.5 заказа/ч; окно block_12_18: история 0.08, цикл 0.13; выбрано: время полного цикла доставки; страховой запас 0%"
137,БТ Мясницкая,kfm,2026-09-28,14,14:00-15:00,medium,block_12_18,bike,0.36,1.49,11.23,15.81,31.62,2.95,0.08,0.13,0.13,1.0,0,cycle_time,segment_shift_history,location_cycle_time,location_hour,location_hour,"Нужно 0 кур.; прогноз 0.4 заказа/ч; окно block_12_18: история 0.08, цикл 0.13; выбрано: время полного цикла доставки; страховой запас 0%"
137,БТ Мясницкая,kfm,2026-09-28,15,15:00-16:00,medium,block_12_18,bike,0.22,1.49,16.35,15.81,31.62,2.95,0.08,0.13,0.13,1.0,0,cycle_time,segment_shift_history,location_cycle_time,location_hour,location_hour,"Нужно 0 кур.; прогноз 0.2 заказа/ч; окно block_12_18: история 0.08, цикл 0.13; выбрано: время полного цикла доставки; страховой запас 0%"
137,БТ Мясницкая,kfm,2026-09-28,16,16:00-17:00,medium,block_12_18,bike,0.03,1.49,16.16,15.81,31.62,2.95,0.08,0.13,0.13,1.0,0,cycle_time,segment_shift_history,location_cycle_time,location_hour,location_hour,"Нужно 0 кур.; прогноз 0.0 заказа/ч; окно block_12_18: история 0.08, цикл 0.13; выбрано: время полного цикла доставки; страховой запас 0%"
137,БТ Мясницкая,kfm,2026-09-28,17,17:00-18:00,medium,block_12_18,bike,0.17,1.49,14.13,15.81,31.62,2.95,0.08,0.13,0.13,1.0,0,cycle_time,segment_shift_history,location_cycle_time,location_hour,location_hour,"Нужно 0 кур.; прогноз 0.2 заказа/ч; окно block_12_18: история 0.08, цикл 0.13; выбрано: время полного цикла доставки; страховой запас 0%"
137,БТ Мясницкая,kfm,2026-09-28,18,18:00-19:00,medium,block_18_24,bike,0.23,0.52,14.0,10.77,21.54,2.16,0.04,0.03,0.04,1.0,0,history,segment_shift_history,segment_cycle_time,location_hour,location_hour,"Нужно 0 кур.; прогноз 0.2 заказа/ч; окно block_18_24: история 0.04, цикл 0.03; выбрано: историческая производительность; страховой запас 0%"
137,БТ Мясницкая,kfm,2026-09-28,19,19:00-20:00,medium,block_18_24,bike,0.17,0.52,16.99,10.77,21.54,2.16,0.04,0.03,0.04,1.0,0,history,segment_shift_history,segment_cycle_time,location_hour,location_hour,"Нужно 0 кур.; прогноз 0.2 заказа/ч; окно block_18_24: история 0.04, цикл 0.03; выбрано: историческая производительность; страховой запас 0%"
137,БТ Мясницкая,kfm,2026-09-28,20,20:00-21:00,medium,block_18_24,bike,0.06,0.52,6.13,10.77,21.54,2.16,0.04,0.03,0.04,1.0,0,history,segment_shift_history,segment_cycle_time,location_hour,location_hour,"Нужно 0 кур.; прогноз 0.1 заказа/ч; окно block_18_24: история 0.04, цикл 0.03; выбрано: историческая производительность; страховой запас 0%"
137,БТ Мясницкая,kfm,2026-09-28,21,21:00-22:00,medium,block_18_24,bike,0.06,0.52,9.94,10.77,21.54,2.16,0.04,0.03,0.04,1.0,0,history,segment_shift_history,segment_cycle_time,location_hour,global_hour,"Нужно 0 кур.; прогноз 0.1 заказа/ч; окно block_18_24: история 0.04, цикл 0.03; выбрано: историческая производительность; страховой запас 0%"
138,БТ Таганка,kfm,2026-09-28,8,08:00-09:00,medium,block_06_12,bike,0.26,1.15,10.4,13.13,26.26,2.94,0.07,0.08,0.08,1.0,0,cycle_time,segment_shift_history,location_cycle_time,location_hour,global_hour,"Нужно 0 кур.; прогноз 0.3 заказа/ч; окно block_06_12: история 0.07, цикл 0.08; выбрано: время полного цикла доставки; страховой запас 0%"
138,БТ Таганка,kfm,2026-09-28,9,09:00-10:00,medium,block_06_12,bike,0.26,1.15,11.42,13.13,26.26,2.94,0.07,0.08,0.08,1.0,0,cycle_time,segment_shift_history,location_cycle_time,location_hour,location_hour,"Нужно 0 кур.; прогноз 0.3 заказа/ч; окно block_06_12: история 0.07, цикл 0.08; выбрано: время полного цикла доставки; страховой запас 0%"
138,БТ Таганка,kfm,2026-09-28,10,10:00-11:00,medium,block_06_12,bike,0.42,1.15,13.36,13.13,26.26,2.94,0.07,0.08,0.08,1.0,0,cycle_time,segment_shift_history,location_cycle_time,location_hour,location_hour,"Нужно 0 кур.; прогноз 0.4 заказа/ч; окно block_06_12: история 0.07, цикл 0.08; выбрано: время полного цикла доставки; страховой запас 0%"
138,БТ Таганка,kfm,2026-09-28,11,11:00-12:00,medium,block_06_12,bike,0.21,1.15,7.72,13.13,26.26,2.94,0.07,0.08,0.08,1.0,0,cycle_time,segment_shift_history,location_cycle_time,location_hour,location_hour,"Нужно 0 кур.; прогноз 0.2 заказа/ч; окно block_06_12: история 0.07, цикл 0.08; выбрано: время полного цикла доставки; страховой запас 0%"
138,БТ Таганка,kfm,2026-09-28,12,12:00-13:00,medium,block_12_18,bike,0.86,3.22,6.91,10.86,21.72,2.95,0.18,0.19,0.19,1.0,0,cycle_time,segment_shift_history,location_cycle_time,location_hour,location_hour,"Нужно 0 кур.; прогноз 0.9 заказа/ч; окно block_12_18: история 0.18, цикл 0.19; выбрано: время полного цикла доставки; страховой запас 0%"
138,БТ Таганка,kfm,2026-09-28,13,13:00-14:00,medium,block_12_18,bike,1.01,3.22,7.84,10.86,21.72,2.95,0.18,0.19,0.19,1.0,0,cycle_time,segment_shift_history,location_cycle_time,location_hour,location_hour,"Нужно 0 кур.; прогноз 1.0 заказа/ч; окно block_12_18: история 0.18, цикл 0.19; выбрано: время полного цикла доставки; страховой запас 0%"
138,БТ Таганка,kfm,2026-09-28,14,14:00-15:00,medium,block_12_18,bike,0.5,3.22,9.46,10.86,21.72,2.95,0.18,0.19,0.19,1.0,0,cycle_time,segment_shift_history,location_cycle_time,location_hour,location_hour,"Нужно 0 кур.; прогноз 0.5 заказа/ч; окно block_12_18: история 0.18, цикл 0.19; выбрано: время полного цикла доставки; страховой запас 0%"
138,БТ Таганка,kfm,2026-09-28,15,15:00-16:00,medium,block_12_18,bike,0.4,3.22,7.71,10.86,21.72,2.95,0.18,0.19,0.19,1.0,0,cycle_time,segment_shift_history,location_cycle_time,location_hour,location_hour,"Нужно 0 кур.; прогноз 0.4 заказа/ч; окно block_12_18: история 0.18, цикл 0.19; выбрано: время полного цикла доставки; страховой запас 0%"
138,БТ Таганка,kfm,2026-09-28,16,16:00-17:00,medium,block_12_18,bike,0.25,3.22,10.24,10.86,21.72,2.95,0.18,0.19,0.19,1.0,0,cycle_time,segment_shift_history,location_cycle_time,location_hour,location_hour,"Нужно 0 кур.; прогноз 0.3 заказа/ч; окно block_12_18: история 0.18, цикл 0.19; выбрано: время полного цикла доставки; страховой запас 0%"
138,БТ Таганка,kfm,2026-09-28,17,17:00-18:00,medium,block_12_18,bike,0.2,3.22,6.22,10.86,21.72,2.95,0.18,0.19,0.19,1.0,0,cycle_time,segment_shift_history,location_cycle_time,location_hour,location_hour,"Нужно 0 кур.; прогноз 0.2 заказа/ч; окно block_12_18: история 0.18, цикл 0.19; выбрано: время полного цикла доставки; страховой запас 0%"
138,БТ Таганка,kfm,2026-09-28,18,18:00-19:00,medium,block_18_24,bike,0.27,0.62,11.61,10.77,21.54,2.16,0.05,0.04,0.05,1.0,0,history,segment_shift_history,segment_cycle_time,location_hour,location_hour,"Нужно 0 кур.; прогноз 0.3 заказа/ч; окно block_18_24: история 0.05, цикл 0.04; выбрано: историческая производительность; страховой запас 0%"
138,БТ Таганка,kfm,2026-09-28,19,19:00-20:00,medium,block_18_24,bike,0.21,0.62,7.15,10.77,21.54,2.16,0.05,0.04,0.05,1.0,0,history,segment_shift_history,segment_cycle_time,location_hour,location_hour,"Нужно 0 кур.; прогноз 0.2 заказа/ч; окно block_18_24: история 0.05, цикл 0.04; выбрано: историческая производительность; страховой запас 0%"
138,БТ Таганка,kfm,2026-09-28,20,20:00-21:00,medium,block_18_24,bike,0.07,0.62,7.91,10.77,21.54,2.16,0.05,0.04,0.05,1.0,0,history,segment_shift_history,segment_cycle_time,location_hour,location_hour,"Нужно 0 кур.; прогноз 0.1 заказа/ч; окно block_18_24: история 0.05, цикл 0.04; выбрано: историческая производительность; страховой запас 0%"
138,БТ Таганка,kfm,2026-09-28,21,21:00-22:00,medium,block_18_24,bike,0.07,0.62,9.94,10.77,21.54,2.16,0.05,0.04,0.05,1.0,0,history,segment_shift_history,segment_cycle_time,location_hour,global_hour,"Нужно 0 кур.; прогноз 0.1 заказа/ч; окно block_18_24: история 0.05, цикл 0.04; выбрано: историческая производительность; страховой запас 0%"
14,Метрополис,kfm,2026-09-28,9,09:00-10:00,medium,block_06_12,auto,2.54,9.51,21.44,26.53,53.06,1.14,1.39,1.4,1.4,1.0,1,cycle_time,location_shift_history,location_cycle_time,location_hour,location_hour,"Нужно 1 кур.; прогноз 2.5 заказа/ч; окно block_06_12: история 1.39, цикл 1.40; выбрано: время полного цикла доставки; страховой запас 0%"
14,Метрополис,kfm,2026-09-28,10,10:00-11:00,medium,block_06_12,auto,3.15,9.51,20.71,26.53,53.06,1.14,1.39,1.4,1.4,1.0,1,cycle_time,location_shift_history,location_cycle_time,location_hour,location_hour,"Нужно 1 кур.; прогноз 3.2 заказа/ч; окно block_06_12: история 1.39, цикл 1.40; выбрано: время полного цикла доставки; страховой запас 0%"
14,Метрополис,kfm,2026-09-28,11,11:00-12:00,medium,block_06_12,auto,3.76,9.51,23.71,26.53,53.06,1.14,1.39,1.4,1.4,1.0,1,cycle_time,location_shift_history,location_cycle_time,location_hour,location_hour,"Нужно 1 кур.; прогноз 3.8 заказа/ч; окно block_06_12: история 1.39, цикл 1.40; выбрано: время полного цикла доставки; страховой запас 0%"
14,Метрополис,kfm,2026-09-28,12,12:00-13:00,medium,block_12_18,auto,5.66,22.6,21.28,28.53,57.06,1.33,2.84,3.58,3.58,1.0,4,cycle_time,location_shift_history,location_cycle_time,location_hour,location_hour,"Нужно 4 кур.; прогноз 5.7 заказа/ч; окно block_12_18: история 2.84, цикл 3.58; выбрано: время полного цикла доставки; страховой запас 0%"
14,Метрополис,kfm,2026-09-28,13,13:00-14:00,medium,block_12_18,auto,4.23,22.6,22.14,28.53,57.06,1.33,2.84,3.58,3.58,1.0,4,cycle_time,location_shift_history,location_cycle_time,location_hour,location_hour,"Нужно 4 кур.; прогноз 4.2 заказа/ч; окно block_12_18: история 2.84, цикл 3.58; выбрано: время полного цикла доставки; страховой запас 0%"
14,Метрополис,kfm,2026-09-28,14,14:00-15:00,medium,block_12_18,auto,3.82,22.6,24.13,28.53,57.06,1.33,2.84,3.58,3.58,1.0,4,cycle_time,location_shift_history,location_cycle_time,location_hour,location_hour,"Нужно 4 кур.; прогноз 3.8 заказа/ч; окно block_12_18: история 2.84, цикл 3.58; выбрано: время полного цикла доставки; страховой запас 0%"
14,Метрополис,kfm,2026-09-28,15,15:00-16:00,medium,block_12_18,auto,2.98,22.6,22.48,28.53,57.06,1.33,2.84,3.58,3.58,1.0,4,cycle_time,location_shift_history,location_cycle_time,location_hour,location_hour,"Нужно 4 кур.; прогноз 3.0 заказа/ч; окно block_12_18: история 2.84, цикл 3.58; выбрано: время полного цикла доставки; страховой запас 0%"
14,Метрополис,kfm,2026-09-28,16,16:00-17:00,medium,block_12_18,auto,3.04,22.6,26.6,28.53,57.06,1.33,2.84,3.58,3.58,1.0,4,cycle_time,location_shift_history,location_cycle_time,location_hour,location_hour,"Нужно 4 кур.; прогноз 3.0 заказа/ч; окно block_12_18: история 2.84, цикл 3.58; выбрано: время полного цикла доставки; страховой запас 0%"
14,Метрополис,kfm,2026-09-28,17,17:00-18:00,medium,block_12_18,auto,2.86,22.6,26.95,28.53,57.06,1.33,2.84,3.58,3.58,1.0,4,cycle_time,location_shift_history,location_cycle_time,location_hour,location_hour,"Нужно 4 кур.; прогноз 2.9 заказа/ч; окно block_12_18: история 2.84, цикл 3.58; выбрано: время полного цикла доставки; страховой запас 0%"
14,Метрополис,kfm,2026-09-28,18,18:00-19:00,medium,block_18_24,auto,2.14,10.53,29.22,32.63,65.26,1.54,1.14,1.91,1.91,1.0,2,cycle_time,location_shift_history,location_cycle_time,location_hour,location_hour,"Нужно 2 кур.; прогноз 2.1 заказа/ч; окно block_18_24: история 1.14, цикл 1.91; выбрано: время полного цикла доставки; страховой запас 0%"
14,Метрополис,kfm,2026-09-28,19,19:00-20:00,medium,block_18_24,auto,3.53,10.53,31.4,32.63,65.26,1.54,1.14,1.91,1.91,1.0,2,cycle_time,location_shift_history,location_cycle_time,location_hour,location_hour,"Нужно 2 кур.; прогноз 3.5 заказа/ч; окно block_18_24: история 1.14, цикл 1.91; выбрано: время полного цикла доставки; страховой запас 0%"
14,Метрополис,kfm,2026-09-28,20,20:00-21:00,medium,block_18_24,auto,2.29,10.53,26.92,32.63,65.26,1.54,1.14,1.91,1.91,1.0,2,cycle_time,location_shift_history,location_cycle_time,location_hour,location_hour,"Нужно 2 кур.; прогноз 2.3 заказа/ч; окно block_18_24: история 1.14, цикл 1.91; выбрано: время полного цикла доставки; страховой запас 0%"
14,Метрополис,kfm,2026-09-28,21,21:00-22:00,medium,block_18_24,auto,1.57,10.53,24.77,32.63,65.26,1.54,1.14,1.91,1.91,1.0,2,cycle_time,location_shift_history,location_cycle_time,location_hour,location_hour,"Нужно 2 кур.; прогноз 1.6 заказа/ч; окно block_18_24: история 1.14, цикл 1.91; выбрано: время полного цикла доставки; страховой запас 0%"
14,Метрополис,kfm,2026-09-28,22,22:00-23:00,medium,block_18_24,auto,1.0,10.53,19.59,32.63,65.26,1.54,1.14,1.91,1.91,1.0,2,cycle_time,location_shift_history,location_cycle_time,location_hour,location_hour,"Нужно 2 кур.; прогноз 1.0 заказа/ч; окно block_18_24: история 1.14, цикл 1.91; выбрано: время полного цикла доставки; страховой запас 0%"
142,RED7,kfm,2026-09-28,8,08:00-09:00,medium,block_06_12,bike,1.87,7.56,10.38,11.36,22.72,2.94,0.43,0.48,0.48,1.0,1,cycle_time,segment_shift_history,location_cycle_time,location_hour,location_hour,"Нужно 1 кур.; прогноз 1.9 заказа/ч; окно block_06_12: история 0.43, цикл 0.48; выбрано: время полного цикла доставки; страховой запас 0%"
142,RED7,kfm,2026-09-28,9,09:00-10:00,medium,block_06_12,bike,1.77,7.56,10.37,11.36,22.72,2.94,0.43,0.48,0.48,1.0,1,cycle_time,segment_shift_history,location_cycle_time,location_hour,location_hour,"Нужно 1 кур.; прогноз 1.8 заказа/ч; окно block_06_12: история 0.43, цикл 0.48; выбрано: время полного цикла доставки; страховой запас 0%"
142,RED7,kfm,2026-09-28,10,10:00-11:00,medium,block_06_12,bike,2.19,7.56,9.71,11.36,22.72,2.94,0.43,0.48,0.48,1.0,1,cycle_time,segment_shift_history,location_cycle_time,location_hour,location_hour,"Нужно 1 кур.; прогноз 2.2 заказа/ч; окно block_06_12: история 0.43, цикл 0.48; выбрано: время полного цикла доставки; страховой запас 0%"
142,RED7,kfm,2026-09-28,11,11:00-12:00,medium,block_06_12,bike,1.73,7.56,10.22,11.36,22.72,2.94,0.43,0.48,0.48,1.0,1,cycle_time,segment_shift_history,location_cycle_time,location_hour,location_hour,"Нужно 1 кур.; прогноз 1.7 заказа/ч; окно block_06_12: история 0.43, цикл 0.48; выбрано: время полного цикла доставки; страховой запас 0%"
142,RED7,kfm,2026-09-28,12,12:00-13:00,medium,block_12_18,bike,2.66,10.64,9.55,11.91,23.82,2.95,0.6,0.7,0.7,1.0,1,cycle_time,segment_shift_history,location_cycle_time,location_hour,location_hour,"Нужно 1 кур.; прогноз 2.7 заказа/ч; окно block_12_18: история 0.60, цикл 0.70; выбрано: время полного цикла доставки; страховой запас 0%"
142,RED7,kfm,2026-09-28,13,13:00-14:00,medium,block_12_18,bike,2.25,10.64,9.54,11.91,23.82,2.95,0.6,0.7,0.7,1.0,1,cycle_time,segment_shift_history,location_cycle_time,location_hour,location_hour,"Нужно 1 кур.; прогноз 2.3 заказа/ч; окно block_12_18: история 0.60, цикл 0.70; выбрано: время полного цикла доставки; страховой запас 0%"
142,RED7,kfm,2026-09-28,14,14:00-15:00,medium,block_12_18,bike,1.89,10.64,10.5,11.91,23.82,2.95,0.6,0.7,0.7,1.0,1,cycle_time,segment_shift_history,location_cycle_time,location_hour,location_hour,"Нужно 1 кур.; прогноз 1.9 заказа/ч; окно block_12_18: история 0.60, цикл 0.70; выбрано: время полного цикла доставки; страховой запас 0%"
142,RED7,kfm,2026-09-28,15,15:00-16:00,medium,block_12_18,bike,1.38,10.64,10.22,11.91,23.82,2.95,0.6,0.7,0.7,1.0,1,cycle_time,segment_shift_history,location_cycle_time,location_hour,location_hour,"Нужно 1 кур.; прогноз 1.4 заказа/ч; окно block_12_18: история 0.60, цикл 0.70; выбрано: время полного цикла доставки; страховой запас 0%"
142,RED7,kfm,2026-09-28,16,16:00-17:00,medium,block_12_18,bike,1.18,10.64,12.61,11.91,23.82,2.95,0.6,0.7,0.7,1.0,1,cycle_time,segment_shift_history,location_cycle_time,location_hour,location_hour,"Нужно 1 кур.; прогноз 1.2 заказа/ч; окно block_12_18: история 0.60, цикл 0.70; выбрано: время полного цикла доставки; страховой запас 0%"
142,RED7,kfm,2026-09-28,17,17:00-18:00,medium,block_12_18,bike,1.28,10.64,11.79,11.91,23.82,2.95,0.6,0.7,0.7,1.0,1,cycle_time,segment_shift_history,location_cycle_time,location_hour,location_hour,"Нужно 1 кур.; прогноз 1.3 заказа/ч; окно block_12_18: история 0.60, цикл 0.70; выбрано: время полного цикла доставки; страховой запас 0%"
142,RED7,kfm,2026-09-28,18,18:00-19:00,medium,block_18_24,bike,0.84,2.83,11.37,12.92,25.84,2.16,0.22,0.2,0.22,1.0,1,history,segment_shift_history,location_cycle_time,location_hour,location_hour,"Нужно 1 кур.; прогноз 0.8 заказа/ч; окно block_18_24: история 0.22, цикл 0.20; выбрано: историческая производительность; страховой запас 0%"
142,RED7,kfm,2026-09-28,19,19:00-20:00,medium,block_18_24,bike,0.8,2.83,10.2,12.92,25.84,2.16,0.22,0.2,0.22,1.0,1,history,segment_shift_history,location_cycle_time,location_hour,location_hour,"Нужно 1 кур.; прогноз 0.8 заказа/ч; окно block_18_24: история 0.22, цикл 0.20; выбрано: историческая производительность; страховой запас 0%"
142,RED7,kfm,2026-09-28,20,20:00-21:00,medium,block_18_24,bike,0.63,2.83,11.85,12.92,25.84,2.16,0.22,0.2,0.22,1.0,1,history,segment_shift_history,location_cycle_time,location_hour,location_hour,"Нужно 1 кур.; прогноз 0.6 заказа/ч; окно block_18_24: история 0.22, цикл 0.20; выбрано: историческая производительность; страховой запас 0%"
142,RED7,kfm,2026-09-28,21,21:00-22:00,medium,block_18_24,bike,0.55,2.83,6.97,12.92,25.84,2.16,0.22,0.2,0.22,1.0,1,history,segment_shift_history,location_cycle_time,location_hour,location_hour,"Нужно 1 кур.; прогноз 0.5 заказа/ч; окно block_18_24: история 0.22, цикл 0.20; выбрано: историческая производительность; страховой запас 0%"
142,RED7,kfm,2026-09-28,22,22:00-23:00,medium,block_18_24,bike,0.0,2.83,11.44,12.92,25.84,2.16,0.22,0.2,0.22,1.0,1,history,segment_shift_history,location_cycle_time,global_hour,location_hour,"Нужно 1 кур.; прогноз 0.0 заказа/ч; окно block_18_24: история 0.22, цикл 0.20; выбрано: историческая производительность; страховой запас 0%"
15,Комсомолка,kfm,2026-09-28,0,00:00-01:00,medium,block_00_06,auto,1.7,4.7,22.77,26.5,52.99,1.95,0.4,0.69,0.69,1.0,0,cycle_time,default_slot_capacity,segment_cycle_time,global_hour,global_hour,"Нужно 0 кур.; прогноз 1.7 заказа/ч; окно block_00_06: история 0.40, цикл 0.69; выбрано: время полного цикла доставки; страховой запас 0%"
15,Комсомолка,kfm,2026-09-28,1,01:00-02:00,medium,block_00_06,auto,0.98,4.7,19.96,26.5,52.99,1.95,0.4,0.69,0.69,1.0,0,cycle_time,default_slot_capacity,segment_cycle_time,global_hour,global_hour,"Нужно 0 кур.; прогноз 1.0 заказа/ч; окно block_00_06: история 0.40, цикл 0.69; выбрано: время полного цикла доставки; страховой запас 0%"
15,Комсомолка,kfm,2026-09-28,2,02:00-03:00,medium,block_00_06,auto,0.54,4.7,20.6,26.5,52.99,1.95,0.4,0.69,0.69,1.0,0,cycle_time,default_slot_capacity,segment_cycle_time,global_hour,global_hour,"Нужно 0 кур.; прогноз 0.5 заказа/ч; окно block_00_06: история 0.40, цикл 0.69; выбрано: время полного цикла доставки; страховой запас 0%"
15,Комсомолка,kfm,2026-09-28,3,03:00-04:00,medium,block_00_06,auto,0.36,4.7,18.17,26.5,52.99,1.95,0.4,0.69,0.69,1.0,0,cycle_time,default_slot_capacity,segment_cycle_time,global_hour,global_hour,"Нужно 0 кур.; прогноз 0.4 заказа/ч; окно block_00_06: история 0.40, цикл 0.69; выбрано: время полного цикла доставки; страховой запас 0%"
15,Комсомолка,kfm,2026-09-28,4,04:00-05:00,medium,block_00_06,auto,0.4,4.7,21.5,26.5,52.99,1.95,0.4,0.69,0.69,1.0,0,cycle_time,default_slot_capacity,segment_cycle_time,global_hour,global_hour,"Нужно 0 кур.; прогноз 0.4 заказа/ч; окно block_00_06: история 0.40, цикл 0.69; выбрано: время полного цикла доставки; страховой запас 0%"
15,Комсомолка,kfm,2026-09-28,5,05:00-06:00,medium,block_00_06,auto,0.72,4.7,24.21,26.5,52.99,1.95,0.4,0.69,0.69,1.0,0,cycle_time,default_slot_capacity,segment_cycle_time,global_hour,global_hour,"Нужно 0 кур.; прогноз 0.7 заказа/ч; окно block_00_06: история 0.40, цикл 0.69; выбрано: время полного цикла доставки; страховой запас 0%"
15,Комсомолка,kfm,2026-09-28,6,06:00-07:00,medium,block_06_12,auto,0.12,4.13,27.33,25.76,51.51,1.47,0.47,0.59,0.59,1.0,0,cycle_time,segment_shift_history,segment_cycle_time,global_hour,global_hour,"Нужно 0 кур.; прогноз 0.1 заказа/ч; окно block_06_12: история 0.47, цикл 0.59; выбрано: время полного цикла доставки; страховой запас 0%"
15,Комсомолка,kfm,2026-09-28,7,07:00-08:00,medium,block_06_12,auto,0.3,4.13,24.32,25.76,51.51,1.47,0.47,0.59,0.59,1.0,0,cycle_time,segment_shift_history,segment_cycle_time,global_hour,global_hour,"Нужно 0 кур.; прогноз 0.3 заказа/ч; окно block_06_12: история 0.47, цикл 0.59; выбрано: время полного цикла доставки; страховой запас 0%"
15,Комсомолка,kfm,2026-09-28,8,08:00-09:00,medium,block_06_12,auto,0.76,4.13,22.41,25.76,51.51,1.47,0.47,0.59,0.59,1.0,0,cycle_time,segment_shift_history,segment_cycle_time,global_hour,global_hour,"Нужно 0 кур.; прогноз 0.8 заказа/ч; окно block_06_12: история 0.47, цикл 0.59; выбрано: время полного цикла доставки; страховой запас 0%"
15,Комсомолка,kfm,2026-09-28,9,09:00-10:00,medium,block_06_12,auto,0.93,4.13,21.64,25.76,51.51,1.47,0.47,0.59,0.59,1.0,0,cycle_time,segment_shift_history,segment_cycle_time,global_hour,global_hour,"Нужно 0 кур.; прогноз 0.9 заказа/ч; окно block_06_12: история 0.47, цикл 0.59; выбрано: время полного цикла доставки; страховой запас 0%"
15,Комсомолка,kfm,2026-09-28,10,10:00-11:00,medium,block_06_12,auto,0.97,4.13,21.71,25.76,51.51,1.47,0.47,0.59,0.59,1.0,0,cycle_time,segment_shift_history,segment_cycle_time,global_hour,global_hour,"Нужно 0 кур.; прогноз 1.0 заказа/ч; окно block_06_12: история 0.47, цикл 0.59; выбрано: время полного цикла доставки; страховой запас 0%"
15,Комсомолка,kfm,2026-09-28,11,11:00-12:00,medium,block_06_12,auto,1.05,4.13,22.82,25.76,51.51,1.47,0.47,0.59,0.59,1.0,0,cycle_time,segment_shift_history,segment_cycle_time,global_hour,global_hour,"Нужно 0 кур.; прогноз 1.0 заказа/ч; окно block_06_12: история 0.47, цикл 0.59; выбрано: время полного цикла доставки; страховой запас 0%"
15,Комсомолка,kfm,2026-09-28,12,12:00-13:00,medium,block_12_18,auto,0.33,1.59,23.54,28.67,57.35,1.29,0.21,0.25,0.25,1.0,0,cycle_time,segment_shift_history,segment_cycle_time,global_hour,global_hour,"Нужно 0 кур.; прогноз 0.3 заказа/ч; окно block_12_18: история 0.21, цикл 0.25; выбрано: время полного цикла доставки; страховой запас 0%"
15,Комсомолка,kfm,2026-09-28,13,13:00-14:00,medium,block_12_18,auto,0.33,1.59,23.55,28.67,57.35,1.29,0.21,0.25,0.25,1.0,0,cycle_time,segment_shift_history,segment_cycle_time,global_hour,global_hour,"Нужно 0 кур.; прогноз 0.3 заказа/ч; окно block_12_18: история 0.21, цикл 0.25; выбрано: время полного цикла доставки; страховой запас 0%"
15,Комсомолка,kfm,2026-09-28,14,14:00-15:00,medium,block_12_18,auto,0.29,1.59,24.06,28.67,57.35,1.29,0.21,0.25,0.25,1.0,0,cycle_time,segment_shift_history,segment_cycle_time,global_hour,global_hour,"Нужно 0 кур.; прогноз 0.3 заказа/ч; окно block_12_18: история 0.21, цикл 0.25; выбрано: время полного цикла доставки; страховой запас 0%"
15,Комсомолка,kfm,2026-09-28,15,15:00-16:00,medium,block_12_18,auto,0.24,1.59,24.51,28.67,57.35,1.29,0.21,0.25,0.25,1.0,0,cycle_time,segment_shift_history,segment_cycle_time,global_hour,global_hour,"Нужно 0 кур.; прогноз 0.2 заказа/ч; окно block_12_18: история 0.21, цикл 0.25; выбрано: время полного цикла доставки; страховой запас 0%"
15,Комсомолка,kfm,2026-09-28,16,16:00-17:00,medium,block_12_18,auto,0.2,1.59,25.16,28.67,57.35,1.29,0.21,0.25,0.25,1.0,0,cycle_time,segment_shift_history,segment_cycle_time,global_hour,global_hour,"Нужно 0 кур.; прогноз 0.2 заказа/ч; окно block_12_18: история 0.21, цикл 0.25; выбрано: время полного цикла доставки; страховой запас 0%"
15,Комсомолка,kfm,2026-09-28,17,17:00-18:00,medium,block_12_18,auto,0.2,1.59,27.66,28.67,57.35,1.29,0.21,0.25,0.25,1.0,0,cycle_time,segment_shift_history,segment_cycle_time,global_hour,global_hour,"Нужно 0 кур.; прогноз 0.2 заказа/ч; окно block_12_18: история 0.21, цикл 0.25; выбрано: время полного цикла доставки; страховой запас 0%"
15,Комсомолка,kfm,2026-09-28,18,18:00-19:00,medium,block_18_24,auto,0.45,1.92,27.41,28.42,56.85,1.69,0.19,0.3,0.3,1.0,0,cycle_time,segment_shift_history,segment_cycle_time,global_hour,global_hour,"Нужно 0 кур.; прогноз 0.4 заказа/ч; окно block_18_24: история 0.19, цикл 0.30; выбрано: время полного цикла доставки; страховой запас 0%"
15,Комсомолка,kfm,2026-09-28,19,19:00-20:00,medium,block_18_24,auto,0.46,1.92,26.64,28.42,56.85,1.69,0.19,0.3,0.3,1.0,0,cycle_time,segment_shift_history,segment_cycle_time,global_hour,global_hour,"Нужно 0 кур.; прогноз 0.5 заказа/ч; окно block_18_24: история 0.19, цикл 0.30; выбрано: время полного цикла доставки; страховой запас 0%"
15,Комсомолка,kfm,2026-09-28,20,20:00-21:00,medium,block_18_24,auto,0.41,1.92,23.12,28.42,56.85,1.69,0.19,0.3,0.3,1.0,0,cycle_time,segment_shift_history,segment_cycle_time,global_hour,global_hour,"Нужно 0 кур.; прогноз 0.4 заказа/ч; окно block_18_24: история 0.19, цикл 0.30; выбрано: время полного цикла доставки; страховой запас 0%"
15,Комсомолка,kfm,2026-09-28,21,21:00-22:00,medium,block_18_24,auto,0.31,1.92,21.83,28.42,56.85,1.69,0.19,0.3,0.3,1.0,0,cycle_time,segment_shift_history,segment_cycle_time,global_hour,global_hour,"Нужно 0 кур.; прогноз 0.3 заказа/ч; окно block_18_24: история 0.19, цикл 0.30; выбрано: время полного цикла доставки; страховой запас 0%"
15,Комсомолка,kfm,2026-09-28,22,22:00-23:00,medium,block_18_24,auto,0.18,1.92,16.14,28.42,56.85,1.69,0.19,0.3,0.3,1.0,0,cycle_time,segment_shift_history,segment_cycle_time,global_hour,global_hour,"Нужно 0 кур.; прогноз 0.2 заказа/ч; окно block_18_24: история 0.19, цикл 0.30; выбрано: время полного цикла доставки; страховой запас 0%"
15,Комсомолка,kfm,2026-09-28,23,23:00-24:00,medium,block_18_24,auto,0.11,1.92,20.26,28.42,56.85,1.69,0.19,0.3,0.3,1.0,0,cycle_time,segment_shift_history,segment_cycle_time,global_hour,global_hour,"Нужно 0 кур.; прогноз 0.1 заказа/ч; окно block_18_24: история 0.19, цикл 0.30; выбрано: время полного цикла доставки; страховой запас 0%"
15,Комсомолка,kfm,2026-09-28,0,00:00-01:00,medium,block_00_06,bike,0.03,0.07,9.78,15.02,30.03,1.3,0.0,0.0,0.0,1.0,0,history,default_slot_capacity,segment_cycle_time,global_hour,global_hour,"Нужно 0 кур.; прогноз 0.0 заказа/ч; окно block_00_06: история 0.00, цикл 0.00; выбрано: историческая производительность; страховой запас 0%"
15,Комсомолка,kfm,2026-09-28,1,01:00-02:00,medium,block_00_06,bike,0.01,0.07,10.47,15.02,30.03,1.3,0.0,0.0,0.0,1.0,0,history,default_slot_capacity,segment_cycle_time,global_hour,global_vehicle,"Нужно 0 кур.; прогноз 0.0 заказа/ч; окно block_00_06: история 0.00, цикл 0.00; выбрано: историческая производительность; страховой запас 0%"
15,Комсомолка,kfm,2026-09-28,2,02:00-03:00,medium,block_00_06,bike,0.01,0.07,10.47,15.02,30.03,1.3,0.0,0.0,0.0,1.0,0,history,default_slot_capacity,segment_cycle_time,global_hour,global_vehicle,"Нужно 0 кур.; прогноз 0.0 заказа/ч; окно block_00_06: история 0.00, цикл 0.00; выбрано: историческая производительность; страховой запас 0%"
15,Комсомолка,kfm,2026-09-28,3,03:00-04:00,medium,block_00_06,bike,0.01,0.07,10.47,15.02,30.03,1.3,0.0,0.0,0.0,1.0,0,history,default_slot_capacity,segment_cycle_time,global_hour,global_vehicle,"Нужно 0 кур.; прогноз 0.0 заказа/ч; окно block_00_06: история 0.00, цикл 0.00; выбрано: историческая производительность; страховой запас 0%"
15,Комсомолка,kfm,2026-09-28,4,04:00-05:00,medium,block_00_06,bike,0.01,0.07,10.47,15.02,30.03,1.3,0.0,0.0,0.0,1.0,0,history,default_slot_capacity,segment_cycle_time,global_hour,global_vehicle,"Нужно 0 кур.; прогноз 0.0 заказа/ч; окно block_00_06: история 0.00, цикл 0.00; выбрано: историческая производительность; страховой запас 0%"
15,Комсомолка,kfm,2026-09-28,5,05:00-06:00,medium,block_00_06,bike,0.01,0.07,10.47,15.02,30.03,1.3,0.0,0.0,0.0,1.0,0,history,default_slot_capacity,segment_cycle_time,global_hour,global_vehicle,"Нужно 0 кур.; прогноз 0.0 заказа/ч; окно block_00_06: история 0.00, цикл 0.00; выбрано: историческая производительность; страховой запас 0%"
15,Комсомолка,kfm,2026-09-28,6,06:00-07:00,medium,block_06_12,bike,0.16,5.85,9.4,10.53,21.06,2.94,0.33,0.34,0.34,1.0,0,cycle_time,segment_shift_history,segment_cycle_time,global_hour,global_hour,"Нужно 0 кур.; прогноз 0.2 заказа/ч; окно block_06_12: история 0.33, цикл 0.34; выбрано: время полного цикла доставки; страховой запас 0%"
15,Комсомолка,kfm,2026-09-28,7,07:00-08:00,medium,block_06_12,bike,0.42,5.85,11.07,10.53,21.06,2.94,0.33,0.34,0.34,1.0,0,cycle_time,segment_shift_history,segment_cycle_time,global_hour,global_hour,"Нужно 0 кур.; прогноз 0.4 заказа/ч; окно block_06_12: история 0.33, цикл 0.34; выбрано: время полного цикла доставки; страховой запас 0%"
15,Комсомолка,kfm,2026-09-28,8,08:00-09:00,medium,block_06_12,bike,1.08,5.85,10.4,10.53,21.06,2.94,0.33,0.34,0.34,1.0,0,cycle_time,segment_shift_history,segment_cycle_time,global_hour,global_hour,"Нужно 0 кур.; прогноз 1.1 заказа/ч; окно block_06_12: история 0.33, цикл 0.34; выбрано: время полного цикла доставки; страховой запас 0%"
15,Комсомолка,kfm,2026-09-28,9,09:00-10:00,medium,block_06_12,bike,1.32,5.85,10.37,10.53,21.06,2.94,0.33,0.34,0.34,1.0,0,cycle_time,segment_shift_history,segment_cycle_time,global_hour,global_hour,"Нужно 0 кур.; прогноз 1.3 заказа/ч; окно block_06_12: история 0.33, цикл 0.34; выбрано: время полного цикла доставки; страховой запас 0%"
15,Комсомолка,kfm,2026-09-28,10,10:00-11:00,medium,block_06_12,bike,1.38,5.85,10.11,10.53,21.06,2.94,0.33,0.34,0.34,1.0,0,cycle_time,segment_shift_history,segment_cycle_time,global_hour,global_hour,"Нужно 0 кур.; прогноз 1.4 заказа/ч; окно block_06_12: история 0.33, цикл 0.34; выбрано: время полного цикла доставки; страховой запас 0%"
15,Комсомолка,kfm,2026-09-28,11,11:00-12:00,medium,block_06_12,bike,1.48,5.85,10.41,10.53,21.06,2.94,0.33,0.34,0.34,1.0,0,cycle_time,segment_shift_history,segment_cycle_time,global_hour,global_hour,"Нужно 0 кур.; прогноз 1.5 заказа/ч; окно block_06_12: история 0.33, цикл 0.34; выбрано: время полного цикла доставки; страховой запас 0%"
15,Комсомолка,kfm,2026-09-28,12,12:00-13:00,medium,block_12_18,bike,0.42,1.99,10.37,11.2,22.4,2.95,0.11,0.12,0.12,1.0,0,cycle_time,segment_shift_history,segment_cycle_time,global_hour,global_hour,"Нужно 0 кур.; прогноз 0.4 заказа/ч; окно block_12_18: история 0.11, цикл 0.12; выбрано: время полного цикла доставки; страховой запас 0%"
15,Комсомолка,kfm,2026-09-28,13,13:00-14:00,medium,block_12_18,bike,0.41,1.99,10.39,11.2,22.4,2.95,0.11,0.12,0.12,1.0,0,cycle_time,segment_shift_history,segment_cycle_time,global_hour,global_hour,"Нужно 0 кур.; прогноз 0.4 заказа/ч; окно block_12_18: история 0.11, цикл 0.12; выбрано: время полного цикла доставки; страховой запас 0%"
15,Комсомолка,kfm,2026-09-28,14,14:00-15:00,medium,block_12_18,bike,0.36,1.99,10.2,11.2,22.4,2.95,0.11,0.12,0.12,1.0,0,cycle_time,segment_shift_history,segment_cycle_time,global_hour,global_hour,"Нужно 0 кур.; прогноз 0.4 заказа/ч; окно block_12_18: история 0.11, цикл 0.12; выбрано: время полного цикла доставки; страховой запас 0%"
15,Комсомолка,kfm,2026-09-28,15,15:00-16:00,medium,block_12_18,bike,0.3,1.99,10.75,11.2,22.4,2.95,0.11,0.12,0.12,1.0,0,cycle_time,segment_shift_history,segment_cycle_time,global_hour,global_hour,"Нужно 0 кур.; прогноз 0.3 заказа/ч; окно block_12_18: история 0.11, цикл 0.12; выбрано: время полного цикла доставки; страховой запас 0%"
15,Комсомолка,kfm,2026-09-28,16,16:00-17:00,medium,block_12_18,bike,0.25,1.99,11.02,11.2,22.4,2.95,0.11,0.12,0.12,1.0,0,cycle_time,segment_shift_history,segment_cycle_time,global_hour,global_hour,"Нужно 0 кур.; прогноз 0.3 заказа/ч; окно block_12_18: история 0.11, цикл 0.12; выбрано: время полного цикла доставки; страховой запас 0%"
15,Комсомолка,kfm,2026-09-28,17,17:00-18:00,medium,block_12_18,bike,0.24,1.99,10.83,11.2,22.4,2.95,0.11,0.12,0.12,1.0,0,cycle_time,segment_shift_history,segment_cycle_time,global_hour,global_hour,"Нужно 0 кур.; прогноз 0.2 заказа/ч; окно block_12_18: история 0.11, цикл 0.12; выбрано: время полного цикла доставки; страховой запас 0%"
15,Комсомолка,kfm,2026-09-28,18,18:00-19:00,medium,block_18_24,bike,0.32,1.36,11.1,10.77,21.54,2.16,0.1,0.08,0.1,1.0,0,history,segment_shift_history,segment_cycle_time,global_hour,global_hour,"Нужно 0 кур.; прогноз 0.3 заказа/ч; окно block_18_24: история 0.10, цикл 0.08; выбрано: историческая производительность; страховой запас 0%"
15,Комсомолка,kfm,2026-09-28,19,19:00-20:00,medium,block_18_24,bike,0.32,1.36,10.71,10.77,21.54,2.16,0.1,0.08,0.1,1.0,0,history,segment_shift_history,segment_cycle_time,global_hour,global_hour,"Нужно 0 кур.; прогноз 0.3 заказа/ч; окно block_18_24: история 0.10, цикл 0.08; выбрано: историческая производительность; страховой запас 0%"
15,Комсомолка,kfm,2026-09-28,20,20:00-21:00,medium,block_18_24,bike,0.29,1.36,10.4,10.77,21.54,2.16,0.1,0.08,0.1,1.0,0,history,segment_shift_history,segment_cycle_time,global_hour,global_hour,"Нужно 0 кур.; прогноз 0.3 заказа/ч; окно block_18_24: история 0.10, цикл 0.08; выбрано: историческая производительность; страховой запас 0%"
15,Комсомолка,kfm,2026-09-28,21,21:00-22:00,medium,block_18_24,bike,0.22,1.36,9.94,10.77,21.54,2.16,0.1,0.08,0.1,1.0,0,history,segment_shift_history,segment_cycle_time,global_hour,global_hour,"Нужно 0 кур.; прогноз 0.2 заказа/ч; окно block_18_24: история 0.10, цикл 0.08; выбрано: историческая производительность; страховой запас 0%"
15,Комсомолка,kfm,2026-09-28,22,22:00-23:00,medium,block_18_24,bike,0.13,1.36,9.8,10.77,21.54,2.16,0.1,0.08,0.1,1.0,0,history,segment_shift_history,segment_cycle_time,global_hour,global_hour,"Нужно 0 кур.; прогноз 0.1 заказа/ч; окно block_18_24: история 0.10, цикл 0.08; выбрано: историческая производительность; страховой запас 0%"
15,Комсомолка,kfm,2026-09-28,23,23:00-24:00,medium,block_18_24,bike,0.08,1.36,9.15,10.77,21.54,2.16,0.1,0.08,0.1,1.0,0,history,segment_shift_history,segment_cycle_time,global_hour,global_hour,"Нужно 0 кур.; прогноз 0.1 заказа/ч; окно block_18_24: история 0.10, цикл 0.08; выбрано: историческая производительность; страховой запас 0%"
16,Мосфильм,kfm,2026-09-28,8,08:00-09:00,medium,block_06_12,bike,2.0,7.72,12.39,12.37,24.74,2.94,0.44,0.53,0.53,1.0,1,cycle_time,segment_shift_history,location_cycle_time,location_hour,location_hour,"Нужно 1 кур.; прогноз 2.0 заказа/ч; окно block_06_12: история 0.44, цикл 0.53; выбрано: время полного цикла доставки; страховой запас 0%"
16,Мосфильм,kfm,2026-09-28,9,09:00-10:00,medium,block_06_12,bike,2.34,7.72,11.11,12.37,24.74,2.94,0.44,0.53,0.53,1.0,1,cycle_time,segment_shift_history,location_cycle_time,location_hour,location_hour,"Нужно 1 кур.; прогноз 2.3 заказа/ч; окно block_06_12: история 0.44, цикл 0.53; выбрано: время полного цикла доставки; страховой запас 0%"
16,Мосфильм,kfm,2026-09-28,10,10:00-11:00,medium,block_06_12,bike,1.88,7.72,11.68,12.37,24.74,2.94,0.44,0.53,0.53,1.0,1,cycle_time,segment_shift_history,location_cycle_time,location_hour,location_hour,"Нужно 1 кур.; прогноз 1.9 заказа/ч; окно block_06_12: история 0.44, цикл 0.53; выбрано: время полного цикла доставки; страховой запас 0%"
16,Мосфильм,kfm,2026-09-28,11,11:00-12:00,medium,block_06_12,bike,1.51,7.72,11.08,12.37,24.74,2.94,0.44,0.53,0.53,1.0,1,cycle_time,segment_shift_history,location_cycle_time,location_hour,location_hour,"Нужно 1 кур.; прогноз 1.5 заказа/ч; окно block_06_12: история 0.44, цикл 0.53; выбрано: время полного цикла доставки; страховой запас 0%"
16,Мосфильм,kfm,2026-09-28,12,12:00-13:00,medium,block_12_18,bike,1.6,9.93,11.5,13.66,27.32,2.95,0.56,0.75,0.75,1.0,1,cycle_time,segment_shift_history,location_cycle_time,location_hour,location_hour,"Нужно 1 кур.; прогноз 1.6 заказа/ч; окно block_12_18: история 0.56, цикл 0.75; выбрано: время полного цикла доставки; страховой запас 0%"
16,Мосфильм,kfm,2026-09-28,13,13:00-14:00,medium,block_12_18,bike,2.6,9.93,12.33,13.66,27.32,2.95,0.56,0.75,0.75,1.0,1,cycle_time,segment_shift_history,location_cycle_time,location_hour,location_hour,"Нужно 1 кур.; прогноз 2.6 заказа/ч; окно block_12_18: история 0.56, цикл 0.75; выбрано: время полного цикла доставки; страховой запас 0%"
16,Мосфильм,kfm,2026-09-28,14,14:00-15:00,medium,block_12_18,bike,1.93,9.93,12.36,13.66,27.32,2.95,0.56,0.75,0.75,1.0,1,cycle_time,segment_shift_history,location_cycle_time,location_hour,location_hour,"Нужно 1 кур.; прогноз 1.9 заказа/ч; окно block_12_18: история 0.56, цикл 0.75; выбрано: время полного цикла доставки; страховой запас 0%"
16,Мосфильм,kfm,2026-09-28,15,15:00-16:00,medium,block_12_18,bike,1.3,9.93,11.19,13.66,27.32,2.95,0.56,0.75,0.75,1.0,1,cycle_time,segment_shift_history,location_cycle_time,location_hour,location_hour,"Нужно 1 кур.; прогноз 1.3 заказа/ч; окно block_12_18: история 0.56, цикл 0.75; выбрано: время полного цикла доставки; страховой запас 0%"
16,Мосфильм,kfm,2026-09-28,16,16:00-17:00,medium,block_12_18,bike,1.19,9.93,12.63,13.66,27.32,2.95,0.56,0.75,0.75,1.0,1,cycle_time,segment_shift_history,location_cycle_time,location_hour,location_hour,"Нужно 1 кур.; прогноз 1.2 заказа/ч; окно block_12_18: история 0.56, цикл 0.75; выбрано: время полного цикла доставки; страховой запас 0%"
16,Мосфильм,kfm,2026-09-28,17,17:00-18:00,medium,block_12_18,bike,1.3,9.93,11.9,13.66,27.32,2.95,0.56,0.75,0.75,1.0,1,cycle_time,segment_shift_history,location_cycle_time,location_hour,location_hour,"Нужно 1 кур.; прогноз 1.3 заказа/ч; окно block_12_18: история 0.56, цикл 0.75; выбрано: время полного цикла доставки; страховой запас 0%"
16,Мосфильм,kfm,2026-09-28,18,18:00-19:00,medium,block_18_24,bike,1.81,7.24,11.51,12.38,24.76,2.16,0.56,0.5,0.56,1.0,1,history,segment_shift_history,location_cycle_time,location_hour,location_hour,"Нужно 1 кур.; прогноз 1.8 заказа/ч; окно block_18_24: история 0.56, цикл 0.50; выбрано: историческая производительность; страховой запас 0%"
16,Мосфильм,kfm,2026-09-28,19,19:00-20:00,medium,block_18_24,bike,1.85,7.24,10.28,12.38,24.76,2.16,0.56,0.5,0.56,1.0,1,history,segment_shift_history,location_cycle_time,location_hour,location_hour,"Нужно 1 кур.; прогноз 1.8 заказа/ч; окно block_18_24: история 0.56, цикл 0.50; выбрано: историческая производительность; страховой запас 0%"
16,Мосфильм,kfm,2026-09-28,20,20:00-21:00,medium,block_18_24,bike,1.81,7.24,11.95,12.38,24.76,2.16,0.56,0.5,0.56,1.0,1,history,segment_shift_history,location_cycle_time,location_hour,location_hour,"Нужно 1 кур.; прогноз 1.8 заказа/ч; окно block_18_24: история 0.56, цикл 0.50; выбрано: историческая производительность; страховой запас 0%"
16,Мосфильм,kfm,2026-09-28,21,21:00-22:00,medium,block_18_24,bike,1.09,7.24,9.65,12.38,24.76,2.16,0.56,0.5,0.56,1.0,1,history,segment_shift_history,location_cycle_time,location_hour,location_hour,"Нужно 1 кур.; прогноз 1.1 заказа/ч; окно block_18_24: история 0.56, цикл 0.50; выбрано: историческая производительность; страховой запас 0%"
16,Мосфильм,kfm,2026-09-28,22,22:00-23:00,medium,block_18_24,bike,0.64,7.24,16.84,12.38,24.76,2.16,0.56,0.5,0.56,1.0,1,history,segment_shift_history,location_cycle_time,location_hour,location_hour,"Нужно 1 кур.; прогноз 0.6 заказа/ч; окно block_18_24: история 0.56, цикл 0.50; выбрано: историческая производительность; страховой запас 0%"
17,Внуково,kfm,2026-09-28,8,08:00-09:00,medium,block_06_12,auto,1.2,7.35,26.32,27.11,54.22,0.91,1.35,1.11,1.35,1.0,1,history,location_shift_history,location_cycle_time,location_hour,location_hour,"Нужно 1 кур.; прогноз 1.2 заказа/ч; окно block_06_12: история 1.35, цикл 1.11; выбрано: историческая производительность; страховой запас 0%"
17,Внуково,kfm,2026-09-28,9,09:00-10:00,medium,block_06_12,auto,2.21,7.35,23.19,27.11,54.22,0.91,1.35,1.11,1.35,1.0,1,history,location_shift_history,location_cycle_time,location_hour,location_hour,"Нужно 1 кур.; прогноз 2.2 заказа/ч; окно block_06_12: история 1.35, цикл 1.11; выбрано: историческая производительность; страховой запас 0%"
17,Внуково,kfm,2026-09-28,10,10:00-11:00,medium,block_06_12,auto,2.06,7.35,24.38,27.11,54.22,0.91,1.35,1.11,1.35,1.0,1,history,location_shift_history,location_cycle_time,location_hour,location_hour,"Нужно 1 кур.; прогноз 2.1 заказа/ч; окно block_06_12: история 1.35, цикл 1.11; выбрано: историческая производительность; страховой запас 0%"
17,Внуково,kfm,2026-09-28,11,11:00-12:00,medium,block_06_12,auto,1.87,7.35,25.58,27.11,54.22,0.91,1.35,1.11,1.35,1.0,1,history,location_shift_history,location_cycle_time,location_hour,location_hour,"Нужно 1 кур.; прогноз 1.9 заказа/ч; окно block_06_12: история 1.35, цикл 1.11; выбрано: историческая производительность; страховой запас 0%"
17,Внуково,kfm,2026-09-28,12,12:00-13:00,medium,block_12_18,auto,3.0,17.2,26.37,29.14,58.28,0.8,3.59,2.78,3.59,1.0,4,history,location_shift_history,location_cycle_time,location_hour,location_hour,"Нужно 4 кур.; прогноз 3.0 заказа/ч; окно block_12_18: история 3.59, цикл 2.78; выбрано: историческая производительность; страховой запас 0%"
17,Внуково,kfm,2026-09-28,13,13:00-14:00,medium,block_12_18,auto,3.42,17.2,22.63,29.14,58.28,0.8,3.59,2.78,3.59,1.0,4,history,location_shift_history,location_cycle_time,location_hour,location_hour,"Нужно 4 кур.; прогноз 3.4 заказа/ч; окно block_12_18: история 3.59, цикл 2.78; выбрано: историческая производительность; страховой запас 0%"
17,Внуково,kfm,2026-09-28,14,14:00-15:00,medium,block_12_18,auto,2.93,17.2,26.12,29.14,58.28,0.8,3.59,2.78,3.59,1.0,4,history,location_shift_history,location_cycle_time,location_hour,location_hour,"Нужно 4 кур.; прогноз 2.9 заказа/ч; окно block_12_18: история 3.59, цикл 2.78; выбрано: историческая производительность; страховой запас 0%"
17,Внуково,kfm,2026-09-28,15,15:00-16:00,medium,block_12_18,auto,2.0,17.2,24.42,29.14,58.28,0.8,3.59,2.78,3.59,1.0,4,history,location_shift_history,location_cycle_time,location_hour,location_hour,"Нужно 4 кур.; прогноз 2.0 заказа/ч; окно block_12_18: история 3.59, цикл 2.78; выбрано: историческая производительность; страховой запас 0%"
17,Внуково,kfm,2026-09-28,16,16:00-17:00,medium,block_12_18,auto,3.5,17.2,26.08,29.14,58.28,0.8,3.59,2.78,3.59,1.0,4,history,location_shift_history,location_cycle_time,location_hour,location_hour,"Нужно 4 кур.; прогноз 3.5 заказа/ч; окно block_12_18: история 3.59, цикл 2.78; выбрано: историческая производительность; страховой запас 0%"
17,Внуково,kfm,2026-09-28,17,17:00-18:00,medium,block_12_18,auto,2.35,17.2,28.0,29.14,58.28,0.8,3.59,2.78,3.59,1.0,4,history,location_shift_history,location_cycle_time,location_hour,location_hour,"Нужно 4 кур.; прогноз 2.4 заказа/ч; окно block_12_18: история 3.59, цикл 2.78; выбрано: историческая производительность; страховой запас 0%"
17,Внуково,kfm,2026-09-28,18,18:00-19:00,medium,block_18_24,auto,2.01,8.22,30.61,31.74,63.48,1.69,0.81,1.45,1.45,1.0,2,cycle_time,segment_shift_history,location_cycle_time,location_hour,location_hour,"Нужно 2 кур.; прогноз 2.0 заказа/ч; окно block_18_24: история 0.81, цикл 1.45; выбрано: время полного цикла доставки; страховой запас 0%"
17,Внуково,kfm,2026-09-28,19,19:00-20:00,medium,block_18_24,auto,2.74,8.22,29.79,31.74,63.48,1.69,0.81,1.45,1.45,1.0,2,cycle_time,segment_shift_history,location_cycle_time,location_hour,location_hour,"Нужно 2 кур.; прогноз 2.7 заказа/ч; окно block_18_24: история 0.81, цикл 1.45; выбрано: время полного цикла доставки; страховой запас 0%"
17,Внуково,kfm,2026-09-28,20,20:00-21:00,medium,block_18_24,auto,2.25,8.22,27.75,31.74,63.48,1.69,0.81,1.45,1.45,1.0,2,cycle_time,segment_shift_history,location_cycle_time,location_hour,location_hour,"Нужно 2 кур.; прогноз 2.3 заказа/ч; окно block_18_24: история 0.81, цикл 1.45; выбрано: время полного цикла доставки; страховой запас 0%"
17,Внуково,kfm,2026-09-28,21,21:00-22:00,medium,block_18_24,auto,1.16,8.22,26.04,31.74,63.48,1.69,0.81,1.45,1.45,1.0,2,cycle_time,segment_shift_history,location_cycle_time,location_hour,location_hour,"Нужно 2 кур.; прогноз 1.2 заказа/ч; окно block_18_24: история 0.81, цикл 1.45; выбрано: время полного цикла доставки; страховой запас 0%"
18,Новая Рига,kfm,2026-09-28,8,08:00-09:00,medium,block_06_12,auto,3.53,11.58,14.96,17.48,34.96,1.49,1.3,1.12,1.3,1.0,2,history,location_shift_history,location_cycle_time,location_hour,location_hour,"Нужно 2 кур.; прогноз 3.5 заказа/ч; окно block_06_12: история 1.30, цикл 1.12; выбрано: историческая производительность; страховой запас 0%"
18,Новая Рига,kfm,2026-09-28,9,09:00-10:00,medium,block_06_12,auto,2.76,11.58,15.37,17.48,34.96,1.49,1.3,1.12,1.3,1.0,2,history,location_shift_history,location_cycle_time,location_hour,location_hour,"Нужно 2 кур.; прогноз 2.8 заказа/ч; окно block_06_12: история 1.30, цикл 1.12; выбрано: историческая производительность; страховой запас 0%"
18,Новая Рига,kfm,2026-09-28,10,10:00-11:00,medium,block_06_12,auto,2.95,11.58,15.72,17.48,34.96,1.49,1.3,1.12,1.3,1.0,2,history,location_shift_history,location_cycle_time,location_hour,location_hour,"Нужно 2 кур.; прогноз 3.0 заказа/ч; окно block_06_12: история 1.30, цикл 1.12; выбрано: историческая производительность; страховой запас 0%"
18,Новая Рига,kfm,2026-09-28,11,11:00-12:00,medium,block_06_12,auto,2.34,11.58,15.12,17.48,34.96,1.49,1.3,1.12,1.3,1.0,2,history,location_shift_history,location_cycle_time,location_hour,location_hour,"Нужно 2 кур.; прогноз 2.3 заказа/ч; окно block_06_12: история 1.30, цикл 1.12; выбрано: историческая производительность; страховой запас 0%"
18,Новая Рига,kfm,2026-09-28,12,12:00-13:00,medium,block_12_18,auto,2.63,14.88,15.4,19.29,38.58,1.09,2.28,1.59,2.28,1.0,2,history,location_shift_history,location_cycle_time,location_hour,location_hour,"Нужно 2 кур.; прогноз 2.6 заказа/ч; окно block_12_18: история 2.28, цикл 1.59; выбрано: историческая производительность; страховой запас 0%"
18,Новая Рига,kfm,2026-09-28,13,13:00-14:00,medium,block_12_18,auto,2.49,14.88,15.23,19.29,38.58,1.09,2.28,1.59,2.28,1.0,2,history,location_shift_history,location_cycle_time,location_hour,location_hour,"Нужно 2 кур.; прогноз 2.5 заказа/ч; окно block_12_18: история 2.28, цикл 1.59; выбрано: историческая производительность; страховой запас 0%"
18,Новая Рига,kfm,2026-09-28,14,14:00-15:00,medium,block_12_18,auto,2.58,14.88,15.24,19.29,38.58,1.09,2.28,1.59,2.28,1.0,2,history,location_shift_history,location_cycle_time,location_hour,location_hour,"Нужно 2 кур.; прогноз 2.6 заказа/ч; окно block_12_18: история 2.28, цикл 1.59; выбрано: историческая производительность; страховой запас 0%"
18,Новая Рига,kfm,2026-09-28,15,15:00-16:00,medium,block_12_18,auto,2.72,14.88,16.31,19.29,38.58,1.09,2.28,1.59,2.28,1.0,2,history,location_shift_history,location_cycle_time,location_hour,location_hour,"Нужно 2 кур.; прогноз 2.7 заказа/ч; окно block_12_18: история 2.28, цикл 1.59; выбрано: историческая производительность; страховой запас 0%"
18,Новая Рига,kfm,2026-09-28,16,16:00-17:00,medium,block_12_18,auto,2.21,14.88,16.85,19.29,38.58,1.09,2.28,1.59,2.28,1.0,2,history,location_shift_history,location_cycle_time,location_hour,location_hour,"Нужно 2 кур.; прогноз 2.2 заказа/ч; окно block_12_18: история 2.28, цикл 1.59; выбрано: историческая производительность; страховой запас 0%"
18,Новая Рига,kfm,2026-09-28,17,17:00-18:00,medium,block_12_18,auto,2.26,14.88,18.57,19.29,38.58,1.09,2.28,1.59,2.28,1.0,2,history,location_shift_history,location_cycle_time,location_hour,location_hour,"Нужно 2 кур.; прогноз 2.3 заказа/ч; окно block_12_18: история 2.28, цикл 1.59; выбрано: историческая производительность; страховой запас 0%"
18,Новая Рига,kfm,2026-09-28,18,18:00-19:00,medium,block_18_24,auto,2.75,9.35,16.36,18.92,37.84,1.69,0.92,0.98,0.98,1.0,1,cycle_time,segment_shift_history,location_cycle_time,location_hour,location_hour,"Нужно 1 кур.; прогноз 2.8 заказа/ч; окно block_18_24: история 0.92, цикл 0.98; выбрано: время полного цикла доставки; страховой запас 0%"
18,Новая Рига,kfm,2026-09-28,19,19:00-20:00,medium,block_18_24,auto,2.75,9.35,17.75,18.92,37.84,1.69,0.92,0.98,0.98,1.0,1,cycle_time,segment_shift_history,location_cycle_time,location_hour,location_hour,"Нужно 1 кур.; прогноз 2.8 заказа/ч; окно block_18_24: история 0.92, цикл 0.98; выбрано: время полного цикла доставки; страховой запас 0%"
18,Новая Рига,kfm,2026-09-28,20,20:00-21:00,medium,block_18_24,auto,2.23,9.35,15.7,18.92,37.84,1.69,0.92,0.98,0.98,1.0,1,cycle_time,segment_shift_history,location_cycle_time,location_hour,location_hour,"Нужно 1 кур.; прогноз 2.2 заказа/ч; окно block_18_24: история 0.92, цикл 0.98; выбрано: время полного цикла доставки; страховой запас 0%"
18,Новая Рига,kfm,2026-09-28,21,21:00-22:00,medium,block_18_24,auto,1.56,9.35,12.84,18.92,37.84,1.69,0.92,0.98,0.98,1.0,1,cycle_time,segment_shift_history,location_cycle_time,location_hour,location_hour,"Нужно 1 кур.; прогноз 1.6 заказа/ч; окно block_18_24: история 0.92, цикл 0.98; выбрано: время полного цикла доставки; страховой запас 0%"
2,Кудринская,kfm,2026-09-28,6,06:00-07:00,high,opening,auto,0.0,0.2,45.75,32.49,64.99,1.62,0.0,0.0,0.0,1.0,0,history,time_segment_shift_history,segment_cycle_time,location_hour,location_hour,"Нужно 0 кур.; прогноз 0.0 заказа/ч; окно opening: история 0.00, цикл 0.00; выбрано: историческая производительность; страховой запас 0%"
2,Кудринская,kfm,2026-09-28,7,07:00-08:00,high,opening,auto,0.2,0.2,32.39,32.49,64.99,1.62,0.0,0.0,0.0,1.0,0,history,time_segment_shift_history,segment_cycle_time,location_hour,location_hour,"Нужно 0 кур.; прогноз 0.2 заказа/ч; окно opening: история 0.00, цикл 0.00; выбрано: историческая производительность; страховой запас 0%"
2,Кудринская,kfm,2026-09-28,8,08:00-09:00,high,early_morning,auto,0.23,0.23,33.67,25.06,50.13,1.45,0.0,0.0,0.0,1.0,0,history,segment_shift_history,segment_cycle_time,location_hour,location_hour,"Нужно 0 кур.; прогноз 0.2 заказа/ч; окно early_morning: история 0.00, цикл 0.00; выбрано: историческая производительность; страховой запас 0%"
2,Кудринская,kfm,2026-09-28,9,09:00-10:00,high,morning,auto,0.18,0.42,44.14,25.33,50.65,1.45,0.0,0.0,0.0,1.0,0,history,segment_shift_history,segment_cycle_time,location_hour,location_hour,"Нужно 0 кур.; прогноз 0.2 заказа/ч; окно morning: история 0.00, цикл 0.00; выбрано: историческая производительность; страховой запас 0%"
2,Кудринская,kfm,2026-09-28,10,10:00-11:00,high,morning,auto,0.24,0.42,44.4,25.33,50.65,1.45,0.0,0.0,0.0,1.0,0,history,segment_shift_history,segment_cycle_time,location_hour,location_hour,"Нужно 0 кур.; прогноз 0.2 заказа/ч; окно morning: история 0.00, цикл 0.00; выбрано: историческая производительность; страховой запас 0%"
2,Кудринская,kfm,2026-09-28,11,11:00-12:00,high,lunch,auto,0.17,0.81,22.82,26.99,53.98,1.34,0.15,0.18,0.18,1.0,0,cycle_time,segment_shift_history,segment_cycle_time,location_hour,global_hour,"Нужно 0 кур.; прогноз 0.2 заказа/ч; окно lunch: история 0.15, цикл 0.18; выбрано: время полного цикла доставки; страховой запас 0%"
2,Кудринская,kfm,2026-09-28,12,12:00-13:00,high,lunch,auto,0.28,0.81,33.68,26.99,53.98,1.34,0.15,0.18,0.18,1.0,0,cycle_time,segment_shift_history,segment_cycle_time,location_hour,location_hour,"Нужно 0 кур.; прогноз 0.3 заказа/ч; окно lunch: история 0.15, цикл 0.18; выбрано: время полного цикла доставки; страховой запас 0%"
2,Кудринская,kfm,2026-09-28,13,13:00-14:00,high,lunch,auto,0.19,0.81,51.28,26.99,53.98,1.34,0.15,0.18,0.18,1.0,0,cycle_time,segment_shift_history,segment_cycle_time,location_hour,location_hour,"Нужно 0 кур.; прогноз 0.2 заказа/ч; окно lunch: история 0.15, цикл 0.18; выбрано: время полного цикла доставки; страховой запас 0%"
2,Кудринская,kfm,2026-09-28,14,14:00-15:00,high,lunch,auto,0.17,0.81,34.11,26.99,53.98,1.34,0.15,0.18,0.18,1.0,0,cycle_time,segment_shift_history,segment_cycle_time,location_hour,location_hour,"Нужно 0 кур.; прогноз 0.2 заказа/ч; окно lunch: история 0.15, цикл 0.18; выбрано: время полного цикла доставки; страховой запас 0%"
2,Кудринская,kfm,2026-09-28,15,15:00-16:00,high,afternoon,auto,0.22,0.47,19.21,28.5,56.99,1.03,0.0,0.0,0.0,1.0,0,history,segment_shift_history,segment_cycle_time,location_hour,location_hour,"Нужно 0 кур.; прогноз 0.2 заказа/ч; окно afternoon: история 0.00, цикл 0.00; выбрано: историческая производительность; страховой запас 0%"
2,Кудринская,kfm,2026-09-28,16,16:00-17:00,high,afternoon,auto,0.11,0.47,16.54,28.5,56.99,1.03,0.0,0.0,0.0,1.0,0,history,segment_shift_history,segment_cycle_time,location_hour,location_hour,"Нужно 0 кур.; прогноз 0.1 заказа/ч; окно afternoon: история 0.00, цикл 0.00; выбрано: историческая производительность; страховой запас 0%"
2,Кудринская,kfm,2026-09-28,17,17:00-18:00,high,afternoon,auto,0.13,0.47,54.41,28.5,56.99,1.03,0.0,0.0,0.0,1.0,0,history,segment_shift_history,segment_cycle_time,location_hour,location_hour,"Нужно 0 кур.; прогноз 0.1 заказа/ч; окно afternoon: история 0.00, цикл 0.00; выбрано: историческая производительность; страховой запас 0%"
2,Кудринская,kfm,2026-09-28,18,18:00-19:00,high,dinner,auto,0.13,0.38,16.43,29.36,58.72,1.17,0.0,0.0,0.0,1.0,0,history,segment_shift_history,segment_cycle_time,location_hour,location_hour,"Нужно 0 кур.; прогноз 0.1 заказа/ч; окно dinner: история 0.00, цикл 0.00; выбрано: историческая производительность; страховой запас 0%"
2,Кудринская,kfm,2026-09-28,19,19:00-20:00,high,dinner,auto,0.13,0.38,23.58,29.36,58.72,1.17,0.0,0.0,0.0,1.0,0,history,segment_shift_history,segment_cycle_time,location_hour,location_hour,"Нужно 0 кур.; прогноз 0.1 заказа/ч; окно dinner: история 0.00, цикл 0.00; выбрано: историческая производительность; страховой запас 0%"
2,Кудринская,kfm,2026-09-28,20,20:00-21:00,high,dinner,auto,0.11,0.38,22.3,29.36,58.72,1.17,0.0,0.0,0.0,1.0,0,history,segment_shift_history,segment_cycle_time,location_hour,location_hour,"Нужно 0 кур.; прогноз 0.1 заказа/ч; окно dinner: история 0.00, цикл 0.00; выбрано: историческая производительность; страховой запас 0%"
2,Кудринская,kfm,2026-09-28,21,21:00-22:00,high,late_evening,auto,0.07,0.24,10.5,23.09,46.19,1.33,0.0,0.0,0.0,1.0,0,history,segment_shift_history,segment_cycle_time,location_hour,location_hour,"Нужно 0 кур.; прогноз 0.1 заказа/ч; окно late_evening: история 0.00, цикл 0.00; выбрано: историческая производительность; страховой запас 0%"
2,Кудринская,kfm,2026-09-28,22,22:00-23:00,high,late_evening,auto,0.07,0.24,36.71,23.09,46.19,1.33,0.0,0.0,0.0,1.0,0,history,segment_shift_history,segment_cycle_time,location_hour,location_hour,"Нужно 0 кур.; прогноз 0.1 заказа/ч; окно late_evening: история 0.00, цикл 0.00; выбрано: историческая производительность; страховой запас 0%"
2,Кудринская,kfm,2026-09-28,23,23:00-24:00,high,late_evening,auto,0.1,0.24,25.86,23.09,46.19,1.33,0.0,0.0,0.0,1.0,0,history,segment_shift_history,segment_cycle_time,location_hour,location_hour,"Нужно 0 кур.; прогноз 0.1 заказа/ч; окно late_evening: история 0.00, цикл 0.00; выбрано: историческая производительность; страховой запас 0%"
2,Кудринская,kfm,2026-09-28,0,00:00-01:00,high,deep_night,bike,0.0,0.0,7.17,7.43,14.86,1.3,0.0,0.0,0.0,1.0,1,history,default_slot_capacity,segment_cycle_time,global_hour,location_hour,"Нужно 1 кур.; прогноз 0.0 заказа/ч; окно deep_night: история 0.00, цикл 0.00; выбрано: историческая производительность; страховой запас 0%"
2,Кудринская,kfm,2026-09-28,1,01:00-02:00,high,deep_night,bike,0.0,0.0,10.47,7.43,14.86,1.3,0.0,0.0,0.0,1.0,1,history,default_slot_capacity,segment_cycle_time,location_hour,global_vehicle,"Нужно 1 кур.; прогноз 0.0 заказа/ч; окно deep_night: история 0.00, цикл 0.00; выбрано: историческая производительность; страховой запас 0%"
2,Кудринская,kfm,2026-09-28,2,02:00-03:00,high,deep_night,bike,0.0,0.0,10.47,7.43,14.86,1.3,0.0,0.0,0.0,1.0,1,history,default_slot_capacity,segment_cycle_time,global_hour,global_vehicle,"Нужно 1 кур.; прогноз 0.0 заказа/ч; окно deep_night: история 0.00, цикл 0.00; выбрано: историческая производительность; страховой запас 0%"
2,Кудринская,kfm,2026-09-28,3,03:00-04:00,high,deep_night,bike,0.0,0.0,10.47,7.43,14.86,1.3,0.0,0.0,0.0,1.0,1,history,default_slot_capacity,segment_cycle_time,global_hour,global_vehicle,"Нужно 1 кур.; прогноз 0.0 заказа/ч; окно deep_night: история 0.00, цикл 0.00; выбрано: историческая производительность; страховой запас 0%"
2,Кудринская,kfm,2026-09-28,4,04:00-05:00,high,deep_night,bike,0.0,0.0,10.47,7.43,14.86,1.3,0.0,0.0,0.0,1.0,1,history,default_slot_capacity,segment_cycle_time,location_hour,global_vehicle,"Нужно 1 кур.; прогноз 0.0 заказа/ч; окно deep_night: история 0.00, цикл 0.00; выбрано: историческая производительность; страховой запас 0%"
2,Кудринская,kfm,2026-09-28,5,05:00-06:00,high,deep_night,bike,0.0,0.0,10.47,7.43,14.86,1.3,0.0,0.0,0.0,1.0,1,history,default_slot_capacity,segment_cycle_time,location_hour,global_vehicle,"Нужно 1 кур.; прогноз 0.0 заказа/ч; окно deep_night: история 0.00, цикл 0.00; выбрано: историческая производительность; страховой запас 0%"
2,Кудринская,kfm,2026-09-28,6,06:00-07:00,high,opening,bike,0.08,4.22,10.43,15.83,31.66,2.41,0.88,1.11,1.11,1.0,1,cycle_time,time_segment_shift_history,location_cycle_time,location_hour,location_hour,"Нужно 1 кур.; прогноз 0.1 заказа/ч; окно opening: история 0.88, цикл 1.11; выбрано: время полного цикла доставки; страховой запас 0%"
2,Кудринская,kfm,2026-09-28,7,07:00-08:00,high,opening,bike,4.14,4.22,12.55,15.83,31.66,2.41,0.88,1.11,1.11,1.0,1,cycle_time,time_segment_shift_history,location_cycle_time,location_hour,location_hour,"Нужно 1 кур.; прогноз 4.1 заказа/ч; окно opening: история 0.88, цикл 1.11; выбрано: время полного цикла доставки; страховой запас 0%"
2,Кудринская,kfm,2026-09-28,8,08:00-09:00,high,early_morning,bike,4.76,4.76,11.44,12.74,25.48,3.67,1.3,2.02,2.02,1.0,2,cycle_time,location_shift_history,location_cycle_time,location_hour,location_hour,"Нужно 2 кур.; прогноз 4.8 заказа/ч; окно early_morning: история 1.30, цикл 2.02; выбрано: время полного цикла доставки; страховой запас 0%"
2,Кудринская,kfm,2026-09-28,9,09:00-10:00,high,morning,bike,3.77,8.72,10.62,11.55,23.1,2.98,1.46,1.68,1.68,1.0,2,cycle_time,location_shift_history,location_cycle_time,location_hour,location_hour,"Нужно 2 кур.; прогноз 3.8 заказа/ч; окно morning: история 1.46, цикл 1.68; выбрано: время полного цикла доставки; страховой запас 0%"
2,Кудринская,kfm,2026-09-28,10,10:00-11:00,high,morning,bike,4.95,8.72,10.1,11.55,23.1,2.98,1.46,1.68,1.68,1.0,2,cycle_time,location_shift_history,location_cycle_time,location_hour,location_hour,"Нужно 2 кур.; прогноз 5.0 заказа/ч; окно morning: история 1.46, цикл 1.68; выбрано: время полного цикла доставки; страховой запас 0%"
2,Кудринская,kfm,2026-09-28,11,11:00-12:00,high,lunch,bike,3.52,16.9,10.69,12.25,24.5,2.94,1.44,1.72,1.72,1.0,2,cycle_time,location_shift_history,location_cycle_time,location_hour,location_hour,"Нужно 2 кур.; прогноз 3.5 заказа/ч; окно lunch: история 1.44, цикл 1.72; выбрано: время полного цикла доставки; страховой запас 0%"
2,Кудринская,kfm,2026-09-28,12,12:00-13:00,high,lunch,bike,5.88,16.9,11.32,12.25,24.5,2.94,1.44,1.72,1.72,1.0,2,cycle_time,location_shift_history,location_cycle_time,location_hour,location_hour,"Нужно 2 кур.; прогноз 5.9 заказа/ч; окно lunch: история 1.44, цикл 1.72; выбрано: время полного цикла доставки; страховой запас 0%"
2,Кудринская,kfm,2026-09-28,13,13:00-14:00,high,lunch,bike,4.02,16.9,10.53,12.25,24.5,2.94,1.44,1.72,1.72,1.0,2,cycle_time,location_shift_history,location_cycle_time,location_hour,location_hour,"Нужно 2 кур.; прогноз 4.0 заказа/ч; окно lunch: история 1.44, цикл 1.72; выбрано: время полного цикла доставки; страховой запас 0%"
2,Кудринская,kfm,2026-09-28,14,14:00-15:00,high,lunch,bike,3.47,16.9,10.03,12.25,24.5,2.94,1.44,1.72,1.72,1.0,2,cycle_time,location_shift_history,location_cycle_time,location_hour,location_hour,"Нужно 2 кур.; прогноз 3.5 заказа/ч; окно lunch: история 1.44, цикл 1.72; выбрано: время полного цикла доставки; страховой запас 0%"
2,Кудринская,kfm,2026-09-28,15,15:00-16:00,high,afternoon,bike,4.66,9.72,11.58,12.3,24.6,1.84,1.76,1.33,1.76,1.0,2,history,location_shift_history,location_cycle_time,location_hour,location_hour,"Нужно 2 кур.; прогноз 4.7 заказа/ч; окно afternoon: история 1.76, цикл 1.33; выбрано: историческая производительность; страховой запас 0%"
2,Кудринская,kfm,2026-09-28,16,16:00-17:00,high,afternoon,bike,2.33,9.72,9.97,12.3,24.6,1.84,1.76,1.33,1.76,1.0,2,history,location_shift_history,location_cycle_time,location_hour,location_hour,"Нужно 2 кур.; прогноз 2.3 заказа/ч; окно afternoon: история 1.76, цикл 1.33; выбрано: историческая производительность; страховой запас 0%"
2,Кудринская,kfm,2026-09-28,17,17:00-18:00,high,afternoon,bike,2.73,9.72,10.68,12.3,24.6,1.84,1.76,1.33,1.76,1.0,2,history,location_shift_history,location_cycle_time,location_hour,location_hour,"Нужно 2 кур.; прогноз 2.7 заказа/ч; окно afternoon: история 1.76, цикл 1.33; выбрано: историческая производительность; страховой запас 0%"
2,Кудринская,kfm,2026-09-28,18,18:00-19:00,high,dinner,bike,2.73,7.8,11.14,13.32,26.64,2.22,1.17,1.15,1.17,1.0,1,history,location_shift_history,location_cycle_time,location_hour,location_hour,"Нужно 1 кур.; прогноз 2.7 заказа/ч; окно dinner: история 1.17, цикл 1.15; выбрано: историческая производительность; страховой запас 0%"
2,Кудринская,kfm,2026-09-28,19,19:00-20:00,high,dinner,bike,2.73,7.8,12.05,13.32,26.64,2.22,1.17,1.15,1.17,1.0,1,history,location_shift_history,location_cycle_time,location_hour,location_hour,"Нужно 1 кур.; прогноз 2.7 заказа/ч; окно dinner: история 1.17, цикл 1.15; выбрано: историческая производительность; страховой запас 0%"
2,Кудринская,kfm,2026-09-28,20,20:00-21:00,high,dinner,bike,2.33,7.8,11.79,13.32,26.64,2.22,1.17,1.15,1.17,1.0,1,history,location_shift_history,location_cycle_time,location_hour,location_hour,"Нужно 1 кур.; прогноз 2.3 заказа/ч; окно dinner: история 1.17, цикл 1.15; выбрано: историческая производительность; страховой запас 0%"
2,Кудринская,kfm,2026-09-28,21,21:00-22:00,high,late_evening,bike,1.52,5.06,10.53,12.24,24.48,1.98,0.85,0.69,0.85,1.0,1,history,segment_shift_history,location_cycle_time,location_hour,location_hour,"Нужно 1 кур.; прогноз 1.5 заказа/ч; окно late_evening: история 0.85, цикл 0.69; выбрано: историческая производительность; страховой запас 0%"
2,Кудринская,kfm,2026-09-28,22,22:00-23:00,high,late_evening,bike,1.46,5.06,9.55,12.24,24.48,1.98,0.85,0.69,0.85,1.0,1,history,segment_shift_history,location_cycle_time,location_hour,location_hour,"Нужно 1 кур.; прогноз 1.5 заказа/ч; окно late_evening: история 0.85, цикл 0.69; выбрано: историческая производительность; страховой запас 0%"
2,Кудринская,kfm,2026-09-28,23,23:00-24:00,high,late_evening,bike,2.08,5.06,11.08,12.24,24.48,1.98,0.85,0.69,0.85,1.0,1,history,segment_shift_history,location_cycle_time,location_hour,location_hour,"Нужно 1 кур.; прогноз 2.1 заказа/ч; окно late_evening: история 0.85, цикл 0.69; выбрано: историческая производительность; страховой запас 0%"
20,Павлово,kfm,2026-09-28,8,08:00-09:00,medium,block_06_12,auto,0.35,6.9,12.01,16.99,33.98,1.47,0.78,0.65,0.78,1.0,1,history,segment_shift_history,location_cycle_time,location_hour,location_hour,"Нужно 1 кур.; прогноз 0.4 заказа/ч; окно block_06_12: история 0.78, цикл 0.65; выбрано: историческая производительность; страховой запас 0%"
20,Павлово,kfm,2026-09-28,9,09:00-10:00,medium,block_06_12,auto,1.53,6.9,12.61,16.99,33.98,1.47,0.78,0.65,0.78,1.0,1,history,segment_shift_history,location_cycle_time,location_hour,location_hour,"Нужно 1 кур.; прогноз 1.5 заказа/ч; окно block_06_12: история 0.78, цикл 0.65; выбрано: историческая производительность; страховой запас 0%"
20,Павлово,kfm,2026-09-28,10,10:00-11:00,medium,block_06_12,auto,2.12,6.9,13.95,16.99,33.98,1.47,0.78,0.65,0.78,1.0,1,history,segment_shift_history,location_cycle_time,location_hour,location_hour,"Нужно 1 кур.; прогноз 2.1 заказа/ч; окно block_06_12: история 0.78, цикл 0.65; выбрано: историческая производительность; страховой запас 0%"
20,Павлово,kfm,2026-09-28,11,11:00-12:00,medium,block_06_12,auto,2.89,6.9,12.85,16.99,33.98,1.47,0.78,0.65,0.78,1.0,1,history,segment_shift_history,location_cycle_time,location_hour,location_hour,"Нужно 1 кур.; прогноз 2.9 заказа/ч; окно block_06_12: история 0.78, цикл 0.65; выбрано: историческая производительность; страховой запас 0%"
20,Павлово,kfm,2026-09-28,12,12:00-13:00,medium,block_12_18,auto,2.21,8.32,18.59,28.51,57.02,1.05,1.32,1.32,1.32,1.0,2,history,location_shift_history,location_cycle_time,location_hour,location_hour,"Нужно 2 кур.; прогноз 2.2 заказа/ч; окно block_12_18: история 1.32, цикл 1.32; выбрано: историческая производительность; страховой запас 0%"
20,Павлово,kfm,2026-09-28,13,13:00-14:00,medium,block_12_18,auto,1.2,8.32,19.77,28.51,57.02,1.05,1.32,1.32,1.32,1.0,2,history,location_shift_history,location_cycle_time,location_hour,location_hour,"Нужно 2 кур.; прогноз 1.2 заказа/ч; окно block_12_18: история 1.32, цикл 1.32; выбрано: историческая производительность; страховой запас 0%"
20,Павлово,kfm,2026-09-28,14,14:00-15:00,medium,block_12_18,auto,1.73,8.32,23.25,28.51,57.02,1.05,1.32,1.32,1.32,1.0,2,history,location_shift_history,location_cycle_time,location_hour,location_hour,"Нужно 2 кур.; прогноз 1.7 заказа/ч; окно block_12_18: история 1.32, цикл 1.32; выбрано: историческая производительность; страховой запас 0%"
20,Павлово,kfm,2026-09-28,15,15:00-16:00,medium,block_12_18,auto,0.84,8.32,29.67,28.51,57.02,1.05,1.32,1.32,1.32,1.0,2,history,location_shift_history,location_cycle_time,location_hour,location_hour,"Нужно 2 кур.; прогноз 0.8 заказа/ч; окно block_12_18: история 1.32, цикл 1.32; выбрано: историческая производительность; страховой запас 0%"
20,Павлово,kfm,2026-09-28,16,16:00-17:00,medium,block_12_18,auto,1.02,8.32,19.2,28.51,57.02,1.05,1.32,1.32,1.32,1.0,2,history,location_shift_history,location_cycle_time,location_hour,location_hour,"Нужно 2 кур.; прогноз 1.0 заказа/ч; окно block_12_18: история 1.32, цикл 1.32; выбрано: историческая производительность; страховой запас 0%"
20,Павлово,kfm,2026-09-28,17,17:00-18:00,medium,block_12_18,auto,1.33,8.32,24.86,28.51,57.02,1.05,1.32,1.32,1.32,1.0,2,history,location_shift_history,location_cycle_time,location_hour,location_hour,"Нужно 2 кур.; прогноз 1.3 заказа/ч; окно block_12_18: история 1.32, цикл 1.32; выбрано: историческая производительность; страховой запас 0%"
20,Павлово,kfm,2026-09-28,18,18:00-19:00,medium,block_18_24,auto,2.7,7.31,26.05,27.17,54.34,1.69,0.72,1.1,1.1,1.0,1,cycle_time,segment_shift_history,location_cycle_time,location_hour,location_hour,"Нужно 1 кур.; прогноз 2.7 заказа/ч; окно block_18_24: история 0.72, цикл 1.10; выбрано: время полного цикла доставки; страховой запас 0%"
20,Павлово,kfm,2026-09-28,19,19:00-20:00,medium,block_18_24,auto,1.78,7.31,21.04,27.17,54.34,1.69,0.72,1.1,1.1,1.0,1,cycle_time,segment_shift_history,location_cycle_time,location_hour,location_hour,"Нужно 1 кур.; прогноз 1.8 заказа/ч; окно block_18_24: история 0.72, цикл 1.10; выбрано: время полного цикла доставки; страховой запас 0%"
20,Павлово,kfm,2026-09-28,20,20:00-21:00,medium,block_18_24,auto,1.52,7.31,15.31,27.17,54.34,1.69,0.72,1.1,1.1,1.0,1,cycle_time,segment_shift_history,location_cycle_time,location_hour,location_hour,"Нужно 1 кур.; прогноз 1.5 заказа/ч; окно block_18_24: история 0.72, цикл 1.10; выбрано: время полного цикла доставки; страховой запас 0%"
20,Павлово,kfm,2026-09-28,21,21:00-22:00,medium,block_18_24,auto,1.19,7.31,24.08,27.17,54.34,1.69,0.72,1.1,1.1,1.0,1,cycle_time,segment_shift_history,location_cycle_time,location_hour,location_hour,"Нужно 1 кур.; прогноз 1.2 заказа/ч; окно block_18_24: история 0.72, цикл 1.10; выбрано: время полного цикла доставки; страховой запас 0%"
21,Горки-2,kfm,2026-09-28,8,08:00-09:00,high,early_morning,auto,2.55,2.55,17.08,20.52,41.04,1.45,1.76,1.74,1.76,1.0,2,history,segment_shift_history,location_cycle_time,location_hour,location_hour,"Нужно 2 кур.; прогноз 2.6 заказа/ч; окно early_morning: история 1.76, цикл 1.74; выбрано: историческая производительность; страховой запас 0%"
21,Горки-2,kfm,2026-09-28,9,09:00-10:00,high,morning,auto,3.84,8.57,18.06,20.67,41.34,1.12,3.82,2.95,3.82,1.0,4,history,location_shift_history,location_cycle_time,location_hour,location_hour,"Нужно 4 кур.; прогноз 3.8 заказа/ч; окно morning: история 3.82, цикл 2.95; выбрано: историческая производительность; страховой запас 0%"
21,Горки-2,kfm,2026-09-28,10,10:00-11:00,high,morning,auto,4.73,8.57,17.65,20.67,41.34,1.12,3.82,2.95,3.82,1.0,4,history,location_shift_history,location_cycle_time,location_hour,location_hour,"Нужно 4 кур.; прогноз 4.7 заказа/ч; окно morning: история 3.82, цикл 2.95; выбрано: историческая производительность; страховой запас 0%"
21,Горки-2,kfm,2026-09-28,11,11:00-12:00,high,lunch,auto,4.52,15.35,19.67,23.69,47.38,0.99,3.88,3.03,3.88,1.0,4,history,location_shift_history,location_cycle_time,location_hour,location_hour,"Нужно 4 кур.; прогноз 4.5 заказа/ч; окно lunch: история 3.88, цикл 3.03; выбрано: историческая производительность; страховой запас 0%"
21,Горки-2,kfm,2026-09-28,12,12:00-13:00,high,lunch,auto,3.52,15.35,23.03,23.69,47.38,0.99,3.88,3.03,3.88,1.0,4,history,location_shift_history,location_cycle_time,location_hour,location_hour,"Нужно 4 кур.; прогноз 3.5 заказа/ч; окно lunch: история 3.88, цикл 3.03; выбрано: историческая производительность; страховой запас 0%"
21,Горки-2,kfm,2026-09-28,13,13:00-14:00,high,lunch,auto,4.04,15.35,19.1,23.69,47.38,0.99,3.88,3.03,3.88,1.0,4,history,location_shift_history,location_cycle_time,location_hour,location_hour,"Нужно 4 кур.; прогноз 4.0 заказа/ч; окно lunch: история 3.88, цикл 3.03; выбрано: историческая производительность; страховой запас 0%"
21,Горки-2,kfm,2026-09-28,14,14:00-15:00,high,lunch,auto,3.26,15.35,19.23,23.69,47.38,0.99,3.88,3.03,3.88,1.0,4,history,location_shift_history,location_cycle_time,location_hour,location_hour,"Нужно 4 кур.; прогноз 3.3 заказа/ч; окно lunch: история 3.88, цикл 3.03; выбрано: историческая производительность; страховой запас 0%"
21,Горки-2,kfm,2026-09-28,15,15:00-16:00,high,afternoon,auto,3.61,9.68,20.64,24.9,49.8,0.9,3.59,2.68,3.59,1.0,4,history,location_shift_history,location_cycle_time,location_hour,location_hour,"Нужно 4 кур.; прогноз 3.6 заказа/ч; окно afternoon: история 3.59, цикл 2.68; выбрано: историческая производительность; страховой запас 0%"
21,Горки-2,kfm,2026-09-28,16,16:00-17:00,high,afternoon,auto,3.17,9.68,22.44,24.9,49.8,0.9,3.59,2.68,3.59,1.0,4,history,location_shift_history,location_cycle_time,location_hour,location_hour,"Нужно 4 кур.; прогноз 3.2 заказа/ч; окно afternoon: история 3.59, цикл 2.68; выбрано: историческая производительность; страховой запас 0%"
21,Горки-2,kfm,2026-09-28,17,17:00-18:00,high,afternoon,auto,2.9,9.68,23.89,24.9,49.8,0.9,3.59,2.68,3.59,1.0,4,history,location_shift_history,location_cycle_time,location_hour,location_hour,"Нужно 4 кур.; прогноз 2.9 заказа/ч; окно afternoon: история 3.59, цикл 2.68; выбрано: историческая производительность; страховой запас 0%"
21,Горки-2,kfm,2026-09-28,18,18:00-19:00,high,dinner,auto,4.06,11.08,21.96,25.12,50.24,1.22,3.02,3.09,3.09,1.0,3,cycle_time,location_shift_history,location_cycle_time,location_hour,location_hour,"Нужно 3 кур.; прогноз 4.1 заказа/ч; окно dinner: история 3.02, цикл 3.09; выбрано: время полного цикла доставки; страховой запас 0%"
21,Горки-2,kfm,2026-09-28,19,19:00-20:00,high,dinner,auto,3.84,11.08,21.17,25.12,50.24,1.22,3.02,3.09,3.09,1.0,3,cycle_time,location_shift_history,location_cycle_time,location_hour,location_hour,"Нужно 3 кур.; прогноз 3.8 заказа/ч; окно dinner: история 3.02, цикл 3.09; выбрано: время полного цикла доставки; страховой запас 0%"
21,Горки-2,kfm,2026-09-28,20,20:00-21:00,high,dinner,auto,3.18,11.08,22.8,25.12,50.24,1.22,3.02,3.09,3.09,1.0,3,cycle_time,location_shift_history,location_cycle_time,location_hour,location_hour,"Нужно 3 кур.; прогноз 3.2 заказа/ч; окно dinner: история 3.02, цикл 3.09; выбрано: время полного цикла доставки; страховой запас 0%"
21,Горки-2,kfm,2026-09-28,21,21:00-22:00,high,late_evening,auto,1.87,6.06,23.05,20.71,41.42,1.48,1.36,1.39,1.39,1.0,1,cycle_time,location_shift_history,location_cycle_time,location_hour,location_hour,"Нужно 1 кур.; прогноз 1.9 заказа/ч; окно late_evening: история 1.36, цикл 1.39; выбрано: время полного цикла доставки; страховой запас 0%"
21,Горки-2,kfm,2026-09-28,22,22:00-23:00,high,late_evening,auto,1.71,6.06,0.4,20.71,41.42,1.48,1.36,1.39,1.39,1.0,1,cycle_time,location_shift_history,location_cycle_time,location_hour,location_hour,"Нужно 1 кур.; прогноз 1.7 заказа/ч; окно late_evening: история 1.36, цикл 1.39; выбрано: время полного цикла доставки; страховой запас 0%"
22,Жажда Крови,kfm,2026-09-28,13,13:00-14:00,low,block_12_18,auto,0.08,0.24,24.19,31.89,63.79,1.3,0.0,0.0,0.0,1.0,0,history,time_segment_shift_history,segment_cycle_time,location_hour,location_hour,"Нужно 0 кур.; прогноз 0.1 заказа/ч; окно block_12_18: история 0.00, цикл 0.00; выбрано: историческая производительность; страховой запас 0%"
22,Жажда Крови,kfm,2026-09-28,15,15:00-16:00,low,block_12_18,auto,0.08,0.24,20.7,31.89,63.79,1.3,0.0,0.0,0.0,1.0,0,history,time_segment_shift_history,segment_cycle_time,location_hour,location_hour,"Нужно 0 кур.; прогноз 0.1 заказа/ч; окно block_12_18: история 0.00, цикл 0.00; выбрано: историческая производительность; страховой запас 0%"
22,Жажда Крови,kfm,2026-09-28,17,17:00-18:00,low,block_12_18,auto,0.08,0.24,20.14,31.89,63.79,1.3,0.0,0.0,0.0,1.0,0,history,time_segment_shift_history,segment_cycle_time,location_hour,location_hour,"Нужно 0 кур.; прогноз 0.1 заказа/ч; окно block_12_18: история 0.00, цикл 0.00; выбрано: историческая производительность; страховой запас 0%"
22,Жажда Крови,kfm,2026-09-28,21,21:00-22:00,low,block_18_24,auto,0.07,0.18,23.97,32.87,65.74,1.71,0.0,0.0,0.0,1.0,0,history,time_segment_shift_history,segment_cycle_time,location_hour,location_hour,"Нужно 0 кур.; прогноз 0.1 заказа/ч; окно block_18_24: история 0.00, цикл 0.00; выбрано: историческая производительность; страховой запас 0%"
22,Жажда Крови,kfm,2026-09-28,22,22:00-23:00,low,block_18_24,auto,0.07,0.18,2.36,32.87,65.74,1.71,0.0,0.0,0.0,1.0,0,history,time_segment_shift_history,segment_cycle_time,location_hour,location_hour,"Нужно 0 кур.; прогноз 0.1 заказа/ч; окно block_18_24: история 0.00, цикл 0.00; выбрано: историческая производительность; страховой запас 0%"
22,Жажда Крови,kfm,2026-09-28,13,13:00-14:00,low,block_12_18,bike,0.04,0.12,10.39,13.37,26.74,2.95,0.0,0.0,0.0,1.0,0,history,time_segment_shift_history,segment_cycle_time,location_hour,global_hour,"Нужно 0 кур.; прогноз 0.0 заказа/ч; окно block_12_18: история 0.00, цикл 0.00; выбрано: историческая производительность; страховой запас 0%"
22,Жажда Крови,kfm,2026-09-28,15,15:00-16:00,low,block_12_18,bike,0.04,0.12,16.97,13.37,26.74,2.95,0.0,0.0,0.0,1.0,0,history,time_segment_shift_history,segment_cycle_time,location_hour,location_hour,"Нужно 0 кур.; прогноз 0.0 заказа/ч; окно block_12_18: история 0.00, цикл 0.00; выбрано: историческая производительность; страховой запас 0%"
22,Жажда Крови,kfm,2026-09-28,17,17:00-18:00,low,block_12_18,bike,0.04,0.12,5.32,13.37,26.74,2.95,0.0,0.0,0.0,1.0,0,history,time_segment_shift_history,segment_cycle_time,location_hour,location_hour,"Нужно 0 кур.; прогноз 0.0 заказа/ч; окно block_12_18: история 0.00, цикл 0.00; выбрано: историческая производительность; страховой запас 0%"
22,Жажда Крови,kfm,2026-09-28,21,21:00-22:00,low,block_18_24,bike,0.11,0.27,16.69,15.71,31.43,2.15,0.0,0.0,0.0,1.0,0,history,time_segment_shift_history,segment_cycle_time,location_hour,location_hour,"Нужно 0 кур.; прогноз 0.1 заказа/ч; окно block_18_24: история 0.00, цикл 0.00; выбрано: историческая производительность; страховой запас 0%"
22,Жажда Крови,kfm,2026-09-28,22,22:00-23:00,low,block_18_24,bike,0.11,0.27,7.66,15.71,31.43,2.15,0.0,0.0,0.0,1.0,0,history,time_segment_shift_history,segment_cycle_time,location_hour,location_hour,"Нужно 0 кур.; прогноз 0.1 заказа/ч; окно block_18_24: история 0.00, цикл 0.00; выбрано: историческая производительность; страховой запас 0%"
25,Весна,kfm,2026-09-28,8,08:00-09:00,medium,block_06_12,bike,1.88,12.15,8.33,10.53,21.06,2.94,0.69,0.71,0.71,1.0,1,cycle_time,segment_shift_history,location_cycle_time,location_hour,location_hour,"Нужно 1 кур.; прогноз 1.9 заказа/ч; окно block_06_12: история 0.69, цикл 0.71; выбрано: время полного цикла доставки; страховой запас 0%"
25,Весна,kfm,2026-09-28,9,09:00-10:00,medium,block_06_12,bike,3.03,12.15,8.58,10.53,21.06,2.94,0.69,0.71,0.71,1.0,1,cycle_time,segment_shift_history,location_cycle_time,location_hour,location_hour,"Нужно 1 кур.; прогноз 3.0 заказа/ч; окно block_06_12: история 0.69, цикл 0.71; выбрано: время полного цикла доставки; страховой запас 0%"
25,Весна,kfm,2026-09-28,10,10:00-11:00,medium,block_06_12,bike,3.21,12.15,10.14,10.53,21.06,2.94,0.69,0.71,0.71,1.0,1,cycle_time,segment_shift_history,location_cycle_time,location_hour,location_hour,"Нужно 1 кур.; прогноз 3.2 заказа/ч; окно block_06_12: история 0.69, цикл 0.71; выбрано: время полного цикла доставки; страховой запас 0%"
25,Весна,kfm,2026-09-28,11,11:00-12:00,medium,block_06_12,bike,4.04,12.15,9.91,10.53,21.06,2.94,0.69,0.71,0.71,1.0,1,cycle_time,segment_shift_history,location_cycle_time,location_hour,location_hour,"Нужно 1 кур.; прогноз 4.0 заказа/ч; окно block_06_12: история 0.69, цикл 0.71; выбрано: время полного цикла доставки; страховой запас 0%"
25,Весна,kfm,2026-09-28,12,12:00-13:00,medium,block_12_18,bike,4.34,18.54,9.46,11.64,23.28,2.26,1.37,1.2,1.37,1.0,1,history,location_shift_history,location_cycle_time,location_hour,location_hour,"Нужно 1 кур.; прогноз 4.3 заказа/ч; окно block_12_18: история 1.37, цикл 1.20; выбрано: историческая производительность; страховой запас 0%"
25,Весна,kfm,2026-09-28,13,13:00-14:00,medium,block_12_18,bike,3.44,18.54,10.57,11.64,23.28,2.26,1.37,1.2,1.37,1.0,1,history,location_shift_history,location_cycle_time,location_hour,location_hour,"Нужно 1 кур.; прогноз 3.4 заказа/ч; окно block_12_18: история 1.37, цикл 1.20; выбрано: историческая производительность; страховой запас 0%"
25,Весна,kfm,2026-09-28,14,14:00-15:00,medium,block_12_18,bike,4.15,18.54,9.98,11.64,23.28,2.26,1.37,1.2,1.37,1.0,1,history,location_shift_history,location_cycle_time,location_hour,location_hour,"Нужно 1 кур.; прогноз 4.1 заказа/ч; окно block_12_18: история 1.37, цикл 1.20; выбрано: историческая производительность; страховой запас 0%"
25,Весна,kfm,2026-09-28,15,15:00-16:00,medium,block_12_18,bike,2.46,18.54,11.2,11.64,23.28,2.26,1.37,1.2,1.37,1.0,1,history,location_shift_history,location_cycle_time,location_hour,location_hour,"Нужно 1 кур.; прогноз 2.5 заказа/ч; окно block_12_18: история 1.37, цикл 1.20; выбрано: историческая производительность; страховой запас 0%"
25,Весна,kfm,2026-09-28,16,16:00-17:00,medium,block_12_18,bike,2.14,18.54,10.14,11.64,23.28,2.26,1.37,1.2,1.37,1.0,1,history,location_shift_history,location_cycle_time,location_hour,location_hour,"Нужно 1 кур.; прогноз 2.1 заказа/ч; окно block_12_18: история 1.37, цикл 1.20; выбрано: историческая производительность; страховой запас 0%"
25,Весна,kfm,2026-09-28,17,17:00-18:00,medium,block_12_18,bike,2.01,18.54,9.86,11.64,23.28,2.26,1.37,1.2,1.37,1.0,1,history,location_shift_history,location_cycle_time,location_hour,location_hour,"Нужно 1 кур.; прогноз 2.0 заказа/ч; окно block_12_18: история 1.37, цикл 1.20; выбрано: историческая производительность; страховой запас 0%"
25,Весна,kfm,2026-09-28,18,18:00-19:00,medium,block_18_24,bike,1.72,7.4,12.43,12.54,25.08,2.16,0.57,0.52,0.57,1.0,1,history,segment_shift_history,location_cycle_time,location_hour,location_hour,"Нужно 1 кур.; прогноз 1.7 заказа/ч; окно block_18_24: история 0.57, цикл 0.52; выбрано: историческая производительность; страховой запас 0%"
25,Весна,kfm,2026-09-28,19,19:00-20:00,medium,block_18_24,bike,1.18,7.4,11.69,12.54,25.08,2.16,0.57,0.52,0.57,1.0,1,history,segment_shift_history,location_cycle_time,location_hour,location_hour,"Нужно 1 кур.; прогноз 1.2 заказа/ч; окно block_18_24: история 0.57, цикл 0.52; выбрано: историческая производительность; страховой запас 0%"
25,Весна,kfm,2026-09-28,20,20:00-21:00,medium,block_18_24,bike,1.36,7.4,10.06,12.54,25.08,2.16,0.57,0.52,0.57,1.0,1,history,segment_shift_history,location_cycle_time,location_hour,location_hour,"Нужно 1 кур.; прогноз 1.4 заказа/ч; окно block_18_24: история 0.57, цикл 0.52; выбрано: историческая производительность; страховой запас 0%"
25,Весна,kfm,2026-09-28,21,21:00-22:00,medium,block_18_24,bike,1.36,7.4,9.8,12.54,25.08,2.16,0.57,0.52,0.57,1.0,1,history,segment_shift_history,location_cycle_time,location_hour,location_hour,"Нужно 1 кур.; прогноз 1.4 заказа/ч; окно block_18_24: история 0.57, цикл 0.52; выбрано: историческая производительность; страховой запас 0%"
25,Весна,kfm,2026-09-28,22,22:00-23:00,medium,block_18_24,bike,1.13,7.4,10.02,12.54,25.08,2.16,0.57,0.52,0.57,1.0,1,history,segment_shift_history,location_cycle_time,location_hour,location_hour,"Нужно 1 кур.; прогноз 1.1 заказа/ч; окно block_18_24: история 0.57, цикл 0.52; выбрано: историческая производительность; страховой запас 0%"
25,Весна,kfm,2026-09-28,23,23:00-24:00,medium,block_18_24,bike,0.64,7.4,13.09,12.54,25.08,2.16,0.57,0.52,0.57,1.0,1,history,segment_shift_history,location_cycle_time,location_hour,location_hour,"Нужно 1 кур.; прогноз 0.6 заказа/ч; окно block_18_24: история 0.57, цикл 0.52; выбрано: историческая производительность; страховой запас 0%"
26,Тверская,kfm,2026-09-28,8,08:00-09:00,medium,block_06_12,bike,2.2,10.36,7.76,8.98,17.96,2.94,0.59,0.52,0.59,1.0,1,history,segment_shift_history,location_cycle_time,location_hour,location_hour,"Нужно 1 кур.; прогноз 2.2 заказа/ч; окно block_06_12: история 0.59, цикл 0.52; выбрано: историческая производительность; страховой запас 0%"
26,Тверская,kfm,2026-09-28,9,09:00-10:00,medium,block_06_12,bike,2.85,10.36,7.95,8.98,17.96,2.94,0.59,0.52,0.59,1.0,1,history,segment_shift_history,location_cycle_time,location_hour,location_hour,"Нужно 1 кур.; прогноз 2.9 заказа/ч; окно block_06_12: история 0.59, цикл 0.52; выбрано: историческая производительность; страховой запас 0%"
26,Тверская,kfm,2026-09-28,10,10:00-11:00,medium,block_06_12,bike,2.7,10.36,7.79,8.98,17.96,2.94,0.59,0.52,0.59,1.0,1,history,segment_shift_history,location_cycle_time,location_hour,location_hour,"Нужно 1 кур.; прогноз 2.7 заказа/ч; окно block_06_12: история 0.59, цикл 0.52; выбрано: историческая производительность; страховой запас 0%"
26,Тверская,kfm,2026-09-28,11,11:00-12:00,medium,block_06_12,bike,2.55,10.36,7.55,8.98,17.96,2.94,0.59,0.52,0.59,1.0,1,history,segment_shift_history,location_cycle_time,location_hour,location_hour,"Нужно 1 кур.; прогноз 2.6 заказа/ч; окно block_06_12: история 0.59, цикл 0.52; выбрано: историческая производительность; страховой запас 0%"
26,Тверская,kfm,2026-09-28,12,12:00-13:00,medium,block_12_18,bike,2.75,16.04,8.02,9.54,19.08,2.95,0.91,0.85,0.91,1.0,1,history,segment_shift_history,location_cycle_time,location_hour,location_hour,"Нужно 1 кур.; прогноз 2.8 заказа/ч; окно block_12_18: история 0.91, цикл 0.85; выбрано: историческая производительность; страховой запас 0%"
26,Тверская,kfm,2026-09-28,13,13:00-14:00,medium,block_12_18,bike,3.65,16.04,8.29,9.54,19.08,2.95,0.91,0.85,0.91,1.0,1,history,segment_shift_history,location_cycle_time,location_hour,location_hour,"Нужно 1 кур.; прогноз 3.7 заказа/ч; окно block_12_18: история 0.91, цикл 0.85; выбрано: историческая производительность; страховой запас 0%"
26,Тверская,kfm,2026-09-28,14,14:00-15:00,medium,block_12_18,bike,3.55,16.04,8.83,9.54,19.08,2.95,0.91,0.85,0.91,1.0,1,history,segment_shift_history,location_cycle_time,location_hour,location_hour,"Нужно 1 кур.; прогноз 3.5 заказа/ч; окно block_12_18: история 0.91, цикл 0.85; выбрано: историческая производительность; страховой запас 0%"
26,Тверская,kfm,2026-09-28,15,15:00-16:00,medium,block_12_18,bike,2.81,16.04,8.76,9.54,19.08,2.95,0.91,0.85,0.91,1.0,1,history,segment_shift_history,location_cycle_time,location_hour,location_hour,"Нужно 1 кур.; прогноз 2.8 заказа/ч; окно block_12_18: история 0.91, цикл 0.85; выбрано: историческая производительность; страховой запас 0%"
26,Тверская,kfm,2026-09-28,16,16:00-17:00,medium,block_12_18,bike,1.85,16.04,8.76,9.54,19.08,2.95,0.91,0.85,0.91,1.0,1,history,segment_shift_history,location_cycle_time,location_hour,location_hour,"Нужно 1 кур.; прогноз 1.9 заказа/ч; окно block_12_18: история 0.91, цикл 0.85; выбрано: историческая производительность; страховой запас 0%"
26,Тверская,kfm,2026-09-28,17,17:00-18:00,medium,block_12_18,bike,1.43,16.04,9.03,9.54,19.08,2.95,0.91,0.85,0.91,1.0,1,history,segment_shift_history,location_cycle_time,location_hour,location_hour,"Нужно 1 кур.; прогноз 1.4 заказа/ч; окно block_12_18: история 0.91, цикл 0.85; выбрано: историческая производительность; страховой запас 0%"
26,Тверская,kfm,2026-09-28,18,18:00-19:00,medium,block_18_24,bike,1.58,7.62,8.1,9.19,18.38,2.16,0.59,0.39,0.59,1.0,1,history,segment_shift_history,location_cycle_time,location_hour,location_hour,"Нужно 1 кур.; прогноз 1.6 заказа/ч; окно block_18_24: история 0.59, цикл 0.39; выбрано: историческая производительность; страховой запас 0%"
26,Тверская,kfm,2026-09-28,19,19:00-20:00,medium,block_18_24,bike,1.38,7.62,8.48,9.19,18.38,2.16,0.59,0.39,0.59,1.0,1,history,segment_shift_history,location_cycle_time,location_hour,location_hour,"Нужно 1 кур.; прогноз 1.4 заказа/ч; окно block_18_24: история 0.59, цикл 0.39; выбрано: историческая производительность; страховой запас 0%"
26,Тверская,kfm,2026-09-28,20,20:00-21:00,medium,block_18_24,bike,2.43,7.62,8.43,9.19,18.38,2.16,0.59,0.39,0.59,1.0,1,history,segment_shift_history,location_cycle_time,location_hour,location_hour,"Нужно 1 кур.; прогноз 2.4 заказа/ч; окно block_18_24: история 0.59, цикл 0.39; выбрано: историческая производительность; страховой запас 0%"
26,Тверская,kfm,2026-09-28,21,21:00-22:00,medium,block_18_24,bike,1.71,7.62,7.68,9.19,18.38,2.16,0.59,0.39,0.59,1.0,1,history,segment_shift_history,location_cycle_time,location_hour,location_hour,"Нужно 1 кур.; прогноз 1.7 заказа/ч; окно block_18_24: история 0.59, цикл 0.39; выбрано: историческая производительность; страховой запас 0%"
26,Тверская,kfm,2026-09-28,22,22:00-23:00,medium,block_18_24,bike,0.53,7.62,7.66,9.19,18.38,2.16,0.59,0.39,0.59,1.0,1,history,segment_shift_history,location_cycle_time,location_hour,location_hour,"Нужно 1 кур.; прогноз 0.5 заказа/ч; окно block_18_24: история 0.59, цикл 0.39; выбрано: историческая производительность; страховой запас 0%"
27,4 Ветра,kfm,2026-09-28,8,08:00-09:00,medium,block_06_12,bike,0.19,1.02,10.4,10.53,21.06,2.94,0.06,0.06,0.06,1.0,0,cycle_time,segment_shift_history,segment_cycle_time,global_hour,global_hour,"Нужно 0 кур.; прогноз 0.2 заказа/ч; окно block_06_12: история 0.06, цикл 0.06; выбрано: время полного цикла доставки; страховой запас 0%"
27,4 Ветра,kfm,2026-09-28,9,09:00-10:00,medium,block_06_12,bike,0.23,1.02,10.37,10.53,21.06,2.94,0.06,0.06,0.06,1.0,0,cycle_time,segment_shift_history,segment_cycle_time,global_hour,global_hour,"Нужно 0 кур.; прогноз 0.2 заказа/ч; окно block_06_12: история 0.06, цикл 0.06; выбрано: время полного цикла доставки; страховой запас 0%"
27,4 Ветра,kfm,2026-09-28,10,10:00-11:00,medium,block_06_12,bike,0.24,1.02,10.11,10.53,21.06,2.94,0.06,0.06,0.06,1.0,0,cycle_time,segment_shift_history,segment_cycle_time,global_hour,global_hour,"Нужно 0 кур.; прогноз 0.2 заказа/ч; окно block_06_12: история 0.06, цикл 0.06; выбрано: время полного цикла доставки; страховой запас 0%"
27,4 Ветра,kfm,2026-09-28,11,11:00-12:00,medium,block_06_12,bike,0.26,1.02,10.41,10.53,21.06,2.94,0.06,0.06,0.06,1.0,0,cycle_time,segment_shift_history,segment_cycle_time,global_hour,global_hour,"Нужно 0 кур.; прогноз 0.3 заказа/ч; окно block_06_12: история 0.06, цикл 0.06; выбрано: время полного цикла доставки; страховой запас 0%"
27,4 Ветра,kfm,2026-09-28,12,12:00-13:00,medium,block_12_18,bike,0.27,1.28,10.37,11.2,22.4,2.95,0.07,0.08,0.08,1.0,0,cycle_time,segment_shift_history,segment_cycle_time,global_hour,global_hour,"Нужно 0 кур.; прогноз 0.3 заказа/ч; окно block_12_18: история 0.07, цикл 0.08; выбрано: время полного цикла доставки; страховой запас 0%"
27,4 Ветра,kfm,2026-09-28,13,13:00-14:00,medium,block_12_18,bike,0.26,1.28,10.39,11.2,22.4,2.95,0.07,0.08,0.08,1.0,0,cycle_time,segment_shift_history,segment_cycle_time,global_hour,global_hour,"Нужно 0 кур.; прогноз 0.3 заказа/ч; окно block_12_18: история 0.07, цикл 0.08; выбрано: время полного цикла доставки; страховой запас 0%"
27,4 Ветра,kfm,2026-09-28,14,14:00-15:00,medium,block_12_18,bike,0.23,1.28,10.2,11.2,22.4,2.95,0.07,0.08,0.08,1.0,0,cycle_time,segment_shift_history,segment_cycle_time,global_hour,global_hour,"Нужно 0 кур.; прогноз 0.2 заказа/ч; окно block_12_18: история 0.07, цикл 0.08; выбрано: время полного цикла доставки; страховой запас 0%"
27,4 Ветра,kfm,2026-09-28,15,15:00-16:00,medium,block_12_18,bike,0.2,1.28,10.75,11.2,22.4,2.95,0.07,0.08,0.08,1.0,0,cycle_time,segment_shift_history,segment_cycle_time,global_hour,global_hour,"Нужно 0 кур.; прогноз 0.2 заказа/ч; окно block_12_18: история 0.07, цикл 0.08; выбрано: время полного цикла доставки; страховой запас 0%"
27,4 Ветра,kfm,2026-09-28,16,16:00-17:00,medium,block_12_18,bike,0.16,1.28,11.02,11.2,22.4,2.95,0.07,0.08,0.08,1.0,0,cycle_time,segment_shift_history,segment_cycle_time,global_hour,global_hour,"Нужно 0 кур.; прогноз 0.2 заказа/ч; окно block_12_18: история 0.07, цикл 0.08; выбрано: время полного цикла доставки; страховой запас 0%"
27,4 Ветра,kfm,2026-09-28,17,17:00-18:00,medium,block_12_18,bike,0.16,1.28,10.83,11.2,22.4,2.95,0.07,0.08,0.08,1.0,0,cycle_time,segment_shift_history,segment_cycle_time,global_hour,global_hour,"Нужно 0 кур.; прогноз 0.2 заказа/ч; окно block_12_18: история 0.07, цикл 0.08; выбрано: время полного цикла доставки; страховой запас 0%"
27,4 Ветра,kfm,2026-09-28,18,18:00-19:00,medium,block_18_24,bike,0.23,0.98,11.1,10.77,21.54,2.16,0.08,0.06,0.08,1.0,0,history,segment_shift_history,segment_cycle_time,global_hour,global_hour,"Нужно 0 кур.; прогноз 0.2 заказа/ч; окно block_18_24: история 0.08, цикл 0.06; выбрано: историческая производительность; страховой запас 0%"
27,4 Ветра,kfm,2026-09-28,19,19:00-20:00,medium,block_18_24,bike,0.23,0.98,10.71,10.77,21.54,2.16,0.08,0.06,0.08,1.0,0,history,segment_shift_history,segment_cycle_time,global_hour,global_hour,"Нужно 0 кур.; прогноз 0.2 заказа/ч; окно block_18_24: история 0.08, цикл 0.06; выбрано: историческая производительность; страховой запас 0%"
27,4 Ветра,kfm,2026-09-28,20,20:00-21:00,medium,block_18_24,bike,0.21,0.98,10.4,10.77,21.54,2.16,0.08,0.06,0.08,1.0,0,history,segment_shift_history,segment_cycle_time,global_hour,global_hour,"Нужно 0 кур.; прогноз 0.2 заказа/ч; окно block_18_24: история 0.08, цикл 0.06; выбрано: историческая производительность; страховой запас 0%"
27,4 Ветра,kfm,2026-09-28,21,21:00-22:00,medium,block_18_24,bike,0.16,0.98,9.94,10.77,21.54,2.16,0.08,0.06,0.08,1.0,0,history,segment_shift_history,segment_cycle_time,global_hour,global_hour,"Нужно 0 кур.; прогноз 0.2 заказа/ч; окно block_18_24: история 0.08, цикл 0.06; выбрано: историческая производительность; страховой запас 0%"
27,4 Ветра,kfm,2026-09-28,22,22:00-23:00,medium,block_18_24,bike,0.09,0.98,9.8,10.77,21.54,2.16,0.08,0.06,0.08,1.0,0,history,segment_shift_history,segment_cycle_time,global_hour,global_hour,"Нужно 0 кур.; прогноз 0.1 заказа/ч; окно block_18_24: история 0.08, цикл 0.06; выбрано: историческая производительность; страховой запас 0%"
28,Гранд,kfm,2026-09-28,8,08:00-09:00,low,block_06_12,bike,0.07,0.37,10.4,11.11,22.21,2.94,0.0,0.0,0.0,1.0,0,history,time_segment_shift_history,segment_cycle_time,global_hour,global_hour,"Нужно 0 кур.; прогноз 0.1 заказа/ч; окно block_06_12: история 0.00, цикл 0.00; выбрано: историческая производительность; страховой запас 0%"
28,Гранд,kfm,2026-09-28,9,09:00-10:00,low,block_06_12,bike,0.08,0.37,10.37,11.11,22.21,2.94,0.0,0.0,0.0,1.0,0,history,time_segment_shift_history,segment_cycle_time,global_hour,global_hour,"Нужно 0 кур.; прогноз 0.1 заказа/ч; окно block_06_12: история 0.00, цикл 0.00; выбрано: историческая производительность; страховой запас 0%"
28,Гранд,kfm,2026-09-28,10,10:00-11:00,low,block_06_12,bike,0.09,0.37,10.11,11.11,22.21,2.94,0.0,0.0,0.0,1.0,0,history,time_segment_shift_history,segment_cycle_time,global_hour,global_hour,"Нужно 0 кур.; прогноз 0.1 заказа/ч; окно block_06_12: история 0.00, цикл 0.00; выбрано: историческая производительность; страховой запас 0%"
28,Гранд,kfm,2026-09-28,11,11:00-12:00,low,block_06_12,bike,0.09,0.37,10.41,11.11,22.21,2.94,0.0,0.0,0.0,1.0,0,history,time_segment_shift_history,segment_cycle_time,global_hour,global_hour,"Нужно 0 кур.; прогноз 0.1 заказа/ч; окно block_06_12: история 0.00, цикл 0.00; выбрано: историческая производительность; страховой запас 0%"
28,Гранд,kfm,2026-09-28,12,12:00-13:00,low,block_12_18,bike,0.14,0.67,10.37,13.37,26.74,2.95,0.04,0.05,0.05,1.0,0,cycle_time,time_segment_shift_history,segment_cycle_time,global_hour,global_hour,"Нужно 0 кур.; прогноз 0.1 заказа/ч; окно block_12_18: история 0.04, цикл 0.05; выбрано: время полного цикла доставки; страховой запас 0%"
28,Гранд,kfm,2026-09-28,13,13:00-14:00,low,block_12_18,bike,0.14,0.67,10.39,13.37,26.74,2.95,0.04,0.05,0.05,1.0,0,cycle_time,time_segment_shift_history,segment_cycle_time,global_hour,global_hour,"Нужно 0 кур.; прогноз 0.1 заказа/ч; окно block_12_18: история 0.04, цикл 0.05; выбрано: время полного цикла доставки; страховой запас 0%"
28,Гранд,kfm,2026-09-28,14,14:00-15:00,low,block_12_18,bike,0.12,0.67,10.2,13.37,26.74,2.95,0.04,0.05,0.05,1.0,0,cycle_time,time_segment_shift_history,segment_cycle_time,global_hour,global_hour,"Нужно 0 кур.; прогноз 0.1 заказа/ч; окно block_12_18: история 0.04, цикл 0.05; выбрано: время полного цикла доставки; страховой запас 0%"
28,Гранд,kfm,2026-09-28,15,15:00-16:00,low,block_12_18,bike,0.1,0.67,10.75,13.37,26.74,2.95,0.04,0.05,0.05,1.0,0,cycle_time,time_segment_shift_history,segment_cycle_time,global_hour,global_hour,"Нужно 0 кур.; прогноз 0.1 заказа/ч; окно block_12_18: история 0.04, цикл 0.05; выбрано: время полного цикла доставки; страховой запас 0%"
28,Гранд,kfm,2026-09-28,16,16:00-17:00,low,block_12_18,bike,0.08,0.67,11.02,13.37,26.74,2.95,0.04,0.05,0.05,1.0,0,cycle_time,time_segment_shift_history,segment_cycle_time,global_hour,global_hour,"Нужно 0 кур.; прогноз 0.1 заказа/ч; окно block_12_18: история 0.04, цикл 0.05; выбрано: время полного цикла доставки; страховой запас 0%"
28,Гранд,kfm,2026-09-28,17,17:00-18:00,low,block_12_18,bike,0.08,0.67,10.83,13.37,26.74,2.95,0.04,0.05,0.05,1.0,0,cycle_time,time_segment_shift_history,segment_cycle_time,global_hour,global_hour,"Нужно 0 кур.; прогноз 0.1 заказа/ч; окно block_12_18: история 0.04, цикл 0.05; выбрано: время полного цикла доставки; страховой запас 0%"
28,Гранд,kfm,2026-09-28,18,18:00-19:00,low,block_18_24,bike,0.08,0.35,11.1,15.71,31.43,2.15,0.0,0.0,0.0,1.0,0,history,time_segment_shift_history,segment_cycle_time,global_hour,global_hour,"Нужно 0 кур.; прогноз 0.1 заказа/ч; окно block_18_24: история 0.00, цикл 0.00; выбрано: историческая производительность; страховой запас 0%"
28,Гранд,kfm,2026-09-28,19,19:00-20:00,low,block_18_24,bike,0.08,0.35,10.71,15.71,31.43,2.15,0.0,0.0,0.0,1.0,0,history,time_segment_shift_history,segment_cycle_time,global_hour,global_hour,"Нужно 0 кур.; прогноз 0.1 заказа/ч; окно block_18_24: история 0.00, цикл 0.00; выбрано: историческая производительность; страховой запас 0%"
28,Гранд,kfm,2026-09-28,20,20:00-21:00,low,block_18_24,bike,0.08,0.35,10.4,15.71,31.43,2.15,0.0,0.0,0.0,1.0,0,history,time_segment_shift_history,segment_cycle_time,global_hour,global_hour,"Нужно 0 кур.; прогноз 0.1 заказа/ч; окно block_18_24: история 0.00, цикл 0.00; выбрано: историческая производительность; страховой запас 0%"
28,Гранд,kfm,2026-09-28,21,21:00-22:00,low,block_18_24,bike,0.06,0.35,9.94,15.71,31.43,2.15,0.0,0.0,0.0,1.0,0,history,time_segment_shift_history,segment_cycle_time,global_hour,global_hour,"Нужно 0 кур.; прогноз 0.1 заказа/ч; окно block_18_24: история 0.00, цикл 0.00; выбрано: историческая производительность; страховой запас 0%"
28,Гранд,kfm,2026-09-28,22,22:00-23:00,low,block_18_24,bike,0.03,0.35,9.8,15.71,31.43,2.15,0.0,0.0,0.0,1.0,0,history,time_segment_shift_history,segment_cycle_time,global_hour,global_hour,"Нужно 0 кур.; прогноз 0.0 заказа/ч; окно block_18_24: история 0.00, цикл 0.00; выбрано: историческая производительность; страховой запас 0%"
29,Украинский,kfm,2026-09-28,7,07:00-08:00,mega,opening,auto,7.1,7.34,22.78,25.64,51.28,1.42,2.59,3.14,3.14,1.0,3,cycle_time,location_shift_history,location_cycle_time,location_hour,location_hour,"Нужно 3 кур.; прогноз 7.1 заказа/ч; окно opening: история 2.59, цикл 3.14; выбрано: время полного цикла доставки; страховой запас 0%"
29,Украинский,kfm,2026-09-28,8,08:00-09:00,mega,early_morning,auto,6.17,6.17,22.08,25.12,50.24,1.3,4.75,5.17,5.17,1.0,5,cycle_time,location_shift_history,location_cycle_time,location_hour,location_hour,"Нужно 5 кур.; прогноз 6.2 заказа/ч; окно early_morning: история 4.75, цикл 5.17; выбрано: время полного цикла доставки; страховой запас 0%"
29,Украинский,kfm,2026-09-28,9,09:00-10:00,mega,morning,auto,6.56,13.88,20.8,24.66,49.32,0.93,7.48,5.7,7.48,1.0,7,history,location_shift_history,location_cycle_time,location_hour,location_hour,"Нужно 7 кур.; прогноз 6.6 заказа/ч; окно morning: история 7.48, цикл 5.70; выбрано: историческая производительность; страховой запас 0%"
29,Украинский,kfm,2026-09-28,10,10:00-11:00,mega,morning,auto,7.32,13.88,21.97,24.66,49.32,0.93,7.48,5.7,7.48,1.0,7,history,location_shift_history,location_cycle_time,location_hour,location_hour,"Нужно 7 кур.; прогноз 7.3 заказа/ч; окно morning: история 7.48, цикл 5.70; выбрано: историческая производительность; страховой запас 0%"
29,Украинский,kfm,2026-09-28,11,11:00-12:00,mega,lunch,auto,7.61,26.58,21.72,26.7,53.4,0.93,7.13,5.91,7.13,1.0,7,history,location_shift_history,location_cycle_time,location_hour,location_hour,"Нужно 7 кур.; прогноз 7.6 заказа/ч; окно lunch: история 7.13, цикл 5.91; выбрано: историческая производительность; страховой запас 0%"
29,Украинский,kfm,2026-09-28,12,12:00-13:00,mega,lunch,auto,7.57,26.58,21.93,26.7,53.4,0.93,7.13,5.91,7.13,1.0,7,history,location_shift_history,location_cycle_time,location_hour,location_hour,"Нужно 7 кур.; прогноз 7.6 заказа/ч; окно lunch: история 7.13, цикл 5.91; выбрано: историческая производительность; страховой запас 0%"
29,Украинский,kfm,2026-09-28,13,13:00-14:00,mega,lunch,auto,6.23,26.58,23.36,26.7,53.4,0.93,7.13,5.91,7.13,1.0,7,history,location_shift_history,location_cycle_time,location_hour,location_hour,"Нужно 7 кур.; прогноз 6.2 заказа/ч; окно lunch: история 7.13, цикл 5.91; выбрано: историческая производительность; страховой запас 0%"
29,Украинский,kfm,2026-09-28,14,14:00-15:00,mega,lunch,auto,5.17,26.58,24.24,26.7,53.4,0.93,7.13,5.91,7.13,1.0,7,history,location_shift_history,location_cycle_time,location_hour,location_hour,"Нужно 7 кур.; прогноз 5.2 заказа/ч; окно lunch: история 7.13, цикл 5.91; выбрано: историческая производительность; страховой запас 0%"
29,Украинский,kfm,2026-09-28,15,15:00-16:00,mega,afternoon,auto,5.9,14.73,24.61,28.79,57.58,0.92,5.32,4.71,5.32,1.0,6,history,location_shift_history,location_cycle_time,location_hour,location_hour,"Нужно 6 кур.; прогноз 5.9 заказа/ч; окно afternoon: история 5.32, цикл 4.71; выбрано: историческая производительность; страховой запас 0%"
29,Украинский,kfm,2026-09-28,16,16:00-17:00,mega,afternoon,auto,4.86,14.73,24.77,28.79,57.58,0.92,5.32,4.71,5.32,1.0,6,history,location_shift_history,location_cycle_time,location_hour,location_hour,"Нужно 6 кур.; прогноз 4.9 заказа/ч; окно afternoon: история 5.32, цикл 4.71; выбрано: историческая производительность; страховой запас 0%"
29,Украинский,kfm,2026-09-28,17,17:00-18:00,mega,afternoon,auto,3.97,14.73,26.85,28.79,57.58,0.92,5.32,4.71,5.32,1.0,6,history,location_shift_history,location_cycle_time,location_hour,location_hour,"Нужно 6 кур.; прогноз 4.0 заказа/ч; окно afternoon: история 5.32, цикл 4.71; выбрано: историческая производительность; страховой запас 0%"
29,Украинский,kfm,2026-09-28,18,18:00-19:00,mega,dinner,auto,5.15,14.82,28.49,31.33,62.66,1.3,3.81,5.16,5.16,1.0,5,cycle_time,location_shift_history,location_cycle_time,location_hour,location_hour,"Нужно 5 кур.; прогноз 5.1 заказа/ч; окно dinner: история 3.81, цикл 5.16; выбрано: время полного цикла доставки; страховой запас 0%"
29,Украинский,kfm,2026-09-28,19,19:00-20:00,mega,dinner,auto,5.65,14.82,26.71,31.33,62.66,1.3,3.81,5.16,5.16,1.0,5,cycle_time,location_shift_history,location_cycle_time,location_hour,location_hour,"Нужно 5 кур.; прогноз 5.7 заказа/ч; окно dinner: история 3.81, цикл 5.16; выбрано: время полного цикла доставки; страховой запас 0%"
29,Украинский,kfm,2026-09-28,20,20:00-21:00,mega,dinner,auto,4.02,14.82,25.7,31.33,62.66,1.3,3.81,5.16,5.16,1.0,5,cycle_time,location_shift_history,location_cycle_time,location_hour,location_hour,"Нужно 5 кур.; прогноз 4.0 заказа/ч; окно dinner: история 3.81, цикл 5.16; выбрано: время полного цикла доставки; страховой запас 0%"
29,Украинский,kfm,2026-09-28,21,21:00-22:00,mega,late_evening,auto,3.77,4.79,25.92,29.29,58.58,1.54,1.04,1.56,1.56,1.0,2,cycle_time,segment_shift_history,location_cycle_time,location_hour,location_hour,"Нужно 2 кур.; прогноз 3.8 заказа/ч; окно late_evening: история 1.04, цикл 1.56; выбрано: время полного цикла доставки; страховой запас 0%"
29,Украинский,kfm,2026-09-28,7,07:00-08:00,mega,opening,bike,1.19,1.23,17.32,12.35,24.69,2.19,0.28,0.25,0.28,1.0,0,history,segment_shift_history,segment_cycle_time,location_hour,location_hour,"Нужно 0 кур.; прогноз 1.2 заказа/ч; окно opening: история 0.28, цикл 0.25; выбрано: историческая производительность; страховой запас 0%"
29,Украинский,kfm,2026-09-28,8,08:00-09:00,mega,early_morning,bike,1.04,1.04,11.38,13.4,26.8,2.48,0.42,0.46,0.46,1.0,1,cycle_time,segment_shift_history,location_cycle_time,location_hour,location_hour,"Нужно 1 кур.; прогноз 1.0 заказа/ч; окно early_morning: история 0.42, цикл 0.46; выбрано: время полного цикла доставки; страховой запас 0%"
29,Украинский,kfm,2026-09-28,9,09:00-10:00,mega,morning,bike,1.1,2.33,9.3,12.88,25.76,2.43,0.48,0.5,0.5,1.0,1,cycle_time,segment_shift_history,location_cycle_time,location_hour,location_hour,"Нужно 1 кур.; прогноз 1.1 заказа/ч; окно morning: история 0.48, цикл 0.50; выбрано: время полного цикла доставки; страховой запас 0%"
29,Украинский,kfm,2026-09-28,10,10:00-11:00,mega,morning,bike,1.23,2.33,9.66,12.88,25.76,2.43,0.48,0.5,0.5,1.0,1,cycle_time,segment_shift_history,location_cycle_time,location_hour,location_hour,"Нужно 1 кур.; прогноз 1.2 заказа/ч; окно morning: история 0.48, цикл 0.50; выбрано: время полного цикла доставки; страховой запас 0%"
29,Украинский,kfm,2026-09-28,11,11:00-12:00,mega,lunch,bike,1.28,4.46,10.34,13.54,27.08,2.71,0.41,0.5,0.5,1.0,1,cycle_time,segment_shift_history,location_cycle_time,location_hour,location_hour,"Нужно 1 кур.; прогноз 1.3 заказа/ч; окно lunch: история 0.41, цикл 0.50; выбрано: время полного цикла доставки; страховой запас 0%"
29,Украинский,kfm,2026-09-28,12,12:00-13:00,mega,lunch,bike,1.27,4.46,12.31,13.54,27.08,2.71,0.41,0.5,0.5,1.0,1,cycle_time,segment_shift_history,location_cycle_time,location_hour,location_hour,"Нужно 1 кур.; прогноз 1.3 заказа/ч; окно lunch: история 0.41, цикл 0.50; выбрано: время полного цикла доставки; страховой запас 0%"
29,Украинский,kfm,2026-09-28,13,13:00-14:00,mega,lunch,bike,1.05,4.46,12.63,13.54,27.08,2.71,0.41,0.5,0.5,1.0,1,cycle_time,segment_shift_history,location_cycle_time,location_hour,location_hour,"Нужно 1 кур.; прогноз 1.0 заказа/ч; окно lunch: история 0.41, цикл 0.50; выбрано: время полного цикла доставки; страховой запас 0%"
29,Украинский,kfm,2026-09-28,14,14:00-15:00,mega,lunch,bike,0.87,4.46,10.03,13.54,27.08,2.71,0.41,0.5,0.5,1.0,1,cycle_time,segment_shift_history,location_cycle_time,location_hour,location_hour,"Нужно 1 кур.; прогноз 0.9 заказа/ч; окно lunch: история 0.41, цикл 0.50; выбрано: время полного цикла доставки; страховой запас 0%"
29,Украинский,kfm,2026-09-28,15,15:00-16:00,mega,afternoon,bike,0.99,2.47,10.18,11.9,23.8,2.23,0.37,0.33,0.37,1.0,0,history,segment_shift_history,location_cycle_time,location_hour,location_hour,"Нужно 0 кур.; прогноз 1.0 заказа/ч; окно afternoon: история 0.37, цикл 0.33; выбрано: историческая производительность; страховой запас 0%"
29,Украинский,kfm,2026-09-28,16,16:00-17:00,mega,afternoon,bike,0.82,2.47,10.07,11.9,23.8,2.23,0.37,0.33,0.37,1.0,0,history,segment_shift_history,location_cycle_time,location_hour,location_hour,"Нужно 0 кур.; прогноз 0.8 заказа/ч; окно afternoon: история 0.37, цикл 0.33; выбрано: историческая производительность; страховой запас 0%"
29,Украинский,kfm,2026-09-28,17,17:00-18:00,mega,afternoon,bike,0.67,2.47,8.98,11.9,23.8,2.23,0.37,0.33,0.37,1.0,0,history,segment_shift_history,location_cycle_time,location_hour,location_hour,"Нужно 0 кур.; прогноз 0.7 заказа/ч; окно afternoon: история 0.37, цикл 0.33; выбрано: историческая производительность; страховой запас 0%"
29,Украинский,kfm,2026-09-28,18,18:00-19:00,mega,dinner,bike,0.86,2.49,12.05,12.42,24.84,3.05,0.27,0.34,0.34,1.0,0,cycle_time,segment_shift_history,location_cycle_time,location_hour,location_hour,"Нужно 0 кур.; прогноз 0.9 заказа/ч; окно dinner: история 0.27, цикл 0.34; выбрано: время полного цикла доставки; страховой запас 0%"
29,Украинский,kfm,2026-09-28,19,19:00-20:00,mega,dinner,bike,0.95,2.49,11.02,12.42,24.84,3.05,0.27,0.34,0.34,1.0,0,cycle_time,segment_shift_history,location_cycle_time,location_hour,location_hour,"Нужно 0 кур.; прогноз 0.9 заказа/ч; окно dinner: история 0.27, цикл 0.34; выбрано: время полного цикла доставки; страховой запас 0%"
29,Украинский,kfm,2026-09-28,20,20:00-21:00,mega,dinner,bike,0.67,2.49,8.78,12.42,24.84,3.05,0.27,0.34,0.34,1.0,0,cycle_time,segment_shift_history,location_cycle_time,location_hour,location_hour,"Нужно 0 кур.; прогноз 0.7 заказа/ч; окно dinner: история 0.27, цикл 0.34; выбрано: время полного цикла доставки; страховой запас 0%"
29,Украинский,kfm,2026-09-28,21,21:00-22:00,mega,late_evening,bike,0.63,0.81,10.6,12.35,24.69,2.88,0.09,0.11,0.11,1.0,0,cycle_time,segment_shift_history,segment_cycle_time,location_hour,location_hour,"Нужно 0 кур.; прогноз 0.6 заказа/ч; окно late_evening: история 0.09, цикл 0.11; выбрано: время полного цикла доставки; страховой запас 0%"
30,Черёмушки,kfm,2026-09-28,8,08:00-09:00,high,early_morning,auto,2.94,2.94,23.08,27.01,54.02,1.45,2.02,2.64,2.64,1.0,3,cycle_time,segment_shift_history,location_cycle_time,location_hour,location_hour,"Нужно 3 кур.; прогноз 2.9 заказа/ч; окно early_morning: история 2.02, цикл 2.64; выбрано: время полного цикла доставки; страховой запас 0%"
30,Черёмушки,kfm,2026-09-28,9,09:00-10:00,high,morning,auto,4.06,7.98,22.29,27.3,54.6,1.38,2.89,3.63,3.63,1.0,3,cycle_time,location_shift_history,location_cycle_time,location_hour,location_hour,"Нужно 3 кур.; прогноз 4.1 заказа/ч; окно morning: история 2.89, цикл 3.63; выбрано: время полного цикла доставки; страховой запас 0%"
30,Черёмушки,kfm,2026-09-28,10,10:00-11:00,high,morning,auto,3.92,7.98,22.36,27.3,54.6,1.38,2.89,3.63,3.63,1.0,3,cycle_time,location_shift_history,location_cycle_time,location_hour,location_hour,"Нужно 3 кур.; прогноз 3.9 заказа/ч; окно morning: история 2.89, цикл 3.63; выбрано: время полного цикла доставки; страховой запас 0%"
30,Черёмушки,kfm,2026-09-28,11,11:00-12:00,high,lunch,auto,4.8,19.57,23.94,30.05,60.1,1.44,3.39,4.9,4.9,1.0,5,cycle_time,location_shift_history,location_cycle_time,location_hour,location_hour,"Нужно 5 кур.; прогноз 4.8 заказа/ч; окно lunch: история 3.39, цикл 4.90; выбрано: время полного цикла доставки; страховой запас 0%"
30,Черёмушки,kfm,2026-09-28,12,12:00-13:00,high,lunch,auto,5.28,19.57,24.21,30.05,60.1,1.44,3.39,4.9,4.9,1.0,5,cycle_time,location_shift_history,location_cycle_time,location_hour,location_hour,"Нужно 5 кур.; прогноз 5.3 заказа/ч; окно lunch: история 3.39, цикл 4.90; выбрано: время полного цикла доставки; страховой запас 0%"
30,Черёмушки,kfm,2026-09-28,13,13:00-14:00,high,lunch,auto,5.36,19.57,26.89,30.05,60.1,1.44,3.39,4.9,4.9,1.0,5,cycle_time,location_shift_history,location_cycle_time,location_hour,location_hour,"Нужно 5 кур.; прогноз 5.4 заказа/ч; окно lunch: история 3.39, цикл 4.90; выбрано: время полного цикла доставки; страховой запас 0%"
30,Черёмушки,kfm,2026-09-28,14,14:00-15:00,high,lunch,auto,4.13,19.57,27.04,30.05,60.1,1.44,3.39,4.9,4.9,1.0,5,cycle_time,location_shift_history,location_cycle_time,location_hour,location_hour,"Нужно 5 кур.; прогноз 4.1 заказа/ч; окно lunch: история 3.39, цикл 4.90; выбрано: время полного цикла доставки; страховой запас 0%"
30,Черёмушки,kfm,2026-09-28,15,15:00-16:00,high,afternoon,auto,3.88,10.03,26.04,33.06,66.12,0.95,3.53,3.69,3.69,1.0,3,cycle_time,location_shift_history,location_cycle_time,location_hour,location_hour,"Нужно 3 кур.; прогноз 3.9 заказа/ч; окно afternoon: история 3.53, цикл 3.69; выбрано: время полного цикла доставки; страховой запас 0%"
30,Черёмушки,kfm,2026-09-28,16,16:00-17:00,high,afternoon,auto,2.87,10.03,24.65,33.06,66.12,0.95,3.53,3.69,3.69,1.0,3,cycle_time,location_shift_history,location_cycle_time,location_hour,location_hour,"Нужно 3 кур.; прогноз 2.9 заказа/ч; окно afternoon: история 3.53, цикл 3.69; выбрано: время полного цикла доставки; страховой запас 0%"
30,Черёмушки,kfm,2026-09-28,17,17:00-18:00,high,afternoon,auto,3.28,10.03,30.76,33.06,66.12,0.95,3.53,3.69,3.69,1.0,3,cycle_time,location_shift_history,location_cycle_time,location_hour,location_hour,"Нужно 3 кур.; прогноз 3.3 заказа/ч; окно afternoon: история 3.53, цикл 3.69; выбрано: время полного цикла доставки; страховой запас 0%"
30,Черёмушки,kfm,2026-09-28,18,18:00-19:00,high,dinner,auto,3.05,8.69,31.7,34.44,68.88,0.98,2.95,3.33,3.33,1.0,3,cycle_time,location_shift_history,location_cycle_time,location_hour,location_hour,"Нужно 3 кур.; прогноз 3.1 заказа/ч; окно dinner: история 2.95, цикл 3.33; выбрано: время полного цикла доставки; страховой запас 0%"
30,Черёмушки,kfm,2026-09-28,19,19:00-20:00,high,dinner,auto,2.82,8.69,30.82,34.44,68.88,0.98,2.95,3.33,3.33,1.0,3,cycle_time,location_shift_history,location_cycle_time,location_hour,location_hour,"Нужно 3 кур.; прогноз 2.8 заказа/ч; окно dinner: история 2.95, цикл 3.33; выбрано: время полного цикла доставки; страховой запас 0%"
30,Черёмушки,kfm,2026-09-28,20,20:00-21:00,high,dinner,auto,2.82,8.69,26.08,34.44,68.88,0.98,2.95,3.33,3.33,1.0,3,cycle_time,location_shift_history,location_cycle_time,location_hour,location_hour,"Нужно 3 кур.; прогноз 2.8 заказа/ч; окно dinner: история 2.95, цикл 3.33; выбрано: время полного цикла доставки; страховой запас 0%"
30,Черёмушки,kfm,2026-09-28,21,21:00-22:00,high,late_evening,auto,1.67,5.28,24.22,27.58,55.16,1.17,1.51,1.62,1.62,1.0,2,cycle_time,location_shift_history,location_cycle_time,location_hour,location_hour,"Нужно 2 кур.; прогноз 1.7 заказа/ч; окно late_evening: история 1.51, цикл 1.62; выбрано: время полного цикла доставки; страховой запас 0%"
30,Черёмушки,kfm,2026-09-28,22,22:00-23:00,high,late_evening,auto,1.02,5.28,19.67,27.58,55.16,1.17,1.51,1.62,1.62,1.0,2,cycle_time,location_shift_history,location_cycle_time,location_hour,location_hour,"Нужно 2 кур.; прогноз 1.0 заказа/ч; окно late_evening: история 1.51, цикл 1.62; выбрано: время полного цикла доставки; страховой запас 0%"
30,Черёмушки,kfm,2026-09-28,23,23:00-24:00,high,late_evening,auto,2.6,5.28,26.43,27.58,55.16,1.17,1.51,1.62,1.62,1.0,2,cycle_time,location_shift_history,location_cycle_time,location_hour,location_hour,"Нужно 2 кур.; прогноз 2.6 заказа/ч; окно late_evening: история 1.51, цикл 1.62; выбрано: время полного цикла доставки; страховой запас 0%"
30,Черёмушки,kfm,2026-09-28,8,08:00-09:00,high,early_morning,bike,1.08,1.08,14.57,12.84,25.68,2.73,0.4,0.46,0.46,1.0,0,cycle_time,segment_shift_history,segment_cycle_time,location_hour,location_hour,"Нужно 0 кур.; прогноз 1.1 заказа/ч; окно early_morning: история 0.40, цикл 0.46; выбрано: время полного цикла доставки; страховой запас 0%"
30,Черёмушки,kfm,2026-09-28,9,09:00-10:00,high,morning,bike,1.5,2.94,11.35,14.22,28.44,2.82,0.52,0.7,0.7,1.0,1,cycle_time,segment_shift_history,location_cycle_time,location_hour,location_hour,"Нужно 1 кур.; прогноз 1.5 заказа/ч; окно morning: история 0.52, цикл 0.70; выбрано: время полного цикла доставки; страховой запас 0%"
30,Черёмушки,kfm,2026-09-28,10,10:00-11:00,high,morning,bike,1.44,2.94,10.54,14.22,28.44,2.82,0.52,0.7,0.7,1.0,1,cycle_time,segment_shift_history,location_cycle_time,location_hour,location_hour,"Нужно 1 кур.; прогноз 1.4 заказа/ч; окно morning: история 0.52, цикл 0.70; выбрано: время полного цикла доставки; страховой запас 0%"
30,Черёмушки,kfm,2026-09-28,11,11:00-12:00,high,lunch,bike,1.77,7.21,11.56,12.73,25.46,2.63,0.69,0.76,0.76,1.0,1,cycle_time,segment_shift_history,location_cycle_time,location_hour,location_hour,"Нужно 1 кур.; прогноз 1.8 заказа/ч; окно lunch: история 0.69, цикл 0.76; выбрано: время полного цикла доставки; страховой запас 0%"
30,Черёмушки,kfm,2026-09-28,12,12:00-13:00,high,lunch,bike,1.94,7.21,10.04,12.73,25.46,2.63,0.69,0.76,0.76,1.0,1,cycle_time,segment_shift_history,location_cycle_time,location_hour,location_hour,"Нужно 1 кур.; прогноз 1.9 заказа/ч; окно lunch: история 0.69, цикл 0.76; выбрано: время полного цикла доставки; страховой запас 0%"
30,Черёмушки,kfm,2026-09-28,13,13:00-14:00,high,lunch,bike,1.97,7.21,10.55,12.73,25.46,2.63,0.69,0.76,0.76,1.0,1,cycle_time,segment_shift_history,location_cycle_time,location_hour,location_hour,"Нужно 1 кур.; прогноз 2.0 заказа/ч; окно lunch: история 0.69, цикл 0.76; выбрано: время полного цикла доставки; страховой запас 0%"
30,Черёмушки,kfm,2026-09-28,14,14:00-15:00,high,lunch,bike,1.52,7.21,9.69,12.73,25.46,2.63,0.69,0.76,0.76,1.0,1,cycle_time,segment_shift_history,location_cycle_time,location_hour,location_hour,"Нужно 1 кур.; прогноз 1.5 заказа/ч; окно lunch: история 0.69, цикл 0.76; выбрано: время полного цикла доставки; страховой запас 0%"
30,Черёмушки,kfm,2026-09-28,15,15:00-16:00,high,afternoon,bike,1.43,3.69,9.83,13.81,27.62,1.96,0.63,0.57,0.63,1.0,1,history,segment_shift_history,location_cycle_time,location_hour,location_hour,"Нужно 1 кур.; прогноз 1.4 заказа/ч; окно afternoon: история 0.63, цикл 0.57; выбрано: историческая производительность; страховой запас 0%"
30,Черёмушки,kfm,2026-09-28,16,16:00-17:00,high,afternoon,bike,1.06,3.69,11.96,13.81,27.62,1.96,0.63,0.57,0.63,1.0,1,history,segment_shift_history,location_cycle_time,location_hour,location_hour,"Нужно 1 кур.; прогноз 1.1 заказа/ч; окно afternoon: история 0.63, цикл 0.57; выбрано: историческая производительность; страховой запас 0%"
30,Черёмушки,kfm,2026-09-28,17,17:00-18:00,high,afternoon,bike,1.21,3.69,11.31,13.81,27.62,1.96,0.63,0.57,0.63,1.0,1,history,segment_shift_history,location_cycle_time,location_hour,location_hour,"Нужно 1 кур.; прогноз 1.2 заказа/ч; окно afternoon: история 0.63, цикл 0.57; выбрано: историческая производительность; страховой запас 0%"
30,Черёмушки,kfm,2026-09-28,18,18:00-19:00,high,dinner,bike,1.12,3.2,10.97,11.94,23.88,2.32,0.46,0.42,0.46,1.0,1,history,segment_shift_history,location_cycle_time,location_hour,location_hour,"Нужно 1 кур.; прогноз 1.1 заказа/ч; окно dinner: история 0.46, цикл 0.42; выбрано: историческая производительность; страховой запас 0%"
30,Черёмушки,kfm,2026-09-28,19,19:00-20:00,high,dinner,bike,1.04,3.2,8.72,11.94,23.88,2.32,0.46,0.42,0.46,1.0,1,history,segment_shift_history,location_cycle_time,location_hour,location_hour,"Нужно 1 кур.; прогноз 1.0 заказа/ч; окно dinner: история 0.46, цикл 0.42; выбрано: историческая производительность; страховой запас 0%"
30,Черёмушки,kfm,2026-09-28,20,20:00-21:00,high,dinner,bike,1.04,3.2,10.94,11.94,23.88,2.32,0.46,0.42,0.46,1.0,1,history,segment_shift_history,location_cycle_time,location_hour,location_hour,"Нужно 1 кур.; прогноз 1.0 заказа/ч; окно dinner: история 0.46, цикл 0.42; выбрано: историческая производительность; страховой запас 0%"
30,Черёмушки,kfm,2026-09-28,21,21:00-22:00,high,late_evening,bike,0.61,1.95,9.96,11.48,22.95,1.98,0.33,0.25,0.33,1.0,0,history,segment_shift_history,segment_cycle_time,location_hour,location_hour,"Нужно 0 кур.; прогноз 0.6 заказа/ч; окно late_evening: история 0.33, цикл 0.25; выбрано: историческая производительность; страховой запас 0%"
30,Черёмушки,kfm,2026-09-28,22,22:00-23:00,high,late_evening,bike,0.37,1.95,13.53,11.48,22.95,1.98,0.33,0.25,0.33,1.0,0,history,segment_shift_history,segment_cycle_time,location_hour,location_hour,"Нужно 0 кур.; прогноз 0.4 заказа/ч; окно late_evening: история 0.33, цикл 0.25; выбрано: историческая производительность; страховой запас 0%"
30,Черёмушки,kfm,2026-09-28,23,23:00-24:00,high,late_evening,bike,0.96,1.95,9.15,11.48,22.95,1.98,0.33,0.25,0.33,1.0,0,history,segment_shift_history,segment_cycle_time,location_hour,global_hour,"Нужно 0 кур.; прогноз 1.0 заказа/ч; окно late_evening: история 0.33, цикл 0.25; выбрано: историческая производительность; страховой запас 0%"
33,Даниловский,kfm,2026-09-28,8,08:00-09:00,high,early_morning,auto,2.66,2.66,22.92,26.78,53.56,1.45,1.83,2.38,2.38,1.0,3,cycle_time,segment_shift_history,location_cycle_time,location_hour,location_hour,"Нужно 3 кур.; прогноз 2.7 заказа/ч; окно early_morning: история 1.83, цикл 2.38; выбрано: время полного цикла доставки; страховой запас 0%"
33,Даниловский,kfm,2026-09-28,9,09:00-10:00,high,morning,auto,3.24,6.12,19.4,26.02,52.04,1.45,2.11,2.65,2.65,1.0,2,cycle_time,segment_shift_history,location_cycle_time,location_hour,location_hour,"Нужно 2 кур.; прогноз 3.2 заказа/ч; окно morning: история 2.11, цикл 2.65; выбрано: время полного цикла доставки; страховой запас 0%"
33,Даниловский,kfm,2026-09-28,10,10:00-11:00,high,morning,auto,2.87,6.12,24.97,26.02,52.04,1.45,2.11,2.65,2.65,1.0,2,cycle_time,segment_shift_history,location_cycle_time,location_hour,location_hour,"Нужно 2 кур.; прогноз 2.9 заказа/ч; окно morning: история 2.11, цикл 2.65; выбрано: время полного цикла доставки; страховой запас 0%"
33,Даниловский,kfm,2026-09-28,11,11:00-12:00,high,lunch,auto,3.51,12.88,24.14,29.61,59.22,1.23,2.62,3.18,3.18,1.0,3,cycle_time,location_shift_history,location_cycle_time,location_hour,location_hour,"Нужно 3 кур.; прогноз 3.5 заказа/ч; окно lunch: история 2.62, цикл 3.18; выбрано: время полного цикла доставки; страховой запас 0%"
33,Даниловский,kfm,2026-09-28,12,12:00-13:00,high,lunch,auto,3.8,12.88,25.69,29.61,59.22,1.23,2.62,3.18,3.18,1.0,3,cycle_time,location_shift_history,location_cycle_time,location_hour,location_hour,"Нужно 3 кур.; прогноз 3.8 заказа/ч; окно lunch: история 2.62, цикл 3.18; выбрано: время полного цикла доставки; страховой запас 0%"
33,Даниловский,kfm,2026-09-28,13,13:00-14:00,high,lunch,auto,3.12,12.88,26.25,29.61,59.22,1.23,2.62,3.18,3.18,1.0,3,cycle_time,location_shift_history,location_cycle_time,location_hour,location_hour,"Нужно 3 кур.; прогноз 3.1 заказа/ч; окно lunch: история 2.62, цикл 3.18; выбрано: время полного цикла доставки; страховой запас 0%"
33,Даниловский,kfm,2026-09-28,14,14:00-15:00,high,lunch,auto,2.44,12.88,25.73,29.61,59.22,1.23,2.62,3.18,3.18,1.0,3,cycle_time,location_shift_history,location_cycle_time,location_hour,location_hour,"Нужно 3 кур.; прогноз 2.4 заказа/ч; окно lunch: история 2.62, цикл 3.18; выбрано: время полного цикла доставки; страховой запас 0%"
33,Даниловский,kfm,2026-09-28,15,15:00-16:00,high,afternoon,auto,2.07,6.2,29.27,30.58,61.16,0.88,2.36,2.11,2.36,1.0,2,history,location_shift_history,location_cycle_time,location_hour,location_hour,"Нужно 2 кур.; прогноз 2.1 заказа/ч; окно afternoon: история 2.36, цикл 2.11; выбрано: историческая производительность; страховой запас 0%"
33,Даниловский,kfm,2026-09-28,16,16:00-17:00,high,afternoon,auto,2.2,6.2,25.69,30.58,61.16,0.88,2.36,2.11,2.36,1.0,2,history,location_shift_history,location_cycle_time,location_hour,location_hour,"Нужно 2 кур.; прогноз 2.2 заказа/ч; окно afternoon: история 2.36, цикл 2.11; выбрано: историческая производительность; страховой запас 0%"
33,Даниловский,kfm,2026-09-28,17,17:00-18:00,high,afternoon,auto,1.93,6.2,26.19,30.58,61.16,0.88,2.36,2.11,2.36,1.0,2,history,location_shift_history,location_cycle_time,location_hour,location_hour,"Нужно 2 кур.; прогноз 1.9 заказа/ч; окно afternoon: история 2.36, цикл 2.11; выбрано: историческая производительность; страховой запас 0%"
33,Даниловский,kfm,2026-09-28,18,18:00-19:00,high,dinner,auto,2.42,5.79,29.11,30.02,60.04,1.17,1.65,1.93,1.93,1.0,2,cycle_time,segment_shift_history,location_cycle_time,location_hour,location_hour,"Нужно 2 кур.; прогноз 2.4 заказа/ч; окно dinner: история 1.65, цикл 1.93; выбрано: время полного цикла доставки; страховой запас 0%"
33,Даниловский,kfm,2026-09-28,19,19:00-20:00,high,dinner,auto,1.55,5.79,26.2,30.02,60.04,1.17,1.65,1.93,1.93,1.0,2,cycle_time,segment_shift_history,location_cycle_time,location_hour,location_hour,"Нужно 2 кур.; прогноз 1.5 заказа/ч; окно dinner: история 1.65, цикл 1.93; выбрано: время полного цикла доставки; страховой запас 0%"
33,Даниловский,kfm,2026-09-28,20,20:00-21:00,high,dinner,auto,1.82,5.79,23.32,30.02,60.04,1.17,1.65,1.93,1.93,1.0,2,cycle_time,segment_shift_history,location_cycle_time,location_hour,location_hour,"Нужно 2 кур.; прогноз 1.8 заказа/ч; окно dinner: история 1.65, цикл 1.93; выбрано: время полного цикла доставки; страховой запас 0%"
33,Даниловский,kfm,2026-09-28,21,21:00-22:00,high,late_evening,auto,1.31,1.89,24.22,24.42,48.84,1.33,0.47,0.51,0.51,1.0,1,cycle_time,segment_shift_history,location_cycle_time,location_hour,location_hour,"Нужно 1 кур.; прогноз 1.3 заказа/ч; окно late_evening: история 0.47, цикл 0.51; выбрано: время полного цикла доставки; страховой запас 0%"
33,Даниловский,kfm,2026-09-28,22,22:00-23:00,high,late_evening,auto,0.57,1.89,19.31,24.42,48.84,1.33,0.47,0.51,0.51,1.0,1,cycle_time,segment_shift_history,location_cycle_time,location_hour,location_hour,"Нужно 1 кур.; прогноз 0.6 заказа/ч; окно late_evening: история 0.47, цикл 0.51; выбрано: время полного цикла доставки; страховой запас 0%"
33,Даниловский,kfm,2026-09-28,8,08:00-09:00,high,early_morning,bike,1.49,1.49,8.74,9.57,19.14,2.73,0.55,0.48,0.55,1.0,0,history,segment_shift_history,location_cycle_time,location_hour,location_hour,"Нужно 0 кур.; прогноз 1.5 заказа/ч; окно early_morning: история 0.55, цикл 0.48; выбрано: историческая производительность; страховой запас 0%"
33,Даниловский,kfm,2026-09-28,9,09:00-10:00,high,morning,bike,1.82,3.43,9.38,10.75,21.5,2.71,0.63,0.61,0.63,1.0,1,history,location_shift_history,location_cycle_time,location_hour,location_hour,"Нужно 1 кур.; прогноз 1.8 заказа/ч; окно morning: история 0.63, цикл 0.61; выбрано: историческая производительность; страховой запас 0%"
33,Даниловский,kfm,2026-09-28,10,10:00-11:00,high,morning,bike,1.61,3.43,9.43,10.75,21.5,2.71,0.63,0.61,0.63,1.0,1,history,location_shift_history,location_cycle_time,location_hour,location_hour,"Нужно 1 кур.; прогноз 1.6 заказа/ч; окно morning: история 0.63, цикл 0.61; выбрано: историческая производительность; страховой запас 0%"
33,Даниловский,kfm,2026-09-28,11,11:00-12:00,high,lunch,bike,1.97,7.22,10.09,10.76,21.52,2.82,0.64,0.65,0.65,1.0,1,cycle_time,location_shift_history,location_cycle_time,location_hour,location_hour,"Нужно 1 кур.; прогноз 2.0 заказа/ч; окно lunch: история 0.64, цикл 0.65; выбрано: время полного цикла доставки; страховой запас 0%"
33,Даниловский,kfm,2026-09-28,12,12:00-13:00,high,lunch,bike,2.13,7.22,8.48,10.76,21.52,2.82,0.64,0.65,0.65,1.0,1,cycle_time,location_shift_history,location_cycle_time,location_hour,location_hour,"Нужно 1 кур.; прогноз 2.1 заказа/ч; окно lunch: история 0.64, цикл 0.65; выбрано: время полного цикла доставки; страховой запас 0%"
33,Даниловский,kfm,2026-09-28,13,13:00-14:00,high,lunch,bike,1.75,7.22,9.38,10.76,21.52,2.82,0.64,0.65,0.65,1.0,1,cycle_time,location_shift_history,location_cycle_time,location_hour,location_hour,"Нужно 1 кур.; прогноз 1.8 заказа/ч; окно lunch: история 0.64, цикл 0.65; выбрано: время полного цикла доставки; страховой запас 0%"
33,Даниловский,kfm,2026-09-28,14,14:00-15:00,high,lunch,bike,1.37,7.22,9.61,10.76,21.52,2.82,0.64,0.65,0.65,1.0,1,cycle_time,location_shift_history,location_cycle_time,location_hour,location_hour,"Нужно 1 кур.; прогноз 1.4 заказа/ч; окно lunch: история 0.64, цикл 0.65; выбрано: время полного цикла доставки; страховой запас 0%"
33,Даниловский,kfm,2026-09-28,15,15:00-16:00,high,afternoon,bike,1.16,3.48,10.26,12.25,24.5,1.96,0.59,0.47,0.59,1.0,1,history,segment_shift_history,location_cycle_time,location_hour,location_hour,"Нужно 1 кур.; прогноз 1.2 заказа/ч; окно afternoon: история 0.59, цикл 0.47; выбрано: историческая производительность; страховой запас 0%"
33,Даниловский,kfm,2026-09-28,16,16:00-17:00,high,afternoon,bike,1.23,3.48,9.74,12.25,24.5,1.96,0.59,0.47,0.59,1.0,1,history,segment_shift_history,location_cycle_time,location_hour,location_hour,"Нужно 1 кур.; прогноз 1.2 заказа/ч; окно afternoon: история 0.59, цикл 0.47; выбрано: историческая производительность; страховой запас 0%"
33,Даниловский,kfm,2026-09-28,17,17:00-18:00,high,afternoon,bike,1.08,3.48,10.05,12.25,24.5,1.96,0.59,0.47,0.59,1.0,1,history,segment_shift_history,location_cycle_time,location_hour,location_hour,"Нужно 1 кур.; прогноз 1.1 заказа/ч; окно afternoon: история 0.59, цикл 0.47; выбрано: историческая производительность; страховой запас 0%"
33,Даниловский,kfm,2026-09-28,18,18:00-19:00,high,dinner,bike,1.36,3.25,8.93,10.44,20.88,2.32,0.47,0.38,0.47,1.0,1,history,segment_shift_history,location_cycle_time,location_hour,location_hour,"Нужно 1 кур.; прогноз 1.4 заказа/ч; окно dinner: история 0.47, цикл 0.38; выбрано: историческая производительность; страховой запас 0%"
33,Даниловский,kfm,2026-09-28,19,19:00-20:00,high,dinner,bike,0.87,3.25,9.37,10.44,20.88,2.32,0.47,0.38,0.47,1.0,1,history,segment_shift_history,location_cycle_time,location_hour,location_hour,"Нужно 1 кур.; прогноз 0.9 заказа/ч; окно dinner: история 0.47, цикл 0.38; выбрано: историческая производительность; страховой запас 0%"
33,Даниловский,kfm,2026-09-28,20,20:00-21:00,high,dinner,bike,1.02,3.25,8.05,10.44,20.88,2.32,0.47,0.38,0.47,1.0,1,history,segment_shift_history,location_cycle_time,location_hour,location_hour,"Нужно 1 кур.; прогноз 1.0 заказа/ч; окно dinner: история 0.47, цикл 0.38; выбрано: историческая производительность; страховой запас 0%"
33,Даниловский,kfm,2026-09-28,21,21:00-22:00,high,late_evening,bike,0.74,1.06,9.32,11.48,22.95,1.98,0.18,0.14,0.18,1.0,0,history,segment_shift_history,segment_cycle_time,location_hour,location_hour,"Нужно 0 кур.; прогноз 0.7 заказа/ч; окно late_evening: история 0.18, цикл 0.14; выбрано: историческая производительность; страховой запас 0%"
33,Даниловский,kfm,2026-09-28,22,22:00-23:00,high,late_evening,bike,0.32,1.06,11.17,11.48,22.95,1.98,0.18,0.14,0.18,1.0,0,history,segment_shift_history,segment_cycle_time,location_hour,location_hour,"Нужно 0 кур.; прогноз 0.3 заказа/ч; окно late_evening: история 0.18, цикл 0.14; выбрано: историческая производительность; страховой запас 0%"
335,Кутузовский (Не использовать),kfm,2026-09-28,0,00:00-01:00,low,block_00_06,auto,2.51,6.94,22.77,23.66,47.32,1.95,0.59,0.91,0.91,1.0,0,cycle_time,default_slot_capacity,segment_cycle_time,global_hour,global_hour,"Нужно 0 кур.; прогноз 2.5 заказа/ч; окно block_00_06: история 0.59, цикл 0.91; выбрано: время полного цикла доставки; страховой запас 0%"
335,Кутузовский (Не использовать),kfm,2026-09-28,1,01:00-02:00,low,block_00_06,auto,1.45,6.94,19.96,23.66,47.32,1.95,0.59,0.91,0.91,1.0,0,cycle_time,default_slot_capacity,segment_cycle_time,global_hour,global_hour,"Нужно 0 кур.; прогноз 1.4 заказа/ч; окно block_00_06: история 0.59, цикл 0.91; выбрано: время полного цикла доставки; страховой запас 0%"
335,Кутузовский (Не использовать),kfm,2026-09-28,2,02:00-03:00,low,block_00_06,auto,0.8,6.94,20.6,23.66,47.32,1.95,0.59,0.91,0.91,1.0,0,cycle_time,default_slot_capacity,segment_cycle_time,global_hour,global_hour,"Нужно 0 кур.; прогноз 0.8 заказа/ч; окно block_00_06: история 0.59, цикл 0.91; выбрано: время полного цикла доставки; страховой запас 0%"
335,Кутузовский (Не использовать),kfm,2026-09-28,3,03:00-04:00,low,block_00_06,auto,0.54,6.94,18.17,23.66,47.32,1.95,0.59,0.91,0.91,1.0,0,cycle_time,default_slot_capacity,segment_cycle_time,global_hour,global_hour,"Нужно 0 кур.; прогноз 0.5 заказа/ч; окно block_00_06: история 0.59, цикл 0.91; выбрано: время полного цикла доставки; страховой запас 0%"
335,Кутузовский (Не использовать),kfm,2026-09-28,4,04:00-05:00,low,block_00_06,auto,0.58,6.94,21.5,23.66,47.32,1.95,0.59,0.91,0.91,1.0,0,cycle_time,default_slot_capacity,segment_cycle_time,global_hour,global_hour,"Нужно 0 кур.; прогноз 0.6 заказа/ч; окно block_00_06: история 0.59, цикл 0.91; выбрано: время полного цикла доставки; страховой запас 0%"
335,Кутузовский (Не использовать),kfm,2026-09-28,5,05:00-06:00,low,block_00_06,auto,1.06,6.94,24.21,23.66,47.32,1.95,0.59,0.91,0.91,1.0,0,cycle_time,default_slot_capacity,segment_cycle_time,global_hour,global_hour,"Нужно 0 кур.; прогноз 1.1 заказа/ч; окно block_00_06: история 0.59, цикл 0.91; выбрано: время полного цикла доставки; страховой запас 0%"
335,Кутузовский (Не использовать),kfm,2026-09-28,6,06:00-07:00,low,block_06_12,auto,0.14,4.96,27.33,39.25,78.51,1.47,0.56,1.08,1.08,1.0,0,cycle_time,time_segment_shift_history,segment_cycle_time,global_hour,global_hour,"Нужно 0 кур.; прогноз 0.1 заказа/ч; окно block_06_12: история 0.56, цикл 1.08; выбрано: время полного цикла доставки; страховой запас 0%"
335,Кутузовский (Не использовать),kfm,2026-09-28,7,07:00-08:00,low,block_06_12,auto,0.36,4.96,24.32,39.25,78.51,1.47,0.56,1.08,1.08,1.0,0,cycle_time,time_segment_shift_history,segment_cycle_time,global_hour,global_hour,"Нужно 0 кур.; прогноз 0.4 заказа/ч; окно block_06_12: история 0.56, цикл 1.08; выбрано: время полного цикла доставки; страховой запас 0%"
335,Кутузовский (Не использовать),kfm,2026-09-28,8,08:00-09:00,low,block_06_12,auto,0.92,4.96,22.41,39.25,78.51,1.47,0.56,1.08,1.08,1.0,0,cycle_time,time_segment_shift_history,segment_cycle_time,global_hour,global_hour,"Нужно 0 кур.; прогноз 0.9 заказа/ч; окно block_06_12: история 0.56, цикл 1.08; выбрано: время полного цикла доставки; страховой запас 0%"
335,Кутузовский (Не использовать),kfm,2026-09-28,9,09:00-10:00,low,block_06_12,auto,1.12,4.96,21.64,39.25,78.51,1.47,0.56,1.08,1.08,1.0,0,cycle_time,time_segment_shift_history,segment_cycle_time,global_hour,global_hour,"Нужно 0 кур.; прогноз 1.1 заказа/ч; окно block_06_12: история 0.56, цикл 1.08; выбрано: время полного цикла доставки; страховой запас 0%"
335,Кутузовский (Не использовать),kfm,2026-09-28,10,10:00-11:00,low,block_06_12,auto,1.17,4.96,21.71,39.25,78.51,1.47,0.56,1.08,1.08,1.0,0,cycle_time,time_segment_shift_history,segment_cycle_time,global_hour,global_hour,"Нужно 0 кур.; прогноз 1.2 заказа/ч; окно block_06_12: история 0.56, цикл 1.08; выбрано: время полного цикла доставки; страховой запас 0%"
335,Кутузовский (Не использовать),kfm,2026-09-28,11,11:00-12:00,low,block_06_12,auto,1.26,4.96,22.82,39.25,78.51,1.47,0.56,1.08,1.08,1.0,0,cycle_time,time_segment_shift_history,segment_cycle_time,global_hour,global_hour,"Нужно 0 кур.; прогноз 1.3 заказа/ч; окно block_06_12: история 0.56, цикл 1.08; выбрано: время полного цикла доставки; страховой запас 0%"
335,Кутузовский (Не использовать),kfm,2026-09-28,12,12:00-13:00,low,block_12_18,auto,0.13,0.64,23.54,31.89,63.79,1.3,0.08,0.11,0.11,1.0,0,cycle_time,time_segment_shift_history,segment_cycle_time,global_hour,global_hour,"Нужно 0 кур.; прогноз 0.1 заказа/ч; окно block_12_18: история 0.08, цикл 0.11; выбрано: время полного цикла доставки; страховой запас 0%"
335,Кутузовский (Не использовать),kfm,2026-09-28,13,13:00-14:00,low,block_12_18,auto,0.13,0.64,23.55,31.89,63.79,1.3,0.08,0.11,0.11,1.0,0,cycle_time,time_segment_shift_history,segment_cycle_time,global_hour,global_hour,"Нужно 0 кур.; прогноз 0.1 заказа/ч; окно block_12_18: история 0.08, цикл 0.11; выбрано: время полного цикла доставки; страховой запас 0%"
335,Кутузовский (Не использовать),kfm,2026-09-28,14,14:00-15:00,low,block_12_18,auto,0.12,0.64,24.06,31.89,63.79,1.3,0.08,0.11,0.11,1.0,0,cycle_time,time_segment_shift_history,segment_cycle_time,global_hour,global_hour,"Нужно 0 кур.; прогноз 0.1 заказа/ч; окно block_12_18: история 0.08, цикл 0.11; выбрано: время полного цикла доставки; страховой запас 0%"
335,Кутузовский (Не использовать),kfm,2026-09-28,15,15:00-16:00,low,block_12_18,auto,0.1,0.64,24.51,31.89,63.79,1.3,0.08,0.11,0.11,1.0,0,cycle_time,time_segment_shift_history,segment_cycle_time,global_hour,global_hour,"Нужно 0 кур.; прогноз 0.1 заказа/ч; окно block_12_18: история 0.08, цикл 0.11; выбрано: время полного цикла доставки; страховой запас 0%"
335,Кутузовский (Не использовать),kfm,2026-09-28,16,16:00-17:00,low,block_12_18,auto,0.08,0.64,25.16,31.89,63.79,1.3,0.08,0.11,0.11,1.0,0,cycle_time,time_segment_shift_history,segment_cycle_time,global_hour,global_hour,"Нужно 0 кур.; прогноз 0.1 заказа/ч; окно block_12_18: история 0.08, цикл 0.11; выбрано: время полного цикла доставки; страховой запас 0%"
335,Кутузовский (Не использовать),kfm,2026-09-28,17,17:00-18:00,low,block_12_18,auto,0.08,0.64,27.66,31.89,63.79,1.3,0.08,0.11,0.11,1.0,0,cycle_time,time_segment_shift_history,segment_cycle_time,global_hour,global_hour,"Нужно 0 кур.; прогноз 0.1 заказа/ч; окно block_12_18: история 0.08, цикл 0.11; выбрано: время полного цикла доставки; страховой запас 0%"
335,Кутузовский (Не использовать),kfm,2026-09-28,18,18:00-19:00,low,block_18_24,auto,0.25,1.08,27.41,32.87,65.74,1.71,0.11,0.2,0.2,1.0,0,cycle_time,time_segment_shift_history,segment_cycle_time,global_hour,global_hour,"Нужно 0 кур.; прогноз 0.3 заказа/ч; окно block_18_24: история 0.11, цикл 0.20; выбрано: время полного цикла доставки; страховой запас 0%"
335,Кутузовский (Не использовать),kfm,2026-09-28,19,19:00-20:00,low,block_18_24,auto,0.26,1.08,26.64,32.87,65.74,1.71,0.11,0.2,0.2,1.0,0,cycle_time,time_segment_shift_history,segment_cycle_time,global_hour,global_hour,"Нужно 0 кур.; прогноз 0.3 заказа/ч; окно block_18_24: история 0.11, цикл 0.20; выбрано: время полного цикла доставки; страховой запас 0%"
335,Кутузовский (Не использовать),kfm,2026-09-28,20,20:00-21:00,low,block_18_24,auto,0.23,1.08,23.12,32.87,65.74,1.71,0.11,0.2,0.2,1.0,0,cycle_time,time_segment_shift_history,segment_cycle_time,global_hour,global_hour,"Нужно 0 кур.; прогноз 0.2 заказа/ч; окно block_18_24: история 0.11, цикл 0.20; выбрано: время полного цикла доставки; страховой запас 0%"
335,Кутузовский (Не использовать),kfm,2026-09-28,21,21:00-22:00,low,block_18_24,auto,0.17,1.08,21.83,32.87,65.74,1.71,0.11,0.2,0.2,1.0,0,cycle_time,time_segment_shift_history,segment_cycle_time,global_hour,global_hour,"Нужно 0 кур.; прогноз 0.2 заказа/ч; окно block_18_24: история 0.11, цикл 0.20; выбрано: время полного цикла доставки; страховой запас 0%"
335,Кутузовский (Не использовать),kfm,2026-09-28,22,22:00-23:00,low,block_18_24,auto,0.1,1.08,16.14,32.87,65.74,1.71,0.11,0.2,0.2,1.0,0,cycle_time,time_segment_shift_history,segment_cycle_time,global_hour,global_hour,"Нужно 0 кур.; прогноз 0.1 заказа/ч; окно block_18_24: история 0.11, цикл 0.20; выбрано: время полного цикла доставки; страховой запас 0%"
335,Кутузовский (Не использовать),kfm,2026-09-28,23,23:00-24:00,low,block_18_24,auto,0.06,1.08,20.26,32.87,65.74,1.71,0.11,0.2,0.2,1.0,0,cycle_time,time_segment_shift_history,segment_cycle_time,global_hour,global_hour,"Нужно 0 кур.; прогноз 0.1 заказа/ч; окно block_18_24: история 0.11, цикл 0.20; выбрано: время полного цикла доставки; страховой запас 0%"
335,Кутузовский (Не использовать),kfm,2026-09-28,0,00:00-01:00,low,block_00_06,bike,3.0,8.3,9.78,15.08,30.16,1.3,1.06,0.7,1.06,1.0,0,history,default_slot_capacity,segment_cycle_time,global_hour,global_hour,"Нужно 0 кур.; прогноз 3.0 заказа/ч; окно block_00_06: история 1.06, цикл 0.70; выбрано: историческая производительность; страховой запас 0%"
335,Кутузовский (Не использовать),kfm,2026-09-28,1,01:00-02:00,low,block_00_06,bike,1.73,8.3,10.47,15.08,30.16,1.3,1.06,0.7,1.06,1.0,0,history,default_slot_capacity,segment_cycle_time,global_hour,global_vehicle,"Нужно 0 кур.; прогноз 1.7 заказа/ч; окно block_00_06: история 1.06, цикл 0.70; выбрано: историческая производительность; страховой запас 0%"
335,Кутузовский (Не использовать),kfm,2026-09-28,2,02:00-03:00,low,block_00_06,bike,0.96,8.3,10.47,15.08,30.16,1.3,1.06,0.7,1.06,1.0,0,history,default_slot_capacity,segment_cycle_time,global_hour,global_vehicle,"Нужно 0 кур.; прогноз 1.0 заказа/ч; окно block_00_06: история 1.06, цикл 0.70; выбрано: историческая производительность; страховой запас 0%"
335,Кутузовский (Не использовать),kfm,2026-09-28,3,03:00-04:00,low,block_00_06,bike,0.64,8.3,10.47,15.08,30.16,1.3,1.06,0.7,1.06,1.0,0,history,default_slot_capacity,segment_cycle_time,global_hour,global_vehicle,"Нужно 0 кур.; прогноз 0.6 заказа/ч; окно block_00_06: история 1.06, цикл 0.70; выбрано: историческая производительность; страховой запас 0%"
335,Кутузовский (Не использовать),kfm,2026-09-28,4,04:00-05:00,low,block_00_06,bike,0.7,8.3,10.47,15.08,30.16,1.3,1.06,0.7,1.06,1.0,0,history,default_slot_capacity,segment_cycle_time,global_hour,global_vehicle,"Нужно 0 кур.; прогноз 0.7 заказа/ч; окно block_00_06: история 1.06, цикл 0.70; выбрано: историческая производительность; страховой запас 0%"
335,Кутузовский (Не использовать),kfm,2026-09-28,5,05:00-06:00,low,block_00_06,bike,1.27,8.3,10.47,15.08,30.16,1.3,1.06,0.7,1.06,1.0,0,history,default_slot_capacity,segment_cycle_time,global_hour,global_vehicle,"Нужно 0 кур.; прогноз 1.3 заказа/ч; окно block_00_06: история 1.06, цикл 0.70; выбрано: историческая производительность; страховой запас 0%"
335,Кутузовский (Не использовать),kfm,2026-09-28,6,06:00-07:00,low,block_06_12,bike,0.08,2.7,9.4,11.11,22.21,2.94,0.15,0.17,0.17,1.0,0,cycle_time,time_segment_shift_history,segment_cycle_time,global_hour,global_hour,"Нужно 0 кур.; прогноз 0.1 заказа/ч; окно block_06_12: история 0.15, цикл 0.17; выбрано: время полного цикла доставки; страховой запас 0%"
335,Кутузовский (Не использовать),kfm,2026-09-28,7,07:00-08:00,low,block_06_12,bike,0.19,2.7,11.07,11.11,22.21,2.94,0.15,0.17,0.17,1.0,0,cycle_time,time_segment_shift_history,segment_cycle_time,global_hour,global_hour,"Нужно 0 кур.; прогноз 0.2 заказа/ч; окно block_06_12: история 0.15, цикл 0.17; выбрано: время полного цикла доставки; страховой запас 0%"
335,Кутузовский (Не использовать),kfm,2026-09-28,8,08:00-09:00,low,block_06_12,bike,0.5,2.7,10.4,11.11,22.21,2.94,0.15,0.17,0.17,1.0,0,cycle_time,time_segment_shift_history,segment_cycle_time,global_hour,global_hour,"Нужно 0 кур.; прогноз 0.5 заказа/ч; окно block_06_12: история 0.15, цикл 0.17; выбрано: время полного цикла доставки; страховой запас 0%"
335,Кутузовский (Не использовать),kfm,2026-09-28,9,09:00-10:00,low,block_06_12,bike,0.61,2.7,10.37,11.11,22.21,2.94,0.15,0.17,0.17,1.0,0,cycle_time,time_segment_shift_history,segment_cycle_time,global_hour,global_hour,"Нужно 0 кур.; прогноз 0.6 заказа/ч; окно block_06_12: история 0.15, цикл 0.17; выбрано: время полного цикла доставки; страховой запас 0%"
335,Кутузовский (Не использовать),kfm,2026-09-28,10,10:00-11:00,low,block_06_12,bike,0.64,2.7,10.11,11.11,22.21,2.94,0.15,0.17,0.17,1.0,0,cycle_time,time_segment_shift_history,segment_cycle_time,global_hour,global_hour,"Нужно 0 кур.; прогноз 0.6 заказа/ч; окно block_06_12: история 0.15, цикл 0.17; выбрано: время полного цикла доставки; страховой запас 0%"
335,Кутузовский (Не использовать),kfm,2026-09-28,11,11:00-12:00,low,block_06_12,bike,0.69,2.7,10.41,11.11,22.21,2.94,0.15,0.17,0.17,1.0,0,cycle_time,time_segment_shift_history,segment_cycle_time,global_hour,global_hour,"Нужно 0 кур.; прогноз 0.7 заказа/ч; окно block_06_12: история 0.15, цикл 0.17; выбрано: время полного цикла доставки; страховой запас 0%"
335,Кутузовский (Не использовать),kfm,2026-09-28,12,12:00-13:00,low,block_12_18,bike,0.01,0.04,10.37,13.37,26.74,2.95,0.0,0.0,0.0,1.0,0,history,time_segment_shift_history,segment_cycle_time,global_hour,global_hour,"Нужно 0 кур.; прогноз 0.0 заказа/ч; окно block_12_18: история 0.00, цикл 0.00; выбрано: историческая производительность; страховой запас 0%"
335,Кутузовский (Не использовать),kfm,2026-09-28,13,13:00-14:00,low,block_12_18,bike,0.01,0.04,10.39,13.37,26.74,2.95,0.0,0.0,0.0,1.0,0,history,time_segment_shift_history,segment_cycle_time,global_hour,global_hour,"Нужно 0 кур.; прогноз 0.0 заказа/ч; окно block_12_18: история 0.00, цикл 0.00; выбрано: историческая производительность; страховой запас 0%"
335,Кутузовский (Не использовать),kfm,2026-09-28,14,14:00-15:00,low,block_12_18,bike,0.01,0.04,10.2,13.37,26.74,2.95,0.0,0.0,0.0,1.0,0,history,time_segment_shift_history,segment_cycle_time,global_hour,global_hour,"Нужно 0 кур.; прогноз 0.0 заказа/ч; окно block_12_18: история 0.00, цикл 0.00; выбрано: историческая производительность; страховой запас 0%"
335,Кутузовский (Не использовать),kfm,2026-09-28,15,15:00-16:00,low,block_12_18,bike,0.01,0.04,10.75,13.37,26.74,2.95,0.0,0.0,0.0,1.0,0,history,time_segment_shift_history,segment_cycle_time,global_hour,global_hour,"Нужно 0 кур.; прогноз 0.0 заказа/ч; окно block_12_18: история 0.00, цикл 0.00; выбрано: историческая производительность; страховой запас 0%"
335,Кутузовский (Не использовать),kfm,2026-09-28,16,16:00-17:00,low,block_12_18,bike,0.01,0.04,11.02,13.37,26.74,2.95,0.0,0.0,0.0,1.0,0,history,time_segment_shift_history,segment_cycle_time,global_hour,global_hour,"Нужно 0 кур.; прогноз 0.0 заказа/ч; окно block_12_18: история 0.00, цикл 0.00; выбрано: историческая производительность; страховой запас 0%"
335,Кутузовский (Не использовать),kfm,2026-09-28,17,17:00-18:00,low,block_12_18,bike,0.01,0.04,10.83,13.37,26.74,2.95,0.0,0.0,0.0,1.0,0,history,time_segment_shift_history,segment_cycle_time,global_hour,global_hour,"Нужно 0 кур.; прогноз 0.0 заказа/ч; окно block_12_18: история 0.00, цикл 0.00; выбрано: историческая производительность; страховой запас 0%"
335,Кутузовский (Не использовать),kfm,2026-09-28,18,18:00-19:00,low,block_18_24,bike,0.1,0.42,11.1,15.71,31.43,2.15,0.0,0.0,0.0,1.0,0,history,time_segment_shift_history,segment_cycle_time,global_hour,global_hour,"Нужно 0 кур.; прогноз 0.1 заказа/ч; окно block_18_24: история 0.00, цикл 0.00; выбрано: историческая производительность; страховой запас 0%"
335,Кутузовский (Не использовать),kfm,2026-09-28,19,19:00-20:00,low,block_18_24,bike,0.1,0.42,10.71,15.71,31.43,2.15,0.0,0.0,0.0,1.0,0,history,time_segment_shift_history,segment_cycle_time,global_hour,global_hour,"Нужно 0 кур.; прогноз 0.1 заказа/ч; окно block_18_24: история 0.00, цикл 0.00; выбрано: историческая производительность; страховой запас 0%"
335,Кутузовский (Не использовать),kfm,2026-09-28,20,20:00-21:00,low,block_18_24,bike,0.09,0.42,10.4,15.71,31.43,2.15,0.0,0.0,0.0,1.0,0,history,time_segment_shift_history,segment_cycle_time,global_hour,global_hour,"Нужно 0 кур.; прогноз 0.1 заказа/ч; окно block_18_24: история 0.00, цикл 0.00; выбрано: историческая производительность; страховой запас 0%"
335,Кутузовский (Не использовать),kfm,2026-09-28,21,21:00-22:00,low,block_18_24,bike,0.07,0.42,9.94,15.71,31.43,2.15,0.0,0.0,0.0,1.0,0,history,time_segment_shift_history,segment_cycle_time,global_hour,global_hour,"Нужно 0 кур.; прогноз 0.1 заказа/ч; окно block_18_24: история 0.00, цикл 0.00; выбрано: историческая производительность; страховой запас 0%"
335,Кутузовский (Не использовать),kfm,2026-09-28,22,22:00-23:00,low,block_18_24,bike,0.04,0.42,9.8,15.71,31.43,2.15,0.0,0.0,0.0,1.0,0,history,time_segment_shift_history,segment_cycle_time,global_hour,global_hour,"Нужно 0 кур.; прогноз 0.0 заказа/ч; окно block_18_24: история 0.00, цикл 0.00; выбрано: историческая производительность; страховой запас 0%"
335,Кутузовский (Не использовать),kfm,2026-09-28,23,23:00-24:00,low,block_18_24,bike,0.02,0.42,9.15,15.71,31.43,2.15,0.0,0.0,0.0,1.0,0,history,time_segment_shift_history,segment_cycle_time,global_hour,global_hour,"Нужно 0 кур.; прогноз 0.0 заказа/ч; окно block_18_24: история 0.00, цикл 0.00; выбрано: историческая производительность; страховой запас 0%"
34,Аркус,kfm,2026-09-28,0,00:00-01:00,medium,block_00_06,auto,2.93,7.19,22.18,23.32,46.64,1.95,0.61,0.93,0.93,1.0,1,cycle_time,default_slot_capacity,location_cycle_time,location_hour,location_hour,"Нужно 1 кур.; прогноз 2.9 заказа/ч; окно block_00_06: история 0.61, цикл 0.93; выбрано: время полного цикла доставки; страховой запас 0%"
34,Аркус,kfm,2026-09-28,1,01:00-02:00,medium,block_00_06,auto,0.84,7.19,16.72,23.32,46.64,1.95,0.61,0.93,0.93,1.0,1,cycle_time,default_slot_capacity,location_cycle_time,location_hour,location_hour,"Нужно 1 кур.; прогноз 0.8 заказа/ч; окно block_00_06: история 0.61, цикл 0.93; выбрано: время полного цикла доставки; страховой запас 0%"
34,Аркус,kfm,2026-09-28,2,02:00-03:00,medium,block_00_06,auto,0.98,7.19,21.57,23.32,46.64,1.95,0.61,0.93,0.93,1.0,1,cycle_time,default_slot_capacity,location_cycle_time,location_hour,location_hour,"Нужно 1 кур.; прогноз 1.0 заказа/ч; окно block_00_06: история 0.61, цикл 0.93; выбрано: время полного цикла доставки; страховой запас 0%"
34,Аркус,kfm,2026-09-28,3,03:00-04:00,medium,block_00_06,auto,0.7,7.19,17.56,23.32,46.64,1.95,0.61,0.93,0.93,1.0,1,cycle_time,default_slot_capacity,location_cycle_time,location_hour,location_hour,"Нужно 1 кур.; прогноз 0.7 заказа/ч; окно block_00_06: история 0.61, цикл 0.93; выбрано: время полного цикла доставки; страховой запас 0%"
34,Аркус,kfm,2026-09-28,4,04:00-05:00,medium,block_00_06,auto,0.42,7.19,18.21,23.32,46.64,1.95,0.61,0.93,0.93,1.0,1,cycle_time,default_slot_capacity,location_cycle_time,location_hour,location_hour,"Нужно 1 кур.; прогноз 0.4 заказа/ч; окно block_00_06: история 0.61, цикл 0.93; выбрано: время полного цикла доставки; страховой запас 0%"
34,Аркус,kfm,2026-09-28,5,05:00-06:00,medium,block_00_06,auto,1.33,7.19,19.28,23.32,46.64,1.95,0.61,0.93,0.93,1.0,1,cycle_time,default_slot_capacity,location_cycle_time,location_hour,location_hour,"Нужно 1 кур.; прогноз 1.3 заказа/ч; окно block_00_06: история 0.61, цикл 0.93; выбрано: время полного цикла доставки; страховой запас 0%"
34,Аркус,kfm,2026-09-28,6,06:00-07:00,medium,block_06_12,auto,3.12,4.11,22.85,27.46,54.92,1.47,0.47,0.63,0.63,1.0,1,cycle_time,segment_shift_history,location_cycle_time,location_hour,location_hour,"Нужно 1 кур.; прогноз 3.1 заказа/ч; окно block_06_12: история 0.47, цикл 0.63; выбрано: время полного цикла доставки; страховой запас 0%"
34,Аркус,kfm,2026-09-28,22,22:00-23:00,medium,block_18_24,auto,0.38,3.28,15.38,19.75,39.5,1.69,0.32,0.36,0.36,1.0,1,cycle_time,segment_shift_history,location_cycle_time,location_hour,location_hour,"Нужно 1 кур.; прогноз 0.4 заказа/ч; окно block_18_24: история 0.32, цикл 0.36; выбрано: время полного цикла доставки; страховой запас 0%"
34,Аркус,kfm,2026-09-28,23,23:00-24:00,medium,block_18_24,auto,2.69,3.28,14.31,19.75,39.5,1.69,0.32,0.36,0.36,1.0,1,cycle_time,segment_shift_history,location_cycle_time,location_hour,location_hour,"Нужно 1 кур.; прогноз 2.7 заказа/ч; окно block_18_24: история 0.32, цикл 0.36; выбрано: время полного цикла доставки; страховой запас 0%"
348,Рига Холл,kfm,2026-09-28,8,08:00-09:00,medium,block_06_12,auto,0.78,2.74,18.6,21.19,42.38,1.47,0.31,0.32,0.32,1.0,1,cycle_time,segment_shift_history,location_cycle_time,location_hour,location_hour,"Нужно 1 кур.; прогноз 0.8 заказа/ч; окно block_06_12: история 0.31, цикл 0.32; выбрано: время полного цикла доставки; страховой запас 0%"
348,Рига Холл,kfm,2026-09-28,9,09:00-10:00,medium,block_06_12,auto,0.78,2.74,16.22,21.19,42.38,1.47,0.31,0.32,0.32,1.0,1,cycle_time,segment_shift_history,location_cycle_time,location_hour,location_hour,"Нужно 1 кур.; прогноз 0.8 заказа/ч; окно block_06_12: история 0.31, цикл 0.32; выбрано: время полного цикла доставки; страховой запас 0%"
348,Рига Холл,kfm,2026-09-28,10,10:00-11:00,medium,block_06_12,auto,0.63,2.74,20.85,21.19,42.38,1.47,0.31,0.32,0.32,1.0,1,cycle_time,segment_shift_history,location_cycle_time,location_hour,location_hour,"Нужно 1 кур.; прогноз 0.6 заказа/ч; окно block_06_12: история 0.31, цикл 0.32; выбрано: время полного цикла доставки; страховой запас 0%"
348,Рига Холл,kfm,2026-09-28,11,11:00-12:00,medium,block_06_12,auto,0.55,2.74,16.39,21.19,42.38,1.47,0.31,0.32,0.32,1.0,1,cycle_time,segment_shift_history,location_cycle_time,location_hour,location_hour,"Нужно 1 кур.; прогноз 0.5 заказа/ч; окно block_06_12: история 0.31, цикл 0.32; выбрано: время полного цикла доставки; страховой запас 0%"
348,Рига Холл,kfm,2026-09-28,12,12:00-13:00,medium,block_12_18,auto,0.97,4.55,16.1,21.6,43.2,1.29,0.59,0.55,0.59,1.0,1,history,segment_shift_history,location_cycle_time,location_hour,location_hour,"Нужно 1 кур.; прогноз 1.0 заказа/ч; окно block_12_18: история 0.59, цикл 0.55; выбрано: историческая производительность; страховой запас 0%"
348,Рига Холл,kfm,2026-09-28,13,13:00-14:00,medium,block_12_18,auto,0.78,4.55,15.88,21.6,43.2,1.29,0.59,0.55,0.59,1.0,1,history,segment_shift_history,location_cycle_time,location_hour,location_hour,"Нужно 1 кур.; прогноз 0.8 заказа/ч; окно block_12_18: история 0.59, цикл 0.55; выбрано: историческая производительность; страховой запас 0%"
348,Рига Холл,kfm,2026-09-28,14,14:00-15:00,medium,block_12_18,auto,0.89,4.55,17.35,21.6,43.2,1.29,0.59,0.55,0.59,1.0,1,history,segment_shift_history,location_cycle_time,location_hour,location_hour,"Нужно 1 кур.; прогноз 0.9 заказа/ч; окно block_12_18: история 0.59, цикл 0.55; выбрано: историческая производительность; страховой запас 0%"
348,Рига Холл,kfm,2026-09-28,15,15:00-16:00,medium,block_12_18,auto,0.86,4.55,18.23,21.6,43.2,1.29,0.59,0.55,0.59,1.0,1,history,segment_shift_history,location_cycle_time,location_hour,location_hour,"Нужно 1 кур.; прогноз 0.9 заказа/ч; окно block_12_18: история 0.59, цикл 0.55; выбрано: историческая производительность; страховой запас 0%"
348,Рига Холл,kfm,2026-09-28,16,16:00-17:00,medium,block_12_18,auto,0.43,4.55,16.99,21.6,43.2,1.29,0.59,0.55,0.59,1.0,1,history,segment_shift_history,location_cycle_time,location_hour,location_hour,"Нужно 1 кур.; прогноз 0.4 заказа/ч; окно block_12_18: история 0.59, цикл 0.55; выбрано: историческая производительность; страховой запас 0%"
348,Рига Холл,kfm,2026-09-28,17,17:00-18:00,medium,block_12_18,auto,0.62,4.55,20.19,21.6,43.2,1.29,0.59,0.55,0.59,1.0,1,history,segment_shift_history,location_cycle_time,location_hour,location_hour,"Нужно 1 кур.; прогноз 0.6 заказа/ч; окно block_12_18: история 0.59, цикл 0.55; выбрано: историческая производительность; страховой запас 0%"
348,Рига Холл,kfm,2026-09-28,18,18:00-19:00,medium,block_18_24,auto,1.3,2.73,19.39,21.69,43.38,1.69,0.27,0.33,0.33,1.0,1,cycle_time,segment_shift_history,location_cycle_time,location_hour,location_hour,"Нужно 1 кур.; прогноз 1.3 заказа/ч; окно block_18_24: история 0.27, цикл 0.33; выбрано: время полного цикла доставки; страховой запас 0%"
348,Рига Холл,kfm,2026-09-28,19,19:00-20:00,medium,block_18_24,auto,0.72,2.73,17.18,21.69,43.38,1.69,0.27,0.33,0.33,1.0,1,cycle_time,segment_shift_history,location_cycle_time,location_hour,location_hour,"Нужно 1 кур.; прогноз 0.7 заказа/ч; окно block_18_24: история 0.27, цикл 0.33; выбрано: время полного цикла доставки; страховой запас 0%"
348,Рига Холл,kfm,2026-09-28,20,20:00-21:00,medium,block_18_24,auto,0.65,2.73,17.64,21.69,43.38,1.69,0.27,0.33,0.33,1.0,1,cycle_time,segment_shift_history,location_cycle_time,location_hour,location_hour,"Нужно 1 кур.; прогноз 0.7 заказа/ч; окно block_18_24: история 0.27, цикл 0.33; выбрано: время полного цикла доставки; страховой запас 0%"
35,Ленинский,kfm,2026-09-28,8,08:00-09:00,high,early_morning,auto,2.34,2.34,22.27,24.64,49.28,1.45,1.61,1.92,1.92,1.0,2,cycle_time,segment_shift_history,location_cycle_time,location_hour,location_hour,"Нужно 2 кур.; прогноз 2.3 заказа/ч; окно early_morning: история 1.61, цикл 1.92; выбрано: время полного цикла доставки; страховой запас 0%"
35,Ленинский,kfm,2026-09-28,9,09:00-10:00,high,morning,auto,3.58,7.6,21.98,25.54,51.08,1.54,2.47,3.24,3.24,1.0,3,cycle_time,location_shift_history,location_cycle_time,location_hour,location_hour,"Нужно 3 кур.; прогноз 3.6 заказа/ч; окно morning: история 2.47, цикл 3.24; выбрано: время полного цикла доставки; страховой запас 0%"
35,Ленинский,kfm,2026-09-28,10,10:00-11:00,high,morning,auto,4.02,7.6,22.8,25.54,51.08,1.54,2.47,3.24,3.24,1.0,3,cycle_time,location_shift_history,location_cycle_time,location_hour,location_hour,"Нужно 3 кур.; прогноз 4.0 заказа/ч; окно morning: история 2.47, цикл 3.24; выбрано: время полного цикла доставки; страховой запас 0%"
35,Ленинский,kfm,2026-09-28,11,11:00-12:00,high,lunch,auto,4.9,17.7,23.21,26.33,52.66,1.33,3.32,3.88,3.88,1.0,4,cycle_time,location_shift_history,location_cycle_time,location_hour,location_hour,"Нужно 4 кур.; прогноз 4.9 заказа/ч; окно lunch: история 3.32, цикл 3.88; выбрано: время полного цикла доставки; страховой запас 0%"
35,Ленинский,kfm,2026-09-28,12,12:00-13:00,high,lunch,auto,3.99,17.7,23.64,26.33,52.66,1.33,3.32,3.88,3.88,1.0,4,cycle_time,location_shift_history,location_cycle_time,location_hour,location_hour,"Нужно 4 кур.; прогноз 4.0 заказа/ч; окно lunch: история 3.32, цикл 3.88; выбрано: время полного цикла доставки; страховой запас 0%"
35,Ленинский,kfm,2026-09-28,13,13:00-14:00,high,lunch,auto,4.78,17.7,22.54,26.33,52.66,1.33,3.32,3.88,3.88,1.0,4,cycle_time,location_shift_history,location_cycle_time,location_hour,location_hour,"Нужно 4 кур.; прогноз 4.8 заказа/ч; окно lunch: история 3.32, цикл 3.88; выбрано: время полного цикла доставки; страховой запас 0%"
35,Ленинский,kfm,2026-09-28,14,14:00-15:00,high,lunch,auto,4.03,17.7,22.29,26.33,52.66,1.33,3.32,3.88,3.88,1.0,4,cycle_time,location_shift_history,location_cycle_time,location_hour,location_hour,"Нужно 4 кур.; прогноз 4.0 заказа/ч; окно lunch: история 3.32, цикл 3.88; выбрано: время полного цикла доставки; страховой запас 0%"
35,Ленинский,kfm,2026-09-28,15,15:00-16:00,high,afternoon,auto,3.93,8.98,23.49,31.08,62.16,1.23,2.43,3.1,3.1,1.0,3,cycle_time,location_shift_history,location_cycle_time,location_hour,location_hour,"Нужно 3 кур.; прогноз 3.9 заказа/ч; окно afternoon: история 2.43, цикл 3.10; выбрано: время полного цикла доставки; страховой запас 0%"
35,Ленинский,kfm,2026-09-28,16,16:00-17:00,high,afternoon,auto,3.02,8.98,28.88,31.08,62.16,1.23,2.43,3.1,3.1,1.0,3,cycle_time,location_shift_history,location_cycle_time,location_hour,location_hour,"Нужно 3 кур.; прогноз 3.0 заказа/ч; окно afternoon: история 2.43, цикл 3.10; выбрано: время полного цикла доставки; страховой запас 0%"
35,Ленинский,kfm,2026-09-28,17,17:00-18:00,high,afternoon,auto,2.03,8.98,29.62,31.08,62.16,1.23,2.43,3.1,3.1,1.0,3,cycle_time,location_shift_history,location_cycle_time,location_hour,location_hour,"Нужно 3 кур.; прогноз 2.0 заказа/ч; окно afternoon: история 2.43, цикл 3.10; выбрано: время полного цикла доставки; страховой запас 0%"
35,Ленинский,kfm,2026-09-28,18,18:00-19:00,high,dinner,auto,3.3,8.52,29.77,31.29,62.58,1.4,2.02,2.96,2.96,1.0,3,cycle_time,location_shift_history,location_cycle_time,location_hour,location_hour,"Нужно 3 кур.; прогноз 3.3 заказа/ч; окно dinner: история 2.02, цикл 2.96; выбрано: время полного цикла доставки; страховой запас 0%"
35,Ленинский,kfm,2026-09-28,19,19:00-20:00,high,dinner,auto,3.17,8.52,24.56,31.29,62.58,1.4,2.02,2.96,2.96,1.0,3,cycle_time,location_shift_history,location_cycle_time,location_hour,location_hour,"Нужно 3 кур.; прогноз 3.2 заказа/ч; окно dinner: история 2.02, цикл 2.96; выбрано: время полного цикла доставки; страховой запас 0%"
35,Ленинский,kfm,2026-09-28,20,20:00-21:00,high,dinner,auto,2.05,8.52,24.07,31.29,62.58,1.4,2.02,2.96,2.96,1.0,3,cycle_time,location_shift_history,location_cycle_time,location_hour,location_hour,"Нужно 3 кур.; прогноз 2.0 заказа/ч; окно dinner: история 2.02, цикл 2.96; выбрано: время полного цикла доставки; страховой запас 0%"
35,Ленинский,kfm,2026-09-28,21,21:00-22:00,high,late_evening,auto,2.56,3.54,21.19,23.75,47.5,1.33,0.89,0.93,0.93,1.0,1,cycle_time,segment_shift_history,location_cycle_time,location_hour,location_hour,"Нужно 1 кур.; прогноз 2.6 заказа/ч; окно late_evening: история 0.89, цикл 0.93; выбрано: время полного цикла доставки; страховой запас 0%"
35,Ленинский,kfm,2026-09-28,22,22:00-23:00,high,late_evening,auto,0.98,3.54,22.84,23.75,47.5,1.33,0.89,0.93,0.93,1.0,1,cycle_time,segment_shift_history,location_cycle_time,location_hour,location_hour,"Нужно 1 кур.; прогноз 1.0 заказа/ч; окно late_evening: история 0.89, цикл 0.93; выбрано: время полного цикла доставки; страховой запас 0%"
35,Ленинский,kfm,2026-09-28,8,08:00-09:00,high,early_morning,bike,0.93,0.93,12.35,14.12,28.24,2.73,0.34,0.44,0.44,1.0,0,cycle_time,segment_shift_history,location_cycle_time,location_hour,location_hour,"Нужно 0 кур.; прогноз 0.9 заказа/ч; окно early_morning: история 0.34, цикл 0.44; выбрано: время полного цикла доставки; страховой запас 0%"
35,Ленинский,kfm,2026-09-28,9,09:00-10:00,high,morning,bike,1.42,3.02,13.94,15.37,30.74,2.82,0.54,0.77,0.77,1.0,1,cycle_time,segment_shift_history,location_cycle_time,location_hour,location_hour,"Нужно 1 кур.; прогноз 1.4 заказа/ч; окно morning: история 0.54, цикл 0.77; выбрано: время полного цикла доставки; страховой запас 0%"
35,Ленинский,kfm,2026-09-28,10,10:00-11:00,high,morning,bike,1.6,3.02,11.71,15.37,30.74,2.82,0.54,0.77,0.77,1.0,1,cycle_time,segment_shift_history,location_cycle_time,location_hour,location_hour,"Нужно 1 кур.; прогноз 1.6 заказа/ч; окно morning: история 0.54, цикл 0.77; выбрано: время полного цикла доставки; страховой запас 0%"
35,Ленинский,kfm,2026-09-28,11,11:00-12:00,high,lunch,bike,1.94,7.02,13.07,14.89,29.78,2.63,0.67,0.87,0.87,1.0,1,cycle_time,segment_shift_history,location_cycle_time,location_hour,location_hour,"Нужно 1 кур.; прогноз 1.9 заказа/ч; окно lunch: история 0.67, цикл 0.87; выбрано: время полного цикла доставки; страховой запас 0%"
35,Ленинский,kfm,2026-09-28,12,12:00-13:00,high,lunch,bike,1.58,7.02,12.47,14.89,29.78,2.63,0.67,0.87,0.87,1.0,1,cycle_time,segment_shift_history,location_cycle_time,location_hour,location_hour,"Нужно 1 кур.; прогноз 1.6 заказа/ч; окно lunch: история 0.67, цикл 0.87; выбрано: время полного цикла доставки; страховой запас 0%"
35,Ленинский,kfm,2026-09-28,13,13:00-14:00,high,lunch,bike,1.9,7.02,12.57,14.89,29.78,2.63,0.67,0.87,0.87,1.0,1,cycle_time,segment_shift_history,location_cycle_time,location_hour,location_hour,"Нужно 1 кур.; прогноз 1.9 заказа/ч; окно lunch: история 0.67, цикл 0.87; выбрано: время полного цикла доставки; страховой запас 0%"
35,Ленинский,kfm,2026-09-28,14,14:00-15:00,high,lunch,bike,1.6,7.02,14.53,14.89,29.78,2.63,0.67,0.87,0.87,1.0,1,cycle_time,segment_shift_history,location_cycle_time,location_hour,location_hour,"Нужно 1 кур.; прогноз 1.6 заказа/ч; окно lunch: история 0.67, цикл 0.87; выбрано: время полного цикла доставки; страховой запас 0%"
35,Ленинский,kfm,2026-09-28,15,15:00-16:00,high,afternoon,bike,1.56,3.56,14.08,16.04,32.08,1.96,0.61,0.63,0.63,1.0,1,cycle_time,segment_shift_history,location_cycle_time,location_hour,location_hour,"Нужно 1 кур.; прогноз 1.6 заказа/ч; окно afternoon: история 0.61, цикл 0.63; выбрано: время полного цикла доставки; страховой запас 0%"
35,Ленинский,kfm,2026-09-28,16,16:00-17:00,high,afternoon,bike,1.2,3.56,13.96,16.04,32.08,1.96,0.61,0.63,0.63,1.0,1,cycle_time,segment_shift_history,location_cycle_time,location_hour,location_hour,"Нужно 1 кур.; прогноз 1.2 заказа/ч; окно afternoon: история 0.61, цикл 0.63; выбрано: время полного цикла доставки; страховой запас 0%"
35,Ленинский,kfm,2026-09-28,17,17:00-18:00,high,afternoon,bike,0.8,3.56,13.91,16.04,32.08,1.96,0.61,0.63,0.63,1.0,1,cycle_time,segment_shift_history,location_cycle_time,location_hour,location_hour,"Нужно 1 кур.; прогноз 0.8 заказа/ч; окно afternoon: история 0.61, цикл 0.63; выбрано: время полного цикла доставки; страховой запас 0%"
35,Ленинский,kfm,2026-09-28,18,18:00-19:00,high,dinner,bike,1.31,3.38,14.78,15.71,31.42,2.32,0.48,0.59,0.59,1.0,1,cycle_time,segment_shift_history,location_cycle_time,location_hour,location_hour,"Нужно 1 кур.; прогноз 1.3 заказа/ч; окно dinner: история 0.48, цикл 0.59; выбрано: время полного цикла доставки; страховой запас 0%"
35,Ленинский,kfm,2026-09-28,19,19:00-20:00,high,dinner,bike,1.26,3.38,14.15,15.71,31.42,2.32,0.48,0.59,0.59,1.0,1,cycle_time,segment_shift_history,location_cycle_time,location_hour,location_hour,"Нужно 1 кур.; прогноз 1.3 заказа/ч; окно dinner: история 0.48, цикл 0.59; выбрано: время полного цикла доставки; страховой запас 0%"
35,Ленинский,kfm,2026-09-28,20,20:00-21:00,high,dinner,bike,0.81,3.38,14.37,15.71,31.42,2.32,0.48,0.59,0.59,1.0,1,cycle_time,segment_shift_history,location_cycle_time,location_hour,location_hour,"Нужно 1 кур.; прогноз 0.8 заказа/ч; окно dinner: история 0.48, цикл 0.59; выбрано: время полного цикла доставки; страховой запас 0%"
35,Ленинский,kfm,2026-09-28,21,21:00-22:00,high,late_evening,bike,1.02,1.4,6.73,11.48,22.95,1.98,0.24,0.18,0.24,1.0,0,history,segment_shift_history,segment_cycle_time,location_hour,location_hour,"Нужно 0 кур.; прогноз 1.0 заказа/ч; окно late_evening: история 0.24, цикл 0.18; выбрано: историческая производительность; страховой запас 0%"
35,Ленинский,kfm,2026-09-28,22,22:00-23:00,high,late_evening,bike,0.39,1.4,14.97,11.48,22.95,1.98,0.24,0.18,0.24,1.0,0,history,segment_shift_history,segment_cycle_time,location_hour,location_hour,"Нужно 0 кур.; прогноз 0.4 заказа/ч; окно late_evening: история 0.24, цикл 0.18; выбрано: историческая производительность; страховой запас 0%"
37,БТ Усачева,kfm,2026-09-28,8,08:00-09:00,medium,block_06_12,bike,1.52,6.96,10.28,11.27,22.54,2.94,0.39,0.44,0.44,1.0,1,cycle_time,segment_shift_history,location_cycle_time,location_hour,location_hour,"Нужно 1 кур.; прогноз 1.5 заказа/ч; окно block_06_12: история 0.39, цикл 0.44; выбрано: время полного цикла доставки; страховой запас 0%"
37,БТ Усачева,kfm,2026-09-28,9,09:00-10:00,medium,block_06_12,bike,1.75,6.96,10.81,11.27,22.54,2.94,0.39,0.44,0.44,1.0,1,cycle_time,segment_shift_history,location_cycle_time,location_hour,location_hour,"Нужно 1 кур.; прогноз 1.8 заказа/ч; окно block_06_12: история 0.39, цикл 0.44; выбрано: время полного цикла доставки; страховой запас 0%"
37,БТ Усачева,kfm,2026-09-28,10,10:00-11:00,medium,block_06_12,bike,1.37,6.96,9.94,11.27,22.54,2.94,0.39,0.44,0.44,1.0,1,cycle_time,segment_shift_history,location_cycle_time,location_hour,location_hour,"Нужно 1 кур.; прогноз 1.4 заказа/ч; окно block_06_12: история 0.39, цикл 0.44; выбрано: время полного цикла доставки; страховой запас 0%"
37,БТ Усачева,kfm,2026-09-28,11,11:00-12:00,medium,block_06_12,bike,1.83,6.96,9.63,11.27,22.54,2.94,0.39,0.44,0.44,1.0,1,cycle_time,segment_shift_history,location_cycle_time,location_hour,location_hour,"Нужно 1 кур.; прогноз 1.8 заказа/ч; окно block_06_12: история 0.39, цикл 0.44; выбрано: время полного цикла доставки; страховой запас 0%"
37,БТ Усачева,kfm,2026-09-28,12,12:00-13:00,medium,block_12_18,bike,1.74,6.7,10.82,12.98,25.96,2.95,0.38,0.48,0.48,1.0,1,cycle_time,segment_shift_history,location_cycle_time,location_hour,location_hour,"Нужно 1 кур.; прогноз 1.7 заказа/ч; окно block_12_18: история 0.38, цикл 0.48; выбрано: время полного цикла доставки; страховой запас 0%"
37,БТ Усачева,kfm,2026-09-28,13,13:00-14:00,medium,block_12_18,bike,1.89,6.7,10.02,12.98,25.96,2.95,0.38,0.48,0.48,1.0,1,cycle_time,segment_shift_history,location_cycle_time,location_hour,location_hour,"Нужно 1 кур.; прогноз 1.9 заказа/ч; окно block_12_18: история 0.38, цикл 0.48; выбрано: время полного цикла доставки; страховой запас 0%"
37,БТ Усачева,kfm,2026-09-28,14,14:00-15:00,medium,block_12_18,bike,1.33,6.7,10.78,12.98,25.96,2.95,0.38,0.48,0.48,1.0,1,cycle_time,segment_shift_history,location_cycle_time,location_hour,location_hour,"Нужно 1 кур.; прогноз 1.3 заказа/ч; окно block_12_18: история 0.38, цикл 0.48; выбрано: время полного цикла доставки; страховой запас 0%"
37,БТ Усачева,kfm,2026-09-28,15,15:00-16:00,medium,block_12_18,bike,0.87,6.7,12.4,12.98,25.96,2.95,0.38,0.48,0.48,1.0,1,cycle_time,segment_shift_history,location_cycle_time,location_hour,location_hour,"Нужно 1 кур.; прогноз 0.9 заказа/ч; окно block_12_18: история 0.38, цикл 0.48; выбрано: время полного цикла доставки; страховой запас 0%"
37,БТ Усачева,kfm,2026-09-28,16,16:00-17:00,medium,block_12_18,bike,0.61,6.7,15.0,12.98,25.96,2.95,0.38,0.48,0.48,1.0,1,cycle_time,segment_shift_history,location_cycle_time,location_hour,location_hour,"Нужно 1 кур.; прогноз 0.6 заказа/ч; окно block_12_18: история 0.38, цикл 0.48; выбрано: время полного цикла доставки; страховой запас 0%"
37,БТ Усачева,kfm,2026-09-28,17,17:00-18:00,medium,block_12_18,bike,0.26,6.7,8.61,12.98,25.96,2.95,0.38,0.48,0.48,1.0,1,cycle_time,segment_shift_history,location_cycle_time,location_hour,location_hour,"Нужно 1 кур.; прогноз 0.3 заказа/ч; окно block_12_18: история 0.38, цикл 0.48; выбрано: время полного цикла доставки; страховой запас 0%"
37,БТ Усачева,kfm,2026-09-28,18,18:00-19:00,medium,block_18_24,bike,0.45,1.43,9.33,12.41,24.82,2.16,0.11,0.1,0.11,1.0,1,history,segment_shift_history,location_cycle_time,location_hour,location_hour,"Нужно 1 кур.; прогноз 0.5 заказа/ч; окно block_18_24: история 0.11, цикл 0.10; выбрано: историческая производительность; страховой запас 0%"
37,БТ Усачева,kfm,2026-09-28,19,19:00-20:00,medium,block_18_24,bike,0.53,1.43,10.8,12.41,24.82,2.16,0.11,0.1,0.11,1.0,1,history,segment_shift_history,location_cycle_time,location_hour,location_hour,"Нужно 1 кур.; прогноз 0.5 заказа/ч; окно block_18_24: история 0.11, цикл 0.10; выбрано: историческая производительность; страховой запас 0%"
37,БТ Усачева,kfm,2026-09-28,20,20:00-21:00,medium,block_18_24,bike,0.45,1.43,14.72,12.41,24.82,2.16,0.11,0.1,0.11,1.0,1,history,segment_shift_history,location_cycle_time,location_hour,location_hour,"Нужно 1 кур.; прогноз 0.5 заказа/ч; окно block_18_24: история 0.11, цикл 0.10; выбрано: историческая производительность; страховой запас 0%"
37,БТ Усачева,kfm,2026-09-28,21,21:00-22:00,medium,block_18_24,bike,0.0,1.43,7.57,12.41,24.82,2.16,0.11,0.1,0.11,1.0,1,history,segment_shift_history,location_cycle_time,global_hour,location_hour,"Нужно 1 кур.; прогноз 0.0 заказа/ч; окно block_18_24: история 0.11, цикл 0.10; выбрано: историческая производительность; страховой запас 0%"
37,БТ Усачева,kfm,2026-09-28,22,22:00-23:00,medium,block_18_24,bike,0.0,1.43,9.8,12.41,24.82,2.16,0.11,0.1,0.11,1.0,1,history,segment_shift_history,location_cycle_time,global_hour,global_hour,"Нужно 1 кур.; прогноз 0.0 заказа/ч; окно block_18_24: история 0.11, цикл 0.10; выбрано: историческая производительность; страховой запас 0%"
37,БТ Усачева,kfm,2026-09-28,23,23:00-24:00,medium,block_18_24,bike,0.0,1.43,9.15,12.41,24.82,2.16,0.11,0.1,0.11,1.0,1,history,segment_shift_history,location_cycle_time,global_hour,global_hour,"Нужно 1 кур.; прогноз 0.0 заказа/ч; окно block_18_24: история 0.11, цикл 0.10; выбрано: историческая производительность; страховой запас 0%"
38,Нева,kfm,2026-09-28,8,08:00-09:00,medium,block_06_12,bike,0.18,0.89,8.83,10.53,21.06,2.94,0.05,0.05,0.05,1.0,1,cycle_time,segment_shift_history,segment_cycle_time,location_hour,location_hour,"Нужно 1 кур.; прогноз 0.2 заказа/ч; окно block_06_12: история 0.05, цикл 0.05; выбрано: время полного цикла доставки; страховой запас 0%"
38,Нева,kfm,2026-09-28,9,09:00-10:00,medium,block_06_12,bike,0.15,0.89,8.29,10.53,21.06,2.94,0.05,0.05,0.05,1.0,1,cycle_time,segment_shift_history,segment_cycle_time,location_hour,location_hour,"Нужно 1 кур.; прогноз 0.1 заказа/ч; окно block_06_12: история 0.05, цикл 0.05; выбрано: время полного цикла доставки; страховой запас 0%"
38,Нева,kfm,2026-09-28,10,10:00-11:00,medium,block_06_12,bike,0.3,0.89,10.11,10.53,21.06,2.94,0.05,0.05,0.05,1.0,1,cycle_time,segment_shift_history,segment_cycle_time,location_hour,global_hour,"Нужно 1 кур.; прогноз 0.3 заказа/ч; окно block_06_12: история 0.05, цикл 0.05; выбрано: время полного цикла доставки; страховой запас 0%"
38,Нева,kfm,2026-09-28,11,11:00-12:00,medium,block_06_12,bike,0.25,0.89,10.41,10.53,21.06,2.94,0.05,0.05,0.05,1.0,1,cycle_time,segment_shift_history,segment_cycle_time,location_hour,global_hour,"Нужно 1 кур.; прогноз 0.3 заказа/ч; окно block_06_12: история 0.05, цикл 0.05; выбрано: время полного цикла доставки; страховой запас 0%"
38,Нева,kfm,2026-09-28,12,12:00-13:00,medium,block_12_18,bike,0.42,1.97,10.37,7.96,15.92,2.95,0.11,0.09,0.11,1.0,1,history,segment_shift_history,location_cycle_time,location_hour,global_hour,"Нужно 1 кур.; прогноз 0.4 заказа/ч; окно block_12_18: история 0.11, цикл 0.09; выбрано: историческая производительность; страховой запас 0%"
38,Нева,kfm,2026-09-28,13,13:00-14:00,medium,block_12_18,bike,0.41,1.97,7.7,7.96,15.92,2.95,0.11,0.09,0.11,1.0,1,history,segment_shift_history,location_cycle_time,location_hour,location_hour,"Нужно 1 кур.; прогноз 0.4 заказа/ч; окно block_12_18: история 0.11, цикл 0.09; выбрано: историческая производительность; страховой запас 0%"
38,Нева,kfm,2026-09-28,14,14:00-15:00,medium,block_12_18,bike,0.4,1.97,10.2,7.96,15.92,2.95,0.11,0.09,0.11,1.0,1,history,segment_shift_history,location_cycle_time,location_hour,global_hour,"Нужно 1 кур.; прогноз 0.4 заказа/ч; окно block_12_18: история 0.11, цикл 0.09; выбрано: историческая производительность; страховой запас 0%"
38,Нева,kfm,2026-09-28,15,15:00-16:00,medium,block_12_18,bike,0.21,1.97,10.75,7.96,15.92,2.95,0.11,0.09,0.11,1.0,1,history,segment_shift_history,location_cycle_time,location_hour,global_hour,"Нужно 1 кур.; прогноз 0.2 заказа/ч; окно block_12_18: история 0.11, цикл 0.09; выбрано: историческая производительность; страховой запас 0%"
38,Нева,kfm,2026-09-28,16,16:00-17:00,medium,block_12_18,bike,0.31,1.97,9.8,7.96,15.92,2.95,0.11,0.09,0.11,1.0,1,history,segment_shift_history,location_cycle_time,location_hour,location_hour,"Нужно 1 кур.; прогноз 0.3 заказа/ч; окно block_12_18: история 0.11, цикл 0.09; выбрано: историческая производительность; страховой запас 0%"
38,Нева,kfm,2026-09-28,17,17:00-18:00,medium,block_12_18,bike,0.22,1.97,5.19,7.96,15.92,2.95,0.11,0.09,0.11,1.0,1,history,segment_shift_history,location_cycle_time,location_hour,location_hour,"Нужно 1 кур.; прогноз 0.2 заказа/ч; окно block_12_18: история 0.11, цикл 0.09; выбрано: историческая производительность; страховой запас 0%"
38,Нева,kfm,2026-09-28,18,18:00-19:00,medium,block_18_24,bike,0.7,5.31,5.4,6.7,13.4,2.16,0.41,0.2,0.41,1.0,1,history,segment_shift_history,location_cycle_time,location_hour,location_hour,"Нужно 1 кур.; прогноз 0.7 заказа/ч; окно block_18_24: история 0.41, цикл 0.20; выбрано: историческая производительность; страховой запас 0%"
38,Нева,kfm,2026-09-28,19,19:00-20:00,medium,block_18_24,bike,0.74,5.31,5.71,6.7,13.4,2.16,0.41,0.2,0.41,1.0,1,history,segment_shift_history,location_cycle_time,location_hour,location_hour,"Нужно 1 кур.; прогноз 0.7 заказа/ч; окно block_18_24: история 0.41, цикл 0.20; выбрано: историческая производительность; страховой запас 0%"
38,Нева,kfm,2026-09-28,20,20:00-21:00,medium,block_18_24,bike,1.37,5.31,5.33,6.7,13.4,2.16,0.41,0.2,0.41,1.0,1,history,segment_shift_history,location_cycle_time,location_hour,location_hour,"Нужно 1 кур.; прогноз 1.4 заказа/ч; окно block_18_24: история 0.41, цикл 0.20; выбрано: историческая производительность; страховой запас 0%"
38,Нева,kfm,2026-09-28,21,21:00-22:00,medium,block_18_24,bike,1.29,5.31,4.44,6.7,13.4,2.16,0.41,0.2,0.41,1.0,1,history,segment_shift_history,location_cycle_time,location_hour,location_hour,"Нужно 1 кур.; прогноз 1.3 заказа/ч; окно block_18_24: история 0.41, цикл 0.20; выбрано: историческая производительность; страховой запас 0%"
38,Нева,kfm,2026-09-28,22,22:00-23:00,medium,block_18_24,bike,0.94,5.31,5.44,6.7,13.4,2.16,0.41,0.2,0.41,1.0,1,history,segment_shift_history,location_cycle_time,location_hour,location_hour,"Нужно 1 кур.; прогноз 0.9 заказа/ч; окно block_18_24: история 0.41, цикл 0.20; выбрано: историческая производительность; страховой запас 0%"
39,Гребной,kfm,2026-09-28,8,08:00-09:00,high,early_morning,auto,3.34,3.34,21.65,22.97,45.94,1.45,2.3,2.56,2.56,1.0,3,cycle_time,segment_shift_history,location_cycle_time,location_hour,location_hour,"Нужно 3 кур.; прогноз 3.3 заказа/ч; окно early_morning: история 2.30, цикл 2.56; выбрано: время полного цикла доставки; страховой запас 0%"
39,Гребной,kfm,2026-09-28,9,09:00-10:00,high,morning,auto,4.01,9.33,22.59,27.26,54.52,1.84,2.54,4.24,4.24,1.0,4,cycle_time,location_shift_history,location_cycle_time,location_hour,location_hour,"Нужно 4 кур.; прогноз 4.0 заказа/ч; окно morning: история 2.54, цикл 4.24; выбрано: время полного цикла доставки; страховой запас 0%"
39,Гребной,kfm,2026-09-28,10,10:00-11:00,high,morning,auto,5.32,9.33,23.88,27.26,54.52,1.84,2.54,4.24,4.24,1.0,4,cycle_time,location_shift_history,location_cycle_time,location_hour,location_hour,"Нужно 4 кур.; прогноз 5.3 заказа/ч; окно morning: история 2.54, цикл 4.24; выбрано: время полного цикла доставки; страховой запас 0%"
39,Гребной,kfm,2026-09-28,11,11:00-12:00,high,lunch,auto,7.0,25.59,24.13,29.04,58.08,1.54,4.15,6.19,6.19,1.0,6,cycle_time,location_shift_history,location_cycle_time,location_hour,location_hour,"Нужно 6 кур.; прогноз 7.0 заказа/ч; окно lunch: история 4.15, цикл 6.19; выбрано: время полного цикла доставки; страховой запас 0%"
39,Гребной,kfm,2026-09-28,12,12:00-13:00,high,lunch,auto,6.1,25.59,23.34,29.04,58.08,1.54,4.15,6.19,6.19,1.0,6,cycle_time,location_shift_history,location_cycle_time,location_hour,location_hour,"Нужно 6 кур.; прогноз 6.1 заказа/ч; окно lunch: история 4.15, цикл 6.19; выбрано: время полного цикла доставки; страховой запас 0%"
39,Гребной,kfm,2026-09-28,13,13:00-14:00,high,lunch,auto,6.4,25.59,24.53,29.04,58.08,1.54,4.15,6.19,6.19,1.0,6,cycle_time,location_shift_history,location_cycle_time,location_hour,location_hour,"Нужно 6 кур.; прогноз 6.4 заказа/ч; окно lunch: история 4.15, цикл 6.19; выбрано: время полного цикла доставки; страховой запас 0%"
39,Гребной,kfm,2026-09-28,14,14:00-15:00,high,lunch,auto,6.1,25.59,25.19,29.04,58.08,1.54,4.15,6.19,6.19,1.0,6,cycle_time,location_shift_history,location_cycle_time,location_hour,location_hour,"Нужно 6 кур.; прогноз 6.1 заказа/ч; окно lunch: история 4.15, цикл 6.19; выбрано: время полного цикла доставки; страховой запас 0%"
39,Гребной,kfm,2026-09-28,15,15:00-16:00,high,afternoon,auto,4.58,12.17,26.6,29.18,58.36,1.02,3.99,3.95,3.99,1.0,4,history,location_shift_history,location_cycle_time,location_hour,location_hour,"Нужно 4 кур.; прогноз 4.6 заказа/ч; окно afternoon: история 3.99, цикл 3.95; выбрано: историческая производительность; страховой запас 0%"
39,Гребной,kfm,2026-09-28,16,16:00-17:00,high,afternoon,auto,3.24,12.17,24.18,29.18,58.36,1.02,3.99,3.95,3.99,1.0,4,history,location_shift_history,location_cycle_time,location_hour,location_hour,"Нужно 4 кур.; прогноз 3.2 заказа/ч; окно afternoon: история 3.99, цикл 3.95; выбрано: историческая производительность; страховой запас 0%"
39,Гребной,kfm,2026-09-28,17,17:00-18:00,high,afternoon,auto,4.35,12.17,25.51,29.18,58.36,1.02,3.99,3.95,3.99,1.0,4,history,location_shift_history,location_cycle_time,location_hour,location_hour,"Нужно 4 кур.; прогноз 4.3 заказа/ч; окно afternoon: история 3.99, цикл 3.95; выбрано: историческая производительность; страховой запас 0%"
39,Гребной,kfm,2026-09-28,18,18:00-19:00,high,dinner,auto,4.97,11.77,33.27,32.96,65.92,0.98,3.99,4.31,4.31,1.0,4,cycle_time,location_shift_history,location_cycle_time,location_hour,location_hour,"Нужно 4 кур.; прогноз 5.0 заказа/ч; окно dinner: история 3.99, цикл 4.31; выбрано: время полного цикла доставки; страховой запас 0%"
39,Гребной,kfm,2026-09-28,19,19:00-20:00,high,dinner,auto,3.36,11.77,25.21,32.96,65.92,0.98,3.99,4.31,4.31,1.0,4,cycle_time,location_shift_history,location_cycle_time,location_hour,location_hour,"Нужно 4 кур.; прогноз 3.4 заказа/ч; окно dinner: история 3.99, цикл 4.31; выбрано: время полного цикла доставки; страховой запас 0%"
39,Гребной,kfm,2026-09-28,20,20:00-21:00,high,dinner,auto,3.44,11.77,21.69,32.96,65.92,0.98,3.99,4.31,4.31,1.0,4,cycle_time,location_shift_history,location_cycle_time,location_hour,location_hour,"Нужно 4 кур.; прогноз 3.4 заказа/ч; окно dinner: история 3.99, цикл 4.31; выбрано: время полного цикла доставки; страховой запас 0%"
39,Гребной,kfm,2026-09-28,21,21:00-22:00,high,late_evening,auto,1.59,2.76,15.47,23.09,46.19,1.33,0.69,0.71,0.71,1.0,1,cycle_time,segment_shift_history,segment_cycle_time,location_hour,location_hour,"Нужно 1 кур.; прогноз 1.6 заказа/ч; окно late_evening: история 0.69, цикл 0.71; выбрано: время полного цикла доставки; страховой запас 0%"
39,Гребной,kfm,2026-09-28,22,22:00-23:00,high,late_evening,auto,1.17,2.76,16.14,23.09,46.19,1.33,0.69,0.71,0.71,1.0,1,cycle_time,segment_shift_history,segment_cycle_time,location_hour,global_hour,"Нужно 1 кур.; прогноз 1.2 заказа/ч; окно late_evening: история 0.69, цикл 0.71; выбрано: время полного цикла доставки; страховой запас 0%"
4,Аврора,kfm,2026-09-28,8,08:00-09:00,high,early_morning,auto,0.87,0.87,18.23,25.06,50.13,1.45,0.6,0.73,0.73,1.0,1,cycle_time,segment_shift_history,segment_cycle_time,location_hour,location_hour,"Нужно 1 кур.; прогноз 0.9 заказа/ч; окно early_morning: история 0.60, цикл 0.73; выбрано: время полного цикла доставки; страховой запас 0%"
4,Аврора,kfm,2026-09-28,9,09:00-10:00,high,morning,auto,1.59,3.87,22.06,25.22,50.44,1.45,1.33,1.63,1.63,1.0,2,cycle_time,segment_shift_history,location_cycle_time,location_hour,location_hour,"Нужно 2 кур.; прогноз 1.6 заказа/ч; окно morning: история 1.33, цикл 1.63; выбрано: время полного цикла доставки; страховой запас 0%"
4,Аврора,kfm,2026-09-28,10,10:00-11:00,high,morning,auto,2.29,3.87,21.31,25.22,50.44,1.45,1.33,1.63,1.63,1.0,2,cycle_time,segment_shift_history,location_cycle_time,location_hour,location_hour,"Нужно 2 кур.; прогноз 2.3 заказа/ч; окно morning: история 1.33, цикл 1.63; выбрано: время полного цикла доставки; страховой запас 0%"
4,Аврора,kfm,2026-09-28,11,11:00-12:00,high,lunch,auto,2.48,11.49,21.83,22.81,45.62,2.0,1.43,2.18,2.18,1.0,2,cycle_time,location_shift_history,location_cycle_time,location_hour,location_hour,"Нужно 2 кур.; прогноз 2.5 заказа/ч; окно lunch: история 1.43, цикл 2.18; выбрано: время полного цикла доставки; страховой запас 0%"
4,Аврора,kfm,2026-09-28,12,12:00-13:00,high,lunch,auto,2.91,11.49,17.75,22.81,45.62,2.0,1.43,2.18,2.18,1.0,2,cycle_time,location_shift_history,location_cycle_time,location_hour,location_hour,"Нужно 2 кур.; прогноз 2.9 заказа/ч; окно lunch: история 1.43, цикл 2.18; выбрано: время полного цикла доставки; страховой запас 0%"
4,Аврора,kfm,2026-09-28,13,13:00-14:00,high,lunch,auto,3.23,11.49,17.13,22.81,45.62,2.0,1.43,2.18,2.18,1.0,2,cycle_time,location_shift_history,location_cycle_time,location_hour,location_hour,"Нужно 2 кур.; прогноз 3.2 заказа/ч; окно lunch: история 1.43, цикл 2.18; выбрано: время полного цикла доставки; страховой запас 0%"
4,Аврора,kfm,2026-09-28,14,14:00-15:00,high,lunch,auto,2.87,11.49,16.72,22.81,45.62,2.0,1.43,2.18,2.18,1.0,2,cycle_time,location_shift_history,location_cycle_time,location_hour,location_hour,"Нужно 2 кур.; прогноз 2.9 заказа/ч; окно lunch: история 1.43, цикл 2.18; выбрано: время полного цикла доставки; страховой запас 0%"
4,Аврора,kfm,2026-09-28,15,15:00-16:00,high,afternoon,auto,2.31,5.66,18.0,24.39,48.78,1.53,1.24,1.53,1.53,1.0,2,cycle_time,location_shift_history,location_cycle_time,location_hour,location_hour,"Нужно 2 кур.; прогноз 2.3 заказа/ч; окно afternoon: история 1.24, цикл 1.53; выбрано: время полного цикла доставки; страховой запас 0%"
4,Аврора,kfm,2026-09-28,16,16:00-17:00,high,afternoon,auto,1.87,5.66,20.43,24.39,48.78,1.53,1.24,1.53,1.53,1.0,2,cycle_time,location_shift_history,location_cycle_time,location_hour,location_hour,"Нужно 2 кур.; прогноз 1.9 заказа/ч; окно afternoon: история 1.24, цикл 1.53; выбрано: время полного цикла доставки; страховой запас 0%"
4,Аврора,kfm,2026-09-28,17,17:00-18:00,high,afternoon,auto,1.48,5.66,19.79,24.39,48.78,1.53,1.24,1.53,1.53,1.0,2,cycle_time,location_shift_history,location_cycle_time,location_hour,location_hour,"Нужно 2 кур.; прогноз 1.5 заказа/ч; окно afternoon: история 1.24, цикл 1.53; выбрано: время полного цикла доставки; страховой запас 0%"
4,Аврора,kfm,2026-09-28,18,18:00-19:00,high,dinner,auto,1.46,4.9,20.03,25.34,50.68,1.6,1.02,1.38,1.38,1.0,2,cycle_time,location_shift_history,location_cycle_time,location_hour,location_hour,"Нужно 2 кур.; прогноз 1.5 заказа/ч; окно dinner: история 1.02, цикл 1.38; выбрано: время полного цикла доставки; страховой запас 0%"
4,Аврора,kfm,2026-09-28,19,19:00-20:00,high,dinner,auto,2.11,4.9,22.82,25.34,50.68,1.6,1.02,1.38,1.38,1.0,2,cycle_time,location_shift_history,location_cycle_time,location_hour,location_hour,"Нужно 2 кур.; прогноз 2.1 заказа/ч; окно dinner: история 1.02, цикл 1.38; выбрано: время полного цикла доставки; страховой запас 0%"
4,Аврора,kfm,2026-09-28,20,20:00-21:00,high,dinner,auto,1.34,4.9,17.09,25.34,50.68,1.6,1.02,1.38,1.38,1.0,2,cycle_time,location_shift_history,location_cycle_time,location_hour,location_hour,"Нужно 2 кур.; прогноз 1.3 заказа/ч; окно dinner: история 1.02, цикл 1.38; выбрано: время полного цикла доставки; страховой запас 0%"
4,Аврора,kfm,2026-09-28,21,21:00-22:00,high,late_evening,auto,1.11,2.24,16.32,18.4,36.8,1.33,0.56,0.46,0.56,1.0,0,history,segment_shift_history,location_cycle_time,location_hour,location_hour,"Нужно 0 кур.; прогноз 1.1 заказа/ч; окно late_evening: история 0.56, цикл 0.46; выбрано: историческая производительность; страховой запас 0%"
4,Аврора,kfm,2026-09-28,22,22:00-23:00,high,late_evening,auto,0.85,2.24,13.57,18.4,36.8,1.33,0.56,0.46,0.56,1.0,0,history,segment_shift_history,location_cycle_time,location_hour,location_hour,"Нужно 0 кур.; прогноз 0.9 заказа/ч; окно late_evening: история 0.56, цикл 0.46; выбрано: историческая производительность; страховой запас 0%"
4,Аврора,kfm,2026-09-28,23,23:00-24:00,high,late_evening,auto,0.28,2.24,16.62,18.4,36.8,1.33,0.56,0.46,0.56,1.0,0,history,segment_shift_history,location_cycle_time,location_hour,location_hour,"Нужно 0 кур.; прогноз 0.3 заказа/ч; окно late_evening: история 0.56, цикл 0.46; выбрано: историческая производительность; страховой запас 0%"
4,Аврора,kfm,2026-09-28,8,08:00-09:00,high,early_morning,bike,1.44,1.44,9.94,11.43,22.86,2.73,0.53,0.55,0.55,1.0,1,cycle_time,segment_shift_history,location_cycle_time,location_hour,location_hour,"Нужно 1 кур.; прогноз 1.4 заказа/ч; окно early_morning: история 0.53, цикл 0.55; выбрано: время полного цикла доставки; страховой запас 0%"
4,Аврора,kfm,2026-09-28,9,09:00-10:00,high,morning,bike,2.62,6.4,12.28,13.14,26.28,2.01,1.59,1.4,1.59,1.0,1,history,location_shift_history,location_cycle_time,location_hour,location_hour,"Нужно 1 кур.; прогноз 2.6 заказа/ч; окно morning: история 1.59, цикл 1.40; выбрано: историческая производительность; страховой запас 0%"
4,Аврора,kfm,2026-09-28,10,10:00-11:00,high,morning,bike,3.78,6.4,11.17,13.14,26.28,2.01,1.59,1.4,1.59,1.0,1,history,location_shift_history,location_cycle_time,location_hour,location_hour,"Нужно 1 кур.; прогноз 3.8 заказа/ч; окно morning: история 1.59, цикл 1.40; выбрано: историческая производительность; страховой запас 0%"
4,Аврора,kfm,2026-09-28,11,11:00-12:00,high,lunch,bike,4.1,19.0,10.83,11.42,22.84,1.94,2.45,1.81,2.45,1.0,3,history,location_shift_history,location_cycle_time,location_hour,location_hour,"Нужно 3 кур.; прогноз 4.1 заказа/ч; окно lunch: история 2.45, цикл 1.81; выбрано: историческая производительность; страховой запас 0%"
4,Аврора,kfm,2026-09-28,12,12:00-13:00,high,lunch,bike,4.82,19.0,10.35,11.42,22.84,1.94,2.45,1.81,2.45,1.0,3,history,location_shift_history,location_cycle_time,location_hour,location_hour,"Нужно 3 кур.; прогноз 4.8 заказа/ч; окно lunch: история 2.45, цикл 1.81; выбрано: историческая производительность; страховой запас 0%"
4,Аврора,kfm,2026-09-28,13,13:00-14:00,high,lunch,bike,5.34,19.0,10.32,11.42,22.84,1.94,2.45,1.81,2.45,1.0,3,history,location_shift_history,location_cycle_time,location_hour,location_hour,"Нужно 3 кур.; прогноз 5.3 заказа/ч; окно lunch: история 2.45, цикл 1.81; выбрано: историческая производительность; страховой запас 0%"
4,Аврора,kfm,2026-09-28,14,14:00-15:00,high,lunch,bike,4.74,19.0,9.16,11.42,22.84,1.94,2.45,1.81,2.45,1.0,3,history,location_shift_history,location_cycle_time,location_hour,location_hour,"Нужно 3 кур.; прогноз 4.7 заказа/ч; окно lunch: история 2.45, цикл 1.81; выбрано: историческая производительность; страховой запас 0%"
4,Аврора,kfm,2026-09-28,15,15:00-16:00,high,afternoon,bike,3.82,9.35,9.94,11.63,23.26,1.44,2.17,1.21,2.17,1.0,2,history,location_shift_history,location_cycle_time,location_hour,location_hour,"Нужно 2 кур.; прогноз 3.8 заказа/ч; окно afternoon: история 2.17, цикл 1.21; выбрано: историческая производительность; страховой запас 0%"
4,Аврора,kfm,2026-09-28,16,16:00-17:00,high,afternoon,bike,3.09,9.35,10.9,11.63,23.26,1.44,2.17,1.21,2.17,1.0,2,history,location_shift_history,location_cycle_time,location_hour,location_hour,"Нужно 2 кур.; прогноз 3.1 заказа/ч; окно afternoon: история 2.17, цикл 1.21; выбрано: историческая производительность; страховой запас 0%"
4,Аврора,kfm,2026-09-28,17,17:00-18:00,high,afternoon,bike,2.44,9.35,9.56,11.63,23.26,1.44,2.17,1.21,2.17,1.0,2,history,location_shift_history,location_cycle_time,location_hour,location_hour,"Нужно 2 кур.; прогноз 2.4 заказа/ч; окно afternoon: история 2.17, цикл 1.21; выбрано: историческая производительность; страховой запас 0%"
4,Аврора,kfm,2026-09-28,18,18:00-19:00,high,dinner,bike,2.41,8.1,10.24,11.61,23.22,1.98,1.37,1.05,1.37,1.0,1,history,location_shift_history,location_cycle_time,location_hour,location_hour,"Нужно 1 кур.; прогноз 2.4 заказа/ч; окно dinner: история 1.37, цикл 1.05; выбрано: историческая производительность; страховой запас 0%"
4,Аврора,kfm,2026-09-28,19,19:00-20:00,high,dinner,bike,3.48,8.1,11.18,11.61,23.22,1.98,1.37,1.05,1.37,1.0,1,history,location_shift_history,location_cycle_time,location_hour,location_hour,"Нужно 1 кур.; прогноз 3.5 заказа/ч; окно dinner: история 1.37, цикл 1.05; выбрано: историческая производительность; страховой запас 0%"
4,Аврора,kfm,2026-09-28,20,20:00-21:00,high,dinner,bike,2.21,8.1,9.51,11.61,23.22,1.98,1.37,1.05,1.37,1.0,1,history,location_shift_history,location_cycle_time,location_hour,location_hour,"Нужно 1 кур.; прогноз 2.2 заказа/ч; окно dinner: история 1.37, цикл 1.05; выбрано: историческая производительность; страховой запас 0%"
4,Аврора,kfm,2026-09-28,21,21:00-22:00,high,late_evening,bike,1.84,3.71,7.82,9.19,18.38,1.98,0.62,0.38,0.62,1.0,1,history,segment_shift_history,location_cycle_time,location_hour,location_hour,"Нужно 1 кур.; прогноз 1.8 заказа/ч; окно late_evening: история 0.62, цикл 0.38; выбрано: историческая производительность; страховой запас 0%"
4,Аврора,kfm,2026-09-28,22,22:00-23:00,high,late_evening,bike,1.41,3.71,5.67,9.19,18.38,1.98,0.62,0.38,0.62,1.0,1,history,segment_shift_history,location_cycle_time,location_hour,location_hour,"Нужно 1 кур.; прогноз 1.4 заказа/ч; окно late_evening: история 0.62, цикл 0.38; выбрано: историческая производительность; страховой запас 0%"
4,Аврора,kfm,2026-09-28,23,23:00-24:00,high,late_evening,bike,0.46,3.71,9.15,9.19,18.38,1.98,0.62,0.38,0.62,1.0,1,history,segment_shift_history,location_cycle_time,location_hour,global_hour,"Нужно 1 кур.; прогноз 0.5 заказа/ч; окно late_evening: история 0.62, цикл 0.38; выбрано: историческая производительность; страховой запас 0%"
40,БТ Аркус,kfm,2026-09-28,9,09:00-10:00,medium,block_06_12,bike,0.35,1.55,10.37,10.53,21.06,2.94,0.09,0.09,0.09,1.0,0,cycle_time,segment_shift_history,segment_cycle_time,global_hour,global_hour,"Нужно 0 кур.; прогноз 0.4 заказа/ч; окно block_06_12: история 0.09, цикл 0.09; выбрано: время полного цикла доставки; страховой запас 0%"
40,БТ Аркус,kfm,2026-09-28,10,10:00-11:00,medium,block_06_12,bike,0.37,1.55,10.11,10.53,21.06,2.94,0.09,0.09,0.09,1.0,0,cycle_time,segment_shift_history,segment_cycle_time,global_hour,global_hour,"Нужно 0 кур.; прогноз 0.4 заказа/ч; окно block_06_12: история 0.09, цикл 0.09; выбрано: время полного цикла доставки; страховой запас 0%"
40,БТ Аркус,kfm,2026-09-28,11,11:00-12:00,medium,block_06_12,bike,0.39,1.55,10.41,10.53,21.06,2.94,0.09,0.09,0.09,1.0,0,cycle_time,segment_shift_history,segment_cycle_time,global_hour,global_hour,"Нужно 0 кур.; прогноз 0.4 заказа/ч; окно block_06_12: история 0.09, цикл 0.09; выбрано: время полного цикла доставки; страховой запас 0%"
40,БТ Аркус,kfm,2026-09-28,12,12:00-13:00,medium,block_12_18,bike,0.36,1.73,10.37,11.2,22.4,2.95,0.1,0.11,0.11,1.0,0,cycle_time,segment_shift_history,segment_cycle_time,global_hour,global_hour,"Нужно 0 кур.; прогноз 0.4 заказа/ч; окно block_12_18: история 0.10, цикл 0.11; выбрано: время полного цикла доставки; страховой запас 0%"
40,БТ Аркус,kfm,2026-09-28,13,13:00-14:00,medium,block_12_18,bike,0.36,1.73,10.39,11.2,22.4,2.95,0.1,0.11,0.11,1.0,0,cycle_time,segment_shift_history,segment_cycle_time,global_hour,global_hour,"Нужно 0 кур.; прогноз 0.4 заказа/ч; окно block_12_18: история 0.10, цикл 0.11; выбрано: время полного цикла доставки; страховой запас 0%"
40,БТ Аркус,kfm,2026-09-28,14,14:00-15:00,medium,block_12_18,bike,0.31,1.73,10.2,11.2,22.4,2.95,0.1,0.11,0.11,1.0,0,cycle_time,segment_shift_history,segment_cycle_time,global_hour,global_hour,"Нужно 0 кур.; прогноз 0.3 заказа/ч; окно block_12_18: история 0.10, цикл 0.11; выбрано: время полного цикла доставки; страховой запас 0%"
40,БТ Аркус,kfm,2026-09-28,15,15:00-16:00,medium,block_12_18,bike,0.27,1.73,10.75,11.2,22.4,2.95,0.1,0.11,0.11,1.0,0,cycle_time,segment_shift_history,segment_cycle_time,global_hour,global_hour,"Нужно 0 кур.; прогноз 0.3 заказа/ч; окно block_12_18: история 0.10, цикл 0.11; выбрано: время полного цикла доставки; страховой запас 0%"
40,БТ Аркус,kfm,2026-09-28,16,16:00-17:00,medium,block_12_18,bike,0.22,1.73,11.02,11.2,22.4,2.95,0.1,0.11,0.11,1.0,0,cycle_time,segment_shift_history,segment_cycle_time,global_hour,global_hour,"Нужно 0 кур.; прогноз 0.2 заказа/ч; окно block_12_18: история 0.10, цикл 0.11; выбрано: время полного цикла доставки; страховой запас 0%"
40,БТ Аркус,kfm,2026-09-28,17,17:00-18:00,medium,block_12_18,bike,0.21,1.73,10.83,11.2,22.4,2.95,0.1,0.11,0.11,1.0,0,cycle_time,segment_shift_history,segment_cycle_time,global_hour,global_hour,"Нужно 0 кур.; прогноз 0.2 заказа/ч; окно block_12_18: история 0.10, цикл 0.11; выбрано: время полного цикла доставки; страховой запас 0%"
40,БТ Аркус,kfm,2026-09-28,18,18:00-19:00,medium,block_18_24,bike,0.1,0.41,11.1,10.77,21.54,2.16,0.0,0.0,0.0,1.0,0,history,segment_shift_history,segment_cycle_time,global_hour,global_hour,"Нужно 0 кур.; прогноз 0.1 заказа/ч; окно block_18_24: история 0.00, цикл 0.00; выбрано: историческая производительность; страховой запас 0%"
434,Сколково,kfm,2026-09-28,8,08:00-09:00,medium,block_06_12,auto,0.13,10.98,20.93,23.32,46.64,1.31,1.4,1.42,1.42,1.0,2,cycle_time,location_shift_history,location_cycle_time,location_hour,location_hour,"Нужно 2 кур.; прогноз 0.1 заказа/ч; окно block_06_12: история 1.40, цикл 1.42; выбрано: время полного цикла доставки; страховой запас 0%"
434,Сколково,kfm,2026-09-28,9,09:00-10:00,medium,block_06_12,auto,2.78,10.98,21.6,23.32,46.64,1.31,1.4,1.42,1.42,1.0,2,cycle_time,location_shift_history,location_cycle_time,location_hour,location_hour,"Нужно 2 кур.; прогноз 2.8 заказа/ч; окно block_06_12: история 1.40, цикл 1.42; выбрано: время полного цикла доставки; страховой запас 0%"
434,Сколково,kfm,2026-09-28,10,10:00-11:00,medium,block_06_12,auto,4.26,10.98,20.76,23.32,46.64,1.31,1.4,1.42,1.42,1.0,2,cycle_time,location_shift_history,location_cycle_time,location_hour,location_hour,"Нужно 2 кур.; прогноз 4.3 заказа/ч; окно block_06_12: история 1.40, цикл 1.42; выбрано: время полного цикла доставки; страховой запас 0%"
434,Сколково,kfm,2026-09-28,11,11:00-12:00,medium,block_06_12,auto,3.81,10.98,20.9,23.32,46.64,1.31,1.4,1.42,1.42,1.0,2,cycle_time,location_shift_history,location_cycle_time,location_hour,location_hour,"Нужно 2 кур.; прогноз 3.8 заказа/ч; окно block_06_12: история 1.40, цикл 1.42; выбрано: время полного цикла доставки; страховой запас 0%"
434,Сколково,kfm,2026-09-28,12,12:00-13:00,medium,block_12_18,auto,3.89,22.45,23.5,27.19,54.38,1.47,2.55,3.39,3.39,1.0,3,cycle_time,location_shift_history,location_cycle_time,location_hour,location_hour,"Нужно 3 кур.; прогноз 3.9 заказа/ч; окно block_12_18: история 2.55, цикл 3.39; выбрано: время полного цикла доставки; страховой запас 0%"
434,Сколково,kfm,2026-09-28,13,13:00-14:00,medium,block_12_18,auto,4.81,22.45,22.72,27.19,54.38,1.47,2.55,3.39,3.39,1.0,3,cycle_time,location_shift_history,location_cycle_time,location_hour,location_hour,"Нужно 3 кур.; прогноз 4.8 заказа/ч; окно block_12_18: история 2.55, цикл 3.39; выбрано: время полного цикла доставки; страховой запас 0%"
434,Сколково,kfm,2026-09-28,14,14:00-15:00,medium,block_12_18,auto,3.41,22.45,25.01,27.19,54.38,1.47,2.55,3.39,3.39,1.0,3,cycle_time,location_shift_history,location_cycle_time,location_hour,location_hour,"Нужно 3 кур.; прогноз 3.4 заказа/ч; окно block_12_18: история 2.55, цикл 3.39; выбрано: время полного цикла доставки; страховой запас 0%"
434,Сколково,kfm,2026-09-28,15,15:00-16:00,medium,block_12_18,auto,3.83,22.45,23.83,27.19,54.38,1.47,2.55,3.39,3.39,1.0,3,cycle_time,location_shift_history,location_cycle_time,location_hour,location_hour,"Нужно 3 кур.; прогноз 3.8 заказа/ч; окно block_12_18: история 2.55, цикл 3.39; выбрано: время полного цикла доставки; страховой запас 0%"
434,Сколково,kfm,2026-09-28,16,16:00-17:00,medium,block_12_18,auto,2.98,22.45,23.96,27.19,54.38,1.47,2.55,3.39,3.39,1.0,3,cycle_time,location_shift_history,location_cycle_time,location_hour,location_hour,"Нужно 3 кур.; прогноз 3.0 заказа/ч; окно block_12_18: история 2.55, цикл 3.39; выбрано: время полного цикла доставки; страховой запас 0%"
434,Сколково,kfm,2026-09-28,17,17:00-18:00,medium,block_12_18,auto,3.53,22.45,27.12,27.19,54.38,1.47,2.55,3.39,3.39,1.0,3,cycle_time,location_shift_history,location_cycle_time,location_hour,location_hour,"Нужно 3 кур.; прогноз 3.5 заказа/ч; окно block_12_18: история 2.55, цикл 3.39; выбрано: время полного цикла доставки; страховой запас 0%"
434,Сколково,kfm,2026-09-28,18,18:00-19:00,medium,block_18_24,auto,2.63,11.62,24.41,28.13,56.26,1.79,1.08,1.82,1.82,1.0,2,cycle_time,location_shift_history,location_cycle_time,location_hour,location_hour,"Нужно 2 кур.; прогноз 2.6 заказа/ч; окно block_18_24: история 1.08, цикл 1.82; выбрано: время полного цикла доставки; страховой запас 0%"
434,Сколково,kfm,2026-09-28,19,19:00-20:00,medium,block_18_24,auto,3.04,11.62,25.07,28.13,56.26,1.79,1.08,1.82,1.82,1.0,2,cycle_time,location_shift_history,location_cycle_time,location_hour,location_hour,"Нужно 2 кур.; прогноз 3.0 заказа/ч; окно block_18_24: история 1.08, цикл 1.82; выбрано: время полного цикла доставки; страховой запас 0%"
434,Сколково,kfm,2026-09-28,20,20:00-21:00,medium,block_18_24,auto,2.9,11.62,24.39,28.13,56.26,1.79,1.08,1.82,1.82,1.0,2,cycle_time,location_shift_history,location_cycle_time,location_hour,location_hour,"Нужно 2 кур.; прогноз 2.9 заказа/ч; окно block_18_24: история 1.08, цикл 1.82; выбрано: время полного цикла доставки; страховой запас 0%"
434,Сколково,kfm,2026-09-28,21,21:00-22:00,medium,block_18_24,auto,3.04,11.62,20.44,28.13,56.26,1.79,1.08,1.82,1.82,1.0,2,cycle_time,location_shift_history,location_cycle_time,location_hour,location_hour,"Нужно 2 кур.; прогноз 3.0 заказа/ч; окно block_18_24: история 1.08, цикл 1.82; выбрано: время полного цикла доставки; страховой запас 0%"
46,БТ Павелецкая Плаза,kfm,2026-09-28,10,10:00-11:00,medium,block_06_12,bike,0.23,0.99,10.11,10.53,21.06,2.94,0.06,0.06,0.06,1.0,0,cycle_time,segment_shift_history,segment_cycle_time,global_hour,global_hour,"Нужно 0 кур.; прогноз 0.2 заказа/ч; окно block_06_12: история 0.06, цикл 0.06; выбрано: время полного цикла доставки; страховой запас 0%"
46,БТ Павелецкая Плаза,kfm,2026-09-28,11,11:00-12:00,medium,block_06_12,bike,0.25,0.99,10.41,10.53,21.06,2.94,0.06,0.06,0.06,1.0,0,cycle_time,segment_shift_history,segment_cycle_time,global_hour,global_hour,"Нужно 0 кур.; прогноз 0.3 заказа/ч; окно block_06_12: история 0.06, цикл 0.06; выбрано: время полного цикла доставки; страховой запас 0%"
46,БТ Павелецкая Плаза,kfm,2026-09-28,12,12:00-13:00,medium,block_12_18,bike,0.31,1.49,10.37,11.2,22.4,2.95,0.08,0.09,0.09,1.0,0,cycle_time,segment_shift_history,segment_cycle_time,global_hour,global_hour,"Нужно 0 кур.; прогноз 0.3 заказа/ч; окно block_12_18: история 0.08, цикл 0.09; выбрано: время полного цикла доставки; страховой запас 0%"
46,БТ Павелецкая Плаза,kfm,2026-09-28,13,13:00-14:00,medium,block_12_18,bike,0.31,1.49,10.39,11.2,22.4,2.95,0.08,0.09,0.09,1.0,0,cycle_time,segment_shift_history,segment_cycle_time,global_hour,global_hour,"Нужно 0 кур.; прогноз 0.3 заказа/ч; окно block_12_18: история 0.08, цикл 0.09; выбрано: время полного цикла доставки; страховой запас 0%"
46,БТ Павелецкая Плаза,kfm,2026-09-28,14,14:00-15:00,medium,block_12_18,bike,0.27,1.49,10.2,11.2,22.4,2.95,0.08,0.09,0.09,1.0,0,cycle_time,segment_shift_history,segment_cycle_time,global_hour,global_hour,"Нужно 0 кур.; прогноз 0.3 заказа/ч; окно block_12_18: история 0.08, цикл 0.09; выбрано: время полного цикла доставки; страховой запас 0%"
46,БТ Павелецкая Плаза,kfm,2026-09-28,15,15:00-16:00,medium,block_12_18,bike,0.23,1.49,10.75,11.2,22.4,2.95,0.08,0.09,0.09,1.0,0,cycle_time,segment_shift_history,segment_cycle_time,global_hour,global_hour,"Нужно 0 кур.; прогноз 0.2 заказа/ч; окно block_12_18: история 0.08, цикл 0.09; выбрано: время полного цикла доставки; страховой запас 0%"
46,БТ Павелецкая Плаза,kfm,2026-09-28,16,16:00-17:00,medium,block_12_18,bike,0.19,1.49,11.02,11.2,22.4,2.95,0.08,0.09,0.09,1.0,0,cycle_time,segment_shift_history,segment_cycle_time,global_hour,global_hour,"Нужно 0 кур.; прогноз 0.2 заказа/ч; окно block_12_18: история 0.08, цикл 0.09; выбрано: время полного цикла доставки; страховой запас 0%"
46,БТ Павелецкая Плаза,kfm,2026-09-28,17,17:00-18:00,medium,block_12_18,bike,0.18,1.49,10.83,11.2,22.4,2.95,0.08,0.09,0.09,1.0,0,cycle_time,segment_shift_history,segment_cycle_time,global_hour,global_hour,"Нужно 0 кур.; прогноз 0.2 заказа/ч; окно block_12_18: история 0.08, цикл 0.09; выбрано: время полного цикла доставки; страховой запас 0%"
46,БТ Павелецкая Плаза,kfm,2026-09-28,18,18:00-19:00,medium,block_18_24,bike,0.13,0.57,11.1,10.77,21.54,2.16,0.04,0.03,0.04,1.0,0,history,segment_shift_history,segment_cycle_time,global_hour,global_hour,"Нужно 0 кур.; прогноз 0.1 заказа/ч; окно block_18_24: история 0.04, цикл 0.03; выбрано: историческая производительность; страховой запас 0%"
46,БТ Павелецкая Плаза,kfm,2026-09-28,19,19:00-20:00,medium,block_18_24,bike,0.14,0.57,10.71,10.77,21.54,2.16,0.04,0.03,0.04,1.0,0,history,segment_shift_history,segment_cycle_time,global_hour,global_hour,"Нужно 0 кур.; прогноз 0.1 заказа/ч; окно block_18_24: история 0.04, цикл 0.03; выбрано: историческая производительность; страховой запас 0%"
46,БТ Павелецкая Плаза,kfm,2026-09-28,20,20:00-21:00,medium,block_18_24,bike,0.12,0.57,10.4,10.77,21.54,2.16,0.04,0.03,0.04,1.0,0,history,segment_shift_history,segment_cycle_time,global_hour,global_hour,"Нужно 0 кур.; прогноз 0.1 заказа/ч; окно block_18_24: история 0.04, цикл 0.03; выбрано: историческая производительность; страховой запас 0%"
46,БТ Павелецкая Плаза,kfm,2026-09-28,21,21:00-22:00,medium,block_18_24,bike,0.09,0.57,9.94,10.77,21.54,2.16,0.04,0.03,0.04,1.0,0,history,segment_shift_history,segment_cycle_time,global_hour,global_hour,"Нужно 0 кур.; прогноз 0.1 заказа/ч; окно block_18_24: история 0.04, цикл 0.03; выбрано: историческая производительность; страховой запас 0%"
47,БТ Царская Площадь,kfm,2026-09-28,8,08:00-09:00,medium,block_06_12,bike,1.0,5.73,11.08,13.37,26.74,2.94,0.32,0.43,0.43,1.0,0,cycle_time,segment_shift_history,location_cycle_time,location_hour,location_hour,"Нужно 0 кур.; прогноз 1.0 заказа/ч; окно block_06_12: история 0.32, цикл 0.43; выбрано: время полного цикла доставки; страховой запас 0%"
47,БТ Царская Площадь,kfm,2026-09-28,9,09:00-10:00,medium,block_06_12,bike,2.14,5.73,10.95,13.37,26.74,2.94,0.32,0.43,0.43,1.0,0,cycle_time,segment_shift_history,location_cycle_time,location_hour,location_hour,"Нужно 0 кур.; прогноз 2.1 заказа/ч; окно block_06_12: история 0.32, цикл 0.43; выбрано: время полного цикла доставки; страховой запас 0%"
47,БТ Царская Площадь,kfm,2026-09-28,10,10:00-11:00,medium,block_06_12,bike,1.55,5.73,11.77,13.37,26.74,2.94,0.32,0.43,0.43,1.0,0,cycle_time,segment_shift_history,location_cycle_time,location_hour,location_hour,"Нужно 0 кур.; прогноз 1.5 заказа/ч; окно block_06_12: история 0.32, цикл 0.43; выбрано: время полного цикла доставки; страховой запас 0%"
47,БТ Царская Площадь,kfm,2026-09-28,11,11:00-12:00,medium,block_06_12,bike,1.05,5.73,12.09,13.37,26.74,2.94,0.32,0.43,0.43,1.0,0,cycle_time,segment_shift_history,location_cycle_time,location_hour,location_hour,"Нужно 0 кур.; прогноз 1.0 заказа/ч; окно block_06_12: история 0.32, цикл 0.43; выбрано: время полного цикла доставки; страховой запас 0%"
47,БТ Царская Площадь,kfm,2026-09-28,12,12:00-13:00,medium,block_12_18,bike,1.58,5.61,10.96,13.89,27.78,2.95,0.32,0.43,0.43,1.0,0,cycle_time,segment_shift_history,location_cycle_time,location_hour,location_hour,"Нужно 0 кур.; прогноз 1.6 заказа/ч; окно block_12_18: история 0.32, цикл 0.43; выбрано: время полного цикла доставки; страховой запас 0%"
47,БТ Царская Площадь,kfm,2026-09-28,13,13:00-14:00,medium,block_12_18,bike,1.58,5.61,11.31,13.89,27.78,2.95,0.32,0.43,0.43,1.0,0,cycle_time,segment_shift_history,location_cycle_time,location_hour,location_hour,"Нужно 0 кур.; прогноз 1.6 заказа/ч; окно block_12_18: история 0.32, цикл 0.43; выбрано: время полного цикла доставки; страховой запас 0%"
47,БТ Царская Площадь,kfm,2026-09-28,14,14:00-15:00,medium,block_12_18,bike,0.92,5.61,12.78,13.89,27.78,2.95,0.32,0.43,0.43,1.0,0,cycle_time,segment_shift_history,location_cycle_time,location_hour,location_hour,"Нужно 0 кур.; прогноз 0.9 заказа/ч; окно block_12_18: история 0.32, цикл 0.43; выбрано: время полного цикла доставки; страховой запас 0%"
47,БТ Царская Площадь,kfm,2026-09-28,15,15:00-16:00,medium,block_12_18,bike,0.4,5.61,13.85,13.89,27.78,2.95,0.32,0.43,0.43,1.0,0,cycle_time,segment_shift_history,location_cycle_time,location_hour,location_hour,"Нужно 0 кур.; прогноз 0.4 заказа/ч; окно block_12_18: история 0.32, цикл 0.43; выбрано: время полного цикла доставки; страховой запас 0%"
47,БТ Царская Площадь,kfm,2026-09-28,16,16:00-17:00,medium,block_12_18,bike,0.4,5.61,10.08,13.89,27.78,2.95,0.32,0.43,0.43,1.0,0,cycle_time,segment_shift_history,location_cycle_time,location_hour,location_hour,"Нужно 0 кур.; прогноз 0.4 заказа/ч; окно block_12_18: история 0.32, цикл 0.43; выбрано: время полного цикла доставки; страховой запас 0%"
47,БТ Царская Площадь,kfm,2026-09-28,17,17:00-18:00,medium,block_12_18,bike,0.73,5.61,12.14,13.89,27.78,2.95,0.32,0.43,0.43,1.0,0,cycle_time,segment_shift_history,location_cycle_time,location_hour,location_hour,"Нужно 0 кур.; прогноз 0.7 заказа/ч; окно block_12_18: история 0.32, цикл 0.43; выбрано: время полного цикла доставки; страховой запас 0%"
47,БТ Царская Площадь,kfm,2026-09-28,18,18:00-19:00,medium,block_18_24,bike,0.71,1.34,13.96,15.79,31.58,2.16,0.1,0.12,0.12,1.0,0,cycle_time,segment_shift_history,location_cycle_time,location_hour,location_hour,"Нужно 0 кур.; прогноз 0.7 заказа/ч; окно block_18_24: история 0.10, цикл 0.12; выбрано: время полного цикла доставки; страховой запас 0%"
47,БТ Царская Площадь,kfm,2026-09-28,19,19:00-20:00,medium,block_18_24,bike,0.47,1.34,10.68,15.79,31.58,2.16,0.1,0.12,0.12,1.0,0,cycle_time,segment_shift_history,location_cycle_time,location_hour,location_hour,"Нужно 0 кур.; прогноз 0.5 заказа/ч; окно block_18_24: история 0.10, цикл 0.12; выбрано: время полного цикла доставки; страховой запас 0%"
47,БТ Царская Площадь,kfm,2026-09-28,20,20:00-21:00,medium,block_18_24,bike,0.16,1.34,15.59,15.79,31.58,2.16,0.1,0.12,0.12,1.0,0,cycle_time,segment_shift_history,location_cycle_time,location_hour,location_hour,"Нужно 0 кур.; прогноз 0.2 заказа/ч; окно block_18_24: история 0.10, цикл 0.12; выбрано: время полного цикла доставки; страховой запас 0%"
479,Покровка,kfm,2026-09-28,0,00:00-01:00,medium,block_00_06,auto,0.7,1.9,22.32,25.11,50.22,1.95,0.16,0.26,0.26,1.0,1,cycle_time,default_slot_capacity,location_cycle_time,location_hour,location_hour,"Нужно 1 кур.; прогноз 0.7 заказа/ч; окно block_00_06: история 0.16, цикл 0.26; выбрано: время полного цикла доставки; страховой запас 0%"
479,Покровка,kfm,2026-09-28,1,01:00-02:00,medium,block_00_06,auto,0.43,1.9,21.88,25.11,50.22,1.95,0.16,0.26,0.26,1.0,1,cycle_time,default_slot_capacity,location_cycle_time,location_hour,location_hour,"Нужно 1 кур.; прогноз 0.4 заказа/ч; окно block_00_06: история 0.16, цикл 0.26; выбрано: время полного цикла доставки; страховой запас 0%"
479,Покровка,kfm,2026-09-28,2,02:00-03:00,medium,block_00_06,auto,0.21,1.9,24.31,25.11,50.22,1.95,0.16,0.26,0.26,1.0,1,cycle_time,default_slot_capacity,location_cycle_time,location_hour,location_hour,"Нужно 1 кур.; прогноз 0.2 заказа/ч; окно block_00_06: история 0.16, цикл 0.26; выбрано: время полного цикла доставки; страховой запас 0%"
479,Покровка,kfm,2026-09-28,3,03:00-04:00,medium,block_00_06,auto,0.12,1.9,18.17,25.11,50.22,1.95,0.16,0.26,0.26,1.0,1,cycle_time,default_slot_capacity,location_cycle_time,location_hour,global_hour,"Нужно 1 кур.; прогноз 0.1 заказа/ч; окно block_00_06: история 0.16, цикл 0.26; выбрано: время полного цикла доставки; страховой запас 0%"
479,Покровка,kfm,2026-09-28,4,04:00-05:00,medium,block_00_06,auto,0.12,1.9,19.57,25.11,50.22,1.95,0.16,0.26,0.26,1.0,1,cycle_time,default_slot_capacity,location_cycle_time,location_hour,location_hour,"Нужно 1 кур.; прогноз 0.1 заказа/ч; окно block_00_06: история 0.16, цикл 0.26; выбрано: время полного цикла доставки; страховой запас 0%"
479,Покровка,kfm,2026-09-28,5,05:00-06:00,medium,block_00_06,auto,0.31,1.9,22.39,25.11,50.22,1.95,0.16,0.26,0.26,1.0,1,cycle_time,default_slot_capacity,location_cycle_time,location_hour,location_hour,"Нужно 1 кур.; прогноз 0.3 заказа/ч; окно block_00_06: история 0.16, цикл 0.26; выбрано: время полного цикла доставки; страховой запас 0%"
479,Покровка,kfm,2026-09-28,6,06:00-07:00,medium,block_06_12,auto,1.6,4.31,19.66,32.06,64.12,1.47,0.49,0.77,0.77,1.0,1,cycle_time,segment_shift_history,location_cycle_time,location_hour,location_hour,"Нужно 1 кур.; прогноз 1.6 заказа/ч; окно block_06_12: история 0.49, цикл 0.77; выбрано: время полного цикла доставки; страховой запас 0%"
479,Покровка,kfm,2026-09-28,7,07:00-08:00,medium,block_06_12,auto,1.95,4.31,28.11,32.06,64.12,1.47,0.49,0.77,0.77,1.0,1,cycle_time,segment_shift_history,location_cycle_time,location_hour,location_hour,"Нужно 1 кур.; прогноз 1.9 заказа/ч; окно block_06_12: история 0.49, цикл 0.77; выбрано: время полного цикла доставки; страховой запас 0%"
479,Покровка,kfm,2026-09-28,8,08:00-09:00,medium,block_06_12,auto,0.42,4.31,32.28,32.06,64.12,1.47,0.49,0.77,0.77,1.0,1,cycle_time,segment_shift_history,location_cycle_time,location_hour,location_hour,"Нужно 1 кур.; прогноз 0.4 заказа/ч; окно block_06_12: история 0.49, цикл 0.77; выбрано: время полного цикла доставки; страховой запас 0%"
479,Покровка,kfm,2026-09-28,9,09:00-10:00,medium,block_06_12,auto,0.14,4.31,15.36,32.06,64.12,1.47,0.49,0.77,0.77,1.0,1,cycle_time,segment_shift_history,location_cycle_time,location_hour,location_hour,"Нужно 1 кур.; прогноз 0.1 заказа/ч; окно block_06_12: история 0.49, цикл 0.77; выбрано: время полного цикла доставки; страховой запас 0%"
479,Покровка,kfm,2026-09-28,10,10:00-11:00,medium,block_06_12,auto,0.1,4.31,21.71,32.06,64.12,1.47,0.49,0.77,0.77,1.0,1,cycle_time,segment_shift_history,location_cycle_time,location_hour,global_hour,"Нужно 1 кур.; прогноз 0.1 заказа/ч; окно block_06_12: история 0.49, цикл 0.77; выбрано: время полного цикла доставки; страховой запас 0%"
479,Покровка,kfm,2026-09-28,11,11:00-12:00,medium,block_06_12,auto,0.1,4.31,38.61,32.06,64.12,1.47,0.49,0.77,0.77,1.0,1,cycle_time,segment_shift_history,location_cycle_time,location_hour,location_hour,"Нужно 1 кур.; прогноз 0.1 заказа/ч; окно block_06_12: история 0.49, цикл 0.77; выбрано: время полного цикла доставки; страховой запас 0%"
479,Покровка,kfm,2026-09-28,12,12:00-13:00,medium,block_12_18,auto,0.13,0.67,23.54,28.67,57.35,1.29,0.09,0.11,0.11,1.0,1,cycle_time,segment_shift_history,segment_cycle_time,location_hour,global_hour,"Нужно 1 кур.; прогноз 0.1 заказа/ч; окно block_12_18: история 0.09, цикл 0.11; выбрано: время полного цикла доставки; страховой запас 0%"
479,Покровка,kfm,2026-09-28,13,13:00-14:00,medium,block_12_18,auto,0.0,0.67,23.55,28.67,57.35,1.29,0.09,0.11,0.11,1.0,1,cycle_time,segment_shift_history,segment_cycle_time,global_hour,global_hour,"Нужно 1 кур.; прогноз 0.0 заказа/ч; окно block_12_18: история 0.09, цикл 0.11; выбрано: время полного цикла доставки; страховой запас 0%"
479,Покровка,kfm,2026-09-28,14,14:00-15:00,medium,block_12_18,auto,0.13,0.67,35.36,28.67,57.35,1.29,0.09,0.11,0.11,1.0,1,cycle_time,segment_shift_history,segment_cycle_time,location_hour,location_hour,"Нужно 1 кур.; прогноз 0.1 заказа/ч; окно block_12_18: история 0.09, цикл 0.11; выбрано: время полного цикла доставки; страховой запас 0%"
479,Покровка,kfm,2026-09-28,15,15:00-16:00,medium,block_12_18,auto,0.07,0.67,30.7,28.67,57.35,1.29,0.09,0.11,0.11,1.0,1,cycle_time,segment_shift_history,segment_cycle_time,location_hour,location_hour,"Нужно 1 кур.; прогноз 0.1 заказа/ч; окно block_12_18: история 0.09, цикл 0.11; выбрано: время полного цикла доставки; страховой запас 0%"
479,Покровка,kfm,2026-09-28,16,16:00-17:00,medium,block_12_18,auto,0.13,0.67,48.0,28.67,57.35,1.29,0.09,0.11,0.11,1.0,1,cycle_time,segment_shift_history,segment_cycle_time,location_hour,location_hour,"Нужно 1 кур.; прогноз 0.1 заказа/ч; окно block_12_18: история 0.09, цикл 0.11; выбрано: время полного цикла доставки; страховой запас 0%"
479,Покровка,kfm,2026-09-28,17,17:00-18:00,medium,block_12_18,auto,0.2,0.67,27.66,28.67,57.35,1.29,0.09,0.11,0.11,1.0,1,cycle_time,segment_shift_history,segment_cycle_time,location_hour,global_hour,"Нужно 1 кур.; прогноз 0.2 заказа/ч; окно block_12_18: история 0.09, цикл 0.11; выбрано: время полного цикла доставки; страховой запас 0%"
479,Покровка,kfm,2026-09-28,18,18:00-19:00,medium,block_18_24,auto,0.05,1.63,27.41,28.42,56.85,1.69,0.16,0.26,0.26,1.0,1,cycle_time,segment_shift_history,segment_cycle_time,location_hour,global_hour,"Нужно 1 кур.; прогноз 0.1 заказа/ч; окно block_18_24: история 0.16, цикл 0.26; выбрано: время полного цикла доставки; страховой запас 0%"
479,Покровка,kfm,2026-09-28,19,19:00-20:00,medium,block_18_24,auto,0.03,1.63,51.27,28.42,56.85,1.69,0.16,0.26,0.26,1.0,1,cycle_time,segment_shift_history,segment_cycle_time,location_hour,location_hour,"Нужно 1 кур.; прогноз 0.0 заказа/ч; окно block_18_24: история 0.16, цикл 0.26; выбрано: время полного цикла доставки; страховой запас 0%"
479,Покровка,kfm,2026-09-28,20,20:00-21:00,medium,block_18_24,auto,0.03,1.63,23.12,28.42,56.85,1.69,0.16,0.26,0.26,1.0,1,cycle_time,segment_shift_history,segment_cycle_time,location_hour,global_hour,"Нужно 1 кур.; прогноз 0.0 заказа/ч; окно block_18_24: история 0.16, цикл 0.26; выбрано: время полного цикла доставки; страховой запас 0%"
479,Покровка,kfm,2026-09-28,21,21:00-22:00,medium,block_18_24,auto,0.03,1.63,8.73,28.42,56.85,1.69,0.16,0.26,0.26,1.0,1,cycle_time,segment_shift_history,segment_cycle_time,location_hour,location_hour,"Нужно 1 кур.; прогноз 0.0 заказа/ч; окно block_18_24: история 0.16, цикл 0.26; выбрано: время полного цикла доставки; страховой запас 0%"
479,Покровка,kfm,2026-09-28,22,22:00-23:00,medium,block_18_24,auto,0.87,1.63,21.3,28.42,56.85,1.69,0.16,0.26,0.26,1.0,1,cycle_time,segment_shift_history,segment_cycle_time,location_hour,location_hour,"Нужно 1 кур.; прогноз 0.9 заказа/ч; окно block_18_24: история 0.16, цикл 0.26; выбрано: время полного цикла доставки; страховой запас 0%"
479,Покровка,kfm,2026-09-28,23,23:00-24:00,medium,block_18_24,auto,0.63,1.63,24.52,28.42,56.85,1.69,0.16,0.26,0.26,1.0,1,cycle_time,segment_shift_history,segment_cycle_time,location_hour,location_hour,"Нужно 1 кур.; прогноз 0.6 заказа/ч; окно block_18_24: история 0.16, цикл 0.26; выбрано: время полного цикла доставки; страховой запас 0%"
479,Покровка,kfm,2026-09-28,0,00:00-01:00,medium,block_00_06,bike,0.38,1.04,9.78,15.02,30.03,1.3,0.13,0.09,0.13,1.0,0,history,default_slot_capacity,segment_cycle_time,location_hour,global_hour,"Нужно 0 кур.; прогноз 0.4 заказа/ч; окно block_00_06: история 0.13, цикл 0.09; выбрано: историческая производительность; страховой запас 0%"
479,Покровка,kfm,2026-09-28,1,01:00-02:00,medium,block_00_06,bike,0.23,1.04,10.47,15.02,30.03,1.3,0.13,0.09,0.13,1.0,0,history,default_slot_capacity,segment_cycle_time,location_hour,global_vehicle,"Нужно 0 кур.; прогноз 0.2 заказа/ч; окно block_00_06: история 0.13, цикл 0.09; выбрано: историческая производительность; страховой запас 0%"
479,Покровка,kfm,2026-09-28,2,02:00-03:00,medium,block_00_06,bike,0.12,1.04,10.47,15.02,30.03,1.3,0.13,0.09,0.13,1.0,0,history,default_slot_capacity,segment_cycle_time,location_hour,global_vehicle,"Нужно 0 кур.; прогноз 0.1 заказа/ч; окно block_00_06: история 0.13, цикл 0.09; выбрано: историческая производительность; страховой запас 0%"
479,Покровка,kfm,2026-09-28,3,03:00-04:00,medium,block_00_06,bike,0.07,1.04,10.47,15.02,30.03,1.3,0.13,0.09,0.13,1.0,0,history,default_slot_capacity,segment_cycle_time,location_hour,global_vehicle,"Нужно 0 кур.; прогноз 0.1 заказа/ч; окно block_00_06: история 0.13, цикл 0.09; выбрано: историческая производительность; страховой запас 0%"
479,Покровка,kfm,2026-09-28,4,04:00-05:00,medium,block_00_06,bike,0.07,1.04,10.47,15.02,30.03,1.3,0.13,0.09,0.13,1.0,0,history,default_slot_capacity,segment_cycle_time,location_hour,global_vehicle,"Нужно 0 кур.; прогноз 0.1 заказа/ч; окно block_00_06: история 0.13, цикл 0.09; выбрано: историческая производительность; страховой запас 0%"
479,Покровка,kfm,2026-09-28,5,05:00-06:00,medium,block_00_06,bike,0.17,1.04,10.47,15.02,30.03,1.3,0.13,0.09,0.13,1.0,0,history,default_slot_capacity,segment_cycle_time,location_hour,global_vehicle,"Нужно 0 кур.; прогноз 0.2 заказа/ч; окно block_00_06: история 0.13, цикл 0.09; выбрано: историческая производительность; страховой запас 0%"
479,Покровка,kfm,2026-09-28,6,06:00-07:00,medium,block_06_12,bike,0.87,2.35,7.22,9.59,19.18,2.94,0.13,0.13,0.13,1.0,0,history,segment_shift_history,location_cycle_time,location_hour,location_hour,"Нужно 0 кур.; прогноз 0.9 заказа/ч; окно block_06_12: история 0.13, цикл 0.13; выбрано: историческая производительность; страховой запас 0%"
479,Покровка,kfm,2026-09-28,7,07:00-08:00,medium,block_06_12,bike,1.06,2.35,8.29,9.59,19.18,2.94,0.13,0.13,0.13,1.0,0,history,segment_shift_history,location_cycle_time,location_hour,location_hour,"Нужно 0 кур.; прогноз 1.1 заказа/ч; окно block_06_12: история 0.13, цикл 0.13; выбрано: историческая производительность; страховой запас 0%"
479,Покровка,kfm,2026-09-28,8,08:00-09:00,medium,block_06_12,bike,0.23,2.35,11.07,9.59,19.18,2.94,0.13,0.13,0.13,1.0,0,history,segment_shift_history,location_cycle_time,location_hour,location_hour,"Нужно 0 кур.; прогноз 0.2 заказа/ч; окно block_06_12: история 0.13, цикл 0.13; выбрано: историческая производительность; страховой запас 0%"
479,Покровка,kfm,2026-09-28,9,09:00-10:00,medium,block_06_12,bike,0.08,2.35,10.37,9.59,19.18,2.94,0.13,0.13,0.13,1.0,0,history,segment_shift_history,location_cycle_time,location_hour,global_hour,"Нужно 0 кур.; прогноз 0.1 заказа/ч; окно block_06_12: история 0.13, цикл 0.13; выбрано: историческая производительность; страховой запас 0%"
479,Покровка,kfm,2026-09-28,10,10:00-11:00,medium,block_06_12,bike,0.06,2.35,10.11,9.59,19.18,2.94,0.13,0.13,0.13,1.0,0,history,segment_shift_history,location_cycle_time,location_hour,global_hour,"Нужно 0 кур.; прогноз 0.1 заказа/ч; окно block_06_12: история 0.13, цикл 0.13; выбрано: историческая производительность; страховой запас 0%"
479,Покровка,kfm,2026-09-28,11,11:00-12:00,medium,block_06_12,bike,0.06,2.35,2.11,9.59,19.18,2.94,0.13,0.13,0.13,1.0,0,history,segment_shift_history,location_cycle_time,location_hour,location_hour,"Нужно 0 кур.; прогноз 0.1 заказа/ч; окно block_06_12: история 0.13, цикл 0.13; выбрано: историческая производительность; страховой запас 0%"
479,Покровка,kfm,2026-09-28,12,12:00-13:00,medium,block_12_18,bike,0.07,0.37,8.02,11.2,22.4,2.95,0.0,0.0,0.0,1.0,0,history,segment_shift_history,segment_cycle_time,location_hour,location_hour,"Нужно 0 кур.; прогноз 0.1 заказа/ч; окно block_12_18: история 0.00, цикл 0.00; выбрано: историческая производительность; страховой запас 0%"
479,Покровка,kfm,2026-09-28,14,14:00-15:00,medium,block_12_18,bike,0.07,0.37,12.57,11.2,22.4,2.95,0.0,0.0,0.0,1.0,0,history,segment_shift_history,segment_cycle_time,location_hour,location_hour,"Нужно 0 кур.; прогноз 0.1 заказа/ч; окно block_12_18: история 0.00, цикл 0.00; выбрано: историческая производительность; страховой запас 0%"
479,Покровка,kfm,2026-09-28,15,15:00-16:00,medium,block_12_18,bike,0.04,0.37,2.48,11.2,22.4,2.95,0.0,0.0,0.0,1.0,0,history,segment_shift_history,segment_cycle_time,location_hour,location_hour,"Нужно 0 кур.; прогноз 0.0 заказа/ч; окно block_12_18: история 0.00, цикл 0.00; выбрано: историческая производительность; страховой запас 0%"
479,Покровка,kfm,2026-09-28,16,16:00-17:00,medium,block_12_18,bike,0.07,0.37,9.54,11.2,22.4,2.95,0.0,0.0,0.0,1.0,0,history,segment_shift_history,segment_cycle_time,location_hour,location_hour,"Нужно 0 кур.; прогноз 0.1 заказа/ч; окно block_12_18: история 0.00, цикл 0.00; выбрано: историческая производительность; страховой запас 0%"
479,Покровка,kfm,2026-09-28,17,17:00-18:00,medium,block_12_18,bike,0.11,0.37,13.69,11.2,22.4,2.95,0.0,0.0,0.0,1.0,0,history,segment_shift_history,segment_cycle_time,location_hour,location_hour,"Нужно 0 кур.; прогноз 0.1 заказа/ч; окно block_12_18: история 0.00, цикл 0.00; выбрано: историческая производительность; страховой запас 0%"
479,Покровка,kfm,2026-09-28,18,18:00-19:00,medium,block_18_24,bike,0.03,0.89,8.18,12.7,25.4,2.16,0.07,0.06,0.07,1.0,0,history,segment_shift_history,location_cycle_time,location_hour,location_hour,"Нужно 0 кур.; прогноз 0.0 заказа/ч; окно block_18_24: история 0.07, цикл 0.06; выбрано: историческая производительность; страховой запас 0%"
479,Покровка,kfm,2026-09-28,19,19:00-20:00,medium,block_18_24,bike,0.01,0.89,7.59,12.7,25.4,2.16,0.07,0.06,0.07,1.0,0,history,segment_shift_history,location_cycle_time,location_hour,location_hour,"Нужно 0 кур.; прогноз 0.0 заказа/ч; окно block_18_24: история 0.07, цикл 0.06; выбрано: историческая производительность; страховой запас 0%"
479,Покровка,kfm,2026-09-28,20,20:00-21:00,medium,block_18_24,bike,0.01,0.89,11.77,12.7,25.4,2.16,0.07,0.06,0.07,1.0,0,history,segment_shift_history,location_cycle_time,location_hour,location_hour,"Нужно 0 кур.; прогноз 0.0 заказа/ч; окно block_18_24: история 0.07, цикл 0.06; выбрано: историческая производительность; страховой запас 0%"
479,Покровка,kfm,2026-09-28,21,21:00-22:00,medium,block_18_24,bike,0.01,0.89,9.94,12.7,25.4,2.16,0.07,0.06,0.07,1.0,0,history,segment_shift_history,location_cycle_time,location_hour,global_hour,"Нужно 0 кур.; прогноз 0.0 заказа/ч; окно block_18_24: история 0.07, цикл 0.06; выбрано: историческая производительность; страховой запас 0%"
479,Покровка,kfm,2026-09-28,22,22:00-23:00,medium,block_18_24,bike,0.47,0.89,8.91,12.7,25.4,2.16,0.07,0.06,0.07,1.0,0,history,segment_shift_history,location_cycle_time,location_hour,location_hour,"Нужно 0 кур.; прогноз 0.5 заказа/ч; окно block_18_24: история 0.07, цикл 0.06; выбрано: историческая производительность; страховой запас 0%"
479,Покровка,kfm,2026-09-28,23,23:00-24:00,medium,block_18_24,bike,0.34,0.89,11.91,12.7,25.4,2.16,0.07,0.06,0.07,1.0,0,history,segment_shift_history,location_cycle_time,location_hour,location_hour,"Нужно 0 кур.; прогноз 0.3 заказа/ч; окно block_18_24: история 0.07, цикл 0.06; выбрано: историческая производительность; страховой запас 0%"
5,Покровка (не использовать),kfm,2026-09-28,0,00:00-01:00,medium,block_00_06,auto,1.16,3.21,23.38,26.5,52.99,1.95,0.27,0.47,0.47,1.0,0,cycle_time,default_slot_capacity,segment_cycle_time,global_hour,location_hour,"Нужно 0 кур.; прогноз 1.2 заказа/ч; окно block_00_06: история 0.27, цикл 0.47; выбрано: время полного цикла доставки; страховой запас 0%"
5,Покровка (не использовать),kfm,2026-09-28,1,01:00-02:00,medium,block_00_06,auto,0.67,3.21,26.24,26.5,52.99,1.95,0.27,0.47,0.47,1.0,0,cycle_time,default_slot_capacity,segment_cycle_time,global_hour,location_hour,"Нужно 0 кур.; прогноз 0.7 заказа/ч; окно block_00_06: история 0.27, цикл 0.47; выбрано: время полного цикла доставки; страховой запас 0%"
5,Покровка (не использовать),kfm,2026-09-28,2,02:00-03:00,medium,block_00_06,auto,0.37,3.21,20.87,26.5,52.99,1.95,0.27,0.47,0.47,1.0,0,cycle_time,default_slot_capacity,segment_cycle_time,global_hour,location_hour,"Нужно 0 кур.; прогноз 0.4 заказа/ч; окно block_00_06: история 0.27, цикл 0.47; выбрано: время полного цикла доставки; страховой запас 0%"
5,Покровка (не использовать),kfm,2026-09-28,3,03:00-04:00,medium,block_00_06,auto,0.25,3.21,17.61,26.5,52.99,1.95,0.27,0.47,0.47,1.0,0,cycle_time,default_slot_capacity,segment_cycle_time,global_hour,location_hour,"Нужно 0 кур.; прогноз 0.2 заказа/ч; окно block_00_06: история 0.27, цикл 0.47; выбрано: время полного цикла доставки; страховой запас 0%"
5,Покровка (не использовать),kfm,2026-09-28,4,04:00-05:00,medium,block_00_06,auto,0.27,3.21,18.78,26.5,52.99,1.95,0.27,0.47,0.47,1.0,0,cycle_time,default_slot_capacity,segment_cycle_time,global_hour,location_hour,"Нужно 0 кур.; прогноз 0.3 заказа/ч; окно block_00_06: история 0.27, цикл 0.47; выбрано: время полного цикла доставки; страховой запас 0%"
5,Покровка (не использовать),kfm,2026-09-28,5,05:00-06:00,medium,block_00_06,auto,0.49,3.21,18.41,26.5,52.99,1.95,0.27,0.47,0.47,1.0,0,cycle_time,default_slot_capacity,segment_cycle_time,global_hour,location_hour,"Нужно 0 кур.; прогноз 0.5 заказа/ч; окно block_00_06: история 0.27, цикл 0.47; выбрано: время полного цикла доставки; страховой запас 0%"
5,Покровка (не использовать),kfm,2026-09-28,6,06:00-07:00,medium,block_06_12,auto,0.06,2.25,23.22,25.76,51.51,1.47,0.26,0.32,0.32,1.0,0,cycle_time,segment_shift_history,segment_cycle_time,global_hour,location_hour,"Нужно 0 кур.; прогноз 0.1 заказа/ч; окно block_06_12: история 0.26, цикл 0.32; выбрано: время полного цикла доставки; страховой запас 0%"
5,Покровка (не использовать),kfm,2026-09-28,7,07:00-08:00,medium,block_06_12,auto,0.16,2.25,27.52,25.76,51.51,1.47,0.26,0.32,0.32,1.0,0,cycle_time,segment_shift_history,segment_cycle_time,global_hour,location_hour,"Нужно 0 кур.; прогноз 0.2 заказа/ч; окно block_06_12: история 0.26, цикл 0.32; выбрано: время полного цикла доставки; страховой запас 0%"
5,Покровка (не использовать),kfm,2026-09-28,8,08:00-09:00,medium,block_06_12,auto,0.42,2.25,28.61,25.76,51.51,1.47,0.26,0.32,0.32,1.0,0,cycle_time,segment_shift_history,segment_cycle_time,global_hour,location_hour,"Нужно 0 кур.; прогноз 0.4 заказа/ч; окно block_06_12: история 0.26, цикл 0.32; выбрано: время полного цикла доставки; страховой запас 0%"
5,Покровка (не использовать),kfm,2026-09-28,9,09:00-10:00,medium,block_06_12,auto,0.51,2.25,16.65,25.76,51.51,1.47,0.26,0.32,0.32,1.0,0,cycle_time,segment_shift_history,segment_cycle_time,global_hour,location_hour,"Нужно 0 кур.; прогноз 0.5 заказа/ч; окно block_06_12: история 0.26, цикл 0.32; выбрано: время полного цикла доставки; страховой запас 0%"
5,Покровка (не использовать),kfm,2026-09-28,10,10:00-11:00,medium,block_06_12,auto,0.53,2.25,21.71,25.76,51.51,1.47,0.26,0.32,0.32,1.0,0,cycle_time,segment_shift_history,segment_cycle_time,global_hour,global_hour,"Нужно 0 кур.; прогноз 0.5 заказа/ч; окно block_06_12: история 0.26, цикл 0.32; выбрано: время полного цикла доставки; страховой запас 0%"
5,Покровка (не использовать),kfm,2026-09-28,11,11:00-12:00,medium,block_06_12,auto,0.57,2.25,22.82,25.76,51.51,1.47,0.26,0.32,0.32,1.0,0,cycle_time,segment_shift_history,segment_cycle_time,global_hour,global_hour,"Нужно 0 кур.; прогноз 0.6 заказа/ч; окно block_06_12: история 0.26, цикл 0.32; выбрано: время полного цикла доставки; страховой запас 0%"
5,Покровка (не использовать),kfm,2026-09-28,12,12:00-13:00,medium,block_12_18,auto,0.23,1.11,22.77,28.67,57.35,1.29,0.14,0.18,0.18,1.0,0,cycle_time,segment_shift_history,segment_cycle_time,global_hour,location_hour,"Нужно 0 кур.; прогноз 0.2 заказа/ч; окно block_12_18: история 0.14, цикл 0.18; выбрано: время полного цикла доставки; страховой запас 0%"
5,Покровка (не использовать),kfm,2026-09-28,13,13:00-14:00,medium,block_12_18,auto,0.23,1.11,27.97,28.67,57.35,1.29,0.14,0.18,0.18,1.0,0,cycle_time,segment_shift_history,segment_cycle_time,global_hour,location_hour,"Нужно 0 кур.; прогноз 0.2 заказа/ч; окно block_12_18: история 0.14, цикл 0.18; выбрано: время полного цикла доставки; страховой запас 0%"
5,Покровка (не использовать),kfm,2026-09-28,14,14:00-15:00,medium,block_12_18,auto,0.2,1.11,24.06,28.67,57.35,1.29,0.14,0.18,0.18,1.0,0,cycle_time,segment_shift_history,segment_cycle_time,global_hour,global_hour,"Нужно 0 кур.; прогноз 0.2 заказа/ч; окно block_12_18: история 0.14, цикл 0.18; выбрано: время полного цикла доставки; страховой запас 0%"
5,Покровка (не использовать),kfm,2026-09-28,15,15:00-16:00,medium,block_12_18,auto,0.17,1.11,15.17,28.67,57.35,1.29,0.14,0.18,0.18,1.0,0,cycle_time,segment_shift_history,segment_cycle_time,global_hour,location_hour,"Нужно 0 кур.; прогноз 0.2 заказа/ч; окно block_12_18: история 0.14, цикл 0.18; выбрано: время полного цикла доставки; страховой запас 0%"
5,Покровка (не использовать),kfm,2026-09-28,16,16:00-17:00,medium,block_12_18,auto,0.14,1.11,25.16,28.67,57.35,1.29,0.14,0.18,0.18,1.0,0,cycle_time,segment_shift_history,segment_cycle_time,global_hour,global_hour,"Нужно 0 кур.; прогноз 0.1 заказа/ч; окно block_12_18: история 0.14, цикл 0.18; выбрано: время полного цикла доставки; страховой запас 0%"
5,Покровка (не использовать),kfm,2026-09-28,17,17:00-18:00,medium,block_12_18,auto,0.14,1.11,27.66,28.67,57.35,1.29,0.14,0.18,0.18,1.0,0,cycle_time,segment_shift_history,segment_cycle_time,global_hour,global_hour,"Нужно 0 кур.; прогноз 0.1 заказа/ч; окно block_12_18: история 0.14, цикл 0.18; выбрано: время полного цикла доставки; страховой запас 0%"
5,Покровка (не использовать),kfm,2026-09-28,18,18:00-19:00,medium,block_18_24,auto,0.32,1.39,27.41,28.42,56.85,1.69,0.14,0.22,0.22,1.0,0,cycle_time,segment_shift_history,segment_cycle_time,global_hour,global_hour,"Нужно 0 кур.; прогноз 0.3 заказа/ч; окно block_18_24: история 0.14, цикл 0.22; выбрано: время полного цикла доставки; страховой запас 0%"
5,Покровка (не использовать),kfm,2026-09-28,19,19:00-20:00,medium,block_18_24,auto,0.33,1.39,26.64,28.42,56.85,1.69,0.14,0.22,0.22,1.0,0,cycle_time,segment_shift_history,segment_cycle_time,global_hour,global_hour,"Нужно 0 кур.; прогноз 0.3 заказа/ч; окно block_18_24: история 0.14, цикл 0.22; выбрано: время полного цикла доставки; страховой запас 0%"
5,Покровка (не использовать),kfm,2026-09-28,20,20:00-21:00,medium,block_18_24,auto,0.3,1.39,23.12,28.42,56.85,1.69,0.14,0.22,0.22,1.0,0,cycle_time,segment_shift_history,segment_cycle_time,global_hour,global_hour,"Нужно 0 кур.; прогноз 0.3 заказа/ч; окно block_18_24: история 0.14, цикл 0.22; выбрано: время полного цикла доставки; страховой запас 0%"
5,Покровка (не использовать),kfm,2026-09-28,21,21:00-22:00,medium,block_18_24,auto,0.22,1.39,21.83,28.42,56.85,1.69,0.14,0.22,0.22,1.0,0,cycle_time,segment_shift_history,segment_cycle_time,global_hour,global_hour,"Нужно 0 кур.; прогноз 0.2 заказа/ч; окно block_18_24: история 0.14, цикл 0.22; выбрано: время полного цикла доставки; страховой запас 0%"
5,Покровка (не использовать),kfm,2026-09-28,22,22:00-23:00,medium,block_18_24,auto,0.13,1.39,28.41,28.42,56.85,1.69,0.14,0.22,0.22,1.0,0,cycle_time,segment_shift_history,segment_cycle_time,global_hour,location_hour,"Нужно 0 кур.; прогноз 0.1 заказа/ч; окно block_18_24: история 0.14, цикл 0.22; выбрано: время полного цикла доставки; страховой запас 0%"
5,Покровка (не использовать),kfm,2026-09-28,23,23:00-24:00,medium,block_18_24,auto,0.08,1.39,23.29,28.42,56.85,1.69,0.14,0.22,0.22,1.0,0,cycle_time,segment_shift_history,segment_cycle_time,global_hour,location_hour,"Нужно 0 кур.; прогноз 0.1 заказа/ч; окно block_18_24: история 0.14, цикл 0.22; выбрано: время полного цикла доставки; страховой запас 0%"
5,Покровка (не использовать),kfm,2026-09-28,0,00:00-01:00,medium,block_00_06,bike,0.02,0.05,15.08,15.02,30.03,1.3,0.0,0.0,0.0,1.0,0,history,default_slot_capacity,segment_cycle_time,global_hour,location_hour,"Нужно 0 кур.; прогноз 0.0 заказа/ч; окно block_00_06: история 0.00, цикл 0.00; выбрано: историческая производительность; страховой запас 0%"
5,Покровка (не использовать),kfm,2026-09-28,1,01:00-02:00,medium,block_00_06,bike,0.01,0.05,10.47,15.02,30.03,1.3,0.0,0.0,0.0,1.0,0,history,default_slot_capacity,segment_cycle_time,global_hour,global_vehicle,"Нужно 0 кур.; прогноз 0.0 заказа/ч; окно block_00_06: история 0.00, цикл 0.00; выбрано: историческая производительность; страховой запас 0%"
5,Покровка (не использовать),kfm,2026-09-28,2,02:00-03:00,medium,block_00_06,bike,0.01,0.05,10.47,15.02,30.03,1.3,0.0,0.0,0.0,1.0,0,history,default_slot_capacity,segment_cycle_time,global_hour,global_vehicle,"Нужно 0 кур.; прогноз 0.0 заказа/ч; окно block_00_06: история 0.00, цикл 0.00; выбрано: историческая производительность; страховой запас 0%"
5,Покровка (не использовать),kfm,2026-09-28,3,03:00-04:00,medium,block_00_06,bike,0.0,0.05,10.47,15.02,30.03,1.3,0.0,0.0,0.0,1.0,0,history,default_slot_capacity,segment_cycle_time,global_hour,global_vehicle,"Нужно 0 кур.; прогноз 0.0 заказа/ч; окно block_00_06: история 0.00, цикл 0.00; выбрано: историческая производительность; страховой запас 0%"
5,Покровка (не использовать),kfm,2026-09-28,4,04:00-05:00,medium,block_00_06,bike,0.0,0.05,10.47,15.02,30.03,1.3,0.0,0.0,0.0,1.0,0,history,default_slot_capacity,segment_cycle_time,global_hour,global_vehicle,"Нужно 0 кур.; прогноз 0.0 заказа/ч; окно block_00_06: история 0.00, цикл 0.00; выбрано: историческая производительность; страховой запас 0%"
5,Покровка (не использовать),kfm,2026-09-28,5,05:00-06:00,medium,block_00_06,bike,0.01,0.05,10.47,15.02,30.03,1.3,0.0,0.0,0.0,1.0,0,history,default_slot_capacity,segment_cycle_time,global_hour,global_vehicle,"Нужно 0 кур.; прогноз 0.0 заказа/ч; окно block_00_06: история 0.00, цикл 0.00; выбрано: историческая производительность; страховой запас 0%"
5,Покровка (не использовать),kfm,2026-09-28,6,06:00-07:00,medium,block_06_12,bike,0.09,3.19,10.99,10.53,21.06,2.94,0.18,0.19,0.19,1.0,0,cycle_time,segment_shift_history,segment_cycle_time,global_hour,location_hour,"Нужно 0 кур.; прогноз 0.1 заказа/ч; окно block_06_12: история 0.18, цикл 0.19; выбрано: время полного цикла доставки; страховой запас 0%"
5,Покровка (не использовать),kfm,2026-09-28,7,07:00-08:00,medium,block_06_12,bike,0.23,3.19,9.5,10.53,21.06,2.94,0.18,0.19,0.19,1.0,0,cycle_time,segment_shift_history,segment_cycle_time,global_hour,location_hour,"Нужно 0 кур.; прогноз 0.2 заказа/ч; окно block_06_12: история 0.18, цикл 0.19; выбрано: время полного цикла доставки; страховой запас 0%"
5,Покровка (не использовать),kfm,2026-09-28,8,08:00-09:00,medium,block_06_12,bike,0.59,3.19,10.65,10.53,21.06,2.94,0.18,0.19,0.19,1.0,0,cycle_time,segment_shift_history,segment_cycle_time,global_hour,location_hour,"Нужно 0 кур.; прогноз 0.6 заказа/ч; окно block_06_12: история 0.18, цикл 0.19; выбрано: время полного цикла доставки; страховой запас 0%"
5,Покровка (не использовать),kfm,2026-09-28,9,09:00-10:00,medium,block_06_12,bike,0.72,3.19,14.74,10.53,21.06,2.94,0.18,0.19,0.19,1.0,0,cycle_time,segment_shift_history,segment_cycle_time,global_hour,location_hour,"Нужно 0 кур.; прогноз 0.7 заказа/ч; окно block_06_12: история 0.18, цикл 0.19; выбрано: время полного цикла доставки; страховой запас 0%"
5,Покровка (не использовать),kfm,2026-09-28,10,10:00-11:00,medium,block_06_12,bike,0.75,3.19,9.87,10.53,21.06,2.94,0.18,0.19,0.19,1.0,0,cycle_time,segment_shift_history,segment_cycle_time,global_hour,location_hour,"Нужно 0 кур.; прогноз 0.8 заказа/ч; окно block_06_12: история 0.18, цикл 0.19; выбрано: время полного цикла доставки; страховой запас 0%"
5,Покровка (не использовать),kfm,2026-09-28,11,11:00-12:00,medium,block_06_12,bike,0.81,3.19,2.85,10.53,21.06,2.94,0.18,0.19,0.19,1.0,0,cycle_time,segment_shift_history,segment_cycle_time,global_hour,location_hour,"Нужно 0 кур.; прогноз 0.8 заказа/ч; окно block_06_12: история 0.18, цикл 0.19; выбрано: время полного цикла доставки; страховой запас 0%"
5,Покровка (не использовать),kfm,2026-09-28,12,12:00-13:00,medium,block_12_18,bike,0.29,1.38,10.37,11.2,22.4,2.95,0.08,0.09,0.09,1.0,0,cycle_time,segment_shift_history,segment_cycle_time,global_hour,global_hour,"Нужно 0 кур.; прогноз 0.3 заказа/ч; окно block_12_18: история 0.08, цикл 0.09; выбрано: время полного цикла доставки; страховой запас 0%"
5,Покровка (не использовать),kfm,2026-09-28,13,13:00-14:00,medium,block_12_18,bike,0.29,1.38,5.7,11.2,22.4,2.95,0.08,0.09,0.09,1.0,0,cycle_time,segment_shift_history,segment_cycle_time,global_hour,location_hour,"Нужно 0 кур.; прогноз 0.3 заказа/ч; окно block_12_18: история 0.08, цикл 0.09; выбрано: время полного цикла доставки; страховой запас 0%"
5,Покровка (не использовать),kfm,2026-09-28,14,14:00-15:00,medium,block_12_18,bike,0.25,1.38,4.19,11.2,22.4,2.95,0.08,0.09,0.09,1.0,0,cycle_time,segment_shift_history,segment_cycle_time,global_hour,location_hour,"Нужно 0 кур.; прогноз 0.2 заказа/ч; окно block_12_18: история 0.08, цикл 0.09; выбрано: время полного цикла доставки; страховой запас 0%"
5,Покровка (не использовать),kfm,2026-09-28,15,15:00-16:00,medium,block_12_18,bike,0.21,1.38,7.84,11.2,22.4,2.95,0.08,0.09,0.09,1.0,0,cycle_time,segment_shift_history,segment_cycle_time,global_hour,location_hour,"Нужно 0 кур.; прогноз 0.2 заказа/ч; окно block_12_18: история 0.08, цикл 0.09; выбрано: время полного цикла доставки; страховой запас 0%"
5,Покровка (не использовать),kfm,2026-09-28,16,16:00-17:00,medium,block_12_18,bike,0.18,1.38,9.07,11.2,22.4,2.95,0.08,0.09,0.09,1.0,0,cycle_time,segment_shift_history,segment_cycle_time,global_hour,location_hour,"Нужно 0 кур.; прогноз 0.2 заказа/ч; окно block_12_18: история 0.08, цикл 0.09; выбрано: время полного цикла доставки; страховой запас 0%"
5,Покровка (не использовать),kfm,2026-09-28,17,17:00-18:00,medium,block_12_18,bike,0.17,1.38,12.94,11.2,22.4,2.95,0.08,0.09,0.09,1.0,0,cycle_time,segment_shift_history,segment_cycle_time,global_hour,location_hour,"Нужно 0 кур.; прогноз 0.2 заказа/ч; окно block_12_18: история 0.08, цикл 0.09; выбрано: время полного цикла доставки; страховой запас 0%"
5,Покровка (не использовать),kfm,2026-09-28,18,18:00-19:00,medium,block_18_24,bike,0.23,0.98,11.67,10.77,21.54,2.16,0.08,0.06,0.08,1.0,0,history,segment_shift_history,segment_cycle_time,global_hour,location_hour,"Нужно 0 кур.; прогноз 0.2 заказа/ч; окно block_18_24: история 0.08, цикл 0.06; выбрано: историческая производительность; страховой запас 0%"
5,Покровка (не использовать),kfm,2026-09-28,19,19:00-20:00,medium,block_18_24,bike,0.23,0.98,10.71,10.77,21.54,2.16,0.08,0.06,0.08,1.0,0,history,segment_shift_history,segment_cycle_time,global_hour,global_hour,"Нужно 0 кур.; прогноз 0.2 заказа/ч; окно block_18_24: история 0.08, цикл 0.06; выбрано: историческая производительность; страховой запас 0%"
5,Покровка (не использовать),kfm,2026-09-28,20,20:00-21:00,medium,block_18_24,bike,0.21,0.98,10.4,10.77,21.54,2.16,0.08,0.06,0.08,1.0,0,history,segment_shift_history,segment_cycle_time,global_hour,global_hour,"Нужно 0 кур.; прогноз 0.2 заказа/ч; окно block_18_24: история 0.08, цикл 0.06; выбрано: историческая производительность; страховой запас 0%"
5,Покровка (не использовать),kfm,2026-09-28,21,21:00-22:00,medium,block_18_24,bike,0.16,0.98,9.94,10.77,21.54,2.16,0.08,0.06,0.08,1.0,0,history,segment_shift_history,segment_cycle_time,global_hour,global_hour,"Нужно 0 кур.; прогноз 0.2 заказа/ч; окно block_18_24: история 0.08, цикл 0.06; выбрано: историческая производительность; страховой запас 0%"
5,Покровка (не использовать),kfm,2026-09-28,22,22:00-23:00,medium,block_18_24,bike,0.09,0.98,6.81,10.77,21.54,2.16,0.08,0.06,0.08,1.0,0,history,segment_shift_history,segment_cycle_time,global_hour,location_hour,"Нужно 0 кур.; прогноз 0.1 заказа/ч; окно block_18_24: история 0.08, цикл 0.06; выбрано: историческая производительность; страховой запас 0%"
5,Покровка (не использовать),kfm,2026-09-28,23,23:00-24:00,medium,block_18_24,bike,0.06,0.98,8.98,10.77,21.54,2.16,0.08,0.06,0.08,1.0,0,history,segment_shift_history,segment_cycle_time,global_hour,location_hour,"Нужно 0 кур.; прогноз 0.1 заказа/ч; окно block_18_24: история 0.08, цикл 0.06; выбрано: историческая производительность; страховой запас 0%"
51,БТ Новинский,kfm,2026-09-28,8,08:00-09:00,medium,block_06_12,bike,0.16,3.82,7.89,12.57,25.14,2.94,0.22,0.27,0.27,1.0,0,cycle_time,segment_shift_history,location_cycle_time,location_hour,location_hour,"Нужно 0 кур.; прогноз 0.2 заказа/ч; окно block_06_12: история 0.22, цикл 0.27; выбрано: время полного цикла доставки; страховой запас 0%"
51,БТ Новинский,kfm,2026-09-28,9,09:00-10:00,medium,block_06_12,bike,0.8,3.82,12.29,12.57,25.14,2.94,0.22,0.27,0.27,1.0,0,cycle_time,segment_shift_history,location_cycle_time,location_hour,location_hour,"Нужно 0 кур.; прогноз 0.8 заказа/ч; окно block_06_12: история 0.22, цикл 0.27; выбрано: время полного цикла доставки; страховой запас 0%"
51,БТ Новинский,kfm,2026-09-28,10,10:00-11:00,medium,block_06_12,bike,1.43,3.82,11.98,12.57,25.14,2.94,0.22,0.27,0.27,1.0,0,cycle_time,segment_shift_history,location_cycle_time,location_hour,location_hour,"Нужно 0 кур.; прогноз 1.4 заказа/ч; окно block_06_12: история 0.22, цикл 0.27; выбрано: время полного цикла доставки; страховой запас 0%"
51,БТ Новинский,kfm,2026-09-28,11,11:00-12:00,medium,block_06_12,bike,1.43,3.82,10.73,12.57,25.14,2.94,0.22,0.27,0.27,1.0,0,cycle_time,segment_shift_history,location_cycle_time,location_hour,location_hour,"Нужно 0 кур.; прогноз 1.4 заказа/ч; окно block_06_12: история 0.22, цикл 0.27; выбрано: время полного цикла доставки; страховой запас 0%"
51,БТ Новинский,kfm,2026-09-28,12,12:00-13:00,medium,block_12_18,bike,0.55,3.3,12.36,13.51,27.02,2.95,0.19,0.25,0.25,1.0,0,cycle_time,segment_shift_history,location_cycle_time,location_hour,location_hour,"Нужно 0 кур.; прогноз 0.6 заказа/ч; окно block_12_18: история 0.19, цикл 0.25; выбрано: время полного цикла доставки; страховой запас 0%"
51,БТ Новинский,kfm,2026-09-28,13,13:00-14:00,medium,block_12_18,bike,0.99,3.3,11.24,13.51,27.02,2.95,0.19,0.25,0.25,1.0,0,cycle_time,segment_shift_history,location_cycle_time,location_hour,location_hour,"Нужно 0 кур.; прогноз 1.0 заказа/ч; окно block_12_18: история 0.19, цикл 0.25; выбрано: время полного цикла доставки; страховой запас 0%"
51,БТ Новинский,kfm,2026-09-28,14,14:00-15:00,medium,block_12_18,bike,0.44,3.3,12.74,13.51,27.02,2.95,0.19,0.25,0.25,1.0,0,cycle_time,segment_shift_history,location_cycle_time,location_hour,location_hour,"Нужно 0 кур.; прогноз 0.4 заказа/ч; окно block_12_18: история 0.19, цикл 0.25; выбрано: время полного цикла доставки; страховой запас 0%"
51,БТ Новинский,kfm,2026-09-28,15,15:00-16:00,medium,block_12_18,bike,0.33,3.3,10.12,13.51,27.02,2.95,0.19,0.25,0.25,1.0,0,cycle_time,segment_shift_history,location_cycle_time,location_hour,location_hour,"Нужно 0 кур.; прогноз 0.3 заказа/ч; окно block_12_18: история 0.19, цикл 0.25; выбрано: время полного цикла доставки; страховой запас 0%"
51,БТ Новинский,kfm,2026-09-28,16,16:00-17:00,medium,block_12_18,bike,0.44,3.3,14.03,13.51,27.02,2.95,0.19,0.25,0.25,1.0,0,cycle_time,segment_shift_history,location_cycle_time,location_hour,location_hour,"Нужно 0 кур.; прогноз 0.4 заказа/ч; окно block_12_18: история 0.19, цикл 0.25; выбрано: время полного цикла доставки; страховой запас 0%"
51,БТ Новинский,kfm,2026-09-28,17,17:00-18:00,medium,block_12_18,bike,0.55,3.3,12.66,13.51,27.02,2.95,0.19,0.25,0.25,1.0,0,cycle_time,segment_shift_history,location_cycle_time,location_hour,location_hour,"Нужно 0 кур.; прогноз 0.6 заказа/ч; окно block_12_18: история 0.19, цикл 0.25; выбрано: время полного цикла доставки; страховой запас 0%"
51,БТ Новинский,kfm,2026-09-28,19,19:00-20:00,medium,block_18_24,bike,0.74,0.74,14.25,10.77,21.54,2.16,0.06,0.04,0.06,1.0,0,history,segment_shift_history,segment_cycle_time,location_hour,location_hour,"Нужно 0 кур.; прогноз 0.7 заказа/ч; окно block_18_24: история 0.06, цикл 0.04; выбрано: историческая производительность; страховой запас 0%"
6,Неглинная,kfm,2026-09-28,0,00:00-01:00,mega,deep_night,auto,0.82,2.58,21.88,23.0,46.0,1.95,0.22,0.33,0.33,1.0,1,cycle_time,default_slot_capacity,location_cycle_time,location_hour,location_hour,"Нужно 1 кур.; прогноз 0.8 заказа/ч; окно deep_night: история 0.22, цикл 0.33; выбрано: время полного цикла доставки; страховой запас 0%"
6,Неглинная,kfm,2026-09-28,1,01:00-02:00,mega,deep_night,auto,0.52,2.58,18.8,23.0,46.0,1.95,0.22,0.33,0.33,1.0,1,cycle_time,default_slot_capacity,location_cycle_time,location_hour,location_hour,"Нужно 1 кур.; прогноз 0.5 заказа/ч; окно deep_night: история 0.22, цикл 0.33; выбрано: время полного цикла доставки; страховой запас 0%"
6,Неглинная,kfm,2026-09-28,2,02:00-03:00,mega,deep_night,auto,0.3,2.58,16.47,23.0,46.0,1.95,0.22,0.33,0.33,1.0,1,cycle_time,default_slot_capacity,location_cycle_time,location_hour,location_hour,"Нужно 1 кур.; прогноз 0.3 заказа/ч; окно deep_night: история 0.22, цикл 0.33; выбрано: время полного цикла доставки; страховой запас 0%"
6,Неглинная,kfm,2026-09-28,3,03:00-04:00,mega,deep_night,auto,0.15,2.58,19.37,23.0,46.0,1.95,0.22,0.33,0.33,1.0,1,cycle_time,default_slot_capacity,location_cycle_time,location_hour,location_hour,"Нужно 1 кур.; прогноз 0.1 заказа/ч; окно deep_night: история 0.22, цикл 0.33; выбрано: время полного цикла доставки; страховой запас 0%"
6,Неглинная,kfm,2026-09-28,4,04:00-05:00,mega,deep_night,auto,0.41,2.58,23.53,23.0,46.0,1.95,0.22,0.33,0.33,1.0,1,cycle_time,default_slot_capacity,location_cycle_time,location_hour,location_hour,"Нужно 1 кур.; прогноз 0.4 заказа/ч; окно deep_night: история 0.22, цикл 0.33; выбрано: время полного цикла доставки; страховой запас 0%"
6,Неглинная,kfm,2026-09-28,5,05:00-06:00,mega,deep_night,auto,0.37,2.58,13.33,23.0,46.0,1.95,0.22,0.33,0.33,1.0,1,cycle_time,default_slot_capacity,location_cycle_time,location_hour,location_hour,"Нужно 1 кур.; прогноз 0.4 заказа/ч; окно deep_night: история 0.22, цикл 0.33; выбрано: время полного цикла доставки; страховой запас 0%"
6,Неглинная,kfm,2026-09-28,6,06:00-07:00,mega,opening,auto,1.7,4.02,20.5,23.45,46.9,1.61,1.25,1.57,1.57,1.0,2,cycle_time,segment_shift_history,location_cycle_time,location_hour,location_hour,"Нужно 2 кур.; прогноз 1.7 заказа/ч; окно opening: история 1.25, цикл 1.57; выбрано: время полного цикла доставки; страховой запас 0%"
6,Неглинная,kfm,2026-09-28,7,07:00-08:00,mega,opening,auto,2.32,4.02,21.3,23.45,46.9,1.61,1.25,1.57,1.57,1.0,2,cycle_time,segment_shift_history,location_cycle_time,location_hour,location_hour,"Нужно 2 кур.; прогноз 2.3 заказа/ч; окно opening: история 1.25, цикл 1.57; выбрано: время полного цикла доставки; страховой запас 0%"
6,Неглинная,kfm,2026-09-28,8,08:00-09:00,mega,early_morning,auto,3.48,3.48,22.54,23.86,47.72,1.46,2.38,2.77,2.77,1.0,3,cycle_time,segment_shift_history,location_cycle_time,location_hour,location_hour,"Нужно 3 кур.; прогноз 3.5 заказа/ч; окно early_morning: история 2.38, цикл 2.77; выбрано: время полного цикла доставки; страховой запас 0%"
6,Неглинная,kfm,2026-09-28,9,09:00-10:00,mega,morning,auto,3.46,6.34,24.71,35.04,70.08,1.06,2.98,3.7,3.7,1.0,3,cycle_time,segment_shift_history,location_cycle_time,location_hour,location_hour,"Нужно 3 кур.; прогноз 3.5 заказа/ч; окно morning: история 2.98, цикл 3.70; выбрано: время полного цикла доставки; страховой запас 0%"
6,Неглинная,kfm,2026-09-28,10,10:00-11:00,mega,morning,auto,2.88,6.34,31.5,35.04,70.08,1.06,2.98,3.7,3.7,1.0,3,cycle_time,segment_shift_history,location_cycle_time,location_hour,location_hour,"Нужно 3 кур.; прогноз 2.9 заказа/ч; окно morning: история 2.98, цикл 3.70; выбрано: время полного цикла доставки; страховой запас 0%"
6,Неглинная,kfm,2026-09-28,11,11:00-12:00,mega,lunch,auto,4.14,15.38,32.2,39.6,79.2,1.59,2.42,5.07,5.07,1.0,5,cycle_time,location_shift_history,location_cycle_time,location_hour,location_hour,"Нужно 5 кур.; прогноз 4.1 заказа/ч; окно lunch: история 2.42, цикл 5.07; выбрано: время полного цикла доставки; страховой запас 0%"
6,Неглинная,kfm,2026-09-28,12,12:00-13:00,mega,lunch,auto,3.5,15.38,33.22,39.6,79.2,1.59,2.42,5.07,5.07,1.0,5,cycle_time,location_shift_history,location_cycle_time,location_hour,location_hour,"Нужно 5 кур.; прогноз 3.5 заказа/ч; окно lunch: история 2.42, цикл 5.07; выбрано: время полного цикла доставки; страховой запас 0%"
6,Неглинная,kfm,2026-09-28,13,13:00-14:00,mega,lunch,auto,4.47,15.38,36.42,39.6,79.2,1.59,2.42,5.07,5.07,1.0,5,cycle_time,location_shift_history,location_cycle_time,location_hour,location_hour,"Нужно 5 кур.; прогноз 4.5 заказа/ч; окно lunch: история 2.42, цикл 5.07; выбрано: время полного цикла доставки; страховой запас 0%"
6,Неглинная,kfm,2026-09-28,14,14:00-15:00,mega,lunch,auto,3.27,15.38,35.96,39.6,79.2,1.59,2.42,5.07,5.07,1.0,5,cycle_time,location_shift_history,location_cycle_time,location_hour,location_hour,"Нужно 5 кур.; прогноз 3.3 заказа/ч; окно lunch: история 2.42, цикл 5.07; выбрано: время полного цикла доставки; страховой запас 0%"
6,Неглинная,kfm,2026-09-28,15,15:00-16:00,mega,afternoon,auto,2.97,8.61,36.77,43.7,87.4,1.43,2.01,4.18,4.18,1.0,4,cycle_time,location_shift_history,location_cycle_time,location_hour,location_hour,"Нужно 4 кур.; прогноз 3.0 заказа/ч; окно afternoon: история 2.01, цикл 4.18; выбрано: время полного цикла доставки; страховой запас 0%"
6,Неглинная,kfm,2026-09-28,16,16:00-17:00,mega,afternoon,auto,2.67,8.61,41.14,43.7,87.4,1.43,2.01,4.18,4.18,1.0,4,cycle_time,location_shift_history,location_cycle_time,location_hour,location_hour,"Нужно 4 кур.; прогноз 2.7 заказа/ч; окно afternoon: история 2.01, цикл 4.18; выбрано: время полного цикла доставки; страховой запас 0%"
6,Неглинная,kfm,2026-09-28,17,17:00-18:00,mega,afternoon,auto,2.97,8.61,41.98,43.7,87.4,1.43,2.01,4.18,4.18,1.0,4,cycle_time,location_shift_history,location_cycle_time,location_hour,location_hour,"Нужно 4 кур.; прогноз 3.0 заказа/ч; окно afternoon: история 2.01, цикл 4.18; выбрано: время полного цикла доставки; страховой запас 0%"
6,Неглинная,kfm,2026-09-28,18,18:00-19:00,mega,dinner,auto,2.58,7.07,39.96,42.19,84.38,1.18,2.0,3.31,3.31,1.0,3,cycle_time,location_shift_history,location_cycle_time,location_hour,location_hour,"Нужно 3 кур.; прогноз 2.6 заказа/ч; окно dinner: история 2.00, цикл 3.31; выбрано: время полного цикла доставки; страховой запас 0%"
6,Неглинная,kfm,2026-09-28,19,19:00-20:00,mega,dinner,auto,2.04,7.07,38.09,42.19,84.38,1.18,2.0,3.31,3.31,1.0,3,cycle_time,location_shift_history,location_cycle_time,location_hour,location_hour,"Нужно 3 кур.; прогноз 2.0 заказа/ч; окно dinner: история 2.00, цикл 3.31; выбрано: время полного цикла доставки; страховой запас 0%"
6,Неглинная,kfm,2026-09-28,20,20:00-21:00,mega,dinner,auto,2.45,7.07,30.09,42.19,84.38,1.18,2.0,3.31,3.31,1.0,3,cycle_time,location_shift_history,location_cycle_time,location_hour,location_hour,"Нужно 3 кур.; прогноз 2.5 заказа/ч; окно dinner: история 2.00, цикл 3.31; выбрано: время полного цикла доставки; страховой запас 0%"
6,Неглинная,kfm,2026-09-28,21,21:00-22:00,mega,late_evening,auto,1.86,3.86,35.58,35.2,70.4,1.54,0.84,1.51,1.51,1.0,2,cycle_time,segment_shift_history,location_cycle_time,location_hour,location_hour,"Нужно 2 кур.; прогноз 1.9 заказа/ч; окно late_evening: история 0.84, цикл 1.51; выбрано: время полного цикла доставки; страховой запас 0%"
6,Неглинная,kfm,2026-09-28,22,22:00-23:00,mega,late_evening,auto,1.06,3.86,26.28,35.2,70.4,1.54,0.84,1.51,1.51,1.0,2,cycle_time,segment_shift_history,location_cycle_time,location_hour,location_hour,"Нужно 2 кур.; прогноз 1.1 заказа/ч; окно late_evening: история 0.84, цикл 1.51; выбрано: время полного цикла доставки; страховой запас 0%"
6,Неглинная,kfm,2026-09-28,23,23:00-24:00,mega,late_evening,auto,0.93,3.86,22.33,35.2,70.4,1.54,0.84,1.51,1.51,1.0,2,cycle_time,segment_shift_history,location_cycle_time,location_hour,location_hour,"Нужно 2 кур.; прогноз 0.9 заказа/ч; окно late_evening: история 0.84, цикл 1.51; выбрано: время полного цикла доставки; страховой запас 0%"
6,Неглинная,kfm,2026-09-28,0,00:00-01:00,mega,deep_night,bike,0.53,1.67,11.79,10.18,20.37,1.3,0.21,0.09,0.21,1.0,0,history,default_slot_capacity,segment_cycle_time,location_hour,location_hour,"Нужно 0 кур.; прогноз 0.5 заказа/ч; окно deep_night: история 0.21, цикл 0.09; выбрано: историческая производительность; страховой запас 0%"
6,Неглинная,kfm,2026-09-28,1,01:00-02:00,mega,deep_night,bike,0.34,1.67,10.47,10.18,20.37,1.3,0.21,0.09,0.21,1.0,0,history,default_slot_capacity,segment_cycle_time,location_hour,global_vehicle,"Нужно 0 кур.; прогноз 0.3 заказа/ч; окно deep_night: история 0.21, цикл 0.09; выбрано: историческая производительность; страховой запас 0%"
6,Неглинная,kfm,2026-09-28,2,02:00-03:00,mega,deep_night,bike,0.19,1.67,10.47,10.18,20.37,1.3,0.21,0.09,0.21,1.0,0,history,default_slot_capacity,segment_cycle_time,location_hour,global_vehicle,"Нужно 0 кур.; прогноз 0.2 заказа/ч; окно deep_night: история 0.21, цикл 0.09; выбрано: историческая производительность; страховой запас 0%"
6,Неглинная,kfm,2026-09-28,3,03:00-04:00,mega,deep_night,bike,0.1,1.67,10.47,10.18,20.37,1.3,0.21,0.09,0.21,1.0,0,history,default_slot_capacity,segment_cycle_time,location_hour,global_vehicle,"Нужно 0 кур.; прогноз 0.1 заказа/ч; окно deep_night: история 0.21, цикл 0.09; выбрано: историческая производительность; страховой запас 0%"
6,Неглинная,kfm,2026-09-28,4,04:00-05:00,mega,deep_night,bike,0.27,1.67,10.47,10.18,20.37,1.3,0.21,0.09,0.21,1.0,0,history,default_slot_capacity,segment_cycle_time,location_hour,global_vehicle,"Нужно 0 кур.; прогноз 0.3 заказа/ч; окно deep_night: история 0.21, цикл 0.09; выбрано: историческая производительность; страховой запас 0%"
6,Неглинная,kfm,2026-09-28,5,05:00-06:00,mega,deep_night,bike,0.24,1.67,10.47,10.18,20.37,1.3,0.21,0.09,0.21,1.0,0,history,default_slot_capacity,segment_cycle_time,location_hour,global_vehicle,"Нужно 0 кур.; прогноз 0.2 заказа/ч; окно deep_night: история 0.21, цикл 0.09; выбрано: историческая производительность; страховой запас 0%"
6,Неглинная,kfm,2026-09-28,6,06:00-07:00,mega,opening,bike,1.1,2.61,17.35,11.65,23.3,2.19,0.59,0.51,0.59,1.0,0,history,segment_shift_history,location_cycle_time,location_hour,location_hour,"Нужно 0 кур.; прогноз 1.1 заказа/ч; окно opening: история 0.59, цикл 0.51; выбрано: историческая производительность; страховой запас 0%"
6,Неглинная,kfm,2026-09-28,7,07:00-08:00,mega,opening,bike,1.51,2.61,10.41,11.65,23.3,2.19,0.59,0.51,0.59,1.0,0,history,segment_shift_history,location_cycle_time,location_hour,location_hour,"Нужно 0 кур.; прогноз 1.5 заказа/ч; окно opening: история 0.59, цикл 0.51; выбрано: историческая производительность; страховой запас 0%"
6,Неглинная,kfm,2026-09-28,8,08:00-09:00,mega,early_morning,bike,2.26,2.26,9.31,10.38,20.76,2.88,0.78,0.78,0.78,1.0,1,history,location_shift_history,location_cycle_time,location_hour,location_hour,"Нужно 1 кур.; прогноз 2.3 заказа/ч; окно early_morning: история 0.78, цикл 0.78; выбрано: историческая производительность; страховой запас 0%"
6,Неглинная,kfm,2026-09-28,9,09:00-10:00,mega,morning,bike,2.24,4.11,8.17,9.37,18.74,2.57,0.8,0.64,0.8,1.0,1,history,location_shift_history,location_cycle_time,location_hour,location_hour,"Нужно 1 кур.; прогноз 2.2 заказа/ч; окно morning: история 0.80, цикл 0.64; выбрано: историческая производительность; страховой запас 0%"
6,Неглинная,kfm,2026-09-28,10,10:00-11:00,mega,morning,bike,1.87,4.11,8.76,9.37,18.74,2.57,0.8,0.64,0.8,1.0,1,history,location_shift_history,location_cycle_time,location_hour,location_hour,"Нужно 1 кур.; прогноз 1.9 заказа/ч; окно morning: история 0.80, цикл 0.64; выбрано: историческая производительность; страховой запас 0%"
6,Неглинная,kfm,2026-09-28,11,11:00-12:00,mega,lunch,bike,2.68,9.97,10.06,11.06,22.12,3.08,0.81,0.92,0.92,1.0,1,cycle_time,location_shift_history,location_cycle_time,location_hour,location_hour,"Нужно 1 кур.; прогноз 2.7 заказа/ч; окно lunch: история 0.81, цикл 0.92; выбрано: время полного цикла доставки; страховой запас 0%"
6,Неглинная,kfm,2026-09-28,12,12:00-13:00,mega,lunch,bike,2.27,9.97,9.23,11.06,22.12,3.08,0.81,0.92,0.92,1.0,1,cycle_time,location_shift_history,location_cycle_time,location_hour,location_hour,"Нужно 1 кур.; прогноз 2.3 заказа/ч; окно lunch: история 0.81, цикл 0.92; выбрано: время полного цикла доставки; страховой запас 0%"
6,Неглинная,kfm,2026-09-28,13,13:00-14:00,mega,lunch,bike,2.9,9.97,8.85,11.06,22.12,3.08,0.81,0.92,0.92,1.0,1,cycle_time,location_shift_history,location_cycle_time,location_hour,location_hour,"Нужно 1 кур.; прогноз 2.9 заказа/ч; окно lunch: история 0.81, цикл 0.92; выбрано: время полного цикла доставки; страховой запас 0%"
6,Неглинная,kfm,2026-09-28,14,14:00-15:00,mega,lunch,bike,2.12,9.97,10.22,11.06,22.12,3.08,0.81,0.92,0.92,1.0,1,cycle_time,location_shift_history,location_cycle_time,location_hour,location_hour,"Нужно 1 кур.; прогноз 2.1 заказа/ч; окно lunch: история 0.81, цикл 0.92; выбрано: время полного цикла доставки; страховой запас 0%"
6,Неглинная,kfm,2026-09-28,15,15:00-16:00,mega,afternoon,bike,1.93,5.59,10.07,11.88,23.76,2.6,0.72,0.74,0.74,1.0,1,cycle_time,location_shift_history,location_cycle_time,location_hour,location_hour,"Нужно 1 кур.; прогноз 1.9 заказа/ч; окно afternoon: история 0.72, цикл 0.74; выбрано: время полного цикла доставки; страховой запас 0%"
6,Неглинная,kfm,2026-09-28,16,16:00-17:00,mega,afternoon,bike,1.73,5.59,9.92,11.88,23.76,2.6,0.72,0.74,0.74,1.0,1,cycle_time,location_shift_history,location_cycle_time,location_hour,location_hour,"Нужно 1 кур.; прогноз 1.7 заказа/ч; окно afternoon: история 0.72, цикл 0.74; выбрано: время полного цикла доставки; страховой запас 0%"
6,Неглинная,kfm,2026-09-28,17,17:00-18:00,mega,afternoon,bike,1.93,5.59,10.66,11.88,23.76,2.6,0.72,0.74,0.74,1.0,1,cycle_time,location_shift_history,location_cycle_time,location_hour,location_hour,"Нужно 1 кур.; прогноз 1.9 заказа/ч; окно afternoon: история 0.72, цикл 0.74; выбрано: время полного цикла доставки; страховой запас 0%"
6,Неглинная,kfm,2026-09-28,18,18:00-19:00,mega,dinner,bike,1.67,4.59,10.51,12.38,24.76,3.05,0.5,0.63,0.63,1.0,1,cycle_time,segment_shift_history,location_cycle_time,location_hour,location_hour,"Нужно 1 кур.; прогноз 1.7 заказа/ч; окно dinner: история 0.50, цикл 0.63; выбрано: время полного цикла доставки; страховой запас 0%"
6,Неглинная,kfm,2026-09-28,19,19:00-20:00,mega,dinner,bike,1.32,4.59,9.81,12.38,24.76,3.05,0.5,0.63,0.63,1.0,1,cycle_time,segment_shift_history,location_cycle_time,location_hour,location_hour,"Нужно 1 кур.; прогноз 1.3 заказа/ч; окно dinner: история 0.50, цикл 0.63; выбрано: время полного цикла доставки; страховой запас 0%"
6,Неглинная,kfm,2026-09-28,20,20:00-21:00,mega,dinner,bike,1.59,4.59,9.56,12.38,24.76,3.05,0.5,0.63,0.63,1.0,1,cycle_time,segment_shift_history,location_cycle_time,location_hour,location_hour,"Нужно 1 кур.; прогноз 1.6 заказа/ч; окно dinner: история 0.50, цикл 0.63; выбрано: время полного цикла доставки; страховой запас 0%"
6,Неглинная,kfm,2026-09-28,21,21:00-22:00,mega,late_evening,bike,1.21,2.5,11.86,11.56,23.12,2.88,0.29,0.32,0.32,1.0,0,cycle_time,segment_shift_history,location_cycle_time,location_hour,location_hour,"Нужно 0 кур.; прогноз 1.2 заказа/ч; окно late_evening: история 0.29, цикл 0.32; выбрано: время полного цикла доставки; страховой запас 0%"
6,Неглинная,kfm,2026-09-28,22,22:00-23:00,mega,late_evening,bike,0.69,2.5,9.62,11.56,23.12,2.88,0.29,0.32,0.32,1.0,0,cycle_time,segment_shift_history,location_cycle_time,location_hour,location_hour,"Нужно 0 кур.; прогноз 0.7 заказа/ч; окно late_evening: история 0.29, цикл 0.32; выбрано: время полного цикла доставки; страховой запас 0%"
6,Неглинная,kfm,2026-09-28,23,23:00-24:00,mega,late_evening,bike,0.6,2.5,7.54,11.56,23.12,2.88,0.29,0.32,0.32,1.0,0,cycle_time,segment_shift_history,location_cycle_time,location_hour,location_hour,"Нужно 0 кур.; прогноз 0.6 заказа/ч; окно late_evening: история 0.29, цикл 0.32; выбрано: время полного цикла доставки; страховой запас 0%"
602,Сбер Сити ,kfm,2026-09-28,8,08:00-09:00,low,block_06_12,auto,0.08,0.43,22.41,39.25,78.51,1.47,0.0,0.0,0.0,1.0,1,history,time_segment_shift_history,segment_cycle_time,global_hour,global_hour,"Нужно 1 кур.; прогноз 0.1 заказа/ч; окно block_06_12: история 0.00, цикл 0.00; выбрано: историческая производительность; страховой запас 0%"
602,Сбер Сити ,kfm,2026-09-28,9,09:00-10:00,low,block_06_12,auto,0.1,0.43,21.64,39.25,78.51,1.47,0.0,0.0,0.0,1.0,1,history,time_segment_shift_history,segment_cycle_time,global_hour,global_hour,"Нужно 1 кур.; прогноз 0.1 заказа/ч; окно block_06_12: история 0.00, цикл 0.00; выбрано: историческая производительность; страховой запас 0%"
602,Сбер Сити ,kfm,2026-09-28,10,10:00-11:00,low,block_06_12,auto,0.1,0.43,21.71,39.25,78.51,1.47,0.0,0.0,0.0,1.0,1,history,time_segment_shift_history,segment_cycle_time,global_hour,global_hour,"Нужно 1 кур.; прогноз 0.1 заказа/ч; окно block_06_12: история 0.00, цикл 0.00; выбрано: историческая производительность; страховой запас 0%"
602,Сбер Сити ,kfm,2026-09-28,11,11:00-12:00,low,block_06_12,auto,0.11,0.43,22.82,39.25,78.51,1.47,0.0,0.0,0.0,1.0,1,history,time_segment_shift_history,segment_cycle_time,global_hour,global_hour,"Нужно 1 кур.; прогноз 0.1 заказа/ч; окно block_06_12: история 0.00, цикл 0.00; выбрано: историческая производительность; страховой запас 0%"
602,Сбер Сити ,kfm,2026-09-28,12,12:00-13:00,low,block_12_18,auto,0.11,0.53,23.54,31.89,63.79,1.3,0.07,0.09,0.09,1.0,1,cycle_time,time_segment_shift_history,segment_cycle_time,global_hour,global_hour,"Нужно 1 кур.; прогноз 0.1 заказа/ч; окно block_12_18: история 0.07, цикл 0.09; выбрано: время полного цикла доставки; страховой запас 0%"
602,Сбер Сити ,kfm,2026-09-28,13,13:00-14:00,low,block_12_18,auto,0.11,0.53,23.55,31.89,63.79,1.3,0.07,0.09,0.09,1.0,1,cycle_time,time_segment_shift_history,segment_cycle_time,global_hour,global_hour,"Нужно 1 кур.; прогноз 0.1 заказа/ч; окно block_12_18: история 0.07, цикл 0.09; выбрано: время полного цикла доставки; страховой запас 0%"
602,Сбер Сити ,kfm,2026-09-28,14,14:00-15:00,low,block_12_18,auto,0.1,0.53,24.06,31.89,63.79,1.3,0.07,0.09,0.09,1.0,1,cycle_time,time_segment_shift_history,segment_cycle_time,global_hour,global_hour,"Нужно 1 кур.; прогноз 0.1 заказа/ч; окно block_12_18: история 0.07, цикл 0.09; выбрано: время полного цикла доставки; страховой запас 0%"
602,Сбер Сити ,kfm,2026-09-28,15,15:00-16:00,low,block_12_18,auto,0.08,0.53,24.51,31.89,63.79,1.3,0.07,0.09,0.09,1.0,1,cycle_time,time_segment_shift_history,segment_cycle_time,global_hour,global_hour,"Нужно 1 кур.; прогноз 0.1 заказа/ч; окно block_12_18: история 0.07, цикл 0.09; выбрано: время полного цикла доставки; страховой запас 0%"
602,Сбер Сити ,kfm,2026-09-28,16,16:00-17:00,low,block_12_18,auto,0.07,0.53,25.16,31.89,63.79,1.3,0.07,0.09,0.09,1.0,1,cycle_time,time_segment_shift_history,segment_cycle_time,global_hour,global_hour,"Нужно 1 кур.; прогноз 0.1 заказа/ч; окно block_12_18: история 0.07, цикл 0.09; выбрано: время полного цикла доставки; страховой запас 0%"
602,Сбер Сити ,kfm,2026-09-28,17,17:00-18:00,low,block_12_18,auto,0.06,0.53,27.66,31.89,63.79,1.3,0.07,0.09,0.09,1.0,1,cycle_time,time_segment_shift_history,segment_cycle_time,global_hour,global_hour,"Нужно 1 кур.; прогноз 0.1 заказа/ч; окно block_12_18: история 0.07, цикл 0.09; выбрано: время полного цикла доставки; страховой запас 0%"
602,Сбер Сити ,kfm,2026-09-28,18,18:00-19:00,low,block_18_24,auto,0.07,0.32,27.41,32.87,65.74,1.71,0.0,0.0,0.0,1.0,1,history,time_segment_shift_history,segment_cycle_time,global_hour,global_hour,"Нужно 1 кур.; прогноз 0.1 заказа/ч; окно block_18_24: история 0.00, цикл 0.00; выбрано: историческая производительность; страховой запас 0%"
602,Сбер Сити ,kfm,2026-09-28,19,19:00-20:00,low,block_18_24,auto,0.08,0.32,26.64,32.87,65.74,1.71,0.0,0.0,0.0,1.0,1,history,time_segment_shift_history,segment_cycle_time,global_hour,global_hour,"Нужно 1 кур.; прогноз 0.1 заказа/ч; окно block_18_24: история 0.00, цикл 0.00; выбрано: историческая производительность; страховой запас 0%"
602,Сбер Сити ,kfm,2026-09-28,20,20:00-21:00,low,block_18_24,auto,0.07,0.32,23.12,32.87,65.74,1.71,0.0,0.0,0.0,1.0,1,history,time_segment_shift_history,segment_cycle_time,global_hour,global_hour,"Нужно 1 кур.; прогноз 0.1 заказа/ч; окно block_18_24: история 0.00, цикл 0.00; выбрано: историческая производительность; страховой запас 0%"
602,Сбер Сити ,kfm,2026-09-28,8,08:00-09:00,low,block_06_12,bike,0.04,0.23,10.4,11.11,22.21,2.94,0.0,0.0,0.0,1.0,0,history,time_segment_shift_history,segment_cycle_time,global_hour,global_hour,"Нужно 0 кур.; прогноз 0.0 заказа/ч; окно block_06_12: история 0.00, цикл 0.00; выбрано: историческая производительность; страховой запас 0%"
602,Сбер Сити ,kfm,2026-09-28,9,09:00-10:00,low,block_06_12,bike,0.05,0.23,10.37,11.11,22.21,2.94,0.0,0.0,0.0,1.0,0,history,time_segment_shift_history,segment_cycle_time,global_hour,global_hour,"Нужно 0 кур.; прогноз 0.1 заказа/ч; окно block_06_12: история 0.00, цикл 0.00; выбрано: историческая производительность; страховой запас 0%"
602,Сбер Сити ,kfm,2026-09-28,10,10:00-11:00,low,block_06_12,bike,0.06,0.23,10.11,11.11,22.21,2.94,0.0,0.0,0.0,1.0,0,history,time_segment_shift_history,segment_cycle_time,global_hour,global_hour,"Нужно 0 кур.; прогноз 0.1 заказа/ч; окно block_06_12: история 0.00, цикл 0.00; выбрано: историческая производительность; страховой запас 0%"
602,Сбер Сити ,kfm,2026-09-28,11,11:00-12:00,low,block_06_12,bike,0.06,0.23,10.41,11.11,22.21,2.94,0.0,0.0,0.0,1.0,0,history,time_segment_shift_history,segment_cycle_time,global_hour,global_hour,"Нужно 0 кур.; прогноз 0.1 заказа/ч; окно block_06_12: история 0.00, цикл 0.00; выбрано: историческая производительность; страховой запас 0%"
602,Сбер Сити ,kfm,2026-09-28,12,12:00-13:00,low,block_12_18,bike,0.01,0.03,10.37,13.37,26.74,2.95,0.0,0.0,0.0,1.0,0,history,time_segment_shift_history,segment_cycle_time,global_hour,global_hour,"Нужно 0 кур.; прогноз 0.0 заказа/ч; окно block_12_18: история 0.00, цикл 0.00; выбрано: историческая производительность; страховой запас 0%"
602,Сбер Сити ,kfm,2026-09-28,13,13:00-14:00,low,block_12_18,bike,0.01,0.03,10.39,13.37,26.74,2.95,0.0,0.0,0.0,1.0,0,history,time_segment_shift_history,segment_cycle_time,global_hour,global_hour,"Нужно 0 кур.; прогноз 0.0 заказа/ч; окно block_12_18: история 0.00, цикл 0.00; выбрано: историческая производительность; страховой запас 0%"
602,Сбер Сити ,kfm,2026-09-28,14,14:00-15:00,low,block_12_18,bike,0.01,0.03,10.2,13.37,26.74,2.95,0.0,0.0,0.0,1.0,0,history,time_segment_shift_history,segment_cycle_time,global_hour,global_hour,"Нужно 0 кур.; прогноз 0.0 заказа/ч; окно block_12_18: история 0.00, цикл 0.00; выбрано: историческая производительность; страховой запас 0%"
602,Сбер Сити ,kfm,2026-09-28,15,15:00-16:00,low,block_12_18,bike,0.0,0.03,10.75,13.37,26.74,2.95,0.0,0.0,0.0,1.0,0,history,time_segment_shift_history,segment_cycle_time,global_hour,global_hour,"Нужно 0 кур.; прогноз 0.0 заказа/ч; окно block_12_18: история 0.00, цикл 0.00; выбрано: историческая производительность; страховой запас 0%"
602,Сбер Сити ,kfm,2026-09-28,16,16:00-17:00,low,block_12_18,bike,0.0,0.03,11.02,13.37,26.74,2.95,0.0,0.0,0.0,1.0,0,history,time_segment_shift_history,segment_cycle_time,global_hour,global_hour,"Нужно 0 кур.; прогноз 0.0 заказа/ч; окно block_12_18: история 0.00, цикл 0.00; выбрано: историческая производительность; страховой запас 0%"
602,Сбер Сити ,kfm,2026-09-28,17,17:00-18:00,low,block_12_18,bike,0.0,0.03,10.83,13.37,26.74,2.95,0.0,0.0,0.0,1.0,0,history,time_segment_shift_history,segment_cycle_time,global_hour,global_hour,"Нужно 0 кур.; прогноз 0.0 заказа/ч; окно block_12_18: история 0.00, цикл 0.00; выбрано: историческая производительность; страховой запас 0%"
602,Сбер Сити ,kfm,2026-09-28,18,18:00-19:00,low,block_18_24,bike,0.02,0.09,11.1,15.71,31.43,2.15,0.0,0.0,0.0,1.0,0,history,time_segment_shift_history,segment_cycle_time,global_hour,global_hour,"Нужно 0 кур.; прогноз 0.0 заказа/ч; окно block_18_24: история 0.00, цикл 0.00; выбрано: историческая производительность; страховой запас 0%"
602,Сбер Сити ,kfm,2026-09-28,19,19:00-20:00,low,block_18_24,bike,0.02,0.09,10.71,15.71,31.43,2.15,0.0,0.0,0.0,1.0,0,history,time_segment_shift_history,segment_cycle_time,global_hour,global_hour,"Нужно 0 кур.; прогноз 0.0 заказа/ч; окно block_18_24: история 0.00, цикл 0.00; выбрано: историческая производительность; страховой запас 0%"
602,Сбер Сити ,kfm,2026-09-28,20,20:00-21:00,low,block_18_24,bike,0.02,0.09,10.4,15.71,31.43,2.15,0.0,0.0,0.0,1.0,0,history,time_segment_shift_history,segment_cycle_time,global_hour,global_hour,"Нужно 0 кур.; прогноз 0.0 заказа/ч; окно block_18_24: история 0.00, цикл 0.00; выбрано: историческая производительность; страховой запас 0%"
69,Опен Мичуринский,kfm,2026-09-28,8,08:00-09:00,mega,early_morning,auto,4.91,4.91,22.54,24.52,49.04,1.7,2.9,4.02,4.02,1.0,4,cycle_time,location_shift_history,location_cycle_time,location_hour,location_hour,"Нужно 4 кур.; прогноз 4.9 заказа/ч; окно early_morning: история 2.90, цикл 4.02; выбрано: время полного цикла доставки; страховой запас 0%"
69,Опен Мичуринский,kfm,2026-09-28,9,09:00-10:00,mega,morning,auto,5.45,11.08,17.81,19.24,38.48,1.53,3.62,3.55,3.62,1.0,4,history,location_shift_history,location_cycle_time,location_hour,location_hour,"Нужно 4 кур.; прогноз 5.4 заказа/ч; окно morning: история 3.62, цикл 3.55; выбрано: историческая производительность; страховой запас 0%"
69,Опен Мичуринский,kfm,2026-09-28,10,10:00-11:00,mega,morning,auto,5.63,11.08,17.24,19.24,38.48,1.53,3.62,3.55,3.62,1.0,4,history,location_shift_history,location_cycle_time,location_hour,location_hour,"Нужно 4 кур.; прогноз 5.6 заказа/ч; окно morning: история 3.62, цикл 3.55; выбрано: историческая производительность; страховой запас 0%"
69,Опен Мичуринский,kfm,2026-09-28,11,11:00-12:00,mega,lunch,auto,7.21,25.74,17.69,21.78,43.56,1.77,3.64,4.67,4.67,1.0,5,cycle_time,location_shift_history,location_cycle_time,location_hour,location_hour,"Нужно 5 кур.; прогноз 7.2 заказа/ч; окно lunch: история 3.64, цикл 4.67; выбрано: время полного цикла доставки; страховой запас 0%"
69,Опен Мичуринский,kfm,2026-09-28,12,12:00-13:00,mega,lunch,auto,6.13,25.74,18.19,21.78,43.56,1.77,3.64,4.67,4.67,1.0,5,cycle_time,location_shift_history,location_cycle_time,location_hour,location_hour,"Нужно 5 кур.; прогноз 6.1 заказа/ч; окно lunch: история 3.64, цикл 4.67; выбрано: время полного цикла доставки; страховой запас 0%"
69,Опен Мичуринский,kfm,2026-09-28,13,13:00-14:00,mega,lunch,auto,6.28,25.74,18.9,21.78,43.56,1.77,3.64,4.67,4.67,1.0,5,cycle_time,location_shift_history,location_cycle_time,location_hour,location_hour,"Нужно 5 кур.; прогноз 6.3 заказа/ч; окно lunch: история 3.64, цикл 4.67; выбрано: время полного цикла доставки; страховой запас 0%"
69,Опен Мичуринский,kfm,2026-09-28,14,14:00-15:00,mega,lunch,auto,6.13,25.74,21.4,21.78,43.56,1.77,3.64,4.67,4.67,1.0,5,cycle_time,location_shift_history,location_cycle_time,location_hour,location_hour,"Нужно 5 кур.; прогноз 6.1 заказа/ч; окно lunch: история 3.64, цикл 4.67; выбрано: время полного цикла доставки; страховой запас 0%"
69,Опен Мичуринский,kfm,2026-09-28,15,15:00-16:00,mega,afternoon,auto,5.47,15.97,19.3,22.84,45.68,1.5,3.55,4.05,4.05,1.0,4,cycle_time,location_shift_history,location_cycle_time,location_hour,location_hour,"Нужно 4 кур.; прогноз 5.5 заказа/ч; окно afternoon: история 3.55, цикл 4.05; выбрано: время полного цикла доставки; страховой запас 0%"
69,Опен Мичуринский,kfm,2026-09-28,16,16:00-17:00,mega,afternoon,auto,5.14,15.97,20.02,22.84,45.68,1.5,3.55,4.05,4.05,1.0,4,cycle_time,location_shift_history,location_cycle_time,location_hour,location_hour,"Нужно 4 кур.; прогноз 5.1 заказа/ч; окно afternoon: история 3.55, цикл 4.05; выбрано: время полного цикла доставки; страховой запас 0%"
69,Опен Мичуринский,kfm,2026-09-28,17,17:00-18:00,mega,afternoon,auto,5.35,15.97,21.64,22.84,45.68,1.5,3.55,4.05,4.05,1.0,4,cycle_time,location_shift_history,location_cycle_time,location_hour,location_hour,"Нужно 4 кур.; прогноз 5.4 заказа/ч; окно afternoon: история 3.55, цикл 4.05; выбрано: время полного цикла доставки; страховой запас 0%"
69,Опен Мичуринский,kfm,2026-09-28,18,18:00-19:00,mega,dinner,auto,5.42,17.24,22.16,26.39,52.78,2.31,2.49,5.06,5.06,1.0,5,cycle_time,location_shift_history,location_cycle_time,location_hour,location_hour,"Нужно 5 кур.; прогноз 5.4 заказа/ч; окно dinner: история 2.49, цикл 5.06; выбрано: время полного цикла доставки; страховой запас 0%"
69,Опен Мичуринский,kfm,2026-09-28,19,19:00-20:00,mega,dinner,auto,6.09,17.24,21.63,26.39,52.78,2.31,2.49,5.06,5.06,1.0,5,cycle_time,location_shift_history,location_cycle_time,location_hour,location_hour,"Нужно 5 кур.; прогноз 6.1 заказа/ч; окно dinner: история 2.49, цикл 5.06; выбрано: время полного цикла доставки; страховой запас 0%"
69,Опен Мичуринский,kfm,2026-09-28,20,20:00-21:00,mega,dinner,auto,5.73,17.24,21.55,26.39,52.78,2.31,2.49,5.06,5.06,1.0,5,cycle_time,location_shift_history,location_cycle_time,location_hour,location_hour,"Нужно 5 кур.; прогноз 5.7 заказа/ч; окно dinner: история 2.49, цикл 5.06; выбрано: время полного цикла доставки; страховой запас 0%"
69,Опен Мичуринский,kfm,2026-09-28,21,21:00-22:00,mega,late_evening,auto,3.04,5.87,19.3,22.77,45.54,1.54,1.27,1.48,1.48,1.0,1,cycle_time,segment_shift_history,location_cycle_time,location_hour,location_hour,"Нужно 1 кур.; прогноз 3.0 заказа/ч; окно late_evening: история 1.27, цикл 1.48; выбрано: время полного цикла доставки; страховой запас 0%"
69,Опен Мичуринский,kfm,2026-09-28,22,22:00-23:00,mega,late_evening,auto,2.68,5.87,19.51,22.77,45.54,1.54,1.27,1.48,1.48,1.0,1,cycle_time,segment_shift_history,location_cycle_time,location_hour,location_hour,"Нужно 1 кур.; прогноз 2.7 заказа/ч; окно late_evening: история 1.27, цикл 1.48; выбрано: время полного цикла доставки; страховой запас 0%"
69,Опен Мичуринский,kfm,2026-09-28,8,08:00-09:00,mega,early_morning,bike,3.98,3.98,12.27,13.56,27.12,2.06,1.93,1.8,1.93,1.0,2,history,location_shift_history,location_cycle_time,location_hour,location_hour,"Нужно 2 кур.; прогноз 4.0 заказа/ч; окно early_morning: история 1.93, цикл 1.80; выбрано: историческая производительность; страховой запас 0%"
69,Опен Мичуринский,kfm,2026-09-28,9,09:00-10:00,mega,morning,bike,4.42,8.98,12.16,13.41,26.82,2.3,1.95,2.01,2.01,1.0,2,cycle_time,location_shift_history,location_cycle_time,location_hour,location_hour,"Нужно 2 кур.; прогноз 4.4 заказа/ч; окно morning: история 1.95, цикл 2.01; выбрано: время полного цикла доставки; страховой запас 0%"
69,Опен Мичуринский,kfm,2026-09-28,10,10:00-11:00,mega,morning,bike,4.57,8.98,11.68,13.41,26.82,2.3,1.95,2.01,2.01,1.0,2,cycle_time,location_shift_history,location_cycle_time,location_hour,location_hour,"Нужно 2 кур.; прогноз 4.6 заказа/ч; окно morning: история 1.95, цикл 2.01; выбрано: время полного цикла доставки; страховой запас 0%"
69,Опен Мичуринский,kfm,2026-09-28,11,11:00-12:00,mega,lunch,bike,5.84,20.86,12.19,13.14,26.28,2.63,1.98,2.28,2.28,1.0,2,cycle_time,location_shift_history,location_cycle_time,location_hour,location_hour,"Нужно 2 кур.; прогноз 5.8 заказа/ч; окно lunch: история 1.98, цикл 2.28; выбрано: время полного цикла доставки; страховой запас 0%"
69,Опен Мичуринский,kfm,2026-09-28,12,12:00-13:00,mega,lunch,bike,4.97,20.86,12.07,13.14,26.28,2.63,1.98,2.28,2.28,1.0,2,cycle_time,location_shift_history,location_cycle_time,location_hour,location_hour,"Нужно 2 кур.; прогноз 5.0 заказа/ч; окно lunch: история 1.98, цикл 2.28; выбрано: время полного цикла доставки; страховой запас 0%"
69,Опен Мичуринский,kfm,2026-09-28,13,13:00-14:00,mega,lunch,bike,5.09,20.86,11.42,13.14,26.28,2.63,1.98,2.28,2.28,1.0,2,cycle_time,location_shift_history,location_cycle_time,location_hour,location_hour,"Нужно 2 кур.; прогноз 5.1 заказа/ч; окно lunch: история 1.98, цикл 2.28; выбрано: время полного цикла доставки; страховой запас 0%"
69,Опен Мичуринский,kfm,2026-09-28,14,14:00-15:00,mega,lunch,bike,4.97,20.86,11.84,13.14,26.28,2.63,1.98,2.28,2.28,1.0,2,cycle_time,location_shift_history,location_cycle_time,location_hour,location_hour,"Нужно 2 кур.; прогноз 5.0 заказа/ч; окно lunch: история 1.98, цикл 2.28; выбрано: время полного цикла доставки; страховой запас 0%"
69,Опен Мичуринский,kfm,2026-09-28,15,15:00-16:00,mega,afternoon,bike,4.44,12.94,12.14,13.2,26.4,2.53,1.71,1.9,1.9,1.0,2,cycle_time,location_shift_history,location_cycle_time,location_hour,location_hour,"Нужно 2 кур.; прогноз 4.4 заказа/ч; окно afternoon: история 1.71, цикл 1.90; выбрано: время полного цикла доставки; страховой запас 0%"
69,Опен Мичуринский,kfm,2026-09-28,16,16:00-17:00,mega,afternoon,bike,4.17,12.94,11.56,13.2,26.4,2.53,1.71,1.9,1.9,1.0,2,cycle_time,location_shift_history,location_cycle_time,location_hour,location_hour,"Нужно 2 кур.; прогноз 4.2 заказа/ч; окно afternoon: история 1.71, цикл 1.90; выбрано: время полного цикла доставки; страховой запас 0%"
69,Опен Мичуринский,kfm,2026-09-28,17,17:00-18:00,mega,afternoon,bike,4.34,12.94,11.45,13.2,26.4,2.53,1.71,1.9,1.9,1.0,2,cycle_time,location_shift_history,location_cycle_time,location_hour,location_hour,"Нужно 2 кур.; прогноз 4.3 заказа/ч; окно afternoon: история 1.71, цикл 1.90; выбрано: время полного цикла доставки; страховой запас 0%"
69,Опен Мичуринский,kfm,2026-09-28,18,18:00-19:00,mega,dinner,bike,4.4,13.97,12.87,14.04,28.08,3.58,1.3,2.18,2.18,1.0,2,cycle_time,location_shift_history,location_cycle_time,location_hour,location_hour,"Нужно 2 кур.; прогноз 4.4 заказа/ч; окно dinner: история 1.30, цикл 2.18; выбрано: время полного цикла доставки; страховой запас 0%"
69,Опен Мичуринский,kfm,2026-09-28,19,19:00-20:00,mega,dinner,bike,4.93,13.97,12.38,14.04,28.08,3.58,1.3,2.18,2.18,1.0,2,cycle_time,location_shift_history,location_cycle_time,location_hour,location_hour,"Нужно 2 кур.; прогноз 4.9 заказа/ч; окно dinner: история 1.30, цикл 2.18; выбрано: время полного цикла доставки; страховой запас 0%"
69,Опен Мичуринский,kfm,2026-09-28,20,20:00-21:00,mega,dinner,bike,4.65,13.97,11.31,14.04,28.08,3.58,1.3,2.18,2.18,1.0,2,cycle_time,location_shift_history,location_cycle_time,location_hour,location_hour,"Нужно 2 кур.; прогноз 4.6 заказа/ч; окно dinner: история 1.30, цикл 2.18; выбрано: время полного цикла доставки; страховой запас 0%"
69,Опен Мичуринский,kfm,2026-09-28,21,21:00-22:00,mega,late_evening,bike,2.46,4.76,10.39,11.55,23.1,2.88,0.55,0.61,0.61,1.0,1,cycle_time,segment_shift_history,location_cycle_time,location_hour,location_hour,"Нужно 1 кур.; прогноз 2.5 заказа/ч; окно late_evening: история 0.55, цикл 0.61; выбрано: время полного цикла доставки; страховой запас 0%"
69,Опен Мичуринский,kfm,2026-09-28,22,22:00-23:00,mega,late_evening,bike,2.18,4.76,10.6,11.55,23.1,2.88,0.55,0.61,0.61,1.0,1,cycle_time,segment_shift_history,location_cycle_time,location_hour,location_hour,"Нужно 1 кур.; прогноз 2.2 заказа/ч; окно late_evening: история 0.55, цикл 0.61; выбрано: время полного цикла доставки; страховой запас 0%"
7,Белая Площадь,kfm,2026-09-28,0,00:00-01:00,mega,deep_night,auto,1.86,5.43,22.78,23.86,47.72,1.95,0.46,0.72,0.72,1.0,1,cycle_time,default_slot_capacity,location_cycle_time,location_hour,location_hour,"Нужно 1 кур.; прогноз 1.9 заказа/ч; окно deep_night: история 0.46, цикл 0.72; выбрано: время полного цикла доставки; страховой запас 0%"
7,Белая Площадь,kfm,2026-09-28,1,01:00-02:00,mega,deep_night,auto,1.03,5.43,19.22,23.86,47.72,1.95,0.46,0.72,0.72,1.0,1,cycle_time,default_slot_capacity,location_cycle_time,location_hour,location_hour,"Нужно 1 кур.; прогноз 1.0 заказа/ч; окно deep_night: история 0.46, цикл 0.72; выбрано: время полного цикла доставки; страховой запас 0%"
7,Белая Площадь,kfm,2026-09-28,2,02:00-03:00,mega,deep_night,auto,0.71,5.43,17.96,23.86,47.72,1.95,0.46,0.72,0.72,1.0,1,cycle_time,default_slot_capacity,location_cycle_time,location_hour,location_hour,"Нужно 1 кур.; прогноз 0.7 заказа/ч; окно deep_night: история 0.46, цикл 0.72; выбрано: время полного цикла доставки; страховой запас 0%"
7,Белая Площадь,kfm,2026-09-28,3,03:00-04:00,mega,deep_night,auto,0.64,5.43,17.0,23.86,47.72,1.95,0.46,0.72,0.72,1.0,1,cycle_time,default_slot_capacity,location_cycle_time,location_hour,location_hour,"Нужно 1 кур.; прогноз 0.6 заказа/ч; окно deep_night: история 0.46, цикл 0.72; выбрано: время полного цикла доставки; страховой запас 0%"
7,Белая Площадь,kfm,2026-09-28,4,04:00-05:00,mega,deep_night,auto,0.61,5.43,20.92,23.86,47.72,1.95,0.46,0.72,0.72,1.0,1,cycle_time,default_slot_capacity,location_cycle_time,location_hour,location_hour,"Нужно 1 кур.; прогноз 0.6 заказа/ч; окно deep_night: история 0.46, цикл 0.72; выбрано: время полного цикла доставки; страховой запас 0%"
7,Белая Площадь,kfm,2026-09-28,5,05:00-06:00,mega,deep_night,auto,0.58,5.43,23.91,23.86,47.72,1.95,0.46,0.72,0.72,1.0,1,cycle_time,default_slot_capacity,location_cycle_time,location_hour,location_hour,"Нужно 1 кур.; прогноз 0.6 заказа/ч; окно deep_night: история 0.46, цикл 0.72; выбрано: время полного цикла доставки; страховой запас 0%"
7,Белая Площадь,kfm,2026-09-28,6,06:00-07:00,mega,opening,auto,1.98,5.8,25.28,28.32,56.64,1.6,1.82,2.74,2.74,1.0,3,cycle_time,location_shift_history,location_cycle_time,location_hour,location_hour,"Нужно 3 кур.; прогноз 2.0 заказа/ч; окно opening: история 1.82, цикл 2.74; выбрано: время полного цикла доставки; страховой запас 0%"
7,Белая Площадь,kfm,2026-09-28,7,07:00-08:00,mega,opening,auto,3.82,5.8,25.27,28.32,56.64,1.6,1.82,2.74,2.74,1.0,3,cycle_time,location_shift_history,location_cycle_time,location_hour,location_hour,"Нужно 3 кур.; прогноз 3.8 заказа/ч; окно opening: история 1.82, цикл 2.74; выбрано: время полного цикла доставки; страховой запас 0%"
7,Белая Площадь,kfm,2026-09-28,8,08:00-09:00,mega,early_morning,auto,4.17,4.17,25.69,28.62,57.24,1.78,2.35,3.98,3.98,1.0,4,cycle_time,location_shift_history,location_cycle_time,location_hour,location_hour,"Нужно 4 кур.; прогноз 4.2 заказа/ч; окно early_morning: история 2.35, цикл 3.98; выбрано: время полного цикла доставки; страховой запас 0%"
7,Белая Площадь,kfm,2026-09-28,9,09:00-10:00,mega,morning,auto,3.26,7.15,29.0,33.72,67.44,0.89,4.0,4.02,4.02,1.0,4,cycle_time,location_shift_history,location_cycle_time,location_hour,location_hour,"Нужно 4 кур.; прогноз 3.3 заказа/ч; окно morning: история 4.00, цикл 4.02; выбрано: время полного цикла доставки; страховой запас 0%"
7,Белая Площадь,kfm,2026-09-28,10,10:00-11:00,mega,morning,auto,3.89,7.15,26.06,33.72,67.44,0.89,4.0,4.02,4.02,1.0,4,cycle_time,location_shift_history,location_cycle_time,location_hour,location_hour,"Нужно 4 кур.; прогноз 3.9 заказа/ч; окно morning: история 4.00, цикл 4.02; выбрано: время полного цикла доставки; страховой запас 0%"
7,Белая Площадь,kfm,2026-09-28,11,11:00-12:00,mega,lunch,auto,4.32,15.64,28.82,36.02,72.04,0.92,4.27,4.69,4.69,1.0,5,cycle_time,location_shift_history,location_cycle_time,location_hour,location_hour,"Нужно 5 кур.; прогноз 4.3 заказа/ч; окно lunch: история 4.27, цикл 4.69; выбрано: время полного цикла доставки; страховой запас 0%"
7,Белая Площадь,kfm,2026-09-28,12,12:00-13:00,mega,lunch,auto,4.52,15.64,30.86,36.02,72.04,0.92,4.27,4.69,4.69,1.0,5,cycle_time,location_shift_history,location_cycle_time,location_hour,location_hour,"Нужно 5 кур.; прогноз 4.5 заказа/ч; окно lunch: история 4.27, цикл 4.69; выбрано: время полного цикла доставки; страховой запас 0%"
7,Белая Площадь,kfm,2026-09-28,13,13:00-14:00,mega,lunch,auto,3.54,15.64,31.41,36.02,72.04,0.92,4.27,4.69,4.69,1.0,5,cycle_time,location_shift_history,location_cycle_time,location_hour,location_hour,"Нужно 5 кур.; прогноз 3.5 заказа/ч; окно lunch: история 4.27, цикл 4.69; выбрано: время полного цикла доставки; страховой запас 0%"
7,Белая Площадь,kfm,2026-09-28,14,14:00-15:00,mega,lunch,auto,3.26,15.64,29.62,36.02,72.04,0.92,4.27,4.69,4.69,1.0,5,cycle_time,location_shift_history,location_cycle_time,location_hour,location_hour,"Нужно 5 кур.; прогноз 3.3 заказа/ч; окно lunch: история 4.27, цикл 4.69; выбрано: время полного цикла доставки; страховой запас 0%"
7,Белая Площадь,kfm,2026-09-28,15,15:00-16:00,mega,afternoon,auto,3.35,9.63,33.83,41.42,82.84,0.81,3.99,4.43,4.43,1.0,4,cycle_time,location_shift_history,location_cycle_time,location_hour,location_hour,"Нужно 4 кур.; прогноз 3.4 заказа/ч; окно afternoon: история 3.99, цикл 4.43; выбрано: время полного цикла доставки; страховой запас 0%"
7,Белая Площадь,kfm,2026-09-28,16,16:00-17:00,mega,afternoon,auto,3.35,9.63,40.6,41.42,82.84,0.81,3.99,4.43,4.43,1.0,4,cycle_time,location_shift_history,location_cycle_time,location_hour,location_hour,"Нужно 4 кур.; прогноз 3.4 заказа/ч; окно afternoon: история 3.99, цикл 4.43; выбрано: время полного цикла доставки; страховой запас 0%"
7,Белая Площадь,kfm,2026-09-28,17,17:00-18:00,mega,afternoon,auto,2.93,9.63,39.53,41.42,82.84,0.81,3.99,4.43,4.43,1.0,4,cycle_time,location_shift_history,location_cycle_time,location_hour,location_hour,"Нужно 4 кур.; прогноз 2.9 заказа/ч; окно afternoon: история 3.99, цикл 4.43; выбрано: время полного цикла доставки; страховой запас 0%"
7,Белая Площадь,kfm,2026-09-28,18,18:00-19:00,mega,dinner,auto,2.52,8.81,35.23,42.11,84.22,0.47,6.31,4.12,6.31,1.0,6,history,location_shift_history,location_cycle_time,location_hour,location_hour,"Нужно 6 кур.; прогноз 2.5 заказа/ч; окно dinner: история 6.31, цикл 4.12; выбрано: историческая производительность; страховой запас 0%"
7,Белая Площадь,kfm,2026-09-28,19,19:00-20:00,mega,dinner,auto,3.27,8.81,41.14,42.11,84.22,0.47,6.31,4.12,6.31,1.0,6,history,location_shift_history,location_cycle_time,location_hour,location_hour,"Нужно 6 кур.; прогноз 3.3 заказа/ч; окно dinner: история 6.31, цикл 4.12; выбрано: историческая производительность; страховой запас 0%"
7,Белая Площадь,kfm,2026-09-28,20,20:00-21:00,mega,dinner,auto,3.02,8.81,29.21,42.11,84.22,0.47,6.31,4.12,6.31,1.0,6,history,location_shift_history,location_cycle_time,location_hour,location_hour,"Нужно 6 кур.; прогноз 3.0 заказа/ч; окно dinner: история 6.31, цикл 4.12; выбрано: историческая производительность; страховой запас 0%"
7,Белая Площадь,kfm,2026-09-28,21,21:00-22:00,mega,late_evening,auto,1.95,5.92,24.46,23.7,47.4,1.03,1.91,1.56,1.91,1.0,2,history,location_shift_history,location_cycle_time,location_hour,location_hour,"Нужно 2 кур.; прогноз 1.9 заказа/ч; окно late_evening: история 1.91, цикл 1.56; выбрано: историческая производительность; страховой запас 0%"
7,Белая Площадь,kfm,2026-09-28,22,22:00-23:00,mega,late_evening,auto,2.23,5.92,18.6,23.7,47.4,1.03,1.91,1.56,1.91,1.0,2,history,location_shift_history,location_cycle_time,location_hour,location_hour,"Нужно 2 кур.; прогноз 2.2 заказа/ч; окно late_evening: история 1.91, цикл 1.56; выбрано: историческая производительность; страховой запас 0%"
7,Белая Площадь,kfm,2026-09-28,23,23:00-24:00,mega,late_evening,auto,1.75,5.92,19.57,23.7,47.4,1.03,1.91,1.56,1.91,1.0,2,history,location_shift_history,location_cycle_time,location_hour,location_hour,"Нужно 2 кур.; прогноз 1.7 заказа/ч; окно late_evening: история 1.91, цикл 1.56; выбрано: историческая производительность; страховой запас 0%"
7,Белая Площадь,kfm,2026-09-28,0,00:00-01:00,mega,deep_night,bike,0.97,2.82,0.14,10.18,20.37,1.3,0.36,0.16,0.36,1.0,0,history,default_slot_capacity,segment_cycle_time,location_hour,location_hour,"Нужно 0 кур.; прогноз 1.0 заказа/ч; окно deep_night: история 0.36, цикл 0.16; выбрано: историческая производительность; страховой запас 0%"
7,Белая Площадь,kfm,2026-09-28,1,01:00-02:00,mega,deep_night,bike,0.53,2.82,10.47,10.18,20.37,1.3,0.36,0.16,0.36,1.0,0,history,default_slot_capacity,segment_cycle_time,location_hour,global_vehicle,"Нужно 0 кур.; прогноз 0.5 заказа/ч; окно deep_night: история 0.36, цикл 0.16; выбрано: историческая производительность; страховой запас 0%"
7,Белая Площадь,kfm,2026-09-28,2,02:00-03:00,mega,deep_night,bike,0.37,2.82,10.47,10.18,20.37,1.3,0.36,0.16,0.36,1.0,0,history,default_slot_capacity,segment_cycle_time,location_hour,global_vehicle,"Нужно 0 кур.; прогноз 0.4 заказа/ч; окно deep_night: история 0.36, цикл 0.16; выбрано: историческая производительность; страховой запас 0%"
7,Белая Площадь,kfm,2026-09-28,3,03:00-04:00,mega,deep_night,bike,0.33,2.82,10.47,10.18,20.37,1.3,0.36,0.16,0.36,1.0,0,history,default_slot_capacity,segment_cycle_time,location_hour,global_vehicle,"Нужно 0 кур.; прогноз 0.3 заказа/ч; окно deep_night: история 0.36, цикл 0.16; выбрано: историческая производительность; страховой запас 0%"
7,Белая Площадь,kfm,2026-09-28,4,04:00-05:00,mega,deep_night,bike,0.32,2.82,10.47,10.18,20.37,1.3,0.36,0.16,0.36,1.0,0,history,default_slot_capacity,segment_cycle_time,location_hour,global_vehicle,"Нужно 0 кур.; прогноз 0.3 заказа/ч; окно deep_night: история 0.36, цикл 0.16; выбрано: историческая производительность; страховой запас 0%"
7,Белая Площадь,kfm,2026-09-28,5,05:00-06:00,mega,deep_night,bike,0.3,2.82,10.47,10.18,20.37,1.3,0.36,0.16,0.36,1.0,0,history,default_slot_capacity,segment_cycle_time,location_hour,global_vehicle,"Нужно 0 кур.; прогноз 0.3 заказа/ч; окно deep_night: история 0.36, цикл 0.16; выбрано: историческая производительность; страховой запас 0%"
7,Белая Площадь,kfm,2026-09-28,6,06:00-07:00,mega,opening,bike,1.03,3.02,9.98,10.48,20.96,2.11,0.71,0.53,0.71,1.0,1,history,location_shift_history,location_cycle_time,location_hour,location_hour,"Нужно 1 кур.; прогноз 1.0 заказа/ч; окно opening: история 0.71, цикл 0.53; выбрано: историческая производительность; страховой запас 0%"
7,Белая Площадь,kfm,2026-09-28,7,07:00-08:00,mega,opening,bike,1.99,3.02,10.01,10.48,20.96,2.11,0.71,0.53,0.71,1.0,1,history,location_shift_history,location_cycle_time,location_hour,location_hour,"Нужно 1 кур.; прогноз 2.0 заказа/ч; окно opening: история 0.71, цикл 0.53; выбрано: историческая производительность; страховой запас 0%"
7,Белая Площадь,kfm,2026-09-28,8,08:00-09:00,mega,early_morning,bike,2.17,2.17,11.97,13.14,26.28,2.76,0.79,0.95,0.95,1.0,1,cycle_time,location_shift_history,location_cycle_time,location_hour,location_hour,"Нужно 1 кур.; прогноз 2.2 заказа/ч; окно early_morning: история 0.79, цикл 0.95; выбрано: время полного цикла доставки; страховой запас 0%"
7,Белая Площадь,kfm,2026-09-28,9,09:00-10:00,mega,morning,bike,1.69,3.72,12.69,13.86,27.72,2.0,0.93,0.86,0.93,1.0,1,history,location_shift_history,location_cycle_time,location_hour,location_hour,"Нужно 1 кур.; прогноз 1.7 заказа/ч; окно morning: история 0.93, цикл 0.86; выбрано: историческая производительность; страховой запас 0%"
7,Белая Площадь,kfm,2026-09-28,10,10:00-11:00,mega,morning,bike,2.02,3.72,11.95,13.86,27.72,2.0,0.93,0.86,0.93,1.0,1,history,location_shift_history,location_cycle_time,location_hour,location_hour,"Нужно 1 кур.; прогноз 2.0 заказа/ч; окно morning: история 0.93, цикл 0.86; выбрано: историческая производительность; страховой запас 0%"
7,Белая Площадь,kfm,2026-09-28,11,11:00-12:00,mega,lunch,bike,2.24,8.13,11.55,12.92,25.84,2.65,0.77,0.88,0.88,1.0,1,cycle_time,location_shift_history,location_cycle_time,location_hour,location_hour,"Нужно 1 кур.; прогноз 2.2 заказа/ч; окно lunch: история 0.77, цикл 0.88; выбрано: время полного цикла доставки; страховой запас 0%"
7,Белая Площадь,kfm,2026-09-28,12,12:00-13:00,mega,lunch,bike,2.35,8.13,11.33,12.92,25.84,2.65,0.77,0.88,0.88,1.0,1,cycle_time,location_shift_history,location_cycle_time,location_hour,location_hour,"Нужно 1 кур.; прогноз 2.4 заказа/ч; окно lunch: история 0.77, цикл 0.88; выбрано: время полного цикла доставки; страховой запас 0%"
7,Белая Площадь,kfm,2026-09-28,13,13:00-14:00,mega,lunch,bike,1.84,8.13,11.98,12.92,25.84,2.65,0.77,0.88,0.88,1.0,1,cycle_time,location_shift_history,location_cycle_time,location_hour,location_hour,"Нужно 1 кур.; прогноз 1.8 заказа/ч; окно lunch: история 0.77, цикл 0.88; выбрано: время полного цикла доставки; страховой запас 0%"
7,Белая Площадь,kfm,2026-09-28,14,14:00-15:00,mega,lunch,bike,1.69,8.13,10.78,12.92,25.84,2.65,0.77,0.88,0.88,1.0,1,cycle_time,location_shift_history,location_cycle_time,location_hour,location_hour,"Нужно 1 кур.; прогноз 1.7 заказа/ч; окно lunch: история 0.77, цикл 0.88; выбрано: время полного цикла доставки; страховой запас 0%"
7,Белая Площадь,kfm,2026-09-28,15,15:00-16:00,mega,afternoon,bike,1.74,5.01,12.36,14.8,29.6,2.39,0.7,0.82,0.82,1.0,1,cycle_time,location_shift_history,location_cycle_time,location_hour,location_hour,"Нужно 1 кур.; прогноз 1.7 заказа/ч; окно afternoon: история 0.70, цикл 0.82; выбрано: время полного цикла доставки; страховой запас 0%"
7,Белая Площадь,kfm,2026-09-28,16,16:00-17:00,mega,afternoon,bike,1.74,5.01,13.42,14.8,29.6,2.39,0.7,0.82,0.82,1.0,1,cycle_time,location_shift_history,location_cycle_time,location_hour,location_hour,"Нужно 1 кур.; прогноз 1.7 заказа/ч; окно afternoon: история 0.70, цикл 0.82; выбрано: время полного цикла доставки; страховой запас 0%"
7,Белая Площадь,kfm,2026-09-28,17,17:00-18:00,mega,afternoon,bike,1.52,5.01,13.31,14.8,29.6,2.39,0.7,0.82,0.82,1.0,1,cycle_time,location_shift_history,location_cycle_time,location_hour,location_hour,"Нужно 1 кур.; прогноз 1.5 заказа/ч; окно afternoon: история 0.70, цикл 0.82; выбрано: время полного цикла доставки; страховой запас 0%"
7,Белая Площадь,kfm,2026-09-28,18,18:00-19:00,mega,dinner,bike,1.31,4.58,11.78,13.41,26.82,2.37,0.64,0.68,0.68,1.0,1,cycle_time,location_shift_history,location_cycle_time,location_hour,location_hour,"Нужно 1 кур.; прогноз 1.3 заказа/ч; окно dinner: история 0.64, цикл 0.68; выбрано: время полного цикла доставки; страховой запас 0%"
7,Белая Площадь,kfm,2026-09-28,19,19:00-20:00,mega,dinner,bike,1.7,4.58,11.88,13.41,26.82,2.37,0.64,0.68,0.68,1.0,1,cycle_time,location_shift_history,location_cycle_time,location_hour,location_hour,"Нужно 1 кур.; прогноз 1.7 заказа/ч; окно dinner: история 0.64, цикл 0.68; выбрано: время полного цикла доставки; страховой запас 0%"
7,Белая Площадь,kfm,2026-09-28,20,20:00-21:00,mega,dinner,bike,1.57,4.58,10.61,13.41,26.82,2.37,0.64,0.68,0.68,1.0,1,cycle_time,location_shift_history,location_cycle_time,location_hour,location_hour,"Нужно 1 кур.; прогноз 1.6 заказа/ч; окно dinner: история 0.64, цикл 0.68; выбрано: время полного цикла доставки; страховой запас 0%"
7,Белая Площадь,kfm,2026-09-28,21,21:00-22:00,mega,late_evening,bike,1.01,3.08,10.03,11.2,22.4,2.88,0.36,0.38,0.38,1.0,0,cycle_time,segment_shift_history,location_cycle_time,location_hour,location_hour,"Нужно 0 кур.; прогноз 1.0 заказа/ч; окно late_evening: история 0.36, цикл 0.38; выбрано: время полного цикла доставки; страховой запас 0%"
7,Белая Площадь,kfm,2026-09-28,22,22:00-23:00,mega,late_evening,bike,1.16,3.08,10.21,11.2,22.4,2.88,0.36,0.38,0.38,1.0,0,cycle_time,segment_shift_history,location_cycle_time,location_hour,location_hour,"Нужно 0 кур.; прогноз 1.2 заказа/ч; окно late_evening: история 0.36, цикл 0.38; выбрано: время полного цикла доставки; страховой запас 0%"
7,Белая Площадь,kfm,2026-09-28,23,23:00-24:00,mega,late_evening,bike,0.91,3.08,7.87,11.2,22.4,2.88,0.36,0.38,0.38,1.0,0,cycle_time,segment_shift_history,location_cycle_time,location_hour,location_hour,"Нужно 0 кур.; прогноз 0.9 заказа/ч; окно late_evening: история 0.36, цикл 0.38; выбрано: время полного цикла доставки; страховой запас 0%"
8,Усачева,kfm,2026-09-28,8,08:00-09:00,mega,early_morning,bike,6.88,6.88,10.59,12.28,24.56,4.7,1.46,2.82,2.82,1.0,3,cycle_time,location_shift_history,location_cycle_time,location_hour,location_hour,"Нужно 3 кур.; прогноз 6.9 заказа/ч; окно early_morning: история 1.46, цикл 2.82; выбрано: время полного цикла доставки; страховой запас 0%"
8,Усачева,kfm,2026-09-28,9,09:00-10:00,mega,morning,bike,8.48,14.98,10.4,12.56,25.12,3.7,2.03,3.13,3.13,1.0,3,cycle_time,location_shift_history,location_cycle_time,location_hour,location_hour,"Нужно 3 кур.; прогноз 8.5 заказа/ч; окно morning: история 2.03, цикл 3.13; выбрано: время полного цикла доставки; страховой запас 0%"
8,Усачева,kfm,2026-09-28,10,10:00-11:00,mega,morning,bike,6.49,14.98,10.78,12.56,25.12,3.7,2.03,3.13,3.13,1.0,3,cycle_time,location_shift_history,location_cycle_time,location_hour,location_hour,"Нужно 3 кур.; прогноз 6.5 заказа/ч; окно morning: история 2.03, цикл 3.13; выбрано: время полного цикла доставки; страховой запас 0%"
8,Усачева,kfm,2026-09-28,11,11:00-12:00,mega,lunch,bike,8.06,30.76,10.36,12.29,24.58,3.83,2.01,3.15,3.15,1.0,3,cycle_time,location_shift_history,location_cycle_time,location_hour,location_hour,"Нужно 3 кур.; прогноз 8.1 заказа/ч; окно lunch: история 2.01, цикл 3.15; выбрано: время полного цикла доставки; страховой запас 0%"
8,Усачева,kfm,2026-09-28,12,12:00-13:00,mega,lunch,bike,7.95,30.76,10.55,12.29,24.58,3.83,2.01,3.15,3.15,1.0,3,cycle_time,location_shift_history,location_cycle_time,location_hour,location_hour,"Нужно 3 кур.; прогноз 7.9 заказа/ч; окно lunch: история 2.01, цикл 3.15; выбрано: время полного цикла доставки; страховой запас 0%"
8,Усачева,kfm,2026-09-28,13,13:00-14:00,mega,lunch,bike,8.34,30.76,11.31,12.29,24.58,3.83,2.01,3.15,3.15,1.0,3,cycle_time,location_shift_history,location_cycle_time,location_hour,location_hour,"Нужно 3 кур.; прогноз 8.3 заказа/ч; окно lunch: история 2.01, цикл 3.15; выбрано: время полного цикла доставки; страховой запас 0%"
8,Усачева,kfm,2026-09-28,14,14:00-15:00,mega,lunch,bike,6.41,30.76,10.61,12.29,24.58,3.83,2.01,3.15,3.15,1.0,3,cycle_time,location_shift_history,location_cycle_time,location_hour,location_hour,"Нужно 3 кур.; прогноз 6.4 заказа/ч; окно lunch: история 2.01, цикл 3.15; выбрано: время полного цикла доставки; страховой запас 0%"
8,Усачева,kfm,2026-09-28,15,15:00-16:00,mega,afternoon,bike,7.59,16.52,10.29,12.42,24.84,3.01,1.83,2.28,2.28,1.0,2,cycle_time,location_shift_history,location_cycle_time,location_hour,location_hour,"Нужно 2 кур.; прогноз 7.6 заказа/ч; окно afternoon: история 1.83, цикл 2.28; выбрано: время полного цикла доставки; страховой запас 0%"
8,Усачева,kfm,2026-09-28,16,16:00-17:00,mega,afternoon,bike,5.29,16.52,10.53,12.42,24.84,3.01,1.83,2.28,2.28,1.0,2,cycle_time,location_shift_history,location_cycle_time,location_hour,location_hour,"Нужно 2 кур.; прогноз 5.3 заказа/ч; окно afternoon: история 1.83, цикл 2.28; выбрано: время полного цикла доставки; страховой запас 0%"
8,Усачева,kfm,2026-09-28,17,17:00-18:00,mega,afternoon,bike,3.64,16.52,11.14,12.42,24.84,3.01,1.83,2.28,2.28,1.0,2,cycle_time,location_shift_history,location_cycle_time,location_hour,location_hour,"Нужно 2 кур.; прогноз 3.6 заказа/ч; окно afternoon: история 1.83, цикл 2.28; выбрано: время полного цикла доставки; страховой запас 0%"
8,Усачева,kfm,2026-09-28,18,18:00-19:00,mega,dinner,bike,5.08,16.05,11.23,13.05,26.1,4.06,1.32,2.33,2.33,1.0,2,cycle_time,location_shift_history,location_cycle_time,location_hour,location_hour,"Нужно 2 кур.; прогноз 5.1 заказа/ч; окно dinner: история 1.32, цикл 2.33; выбрано: время полного цикла доставки; страховой запас 0%"
8,Усачева,kfm,2026-09-28,19,19:00-20:00,mega,dinner,bike,5.73,16.05,10.42,13.05,26.1,4.06,1.32,2.33,2.33,1.0,2,cycle_time,location_shift_history,location_cycle_time,location_hour,location_hour,"Нужно 2 кур.; прогноз 5.7 заказа/ч; окно dinner: история 1.32, цикл 2.33; выбрано: время полного цикла доставки; страховой запас 0%"
8,Усачева,kfm,2026-09-28,20,20:00-21:00,mega,dinner,bike,5.24,16.05,11.36,13.05,26.1,4.06,1.32,2.33,2.33,1.0,2,cycle_time,location_shift_history,location_cycle_time,location_hour,location_hour,"Нужно 2 кур.; прогноз 5.2 заказа/ч; окно dinner: история 1.32, цикл 2.33; выбрано: время полного цикла доставки; страховой запас 0%"
8,Усачева,kfm,2026-09-28,21,21:00-22:00,mega,late_evening,bike,3.69,6.83,11.62,12.46,24.92,2.88,0.79,0.95,0.95,1.0,1,cycle_time,segment_shift_history,location_cycle_time,location_hour,location_hour,"Нужно 1 кур.; прогноз 3.7 заказа/ч; окно late_evening: история 0.79, цикл 0.95; выбрано: время полного цикла доставки; страховой запас 0%"
8,Усачева,kfm,2026-09-28,22,22:00-23:00,mega,late_evening,bike,2.16,6.83,10.36,12.46,24.92,2.88,0.79,0.95,0.95,1.0,1,cycle_time,segment_shift_history,location_cycle_time,location_hour,location_hour,"Нужно 1 кур.; прогноз 2.2 заказа/ч; окно late_evening: история 0.79, цикл 0.95; выбрано: время полного цикла доставки; страховой запас 0%"
8,Усачева,kfm,2026-09-28,23,23:00-24:00,mega,late_evening,bike,0.98,6.83,7.9,12.46,24.92,2.88,0.79,0.95,0.95,1.0,1,cycle_time,segment_shift_history,location_cycle_time,location_hour,location_hour,"Нужно 1 кур.; прогноз 1.0 заказа/ч; окно late_evening: история 0.79, цикл 0.95; выбрано: время полного цикла доставки; страховой запас 0%"
9,КИНКИ,kfm,2026-09-28,8,08:00-09:00,medium,block_06_12,auto,2.3,7.1,24.77,28.21,56.42,1.41,0.84,1.11,1.11,1.0,1,cycle_time,location_shift_history,location_cycle_time,location_hour,location_hour,"Нужно 1 кур.; прогноз 2.3 заказа/ч; окно block_06_12: история 0.84, цикл 1.11; выбрано: время полного цикла доставки; страховой запас 0%"
9,КИНКИ,kfm,2026-09-28,9,09:00-10:00,medium,block_06_12,auto,1.88,7.1,25.99,28.21,56.42,1.41,0.84,1.11,1.11,1.0,1,cycle_time,location_shift_history,location_cycle_time,location_hour,location_hour,"Нужно 1 кур.; прогноз 1.9 заказа/ч; окно block_06_12: история 0.84, цикл 1.11; выбрано: время полного цикла доставки; страховой запас 0%"
9,КИНКИ,kfm,2026-09-28,10,10:00-11:00,medium,block_06_12,auto,1.64,7.1,23.81,28.21,56.42,1.41,0.84,1.11,1.11,1.0,1,cycle_time,location_shift_history,location_cycle_time,location_hour,location_hour,"Нужно 1 кур.; прогноз 1.6 заказа/ч; окно block_06_12: история 0.84, цикл 1.11; выбрано: время полного цикла доставки; страховой запас 0%"
9,КИНКИ,kfm,2026-09-28,11,11:00-12:00,medium,block_06_12,auto,1.22,7.1,24.06,28.21,56.42,1.41,0.84,1.11,1.11,1.0,1,cycle_time,location_shift_history,location_cycle_time,location_hour,location_hour,"Нужно 1 кур.; прогноз 1.2 заказа/ч; окно block_06_12: история 0.84, цикл 1.11; выбрано: время полного цикла доставки; страховой запас 0%"
9,КИНКИ,kfm,2026-09-28,12,12:00-13:00,medium,block_12_18,auto,1.66,15.14,25.05,27.73,55.46,1.39,1.81,2.33,2.33,1.0,2,cycle_time,location_shift_history,location_cycle_time,location_hour,location_hour,"Нужно 2 кур.; прогноз 1.7 заказа/ч; окно block_12_18: история 1.81, цикл 2.33; выбрано: время полного цикла доставки; страховой запас 0%"
9,КИНКИ,kfm,2026-09-28,13,13:00-14:00,medium,block_12_18,auto,3.13,15.14,24.53,27.73,55.46,1.39,1.81,2.33,2.33,1.0,2,cycle_time,location_shift_history,location_cycle_time,location_hour,location_hour,"Нужно 2 кур.; прогноз 3.1 заказа/ч; окно block_12_18: история 1.81, цикл 2.33; выбрано: время полного цикла доставки; страховой запас 0%"
9,КИНКИ,kfm,2026-09-28,14,14:00-15:00,medium,block_12_18,auto,3.19,15.14,22.66,27.73,55.46,1.39,1.81,2.33,2.33,1.0,2,cycle_time,location_shift_history,location_cycle_time,location_hour,location_hour,"Нужно 2 кур.; прогноз 3.2 заказа/ч; окно block_12_18: история 1.81, цикл 2.33; выбрано: время полного цикла доставки; страховой запас 0%"
9,КИНКИ,kfm,2026-09-28,15,15:00-16:00,medium,block_12_18,auto,1.98,15.14,22.62,27.73,55.46,1.39,1.81,2.33,2.33,1.0,2,cycle_time,location_shift_history,location_cycle_time,location_hour,location_hour,"Нужно 2 кур.; прогноз 2.0 заказа/ч; окно block_12_18: история 1.81, цикл 2.33; выбрано: время полного цикла доставки; страховой запас 0%"
9,КИНКИ,kfm,2026-09-28,16,16:00-17:00,medium,block_12_18,auto,2.36,15.14,23.77,27.73,55.46,1.39,1.81,2.33,2.33,1.0,2,cycle_time,location_shift_history,location_cycle_time,location_hour,location_hour,"Нужно 2 кур.; прогноз 2.4 заказа/ч; окно block_12_18: история 1.81, цикл 2.33; выбрано: время полного цикла доставки; страховой запас 0%"
9,КИНКИ,kfm,2026-09-28,17,17:00-18:00,medium,block_12_18,auto,2.81,15.14,25.39,27.73,55.46,1.39,1.81,2.33,2.33,1.0,2,cycle_time,location_shift_history,location_cycle_time,location_hour,location_hour,"Нужно 2 кур.; прогноз 2.8 заказа/ч; окно block_12_18: история 1.81, цикл 2.33; выбрано: время полного цикла доставки; страховой запас 0%"
9,КИНКИ,kfm,2026-09-28,18,18:00-19:00,medium,block_18_24,auto,3.03,16.21,25.71,27.8,55.6,1.69,1.59,2.5,2.5,1.0,3,cycle_time,location_shift_history,location_cycle_time,location_hour,location_hour,"Нужно 3 кур.; прогноз 3.0 заказа/ч; окно block_18_24: история 1.59, цикл 2.50; выбрано: время полного цикла доставки; страховой запас 0%"
9,КИНКИ,kfm,2026-09-28,19,19:00-20:00,medium,block_18_24,auto,4.16,16.21,26.14,27.8,55.6,1.69,1.59,2.5,2.5,1.0,3,cycle_time,location_shift_history,location_cycle_time,location_hour,location_hour,"Нужно 3 кур.; прогноз 4.2 заказа/ч; окно block_18_24: история 1.59, цикл 2.50; выбрано: время полного цикла доставки; страховой запас 0%"
9,КИНКИ,kfm,2026-09-28,20,20:00-21:00,medium,block_18_24,auto,3.59,16.21,23.27,27.8,55.6,1.69,1.59,2.5,2.5,1.0,3,cycle_time,location_shift_history,location_cycle_time,location_hour,location_hour,"Нужно 3 кур.; прогноз 3.6 заказа/ч; окно block_18_24: история 1.59, цикл 2.50; выбрано: время полного цикла доставки; страховой запас 0%"
9,КИНКИ,kfm,2026-09-28,21,21:00-22:00,medium,block_18_24,auto,2.26,16.21,21.73,27.8,55.6,1.69,1.59,2.5,2.5,1.0,3,cycle_time,location_shift_history,location_cycle_time,location_hour,location_hour,"Нужно 3 кур.; прогноз 2.3 заказа/ч; окно block_18_24: история 1.59, цикл 2.50; выбрано: время полного цикла доставки; страховой запас 0%"
9,КИНКИ,kfm,2026-09-28,22,22:00-23:00,medium,block_18_24,auto,2.33,16.21,20.64,27.8,55.6,1.69,1.59,2.5,2.5,1.0,3,cycle_time,location_shift_history,location_cycle_time,location_hour,location_hour,"Нужно 3 кур.; прогноз 2.3 заказа/ч; окно block_18_24: история 1.59, цикл 2.50; выбрано: время полного цикла доставки; страховой запас 0%"
99,Опен Аркус,kfm,2026-09-28,7,07:00-08:00,mega,opening,bike,4.53,4.68,12.09,13.04,26.08,2.19,1.07,1.02,1.07,1.0,1,history,segment_shift_history,location_cycle_time,location_hour,location_hour,"Нужно 1 кур.; прогноз 4.5 заказа/ч; окно opening: история 1.07, цикл 1.02; выбрано: историческая производительность; страховой запас 0%"
99,Опен Аркус,kfm,2026-09-28,8,08:00-09:00,mega,early_morning,bike,6.52,6.52,12.32,14.33,28.66,1.37,4.78,3.12,4.78,1.0,5,history,location_shift_history,location_cycle_time,location_hour,location_hour,"Нужно 5 кур.; прогноз 6.5 заказа/ч; окно early_morning: история 4.78, цикл 3.12; выбрано: историческая производительность; страховой запас 0%"
99,Опен Аркус,kfm,2026-09-28,9,09:00-10:00,mega,morning,bike,7.26,16.24,13.69,15.12,30.24,1.91,4.24,4.09,4.24,1.0,4,history,location_shift_history,location_cycle_time,location_hour,location_hour,"Нужно 4 кур.; прогноз 7.3 заказа/ч; окно morning: история 4.24, цикл 4.09; выбрано: историческая производительность; страховой запас 0%"
99,Опен Аркус,kfm,2026-09-28,10,10:00-11:00,mega,morning,bike,8.98,16.24,12.72,15.12,30.24,1.91,4.24,4.09,4.24,1.0,4,history,location_shift_history,location_cycle_time,location_hour,location_hour,"Нужно 4 кур.; прогноз 9.0 заказа/ч; окно morning: история 4.24, цикл 4.09; выбрано: историческая производительность; страховой запас 0%"
99,Опен Аркус,kfm,2026-09-28,11,11:00-12:00,mega,lunch,bike,9.85,37.17,12.6,13.74,27.48,2.08,4.47,4.26,4.47,1.0,5,history,location_shift_history,location_cycle_time,location_hour,location_hour,"Нужно 5 кур.; прогноз 9.8 заказа/ч; окно lunch: история 4.47, цикл 4.26; выбрано: историческая производительность; страховой запас 0%"
99,Опен Аркус,kfm,2026-09-28,12,12:00-13:00,mega,lunch,bike,10.34,37.17,12.2,13.74,27.48,2.08,4.47,4.26,4.47,1.0,5,history,location_shift_history,location_cycle_time,location_hour,location_hour,"Нужно 5 кур.; прогноз 10.3 заказа/ч; окно lunch: история 4.47, цикл 4.26; выбрано: историческая производительность; страховой запас 0%"
99,Опен Аркус,kfm,2026-09-28,13,13:00-14:00,mega,lunch,bike,8.74,37.17,12.68,13.74,27.48,2.08,4.47,4.26,4.47,1.0,5,history,location_shift_history,location_cycle_time,location_hour,location_hour,"Нужно 5 кур.; прогноз 8.7 заказа/ч; окно lunch: история 4.47, цикл 4.26; выбрано: историческая производительность; страховой запас 0%"
99,Опен Аркус,kfm,2026-09-28,14,14:00-15:00,mega,lunch,bike,8.25,37.17,11.65,13.74,27.48,2.08,4.47,4.26,4.47,1.0,5,history,location_shift_history,location_cycle_time,location_hour,location_hour,"Нужно 5 кур.; прогноз 8.2 заказа/ч; окно lunch: история 4.47, цикл 4.26; выбрано: историческая производительность; страховой запас 0%"
99,Опен Аркус,kfm,2026-09-28,15,15:00-16:00,mega,afternoon,bike,8.13,18.15,12.27,14.49,28.98,1.49,4.06,2.92,4.06,1.0,4,history,location_shift_history,location_cycle_time,location_hour,location_hour,"Нужно 4 кур.; прогноз 8.1 заказа/ч; окно afternoon: история 4.06, цикл 2.92; выбрано: историческая производительность; страховой запас 0%"
99,Опен Аркус,kfm,2026-09-28,16,16:00-17:00,mega,afternoon,bike,5.29,18.15,12.6,14.49,28.98,1.49,4.06,2.92,4.06,1.0,4,history,location_shift_history,location_cycle_time,location_hour,location_hour,"Нужно 4 кур.; прогноз 5.3 заказа/ч; окно afternoon: история 4.06, цикл 2.92; выбрано: историческая производительность; страховой запас 0%"
99,Опен Аркус,kfm,2026-09-28,17,17:00-18:00,mega,afternoon,bike,4.73,18.15,13.0,14.49,28.98,1.49,4.06,2.92,4.06,1.0,4,history,location_shift_history,location_cycle_time,location_hour,location_hour,"Нужно 4 кур.; прогноз 4.7 заказа/ч; окно afternoon: история 4.06, цикл 2.92; выбрано: историческая производительность; страховой запас 0%"
99,Опен Аркус,kfm,2026-09-28,18,18:00-19:00,mega,dinner,bike,7.26,20.18,13.25,14.68,29.36,2.8,2.4,3.29,3.29,1.0,3,cycle_time,location_shift_history,location_cycle_time,location_hour,location_hour,"Нужно 3 кур.; прогноз 7.3 заказа/ч; окно dinner: история 2.40, цикл 3.29; выбрано: время полного цикла доставки; страховой запас 0%"
99,Опен Аркус,kfm,2026-09-28,19,19:00-20:00,mega,dinner,bike,6.63,20.18,12.86,14.68,29.36,2.8,2.4,3.29,3.29,1.0,3,cycle_time,location_shift_history,location_cycle_time,location_hour,location_hour,"Нужно 3 кур.; прогноз 6.6 заказа/ч; окно dinner: история 2.40, цикл 3.29; выбрано: время полного цикла доставки; страховой запас 0%"
99,Опен Аркус,kfm,2026-09-28,20,20:00-21:00,mega,dinner,bike,6.28,20.18,12.32,14.68,29.36,2.8,2.4,3.29,3.29,1.0,3,cycle_time,location_shift_history,location_cycle_time,location_hour,location_hour,"Нужно 3 кур.; прогноз 6.3 заказа/ч; окно dinner: история 2.40, цикл 3.29; выбрано: время полного цикла доставки; страховой запас 0%"
99,Опен Аркус,kfm,2026-09-28,21,21:00-22:00,mega,late_evening,bike,5.36,8.07,12.86,13.97,27.94,2.88,0.93,1.25,1.25,1.0,1,cycle_time,segment_shift_history,location_cycle_time,location_hour,location_hour,"Нужно 1 кур.; прогноз 5.4 заказа/ч; окно late_evening: история 0.93, цикл 1.25; выбрано: время полного цикла доставки; страховой запас 0%"
99,Опен Аркус,kfm,2026-09-28,22,22:00-23:00,mega,late_evening,bike,2.58,8.07,12.05,13.97,27.94,2.88,0.93,1.25,1.25,1.0,1,cycle_time,segment_shift_history,location_cycle_time,location_hour,location_hour,"Нужно 1 кур.; прогноз 2.6 заказа/ч; окно late_evening: история 0.93, цикл 1.25; выбрано: время полного цикла доставки; страховой запас 0%"
