location_id,segment_datetime,segment,time_segment,actual_orders,predicted_orders,forecast_auto_slots,forecast_bike_slots,forecast_total_slots,actual_auto_slots,actual_bike_slots,actual_total_slots
1,2026-07-20 06:00:00+03:00,medium,block_06_12,,5.104578697367983,0,1,1,0.0,1.0,1.0
1,2026-07-20 12:00:00+03:00,medium,block_12_18,,10.38760904875642,0,1,1,0.0,1.0,1.0
1,2026-07-20 18:00:00+03:00,medium,block_18_24,,5.867072657606041,0,1,1,0.0,1.0,1.0
1,2026-07-21 06:00:00+03:00,medium,block_06_12,,6.811185390019135,0,1,1,0.0,1.0,1.0
1,2026-07-21 12:00:00+03:00,medium,block_12_18,,11.044173374411995,0,1,1,0.0,1.0,1.0
1,2026-07-21 18:00:00+03:00,medium,block_18_24,,6.268190870489867,0,1,1,0.0,1.0,1.0
1,2026-07-22 06:00:00+03:00,medium,block_06_12,,7.405941884031821,0,1,1,0.0,1.0,1.0
1,2026-07-22 12:00:00+03:00,medium,block_12_18,,10.75579405572052,0,1,1,0.0,1.0,1.0
1,2026-07-22 18:00:00+03:00,medium,block_18_24,,5.867072657606041,0,1,1,0.0,1.0,1.0
1,2026-07-23 06:00:00+03:00,medium,block_06_12,,5.743509543225261,0,1,1,0.0,0.0,0.0
1,2026-07-23 12:00:00+03:00,medium,block_12_18,,13.29292150981883,0,1,1,0.0,0.0,0.0
1,2026-07-23 18:00:00+03:00,medium,block_18_24,,5.379431423682491,0,1,1,0.0,0.0,0.0
1,2026-07-24 06:00:00+03:00,medium,block_06_12,,6.538648138208599,0,1,1,0.0,0.0,0.0
1,2026-07-24 12:00:00+03:00,medium,block_12_18,,12.341812301325897,0,1,1,0.0,0.0,0.0
1,2026-07-24 18:00:00+03:00,medium,block_18_24,,4.128735933956115,0,1,1,0.0,0.0,0.0
1,2026-07-25 06:00:00+03:00,medium,block_06_12,,5.405219691544728,0,1,1,0.0,0.0,0.0
1,2026-07-25 12:00:00+03:00,medium,block_12_18,,10.074264210849766,0,1,1,0.0,0.0,0.0
1,2026-07-25 18:00:00+03:00,medium,block_18_24,,4.012768033319144,0,1,1,0.0,0.0,0.0
1,2026-07-26 06:00:00+03:00,medium,block_06_12,,5.860817856509714,0,1,1,0.0,0.0,0.0
1,2026-07-26 12:00:00+03:00,medium,block_12_18,,8.672882012329737,0,1,1,0.0,0.0,0.0
1,2026-07-26 18:00:00+03:00,medium,block_18_24,,5.717656580379461,0,1,1,0.0,0.0,0.0
10,2026-07-20 06:00:00+03:00,medium,block_06_12,,11.561167007878336,0,1,1,0.0,1.0,1.0
10,2026-07-20 12:00:00+03:00,medium,block_12_18,,20.437077232415994,0,1,1,0.0,3.0,3.0
10,2026-07-20 18:00:00+03:00,medium,block_18_24,,7.313836778868599,0,1,1,0.0,1.0,1.0
10,2026-07-21 06:00:00+03:00,medium,block_06_12,,10.492750022878552,0,1,1,0.0,1.0,1.0
10,2026-07-21 12:00:00+03:00,medium,block_12_18,,18.1176717309714,0,1,1,0.0,2.0,2.0
10,2026-07-21 18:00:00+03:00,medium,block_18_24,,6.737643088941106,0,1,1,0.0,1.0,1.0
10,2026-07-22 06:00:00+03:00,medium,block_06_12,,11.890029666675447,0,1,1,0.0,2.0,2.0
10,2026-07-22 12:00:00+03:00,medium,block_12_18,,19.53223664872856,0,1,1,0.0,2.0,2.0
10,2026-07-22 18:00:00+03:00,medium,block_18_24,,7.437823792148935,0,1,1,0.0,1.0,1.0
10,2026-07-23 06:00:00+03:00,medium,block_06_12,,12.86684756539815,0,1,1,0.0,0.0,0.0
10,2026-07-23 12:00:00+03:00,medium,block_12_18,,20.036095917305637,0,1,1,0.0,0.0,0.0
10,2026-07-23 18:00:00+03:00,medium,block_18_24,,7.259722562575874,0,1,1,0.0,0.0,0.0
10,2026-07-24 06:00:00+03:00,medium,block_06_12,,9.46889706052849,0,1,1,0.0,0.0,0.0
10,2026-07-24 12:00:00+03:00,medium,block_12_18,,17.363634896418645,0,1,1,0.0,0.0,0.0
10,2026-07-24 18:00:00+03:00,medium,block_18_24,,7.0112915835519605,0,1,1,0.0,0.0,0.0
10,2026-07-25 06:00:00+03:00,medium,block_06_12,,11.320979054596007,0,1,1,0.0,0.0,0.0
10,2026-07-25 12:00:00+03:00,medium,block_12_18,,14.66553131272448,0,1,1,0.0,0.0,0.0
10,2026-07-25 18:00:00+03:00,medium,block_18_24,,6.796061615677679,0,1,1,0.0,0.0,0.0
10,2026-07-26 06:00:00+03:00,medium,block_06_12,,10.203538848394077,0,1,1,0.0,0.0,0.0
10,2026-07-26 12:00:00+03:00,medium,block_12_18,,10.559100787514575,0,1,1,0.0,0.0,0.0
10,2026-07-26 18:00:00+03:00,medium,block_18_24,,7.04485693286285,0,1,1,0.0,0.0,0.0
100,2026-07-20 06:00:00+03:00,medium,block_06_12,,0.3015472171696879,0,0,0,0.0,0.0,0.0
100,2026-07-20 12:00:00+03:00,medium,block_12_18,,0.6406319938998738,1,0,1,0.0,0.0,0.0
100,2026-07-20 18:00:00+03:00,medium,block_18_24,,0.4849317155699463,0,0,0,0.0,0.0,0.0
100,2026-07-21 06:00:00+03:00,medium,block_06_12,,0.2552705533437259,0,0,0,0.0,0.0,0.0
100,2026-07-21 12:00:00+03:00,medium,block_12_18,,0.5769758081989356,1,0,1,0.0,0.0,0.0
100,2026-07-21 18:00:00+03:00,medium,block_18_24,,0.4466068363614774,0,0,0,0.0,0.0,0.0
100,2026-07-22 06:00:00+03:00,medium,block_06_12,,0.2552705533437259,0,0,0,0.0,0.0,0.0
100,2026-07-22 12:00:00+03:00,medium,block_12_18,,0.5769758081989356,1,0,1,0.0,0.0,0.0
100,2026-07-22 18:00:00+03:00,medium,block_18_24,,0.4466068363614774,0,0,0,0.0,0.0,0.0
100,2026-07-23 06:00:00+03:00,medium,block_06_12,,0.2552705533437259,0,0,0,0.0,0.0,0.0
100,2026-07-23 12:00:00+03:00,medium,block_12_18,,0.5769758081989356,1,0,1,0.0,0.0,0.0
100,2026-07-23 18:00:00+03:00,medium,block_18_24,,0.4466068363614774,0,0,0,0.0,0.0,0.0
100,2026-07-24 06:00:00+03:00,medium,block_06_12,,0.2552705533437259,0,0,0,0.0,0.0,0.0
100,2026-07-24 12:00:00+03:00,medium,block_12_18,,0.5769758081989356,1,0,1,0.0,0.0,0.0
100,2026-07-24 18:00:00+03:00,medium,block_18_24,,0.4998715003449615,0,0,0,0.0,0.0,0.0
100,2026-07-25 06:00:00+03:00,medium,block_06_12,,0.0,0,0,0,0.0,0.0,0.0
100,2026-07-25 12:00:00+03:00,medium,block_12_18,,0.5695048196385948,1,0,1,0.0,0.0,0.0
100,2026-07-25 18:00:00+03:00,medium,block_18_24,,0.4969059917846991,0,0,0,0.0,0.0,0.0
100,2026-07-26 06:00:00+03:00,medium,block_06_12,,0.0,0,0,0,0.0,0.0,0.0
100,2026-07-26 12:00:00+03:00,medium,block_12_18,,0.5695048196385948,1,0,1,0.0,0.0,0.0
100,2026-07-26 18:00:00+03:00,medium,block_18_24,,0.440549250118414,0,0,0,0.0,0.0,0.0
101,2026-07-20 00:00:00+03:00,high,deep_night,,2.0046310865511985,0,1,1,0.0,0.0,0.0
101,2026-07-20 03:00:00+03:00,high,opening,,3.327629385964916,0,2,2,0.0,0.0,0.0
101,2026-07-20 06:00:00+03:00,high,early_morning,,1.645528116806047,1,1,2,0.0,0.0,0.0
101,2026-07-20 09:00:00+03:00,high,morning,,5.243621007866469,2,1,3,3.0,0.0,3.0
101,2026-07-20 12:00:00+03:00,high,lunch,,10.563790891214188,2,1,3,3.0,0.0,3.0
101,2026-07-20 15:00:00+03:00,high,afternoon,,7.851696187452969,2,1,3,3.0,0.0,3.0
101,2026-07-20 18:00:00+03:00,high,dinner,,6.738724191916196,1,1,2,2.0,0.0,2.0
101,2026-07-20 21:00:00+03:00,high,late_evening,,1.906246889483918,1,0,1,1.0,0.0,1.0
101,2026-07-21 00:00:00+03:00,high,deep_night,,2.60231315821062,0,1,1,0.0,0.0,0.0
101,2026-07-21 03:00:00+03:00,high,opening,,3.4501696324135573,0,2,2,0.0,0.0,0.0
101,2026-07-21 06:00:00+03:00,high,early_morning,,2.111241466996323,1,1,2,0.0,0.0,0.0
101,2026-07-21 09:00:00+03:00,high,morning,,5.07073783739198,2,1,3,3.0,0.0,3.0
101,2026-07-21 12:00:00+03:00,high,lunch,,11.947645050703365,2,1,3,3.0,0.0,3.0
101,2026-07-21 15:00:00+03:00,high,afternoon,,6.999995760104869,2,1,3,3.0,0.0,3.0
101,2026-07-21 18:00:00+03:00,high,dinner,,6.892734654323692,2,1,3,2.0,0.0,2.0
101,2026-07-21 21:00:00+03:00,high,late_evening,,1.6404142379619164,1,0,1,2.0,0.0,2.0
101,2026-07-22 00:00:00+03:00,high,deep_night,,2.474360401029436,0,1,1,0.0,0.0,0.0
101,2026-07-22 03:00:00+03:00,high,opening,,3.479795694453093,0,2,2,0.0,0.0,0.0
101,2026-07-22 06:00:00+03:00,high,early_morning,,2.118563633152581,1,1,2,0.0,0.0,0.0
101,2026-07-22 09:00:00+03:00,high,morning,,4.877575057627085,2,1,3,3.0,0.0,3.0
101,2026-07-22 12:00:00+03:00,high,lunch,,13.413160577264792,3,1,4,3.0,0.0,3.0
101,2026-07-22 15:00:00+03:00,high,afternoon,,7.675267896111206,2,1,3,4.0,0.0,4.0
101,2026-07-22 18:00:00+03:00,high,dinner,,7.230273044476941,2,1,3,2.0,0.0,2.0
101,2026-07-22 21:00:00+03:00,high,late_evening,,1.9989376054476888,0,1,1,2.0,0.0,2.0
101,2026-07-23 00:00:00+03:00,high,deep_night,,2.477201929444369,0,1,1,0.0,0.0,0.0
101,2026-07-23 03:00:00+03:00,high,opening,,3.475534254396602,0,2,2,0.0,0.0,0.0
101,2026-07-23 06:00:00+03:00,high,early_morning,,2.1225633790547573,1,1,2,0.0,0.0,0.0
101,2026-07-23 09:00:00+03:00,high,morning,,5.086045548301785,2,1,3,0.0,0.0,0.0
101,2026-07-23 12:00:00+03:00,high,lunch,,10.42811389852004,2,1,3,0.0,0.0,0.0
101,2026-07-23 15:00:00+03:00,high,afternoon,,7.382473567863873,2,1,3,0.0,0.0,0.0
101,2026-07-23 18:00:00+03:00,high,dinner,,6.949829725220617,2,1,3,0.0,0.0,0.0
101,2026-07-23 21:00:00+03:00,high,late_evening,,2.113612121953591,0,1,1,0.0,0.0,0.0
101,2026-07-24 00:00:00+03:00,high,deep_night,,2.480351643382102,0,1,1,0.0,0.0,0.0
101,2026-07-24 03:00:00+03:00,high,opening,,3.48463669111938,0,2,2,0.0,0.0,0.0
101,2026-07-24 06:00:00+03:00,high,early_morning,,2.4089487401293344,1,1,2,0.0,0.0,0.0
101,2026-07-24 09:00:00+03:00,high,morning,,5.447214329725097,2,1,3,0.0,0.0,0.0
101,2026-07-24 12:00:00+03:00,high,lunch,,10.869318383189237,2,1,3,0.0,0.0,0.0
101,2026-07-24 15:00:00+03:00,high,afternoon,,6.69338835352291,2,1,3,0.0,0.0,0.0
101,2026-07-24 18:00:00+03:00,high,dinner,,6.960513720513114,2,1,3,0.0,0.0,0.0
101,2026-07-24 21:00:00+03:00,high,late_evening,,2.492261407729802,0,1,1,0.0,0.0,0.0
101,2026-07-25 00:00:00+03:00,high,deep_night,,2.496696508092592,0,1,1,0.0,0.0,0.0
101,2026-07-25 03:00:00+03:00,high,opening,,2.797266760713591,0,1,1,0.0,0.0,0.0
101,2026-07-25 06:00:00+03:00,high,early_morning,,1.7046082154494404,1,1,2,0.0,0.0,0.0
101,2026-07-25 09:00:00+03:00,high,morning,,6.237546011928403,3,1,4,0.0,0.0,0.0
101,2026-07-25 12:00:00+03:00,high,lunch,,10.511918540677591,2,1,3,0.0,0.0,0.0
101,2026-07-25 15:00:00+03:00,high,afternoon,,5.93475885937925,2,1,3,0.0,0.0,0.0
101,2026-07-25 18:00:00+03:00,high,dinner,,5.620498926527052,1,1,2,0.0,0.0,0.0
101,2026-07-25 21:00:00+03:00,high,late_evening,,1.5738862481158924,1,0,1,0.0,0.0,0.0
101,2026-07-26 00:00:00+03:00,high,deep_night,,2.47140251498697,0,1,1,0.0,0.0,0.0
101,2026-07-26 03:00:00+03:00,high,opening,,2.7403767201799454,0,1,1,0.0,0.0,0.0
101,2026-07-26 06:00:00+03:00,high,early_morning,,1.953262244845182,1,1,2,0.0,0.0,0.0
101,2026-07-26 09:00:00+03:00,high,morning,,5.380074624307652,2,1,3,0.0,0.0,0.0
101,2026-07-26 12:00:00+03:00,high,lunch,,11.47952088043301,2,1,3,0.0,0.0,0.0
101,2026-07-26 15:00:00+03:00,high,afternoon,,6.613626701818227,2,1,3,0.0,0.0,0.0
101,2026-07-26 18:00:00+03:00,high,dinner,,5.593587126353171,1,1,2,0.0,0.0,0.0
101,2026-07-26 21:00:00+03:00,high,late_evening,,1.515960329231848,1,0,1,0.0,0.0,0.0
11,2026-07-20 00:00:00+03:00,medium,block_00_06,,19.782635889210443,6,0,6,4.0,0.0,4.0
11,2026-07-20 06:00:00+03:00,medium,block_06_12,,10.66474931591341,2,0,2,4.0,0.0,4.0
11,2026-07-20 18:00:00+03:00,medium,block_18_24,,5.717982346979116,1,0,1,2.0,0.0,2.0
11,2026-07-21 00:00:00+03:00,medium,block_00_06,,13.166703224832323,4,0,4,3.0,0.0,3.0
11,2026-07-21 06:00:00+03:00,medium,block_06_12,,8.96305213704041,2,0,2,4.0,0.0,4.0
11,2026-07-21 18:00:00+03:00,medium,block_18_24,,5.306688886721696,1,0,1,3.0,0.0,3.0
11,2026-07-22 00:00:00+03:00,medium,block_00_06,,16.160903285651955,5,0,5,4.0,0.0,4.0
11,2026-07-22 06:00:00+03:00,medium,block_06_12,,11.37859464571702,3,0,3,3.0,0.0,3.0
11,2026-07-22 18:00:00+03:00,medium,block_18_24,,5.841118218478306,1,0,1,1.0,0.0,1.0
11,2026-07-23 00:00:00+03:00,medium,block_00_06,,16.60998319059493,5,0,5,2.0,0.0,2.0
11,2026-07-23 06:00:00+03:00,medium,block_06_12,,9.453214781686134,2,0,2,2.0,0.0,2.0
11,2026-07-23 18:00:00+03:00,medium,block_18_24,,5.841118218478306,1,0,1,0.0,0.0,0.0
11,2026-07-24 00:00:00+03:00,medium,block_00_06,,17.78330594631104,5,0,5,0.0,0.0,0.0
11,2026-07-24 06:00:00+03:00,medium,block_06_12,,10.66474931591341,2,0,2,0.0,0.0,0.0
11,2026-07-24 18:00:00+03:00,medium,block_18_24,,5.841118218478306,1,0,1,0.0,0.0,0.0
11,2026-07-25 00:00:00+03:00,medium,block_00_06,,19.263794294363063,5,0,5,0.0,0.0,0.0
11,2026-07-25 06:00:00+03:00,medium,block_06_12,,8.595504039850555,2,0,2,0.0,0.0,0.0
11,2026-07-25 18:00:00+03:00,medium,block_18_24,,5.748115764408049,1,0,1,0.0,0.0,0.0
11,2026-07-26 00:00:00+03:00,medium,block_00_06,,19.263794294363063,5,0,5,0.0,0.0,0.0
11,2026-07-26 06:00:00+03:00,medium,block_06_12,,8.403659819241128,2,0,2,0.0,0.0,0.0
11,2026-07-26 18:00:00+03:00,medium,block_18_24,,5.999380452285719,1,0,1,0.0,0.0,0.0
114,2026-07-20 00:00:00+03:00,low,block_00_06,,1.9820250829453567,1,0,1,0.0,0.0,0.0
114,2026-07-20 06:00:00+03:00,low,block_06_12,,0.5369183510999931,1,0,1,0.0,0.0,0.0
114,2026-07-20 12:00:00+03:00,low,block_12_18,,0.2457097435021377,0,0,0,0.0,0.0,0.0
114,2026-07-20 18:00:00+03:00,low,block_18_24,,0.6241614369982392,1,0,1,0.0,0.0,0.0
114,2026-07-21 00:00:00+03:00,low,block_00_06,,1.8245757424751303,1,0,1,0.0,0.0,0.0
114,2026-07-21 06:00:00+03:00,low,block_06_12,,0.5326072083549376,1,0,1,0.0,0.0,0.0
114,2026-07-21 12:00:00+03:00,low,block_12_18,,0.2485667279936689,0,0,0,0.0,0.0,0.0
114,2026-07-21 18:00:00+03:00,low,block_18_24,,0.622228278558118,1,0,1,0.0,0.0,0.0
114,2026-07-22 00:00:00+03:00,low,block_00_06,,1.8245757424751303,1,0,1,0.0,0.0,0.0
114,2026-07-22 06:00:00+03:00,low,block_06_12,,0.5326072083549376,1,0,1,0.0,0.0,0.0
114,2026-07-22 12:00:00+03:00,low,block_12_18,,0.2485667279936689,0,0,0,0.0,0.0,0.0
114,2026-07-22 18:00:00+03:00,low,block_18_24,,0.622228278558118,1,0,1,0.0,0.0,0.0
114,2026-07-23 00:00:00+03:00,low,block_00_06,,1.8245757424751303,1,0,1,0.0,0.0,0.0
114,2026-07-23 06:00:00+03:00,low,block_06_12,,0.5326072083549376,1,0,1,0.0,0.0,0.0
114,2026-07-23 12:00:00+03:00,low,block_12_18,,0.2485667279936689,0,0,0,0.0,0.0,0.0
114,2026-07-23 18:00:00+03:00,low,block_18_24,,0.622228278558118,1,0,1,0.0,0.0,0.0
114,2026-07-24 00:00:00+03:00,low,block_00_06,,1.8245757424751303,1,0,1,0.0,0.0,0.0
114,2026-07-24 06:00:00+03:00,low,block_06_12,,0.5326072083549376,1,0,1,0.0,0.0,0.0
114,2026-07-24 12:00:00+03:00,low,block_12_18,,0.2485667279936689,0,0,0,0.0,0.0,0.0
114,2026-07-24 18:00:00+03:00,low,block_18_24,,0.622228278558118,1,0,1,0.0,0.0,0.0
114,2026-07-25 00:00:00+03:00,low,block_00_06,,1.7847039009764307,1,0,1,0.0,0.0,0.0
114,2026-07-25 06:00:00+03:00,low,block_06_12,,0.5231245811912956,1,0,1,0.0,0.0,0.0
114,2026-07-25 12:00:00+03:00,low,block_12_18,,0.2344200420358587,0,0,0,0.0,0.0,0.0
114,2026-07-25 18:00:00+03:00,low,block_18_24,,0.6022523371048406,1,0,1,0.0,0.0,0.0
114,2026-07-26 00:00:00+03:00,low,block_00_06,,1.7847039009764307,1,0,1,0.0,0.0,0.0
114,2026-07-26 06:00:00+03:00,low,block_06_12,,0.5231245811912956,1,0,1,0.0,0.0,0.0
114,2026-07-26 12:00:00+03:00,low,block_12_18,,0.2344200420358587,0,0,0,0.0,0.0,0.0
114,2026-07-26 18:00:00+03:00,low,block_18_24,,0.6022523371048406,1,0,1,0.0,0.0,0.0
115,2026-07-20 00:00:00+03:00,high,deep_night,,2.37870331212732,0,1,1,0.0,0.0,0.0
115,2026-07-20 03:00:00+03:00,high,opening,,2.040477648394577,0,1,1,0.0,0.0,0.0
115,2026-07-20 06:00:00+03:00,high,early_morning,,3.492569116715328,1,2,3,0.0,0.0,0.0
115,2026-07-20 09:00:00+03:00,high,morning,,8.643665313344885,2,2,4,3.0,1.0,4.0
115,2026-07-20 12:00:00+03:00,high,lunch,,19.05063054401791,3,2,5,3.0,1.0,4.0
115,2026-07-20 15:00:00+03:00,high,afternoon,,9.40970810410038,3,1,4,3.0,1.0,4.0
115,2026-07-20 18:00:00+03:00,high,dinner,,7.984571897905009,3,1,4,2.0,1.0,3.0
115,2026-07-20 21:00:00+03:00,high,late_evening,,2.995759843360934,0,1,1,1.0,0.0,1.0
115,2026-07-21 00:00:00+03:00,high,deep_night,,2.649035249944381,0,1,1,0.0,0.0,0.0
115,2026-07-21 03:00:00+03:00,high,opening,,1.8824137608400855,1,0,1,0.0,0.0,0.0
115,2026-07-21 06:00:00+03:00,high,early_morning,,3.4409325068881844,1,2,3,0.0,0.0,0.0
115,2026-07-21 09:00:00+03:00,high,morning,,8.122048651329143,2,2,4,4.0,1.0,5.0
115,2026-07-21 12:00:00+03:00,high,lunch,,19.32478661743041,3,2,5,3.0,1.0,4.0
115,2026-07-21 15:00:00+03:00,high,afternoon,,9.313228062965386,3,1,4,3.0,1.0,4.0
115,2026-07-21 18:00:00+03:00,high,dinner,,8.45410797068651,3,1,4,3.0,1.0,4.0
115,2026-07-21 21:00:00+03:00,high,late_evening,,2.2753509399656084,0,1,1,2.0,1.0,3.0
115,2026-07-22 00:00:00+03:00,high,deep_night,,2.4566080322806374,0,1,1,0.0,0.0,0.0
115,2026-07-22 03:00:00+03:00,high,opening,,2.083071508609916,0,1,1,0.0,0.0,0.0
115,2026-07-22 06:00:00+03:00,high,early_morning,,3.2401424294242336,1,2,3,0.0,0.0,0.0
115,2026-07-22 09:00:00+03:00,high,morning,,9.185907979388332,2,2,4,3.0,1.0,4.0
115,2026-07-22 12:00:00+03:00,high,lunch,,19.05808950096635,3,2,5,3.0,1.0,4.0
115,2026-07-22 15:00:00+03:00,high,afternoon,,9.320990669646577,3,1,4,3.0,1.0,4.0
115,2026-07-22 18:00:00+03:00,high,dinner,,8.19857631869762,3,1,4,3.0,1.0,4.0
115,2026-07-22 21:00:00+03:00,high,late_evening,,2.282165437758088,0,1,1,1.0,0.0,1.0
115,2026-07-23 00:00:00+03:00,high,deep_night,,2.4594291740695104,0,1,1,0.0,0.0,0.0
115,2026-07-23 03:00:00+03:00,high,opening,,1.419385334547614,1,0,1,0.0,0.0,0.0
115,2026-07-23 06:00:00+03:00,high,early_morning,,4.062687569632677,2,2,4,0.0,0.0,0.0
115,2026-07-23 09:00:00+03:00,high,morning,,8.644606427846925,2,2,4,0.0,0.0,0.0
115,2026-07-23 12:00:00+03:00,high,lunch,,18.62803748217344,3,2,5,0.0,0.0,0.0
115,2026-07-23 15:00:00+03:00,high,afternoon,,9.24005664594435,3,1,4,0.0,0.0,0.0
115,2026-07-23 18:00:00+03:00,high,dinner,,8.012529346020406,3,1,4,0.0,0.0,0.0
115,2026-07-23 21:00:00+03:00,high,late_evening,,2.810439959672076,0,1,1,0.0,0.0,0.0
115,2026-07-24 00:00:00+03:00,high,deep_night,,2.4625562902954266,0,1,1,0.0,0.0,0.0
115,2026-07-24 03:00:00+03:00,high,opening,,1.891016382647026,1,0,1,0.0,0.0,0.0
115,2026-07-24 06:00:00+03:00,high,early_morning,,3.25628662869522,1,2,3,0.0,0.0,0.0
115,2026-07-24 09:00:00+03:00,high,morning,,9.125804926437182,2,2,4,0.0,0.0,0.0
115,2026-07-24 12:00:00+03:00,high,lunch,,15.493872348117444,3,1,4,0.0,0.0,0.0
115,2026-07-24 15:00:00+03:00,high,afternoon,,9.878187000398269,3,1,4,0.0,0.0,0.0
115,2026-07-24 18:00:00+03:00,high,dinner,,8.16402014053632,3,1,4,0.0,0.0,0.0
115,2026-07-24 21:00:00+03:00,high,late_evening,,3.3685433046629365,0,1,1,0.0,0.0,0.0
115,2026-07-25 00:00:00+03:00,high,deep_night,,2.551951992477191,0,1,1,0.0,0.0,0.0
115,2026-07-25 03:00:00+03:00,high,opening,,1.6094743078978966,1,0,1,0.0,0.0,0.0
115,2026-07-25 06:00:00+03:00,high,early_morning,,3.3221931004509537,1,2,3,0.0,0.0,0.0
115,2026-07-25 09:00:00+03:00,high,morning,,9.405606274392964,2,2,4,0.0,0.0,0.0
115,2026-07-25 12:00:00+03:00,high,lunch,,16.74575882234219,3,1,4,0.0,0.0,0.0
115,2026-07-25 15:00:00+03:00,high,afternoon,,7.33876649769314,2,1,3,0.0,0.0,0.0
115,2026-07-25 18:00:00+03:00,high,dinner,,7.725489479295639,3,1,4,0.0,0.0,0.0
115,2026-07-25 21:00:00+03:00,high,late_evening,,2.826846227573748,0,1,1,0.0,0.0,0.0
115,2026-07-26 00:00:00+03:00,high,deep_night,,2.5260982069272173,0,1,1,0.0,0.0,0.0
115,2026-07-26 03:00:00+03:00,high,opening,,1.4457762966937149,1,0,1,0.0,0.0,0.0
115,2026-07-26 06:00:00+03:00,high,early_morning,,2.913941561243912,1,2,3,0.0,0.0,0.0
115,2026-07-26 09:00:00+03:00,high,morning,,8.800978231476348,2,2,4,0.0,0.0,0.0
115,2026-07-26 12:00:00+03:00,high,lunch,,16.0907345620123,3,1,4,0.0,0.0,0.0
115,2026-07-26 15:00:00+03:00,high,afternoon,,7.82286349407293,2,1,3,0.0,0.0,0.0
115,2026-07-26 18:00:00+03:00,high,dinner,,7.802751120271069,3,1,4,0.0,0.0,0.0
115,2026-07-26 21:00:00+03:00,high,late_evening,,2.8147272263444223,0,1,1,0.0,0.0,0.0
116,2026-07-20 12:00:00+03:00,medium,block_12_18,,0.6406932891234594,0,0,0,0.0,0.0,0.0
116,2026-07-20 18:00:00+03:00,medium,block_18_24,,0.7608335301752573,1,0,1,0.0,0.0,0.0
116,2026-07-21 12:00:00+03:00,medium,block_12_18,,0.8954855432642304,1,0,1,0.0,0.0,0.0
116,2026-07-21 18:00:00+03:00,medium,block_18_24,,1.1036976964960288,1,0,1,0.0,0.0,0.0
116,2026-07-22 12:00:00+03:00,medium,block_12_18,,0.8954855432642304,1,0,1,0.0,0.0,0.0
116,2026-07-22 18:00:00+03:00,medium,block_18_24,,0.7256509842916538,1,0,1,0.0,0.0,0.0
116,2026-07-23 12:00:00+03:00,medium,block_12_18,,0.596371541970638,0,0,0,0.0,0.0,0.0
116,2026-07-23 18:00:00+03:00,medium,block_18_24,,0.7256509842916538,1,0,1,0.0,0.0,0.0
116,2026-07-24 12:00:00+03:00,medium,block_12_18,,0.596371541970638,0,0,0,0.0,0.0,0.0
116,2026-07-24 18:00:00+03:00,medium,block_18_24,,1.1036976964960288,1,0,1,0.0,0.0,0.0
116,2026-07-25 12:00:00+03:00,medium,block_12_18,,0.9929486040973072,1,0,1,0.0,0.0,0.0
116,2026-07-25 18:00:00+03:00,medium,block_18_24,,0.7096260921272866,1,0,1,0.0,0.0,0.0
116,2026-07-26 12:00:00+03:00,medium,block_12_18,,0.5880745689626187,0,0,0,0.0,0.0,0.0
116,2026-07-26 18:00:00+03:00,medium,block_18_24,,0.7096260921272866,1,0,1,0.0,0.0,0.0
117,2026-07-20 12:00:00+03:00,medium,block_12_18,,0.5865207629519031,0,0,0,0.0,0.0,0.0
117,2026-07-20 18:00:00+03:00,medium,block_18_24,,0.5769044835370872,0,0,0,0.0,0.0,0.0
117,2026-07-21 12:00:00+03:00,medium,block_12_18,,0.5459465515519382,0,0,0,0.0,0.0,0.0
117,2026-07-21 18:00:00+03:00,medium,block_18_24,,0.5545072418638824,0,0,0,0.0,0.0,0.0
117,2026-07-22 12:00:00+03:00,medium,block_12_18,,0.5459465515519382,0,0,0,0.0,0.0,0.0
117,2026-07-22 18:00:00+03:00,medium,block_18_24,,0.5545072418638824,0,0,0,0.0,0.0,0.0
117,2026-07-23 12:00:00+03:00,medium,block_12_18,,0.5459465515519382,0,0,0,0.0,0.0,0.0
117,2026-07-23 18:00:00+03:00,medium,block_18_24,,0.5545072418638824,0,0,0,0.0,0.0,0.0
117,2026-07-24 12:00:00+03:00,medium,block_12_18,,0.5459465515519382,0,0,0,0.0,0.0,0.0
117,2026-07-24 18:00:00+03:00,medium,block_18_24,,0.6102180177791323,0,0,0,0.0,0.0,0.0
117,2026-07-25 12:00:00+03:00,medium,block_12_18,,0.5409553982014809,0,0,0,0.0,0.0,0.0
117,2026-07-25 18:00:00+03:00,medium,block_18_24,,0.6107978715339355,0,0,0,0.0,0.0,0.0
117,2026-07-26 12:00:00+03:00,medium,block_12_18,,0.5409553982014809,0,0,0,0.0,0.0,0.0
117,2026-07-26 18:00:00+03:00,medium,block_18_24,,0.5527676249700999,0,0,0,0.0,0.0,0.0
118,2026-07-20 06:00:00+03:00,low,block_06_12,,0.1362845289241118,0,0,0,0.0,0.0,0.0
118,2026-07-20 12:00:00+03:00,low,block_12_18,,0.2138272453576688,0,0,0,0.0,0.0,0.0
118,2026-07-20 18:00:00+03:00,low,block_18_24,,0.1267919004113131,0,0,0,0.0,0.0,0.0
118,2026-07-21 06:00:00+03:00,low,block_06_12,,0.1152689958786602,0,0,0,0.0,0.0,0.0
118,2026-07-21 12:00:00+03:00,low,block_12_18,,0.1942888497305934,0,0,0,0.0,0.0,0.0
118,2026-07-21 18:00:00+03:00,low,block_18_24,,0.1155102788350101,0,0,0,0.0,0.0,0.0
118,2026-07-22 06:00:00+03:00,low,block_06_12,,0.1152689958786602,0,0,0,0.0,0.0,0.0
118,2026-07-22 12:00:00+03:00,low,block_12_18,,0.1942888497305934,0,0,0,0.0,0.0,0.0
118,2026-07-22 18:00:00+03:00,low,block_18_24,,0.1155102788350101,0,0,0,0.0,0.0,0.0
118,2026-07-23 06:00:00+03:00,low,block_06_12,,0.1152689958786602,0,0,0,0.0,0.0,0.0
118,2026-07-23 12:00:00+03:00,low,block_12_18,,0.1942888497305934,0,0,0,0.0,0.0,0.0
118,2026-07-23 18:00:00+03:00,low,block_18_24,,0.1155102788350101,0,0,0,0.0,0.0,0.0
118,2026-07-24 06:00:00+03:00,low,block_06_12,,0.1152689958786602,0,0,0,0.0,0.0,0.0
118,2026-07-24 12:00:00+03:00,low,block_12_18,,0.1942888497305934,0,0,0,0.0,0.0,0.0
118,2026-07-24 18:00:00+03:00,low,block_18_24,,0.1155102788350101,0,0,0,0.0,0.0,0.0
118,2026-07-25 06:00:00+03:00,low,block_06_12,,0.1115234280782626,0,0,0,0.0,0.0,0.0
118,2026-07-25 12:00:00+03:00,low,block_12_18,,0.1925459120806118,0,0,0,0.0,0.0,0.0
118,2026-07-25 18:00:00+03:00,low,block_18_24,,0.1115146488301853,0,0,0,0.0,0.0,0.0
119,2026-07-20 06:00:00+03:00,medium,block_06_12,,0.2850375657204581,0,0,0,0.0,0.0,0.0
119,2026-07-20 12:00:00+03:00,medium,block_12_18,,1.390128993348304,1,0,1,0.0,0.0,0.0
119,2026-07-20 18:00:00+03:00,medium,block_18_24,,1.2538551912745763,1,0,1,0.0,0.0,0.0
119,2026-07-21 06:00:00+03:00,medium,block_06_12,,0.0,0,0,0,0.0,0.0,0.0
119,2026-07-21 12:00:00+03:00,medium,block_12_18,,1.271879408270712,1,0,1,0.0,0.0,0.0
119,2026-07-21 18:00:00+03:00,medium,block_18_24,,1.1836643880363036,1,0,1,0.0,0.0,0.0
119,2026-07-22 06:00:00+03:00,medium,block_06_12,,0.0,0,0,0,0.0,0.0,0.0
119,2026-07-22 12:00:00+03:00,medium,block_12_18,,1.271879408270712,1,0,1,0.0,0.0,0.0
119,2026-07-22 18:00:00+03:00,medium,block_18_24,,1.1836643880363036,1,0,1,0.0,0.0,0.0
119,2026-07-23 06:00:00+03:00,medium,block_06_12,,0.0,0,0,0,0.0,0.0,0.0
119,2026-07-23 12:00:00+03:00,medium,block_12_18,,1.271879408270712,1,0,1,0.0,0.0,0.0
119,2026-07-23 18:00:00+03:00,medium,block_18_24,,1.2751053516133202,1,0,1,0.0,0.0,0.0
119,2026-07-24 06:00:00+03:00,medium,block_06_12,,0.0,0,0,0,0.0,0.0,0.0
119,2026-07-24 12:00:00+03:00,medium,block_12_18,,1.271879408270712,1,0,1,0.0,0.0,0.0
119,2026-07-24 18:00:00+03:00,medium,block_18_24,,1.2751053516133202,1,0,1,0.0,0.0,0.0
119,2026-07-25 06:00:00+03:00,medium,block_06_12,,0.0,0,0,0,0.0,0.0,0.0
119,2026-07-25 12:00:00+03:00,medium,block_12_18,,1.186575471082636,1,0,1,0.0,0.0,0.0
119,2026-07-25 18:00:00+03:00,medium,block_18_24,,1.2265170902981624,1,0,1,0.0,0.0,0.0
119,2026-07-26 06:00:00+03:00,medium,block_06_12,,0.0,0,0,0,0.0,0.0,0.0
119,2026-07-26 12:00:00+03:00,medium,block_12_18,,1.186575471082636,1,0,1,0.0,0.0,0.0
119,2026-07-26 18:00:00+03:00,medium,block_18_24,,1.2265170902981624,1,0,1,0.0,0.0,0.0
12,2026-07-20 00:00:00+03:00,high,deep_night,,2.336273175431622,0,1,1,0.0,0.0,0.0
12,2026-07-20 03:00:00+03:00,high,opening,,2.983268269342139,0,2,2,0.0,0.0,0.0
12,2026-07-20 06:00:00+03:00,high,early_morning,,2.6999010375858643,2,1,3,0.0,0.0,0.0
12,2026-07-20 09:00:00+03:00,high,morning,,8.705509578606224,2,2,4,1.0,0.0,1.0
12,2026-07-20 12:00:00+03:00,high,lunch,,21.164239824877203,2,2,4,2.0,1.0,3.0
12,2026-07-20 15:00:00+03:00,high,afternoon,,9.735171744897643,1,2,3,2.0,1.0,3.0
12,2026-07-20 18:00:00+03:00,high,dinner,,9.203944996008795,2,1,3,3.0,0.0,3.0
12,2026-07-20 21:00:00+03:00,high,late_evening,,2.778231406926385,1,0,1,3.0,0.0,3.0
12,2026-07-21 00:00:00+03:00,high,deep_night,,2.6470382964076933,0,1,1,0.0,0.0,0.0
12,2026-07-21 03:00:00+03:00,high,opening,,3.103133699686567,0,2,2,0.0,0.0,0.0
12,2026-07-21 06:00:00+03:00,high,early_morning,,2.957326574268244,2,1,3,0.0,0.0,0.0
12,2026-07-21 09:00:00+03:00,high,morning,,7.52940742686954,2,2,4,0.0,1.0,1.0
12,2026-07-21 12:00:00+03:00,high,lunch,,21.68878898417961,2,2,4,1.0,1.0,2.0
12,2026-07-21 15:00:00+03:00,high,afternoon,,9.922233582344308,1,2,3,1.0,1.0,2.0
12,2026-07-21 18:00:00+03:00,high,dinner,,8.182107885689172,2,1,3,2.0,1.0,3.0
12,2026-07-21 21:00:00+03:00,high,late_evening,,2.785151419812083,1,0,1,2.0,0.0,2.0
12,2026-07-22 00:00:00+03:00,high,deep_night,,2.4693646709629253,0,1,1,0.0,0.0,0.0
12,2026-07-22 03:00:00+03:00,high,opening,,3.149896246612076,0,2,2,0.0,0.0,0.0
12,2026-07-22 06:00:00+03:00,high,early_morning,,2.4367603011366583,1,1,2,0.0,0.0,0.0
12,2026-07-22 09:00:00+03:00,high,morning,,8.597476782974713,2,2,4,2.0,1.0,3.0
12,2026-07-22 12:00:00+03:00,high,lunch,,20.41052177405002,2,2,4,2.0,1.0,3.0
12,2026-07-22 15:00:00+03:00,high,afternoon,,9.76693956602333,1,2,3,2.0,1.0,3.0
12,2026-07-22 18:00:00+03:00,high,dinner,,8.930283314741462,2,1,3,2.0,0.0,2.0
12,2026-07-22 21:00:00+03:00,high,late_evening,,2.635234375794912,1,0,1,1.0,0.0,1.0
12,2026-07-23 00:00:00+03:00,high,deep_night,,2.472200462336103,0,1,1,0.0,0.0,0.0
12,2026-07-23 03:00:00+03:00,high,opening,,3.121367195328581,0,2,2,0.0,0.0,0.0
12,2026-07-23 06:00:00+03:00,high,early_morning,,3.0564066810369805,2,1,3,0.0,0.0,0.0
12,2026-07-23 09:00:00+03:00,high,morning,,8.713718479333387,2,2,4,0.0,0.0,0.0
12,2026-07-23 12:00:00+03:00,high,lunch,,17.209505831279174,2,2,4,0.0,0.0,0.0
12,2026-07-23 15:00:00+03:00,high,afternoon,,10.103568907033958,1,2,3,0.0,0.0,0.0
12,2026-07-23 18:00:00+03:00,high,dinner,,8.926035098578131,2,1,3,0.0,0.0,0.0
12,2026-07-23 21:00:00+03:00,high,late_evening,,2.6395598393179447,1,0,1,0.0,0.0,0.0
12,2026-07-24 00:00:00+03:00,high,deep_night,,2.4753438170059585,0,1,1,0.0,0.0,0.0
12,2026-07-24 03:00:00+03:00,high,opening,,3.129542067248803,0,2,2,0.0,0.0,0.0
12,2026-07-24 06:00:00+03:00,high,early_morning,,1.7622546195613664,1,1,2,0.0,0.0,0.0
12,2026-07-24 09:00:00+03:00,high,morning,,7.029180630298328,2,1,3,0.0,0.0,0.0
12,2026-07-24 12:00:00+03:00,high,lunch,,20.53970060865582,2,2,4,0.0,0.0,0.0
12,2026-07-24 15:00:00+03:00,high,afternoon,,10.341355526265067,1,2,3,0.0,0.0,0.0
12,2026-07-24 18:00:00+03:00,high,dinner,,9.308977476778638,2,1,3,0.0,0.0,0.0
12,2026-07-24 21:00:00+03:00,high,late_evening,,2.8089973163350592,1,0,1,0.0,0.0,0.0
12,2026-07-25 00:00:00+03:00,high,deep_night,,2.398126667228267,0,1,1,0.0,0.0,0.0
12,2026-07-25 03:00:00+03:00,high,opening,,2.511167173529928,0,1,1,0.0,0.0,0.0
12,2026-07-25 06:00:00+03:00,high,early_morning,,1.584806693363097,1,1,2,0.0,0.0,0.0
12,2026-07-25 09:00:00+03:00,high,morning,,8.302555817839682,2,2,4,0.0,0.0,0.0
12,2026-07-25 12:00:00+03:00,high,lunch,,15.943262114230471,1,2,3,0.0,0.0,0.0
12,2026-07-25 15:00:00+03:00,high,afternoon,,8.2552734815622,1,2,3,0.0,0.0,0.0
12,2026-07-25 18:00:00+03:00,high,dinner,,7.776741991498608,2,1,3,0.0,0.0,0.0
12,2026-07-25 21:00:00+03:00,high,late_evening,,2.265529133338512,1,0,1,0.0,0.0,0.0
12,2026-07-26 00:00:00+03:00,high,deep_night,,2.3738312836321165,0,1,1,0.0,0.0,0.0
12,2026-07-26 03:00:00+03:00,high,opening,,2.458313296091529,0,1,1,0.0,0.0,0.0
12,2026-07-26 06:00:00+03:00,high,early_morning,,1.4833586933839615,1,1,2,0.0,0.0,0.0
12,2026-07-26 09:00:00+03:00,high,morning,,8.461182764538995,2,2,4,0.0,0.0,0.0
12,2026-07-26 12:00:00+03:00,high,lunch,,15.469573070500829,1,2,3,0.0,0.0,0.0
12,2026-07-26 15:00:00+03:00,high,afternoon,,7.780613857024495,1,2,3,0.0,0.0,0.0
12,2026-07-26 18:00:00+03:00,high,dinner,,7.924565814584084,2,1,3,0.0,0.0,0.0
12,2026-07-26 21:00:00+03:00,high,late_evening,,2.3962735546516103,1,0,1,0.0,0.0,0.0
120,2026-07-20 06:00:00+03:00,low,block_06_12,,0.1202117522601347,0,0,0,0.0,0.0,0.0
120,2026-07-20 12:00:00+03:00,low,block_12_18,,0.1572037530276633,0,0,0,0.0,0.0,0.0
120,2026-07-20 18:00:00+03:00,low,block_18_24,,0.1480744169719671,0,0,0,0.0,0.0,0.0
120,2026-07-21 06:00:00+03:00,low,block_06_12,,0.10167469547153,0,0,0,0.0,0.0,0.0
120,2026-07-21 12:00:00+03:00,low,block_12_18,,0.1428393107622362,0,0,0,0.0,0.0,0.0
120,2026-07-21 18:00:00+03:00,low,block_18_24,,0.1348991310744431,0,0,0,0.0,0.0,0.0
120,2026-07-22 06:00:00+03:00,low,block_06_12,,0.10167469547153,0,0,0,0.0,0.0,0.0
120,2026-07-22 12:00:00+03:00,low,block_12_18,,0.1428393107622362,0,0,0,0.0,0.0,0.0
120,2026-07-22 18:00:00+03:00,low,block_18_24,,0.1348991310744431,0,0,0,0.0,0.0,0.0
120,2026-07-23 06:00:00+03:00,low,block_06_12,,0.10167469547153,0,0,0,0.0,0.0,0.0
120,2026-07-23 12:00:00+03:00,low,block_12_18,,0.1428393107622362,0,0,0,0.0,0.0,0.0
120,2026-07-23 18:00:00+03:00,low,block_18_24,,0.1348991310744431,0,0,0,0.0,0.0,0.0
120,2026-07-24 06:00:00+03:00,low,block_06_12,,0.10167469547153,0,0,0,0.0,0.0,0.0
120,2026-07-24 12:00:00+03:00,low,block_12_18,,0.1428393107622362,0,0,0,0.0,0.0,0.0
120,2026-07-24 18:00:00+03:00,low,block_18_24,,0.1348991310744431,0,0,0,0.0,0.0,0.0
120,2026-07-25 06:00:00+03:00,low,block_06_12,,0.099283542946524,0,0,0,0.0,0.0,0.0
120,2026-07-25 12:00:00+03:00,low,block_12_18,,0.1424880633042232,0,0,0,0.0,0.0,0.0
120,2026-07-25 18:00:00+03:00,low,block_18_24,,0.1344759419115652,0,0,0,0.0,0.0,0.0
120,2026-07-26 06:00:00+03:00,low,block_06_12,,0.099283542946524,0,0,0,0.0,0.0,0.0
120,2026-07-26 12:00:00+03:00,low,block_12_18,,0.1424880633042232,0,0,0,0.0,0.0,0.0
120,2026-07-26 18:00:00+03:00,low,block_18_24,,0.1344759419115652,0,0,0,0.0,0.0,0.0
121,2026-07-20 06:00:00+03:00,medium,block_06_12,,0.2752957768628782,0,0,0,0.0,0.0,0.0
121,2026-07-20 12:00:00+03:00,medium,block_12_18,,0.5514752731253738,1,0,1,0.0,0.0,0.0
121,2026-07-20 18:00:00+03:00,medium,block_18_24,,0.4580763767162238,0,0,0,0.0,0.0,0.0
121,2026-07-21 06:00:00+03:00,medium,block_06_12,,0.0,0,0,0,0.0,0.0,0.0
121,2026-07-21 12:00:00+03:00,medium,block_12_18,,0.4966781154282652,0,0,0,0.0,0.0,0.0
121,2026-07-21 18:00:00+03:00,medium,block_18_24,,0.4218739151278559,0,0,0,0.0,0.0,0.0
121,2026-07-22 06:00:00+03:00,medium,block_06_12,,0.0,0,0,0,0.0,0.0,0.0
121,2026-07-22 12:00:00+03:00,medium,block_12_18,,0.7414731192436554,1,0,1,0.0,0.0,0.0
121,2026-07-22 18:00:00+03:00,medium,block_18_24,,0.6462208155678101,1,0,1,0.0,0.0,0.0
121,2026-07-23 06:00:00+03:00,medium,block_06_12,,0.0,0,0,0,0.0,0.0,0.0
121,2026-07-23 12:00:00+03:00,medium,block_12_18,,0.4966781154282652,0,0,0,0.0,0.0,0.0
121,2026-07-23 18:00:00+03:00,medium,block_18_24,,0.4218739151278559,0,0,0,0.0,0.0,0.0
121,2026-07-24 06:00:00+03:00,medium,block_06_12,,0.0,0,0,0,0.0,0.0,0.0
121,2026-07-24 12:00:00+03:00,medium,block_12_18,,0.4966781154282652,0,0,0,0.0,0.0,0.0
121,2026-07-24 18:00:00+03:00,medium,block_18_24,,0.6462208155678101,1,0,1,0.0,0.0,0.0
121,2026-07-25 06:00:00+03:00,medium,block_06_12,,0.0,0,0,0,0.0,0.0,0.0
121,2026-07-25 12:00:00+03:00,medium,block_12_18,,0.4902468639515015,0,0,0,0.0,0.0,0.0
121,2026-07-25 18:00:00+03:00,medium,block_18_24,,0.7392256993905527,1,0,1,0.0,0.0,0.0
121,2026-07-26 06:00:00+03:00,medium,block_06_12,,0.0,0,0,0,0.0,0.0,0.0
121,2026-07-26 12:00:00+03:00,medium,block_12_18,,0.4902468639515015,0,0,0,0.0,0.0,0.0
121,2026-07-26 18:00:00+03:00,medium,block_18_24,,0.4161517957680047,0,0,0,0.0,0.0,0.0
123,2026-07-20 00:00:00+03:00,high,deep_night,,1.8401746366361735,0,1,1,0.0,0.0,0.0
123,2026-07-20 03:00:00+03:00,high,opening,,2.752355782190157,0,2,2,0.0,0.0,0.0
123,2026-07-20 06:00:00+03:00,high,early_morning,,2.8527296499217494,0,2,2,0.0,0.0,0.0
123,2026-07-20 09:00:00+03:00,high,morning,,10.499165246526594,0,3,3,0.0,2.0,2.0
123,2026-07-20 12:00:00+03:00,high,lunch,,20.584443059959018,0,3,3,0.0,2.0,2.0
123,2026-07-20 15:00:00+03:00,high,afternoon,,9.255064980753028,0,3,3,0.0,1.0,1.0
123,2026-07-20 18:00:00+03:00,high,dinner,,4.158327161029075,0,1,1,0.0,1.0,1.0
123,2026-07-20 21:00:00+03:00,high,late_evening,,0.5602202078436217,0,1,1,0.0,1.0,1.0
123,2026-07-21 00:00:00+03:00,high,deep_night,,2.245264694128092,0,1,1,0.0,0.0,0.0
123,2026-07-21 03:00:00+03:00,high,opening,,2.7310424689671944,0,1,1,0.0,0.0,0.0
123,2026-07-21 06:00:00+03:00,high,early_morning,,3.2007926818943337,0,3,3,0.0,0.0,0.0
123,2026-07-21 09:00:00+03:00,high,morning,,9.240575101030728,0,3,3,0.0,2.0,2.0
123,2026-07-21 12:00:00+03:00,high,lunch,,22.634481464935305,0,3,3,0.0,2.0,2.0
123,2026-07-21 15:00:00+03:00,high,afternoon,,8.778550649229455,0,2,2,0.0,1.0,1.0
123,2026-07-21 18:00:00+03:00,high,dinner,,2.2856111538401818,0,1,1,0.0,1.0,1.0
123,2026-07-21 21:00:00+03:00,high,late_evening,,0.5795059379336908,0,1,1,0.0,1.0,1.0
123,2026-07-22 00:00:00+03:00,high,deep_night,,2.127965002204951,0,1,1,0.0,0.0,0.0
123,2026-07-22 03:00:00+03:00,high,opening,,2.769904279915574,0,2,2,0.0,0.0,0.0
123,2026-07-22 06:00:00+03:00,high,early_morning,,3.210999918025258,0,3,3,0.0,0.0,0.0
123,2026-07-22 09:00:00+03:00,high,morning,,10.486025311126411,0,3,3,0.0,2.0,2.0
123,2026-07-22 12:00:00+03:00,high,lunch,,21.233755600247253,0,3,3,0.0,2.0,2.0
123,2026-07-22 15:00:00+03:00,high,afternoon,,9.146172537560837,0,3,3,0.0,1.0,1.0
123,2026-07-22 18:00:00+03:00,high,dinner,,4.432990351846854,0,1,1,0.0,1.0,1.0
123,2026-07-22 21:00:00+03:00,high,late_evening,,0.5812415128137738,0,1,1,0.0,1.0,1.0
123,2026-07-23 00:00:00+03:00,high,deep_night,,2.130408733933454,0,1,1,0.0,0.0,0.0
123,2026-07-23 03:00:00+03:00,high,opening,,2.7470896186472418,0,1,1,0.0,0.0,0.0
123,2026-07-23 06:00:00+03:00,high,early_morning,,2.8514051719569893,0,2,2,0.0,0.0,0.0
123,2026-07-23 09:00:00+03:00,high,morning,,9.25011322331693,0,3,3,0.0,0.0,0.0
123,2026-07-23 12:00:00+03:00,high,lunch,,24.81584335751526,0,4,4,0.0,0.0,0.0
123,2026-07-23 15:00:00+03:00,high,afternoon,,8.89743273475264,0,2,2,0.0,0.0,0.0
123,2026-07-23 18:00:00+03:00,high,dinner,,3.301509456159233,0,1,1,0.0,0.0,0.0
123,2026-07-23 21:00:00+03:00,high,late_evening,,0.5823388687405309,0,1,1,0.0,0.0,0.0
123,2026-07-24 00:00:00+03:00,high,deep_night,,2.1331175070869786,0,1,1,0.0,0.0,0.0
123,2026-07-24 03:00:00+03:00,high,opening,,2.7542842562468874,0,2,2,0.0,0.0,0.0
123,2026-07-24 06:00:00+03:00,high,early_morning,,1.7180186809431237,0,2,2,0.0,0.0,0.0
123,2026-07-24 09:00:00+03:00,high,morning,,4.502532227985405,0,2,2,0.0,0.0,0.0
123,2026-07-24 12:00:00+03:00,high,lunch,,12.6251077240715,0,2,2,0.0,0.0,0.0
123,2026-07-24 15:00:00+03:00,high,afternoon,,6.45947794008053,0,2,2,0.0,0.0,0.0
123,2026-07-24 18:00:00+03:00,high,dinner,,2.3053919951315667,0,1,1,0.0,0.0,0.0
123,2026-07-24 21:00:00+03:00,high,late_evening,,0.5831044367654065,0,1,1,0.0,0.0,0.0
123,2026-07-25 00:00:00+03:00,high,deep_night,,1.8454538103454412,0,1,1,0.0,0.0,0.0
123,2026-07-25 03:00:00+03:00,high,opening,,1.9364676233503235,0,1,1,0.0,0.0,0.0
123,2026-07-25 06:00:00+03:00,high,early_morning,,1.3003095016953934,0,1,1,0.0,0.0,0.0
123,2026-07-25 09:00:00+03:00,high,morning,,3.4511381632338805,0,1,1,0.0,0.0,0.0
123,2026-07-25 12:00:00+03:00,high,lunch,,5.413728891635691,0,1,1,0.0,0.0,0.0
123,2026-07-25 15:00:00+03:00,high,afternoon,,3.1686244446237684,0,1,1,0.0,0.0,0.0
123,2026-07-25 18:00:00+03:00,high,dinner,,1.5637540262011835,0,1,1,0.0,0.0,0.0
123,2026-07-25 21:00:00+03:00,high,late_evening,,0.0,0,0,0,0.0,0.0,0.0
123,2026-07-26 00:00:00+03:00,high,deep_night,,1.8267575467810395,0,1,1,0.0,0.0,0.0
123,2026-07-26 03:00:00+03:00,high,opening,,1.8957097544569856,0,1,1,0.0,0.0,0.0
123,2026-07-26 06:00:00+03:00,high,early_morning,,1.2187200106424232,0,1,1,0.0,0.0,0.0
123,2026-07-26 09:00:00+03:00,high,morning,,3.3070648950732515,0,1,1,0.0,0.0,0.0
123,2026-07-26 12:00:00+03:00,high,lunch,,5.281125408143375,0,1,1,0.0,0.0,0.0
123,2026-07-26 15:00:00+03:00,high,afternoon,,3.1505830586123293,0,1,1,0.0,0.0,0.0
123,2026-07-26 18:00:00+03:00,high,dinner,,1.608386154203563,0,1,1,0.0,0.0,0.0
123,2026-07-26 21:00:00+03:00,high,late_evening,,0.0,0,0,0,0.0,0.0,0.0
124,2026-07-20 06:00:00+03:00,medium,block_06_12,,0.3166846981347483,0,0,0,0.0,0.0,0.0
124,2026-07-20 12:00:00+03:00,medium,block_12_18,,0.6444044591580915,0,0,0,0.0,0.0,0.0
124,2026-07-20 18:00:00+03:00,medium,block_18_24,,0.4997670540497049,0,0,0,0.0,0.0,0.0
124,2026-07-21 06:00:00+03:00,medium,block_06_12,,0.2680849748411283,0,0,0,0.0,0.0,0.0
124,2026-07-21 12:00:00+03:00,medium,block_12_18,,0.580373423697363,0,0,0,0.0,0.0,0.0
124,2026-07-21 18:00:00+03:00,medium,block_18_24,,0.4602697158392809,0,0,0,0.0,0.0,0.0
124,2026-07-22 06:00:00+03:00,medium,block_06_12,,0.2680849748411283,0,0,0,0.0,0.0,0.0
124,2026-07-22 12:00:00+03:00,medium,block_12_18,,0.580373423697363,0,0,0,0.0,0.0,0.0
124,2026-07-22 18:00:00+03:00,medium,block_18_24,,0.4602697158392809,0,0,0,0.0,0.0,0.0
124,2026-07-23 06:00:00+03:00,medium,block_06_12,,0.2680849748411283,0,0,0,0.0,0.0,0.0
124,2026-07-23 12:00:00+03:00,medium,block_12_18,,0.580373423697363,0,0,0,0.0,0.0,0.0
124,2026-07-23 18:00:00+03:00,medium,block_18_24,,0.4602697158392809,0,0,0,0.0,0.0,0.0
124,2026-07-24 06:00:00+03:00,medium,block_06_12,,0.2680849748411283,0,0,0,0.0,0.0,0.0
124,2026-07-24 12:00:00+03:00,medium,block_12_18,,0.580373423697363,0,0,0,0.0,0.0,0.0
124,2026-07-24 18:00:00+03:00,medium,block_18_24,,0.4602697158392809,0,0,0,0.0,0.0,0.0
124,2026-07-25 06:00:00+03:00,medium,block_06_12,,0.2595824296586772,0,0,0,0.0,0.0,0.0
124,2026-07-25 12:00:00+03:00,medium,block_12_18,,0.5728584410108204,0,0,0,0.0,0.0,0.0
124,2026-07-25 18:00:00+03:00,medium,block_18_24,,0.4540268120774806,0,0,0,0.0,0.0,0.0
124,2026-07-26 06:00:00+03:00,medium,block_06_12,,0.2595824296586772,0,0,0,0.0,0.0,0.0
124,2026-07-26 12:00:00+03:00,medium,block_12_18,,0.5728584410108204,0,0,0,0.0,0.0,0.0
124,2026-07-26 18:00:00+03:00,medium,block_18_24,,0.4540268120774806,0,0,0,0.0,0.0,0.0
126,2026-07-20 00:00:00+03:00,high,deep_night,,2.6588132269682507,0,1,1,0.0,0.0,0.0
126,2026-07-20 03:00:00+03:00,high,opening,,0.6278804780227936,0,0,0,0.0,0.0,0.0
126,2026-07-20 06:00:00+03:00,high,early_morning,,3.345055759390648,0,3,3,0.0,0.0,0.0
126,2026-07-20 09:00:00+03:00,high,morning,,10.203857830437746,1,3,4,0.0,3.0,3.0
126,2026-07-20 12:00:00+03:00,high,lunch,,24.29374671101339,2,3,5,0.0,3.0,3.0
126,2026-07-20 15:00:00+03:00,high,afternoon,,10.548892389264395,0,3,3,0.0,3.0,3.0
126,2026-07-20 18:00:00+03:00,high,dinner,,7.8813333043578,1,2,3,0.0,2.0,2.0
126,2026-07-20 21:00:00+03:00,high,late_evening,,2.4345563294837205,0,1,1,0.0,1.0,1.0
126,2026-07-21 00:00:00+03:00,high,deep_night,,3.002938760484956,0,1,1,0.0,0.0,0.0
126,2026-07-21 03:00:00+03:00,high,opening,,0.6294444013834478,0,0,0,0.0,0.0,0.0
126,2026-07-21 06:00:00+03:00,high,early_morning,,3.8860011317399983,0,3,3,0.0,0.0,0.0
126,2026-07-21 09:00:00+03:00,high,morning,,9.913582886202516,1,3,4,0.0,3.0,3.0
126,2026-07-21 12:00:00+03:00,high,lunch,,24.48452823349699,2,3,5,0.0,3.0,3.0
126,2026-07-21 15:00:00+03:00,high,afternoon,,9.656027649974993,0,3,3,0.0,3.0,3.0
126,2026-07-21 18:00:00+03:00,high,dinner,,7.573775018023189,1,2,3,0.0,2.0,2.0
126,2026-07-21 21:00:00+03:00,high,late_evening,,2.8590113713939744,0,1,1,0.0,1.0,1.0
126,2026-07-22 00:00:00+03:00,high,deep_night,,2.801376502285651,0,1,1,0.0,0.0,0.0
126,2026-07-22 03:00:00+03:00,high,opening,,0.6418695529159091,0,0,0,0.0,0.0,0.0
126,2026-07-22 06:00:00+03:00,high,early_morning,,3.898393477980066,0,3,3,0.0,0.0,0.0
126,2026-07-22 09:00:00+03:00,high,morning,,10.884939146367822,1,4,5,0.0,3.0,3.0
126,2026-07-22 12:00:00+03:00,high,lunch,,22.656356347487648,2,3,5,0.0,3.0,3.0
126,2026-07-22 15:00:00+03:00,high,afternoon,,10.553402866360551,0,3,3,0.0,3.0,3.0
126,2026-07-22 18:00:00+03:00,high,dinner,,8.340080266276203,1,2,3,0.0,2.0,2.0
126,2026-07-22 21:00:00+03:00,high,late_evening,,2.446422020393201,0,1,1,0.0,1.0,1.0
126,2026-07-23 00:00:00+03:00,high,deep_night,,2.8045935724136952,0,1,1,0.0,0.0,0.0
126,2026-07-23 03:00:00+03:00,high,opening,,0.632566452998226,0,0,0,0.0,0.0,0.0
126,2026-07-23 06:00:00+03:00,high,early_morning,,3.904792285973129,0,3,3,0.0,0.0,0.0
126,2026-07-23 09:00:00+03:00,high,morning,,9.268823349860932,1,3,4,0.0,0.0,0.0
126,2026-07-23 12:00:00+03:00,high,lunch,,23.890245126531557,2,3,5,0.0,0.0,0.0
126,2026-07-23 15:00:00+03:00,high,afternoon,,10.206887942930267,0,3,3,0.0,0.0,0.0
126,2026-07-23 18:00:00+03:00,high,dinner,,8.193752419206682,1,2,3,0.0,0.0,0.0
126,2026-07-23 21:00:00+03:00,high,late_evening,,1.7244308309224203,0,1,1,0.0,0.0,0.0
126,2026-07-24 00:00:00+03:00,high,deep_night,,2.8081595584399923,0,1,1,0.0,0.0,0.0
126,2026-07-24 03:00:00+03:00,high,opening,,0.632710667343152,0,0,0,0.0,0.0,0.0
126,2026-07-24 06:00:00+03:00,high,early_morning,,3.727130724188727,0,3,3,0.0,0.0,0.0
126,2026-07-24 09:00:00+03:00,high,morning,,9.949100814372231,1,3,4,0.0,0.0,0.0
126,2026-07-24 12:00:00+03:00,high,lunch,,23.64143055800161,2,3,5,0.0,0.0,0.0
126,2026-07-24 15:00:00+03:00,high,afternoon,,10.242751064528594,0,3,3,0.0,0.0,0.0
126,2026-07-24 18:00:00+03:00,high,dinner,,8.43055126277142,1,2,3,0.0,0.0,0.0
126,2026-07-24 21:00:00+03:00,high,late_evening,,2.6877783493454794,0,1,1,0.0,0.0,0.0
126,2026-07-25 00:00:00+03:00,high,deep_night,,2.6760015009000826,0,1,1,0.0,0.0,0.0
126,2026-07-25 03:00:00+03:00,high,opening,,0.5113498977803282,0,0,0,0.0,0.0,0.0
126,2026-07-25 06:00:00+03:00,high,early_morning,,3.1994897869305547,0,3,3,0.0,0.0,0.0
126,2026-07-25 09:00:00+03:00,high,morning,,8.774757993135351,1,3,4,0.0,0.0,0.0
126,2026-07-25 12:00:00+03:00,high,lunch,,13.74465754298247,1,2,3,0.0,0.0,0.0
126,2026-07-25 15:00:00+03:00,high,afternoon,,7.693438773978478,0,2,2,0.0,0.0,0.0
126,2026-07-25 18:00:00+03:00,high,dinner,,6.587251916800148,0,2,2,0.0,0.0,0.0
126,2026-07-25 21:00:00+03:00,high,late_evening,,2.084346472265395,0,1,1,0.0,0.0,0.0
126,2026-07-26 00:00:00+03:00,high,deep_night,,2.648890971728833,0,1,1,0.0,0.0,0.0
126,2026-07-26 03:00:00+03:00,high,opening,,0.0,0,0,0,0.0,0.0,0.0
126,2026-07-26 06:00:00+03:00,high,early_morning,,3.196215140533747,0,3,3,0.0,0.0,0.0
126,2026-07-26 09:00:00+03:00,high,morning,,6.545630140002548,1,2,3,0.0,0.0,0.0
126,2026-07-26 12:00:00+03:00,high,lunch,,12.364389929299357,1,2,3,0.0,0.0,0.0
126,2026-07-26 15:00:00+03:00,high,afternoon,,8.15040154962294,0,3,3,0.0,0.0,0.0
126,2026-07-26 18:00:00+03:00,high,dinner,,6.084651912728042,0,2,2,0.0,0.0,0.0
126,2026-07-26 21:00:00+03:00,high,late_evening,,2.076987676813581,0,1,1,0.0,0.0,0.0
127,2026-07-20 06:00:00+03:00,medium,block_06_12,,5.066078821554222,0,1,1,0.0,0.0,0.0
127,2026-07-20 12:00:00+03:00,medium,block_12_18,,5.317188903932848,0,1,1,0.0,0.0,0.0
127,2026-07-20 18:00:00+03:00,medium,block_18_24,,1.1007918047736815,0,1,1,0.0,0.0,0.0
127,2026-07-21 06:00:00+03:00,medium,block_06_12,,5.667813325888923,0,1,1,0.0,0.0,0.0
127,2026-07-21 12:00:00+03:00,medium,block_12_18,,5.945160461736727,0,1,1,0.0,0.0,0.0
127,2026-07-21 18:00:00+03:00,medium,block_18_24,,1.0535791500042957,0,1,1,0.0,0.0,0.0
127,2026-07-22 06:00:00+03:00,medium,block_06_12,,5.667813325888923,0,1,1,0.0,0.0,0.0
127,2026-07-22 12:00:00+03:00,medium,block_12_18,,5.945160461736727,0,1,1,0.0,0.0,0.0
127,2026-07-22 18:00:00+03:00,medium,block_18_24,,1.6931971137742394,0,1,1,0.0,0.0,0.0
127,2026-07-23 06:00:00+03:00,medium,block_06_12,,6.449579095553882,0,1,1,0.0,0.0,0.0
127,2026-07-23 12:00:00+03:00,medium,block_12_18,,3.908332641334785,0,1,1,0.0,0.0,0.0
127,2026-07-23 18:00:00+03:00,medium,block_18_24,,1.5555521731627364,0,1,1,0.0,0.0,0.0
127,2026-07-24 06:00:00+03:00,medium,block_06_12,,5.267726025455704,0,1,1,0.0,0.0,0.0
127,2026-07-24 12:00:00+03:00,medium,block_12_18,,4.275601453255037,0,1,1,0.0,0.0,0.0
127,2026-07-24 18:00:00+03:00,medium,block_18_24,,1.5555521731627364,0,1,1,0.0,0.0,0.0
127,2026-07-25 06:00:00+03:00,medium,block_06_12,,5.411556257097796,0,1,1,0.0,0.0,0.0
127,2026-07-25 12:00:00+03:00,medium,block_12_18,,4.070298686366387,0,1,1,0.0,0.0,0.0
127,2026-07-25 18:00:00+03:00,medium,block_18_24,,1.0177262099615314,0,1,1,0.0,0.0,0.0
127,2026-07-26 06:00:00+03:00,medium,block_06_12,,4.776521529984255,0,1,1,0.0,0.0,0.0
127,2026-07-26 12:00:00+03:00,medium,block_12_18,,3.7194433066743993,0,1,1,0.0,0.0,0.0
127,2026-07-26 18:00:00+03:00,medium,block_18_24,,1.0177262099615314,0,1,1,0.0,0.0,0.0
128,2026-07-20 00:00:00+03:00,high,deep_night,,1.6582265975384605,0,1,1,0.0,0.0,0.0
128,2026-07-20 03:00:00+03:00,high,opening,,2.2970704548622134,0,1,1,0.0,0.0,0.0
128,2026-07-20 06:00:00+03:00,high,early_morning,,3.062729296566505,0,2,2,0.0,0.0,0.0
128,2026-07-20 09:00:00+03:00,high,morning,,9.19621323930125,0,2,2,0.0,2.0,2.0
128,2026-07-20 12:00:00+03:00,high,lunch,,20.042896672445394,0,3,3,0.0,2.0,2.0
128,2026-07-20 15:00:00+03:00,high,afternoon,,10.487344358810155,0,2,2,0.0,2.0,2.0
128,2026-07-20 18:00:00+03:00,high,dinner,,11.259849690119696,0,2,2,0.0,2.0,2.0
128,2026-07-20 21:00:00+03:00,high,late_evening,,5.229389616580715,0,2,2,0.0,1.0,1.0
128,2026-07-21 00:00:00+03:00,high,deep_night,,1.8826438500196387,0,1,1,0.0,0.0,0.0
128,2026-07-21 03:00:00+03:00,high,opening,,2.389364983461294,0,1,1,0.0,0.0,0.0
128,2026-07-21 06:00:00+03:00,high,early_morning,,3.011807097402526,0,2,2,0.0,0.0,0.0
128,2026-07-21 09:00:00+03:00,high,morning,,11.193732764417684,0,2,2,0.0,2.0,2.0
128,2026-07-21 12:00:00+03:00,high,lunch,,20.30908523498751,0,3,3,0.0,2.0,2.0
128,2026-07-21 15:00:00+03:00,high,afternoon,,9.448189108907297,0,2,2,0.0,2.0,2.0
128,2026-07-21 18:00:00+03:00,high,dinner,,10.815439617780312,0,2,2,0.0,2.0,2.0
128,2026-07-21 21:00:00+03:00,high,late_evening,,5.385002656633221,0,2,2,0.0,1.0,1.0
128,2026-07-22 00:00:00+03:00,high,deep_night,,1.7526915171878532,0,1,1,0.0,0.0,0.0
128,2026-07-22 03:00:00+03:00,high,opening,,2.4253714217828386,0,1,1,0.0,0.0,0.0
128,2026-07-22 06:00:00+03:00,high,early_morning,,3.021411663920652,0,2,2,0.0,0.0,0.0
128,2026-07-22 09:00:00+03:00,high,morning,,10.774121512135451,0,2,2,0.0,2.0,2.0
128,2026-07-22 12:00:00+03:00,high,lunch,,19.09499141929603,0,3,3,0.0,2.0,2.0
128,2026-07-22 15:00:00+03:00,high,afternoon,,9.16369877603364,0,2,2,0.0,2.0,2.0
128,2026-07-22 18:00:00+03:00,high,dinner,,11.261247884790963,0,2,2,0.0,2.0,2.0
128,2026-07-22 21:00:00+03:00,high,late_evening,,4.971477561263888,0,2,2,0.0,1.0,1.0
128,2026-07-23 00:00:00+03:00,high,deep_night,,1.7547042889516706,0,1,1,0.0,0.0,0.0
128,2026-07-23 03:00:00+03:00,high,opening,,2.403404493269563,0,1,1,0.0,0.0,0.0
128,2026-07-23 06:00:00+03:00,high,early_morning,,3.0263709973523936,0,2,2,0.0,0.0,0.0
128,2026-07-23 09:00:00+03:00,high,morning,,10.679672895747688,0,2,2,0.0,0.0,0.0
128,2026-07-23 12:00:00+03:00,high,lunch,,17.71104014342175,0,2,2,0.0,0.0,0.0
128,2026-07-23 15:00:00+03:00,high,afternoon,,9.15933952203416,0,2,2,0.0,0.0,0.0
128,2026-07-23 18:00:00+03:00,high,dinner,,11.261100521902286,0,2,2,0.0,0.0,0.0
128,2026-07-23 21:00:00+03:00,high,late_evening,,5.253639499890837,0,2,2,0.0,0.0,0.0
128,2026-07-24 00:00:00+03:00,high,deep_night,,1.7569353612311722,0,1,1,0.0,0.0,0.0
128,2026-07-24 03:00:00+03:00,high,opening,,2.409699018288718,0,1,1,0.0,0.0,0.0
128,2026-07-24 06:00:00+03:00,high,early_morning,,3.0357187773983387,0,2,2,0.0,0.0,0.0
128,2026-07-24 09:00:00+03:00,high,morning,,11.042921875398612,0,2,2,0.0,0.0,0.0
128,2026-07-24 12:00:00+03:00,high,lunch,,17.74885871225018,0,2,2,0.0,0.0,0.0
128,2026-07-24 15:00:00+03:00,high,afternoon,,9.727369752522517,0,2,2,0.0,0.0,0.0
128,2026-07-24 18:00:00+03:00,high,dinner,,11.701267802210156,0,2,2,0.0,0.0,0.0
128,2026-07-24 21:00:00+03:00,high,late_evening,,5.131401321777126,0,2,2,0.0,0.0,0.0
128,2026-07-25 00:00:00+03:00,high,deep_night,,1.7496758502742435,0,1,1,0.0,0.0,0.0
128,2026-07-25 03:00:00+03:00,high,opening,,2.024272884642841,0,1,1,0.0,0.0,0.0
128,2026-07-25 06:00:00+03:00,high,early_morning,,3.1100131401311994,0,2,2,0.0,0.0,0.0
128,2026-07-25 09:00:00+03:00,high,morning,,10.19176763302536,0,2,2,0.0,0.0,0.0
128,2026-07-25 12:00:00+03:00,high,lunch,,17.888427714999033,0,2,2,0.0,0.0,0.0
128,2026-07-25 15:00:00+03:00,high,afternoon,,8.14396812308675,0,2,2,0.0,0.0,0.0
128,2026-07-25 18:00:00+03:00,high,dinner,,9.306370313439334,0,2,2,0.0,0.0,0.0
128,2026-07-25 21:00:00+03:00,high,late_evening,,4.735409685074968,0,2,2,0.0,0.0,0.0
128,2026-07-26 00:00:00+03:00,high,deep_night,,1.731949911718852,0,1,1,0.0,0.0,0.0
128,2026-07-26 03:00:00+03:00,high,opening,,1.98166693149302,0,1,1,0.0,0.0,0.0
128,2026-07-26 06:00:00+03:00,high,early_morning,,3.0685176057564783,0,2,2,0.0,0.0,0.0
128,2026-07-26 09:00:00+03:00,high,morning,,9.130060908913824,0,2,2,0.0,0.0,0.0
128,2026-07-26 12:00:00+03:00,high,lunch,,15.530328787594208,0,2,2,0.0,0.0,0.0
128,2026-07-26 15:00:00+03:00,high,afternoon,,7.593852069969356,0,2,2,0.0,0.0,0.0
128,2026-07-26 18:00:00+03:00,high,dinner,,9.070508361165857,0,2,2,0.0,0.0,0.0
128,2026-07-26 21:00:00+03:00,high,late_evening,,4.033118489465157,0,1,1,0.0,0.0,0.0
129,2026-07-20 06:00:00+03:00,low,block_06_12,,0.1014851029097191,0,0,0,0.0,0.0,0.0
129,2026-07-20 12:00:00+03:00,low,block_12_18,,0.1874667508859207,0,0,0,0.0,0.0,0.0
129,2026-07-20 18:00:00+03:00,low,block_18_24,,0.107653641549935,0,0,0,0.0,0.0,0.0
129,2026-07-21 06:00:00+03:00,low,block_06_12,,0.0858357584782037,0,0,0,0.0,0.0,0.0
129,2026-07-21 12:00:00+03:00,low,block_12_18,,0.1775295706897478,0,0,0,0.0,0.0,0.0
129,2026-07-21 18:00:00+03:00,low,block_18_24,,0.0980748936856198,0,0,0,0.0,0.0,0.0
129,2026-07-22 06:00:00+03:00,low,block_06_12,,0.0858357584782037,0,0,0,0.0,0.0,0.0
129,2026-07-22 12:00:00+03:00,low,block_12_18,,0.1775295706897478,0,0,0,0.0,0.0,0.0
129,2026-07-22 18:00:00+03:00,low,block_18_24,,0.0980748936856198,0,0,0,0.0,0.0,0.0
129,2026-07-23 06:00:00+03:00,low,block_06_12,,0.0858357584782037,0,0,0,0.0,0.0,0.0
129,2026-07-23 12:00:00+03:00,low,block_12_18,,0.1775295706897478,0,0,0,0.0,0.0,0.0
129,2026-07-23 18:00:00+03:00,low,block_18_24,,0.0980748936856198,0,0,0,0.0,0.0,0.0
129,2026-07-24 06:00:00+03:00,low,block_06_12,,0.0858357584782037,0,0,0,0.0,0.0,0.0
129,2026-07-24 12:00:00+03:00,low,block_12_18,,0.1775295706897478,0,0,0,0.0,0.0,0.0
129,2026-07-24 18:00:00+03:00,low,block_18_24,,0.0980748936856198,0,0,0,0.0,0.0,0.0
129,2026-07-25 06:00:00+03:00,low,block_06_12,,0.0831587367653891,0,0,0,0.0,0.0,0.0
129,2026-07-25 12:00:00+03:00,low,block_12_18,,0.1761745464784799,0,0,0,0.0,0.0,0.0
129,2026-07-25 18:00:00+03:00,low,block_18_24,,0.096704267603722,0,0,0,0.0,0.0,0.0
129,2026-07-26 06:00:00+03:00,low,block_06_12,,0.0831587367653891,0,0,0,0.0,0.0,0.0
129,2026-07-26 12:00:00+03:00,low,block_12_18,,0.1761745464784799,0,0,0,0.0,0.0,0.0
129,2026-07-26 18:00:00+03:00,low,block_18_24,,0.096704267603722,0,0,0,0.0,0.0,0.0
135,2026-07-20 12:00:00+03:00,low,block_12_18,,0.2380946628435286,0,0,0,0.0,0.0,0.0
135,2026-07-20 18:00:00+03:00,low,block_18_24,,0.2382584521063299,0,0,0,0.0,0.0,0.0
135,2026-07-21 12:00:00+03:00,low,block_12_18,,0.2163388397651803,0,0,0,0.0,0.0,0.0
135,2026-07-21 18:00:00+03:00,low,block_18_24,,0.2265353424933192,0,0,0,0.0,0.0,0.0
135,2026-07-22 12:00:00+03:00,low,block_12_18,,0.2163388397651803,0,0,0,0.0,0.0,0.0
135,2026-07-22 18:00:00+03:00,low,block_18_24,,0.2265353424933192,0,0,0,0.0,0.0,0.0
135,2026-07-23 12:00:00+03:00,low,block_12_18,,0.2163388397651803,0,0,0,0.0,0.0,0.0
135,2026-07-23 18:00:00+03:00,low,block_18_24,,0.2265353424933192,0,0,0,0.0,0.0,0.0
135,2026-07-24 12:00:00+03:00,low,block_12_18,,0.2163388397651803,0,0,0,0.0,0.0,0.0
135,2026-07-24 18:00:00+03:00,low,block_18_24,,0.2265353424933192,0,0,0,0.0,0.0,0.0
135,2026-07-25 12:00:00+03:00,low,block_12_18,,0.214188727014691,0,0,0,0.0,0.0,0.0
135,2026-07-25 18:00:00+03:00,low,block_18_24,,0.2243756769593203,0,0,0,0.0,0.0,0.0
135,2026-07-26 12:00:00+03:00,low,block_12_18,,0.214188727014691,0,0,0,0.0,0.0,0.0
135,2026-07-26 18:00:00+03:00,low,block_18_24,,0.2243756769593203,0,0,0,0.0,0.0,0.0
137,2026-07-20 06:00:00+03:00,medium,block_06_12,,1.0721148342063207,0,1,1,0.0,0.0,0.0
137,2026-07-20 12:00:00+03:00,medium,block_12_18,,3.232245829466101,0,1,1,0.0,0.0,0.0
137,2026-07-20 18:00:00+03:00,medium,block_18_24,,0.5506982053512006,0,1,1,0.0,0.0,0.0
137,2026-07-21 06:00:00+03:00,medium,block_06_12,,0.6661110765287908,0,1,1,0.0,0.0,0.0
137,2026-07-21 12:00:00+03:00,medium,block_12_18,,2.3290282103566105,0,1,1,0.0,0.0,0.0
137,2026-07-21 18:00:00+03:00,medium,block_18_24,,0.7643449687420771,0,1,1,0.0,0.0,0.0
137,2026-07-22 06:00:00+03:00,medium,block_06_12,,1.0472457459627464,0,1,1,0.0,0.0,0.0
137,2026-07-22 12:00:00+03:00,medium,block_12_18,,3.520912696612251,0,1,1,0.0,0.0,0.0
137,2026-07-22 18:00:00+03:00,medium,block_18_24,,0.5071757020321511,0,1,1,0.0,0.0,0.0
137,2026-07-23 06:00:00+03:00,medium,block_06_12,,1.3871290244859038,0,1,1,0.0,0.0,0.0
137,2026-07-23 12:00:00+03:00,medium,block_12_18,,2.688927018382613,0,1,1,0.0,0.0,0.0
137,2026-07-23 18:00:00+03:00,medium,block_18_24,,0.8552118114769884,0,1,1,0.0,0.0,0.0
137,2026-07-24 06:00:00+03:00,medium,block_06_12,,0.6661110765287908,0,1,1,0.0,0.0,0.0
137,2026-07-24 12:00:00+03:00,medium,block_12_18,,2.3290282103566105,0,1,1,0.0,0.0,0.0
137,2026-07-24 18:00:00+03:00,medium,block_18_24,,0.5071757020321511,0,1,1,0.0,0.0,0.0
137,2026-07-25 06:00:00+03:00,medium,block_06_12,,0.619312728774284,0,1,1,0.0,0.0,0.0
137,2026-07-25 12:00:00+03:00,medium,block_12_18,,2.207290359660612,0,1,1,0.0,0.0,0.0
137,2026-07-25 18:00:00+03:00,medium,block_18_24,,0.7623625562484421,0,1,1,0.0,0.0,0.0
137,2026-07-26 06:00:00+03:00,medium,block_06_12,,0.619312728774284,0,1,1,0.0,0.0,0.0
137,2026-07-26 12:00:00+03:00,medium,block_12_18,,3.071279432411821,0,1,1,0.0,0.0,0.0
137,2026-07-26 18:00:00+03:00,medium,block_18_24,,0.5017379136647521,0,1,1,0.0,0.0,0.0
138,2026-07-20 06:00:00+03:00,medium,block_06_12,,1.336968410319556,0,1,1,0.0,0.0,0.0
138,2026-07-20 12:00:00+03:00,medium,block_12_18,,3.630189328549673,0,1,1,0.0,0.0,0.0
138,2026-07-20 18:00:00+03:00,medium,block_18_24,,0.5863896773197307,0,1,1,0.0,0.0,0.0
138,2026-07-21 06:00:00+03:00,medium,block_06_12,,1.5675247584906762,0,1,1,0.0,0.0,0.0
138,2026-07-21 12:00:00+03:00,medium,block_12_18,,3.630189328549673,0,1,1,0.0,0.0,0.0
138,2026-07-21 18:00:00+03:00,medium,block_18_24,,0.5863896773197307,0,1,1,0.0,0.0,0.0
138,2026-07-22 06:00:00+03:00,medium,block_06_12,,1.910770337601364,0,1,1,0.0,0.0,0.0
138,2026-07-22 12:00:00+03:00,medium,block_12_18,,3.019978888485043,0,1,1,0.0,0.0,0.0
138,2026-07-22 18:00:00+03:00,medium,block_18_24,,0.883725300296845,0,1,1,0.0,0.0,0.0
138,2026-07-23 06:00:00+03:00,medium,block_06_12,,1.5675247584906762,0,1,1,0.0,0.0,0.0
138,2026-07-23 12:00:00+03:00,medium,block_12_18,,3.019978888485043,0,1,1,0.0,0.0,0.0
138,2026-07-23 18:00:00+03:00,medium,block_18_24,,0.5863896773197307,0,1,1,0.0,0.0,0.0
138,2026-07-24 06:00:00+03:00,medium,block_06_12,,1.5675247584906762,0,1,1,0.0,0.0,0.0
138,2026-07-24 12:00:00+03:00,medium,block_12_18,,2.3663448933921405,0,1,1,0.0,0.0,0.0
138,2026-07-24 18:00:00+03:00,medium,block_18_24,,0.5863896773197307,0,1,1,0.0,0.0,0.0
138,2026-07-25 06:00:00+03:00,medium,block_06_12,,0.7067700100511343,0,1,1,0.0,0.0,0.0
138,2026-07-25 12:00:00+03:00,medium,block_12_18,,2.231183192970329,0,1,1,0.0,0.0,0.0
138,2026-07-25 18:00:00+03:00,medium,block_18_24,,0.8776934426958863,0,1,1,0.0,0.0,0.0
138,2026-07-26 06:00:00+03:00,medium,block_06_12,,1.2675283064927745,0,1,1,0.0,0.0,0.0
138,2026-07-26 12:00:00+03:00,medium,block_12_18,,2.231183192970329,0,1,1,0.0,0.0,0.0
138,2026-07-26 18:00:00+03:00,medium,block_18_24,,0.9853873468547744,0,1,1,0.0,0.0,0.0
14,2026-07-20 00:00:00+03:00,high,deep_night,,1.9207405532706867,1,0,1,0.0,0.0,0.0
14,2026-07-20 03:00:00+03:00,high,opening,,3.1870650898744195,2,0,2,0.0,0.0,0.0
14,2026-07-20 06:00:00+03:00,high,early_morning,,2.856396409528124,3,0,3,0.0,0.0,0.0
14,2026-07-20 09:00:00+03:00,high,morning,,5.608238790331983,4,0,4,3.0,0.0,3.0
14,2026-07-20 12:00:00+03:00,high,lunch,,15.77198636945986,5,0,5,3.0,0.0,3.0
14,2026-07-20 15:00:00+03:00,high,afternoon,,7.655028291072335,4,0,4,3.0,0.0,3.0
14,2026-07-20 18:00:00+03:00,high,dinner,,6.171115775599807,4,0,4,3.0,0.0,3.0
14,2026-07-20 21:00:00+03:00,high,late_evening,,2.7234503888253268,1,0,1,3.0,0.0,3.0
14,2026-07-21 00:00:00+03:00,high,deep_night,,2.1238074688412985,1,0,1,0.0,0.0,0.0
14,2026-07-21 03:00:00+03:00,high,opening,,3.2563281857149047,2,0,2,0.0,0.0,0.0
14,2026-07-21 06:00:00+03:00,high,early_morning,,2.944947552886468,3,0,3,0.0,0.0,0.0
14,2026-07-21 09:00:00+03:00,high,morning,,5.3543416888362,4,0,4,2.0,0.0,2.0
14,2026-07-21 12:00:00+03:00,high,lunch,,14.835198859192705,5,0,5,3.0,0.0,3.0
14,2026-07-21 15:00:00+03:00,high,afternoon,,7.448258591676026,4,0,4,4.0,0.0,4.0
14,2026-07-21 18:00:00+03:00,high,dinner,,4.201783732774678,3,0,3,3.0,0.0,3.0
14,2026-07-21 21:00:00+03:00,high,late_evening,,2.575102677257674,1,0,1,3.0,0.0,3.0
14,2026-07-22 00:00:00+03:00,high,deep_night,,1.98830084010726,1,0,1,0.0,0.0,0.0
14,2026-07-22 03:00:00+03:00,high,opening,,3.2998076038448056,2,0,2,0.0,0.0,0.0
14,2026-07-22 06:00:00+03:00,high,early_morning,,2.9631950315015856,3,0,3,0.0,0.0,0.0
14,2026-07-22 09:00:00+03:00,high,morning,,4.729002564286443,4,0,4,4.0,0.0,4.0
14,2026-07-22 12:00:00+03:00,high,lunch,,14.288877699347848,4,0,4,5.0,0.0,5.0
14,2026-07-22 15:00:00+03:00,high,afternoon,,6.780948279634549,4,0,4,5.0,0.0,5.0
14,2026-07-22 18:00:00+03:00,high,dinner,,6.311664660677584,4,0,4,3.0,0.0,3.0
14,2026-07-22 21:00:00+03:00,high,late_evening,,2.5812240642169955,1,0,1,1.0,0.0,1.0
14,2026-07-23 00:00:00+03:00,high,deep_night,,1.9905841830399416,1,0,1,0.0,0.0,0.0
14,2026-07-23 03:00:00+03:00,high,opening,,3.280267742978242,2,0,2,0.0,0.0,0.0
14,2026-07-23 06:00:00+03:00,high,early_morning,,2.968789400723794,3,0,3,0.0,0.0,0.0
14,2026-07-23 09:00:00+03:00,high,morning,,4.730888108171305,4,0,4,0.0,0.0,0.0
14,2026-07-23 12:00:00+03:00,high,lunch,,14.51110253140304,5,0,5,0.0,0.0,0.0
14,2026-07-23 15:00:00+03:00,high,afternoon,,7.596657831896167,4,0,4,0.0,0.0,0.0
14,2026-07-23 18:00:00+03:00,high,dinner,,6.191269025649441,4,0,4,0.0,0.0,0.0
14,2026-07-23 21:00:00+03:00,high,late_evening,,2.436920308006386,1,0,1,0.0,0.0,0.0
14,2026-07-24 00:00:00+03:00,high,deep_night,,1.993115172004156,1,0,1,0.0,0.0,0.0
14,2026-07-24 03:00:00+03:00,high,opening,,3.2888587760047345,2,0,2,0.0,0.0,0.0
14,2026-07-24 06:00:00+03:00,high,early_morning,,2.9779593241551834,3,0,3,0.0,0.0,0.0
14,2026-07-24 09:00:00+03:00,high,morning,,5.821747013792127,4,0,4,0.0,0.0,0.0
14,2026-07-24 12:00:00+03:00,high,lunch,,13.614037836819072,4,0,4,0.0,0.0,0.0
14,2026-07-24 15:00:00+03:00,high,afternoon,,7.623349597798708,4,0,4,0.0,0.0,0.0
14,2026-07-24 18:00:00+03:00,high,dinner,,6.128200410219845,4,0,4,0.0,0.0,0.0
14,2026-07-24 21:00:00+03:00,high,late_evening,,2.5956872166009552,1,0,1,0.0,0.0,0.0
14,2026-07-25 00:00:00+03:00,high,deep_night,,2.069628301761954,1,0,1,0.0,0.0,0.0
14,2026-07-25 03:00:00+03:00,high,opening,,2.677591430057053,1,0,1,0.0,0.0,0.0
14,2026-07-25 06:00:00+03:00,high,early_morning,,2.939426421453579,3,0,3,0.0,0.0,0.0
14,2026-07-25 09:00:00+03:00,high,morning,,6.479239940975186,5,0,5,0.0,0.0,0.0
14,2026-07-25 12:00:00+03:00,high,lunch,,13.417315844471878,4,0,4,0.0,0.0,0.0
14,2026-07-25 15:00:00+03:00,high,afternoon,,6.140093943915567,3,0,3,0.0,0.0,0.0
14,2026-07-25 18:00:00+03:00,high,dinner,,5.259844068303841,4,0,4,0.0,0.0,0.0
14,2026-07-25 21:00:00+03:00,high,late_evening,,2.245981290660068,1,0,1,0.0,0.0,0.0
14,2026-07-26 00:00:00+03:00,high,deep_night,,2.0486609299463217,1,0,1,0.0,0.0,0.0
14,2026-07-26 03:00:00+03:00,high,opening,,2.6231353134192434,1,0,1,0.0,0.0,0.0
14,2026-07-26 06:00:00+03:00,high,early_morning,,2.7579636522194075,3,0,3,0.0,0.0,0.0
14,2026-07-26 09:00:00+03:00,high,morning,,5.872512138413698,5,0,5,0.0,0.0,0.0
14,2026-07-26 12:00:00+03:00,high,lunch,,13.594322487649809,4,0,4,0.0,0.0,0.0
14,2026-07-26 15:00:00+03:00,high,afternoon,,6.508204697154282,4,0,4,0.0,0.0,0.0
14,2026-07-26 18:00:00+03:00,high,dinner,,5.836765015113546,4,0,4,0.0,0.0,0.0
14,2026-07-26 21:00:00+03:00,high,late_evening,,2.375230389192744,1,0,1,0.0,0.0,0.0
141,2026-07-20 06:00:00+03:00,low,block_06_12,,0.1666352301546245,0,0,0,0.0,0.0,0.0
141,2026-07-20 12:00:00+03:00,low,block_12_18,,0.2375048831034254,0,0,0,0.0,0.0,0.0
141,2026-07-21 06:00:00+03:00,low,block_06_12,,0.1519860865713779,0,0,0,0.0,0.0,0.0
141,2026-07-21 12:00:00+03:00,low,block_12_18,,0.2158029509587403,0,0,0,0.0,0.0,0.0
141,2026-07-22 06:00:00+03:00,low,block_06_12,,0.1519860865713779,0,0,0,0.0,0.0,0.0
141,2026-07-22 12:00:00+03:00,low,block_12_18,,0.2158029509587403,0,0,0,0.0,0.0,0.0
141,2026-07-23 06:00:00+03:00,low,block_06_12,,0.1519860865713779,0,0,0,0.0,0.0,0.0
141,2026-07-23 12:00:00+03:00,low,block_12_18,,0.2158029509587403,0,0,0,0.0,0.0,0.0
141,2026-07-24 06:00:00+03:00,low,block_06_12,,0.1519860865713779,0,0,0,0.0,0.0,0.0
141,2026-07-24 12:00:00+03:00,low,block_12_18,,0.2158029509587403,0,0,0,0.0,0.0,0.0
141,2026-07-25 06:00:00+03:00,low,block_06_12,,0.1449232320842611,0,0,0,0.0,0.0,0.0
141,2026-07-25 12:00:00+03:00,low,block_12_18,,0.2138670133651797,0,0,0,0.0,0.0,0.0
141,2026-07-26 06:00:00+03:00,low,block_06_12,,0.1449232320842611,0,0,0,0.0,0.0,0.0
141,2026-07-26 12:00:00+03:00,low,block_12_18,,0.2138670133651797,0,0,0,0.0,0.0,0.0
142,2026-07-20 06:00:00+03:00,medium,block_06_12,,8.24831450053171,0,1,1,0.0,1.0,1.0
142,2026-07-20 12:00:00+03:00,medium,block_12_18,,11.516348900959622,0,1,1,0.0,1.0,1.0
142,2026-07-20 18:00:00+03:00,medium,block_18_24,,4.141574006769451,0,1,1,0.0,1.0,1.0
142,2026-07-21 06:00:00+03:00,medium,block_06_12,,6.758508454703597,0,1,1,0.0,1.0,1.0
142,2026-07-21 12:00:00+03:00,medium,block_12_18,,12.42823719773192,0,1,1,0.0,1.0,1.0
142,2026-07-21 18:00:00+03:00,medium,block_18_24,,4.141574006769451,0,1,1,0.0,1.0,1.0
142,2026-07-22 06:00:00+03:00,medium,block_06_12,,6.758508454703597,0,1,1,0.0,1.0,1.0
142,2026-07-22 12:00:00+03:00,medium,block_12_18,,13.150892301646731,0,1,1,0.0,1.0,1.0
142,2026-07-22 18:00:00+03:00,medium,block_18_24,,3.775216771045742,0,1,1,0.0,1.0,1.0
142,2026-07-23 06:00:00+03:00,medium,block_06_12,,7.169436040465258,0,1,1,0.0,0.0,0.0
142,2026-07-23 12:00:00+03:00,medium,block_12_18,,15.07907131612764,0,1,1,0.0,0.0,0.0
142,2026-07-23 18:00:00+03:00,medium,block_18_24,,4.141574006769451,0,1,1,0.0,0.0,0.0
142,2026-07-24 06:00:00+03:00,medium,block_06_12,,8.24831450053171,0,1,1,0.0,0.0,0.0
142,2026-07-24 12:00:00+03:00,medium,block_12_18,,13.441890602560566,0,1,1,0.0,0.0,0.0
142,2026-07-24 18:00:00+03:00,medium,block_18_24,,3.4728517928024982,0,1,1,0.0,0.0,0.0
142,2026-07-25 06:00:00+03:00,medium,block_06_12,,6.777646299326219,0,1,1,0.0,0.0,0.0
142,2026-07-25 12:00:00+03:00,medium,block_12_18,,8.98442927960074,0,1,1,0.0,0.0,0.0
142,2026-07-25 18:00:00+03:00,medium,block_18_24,,5.475412534093655,0,1,1,0.0,0.0,0.0
142,2026-07-26 06:00:00+03:00,medium,block_06_12,,6.4073571211336535,0,1,1,0.0,0.0,0.0
142,2026-07-26 12:00:00+03:00,medium,block_12_18,,7.8531056646798225,0,1,1,0.0,0.0,0.0
142,2026-07-26 18:00:00+03:00,medium,block_18_24,,3.677656170758382,0,1,1,0.0,0.0,0.0
144,2026-07-20 06:00:00+03:00,low,block_06_12,,0.1061054985739518,0,0,0,0.0,0.0,0.0
144,2026-07-20 12:00:00+03:00,low,block_12_18,,0.1626582113903392,0,0,0,0.0,0.0,0.0
144,2026-07-20 18:00:00+03:00,low,block_18_24,,0.1322960938246798,0,0,0,0.0,0.0,0.0
144,2026-07-21 06:00:00+03:00,low,block_06_12,,0.0897436735803997,0,0,0,0.0,0.0,0.0
144,2026-07-21 12:00:00+03:00,low,block_12_18,,0.1477953697500191,0,0,0,0.0,0.0,0.0
144,2026-07-21 18:00:00+03:00,low,block_18_24,,0.1205247230848187,0,0,0,0.0,0.0,0.0
144,2026-07-22 06:00:00+03:00,low,block_06_12,,0.0897436735803997,0,0,0,0.0,0.0,0.0
144,2026-07-22 12:00:00+03:00,low,block_12_18,,0.1477953697500191,0,0,0,0.0,0.0,0.0
144,2026-07-22 18:00:00+03:00,low,block_18_24,,0.1205247230848187,0,0,0,0.0,0.0,0.0
144,2026-07-23 06:00:00+03:00,low,block_06_12,,0.0897436735803997,0,0,0,0.0,0.0,0.0
144,2026-07-23 12:00:00+03:00,low,block_12_18,,0.1477953697500191,0,0,0,0.0,0.0,0.0
144,2026-07-23 18:00:00+03:00,low,block_18_24,,0.1205247230848187,0,0,0,0.0,0.0,0.0
144,2026-07-24 06:00:00+03:00,low,block_06_12,,0.0897436735803997,0,0,0,0.0,0.0,0.0
144,2026-07-24 12:00:00+03:00,low,block_12_18,,0.1477953697500191,0,0,0,0.0,0.0,0.0
144,2026-07-24 18:00:00+03:00,low,block_18_24,,0.1205247230848187,0,0,0,0.0,0.0,0.0
144,2026-07-25 06:00:00+03:00,low,block_06_12,,0.0852418773632351,0,0,0,0.0,0.0,0.0
144,2026-07-25 12:00:00+03:00,low,block_12_18,,0.1474319351489015,0,0,0,0.0,0.0,0.0
144,2026-07-25 18:00:00+03:00,low,block_18_24,,0.119224312742392,0,0,0,0.0,0.0,0.0
144,2026-07-26 06:00:00+03:00,low,block_06_12,,0.0852418773632351,0,0,0,0.0,0.0,0.0
144,2026-07-26 12:00:00+03:00,low,block_12_18,,0.1474319351489015,0,0,0,0.0,0.0,0.0
144,2026-07-26 18:00:00+03:00,low,block_18_24,,0.119224312742392,0,0,0,0.0,0.0,0.0
145,2026-07-20 12:00:00+03:00,low,block_12_18,,0.5386346233641754,0,0,0,0.0,0.0,0.0
145,2026-07-20 18:00:00+03:00,low,block_18_24,,0.2508975502606531,0,0,0,0.0,0.0,0.0
145,2026-07-21 12:00:00+03:00,low,block_12_18,,0.5170028747166739,0,0,0,0.0,0.0,0.0
145,2026-07-21 18:00:00+03:00,low,block_18_24,,0.2320949878720238,0,0,0,0.0,0.0,0.0
145,2026-07-22 12:00:00+03:00,low,block_12_18,,0.5170028747166739,0,0,0,0.0,0.0,0.0
145,2026-07-22 18:00:00+03:00,low,block_18_24,,0.2320949878720238,0,0,0,0.0,0.0,0.0
145,2026-07-23 12:00:00+03:00,low,block_12_18,,0.5170028747166739,0,0,0,0.0,0.0,0.0
145,2026-07-23 18:00:00+03:00,low,block_18_24,,0.2320949878720238,0,0,0,0.0,0.0,0.0
145,2026-07-24 12:00:00+03:00,low,block_12_18,,0.5170028747166739,0,0,0,0.0,0.0,0.0
145,2026-07-24 18:00:00+03:00,low,block_18_24,,0.2320949878720238,0,0,0,0.0,0.0,0.0
145,2026-07-25 12:00:00+03:00,low,block_12_18,,0.4816825750658526,0,0,0,0.0,0.0,0.0
145,2026-07-25 18:00:00+03:00,low,block_18_24,,0.2305883246137133,0,0,0,0.0,0.0,0.0
145,2026-07-26 12:00:00+03:00,low,block_12_18,,0.4816825750658526,0,0,0,0.0,0.0,0.0
145,2026-07-26 18:00:00+03:00,low,block_18_24,,0.2305883246137133,0,0,0,0.0,0.0,0.0
146,2026-07-20 06:00:00+03:00,medium,block_06_12,,0.3599964177165318,0,0,0,0.0,0.0,0.0
146,2026-07-20 12:00:00+03:00,medium,block_12_18,,0.724513595369254,0,0,0,0.0,0.0,0.0
146,2026-07-20 18:00:00+03:00,medium,block_18_24,,0.354110395635714,0,0,0,0.0,0.0,0.0
146,2026-07-21 06:00:00+03:00,medium,block_06_12,,0.3047499015736094,0,0,0,0.0,0.0,0.0
146,2026-07-21 12:00:00+03:00,medium,block_12_18,,0.674393344497468,0,0,0,0.0,0.0,0.0
146,2026-07-21 18:00:00+03:00,medium,block_18_24,,0.326124521122946,0,0,0,0.0,0.0,0.0
146,2026-07-22 06:00:00+03:00,medium,block_06_12,,0.3047499015736094,0,0,0,0.0,0.0,0.0
146,2026-07-22 12:00:00+03:00,medium,block_12_18,,0.674393344497468,0,0,0,0.0,0.0,0.0
146,2026-07-22 18:00:00+03:00,medium,block_18_24,,0.326124521122946,0,0,0,0.0,0.0,0.0
146,2026-07-23 06:00:00+03:00,medium,block_06_12,,0.3047499015736094,0,0,0,0.0,0.0,0.0
146,2026-07-23 12:00:00+03:00,medium,block_12_18,,0.674393344497468,0,0,0,0.0,0.0,0.0
146,2026-07-23 18:00:00+03:00,medium,block_18_24,,0.326124521122946,0,0,0,0.0,0.0,0.0
146,2026-07-24 06:00:00+03:00,medium,block_06_12,,0.3047499015736094,0,0,0,0.0,0.0,0.0
146,2026-07-24 12:00:00+03:00,medium,block_12_18,,0.674393344497468,0,0,0,0.0,0.0,0.0
146,2026-07-24 18:00:00+03:00,medium,block_18_24,,0.326124521122946,0,0,0,0.0,0.0,0.0
146,2026-07-25 06:00:00+03:00,medium,block_06_12,,0.2921044744765671,0,0,0,0.0,0.0,0.0
146,2026-07-25 12:00:00+03:00,medium,block_12_18,,0.6500444222426904,0,0,0,0.0,0.0,0.0
146,2026-07-25 18:00:00+03:00,medium,block_18_24,,0.3181458405600905,0,0,0,0.0,0.0,0.0
146,2026-07-26 06:00:00+03:00,medium,block_06_12,,0.2921044744765671,0,0,0,0.0,0.0,0.0
146,2026-07-26 12:00:00+03:00,medium,block_12_18,,0.6500444222426904,0,0,0,0.0,0.0,0.0
146,2026-07-26 18:00:00+03:00,medium,block_18_24,,0.3181458405600905,0,0,0,0.0,0.0,0.0
15,2026-07-20 00:00:00+03:00,medium,block_00_06,,4.28819122736258,1,0,1,0.0,0.0,0.0
15,2026-07-20 06:00:00+03:00,medium,block_06_12,,7.92487885521421,0,1,1,0.0,0.0,0.0
15,2026-07-20 12:00:00+03:00,medium,block_12_18,,4.665045506797482,0,1,1,0.0,0.0,0.0
15,2026-07-20 18:00:00+03:00,medium,block_18_24,,3.805805168410385,0,1,1,0.0,0.0,0.0
15,2026-07-21 00:00:00+03:00,medium,block_00_06,,4.3653939805490936,1,0,1,0.0,0.0,0.0
15,2026-07-21 06:00:00+03:00,medium,block_06_12,,7.391868973157634,0,1,1,0.0,0.0,0.0
15,2026-07-21 12:00:00+03:00,medium,block_12_18,,4.698960674802969,0,1,1,0.0,0.0,0.0
15,2026-07-21 18:00:00+03:00,medium,block_18_24,,3.6847033217085454,0,1,1,0.0,0.0,0.0
15,2026-07-22 00:00:00+03:00,medium,block_00_06,,4.3653939805490936,1,0,1,0.0,0.0,0.0
15,2026-07-22 06:00:00+03:00,medium,block_06_12,,7.391868973157634,0,1,1,0.0,0.0,0.0
15,2026-07-22 12:00:00+03:00,medium,block_12_18,,4.698960674802969,0,1,1,0.0,0.0,0.0
15,2026-07-22 18:00:00+03:00,medium,block_18_24,,3.6847033217085454,0,1,1,0.0,0.0,0.0
15,2026-07-23 00:00:00+03:00,medium,block_00_06,,4.3653939805490936,1,0,1,0.0,0.0,0.0
15,2026-07-23 06:00:00+03:00,medium,block_06_12,,7.391868973157634,0,1,1,0.0,0.0,0.0
15,2026-07-23 12:00:00+03:00,medium,block_12_18,,4.698960674802969,0,1,1,0.0,0.0,0.0
15,2026-07-23 18:00:00+03:00,medium,block_18_24,,3.6847033217085454,0,1,1,0.0,0.0,0.0
15,2026-07-24 00:00:00+03:00,medium,block_00_06,,4.3653939805490936,1,0,1,0.0,0.0,0.0
15,2026-07-24 06:00:00+03:00,medium,block_06_12,,7.391868973157634,0,1,1,0.0,0.0,0.0
15,2026-07-24 12:00:00+03:00,medium,block_12_18,,4.698960674802969,0,1,1,0.0,0.0,0.0
15,2026-07-24 18:00:00+03:00,medium,block_18_24,,3.6847033217085454,0,1,1,0.0,0.0,0.0
15,2026-07-25 00:00:00+03:00,medium,block_00_06,,4.1653014346793125,1,0,1,0.0,0.0,0.0
15,2026-07-25 06:00:00+03:00,medium,block_06_12,,7.622930359975082,0,1,1,0.0,0.0,0.0
15,2026-07-25 12:00:00+03:00,medium,block_12_18,,4.516708396792636,0,1,1,0.0,0.0,0.0
15,2026-07-25 18:00:00+03:00,medium,block_18_24,,3.5804283342047007,0,1,1,0.0,0.0,0.0
15,2026-07-26 00:00:00+03:00,medium,block_00_06,,4.1653014346793125,1,0,1,0.0,0.0,0.0
15,2026-07-26 06:00:00+03:00,medium,block_06_12,,7.622930359975082,0,1,1,0.0,0.0,0.0
15,2026-07-26 12:00:00+03:00,medium,block_12_18,,4.516708396792636,0,1,1,0.0,0.0,0.0
15,2026-07-26 18:00:00+03:00,medium,block_18_24,,3.5804283342047007,0,1,1,0.0,0.0,0.0
16,2026-07-20 06:00:00+03:00,medium,block_06_12,,3.931341763986079,0,1,1,0.0,1.0,1.0
16,2026-07-20 12:00:00+03:00,medium,block_12_18,,7.305381880993018,0,1,1,0.0,1.0,1.0
16,2026-07-20 18:00:00+03:00,medium,block_18_24,,7.439759142052676,0,1,1,0.0,1.0,1.0
16,2026-07-21 06:00:00+03:00,medium,block_06_12,,3.931341763986079,0,1,1,0.0,1.0,1.0
16,2026-07-21 12:00:00+03:00,medium,block_12_18,,4.736065251287077,0,1,1,0.0,1.0,1.0
16,2026-07-21 18:00:00+03:00,medium,block_18_24,,3.60932795843267,0,1,1,0.0,1.0,1.0
16,2026-07-22 06:00:00+03:00,medium,block_06_12,,3.931341763986079,0,1,1,0.0,1.0,1.0
16,2026-07-22 12:00:00+03:00,medium,block_12_18,,9.060516124168847,0,1,1,0.0,1.0,1.0
16,2026-07-22 18:00:00+03:00,medium,block_18_24,,6.243214322791573,0,1,1,0.0,1.0,1.0
16,2026-07-23 06:00:00+03:00,medium,block_06_12,,8.13562234753139,0,1,1,0.0,0.0,0.0
16,2026-07-23 12:00:00+03:00,medium,block_12_18,,8.952688614237516,0,1,1,0.0,0.0,0.0
16,2026-07-23 18:00:00+03:00,medium,block_18_24,,4.238662163372237,0,1,1,0.0,0.0,0.0
16,2026-07-24 06:00:00+03:00,medium,block_06_12,,3.528753495237119,0,1,1,0.0,0.0,0.0
16,2026-07-24 12:00:00+03:00,medium,block_12_18,,9.060516124168847,0,1,1,0.0,0.0,0.0
16,2026-07-24 18:00:00+03:00,medium,block_18_24,,6.243214322791573,0,1,1,0.0,0.0,0.0
16,2026-07-25 06:00:00+03:00,medium,block_06_12,,3.985803059884438,0,1,1,0.0,0.0,0.0
16,2026-07-25 12:00:00+03:00,medium,block_12_18,,8.863230891308381,0,1,1,0.0,0.0,0.0
16,2026-07-25 18:00:00+03:00,medium,block_18_24,,2.960746325446892,0,1,1,0.0,0.0,0.0
16,2026-07-26 06:00:00+03:00,medium,block_06_12,,7.516887960805877,0,1,1,0.0,0.0,0.0
16,2026-07-26 12:00:00+03:00,medium,block_12_18,,9.041906428451847,0,1,1,0.0,0.0,0.0
16,2026-07-26 18:00:00+03:00,medium,block_18_24,,4.129209720439432,0,1,1,0.0,0.0,0.0
17,2026-07-20 00:00:00+03:00,high,deep_night,,1.9010952856163943,1,0,1,0.0,0.0,0.0
17,2026-07-20 03:00:00+03:00,high,opening,,3.1151140857436133,2,0,2,0.0,0.0,0.0
17,2026-07-20 06:00:00+03:00,high,early_morning,,2.061887710953013,2,0,2,0.0,0.0,0.0
17,2026-07-20 09:00:00+03:00,high,morning,,5.588401432085898,4,0,4,3.0,0.0,3.0
17,2026-07-20 12:00:00+03:00,high,lunch,,11.02761694791289,4,0,4,3.0,0.0,3.0
17,2026-07-20 15:00:00+03:00,high,afternoon,,7.717135094108936,4,0,4,3.0,0.0,3.0
17,2026-07-20 18:00:00+03:00,high,dinner,,7.601369634242423,4,0,4,3.0,0.0,3.0
17,2026-07-20 21:00:00+03:00,high,late_evening,,1.7479380480860114,1,0,1,2.0,0.0,2.0
17,2026-07-21 00:00:00+03:00,high,deep_night,,2.459148951484273,1,0,1,0.0,0.0,0.0
17,2026-07-21 03:00:00+03:00,high,opening,,3.210383051335781,2,0,2,0.0,0.0,0.0
17,2026-07-21 06:00:00+03:00,high,early_morning,,2.1687266557235776,2,0,2,0.0,0.0,0.0
17,2026-07-21 09:00:00+03:00,high,morning,,5.339304822158387,3,0,3,3.0,0.0,3.0
17,2026-07-21 12:00:00+03:00,high,lunch,,11.146700710718047,4,0,4,3.0,0.0,3.0
17,2026-07-21 15:00:00+03:00,high,afternoon,,7.549184788001443,4,0,4,3.0,0.0,3.0
17,2026-07-21 18:00:00+03:00,high,dinner,,7.277856990831927,3,0,3,3.0,0.0,3.0
17,2026-07-21 21:00:00+03:00,high,late_evening,,2.0439827332852616,1,0,1,1.0,0.0,1.0
17,2026-07-22 00:00:00+03:00,high,deep_night,,2.3161645585024218,1,0,1,0.0,0.0,0.0
17,2026-07-22 03:00:00+03:00,high,opening,,3.2406311751493604,2,0,2,0.0,0.0,0.0
17,2026-07-22 06:00:00+03:00,high,early_morning,,2.041352430410074,2,0,2,0.0,0.0,0.0
17,2026-07-22 09:00:00+03:00,high,morning,,5.765309773607743,4,0,4,3.0,0.0,3.0
17,2026-07-22 12:00:00+03:00,high,lunch,,11.340475509568696,4,0,4,3.0,0.0,3.0
17,2026-07-22 15:00:00+03:00,high,afternoon,,7.955113315638459,4,0,4,3.0,0.0,3.0
17,2026-07-22 18:00:00+03:00,high,dinner,,7.623154221732313,4,0,4,3.0,0.0,3.0
17,2026-07-22 21:00:00+03:00,high,late_evening,,1.9273894041569395,1,0,1,1.0,0.0,1.0
17,2026-07-23 00:00:00+03:00,high,deep_night,,2.318824416542465,1,0,1,0.0,0.0,0.0
17,2026-07-23 03:00:00+03:00,high,opening,,3.233984833622916,2,0,2,0.0,0.0,0.0
17,2026-07-23 06:00:00+03:00,high,early_morning,,2.325317659392055,3,0,3,0.0,0.0,0.0
17,2026-07-23 09:00:00+03:00,high,morning,,5.118007618937243,3,0,3,0.0,0.0,0.0
17,2026-07-23 12:00:00+03:00,high,lunch,,10.14510748939762,4,0,4,0.0,0.0,0.0
17,2026-07-23 15:00:00+03:00,high,afternoon,,6.865089463238114,4,0,4,0.0,0.0,0.0
17,2026-07-23 18:00:00+03:00,high,dinner,,7.4392063648023425,4,0,4,0.0,0.0,0.0
17,2026-07-23 21:00:00+03:00,high,late_evening,,1.93102822234042,1,0,1,0.0,0.0,0.0
17,2026-07-24 00:00:00+03:00,high,deep_night,,2.321772756561552,1,0,1,0.0,0.0,0.0
17,2026-07-24 03:00:00+03:00,high,opening,,3.242454651543207,2,0,2,0.0,0.0,0.0
17,2026-07-24 06:00:00+03:00,high,early_morning,,2.045672677408933,2,0,2,0.0,0.0,0.0
17,2026-07-24 09:00:00+03:00,high,morning,,5.947218388751241,4,0,4,0.0,0.0,0.0
17,2026-07-24 12:00:00+03:00,high,lunch,,12.068639084061012,5,0,5,0.0,0.0,0.0
17,2026-07-24 15:00:00+03:00,high,afternoon,,8.534888153267824,5,0,5,0.0,0.0,0.0
17,2026-07-24 18:00:00+03:00,high,dinner,,7.830255752921702,4,0,4,0.0,0.0,0.0
17,2026-07-24 21:00:00+03:00,high,late_evening,,1.933566836095248,1,0,1,0.0,0.0,0.0
17,2026-07-25 00:00:00+03:00,high,deep_night,,2.6134511235231668,1,0,1,0.0,0.0,0.0
17,2026-07-25 03:00:00+03:00,high,opening,,2.9587242282239803,1,0,1,0.0,0.0,0.0
17,2026-07-25 06:00:00+03:00,high,early_morning,,1.7574771879403732,2,0,2,0.0,0.0,0.0
17,2026-07-25 09:00:00+03:00,high,morning,,6.545335350628181,4,0,4,0.0,0.0,0.0
17,2026-07-25 12:00:00+03:00,high,lunch,,11.13720112048507,4,0,4,0.0,0.0,0.0
17,2026-07-25 15:00:00+03:00,high,afternoon,,8.448303474371878,5,0,5,0.0,0.0,0.0
17,2026-07-25 18:00:00+03:00,high,dinner,,7.139154064864552,3,0,3,0.0,0.0,0.0
17,2026-07-25 21:00:00+03:00,high,late_evening,,2.1552695473590693,1,0,1,0.0,0.0,0.0
17,2026-07-26 00:00:00+03:00,high,deep_night,,2.586974291242588,1,0,1,0.0,0.0,0.0
17,2026-07-26 03:00:00+03:00,high,opening,,2.898550510209114,1,0,1,0.0,0.0,0.0
17,2026-07-26 06:00:00+03:00,high,early_morning,,2.1096548096047787,2,0,2,0.0,0.0,0.0
17,2026-07-26 09:00:00+03:00,high,morning,,7.031161097985889,4,0,4,0.0,0.0,0.0
17,2026-07-26 12:00:00+03:00,high,lunch,,11.66034903844635,4,0,4,0.0,0.0,0.0
17,2026-07-26 15:00:00+03:00,high,afternoon,,7.617715834913623,4,0,4,0.0,0.0,0.0
17,2026-07-26 18:00:00+03:00,high,dinner,,6.776310854403984,3,0,3,0.0,0.0,0.0
17,2026-07-26 21:00:00+03:00,high,late_evening,,1.4039752120996916,1,0,1,0.0,0.0,0.0
179,2026-07-20 12:00:00+03:00,low,block_12_18,,0.2024852766073267,0,0,0,0.0,0.0,0.0
179,2026-07-20 18:00:00+03:00,low,block_18_24,,0.2179553471460443,0,0,0,0.0,0.0,0.0
179,2026-07-21 12:00:00+03:00,low,block_12_18,,0.1839832497192463,0,0,0,0.0,0.0,0.0
179,2026-07-21 18:00:00+03:00,low,block_18_24,,0.2005106400352644,0,0,0,0.0,0.0,0.0
179,2026-07-22 12:00:00+03:00,low,block_12_18,,0.1839832497192463,0,0,0,0.0,0.0,0.0
179,2026-07-22 18:00:00+03:00,low,block_18_24,,0.2005106400352644,0,0,0,0.0,0.0,0.0
179,2026-07-23 12:00:00+03:00,low,block_12_18,,0.1839832497192463,0,0,0,0.0,0.0,0.0
179,2026-07-23 18:00:00+03:00,low,block_18_24,,0.2005106400352644,0,0,0,0.0,0.0,0.0
179,2026-07-24 12:00:00+03:00,low,block_12_18,,0.1839832497192463,0,0,0,0.0,0.0,0.0
179,2026-07-24 18:00:00+03:00,low,block_18_24,,0.2005106400352644,0,0,0,0.0,0.0,0.0
179,2026-07-25 12:00:00+03:00,low,block_12_18,,0.1831043565072882,0,0,0,0.0,0.0,0.0
179,2026-07-25 18:00:00+03:00,low,block_18_24,,0.2001733934544491,0,0,0,0.0,0.0,0.0
179,2026-07-26 12:00:00+03:00,low,block_12_18,,0.1831043565072882,0,0,0,0.0,0.0,0.0
179,2026-07-26 18:00:00+03:00,low,block_18_24,,0.2001733934544491,0,0,0,0.0,0.0,0.0
18,2026-07-20 06:00:00+03:00,medium,block_06_12,,15.504915604957135,2,0,2,3.0,0.0,3.0
18,2026-07-20 12:00:00+03:00,medium,block_12_18,,11.598503698780144,2,0,2,4.0,0.0,4.0
18,2026-07-20 18:00:00+03:00,medium,block_18_24,,8.284520740727341,2,0,2,3.0,0.0,3.0
18,2026-07-21 06:00:00+03:00,medium,block_06_12,,10.676438523459652,2,0,2,3.0,0.0,3.0
18,2026-07-21 12:00:00+03:00,medium,block_12_18,,10.660207151418554,2,0,2,3.0,0.0,3.0
18,2026-07-21 18:00:00+03:00,medium,block_18_24,,8.586061831640093,2,0,2,3.0,0.0,3.0
18,2026-07-22 06:00:00+03:00,medium,block_06_12,,9.71700627255351,2,0,2,3.0,0.0,3.0
18,2026-07-22 12:00:00+03:00,medium,block_12_18,,15.777849712738185,3,0,3,3.0,0.0,3.0
18,2026-07-22 18:00:00+03:00,medium,block_18_24,,8.284520740727341,2,0,2,3.0,0.0,3.0
18,2026-07-23 06:00:00+03:00,medium,block_06_12,,13.20518543517976,2,0,2,0.0,0.0,0.0
18,2026-07-23 12:00:00+03:00,medium,block_12_18,,11.598503698780144,2,0,2,0.0,0.0,0.0
18,2026-07-23 18:00:00+03:00,medium,block_18_24,,8.284520740727341,2,0,2,0.0,0.0,0.0
18,2026-07-24 06:00:00+03:00,medium,block_06_12,,12.457001711138556,2,0,2,0.0,0.0,0.0
18,2026-07-24 12:00:00+03:00,medium,block_12_18,,17.737592987404195,3,0,3,0.0,0.0,0.0
18,2026-07-24 18:00:00+03:00,medium,block_18_24,,8.825065519035187,2,0,2,0.0,0.0,0.0
18,2026-07-25 06:00:00+03:00,medium,block_06_12,,18.30757576461094,2,0,2,0.0,0.0,0.0
18,2026-07-25 12:00:00+03:00,medium,block_12_18,,19.621847258884,4,0,4,0.0,0.0,0.0
18,2026-07-25 18:00:00+03:00,medium,block_18_24,,10.988280672245637,2,0,2,0.0,0.0,0.0
18,2026-07-26 06:00:00+03:00,medium,block_06_12,,15.3726467258349,2,0,2,0.0,0.0,0.0
18,2026-07-26 12:00:00+03:00,medium,block_12_18,,22.73226279791948,4,0,4,0.0,0.0,0.0
18,2026-07-26 18:00:00+03:00,medium,block_18_24,,8.161243902073169,2,0,2,0.0,0.0,0.0
181,2026-07-20 06:00:00+03:00,low,block_06_12,,0.1688597117741584,0,0,0,0.0,0.0,0.0
181,2026-07-20 12:00:00+03:00,low,block_12_18,,0.2236549331747984,0,0,0,0.0,0.0,0.0
181,2026-07-20 18:00:00+03:00,low,block_18_24,,0.1568148303982868,0,0,0,0.0,0.0,0.0
181,2026-07-21 06:00:00+03:00,low,block_06_12,,0.2253042612251662,0,0,0,0.0,0.0,0.0
181,2026-07-21 12:00:00+03:00,low,block_12_18,,0.3007039182749834,0,0,0,0.0,0.0,0.0
181,2026-07-21 18:00:00+03:00,low,block_18_24,,0.1428618446920503,0,0,0,0.0,0.0,0.0
181,2026-07-22 06:00:00+03:00,low,block_06_12,,0.1428209758967261,0,0,0,0.0,0.0,0.0
181,2026-07-22 12:00:00+03:00,low,block_12_18,,0.2032185357409406,0,0,0,0.0,0.0,0.0
181,2026-07-22 18:00:00+03:00,low,block_18_24,,0.1428618446920503,0,0,0,0.0,0.0,0.0
181,2026-07-23 06:00:00+03:00,low,block_06_12,,0.1428209758967261,0,0,0,0.0,0.0,0.0
181,2026-07-23 12:00:00+03:00,low,block_12_18,,0.2032185357409406,0,0,0,0.0,0.0,0.0
181,2026-07-23 18:00:00+03:00,low,block_18_24,,0.1428618446920503,0,0,0,0.0,0.0,0.0
181,2026-07-24 06:00:00+03:00,low,block_06_12,,0.1428209758967261,0,0,0,0.0,0.0,0.0
181,2026-07-24 12:00:00+03:00,low,block_12_18,,0.2032185357409406,0,0,0,0.0,0.0,0.0
181,2026-07-24 18:00:00+03:00,low,block_18_24,,0.1480296832544465,0,0,0,0.0,0.0,0.0
181,2026-07-25 06:00:00+03:00,low,block_06_12,,0.2211991190647343,0,0,0,0.0,0.0,0.0
181,2026-07-25 12:00:00+03:00,low,block_12_18,,0.2013954911472433,0,0,0,0.0,0.0,0.0
181,2026-07-25 18:00:00+03:00,low,block_18_24,,0.146235044424295,0,0,0,0.0,0.0,0.0
181,2026-07-26 06:00:00+03:00,low,block_06_12,,0.1385517675124022,0,0,0,0.0,0.0,0.0
181,2026-07-26 12:00:00+03:00,low,block_12_18,,0.2013954911472433,0,0,0,0.0,0.0,0.0
181,2026-07-26 18:00:00+03:00,low,block_18_24,,0.146235044424295,0,0,0,0.0,0.0,0.0
182,2026-07-20 06:00:00+03:00,medium,block_06_12,,0.3475205870258203,0,0,0,0.0,0.0,0.0
182,2026-07-20 12:00:00+03:00,medium,block_12_18,,0.7379772290690686,1,0,1,0.0,0.0,0.0
182,2026-07-20 18:00:00+03:00,medium,block_18_24,,0.5176972867106616,0,0,0,0.0,0.0,0.0
182,2026-07-21 06:00:00+03:00,medium,block_06_12,,0.3475205870258203,0,0,0,0.0,0.0,0.0
182,2026-07-21 12:00:00+03:00,medium,block_12_18,,0.7379772290690686,1,0,1,0.0,0.0,0.0
182,2026-07-21 18:00:00+03:00,medium,block_18_24,,0.5176972867106616,0,0,0,0.0,0.0,0.0
182,2026-07-22 06:00:00+03:00,medium,block_06_12,,0.3475205870258203,0,0,0,0.0,0.0,0.0
182,2026-07-22 12:00:00+03:00,medium,block_12_18,,1.0878009644753377,1,0,1,0.0,0.0,0.0
182,2026-07-22 18:00:00+03:00,medium,block_18_24,,0.7791107353354534,1,0,1,0.0,0.0,0.0
182,2026-07-23 06:00:00+03:00,medium,block_06_12,,0.3475205870258203,0,0,0,0.0,0.0,0.0
182,2026-07-23 12:00:00+03:00,medium,block_12_18,,0.7379772290690686,1,0,1,0.0,0.0,0.0
182,2026-07-23 18:00:00+03:00,medium,block_18_24,,0.5176972867106616,0,0,0,0.0,0.0,0.0
182,2026-07-24 06:00:00+03:00,medium,block_06_12,,0.3475205870258203,0,0,0,0.0,0.0,0.0
182,2026-07-24 12:00:00+03:00,medium,block_12_18,,0.7379772290690686,1,0,1,0.0,0.0,0.0
182,2026-07-24 18:00:00+03:00,medium,block_18_24,,0.5176972867106616,0,0,0,0.0,0.0,0.0
182,2026-07-25 06:00:00+03:00,medium,block_06_12,,0.5460756551048493,0,0,0,0.0,0.0,0.0
182,2026-07-25 12:00:00+03:00,medium,block_12_18,,1.680204640094471,1,0,1,0.0,0.0,0.0
182,2026-07-25 18:00:00+03:00,medium,block_18_24,,0.5146260259280293,0,0,0,0.0,0.0,0.0
182,2026-07-26 06:00:00+03:00,medium,block_06_12,,0.3347534625254882,0,0,0,0.0,0.0,0.0
182,2026-07-26 12:00:00+03:00,medium,block_12_18,,0.7052930908040361,1,0,1,0.0,0.0,0.0
182,2026-07-26 18:00:00+03:00,medium,block_18_24,,0.7808519718151987,1,0,1,0.0,0.0,0.0
184,2026-07-20 06:00:00+03:00,low,block_06_12,,0.1047857144893901,0,0,0,0.0,0.0,0.0
184,2026-07-20 12:00:00+03:00,low,block_12_18,,0.2497316539895452,0,0,0,0.0,0.0,0.0
184,2026-07-20 18:00:00+03:00,low,block_18_24,,0.3116428300786427,0,0,0,0.0,0.0,0.0
184,2026-07-21 06:00:00+03:00,low,block_06_12,,0.0884883653472912,0,0,0,0.0,0.0,0.0
184,2026-07-21 12:00:00+03:00,low,block_12_18,,0.2269125045958842,0,0,0,0.0,0.0,0.0
184,2026-07-21 18:00:00+03:00,low,block_18_24,,0.2934296642492662,0,0,0,0.0,0.0,0.0
184,2026-07-22 06:00:00+03:00,low,block_06_12,,0.0884883653472912,0,0,0,0.0,0.0,0.0
184,2026-07-22 12:00:00+03:00,low,block_12_18,,0.2269125045958842,0,0,0,0.0,0.0,0.0
184,2026-07-22 18:00:00+03:00,low,block_18_24,,0.2934296642492662,0,0,0,0.0,0.0,0.0
184,2026-07-23 06:00:00+03:00,low,block_06_12,,0.0884883653472912,0,0,0,0.0,0.0,0.0
184,2026-07-23 12:00:00+03:00,low,block_12_18,,0.2269125045958842,0,0,0,0.0,0.0,0.0
184,2026-07-23 18:00:00+03:00,low,block_18_24,,0.2934296642492662,0,0,0,0.0,0.0,0.0
184,2026-07-24 06:00:00+03:00,low,block_06_12,,0.0884883653472912,0,0,0,0.0,0.0,0.0
184,2026-07-24 12:00:00+03:00,low,block_12_18,,0.2269125045958842,0,0,0,0.0,0.0,0.0
184,2026-07-24 18:00:00+03:00,low,block_18_24,,0.2934296642492662,0,0,0,0.0,0.0,0.0
184,2026-07-25 06:00:00+03:00,low,block_06_12,,0.083936199588056,0,0,0,0.0,0.0,0.0
184,2026-07-25 12:00:00+03:00,low,block_12_18,,0.2248769047760273,0,0,0,0.0,0.0,0.0
184,2026-07-25 18:00:00+03:00,low,block_18_24,,0.2884545949324899,0,0,0,0.0,0.0,0.0
184,2026-07-26 06:00:00+03:00,low,block_06_12,,0.083936199588056,0,0,0,0.0,0.0,0.0
184,2026-07-26 12:00:00+03:00,low,block_12_18,,0.2248769047760273,0,0,0,0.0,0.0,0.0
184,2026-07-26 18:00:00+03:00,low,block_18_24,,0.2884545949324899,0,0,0,0.0,0.0,0.0
188,2026-07-20 12:00:00+03:00,low,block_12_18,,0.393464634100191,0,0,0,0.0,0.0,0.0
188,2026-07-20 18:00:00+03:00,low,block_18_24,,0.4017515398285153,0,0,0,0.0,0.0,0.0
188,2026-07-21 12:00:00+03:00,low,block_12_18,,0.3694947692697807,0,0,0,0.0,0.0,0.0
188,2026-07-21 18:00:00+03:00,low,block_18_24,,0.3819840256145658,0,0,0,0.0,0.0,0.0
188,2026-07-22 12:00:00+03:00,low,block_12_18,,0.3694947692697807,0,0,0,0.0,0.0,0.0
188,2026-07-22 18:00:00+03:00,low,block_18_24,,0.3819840256145658,0,0,0,0.0,0.0,0.0
188,2026-07-23 12:00:00+03:00,low,block_12_18,,0.3694947692697807,0,0,0,0.0,0.0,0.0
188,2026-07-23 18:00:00+03:00,low,block_18_24,,0.3819840256145658,0,0,0,0.0,0.0,0.0
188,2026-07-24 00:00:00+03:00,low,block_00_06,,0.4694526660404087,0,0,0,0.0,0.0,0.0
188,2026-07-24 12:00:00+03:00,low,block_12_18,,0.3603790454626986,0,0,0,0.0,0.0,0.0
188,2026-07-24 18:00:00+03:00,low,block_18_24,,0.4645367371388419,0,0,0,0.0,0.0,0.0
188,2026-07-25 00:00:00+03:00,low,block_00_06,,0.5605916005029603,0,0,0,0.0,0.0,0.0
188,2026-07-25 12:00:00+03:00,low,block_12_18,,0.3384524216437621,0,0,0,0.0,0.0,0.0
188,2026-07-25 18:00:00+03:00,low,block_18_24,,0.4495634128983153,0,0,0,0.0,0.0,0.0
188,2026-07-26 12:00:00+03:00,low,block_12_18,,0.3457994514792538,0,0,0,0.0,0.0,0.0
188,2026-07-26 18:00:00+03:00,low,block_18_24,,0.4495634128983153,0,0,0,0.0,0.0,0.0
189,2026-07-20 06:00:00+03:00,low,block_06_12,,0.1202117522601347,0,0,0,0.0,0.0,0.0
189,2026-07-20 12:00:00+03:00,low,block_12_18,,0.1626582113903392,0,0,0,0.0,0.0,0.0
189,2026-07-20 18:00:00+03:00,low,block_18_24,,0.1480744169719671,0,0,0,0.0,0.0,0.0
189,2026-07-21 06:00:00+03:00,low,block_06_12,,0.10167469547153,0,0,0,0.0,0.0,0.0
189,2026-07-21 12:00:00+03:00,low,block_12_18,,0.1477953697500191,0,0,0,0.0,0.0,0.0
189,2026-07-21 18:00:00+03:00,low,block_18_24,,0.1348991310744431,0,0,0,0.0,0.0,0.0
189,2026-07-22 06:00:00+03:00,low,block_06_12,,0.10167469547153,0,0,0,0.0,0.0,0.0
189,2026-07-22 12:00:00+03:00,low,block_12_18,,0.1477953697500191,0,0,0,0.0,0.0,0.0
189,2026-07-22 18:00:00+03:00,low,block_18_24,,0.1348991310744431,0,0,0,0.0,0.0,0.0
189,2026-07-23 06:00:00+03:00,low,block_06_12,,0.10167469547153,0,0,0,0.0,0.0,0.0
189,2026-07-23 12:00:00+03:00,low,block_12_18,,0.1477953697500191,0,0,0,0.0,0.0,0.0
189,2026-07-23 18:00:00+03:00,low,block_18_24,,0.1348991310744431,0,0,0,0.0,0.0,0.0
189,2026-07-24 06:00:00+03:00,low,block_06_12,,0.10167469547153,0,0,0,0.0,0.0,0.0
189,2026-07-24 12:00:00+03:00,low,block_12_18,,0.1477953697500191,0,0,0,0.0,0.0,0.0
189,2026-07-24 18:00:00+03:00,low,block_18_24,,0.1348991310744431,0,0,0,0.0,0.0,0.0
189,2026-07-25 06:00:00+03:00,low,block_06_12,,0.099283542946524,0,0,0,0.0,0.0,0.0
189,2026-07-25 12:00:00+03:00,low,block_12_18,,0.1474319351489015,0,0,0,0.0,0.0,0.0
189,2026-07-25 18:00:00+03:00,low,block_18_24,,0.1344759419115652,0,0,0,0.0,0.0,0.0
189,2026-07-26 06:00:00+03:00,low,block_06_12,,0.099283542946524,0,0,0,0.0,0.0,0.0
189,2026-07-26 12:00:00+03:00,low,block_12_18,,0.1474319351489015,0,0,0,0.0,0.0,0.0
189,2026-07-26 18:00:00+03:00,low,block_18_24,,0.1344759419115652,0,0,0,0.0,0.0,0.0
2,2026-07-20 00:00:00+03:00,high,deep_night,,0.0,0,0,0,0.0,0.0,0.0
2,2026-07-20 03:00:00+03:00,high,opening,,4.15421977103074,0,2,2,0.0,0.0,0.0
2,2026-07-20 06:00:00+03:00,high,early_morning,,4.792158474030761,0,3,3,0.0,0.0,0.0
2,2026-07-20 09:00:00+03:00,high,morning,,8.928948273062636,0,3,3,0.0,3.0,3.0
2,2026-07-20 12:00:00+03:00,high,lunch,,19.97635269664685,0,3,3,0.0,3.0,3.0
2,2026-07-20 15:00:00+03:00,high,afternoon,,7.768683182681953,0,3,3,0.0,3.0,3.0
2,2026-07-20 18:00:00+03:00,high,dinner,,7.30372188286548,0,2,2,0.0,3.0,3.0
2,2026-07-20 21:00:00+03:00,high,late_evening,,5.3357061378747215,0,2,2,0.0,1.0,1.0
2,2026-07-21 00:00:00+03:00,high,deep_night,,0.0,0,0,0,0.0,0.0,0.0
2,2026-07-21 03:00:00+03:00,high,opening,,4.164567092810301,0,2,2,0.0,0.0,0.0
2,2026-07-21 06:00:00+03:00,high,early_morning,,4.771369078851901,0,3,3,0.0,0.0,0.0
2,2026-07-21 09:00:00+03:00,high,morning,,8.894599703693151,0,3,3,0.0,3.0,3.0
2,2026-07-21 12:00:00+03:00,high,lunch,,20.70481842825741,0,3,3,0.0,3.0,3.0
2,2026-07-21 15:00:00+03:00,high,afternoon,,8.825347333250686,0,3,3,0.0,4.0,4.0
2,2026-07-21 18:00:00+03:00,high,dinner,,7.626364421068107,0,2,2,0.0,3.0,3.0
2,2026-07-21 21:00:00+03:00,high,late_evening,,5.661357991134489,0,2,2,0.0,1.0,1.0
2,2026-07-22 00:00:00+03:00,high,deep_night,,0.0,0,0,0,0.0,0.0,0.0
2,2026-07-22 03:00:00+03:00,high,opening,,4.739343463654058,0,2,2,0.0,0.0,0.0
2,2026-07-22 06:00:00+03:00,high,early_morning,,4.625161212302053,0,2,2,0.0,0.0,0.0
2,2026-07-22 09:00:00+03:00,high,morning,,8.496617213905123,0,3,3,0.0,3.0,3.0
2,2026-07-22 12:00:00+03:00,high,lunch,,20.270722499181563,0,3,3,0.0,3.0,3.0
2,2026-07-22 15:00:00+03:00,high,afternoon,,9.439990881800554,0,4,4,0.0,4.0,4.0
2,2026-07-22 18:00:00+03:00,high,dinner,,7.674741274920816,0,2,2,0.0,3.0,3.0
2,2026-07-22 21:00:00+03:00,high,late_evening,,5.674815847896878,0,2,2,0.0,1.0,1.0
2,2026-07-23 00:00:00+03:00,high,deep_night,,0.0,0,0,0,0.0,0.0,0.0
2,2026-07-23 03:00:00+03:00,high,opening,,4.928732455394108,0,2,2,0.0,0.0,0.0
2,2026-07-23 06:00:00+03:00,high,early_morning,,4.633893293470784,0,2,2,0.0,0.0,0.0
2,2026-07-23 09:00:00+03:00,high,morning,,8.76760099871088,0,3,3,0.0,0.0,0.0
2,2026-07-23 12:00:00+03:00,high,lunch,,20.269679518317304,0,3,3,0.0,0.0,0.0
2,2026-07-23 15:00:00+03:00,high,afternoon,,9.060956887713331,0,3,3,0.0,0.0,0.0
2,2026-07-23 18:00:00+03:00,high,dinner,,7.423580984576901,0,2,2,0.0,0.0,0.0
2,2026-07-23 21:00:00+03:00,high,late_evening,,5.823663327796735,0,2,2,0.0,0.0,0.0
2,2026-07-24 00:00:00+03:00,high,deep_night,,0.0,0,0,0,0.0,0.0,0.0
2,2026-07-24 03:00:00+03:00,high,opening,,4.685520206174357,0,2,2,0.0,0.0,0.0
2,2026-07-24 06:00:00+03:00,high,early_morning,,4.94759490386936,0,3,3,0.0,0.0,0.0
2,2026-07-24 09:00:00+03:00,high,morning,,8.348060430715503,0,3,3,0.0,0.0,0.0
2,2026-07-24 12:00:00+03:00,high,lunch,,20.409477023927845,0,3,3,0.0,0.0,0.0
2,2026-07-24 15:00:00+03:00,high,afternoon,,9.46828966558623,0,4,4,0.0,0.0,0.0
2,2026-07-24 18:00:00+03:00,high,dinner,,7.393913339028671,0,2,2,0.0,0.0,0.0
2,2026-07-24 21:00:00+03:00,high,late_evening,,5.510455548510904,0,2,2,0.0,0.0,0.0
2,2026-07-25 00:00:00+03:00,high,deep_night,,0.0,0,0,0,0.0,0.0,0.0
2,2026-07-25 03:00:00+03:00,high,opening,,3.694250213087069,0,2,2,0.0,0.0,0.0
2,2026-07-25 06:00:00+03:00,high,early_morning,,4.085902717460963,0,2,2,0.0,0.0,0.0
2,2026-07-25 09:00:00+03:00,high,morning,,8.13772466136473,0,3,3,0.0,0.0,0.0
2,2026-07-25 12:00:00+03:00,high,lunch,,16.5261451095567,0,3,3,0.0,0.0,0.0
2,2026-07-25 15:00:00+03:00,high,afternoon,,7.520764865775575,0,3,3,0.0,0.0,0.0
2,2026-07-25 18:00:00+03:00,high,dinner,,6.357808954243732,0,2,2,0.0,0.0,0.0
2,2026-07-25 21:00:00+03:00,high,late_evening,,5.254961620524128,0,2,2,0.0,0.0,0.0
2,2026-07-26 00:00:00+03:00,high,deep_night,,0.0,0,0,0,0.0,0.0,0.0
2,2026-07-26 03:00:00+03:00,high,opening,,3.6154263240430935,0,2,2,0.0,0.0,0.0
2,2026-07-26 06:00:00+03:00,high,early_morning,,4.134396841979857,0,2,2,0.0,0.0,0.0
2,2026-07-26 09:00:00+03:00,high,morning,,7.221493536782135,0,2,2,0.0,0.0,0.0
2,2026-07-26 12:00:00+03:00,high,lunch,,14.31581482946747,0,2,2,0.0,0.0,0.0
2,2026-07-26 15:00:00+03:00,high,afternoon,,6.070968602736781,0,2,2,0.0,0.0,0.0
2,2026-07-26 18:00:00+03:00,high,dinner,,7.246092265349237,0,2,2,0.0,0.0,0.0
2,2026-07-26 21:00:00+03:00,high,late_evening,,5.230999404579165,0,2,2,0.0,0.0,0.0
20,2026-07-20 06:00:00+03:00,medium,block_06_12,,7.219637968980708,1,0,1,1.0,0.0,1.0
20,2026-07-20 12:00:00+03:00,medium,block_12_18,,11.879280646651148,2,0,2,1.0,0.0,1.0
20,2026-07-20 18:00:00+03:00,medium,block_18_24,,7.731056994471576,1,0,1,1.0,0.0,1.0
20,2026-07-21 06:00:00+03:00,medium,block_06_12,,8.239639078964892,2,0,2,1.0,0.0,1.0
20,2026-07-21 12:00:00+03:00,medium,block_12_18,,11.879280646651148,2,0,2,1.0,0.0,1.0
20,2026-07-21 18:00:00+03:00,medium,block_18_24,,8.384285523938365,1,0,1,1.0,0.0,1.0
20,2026-07-22 06:00:00+03:00,medium,block_06_12,,8.239639078964892,2,0,2,1.0,0.0,1.0
20,2026-07-22 12:00:00+03:00,medium,block_12_18,,11.879280646651148,2,0,2,1.0,0.0,1.0
20,2026-07-22 18:00:00+03:00,medium,block_18_24,,8.391537246432499,1,0,1,1.0,0.0,1.0
20,2026-07-23 06:00:00+03:00,medium,block_06_12,,8.189278355783927,2,0,2,0.0,0.0,0.0
20,2026-07-23 12:00:00+03:00,medium,block_12_18,,10.962224531670424,2,0,2,0.0,0.0,0.0
20,2026-07-23 18:00:00+03:00,medium,block_18_24,,6.521451658696917,1,0,1,0.0,0.0,0.0
20,2026-07-24 06:00:00+03:00,medium,block_06_12,,9.077192753556355,2,0,2,0.0,0.0,0.0
20,2026-07-24 12:00:00+03:00,medium,block_12_18,,16.77296730625967,3,0,3,0.0,0.0,0.0
20,2026-07-24 18:00:00+03:00,medium,block_18_24,,6.521451658696917,1,0,1,0.0,0.0,0.0
20,2026-07-25 06:00:00+03:00,medium,block_06_12,,9.19642057422212,2,0,2,0.0,0.0,0.0
20,2026-07-25 12:00:00+03:00,medium,block_12_18,,12.062851803801284,2,0,2,0.0,0.0,0.0
20,2026-07-25 18:00:00+03:00,medium,block_18_24,,7.1640866457228825,1,0,1,0.0,0.0,0.0
20,2026-07-26 06:00:00+03:00,medium,block_06_12,,9.90738570157868,2,0,2,0.0,0.0,0.0
20,2026-07-26 12:00:00+03:00,medium,block_12_18,,11.68436246446661,2,0,2,0.0,0.0,0.0
20,2026-07-26 18:00:00+03:00,medium,block_18_24,,8.265906693946501,1,0,1,0.0,0.0,0.0
21,2026-07-20 00:00:00+03:00,high,deep_night,,2.531259283862625,1,0,1,0.0,0.0,0.0
21,2026-07-20 03:00:00+03:00,high,opening,,3.269090934122271,2,0,2,0.0,0.0,0.0
21,2026-07-20 06:00:00+03:00,high,early_morning,,2.5874466742523885,3,0,3,0.0,0.0,0.0
21,2026-07-20 09:00:00+03:00,high,morning,,7.755057047210301,4,0,4,5.0,0.0,5.0
21,2026-07-20 12:00:00+03:00,high,lunch,,16.000500229949527,4,0,4,5.0,0.0,5.0
21,2026-07-20 15:00:00+03:00,high,afternoon,,10.25013219901654,4,0,4,5.0,0.0,5.0
21,2026-07-20 18:00:00+03:00,high,dinner,,9.64237385410626,4,0,4,5.0,0.0,5.0
21,2026-07-20 21:00:00+03:00,high,late_evening,,6.166361432150962,2,0,2,4.0,0.0,4.0
21,2026-07-21 00:00:00+03:00,high,deep_night,,2.9033755612570613,1,0,1,0.0,0.0,0.0
21,2026-07-21 03:00:00+03:00,high,opening,,3.400440499858793,2,0,2,0.0,0.0,0.0
21,2026-07-21 06:00:00+03:00,high,early_morning,,2.7151507663793386,3,0,3,0.0,0.0,0.0
21,2026-07-21 09:00:00+03:00,high,morning,,7.070587400239166,4,0,4,4.0,0.0,4.0
21,2026-07-21 12:00:00+03:00,high,lunch,,17.621351013375772,5,0,5,4.0,0.0,4.0
21,2026-07-21 15:00:00+03:00,high,afternoon,,9.67891868717098,4,0,4,5.0,0.0,5.0
21,2026-07-21 18:00:00+03:00,high,dinner,,9.867645749938935,4,0,4,5.0,0.0,5.0
21,2026-07-21 21:00:00+03:00,high,late_evening,,5.997498191407731,2,0,2,3.0,0.0,3.0
21,2026-07-22 00:00:00+03:00,high,deep_night,,2.675458638291514,1,0,1,0.0,0.0,0.0
21,2026-07-22 03:00:00+03:00,high,opening,,3.448697357193242,2,0,2,0.0,0.0,0.0
21,2026-07-22 06:00:00+03:00,high,early_morning,,2.096092437758772,2,0,2,0.0,0.0,0.0
21,2026-07-22 09:00:00+03:00,high,morning,,7.415918094331118,4,0,4,5.0,0.0,5.0
21,2026-07-22 12:00:00+03:00,high,lunch,,16.564442564598732,4,0,4,5.0,0.0,5.0
21,2026-07-22 15:00:00+03:00,high,afternoon,,10.09484383566463,4,0,4,5.0,0.0,5.0
21,2026-07-22 18:00:00+03:00,high,dinner,,9.931399925643143,4,0,4,5.0,0.0,5.0
21,2026-07-22 21:00:00+03:00,high,late_evening,,6.011755101449288,2,0,2,3.0,0.0,3.0
21,2026-07-23 00:00:00+03:00,high,deep_night,,2.678531105722094,1,0,1,0.0,0.0,0.0
21,2026-07-23 03:00:00+03:00,high,opening,,3.4254395280353926,2,0,2,0.0,0.0,0.0
21,2026-07-23 06:00:00+03:00,high,early_morning,,2.729039493298993,3,0,3,0.0,0.0,0.0
21,2026-07-23 09:00:00+03:00,high,morning,,8.36390131524316,5,0,5,0.0,0.0,0.0
21,2026-07-23 12:00:00+03:00,high,lunch,,17.130805253475653,5,0,5,0.0,0.0,0.0
21,2026-07-23 15:00:00+03:00,high,afternoon,,9.950644043147362,4,0,4,0.0,0.0,0.0
21,2026-07-23 18:00:00+03:00,high,dinner,,9.644754023300695,4,0,4,0.0,0.0,0.0
21,2026-07-23 21:00:00+03:00,high,late_evening,,6.489172699701428,2,0,2,0.0,0.0,0.0
21,2026-07-24 00:00:00+03:00,high,deep_night,,2.681936805780725,1,0,1,0.0,0.0,0.0
21,2026-07-24 03:00:00+03:00,high,opening,,3.4344107664895094,2,0,2,0.0,0.0,0.0
21,2026-07-24 06:00:00+03:00,high,early_morning,,2.1060179413651947,2,0,2,0.0,0.0,0.0
21,2026-07-24 09:00:00+03:00,high,morning,,7.875901493273305,5,0,5,0.0,0.0,0.0
21,2026-07-24 12:00:00+03:00,high,lunch,,16.1578754085433,4,0,4,0.0,0.0,0.0
21,2026-07-24 15:00:00+03:00,high,afternoon,,10.606131658522704,4,0,4,0.0,0.0,0.0
21,2026-07-24 18:00:00+03:00,high,dinner,,9.762933787678223,4,0,4,0.0,0.0,0.0
21,2026-07-24 21:00:00+03:00,high,late_evening,,6.202479666235528,2,0,2,0.0,0.0,0.0
21,2026-07-25 00:00:00+03:00,high,deep_night,,2.942644684441507,1,0,1,0.0,0.0,0.0
21,2026-07-25 03:00:00+03:00,high,opening,,2.988007995025764,2,0,2,0.0,0.0,0.0
21,2026-07-25 06:00:00+03:00,high,early_morning,,2.6669944950542006,3,0,3,0.0,0.0,0.0
21,2026-07-25 09:00:00+03:00,high,morning,,10.385637591184006,6,0,6,0.0,0.0,0.0
21,2026-07-25 12:00:00+03:00,high,lunch,,18.4139676455017,5,0,5,0.0,0.0,0.0
21,2026-07-25 15:00:00+03:00,high,afternoon,,10.369046685728428,4,0,4,0.0,0.0,0.0
21,2026-07-25 18:00:00+03:00,high,dinner,,8.953971952046587,4,0,4,0.0,0.0,0.0
21,2026-07-25 21:00:00+03:00,high,late_evening,,5.800241531175635,2,0,2,0.0,0.0,0.0
21,2026-07-26 00:00:00+03:00,high,deep_night,,2.9128327973662054,1,0,1,0.0,0.0,0.0
21,2026-07-26 03:00:00+03:00,high,opening,,2.9272387118314405,1,0,1,0.0,0.0,0.0
21,2026-07-26 06:00:00+03:00,high,early_morning,,2.68111116006142,3,0,3,0.0,0.0,0.0
21,2026-07-26 09:00:00+03:00,high,morning,,9.193534642263712,5,0,5,0.0,0.0,0.0
21,2026-07-26 12:00:00+03:00,high,lunch,,16.929428901506537,5,0,5,0.0,0.0,0.0
21,2026-07-26 15:00:00+03:00,high,afternoon,,11.025435450673156,4,0,4,0.0,0.0,0.0
21,2026-07-26 18:00:00+03:00,high,dinner,,9.639222332508467,4,0,4,0.0,0.0,0.0
21,2026-07-26 21:00:00+03:00,high,late_evening,,6.188651084900874,2,0,2,0.0,0.0,0.0
22,2026-07-20 12:00:00+03:00,medium,block_12_18,,0.8541285438893254,0,1,1,0.0,0.0,0.0
22,2026-07-20 18:00:00+03:00,medium,block_18_24,,0.5515353538506534,0,0,0,0.0,0.0,0.0
22,2026-07-21 12:00:00+03:00,medium,block_12_18,,0.56793271028324,0,0,0,0.0,0.0,0.0
22,2026-07-21 18:00:00+03:00,medium,block_18_24,,0.5515353538506534,0,0,0,0.0,0.0,0.0
22,2026-07-22 12:00:00+03:00,medium,block_12_18,,0.56793271028324,0,0,0,0.0,0.0,0.0
22,2026-07-22 18:00:00+03:00,medium,block_18_24,,0.5515353538506534,0,0,0,0.0,0.0,0.0
22,2026-07-23 12:00:00+03:00,medium,block_12_18,,0.56793271028324,0,0,0,0.0,0.0,0.0
22,2026-07-23 18:00:00+03:00,medium,block_18_24,,0.8261663544859174,1,0,1,0.0,0.0,0.0
22,2026-07-24 12:00:00+03:00,medium,block_12_18,,0.56793271028324,0,0,0,0.0,0.0,0.0
22,2026-07-24 18:00:00+03:00,medium,block_18_24,,0.9026830217882496,1,0,1,0.0,0.0,0.0
22,2026-07-25 12:00:00+03:00,medium,block_12_18,,0.5600313903241747,0,0,0,0.0,0.0,0.0
22,2026-07-25 18:00:00+03:00,medium,block_18_24,,1.0359258503363231,1,0,1,0.0,0.0,0.0
22,2026-07-26 12:00:00+03:00,medium,block_12_18,,0.5600313903241747,0,0,0,0.0,0.0,0.0
22,2026-07-26 18:00:00+03:00,medium,block_18_24,,0.8283007780892416,1,0,1,0.0,0.0,0.0
222,2026-07-20 06:00:00+03:00,low,block_06_12,,0.6788396936952726,1,0,1,0.0,0.0,0.0
222,2026-07-20 12:00:00+03:00,low,block_12_18,,0.4181552743416801,0,0,0,0.0,0.0,0.0
222,2026-07-20 18:00:00+03:00,low,block_18_24,,0.4724098542171964,0,0,0,0.0,0.0,0.0
222,2026-07-21 06:00:00+03:00,low,block_06_12,,0.6544006388413006,1,0,1,0.0,0.0,0.0
222,2026-07-21 12:00:00+03:00,low,block_12_18,,0.4130586303816161,0,0,0,0.0,0.0,0.0
222,2026-07-21 18:00:00+03:00,low,block_18_24,,0.4472653672779005,0,0,0,0.0,0.0,0.0
222,2026-07-22 06:00:00+03:00,low,block_06_12,,0.6544006388413006,1,0,1,0.0,0.0,0.0
222,2026-07-22 12:00:00+03:00,low,block_12_18,,0.4130586303816161,0,0,0,0.0,0.0,0.0
222,2026-07-22 18:00:00+03:00,low,block_18_24,,0.4472653672779005,0,0,0,0.0,0.0,0.0
222,2026-07-23 06:00:00+03:00,low,block_06_12,,0.6544006388413006,1,0,1,0.0,0.0,0.0
222,2026-07-23 12:00:00+03:00,low,block_12_18,,0.4130586303816161,0,0,0,0.0,0.0,0.0
222,2026-07-23 18:00:00+03:00,low,block_18_24,,0.4472653672779005,0,0,0,0.0,0.0,0.0
222,2026-07-24 06:00:00+03:00,low,block_06_12,,0.6544006388413006,1,0,1,0.0,0.0,0.0
222,2026-07-24 12:00:00+03:00,low,block_12_18,,0.4130586303816161,0,0,0,0.0,0.0,0.0
222,2026-07-24 18:00:00+03:00,low,block_18_24,,0.4472653672779005,0,0,0,0.0,0.0,0.0
222,2026-07-25 06:00:00+03:00,low,block_06_12,,0.6228861091655682,1,0,1,0.0,0.0,0.0
222,2026-07-25 12:00:00+03:00,low,block_12_18,,0.3907960681542018,0,0,0,0.0,0.0,0.0
222,2026-07-25 18:00:00+03:00,low,block_18_24,,0.377857256675309,0,0,0,0.0,0.0,0.0
222,2026-07-26 06:00:00+03:00,low,block_06_12,,0.6228861091655682,1,0,1,0.0,0.0,0.0
222,2026-07-26 12:00:00+03:00,low,block_12_18,,0.3907960681542018,0,0,0,0.0,0.0,0.0
222,2026-07-26 18:00:00+03:00,low,block_18_24,,0.4310717145619831,0,0,0,0.0,0.0,0.0
23,2026-07-20 06:00:00+03:00,low,block_06_12,,0.2360425567552536,0,0,0,0.0,0.0,0.0
23,2026-07-20 12:00:00+03:00,low,block_12_18,,0.208835348162595,0,0,0,0.0,0.0,0.0
23,2026-07-20 18:00:00+03:00,low,block_18_24,,0.1816344610675802,0,0,0,0.0,0.0,0.0
23,2026-07-21 06:00:00+03:00,low,block_06_12,,0.1322438784679883,0,0,0,0.0,0.0,0.0
23,2026-07-21 12:00:00+03:00,low,block_12_18,,0.1897530855328086,0,0,0,0.0,0.0,0.0
23,2026-07-21 18:00:00+03:00,low,block_18_24,,0.25055015795121,0,0,0,0.0,0.0,0.0
23,2026-07-22 06:00:00+03:00,low,block_06_12,,0.1322438784679883,0,0,0,0.0,0.0,0.0
23,2026-07-22 12:00:00+03:00,low,block_12_18,,0.1897530855328086,0,0,0,0.0,0.0,0.0
23,2026-07-22 18:00:00+03:00,low,block_18_24,,0.1654730876018242,0,0,0,0.0,0.0,0.0
23,2026-07-23 06:00:00+03:00,low,block_06_12,,0.1322438784679883,0,0,0,0.0,0.0,0.0
23,2026-07-23 12:00:00+03:00,low,block_12_18,,0.1897530855328086,0,0,0,0.0,0.0,0.0
23,2026-07-23 18:00:00+03:00,low,block_18_24,,0.1654730876018242,0,0,0,0.0,0.0,0.0
23,2026-07-24 06:00:00+03:00,low,block_06_12,,0.1322438784679883,0,0,0,0.0,0.0,0.0
23,2026-07-24 12:00:00+03:00,low,block_12_18,,0.1897530855328086,0,0,0,0.0,0.0,0.0
23,2026-07-24 18:00:00+03:00,low,block_18_24,,0.1654730876018242,0,0,0,0.0,0.0,0.0
23,2026-07-25 06:00:00+03:00,low,block_06_12,,0.1289596750986744,0,0,0,0.0,0.0,0.0
23,2026-07-25 12:00:00+03:00,low,block_12_18,,0.1880508375786213,0,0,0,0.0,0.0,0.0
23,2026-07-25 18:00:00+03:00,low,block_18_24,,0.1647315479408249,0,0,0,0.0,0.0,0.0
23,2026-07-26 06:00:00+03:00,low,block_06_12,,0.1289596750986744,0,0,0,0.0,0.0,0.0
23,2026-07-26 12:00:00+03:00,low,block_12_18,,0.1880508375786213,0,0,0,0.0,0.0,0.0
23,2026-07-26 18:00:00+03:00,low,block_18_24,,0.1647315479408249,0,0,0,0.0,0.0,0.0
24,2026-07-20 06:00:00+03:00,low,block_06_12,,0.1368754765190528,0,0,0,0.0,0.0,0.0
24,2026-07-20 12:00:00+03:00,low,block_12_18,,0.1903326288224926,0,0,0,0.0,0.0,0.0
24,2026-07-20 18:00:00+03:00,low,block_18_24,,0.1698174778002663,0,0,0,0.0,0.0,0.0
24,2026-07-21 06:00:00+03:00,low,block_06_12,,0.1157688173655415,0,0,0,0.0,0.0,0.0
24,2026-07-21 12:00:00+03:00,low,block_12_18,,0.1729410462088984,0,0,0,0.0,0.0,0.0
24,2026-07-21 18:00:00+03:00,low,block_18_24,,0.1547075495211734,0,0,0,0.0,0.0,0.0
24,2026-07-22 06:00:00+03:00,low,block_06_12,,0.1840951921257365,0,0,0,0.0,0.0,0.0
24,2026-07-22 12:00:00+03:00,low,block_12_18,,0.2569381711928163,0,0,0,0.0,0.0,0.0
24,2026-07-22 18:00:00+03:00,low,block_18_24,,0.1547075495211734,0,0,0,0.0,0.0,0.0
24,2026-07-23 06:00:00+03:00,low,block_06_12,,0.1157688173655415,0,0,0,0.0,0.0,0.0
24,2026-07-23 12:00:00+03:00,low,block_12_18,,0.1729410462088984,0,0,0,0.0,0.0,0.0
24,2026-07-23 18:00:00+03:00,low,block_18_24,,0.1547075495211734,0,0,0,0.0,0.0,0.0
24,2026-07-24 06:00:00+03:00,low,block_06_12,,0.1157688173655415,0,0,0,0.0,0.0,0.0
24,2026-07-24 12:00:00+03:00,low,block_12_18,,0.1729410462088984,0,0,0,0.0,0.0,0.0
24,2026-07-24 18:00:00+03:00,low,block_18_24,,0.1547075495211734,0,0,0,0.0,0.0,0.0
24,2026-07-25 06:00:00+03:00,low,block_06_12,,0.1130462038511682,0,0,0,0.0,0.0,0.0
24,2026-07-25 12:00:00+03:00,low,block_12_18,,0.1725157774047938,0,0,0,0.0,0.0,0.0
24,2026-07-25 18:00:00+03:00,low,block_18_24,,0.1542222197947971,0,0,0,0.0,0.0,0.0
24,2026-07-26 06:00:00+03:00,low,block_06_12,,0.1130462038511682,0,0,0,0.0,0.0,0.0
24,2026-07-26 12:00:00+03:00,low,block_12_18,,0.1725157774047938,0,0,0,0.0,0.0,0.0
24,2026-07-26 18:00:00+03:00,low,block_18_24,,0.1542222197947971,0,0,0,0.0,0.0,0.0
25,2026-07-20 00:00:00+03:00,high,deep_night,,2.344036801491802,0,1,1,0.0,0.0,0.0
25,2026-07-20 03:00:00+03:00,high,opening,,3.314797293727435,0,2,2,0.0,0.0,0.0
25,2026-07-20 06:00:00+03:00,high,early_morning,,2.1051779888682898,0,2,2,0.0,0.0,0.0
25,2026-07-20 09:00:00+03:00,high,morning,,7.344722980277725,0,2,2,0.0,2.0,2.0
25,2026-07-20 12:00:00+03:00,high,lunch,,13.963558211673629,0,2,2,0.0,2.0,2.0
25,2026-07-20 15:00:00+03:00,high,afternoon,,7.0830660349459285,0,2,2,0.0,2.0,2.0
25,2026-07-20 18:00:00+03:00,high,dinner,,5.275409234599662,0,2,2,0.0,1.0,1.0
25,2026-07-20 21:00:00+03:00,high,late_evening,,2.1307808757368463,0,1,1,0.0,1.0,1.0
25,2026-07-21 00:00:00+03:00,high,deep_night,,2.577550754431993,0,1,1,0.0,0.0,0.0
25,2026-07-21 03:00:00+03:00,high,opening,,3.4214608527016024,0,2,2,0.0,0.0,0.0
25,2026-07-21 06:00:00+03:00,high,early_morning,,2.4750406864340477,0,2,2,0.0,0.0,0.0
25,2026-07-21 09:00:00+03:00,high,morning,,6.879988267700036,0,2,2,0.0,2.0,2.0
25,2026-07-21 12:00:00+03:00,high,lunch,,13.104650699249255,0,2,2,0.0,2.0,2.0
25,2026-07-21 15:00:00+03:00,high,afternoon,,6.947174368224257,0,2,2,0.0,2.0,2.0
25,2026-07-21 18:00:00+03:00,high,dinner,,5.070137424533433,0,2,2,0.0,1.0,1.0
25,2026-07-21 21:00:00+03:00,high,late_evening,,3.071906026008935,0,1,1,0.0,1.0,1.0
25,2026-07-22 00:00:00+03:00,high,deep_night,,2.4483540004171487,0,1,1,0.0,0.0,0.0
25,2026-07-22 03:00:00+03:00,high,opening,,3.448707489748206,0,2,2,0.0,0.0,0.0
25,2026-07-22 06:00:00+03:00,high,early_morning,,2.203480534787196,0,2,2,0.0,0.0,0.0
25,2026-07-22 09:00:00+03:00,high,morning,,7.357243320789753,0,2,2,0.0,2.0,2.0
25,2026-07-22 12:00:00+03:00,high,lunch,,14.669186003715692,0,2,2,0.0,2.0,2.0
25,2026-07-22 15:00:00+03:00,high,afternoon,,7.26736202897883,0,2,2,0.0,2.0,2.0
25,2026-07-22 18:00:00+03:00,high,dinner,,5.289871035500602,0,2,2,0.0,1.0,1.0
25,2026-07-22 21:00:00+03:00,high,late_evening,,2.779951889441488,0,1,1,0.0,1.0,1.0
25,2026-07-23 00:00:00+03:00,high,deep_night,,2.451165663366129,0,1,1,0.0,0.0,0.0
25,2026-07-23 03:00:00+03:00,high,opening,,3.441395003402865,0,2,2,0.0,0.0,0.0
25,2026-07-23 06:00:00+03:00,high,early_morning,,2.2076405997017563,0,2,2,0.0,0.0,0.0
25,2026-07-23 09:00:00+03:00,high,morning,,7.628742412538262,0,2,2,0.0,0.0,0.0
25,2026-07-23 12:00:00+03:00,high,lunch,,12.698359902924054,0,2,2,0.0,0.0,0.0
25,2026-07-23 15:00:00+03:00,high,afternoon,,7.329716633706813,0,2,2,0.0,0.0,0.0
25,2026-07-23 18:00:00+03:00,high,dinner,,4.764241839394847,0,2,2,0.0,0.0,0.0
25,2026-07-23 21:00:00+03:00,high,late_evening,,2.9107924156158664,0,1,1,0.0,0.0,0.0
25,2026-07-24 00:00:00+03:00,high,deep_night,,2.4542822726993574,0,1,1,0.0,0.0,0.0
25,2026-07-24 03:00:00+03:00,high,opening,,3.4504080293044037,0,2,2,0.0,0.0,0.0
25,2026-07-24 06:00:00+03:00,high,early_morning,,2.723958926822556,0,2,2,0.0,0.0,0.0
25,2026-07-24 09:00:00+03:00,high,morning,,7.148152484623252,0,2,2,0.0,0.0,0.0
25,2026-07-24 12:00:00+03:00,high,lunch,,14.315594165437552,0,2,2,0.0,0.0,0.0
25,2026-07-24 15:00:00+03:00,high,afternoon,,6.843619227903324,0,2,2,0.0,0.0,0.0
25,2026-07-24 18:00:00+03:00,high,dinner,,5.235128935823016,0,2,2,0.0,0.0,0.0
25,2026-07-24 21:00:00+03:00,high,late_evening,,2.996747477855432,0,1,1,0.0,0.0,0.0
25,2026-07-25 00:00:00+03:00,high,deep_night,,2.3912905403095417,0,1,1,0.0,0.0,0.0
25,2026-07-25 03:00:00+03:00,high,opening,,2.782066031096749,0,2,2,0.0,0.0,0.0
25,2026-07-25 06:00:00+03:00,high,early_morning,,1.6793051138804582,0,2,2,0.0,0.0,0.0
25,2026-07-25 09:00:00+03:00,high,morning,,5.233213472093319,0,2,2,0.0,0.0,0.0
25,2026-07-25 12:00:00+03:00,high,lunch,,9.010064789103083,0,2,2,0.0,0.0,0.0
25,2026-07-25 15:00:00+03:00,high,afternoon,,5.45869361823091,0,2,2,0.0,0.0,0.0
25,2026-07-25 18:00:00+03:00,high,dinner,,3.804605396258468,0,1,1,0.0,0.0,0.0
25,2026-07-25 21:00:00+03:00,high,late_evening,,2.7157971620401216,0,1,1,0.0,0.0,0.0
25,2026-07-26 00:00:00+03:00,high,deep_night,,2.367064413407823,0,1,1,0.0,0.0,0.0
25,2026-07-26 03:00:00+03:00,high,opening,,2.7281160115356577,0,1,1,0.0,0.0,0.0
25,2026-07-26 06:00:00+03:00,high,early_morning,,1.983248302544422,0,2,2,0.0,0.0,0.0
25,2026-07-26 09:00:00+03:00,high,morning,,4.5850356427228816,0,2,2,0.0,0.0,0.0
25,2026-07-26 12:00:00+03:00,high,lunch,,9.017995065953814,0,2,2,0.0,0.0,0.0
25,2026-07-26 15:00:00+03:00,high,afternoon,,4.138991426786494,0,1,1,0.0,0.0,0.0
25,2026-07-26 18:00:00+03:00,high,dinner,,4.618474546150231,0,1,1,0.0,0.0,0.0
25,2026-07-26 21:00:00+03:00,high,late_evening,,2.795714979023488,0,1,1,0.0,0.0,0.0
255,2026-07-20 06:00:00+03:00,low,block_06_12,,0.1202117522601347,0,0,0,0.0,0.0,0.0
255,2026-07-20 12:00:00+03:00,low,block_12_18,,0.1572037530276633,0,0,0,0.0,0.0,0.0
255,2026-07-20 18:00:00+03:00,low,block_18_24,,0.1321075223596172,0,0,0,0.0,0.0,0.0
255,2026-07-21 06:00:00+03:00,low,block_06_12,,0.10167469547153,0,0,0,0.0,0.0,0.0
255,2026-07-21 12:00:00+03:00,low,block_12_18,,0.1428393107622362,0,0,0,0.0,0.0,0.0
255,2026-07-21 18:00:00+03:00,low,block_18_24,,0.1203529302302353,0,0,0,0.0,0.0,0.0
255,2026-07-22 06:00:00+03:00,low,block_06_12,,0.10167469547153,0,0,0,0.0,0.0,0.0
255,2026-07-22 12:00:00+03:00,low,block_12_18,,0.1428393107622362,0,0,0,0.0,0.0,0.0
255,2026-07-22 18:00:00+03:00,low,block_18_24,,0.1203529302302353,0,0,0,0.0,0.0,0.0
255,2026-07-23 06:00:00+03:00,low,block_06_12,,0.10167469547153,0,0,0,0.0,0.0,0.0
255,2026-07-23 12:00:00+03:00,low,block_12_18,,0.1428393107622362,0,0,0,0.0,0.0,0.0
255,2026-07-23 18:00:00+03:00,low,block_18_24,,0.1203529302302353,0,0,0,0.0,0.0,0.0
255,2026-07-24 06:00:00+03:00,low,block_06_12,,0.10167469547153,0,0,0,0.0,0.0,0.0
255,2026-07-24 12:00:00+03:00,low,block_12_18,,0.1428393107622362,0,0,0,0.0,0.0,0.0
255,2026-07-24 18:00:00+03:00,low,block_18_24,,0.1203529302302353,0,0,0,0.0,0.0,0.0
255,2026-07-25 06:00:00+03:00,low,block_06_12,,0.099283542946524,0,0,0,0.0,0.0,0.0
255,2026-07-25 12:00:00+03:00,low,block_12_18,,0.1424880633042232,0,0,0,0.0,0.0,0.0
255,2026-07-25 18:00:00+03:00,low,block_18_24,,0.1186709618996332,0,0,0,0.0,0.0,0.0
255,2026-07-26 06:00:00+03:00,low,block_06_12,,0.099283542946524,0,0,0,0.0,0.0,0.0
255,2026-07-26 12:00:00+03:00,low,block_12_18,,0.1424880633042232,0,0,0,0.0,0.0,0.0
255,2026-07-26 18:00:00+03:00,low,block_18_24,,0.1186709618996332,0,0,0,0.0,0.0,0.0
26,2026-07-20 06:00:00+03:00,medium,block_06_12,,10.925272295684849,0,1,1,0.0,1.0,1.0
26,2026-07-20 12:00:00+03:00,medium,block_12_18,,19.89264542694952,0,1,1,0.0,1.0,1.0
26,2026-07-20 18:00:00+03:00,medium,block_18_24,,7.06292016781704,0,1,1,0.0,1.0,1.0
26,2026-07-21 06:00:00+03:00,medium,block_06_12,,9.666721660926706,0,1,1,0.0,1.0,1.0
26,2026-07-21 12:00:00+03:00,medium,block_12_18,,19.392393590650958,0,1,1,0.0,1.0,1.0
26,2026-07-21 18:00:00+03:00,medium,block_18_24,,7.545513235350179,0,1,1,0.0,1.0,1.0
26,2026-07-22 06:00:00+03:00,medium,block_06_12,,9.666721660926706,0,1,1,0.0,1.0,1.0
26,2026-07-22 12:00:00+03:00,medium,block_12_18,,19.89264542694952,0,1,1,0.0,1.0,1.0
26,2026-07-22 18:00:00+03:00,medium,block_18_24,,8.815873167972349,0,1,1,0.0,1.0,1.0
26,2026-07-23 06:00:00+03:00,medium,block_06_12,,8.70276405850605,0,1,1,0.0,0.0,0.0
26,2026-07-23 12:00:00+03:00,medium,block_12_18,,17.46134663070597,0,1,1,0.0,0.0,0.0
26,2026-07-23 18:00:00+03:00,medium,block_18_24,,7.06292016781704,0,1,1,0.0,0.0,0.0
26,2026-07-24 06:00:00+03:00,medium,block_06_12,,8.316315444930716,0,1,1,0.0,0.0,0.0
26,2026-07-24 12:00:00+03:00,medium,block_12_18,,17.03677764826351,0,1,1,0.0,0.0,0.0
26,2026-07-24 18:00:00+03:00,medium,block_18_24,,6.78725662587936,0,1,1,0.0,0.0,0.0
26,2026-07-25 06:00:00+03:00,medium,block_06_12,,9.913736313133173,0,1,1,0.0,0.0,0.0
26,2026-07-25 12:00:00+03:00,medium,block_12_18,,10.38743223846321,0,1,1,0.0,0.0,0.0
26,2026-07-25 18:00:00+03:00,medium,block_18_24,,6.03094541813891,0,1,1,0.0,0.0,0.0
26,2026-07-26 06:00:00+03:00,medium,block_06_12,,8.067740680199122,0,1,1,0.0,0.0,0.0
26,2026-07-26 12:00:00+03:00,medium,block_12_18,,11.285580118120322,0,1,1,0.0,0.0,0.0
26,2026-07-26 18:00:00+03:00,medium,block_18_24,,6.03094541813891,0,1,1,0.0,0.0,0.0
27,2026-07-20 06:00:00+03:00,medium,block_06_12,,0.8947232032795498,0,1,1,0.0,0.0,0.0
27,2026-07-20 12:00:00+03:00,medium,block_12_18,,0.7370970413329445,0,1,1,0.0,0.0,0.0
27,2026-07-20 18:00:00+03:00,medium,block_18_24,,1.0543647504632403,0,1,1,0.0,0.0,0.0
27,2026-07-21 06:00:00+03:00,medium,block_06_12,,0.783523722884886,0,1,1,0.0,0.0,0.0
27,2026-07-21 12:00:00+03:00,medium,block_12_18,,0.7019375272661051,0,1,1,0.0,0.0,0.0
27,2026-07-21 18:00:00+03:00,medium,block_18_24,,1.001354132862326,0,1,1,0.0,0.0,0.0
27,2026-07-22 06:00:00+03:00,medium,block_06_12,,0.783523722884886,0,1,1,0.0,0.0,0.0
27,2026-07-22 12:00:00+03:00,medium,block_12_18,,0.7019375272661051,0,1,1,0.0,0.0,0.0
27,2026-07-22 18:00:00+03:00,medium,block_18_24,,1.001354132862326,0,1,1,0.0,0.0,0.0
27,2026-07-23 06:00:00+03:00,medium,block_06_12,,0.783523722884886,0,1,1,0.0,0.0,0.0
27,2026-07-23 12:00:00+03:00,medium,block_12_18,,0.7019375272661051,0,1,1,0.0,0.0,0.0
27,2026-07-23 18:00:00+03:00,medium,block_18_24,,1.001354132862326,0,1,1,0.0,0.0,0.0
27,2026-07-24 06:00:00+03:00,medium,block_06_12,,0.783523722884886,0,1,1,0.0,0.0,0.0
27,2026-07-24 12:00:00+03:00,medium,block_12_18,,0.7019375272661051,0,1,1,0.0,0.0,0.0
27,2026-07-24 18:00:00+03:00,medium,block_18_24,,1.001354132862326,0,1,1,0.0,0.0,0.0
27,2026-07-25 06:00:00+03:00,medium,block_06_12,,0.7255843892140272,0,1,1,0.0,0.0,0.0
27,2026-07-25 12:00:00+03:00,medium,block_12_18,,0.6579741703210931,0,1,1,0.0,0.0,0.0
27,2026-07-25 18:00:00+03:00,medium,block_18_24,,0.957290173559942,0,1,1,0.0,0.0,0.0
27,2026-07-26 06:00:00+03:00,medium,block_06_12,,0.7255843892140272,0,1,1,0.0,0.0,0.0
27,2026-07-26 12:00:00+03:00,medium,block_12_18,,0.6579741703210931,0,1,1,0.0,0.0,0.0
27,2026-07-26 18:00:00+03:00,medium,block_18_24,,0.957290173559942,0,1,1,0.0,0.0,0.0
28,2026-07-20 06:00:00+03:00,medium,block_06_12,,0.5665887693874957,0,1,1,0.0,0.0,0.0
28,2026-07-20 12:00:00+03:00,medium,block_12_18,,1.2198914675895909,0,1,1,0.0,0.0,0.0
28,2026-07-20 18:00:00+03:00,medium,block_18_24,,0.610709909205856,0,1,1,0.0,0.0,0.0
28,2026-07-21 06:00:00+03:00,medium,block_06_12,,0.5018128353272615,0,1,1,0.0,0.0,0.0
28,2026-07-21 12:00:00+03:00,medium,block_12_18,,1.122587265452238,0,1,1,0.0,0.0,0.0
28,2026-07-21 18:00:00+03:00,medium,block_18_24,,0.5624445911203587,0,1,1,0.0,0.0,0.0
28,2026-07-22 06:00:00+03:00,medium,block_06_12,,0.5018128353272615,0,1,1,0.0,0.0,0.0
28,2026-07-22 12:00:00+03:00,medium,block_12_18,,1.122587265452238,0,1,1,0.0,0.0,0.0
28,2026-07-22 18:00:00+03:00,medium,block_18_24,,0.5624445911203587,0,1,1,0.0,0.0,0.0
28,2026-07-23 06:00:00+03:00,medium,block_06_12,,0.5018128353272615,0,1,1,0.0,0.0,0.0
28,2026-07-23 12:00:00+03:00,medium,block_12_18,,1.122587265452238,0,1,1,0.0,0.0,0.0
28,2026-07-23 18:00:00+03:00,medium,block_18_24,,0.5624445911203587,0,1,1,0.0,0.0,0.0
28,2026-07-24 06:00:00+03:00,medium,block_06_12,,0.5018128353272615,0,1,1,0.0,0.0,0.0
28,2026-07-24 12:00:00+03:00,medium,block_12_18,,1.122587265452238,0,1,1,0.0,0.0,0.0
28,2026-07-24 18:00:00+03:00,medium,block_18_24,,0.5624445911203587,0,1,1,0.0,0.0,0.0
28,2026-07-25 06:00:00+03:00,medium,block_06_12,,0.4449757963817907,0,0,0,0.0,0.0,0.0
28,2026-07-25 12:00:00+03:00,medium,block_12_18,,1.041605952866321,0,1,1,0.0,0.0,0.0
28,2026-07-25 18:00:00+03:00,medium,block_18_24,,0.5564142260168133,0,1,1,0.0,0.0,0.0
28,2026-07-26 06:00:00+03:00,medium,block_06_12,,0.4449757963817907,0,0,0,0.0,0.0,0.0
28,2026-07-26 12:00:00+03:00,medium,block_12_18,,1.041605952866321,0,1,1,0.0,0.0,0.0
28,2026-07-26 18:00:00+03:00,medium,block_18_24,,0.5564142260168133,0,1,1,0.0,0.0,0.0
29,2026-07-20 00:00:00+03:00,mega,deep_night,,3.306803995434053,1,0,1,0.0,0.0,0.0
29,2026-07-20 03:00:00+03:00,mega,opening,,6.790126150038687,4,1,5,0.0,0.0,0.0
29,2026-07-20 06:00:00+03:00,mega,early_morning,,6.688984721994108,5,1,6,0.0,0.0,0.0
29,2026-07-20 09:00:00+03:00,mega,morning,,14.3152705900082,7,1,8,3.0,1.0,4.0
29,2026-07-20 12:00:00+03:00,mega,lunch,,35.791988123028894,8,2,10,3.0,1.0,4.0
29,2026-07-20 15:00:00+03:00,mega,afternoon,,16.457587316245117,7,2,9,4.0,1.0,5.0
29,2026-07-20 18:00:00+03:00,mega,dinner,,15.536054259398126,5,1,6,7.0,1.0,8.0
29,2026-07-20 21:00:00+03:00,mega,late_evening,,4.087484579886611,2,0,2,5.0,0.0,5.0
29,2026-07-21 00:00:00+03:00,mega,deep_night,,3.7017278798559015,1,0,1,0.0,0.0,0.0
29,2026-07-21 03:00:00+03:00,mega,opening,,6.956170165514116,4,1,5,0.0,0.0,0.0
29,2026-07-21 06:00:00+03:00,mega,early_morning,,7.410698897515761,6,1,7,0.0,0.0,0.0
29,2026-07-21 09:00:00+03:00,mega,morning,,15.016749927463907,8,1,9,8.0,1.0,9.0
29,2026-07-21 12:00:00+03:00,mega,lunch,,35.174293765621705,8,2,10,9.0,1.0,10.0
29,2026-07-21 15:00:00+03:00,mega,afternoon,,16.26334358672895,7,2,9,10.0,0.0,10.0
29,2026-07-21 18:00:00+03:00,mega,dinner,,14.42367910098882,5,1,6,9.0,0.0,9.0
29,2026-07-21 21:00:00+03:00,mega,late_evening,,4.016959713715763,1,0,1,4.0,0.0,4.0
29,2026-07-22 00:00:00+03:00,mega,deep_night,,3.4861141966307074,1,0,1,0.0,0.0,0.0
29,2026-07-22 03:00:00+03:00,mega,opening,,6.6194392088432,3,1,4,0.0,0.0,0.0
29,2026-07-22 06:00:00+03:00,mega,early_morning,,7.003880578072712,5,1,6,0.0,0.0,0.0
29,2026-07-22 09:00:00+03:00,mega,morning,,15.14621951554468,8,1,9,6.0,2.0,8.0
29,2026-07-22 12:00:00+03:00,mega,lunch,,35.7635327226308,8,2,10,7.0,2.0,9.0
29,2026-07-22 15:00:00+03:00,mega,afternoon,,15.252052449835148,6,2,8,9.0,1.0,10.0
29,2026-07-22 18:00:00+03:00,mega,dinner,,15.540170419417576,5,1,6,9.0,1.0,10.0
29,2026-07-22 21:00:00+03:00,mega,late_evening,,4.191038157309474,2,0,2,3.0,0.0,3.0
29,2026-07-23 00:00:00+03:00,mega,deep_night,,3.490117612035877,1,0,1,0.0,0.0,0.0
29,2026-07-23 03:00:00+03:00,mega,opening,,6.828266909073108,4,1,5,0.0,0.0,0.0
29,2026-07-23 06:00:00+03:00,mega,early_morning,,8.360644707682285,6,1,7,0.0,0.0,0.0
29,2026-07-23 09:00:00+03:00,mega,morning,,15.14602131453861,8,1,9,0.0,0.0,0.0
29,2026-07-23 12:00:00+03:00,mega,lunch,,35.804415458866266,8,2,10,0.0,0.0,0.0
29,2026-07-23 15:00:00+03:00,mega,afternoon,,14.795980532356928,6,2,8,0.0,0.0,0.0
29,2026-07-23 18:00:00+03:00,mega,dinner,,14.47400853640258,5,1,6,0.0,0.0,0.0
29,2026-07-23 21:00:00+03:00,mega,late_evening,,4.03613690405092,1,0,1,0.0,0.0,0.0
29,2026-07-24 00:00:00+03:00,mega,deep_night,,3.4954977529439493,1,0,1,0.0,0.0,0.0
29,2026-07-24 03:00:00+03:00,mega,opening,,6.847996655413308,4,1,5,0.0,0.0,0.0
29,2026-07-24 06:00:00+03:00,mega,early_morning,,8.155262006977127,6,1,7,0.0,0.0,0.0
29,2026-07-24 09:00:00+03:00,mega,morning,,16.02066348473762,8,1,9,0.0,0.0,0.0
29,2026-07-24 12:00:00+03:00,mega,lunch,,35.22241691128831,8,2,10,0.0,0.0,0.0
29,2026-07-24 15:00:00+03:00,mega,afternoon,,14.94120190621729,6,2,8,0.0,0.0,0.0
29,2026-07-24 18:00:00+03:00,mega,dinner,,15.370425841099038,5,1,6,0.0,0.0,0.0
29,2026-07-24 21:00:00+03:00,mega,late_evening,,3.362780140241413,1,0,1,0.0,0.0,0.0
29,2026-07-25 00:00:00+03:00,mega,deep_night,,3.3747971959438106,1,0,1,0.0,0.0,0.0
29,2026-07-25 03:00:00+03:00,mega,opening,,5.569292996768306,4,0,4,0.0,0.0,0.0
29,2026-07-25 06:00:00+03:00,mega,early_morning,,7.45672534399037,6,1,7,0.0,0.0,0.0
29,2026-07-25 09:00:00+03:00,mega,morning,,17.65071610705663,9,1,10,0.0,0.0,0.0
29,2026-07-25 12:00:00+03:00,mega,lunch,,34.79150278471558,8,2,10,0.0,0.0,0.0
29,2026-07-25 15:00:00+03:00,mega,afternoon,,13.782764107500476,6,1,7,0.0,0.0,0.0
29,2026-07-25 18:00:00+03:00,mega,dinner,,12.215401945717575,4,1,5,0.0,0.0,0.0
29,2026-07-25 21:00:00+03:00,mega,late_evening,,3.467903849314665,1,0,1,0.0,0.0,0.0
29,2026-07-26 00:00:00+03:00,mega,deep_night,,3.312120088147912,1,0,1,0.0,0.0,0.0
29,2026-07-26 03:00:00+03:00,mega,opening,,4.791474002415511,3,0,3,0.0,0.0,0.0
29,2026-07-26 06:00:00+03:00,mega,early_morning,,5.9370393400969,4,1,5,0.0,0.0,0.0
29,2026-07-26 09:00:00+03:00,mega,morning,,15.358239232149092,8,1,9,0.0,0.0,0.0
29,2026-07-26 12:00:00+03:00,mega,lunch,,31.00912817430841,7,2,9,0.0,0.0,0.0
29,2026-07-26 15:00:00+03:00,mega,afternoon,,14.09155635108604,6,1,7,0.0,0.0,0.0
29,2026-07-26 18:00:00+03:00,mega,dinner,,14.32882711717476,5,1,6,0.0,0.0,0.0
29,2026-07-26 21:00:00+03:00,mega,late_evening,,3.4257812308630817,1,0,1,0.0,0.0,0.0
290,2026-07-20 12:00:00+03:00,low,block_12_18,,0.2581804749591013,0,0,0,0.0,0.0,0.0
290,2026-07-20 18:00:00+03:00,low,block_18_24,,0.2438249277368362,0,0,0,0.0,0.0,0.0
290,2026-07-21 12:00:00+03:00,low,block_12_18,,0.23458931727244,0,0,0,0.0,0.0,0.0
290,2026-07-21 18:00:00+03:00,low,block_18_24,,0.2243096714865453,0,0,0,0.0,0.0,0.0
290,2026-07-22 12:00:00+03:00,low,block_12_18,,0.23458931727244,0,0,0,0.0,0.0,0.0
290,2026-07-22 18:00:00+03:00,low,block_18_24,,0.2243096714865453,0,0,0,0.0,0.0,0.0
290,2026-07-23 12:00:00+03:00,low,block_12_18,,0.23458931727244,0,0,0,0.0,0.0,0.0
290,2026-07-23 18:00:00+03:00,low,block_18_24,,0.2243096714865453,0,0,0,0.0,0.0,0.0
290,2026-07-24 12:00:00+03:00,low,block_12_18,,0.23458931727244,0,0,0,0.0,0.0,0.0
290,2026-07-24 18:00:00+03:00,low,block_18_24,,0.2243096714865453,0,0,0,0.0,0.0,0.0
290,2026-07-25 12:00:00+03:00,low,block_12_18,,0.2322578196886333,0,0,0,0.0,0.0,0.0
290,2026-07-25 18:00:00+03:00,low,block_18_24,,0.2221712242971564,0,0,0,0.0,0.0,0.0
290,2026-07-26 12:00:00+03:00,low,block_12_18,,0.2322578196886333,0,0,0,0.0,0.0,0.0
290,2026-07-26 18:00:00+03:00,low,block_18_24,,0.2221712242971564,0,0,0,0.0,0.0,0.0
30,2026-07-20 00:00:00+03:00,mega,deep_night,,3.1599140269083907,1,0,1,0.0,0.0,0.0
30,2026-07-20 03:00:00+03:00,mega,opening,,3.6262642653711255,1,1,2,0.0,0.0,0.0
30,2026-07-20 06:00:00+03:00,mega,early_morning,,3.593592532266753,1,2,3,0.0,0.0,0.0
30,2026-07-20 09:00:00+03:00,mega,morning,,10.825046552378504,2,2,4,2.0,2.0,4.0
30,2026-07-20 12:00:00+03:00,mega,lunch,,24.06415243221763,3,2,5,4.0,1.0,5.0
30,2026-07-20 15:00:00+03:00,mega,afternoon,,11.35373376203103,3,2,5,4.0,1.0,5.0
30,2026-07-20 18:00:00+03:00,mega,dinner,,11.055448831189835,2,2,4,4.0,1.0,5.0
30,2026-07-20 21:00:00+03:00,mega,late_evening,,7.105275157862752,2,0,2,4.0,0.0,4.0
30,2026-07-21 00:00:00+03:00,mega,deep_night,,3.591472980800717,1,0,1,0.0,0.0,0.0
30,2026-07-21 03:00:00+03:00,mega,opening,,3.776075531846291,1,1,2,0.0,0.0,0.0
30,2026-07-21 06:00:00+03:00,mega,early_morning,,4.024709836416214,1,2,3,0.0,0.0,0.0
30,2026-07-21 09:00:00+03:00,mega,morning,,11.01242610010864,2,2,4,4.0,2.0,6.0
30,2026-07-21 12:00:00+03:00,mega,lunch,,23.11121641872466,3,2,5,5.0,1.0,6.0
30,2026-07-21 15:00:00+03:00,mega,afternoon,,11.35373376203103,3,2,5,5.0,1.0,6.0
30,2026-07-21 18:00:00+03:00,mega,dinner,,9.826537833544416,2,2,4,4.0,1.0,5.0
30,2026-07-21 21:00:00+03:00,mega,late_evening,,6.683674402372263,2,0,2,4.0,0.0,4.0
30,2026-07-22 00:00:00+03:00,mega,deep_night,,3.343566138435123,1,0,1,0.0,0.0,0.0
30,2026-07-22 03:00:00+03:00,mega,opening,,3.8329789483088375,1,1,2,0.0,0.0,0.0
30,2026-07-22 06:00:00+03:00,mega,early_morning,,4.216606585124583,1,2,3,0.0,0.0,0.0
30,2026-07-22 09:00:00+03:00,mega,morning,,9.858663477942656,2,2,4,5.0,1.0,6.0
30,2026-07-22 12:00:00+03:00,mega,lunch,,23.508376657633107,3,2,5,6.0,1.0,7.0
30,2026-07-22 15:00:00+03:00,mega,afternoon,,10.976883068202527,3,2,5,6.0,1.0,7.0
30,2026-07-22 18:00:00+03:00,mega,dinner,,10.544942890689123,2,2,4,5.0,1.0,6.0
30,2026-07-22 21:00:00+03:00,mega,late_evening,,7.109703573736936,2,0,2,5.0,0.0,5.0
30,2026-07-23 00:00:00+03:00,mega,deep_night,,3.347405853209744,1,0,1,0.0,0.0,0.0
30,2026-07-23 03:00:00+03:00,mega,opening,,3.7982631213661344,1,1,2,0.0,0.0,0.0
30,2026-07-23 06:00:00+03:00,mega,early_morning,,4.044171730717268,1,2,3,0.0,0.0,0.0
30,2026-07-23 09:00:00+03:00,mega,morning,,10.70144531419034,2,2,4,0.0,0.0,0.0
30,2026-07-23 12:00:00+03:00,mega,lunch,,23.106328183177904,3,2,5,0.0,0.0,0.0
30,2026-07-23 15:00:00+03:00,mega,afternoon,,10.66531207077739,3,2,5,0.0,0.0,0.0
30,2026-07-23 18:00:00+03:00,mega,dinner,,10.27377990355174,2,2,4,0.0,0.0,0.0
30,2026-07-23 21:00:00+03:00,mega,late_evening,,6.69926921250976,2,0,2,0.0,0.0,0.0
30,2026-07-24 00:00:00+03:00,mega,deep_night,,3.351662014464016,1,0,1,0.0,0.0,0.0
30,2026-07-24 03:00:00+03:00,mega,opening,,3.808210786153199,1,1,2,0.0,0.0,0.0
30,2026-07-24 06:00:00+03:00,mega,early_morning,,4.056663268549161,1,2,3,0.0,0.0,0.0
30,2026-07-24 09:00:00+03:00,mega,morning,,11.37182330389679,2,2,4,0.0,0.0,0.0
30,2026-07-24 12:00:00+03:00,mega,lunch,,25.11366618297375,4,2,6,0.0,0.0,0.0
30,2026-07-24 15:00:00+03:00,mega,afternoon,,10.501807109381105,3,2,5,0.0,0.0,0.0
30,2026-07-24 18:00:00+03:00,mega,dinner,,11.208893775482307,2,2,4,0.0,0.0,0.0
30,2026-07-24 21:00:00+03:00,mega,late_evening,,6.724111856931274,2,0,2,0.0,0.0,0.0
30,2026-07-25 00:00:00+03:00,mega,deep_night,,3.3034569978957835,1,0,1,0.0,0.0,0.0
30,2026-07-25 03:00:00+03:00,mega,opening,,3.2418756177028443,1,1,2,0.0,0.0,0.0
30,2026-07-25 06:00:00+03:00,mega,early_morning,,4.121947093134207,1,2,3,0.0,0.0,0.0
30,2026-07-25 09:00:00+03:00,mega,morning,,11.37680469597607,2,2,4,0.0,0.0,0.0
30,2026-07-25 12:00:00+03:00,mega,lunch,,19.675971414960745,2,2,4,0.0,0.0,0.0
30,2026-07-25 15:00:00+03:00,mega,afternoon,,9.188388920482724,2,2,4,0.0,0.0,0.0
30,2026-07-25 18:00:00+03:00,mega,dinner,,9.46212638825912,2,2,4,0.0,0.0,0.0
30,2026-07-25 21:00:00+03:00,mega,late_evening,,5.929890940853446,2,0,2,0.0,0.0,0.0
30,2026-07-26 00:00:00+03:00,mega,deep_night,,3.236400948425166,1,0,1,0.0,0.0,0.0
30,2026-07-26 03:00:00+03:00,mega,opening,,3.1274881601150217,1,1,2,0.0,0.0,0.0
30,2026-07-26 06:00:00+03:00,mega,early_morning,,3.628621698817284,1,2,3,0.0,0.0,0.0
30,2026-07-26 09:00:00+03:00,mega,morning,,10.704743461106228,2,2,4,0.0,0.0,0.0
30,2026-07-26 12:00:00+03:00,mega,lunch,,21.91300566621181,3,2,5,0.0,0.0,0.0
30,2026-07-26 15:00:00+03:00,mega,afternoon,,10.003348190559809,2,2,4,0.0,0.0,0.0
30,2026-07-26 18:00:00+03:00,mega,dinner,,9.837537172967554,2,2,4,0.0,0.0,0.0
30,2026-07-26 21:00:00+03:00,mega,late_evening,,6.584212426450461,2,0,2,0.0,0.0,0.0
301,2026-07-20 12:00:00+03:00,medium,block_12_18,,1.0309691787406416,0,1,1,0.0,0.0,0.0
301,2026-07-20 18:00:00+03:00,medium,block_18_24,,1.03789519606173,1,0,1,0.0,0.0,0.0
301,2026-07-21 12:00:00+03:00,medium,block_12_18,,0.9596490072354747,0,0,0,0.0,0.0,0.0
301,2026-07-21 18:00:00+03:00,medium,block_18_24,,0.989900734843121,1,0,1,0.0,0.0,0.0
301,2026-07-22 12:00:00+03:00,medium,block_12_18,,0.9596490072354747,0,0,0,0.0,0.0,0.0
301,2026-07-22 18:00:00+03:00,medium,block_18_24,,0.989900734843121,1,0,1,0.0,0.0,0.0
301,2026-07-23 12:00:00+03:00,medium,block_12_18,,0.9596490072354747,0,0,0,0.0,0.0,0.0
301,2026-07-23 18:00:00+03:00,medium,block_18_24,,0.989900734843121,1,0,1,0.0,0.0,0.0
301,2026-07-24 12:00:00+03:00,medium,block_12_18,,0.9596490072354747,0,0,0,0.0,0.0,0.0
301,2026-07-24 18:00:00+03:00,medium,block_18_24,,0.989900734843121,1,0,1,0.0,0.0,0.0
301,2026-07-25 12:00:00+03:00,medium,block_12_18,,0.8895522208290672,0,0,0,0.0,0.0,0.0
301,2026-07-25 18:00:00+03:00,medium,block_18_24,,0.9452731629991414,1,0,1,0.0,0.0,0.0
301,2026-07-26 12:00:00+03:00,medium,block_12_18,,0.8895522208290672,0,0,0,0.0,0.0,0.0
301,2026-07-26 18:00:00+03:00,medium,block_18_24,,0.9452731629991414,1,0,1,0.0,0.0,0.0
33,2026-07-20 00:00:00+03:00,high,deep_night,,1.779737248250486,0,1,1,0.0,0.0,0.0
33,2026-07-20 03:00:00+03:00,high,opening,,2.650059852701052,0,1,1,0.0,0.0,0.0
33,2026-07-20 06:00:00+03:00,high,early_morning,,3.904271116761009,1,2,3,0.0,0.0,0.0
33,2026-07-20 09:00:00+03:00,high,morning,,8.652755252070872,1,2,3,1.0,2.0,3.0
33,2026-07-20 12:00:00+03:00,high,lunch,,20.561516666195867,2,2,4,1.0,2.0,3.0
33,2026-07-20 15:00:00+03:00,high,afternoon,,8.873799066895936,1,2,3,1.0,2.0,3.0
33,2026-07-20 18:00:00+03:00,high,dinner,,8.816257742477362,1,2,3,2.0,1.0,3.0
33,2026-07-20 21:00:00+03:00,high,late_evening,,3.559747272526668,1,0,1,1.0,0.0,1.0
33,2026-07-21 00:00:00+03:00,high,deep_night,,2.041373503288173,0,1,1,0.0,0.0,0.0
33,2026-07-21 03:00:00+03:00,high,opening,,2.756537224497236,0,1,1,0.0,0.0,0.0
33,2026-07-21 06:00:00+03:00,high,early_morning,,4.401495420023836,1,3,4,0.0,0.0,0.0
33,2026-07-21 09:00:00+03:00,high,morning,,9.082068707291764,1,2,3,2.0,1.0,3.0
33,2026-07-21 12:00:00+03:00,high,lunch,,21.37465184822972,2,2,4,2.0,1.0,3.0
33,2026-07-21 15:00:00+03:00,high,afternoon,,8.572194532174573,1,2,3,2.0,1.0,3.0
33,2026-07-21 18:00:00+03:00,high,dinner,,8.697925735407525,1,2,3,1.0,2.0,3.0
33,2026-07-21 21:00:00+03:00,high,late_evening,,3.133133647514755,1,0,1,1.0,0.0,1.0
33,2026-07-22 00:00:00+03:00,high,deep_night,,1.8811243182700976,0,1,1,0.0,0.0,0.0
33,2026-07-22 03:00:00+03:00,high,opening,,2.7915603094200065,0,1,1,0.0,0.0,0.0
33,2026-07-22 06:00:00+03:00,high,early_morning,,4.297734572072153,1,3,4,0.0,0.0,0.0
33,2026-07-22 09:00:00+03:00,high,morning,,8.48024661094731,1,2,3,1.0,2.0,3.0
33,2026-07-22 12:00:00+03:00,high,lunch,,20.84830849990968,2,2,4,2.0,2.0,4.0
33,2026-07-22 15:00:00+03:00,high,afternoon,,8.744383384907415,1,2,3,2.0,2.0,4.0
33,2026-07-22 18:00:00+03:00,high,dinner,,8.252853071361585,1,2,3,2.0,1.0,3.0
33,2026-07-22 21:00:00+03:00,high,late_evening,,3.322330865795704,1,0,1,1.0,0.0,1.0
33,2026-07-23 00:00:00+03:00,high,deep_night,,1.8832845808576175,0,1,1,0.0,0.0,0.0
33,2026-07-23 03:00:00+03:00,high,opening,,2.7727341771051752,0,1,1,0.0,0.0,0.0
33,2026-07-23 06:00:00+03:00,high,early_morning,,4.42277929938726,1,3,4,0.0,0.0,0.0
33,2026-07-23 09:00:00+03:00,high,morning,,8.682486995066562,1,2,3,0.0,0.0,0.0
33,2026-07-23 12:00:00+03:00,high,lunch,,20.27159100627888,2,2,4,0.0,0.0,0.0
33,2026-07-23 15:00:00+03:00,high,afternoon,,8.898520934731554,1,2,3,0.0,0.0,0.0
33,2026-07-23 18:00:00+03:00,high,dinner,,8.552916984266911,1,2,3,0.0,0.0,0.0
33,2026-07-23 21:00:00+03:00,high,late_evening,,3.582968421682363,1,0,1,0.0,0.0,0.0
33,2026-07-24 00:00:00+03:00,high,deep_night,,1.8856791404704365,0,1,1,0.0,0.0,0.0
33,2026-07-24 03:00:00+03:00,high,opening,,2.7799959778957324,0,1,1,0.0,0.0,0.0
33,2026-07-24 06:00:00+03:00,high,early_morning,,4.436440270933249,1,3,4,0.0,0.0,0.0
33,2026-07-24 09:00:00+03:00,high,morning,,9.056721838124654,1,2,3,0.0,0.0,0.0
33,2026-07-24 12:00:00+03:00,high,lunch,,20.56379791862667,2,2,4,0.0,0.0,0.0
33,2026-07-24 15:00:00+03:00,high,afternoon,,8.437605754736989,1,2,3,0.0,0.0,0.0
33,2026-07-24 18:00:00+03:00,high,dinner,,8.912321883225012,1,2,3,0.0,0.0,0.0
33,2026-07-24 21:00:00+03:00,high,late_evening,,3.5962550067784216,0,1,1,0.0,0.0,0.0
33,2026-07-25 00:00:00+03:00,high,deep_night,,1.963188119149698,0,1,1,0.0,0.0,0.0
33,2026-07-25 03:00:00+03:00,high,opening,,2.30186458816132,0,1,1,0.0,0.0,0.0
33,2026-07-25 06:00:00+03:00,high,early_morning,,3.938158908431552,1,2,3,0.0,0.0,0.0
33,2026-07-25 09:00:00+03:00,high,morning,,10.004816928189516,2,2,4,0.0,0.0,0.0
33,2026-07-25 12:00:00+03:00,high,lunch,,16.63060706134583,1,2,3,0.0,0.0,0.0
33,2026-07-25 15:00:00+03:00,high,afternoon,,6.973195733126626,1,2,3,0.0,0.0,0.0
33,2026-07-25 18:00:00+03:00,high,dinner,,7.703156902655492,1,2,3,0.0,0.0,0.0
33,2026-07-25 21:00:00+03:00,high,late_evening,,1.831225917651244,1,0,1,0.0,0.0,0.0
33,2026-07-26 00:00:00+03:00,high,deep_night,,1.9432990911521584,0,1,1,0.0,0.0,0.0
33,2026-07-26 03:00:00+03:00,high,opening,,2.2534160140859223,0,1,1,0.0,0.0,0.0
33,2026-07-26 06:00:00+03:00,high,early_morning,,4.098747635531249,1,2,3,0.0,0.0,0.0
33,2026-07-26 09:00:00+03:00,high,morning,,9.80403152127597,2,2,4,0.0,0.0,0.0
33,2026-07-26 12:00:00+03:00,high,lunch,,15.587059367455208,1,2,3,0.0,0.0,0.0
33,2026-07-26 15:00:00+03:00,high,afternoon,,7.698574989240027,1,2,3,0.0,0.0,0.0
33,2026-07-26 18:00:00+03:00,high,dinner,,7.841789900085391,1,2,3,0.0,0.0,0.0
33,2026-07-26 21:00:00+03:00,high,late_evening,,2.9454936080373204,1,0,1,0.0,0.0,0.0
335,2026-07-20 00:00:00+03:00,low,block_00_06,,17.86596312368641,1,2,3,0.0,0.0,0.0
335,2026-07-20 06:00:00+03:00,low,block_06_12,,6.734884297827547,0,1,1,0.0,0.0,0.0
335,2026-07-20 12:00:00+03:00,low,block_12_18,,0.7702836869540831,1,0,1,0.0,0.0,0.0
335,2026-07-20 18:00:00+03:00,low,block_18_24,,1.5776632150454766,1,0,1,0.0,0.0,0.0
335,2026-07-21 00:00:00+03:00,low,block_00_06,,18.64346325019028,1,2,3,0.0,0.0,0.0
335,2026-07-21 06:00:00+03:00,low,block_06_12,,5.872987534540563,0,1,1,0.0,0.0,0.0
335,2026-07-21 12:00:00+03:00,low,block_12_18,,0.652694280504724,1,0,1,0.0,0.0,0.0
335,2026-07-21 18:00:00+03:00,low,block_18_24,,1.515573577352516,1,0,1,0.0,0.0,0.0
335,2026-07-22 00:00:00+03:00,low,block_00_06,,18.64346325019028,1,2,3,0.0,0.0,0.0
335,2026-07-22 06:00:00+03:00,low,block_06_12,,5.872987534540563,0,1,1,0.0,0.0,0.0
335,2026-07-22 12:00:00+03:00,low,block_12_18,,0.652694280504724,1,0,1,0.0,0.0,0.0
335,2026-07-22 18:00:00+03:00,low,block_18_24,,1.515573577352516,1,0,1,0.0,0.0,0.0
335,2026-07-23 00:00:00+03:00,low,block_00_06,,18.64346325019028,1,2,3,0.0,0.0,0.0
335,2026-07-23 06:00:00+03:00,low,block_06_12,,5.872987534540563,0,1,1,0.0,0.0,0.0
335,2026-07-23 12:00:00+03:00,low,block_12_18,,0.652694280504724,1,0,1,0.0,0.0,0.0
335,2026-07-23 18:00:00+03:00,low,block_18_24,,1.515573577352516,1,0,1,0.0,0.0,0.0
335,2026-07-24 00:00:00+03:00,low,block_00_06,,18.64346325019028,1,2,3,0.0,0.0,0.0
335,2026-07-24 06:00:00+03:00,low,block_06_12,,5.872987534540563,0,1,1,0.0,0.0,0.0
335,2026-07-24 12:00:00+03:00,low,block_12_18,,0.652694280504724,1,0,1,0.0,0.0,0.0
335,2026-07-24 18:00:00+03:00,low,block_18_24,,1.515573577352516,1,0,1,0.0,0.0,0.0
335,2026-07-25 00:00:00+03:00,low,block_00_06,,15.984884372617095,0,2,2,0.0,0.0,0.0
335,2026-07-25 06:00:00+03:00,low,block_06_12,,5.496731163075813,0,1,1,0.0,0.0,0.0
335,2026-07-25 12:00:00+03:00,low,block_12_18,,0.6074406203842131,0,0,0,0.0,0.0,0.0
335,2026-07-25 18:00:00+03:00,low,block_18_24,,1.4144864481541344,1,0,1,0.0,0.0,0.0
335,2026-07-26 00:00:00+03:00,low,block_00_06,,15.984884372617095,0,2,2,0.0,0.0,0.0
335,2026-07-26 06:00:00+03:00,low,block_06_12,,5.496731163075813,0,1,1,0.0,0.0,0.0
335,2026-07-26 12:00:00+03:00,low,block_12_18,,0.6074406203842131,0,0,0,0.0,0.0,0.0
335,2026-07-26 18:00:00+03:00,low,block_18_24,,1.4144864481541344,1,0,1,0.0,0.0,0.0
337,2026-07-20 06:00:00+03:00,low,block_06_12,,0.10167469547153,0,0,0,0.0,0.0,0.0
337,2026-07-20 12:00:00+03:00,low,block_12_18,,0.1477953697500191,0,0,0,0.0,0.0,0.0
337,2026-07-20 18:00:00+03:00,low,block_18_24,,0.1205247230848187,0,0,0,0.0,0.0,0.0
337,2026-07-21 06:00:00+03:00,low,block_06_12,,0.10167469547153,0,0,0,0.0,0.0,0.0
337,2026-07-21 12:00:00+03:00,low,block_12_18,,0.1477953697500191,0,0,0,0.0,0.0,0.0
337,2026-07-21 18:00:00+03:00,low,block_18_24,,0.1205247230848187,0,0,0,0.0,0.0,0.0
337,2026-07-22 06:00:00+03:00,low,block_06_12,,0.10167469547153,0,0,0,0.0,0.0,0.0
337,2026-07-22 12:00:00+03:00,low,block_12_18,,0.1477953697500191,0,0,0,0.0,0.0,0.0
337,2026-07-22 18:00:00+03:00,low,block_18_24,,0.1205247230848187,0,0,0,0.0,0.0,0.0
337,2026-07-23 06:00:00+03:00,low,block_06_12,,0.10167469547153,0,0,0,0.0,0.0,0.0
337,2026-07-23 12:00:00+03:00,low,block_12_18,,0.1477953697500191,0,0,0,0.0,0.0,0.0
337,2026-07-23 18:00:00+03:00,low,block_18_24,,0.1205247230848187,0,0,0,0.0,0.0,0.0
337,2026-07-24 06:00:00+03:00,low,block_06_12,,0.10167469547153,0,0,0,0.0,0.0,0.0
337,2026-07-24 12:00:00+03:00,low,block_12_18,,0.1477953697500191,0,0,0,0.0,0.0,0.0
337,2026-07-24 18:00:00+03:00,low,block_18_24,,0.1205247230848187,0,0,0,0.0,0.0,0.0
337,2026-07-25 06:00:00+03:00,low,block_06_12,,0.099283542946524,0,0,0,0.0,0.0,0.0
337,2026-07-25 12:00:00+03:00,low,block_12_18,,0.1474319351489015,0,0,0,0.0,0.0,0.0
337,2026-07-25 18:00:00+03:00,low,block_18_24,,0.119224312742392,0,0,0,0.0,0.0,0.0
337,2026-07-26 06:00:00+03:00,low,block_06_12,,0.099283542946524,0,0,0,0.0,0.0,0.0
337,2026-07-26 12:00:00+03:00,low,block_12_18,,0.1474319351489015,0,0,0,0.0,0.0,0.0
337,2026-07-26 18:00:00+03:00,low,block_18_24,,0.1859643820461519,0,0,0,0.0,0.0,0.0
338,2026-07-20 06:00:00+03:00,low,block_06_12,,0.1202117522601347,0,0,0,0.0,0.0,0.0
338,2026-07-20 12:00:00+03:00,low,block_12_18,,0.1572037530276633,0,0,0,0.0,0.0,0.0
338,2026-07-20 18:00:00+03:00,low,block_18_24,,0.1194876974692817,0,0,0,0.0,0.0,0.0
338,2026-07-21 06:00:00+03:00,low,block_06_12,,0.10167469547153,0,0,0,0.0,0.0,0.0
338,2026-07-21 12:00:00+03:00,low,block_12_18,,0.1428393107622362,0,0,0,0.0,0.0,0.0
338,2026-07-21 18:00:00+03:00,low,block_18_24,,0.1088559853370457,0,0,0,0.0,0.0,0.0
338,2026-07-22 06:00:00+03:00,low,block_06_12,,0.1616827659045295,0,0,0,0.0,0.0,0.0
338,2026-07-22 12:00:00+03:00,low,block_12_18,,0.1428393107622362,0,0,0,0.0,0.0,0.0
338,2026-07-22 18:00:00+03:00,low,block_18_24,,0.1088559853370457,0,0,0,0.0,0.0,0.0
338,2026-07-23 06:00:00+03:00,low,block_06_12,,0.10167469547153,0,0,0,0.0,0.0,0.0
338,2026-07-23 12:00:00+03:00,low,block_12_18,,0.1428393107622362,0,0,0,0.0,0.0,0.0
338,2026-07-23 18:00:00+03:00,low,block_18_24,,0.1088559853370457,0,0,0,0.0,0.0,0.0
338,2026-07-24 06:00:00+03:00,low,block_06_12,,0.10167469547153,0,0,0,0.0,0.0,0.0
338,2026-07-24 12:00:00+03:00,low,block_12_18,,0.1428393107622362,0,0,0,0.0,0.0,0.0
338,2026-07-24 18:00:00+03:00,low,block_18_24,,0.1088559853370457,0,0,0,0.0,0.0,0.0
338,2026-07-25 06:00:00+03:00,low,block_06_12,,0.099283542946524,0,0,0,0.0,0.0,0.0
338,2026-07-25 12:00:00+03:00,low,block_12_18,,0.1424880633042232,0,0,0,0.0,0.0,0.0
338,2026-07-25 18:00:00+03:00,low,block_18_24,,0.1076814756966649,0,0,0,0.0,0.0,0.0
338,2026-07-26 06:00:00+03:00,low,block_06_12,,0.099283542946524,0,0,0,0.0,0.0,0.0
338,2026-07-26 12:00:00+03:00,low,block_12_18,,0.1424880633042232,0,0,0,0.0,0.0,0.0
338,2026-07-26 18:00:00+03:00,low,block_18_24,,0.1076814756966649,0,0,0,0.0,0.0,0.0
339,2026-07-20 06:00:00+03:00,low,block_06_12,,0.0876891842473731,0,0,0,0.0,0.0,0.0
339,2026-07-20 12:00:00+03:00,low,block_12_18,,0.1626582113903392,0,0,0,0.0,0.0,0.0
339,2026-07-21 06:00:00+03:00,low,block_06_12,,0.0799803015006361,0,0,0,0.0,0.0,0.0
339,2026-07-21 12:00:00+03:00,low,block_12_18,,0.1477953697500191,0,0,0,0.0,0.0,0.0
339,2026-07-22 06:00:00+03:00,low,block_06_12,,0.0799803015006361,0,0,0,0.0,0.0,0.0
339,2026-07-22 12:00:00+03:00,low,block_12_18,,0.1477953697500191,0,0,0,0.0,0.0,0.0
339,2026-07-23 06:00:00+03:00,low,block_06_12,,0.0799803015006361,0,0,0,0.0,0.0,0.0
339,2026-07-23 12:00:00+03:00,low,block_12_18,,0.2201699634494423,0,0,0,0.0,0.0,0.0
339,2026-07-24 06:00:00+03:00,low,block_06_12,,0.0799803015006361,0,0,0,0.0,0.0,0.0
339,2026-07-24 12:00:00+03:00,low,block_12_18,,0.1477953697500191,0,0,0,0.0,0.0,0.0
339,2026-07-25 06:00:00+03:00,low,block_06_12,,0.0763665637568512,0,0,0,0.0,0.0,0.0
339,2026-07-25 12:00:00+03:00,low,block_12_18,,0.1474319351489015,0,0,0,0.0,0.0,0.0
339,2026-07-26 06:00:00+03:00,low,block_06_12,,0.0763665637568512,0,0,0,0.0,0.0,0.0
339,2026-07-26 12:00:00+03:00,low,block_12_18,,0.1474319351489015,0,0,0,0.0,0.0,0.0
34,2026-07-20 00:00:00+03:00,medium,block_00_06,,7.000436667258241,1,0,1,1.0,0.0,1.0
34,2026-07-20 06:00:00+03:00,medium,block_06_12,,1.743486569725522,1,0,1,1.0,0.0,1.0
34,2026-07-20 18:00:00+03:00,medium,block_18_24,,2.619007664041604,0,1,1,2.0,0.0,2.0
34,2026-07-21 00:00:00+03:00,medium,block_00_06,,6.16348742147323,1,0,1,2.0,0.0,2.0
34,2026-07-21 06:00:00+03:00,medium,block_06_12,,5.211870278058589,0,1,1,1.0,0.0,1.0
34,2026-07-21 18:00:00+03:00,medium,block_18_24,,3.3992073560737146,0,1,1,2.0,0.0,2.0
34,2026-07-22 00:00:00+03:00,medium,block_00_06,,4.48583448635644,1,0,1,2.0,0.0,2.0
34,2026-07-22 06:00:00+03:00,medium,block_06_12,,2.9133829077749103,1,0,1,1.0,0.0,1.0
34,2026-07-22 18:00:00+03:00,medium,block_18_24,,2.619007664041604,0,1,1,1.0,0.0,1.0
34,2026-07-23 00:00:00+03:00,medium,block_00_06,,4.961952063894593,1,0,1,1.0,0.0,1.0
34,2026-07-23 06:00:00+03:00,medium,block_06_12,,4.250703787598813,0,1,1,1.0,0.0,1.0
34,2026-07-23 18:00:00+03:00,medium,block_18_24,,2.619007664041604,0,1,1,0.0,0.0,0.0
34,2026-07-24 00:00:00+03:00,medium,block_00_06,,4.48583448635644,1,0,1,0.0,0.0,0.0
34,2026-07-24 06:00:00+03:00,medium,block_06_12,,3.219770825398386,1,0,1,0.0,0.0,0.0
34,2026-07-24 18:00:00+03:00,medium,block_18_24,,2.82174793964251,0,1,1,0.0,0.0,0.0
34,2026-07-25 00:00:00+03:00,medium,block_00_06,,4.317388837602429,1,0,1,0.0,0.0,0.0
34,2026-07-25 06:00:00+03:00,medium,block_06_12,,1.6177214384077148,1,0,1,0.0,0.0,0.0
34,2026-07-25 18:00:00+03:00,medium,block_18_24,,2.527030416168238,0,1,1,0.0,0.0,0.0
34,2026-07-26 00:00:00+03:00,medium,block_00_06,,5.671101997209898,1,0,1,0.0,0.0,0.0
34,2026-07-26 06:00:00+03:00,medium,block_06_12,,2.7574395405718297,1,0,1,0.0,0.0,0.0
34,2026-07-26 18:00:00+03:00,medium,block_18_24,,3.271133630915453,0,1,1,0.0,0.0,0.0
342,2026-07-20 12:00:00+03:00,low,block_12_18,,0.1567414781562841,0,0,0,0.0,0.0,0.0
342,2026-07-20 18:00:00+03:00,low,block_18_24,,0.1480269349728012,0,0,0,0.0,0.0,0.0
342,2026-07-21 12:00:00+03:00,low,block_12_18,,0.1424192761082361,0,0,0,0.0,0.0,0.0
342,2026-07-21 18:00:00+03:00,low,block_18_24,,0.1361791571645483,0,0,0,0.0,0.0,0.0
342,2026-07-22 12:00:00+03:00,low,block_12_18,,0.1424192761082361,0,0,0,0.0,0.0,0.0
342,2026-07-22 18:00:00+03:00,low,block_18_24,,0.1361791571645483,0,0,0,0.0,0.0,0.0
342,2026-07-23 12:00:00+03:00,low,block_12_18,,0.1424192761082361,0,0,0,0.0,0.0,0.0
342,2026-07-23 18:00:00+03:00,low,block_18_24,,0.1361791571645483,0,0,0,0.0,0.0,0.0
342,2026-07-24 12:00:00+03:00,low,block_12_18,,0.1424192761082361,0,0,0,0.0,0.0,0.0
342,2026-07-24 18:00:00+03:00,low,block_18_24,,0.1361791571645483,0,0,0,0.0,0.0,0.0
342,2026-07-25 12:00:00+03:00,low,block_12_18,,0.1419303257689284,0,0,0,0.0,0.0,0.0
342,2026-07-25 18:00:00+03:00,low,block_18_24,,0.1357671692352215,0,0,0,0.0,0.0,0.0
342,2026-07-26 12:00:00+03:00,low,block_12_18,,0.1419303257689284,0,0,0,0.0,0.0,0.0
342,2026-07-26 18:00:00+03:00,low,block_18_24,,0.1357671692352215,0,0,0,0.0,0.0,0.0
344,2026-07-20 06:00:00+03:00,low,block_06_12,,0.1202117522601347,0,0,0,0.0,0.0,0.0
344,2026-07-20 12:00:00+03:00,low,block_12_18,,0.1626582113903392,0,0,0,0.0,0.0,0.0
344,2026-07-20 18:00:00+03:00,low,block_18_24,,0.1322960938246798,0,0,0,0.0,0.0,0.0
344,2026-07-21 06:00:00+03:00,low,block_06_12,,0.10167469547153,0,0,0,0.0,0.0,0.0
344,2026-07-21 12:00:00+03:00,low,block_12_18,,0.1477953697500191,0,0,0,0.0,0.0,0.0
344,2026-07-21 18:00:00+03:00,low,block_18_24,,0.1205247230848187,0,0,0,0.0,0.0,0.0
344,2026-07-22 06:00:00+03:00,low,block_06_12,,0.10167469547153,0,0,0,0.0,0.0,0.0
344,2026-07-22 12:00:00+03:00,low,block_12_18,,0.1477953697500191,0,0,0,0.0,0.0,0.0
344,2026-07-22 18:00:00+03:00,low,block_18_24,,0.1205247230848187,0,0,0,0.0,0.0,0.0
344,2026-07-23 06:00:00+03:00,low,block_06_12,,0.10167469547153,0,0,0,0.0,0.0,0.0
344,2026-07-23 12:00:00+03:00,low,block_12_18,,0.1477953697500191,0,0,0,0.0,0.0,0.0
344,2026-07-23 18:00:00+03:00,low,block_18_24,,0.1205247230848187,0,0,0,0.0,0.0,0.0
344,2026-07-24 06:00:00+03:00,low,block_06_12,,0.10167469547153,0,0,0,0.0,0.0,0.0
344,2026-07-24 12:00:00+03:00,low,block_12_18,,0.1477953697500191,0,0,0,0.0,0.0,0.0
344,2026-07-24 18:00:00+03:00,low,block_18_24,,0.1205247230848187,0,0,0,0.0,0.0,0.0
344,2026-07-25 06:00:00+03:00,low,block_06_12,,0.099283542946524,0,0,0,0.0,0.0,0.0
344,2026-07-25 12:00:00+03:00,low,block_12_18,,0.1474319351489015,0,0,0,0.0,0.0,0.0
344,2026-07-25 18:00:00+03:00,low,block_18_24,,0.119224312742392,0,0,0,0.0,0.0,0.0
344,2026-07-26 06:00:00+03:00,low,block_06_12,,0.099283542946524,0,0,0,0.0,0.0,0.0
344,2026-07-26 12:00:00+03:00,low,block_12_18,,0.1474319351489015,0,0,0,0.0,0.0,0.0
344,2026-07-26 18:00:00+03:00,low,block_18_24,,0.119224312742392,0,0,0,0.0,0.0,0.0
345,2026-07-20 06:00:00+03:00,low,block_06_12,,0.098999703278008,0,0,0,0.0,0.0,0.0
345,2026-07-20 12:00:00+03:00,low,block_12_18,,0.1572037530276633,0,0,0,0.0,0.0,0.0
345,2026-07-20 18:00:00+03:00,low,block_18_24,,0.1276775278702667,0,0,0,0.0,0.0,0.0
345,2026-07-21 06:00:00+03:00,low,block_06_12,,0.0837336158346754,0,0,0,0.0,0.0,0.0
345,2026-07-21 12:00:00+03:00,low,block_12_18,,0.1428393107622362,0,0,0,0.0,0.0,0.0
345,2026-07-21 18:00:00+03:00,low,block_18_24,,0.1163171054098608,0,0,0,0.0,0.0,0.0
345,2026-07-22 06:00:00+03:00,low,block_06_12,,0.0837336158346754,0,0,0,0.0,0.0,0.0
345,2026-07-22 12:00:00+03:00,low,block_12_18,,0.1428393107622362,0,0,0,0.0,0.0,0.0
345,2026-07-22 18:00:00+03:00,low,block_18_24,,0.1163171054098608,0,0,0,0.0,0.0,0.0
345,2026-07-23 06:00:00+03:00,low,block_06_12,,0.0837336158346754,0,0,0,0.0,0.0,0.0
345,2026-07-23 12:00:00+03:00,low,block_12_18,,0.1428393107622362,0,0,0,0.0,0.0,0.0
345,2026-07-23 18:00:00+03:00,low,block_18_24,,0.1163171054098608,0,0,0,0.0,0.0,0.0
345,2026-07-24 06:00:00+03:00,low,block_06_12,,0.0837336158346754,0,0,0,0.0,0.0,0.0
345,2026-07-24 12:00:00+03:00,low,block_12_18,,0.1428393107622362,0,0,0,0.0,0.0,0.0
345,2026-07-24 18:00:00+03:00,low,block_18_24,,0.1163171054098608,0,0,0,0.0,0.0,0.0
345,2026-07-25 06:00:00+03:00,low,block_06_12,,0.0761121757122206,0,0,0,0.0,0.0,0.0
345,2026-07-25 12:00:00+03:00,low,block_12_18,,0.1424880633042232,0,0,0,0.0,0.0,0.0
345,2026-07-25 18:00:00+03:00,low,block_18_24,,0.1097525429838924,0,0,0,0.0,0.0,0.0
345,2026-07-26 06:00:00+03:00,low,block_06_12,,0.0761121757122206,0,0,0,0.0,0.0,0.0
345,2026-07-26 12:00:00+03:00,low,block_12_18,,0.1424880633042232,0,0,0,0.0,0.0,0.0
345,2026-07-26 18:00:00+03:00,low,block_18_24,,0.1097525429838924,0,0,0,0.0,0.0,0.0
348,2026-07-20 06:00:00+03:00,medium,block_06_12,,4.938217966797617,1,0,1,1.0,0.0,1.0
348,2026-07-20 12:00:00+03:00,medium,block_12_18,,8.35724362632872,2,0,2,1.0,0.0,1.0
348,2026-07-20 18:00:00+03:00,medium,block_18_24,,3.944040083938647,1,0,1,1.0,0.0,1.0
348,2026-07-21 06:00:00+03:00,medium,block_06_12,,5.8606643411115735,1,0,1,1.0,0.0,1.0
348,2026-07-21 12:00:00+03:00,medium,block_12_18,,6.846094620324541,1,0,1,1.0,0.0,1.0
348,2026-07-21 18:00:00+03:00,medium,block_18_24,,4.36522493472313,1,0,1,1.0,0.0,1.0
348,2026-07-22 06:00:00+03:00,medium,block_06_12,,6.323606563510936,1,0,1,1.0,0.0,1.0
348,2026-07-22 12:00:00+03:00,medium,block_12_18,,8.35724362632872,2,0,2,1.0,0.0,1.0
348,2026-07-22 18:00:00+03:00,medium,block_18_24,,4.36522493472313,1,0,1,1.0,0.0,1.0
348,2026-07-23 06:00:00+03:00,medium,block_06_12,,5.58916888701392,1,0,1,0.0,0.0,0.0
348,2026-07-23 12:00:00+03:00,medium,block_12_18,,6.002122325237998,1,0,1,0.0,0.0,0.0
348,2026-07-23 18:00:00+03:00,medium,block_18_24,,4.36522493472313,1,0,1,0.0,0.0,0.0
348,2026-07-24 06:00:00+03:00,medium,block_06_12,,5.58916888701392,1,0,1,0.0,0.0,0.0
348,2026-07-24 12:00:00+03:00,medium,block_12_18,,7.489136295248539,1,0,1,0.0,0.0,0.0
348,2026-07-24 18:00:00+03:00,medium,block_18_24,,3.432304550848718,1,0,1,0.0,0.0,0.0
348,2026-07-25 06:00:00+03:00,medium,block_06_12,,6.422057531546341,1,0,1,0.0,0.0,0.0
348,2026-07-25 12:00:00+03:00,medium,block_12_18,,6.349317064301866,1,0,1,0.0,0.0,0.0
348,2026-07-25 18:00:00+03:00,medium,block_18_24,,4.765865159568323,1,0,1,0.0,0.0,0.0
348,2026-07-26 06:00:00+03:00,medium,block_06_12,,5.98175123142404,1,0,1,0.0,0.0,0.0
348,2026-07-26 12:00:00+03:00,medium,block_12_18,,8.447052596174682,2,0,2,0.0,0.0,0.0
348,2026-07-26 18:00:00+03:00,medium,block_18_24,,4.754535833312988,1,0,1,0.0,0.0,0.0
35,2026-07-20 00:00:00+03:00,high,deep_night,,2.9911246969217338,0,1,1,0.0,0.0,0.0
35,2026-07-20 03:00:00+03:00,high,opening,,3.111541049506248,0,2,2,0.0,0.0,0.0
35,2026-07-20 06:00:00+03:00,high,early_morning,,3.472342513050076,1,2,3,0.0,0.0,0.0
35,2026-07-20 09:00:00+03:00,high,morning,,9.929564345318138,2,2,4,3.0,1.0,4.0
35,2026-07-20 12:00:00+03:00,high,lunch,,23.906499930839324,3,2,5,3.0,1.0,4.0
35,2026-07-20 15:00:00+03:00,high,afternoon,,13.098194846196703,3,2,5,2.0,1.0,3.0
35,2026-07-20 18:00:00+03:00,high,dinner,,9.742462985461136,2,1,3,2.0,1.0,3.0
35,2026-07-20 21:00:00+03:00,high,late_evening,,4.983604108807302,1,1,2,1.0,2.0,3.0
35,2026-07-21 00:00:00+03:00,high,deep_night,,3.402246480043324,0,1,1,0.0,0.0,0.0
35,2026-07-21 03:00:00+03:00,high,opening,,3.240087639385926,0,2,2,0.0,0.0,0.0
35,2026-07-21 06:00:00+03:00,high,early_morning,,3.2010154577106498,1,2,3,0.0,0.0,0.0
35,2026-07-21 09:00:00+03:00,high,morning,,10.450969778151974,3,2,5,3.0,1.0,4.0
35,2026-07-21 12:00:00+03:00,high,lunch,,22.66783702412856,3,2,5,4.0,3.0,7.0
35,2026-07-21 15:00:00+03:00,high,afternoon,,12.71744041273841,3,2,5,3.0,2.0,5.0
35,2026-07-21 18:00:00+03:00,high,dinner,,10.630914759037257,2,2,4,3.0,1.0,4.0
35,2026-07-21 21:00:00+03:00,high,late_evening,,4.355657731554245,1,1,2,2.0,1.0,3.0
35,2026-07-22 00:00:00+03:00,high,deep_night,,3.173452751854143,0,1,1,0.0,0.0,0.0
35,2026-07-22 03:00:00+03:00,high,opening,,3.297732201058837,0,2,2,0.0,0.0,0.0
35,2026-07-22 06:00:00+03:00,high,early_morning,,3.416253044417407,1,2,3,0.0,0.0,0.0
35,2026-07-22 09:00:00+03:00,high,morning,,10.08481456531993,2,2,4,2.0,1.0,3.0
35,2026-07-22 12:00:00+03:00,high,lunch,,23.36075315899205,3,2,5,4.0,1.0,5.0
35,2026-07-22 15:00:00+03:00,high,afternoon,,12.7217282844062,3,2,5,3.0,1.0,4.0
35,2026-07-22 18:00:00+03:00,high,dinner,,10.087628675066393,2,1,3,3.0,1.0,4.0
35,2026-07-22 21:00:00+03:00,high,late_evening,,5.013666621809069,1,1,2,2.0,0.0,2.0
35,2026-07-23 00:00:00+03:00,high,deep_night,,3.177097110276661,0,1,1,0.0,0.0,0.0
35,2026-07-23 03:00:00+03:00,high,opening,,3.2678641788392406,0,2,2,0.0,0.0,0.0
35,2026-07-23 06:00:00+03:00,high,early_morning,,3.9190075491579135,2,2,4,0.0,0.0,0.0
35,2026-07-23 09:00:00+03:00,high,morning,,8.970123860376152,2,2,4,0.0,0.0,0.0
35,2026-07-23 12:00:00+03:00,high,lunch,,22.77032265062901,3,2,5,0.0,0.0,0.0
35,2026-07-23 15:00:00+03:00,high,afternoon,,11.87546976976476,2,2,4,0.0,0.0,0.0
35,2026-07-23 18:00:00+03:00,high,dinner,,11.461858416045985,2,2,4,0.0,0.0,0.0
35,2026-07-23 21:00:00+03:00,high,late_evening,,4.810649921145348,1,1,2,0.0,0.0,0.0
35,2026-07-24 00:00:00+03:00,high,deep_night,,3.1819947189053703,0,1,1,0.0,0.0,0.0
35,2026-07-24 03:00:00+03:00,high,opening,,3.27730641830956,0,2,2,0.0,0.0,0.0
35,2026-07-24 06:00:00+03:00,high,early_morning,,4.030151181459098,2,2,4,0.0,0.0,0.0
35,2026-07-24 09:00:00+03:00,high,morning,,9.41922324834614,2,2,4,0.0,0.0,0.0
35,2026-07-24 12:00:00+03:00,high,lunch,,22.8267114171236,3,2,5,0.0,0.0,0.0
35,2026-07-24 15:00:00+03:00,high,afternoon,,11.517417275975571,2,2,4,0.0,0.0,0.0
35,2026-07-24 18:00:00+03:00,high,dinner,,11.413854368041978,2,2,4,0.0,0.0,0.0
35,2026-07-24 21:00:00+03:00,high,late_evening,,4.614935529396363,1,1,2,0.0,0.0,0.0
35,2026-07-25 00:00:00+03:00,high,deep_night,,3.229331830949797,0,1,1,0.0,0.0,0.0
35,2026-07-25 03:00:00+03:00,high,opening,,2.9080645708855704,0,2,2,0.0,0.0,0.0
35,2026-07-25 06:00:00+03:00,high,early_morning,,3.5389843065661246,1,2,3,0.0,0.0,0.0
35,2026-07-25 09:00:00+03:00,high,morning,,10.664997588322038,3,2,5,0.0,0.0,0.0
35,2026-07-25 12:00:00+03:00,high,lunch,,24.120366199739188,3,2,5,0.0,0.0,0.0
35,2026-07-25 15:00:00+03:00,high,afternoon,,9.687282754877542,2,2,4,0.0,0.0,0.0
35,2026-07-25 18:00:00+03:00,high,dinner,,9.187705148426732,2,1,3,0.0,0.0,0.0
35,2026-07-25 21:00:00+03:00,high,late_evening,,4.703049755466905,1,1,2,0.0,0.0,0.0
35,2026-07-26 00:00:00+03:00,high,deep_night,,3.159928996186794,0,1,1,0.0,0.0,0.0
35,2026-07-26 03:00:00+03:00,high,opening,,2.794596148423591,0,1,1,0.0,0.0,0.0
35,2026-07-26 06:00:00+03:00,high,early_morning,,3.2625635080760165,1,2,3,0.0,0.0,0.0
35,2026-07-26 09:00:00+03:00,high,morning,,11.72872351478563,3,2,5,0.0,0.0,0.0
35,2026-07-26 12:00:00+03:00,high,lunch,,22.21777521294449,3,2,5,0.0,0.0,0.0
35,2026-07-26 15:00:00+03:00,high,afternoon,,10.21035107334022,2,2,4,0.0,0.0,0.0
35,2026-07-26 18:00:00+03:00,high,dinner,,10.634004348149013,2,2,4,0.0,0.0,0.0
35,2026-07-26 21:00:00+03:00,high,late_evening,,4.393217798272898,1,1,2,0.0,0.0,0.0
36,2026-07-20 06:00:00+03:00,medium,block_06_12,,1.7485048054125247,1,0,1,0.0,0.0,0.0
36,2026-07-20 12:00:00+03:00,medium,block_12_18,,1.0911735237330824,1,0,1,0.0,0.0,0.0
36,2026-07-20 18:00:00+03:00,medium,block_18_24,,0.579949399916946,1,0,1,0.0,0.0,0.0
36,2026-07-21 06:00:00+03:00,medium,block_06_12,,0.6997956684595028,1,0,1,0.0,0.0,0.0
36,2026-07-21 12:00:00+03:00,medium,block_12_18,,0.7103044449315808,1,0,1,0.0,0.0,0.0
36,2026-07-21 18:00:00+03:00,medium,block_18_24,,0.5341151309153446,1,0,1,0.0,0.0,0.0
36,2026-07-22 06:00:00+03:00,medium,block_06_12,,1.222808310675498,1,0,1,0.0,0.0,0.0
36,2026-07-22 12:00:00+03:00,medium,block_12_18,,1.0466659849391982,1,0,1,0.0,0.0,0.0
36,2026-07-22 18:00:00+03:00,medium,block_18_24,,0.5341151309153446,1,0,1,0.0,0.0,0.0
36,2026-07-23 06:00:00+03:00,medium,block_06_12,,1.222808310675498,1,0,1,0.0,0.0,0.0
36,2026-07-23 12:00:00+03:00,medium,block_12_18,,1.1749614576281784,1,0,1,0.0,0.0,0.0
36,2026-07-23 18:00:00+03:00,medium,block_18_24,,0.5341151309153446,1,0,1,0.0,0.0,0.0
36,2026-07-24 06:00:00+03:00,medium,block_06_12,,1.097420871333987,1,0,1,0.0,0.0,0.0
36,2026-07-24 12:00:00+03:00,medium,block_12_18,,1.0466659849391982,1,0,1,0.0,0.0,0.0
36,2026-07-24 18:00:00+03:00,medium,block_18_24,,0.8035543953632949,1,0,1,0.0,0.0,0.0
36,2026-07-25 06:00:00+03:00,medium,block_06_12,,1.1639499832947189,1,0,1,0.0,0.0,0.0
36,2026-07-25 12:00:00+03:00,medium,block_12_18,,1.3265243472225168,1,0,1,0.0,0.0,0.0
36,2026-07-25 18:00:00+03:00,medium,block_18_24,,0.5309464705860357,1,0,1,0.0,0.0,0.0
36,2026-07-26 06:00:00+03:00,medium,block_06_12,,0.654934152913647,1,0,1,0.0,0.0,0.0
36,2026-07-26 12:00:00+03:00,medium,block_12_18,,0.6817484189035646,1,0,1,0.0,0.0,0.0
36,2026-07-26 18:00:00+03:00,medium,block_18_24,,0.5309464705860357,1,0,1,0.0,0.0,0.0
37,2026-07-20 06:00:00+03:00,medium,block_06_12,,8.001278115640117,0,1,1,0.0,0.0,0.0
37,2026-07-20 12:00:00+03:00,medium,block_12_18,,9.752228790318346,0,1,1,0.0,0.0,0.0
37,2026-07-20 18:00:00+03:00,medium,block_18_24,,2.577498617286682,0,1,1,0.0,0.0,0.0
37,2026-07-21 06:00:00+03:00,medium,block_06_12,,7.7160395615534,0,1,1,0.0,0.0,0.0
37,2026-07-21 12:00:00+03:00,medium,block_12_18,,9.326345590246849,0,1,1,0.0,0.0,0.0
37,2026-07-21 18:00:00+03:00,medium,block_18_24,,2.302460755191194,0,1,1,0.0,0.0,0.0
37,2026-07-22 06:00:00+03:00,medium,block_06_12,,9.560718834835685,0,1,1,0.0,0.0,0.0
37,2026-07-22 12:00:00+03:00,medium,block_12_18,,7.638279749777198,0,1,1,0.0,0.0,0.0
37,2026-07-22 18:00:00+03:00,medium,block_18_24,,1.49247756731533,0,1,1,0.0,0.0,0.0
37,2026-07-23 06:00:00+03:00,medium,block_06_12,,7.7160395615534,0,1,1,0.0,0.0,0.0
37,2026-07-23 12:00:00+03:00,medium,block_12_18,,9.23970614652152,0,1,1,0.0,0.0,0.0
37,2026-07-23 18:00:00+03:00,medium,block_18_24,,2.2000159923663123,0,1,1,0.0,0.0,0.0
37,2026-07-24 06:00:00+03:00,medium,block_06_12,,9.560718834835685,0,1,1,0.0,0.0,0.0
37,2026-07-24 12:00:00+03:00,medium,block_12_18,,9.326345590246849,0,1,1,0.0,0.0,0.0
37,2026-07-24 18:00:00+03:00,medium,block_18_24,,1.49247756731533,0,1,1,0.0,0.0,0.0
37,2026-07-25 06:00:00+03:00,medium,block_06_12,,7.700480284326084,0,1,1,0.0,0.0,0.0
37,2026-07-25 12:00:00+03:00,medium,block_12_18,,8.624797819072766,0,1,1,0.0,0.0,0.0
37,2026-07-25 18:00:00+03:00,medium,block_18_24,,1.4369310706850935,0,1,1,0.0,0.0,0.0
37,2026-07-26 06:00:00+03:00,medium,block_06_12,,7.214707450750076,0,1,1,0.0,0.0,0.0
37,2026-07-26 12:00:00+03:00,medium,block_12_18,,8.624797819072766,0,1,1,0.0,0.0,0.0
37,2026-07-26 18:00:00+03:00,medium,block_18_24,,1.4369310706850935,0,1,1,0.0,0.0,0.0
38,2026-07-20 06:00:00+03:00,medium,block_06_12,,0.719306610035794,0,1,1,0.0,0.0,0.0
38,2026-07-20 12:00:00+03:00,medium,block_12_18,,0.9252862890316762,0,1,1,0.0,0.0,0.0
38,2026-07-20 18:00:00+03:00,medium,block_18_24,,7.2341685599454015,0,1,1,0.0,0.0,0.0
38,2026-07-21 06:00:00+03:00,medium,block_06_12,,0.719306610035794,0,1,1,0.0,1.0,1.0
38,2026-07-21 12:00:00+03:00,medium,block_12_18,,0.9252862890316762,0,1,1,0.0,1.0,1.0
38,2026-07-21 18:00:00+03:00,medium,block_18_24,,5.697686820233175,0,1,1,0.0,1.0,1.0
38,2026-07-22 06:00:00+03:00,medium,block_06_12,,0.719306610035794,0,1,1,0.0,0.0,0.0
38,2026-07-22 12:00:00+03:00,medium,block_12_18,,0.9252862890316762,0,1,1,0.0,0.0,0.0
38,2026-07-22 18:00:00+03:00,medium,block_18_24,,5.697686820233175,0,1,1,0.0,0.0,0.0
38,2026-07-23 06:00:00+03:00,medium,block_06_12,,0.719306610035794,0,1,1,0.0,0.0,0.0
38,2026-07-23 12:00:00+03:00,medium,block_12_18,,0.9252862890316762,0,1,1,0.0,0.0,0.0
38,2026-07-23 18:00:00+03:00,medium,block_18_24,,8.29129553233435,0,1,1,0.0,0.0,0.0
38,2026-07-24 06:00:00+03:00,medium,block_06_12,,9.938440637482024,0,1,1,0.0,0.0,0.0
38,2026-07-24 12:00:00+03:00,medium,block_12_18,,13.292352478854388,0,1,1,0.0,0.0,0.0
38,2026-07-24 18:00:00+03:00,medium,block_18_24,,6.904647585733305,0,1,1,0.0,0.0,0.0
38,2026-07-25 06:00:00+03:00,medium,block_06_12,,3.8678435154328334,0,1,1,0.0,0.0,0.0
38,2026-07-25 12:00:00+03:00,medium,block_12_18,,10.469397725556508,0,1,1,0.0,0.0,0.0
38,2026-07-25 18:00:00+03:00,medium,block_18_24,,6.247959398607647,0,1,1,0.0,0.0,0.0
38,2026-07-26 06:00:00+03:00,medium,block_06_12,,5.31185979790081,0,1,1,0.0,0.0,0.0
38,2026-07-26 12:00:00+03:00,medium,block_12_18,,10.312567030757132,0,1,1,0.0,0.0,0.0
38,2026-07-26 18:00:00+03:00,medium,block_18_24,,6.247959398607647,0,1,1,0.0,0.0,0.0
381,2026-07-20 06:00:00+03:00,low,block_06_12,,0.1300459909725206,0,0,0,0.0,0.0,0.0
381,2026-07-20 12:00:00+03:00,low,block_12_18,,0.1686824731352209,0,0,0,0.0,0.0,0.0
381,2026-07-20 18:00:00+03:00,low,block_18_24,,0.1334908269621845,0,0,0,0.0,0.0,0.0
381,2026-07-21 06:00:00+03:00,low,block_06_12,,0.1099924614759089,0,0,0,0.0,0.0,0.0
381,2026-07-21 12:00:00+03:00,low,block_12_18,,0.1532691665196087,0,0,0,0.0,0.0,0.0
381,2026-07-21 18:00:00+03:00,low,block_18_24,,0.121613151899269,0,0,0,0.0,0.0,0.0
381,2026-07-22 06:00:00+03:00,low,block_06_12,,0.1099924614759089,0,0,0,0.0,0.0,0.0
381,2026-07-22 12:00:00+03:00,low,block_12_18,,0.1532691665196087,0,0,0,0.0,0.0,0.0
381,2026-07-22 18:00:00+03:00,low,block_18_24,,0.121613151899269,0,0,0,0.0,0.0,0.0
381,2026-07-23 06:00:00+03:00,low,block_06_12,,0.1099924614759089,0,0,0,0.0,0.0,0.0
381,2026-07-23 12:00:00+03:00,low,block_12_18,,0.1532691665196087,0,0,0,0.0,0.0,0.0
381,2026-07-23 18:00:00+03:00,low,block_18_24,,0.121613151899269,0,0,0,0.0,0.0,0.0
381,2026-07-24 06:00:00+03:00,low,block_06_12,,0.1099924614759089,0,0,0,0.0,0.0,0.0
381,2026-07-24 12:00:00+03:00,low,block_12_18,,0.1532691665196087,0,0,0,0.0,0.0,0.0
381,2026-07-24 18:00:00+03:00,low,block_18_24,,0.121613151899269,0,0,0,0.0,0.0,0.0
381,2026-07-25 06:00:00+03:00,low,block_06_12,,0.1074056944266445,0,0,0,0.0,0.0,0.0
381,2026-07-25 12:00:00+03:00,low,block_12_18,,0.1528922716379092,0,0,0,0.0,0.0,0.0
381,2026-07-25 18:00:00+03:00,low,block_18_24,,0.1199135715925164,0,0,0,0.0,0.0,0.0
381,2026-07-26 06:00:00+03:00,low,block_06_12,,0.1074056944266445,0,0,0,0.0,0.0,0.0
381,2026-07-26 12:00:00+03:00,low,block_12_18,,0.1528922716379092,0,0,0,0.0,0.0,0.0
381,2026-07-26 18:00:00+03:00,low,block_18_24,,0.1199135715925164,0,0,0,0.0,0.0,0.0
382,2026-07-20 06:00:00+03:00,low,block_06_12,,0.1300459909725206,0,0,0,0.0,0.0,0.0
382,2026-07-20 12:00:00+03:00,low,block_12_18,,0.1808358659937199,0,0,0,0.0,0.0,0.0
382,2026-07-20 18:00:00+03:00,low,block_18_24,,0.2237524457692627,0,0,0,0.0,0.0,0.0
382,2026-07-21 06:00:00+03:00,low,block_06_12,,0.1099924614759089,0,0,0,0.0,0.0,0.0
382,2026-07-21 12:00:00+03:00,low,block_12_18,,0.1643120470227555,0,0,0,0.0,0.0,0.0
382,2026-07-21 18:00:00+03:00,low,block_18_24,,0.1410412377494125,0,0,0,0.0,0.0,0.0
382,2026-07-22 06:00:00+03:00,low,block_06_12,,0.1099924614759089,0,0,0,0.0,0.0,0.0
382,2026-07-22 12:00:00+03:00,low,block_12_18,,0.1643120470227555,0,0,0,0.0,0.0,0.0
382,2026-07-22 18:00:00+03:00,low,block_18_24,,0.1410412377494125,0,0,0,0.0,0.0,0.0
382,2026-07-23 06:00:00+03:00,low,block_06_12,,0.1099924614759089,0,0,0,0.0,0.0,0.0
382,2026-07-23 12:00:00+03:00,low,block_12_18,,0.2441180841243375,0,0,0,0.0,0.0,0.0
382,2026-07-23 18:00:00+03:00,low,block_18_24,,0.1410412377494125,0,0,0,0.0,0.0,0.0
382,2026-07-24 06:00:00+03:00,low,block_06_12,,0.1099924614759089,0,0,0,0.0,0.0,0.0
382,2026-07-24 12:00:00+03:00,low,block_12_18,,0.1643120470227555,0,0,0,0.0,0.0,0.0
382,2026-07-24 18:00:00+03:00,low,block_18_24,,0.1410412377494125,0,0,0,0.0,0.0,0.0
382,2026-07-25 06:00:00+03:00,low,block_06_12,,0.1074056944266445,0,0,0,0.0,0.0,0.0
382,2026-07-25 12:00:00+03:00,low,block_12_18,,0.1639079972655166,0,0,0,0.0,0.0,0.0
382,2026-07-25 18:00:00+03:00,low,block_18_24,,0.1405987803157801,0,0,0,0.0,0.0,0.0
382,2026-07-26 06:00:00+03:00,low,block_06_12,,0.1074056944266445,0,0,0,0.0,0.0,0.0
382,2026-07-26 12:00:00+03:00,low,block_12_18,,0.1639079972655166,0,0,0,0.0,0.0,0.0
382,2026-07-26 18:00:00+03:00,low,block_18_24,,0.1405987803157801,0,0,0,0.0,0.0,0.0
383,2026-07-20 06:00:00+03:00,low,block_06_12,,0.1523964356765077,0,0,0,0.0,0.0,0.0
383,2026-07-20 12:00:00+03:00,low,block_12_18,,0.1991314704703341,0,0,0,0.0,0.0,0.0
383,2026-07-20 18:00:00+03:00,low,block_18_24,,0.1699468102997255,0,0,0,0.0,0.0,0.0
383,2026-07-21 06:00:00+03:00,low,block_06_12,,0.1413200411653102,0,0,0,0.0,0.0,0.0
383,2026-07-21 12:00:00+03:00,low,block_12_18,,0.1991314704703341,0,0,0,0.0,0.0,0.0
383,2026-07-21 18:00:00+03:00,low,block_18_24,,0.1548253743429996,0,0,0,0.0,0.0,0.0
383,2026-07-22 06:00:00+03:00,low,block_06_12,,0.1413200411653102,0,0,0,0.0,0.0,0.0
383,2026-07-22 12:00:00+03:00,low,block_12_18,,0.1991314704703341,0,0,0,0.0,0.0,0.0
383,2026-07-24 06:00:00+03:00,low,block_06_12,,0.1670851306627538,0,0,0,0.0,0.0,0.0
383,2026-07-24 12:00:00+03:00,low,block_12_18,,0.2191568577081795,0,0,0,0.0,0.0,0.0
383,2026-07-24 18:00:00+03:00,low,block_18_24,,0.247083161154761,0,0,0,0.0,0.0,0.0
383,2026-07-25 06:00:00+03:00,low,block_06_12,,0.1340500204121682,0,0,0,0.0,0.0,0.0
383,2026-07-25 12:00:00+03:00,low,block_12_18,,0.1973450903581444,0,0,0,0.0,0.0,0.0
383,2026-07-25 18:00:00+03:00,low,block_18_24,,0.1521550993472056,0,0,0,0.0,0.0,0.0
383,2026-07-26 06:00:00+03:00,low,block_06_12,,0.1340500204121682,0,0,0,0.0,0.0,0.0
383,2026-07-26 12:00:00+03:00,low,block_12_18,,0.2944059325911807,0,0,0,0.0,0.0,0.0
383,2026-07-26 18:00:00+03:00,low,block_18_24,,0.1521550993472056,0,0,0,0.0,0.0,0.0
39,2026-07-20 00:00:00+03:00,mega,deep_night,,3.545450677639681,1,0,1,0.0,0.0,0.0
39,2026-07-20 03:00:00+03:00,mega,opening,,4.1186861479103305,1,1,2,0.0,0.0,0.0
39,2026-07-20 06:00:00+03:00,mega,early_morning,,3.8282027289530833,2,1,3,0.0,0.0,0.0
39,2026-07-20 09:00:00+03:00,mega,morning,,10.984571951401746,3,2,5,3.0,0.0,3.0
39,2026-07-20 12:00:00+03:00,mega,lunch,,26.550275223254246,3,2,5,3.0,0.0,3.0
39,2026-07-20 15:00:00+03:00,mega,afternoon,,12.73311271979621,2,2,4,3.0,0.0,3.0
39,2026-07-20 18:00:00+03:00,mega,dinner,,12.951831695637615,2,2,4,3.0,0.0,3.0
39,2026-07-20 21:00:00+03:00,mega,late_evening,,3.328853176714297,0,1,1,2.0,0.0,2.0
39,2026-07-21 00:00:00+03:00,mega,deep_night,,4.027178636715351,1,0,1,0.0,0.0,0.0
39,2026-07-21 03:00:00+03:00,mega,opening,,4.2855916819812405,1,1,2,0.0,0.0,0.0
39,2026-07-21 06:00:00+03:00,mega,early_morning,,3.764054963667167,2,1,3,0.0,0.0,0.0
39,2026-07-21 09:00:00+03:00,mega,morning,,11.593281767184884,3,2,5,3.0,0.0,3.0
39,2026-07-21 12:00:00+03:00,mega,lunch,,26.756480465052736,3,2,5,3.0,0.0,3.0
39,2026-07-21 15:00:00+03:00,mega,afternoon,,13.307609647671905,3,2,5,3.0,0.0,3.0
39,2026-07-21 18:00:00+03:00,mega,dinner,,12.46749485110058,2,2,4,3.0,0.0,3.0
39,2026-07-21 21:00:00+03:00,mega,late_evening,,3.338250692492196,0,1,1,2.0,0.0,2.0
39,2026-07-22 00:00:00+03:00,mega,deep_night,,3.7561960050358825,1,0,1,0.0,0.0,0.0
39,2026-07-22 03:00:00+03:00,mega,opening,,4.3829824156691455,1,1,2,0.0,0.0,0.0
39,2026-07-22 06:00:00+03:00,mega,early_morning,,4.488900395344685,2,2,4,0.0,0.0,0.0
39,2026-07-22 09:00:00+03:00,mega,morning,,10.988061578430948,3,2,5,3.0,0.0,3.0
39,2026-07-22 12:00:00+03:00,mega,lunch,,26.56214928764194,3,2,5,4.0,0.0,4.0
39,2026-07-22 15:00:00+03:00,mega,afternoon,,12.739198661716582,3,2,5,4.0,0.0,4.0
39,2026-07-22 18:00:00+03:00,mega,dinner,,11.816592246100884,2,2,4,4.0,0.0,4.0
39,2026-07-22 21:00:00+03:00,mega,late_evening,,5.13141985081371,1,1,2,1.0,0.0,1.0
39,2026-07-23 00:00:00+03:00,mega,deep_night,,3.7605095794351175,1,0,1,0.0,0.0,0.0
39,2026-07-23 03:00:00+03:00,mega,opening,,4.319430021350477,1,1,2,0.0,0.0,0.0
39,2026-07-23 06:00:00+03:00,mega,early_morning,,3.480898543990827,2,1,3,0.0,0.0,0.0
39,2026-07-23 09:00:00+03:00,mega,morning,,10.989750719033088,3,2,5,0.0,0.0,0.0
39,2026-07-23 12:00:00+03:00,mega,lunch,,26.700788044969467,3,2,5,0.0,0.0,0.0
39,2026-07-23 15:00:00+03:00,mega,afternoon,,13.203542303061608,3,2,5,0.0,0.0,0.0
39,2026-07-23 18:00:00+03:00,mega,dinner,,12.955093654940857,2,2,4,0.0,0.0,0.0
39,2026-07-23 21:00:00+03:00,mega,late_evening,,4.9704037362484605,1,1,2,0.0,0.0,0.0
39,2026-07-24 00:00:00+03:00,mega,deep_night,,3.766306539214852,1,0,1,0.0,0.0,0.0
39,2026-07-24 03:00:00+03:00,mega,opening,,4.331910678564132,1,1,2,0.0,0.0,0.0
39,2026-07-24 06:00:00+03:00,mega,early_morning,,4.022391847586602,2,2,4,0.0,0.0,0.0
39,2026-07-24 09:00:00+03:00,mega,morning,,11.628255960241052,3,2,5,0.0,0.0,0.0
39,2026-07-24 12:00:00+03:00,mega,lunch,,27.48342090567286,3,2,5,0.0,0.0,0.0
39,2026-07-24 15:00:00+03:00,mega,afternoon,,12.77956280484294,3,2,5,0.0,0.0,0.0
39,2026-07-24 18:00:00+03:00,mega,dinner,,12.628697759106544,2,2,4,0.0,0.0,0.0
39,2026-07-24 21:00:00+03:00,mega,late_evening,,4.829018627348923,1,1,2,0.0,0.0,0.0
39,2026-07-25 00:00:00+03:00,mega,deep_night,,3.712035032772008,1,0,1,0.0,0.0,0.0
39,2026-07-25 03:00:00+03:00,mega,opening,,3.680326998598468,1,1,2,0.0,0.0,0.0
39,2026-07-25 06:00:00+03:00,mega,early_morning,,3.3606138975738613,2,1,3,0.0,0.0,0.0
39,2026-07-25 09:00:00+03:00,mega,morning,,12.833110046433635,4,2,6,0.0,0.0,0.0
39,2026-07-25 12:00:00+03:00,mega,lunch,,22.26292495924437,2,2,4,0.0,0.0,0.0
39,2026-07-25 15:00:00+03:00,mega,afternoon,,10.582228729927758,2,2,4,0.0,0.0,0.0
39,2026-07-25 18:00:00+03:00,mega,dinner,,9.61441666090382,2,1,3,0.0,0.0,0.0
39,2026-07-25 21:00:00+03:00,mega,late_evening,,4.2668468974965705,0,1,1,0.0,0.0,0.0
39,2026-07-26 00:00:00+03:00,mega,deep_night,,3.6430947064700794,1,0,1,0.0,0.0,0.0
39,2026-07-26 03:00:00+03:00,mega,opening,,3.551800847112464,1,1,2,0.0,0.0,0.0
39,2026-07-26 06:00:00+03:00,mega,early_morning,,3.353823993265341,2,1,3,0.0,0.0,0.0
39,2026-07-26 09:00:00+03:00,mega,morning,,11.890413055813282,3,2,5,0.0,0.0,0.0
39,2026-07-26 12:00:00+03:00,mega,lunch,,24.777690790995496,2,2,4,0.0,0.0,0.0
39,2026-07-26 15:00:00+03:00,mega,afternoon,,11.712773649693515,2,2,4,0.0,0.0,0.0
39,2026-07-26 18:00:00+03:00,mega,dinner,,10.957815385921352,2,2,4,0.0,0.0,0.0
39,2026-07-26 21:00:00+03:00,mega,late_evening,,2.962365476786694,0,1,1,0.0,0.0,0.0
4,2026-07-20 00:00:00+03:00,high,deep_night,,2.829484487288284,0,1,1,0.0,0.0,0.0
4,2026-07-20 03:00:00+03:00,high,opening,,3.199783918513946,0,2,2,0.0,0.0,0.0
4,2026-07-20 06:00:00+03:00,high,early_morning,,3.304171922801348,0,3,3,0.0,0.0,0.0
4,2026-07-20 09:00:00+03:00,high,morning,,8.856683277004363,1,3,4,2.0,3.0,5.0
4,2026-07-20 12:00:00+03:00,high,lunch,,24.13193494513295,1,4,5,2.0,3.0,5.0
4,2026-07-20 15:00:00+03:00,high,afternoon,,11.001481849881465,1,3,4,2.0,3.0,5.0
4,2026-07-20 18:00:00+03:00,high,dinner,,10.926379934089088,1,2,3,2.0,3.0,5.0
4,2026-07-20 21:00:00+03:00,high,late_evening,,5.25382539078995,1,1,2,1.0,2.0,3.0
4,2026-07-21 00:00:00+03:00,high,deep_night,,3.212414742729816,0,1,1,0.0,0.0,0.0
4,2026-07-21 03:00:00+03:00,high,opening,,3.328348781534607,0,2,2,0.0,0.0,0.0
4,2026-07-21 06:00:00+03:00,high,early_morning,,3.267677096328089,0,3,3,0.0,0.0,0.0
4,2026-07-21 09:00:00+03:00,high,morning,,8.878743484893668,1,3,4,2.0,2.0,4.0
4,2026-07-21 12:00:00+03:00,high,lunch,,24.876743600382174,1,4,5,2.0,3.0,5.0
4,2026-07-21 15:00:00+03:00,high,afternoon,,10.79454811953154,1,3,4,2.0,3.0,5.0
4,2026-07-21 18:00:00+03:00,high,dinner,,10.769634785153848,1,2,3,2.0,2.0,4.0
4,2026-07-21 21:00:00+03:00,high,late_evening,,5.633741568529461,1,1,2,1.0,1.0,2.0
4,2026-07-22 00:00:00+03:00,high,deep_night,,2.990672967281104,0,1,1,0.0,0.0,0.0
4,2026-07-22 03:00:00+03:00,high,opening,,3.378505197965099,0,2,2,0.0,0.0,0.0
4,2026-07-22 06:00:00+03:00,high,early_morning,,3.73471453219668,0,3,3,0.0,0.0,0.0
4,2026-07-22 09:00:00+03:00,high,morning,,10.723015858668406,1,4,5,1.0,4.0,5.0
4,2026-07-22 12:00:00+03:00,high,lunch,,24.6220844862398,1,4,5,2.0,4.0,6.0
4,2026-07-22 15:00:00+03:00,high,afternoon,,11.005789296781856,1,3,4,2.0,4.0,6.0
4,2026-07-22 18:00:00+03:00,high,dinner,,9.967465807688647,1,2,3,2.0,3.0,5.0
4,2026-07-22 21:00:00+03:00,high,late_evening,,5.148744093544911,1,1,2,2.0,1.0,3.0
4,2026-07-23 00:00:00+03:00,high,deep_night,,2.994107423398637,0,1,1,0.0,0.0,0.0
4,2026-07-23 03:00:00+03:00,high,opening,,3.347905603404495,0,2,2,0.0,0.0,0.0
4,2026-07-23 06:00:00+03:00,high,early_morning,,3.482817770839066,0,3,3,0.0,0.0,0.0
4,2026-07-23 09:00:00+03:00,high,morning,,9.635881093411747,1,3,4,0.0,0.0,0.0
4,2026-07-23 12:00:00+03:00,high,lunch,,23.93065829527423,1,4,5,0.0,0.0,0.0
4,2026-07-23 15:00:00+03:00,high,afternoon,,10.79363747071622,1,3,4,0.0,0.0,0.0
4,2026-07-23 18:00:00+03:00,high,dinner,,11.607278869608017,1,2,3,0.0,0.0,0.0
4,2026-07-23 21:00:00+03:00,high,late_evening,,5.599828495155868,1,1,2,0.0,0.0,0.0
4,2026-07-24 00:00:00+03:00,high,deep_night,,2.997914372590167,0,1,1,0.0,0.0,0.0
4,2026-07-24 03:00:00+03:00,high,opening,,3.3566737802309143,0,2,2,0.0,0.0,0.0
4,2026-07-24 06:00:00+03:00,high,early_morning,,3.4935754124138745,0,3,3,0.0,0.0,0.0
4,2026-07-24 09:00:00+03:00,high,morning,,10.199866852408633,1,3,4,0.0,0.0,0.0
4,2026-07-24 12:00:00+03:00,high,lunch,,24.08408064135921,1,4,5,0.0,0.0,0.0
4,2026-07-24 15:00:00+03:00,high,afternoon,,10.404268660426968,1,3,4,0.0,0.0,0.0
4,2026-07-24 18:00:00+03:00,high,dinner,,10.48967228714588,1,2,3,0.0,0.0,0.0
4,2026-07-24 21:00:00+03:00,high,late_evening,,5.5659296813304735,1,1,2,0.0,0.0,0.0
4,2026-07-25 00:00:00+03:00,high,deep_night,,2.881905491229021,0,1,1,0.0,0.0,0.0
4,2026-07-25 03:00:00+03:00,high,opening,,2.7228674604758405,0,1,1,0.0,0.0,0.0
4,2026-07-25 06:00:00+03:00,high,early_morning,,2.3214139652761823,0,2,2,0.0,0.0,0.0
4,2026-07-25 09:00:00+03:00,high,morning,,5.113206941164783,0,2,2,0.0,0.0,0.0
4,2026-07-25 12:00:00+03:00,high,lunch,,18.55459931663253,1,3,4,0.0,0.0,0.0
4,2026-07-25 15:00:00+03:00,high,afternoon,,8.689937089938562,0,3,3,0.0,0.0,0.0
4,2026-07-25 18:00:00+03:00,high,dinner,,8.546188631615792,1,2,3,0.0,0.0,0.0
4,2026-07-25 21:00:00+03:00,high,late_evening,,4.858553448590343,1,1,2,0.0,0.0,0.0
4,2026-07-26 00:00:00+03:00,high,deep_night,,2.8527089519660684,0,1,1,0.0,0.0,0.0
4,2026-07-26 03:00:00+03:00,high,opening,,2.657949805549244,0,1,1,0.0,0.0,0.0
4,2026-07-26 06:00:00+03:00,high,early_morning,,2.1666120084057887,0,2,2,0.0,0.0,0.0
4,2026-07-26 09:00:00+03:00,high,morning,,5.04703931330788,0,2,2,0.0,0.0,0.0
4,2026-07-26 12:00:00+03:00,high,lunch,,17.802582690277806,1,3,4,0.0,0.0,0.0
4,2026-07-26 15:00:00+03:00,high,afternoon,,8.08916098498408,0,3,3,0.0,0.0,0.0
4,2026-07-26 18:00:00+03:00,high,dinner,,8.678178376327093,1,2,3,0.0,0.0,0.0
4,2026-07-26 21:00:00+03:00,high,late_evening,,4.851236180542861,1,1,2,0.0,0.0,0.0
40,2026-07-20 06:00:00+03:00,medium,block_06_12,,1.5528808971563757,0,1,1,0.0,0.0,0.0
40,2026-07-20 12:00:00+03:00,medium,block_12_18,,1.7400106342557982,0,1,1,0.0,0.0,0.0
40,2026-07-20 18:00:00+03:00,medium,block_18_24,,0.3921941612733055,0,0,0,0.0,0.0,0.0
40,2026-07-21 06:00:00+03:00,medium,block_06_12,,1.4083264396838029,0,1,1,0.0,0.0,0.0
40,2026-07-21 12:00:00+03:00,medium,block_12_18,,1.6012193147203695,0,1,1,0.0,0.0,0.0
40,2026-07-21 18:00:00+03:00,medium,block_18_24,,0.3611984697677493,0,0,0,0.0,0.0,0.0
40,2026-07-22 06:00:00+03:00,medium,block_06_12,,1.4083264396838029,0,1,1,0.0,0.0,0.0
40,2026-07-22 12:00:00+03:00,medium,block_12_18,,1.6012193147203695,0,1,1,0.0,0.0,0.0
40,2026-07-22 18:00:00+03:00,medium,block_18_24,,0.3611984697677493,0,0,0,0.0,0.0,0.0
40,2026-07-23 06:00:00+03:00,medium,block_06_12,,1.4083264396838029,0,1,1,0.0,0.0,0.0
40,2026-07-23 12:00:00+03:00,medium,block_12_18,,1.6012193147203695,0,1,1,0.0,0.0,0.0
40,2026-07-23 18:00:00+03:00,medium,block_18_24,,0.3611984697677493,0,0,0,0.0,0.0,0.0
40,2026-07-24 06:00:00+03:00,medium,block_06_12,,1.4083264396838029,0,1,1,0.0,0.0,0.0
40,2026-07-24 12:00:00+03:00,medium,block_12_18,,1.6012193147203695,0,1,1,0.0,0.0,0.0
40,2026-07-24 18:00:00+03:00,medium,block_18_24,,0.3611984697677493,0,0,0,0.0,0.0,0.0
40,2026-07-25 06:00:00+03:00,medium,block_06_12,,1.2864258312650831,0,1,1,0.0,0.0,0.0
40,2026-07-25 12:00:00+03:00,medium,block_12_18,,1.4857103954278092,0,1,1,0.0,0.0,0.0
40,2026-07-25 18:00:00+03:00,medium,block_18_24,,0.3488454334761967,0,0,0,0.0,0.0,0.0
40,2026-07-26 06:00:00+03:00,medium,block_06_12,,1.2864258312650831,0,1,1,0.0,0.0,0.0
40,2026-07-26 12:00:00+03:00,medium,block_12_18,,1.4857103954278092,0,1,1,0.0,0.0,0.0
40,2026-07-26 18:00:00+03:00,medium,block_18_24,,0.3488454334761967,0,0,0,0.0,0.0,0.0
41,2026-07-20 06:00:00+03:00,low,block_06_12,,0.1393653593033144,0,0,0,0.0,0.0,0.0
41,2026-07-20 12:00:00+03:00,low,block_12_18,,0.1896413738858458,0,0,0,0.0,0.0,0.0
41,2026-07-20 18:00:00+03:00,low,block_18_24,,0.1393794944886536,0,0,0,0.0,0.0,0.0
41,2026-07-21 06:00:00+03:00,low,block_06_12,,0.1393653593033144,0,0,0,0.0,0.0,0.0
41,2026-07-21 12:00:00+03:00,low,block_12_18,,0.1896413738858458,0,0,0,0.0,0.0,0.0
41,2026-07-21 18:00:00+03:00,low,block_18_24,,0.1393794944886536,0,0,0,0.0,0.0,0.0
41,2026-07-22 06:00:00+03:00,low,block_06_12,,0.1393653593033144,0,0,0,0.0,0.0,0.0
41,2026-07-22 12:00:00+03:00,low,block_12_18,,0.1896413738858458,0,0,0,0.0,0.0,0.0
41,2026-07-22 18:00:00+03:00,low,block_18_24,,0.1393794944886536,0,0,0,0.0,0.0,0.0
41,2026-07-23 06:00:00+03:00,low,block_06_12,,0.2201850216918635,0,0,0,0.0,0.0,0.0
41,2026-07-23 12:00:00+03:00,low,block_12_18,,0.1896413738858458,0,0,0,0.0,0.0,0.0
41,2026-07-23 18:00:00+03:00,low,block_18_24,,0.1393794944886536,0,0,0,0.0,0.0,0.0
41,2026-07-24 06:00:00+03:00,low,block_06_12,,0.1393653593033144,0,0,0,0.0,0.0,0.0
41,2026-07-24 12:00:00+03:00,low,block_12_18,,0.1896413738858458,0,0,0,0.0,0.0,0.0
41,2026-07-24 18:00:00+03:00,low,block_18_24,,0.1393794944886536,0,0,0,0.0,0.0,0.0
41,2026-07-25 06:00:00+03:00,low,block_06_12,,0.1359042979075661,0,0,0,0.0,0.0,0.0
41,2026-07-25 12:00:00+03:00,low,block_12_18,,0.1889199390546654,0,0,0,0.0,0.0,0.0
41,2026-07-25 18:00:00+03:00,low,block_18_24,,0.1376897262784072,0,0,0,0.0,0.0,0.0
41,2026-07-26 06:00:00+03:00,low,block_06_12,,0.1359042979075661,0,0,0,0.0,0.0,0.0
41,2026-07-26 12:00:00+03:00,low,block_12_18,,0.1889199390546654,0,0,0,0.0,0.0,0.0
41,2026-07-26 18:00:00+03:00,low,block_18_24,,0.2155548630320279,0,0,0,0.0,0.0,0.0
416,2026-07-20 12:00:00+03:00,low,block_12_18,,0.1567414781562841,0,0,0,0.0,0.0,0.0
416,2026-07-20 18:00:00+03:00,low,block_18_24,,0.1336955393919236,0,0,0,0.0,0.0,0.0
416,2026-07-21 12:00:00+03:00,low,block_12_18,,0.1424192761082361,0,0,0,0.0,0.0,0.0
416,2026-07-21 18:00:00+03:00,low,block_18_24,,0.1229948176282724,0,0,0,0.0,0.0,0.0
416,2026-07-22 12:00:00+03:00,low,block_12_18,,0.1424192761082361,0,0,0,0.0,0.0,0.0
416,2026-07-22 18:00:00+03:00,low,block_18_24,,0.1229948176282724,0,0,0,0.0,0.0,0.0
416,2026-07-23 12:00:00+03:00,low,block_12_18,,0.1424192761082361,0,0,0,0.0,0.0,0.0
416,2026-07-23 18:00:00+03:00,low,block_18_24,,0.1229948176282724,0,0,0,0.0,0.0,0.0
416,2026-07-24 12:00:00+03:00,low,block_12_18,,0.1424192761082361,0,0,0,0.0,0.0,0.0
416,2026-07-24 18:00:00+03:00,low,block_18_24,,0.1229948176282724,0,0,0,0.0,0.0,0.0
416,2026-07-25 12:00:00+03:00,low,block_12_18,,0.1419303257689284,0,0,0,0.0,0.0,0.0
416,2026-07-25 18:00:00+03:00,low,block_18_24,,0.1226227167775425,0,0,0,0.0,0.0,0.0
416,2026-07-26 12:00:00+03:00,low,block_12_18,,0.1419303257689284,0,0,0,0.0,0.0,0.0
416,2026-07-26 18:00:00+03:00,low,block_18_24,,0.1226227167775425,0,0,0,0.0,0.0,0.0
422,2026-07-20 06:00:00+03:00,low,block_06_12,,0.1324376993444426,0,0,0,0.0,0.0,0.0
422,2026-07-20 12:00:00+03:00,low,block_12_18,,0.2359671113958813,0,0,0,0.0,0.0,0.0
422,2026-07-20 18:00:00+03:00,low,block_18_24,,0.1664891633846205,0,0,0,0.0,0.0,0.0
422,2026-07-21 06:00:00+03:00,low,block_06_12,,0.12281193480748,0,0,0,0.0,0.0,0.0
422,2026-07-21 12:00:00+03:00,low,block_12_18,,0.2144056926453424,0,0,0,0.0,0.0,0.0
422,2026-07-21 18:00:00+03:00,low,block_18_24,,0.1516753800769529,0,0,0,0.0,0.0,0.0
422,2026-07-22 06:00:00+03:00,low,block_06_12,,0.1970000018942108,0,0,0,0.0,0.0,0.0
422,2026-07-22 12:00:00+03:00,low,block_12_18,,0.2144056926453424,0,0,0,0.0,0.0,0.0
422,2026-07-22 18:00:00+03:00,low,block_18_24,,0.1516753800769529,0,0,0,0.0,0.0,0.0
422,2026-07-23 06:00:00+03:00,low,block_06_12,,0.12281193480748,0,0,0,0.0,0.0,0.0
422,2026-07-23 12:00:00+03:00,low,block_12_18,,0.2144056926453424,0,0,0,0.0,0.0,0.0
422,2026-07-23 18:00:00+03:00,low,block_18_24,,0.1516753800769529,0,0,0,0.0,0.0,0.0
422,2026-07-24 06:00:00+03:00,low,block_06_12,,0.12281193480748,0,0,0,0.0,0.0,0.0
422,2026-07-24 12:00:00+03:00,low,block_12_18,,0.2144056926453424,0,0,0,0.0,0.0,0.0
422,2026-07-24 18:00:00+03:00,low,block_18_24,,0.1516753800769529,0,0,0,0.0,0.0,0.0
422,2026-07-25 06:00:00+03:00,low,block_06_12,,0.1164940388641899,0,0,0,0.0,0.0,0.0
422,2026-07-25 12:00:00+03:00,low,block_12_18,,0.2124822896574709,0,0,0,0.0,0.0,0.0
422,2026-07-25 18:00:00+03:00,low,block_18_24,,0.1498365426176024,0,0,0,0.0,0.0,0.0
422,2026-07-26 06:00:00+03:00,low,block_06_12,,0.1890504680970151,0,0,0,0.0,0.0,0.0
422,2026-07-26 12:00:00+03:00,low,block_12_18,,0.2124822896574709,0,0,0,0.0,0.0,0.0
422,2026-07-26 18:00:00+03:00,low,block_18_24,,0.1498365426176024,0,0,0,0.0,0.0,0.0
423,2026-07-20 06:00:00+03:00,low,block_06_12,,0.0876891842473731,0,0,0,0.0,0.0,0.0
423,2026-07-20 12:00:00+03:00,low,block_12_18,,0.1626582113903392,0,0,0,0.0,0.0,0.0
423,2026-07-20 18:00:00+03:00,low,block_18_24,,0.1322960938246798,0,0,0,0.0,0.0,0.0
423,2026-07-21 06:00:00+03:00,low,block_06_12,,0.0741672169057571,0,0,0,0.0,0.0,0.0
423,2026-07-21 12:00:00+03:00,low,block_12_18,,0.1477953697500191,0,0,0,0.0,0.0,0.0
423,2026-07-21 18:00:00+03:00,low,block_18_24,,0.1205247230848187,0,0,0,0.0,0.0,0.0
423,2026-07-22 06:00:00+03:00,low,block_06_12,,0.0741672169057571,0,0,0,0.0,0.0,0.0
423,2026-07-22 12:00:00+03:00,low,block_12_18,,0.1477953697500191,0,0,0,0.0,0.0,0.0
423,2026-07-22 18:00:00+03:00,low,block_18_24,,0.1205247230848187,0,0,0,0.0,0.0,0.0
423,2026-07-23 06:00:00+03:00,low,block_06_12,,0.0741672169057571,0,0,0,0.0,0.0,0.0
423,2026-07-23 12:00:00+03:00,low,block_12_18,,0.1477953697500191,0,0,0,0.0,0.0,0.0
423,2026-07-23 18:00:00+03:00,low,block_18_24,,0.1205247230848187,0,0,0,0.0,0.0,0.0
423,2026-07-24 06:00:00+03:00,low,block_06_12,,0.0741672169057571,0,0,0,0.0,0.0,0.0
423,2026-07-24 12:00:00+03:00,low,block_12_18,,0.1477953697500191,0,0,0,0.0,0.0,0.0
423,2026-07-24 18:00:00+03:00,low,block_18_24,,0.1205247230848187,0,0,0,0.0,0.0,0.0
423,2026-07-25 06:00:00+03:00,low,block_06_12,,0.070446779763134,0,0,0,0.0,0.0,0.0
423,2026-07-25 12:00:00+03:00,low,block_12_18,,0.1474319351489015,0,0,0,0.0,0.0,0.0
423,2026-07-25 18:00:00+03:00,low,block_18_24,,0.119224312742392,0,0,0,0.0,0.0,0.0
423,2026-07-26 06:00:00+03:00,low,block_06_12,,0.070446779763134,0,0,0,0.0,0.0,0.0
423,2026-07-26 12:00:00+03:00,low,block_12_18,,0.1474319351489015,0,0,0,0.0,0.0,0.0
423,2026-07-26 18:00:00+03:00,low,block_18_24,,0.119224312742392,0,0,0,0.0,0.0,0.0
425,2026-07-20 06:00:00+03:00,low,block_06_12,,0.1901932213796924,0,0,0,0.0,0.0,0.0
425,2026-07-20 12:00:00+03:00,low,block_12_18,,0.2243519506175396,0,0,0,0.0,0.0,0.0
425,2026-07-20 18:00:00+03:00,low,block_18_24,,0.141158156977963,0,0,0,0.0,0.0,0.0
425,2026-07-21 06:00:00+03:00,low,block_06_12,,0.160864786520065,0,0,0,0.0,0.0,0.0
425,2026-07-21 12:00:00+03:00,low,block_12_18,,0.2038518634395032,0,0,0,0.0,0.0,0.0
425,2026-07-21 18:00:00+03:00,low,block_18_24,,0.1285982623453587,0,0,0,0.0,0.0,0.0
425,2026-07-22 06:00:00+03:00,low,block_06_12,,0.160864786520065,0,0,0,0.0,0.0,0.0
425,2026-07-22 12:00:00+03:00,low,block_12_18,,0.2038518634395032,0,0,0,0.0,0.0,0.0
425,2026-07-22 18:00:00+03:00,low,block_18_24,,0.1285982623453587,0,0,0,0.0,0.0,0.0
425,2026-07-23 06:00:00+03:00,low,block_06_12,,0.160864786520065,0,0,0,0.0,0.0,0.0
425,2026-07-23 12:00:00+03:00,low,block_12_18,,0.2038518634395032,0,0,0,0.0,0.0,0.0
425,2026-07-23 18:00:00+03:00,low,block_18_24,,0.1285982623453587,0,0,0,0.0,0.0,0.0
425,2026-07-24 06:00:00+03:00,low,block_06_12,,0.160864786520065,0,0,0,0.0,0.0,0.0
425,2026-07-24 12:00:00+03:00,low,block_12_18,,0.2038518634395032,0,0,0,0.0,0.0,0.0
425,2026-07-24 18:00:00+03:00,low,block_18_24,,0.1285982623453587,0,0,0,0.0,0.0,0.0
425,2026-07-25 06:00:00+03:00,low,block_06_12,,0.1540850362869871,0,0,0,0.0,0.0,0.0
425,2026-07-25 12:00:00+03:00,low,block_12_18,,0.2020231373530588,0,0,0,0.0,0.0,0.0
425,2026-07-25 18:00:00+03:00,low,block_18_24,,0.1266300739826731,0,0,0,0.0,0.0,0.0
425,2026-07-26 06:00:00+03:00,low,block_06_12,,0.1540850362869871,0,0,0,0.0,0.0,0.0
425,2026-07-26 12:00:00+03:00,low,block_12_18,,0.2020231373530588,0,0,0,0.0,0.0,0.0
425,2026-07-26 18:00:00+03:00,low,block_18_24,,0.1266300739826731,0,0,0,0.0,0.0,0.0
427,2026-07-20 06:00:00+03:00,low,block_06_12,,0.1275053517238791,0,0,0,0.0,0.0,0.0
427,2026-07-20 12:00:00+03:00,low,block_12_18,,0.1686824731352209,0,0,0,0.0,0.0,0.0
427,2026-07-20 18:00:00+03:00,low,block_18_24,,0.1334908269621845,0,0,0,0.0,0.0,0.0
427,2026-07-21 06:00:00+03:00,low,block_06_12,,0.1078435973502979,0,0,0,0.0,0.0,0.0
427,2026-07-21 12:00:00+03:00,low,block_12_18,,0.1532691665196087,0,0,0,0.0,0.0,0.0
427,2026-07-21 18:00:00+03:00,low,block_18_24,,0.121613151899269,0,0,0,0.0,0.0,0.0
427,2026-07-22 06:00:00+03:00,low,block_06_12,,0.1078435973502979,0,0,0,0.0,0.0,0.0
427,2026-07-22 12:00:00+03:00,low,block_12_18,,0.1532691665196087,0,0,0,0.0,0.0,0.0
427,2026-07-22 18:00:00+03:00,low,block_18_24,,0.121613151899269,0,0,0,0.0,0.0,0.0
427,2026-07-23 06:00:00+03:00,low,block_06_12,,0.1078435973502979,0,0,0,0.0,0.0,0.0
427,2026-07-23 12:00:00+03:00,low,block_12_18,,0.1532691665196087,0,0,0,0.0,0.0,0.0
427,2026-07-23 18:00:00+03:00,low,block_18_24,,0.121613151899269,0,0,0,0.0,0.0,0.0
427,2026-07-24 06:00:00+03:00,low,block_06_12,,0.1078435973502979,0,0,0,0.0,0.0,0.0
427,2026-07-24 12:00:00+03:00,low,block_12_18,,0.1532691665196087,0,0,0,0.0,0.0,0.0
427,2026-07-24 18:00:00+03:00,low,block_18_24,,0.121613151899269,0,0,0,0.0,0.0,0.0
427,2026-07-25 06:00:00+03:00,low,block_06_12,,0.1044802012923708,0,0,0,0.0,0.0,0.0
427,2026-07-25 12:00:00+03:00,low,block_12_18,,0.1528922716379092,0,0,0,0.0,0.0,0.0
427,2026-07-25 18:00:00+03:00,low,block_18_24,,0.1199135715925164,0,0,0,0.0,0.0,0.0
427,2026-07-26 06:00:00+03:00,low,block_06_12,,0.1044802012923708,0,0,0,0.0,0.0,0.0
427,2026-07-26 12:00:00+03:00,low,block_12_18,,0.1528922716379092,0,0,0,0.0,0.0,0.0
427,2026-07-26 18:00:00+03:00,low,block_18_24,,0.1199135715925164,0,0,0,0.0,0.0,0.0
43,2026-07-20 06:00:00+03:00,low,block_06_12,,0.1633086561277517,0,0,0,0.0,0.0,0.0
43,2026-07-20 12:00:00+03:00,low,block_12_18,,0.3959013928451431,0,0,0,0.0,0.0,0.0
43,2026-07-20 18:00:00+03:00,low,block_18_24,,0.3725666681684957,0,0,0,0.0,0.0,0.0
43,2026-07-21 06:00:00+03:00,low,block_06_12,,0.1401475789148269,0,0,0,0.0,0.0,0.0
43,2026-07-21 12:00:00+03:00,low,block_12_18,,0.3717830806761953,0,0,0,0.0,0.0,0.0
43,2026-07-21 18:00:00+03:00,low,block_18_24,,0.3507929648936964,0,0,0,0.0,0.0,0.0
43,2026-07-22 06:00:00+03:00,low,block_06_12,,0.1401475789148269,0,0,0,0.0,0.0,0.0
43,2026-07-22 12:00:00+03:00,low,block_12_18,,0.3717830806761953,0,0,0,0.0,0.0,0.0
43,2026-07-22 18:00:00+03:00,low,block_18_24,,0.3507929648936964,0,0,0,0.0,0.0,0.0
43,2026-07-23 06:00:00+03:00,low,block_06_12,,0.1401475789148269,0,0,0,0.0,0.0,0.0
43,2026-07-23 12:00:00+03:00,low,block_12_18,,0.3717830806761953,0,0,0,0.0,0.0,0.0
43,2026-07-23 18:00:00+03:00,low,block_18_24,,0.3507929648936964,0,0,0,0.0,0.0,0.0
43,2026-07-24 06:00:00+03:00,low,block_06_12,,0.1401475789148269,0,0,0,0.0,0.0,0.0
43,2026-07-24 12:00:00+03:00,low,block_12_18,,0.3717830806761953,0,0,0,0.0,0.0,0.0
43,2026-07-24 18:00:00+03:00,low,block_18_24,,0.3507929648936964,0,0,0,0.0,0.0,0.0
43,2026-07-25 06:00:00+03:00,low,block_06_12,,0.1322484073180251,0,0,0,0.0,0.0,0.0
43,2026-07-25 12:00:00+03:00,low,block_12_18,,0.3514367984888468,0,0,0,0.0,0.0,0.0
43,2026-07-25 18:00:00+03:00,low,block_18_24,,0.339254436893631,0,0,0,0.0,0.0,0.0
43,2026-07-26 06:00:00+03:00,low,block_06_12,,0.1322484073180251,0,0,0,0.0,0.0,0.0
43,2026-07-26 12:00:00+03:00,low,block_12_18,,0.3514367984888468,0,0,0,0.0,0.0,0.0
43,2026-07-26 18:00:00+03:00,low,block_18_24,,0.339254436893631,0,0,0,0.0,0.0,0.0
432,2026-07-20 12:00:00+03:00,low,block_12_18,,0.1564601902838366,0,0,0,0.0,0.0,0.0
432,2026-07-20 18:00:00+03:00,low,block_18_24,,0.1193762819509071,0,0,0,0.0,0.0,0.0
432,2026-07-21 12:00:00+03:00,low,block_12_18,,0.14736076126119,0,0,0,0.0,0.0,0.0
432,2026-07-21 18:00:00+03:00,low,block_18_24,,0.1098216447195844,0,0,0,0.0,0.0,0.0
432,2026-07-22 12:00:00+03:00,low,block_12_18,,0.14736076126119,0,0,0,0.0,0.0,0.0
432,2026-07-22 18:00:00+03:00,low,block_18_24,,0.1098216447195844,0,0,0,0.0,0.0,0.0
432,2026-07-23 12:00:00+03:00,low,block_12_18,,0.14736076126119,0,0,0,0.0,0.0,0.0
432,2026-07-23 18:00:00+03:00,low,block_18_24,,0.1098216447195844,0,0,0,0.0,0.0,0.0
432,2026-07-24 12:00:00+03:00,low,block_12_18,,0.14736076126119,0,0,0,0.0,0.0,0.0
432,2026-07-24 18:00:00+03:00,low,block_18_24,,0.1098216447195844,0,0,0,0.0,0.0,0.0
432,2026-07-25 12:00:00+03:00,low,block_12_18,,0.1468548459371678,0,0,0,0.0,0.0,0.0
432,2026-07-25 18:00:00+03:00,low,block_18_24,,0.1094893971646329,0,0,0,0.0,0.0,0.0
432,2026-07-26 12:00:00+03:00,low,block_12_18,,0.1468548459371678,0,0,0,0.0,0.0,0.0
432,2026-07-26 18:00:00+03:00,low,block_18_24,,0.1094893971646329,0,0,0,0.0,0.0,0.0
434,2026-07-20 06:00:00+03:00,medium,block_06_12,,7.836531142151568,2,0,2,3.0,0.0,3.0
434,2026-07-20 12:00:00+03:00,medium,block_12_18,,20.81054372432285,4,0,4,3.0,0.0,3.0
434,2026-07-20 18:00:00+03:00,medium,block_18_24,,9.134087949103284,2,0,2,3.0,0.0,3.0
434,2026-07-21 06:00:00+03:00,medium,block_06_12,,7.836531142151568,2,0,2,4.0,0.0,4.0
434,2026-07-21 12:00:00+03:00,medium,block_12_18,,18.072628608810792,3,0,3,4.0,0.0,4.0
434,2026-07-21 18:00:00+03:00,medium,block_18_24,,11.52145572569435,2,0,2,3.0,0.0,3.0
434,2026-07-22 06:00:00+03:00,medium,block_06_12,,6.831517355831077,2,0,2,3.0,0.0,3.0
434,2026-07-22 12:00:00+03:00,medium,block_12_18,,17.305577073046933,3,0,3,4.0,0.0,4.0
434,2026-07-22 18:00:00+03:00,medium,block_18_24,,9.134087949103284,2,0,2,3.0,0.0,3.0
434,2026-07-23 06:00:00+03:00,medium,block_06_12,,7.55081146730719,2,0,2,0.0,0.0,0.0
434,2026-07-23 12:00:00+03:00,medium,block_12_18,,19.52005143026327,3,0,3,0.0,0.0,0.0
434,2026-07-23 18:00:00+03:00,medium,block_18_24,,9.134087949103284,2,0,2,0.0,0.0,0.0
434,2026-07-24 06:00:00+03:00,medium,block_06_12,,6.831517355831077,2,0,2,0.0,0.0,0.0
434,2026-07-24 12:00:00+03:00,medium,block_12_18,,18.402232471729835,3,0,3,0.0,0.0,0.0
434,2026-07-24 18:00:00+03:00,medium,block_18_24,,8.820886125788132,2,0,2,0.0,0.0,0.0
434,2026-07-25 06:00:00+03:00,medium,block_06_12,,10.020240689867045,2,0,2,0.0,0.0,0.0
434,2026-07-25 12:00:00+03:00,medium,block_12_18,,18.79051685449289,3,0,3,0.0,0.0,0.0
434,2026-07-25 18:00:00+03:00,medium,block_18_24,,11.274256229469996,2,0,2,0.0,0.0,0.0
434,2026-07-26 06:00:00+03:00,medium,block_06_12,,10.020240689867045,2,0,2,0.0,0.0,0.0
434,2026-07-26 12:00:00+03:00,medium,block_12_18,,18.79051685449289,3,0,3,0.0,0.0,0.0
434,2026-07-26 18:00:00+03:00,medium,block_18_24,,8.519446774080594,2,0,2,0.0,0.0,0.0
436,2026-07-20 06:00:00+03:00,low,block_06_12,,0.1086251496991599,0,0,0,0.0,0.0,0.0
436,2026-07-20 12:00:00+03:00,low,block_12_18,,0.2484360223147592,0,0,0,0.0,0.0,0.0
436,2026-07-20 18:00:00+03:00,low,block_18_24,,0.2100751495383362,0,0,0,0.0,0.0,0.0
436,2026-07-21 06:00:00+03:00,low,block_06_12,,0.0927708719651713,0,0,0,0.0,0.0,0.0
436,2026-07-21 12:00:00+03:00,low,block_12_18,,0.2257352608477938,0,0,0,0.0,0.0,0.0
436,2026-07-21 18:00:00+03:00,low,block_18_24,,0.1913831957779736,0,0,0,0.0,0.0,0.0
436,2026-07-22 06:00:00+03:00,low,block_06_12,,0.0927708719651713,0,0,0,0.0,0.0,0.0
436,2026-07-22 12:00:00+03:00,low,block_12_18,,0.2141899484385366,0,0,0,0.0,0.0,0.0
436,2026-07-22 18:00:00+03:00,low,block_18_24,,0.1913831957779736,0,0,0,0.0,0.0,0.0
436,2026-07-23 06:00:00+03:00,low,block_06_12,,0.0927708719651713,0,0,0,0.0,0.0,0.0
436,2026-07-23 12:00:00+03:00,low,block_12_18,,0.2257352608477938,0,0,0,0.0,0.0,0.0
436,2026-07-23 18:00:00+03:00,low,block_18_24,,0.1913831957779736,0,0,0,0.0,0.0,0.0
436,2026-07-24 06:00:00+03:00,low,block_06_12,,0.0927708719651713,0,0,0,0.0,0.0,0.0
436,2026-07-24 12:00:00+03:00,low,block_12_18,,0.2257352608477938,0,0,0,0.0,0.0,0.0
436,2026-07-24 18:00:00+03:00,low,block_18_24,,0.1913831957779736,0,0,0,0.0,0.0,0.0
436,2026-07-25 06:00:00+03:00,low,block_06_12,,0.0879983983732273,0,0,0,0.0,0.0,0.0
436,2026-07-25 12:00:00+03:00,low,block_12_18,,0.2226332285564357,0,0,0,0.0,0.0,0.0
436,2026-07-25 18:00:00+03:00,low,block_18_24,,0.1886356112075716,0,0,0,0.0,0.0,0.0
436,2026-07-26 06:00:00+03:00,low,block_06_12,,0.0879983983732273,0,0,0,0.0,0.0,0.0
436,2026-07-26 12:00:00+03:00,low,block_12_18,,0.2226332285564357,0,0,0,0.0,0.0,0.0
436,2026-07-26 18:00:00+03:00,low,block_18_24,,0.1886356112075716,0,0,0,0.0,0.0,0.0
437,2026-07-20 12:00:00+03:00,low,block_12_18,,0.1770189105482209,0,0,0,0.0,0.0,0.0
437,2026-07-20 18:00:00+03:00,low,block_18_24,,0.204401062414374,0,0,0,0.0,0.0,0.0
437,2026-07-21 12:00:00+03:00,low,block_12_18,,0.1608438646508672,0,0,0,0.0,0.0,0.0
437,2026-07-21 18:00:00+03:00,low,block_18_24,,0.1880412129606153,0,0,0,0.0,0.0,0.0
437,2026-07-23 12:00:00+03:00,low,block_12_18,,0.1701702791916779,0,0,0,0.0,0.0,0.0
437,2026-07-23 18:00:00+03:00,low,block_18_24,,0.204401062414374,0,0,0,0.0,0.0,0.0
437,2026-07-24 12:00:00+03:00,low,block_12_18,,0.1608438646508672,0,0,0,0.0,0.0,0.0
437,2026-07-24 18:00:00+03:00,low,block_18_24,,0.1880412129606153,0,0,0,0.0,0.0,0.0
437,2026-07-25 12:00:00+03:00,low,block_12_18,,0.1602916594694785,0,0,0,0.0,0.0,0.0
437,2026-07-25 18:00:00+03:00,low,block_18_24,,0.1879784248450863,0,0,0,0.0,0.0,0.0
437,2026-07-26 12:00:00+03:00,low,block_12_18,,0.1602916594694785,0,0,0,0.0,0.0,0.0
437,2026-07-26 18:00:00+03:00,low,block_18_24,,0.1879784248450863,0,0,0,0.0,0.0,0.0
438,2026-07-20 12:00:00+03:00,low,block_12_18,,0.1710123747317825,0,0,0,0.0,0.0,0.0
438,2026-07-20 18:00:00+03:00,low,block_18_24,,0.1787060745002946,0,0,0,0.0,0.0,0.0
438,2026-07-21 12:00:00+03:00,low,block_12_18,,0.1553861741087224,0,0,0,0.0,0.0,0.0
438,2026-07-21 18:00:00+03:00,low,block_18_24,,0.1644028001397627,0,0,0,0.0,0.0,0.0
438,2026-07-23 12:00:00+03:00,low,block_12_18,,0.164396128431781,0,0,0,0.0,0.0,0.0
438,2026-07-23 18:00:00+03:00,low,block_18_24,,0.1787060745002946,0,0,0,0.0,0.0,0.0
438,2026-07-24 12:00:00+03:00,low,block_12_18,,0.1553861741087224,0,0,0,0.0,0.0,0.0
438,2026-07-24 18:00:00+03:00,low,block_18_24,,0.1644028001397627,0,0,0,0.0,0.0,0.0
438,2026-07-25 12:00:00+03:00,low,block_12_18,,0.1548527061356339,0,0,0,0.0,0.0,0.0
438,2026-07-25 18:00:00+03:00,low,block_18_24,,0.1643479050354079,0,0,0,0.0,0.0,0.0
438,2026-07-26 12:00:00+03:00,low,block_12_18,,0.1548527061356339,0,0,0,0.0,0.0,0.0
438,2026-07-26 18:00:00+03:00,low,block_18_24,,0.1643479050354079,0,0,0,0.0,0.0,0.0
439,2026-07-20 12:00:00+03:00,low,block_12_18,,0.1681864438288545,0,0,0,0.0,0.0,0.0
439,2026-07-20 18:00:00+03:00,low,block_18_24,,0.1711738627558333,0,0,0,0.0,0.0,0.0
439,2026-07-21 12:00:00+03:00,low,block_12_18,,0.1528184617312391,0,0,0,0.0,0.0,0.0
439,2026-07-21 18:00:00+03:00,low,block_18_24,,0.1574734514564699,0,0,0,0.0,0.0,0.0
439,2026-07-23 12:00:00+03:00,low,block_12_18,,0.1616795291190954,0,0,0,0.0,0.0,0.0
439,2026-07-23 18:00:00+03:00,low,block_18_24,,0.1711738627558333,0,0,0,0.0,0.0,0.0
439,2026-07-24 12:00:00+03:00,low,block_12_18,,0.1528184617312391,0,0,0,0.0,0.0,0.0
439,2026-07-24 18:00:00+03:00,low,block_18_24,,0.1574734514564699,0,0,0,0.0,0.0,0.0
439,2026-07-25 12:00:00+03:00,low,block_12_18,,0.1522938091648325,0,0,0,0.0,0.0,0.0
439,2026-07-25 18:00:00+03:00,low,block_18_24,,0.1574208701041848,0,0,0,0.0,0.0,0.0
439,2026-07-26 12:00:00+03:00,low,block_12_18,,0.1522938091648325,0,0,0,0.0,0.0,0.0
439,2026-07-26 18:00:00+03:00,low,block_18_24,,0.1574208701041848,0,0,0,0.0,0.0,0.0
44,2026-07-20 06:00:00+03:00,low,block_06_12,,0.1598092039477096,0,0,0,0.0,0.0,0.0
44,2026-07-20 12:00:00+03:00,low,block_12_18,,0.3691754897324122,0,0,0,0.0,0.0,0.0
44,2026-07-20 18:00:00+03:00,low,block_18_24,,0.3573659966454378,0,0,0,0.0,0.0,0.0
44,2026-07-21 06:00:00+03:00,low,block_06_12,,0.137144432834331,0,0,0,0.0,0.0,0.0
44,2026-07-21 12:00:00+03:00,low,block_12_18,,0.346685319534973,0,0,0,0.0,0.0,0.0
44,2026-07-21 18:00:00+03:00,low,block_18_24,,0.3364806576275586,0,0,0,0.0,0.0,0.0
44,2026-07-22 06:00:00+03:00,low,block_06_12,,0.137144432834331,0,0,0,0.0,0.0,0.0
44,2026-07-22 12:00:00+03:00,low,block_12_18,,0.346685319534973,0,0,0,0.0,0.0,0.0
44,2026-07-22 18:00:00+03:00,low,block_18_24,,0.3364806576275586,0,0,0,0.0,0.0,0.0
44,2026-07-23 06:00:00+03:00,low,block_06_12,,0.137144432834331,0,0,0,0.0,0.0,0.0
44,2026-07-23 12:00:00+03:00,low,block_12_18,,0.346685319534973,0,0,0,0.0,0.0,0.0
44,2026-07-23 18:00:00+03:00,low,block_18_24,,0.3364806576275586,0,0,0,0.0,0.0,0.0
44,2026-07-24 06:00:00+03:00,low,block_06_12,,0.137144432834331,0,0,0,0.0,0.0,0.0
44,2026-07-24 12:00:00+03:00,low,block_12_18,,0.346685319534973,0,0,0,0.0,0.0,0.0
44,2026-07-24 18:00:00+03:00,low,block_18_24,,0.3364806576275586,0,0,0,0.0,0.0,0.0
44,2026-07-25 06:00:00+03:00,low,block_06_12,,0.1294145282801979,0,0,0,0.0,0.0,0.0
44,2026-07-25 12:00:00+03:00,low,block_12_18,,0.3285090371078252,0,0,0,0.0,0.0,0.0
44,2026-07-25 18:00:00+03:00,low,block_18_24,,0.3292891772541649,0,0,0,0.0,0.0,0.0
44,2026-07-26 06:00:00+03:00,low,block_06_12,,0.1294145282801979,0,0,0,0.0,0.0,0.0
44,2026-07-26 12:00:00+03:00,low,block_12_18,,0.3285090371078252,0,0,0,0.0,0.0,0.0
44,2026-07-26 18:00:00+03:00,low,block_18_24,,0.3292891772541649,0,0,0,0.0,0.0,0.0
444,2026-07-20 12:00:00+03:00,low,block_12_18,,0.1944466906254043,0,0,0,0.0,0.0,0.0
444,2026-07-20 18:00:00+03:00,low,block_18_24,,0.1814637015044937,0,0,0,0.0,0.0,0.0
444,2026-07-21 12:00:00+03:00,low,block_12_18,,0.1766791869405497,0,0,0,0.0,0.0,0.0
444,2026-07-21 18:00:00+03:00,low,block_18_24,,0.1669397122313022,0,0,0,0.0,0.0,0.0
444,2026-07-22 12:00:00+03:00,low,block_12_18,,0.1766791869405497,0,0,0,0.0,0.0,0.0
444,2026-07-22 18:00:00+03:00,low,block_18_24,,0.1669397122313022,0,0,0,0.0,0.0,0.0
444,2026-07-23 12:00:00+03:00,low,block_12_18,,0.1766791869405497,0,0,0,0.0,0.0,0.0
444,2026-07-23 18:00:00+03:00,low,block_18_24,,0.1669397122313022,0,0,0,0.0,0.0,0.0
444,2026-07-24 12:00:00+03:00,low,block_12_18,,0.1766791869405497,0,0,0,0.0,0.0,0.0
444,2026-07-24 18:00:00+03:00,low,block_18_24,,0.1669397122313022,0,0,0,0.0,0.0,0.0
444,2026-07-25 12:00:00+03:00,low,block_12_18,,0.1760726163219943,0,0,0,0.0,0.0,0.0
444,2026-07-25 18:00:00+03:00,low,block_18_24,,0.1668839700364242,0,0,0,0.0,0.0,0.0
444,2026-07-26 12:00:00+03:00,low,block_12_18,,0.1760726163219943,0,0,0,0.0,0.0,0.0
444,2026-07-26 18:00:00+03:00,low,block_18_24,,0.1668839700364242,0,0,0,0.0,0.0,0.0
445,2026-07-20 12:00:00+03:00,low,block_12_18,,0.2131984628989722,0,0,0,0.0,0.0,0.0
445,2026-07-20 18:00:00+03:00,low,block_18_24,,0.1896561467172808,0,0,0,0.0,0.0,0.0
445,2026-07-21 12:00:00+03:00,low,block_12_18,,0.1937175220664007,0,0,0,0.0,0.0,0.0
445,2026-07-21 18:00:00+03:00,low,block_18_24,,0.1744764506255619,0,0,0,0.0,0.0,0.0
445,2026-07-22 12:00:00+03:00,low,block_12_18,,0.1937175220664007,0,0,0,0.0,0.0,0.0
445,2026-07-22 18:00:00+03:00,low,block_18_24,,0.1744764506255619,0,0,0,0.0,0.0,0.0
445,2026-07-23 12:00:00+03:00,low,block_12_18,,0.1937175220664007,0,0,0,0.0,0.0,0.0
445,2026-07-23 18:00:00+03:00,low,block_18_24,,0.1744764506255619,0,0,0,0.0,0.0,0.0
445,2026-07-24 12:00:00+03:00,low,block_12_18,,0.1937175220664007,0,0,0,0.0,0.0,0.0
445,2026-07-24 18:00:00+03:00,low,block_18_24,,0.1744764506255619,0,0,0,0.0,0.0,0.0
445,2026-07-25 12:00:00+03:00,low,block_12_18,,0.1917922343342475,0,0,0,0.0,0.0,0.0
445,2026-07-25 18:00:00+03:00,low,block_18_24,,0.173714033773701,0,0,0,0.0,0.0,0.0
445,2026-07-26 12:00:00+03:00,low,block_12_18,,0.1917922343342475,0,0,0,0.0,0.0,0.0
445,2026-07-26 18:00:00+03:00,low,block_18_24,,0.173714033773701,0,0,0,0.0,0.0,0.0
46,2026-07-20 06:00:00+03:00,medium,block_06_12,,0.6977581705647068,0,1,1,0.0,0.0,0.0
46,2026-07-20 12:00:00+03:00,medium,block_12_18,,1.5778830775878825,0,1,1,0.0,0.0,0.0
46,2026-07-20 18:00:00+03:00,medium,block_18_24,,0.5376210979029333,0,1,1,0.0,0.0,0.0
46,2026-07-21 06:00:00+03:00,medium,block_06_12,,0.6212128243042854,0,1,1,0.0,0.0,0.0
46,2026-07-21 12:00:00+03:00,medium,block_12_18,,1.4520238040296436,0,1,1,0.0,0.0,0.0
46,2026-07-21 18:00:00+03:00,medium,block_18_24,,0.4951320979561306,0,0,0,0.0,0.0,0.0
46,2026-07-22 06:00:00+03:00,medium,block_06_12,,0.6212128243042854,0,1,1,0.0,0.0,0.0
46,2026-07-22 12:00:00+03:00,medium,block_12_18,,1.4520238040296436,0,1,1,0.0,0.0,0.0
46,2026-07-22 18:00:00+03:00,medium,block_18_24,,0.4951320979561306,0,0,0,0.0,0.0,0.0
46,2026-07-23 06:00:00+03:00,medium,block_06_12,,0.6212128243042854,0,1,1,0.0,0.0,0.0
46,2026-07-23 12:00:00+03:00,medium,block_12_18,,1.4520238040296436,0,1,1,0.0,0.0,0.0
46,2026-07-23 18:00:00+03:00,medium,block_18_24,,0.4951320979561306,0,0,0,0.0,0.0,0.0
46,2026-07-24 06:00:00+03:00,medium,block_06_12,,0.6212128243042854,0,1,1,0.0,0.0,0.0
46,2026-07-24 12:00:00+03:00,medium,block_12_18,,1.4520238040296436,0,1,1,0.0,0.0,0.0
46,2026-07-24 18:00:00+03:00,medium,block_18_24,,0.4951320979561306,0,0,0,0.0,0.0,0.0
46,2026-07-25 06:00:00+03:00,medium,block_06_12,,0.5732378137509067,0,1,1,0.0,0.0,0.0
46,2026-07-25 12:00:00+03:00,medium,block_12_18,,1.347277565429701,0,1,1,0.0,0.0,0.0
46,2026-07-25 18:00:00+03:00,medium,block_18_24,,0.4860632702758317,0,0,0,0.0,0.0,0.0
46,2026-07-26 06:00:00+03:00,medium,block_06_12,,0.5732378137509067,0,1,1,0.0,0.0,0.0
46,2026-07-26 12:00:00+03:00,medium,block_12_18,,1.347277565429701,0,1,1,0.0,0.0,0.0
46,2026-07-26 18:00:00+03:00,medium,block_18_24,,0.4860632702758317,0,0,0,0.0,0.0,0.0
47,2026-07-20 06:00:00+03:00,medium,block_06_12,,5.792562775981278,0,1,1,0.0,0.0,0.0
47,2026-07-20 12:00:00+03:00,medium,block_12_18,,5.480532133495739,0,1,1,0.0,0.0,0.0
47,2026-07-20 18:00:00+03:00,medium,block_18_24,,1.192233387038721,0,1,1,0.0,0.0,0.0
47,2026-07-21 06:00:00+03:00,medium,block_06_12,,5.277001845907054,0,1,1,0.0,0.0,0.0
47,2026-07-21 12:00:00+03:00,medium,block_12_18,,3.96230322061322,0,1,1,0.0,0.0,0.0
47,2026-07-21 18:00:00+03:00,medium,block_18_24,,0.7423247490474182,0,1,1,0.0,0.0,0.0
47,2026-07-22 06:00:00+03:00,medium,block_06_12,,4.280853986011673,0,1,1,0.0,0.0,0.0
47,2026-07-22 12:00:00+03:00,medium,block_12_18,,5.480532133495739,0,1,1,0.0,0.0,0.0
47,2026-07-22 18:00:00+03:00,medium,block_18_24,,1.1429101534280104,0,1,1,0.0,0.0,0.0
47,2026-07-23 06:00:00+03:00,medium,block_06_12,,4.280853986011673,0,1,1,0.0,0.0,0.0
47,2026-07-23 12:00:00+03:00,medium,block_12_18,,4.997557829984427,0,1,1,0.0,0.0,0.0
47,2026-07-23 18:00:00+03:00,medium,block_18_24,,1.1429101534280104,0,1,1,0.0,0.0,0.0
47,2026-07-24 06:00:00+03:00,medium,block_06_12,,5.277001845907054,0,1,1,0.0,0.0,0.0
47,2026-07-24 12:00:00+03:00,medium,block_12_18,,5.480532133495739,0,1,1,0.0,0.0,0.0
47,2026-07-24 18:00:00+03:00,medium,block_18_24,,0.7423247490474182,0,1,1,0.0,0.0,0.0
47,2026-07-25 06:00:00+03:00,medium,block_06_12,,4.0583943365827215,0,1,1,0.0,0.0,0.0
47,2026-07-25 12:00:00+03:00,medium,block_12_18,,4.768419793339347,0,1,1,0.0,0.0,0.0
47,2026-07-25 18:00:00+03:00,medium,block_18_24,,0.714816168579455,0,1,1,0.0,0.0,0.0
47,2026-07-26 06:00:00+03:00,medium,block_06_12,,3.5672860159453346,0,1,1,0.0,0.0,0.0
47,2026-07-26 12:00:00+03:00,medium,block_12_18,,4.192263226516162,0,1,1,0.0,0.0,0.0
47,2026-07-26 18:00:00+03:00,medium,block_18_24,,0.714816168579455,0,1,1,0.0,0.0,0.0
478,2026-07-20 06:00:00+03:00,medium,block_06_12,,0.3989648902236344,0,0,0,0.0,0.0,0.0
478,2026-07-20 12:00:00+03:00,medium,block_12_18,,2.22123929042469,0,1,1,0.0,0.0,0.0
478,2026-07-20 18:00:00+03:00,medium,block_18_24,,2.3730360628410976,0,1,1,0.0,0.0,0.0
478,2026-07-21 06:00:00+03:00,medium,block_06_12,,0.3989648902236344,0,0,0,0.0,0.0,0.0
478,2026-07-21 12:00:00+03:00,medium,block_12_18,,1.3487467125448716,1,0,1,0.0,0.0,0.0
478,2026-07-21 18:00:00+03:00,medium,block_18_24,,2.042345685412879,0,1,1,0.0,0.0,0.0
478,2026-07-22 06:00:00+03:00,medium,block_06_12,,0.3989648902236344,0,0,0,0.0,0.0,0.0
478,2026-07-22 12:00:00+03:00,medium,block_12_18,,2.22123929042469,0,1,1,0.0,0.0,0.0
478,2026-07-22 18:00:00+03:00,medium,block_18_24,,2.3730360628410976,0,1,1,0.0,0.0,0.0
478,2026-07-23 06:00:00+03:00,medium,block_06_12,,0.6448046239003863,0,0,0,0.0,0.0,0.0
478,2026-07-23 12:00:00+03:00,medium,block_12_18,,3.082655418597158,0,1,1,0.0,0.0,0.0
478,2026-07-23 18:00:00+03:00,medium,block_18_24,,2.843984338662646,0,1,1,0.0,0.0,0.0
478,2026-07-24 06:00:00+03:00,medium,block_06_12,,0.3989648902236344,0,0,0,0.0,0.0,0.0
478,2026-07-24 12:00:00+03:00,medium,block_12_18,,2.22123929042469,0,1,1,0.0,0.0,0.0
478,2026-07-24 18:00:00+03:00,medium,block_18_24,,3.199552538263045,0,1,1,0.0,0.0,0.0
478,2026-07-25 06:00:00+03:00,medium,block_06_12,,0.377010756236725,0,0,0,0.0,0.0,0.0
478,2026-07-25 12:00:00+03:00,medium,block_12_18,,2.929138649678192,0,1,1,0.0,0.0,0.0
478,2026-07-25 18:00:00+03:00,medium,block_18_24,,2.7691585160578644,0,1,1,0.0,0.0,0.0
478,2026-07-26 06:00:00+03:00,medium,block_06_12,,0.377010756236725,0,0,0,0.0,0.0,0.0
478,2026-07-26 12:00:00+03:00,medium,block_12_18,,4.159903508631709,0,1,1,0.0,0.0,0.0
478,2026-07-26 18:00:00+03:00,medium,block_18_24,,3.5470130592209577,0,1,1,0.0,0.0,0.0
479,2026-07-20 00:00:00+03:00,medium,block_00_06,,2.846101385775357,1,0,1,1.0,0.0,1.0
479,2026-07-20 06:00:00+03:00,medium,block_06_12,,6.647666442040715,0,1,1,1.0,1.0,2.0
479,2026-07-20 12:00:00+03:00,medium,block_12_18,,0.7679177609579878,0,1,1,0.0,0.0,0.0
479,2026-07-20 18:00:00+03:00,medium,block_18_24,,2.5465980429805004,0,1,1,0.0,0.0,0.0
479,2026-07-21 00:00:00+03:00,medium,block_00_06,,1.5702985377128196,1,0,1,1.0,0.0,1.0
479,2026-07-21 06:00:00+03:00,medium,block_06_12,,7.7786950709094,0,1,1,2.0,1.0,3.0
479,2026-07-21 12:00:00+03:00,medium,block_12_18,,0.7679177609579878,0,1,1,0.0,0.0,0.0
479,2026-07-21 18:00:00+03:00,medium,block_18_24,,2.5465980429805004,0,1,1,0.0,0.0,0.0
479,2026-07-22 00:00:00+03:00,medium,block_00_06,,2.846101385775357,1,0,1,1.0,0.0,1.0
479,2026-07-22 06:00:00+03:00,medium,block_06_12,,5.324975365325506,0,1,1,1.0,1.0,2.0
479,2026-07-22 12:00:00+03:00,medium,block_12_18,,1.2141817464170692,0,1,1,0.0,0.0,0.0
479,2026-07-22 18:00:00+03:00,medium,block_18_24,,2.7590906654240346,0,1,1,0.0,0.0,0.0
479,2026-07-23 00:00:00+03:00,medium,block_00_06,,3.039062936637392,1,0,1,1.0,0.0,1.0
479,2026-07-23 06:00:00+03:00,medium,block_06_12,,6.647666442040715,0,1,1,1.0,0.0,1.0
479,2026-07-23 12:00:00+03:00,medium,block_12_18,,1.092446635918819,0,1,1,0.0,0.0,0.0
479,2026-07-23 18:00:00+03:00,medium,block_18_24,,3.648062973438056,0,1,1,0.0,0.0,0.0
479,2026-07-24 00:00:00+03:00,medium,block_00_06,,2.604764771776834,1,0,1,0.0,0.0,0.0
479,2026-07-24 06:00:00+03:00,medium,block_06_12,,6.621241839662979,0,1,1,0.0,0.0,0.0
479,2026-07-24 12:00:00+03:00,medium,block_12_18,,0.7679177609579878,0,1,1,0.0,0.0,0.0
479,2026-07-24 18:00:00+03:00,medium,block_18_24,,2.7590906654240346,0,1,1,0.0,0.0,0.0
479,2026-07-25 00:00:00+03:00,medium,block_00_06,,2.502129930117741,1,0,1,0.0,0.0,0.0
479,2026-07-25 06:00:00+03:00,medium,block_06_12,,6.283470731686462,0,1,1,0.0,0.0,0.0
479,2026-07-25 12:00:00+03:00,medium,block_12_18,,0.7499508322321485,0,1,1,0.0,0.0,0.0
479,2026-07-25 18:00:00+03:00,medium,block_18_24,,2.486187777582786,0,1,1,0.0,0.0,0.0
479,2026-07-26 00:00:00+03:00,medium,block_00_06,,3.063278037704027,1,0,1,0.0,0.0,0.0
479,2026-07-26 06:00:00+03:00,medium,block_06_12,,6.258493814284755,0,1,1,0.0,0.0,0.0
479,2026-07-26 12:00:00+03:00,medium,block_12_18,,0.7499508322321485,0,1,1,0.0,0.0,0.0
479,2026-07-26 18:00:00+03:00,medium,block_18_24,,3.8468131500391194,0,1,1,0.0,0.0,0.0
480,2026-07-20 06:00:00+03:00,low,block_06_12,,0.2433102967343689,0,0,0,0.0,0.0,0.0
480,2026-07-20 12:00:00+03:00,low,block_12_18,,0.3243987843516467,0,0,0,0.0,0.0,0.0
480,2026-07-20 18:00:00+03:00,low,block_18_24,,0.3782076761363502,0,0,0,0.0,0.0,0.0
480,2026-07-21 06:00:00+03:00,low,block_06_12,,0.1523400806046159,0,0,0,0.0,0.0,0.0
480,2026-07-21 12:00:00+03:00,low,block_12_18,,0.5278174607001591,0,0,0,0.0,0.0,0.0
480,2026-07-21 18:00:00+03:00,low,block_18_24,,0.4334303247697458,0,0,0,0.0,0.0,0.0
480,2026-07-22 06:00:00+03:00,low,block_06_12,,0.1523400806046159,0,0,0,0.0,0.0,0.0
480,2026-07-22 12:00:00+03:00,low,block_12_18,,0.3243987843516467,0,0,0,0.0,0.0,0.0
480,2026-07-22 18:00:00+03:00,low,block_18_24,,0.3782076761363502,0,0,0,0.0,0.0,0.0
480,2026-07-23 06:00:00+03:00,low,block_06_12,,0.1523400806046159,0,0,0,0.0,0.0,0.0
480,2026-07-23 12:00:00+03:00,low,block_12_18,,0.3243987843516467,0,0,0,0.0,0.0,0.0
480,2026-07-23 18:00:00+03:00,low,block_18_24,,0.3782076761363502,0,0,0,0.0,0.0,0.0
480,2026-07-24 06:00:00+03:00,low,block_06_12,,0.1523400806046159,0,0,0,0.0,0.0,0.0
480,2026-07-24 12:00:00+03:00,low,block_12_18,,0.3243987843516467,0,0,0,0.0,0.0,0.0
480,2026-07-24 18:00:00+03:00,low,block_18_24,,0.2516820602569126,0,0,0,0.0,0.0,0.0
480,2026-07-25 06:00:00+03:00,low,block_06_12,,0.1437537001113945,0,0,0,0.0,0.0,0.0
480,2026-07-25 12:00:00+03:00,low,block_12_18,,0.4523870613766552,0,0,0,0.0,0.0,0.0
480,2026-07-25 18:00:00+03:00,low,block_18_24,,0.2444548642202739,0,0,0,0.0,0.0,0.0
480,2026-07-26 06:00:00+03:00,low,block_06_12,,0.1437537001113945,0,0,0,0.0,0.0,0.0
480,2026-07-26 12:00:00+03:00,low,block_12_18,,0.4523870613766552,0,0,0,0.0,0.0,0.0
480,2026-07-26 18:00:00+03:00,low,block_18_24,,0.3735311168546981,0,0,0,0.0,0.0,0.0
482,2026-07-20 00:00:00+03:00,low,block_00_06,,0.1997507961614167,0,0,0,0.0,0.0,0.0
482,2026-07-20 06:00:00+03:00,low,block_06_12,,0.1105440666675933,0,0,0,0.0,0.0,0.0
482,2026-07-20 12:00:00+03:00,low,block_12_18,,0.1486821940031466,0,0,0,0.0,0.0,0.0
482,2026-07-20 18:00:00+03:00,low,block_18_24,,0.1679313408569087,0,0,0,0.0,0.0,0.0
482,2026-07-21 00:00:00+03:00,low,block_00_06,,0.2203485542359344,0,0,0,0.0,0.0,0.0
482,2026-07-21 06:00:00+03:00,low,block_06_12,,0.0914880277275047,0,0,0,0.0,0.0,0.0
482,2026-07-21 12:00:00+03:00,low,block_12_18,,0.140523498988732,0,0,0,0.0,0.0,0.0
482,2026-07-21 18:00:00+03:00,low,block_18_24,,0.1529892362571439,0,0,0,0.0,0.0,0.0
482,2026-07-22 00:00:00+03:00,low,block_00_06,,0.2203485542359344,0,0,0,0.0,0.0,0.0
482,2026-07-22 06:00:00+03:00,low,block_06_12,,0.0914880277275047,0,0,0,0.0,0.0,0.0
482,2026-07-22 12:00:00+03:00,low,block_12_18,,0.140523498988732,0,0,0,0.0,0.0,0.0
482,2026-07-22 18:00:00+03:00,low,block_18_24,,0.1529892362571439,0,0,0,0.0,0.0,0.0
482,2026-07-23 00:00:00+03:00,low,block_00_06,,0.2203485542359344,0,0,0,0.0,0.0,0.0
482,2026-07-23 06:00:00+03:00,low,block_06_12,,0.0914880277275047,0,0,0,0.0,0.0,0.0
482,2026-07-23 12:00:00+03:00,low,block_12_18,,0.140523498988732,0,0,0,0.0,0.0,0.0
482,2026-07-23 18:00:00+03:00,low,block_18_24,,0.1529892362571439,0,0,0,0.0,0.0,0.0
482,2026-07-24 00:00:00+03:00,low,block_00_06,,0.2203485542359344,0,0,0,0.0,0.0,0.0
482,2026-07-24 06:00:00+03:00,low,block_06_12,,0.0914880277275047,0,0,0,0.0,0.0,0.0
482,2026-07-24 12:00:00+03:00,low,block_12_18,,0.140523498988732,0,0,0,0.0,0.0,0.0
482,2026-07-24 18:00:00+03:00,low,block_18_24,,0.1529892362571439,0,0,0,0.0,0.0,0.0
482,2026-07-25 00:00:00+03:00,low,block_00_06,,0.2501299615603274,0,0,0,0.0,0.0,0.0
482,2026-07-25 06:00:00+03:00,low,block_06_12,,0.0904850503969496,0,0,0,0.0,0.0,0.0
482,2026-07-25 12:00:00+03:00,low,block_12_18,,0.140147243299789,0,0,0,0.0,0.0,0.0
482,2026-07-25 18:00:00+03:00,low,block_18_24,,0.1531346361080633,0,0,0,0.0,0.0,0.0
482,2026-07-26 00:00:00+03:00,low,block_00_06,,0.2501299615603274,0,0,0,0.0,0.0,0.0
482,2026-07-26 06:00:00+03:00,low,block_06_12,,0.0904850503969496,0,0,0,0.0,0.0,0.0
482,2026-07-26 12:00:00+03:00,low,block_12_18,,0.140147243299789,0,0,0,0.0,0.0,0.0
482,2026-07-26 18:00:00+03:00,low,block_18_24,,0.1531346361080633,0,0,0,0.0,0.0,0.0
483,2026-07-20 00:00:00+03:00,low,block_00_06,,0.1727510764973785,0,0,0,0.0,0.0,0.0
483,2026-07-20 06:00:00+03:00,low,block_06_12,,0.1403412790546212,0,0,0,0.0,0.0,0.0
483,2026-07-20 12:00:00+03:00,low,block_12_18,,0.1615893491965133,0,0,0,0.0,0.0,0.0
483,2026-07-20 18:00:00+03:00,low,block_18_24,,0.1755774405863766,0,0,0,0.0,0.0,0.0
483,2026-07-21 00:00:00+03:00,low,block_00_06,,0.1905646970144657,0,0,0,0.0,0.0,0.0
483,2026-07-21 06:00:00+03:00,low,block_06_12,,0.116148674610201,0,0,0,0.0,0.0,0.0
483,2026-07-21 12:00:00+03:00,low,block_12_18,,0.1527223949084687,0,0,0,0.0,0.0,0.0
483,2026-07-21 18:00:00+03:00,low,block_18_24,,0.1599550054339292,0,0,0,0.0,0.0,0.0
483,2026-07-22 00:00:00+03:00,low,block_00_06,,0.1905646970144657,0,0,0,0.0,0.0,0.0
483,2026-07-22 06:00:00+03:00,low,block_06_12,,0.116148674610201,0,0,0,0.0,0.0,0.0
483,2026-07-22 12:00:00+03:00,low,block_12_18,,0.1527223949084687,0,0,0,0.0,0.0,0.0
483,2026-07-22 18:00:00+03:00,low,block_18_24,,0.1599550054339292,0,0,0,0.0,0.0,0.0
483,2026-07-23 00:00:00+03:00,low,block_00_06,,0.1905646970144657,0,0,0,0.0,0.0,0.0
483,2026-07-23 06:00:00+03:00,low,block_06_12,,0.116148674610201,0,0,0,0.0,0.0,0.0
483,2026-07-23 12:00:00+03:00,low,block_12_18,,0.1527223949084687,0,0,0,0.0,0.0,0.0
483,2026-07-23 18:00:00+03:00,low,block_18_24,,0.1599550054339292,0,0,0,0.0,0.0,0.0
483,2026-07-24 00:00:00+03:00,low,block_00_06,,0.1905646970144657,0,0,0,0.0,0.0,0.0
483,2026-07-24 06:00:00+03:00,low,block_06_12,,0.116148674610201,0,0,0,0.0,0.0,0.0
483,2026-07-24 12:00:00+03:00,low,block_12_18,,0.1527223949084687,0,0,0,0.0,0.0,0.0
483,2026-07-24 18:00:00+03:00,low,block_18_24,,0.1599550054339292,0,0,0,0.0,0.0,0.0
483,2026-07-25 00:00:00+03:00,low,block_00_06,,0.216320640288596,0,0,0,0.0,0.0,0.0
483,2026-07-25 06:00:00+03:00,low,block_06_12,,0.114875344202915,0,0,0,0.0,0.0,0.0
483,2026-07-25 12:00:00+03:00,low,block_12_18,,0.2267135039632904,0,0,0,0.0,0.0,0.0
483,2026-07-25 18:00:00+03:00,low,block_18_24,,0.1601070255009148,0,0,0,0.0,0.0,0.0
483,2026-07-26 00:00:00+03:00,low,block_00_06,,0.216320640288596,0,0,0,0.0,0.0,0.0
483,2026-07-26 06:00:00+03:00,low,block_06_12,,0.114875344202915,0,0,0,0.0,0.0,0.0
483,2026-07-26 12:00:00+03:00,low,block_12_18,,0.1523134763266881,0,0,0,0.0,0.0,0.0
483,2026-07-26 18:00:00+03:00,low,block_18_24,,0.1601070255009148,0,0,0,0.0,0.0,0.0
5,2026-07-20 00:00:00+03:00,medium,block_00_06,,2.62693302448468,1,0,1,0.0,0.0,0.0
5,2026-07-20 06:00:00+03:00,medium,block_06_12,,5.5343667989142125,0,1,1,0.0,0.0,0.0
5,2026-07-20 12:00:00+03:00,medium,block_12_18,,1.7956870192182273,0,1,1,0.0,0.0,0.0
5,2026-07-20 18:00:00+03:00,medium,block_18_24,,1.9186191045623755,0,1,1,0.0,0.0,0.0
5,2026-07-21 00:00:00+03:00,medium,block_00_06,,2.4673021503728,1,0,1,0.0,0.0,0.0
5,2026-07-21 06:00:00+03:00,medium,block_06_12,,5.6107737479227335,0,1,1,0.0,0.0,0.0
5,2026-07-21 12:00:00+03:00,medium,block_12_18,,1.6535025197133058,0,1,1,0.0,0.0,0.0
5,2026-07-21 18:00:00+03:00,medium,block_18_24,,1.8120892414842251,0,1,1,0.0,0.0,0.0
5,2026-07-22 00:00:00+03:00,medium,block_00_06,,2.4673021503728,1,0,1,0.0,0.0,0.0
5,2026-07-22 06:00:00+03:00,medium,block_06_12,,5.6107737479227335,0,1,1,0.0,0.0,0.0
5,2026-07-22 12:00:00+03:00,medium,block_12_18,,1.6535025197133058,0,1,1,0.0,0.0,0.0
5,2026-07-22 18:00:00+03:00,medium,block_18_24,,1.8120892414842251,0,1,1,0.0,0.0,0.0
5,2026-07-23 00:00:00+03:00,medium,block_00_06,,2.4673021503728,1,0,1,0.0,0.0,0.0
5,2026-07-23 06:00:00+03:00,medium,block_06_12,,5.6107737479227335,0,1,1,0.0,0.0,0.0
5,2026-07-23 12:00:00+03:00,medium,block_12_18,,1.6535025197133058,0,1,1,0.0,0.0,0.0
5,2026-07-23 18:00:00+03:00,medium,block_18_24,,1.8120892414842251,0,1,1,0.0,0.0,0.0
5,2026-07-24 00:00:00+03:00,medium,block_00_06,,2.4673021503728,1,0,1,0.0,0.0,0.0
5,2026-07-24 06:00:00+03:00,medium,block_06_12,,5.6107737479227335,0,1,1,0.0,0.0,0.0
5,2026-07-24 12:00:00+03:00,medium,block_12_18,,1.6535025197133058,0,1,1,0.0,0.0,0.0
5,2026-07-24 18:00:00+03:00,medium,block_18_24,,1.8120892414842251,0,1,1,0.0,0.0,0.0
5,2026-07-25 00:00:00+03:00,medium,block_00_06,,2.504371673096383,1,0,1,0.0,0.0,0.0
5,2026-07-25 06:00:00+03:00,medium,block_06_12,,5.544905514622511,0,1,1,0.0,0.0,0.0
5,2026-07-25 12:00:00+03:00,medium,block_12_18,,1.6698634291188217,0,1,1,0.0,0.0,0.0
5,2026-07-25 18:00:00+03:00,medium,block_18_24,,1.764121900028056,0,1,1,0.0,0.0,0.0
5,2026-07-26 00:00:00+03:00,medium,block_00_06,,2.504371673096383,1,0,1,0.0,0.0,0.0
5,2026-07-26 06:00:00+03:00,medium,block_06_12,,5.544905514622511,0,1,1,0.0,0.0,0.0
5,2026-07-26 12:00:00+03:00,medium,block_12_18,,1.6698634291188217,0,1,1,0.0,0.0,0.0
5,2026-07-26 18:00:00+03:00,medium,block_18_24,,1.764121900028056,0,1,1,0.0,0.0,0.0
51,2026-07-20 06:00:00+03:00,medium,block_06_12,,1.8838626183640577,0,1,1,0.0,0.0,0.0
51,2026-07-20 12:00:00+03:00,medium,block_12_18,,3.140758209895513,0,1,1,0.0,0.0,0.0
51,2026-07-20 18:00:00+03:00,medium,block_18_24,,0.5812066483353714,0,1,1,0.0,0.0,0.0
51,2026-07-21 06:00:00+03:00,medium,block_06_12,,2.1589126689156126,0,1,1,0.0,0.0,0.0
51,2026-07-21 12:00:00+03:00,medium,block_12_18,,3.032118217149465,0,1,1,0.0,0.0,0.0
51,2026-07-21 18:00:00+03:00,medium,block_18_24,,0.5562788566144188,0,1,1,0.0,0.0,0.0
51,2026-07-22 06:00:00+03:00,medium,block_06_12,,1.0401393633281828,0,1,1,0.0,0.0,0.0
51,2026-07-22 12:00:00+03:00,medium,block_12_18,,2.61781159654451,0,1,1,0.0,0.0,0.0
51,2026-07-22 18:00:00+03:00,medium,block_18_24,,0.5562788566144188,0,1,1,0.0,0.0,0.0
51,2026-07-23 06:00:00+03:00,medium,block_06_12,,2.1589126689156126,0,1,1,0.0,0.0,0.0
51,2026-07-23 12:00:00+03:00,medium,block_12_18,,4.262806356984528,0,1,1,0.0,0.0,0.0
51,2026-07-23 18:00:00+03:00,medium,block_18_24,,0.5562788566144188,0,1,1,0.0,0.0,0.0
51,2026-07-24 06:00:00+03:00,medium,block_06_12,,1.624546123835643,0,1,1,0.0,0.0,0.0
51,2026-07-24 12:00:00+03:00,medium,block_12_18,,4.674772761638342,0,1,1,0.0,0.0,0.0
51,2026-07-24 18:00:00+03:00,medium,block_18_24,,0.5562788566144188,0,1,1,0.0,0.0,0.0
51,2026-07-25 06:00:00+03:00,medium,block_06_12,,0.954760474980302,0,1,1,0.0,0.0,0.0
51,2026-07-25 12:00:00+03:00,medium,block_12_18,,1.4324401949513543,0,1,1,0.0,0.0,0.0
51,2026-07-25 18:00:00+03:00,medium,block_18_24,,0.5437730695314125,0,1,1,0.0,0.0,0.0
51,2026-07-26 06:00:00+03:00,medium,block_06_12,,0.954760474980302,0,1,1,0.0,0.0,0.0
51,2026-07-26 12:00:00+03:00,medium,block_12_18,,1.4324401949513543,0,1,1,0.0,0.0,0.0
51,2026-07-26 18:00:00+03:00,medium,block_18_24,,0.5437730695314125,0,1,1,0.0,0.0,0.0
516,2026-07-20 06:00:00+03:00,low,block_06_12,,1.0874829299913216,1,0,1,0.0,0.0,0.0
516,2026-07-20 12:00:00+03:00,low,block_12_18,,0.7396962256871561,1,0,1,0.0,0.0,0.0
516,2026-07-20 18:00:00+03:00,low,block_18_24,,0.3972387299425056,0,0,0,0.0,0.0,0.0
516,2026-07-21 06:00:00+03:00,low,block_06_12,,1.026171387804734,1,0,1,0.0,0.0,0.0
516,2026-07-21 12:00:00+03:00,low,block_12_18,,0.6946339328947347,1,0,1,0.0,0.0,0.0
516,2026-07-21 18:00:00+03:00,low,block_18_24,,0.3618934357074277,0,0,0,0.0,0.0,0.0
516,2026-07-22 06:00:00+03:00,low,block_06_12,,1.026171387804734,1,0,1,0.0,0.0,0.0
516,2026-07-22 12:00:00+03:00,low,block_12_18,,0.6946339328947347,1,0,1,0.0,0.0,0.0
516,2026-07-22 18:00:00+03:00,low,block_18_24,,0.3618934357074277,0,0,0,0.0,0.0,0.0
516,2026-07-23 06:00:00+03:00,low,block_06_12,,1.026171387804734,1,0,1,0.0,0.0,0.0
516,2026-07-23 12:00:00+03:00,low,block_12_18,,0.6946339328947347,1,0,1,0.0,0.0,0.0
516,2026-07-23 18:00:00+03:00,low,block_18_24,,0.3618934357074277,0,0,0,0.0,0.0,0.0
516,2026-07-24 06:00:00+03:00,low,block_06_12,,1.026171387804734,1,0,1,0.0,0.0,0.0
516,2026-07-24 12:00:00+03:00,low,block_12_18,,0.7344373025313122,1,0,1,0.0,0.0,0.0
516,2026-07-24 18:00:00+03:00,low,block_18_24,,0.3618934357074277,0,0,0,0.0,0.0,0.0
516,2026-07-25 06:00:00+03:00,low,block_06_12,,0.9488761561422828,1,0,1,0.0,0.0,0.0
516,2026-07-25 12:00:00+03:00,low,block_12_18,,0.689768660904921,1,0,1,0.0,0.0,0.0
516,2026-07-25 18:00:00+03:00,low,block_18_24,,0.3480979460708193,0,0,0,0.0,0.0,0.0
516,2026-07-26 06:00:00+03:00,low,block_06_12,,0.9488761561422828,1,0,1,0.0,0.0,0.0
516,2026-07-26 12:00:00+03:00,low,block_12_18,,0.635342143919206,1,0,1,0.0,0.0,0.0
516,2026-07-26 18:00:00+03:00,low,block_18_24,,0.3480979460708193,0,0,0,0.0,0.0,0.0
517,2026-07-20 12:00:00+03:00,low,block_12_18,,0.3207578286461647,0,0,0,0.0,0.0,0.0
517,2026-07-20 18:00:00+03:00,low,block_18_24,,0.1995607452131241,0,0,0,0.0,0.0,0.0
517,2026-07-21 12:00:00+03:00,low,block_12_18,,0.1764567638212811,0,0,0,0.0,0.0,0.0
517,2026-07-21 18:00:00+03:00,low,block_18_24,,0.3150697534312185,0,0,0,0.0,0.0,0.0
517,2026-07-22 12:00:00+03:00,low,block_12_18,,0.1764567638212811,0,0,0,0.0,0.0,0.0
517,2026-07-22 18:00:00+03:00,low,block_18_24,,0.183588305001693,0,0,0,0.0,0.0,0.0
517,2026-07-23 12:00:00+03:00,low,block_12_18,,0.1764567638212811,0,0,0,0.0,0.0,0.0
517,2026-07-23 18:00:00+03:00,low,block_18_24,,0.183588305001693,0,0,0,0.0,0.0,0.0
517,2026-07-24 12:00:00+03:00,low,block_12_18,,0.1764567638212811,0,0,0,0.0,0.0,0.0
517,2026-07-24 18:00:00+03:00,low,block_18_24,,0.183588305001693,0,0,0,0.0,0.0,0.0
517,2026-07-25 12:00:00+03:00,low,block_12_18,,0.1756138248463294,0,0,0,0.0,0.0,0.0
517,2026-07-25 18:00:00+03:00,low,block_18_24,,0.1818380733142506,0,0,0,0.0,0.0,0.0
517,2026-07-26 12:00:00+03:00,low,block_12_18,,0.1756138248463294,0,0,0,0.0,0.0,0.0
517,2026-07-26 18:00:00+03:00,low,block_18_24,,0.1818380733142506,0,0,0,0.0,0.0,0.0
53,2026-07-20 06:00:00+03:00,low,block_06_12,,0.1477053569615127,0,0,0,0.0,0.0,0.0
53,2026-07-20 12:00:00+03:00,low,block_12_18,,0.5512783108996765,0,0,0,0.0,0.0,0.0
53,2026-07-20 18:00:00+03:00,low,block_18_24,,0.5316363362146559,0,0,0,0.0,0.0,0.0
53,2026-07-21 06:00:00+03:00,low,block_06_12,,0.1276991921108569,0,0,0,0.0,0.0,0.0
53,2026-07-21 12:00:00+03:00,low,block_12_18,,0.526223394761874,0,0,0,0.0,0.0,0.0
53,2026-07-21 18:00:00+03:00,low,block_18_24,,0.5257006819280481,0,0,0,0.0,0.0,0.0
53,2026-07-22 06:00:00+03:00,low,block_06_12,,0.1276991921108569,0,0,0,0.0,0.0,0.0
53,2026-07-22 12:00:00+03:00,low,block_12_18,,0.526223394761874,0,0,0,0.0,0.0,0.0
53,2026-07-22 18:00:00+03:00,low,block_18_24,,0.5257006819280481,0,0,0,0.0,0.0,0.0
53,2026-07-23 06:00:00+03:00,low,block_06_12,,0.1276991921108569,0,0,0,0.0,0.0,0.0
53,2026-07-23 12:00:00+03:00,low,block_12_18,,0.526223394761874,0,0,0,0.0,0.0,0.0
53,2026-07-23 18:00:00+03:00,low,block_18_24,,0.5257006819280481,0,0,0,0.0,0.0,0.0
53,2026-07-24 00:00:00+03:00,low,block_00_06,,0.3478914269862132,0,0,0,0.0,0.0,0.0
53,2026-07-24 06:00:00+03:00,low,block_06_12,,0.1294225654575624,0,0,0,0.0,0.0,0.0
53,2026-07-24 12:00:00+03:00,low,block_12_18,,0.5202032935356622,0,0,0,0.0,0.0,0.0
53,2026-07-24 18:00:00+03:00,low,block_18_24,,0.5770709748480575,1,0,1,0.0,0.0,0.0
53,2026-07-25 00:00:00+03:00,low,block_00_06,,0.4360093129240923,0,0,0,0.0,0.0,0.0
53,2026-07-25 06:00:00+03:00,low,block_06_12,,0.1217811723960799,0,0,0,0.0,0.0,0.0
53,2026-07-25 12:00:00+03:00,low,block_12_18,,0.4888849078663185,0,0,0,0.0,0.0,0.0
53,2026-07-25 18:00:00+03:00,low,block_18_24,,0.5589820071551456,0,0,0,0.0,0.0,0.0
53,2026-07-26 06:00:00+03:00,low,block_06_12,,0.1200422104994608,0,0,0,0.0,0.0,0.0
53,2026-07-26 12:00:00+03:00,low,block_12_18,,0.4928123640204012,0,0,0,0.0,0.0,0.0
53,2026-07-26 18:00:00+03:00,low,block_18_24,,0.5071425225664155,0,0,0,0.0,0.0,0.0
550,2026-07-20 06:00:00+03:00,low,block_06_12,,0.2392840874113699,0,0,0,0.0,0.0,0.0
550,2026-07-20 12:00:00+03:00,low,block_12_18,,0.2432645379313703,0,0,0,0.0,0.0,0.0
550,2026-07-20 18:00:00+03:00,low,block_18_24,,0.2075895317573499,0,0,0,0.0,0.0,0.0
550,2026-07-21 06:00:00+03:00,low,block_06_12,,0.2392840874113699,0,0,0,0.0,0.0,0.0
550,2026-07-21 12:00:00+03:00,low,block_12_18,,0.2432645379313703,0,0,0,0.0,0.0,0.0
550,2026-07-21 18:00:00+03:00,low,block_18_24,,0.3190956536419759,0,0,0,0.0,0.0,0.0
550,2026-07-22 06:00:00+03:00,low,block_06_12,,0.2392840874113699,0,0,0,0.0,0.0,0.0
550,2026-07-22 12:00:00+03:00,low,block_12_18,,0.2432645379313703,0,0,0,0.0,0.0,0.0
550,2026-07-22 18:00:00+03:00,low,block_18_24,,0.2075895317573499,0,0,0,0.0,0.0,0.0
550,2026-07-23 06:00:00+03:00,low,block_06_12,,0.1497699246652083,0,0,0,0.0,0.0,0.0
550,2026-07-23 12:00:00+03:00,low,block_12_18,,0.2432645379313703,0,0,0,0.0,0.0,0.0
550,2026-07-23 18:00:00+03:00,low,block_18_24,,0.2075895317573499,0,0,0,0.0,0.0,0.0
550,2026-07-24 06:00:00+03:00,low,block_06_12,,0.1497699246652083,0,0,0,0.0,0.0,0.0
550,2026-07-24 12:00:00+03:00,low,block_12_18,,0.3430526295869101,0,0,0,0.0,0.0,0.0
550,2026-07-24 18:00:00+03:00,low,block_18_24,,0.3190956536419759,0,0,0,0.0,0.0,0.0
550,2026-07-25 06:00:00+03:00,low,block_06_12,,0.1413284064875055,0,0,0,0.0,0.0,0.0
550,2026-07-25 12:00:00+03:00,low,block_12_18,,0.3973109568207189,0,0,0,0.0,0.0,0.0
550,2026-07-25 18:00:00+03:00,low,block_18_24,,0.3647268905923957,0,0,0,0.0,0.0,0.0
550,2026-07-26 06:00:00+03:00,low,block_06_12,,0.1413284064875055,0,0,0,0.0,0.0,0.0
550,2026-07-26 12:00:00+03:00,low,block_12_18,,0.2371438756225163,0,0,0,0.0,0.0,0.0
550,2026-07-26 18:00:00+03:00,low,block_18_24,,0.3182985668553958,0,0,0,0.0,0.0,0.0
551,2026-07-20 06:00:00+03:00,low,block_06_12,,0.2067905879345774,0,0,0,0.0,0.0,0.0
551,2026-07-20 12:00:00+03:00,low,block_12_18,,0.2237034105032898,0,0,0,0.0,0.0,0.0
551,2026-07-20 18:00:00+03:00,low,block_18_24,,0.2110116844155114,0,0,0,0.0,0.0,0.0
551,2026-07-21 06:00:00+03:00,low,block_06_12,,0.1152000958574213,0,0,0,0.0,0.0,0.0
551,2026-07-21 12:00:00+03:00,low,block_12_18,,0.2032625834691656,0,0,0,0.0,0.0,0.0
551,2026-07-21 18:00:00+03:00,low,block_18_24,,0.3386413750286609,0,0,0,0.0,0.0,0.0
551,2026-07-22 06:00:00+03:00,low,block_06_12,,0.1152000958574213,0,0,0,0.0,0.0,0.0
551,2026-07-22 12:00:00+03:00,low,block_12_18,,0.2032625834691656,0,0,0,0.0,0.0,0.0
551,2026-07-22 18:00:00+03:00,low,block_18_24,,0.1922364001581452,0,0,0,0.0,0.0,0.0
551,2026-07-23 06:00:00+03:00,low,block_06_12,,0.1848265117569847,0,0,0,0.0,0.0,0.0
551,2026-07-23 12:00:00+03:00,low,block_12_18,,0.2032625834691656,0,0,0,0.0,0.0,0.0
551,2026-07-23 18:00:00+03:00,low,block_18_24,,0.1922364001581452,0,0,0,0.0,0.0,0.0
551,2026-07-24 06:00:00+03:00,low,block_06_12,,0.1152000958574213,0,0,0,0.0,0.0,0.0
551,2026-07-24 12:00:00+03:00,low,block_12_18,,0.2032625834691656,0,0,0,0.0,0.0,0.0
551,2026-07-24 18:00:00+03:00,low,block_18_24,,0.2954956314172229,0,0,0,0.0,0.0,0.0
551,2026-07-25 06:00:00+03:00,low,block_06_12,,0.1092737808015989,0,0,0,0.0,0.0,0.0
551,2026-07-25 12:00:00+03:00,low,block_12_18,,0.2014391437295604,0,0,0,0.0,0.0,0.0
551,2026-07-25 18:00:00+03:00,low,block_18_24,,0.1886726394940136,0,0,0,0.0,0.0,0.0
551,2026-07-26 06:00:00+03:00,low,block_06_12,,0.1092737808015989,0,0,0,0.0,0.0,0.0
551,2026-07-26 12:00:00+03:00,low,block_12_18,,0.2014391437295604,0,0,0,0.0,0.0,0.0
551,2026-07-26 18:00:00+03:00,low,block_18_24,,0.1886726394940136,0,0,0,0.0,0.0,0.0
552,2026-07-20 06:00:00+03:00,low,block_06_12,,0.3588822268063526,0,0,0,0.0,0.0,0.0
552,2026-07-20 12:00:00+03:00,low,block_12_18,,0.3927409896297938,0,0,0,0.0,0.0,0.0
552,2026-07-20 18:00:00+03:00,low,block_18_24,,0.3157698292402378,0,0,0,0.0,0.0,0.0
552,2026-07-21 06:00:00+03:00,low,block_06_12,,0.2723661144739099,0,0,0,0.0,0.0,0.0
552,2026-07-21 12:00:00+03:00,low,block_12_18,,0.4417180936963233,0,0,0,0.0,0.0,0.0
552,2026-07-21 18:00:00+03:00,low,block_18_24,,0.3157698292402378,0,0,0,0.0,0.0,0.0
552,2026-07-22 06:00:00+03:00,low,block_06_12,,0.1702597143054668,0,0,0,0.0,0.0,0.0
552,2026-07-22 12:00:00+03:00,low,block_12_18,,0.4417180936963233,0,0,0,0.0,0.0,0.0
552,2026-07-22 18:00:00+03:00,low,block_18_24,,0.2054258973662698,0,0,0,0.0,0.0,0.0
552,2026-07-23 06:00:00+03:00,low,block_06_12,,0.2723661144739099,0,0,0,0.0,0.0,0.0
552,2026-07-23 12:00:00+03:00,low,block_12_18,,0.6315292182929791,0,0,0,0.0,0.0,0.0
552,2026-07-23 18:00:00+03:00,low,block_18_24,,0.2054258973662698,0,0,0,0.0,0.0,0.0
552,2026-07-24 06:00:00+03:00,low,block_06_12,,0.1702597143054668,0,0,0,0.0,0.0,0.0
552,2026-07-24 12:00:00+03:00,low,block_12_18,,0.4417180936963233,0,0,0,0.0,0.0,0.0
552,2026-07-24 18:00:00+03:00,low,block_18_24,,0.3157698292402378,0,0,0,0.0,0.0,0.0
552,2026-07-25 06:00:00+03:00,low,block_06_12,,0.1598898543572786,0,0,0,0.0,0.0,0.0
552,2026-07-25 12:00:00+03:00,low,block_12_18,,0.3878286711730173,0,0,0,0.0,0.0,0.0
552,2026-07-25 18:00:00+03:00,low,block_18_24,,0.2024767093580429,0,0,0,0.0,0.0,0.0
552,2026-07-26 06:00:00+03:00,low,block_06_12,,0.1598898543572786,0,0,0,0.0,0.0,0.0
552,2026-07-26 12:00:00+03:00,low,block_12_18,,0.3878286711730173,0,0,0,0.0,0.0,0.0
552,2026-07-26 18:00:00+03:00,low,block_18_24,,0.3149810502154679,0,0,0,0.0,0.0,0.0
553,2026-07-20 12:00:00+03:00,low,block_12_18,,0.6913918877231197,1,0,1,0.0,0.0,0.0
553,2026-07-20 18:00:00+03:00,low,block_18_24,,0.4968149486770745,0,0,0,0.0,0.0,0.0
553,2026-07-21 12:00:00+03:00,low,block_12_18,,0.3651497296342008,0,0,0,0.0,0.0,0.0
553,2026-07-21 18:00:00+03:00,low,block_18_24,,0.4339749877789683,0,0,0,0.0,0.0,0.0
553,2026-07-22 12:00:00+03:00,low,block_12_18,,0.533080870324554,0,0,0,0.0,0.0,0.0
553,2026-07-22 18:00:00+03:00,low,block_18_24,,0.295528661164869,0,0,0,0.0,0.0,0.0
553,2026-07-23 12:00:00+03:00,low,block_12_18,,0.533080870324554,0,0,0,0.0,0.0,0.0
553,2026-07-23 18:00:00+03:00,low,block_18_24,,0.4968149486770745,0,0,0,0.0,0.0,0.0
553,2026-07-24 12:00:00+03:00,low,block_12_18,,0.9425240388710928,1,0,1,0.0,0.0,0.0
553,2026-07-24 18:00:00+03:00,low,block_18_24,,0.4339749877789683,0,0,0,0.0,0.0,0.0
553,2026-07-25 12:00:00+03:00,low,block_12_18,,0.3448293976771432,0,0,0,0.0,0.0,0.0
553,2026-07-25 18:00:00+03:00,low,block_18_24,,0.2859951458635704,0,0,0,0.0,0.0,0.0
553,2026-07-26 12:00:00+03:00,low,block_12_18,,0.5737233707031795,0,0,0,0.0,0.0,0.0
553,2026-07-26 18:00:00+03:00,low,block_18_24,,0.4875818684142168,0,0,0,0.0,0.0,0.0
554,2026-07-20 06:00:00+03:00,low,block_06_12,,0.1210950674783394,0,0,0,0.0,0.0,0.0
554,2026-07-20 12:00:00+03:00,low,block_12_18,,0.3597105545446589,0,0,0,0.0,0.0,0.0
554,2026-07-20 18:00:00+03:00,low,block_18_24,,0.2412314769502912,0,0,0,0.0,0.0,0.0
554,2026-07-21 06:00:00+03:00,low,block_06_12,,0.1210950674783394,0,0,0,0.0,0.0,0.0
554,2026-07-21 12:00:00+03:00,low,block_12_18,,0.2430957754207915,0,0,0,0.0,0.0,0.0
554,2026-07-21 18:00:00+03:00,low,block_18_24,,0.2412314769502912,0,0,0,0.0,0.0,0.0
554,2026-07-22 06:00:00+03:00,low,block_06_12,,0.1210950674783394,0,0,0,0.0,0.0,0.0
554,2026-07-22 12:00:00+03:00,low,block_12_18,,0.4045685696970105,0,0,0,0.0,0.0,0.0
554,2026-07-22 18:00:00+03:00,low,block_18_24,,0.2412314769502912,0,0,0,0.0,0.0,0.0
554,2026-07-23 06:00:00+03:00,low,block_06_12,,0.1210950674783394,0,0,0,0.0,0.0,0.0
554,2026-07-23 12:00:00+03:00,low,block_12_18,,0.2430957754207915,0,0,0,0.0,0.0,0.0
554,2026-07-23 18:00:00+03:00,low,block_18_24,,0.3626226726410305,0,0,0,0.0,0.0,0.0
554,2026-07-24 06:00:00+03:00,low,block_06_12,,0.1210950674783394,0,0,0,0.0,0.0,0.0
554,2026-07-24 12:00:00+03:00,low,block_12_18,,0.4045685696970105,0,0,0,0.0,0.0,0.0
554,2026-07-24 18:00:00+03:00,low,block_18_24,,0.4155697324213271,0,0,0,0.0,0.0,0.0
554,2026-07-25 06:00:00+03:00,low,block_06_12,,0.1148654934815355,0,0,0,0.0,0.0,0.0
554,2026-07-25 12:00:00+03:00,low,block_12_18,,0.2397551766042135,0,0,0,0.0,0.0,0.0
554,2026-07-25 18:00:00+03:00,low,block_18_24,,0.2345159175592968,0,0,0,0.0,0.0,0.0
554,2026-07-26 06:00:00+03:00,low,block_06_12,,0.1148654934815355,0,0,0,0.0,0.0,0.0
554,2026-07-26 12:00:00+03:00,low,block_12_18,,0.2397551766042135,0,0,0,0.0,0.0,0.0
554,2026-07-26 18:00:00+03:00,low,block_18_24,,0.4107489191725795,0,0,0,0.0,0.0,0.0
555,2026-07-20 06:00:00+03:00,low,block_06_12,,0.1468116371334088,0,0,0,0.0,0.0,0.0
555,2026-07-20 12:00:00+03:00,low,block_12_18,,0.3719478081344691,0,0,0,0.0,0.0,0.0
555,2026-07-20 18:00:00+03:00,low,block_18_24,,0.3744754774226027,0,0,0,0.0,0.0,0.0
555,2026-07-21 06:00:00+03:00,low,block_06_12,,0.1468116371334088,0,0,0,0.0,0.0,0.0
555,2026-07-21 12:00:00+03:00,low,block_12_18,,0.2571245799593354,0,0,0,0.0,0.0,0.0
555,2026-07-21 18:00:00+03:00,low,block_18_24,,0.3744754774226027,0,0,0,0.0,0.0,0.0
555,2026-07-22 06:00:00+03:00,low,block_06_12,,0.1468116371334088,0,0,0,0.0,0.0,0.0
555,2026-07-22 12:00:00+03:00,low,block_12_18,,0.2571245799593354,0,0,0,0.0,0.0,0.0
555,2026-07-22 18:00:00+03:00,low,block_18_24,,0.3744754774226027,0,0,0,0.0,0.0,0.0
555,2026-07-23 06:00:00+03:00,low,block_06_12,,0.1468116371334088,0,0,0,0.0,0.0,0.0
555,2026-07-23 12:00:00+03:00,low,block_12_18,,0.2571245799593354,0,0,0,0.0,0.0,0.0
555,2026-07-23 18:00:00+03:00,low,block_18_24,,0.2491984314972849,0,0,0,0.0,0.0,0.0
555,2026-07-24 06:00:00+03:00,low,block_06_12,,0.1468116371334088,0,0,0,0.0,0.0,0.0
555,2026-07-24 12:00:00+03:00,low,block_12_18,,0.4183318805570883,0,0,0,0.0,0.0,0.0
555,2026-07-24 18:00:00+03:00,low,block_18_24,,0.3744754774226027,0,0,0,0.0,0.0,0.0
555,2026-07-25 06:00:00+03:00,low,block_06_12,,0.1385368576252377,0,0,0,0.0,0.0,0.0
555,2026-07-25 12:00:00+03:00,low,block_12_18,,0.3672955662470644,0,0,0,0.0,0.0,0.0
555,2026-07-25 18:00:00+03:00,low,block_18_24,,0.2420425542980307,0,0,0,0.0,0.0,0.0
555,2026-07-26 06:00:00+03:00,low,block_06_12,,0.2239265314020736,0,0,0,0.0,0.0,0.0
555,2026-07-26 12:00:00+03:00,low,block_12_18,,0.2506551917837312,0,0,0,0.0,0.0,0.0
555,2026-07-26 18:00:00+03:00,low,block_18_24,,0.4237921729163059,0,0,0,0.0,0.0,0.0
556,2026-07-20 06:00:00+03:00,low,block_06_12,,0.0984278661420869,0,0,0,0.0,0.0,0.0
556,2026-07-20 12:00:00+03:00,low,block_12_18,,0.1742720797333804,0,0,0,0.0,0.0,0.0
556,2026-07-20 18:00:00+03:00,low,block_18_24,,0.177769819556447,0,0,0,0.0,0.0,0.0
556,2026-07-21 06:00:00+03:00,low,block_06_12,,0.0984278661420869,0,0,0,0.0,0.0,0.0
556,2026-07-21 12:00:00+03:00,low,block_12_18,,0.1742720797333804,0,0,0,0.0,0.0,0.0
556,2026-07-21 18:00:00+03:00,low,block_18_24,,0.2676352070168517,0,0,0,0.0,0.0,0.0
556,2026-07-22 06:00:00+03:00,low,block_06_12,,0.0984278661420869,0,0,0,0.0,0.0,0.0
556,2026-07-22 12:00:00+03:00,low,block_12_18,,0.16812590984544,0,0,0,0.0,0.0,0.0
556,2026-07-22 18:00:00+03:00,low,block_18_24,,0.177769819556447,0,0,0,0.0,0.0,0.0
556,2026-07-23 06:00:00+03:00,low,block_06_12,,0.0984278661420869,0,0,0,0.0,0.0,0.0
556,2026-07-23 12:00:00+03:00,low,block_12_18,,0.1742720797333804,0,0,0,0.0,0.0,0.0
556,2026-07-23 18:00:00+03:00,low,block_18_24,,0.2676352070168517,0,0,0,0.0,0.0,0.0
556,2026-07-24 06:00:00+03:00,low,block_06_12,,0.0984278661420869,0,0,0,0.0,0.0,0.0
556,2026-07-24 12:00:00+03:00,low,block_12_18,,0.1742720797333804,0,0,0,0.0,0.0,0.0
556,2026-07-24 18:00:00+03:00,low,block_18_24,,0.177769819556447,0,0,0,0.0,0.0,0.0
556,2026-07-25 06:00:00+03:00,low,block_06_12,,0.093490446290814,0,0,0,0.0,0.0,0.0
556,2026-07-25 12:00:00+03:00,low,block_12_18,,0.2583720186832554,0,0,0,0.0,0.0,0.0
556,2026-07-25 18:00:00+03:00,low,block_18_24,,0.1779387706924473,0,0,0,0.0,0.0,0.0
556,2026-07-26 06:00:00+03:00,low,block_06_12,,0.093490446290814,0,0,0,0.0,0.0,0.0
556,2026-07-26 12:00:00+03:00,low,block_12_18,,0.1738435378657227,0,0,0,0.0,0.0,0.0
556,2026-07-26 18:00:00+03:00,low,block_18_24,,0.2675063367180251,0,0,0,0.0,0.0,0.0
557,2026-07-20 06:00:00+03:00,low,block_06_12,,0.1481335269679962,0,0,0,0.0,0.0,0.0
557,2026-07-20 12:00:00+03:00,low,block_12_18,,0.369029346754789,0,0,0,0.0,0.0,0.0
557,2026-07-20 18:00:00+03:00,low,block_18_24,,0.200277373974315,0,0,0,0.0,0.0,0.0
557,2026-07-21 06:00:00+03:00,low,block_06_12,,0.1481335269679962,0,0,0,0.0,0.0,0.0
557,2026-07-21 12:00:00+03:00,low,block_12_18,,0.4150494699322798,0,0,0,0.0,0.0,0.0
557,2026-07-21 18:00:00+03:00,low,block_18_24,,0.3078557912676141,0,0,0,0.0,0.0,0.0
557,2026-07-22 06:00:00+03:00,low,block_06_12,,0.2369706382286216,0,0,0,0.0,0.0,0.0
557,2026-07-22 12:00:00+03:00,low,block_12_18,,0.2493935028288028,0,0,0,0.0,0.0,0.0
557,2026-07-22 18:00:00+03:00,low,block_18_24,,0.3078557912676141,0,0,0,0.0,0.0,0.0
557,2026-07-23 06:00:00+03:00,low,block_06_12,,0.1481335269679962,0,0,0,0.0,0.0,0.0
557,2026-07-23 12:00:00+03:00,low,block_12_18,,0.4150494699322798,0,0,0,0.0,0.0,0.0
557,2026-07-23 18:00:00+03:00,low,block_18_24,,0.3078557912676141,0,0,0,0.0,0.0,0.0
557,2026-07-24 06:00:00+03:00,low,block_06_12,,0.1481335269679962,0,0,0,0.0,0.0,0.0
557,2026-07-24 12:00:00+03:00,low,block_12_18,,0.2493935028288028,0,0,0,0.0,0.0,0.0
557,2026-07-24 18:00:00+03:00,low,block_18_24,,0.3078557912676141,0,0,0,0.0,0.0,0.0
557,2026-07-25 06:00:00+03:00,low,block_06_12,,0.1397842414660982,0,0,0,0.0,0.0,0.0
557,2026-07-25 12:00:00+03:00,low,block_12_18,,0.2449227544959811,0,0,0,0.0,0.0,0.0
557,2026-07-25 18:00:00+03:00,low,block_18_24,,0.1974021005194248,0,0,0,0.0,0.0,0.0
557,2026-07-26 06:00:00+03:00,low,block_06_12,,0.1397842414660982,0,0,0,0.0,0.0,0.0
557,2026-07-26 12:00:00+03:00,low,block_12_18,,0.2449227544959811,0,0,0,0.0,0.0,0.0
557,2026-07-26 18:00:00+03:00,low,block_18_24,,0.3518797082265492,0,0,0,0.0,0.0,0.0
558,2026-07-20 00:00:00+03:00,low,block_00_06,,1.9820250829453567,0,1,1,0.0,0.0,0.0
558,2026-07-20 06:00:00+03:00,low,block_06_12,,0.5369183510999931,0,0,0,0.0,0.0,0.0
558,2026-07-20 12:00:00+03:00,low,block_12_18,,0.2457097435021377,0,0,0,0.0,0.0,0.0
558,2026-07-20 18:00:00+03:00,low,block_18_24,,0.6241614369982392,1,0,1,0.0,0.0,0.0
558,2026-07-21 00:00:00+03:00,low,block_00_06,,1.8245757424751303,0,1,1,0.0,0.0,0.0
558,2026-07-21 06:00:00+03:00,low,block_06_12,,0.5326072083549376,0,0,0,0.0,0.0,0.0
558,2026-07-21 12:00:00+03:00,low,block_12_18,,0.2485667279936689,0,0,0,0.0,0.0,0.0
558,2026-07-21 18:00:00+03:00,low,block_18_24,,0.622228278558118,1,0,1,0.0,0.0,0.0
558,2026-07-22 00:00:00+03:00,low,block_00_06,,1.8245757424751303,0,1,1,0.0,0.0,0.0
558,2026-07-22 06:00:00+03:00,low,block_06_12,,0.5326072083549376,0,0,0,0.0,0.0,0.0
558,2026-07-22 12:00:00+03:00,low,block_12_18,,0.2485667279936689,0,0,0,0.0,0.0,0.0
558,2026-07-22 18:00:00+03:00,low,block_18_24,,0.622228278558118,1,0,1,0.0,0.0,0.0
558,2026-07-23 00:00:00+03:00,low,block_00_06,,1.8245757424751303,0,1,1,0.0,0.0,0.0
558,2026-07-23 06:00:00+03:00,low,block_06_12,,0.5326072083549376,0,0,0,0.0,0.0,0.0
558,2026-07-23 12:00:00+03:00,low,block_12_18,,0.2485667279936689,0,0,0,0.0,0.0,0.0
558,2026-07-23 18:00:00+03:00,low,block_18_24,,0.622228278558118,1,0,1,0.0,0.0,0.0
558,2026-07-24 00:00:00+03:00,low,block_00_06,,1.8245757424751303,0,1,1,0.0,0.0,0.0
558,2026-07-24 06:00:00+03:00,low,block_06_12,,0.5326072083549376,0,0,0,0.0,0.0,0.0
558,2026-07-24 12:00:00+03:00,low,block_12_18,,0.2485667279936689,0,0,0,0.0,0.0,0.0
558,2026-07-24 18:00:00+03:00,low,block_18_24,,0.622228278558118,1,0,1,0.0,0.0,0.0
558,2026-07-25 00:00:00+03:00,low,block_00_06,,1.7847039009764307,0,1,1,0.0,0.0,0.0
558,2026-07-25 06:00:00+03:00,low,block_06_12,,0.5231245811912956,0,0,0,0.0,0.0,0.0
558,2026-07-25 12:00:00+03:00,low,block_12_18,,0.2344200420358587,0,0,0,0.0,0.0,0.0
558,2026-07-25 18:00:00+03:00,low,block_18_24,,0.6022523371048406,1,0,1,0.0,0.0,0.0
558,2026-07-26 00:00:00+03:00,low,block_00_06,,1.7847039009764307,0,1,1,0.0,0.0,0.0
558,2026-07-26 06:00:00+03:00,low,block_06_12,,0.5231245811912956,0,0,0,0.0,0.0,0.0
558,2026-07-26 12:00:00+03:00,low,block_12_18,,0.2344200420358587,0,0,0,0.0,0.0,0.0
558,2026-07-26 18:00:00+03:00,low,block_18_24,,0.6022523371048406,1,0,1,0.0,0.0,0.0
560,2026-07-20 00:00:00+03:00,low,block_00_06,,1.9937833532720728,0,1,1,0.0,0.0,0.0
560,2026-07-20 06:00:00+03:00,low,block_06_12,,0.5456653708792466,0,0,0,0.0,0.0,0.0
560,2026-07-20 12:00:00+03:00,low,block_12_18,,0.2596216711798855,0,0,0,0.0,0.0,0.0
560,2026-07-20 18:00:00+03:00,low,block_18_24,,0.6384275111112403,1,0,1,0.0,0.0,0.0
560,2026-07-21 00:00:00+03:00,low,block_00_06,,1.835399952015259,0,1,1,0.0,0.0,0.0
560,2026-07-21 06:00:00+03:00,low,block_06_12,,0.54128399464192,0,0,0,0.0,0.0,0.0
560,2026-07-21 12:00:00+03:00,low,block_12_18,,0.2626404162961934,0,0,0,0.0,0.0,0.0
560,2026-07-21 18:00:00+03:00,low,block_18_24,,0.6364501676575247,1,0,1,0.0,0.0,0.0
560,2026-07-22 00:00:00+03:00,low,block_00_06,,1.835399952015259,0,1,1,0.0,0.0,0.0
560,2026-07-22 06:00:00+03:00,low,block_06_12,,0.54128399464192,0,0,0,0.0,0.0,0.0
560,2026-07-22 12:00:00+03:00,low,block_12_18,,0.2626404162961934,0,0,0,0.0,0.0,0.0
560,2026-07-22 18:00:00+03:00,low,block_18_24,,0.6364501676575247,1,0,1,0.0,0.0,0.0
560,2026-07-23 00:00:00+03:00,low,block_00_06,,1.835399952015259,0,1,1,0.0,0.0,0.0
560,2026-07-23 06:00:00+03:00,low,block_06_12,,0.54128399464192,0,0,0,0.0,0.0,0.0
560,2026-07-23 12:00:00+03:00,low,block_12_18,,0.2626404162961934,0,0,0,0.0,0.0,0.0
560,2026-07-23 18:00:00+03:00,low,block_18_24,,0.6364501676575247,1,0,1,0.0,0.0,0.0
560,2026-07-24 00:00:00+03:00,low,block_00_06,,1.835399952015259,0,1,1,0.0,0.0,0.0
560,2026-07-24 06:00:00+03:00,low,block_06_12,,0.54128399464192,0,0,0,0.0,0.0,0.0
560,2026-07-24 12:00:00+03:00,low,block_12_18,,0.2626404162961934,0,0,0,0.0,0.0,0.0
560,2026-07-24 18:00:00+03:00,low,block_18_24,,0.6364501676575247,1,0,1,0.0,0.0,0.0
560,2026-07-25 00:00:00+03:00,low,block_00_06,,1.795291572697336,0,1,1,0.0,0.0,0.0
560,2026-07-25 06:00:00+03:00,low,block_06_12,,0.5316468845346616,0,0,0,0.0,0.0,0.0
560,2026-07-25 12:00:00+03:00,low,block_12_18,,0.2457806690064482,0,0,0,0.0,0.0,0.0
560,2026-07-25 18:00:00+03:00,low,block_18_24,,0.6160176483954356,1,0,1,0.0,0.0,0.0
560,2026-07-26 00:00:00+03:00,low,block_00_06,,1.795291572697336,0,1,1,0.0,0.0,0.0
560,2026-07-26 06:00:00+03:00,low,block_06_12,,0.5316468845346616,0,0,0,0.0,0.0,0.0
560,2026-07-26 12:00:00+03:00,low,block_12_18,,0.2457806690064482,0,0,0,0.0,0.0,0.0
560,2026-07-26 18:00:00+03:00,low,block_18_24,,0.6160176483954356,1,0,1,0.0,0.0,0.0
58,2026-07-20 06:00:00+03:00,medium,block_06_12,,0.9642364857043046,1,0,1,0.0,0.0,0.0
58,2026-07-20 12:00:00+03:00,medium,block_12_18,,0.7805838190426005,1,0,1,0.0,0.0,0.0
58,2026-07-20 18:00:00+03:00,medium,block_18_24,,0.4784582337519338,0,0,0,0.0,0.0,0.0
58,2026-07-21 06:00:00+03:00,medium,block_06_12,,0.5912003867285236,0,0,0,0.0,0.0,0.0
58,2026-07-21 12:00:00+03:00,medium,block_12_18,,0.7805838190426005,1,0,1,0.0,0.0,0.0
58,2026-07-21 18:00:00+03:00,medium,block_18_24,,0.6833701083770441,0,0,0,0.0,0.0,0.0
58,2026-07-22 06:00:00+03:00,medium,block_06_12,,0.5912003867285236,0,0,0,0.0,0.0,0.0
58,2026-07-22 12:00:00+03:00,medium,block_12_18,,0.7805838190426005,1,0,1,0.0,0.0,0.0
58,2026-07-22 18:00:00+03:00,medium,block_18_24,,0.6833701083770441,0,0,0,0.0,0.0,0.0
58,2026-07-23 06:00:00+03:00,medium,block_06_12,,0.9418697750819238,1,0,1,0.0,0.0,0.0
58,2026-07-23 12:00:00+03:00,medium,block_12_18,,1.150297801550156,1,0,1,0.0,0.0,0.0
58,2026-07-23 18:00:00+03:00,medium,block_18_24,,0.6833701083770441,0,0,0,0.0,0.0,0.0
58,2026-07-24 06:00:00+03:00,medium,block_06_12,,1.0647395001671598,1,0,1,0.0,0.0,0.0
58,2026-07-24 12:00:00+03:00,medium,block_12_18,,0.7805838190426005,1,0,1,0.0,0.0,0.0
58,2026-07-24 18:00:00+03:00,medium,block_18_24,,0.4406449634994639,0,0,0,0.0,0.0,0.0
58,2026-07-25 06:00:00+03:00,medium,block_06_12,,1.0186214353808851,1,0,1,0.0,0.0,0.0
58,2026-07-25 12:00:00+03:00,medium,block_12_18,,1.2352954721870202,1,0,1,0.0,0.0,0.0
58,2026-07-25 18:00:00+03:00,medium,block_18_24,,0.4332684036417736,0,0,0,0.0,0.0,0.0
58,2026-07-26 06:00:00+03:00,medium,block_06_12,,0.5561021907683257,0,0,0,0.0,0.0,0.0
58,2026-07-26 12:00:00+03:00,medium,block_12_18,,1.105024610400211,1,0,1,0.0,0.0,0.0
58,2026-07-26 18:00:00+03:00,medium,block_18_24,,0.4332684036417736,0,0,0,0.0,0.0,0.0
59,2026-07-20 06:00:00+03:00,medium,block_06_12,,0.4890076041333818,0,0,0,0.0,0.0,0.0
59,2026-07-20 12:00:00+03:00,medium,block_12_18,,1.0869591637701532,1,0,1,0.0,0.0,0.0
59,2026-07-20 18:00:00+03:00,medium,block_18_24,,0.4245363730020471,0,0,0,0.0,0.0,0.0
59,2026-07-21 06:00:00+03:00,medium,block_06_12,,0.4180689745551075,0,0,0,0.0,0.0,0.0
59,2026-07-21 12:00:00+03:00,medium,block_12_18,,0.7104020694435549,0,0,0,0.0,0.0,0.0
59,2026-07-21 18:00:00+03:00,medium,block_18_24,,0.3909846281016703,0,0,0,0.0,0.0,0.0
59,2026-07-22 06:00:00+03:00,medium,block_06_12,,0.4180689745551075,0,0,0,0.0,0.0,0.0
59,2026-07-22 12:00:00+03:00,medium,block_12_18,,0.7104020694435549,0,0,0,0.0,0.0,0.0
59,2026-07-22 18:00:00+03:00,medium,block_18_24,,0.3909846281016703,0,0,0,0.0,0.0,0.0
59,2026-07-23 06:00:00+03:00,medium,block_06_12,,0.4180689745551075,0,0,0,0.0,0.0,0.0
59,2026-07-23 12:00:00+03:00,medium,block_12_18,,0.7104020694435549,0,0,0,0.0,0.0,0.0
59,2026-07-23 18:00:00+03:00,medium,block_18_24,,0.3909846281016703,0,0,0,0.0,0.0,0.0
59,2026-07-24 06:00:00+03:00,medium,block_06_12,,0.6702618593997439,0,0,0,0.0,0.0,0.0
59,2026-07-24 12:00:00+03:00,medium,block_12_18,,0.7104020694435549,0,0,0,0.0,0.0,0.0
59,2026-07-24 18:00:00+03:00,medium,block_18_24,,0.3909846281016703,0,0,0,0.0,0.0,0.0
59,2026-07-25 06:00:00+03:00,medium,block_06_12,,0.6457817324409281,0,0,0,0.0,0.0,0.0
59,2026-07-25 12:00:00+03:00,medium,block_12_18,,1.1342387682475426,1,0,1,0.0,0.0,0.0
59,2026-07-25 18:00:00+03:00,medium,block_18_24,,0.3833119716611907,0,0,0,0.0,0.0,0.0
59,2026-07-26 06:00:00+03:00,medium,block_06_12,,0.3961313040268178,0,0,0,0.0,0.0,0.0
59,2026-07-26 12:00:00+03:00,medium,block_12_18,,0.6818421186645044,0,0,0,0.0,0.0,0.0
59,2026-07-26 18:00:00+03:00,medium,block_18_24,,0.3833119716611907,0,0,0,0.0,0.0,0.0
597,2026-07-20 00:00:00+03:00,low,block_00_06,,1.9820250829453567,0,1,1,0.0,0.0,0.0
597,2026-07-20 06:00:00+03:00,low,block_06_12,,0.5369183510999931,0,0,0,0.0,0.0,0.0
597,2026-07-20 12:00:00+03:00,low,block_12_18,,0.2457097435021377,0,0,0,0.0,0.0,0.0
597,2026-07-20 18:00:00+03:00,low,block_18_24,,0.6241614369982392,1,0,1,0.0,0.0,0.0
597,2026-07-21 00:00:00+03:00,low,block_00_06,,1.8245757424751303,0,1,1,0.0,0.0,0.0
597,2026-07-21 06:00:00+03:00,low,block_06_12,,0.5326072083549376,0,0,0,0.0,0.0,0.0
597,2026-07-21 12:00:00+03:00,low,block_12_18,,0.2485667279936689,0,0,0,0.0,0.0,0.0
597,2026-07-21 18:00:00+03:00,low,block_18_24,,0.622228278558118,1,0,1,0.0,0.0,0.0
597,2026-07-22 00:00:00+03:00,low,block_00_06,,1.8245757424751303,0,1,1,0.0,0.0,0.0
597,2026-07-22 06:00:00+03:00,low,block_06_12,,0.5326072083549376,0,0,0,0.0,0.0,0.0
597,2026-07-22 12:00:00+03:00,low,block_12_18,,0.2485667279936689,0,0,0,0.0,0.0,0.0
597,2026-07-22 18:00:00+03:00,low,block_18_24,,0.622228278558118,1,0,1,0.0,0.0,0.0
597,2026-07-23 00:00:00+03:00,low,block_00_06,,1.8245757424751303,0,1,1,0.0,0.0,0.0
597,2026-07-23 06:00:00+03:00,low,block_06_12,,0.5326072083549376,0,0,0,0.0,0.0,0.0
597,2026-07-23 12:00:00+03:00,low,block_12_18,,0.2485667279936689,0,0,0,0.0,0.0,0.0
597,2026-07-23 18:00:00+03:00,low,block_18_24,,0.622228278558118,1,0,1,0.0,0.0,0.0
597,2026-07-24 00:00:00+03:00,low,block_00_06,,1.8245757424751303,0,1,1,0.0,0.0,0.0
597,2026-07-24 06:00:00+03:00,low,block_06_12,,0.5326072083549376,0,0,0,0.0,0.0,0.0
597,2026-07-24 12:00:00+03:00,low,block_12_18,,0.2485667279936689,0,0,0,0.0,0.0,0.0
597,2026-07-24 18:00:00+03:00,low,block_18_24,,0.622228278558118,1,0,1,0.0,0.0,0.0
597,2026-07-25 00:00:00+03:00,low,block_00_06,,1.7847039009764307,0,1,1,0.0,0.0,0.0
597,2026-07-25 06:00:00+03:00,low,block_06_12,,0.5231245811912956,0,0,0,0.0,0.0,0.0
597,2026-07-25 12:00:00+03:00,low,block_12_18,,0.2344200420358587,0,0,0,0.0,0.0,0.0
597,2026-07-25 18:00:00+03:00,low,block_18_24,,0.6022523371048406,1,0,1,0.0,0.0,0.0
597,2026-07-26 00:00:00+03:00,low,block_00_06,,1.7847039009764307,0,1,1,0.0,0.0,0.0
597,2026-07-26 06:00:00+03:00,low,block_06_12,,0.5231245811912956,0,0,0,0.0,0.0,0.0
597,2026-07-26 12:00:00+03:00,low,block_12_18,,0.2344200420358587,0,0,0,0.0,0.0,0.0
597,2026-07-26 18:00:00+03:00,low,block_18_24,,0.6022523371048406,1,0,1,0.0,0.0,0.0
6,2026-07-20 00:00:00+03:00,mega,deep_night,,3.8843130240195496,1,0,1,2.0,0.0,2.0
6,2026-07-20 03:00:00+03:00,mega,opening,,5.10510216819098,1,1,2,0.0,0.0,0.0
6,2026-07-20 06:00:00+03:00,mega,early_morning,,4.816934718710193,1,3,4,1.0,0.0,1.0
6,2026-07-20 09:00:00+03:00,mega,morning,,10.673142715649512,1,3,4,2.0,2.0,4.0
6,2026-07-20 12:00:00+03:00,mega,lunch,,23.17385804539377,1,3,4,2.0,2.0,4.0
6,2026-07-20 15:00:00+03:00,mega,afternoon,,11.038643534447804,1,3,4,2.0,2.0,4.0
6,2026-07-20 18:00:00+03:00,mega,dinner,,8.502622781748482,1,2,3,3.0,2.0,5.0
6,2026-07-20 21:00:00+03:00,mega,late_evening,,5.056604084311148,1,1,2,2.0,1.0,3.0
6,2026-07-21 00:00:00+03:00,mega,deep_night,,4.544739915717308,1,0,1,0.0,0.0,0.0
6,2026-07-21 03:00:00+03:00,mega,opening,,5.16873498679427,1,1,2,0.0,0.0,0.0
6,2026-07-21 06:00:00+03:00,mega,early_morning,,5.161805015425866,1,3,4,1.0,0.0,1.0
6,2026-07-21 09:00:00+03:00,mega,morning,,10.000853675824064,1,2,3,1.0,2.0,3.0
6,2026-07-21 12:00:00+03:00,mega,lunch,,22.62607235744736,1,3,4,1.0,2.0,3.0
6,2026-07-21 15:00:00+03:00,mega,afternoon,,11.932032430996085,2,3,5,0.0,2.0,2.0
6,2026-07-21 18:00:00+03:00,mega,dinner,,8.821763680238277,1,2,3,2.0,2.0,4.0
6,2026-07-21 21:00:00+03:00,mega,late_evening,,5.454663508944258,1,1,2,2.0,1.0,3.0
6,2026-07-22 00:00:00+03:00,mega,deep_night,,3.1891431637868424,1,0,1,0.0,0.0,0.0
6,2026-07-22 03:00:00+03:00,mega,opening,,4.840457703813213,1,1,2,0.0,0.0,0.0
6,2026-07-22 06:00:00+03:00,mega,early_morning,,4.920358079529769,1,3,4,0.0,0.0,0.0
6,2026-07-22 09:00:00+03:00,mega,morning,,10.403411916318582,1,3,4,1.0,2.0,3.0
6,2026-07-22 12:00:00+03:00,mega,lunch,,23.66107926068258,1,3,4,1.0,2.0,3.0
6,2026-07-22 15:00:00+03:00,mega,afternoon,,11.17087332505302,1,3,4,1.0,2.0,3.0
6,2026-07-22 18:00:00+03:00,mega,dinner,,9.172144095772063,1,3,4,3.0,2.0,5.0
6,2026-07-22 21:00:00+03:00,mega,late_evening,,5.038242979206452,0,1,1,2.0,1.0,3.0
6,2026-07-23 00:00:00+03:00,mega,deep_night,,3.936026551141416,1,0,1,0.0,0.0,0.0
6,2026-07-23 03:00:00+03:00,mega,opening,,5.570025463373796,1,2,3,0.0,0.0,0.0
6,2026-07-23 06:00:00+03:00,mega,early_morning,,4.598255253596526,0,3,3,0.0,0.0,0.0
6,2026-07-23 09:00:00+03:00,mega,morning,,10.306537883463548,1,3,4,0.0,0.0,0.0
6,2026-07-23 12:00:00+03:00,mega,lunch,,22.61040541098815,1,3,4,0.0,0.0,0.0
6,2026-07-23 15:00:00+03:00,mega,afternoon,,10.440091152494524,1,3,4,0.0,0.0,0.0
6,2026-07-23 18:00:00+03:00,mega,dinner,,9.167780824257964,1,3,4,0.0,0.0,0.0
6,2026-07-23 21:00:00+03:00,mega,late_evening,,5.350403902461451,1,1,2,0.0,0.0,0.0
6,2026-07-24 00:00:00+03:00,mega,deep_night,,4.109101844682018,1,0,1,0.0,0.0,0.0
6,2026-07-24 03:00:00+03:00,mega,opening,,5.463219665680613,1,2,3,0.0,0.0,0.0
6,2026-07-24 06:00:00+03:00,mega,early_morning,,5.053094893396485,1,3,4,0.0,0.0,0.0
6,2026-07-24 09:00:00+03:00,mega,morning,,10.234195672082592,1,2,3,0.0,0.0,0.0
6,2026-07-24 12:00:00+03:00,mega,lunch,,24.54321474629361,1,3,4,0.0,0.0,0.0
6,2026-07-24 15:00:00+03:00,mega,afternoon,,10.112344017817389,1,3,4,0.0,0.0,0.0
6,2026-07-24 18:00:00+03:00,mega,dinner,,9.571941349028563,1,3,4,0.0,0.0,0.0
6,2026-07-24 21:00:00+03:00,mega,late_evening,,5.370244601117389,1,1,2,0.0,0.0,0.0
6,2026-07-25 00:00:00+03:00,mega,deep_night,,3.4880142577653985,1,0,1,0.0,0.0,0.0
6,2026-07-25 03:00:00+03:00,mega,opening,,3.885361913354689,1,1,2,0.0,0.0,0.0
6,2026-07-25 06:00:00+03:00,mega,early_morning,,4.140106319774839,0,3,3,0.0,0.0,0.0
6,2026-07-25 09:00:00+03:00,mega,morning,,9.96821265873171,1,2,3,0.0,0.0,0.0
6,2026-07-25 12:00:00+03:00,mega,lunch,,15.169878726084056,1,2,3,0.0,0.0,0.0
6,2026-07-25 15:00:00+03:00,mega,afternoon,,8.89156346819001,1,3,4,0.0,0.0,0.0
6,2026-07-25 18:00:00+03:00,mega,dinner,,7.759736485049716,1,2,3,0.0,0.0,0.0
6,2026-07-25 21:00:00+03:00,mega,late_evening,,4.308629754587739,0,1,1,0.0,0.0,0.0
6,2026-07-26 00:00:00+03:00,mega,deep_night,,3.124714978693216,1,0,1,0.0,0.0,0.0
6,2026-07-26 03:00:00+03:00,mega,opening,,3.3095813860661685,1,1,2,0.0,0.0,0.0
6,2026-07-26 06:00:00+03:00,mega,early_morning,,3.626152977520892,0,3,3,0.0,0.0,0.0
6,2026-07-26 09:00:00+03:00,mega,morning,,9.185413715766328,1,2,3,0.0,0.0,0.0
6,2026-07-26 12:00:00+03:00,mega,lunch,,16.56395909550303,1,2,3,0.0,0.0,0.0
6,2026-07-26 15:00:00+03:00,mega,afternoon,,8.889187167208574,1,3,4,0.0,0.0,0.0
6,2026-07-26 18:00:00+03:00,mega,dinner,,7.573921099332404,1,2,3,0.0,0.0,0.0
6,2026-07-26 21:00:00+03:00,mega,late_evening,,3.3941421655611568,0,1,1,0.0,0.0,0.0
60,2026-07-20 06:00:00+03:00,medium,block_06_12,,0.3445500897824738,0,0,0,0.0,0.0,0.0
60,2026-07-20 12:00:00+03:00,medium,block_12_18,,0.480976811495529,0,0,0,0.0,0.0,0.0
60,2026-07-20 18:00:00+03:00,medium,block_18_24,,0.3399839381163645,0,0,0,0.0,0.0,0.0
60,2026-07-21 06:00:00+03:00,medium,block_06_12,,0.3190064424117118,0,0,0,0.0,0.0,0.0
60,2026-07-21 12:00:00+03:00,medium,block_12_18,,0.718033200226567,0,0,0,0.0,0.0,0.0
60,2026-07-21 18:00:00+03:00,medium,block_18_24,,0.3131144986823709,0,0,0,0.0,0.0,0.0
60,2026-07-22 06:00:00+03:00,medium,block_06_12,,0.3190064424117118,0,0,0,0.0,0.0,0.0
60,2026-07-22 12:00:00+03:00,medium,block_12_18,,0.480976811495529,0,0,0,0.0,0.0,0.0
60,2026-07-22 18:00:00+03:00,medium,block_18_24,,0.3131144986823709,0,0,0,0.0,0.0,0.0
60,2026-07-23 06:00:00+03:00,medium,block_06_12,,0.3190064424117118,0,0,0,0.0,0.0,0.0
60,2026-07-23 12:00:00+03:00,medium,block_12_18,,0.718033200226567,0,0,0,0.0,0.0,0.0
60,2026-07-23 18:00:00+03:00,medium,block_18_24,,0.3131144986823709,0,0,0,0.0,0.0,0.0
60,2026-07-24 06:00:00+03:00,medium,block_06_12,,0.3190064424117118,0,0,0,0.0,0.0,0.0
60,2026-07-24 12:00:00+03:00,medium,block_12_18,,0.480976811495529,0,0,0,0.0,0.0,0.0
60,2026-07-24 18:00:00+03:00,medium,block_18_24,,0.3131144986823709,0,0,0,0.0,0.0,0.0
60,2026-07-25 06:00:00+03:00,medium,block_06_12,,0.3072868634321339,0,0,0,0.0,0.0,0.0
60,2026-07-25 12:00:00+03:00,medium,block_12_18,,0.8076314862754274,1,0,1,0.0,0.0,0.0
60,2026-07-25 18:00:00+03:00,medium,block_18_24,,0.3085703240813741,0,0,0,0.0,0.0,0.0
60,2026-07-26 06:00:00+03:00,medium,block_06_12,,0.5019075166380207,0,0,0,0.0,0.0,0.0
60,2026-07-26 12:00:00+03:00,medium,block_12_18,,0.7180003087786049,0,0,0,0.0,0.0,0.0
60,2026-07-26 18:00:00+03:00,medium,block_18_24,,0.3085703240813741,0,0,0,0.0,0.0,0.0
61,2026-07-20 06:00:00+03:00,low,block_06_12,,0.17359422046643,0,0,0,0.0,0.0,0.0
61,2026-07-20 12:00:00+03:00,low,block_12_18,,0.196652701023729,0,0,0,0.0,0.0,0.0
61,2026-07-20 18:00:00+03:00,low,block_18_24,,0.1476512771541085,0,0,0,0.0,0.0,0.0
61,2026-07-21 06:00:00+03:00,low,block_06_12,,0.1468254074139735,0,0,0,0.0,0.0,0.0
61,2026-07-21 12:00:00+03:00,low,block_12_18,,0.1786836238497345,0,0,0,0.0,0.0,0.0
61,2026-07-21 18:00:00+03:00,low,block_18_24,,0.134513641163901,0,0,0,0.0,0.0,0.0
61,2026-07-22 06:00:00+03:00,low,block_06_12,,0.1468254074139735,0,0,0,0.0,0.0,0.0
61,2026-07-22 12:00:00+03:00,low,block_12_18,,0.1786836238497345,0,0,0,0.0,0.0,0.0
61,2026-07-22 18:00:00+03:00,low,block_18_24,,0.134513641163901,0,0,0,0.0,0.0,0.0
61,2026-07-23 06:00:00+03:00,low,block_06_12,,0.1468254074139735,0,0,0,0.0,0.0,0.0
61,2026-07-23 12:00:00+03:00,low,block_12_18,,0.2644624868644928,0,0,0,0.0,0.0,0.0
61,2026-07-23 18:00:00+03:00,low,block_18_24,,0.134513641163901,0,0,0,0.0,0.0,0.0
61,2026-07-24 06:00:00+03:00,low,block_06_12,,0.1468254074139735,0,0,0,0.0,0.0,0.0
61,2026-07-24 12:00:00+03:00,low,block_12_18,,0.1786836238497345,0,0,0,0.0,0.0,0.0
61,2026-07-24 18:00:00+03:00,low,block_18_24,,0.134513641163901,0,0,0,0.0,0.0,0.0
61,2026-07-25 06:00:00+03:00,low,block_06_12,,0.1413176923128237,0,0,0,0.0,0.0,0.0
61,2026-07-25 12:00:00+03:00,low,block_12_18,,0.1780038745557627,0,0,0,0.0,0.0,0.0
61,2026-07-25 18:00:00+03:00,low,block_18_24,,0.1324549182983442,0,0,0,0.0,0.0,0.0
61,2026-07-26 06:00:00+03:00,low,block_06_12,,0.1413176923128237,0,0,0,0.0,0.0,0.0
61,2026-07-26 12:00:00+03:00,low,block_12_18,,0.1780038745557627,0,0,0,0.0,0.0,0.0
61,2026-07-26 18:00:00+03:00,low,block_18_24,,0.1324549182983442,0,0,0,0.0,0.0,0.0
63,2026-07-20 06:00:00+03:00,low,block_06_12,,0.1178632392944055,0,0,0,0.0,0.0,0.0
63,2026-07-20 12:00:00+03:00,low,block_12_18,,0.1626582113903392,0,0,0,0.0,0.0,0.0
63,2026-07-20 18:00:00+03:00,low,block_18_24,,0.1153162832154778,0,0,0,0.0,0.0,0.0
63,2026-07-21 06:00:00+03:00,low,block_06_12,,0.0996883311093773,0,0,0,0.0,0.0,0.0
63,2026-07-21 12:00:00+03:00,low,block_12_18,,0.1477953697500191,0,0,0,0.0,0.0,0.0
63,2026-07-21 18:00:00+03:00,low,block_18_24,,0.1050557329389814,0,0,0,0.0,0.0,0.0
63,2026-07-22 06:00:00+03:00,low,block_06_12,,0.0996883311093773,0,0,0,0.0,0.0,0.0
63,2026-07-22 12:00:00+03:00,low,block_12_18,,0.1477953697500191,0,0,0,0.0,0.0,0.0
63,2026-07-22 18:00:00+03:00,low,block_18_24,,0.1050557329389814,0,0,0,0.0,0.0,0.0
63,2026-07-23 06:00:00+03:00,low,block_06_12,,0.0996883311093773,0,0,0,0.0,0.0,0.0
63,2026-07-23 12:00:00+03:00,low,block_12_18,,0.1477953697500191,0,0,0,0.0,0.0,0.0
63,2026-07-23 18:00:00+03:00,low,block_18_24,,0.1050557329389814,0,0,0,0.0,0.0,0.0
63,2026-07-24 06:00:00+03:00,low,block_06_12,,0.0996883311093773,0,0,0,0.0,0.0,0.0
63,2026-07-24 12:00:00+03:00,low,block_12_18,,0.1477953697500191,0,0,0,0.0,0.0,0.0
63,2026-07-24 18:00:00+03:00,low,block_18_24,,0.1050557329389814,0,0,0,0.0,0.0,0.0
63,2026-07-25 06:00:00+03:00,low,block_06_12,,0.0965792792220824,0,0,0,0.0,0.0,0.0
63,2026-07-25 12:00:00+03:00,low,block_12_18,,0.1474319351489015,0,0,0,0.0,0.0,0.0
63,2026-07-25 18:00:00+03:00,low,block_18_24,,0.1035875475328302,0,0,0,0.0,0.0,0.0
63,2026-07-26 06:00:00+03:00,low,block_06_12,,0.0965792792220824,0,0,0,0.0,0.0,0.0
63,2026-07-26 12:00:00+03:00,low,block_12_18,,0.1474319351489015,0,0,0,0.0,0.0,0.0
63,2026-07-26 18:00:00+03:00,low,block_18_24,,0.1035875475328302,0,0,0,0.0,0.0,0.0
64,2026-07-20 06:00:00+03:00,low,block_06_12,,0.1178632392944055,0,0,0,0.0,0.0,0.0
64,2026-07-20 12:00:00+03:00,low,block_12_18,,0.1572037530276633,0,0,0,0.0,0.0,0.0
64,2026-07-20 18:00:00+03:00,low,block_18_24,,0.1276775278702667,0,0,0,0.0,0.0,0.0
64,2026-07-21 06:00:00+03:00,low,block_06_12,,0.0996883311093773,0,0,0,0.0,0.0,0.0
64,2026-07-21 12:00:00+03:00,low,block_12_18,,0.1428393107622362,0,0,0,0.0,0.0,0.0
64,2026-07-21 18:00:00+03:00,low,block_18_24,,0.1163171054098608,0,0,0,0.0,0.0,0.0
64,2026-07-22 06:00:00+03:00,low,block_06_12,,0.0996883311093773,0,0,0,0.0,0.0,0.0
64,2026-07-22 12:00:00+03:00,low,block_12_18,,0.1428393107622362,0,0,0,0.0,0.0,0.0
64,2026-07-22 18:00:00+03:00,low,block_18_24,,0.1163171054098608,0,0,0,0.0,0.0,0.0
64,2026-07-23 06:00:00+03:00,low,block_06_12,,0.0996883311093773,0,0,0,0.0,0.0,0.0
64,2026-07-23 12:00:00+03:00,low,block_12_18,,0.2127869491639539,0,0,0,0.0,0.0,0.0
64,2026-07-23 18:00:00+03:00,low,block_18_24,,0.1163171054098608,0,0,0,0.0,0.0,0.0
64,2026-07-24 06:00:00+03:00,low,block_06_12,,0.0996883311093773,0,0,0,0.0,0.0,0.0
64,2026-07-24 12:00:00+03:00,low,block_12_18,,0.1428393107622362,0,0,0,0.0,0.0,0.0
64,2026-07-24 18:00:00+03:00,low,block_18_24,,0.1829845810534816,0,0,0,0.0,0.0,0.0
64,2026-07-25 06:00:00+03:00,low,block_06_12,,0.0965792792220824,0,0,0,0.0,0.0,0.0
64,2026-07-25 12:00:00+03:00,low,block_12_18,,0.1424880633042232,0,0,0,0.0,0.0,0.0
64,2026-07-25 18:00:00+03:00,low,block_18_24,,0.1146915389427009,0,0,0,0.0,0.0,0.0
64,2026-07-26 06:00:00+03:00,low,block_06_12,,0.0965792792220824,0,0,0,0.0,0.0,0.0
64,2026-07-26 12:00:00+03:00,low,block_12_18,,0.1424880633042232,0,0,0,0.0,0.0,0.0
64,2026-07-26 18:00:00+03:00,low,block_18_24,,0.1146915389427009,0,0,0,0.0,0.0,0.0
65,2026-07-20 06:00:00+03:00,low,block_06_12,,0.1322310718644451,0,0,0,0.0,0.0,0.0
65,2026-07-20 12:00:00+03:00,low,block_12_18,,0.1715167385062173,0,0,0,0.0,0.0,0.0
65,2026-07-20 18:00:00+03:00,low,block_18_24,,0.1416589988340872,0,0,0,0.0,0.0,0.0
65,2026-07-21 06:00:00+03:00,low,block_06_12,,0.1118405955400919,0,0,0,0.0,0.0,0.0
65,2026-07-21 12:00:00+03:00,low,block_12_18,,0.1558444518058268,0,0,0,0.0,0.0,0.0
65,2026-07-21 18:00:00+03:00,low,block_18_24,,0.1290545405639631,0,0,0,0.0,0.0,0.0
65,2026-07-22 06:00:00+03:00,low,block_06_12,,0.1118405955400919,0,0,0,0.0,0.0,0.0
65,2026-07-22 12:00:00+03:00,low,block_12_18,,0.1558444518058268,0,0,0,0.0,0.0,0.0
65,2026-07-22 18:00:00+03:00,low,block_18_24,,0.1290545405639631,0,0,0,0.0,0.0,0.0
65,2026-07-23 06:00:00+03:00,low,block_06_12,,0.1118405955400919,0,0,0,0.0,0.0,0.0
65,2026-07-23 12:00:00+03:00,low,block_12_18,,0.1558444518058268,0,0,0,0.0,0.0,0.0
65,2026-07-23 18:00:00+03:00,low,block_18_24,,0.1290545405639631,0,0,0,0.0,0.0,0.0
65,2026-07-24 06:00:00+03:00,low,block_06_12,,0.1118405955400919,0,0,0,0.0,0.0,0.0
65,2026-07-24 12:00:00+03:00,low,block_12_18,,0.1558444518058268,0,0,0,0.0,0.0,0.0
65,2026-07-24 18:00:00+03:00,low,block_18_24,,0.1290545405639631,0,0,0,0.0,0.0,0.0
65,2026-07-25 06:00:00+03:00,low,block_06_12,,0.1092103646730739,0,0,0,0.0,0.0,0.0
65,2026-07-25 12:00:00+03:00,low,block_12_18,,0.1554612241967736,0,0,0,0.0,0.0,0.0
65,2026-07-25 18:00:00+03:00,low,block_18_24,,0.1276620971300263,0,0,0,0.0,0.0,0.0
65,2026-07-26 06:00:00+03:00,low,block_06_12,,0.1092103646730739,0,0,0,0.0,0.0,0.0
65,2026-07-26 12:00:00+03:00,low,block_12_18,,0.1554612241967736,0,0,0,0.0,0.0,0.0
65,2026-07-26 18:00:00+03:00,low,block_18_24,,0.1276620971300263,0,0,0,0.0,0.0,0.0
66,2026-07-20 06:00:00+03:00,low,block_06_12,,0.1296477438544356,0,0,0,0.0,0.0,0.0
66,2026-07-20 12:00:00+03:00,low,block_12_18,,0.1838743371715125,0,0,0,0.0,0.0,0.0
66,2026-07-20 18:00:00+03:00,low,block_18_24,,0.1367135661290339,0,0,0,0.0,0.0,0.0
66,2026-07-21 06:00:00+03:00,low,block_06_12,,0.1096556254037911,0,0,0,0.0,0.0,0.0
66,2026-07-21 12:00:00+03:00,low,block_12_18,,0.1670728788759902,0,0,0,0.0,0.0,0.0
66,2026-07-21 18:00:00+03:00,low,block_18_24,,0.124549139912444,0,0,0,0.0,0.0,0.0
66,2026-07-22 06:00:00+03:00,low,block_06_12,,0.1096556254037911,0,0,0,0.0,0.0,0.0
66,2026-07-22 12:00:00+03:00,low,block_12_18,,0.1670728788759902,0,0,0,0.0,0.0,0.0
66,2026-07-22 18:00:00+03:00,low,block_18_24,,0.124549139912444,0,0,0,0.0,0.0,0.0
66,2026-07-23 06:00:00+03:00,low,block_06_12,,0.1096556254037911,0,0,0,0.0,0.0,0.0
66,2026-07-23 12:00:00+03:00,low,block_12_18,,0.1670728788759902,0,0,0,0.0,0.0,0.0
66,2026-07-23 18:00:00+03:00,low,block_18_24,,0.124549139912444,0,0,0,0.0,0.0,0.0
66,2026-07-24 06:00:00+03:00,low,block_06_12,,0.1096556254037911,0,0,0,0.0,0.0,0.0
66,2026-07-24 12:00:00+03:00,low,block_12_18,,0.1670728788759902,0,0,0,0.0,0.0,0.0
66,2026-07-24 18:00:00+03:00,low,block_18_24,,0.1959348292509862,0,0,0,0.0,0.0,0.0
66,2026-07-25 06:00:00+03:00,low,block_06_12,,0.1062357163199475,0,0,0,0.0,0.0,0.0
66,2026-07-25 12:00:00+03:00,low,block_12_18,,0.1666620401251243,0,0,0,0.0,0.0,0.0
66,2026-07-25 18:00:00+03:00,low,block_18_24,,0.1228085282918069,0,0,0,0.0,0.0,0.0
66,2026-07-26 06:00:00+03:00,low,block_06_12,,0.1062357163199475,0,0,0,0.0,0.0,0.0
66,2026-07-26 12:00:00+03:00,low,block_12_18,,0.1666620401251243,0,0,0,0.0,0.0,0.0
66,2026-07-26 18:00:00+03:00,low,block_18_24,,0.1228085282918069,0,0,0,0.0,0.0,0.0
67,2026-07-20 06:00:00+03:00,low,block_06_12,,0.1087086762769722,0,0,0,0.0,0.0,0.0
67,2026-07-20 12:00:00+03:00,low,block_12_18,,0.1294642546283643,0,0,0,0.0,0.0,0.0
67,2026-07-20 18:00:00+03:00,low,block_18_24,,0.1029655080586265,0,0,0,0.0,0.0,0.0
67,2026-07-21 06:00:00+03:00,low,block_06_12,,0.0919454325202421,0,0,0,0.0,0.0,0.0
67,2026-07-21 12:00:00+03:00,low,block_12_18,,0.1176345000886082,0,0,0,0.0,0.0,0.0
67,2026-07-21 18:00:00+03:00,low,block_18_24,,0.0938038984166785,0,0,0,0.0,0.0,0.0
67,2026-07-22 06:00:00+03:00,low,block_06_12,,0.0919454325202421,0,0,0,0.0,0.0,0.0
67,2026-07-22 12:00:00+03:00,low,block_12_18,,0.1176345000886082,0,0,0,0.0,0.0,0.0
67,2026-07-22 18:00:00+03:00,low,block_18_24,,0.0938038984166785,0,0,0,0.0,0.0,0.0
67,2026-07-23 06:00:00+03:00,low,block_06_12,,0.0919454325202421,0,0,0,0.0,0.0,0.0
67,2026-07-23 12:00:00+03:00,low,block_12_18,,0.1176345000886082,0,0,0,0.0,0.0,0.0
67,2026-07-23 18:00:00+03:00,low,block_18_24,,0.0938038984166785,0,0,0,0.0,0.0,0.0
67,2026-07-24 06:00:00+03:00,low,block_06_12,,0.0919454325202421,0,0,0,0.0,0.0,0.0
67,2026-07-24 12:00:00+03:00,low,block_12_18,,0.1176345000886082,0,0,0,0.0,0.0,0.0
67,2026-07-24 18:00:00+03:00,low,block_18_24,,0.0938038984166785,0,0,0,0.0,0.0,0.0
67,2026-07-25 06:00:00+03:00,low,block_06_12,,0.0890778639961833,0,0,0,0.0,0.0,0.0
67,2026-07-25 12:00:00+03:00,low,block_12_18,,0.1173452322469318,0,0,0,0.0,0.0,0.0
67,2026-07-25 18:00:00+03:00,low,block_18_24,,0.0924929607758413,0,0,0,0.0,0.0,0.0
67,2026-07-26 06:00:00+03:00,low,block_06_12,,0.0890778639961833,0,0,0,0.0,0.0,0.0
67,2026-07-26 12:00:00+03:00,low,block_12_18,,0.1173452322469318,0,0,0,0.0,0.0,0.0
67,2026-07-26 18:00:00+03:00,low,block_18_24,,0.0924929607758413,0,0,0,0.0,0.0,0.0
68,2026-07-20 06:00:00+03:00,low,block_06_12,,0.1599865359794215,0,0,0,0.0,0.0,0.0
68,2026-07-20 12:00:00+03:00,low,block_12_18,,0.1746071748890046,0,0,0,0.0,0.0,0.0
68,2026-07-20 18:00:00+03:00,low,block_18_24,,0.1248014755827318,0,0,0,0.0,0.0,0.0
68,2026-07-21 06:00:00+03:00,low,block_06_12,,0.1353160736734979,0,0,0,0.0,0.0,0.0
68,2026-07-21 12:00:00+03:00,low,block_12_18,,0.2363437725321366,0,0,0,0.0,0.0,0.0
68,2026-07-21 18:00:00+03:00,low,block_18_24,,0.1136969569571637,0,0,0,0.0,0.0,0.0
68,2026-07-22 06:00:00+03:00,low,block_06_12,,0.1353160736734979,0,0,0,0.0,0.0,0.0
68,2026-07-22 12:00:00+03:00,low,block_12_18,,0.1586525005601984,0,0,0,0.0,0.0,0.0
68,2026-07-22 18:00:00+03:00,low,block_18_24,,0.1136969569571637,0,0,0,0.0,0.0,0.0
68,2026-07-23 06:00:00+03:00,low,block_06_12,,0.1353160736734979,0,0,0,0.0,0.0,0.0
68,2026-07-23 12:00:00+03:00,low,block_12_18,,0.1586525005601984,0,0,0,0.0,0.0,0.0
68,2026-07-23 18:00:00+03:00,low,block_18_24,,0.1136969569571637,0,0,0,0.0,0.0,0.0
68,2026-07-24 06:00:00+03:00,low,block_06_12,,0.2170150314308171,0,0,0,0.0,0.0,0.0
68,2026-07-24 12:00:00+03:00,low,block_12_18,,0.2363437725321366,0,0,0,0.0,0.0,0.0
68,2026-07-24 18:00:00+03:00,low,block_18_24,,0.1136969569571637,0,0,0,0.0,0.0,0.0
68,2026-07-25 06:00:00+03:00,low,block_06_12,,0.1304159603994773,0,0,0,0.0,0.0,0.0
68,2026-07-25 12:00:00+03:00,low,block_12_18,,0.2358475022275807,0,0,0,0.0,0.0,0.0
68,2026-07-25 18:00:00+03:00,low,block_18_24,,0.1121080078512138,0,0,0,0.0,0.0,0.0
68,2026-07-26 06:00:00+03:00,low,block_06_12,,0.1304159603994773,0,0,0,0.0,0.0,0.0
68,2026-07-26 12:00:00+03:00,low,block_12_18,,0.1582623678493095,0,0,0,0.0,0.0,0.0
68,2026-07-26 18:00:00+03:00,low,block_18_24,,0.1121080078512138,0,0,0,0.0,0.0,0.0
69,2026-07-20 00:00:00+03:00,mega,deep_night,,3.0500269110058493,1,0,1,0.0,0.0,0.0
69,2026-07-20 03:00:00+03:00,mega,opening,,4.020345619703746,1,1,2,0.0,0.0,0.0
69,2026-07-20 06:00:00+03:00,mega,early_morning,,8.776683247553956,4,3,7,0.0,0.0,0.0
69,2026-07-20 09:00:00+03:00,mega,morning,,17.9869641432266,3,4,7,3.0,2.0,5.0
69,2026-07-20 12:00:00+03:00,mega,lunch,,39.19281434611885,3,4,7,3.0,2.0,5.0
69,2026-07-20 15:00:00+03:00,mega,afternoon,,22.55487876624792,3,4,7,4.0,2.0,6.0
69,2026-07-20 18:00:00+03:00,mega,dinner,,21.27059985601248,2,3,5,2.0,2.0,4.0
69,2026-07-20 21:00:00+03:00,mega,late_evening,,9.746464402368504,1,1,2,1.0,1.0,2.0
69,2026-07-21 00:00:00+03:00,mega,deep_night,,3.4389305140299373,1,0,1,0.0,0.0,0.0
69,2026-07-21 03:00:00+03:00,mega,opening,,4.272800558600879,1,1,2,0.0,0.0,0.0
69,2026-07-21 06:00:00+03:00,mega,early_morning,,9.254939305880388,4,3,7,0.0,0.0,0.0
69,2026-07-21 09:00:00+03:00,mega,morning,,18.11198948623821,3,4,7,3.0,3.0,6.0
69,2026-07-21 12:00:00+03:00,mega,lunch,,38.67830068677891,3,4,7,3.0,3.0,6.0
69,2026-07-21 15:00:00+03:00,mega,afternoon,,22.32608909331473,3,4,7,4.0,3.0,7.0
69,2026-07-21 18:00:00+03:00,mega,dinner,,21.638615753999293,2,3,5,3.0,3.0,6.0
69,2026-07-21 21:00:00+03:00,mega,late_evening,,10.020856621583444,1,2,3,2.0,2.0,4.0
69,2026-07-22 00:00:00+03:00,mega,deep_night,,3.294703407800529,1,0,1,0.0,0.0,0.0
69,2026-07-22 03:00:00+03:00,mega,opening,,4.366873902501434,1,1,2,0.0,0.0,0.0
69,2026-07-22 06:00:00+03:00,mega,early_morning,,9.427188775558127,4,3,7,0.0,0.0,0.0
69,2026-07-22 09:00:00+03:00,mega,morning,,18.09739086224123,3,4,7,3.0,3.0,6.0
69,2026-07-22 12:00:00+03:00,mega,lunch,,38.418865441707936,3,4,7,3.0,3.0,6.0
69,2026-07-22 15:00:00+03:00,mega,afternoon,,21.89330599886548,3,4,7,3.0,3.0,6.0
69,2026-07-22 18:00:00+03:00,mega,dinner,,21.892062761724347,2,3,5,2.0,3.0,5.0
69,2026-07-22 21:00:00+03:00,mega,late_evening,,9.879777061009529,1,1,2,2.0,2.0,4.0
69,2026-07-23 00:00:00+03:00,mega,deep_night,,3.298827725631526,1,0,1,0.0,0.0,0.0
69,2026-07-23 03:00:00+03:00,mega,opening,,4.3069827442012345,1,1,2,0.0,0.0,0.0
69,2026-07-23 06:00:00+03:00,mega,early_morning,,8.970600139923814,4,3,7,0.0,0.0,0.0
69,2026-07-23 09:00:00+03:00,mega,morning,,18.22856474713336,3,4,7,0.0,0.0,0.0
69,2026-07-23 12:00:00+03:00,mega,lunch,,38.79025694069002,3,4,7,0.0,0.0,0.0
69,2026-07-23 15:00:00+03:00,mega,afternoon,,21.84425361260732,3,4,7,0.0,0.0,0.0
69,2026-07-23 18:00:00+03:00,mega,dinner,,21.625449079639782,2,3,5,0.0,0.0,0.0
69,2026-07-23 21:00:00+03:00,mega,late_evening,,9.928231091514204,1,1,2,0.0,0.0,0.0
69,2026-07-24 00:00:00+03:00,mega,deep_night,,3.305809745507883,1,0,1,0.0,0.0,0.0
69,2026-07-24 03:00:00+03:00,mega,opening,,4.321907196665109,1,1,2,0.0,0.0,0.0
69,2026-07-24 06:00:00+03:00,mega,early_morning,,9.181446482690006,4,3,7,0.0,0.0,0.0
69,2026-07-24 09:00:00+03:00,mega,morning,,18.96037036756089,4,4,8,0.0,0.0,0.0
69,2026-07-24 12:00:00+03:00,mega,lunch,,40.376235856189496,3,4,7,0.0,0.0,0.0
69,2026-07-24 15:00:00+03:00,mega,afternoon,,22.065036573965777,3,4,7,0.0,0.0,0.0
69,2026-07-24 18:00:00+03:00,mega,dinner,,21.82294695380034,2,3,5,0.0,0.0,0.0
69,2026-07-24 21:00:00+03:00,mega,late_evening,,10.489930696099025,1,2,3,0.0,0.0,0.0
69,2026-07-25 00:00:00+03:00,mega,deep_night,,3.205128884736722,1,0,1,0.0,0.0,0.0
69,2026-07-25 03:00:00+03:00,mega,opening,,3.709335369085803,1,1,2,0.0,0.0,0.0
69,2026-07-25 06:00:00+03:00,mega,early_morning,,10.324792681560048,4,4,8,0.0,0.0,0.0
69,2026-07-25 09:00:00+03:00,mega,morning,,21.2015674984744,4,4,8,0.0,0.0,0.0
69,2026-07-25 12:00:00+03:00,mega,lunch,,42.21572103671828,4,4,8,0.0,0.0,0.0
69,2026-07-25 15:00:00+03:00,mega,afternoon,,20.609398990725907,3,4,7,0.0,0.0,0.0
69,2026-07-25 18:00:00+03:00,mega,dinner,,19.451795016164283,2,3,5,0.0,0.0,0.0
69,2026-07-25 21:00:00+03:00,mega,late_evening,,8.301824139964474,1,1,2,0.0,0.0,0.0
69,2026-07-26 00:00:00+03:00,mega,deep_night,,3.1396688347190613,1,0,1,0.0,0.0,0.0
69,2026-07-26 03:00:00+03:00,mega,opening,,3.573043045922315,1,1,2,0.0,0.0,0.0
69,2026-07-26 06:00:00+03:00,mega,early_morning,,8.479293053665268,4,3,7,0.0,0.0,0.0
69,2026-07-26 09:00:00+03:00,mega,morning,,19.89782375411757,4,4,8,0.0,0.0,0.0
69,2026-07-26 12:00:00+03:00,mega,lunch,,43.30983819313684,4,4,8,0.0,0.0,0.0
69,2026-07-26 15:00:00+03:00,mega,afternoon,,20.70712775140957,3,4,7,0.0,0.0,0.0
69,2026-07-26 18:00:00+03:00,mega,dinner,,19.716041475073936,2,3,5,0.0,0.0,0.0
69,2026-07-26 21:00:00+03:00,mega,late_evening,,8.628292789432756,1,1,2,0.0,0.0,0.0
7,2026-07-20 00:00:00+03:00,mega,deep_night,,6.884970523930083,1,0,1,1.0,0.0,1.0
7,2026-07-20 03:00:00+03:00,mega,opening,,8.107821810973936,1,2,3,1.0,0.0,1.0
7,2026-07-20 06:00:00+03:00,mega,early_morning,,6.044530153952064,3,2,5,1.0,1.0,2.0
7,2026-07-20 09:00:00+03:00,mega,morning,,9.139955639475644,2,2,4,3.0,1.0,4.0
7,2026-07-20 12:00:00+03:00,mega,lunch,,20.28873422077076,2,3,5,3.0,1.0,4.0
7,2026-07-20 15:00:00+03:00,mega,afternoon,,11.46876044967643,1,3,4,4.0,2.0,6.0
7,2026-07-20 18:00:00+03:00,mega,dinner,,10.3105152812457,1,2,3,4.0,2.0,6.0
7,2026-07-20 21:00:00+03:00,mega,late_evening,,7.474197789585494,1,1,2,2.0,1.0,3.0
7,2026-07-21 00:00:00+03:00,mega,deep_night,,10.557660198132153,1,0,1,1.0,0.0,1.0
7,2026-07-21 03:00:00+03:00,mega,opening,,9.312557319189736,2,2,4,1.0,0.0,1.0
7,2026-07-21 06:00:00+03:00,mega,early_morning,,6.143745305473662,3,2,5,2.0,1.0,3.0
7,2026-07-21 09:00:00+03:00,mega,morning,,9.32351070254416,2,2,4,3.0,2.0,5.0
7,2026-07-21 12:00:00+03:00,mega,lunch,,20.28873422077076,2,3,5,3.0,2.0,5.0
7,2026-07-21 15:00:00+03:00,mega,afternoon,,10.61843017013372,1,3,4,4.0,2.0,6.0
7,2026-07-21 18:00:00+03:00,mega,dinner,,10.3105152812457,1,2,3,4.0,2.0,6.0
7,2026-07-21 21:00:00+03:00,mega,late_evening,,7.341123642250525,1,1,2,3.0,1.0,4.0
7,2026-07-22 00:00:00+03:00,mega,deep_night,,7.055856311290181,1,0,1,0.0,0.0,0.0
7,2026-07-22 03:00:00+03:00,mega,opening,,8.031006708608546,1,2,3,0.0,0.0,0.0
7,2026-07-22 06:00:00+03:00,mega,early_morning,,6.342892208290324,3,2,5,2.0,1.0,3.0
7,2026-07-22 09:00:00+03:00,mega,morning,,9.83043527246338,2,2,4,2.0,2.0,4.0
7,2026-07-22 12:00:00+03:00,mega,lunch,,20.985962868091637,2,3,5,3.0,2.0,5.0
7,2026-07-22 15:00:00+03:00,mega,afternoon,,9.64756851605695,1,3,4,4.0,2.0,6.0
7,2026-07-22 18:00:00+03:00,mega,dinner,,9.912551754928591,1,2,3,5.0,2.0,7.0
7,2026-07-22 21:00:00+03:00,mega,late_evening,,6.817942266168645,1,1,2,4.0,1.0,5.0
7,2026-07-23 00:00:00+03:00,mega,deep_night,,7.622023374753327,1,0,1,0.0,0.0,0.0
7,2026-07-23 03:00:00+03:00,mega,opening,,8.599633417865947,2,2,4,0.0,0.0,0.0
7,2026-07-23 06:00:00+03:00,mega,early_morning,,6.4942468169827015,3,2,5,0.0,0.0,0.0
7,2026-07-23 09:00:00+03:00,mega,morning,,11.138306919721714,3,2,5,0.0,0.0,0.0
7,2026-07-23 12:00:00+03:00,mega,lunch,,21.59127240925482,2,3,5,0.0,0.0,0.0
7,2026-07-23 15:00:00+03:00,mega,afternoon,,11.06816572958977,1,3,4,0.0,0.0,0.0
7,2026-07-23 18:00:00+03:00,mega,dinner,,9.203528001890533,1,2,3,0.0,0.0,0.0
7,2026-07-23 21:00:00+03:00,mega,late_evening,,7.656598317080458,1,1,2,0.0,0.0,0.0
7,2026-07-24 00:00:00+03:00,mega,deep_night,,7.059687558672573,1,0,1,0.0,0.0,0.0
7,2026-07-24 03:00:00+03:00,mega,opening,,7.547903870802017,1,2,3,0.0,0.0,0.0
7,2026-07-24 06:00:00+03:00,mega,early_morning,,6.36098571506342,3,2,5,0.0,0.0,0.0
7,2026-07-24 09:00:00+03:00,mega,morning,,10.015725689854868,2,2,4,0.0,0.0,0.0
7,2026-07-24 12:00:00+03:00,mega,lunch,,21.098965276309585,2,3,5,0.0,0.0,0.0
7,2026-07-24 15:00:00+03:00,mega,afternoon,,10.656340021558488,1,3,4,0.0,0.0,0.0
7,2026-07-24 18:00:00+03:00,mega,dinner,,10.342313849216564,1,2,3,0.0,0.0,0.0
7,2026-07-24 21:00:00+03:00,mega,late_evening,,7.619599347876486,1,1,2,0.0,0.0,0.0
7,2026-07-25 00:00:00+03:00,mega,deep_night,,7.620470312510003,1,0,1,0.0,0.0,0.0
7,2026-07-25 03:00:00+03:00,mega,opening,,6.184659035754957,1,2,3,0.0,0.0,0.0
7,2026-07-25 06:00:00+03:00,mega,early_morning,,6.252753247058303,3,2,5,0.0,0.0,0.0
7,2026-07-25 09:00:00+03:00,mega,morning,,10.278437684633086,2,2,4,0.0,0.0,0.0
7,2026-07-25 12:00:00+03:00,mega,lunch,,15.16698580565457,2,2,4,0.0,0.0,0.0
7,2026-07-25 15:00:00+03:00,mega,afternoon,,9.560898685107222,1,3,4,0.0,0.0,0.0
7,2026-07-25 18:00:00+03:00,mega,dinner,,8.71134494471695,1,2,3,0.0,0.0,0.0
7,2026-07-25 21:00:00+03:00,mega,late_evening,,7.199152517872044,1,1,2,0.0,0.0,0.0
7,2026-07-26 00:00:00+03:00,mega,deep_night,,8.12112156232658,1,0,1,0.0,0.0,0.0
7,2026-07-26 03:00:00+03:00,mega,opening,,6.550786435954613,1,2,3,0.0,0.0,0.0
7,2026-07-26 06:00:00+03:00,mega,early_morning,,5.793195569506558,3,2,5,0.0,0.0,0.0
7,2026-07-26 09:00:00+03:00,mega,morning,,8.722880659035987,2,2,4,0.0,0.0,0.0
7,2026-07-26 12:00:00+03:00,mega,lunch,,15.48968524983498,2,2,4,0.0,0.0,0.0
7,2026-07-26 15:00:00+03:00,mega,afternoon,,9.070282978827551,1,3,4,0.0,0.0,0.0
7,2026-07-26 18:00:00+03:00,mega,dinner,,8.817304217863398,1,2,3,0.0,0.0,0.0
7,2026-07-26 21:00:00+03:00,mega,late_evening,,6.4673876559754815,1,1,2,0.0,0.0,0.0
70,2026-07-20 12:00:00+03:00,medium,block_12_18,,0.8778107702394875,0,0,0,0.0,0.0,0.0
70,2026-07-20 18:00:00+03:00,medium,block_18_24,,0.6120825946415457,0,0,0,0.0,0.0,0.0
70,2026-07-21 12:00:00+03:00,medium,block_12_18,,0.8170857592754962,0,0,0,0.0,0.0,0.0
70,2026-07-21 18:00:00+03:00,medium,block_18_24,,0.5883196283492796,0,0,0,0.0,0.0,0.0
70,2026-07-22 12:00:00+03:00,medium,block_12_18,,0.8170857592754962,0,0,0,0.0,0.0,0.0
70,2026-07-22 18:00:00+03:00,medium,block_18_24,,0.5883196283492796,0,0,0,0.0,0.0,0.0
70,2026-07-23 12:00:00+03:00,medium,block_12_18,,0.8170857592754962,0,0,0,0.0,0.0,0.0
70,2026-07-23 18:00:00+03:00,medium,block_18_24,,0.5883196283492796,0,0,0,0.0,0.0,0.0
70,2026-07-24 12:00:00+03:00,medium,block_12_18,,0.8170857592754962,0,0,0,0.0,0.0,0.0
70,2026-07-24 18:00:00+03:00,medium,block_18_24,,0.5883196283492796,0,0,0,0.0,0.0,0.0
70,2026-07-25 12:00:00+03:00,medium,block_12_18,,0.7722362067324736,0,0,0,0.0,0.0,0.0
70,2026-07-25 18:00:00+03:00,medium,block_18_24,,0.5775498288911483,0,0,0,0.0,0.0,0.0
70,2026-07-26 12:00:00+03:00,medium,block_12_18,,0.7722362067324736,0,0,0,0.0,0.0,0.0
70,2026-07-26 18:00:00+03:00,medium,block_18_24,,0.5775498288911483,0,0,0,0.0,0.0,0.0
72,2026-07-20 12:00:00+03:00,medium,block_12_18,,0.8153512703252946,0,0,0,0.0,0.0,0.0
72,2026-07-20 18:00:00+03:00,medium,block_18_24,,0.5907589070257311,0,0,0,0.0,0.0,0.0
72,2026-07-21 12:00:00+03:00,medium,block_12_18,,0.7544719804830555,0,0,0,0.0,0.0,0.0
72,2026-07-21 18:00:00+03:00,medium,block_18_24,,0.5709696612046691,0,0,0,0.0,0.0,0.0
72,2026-07-22 12:00:00+03:00,medium,block_12_18,,0.7544719804830555,0,0,0,0.0,0.0,0.0
72,2026-07-22 18:00:00+03:00,medium,block_18_24,,0.5709696612046691,0,0,0,0.0,0.0,0.0
72,2026-07-23 12:00:00+03:00,medium,block_12_18,,0.7544719804830555,0,0,0,0.0,0.0,0.0
72,2026-07-23 18:00:00+03:00,medium,block_18_24,,0.5709696612046691,0,0,0,0.0,0.0,0.0
72,2026-07-24 00:00:00+03:00,medium,block_00_06,,0.0,0,0,0,0.0,0.0,0.0
72,2026-07-24 12:00:00+03:00,medium,block_12_18,,0.733707841408939,0,0,0,0.0,0.0,0.0
72,2026-07-24 18:00:00+03:00,medium,block_18_24,,0.628762299223577,0,0,0,0.0,0.0,0.0
72,2026-07-25 00:00:00+03:00,medium,block_00_06,,0.0,0,0,0,0.0,0.0,0.0
72,2026-07-25 12:00:00+03:00,medium,block_12_18,,0.7193346629286821,0,0,0,0.0,0.0,0.0
72,2026-07-25 18:00:00+03:00,medium,block_18_24,,0.6266894739540733,0,0,0,0.0,0.0,0.0
72,2026-07-26 12:00:00+03:00,medium,block_12_18,,0.7398540857941247,0,0,0,0.0,0.0,0.0
72,2026-07-26 18:00:00+03:00,medium,block_18_24,,0.566763439965723,0,0,0,0.0,0.0,0.0
8,2026-07-20 00:00:00+03:00,mega,deep_night,,3.4517037367169245,1,0,1,0.0,0.0,0.0
8,2026-07-20 03:00:00+03:00,mega,opening,,2.458755165256658,0,1,1,0.0,0.0,0.0
8,2026-07-20 06:00:00+03:00,mega,early_morning,,6.403511929641985,0,3,3,0.0,0.0,0.0
8,2026-07-20 09:00:00+03:00,mega,morning,,13.996128100569711,2,3,5,0.0,3.0,3.0
8,2026-07-20 12:00:00+03:00,mega,lunch,,28.47785720781753,0,4,4,0.0,3.0,3.0
8,2026-07-20 15:00:00+03:00,mega,afternoon,,12.718642703178649,1,3,4,0.0,3.0,3.0
8,2026-07-20 18:00:00+03:00,mega,dinner,,13.959703570316064,0,3,3,1.0,2.0,3.0
8,2026-07-20 21:00:00+03:00,mega,late_evening,,6.519426525966898,0,2,2,1.0,1.0,2.0
8,2026-07-21 00:00:00+03:00,mega,deep_night,,3.912110903008119,1,0,1,0.0,0.0,0.0
8,2026-07-21 03:00:00+03:00,mega,opening,,2.4656963516751884,0,1,1,0.0,0.0,0.0
8,2026-07-21 06:00:00+03:00,mega,early_morning,,6.625604741960819,0,3,3,0.0,0.0,0.0
8,2026-07-21 09:00:00+03:00,mega,morning,,13.996128100569711,2,3,5,0.0,4.0,4.0
8,2026-07-21 12:00:00+03:00,mega,lunch,,24.75555322045996,0,4,4,0.0,4.0,4.0
8,2026-07-21 15:00:00+03:00,mega,afternoon,,14.21510459121917,1,3,4,0.0,3.0,3.0
8,2026-07-21 18:00:00+03:00,mega,dinner,,12.843634106602517,0,2,2,1.0,3.0,4.0
8,2026-07-21 21:00:00+03:00,mega,late_evening,,6.91942593981342,0,2,2,1.0,1.0,2.0
8,2026-07-22 00:00:00+03:00,mega,deep_night,,3.659332724701788,1,0,1,0.0,0.0,0.0
8,2026-07-22 03:00:00+03:00,mega,opening,,2.2563485555910017,0,1,1,0.0,0.0,0.0
8,2026-07-22 06:00:00+03:00,mega,early_morning,,6.813594694854143,0,3,3,0.0,0.0,0.0
8,2026-07-22 09:00:00+03:00,mega,morning,,13.831002496835175,2,3,5,0.0,4.0,4.0
8,2026-07-22 12:00:00+03:00,mega,lunch,,24.40500855553175,0,4,4,0.0,4.0,4.0
8,2026-07-22 15:00:00+03:00,mega,afternoon,,12.639105939704038,1,3,4,0.0,3.0,3.0
8,2026-07-22 18:00:00+03:00,mega,dinner,,14.021484168007593,0,3,3,1.0,3.0,4.0
8,2026-07-22 21:00:00+03:00,mega,late_evening,,6.553784870066828,0,2,2,1.0,1.0,2.0
8,2026-07-23 00:00:00+03:00,mega,deep_night,,3.6635350623695766,1,0,1,0.0,0.0,0.0
8,2026-07-23 03:00:00+03:00,mega,opening,,2.8900052381946075,0,2,2,0.0,0.0,0.0
8,2026-07-23 06:00:00+03:00,mega,early_morning,,6.811990203433965,0,3,3,0.0,0.0,0.0
8,2026-07-23 09:00:00+03:00,mega,morning,,12.691166368850682,1,3,4,0.0,0.0,0.0
8,2026-07-23 12:00:00+03:00,mega,lunch,,28.45659169105654,0,4,4,0.0,0.0,0.0
8,2026-07-23 15:00:00+03:00,mega,afternoon,,13.60300754761819,1,3,4,0.0,0.0,0.0
8,2026-07-23 18:00:00+03:00,mega,dinner,,14.021300685108391,0,3,3,0.0,0.0,0.0
8,2026-07-23 21:00:00+03:00,mega,late_evening,,6.5597660821863,0,2,2,0.0,0.0,0.0
8,2026-07-24 00:00:00+03:00,mega,deep_night,,3.6691825324689327,1,0,1,0.0,0.0,0.0
8,2026-07-24 03:00:00+03:00,mega,opening,,2.483403243354993,0,1,1,0.0,0.0,0.0
8,2026-07-24 06:00:00+03:00,mega,early_morning,,6.460447690804811,0,3,3,0.0,0.0,0.0
8,2026-07-24 09:00:00+03:00,mega,morning,,13.135797434113378,1,3,4,0.0,0.0,0.0
8,2026-07-24 12:00:00+03:00,mega,lunch,,24.95473923379025,0,4,4,0.0,0.0,0.0
8,2026-07-24 15:00:00+03:00,mega,afternoon,,12.094126783288283,1,3,4,0.0,0.0,0.0
8,2026-07-24 18:00:00+03:00,mega,dinner,,13.002290230333651,0,2,2,0.0,0.0,0.0
8,2026-07-24 21:00:00+03:00,mega,late_evening,,6.955724679782427,0,2,2,0.0,0.0,0.0
8,2026-07-25 00:00:00+03:00,mega,deep_night,,3.6026690960313994,1,0,1,0.0,0.0,0.0
8,2026-07-25 03:00:00+03:00,mega,opening,,1.81017259502644,0,1,1,0.0,0.0,0.0
8,2026-07-25 06:00:00+03:00,mega,early_morning,,6.615437234885337,0,3,3,0.0,0.0,0.0
8,2026-07-25 09:00:00+03:00,mega,morning,,15.959032478816018,2,3,5,0.0,0.0,0.0
8,2026-07-25 12:00:00+03:00,mega,lunch,,21.931153321949274,0,3,3,0.0,0.0,0.0
8,2026-07-25 15:00:00+03:00,mega,afternoon,,11.89402270083571,1,3,4,0.0,0.0,0.0
8,2026-07-25 18:00:00+03:00,mega,dinner,,11.241019545791884,0,2,2,0.0,0.0,0.0
8,2026-07-25 21:00:00+03:00,mega,late_evening,,6.017277940379479,0,2,2,0.0,0.0,0.0
8,2026-07-26 00:00:00+03:00,mega,deep_night,,3.535759926035551,1,0,1,0.0,0.0,0.0
8,2026-07-26 03:00:00+03:00,mega,opening,,2.060313892083935,0,1,1,0.0,0.0,0.0
8,2026-07-26 06:00:00+03:00,mega,early_morning,,5.047221165022865,0,3,3,0.0,0.0,0.0
8,2026-07-26 09:00:00+03:00,mega,morning,,13.836938644783304,2,3,5,0.0,0.0,0.0
8,2026-07-26 12:00:00+03:00,mega,lunch,,25.66401616490122,0,4,4,0.0,0.0,0.0
8,2026-07-26 15:00:00+03:00,mega,afternoon,,11.682743774920937,1,3,4,0.0,0.0,0.0
8,2026-07-26 18:00:00+03:00,mega,dinner,,11.392542250223064,0,2,2,0.0,0.0,0.0
8,2026-07-26 21:00:00+03:00,mega,late_evening,,5.789229067210504,0,2,2,0.0,0.0,0.0
9,2026-07-20 00:00:00+03:00,high,deep_night,,2.714669208326788,0,1,1,0.0,0.0,0.0
9,2026-07-20 03:00:00+03:00,high,opening,,3.129890408620335,0,2,2,0.0,0.0,0.0
9,2026-07-20 06:00:00+03:00,high,early_morning,,2.0440179073726634,1,1,2,0.0,0.0,0.0
9,2026-07-20 09:00:00+03:00,high,morning,,3.318972163419471,1,1,2,1.0,0.0,1.0
9,2026-07-20 12:00:00+03:00,high,lunch,,7.171370608063739,1,1,2,3.0,0.0,3.0
9,2026-07-20 15:00:00+03:00,high,afternoon,,5.869390586756864,1,1,2,2.0,0.0,2.0
9,2026-07-20 18:00:00+03:00,high,dinner,,8.579869308724836,1,1,2,2.0,0.0,2.0
9,2026-07-20 21:00:00+03:00,high,late_evening,,4.637337456722679,1,1,2,2.0,0.0,2.0
9,2026-07-21 00:00:00+03:00,high,deep_night,,2.974002195551452,0,1,1,0.0,0.0,0.0
9,2026-07-21 03:00:00+03:00,high,opening,,3.215954021422188,0,2,2,0.0,0.0,0.0
9,2026-07-21 06:00:00+03:00,high,early_morning,,2.152772906995798,1,1,2,0.0,0.0,0.0
9,2026-07-21 09:00:00+03:00,high,morning,,3.5036825055683707,1,1,2,3.0,0.0,3.0
9,2026-07-21 12:00:00+03:00,high,lunch,,7.61495248940914,1,1,2,4.0,0.0,4.0
9,2026-07-21 15:00:00+03:00,high,afternoon,,6.373484652189103,1,1,2,3.0,0.0,3.0
9,2026-07-21 18:00:00+03:00,high,dinner,,8.198630682271721,1,1,2,3.0,0.0,3.0
9,2026-07-21 21:00:00+03:00,high,late_evening,,5.162414363490419,1,1,2,2.0,0.0,2.0
9,2026-07-22 00:00:00+03:00,high,deep_night,,2.8010822516818656,0,1,1,0.0,0.0,0.0
9,2026-07-22 03:00:00+03:00,high,opening,,3.2569818201384804,0,2,2,0.0,0.0,0.0
9,2026-07-22 06:00:00+03:00,high,early_morning,,1.9655119914272543,1,1,2,0.0,0.0,0.0
9,2026-07-22 09:00:00+03:00,high,morning,,3.5244670679595185,1,1,2,2.0,0.0,2.0
9,2026-07-22 12:00:00+03:00,high,lunch,,7.640145477167073,1,1,2,4.0,0.0,4.0
9,2026-07-22 15:00:00+03:00,high,afternoon,,6.060262648601424,1,1,2,2.0,0.0,2.0
9,2026-07-22 18:00:00+03:00,high,dinner,,8.238910727303423,1,1,2,2.0,0.0,2.0
9,2026-07-22 21:00:00+03:00,high,late_evening,,5.698087063689703,1,1,2,2.0,0.0,2.0
9,2026-07-23 00:00:00+03:00,high,deep_night,,2.804298983895735,0,1,1,0.0,0.0,0.0
9,2026-07-23 03:00:00+03:00,high,opening,,3.250301944413016,0,2,2,0.0,0.0,0.0
9,2026-07-23 06:00:00+03:00,high,early_morning,,2.6785416572876843,2,1,3,0.0,0.0,0.0
9,2026-07-23 09:00:00+03:00,high,morning,,3.694098321409869,1,1,2,0.0,0.0,0.0
9,2026-07-23 12:00:00+03:00,high,lunch,,7.535578082939016,1,1,2,0.0,0.0,0.0
9,2026-07-23 15:00:00+03:00,high,afternoon,,6.531095895552673,1,1,2,0.0,0.0,0.0
9,2026-07-23 18:00:00+03:00,high,dinner,,8.29453390873225,1,1,2,0.0,0.0,0.0
9,2026-07-23 21:00:00+03:00,high,late_evening,,6.134861493163927,1,1,2,0.0,0.0,0.0
9,2026-07-24 00:00:00+03:00,high,deep_night,,2.8078645953584767,0,1,1,0.0,0.0,0.0
9,2026-07-24 03:00:00+03:00,high,opening,,3.2588144969052024,0,2,2,0.0,0.0,0.0
9,2026-07-24 06:00:00+03:00,high,early_morning,,2.3162567620150343,1,1,2,0.0,0.0,0.0
9,2026-07-24 09:00:00+03:00,high,morning,,3.535438878087024,1,1,2,0.0,0.0,0.0
9,2026-07-24 12:00:00+03:00,high,lunch,,7.505148478900936,1,1,2,0.0,0.0,0.0
9,2026-07-24 15:00:00+03:00,high,afternoon,,7.194974910231042,2,1,3,0.0,0.0,0.0
9,2026-07-24 18:00:00+03:00,high,dinner,,8.279103803971138,1,1,2,0.0,0.0,0.0
9,2026-07-24 21:00:00+03:00,high,late_evening,,6.52428641275279,1,1,2,0.0,0.0,0.0
9,2026-07-25 00:00:00+03:00,high,deep_night,,3.297448507244883,0,1,1,0.0,0.0,0.0
9,2026-07-25 03:00:00+03:00,high,opening,,3.303401635529463,0,2,2,0.0,0.0,0.0
9,2026-07-25 06:00:00+03:00,high,early_morning,,3.0225776187462534,2,1,3,0.0,0.0,0.0
9,2026-07-25 09:00:00+03:00,high,morning,,5.816250853331834,2,1,3,0.0,0.0,0.0
9,2026-07-25 12:00:00+03:00,high,lunch,,10.170904366279167,2,1,3,0.0,0.0,0.0
9,2026-07-25 15:00:00+03:00,high,afternoon,,6.738004471335722,1,1,2,0.0,0.0,0.0
9,2026-07-25 18:00:00+03:00,high,dinner,,8.626466527799945,1,1,2,0.0,0.0,0.0
9,2026-07-25 21:00:00+03:00,high,late_evening,,6.082032419941382,1,1,2,0.0,0.0,0.0
9,2026-07-26 00:00:00+03:00,high,deep_night,,3.230514422627021,0,1,1,0.0,0.0,0.0
9,2026-07-26 03:00:00+03:00,high,opening,,3.202976082685994,0,2,2,0.0,0.0,0.0
9,2026-07-26 06:00:00+03:00,high,early_morning,,2.4831868308032483,1,1,2,0.0,0.0,0.0
9,2026-07-26 09:00:00+03:00,high,morning,,4.22777324983878,1,1,2,0.0,0.0,0.0
9,2026-07-26 12:00:00+03:00,high,lunch,,9.710309671142372,2,1,3,0.0,0.0,0.0
9,2026-07-26 15:00:00+03:00,high,afternoon,,6.974571555518163,1,1,2,0.0,0.0,0.0
9,2026-07-26 18:00:00+03:00,high,dinner,,8.590808017307976,1,1,2,0.0,0.0,0.0
9,2026-07-26 21:00:00+03:00,high,late_evening,,5.330478474891265,1,1,2,0.0,0.0,0.0
95,2026-07-20 06:00:00+03:00,low,block_06_12,,0.1253002337310648,0,0,0,0.0,0.0,0.0
95,2026-07-20 12:00:00+03:00,low,block_12_18,,0.1715167385062173,0,0,0,0.0,0.0,0.0
95,2026-07-20 18:00:00+03:00,low,block_18_24,,0.176140137629691,0,0,0,0.0,0.0,0.0
95,2026-07-21 06:00:00+03:00,low,block_06_12,,0.1059785159736201,0,0,0,0.0,0.0,0.0
95,2026-07-21 12:00:00+03:00,low,block_12_18,,0.1558444518058268,0,0,0,0.0,0.0,0.0
95,2026-07-21 18:00:00+03:00,low,block_18_24,,0.1604676351221192,0,0,0,0.0,0.0,0.0
95,2026-07-22 06:00:00+03:00,low,block_06_12,,0.1059785159736201,0,0,0,0.0,0.0,0.0
95,2026-07-22 12:00:00+03:00,low,block_12_18,,0.1558444518058268,0,0,0,0.0,0.0,0.0
95,2026-07-22 18:00:00+03:00,low,block_18_24,,0.1604676351221192,0,0,0,0.0,0.0,0.0
95,2026-07-23 06:00:00+03:00,low,block_06_12,,0.1059785159736201,0,0,0,0.0,0.0,0.0
95,2026-07-23 12:00:00+03:00,low,block_12_18,,0.1558444518058268,0,0,0,0.0,0.0,0.0
95,2026-07-23 18:00:00+03:00,low,block_18_24,,0.1604676351221192,0,0,0,0.0,0.0,0.0
95,2026-07-24 06:00:00+03:00,low,block_06_12,,0.1059785159736201,0,0,0,0.0,0.0,0.0
95,2026-07-24 12:00:00+03:00,low,block_12_18,,0.1558444518058268,0,0,0,0.0,0.0,0.0
95,2026-07-24 18:00:00+03:00,low,block_18_24,,0.1604676351221192,0,0,0,0.0,0.0,0.0
95,2026-07-25 06:00:00+03:00,low,block_06_12,,0.1026732875538667,0,0,0,0.0,0.0,0.0
95,2026-07-25 12:00:00+03:00,low,block_12_18,,0.1554612241967736,0,0,0,0.0,0.0,0.0
95,2026-07-25 18:00:00+03:00,low,block_18_24,,0.1599642355550838,0,0,0,0.0,0.0,0.0
95,2026-07-26 06:00:00+03:00,low,block_06_12,,0.1026732875538667,0,0,0,0.0,0.0,0.0
95,2026-07-26 12:00:00+03:00,low,block_12_18,,0.1554612241967736,0,0,0,0.0,0.0,0.0
95,2026-07-26 18:00:00+03:00,low,block_18_24,,0.1599642355550838,0,0,0,0.0,0.0,0.0
96,2026-07-20 06:00:00+03:00,low,block_06_12,,0.1178632392944055,0,0,0,0.0,0.0,0.0
96,2026-07-20 12:00:00+03:00,low,block_12_18,,0.1626582113903392,0,0,0,0.0,0.0,0.0
96,2026-07-20 18:00:00+03:00,low,block_18_24,,0.1532121170993233,0,0,0,0.0,0.0,0.0
96,2026-07-21 06:00:00+03:00,low,block_06_12,,0.0996883311093773,0,0,0,0.0,0.0,0.0
96,2026-07-21 12:00:00+03:00,low,block_12_18,,0.1477953697500191,0,0,0,0.0,0.0,0.0
96,2026-07-21 18:00:00+03:00,low,block_18_24,,0.139579691680889,0,0,0,0.0,0.0,0.0
96,2026-07-22 06:00:00+03:00,low,block_06_12,,0.0996883311093773,0,0,0,0.0,0.0,0.0
96,2026-07-22 12:00:00+03:00,low,block_12_18,,0.1477953697500191,0,0,0,0.0,0.0,0.0
96,2026-07-22 18:00:00+03:00,low,block_18_24,,0.139579691680889,0,0,0,0.0,0.0,0.0
96,2026-07-23 06:00:00+03:00,low,block_06_12,,0.0996883311093773,0,0,0,0.0,0.0,0.0
96,2026-07-23 12:00:00+03:00,low,block_12_18,,0.1477953697500191,0,0,0,0.0,0.0,0.0
96,2026-07-23 18:00:00+03:00,low,block_18_24,,0.139579691680889,0,0,0,0.0,0.0,0.0
96,2026-07-24 06:00:00+03:00,low,block_06_12,,0.0996883311093773,0,0,0,0.0,0.0,0.0
96,2026-07-24 12:00:00+03:00,low,block_12_18,,0.1477953697500191,0,0,0,0.0,0.0,0.0
96,2026-07-24 18:00:00+03:00,low,block_18_24,,0.139579691680889,0,0,0,0.0,0.0,0.0
96,2026-07-25 06:00:00+03:00,low,block_06_12,,0.0965792792220824,0,0,0,0.0,0.0,0.0
96,2026-07-25 12:00:00+03:00,low,block_12_18,,0.1474319351489015,0,0,0,0.0,0.0,0.0
96,2026-07-25 18:00:00+03:00,low,block_18_24,,0.1391418192319952,0,0,0,0.0,0.0,0.0
96,2026-07-26 06:00:00+03:00,low,block_06_12,,0.0965792792220824,0,0,0,0.0,0.0,0.0
96,2026-07-26 12:00:00+03:00,low,block_12_18,,0.1474319351489015,0,0,0,0.0,0.0,0.0
96,2026-07-26 18:00:00+03:00,low,block_18_24,,0.1391418192319952,0,0,0,0.0,0.0,0.0
97,2026-07-20 12:00:00+03:00,low,block_12_18,,0.1640306359845442,0,0,0,0.0,0.0,0.0
97,2026-07-20 18:00:00+03:00,low,block_18_24,,0.160908326707017,0,0,0,0.0,0.0,0.0
97,2026-07-21 12:00:00+03:00,low,block_12_18,,0.1490423894892672,0,0,0,0.0,0.0,0.0
97,2026-07-21 18:00:00+03:00,low,block_18_24,,0.148029548242322,0,0,0,0.0,0.0,0.0
97,2026-07-22 12:00:00+03:00,low,block_12_18,,0.1490423894892672,0,0,0,0.0,0.0,0.0
97,2026-07-22 18:00:00+03:00,low,block_18_24,,0.148029548242322,0,0,0,0.0,0.0,0.0
97,2026-07-23 12:00:00+03:00,low,block_12_18,,0.1490423894892672,0,0,0,0.0,0.0,0.0
97,2026-07-23 18:00:00+03:00,low,block_18_24,,0.148029548242322,0,0,0,0.0,0.0,0.0
97,2026-07-24 12:00:00+03:00,low,block_12_18,,0.1490423894892672,0,0,0,0.0,0.0,0.0
97,2026-07-24 18:00:00+03:00,low,block_18_24,,0.148029548242322,0,0,0,0.0,0.0,0.0
97,2026-07-25 12:00:00+03:00,low,block_12_18,,0.1485307008407684,0,0,0,0.0,0.0,0.0
97,2026-07-25 18:00:00+03:00,low,block_18_24,,0.1479801202673031,0,0,0,0.0,0.0,0.0
97,2026-07-26 12:00:00+03:00,low,block_12_18,,0.1485307008407684,0,0,0,0.0,0.0,0.0
97,2026-07-26 18:00:00+03:00,low,block_18_24,,0.1479801202673031,0,0,0,0.0,0.0,0.0
99,2026-07-20 00:00:00+03:00,mega,deep_night,,3.4909676346044898,1,0,1,0.0,0.0,0.0
99,2026-07-20 03:00:00+03:00,mega,opening,,4.977910148654945,0,2,2,0.0,0.0,0.0
99,2026-07-20 06:00:00+03:00,mega,early_morning,,6.81140710921883,0,6,6,0.0,0.0,0.0
99,2026-07-20 09:00:00+03:00,mega,morning,,14.83455826429157,0,6,6,0.0,5.0,5.0
99,2026-07-20 12:00:00+03:00,mega,lunch,,35.75909315856525,0,6,6,0.0,5.0,5.0
99,2026-07-20 15:00:00+03:00,mega,afternoon,,16.87966567573287,0,5,5,0.0,6.0,6.0
99,2026-07-20 18:00:00+03:00,mega,dinner,,17.609763628084682,0,4,4,0.0,5.0,5.0
99,2026-07-20 21:00:00+03:00,mega,late_evening,,8.02961406358168,0,2,2,0.0,2.0,2.0
99,2026-07-21 00:00:00+03:00,mega,deep_night,,3.84136923405522,1,0,1,0.0,0.0,0.0
99,2026-07-21 03:00:00+03:00,mega,opening,,5.191291895790911,0,3,3,0.0,0.0,0.0
99,2026-07-21 06:00:00+03:00,mega,early_morning,,6.909556134192775,0,6,6,0.0,0.0,0.0
99,2026-07-21 09:00:00+03:00,mega,morning,,14.97132652401635,0,6,6,0.0,4.0,4.0
99,2026-07-21 12:00:00+03:00,mega,lunch,,34.849396026160555,0,5,5,0.0,4.0,4.0
99,2026-07-21 15:00:00+03:00,mega,afternoon,,17.794752716519206,0,5,5,0.0,4.0,4.0
99,2026-07-21 18:00:00+03:00,mega,dinner,,17.77722210573822,0,4,4,0.0,4.0,4.0
99,2026-07-21 21:00:00+03:00,mega,late_evening,,7.853534400853846,0,2,2,0.0,2.0,2.0
99,2026-07-22 00:00:00+03:00,mega,deep_night,,3.6802640397728217,1,0,1,0.0,0.0,0.0
99,2026-07-22 03:00:00+03:00,mega,opening,,5.083553699277258,0,3,3,0.0,0.0,0.0
99,2026-07-22 06:00:00+03:00,mega,early_morning,,6.54020672845818,0,5,5,0.0,0.0,0.0
99,2026-07-22 09:00:00+03:00,mega,morning,,15.16361227466989,0,6,6,0.0,5.0,5.0
99,2026-07-22 12:00:00+03:00,mega,lunch,,34.212126701485204,0,5,5,0.0,5.0,5.0
99,2026-07-22 15:00:00+03:00,mega,afternoon,,17.80221690161744,0,5,5,0.0,5.0,5.0
99,2026-07-22 18:00:00+03:00,mega,dinner,,17.781932046220316,0,4,4,0.0,4.0,4.0
99,2026-07-22 21:00:00+03:00,mega,late_evening,,8.38999911097018,0,2,2,0.0,1.0,1.0
99,2026-07-23 00:00:00+03:00,mega,deep_night,,3.684490414733848,1,0,1,0.0,0.0,0.0
99,2026-07-23 03:00:00+03:00,mega,opening,,4.3898260046046325,0,2,2,0.0,0.0,0.0
99,2026-07-23 06:00:00+03:00,mega,early_morning,,6.931648211607056,0,6,6,0.0,0.0,0.0
99,2026-07-23 09:00:00+03:00,mega,morning,,15.333441633017994,0,6,6,0.0,0.0,0.0
99,2026-07-23 12:00:00+03:00,mega,lunch,,34.530182348226,0,5,5,0.0,0.0,0.0
99,2026-07-23 15:00:00+03:00,mega,afternoon,,16.65754494908486,0,5,5,0.0,0.0,0.0
99,2026-07-23 18:00:00+03:00,mega,dinner,,18.40098862333114,0,5,5,0.0,0.0,0.0
99,2026-07-23 21:00:00+03:00,mega,late_evening,,8.059845657746553,0,2,2,0.0,0.0,0.0
99,2026-07-24 00:00:00+03:00,mega,deep_night,,3.690170188257052,1,0,1,0.0,0.0,0.0
99,2026-07-24 03:00:00+03:00,mega,opening,,4.720836149832023,0,2,2,0.0,0.0,0.0
99,2026-07-24 06:00:00+03:00,mega,early_morning,,6.834751746638788,0,6,6,0.0,0.0,0.0
99,2026-07-24 09:00:00+03:00,mega,morning,,15.342555507271925,0,6,6,0.0,0.0,0.0
99,2026-07-24 12:00:00+03:00,mega,lunch,,34.62426645800395,0,5,5,0.0,0.0,0.0
99,2026-07-24 15:00:00+03:00,mega,afternoon,,17.357186096962277,0,5,5,0.0,0.0,0.0
99,2026-07-24 18:00:00+03:00,mega,dinner,,18.142862186404724,0,4,4,0.0,0.0,0.0
99,2026-07-24 21:00:00+03:00,mega,late_evening,,8.167382266261848,0,2,2,0.0,0.0,0.0
99,2026-07-25 00:00:00+03:00,mega,deep_night,,3.5249772618799464,1,0,1,0.0,0.0,0.0
99,2026-07-25 03:00:00+03:00,mega,opening,,4.103911730186377,0,2,2,0.0,0.0,0.0
99,2026-07-25 06:00:00+03:00,mega,early_morning,,7.444155965759615,0,6,6,0.0,0.0,0.0
99,2026-07-25 09:00:00+03:00,mega,morning,,18.16876921135561,0,7,7,0.0,0.0,0.0
99,2026-07-25 12:00:00+03:00,mega,lunch,,35.13485587168368,0,6,6,0.0,0.0,0.0
99,2026-07-25 15:00:00+03:00,mega,afternoon,,15.883741062517103,0,5,5,0.0,0.0,0.0
99,2026-07-25 18:00:00+03:00,mega,dinner,,15.429526990500657,0,4,4,0.0,0.0,0.0
99,2026-07-25 21:00:00+03:00,mega,late_evening,,6.844395506824925,0,1,1,0.0,0.0,0.0
99,2026-07-26 00:00:00+03:00,mega,deep_night,,3.459510993244164,1,0,1,0.0,0.0,0.0
99,2026-07-26 03:00:00+03:00,mega,opening,,3.2435195334802422,0,2,2,0.0,0.0,0.0
99,2026-07-26 06:00:00+03:00,mega,early_morning,,6.379299971886741,0,5,5,0.0,0.0,0.0
99,2026-07-26 09:00:00+03:00,mega,morning,,14.902944720635992,0,6,6,0.0,0.0,0.0
99,2026-07-26 12:00:00+03:00,mega,lunch,,34.82220512893423,0,5,5,0.0,0.0,0.0
99,2026-07-26 15:00:00+03:00,mega,afternoon,,15.154094691410108,0,5,5,0.0,0.0,0.0
99,2026-07-26 18:00:00+03:00,mega,dinner,,15.997739063908124,0,4,4,0.0,0.0,0.0
99,2026-07-26 21:00:00+03:00,mega,late_evening,,6.880651127311616,0,1,1,0.0,0.0,0.0
grp_102_125,2026-07-20 00:00:00+03:00,medium,block_00_06,,1.113876533255475,1,0,1,0.0,0.0,0.0
grp_102_125,2026-07-20 06:00:00+03:00,medium,block_06_12,,0.755315894947295,1,0,1,0.0,0.0,0.0
grp_102_125,2026-07-20 12:00:00+03:00,medium,block_12_18,,4.320083642932468,1,0,1,1.0,0.0,1.0
grp_102_125,2026-07-20 18:00:00+03:00,medium,block_18_24,,2.9007519565190414,1,0,1,1.0,0.0,1.0
grp_102_125,2026-07-21 00:00:00+03:00,medium,block_00_06,,1.0282066978477604,1,0,1,0.0,0.0,0.0
grp_102_125,2026-07-21 06:00:00+03:00,medium,block_06_12,,1.109273795300893,1,0,1,0.0,0.0,0.0
grp_102_125,2026-07-21 12:00:00+03:00,medium,block_12_18,,3.3167051826955105,1,0,1,1.0,0.0,1.0
grp_102_125,2026-07-21 18:00:00+03:00,medium,block_18_24,,4.255319400274295,1,0,1,1.0,0.0,1.0
grp_102_125,2026-07-22 00:00:00+03:00,medium,block_00_06,,0.7001762956779616,1,0,1,0.0,0.0,0.0
grp_102_125,2026-07-22 06:00:00+03:00,medium,block_06_12,,0.755315894947295,1,0,1,1.0,0.0,1.0
grp_102_125,2026-07-22 12:00:00+03:00,medium,block_12_18,,4.638604522077324,1,0,1,3.0,0.0,3.0
grp_102_125,2026-07-22 18:00:00+03:00,medium,block_18_24,,4.255319400274295,1,0,1,3.0,0.0,3.0
grp_102_125,2026-07-23 00:00:00+03:00,medium,block_00_06,,0.7001762956779616,1,0,1,0.0,0.0,0.0
grp_102_125,2026-07-23 06:00:00+03:00,medium,block_06_12,,0.755315894947295,1,0,1,0.0,0.0,0.0
grp_102_125,2026-07-23 12:00:00+03:00,medium,block_12_18,,7.036812867024245,1,0,1,0.0,0.0,0.0
grp_102_125,2026-07-23 18:00:00+03:00,medium,block_18_24,,3.938266143661501,1,0,1,0.0,0.0,0.0
grp_102_125,2026-07-24 00:00:00+03:00,medium,block_00_06,,1.0282066978477604,1,0,1,0.0,0.0,0.0
grp_102_125,2026-07-24 06:00:00+03:00,medium,block_06_12,,1.2323610250027386,1,0,1,0.0,0.0,0.0
grp_102_125,2026-07-24 12:00:00+03:00,medium,block_12_18,,4.619992161592603,1,0,1,0.0,0.0,0.0
grp_102_125,2026-07-24 18:00:00+03:00,medium,block_18_24,,4.776469766923517,1,0,1,0.0,0.0,0.0
grp_102_125,2026-07-25 00:00:00+03:00,medium,block_00_06,,1.186028492240186,1,0,1,0.0,0.0,0.0
grp_102_125,2026-07-25 06:00:00+03:00,medium,block_06_12,,1.402190520183169,1,0,1,0.0,0.0,0.0
grp_102_125,2026-07-25 12:00:00+03:00,medium,block_12_18,,3.7662927447356926,1,0,1,0.0,0.0,0.0
grp_102_125,2026-07-25 18:00:00+03:00,medium,block_18_24,,4.165748788370886,1,0,1,0.0,0.0,0.0
grp_102_125,2026-07-26 00:00:00+03:00,medium,block_00_06,,1.2845922230216538,1,0,1,0.0,0.0,0.0
grp_102_125,2026-07-26 06:00:00+03:00,medium,block_06_12,,1.1888168130523962,1,0,1,0.0,0.0,0.0
grp_102_125,2026-07-26 12:00:00+03:00,medium,block_12_18,,4.440557672620407,1,0,1,0.0,0.0,0.0
grp_102_125,2026-07-26 18:00:00+03:00,medium,block_18_24,,6.212961278468208,1,0,1,0.0,0.0,0.0
grp_122_131,2026-07-20 06:00:00+03:00,medium,block_06_12,,0.3445910880598127,0,0,0,0.0,0.0,0.0
grp_122_131,2026-07-20 12:00:00+03:00,medium,block_12_18,,0.9976036197223876,1,0,1,0.0,0.0,0.0
grp_122_131,2026-07-20 18:00:00+03:00,medium,block_18_24,,1.1267339672946186,0,1,1,0.0,0.0,0.0
grp_122_131,2026-07-21 06:00:00+03:00,medium,block_06_12,,0.2828701426805074,0,0,0,0.0,0.0,0.0
grp_122_131,2026-07-21 12:00:00+03:00,medium,block_12_18,,0.9569126747535152,1,0,1,0.0,0.0,0.0
grp_122_131,2026-07-21 18:00:00+03:00,medium,block_18_24,,1.080120474256959,0,1,1,0.0,0.0,0.0
grp_122_131,2026-07-22 06:00:00+03:00,medium,block_06_12,,0.2828701426805074,0,0,0,0.0,0.0,0.0
grp_122_131,2026-07-22 12:00:00+03:00,medium,block_12_18,,0.9569126747535152,1,0,1,0.0,0.0,0.0
grp_122_131,2026-07-22 18:00:00+03:00,medium,block_18_24,,1.080120474256959,0,1,1,0.0,0.0,0.0
grp_122_131,2026-07-23 06:00:00+03:00,medium,block_06_12,,0.2828701426805074,0,0,0,0.0,0.0,0.0
grp_122_131,2026-07-23 12:00:00+03:00,medium,block_12_18,,1.0762452957212472,1,0,1,0.0,0.0,0.0
grp_122_131,2026-07-23 18:00:00+03:00,medium,block_18_24,,1.4201136797840872,0,1,1,0.0,0.0,0.0
grp_122_131,2026-07-24 06:00:00+03:00,medium,block_06_12,,0.2828701426805074,0,0,0,0.0,0.0,0.0
grp_122_131,2026-07-24 12:00:00+03:00,medium,block_12_18,,1.0762452957212472,1,0,1,0.0,0.0,0.0
grp_122_131,2026-07-24 18:00:00+03:00,medium,block_18_24,,0.7484291751184895,0,0,0,0.0,0.0,0.0
grp_122_131,2026-07-25 06:00:00+03:00,medium,block_06_12,,0.2782027622181824,0,0,0,0.0,0.0,0.0
grp_122_131,2026-07-25 12:00:00+03:00,medium,block_12_18,,0.6349363995911637,0,0,0,0.0,0.0,0.0
grp_122_131,2026-07-25 18:00:00+03:00,medium,block_18_24,,0.7330224570097045,0,0,0,0.0,0.0,0.0
grp_122_131,2026-07-26 06:00:00+03:00,medium,block_06_12,,0.2782027622181824,0,0,0,0.0,0.0,0.0
grp_122_131,2026-07-26 12:00:00+03:00,medium,block_12_18,,0.6349363995911637,0,0,0,0.0,0.0,0.0
grp_122_131,2026-07-26 18:00:00+03:00,medium,block_18_24,,0.7285740986371015,0,0,0,0.0,0.0,0.0
grp_130_139,2026-07-20 06:00:00+03:00,medium,block_06_12,,0.3311867391211616,0,0,0,0.0,0.0,0.0
grp_130_139,2026-07-20 12:00:00+03:00,medium,block_12_18,,2.023946470709923,1,0,1,0.0,0.0,0.0
grp_130_139,2026-07-20 18:00:00+03:00,medium,block_18_24,,1.3601698499779058,1,0,1,0.0,0.0,0.0
grp_130_139,2026-07-21 06:00:00+03:00,medium,block_06_12,,0.3114434835370046,0,0,0,0.0,0.0,0.0
grp_130_139,2026-07-21 12:00:00+03:00,medium,block_12_18,,1.5847285429041884,1,0,1,0.0,0.0,0.0
grp_130_139,2026-07-21 18:00:00+03:00,medium,block_18_24,,1.3601698499779058,1,0,1,0.0,0.0,0.0
grp_130_139,2026-07-22 06:00:00+03:00,medium,block_06_12,,0.3114434835370046,0,0,0,1.0,0.0,1.0
grp_130_139,2026-07-22 12:00:00+03:00,medium,block_12_18,,1.5847285429041884,1,0,1,1.0,0.0,1.0
grp_130_139,2026-07-22 18:00:00+03:00,medium,block_18_24,,0.9283579308320682,1,0,1,1.0,0.0,1.0
grp_130_139,2026-07-23 06:00:00+03:00,medium,block_06_12,,0.3114434835370046,0,0,0,0.0,0.0,0.0
grp_130_139,2026-07-23 12:00:00+03:00,medium,block_12_18,,1.5847285429041884,1,0,1,0.0,0.0,0.0
grp_130_139,2026-07-23 18:00:00+03:00,medium,block_18_24,,0.9283579308320682,1,0,1,0.0,0.0,0.0
grp_130_139,2026-07-24 06:00:00+03:00,medium,block_06_12,,0.3114434835370046,0,0,0,0.0,0.0,0.0
grp_130_139,2026-07-24 12:00:00+03:00,medium,block_12_18,,1.5847285429041884,1,0,1,0.0,0.0,0.0
grp_130_139,2026-07-24 18:00:00+03:00,medium,block_18_24,,1.5212454235292048,1,0,1,0.0,0.0,0.0
grp_130_139,2026-07-25 06:00:00+03:00,medium,block_06_12,,0.3015657860191837,0,0,0,0.0,0.0,0.0
grp_130_139,2026-07-25 12:00:00+03:00,medium,block_12_18,,2.346885536679232,1,0,1,0.0,0.0,0.0
grp_130_139,2026-07-25 18:00:00+03:00,medium,block_18_24,,2.365254287497246,1,0,1,0.0,0.0,0.0
grp_130_139,2026-07-26 06:00:00+03:00,medium,block_06_12,,0.3015657860191837,0,0,0,0.0,0.0,0.0
grp_130_139,2026-07-26 12:00:00+03:00,medium,block_12_18,,1.677267742880316,1,0,1,0.0,0.0,0.0
grp_130_139,2026-07-26 18:00:00+03:00,medium,block_18_24,,1.3401693446788778,1,0,1,0.0,0.0,0.0
grp_136_292,2026-07-20 12:00:00+03:00,medium,block_12_18,,1.961092878948015,1,0,1,0.0,0.0,0.0
grp_136_292,2026-07-20 18:00:00+03:00,medium,block_18_24,,1.258320594182252,1,0,1,0.0,0.0,0.0
grp_136_292,2026-07-21 12:00:00+03:00,medium,block_12_18,,2.8966747704726,1,0,1,0.0,0.0,0.0
grp_136_292,2026-07-21 18:00:00+03:00,medium,block_18_24,,2.0776438800808013,1,0,1,0.0,0.0,0.0
grp_136_292,2026-07-22 12:00:00+03:00,medium,block_12_18,,2.177412445127034,1,0,1,0.0,0.0,0.0
grp_136_292,2026-07-22 18:00:00+03:00,medium,block_18_24,,2.36644553545368,1,0,1,0.0,0.0,0.0
grp_136_292,2026-07-23 12:00:00+03:00,medium,block_12_18,,2.177412445127034,1,0,1,0.0,0.0,0.0
grp_136_292,2026-07-23 18:00:00+03:00,medium,block_18_24,,2.36644553545368,1,0,1,0.0,0.0,0.0
grp_136_292,2026-07-24 12:00:00+03:00,medium,block_12_18,,2.400306056663559,1,0,1,0.0,0.0,0.0
grp_136_292,2026-07-24 18:00:00+03:00,medium,block_18_24,,2.0776438800808013,1,0,1,0.0,0.0,0.0
grp_136_292,2026-07-25 12:00:00+03:00,medium,block_12_18,,2.844465546312292,1,0,1,0.0,0.0,0.0
grp_136_292,2026-07-25 18:00:00+03:00,medium,block_18_24,,2.042448433828226,1,0,1,0.0,0.0,0.0
grp_136_292,2026-07-26 12:00:00+03:00,medium,block_12_18,,1.2940733009575778,1,0,1,0.0,0.0,0.0
grp_136_292,2026-07-26 18:00:00+03:00,medium,block_18_24,,2.808588292303151,1,0,1,0.0,0.0,0.0
grp_187_296,2026-07-20 06:00:00+03:00,medium,block_06_12,,0.2913005920182134,0,0,0,0.0,0.0,0.0
grp_187_296,2026-07-20 12:00:00+03:00,medium,block_12_18,,2.285001690946752,0,1,1,0.0,0.0,0.0
grp_187_296,2026-07-20 18:00:00+03:00,medium,block_18_24,,1.5267388503237758,1,0,1,0.0,0.0,0.0
grp_187_296,2026-07-21 06:00:00+03:00,medium,block_06_12,,0.2739350958775969,0,0,0,0.0,0.0,0.0
grp_187_296,2026-07-21 12:00:00+03:00,medium,block_12_18,,1.9791661739219013,0,1,1,0.0,0.0,0.0
grp_187_296,2026-07-21 18:00:00+03:00,medium,block_18_24,,1.928361567229699,0,1,1,0.0,0.0,0.0
grp_187_296,2026-07-22 06:00:00+03:00,medium,block_06_12,,0.2739350958775969,0,0,0,0.0,0.0,0.0
grp_187_296,2026-07-22 12:00:00+03:00,medium,block_12_18,,1.9791661739219013,0,1,1,0.0,0.0,0.0
grp_187_296,2026-07-22 18:00:00+03:00,medium,block_18_24,,1.684190848152075,1,0,1,0.0,0.0,0.0
grp_187_296,2026-07-23 06:00:00+03:00,medium,block_06_12,,0.2739350958775969,0,0,0,0.0,0.0,0.0
grp_187_296,2026-07-23 12:00:00+03:00,medium,block_12_18,,1.783580386218283,0,1,1,0.0,0.0,0.0
grp_187_296,2026-07-23 18:00:00+03:00,medium,block_18_24,,1.0332623848884357,1,0,1,0.0,0.0,0.0
grp_187_296,2026-07-24 06:00:00+03:00,medium,block_06_12,,0.2739350958775969,0,0,0,0.0,0.0,0.0
grp_187_296,2026-07-24 12:00:00+03:00,medium,block_12_18,,3.069436131357224,0,1,1,0.0,0.0,0.0
grp_187_296,2026-07-24 18:00:00+03:00,medium,block_18_24,,1.717734741799802,1,0,1,0.0,0.0,0.0
grp_187_296,2026-07-25 06:00:00+03:00,medium,block_06_12,,0.2602106198758795,0,0,0,0.0,0.0,0.0
grp_187_296,2026-07-25 12:00:00+03:00,medium,block_12_18,,1.1450363056054131,1,0,1,0.0,0.0,0.0
grp_187_296,2026-07-25 18:00:00+03:00,medium,block_18_24,,1.524225756689585,1,0,1,0.0,0.0,0.0
grp_187_296,2026-07-26 06:00:00+03:00,medium,block_06_12,,0.2602106198758795,0,0,0,0.0,0.0,0.0
grp_187_296,2026-07-26 12:00:00+03:00,medium,block_12_18,,1.1450363056054131,1,0,1,0.0,0.0,0.0
grp_187_296,2026-07-26 18:00:00+03:00,medium,block_18_24,,1.494460703079532,1,0,1,0.0,0.0,0.0
grp_19_54,2026-07-20 06:00:00+03:00,medium,block_06_12,,1.8818685102588817,0,1,1,3.0,0.0,3.0
grp_19_54,2026-07-20 12:00:00+03:00,medium,block_12_18,,12.213988072350393,3,0,3,4.0,0.0,4.0
grp_19_54,2026-07-20 18:00:00+03:00,medium,block_18_24,,5.957884797222701,0,1,1,4.0,0.0,4.0
grp_19_54,2026-07-21 06:00:00+03:00,medium,block_06_12,,2.040479004733543,0,1,1,4.0,0.0,4.0
grp_19_54,2026-07-21 12:00:00+03:00,medium,block_12_18,,12.627369743253483,3,0,3,5.0,0.0,5.0
grp_19_54,2026-07-21 18:00:00+03:00,medium,block_18_24,,10.141445084833729,1,1,2,5.0,0.0,5.0
grp_19_54,2026-07-22 06:00:00+03:00,medium,block_06_12,,1.8818685102588817,0,1,1,2.0,0.0,2.0
grp_19_54,2026-07-22 12:00:00+03:00,medium,block_12_18,,12.213988072350393,3,0,3,3.0,0.0,3.0
grp_19_54,2026-07-22 18:00:00+03:00,medium,block_18_24,,6.554762624966528,0,1,1,3.0,0.0,3.0
grp_19_54,2026-07-23 06:00:00+03:00,medium,block_06_12,,2.040479004733543,0,1,1,0.0,0.0,0.0
grp_19_54,2026-07-23 12:00:00+03:00,medium,block_12_18,,12.406066091476283,3,0,3,0.0,0.0,0.0
grp_19_54,2026-07-23 18:00:00+03:00,medium,block_18_24,,9.334734246969376,1,1,2,0.0,0.0,0.0
grp_19_54,2026-07-24 06:00:00+03:00,medium,block_06_12,,1.8818685102588817,0,1,1,0.0,0.0,0.0
grp_19_54,2026-07-24 12:00:00+03:00,medium,block_12_18,,12.936992219103162,3,0,3,0.0,0.0,0.0
grp_19_54,2026-07-24 18:00:00+03:00,medium,block_18_24,,10.335521644652742,1,1,2,0.0,0.0,0.0
grp_19_54,2026-07-25 06:00:00+03:00,medium,block_06_12,,1.9609066433702296,0,1,1,0.0,0.0,0.0
grp_19_54,2026-07-25 12:00:00+03:00,medium,block_12_18,,10.70780188356957,2,0,2,0.0,0.0,0.0
grp_19_54,2026-07-25 18:00:00+03:00,medium,block_18_24,,6.428786481645804,0,1,1,0.0,0.0,0.0
grp_19_54,2026-07-26 06:00:00+03:00,medium,block_06_12,,1.7990227667967231,0,1,1,0.0,0.0,0.0
grp_19_54,2026-07-26 12:00:00+03:00,medium,block_12_18,,12.916913896008412,3,0,3,0.0,0.0,0.0
grp_19_54,2026-07-26 18:00:00+03:00,medium,block_18_24,,9.7932076875785,1,1,2,0.0,0.0,0.0
grp_288_424,2026-07-20 06:00:00+03:00,medium,block_06_12,,0.2815959108243062,0,0,0,0.0,0.0,0.0
grp_288_424,2026-07-20 12:00:00+03:00,medium,block_12_18,,2.823207834001259,1,0,1,0.0,0.0,0.0
grp_288_424,2026-07-20 18:00:00+03:00,medium,block_18_24,,2.106693899252035,1,0,1,0.0,0.0,0.0
grp_288_424,2026-07-21 06:00:00+03:00,medium,block_06_12,,0.2815959108243062,0,0,0,0.0,0.0,0.0
grp_288_424,2026-07-21 12:00:00+03:00,medium,block_12_18,,2.550959618734004,1,0,1,0.0,0.0,0.0
grp_288_424,2026-07-21 18:00:00+03:00,medium,block_18_24,,1.3545940782197488,1,0,1,0.0,0.0,0.0
grp_288_424,2026-07-22 06:00:00+03:00,medium,block_06_12,,0.2815959108243062,0,0,0,0.0,0.0,0.0
grp_288_424,2026-07-22 12:00:00+03:00,medium,block_12_18,,2.550959618734004,1,0,1,0.0,0.0,0.0
grp_288_424,2026-07-22 18:00:00+03:00,medium,block_18_24,,1.3545940782197488,1,0,1,0.0,0.0,0.0
grp_288_424,2026-07-23 06:00:00+03:00,medium,block_06_12,,0.2815959108243062,0,0,0,0.0,0.0,0.0
grp_288_424,2026-07-23 12:00:00+03:00,medium,block_12_18,,1.696676434292108,1,0,1,0.0,0.0,0.0
grp_288_424,2026-07-23 18:00:00+03:00,medium,block_18_24,,2.106693899252035,1,0,1,0.0,0.0,0.0
grp_288_424,2026-07-24 06:00:00+03:00,medium,block_06_12,,0.2815959108243062,0,0,0,0.0,0.0,0.0
grp_288_424,2026-07-24 12:00:00+03:00,medium,block_12_18,,1.696676434292108,1,0,1,0.0,0.0,0.0
grp_288_424,2026-07-24 18:00:00+03:00,medium,block_18_24,,2.106693899252035,1,0,1,0.0,0.0,0.0
grp_288_424,2026-07-25 06:00:00+03:00,medium,block_06_12,,0.2674876188294138,0,0,0,0.0,0.0,0.0
grp_288_424,2026-07-25 12:00:00+03:00,medium,block_12_18,,3.094132386358968,1,0,1,0.0,0.0,0.0
grp_288_424,2026-07-25 18:00:00+03:00,medium,block_18_24,,2.0580908275416707,1,0,1,0.0,0.0,0.0
grp_288_424,2026-07-26 06:00:00+03:00,medium,block_06_12,,0.2674876188294138,0,0,0,0.0,0.0,0.0
grp_288_424,2026-07-26 12:00:00+03:00,medium,block_12_18,,2.679118883529422,1,0,1,0.0,0.0,0.0
grp_288_424,2026-07-26 18:00:00+03:00,medium,block_18_24,,2.3509227272172555,1,0,1,0.0,0.0,0.0
grp_302_443,2026-07-20 06:00:00+03:00,medium,block_06_12,,0.4310765265084909,0,0,0,0.0,0.0,0.0
grp_302_443,2026-07-20 12:00:00+03:00,medium,block_12_18,,0.8474054446548837,1,0,1,0.0,0.0,0.0
grp_302_443,2026-07-20 18:00:00+03:00,medium,block_18_24,,0.5556600689978878,0,0,0,0.0,0.0,0.0
grp_302_443,2026-07-21 06:00:00+03:00,medium,block_06_12,,0.7124794572279833,0,0,0,0.0,0.0,0.0
grp_302_443,2026-07-21 12:00:00+03:00,medium,block_12_18,,0.8474054446548837,1,0,1,0.0,0.0,0.0
grp_302_443,2026-07-21 18:00:00+03:00,medium,block_18_24,,0.5556600689978878,0,0,0,0.0,0.0,0.0
grp_302_443,2026-07-22 06:00:00+03:00,medium,block_06_12,,0.4310765265084909,0,0,0,0.0,0.0,0.0
grp_302_443,2026-07-22 12:00:00+03:00,medium,block_12_18,,1.1781746308017111,1,0,1,0.0,0.0,0.0
grp_302_443,2026-07-22 18:00:00+03:00,medium,block_18_24,,0.8603828421090501,1,0,1,0.0,0.0,0.0
grp_302_443,2026-07-23 06:00:00+03:00,medium,block_06_12,,0.4310765265084909,0,0,0,0.0,0.0,0.0
grp_302_443,2026-07-23 12:00:00+03:00,medium,block_12_18,,0.8474054446548837,1,0,1,0.0,0.0,0.0
grp_302_443,2026-07-23 18:00:00+03:00,medium,block_18_24,,0.5556600689978878,0,0,0,0.0,0.0,0.0
grp_302_443,2026-07-24 06:00:00+03:00,medium,block_06_12,,0.4310765265084909,0,0,0,0.0,0.0,0.0
grp_302_443,2026-07-24 12:00:00+03:00,medium,block_12_18,,0.8474054446548837,1,0,1,0.0,0.0,0.0
grp_302_443,2026-07-24 18:00:00+03:00,medium,block_18_24,,0.8603828421090501,1,0,1,0.0,0.0,0.0
grp_302_443,2026-07-25 06:00:00+03:00,medium,block_06_12,,0.4206063755031122,0,0,0,0.0,0.0,0.0
grp_302_443,2026-07-25 12:00:00+03:00,medium,block_12_18,,1.2462371017239666,1,0,1,0.0,0.0,0.0
grp_302_443,2026-07-25 18:00:00+03:00,medium,block_18_24,,0.8519165793240285,1,0,1,0.0,0.0,0.0
grp_302_443,2026-07-26 06:00:00+03:00,medium,block_06_12,,0.4206063755031122,0,0,0,0.0,0.0,0.0
grp_302_443,2026-07-26 12:00:00+03:00,medium,block_12_18,,0.9029889945819758,1,0,1,0.0,0.0,0.0
grp_302_443,2026-07-26 18:00:00+03:00,medium,block_18_24,,0.743064954537175,1,0,1,0.0,0.0,0.0
grp_336_340,2026-07-20 12:00:00+03:00,low,block_12_18,,0.286880136622885,0,0,0,0.0,0.0,0.0
grp_336_340,2026-07-20 18:00:00+03:00,low,block_18_24,,0.3002798763242824,0,0,0,0.0,0.0,0.0
grp_336_340,2026-07-21 12:00:00+03:00,low,block_12_18,,0.2606665566017253,0,0,0,0.0,0.0,0.0
grp_336_340,2026-07-21 18:00:00+03:00,low,block_18_24,,0.2762460796667114,0,0,0,0.0,0.0,0.0
grp_336_340,2026-07-22 12:00:00+03:00,low,block_12_18,,0.2606665566017253,0,0,0,0.0,0.0,0.0
grp_336_340,2026-07-22 18:00:00+03:00,low,block_18_24,,0.2762460796667114,0,0,0,0.0,0.0,0.0
grp_336_340,2026-07-23 12:00:00+03:00,low,block_12_18,,0.2606665566017253,0,0,0,0.0,0.0,0.0
grp_336_340,2026-07-23 18:00:00+03:00,low,block_18_24,,0.2762460796667114,0,0,0,0.0,0.0,0.0
grp_336_340,2026-07-24 12:00:00+03:00,low,block_12_18,,0.3796626830063327,0,0,0,0.0,0.0,0.0
grp_336_340,2026-07-24 18:00:00+03:00,low,block_18_24,,0.2840509406451675,0,0,0,0.0,0.0,0.0
grp_336_340,2026-07-25 12:00:00+03:00,low,block_12_18,,0.2568334491455348,0,0,0,0.0,0.0,0.0
grp_336_340,2026-07-25 18:00:00+03:00,low,block_18_24,,0.2840923253589232,0,0,0,0.0,0.0,0.0
grp_336_340,2026-07-26 12:00:00+03:00,low,block_12_18,,0.2568334491455348,0,0,0,0.0,0.0,0.0
grp_336_340,2026-07-26 18:00:00+03:00,low,block_18_24,,0.2762863272536659,0,0,0,0.0,0.0,0.0
grp_341_347,2026-07-20 06:00:00+03:00,low,block_06_12,,0.1199946398002828,0,0,0,0.0,0.0,0.0
grp_341_347,2026-07-20 12:00:00+03:00,low,block_12_18,,0.2013091760709743,0,0,0,0.0,0.0,0.0
grp_341_347,2026-07-20 18:00:00+03:00,low,block_18_24,,0.3090913991798496,0,0,0,0.0,0.0,0.0
grp_341_347,2026-07-21 06:00:00+03:00,low,block_06_12,,0.1014910624837107,0,0,0,0.0,0.0,0.0
grp_341_347,2026-07-21 12:00:00+03:00,low,block_12_18,,0.1829146149903406,0,0,0,0.0,0.0,0.0
grp_341_347,2026-07-21 18:00:00+03:00,low,block_18_24,,0.1996670682134986,0,0,0,0.0,0.0,0.0
grp_341_347,2026-07-22 06:00:00+03:00,low,block_06_12,,0.1014910624837107,0,0,0,0.0,0.0,0.0
grp_341_347,2026-07-22 12:00:00+03:00,low,block_12_18,,0.1829146149903406,0,0,0,0.0,0.0,0.0
grp_341_347,2026-07-22 18:00:00+03:00,low,block_18_24,,0.1996670682134986,0,0,0,0.0,0.0,0.0
grp_341_347,2026-07-23 06:00:00+03:00,low,block_06_12,,0.1014910624837107,0,0,0,0.0,0.0,0.0
grp_341_347,2026-07-23 12:00:00+03:00,low,block_12_18,,0.1829146149903406,0,0,0,0.0,0.0,0.0
grp_341_347,2026-07-23 18:00:00+03:00,low,block_18_24,,0.1996670682134986,0,0,0,0.0,0.0,0.0
grp_341_347,2026-07-24 06:00:00+03:00,low,block_06_12,,0.1014910624837107,0,0,0,0.0,0.0,0.0
grp_341_347,2026-07-24 12:00:00+03:00,low,block_12_18,,0.1829146149903406,0,0,0,0.0,0.0,0.0
grp_341_347,2026-07-24 18:00:00+03:00,low,block_18_24,,0.1996670682134986,0,0,0,0.0,0.0,0.0
grp_341_347,2026-07-25 06:00:00+03:00,low,block_06_12,,0.0991042285797782,0,0,0,0.0,0.0,0.0
grp_341_347,2026-07-25 12:00:00+03:00,low,block_12_18,,0.264970138901069,0,0,0,0.0,0.0,0.0
grp_341_347,2026-07-25 18:00:00+03:00,low,block_18_24,,0.1988202964645207,0,0,0,0.0,0.0,0.0
grp_341_347,2026-07-26 06:00:00+03:00,low,block_06_12,,0.0991042285797782,0,0,0,0.0,0.0,0.0
grp_341_347,2026-07-26 12:00:00+03:00,low,block_12_18,,0.182464820790089,0,0,0,0.0,0.0,0.0
grp_341_347,2026-07-26 18:00:00+03:00,low,block_18_24,,0.1988202964645207,0,0,0,0.0,0.0,0.0
grp_343_346,2026-07-20 06:00:00+03:00,low,block_06_12,,0.1514201273876277,0,0,0,0.0,0.0,0.0
grp_343_346,2026-07-20 12:00:00+03:00,low,block_12_18,,0.1877798383515627,0,0,0,0.0,0.0,0.0
grp_343_346,2026-07-20 18:00:00+03:00,low,block_18_24,,0.1775802903965547,0,0,0,0.0,0.0,0.0
grp_343_346,2026-07-21 06:00:00+03:00,low,block_06_12,,0.1280706341180496,0,0,0,0.0,0.0,0.0
grp_343_346,2026-07-21 12:00:00+03:00,low,block_12_18,,0.1706215161444739,0,0,0,0.0,0.0,0.0
grp_343_346,2026-07-21 18:00:00+03:00,low,block_18_24,,0.1617796467500371,0,0,0,0.0,0.0,0.0
grp_343_346,2026-07-22 06:00:00+03:00,low,block_06_12,,0.1280706341180496,0,0,0,0.0,0.0,0.0
grp_343_346,2026-07-22 12:00:00+03:00,low,block_12_18,,0.1706215161444739,0,0,0,0.0,0.0,0.0
grp_343_346,2026-07-22 18:00:00+03:00,low,block_18_24,,0.1617796467500371,0,0,0,0.0,0.0,0.0
grp_343_346,2026-07-23 06:00:00+03:00,low,block_06_12,,0.1280706341180496,0,0,0,0.0,0.0,0.0
grp_343_346,2026-07-23 12:00:00+03:00,low,block_12_18,,0.1706215161444739,0,0,0,0.0,0.0,0.0
grp_343_346,2026-07-23 18:00:00+03:00,low,block_18_24,,0.1617796467500371,0,0,0,0.0,0.0,0.0
grp_343_346,2026-07-24 06:00:00+03:00,low,block_06_12,,0.1280706341180496,0,0,0,0.0,0.0,0.0
grp_343_346,2026-07-24 12:00:00+03:00,low,block_12_18,,0.1706215161444739,0,0,0,0.0,0.0,0.0
grp_343_346,2026-07-24 18:00:00+03:00,low,block_18_24,,0.1617796467500371,0,0,0,0.0,0.0,0.0
grp_343_346,2026-07-25 06:00:00+03:00,low,block_06_12,,0.1250587104655589,0,0,0,0.0,0.0,0.0
grp_343_346,2026-07-25 12:00:00+03:00,low,block_12_18,,0.1702019511556185,0,0,0,0.0,0.0,0.0
grp_343_346,2026-07-25 18:00:00+03:00,low,block_18_24,,0.161933400942781,0,0,0,0.0,0.0,0.0
grp_343_346,2026-07-26 06:00:00+03:00,low,block_06_12,,0.1250587104655589,0,0,0,0.0,0.0,0.0
grp_343_346,2026-07-26 12:00:00+03:00,low,block_12_18,,0.1702019511556185,0,0,0,0.0,0.0,0.0
grp_343_346,2026-07-26 18:00:00+03:00,low,block_18_24,,0.161933400942781,0,0,0,0.0,0.0,0.0
grp_420_481,2026-07-20 06:00:00+03:00,low,block_06_12,,0.1220945667258412,0,0,0,0.0,0.0,0.0
grp_420_481,2026-07-20 12:00:00+03:00,low,block_12_18,,0.2266601989049375,0,0,0,0.0,0.0,0.0
grp_420_481,2026-07-20 18:00:00+03:00,low,block_18_24,,0.2008182200704629,0,0,0,0.0,0.0,0.0
grp_420_481,2026-07-21 06:00:00+03:00,low,block_06_12,,0.1132205561052789,0,0,0,0.0,0.0,0.0
grp_420_481,2026-07-21 12:00:00+03:00,low,block_12_18,,0.2059491962835989,0,0,0,0.0,0.0,0.0
grp_420_481,2026-07-21 18:00:00+03:00,low,block_18_24,,0.1829499244055803,0,0,0,0.0,0.0,0.0
grp_420_481,2026-07-22 06:00:00+03:00,low,block_06_12,,0.1132205561052789,0,0,0,0.0,0.0,0.0
grp_420_481,2026-07-22 12:00:00+03:00,low,block_12_18,,0.2059491962835989,0,0,0,0.0,0.0,0.0
grp_420_481,2026-07-22 18:00:00+03:00,low,block_18_24,,0.1829499244055803,0,0,0,0.0,0.0,0.0
grp_420_481,2026-07-23 06:00:00+03:00,low,block_06_12,,0.1132205561052789,0,0,0,0.0,0.0,0.0
grp_420_481,2026-07-23 12:00:00+03:00,low,block_12_18,,0.2059491962835989,0,0,0,0.0,0.0,0.0
grp_420_481,2026-07-23 18:00:00+03:00,low,block_18_24,,0.1829499244055803,0,0,0,0.0,0.0,0.0
grp_420_481,2026-07-24 06:00:00+03:00,low,block_06_12,,0.1816505471490597,0,0,0,0.0,0.0,0.0
grp_420_481,2026-07-24 12:00:00+03:00,low,block_12_18,,0.2059491962835989,0,0,0,0.0,0.0,0.0
grp_420_481,2026-07-24 18:00:00+03:00,low,block_18_24,,0.1829499244055803,0,0,0,0.0,0.0,0.0
grp_420_481,2026-07-25 06:00:00+03:00,low,block_06_12,,0.1095415506098424,0,0,0,0.0,0.0,0.0
grp_420_481,2026-07-25 12:00:00+03:00,low,block_12_18,,0.2041016553223761,0,0,0,0.0,0.0,0.0
grp_420_481,2026-07-25 18:00:00+03:00,low,block_18_24,,0.1811854691613689,0,0,0,0.0,0.0,0.0
grp_420_481,2026-07-26 06:00:00+03:00,low,block_06_12,,0.1778028460907159,0,0,0,0.0,0.0,0.0
grp_420_481,2026-07-26 12:00:00+03:00,low,block_12_18,,0.2041016553223761,0,0,0,0.0,0.0,0.0
grp_420_481,2026-07-26 18:00:00+03:00,low,block_18_24,,0.1811854691613689,0,0,0,0.0,0.0,0.0
grp_62_140,2026-07-20 06:00:00+03:00,medium,block_06_12,,1.025300675927605,1,0,1,0.0,0.0,0.0
grp_62_140,2026-07-20 12:00:00+03:00,medium,block_12_18,,2.070245661105857,1,0,1,0.0,0.0,0.0
grp_62_140,2026-07-20 18:00:00+03:00,medium,block_18_24,,0.6606152011965347,1,0,1,0.0,0.0,0.0
grp_62_140,2026-07-21 06:00:00+03:00,medium,block_06_12,,1.001517502547007,1,0,1,0.0,0.0,0.0
grp_62_140,2026-07-21 12:00:00+03:00,medium,block_12_18,,1.7931541146788488,1,0,1,0.0,0.0,0.0
grp_62_140,2026-07-21 18:00:00+03:00,medium,block_18_24,,1.0639930692930697,1,0,1,0.0,0.0,0.0
grp_62_140,2026-07-22 06:00:00+03:00,medium,block_06_12,,1.001517502547007,1,0,1,0.0,0.0,0.0
grp_62_140,2026-07-22 12:00:00+03:00,medium,block_12_18,,1.636879055881041,1,0,1,0.0,0.0,0.0
grp_62_140,2026-07-22 18:00:00+03:00,medium,block_18_24,,0.9423067275624972,1,0,1,0.0,0.0,0.0
grp_62_140,2026-07-23 06:00:00+03:00,medium,block_06_12,,1.001517502547007,1,0,1,0.0,0.0,0.0
grp_62_140,2026-07-23 12:00:00+03:00,medium,block_12_18,,2.070245661105857,1,0,1,0.0,0.0,0.0
grp_62_140,2026-07-23 18:00:00+03:00,medium,block_18_24,,1.5055458104124584,1,0,1,0.0,0.0,0.0
grp_62_140,2026-07-24 06:00:00+03:00,medium,block_06_12,,0.8868803585535918,1,0,1,0.0,0.0,0.0
grp_62_140,2026-07-24 12:00:00+03:00,medium,block_12_18,,2.070245661105857,1,0,1,0.0,0.0,0.0
grp_62_140,2026-07-24 18:00:00+03:00,medium,block_18_24,,0.9408752280415048,1,0,1,0.0,0.0,0.0
grp_62_140,2026-07-25 06:00:00+03:00,medium,block_06_12,,0.96223450767123,1,0,1,0.0,0.0,0.0
grp_62_140,2026-07-25 12:00:00+03:00,medium,block_12_18,,1.570585459158871,1,0,1,0.0,0.0,0.0
grp_62_140,2026-07-25 18:00:00+03:00,medium,block_18_24,,0.6249675730216876,1,0,1,0.0,0.0,0.0
grp_62_140,2026-07-26 06:00:00+03:00,medium,block_06_12,,0.8518985847211304,1,0,1,0.0,0.0,0.0
grp_62_140,2026-07-26 12:00:00+03:00,medium,block_12_18,,1.98958586117092,1,0,1,0.0,0.0,0.0
grp_62_140,2026-07-26 18:00:00+03:00,medium,block_18_24,,0.6249675730216876,1,0,1,0.0,0.0,0.0
grp_71_94,2026-07-20 12:00:00+03:00,medium,block_12_18,,1.5025236628450855,0,1,1,0.0,0.0,0.0
grp_71_94,2026-07-20 18:00:00+03:00,medium,block_18_24,,1.427600759846953,0,1,1,0.0,0.0,0.0
grp_71_94,2026-07-21 12:00:00+03:00,medium,block_12_18,,1.3826754057747108,0,1,1,0.0,0.0,0.0
grp_71_94,2026-07-21 18:00:00+03:00,medium,block_18_24,,1.3615854920587245,0,1,1,0.0,0.0,0.0
grp_71_94,2026-07-22 12:00:00+03:00,medium,block_12_18,,1.3826754057747108,0,1,1,0.0,0.0,0.0
grp_71_94,2026-07-22 18:00:00+03:00,medium,block_18_24,,1.3615854920587245,0,1,1,0.0,0.0,0.0
grp_71_94,2026-07-23 12:00:00+03:00,medium,block_12_18,,1.3826754057747108,0,1,1,0.0,0.0,0.0
grp_71_94,2026-07-23 18:00:00+03:00,medium,block_18_24,,1.3615854920587245,0,1,1,0.0,0.0,0.0
grp_71_94,2026-07-24 12:00:00+03:00,medium,block_12_18,,1.3826754057747108,0,1,1,0.0,0.0,0.0
grp_71_94,2026-07-24 18:00:00+03:00,medium,block_18_24,,1.3615854920587245,0,1,1,0.0,0.0,0.0
grp_71_94,2026-07-25 12:00:00+03:00,medium,block_12_18,,1.2853356593987806,0,1,1,0.0,0.0,0.0
grp_71_94,2026-07-25 18:00:00+03:00,medium,block_18_24,,1.3092572787534869,1,0,1,0.0,0.0,0.0
grp_71_94,2026-07-26 12:00:00+03:00,medium,block_12_18,,1.2853356593987806,0,1,1,0.0,0.0,0.0
grp_71_94,2026-07-26 18:00:00+03:00,medium,block_18_24,,1.3092572787534869,1,0,1,0.0,0.0,0.0
grp_98_298,2026-07-20 06:00:00+03:00,medium,block_06_12,,0.3432322554433933,0,0,0,0.0,0.0,0.0
grp_98_298,2026-07-20 12:00:00+03:00,medium,block_12_18,,3.79927094552906,0,1,1,0.0,0.0,0.0
grp_98_298,2026-07-20 18:00:00+03:00,medium,block_18_24,,0.7649647183413193,1,0,1,0.0,0.0,0.0
grp_98_298,2026-07-21 06:00:00+03:00,medium,block_06_12,,0.3154864154117005,0,0,0,0.0,0.0,0.0
grp_98_298,2026-07-21 12:00:00+03:00,medium,block_12_18,,5.019851060890227,0,1,1,0.0,0.0,0.0
grp_98_298,2026-07-21 18:00:00+03:00,medium,block_18_24,,1.0971337930486609,1,0,1,0.0,0.0,0.0
grp_98_298,2026-07-22 06:00:00+03:00,medium,block_06_12,,0.4960867322197232,0,0,0,0.0,0.0,0.0
grp_98_298,2026-07-22 12:00:00+03:00,medium,block_12_18,,3.79927094552906,0,1,1,0.0,0.0,0.0
grp_98_298,2026-07-22 18:00:00+03:00,medium,block_18_24,,1.0971337930486609,1,0,1,0.0,0.0,0.0
grp_98_298,2026-07-23 06:00:00+03:00,medium,block_06_12,,0.3154864154117005,0,0,0,0.0,0.0,0.0
grp_98_298,2026-07-23 12:00:00+03:00,medium,block_12_18,,2.6015765431769093,0,1,1,0.0,0.0,0.0
grp_98_298,2026-07-23 18:00:00+03:00,medium,block_18_24,,1.2159158081568613,1,0,1,0.0,0.0,0.0
grp_98_298,2026-07-24 06:00:00+03:00,medium,block_06_12,,0.3154864154117005,0,0,0,0.0,0.0,0.0
grp_98_298,2026-07-24 12:00:00+03:00,medium,block_12_18,,5.019851060890227,0,1,1,0.0,0.0,0.0
grp_98_298,2026-07-24 18:00:00+03:00,medium,block_18_24,,1.2159158081568613,1,0,1,0.0,0.0,0.0
grp_98_298,2026-07-25 06:00:00+03:00,medium,block_06_12,,0.3074947441394157,0,0,0,0.0,0.0,0.0
grp_98_298,2026-07-25 12:00:00+03:00,medium,block_12_18,,2.4687990589393305,0,1,1,0.0,0.0,0.0
grp_98_298,2026-07-25 18:00:00+03:00,medium,block_18_24,,1.75571028956301,1,0,1,0.0,0.0,0.0
grp_98_298,2026-07-26 06:00:00+03:00,medium,block_06_12,,0.3074947441394157,0,0,0,0.0,0.0,0.0
grp_98_298,2026-07-26 12:00:00+03:00,medium,block_12_18,,3.034328930761123,0,1,1,0.0,0.0,0.0
grp_98_298,2026-07-26 18:00:00+03:00,medium,block_18_24,,0.7073694363036713,1,0,1,0.0,0.0,0.0
