location_id,segment,time_segment,segment_datetime,segment_end,segment_hours
101,high,deep_night,2026-07-06 00:00:00+03:00,2026-07-06 06:00:00+03:00,6.0
101,high,opening,2026-07-06 06:00:00+03:00,2026-07-06 08:00:00+03:00,2.0
101,high,early_morning,2026-07-06 08:00:00+03:00,2026-07-06 09:00:00+03:00,1.0
101,high,morning,2026-07-06 09:00:00+03:00,2026-07-06 11:00:00+03:00,2.0
101,high,lunch,2026-07-06 11:00:00+03:00,2026-07-06 15:00:00+03:00,4.0
101,high,afternoon,2026-07-06 15:00:00+03:00,2026-07-06 18:00:00+03:00,3.0
101,high,dinner,2026-07-06 18:00:00+03:00,2026-07-06 21:00:00+03:00,3.0
101,high,late_evening,2026-07-06 21:00:00+03:00,2026-07-07 00:00:00+03:00,3.0
101,high,deep_night,2026-07-07 00:00:00+03:00,2026-07-07 06:00:00+03:00,6.0
101,high,opening,2026-07-07 06:00:00+03:00,2026-07-07 08:00:00+03:00,2.0
101,high,early_morning,2026-07-07 08:00:00+03:00,2026-07-07 09:00:00+03:00,1.0
101,high,morning,2026-07-07 09:00:00+03:00,2026-07-07 11:00:00+03:00,2.0
101,high,lunch,2026-07-07 11:00:00+03:00,2026-07-07 15:00:00+03:00,4.0
101,high,afternoon,2026-07-07 15:00:00+03:00,2026-07-07 18:00:00+03:00,3.0
101,high,dinner,2026-07-07 18:00:00+03:00,2026-07-07 21:00:00+03:00,3.0
101,high,late_evening,2026-07-07 21:00:00+03:00,2026-07-08 00:00:00+03:00,3.0
101,high,deep_night,2026-07-08 00:00:00+03:00,2026-07-08 06:00:00+03:00,6.0
101,high,opening,2026-07-08 06:00:00+03:00,2026-07-08 08:00:00+03:00,2.0
101,high,early_morning,2026-07-08 08:00:00+03:00,2026-07-08 09:00:00+03:00,1.0
101,high,morning,2026-07-08 09:00:00+03:00,2026-07-08 11:00:00+03:00,2.0
101,high,lunch,2026-07-08 11:00:00+03:00,2026-07-08 15:00:00+03:00,4.0
101,high,afternoon,2026-07-08 15:00:00+03:00,2026-07-08 18:00:00+03:00,3.0
101,high,dinner,2026-07-08 18:00:00+03:00,2026-07-08 21:00:00+03:00,3.0
101,high,late_evening,2026-07-08 21:00:00+03:00,2026-07-09 00:00:00+03:00,3.0
101,high,deep_night,2026-07-09 00:00:00+03:00,2026-07-09 06:00:00+03:00,6.0
101,high,opening,2026-07-09 06:00:00+03:00,2026-07-09 08:00:00+03:00,2.0
101,high,early_morning,2026-07-09 08:00:00+03:00,2026-07-09 09:00:00+03:00,1.0
101,high,morning,2026-07-09 09:00:00+03:00,2026-07-09 11:00:00+03:00,2.0
101,high,lunch,2026-07-09 11:00:00+03:00,2026-07-09 15:00:00+03:00,4.0
101,high,afternoon,2026-07-09 15:00:00+03:00,2026-07-09 18:00:00+03:00,3.0
101,high,dinner,2026-07-09 18:00:00+03:00,2026-07-09 21:00:00+03:00,3.0
101,high,late_evening,2026-07-09 21:00:00+03:00,2026-07-10 00:00:00+03:00,3.0
101,high,deep_night,2026-07-10 00:00:00+03:00,2026-07-10 06:00:00+03:00,6.0
101,high,opening,2026-07-10 06:00:00+03:00,2026-07-10 08:00:00+03:00,2.0
101,high,early_morning,2026-07-10 08:00:00+03:00,2026-07-10 09:00:00+03:00,1.0
101,high,morning,2026-07-10 09:00:00+03:00,2026-07-10 11:00:00+03:00,2.0
101,high,lunch,2026-07-10 11:00:00+03:00,2026-07-10 15:00:00+03:00,4.0
101,high,afternoon,2026-07-10 15:00:00+03:00,2026-07-10 18:00:00+03:00,3.0
101,high,dinner,2026-07-10 18:00:00+03:00,2026-07-10 21:00:00+03:00,3.0
101,high,late_evening,2026-07-10 21:00:00+03:00,2026-07-11 00:00:00+03:00,3.0
101,high,deep_night,2026-07-11 00:00:00+03:00,2026-07-11 06:00:00+03:00,6.0
101,high,opening,2026-07-11 06:00:00+03:00,2026-07-11 08:00:00+03:00,2.0
101,high,early_morning,2026-07-11 08:00:00+03:00,2026-07-11 09:00:00+03:00,1.0
101,high,morning,2026-07-11 09:00:00+03:00,2026-07-11 11:00:00+03:00,2.0
101,high,lunch,2026-07-11 11:00:00+03:00,2026-07-11 15:00:00+03:00,4.0
101,high,afternoon,2026-07-11 15:00:00+03:00,2026-07-11 18:00:00+03:00,3.0
101,high,dinner,2026-07-11 18:00:00+03:00,2026-07-11 21:00:00+03:00,3.0
101,high,late_evening,2026-07-11 21:00:00+03:00,2026-07-12 00:00:00+03:00,3.0
101,high,deep_night,2026-07-12 00:00:00+03:00,2026-07-12 06:00:00+03:00,6.0
101,high,opening,2026-07-12 06:00:00+03:00,2026-07-12 08:00:00+03:00,2.0
101,high,early_morning,2026-07-12 08:00:00+03:00,2026-07-12 09:00:00+03:00,1.0
101,high,morning,2026-07-12 09:00:00+03:00,2026-07-12 11:00:00+03:00,2.0
101,high,lunch,2026-07-12 11:00:00+03:00,2026-07-12 15:00:00+03:00,4.0
101,high,afternoon,2026-07-12 15:00:00+03:00,2026-07-12 18:00:00+03:00,3.0
101,high,dinner,2026-07-12 18:00:00+03:00,2026-07-12 21:00:00+03:00,3.0
101,high,late_evening,2026-07-12 21:00:00+03:00,2026-07-13 00:00:00+03:00,3.0
101,high,deep_night,2026-07-13 00:00:00+03:00,2026-07-13 06:00:00+03:00,6.0
101,high,opening,2026-07-13 06:00:00+03:00,2026-07-13 08:00:00+03:00,2.0
101,high,early_morning,2026-07-13 08:00:00+03:00,2026-07-13 09:00:00+03:00,1.0
101,high,morning,2026-07-13 09:00:00+03:00,2026-07-13 11:00:00+03:00,2.0
101,high,lunch,2026-07-13 11:00:00+03:00,2026-07-13 15:00:00+03:00,4.0
101,high,afternoon,2026-07-13 15:00:00+03:00,2026-07-13 18:00:00+03:00,3.0
101,high,dinner,2026-07-13 18:00:00+03:00,2026-07-13 21:00:00+03:00,3.0
101,high,late_evening,2026-07-13 21:00:00+03:00,2026-07-14 00:00:00+03:00,3.0
101,high,deep_night,2026-07-14 00:00:00+03:00,2026-07-14 06:00:00+03:00,6.0
101,high,opening,2026-07-14 06:00:00+03:00,2026-07-14 08:00:00+03:00,2.0
101,high,early_morning,2026-07-14 08:00:00+03:00,2026-07-14 09:00:00+03:00,1.0
101,high,morning,2026-07-14 09:00:00+03:00,2026-07-14 11:00:00+03:00,2.0
101,high,lunch,2026-07-14 11:00:00+03:00,2026-07-14 15:00:00+03:00,4.0
101,high,afternoon,2026-07-14 15:00:00+03:00,2026-07-14 18:00:00+03:00,3.0
101,high,dinner,2026-07-14 18:00:00+03:00,2026-07-14 21:00:00+03:00,3.0
101,high,late_evening,2026-07-14 21:00:00+03:00,2026-07-15 00:00:00+03:00,3.0
101,high,deep_night,2026-07-15 00:00:00+03:00,2026-07-15 06:00:00+03:00,6.0
101,high,opening,2026-07-15 06:00:00+03:00,2026-07-15 08:00:00+03:00,2.0
101,high,early_morning,2026-07-15 08:00:00+03:00,2026-07-15 09:00:00+03:00,1.0
101,high,morning,2026-07-15 09:00:00+03:00,2026-07-15 11:00:00+03:00,2.0
101,high,lunch,2026-07-15 11:00:00+03:00,2026-07-15 15:00:00+03:00,4.0
101,high,afternoon,2026-07-15 15:00:00+03:00,2026-07-15 18:00:00+03:00,3.0
101,high,dinner,2026-07-15 18:00:00+03:00,2026-07-15 21:00:00+03:00,3.0
101,high,late_evening,2026-07-15 21:00:00+03:00,2026-07-16 00:00:00+03:00,3.0
101,high,deep_night,2026-07-16 00:00:00+03:00,2026-07-16 06:00:00+03:00,6.0
101,high,opening,2026-07-16 06:00:00+03:00,2026-07-16 08:00:00+03:00,2.0
101,high,early_morning,2026-07-16 08:00:00+03:00,2026-07-16 09:00:00+03:00,1.0
101,high,morning,2026-07-16 09:00:00+03:00,2026-07-16 11:00:00+03:00,2.0
101,high,lunch,2026-07-16 11:00:00+03:00,2026-07-16 15:00:00+03:00,4.0
101,high,afternoon,2026-07-16 15:00:00+03:00,2026-07-16 18:00:00+03:00,3.0
101,high,dinner,2026-07-16 18:00:00+03:00,2026-07-16 21:00:00+03:00,3.0
101,high,late_evening,2026-07-16 21:00:00+03:00,2026-07-17 00:00:00+03:00,3.0
101,high,deep_night,2026-07-17 00:00:00+03:00,2026-07-17 06:00:00+03:00,6.0
101,high,opening,2026-07-17 06:00:00+03:00,2026-07-17 08:00:00+03:00,2.0
101,high,early_morning,2026-07-17 08:00:00+03:00,2026-07-17 09:00:00+03:00,1.0
101,high,morning,2026-07-17 09:00:00+03:00,2026-07-17 11:00:00+03:00,2.0
101,high,lunch,2026-07-17 11:00:00+03:00,2026-07-17 15:00:00+03:00,4.0
101,high,afternoon,2026-07-17 15:00:00+03:00,2026-07-17 18:00:00+03:00,3.0
101,high,dinner,2026-07-17 18:00:00+03:00,2026-07-17 21:00:00+03:00,3.0
101,high,late_evening,2026-07-17 21:00:00+03:00,2026-07-18 00:00:00+03:00,3.0
101,high,deep_night,2026-07-18 00:00:00+03:00,2026-07-18 06:00:00+03:00,6.0
101,high,opening,2026-07-18 06:00:00+03:00,2026-07-18 08:00:00+03:00,2.0
101,high,early_morning,2026-07-18 08:00:00+03:00,2026-07-18 09:00:00+03:00,1.0
101,high,morning,2026-07-18 09:00:00+03:00,2026-07-18 11:00:00+03:00,2.0
101,high,lunch,2026-07-18 11:00:00+03:00,2026-07-18 15:00:00+03:00,4.0
101,high,afternoon,2026-07-18 15:00:00+03:00,2026-07-18 18:00:00+03:00,3.0
101,high,dinner,2026-07-18 18:00:00+03:00,2026-07-18 21:00:00+03:00,3.0
101,high,late_evening,2026-07-18 21:00:00+03:00,2026-07-19 00:00:00+03:00,3.0
101,high,deep_night,2026-07-19 00:00:00+03:00,2026-07-19 06:00:00+03:00,6.0
101,high,opening,2026-07-19 06:00:00+03:00,2026-07-19 08:00:00+03:00,2.0
101,high,early_morning,2026-07-19 08:00:00+03:00,2026-07-19 09:00:00+03:00,1.0
101,high,morning,2026-07-19 09:00:00+03:00,2026-07-19 11:00:00+03:00,2.0
101,high,lunch,2026-07-19 11:00:00+03:00,2026-07-19 15:00:00+03:00,4.0
101,high,afternoon,2026-07-19 15:00:00+03:00,2026-07-19 18:00:00+03:00,3.0
101,high,dinner,2026-07-19 18:00:00+03:00,2026-07-19 21:00:00+03:00,3.0
101,high,late_evening,2026-07-19 21:00:00+03:00,2026-07-20 00:00:00+03:00,3.0
11,medium,block_00_06,2026-07-06 00:00:00+03:00,2026-07-06 06:00:00+03:00,6.0
11,medium,block_06_12,2026-07-06 06:00:00+03:00,2026-07-06 12:00:00+03:00,6.0
11,medium,block_12_18,2026-07-06 12:00:00+03:00,2026-07-06 18:00:00+03:00,6.0
11,medium,block_18_24,2026-07-06 18:00:00+03:00,2026-07-07 00:00:00+03:00,6.0
11,medium,block_00_06,2026-07-07 00:00:00+03:00,2026-07-07 06:00:00+03:00,6.0
11,medium,block_06_12,2026-07-07 06:00:00+03:00,2026-07-07 12:00:00+03:00,6.0
11,medium,block_12_18,2026-07-07 12:00:00+03:00,2026-07-07 18:00:00+03:00,6.0
11,medium,block_18_24,2026-07-07 18:00:00+03:00,2026-07-08 00:00:00+03:00,6.0
11,medium,block_00_06,2026-07-08 00:00:00+03:00,2026-07-08 06:00:00+03:00,6.0
11,medium,block_06_12,2026-07-08 06:00:00+03:00,2026-07-08 12:00:00+03:00,6.0
11,medium,block_12_18,2026-07-08 12:00:00+03:00,2026-07-08 18:00:00+03:00,6.0
11,medium,block_18_24,2026-07-08 18:00:00+03:00,2026-07-09 00:00:00+03:00,6.0
11,medium,block_00_06,2026-07-09 00:00:00+03:00,2026-07-09 06:00:00+03:00,6.0
11,medium,block_06_12,2026-07-09 06:00:00+03:00,2026-07-09 12:00:00+03:00,6.0
11,medium,block_12_18,2026-07-09 12:00:00+03:00,2026-07-09 18:00:00+03:00,6.0
11,medium,block_18_24,2026-07-09 18:00:00+03:00,2026-07-10 00:00:00+03:00,6.0
11,medium,block_00_06,2026-07-10 00:00:00+03:00,2026-07-10 06:00:00+03:00,6.0
11,medium,block_06_12,2026-07-10 06:00:00+03:00,2026-07-10 12:00:00+03:00,6.0
11,medium,block_12_18,2026-07-10 12:00:00+03:00,2026-07-10 18:00:00+03:00,6.0
11,medium,block_18_24,2026-07-10 18:00:00+03:00,2026-07-11 00:00:00+03:00,6.0
11,medium,block_00_06,2026-07-11 00:00:00+03:00,2026-07-11 06:00:00+03:00,6.0
11,medium,block_06_12,2026-07-11 06:00:00+03:00,2026-07-11 12:00:00+03:00,6.0
11,medium,block_12_18,2026-07-11 12:00:00+03:00,2026-07-11 18:00:00+03:00,6.0
11,medium,block_18_24,2026-07-11 18:00:00+03:00,2026-07-12 00:00:00+03:00,6.0
11,medium,block_00_06,2026-07-12 00:00:00+03:00,2026-07-12 06:00:00+03:00,6.0
11,medium,block_06_12,2026-07-12 06:00:00+03:00,2026-07-12 12:00:00+03:00,6.0
11,medium,block_12_18,2026-07-12 12:00:00+03:00,2026-07-12 18:00:00+03:00,6.0
11,medium,block_18_24,2026-07-12 18:00:00+03:00,2026-07-13 00:00:00+03:00,6.0
11,medium,block_00_06,2026-07-13 00:00:00+03:00,2026-07-13 06:00:00+03:00,6.0
11,medium,block_06_12,2026-07-13 06:00:00+03:00,2026-07-13 12:00:00+03:00,6.0
11,medium,block_12_18,2026-07-13 12:00:00+03:00,2026-07-13 18:00:00+03:00,6.0
11,medium,block_18_24,2026-07-13 18:00:00+03:00,2026-07-14 00:00:00+03:00,6.0
11,medium,block_00_06,2026-07-14 00:00:00+03:00,2026-07-14 06:00:00+03:00,6.0
11,medium,block_06_12,2026-07-14 06:00:00+03:00,2026-07-14 12:00:00+03:00,6.0
11,medium,block_12_18,2026-07-14 12:00:00+03:00,2026-07-14 18:00:00+03:00,6.0
11,medium,block_18_24,2026-07-14 18:00:00+03:00,2026-07-15 00:00:00+03:00,6.0
11,medium,block_00_06,2026-07-15 00:00:00+03:00,2026-07-15 06:00:00+03:00,6.0
11,medium,block_06_12,2026-07-15 06:00:00+03:00,2026-07-15 12:00:00+03:00,6.0
11,medium,block_12_18,2026-07-15 12:00:00+03:00,2026-07-15 18:00:00+03:00,6.0
11,medium,block_18_24,2026-07-15 18:00:00+03:00,2026-07-16 00:00:00+03:00,6.0
11,medium,block_00_06,2026-07-16 00:00:00+03:00,2026-07-16 06:00:00+03:00,6.0
11,medium,block_06_12,2026-07-16 06:00:00+03:00,2026-07-16 12:00:00+03:00,6.0
11,medium,block_12_18,2026-07-16 12:00:00+03:00,2026-07-16 18:00:00+03:00,6.0
11,medium,block_18_24,2026-07-16 18:00:00+03:00,2026-07-17 00:00:00+03:00,6.0
11,medium,block_00_06,2026-07-17 00:00:00+03:00,2026-07-17 06:00:00+03:00,6.0
11,medium,block_06_12,2026-07-17 06:00:00+03:00,2026-07-17 12:00:00+03:00,6.0
11,medium,block_12_18,2026-07-17 12:00:00+03:00,2026-07-17 18:00:00+03:00,6.0
11,medium,block_18_24,2026-07-17 18:00:00+03:00,2026-07-18 00:00:00+03:00,6.0
11,medium,block_00_06,2026-07-18 00:00:00+03:00,2026-07-18 06:00:00+03:00,6.0
11,medium,block_06_12,2026-07-18 06:00:00+03:00,2026-07-18 12:00:00+03:00,6.0
11,medium,block_12_18,2026-07-18 12:00:00+03:00,2026-07-18 18:00:00+03:00,6.0
11,medium,block_18_24,2026-07-18 18:00:00+03:00,2026-07-19 00:00:00+03:00,6.0
11,medium,block_00_06,2026-07-19 00:00:00+03:00,2026-07-19 06:00:00+03:00,6.0
11,medium,block_06_12,2026-07-19 06:00:00+03:00,2026-07-19 12:00:00+03:00,6.0
11,medium,block_12_18,2026-07-19 12:00:00+03:00,2026-07-19 18:00:00+03:00,6.0
11,medium,block_18_24,2026-07-19 18:00:00+03:00,2026-07-20 00:00:00+03:00,6.0
114,low,block_00_06,2026-07-06 00:00:00+03:00,2026-07-06 06:00:00+03:00,6.0
114,low,block_06_12,2026-07-06 06:00:00+03:00,2026-07-06 12:00:00+03:00,6.0
114,low,block_12_18,2026-07-06 12:00:00+03:00,2026-07-06 18:00:00+03:00,6.0
114,low,block_18_24,2026-07-06 18:00:00+03:00,2026-07-07 00:00:00+03:00,6.0
114,low,block_00_06,2026-07-07 00:00:00+03:00,2026-07-07 06:00:00+03:00,6.0
114,low,block_06_12,2026-07-07 06:00:00+03:00,2026-07-07 12:00:00+03:00,6.0
114,low,block_12_18,2026-07-07 12:00:00+03:00,2026-07-07 18:00:00+03:00,6.0
114,low,block_18_24,2026-07-07 18:00:00+03:00,2026-07-08 00:00:00+03:00,6.0
114,low,block_00_06,2026-07-08 00:00:00+03:00,2026-07-08 06:00:00+03:00,6.0
114,low,block_06_12,2026-07-08 06:00:00+03:00,2026-07-08 12:00:00+03:00,6.0
114,low,block_12_18,2026-07-08 12:00:00+03:00,2026-07-08 18:00:00+03:00,6.0
114,low,block_18_24,2026-07-08 18:00:00+03:00,2026-07-09 00:00:00+03:00,6.0
114,low,block_00_06,2026-07-09 00:00:00+03:00,2026-07-09 06:00:00+03:00,6.0
114,low,block_06_12,2026-07-09 06:00:00+03:00,2026-07-09 12:00:00+03:00,6.0
114,low,block_12_18,2026-07-09 12:00:00+03:00,2026-07-09 18:00:00+03:00,6.0
114,low,block_18_24,2026-07-09 18:00:00+03:00,2026-07-10 00:00:00+03:00,6.0
114,low,block_00_06,2026-07-10 00:00:00+03:00,2026-07-10 06:00:00+03:00,6.0
114,low,block_06_12,2026-07-10 06:00:00+03:00,2026-07-10 12:00:00+03:00,6.0
114,low,block_12_18,2026-07-10 12:00:00+03:00,2026-07-10 18:00:00+03:00,6.0
114,low,block_18_24,2026-07-10 18:00:00+03:00,2026-07-11 00:00:00+03:00,6.0
114,low,block_00_06,2026-07-11 00:00:00+03:00,2026-07-11 06:00:00+03:00,6.0
114,low,block_06_12,2026-07-11 06:00:00+03:00,2026-07-11 12:00:00+03:00,6.0
114,low,block_12_18,2026-07-11 12:00:00+03:00,2026-07-11 18:00:00+03:00,6.0
114,low,block_18_24,2026-07-11 18:00:00+03:00,2026-07-12 00:00:00+03:00,6.0
114,low,block_00_06,2026-07-12 00:00:00+03:00,2026-07-12 06:00:00+03:00,6.0
114,low,block_06_12,2026-07-12 06:00:00+03:00,2026-07-12 12:00:00+03:00,6.0
114,low,block_12_18,2026-07-12 12:00:00+03:00,2026-07-12 18:00:00+03:00,6.0
114,low,block_18_24,2026-07-12 18:00:00+03:00,2026-07-13 00:00:00+03:00,6.0
114,low,block_00_06,2026-07-13 00:00:00+03:00,2026-07-13 06:00:00+03:00,6.0
114,low,block_06_12,2026-07-13 06:00:00+03:00,2026-07-13 12:00:00+03:00,6.0
114,low,block_12_18,2026-07-13 12:00:00+03:00,2026-07-13 18:00:00+03:00,6.0
114,low,block_18_24,2026-07-13 18:00:00+03:00,2026-07-14 00:00:00+03:00,6.0
114,low,block_00_06,2026-07-14 00:00:00+03:00,2026-07-14 06:00:00+03:00,6.0
114,low,block_06_12,2026-07-14 06:00:00+03:00,2026-07-14 12:00:00+03:00,6.0
114,low,block_12_18,2026-07-14 12:00:00+03:00,2026-07-14 18:00:00+03:00,6.0
114,low,block_18_24,2026-07-14 18:00:00+03:00,2026-07-15 00:00:00+03:00,6.0
114,low,block_00_06,2026-07-15 00:00:00+03:00,2026-07-15 06:00:00+03:00,6.0
114,low,block_06_12,2026-07-15 06:00:00+03:00,2026-07-15 12:00:00+03:00,6.0
114,low,block_12_18,2026-07-15 12:00:00+03:00,2026-07-15 18:00:00+03:00,6.0
114,low,block_18_24,2026-07-15 18:00:00+03:00,2026-07-16 00:00:00+03:00,6.0
114,low,block_00_06,2026-07-16 00:00:00+03:00,2026-07-16 06:00:00+03:00,6.0
114,low,block_06_12,2026-07-16 06:00:00+03:00,2026-07-16 12:00:00+03:00,6.0
114,low,block_12_18,2026-07-16 12:00:00+03:00,2026-07-16 18:00:00+03:00,6.0
114,low,block_18_24,2026-07-16 18:00:00+03:00,2026-07-17 00:00:00+03:00,6.0
114,low,block_00_06,2026-07-17 00:00:00+03:00,2026-07-17 06:00:00+03:00,6.0
114,low,block_06_12,2026-07-17 06:00:00+03:00,2026-07-17 12:00:00+03:00,6.0
114,low,block_12_18,2026-07-17 12:00:00+03:00,2026-07-17 18:00:00+03:00,6.0
114,low,block_18_24,2026-07-17 18:00:00+03:00,2026-07-18 00:00:00+03:00,6.0
114,low,block_00_06,2026-07-18 00:00:00+03:00,2026-07-18 06:00:00+03:00,6.0
114,low,block_06_12,2026-07-18 06:00:00+03:00,2026-07-18 12:00:00+03:00,6.0
114,low,block_12_18,2026-07-18 12:00:00+03:00,2026-07-18 18:00:00+03:00,6.0
114,low,block_18_24,2026-07-18 18:00:00+03:00,2026-07-19 00:00:00+03:00,6.0
114,low,block_00_06,2026-07-19 00:00:00+03:00,2026-07-19 06:00:00+03:00,6.0
114,low,block_06_12,2026-07-19 06:00:00+03:00,2026-07-19 12:00:00+03:00,6.0
114,low,block_12_18,2026-07-19 12:00:00+03:00,2026-07-19 18:00:00+03:00,6.0
114,low,block_18_24,2026-07-19 18:00:00+03:00,2026-07-20 00:00:00+03:00,6.0
115,high,deep_night,2026-07-06 00:00:00+03:00,2026-07-06 06:00:00+03:00,6.0
115,high,opening,2026-07-06 06:00:00+03:00,2026-07-06 08:00:00+03:00,2.0
115,high,early_morning,2026-07-06 08:00:00+03:00,2026-07-06 09:00:00+03:00,1.0
115,high,morning,2026-07-06 09:00:00+03:00,2026-07-06 11:00:00+03:00,2.0
115,high,lunch,2026-07-06 11:00:00+03:00,2026-07-06 15:00:00+03:00,4.0
115,high,afternoon,2026-07-06 15:00:00+03:00,2026-07-06 18:00:00+03:00,3.0
115,high,dinner,2026-07-06 18:00:00+03:00,2026-07-06 21:00:00+03:00,3.0
115,high,late_evening,2026-07-06 21:00:00+03:00,2026-07-07 00:00:00+03:00,3.0
115,high,deep_night,2026-07-07 00:00:00+03:00,2026-07-07 06:00:00+03:00,6.0
115,high,opening,2026-07-07 06:00:00+03:00,2026-07-07 08:00:00+03:00,2.0
115,high,early_morning,2026-07-07 08:00:00+03:00,2026-07-07 09:00:00+03:00,1.0
115,high,morning,2026-07-07 09:00:00+03:00,2026-07-07 11:00:00+03:00,2.0
115,high,lunch,2026-07-07 11:00:00+03:00,2026-07-07 15:00:00+03:00,4.0
115,high,afternoon,2026-07-07 15:00:00+03:00,2026-07-07 18:00:00+03:00,3.0
115,high,dinner,2026-07-07 18:00:00+03:00,2026-07-07 21:00:00+03:00,3.0
115,high,late_evening,2026-07-07 21:00:00+03:00,2026-07-08 00:00:00+03:00,3.0
115,high,deep_night,2026-07-08 00:00:00+03:00,2026-07-08 06:00:00+03:00,6.0
115,high,opening,2026-07-08 06:00:00+03:00,2026-07-08 08:00:00+03:00,2.0
115,high,early_morning,2026-07-08 08:00:00+03:00,2026-07-08 09:00:00+03:00,1.0
115,high,morning,2026-07-08 09:00:00+03:00,2026-07-08 11:00:00+03:00,2.0
115,high,lunch,2026-07-08 11:00:00+03:00,2026-07-08 15:00:00+03:00,4.0
115,high,afternoon,2026-07-08 15:00:00+03:00,2026-07-08 18:00:00+03:00,3.0
115,high,dinner,2026-07-08 18:00:00+03:00,2026-07-08 21:00:00+03:00,3.0
115,high,late_evening,2026-07-08 21:00:00+03:00,2026-07-09 00:00:00+03:00,3.0
115,high,deep_night,2026-07-09 00:00:00+03:00,2026-07-09 06:00:00+03:00,6.0
115,high,opening,2026-07-09 06:00:00+03:00,2026-07-09 08:00:00+03:00,2.0
115,high,early_morning,2026-07-09 08:00:00+03:00,2026-07-09 09:00:00+03:00,1.0
115,high,morning,2026-07-09 09:00:00+03:00,2026-07-09 11:00:00+03:00,2.0
115,high,lunch,2026-07-09 11:00:00+03:00,2026-07-09 15:00:00+03:00,4.0
115,high,afternoon,2026-07-09 15:00:00+03:00,2026-07-09 18:00:00+03:00,3.0
115,high,dinner,2026-07-09 18:00:00+03:00,2026-07-09 21:00:00+03:00,3.0
115,high,late_evening,2026-07-09 21:00:00+03:00,2026-07-10 00:00:00+03:00,3.0
115,high,deep_night,2026-07-10 00:00:00+03:00,2026-07-10 06:00:00+03:00,6.0
115,high,opening,2026-07-10 06:00:00+03:00,2026-07-10 08:00:00+03:00,2.0
115,high,early_morning,2026-07-10 08:00:00+03:00,2026-07-10 09:00:00+03:00,1.0
115,high,morning,2026-07-10 09:00:00+03:00,2026-07-10 11:00:00+03:00,2.0
115,high,lunch,2026-07-10 11:00:00+03:00,2026-07-10 15:00:00+03:00,4.0
115,high,afternoon,2026-07-10 15:00:00+03:00,2026-07-10 18:00:00+03:00,3.0
115,high,dinner,2026-07-10 18:00:00+03:00,2026-07-10 21:00:00+03:00,3.0
115,high,late_evening,2026-07-10 21:00:00+03:00,2026-07-11 00:00:00+03:00,3.0
115,high,deep_night,2026-07-11 00:00:00+03:00,2026-07-11 06:00:00+03:00,6.0
115,high,opening,2026-07-11 06:00:00+03:00,2026-07-11 08:00:00+03:00,2.0
115,high,early_morning,2026-07-11 08:00:00+03:00,2026-07-11 09:00:00+03:00,1.0
115,high,morning,2026-07-11 09:00:00+03:00,2026-07-11 11:00:00+03:00,2.0
115,high,lunch,2026-07-11 11:00:00+03:00,2026-07-11 15:00:00+03:00,4.0
115,high,afternoon,2026-07-11 15:00:00+03:00,2026-07-11 18:00:00+03:00,3.0
115,high,dinner,2026-07-11 18:00:00+03:00,2026-07-11 21:00:00+03:00,3.0
115,high,late_evening,2026-07-11 21:00:00+03:00,2026-07-12 00:00:00+03:00,3.0
115,high,deep_night,2026-07-12 00:00:00+03:00,2026-07-12 06:00:00+03:00,6.0
115,high,opening,2026-07-12 06:00:00+03:00,2026-07-12 08:00:00+03:00,2.0
115,high,early_morning,2026-07-12 08:00:00+03:00,2026-07-12 09:00:00+03:00,1.0
115,high,morning,2026-07-12 09:00:00+03:00,2026-07-12 11:00:00+03:00,2.0
115,high,lunch,2026-07-12 11:00:00+03:00,2026-07-12 15:00:00+03:00,4.0
115,high,afternoon,2026-07-12 15:00:00+03:00,2026-07-12 18:00:00+03:00,3.0
115,high,dinner,2026-07-12 18:00:00+03:00,2026-07-12 21:00:00+03:00,3.0
115,high,late_evening,2026-07-12 21:00:00+03:00,2026-07-13 00:00:00+03:00,3.0
115,high,deep_night,2026-07-13 00:00:00+03:00,2026-07-13 06:00:00+03:00,6.0
115,high,opening,2026-07-13 06:00:00+03:00,2026-07-13 08:00:00+03:00,2.0
115,high,early_morning,2026-07-13 08:00:00+03:00,2026-07-13 09:00:00+03:00,1.0
115,high,morning,2026-07-13 09:00:00+03:00,2026-07-13 11:00:00+03:00,2.0
115,high,lunch,2026-07-13 11:00:00+03:00,2026-07-13 15:00:00+03:00,4.0
115,high,afternoon,2026-07-13 15:00:00+03:00,2026-07-13 18:00:00+03:00,3.0
115,high,dinner,2026-07-13 18:00:00+03:00,2026-07-13 21:00:00+03:00,3.0
115,high,late_evening,2026-07-13 21:00:00+03:00,2026-07-14 00:00:00+03:00,3.0
115,high,deep_night,2026-07-14 00:00:00+03:00,2026-07-14 06:00:00+03:00,6.0
115,high,opening,2026-07-14 06:00:00+03:00,2026-07-14 08:00:00+03:00,2.0
115,high,early_morning,2026-07-14 08:00:00+03:00,2026-07-14 09:00:00+03:00,1.0
115,high,morning,2026-07-14 09:00:00+03:00,2026-07-14 11:00:00+03:00,2.0
115,high,lunch,2026-07-14 11:00:00+03:00,2026-07-14 15:00:00+03:00,4.0
115,high,afternoon,2026-07-14 15:00:00+03:00,2026-07-14 18:00:00+03:00,3.0
115,high,dinner,2026-07-14 18:00:00+03:00,2026-07-14 21:00:00+03:00,3.0
115,high,late_evening,2026-07-14 21:00:00+03:00,2026-07-15 00:00:00+03:00,3.0
115,high,deep_night,2026-07-15 00:00:00+03:00,2026-07-15 06:00:00+03:00,6.0
115,high,opening,2026-07-15 06:00:00+03:00,2026-07-15 08:00:00+03:00,2.0
115,high,early_morning,2026-07-15 08:00:00+03:00,2026-07-15 09:00:00+03:00,1.0
115,high,morning,2026-07-15 09:00:00+03:00,2026-07-15 11:00:00+03:00,2.0
115,high,lunch,2026-07-15 11:00:00+03:00,2026-07-15 15:00:00+03:00,4.0
115,high,afternoon,2026-07-15 15:00:00+03:00,2026-07-15 18:00:00+03:00,3.0
115,high,dinner,2026-07-15 18:00:00+03:00,2026-07-15 21:00:00+03:00,3.0
115,high,late_evening,2026-07-15 21:00:00+03:00,2026-07-16 00:00:00+03:00,3.0
115,high,deep_night,2026-07-16 00:00:00+03:00,2026-07-16 06:00:00+03:00,6.0
115,high,opening,2026-07-16 06:00:00+03:00,2026-07-16 08:00:00+03:00,2.0
115,high,early_morning,2026-07-16 08:00:00+03:00,2026-07-16 09:00:00+03:00,1.0
115,high,morning,2026-07-16 09:00:00+03:00,2026-07-16 11:00:00+03:00,2.0
115,high,lunch,2026-07-16 11:00:00+03:00,2026-07-16 15:00:00+03:00,4.0
115,high,afternoon,2026-07-16 15:00:00+03:00,2026-07-16 18:00:00+03:00,3.0
115,high,dinner,2026-07-16 18:00:00+03:00,2026-07-16 21:00:00+03:00,3.0
115,high,late_evening,2026-07-16 21:00:00+03:00,2026-07-17 00:00:00+03:00,3.0
115,high,deep_night,2026-07-17 00:00:00+03:00,2026-07-17 06:00:00+03:00,6.0
115,high,opening,2026-07-17 06:00:00+03:00,2026-07-17 08:00:00+03:00,2.0
115,high,early_morning,2026-07-17 08:00:00+03:00,2026-07-17 09:00:00+03:00,1.0
115,high,morning,2026-07-17 09:00:00+03:00,2026-07-17 11:00:00+03:00,2.0
115,high,lunch,2026-07-17 11:00:00+03:00,2026-07-17 15:00:00+03:00,4.0
115,high,afternoon,2026-07-17 15:00:00+03:00,2026-07-17 18:00:00+03:00,3.0
115,high,dinner,2026-07-17 18:00:00+03:00,2026-07-17 21:00:00+03:00,3.0
115,high,late_evening,2026-07-17 21:00:00+03:00,2026-07-18 00:00:00+03:00,3.0
115,high,deep_night,2026-07-18 00:00:00+03:00,2026-07-18 06:00:00+03:00,6.0
115,high,opening,2026-07-18 06:00:00+03:00,2026-07-18 08:00:00+03:00,2.0
115,high,early_morning,2026-07-18 08:00:00+03:00,2026-07-18 09:00:00+03:00,1.0
115,high,morning,2026-07-18 09:00:00+03:00,2026-07-18 11:00:00+03:00,2.0
115,high,lunch,2026-07-18 11:00:00+03:00,2026-07-18 15:00:00+03:00,4.0
115,high,afternoon,2026-07-18 15:00:00+03:00,2026-07-18 18:00:00+03:00,3.0
115,high,dinner,2026-07-18 18:00:00+03:00,2026-07-18 21:00:00+03:00,3.0
115,high,late_evening,2026-07-18 21:00:00+03:00,2026-07-19 00:00:00+03:00,3.0
115,high,deep_night,2026-07-19 00:00:00+03:00,2026-07-19 06:00:00+03:00,6.0
115,high,opening,2026-07-19 06:00:00+03:00,2026-07-19 08:00:00+03:00,2.0
115,high,early_morning,2026-07-19 08:00:00+03:00,2026-07-19 09:00:00+03:00,1.0
115,high,morning,2026-07-19 09:00:00+03:00,2026-07-19 11:00:00+03:00,2.0
115,high,lunch,2026-07-19 11:00:00+03:00,2026-07-19 15:00:00+03:00,4.0
115,high,afternoon,2026-07-19 15:00:00+03:00,2026-07-19 18:00:00+03:00,3.0
115,high,dinner,2026-07-19 18:00:00+03:00,2026-07-19 21:00:00+03:00,3.0
115,high,late_evening,2026-07-19 21:00:00+03:00,2026-07-20 00:00:00+03:00,3.0
12,high,deep_night,2026-07-06 00:00:00+03:00,2026-07-06 06:00:00+03:00,6.0
12,high,opening,2026-07-06 06:00:00+03:00,2026-07-06 08:00:00+03:00,2.0
12,high,early_morning,2026-07-06 08:00:00+03:00,2026-07-06 09:00:00+03:00,1.0
12,high,morning,2026-07-06 09:00:00+03:00,2026-07-06 11:00:00+03:00,2.0
12,high,lunch,2026-07-06 11:00:00+03:00,2026-07-06 15:00:00+03:00,4.0
12,high,afternoon,2026-07-06 15:00:00+03:00,2026-07-06 18:00:00+03:00,3.0
12,high,dinner,2026-07-06 18:00:00+03:00,2026-07-06 21:00:00+03:00,3.0
12,high,late_evening,2026-07-06 21:00:00+03:00,2026-07-07 00:00:00+03:00,3.0
12,high,deep_night,2026-07-07 00:00:00+03:00,2026-07-07 06:00:00+03:00,6.0
12,high,opening,2026-07-07 06:00:00+03:00,2026-07-07 08:00:00+03:00,2.0
12,high,early_morning,2026-07-07 08:00:00+03:00,2026-07-07 09:00:00+03:00,1.0
12,high,morning,2026-07-07 09:00:00+03:00,2026-07-07 11:00:00+03:00,2.0
12,high,lunch,2026-07-07 11:00:00+03:00,2026-07-07 15:00:00+03:00,4.0
12,high,afternoon,2026-07-07 15:00:00+03:00,2026-07-07 18:00:00+03:00,3.0
12,high,dinner,2026-07-07 18:00:00+03:00,2026-07-07 21:00:00+03:00,3.0
12,high,late_evening,2026-07-07 21:00:00+03:00,2026-07-08 00:00:00+03:00,3.0
12,high,deep_night,2026-07-08 00:00:00+03:00,2026-07-08 06:00:00+03:00,6.0
12,high,opening,2026-07-08 06:00:00+03:00,2026-07-08 08:00:00+03:00,2.0
12,high,early_morning,2026-07-08 08:00:00+03:00,2026-07-08 09:00:00+03:00,1.0
12,high,morning,2026-07-08 09:00:00+03:00,2026-07-08 11:00:00+03:00,2.0
12,high,lunch,2026-07-08 11:00:00+03:00,2026-07-08 15:00:00+03:00,4.0
12,high,afternoon,2026-07-08 15:00:00+03:00,2026-07-08 18:00:00+03:00,3.0
12,high,dinner,2026-07-08 18:00:00+03:00,2026-07-08 21:00:00+03:00,3.0
12,high,late_evening,2026-07-08 21:00:00+03:00,2026-07-09 00:00:00+03:00,3.0
12,high,deep_night,2026-07-09 00:00:00+03:00,2026-07-09 06:00:00+03:00,6.0
12,high,opening,2026-07-09 06:00:00+03:00,2026-07-09 08:00:00+03:00,2.0
12,high,early_morning,2026-07-09 08:00:00+03:00,2026-07-09 09:00:00+03:00,1.0
12,high,morning,2026-07-09 09:00:00+03:00,2026-07-09 11:00:00+03:00,2.0
12,high,lunch,2026-07-09 11:00:00+03:00,2026-07-09 15:00:00+03:00,4.0
12,high,afternoon,2026-07-09 15:00:00+03:00,2026-07-09 18:00:00+03:00,3.0
12,high,dinner,2026-07-09 18:00:00+03:00,2026-07-09 21:00:00+03:00,3.0
12,high,late_evening,2026-07-09 21:00:00+03:00,2026-07-10 00:00:00+03:00,3.0
12,high,deep_night,2026-07-10 00:00:00+03:00,2026-07-10 06:00:00+03:00,6.0
12,high,opening,2026-07-10 06:00:00+03:00,2026-07-10 08:00:00+03:00,2.0
12,high,early_morning,2026-07-10 08:00:00+03:00,2026-07-10 09:00:00+03:00,1.0
12,high,morning,2026-07-10 09:00:00+03:00,2026-07-10 11:00:00+03:00,2.0
12,high,lunch,2026-07-10 11:00:00+03:00,2026-07-10 15:00:00+03:00,4.0
12,high,afternoon,2026-07-10 15:00:00+03:00,2026-07-10 18:00:00+03:00,3.0
12,high,dinner,2026-07-10 18:00:00+03:00,2026-07-10 21:00:00+03:00,3.0
12,high,late_evening,2026-07-10 21:00:00+03:00,2026-07-11 00:00:00+03:00,3.0
12,high,deep_night,2026-07-11 00:00:00+03:00,2026-07-11 06:00:00+03:00,6.0
12,high,opening,2026-07-11 06:00:00+03:00,2026-07-11 08:00:00+03:00,2.0
12,high,early_morning,2026-07-11 08:00:00+03:00,2026-07-11 09:00:00+03:00,1.0
12,high,morning,2026-07-11 09:00:00+03:00,2026-07-11 11:00:00+03:00,2.0
12,high,lunch,2026-07-11 11:00:00+03:00,2026-07-11 15:00:00+03:00,4.0
12,high,afternoon,2026-07-11 15:00:00+03:00,2026-07-11 18:00:00+03:00,3.0
12,high,dinner,2026-07-11 18:00:00+03:00,2026-07-11 21:00:00+03:00,3.0
12,high,late_evening,2026-07-11 21:00:00+03:00,2026-07-12 00:00:00+03:00,3.0
12,high,deep_night,2026-07-12 00:00:00+03:00,2026-07-12 06:00:00+03:00,6.0
12,high,opening,2026-07-12 06:00:00+03:00,2026-07-12 08:00:00+03:00,2.0
12,high,early_morning,2026-07-12 08:00:00+03:00,2026-07-12 09:00:00+03:00,1.0
12,high,morning,2026-07-12 09:00:00+03:00,2026-07-12 11:00:00+03:00,2.0
12,high,lunch,2026-07-12 11:00:00+03:00,2026-07-12 15:00:00+03:00,4.0
12,high,afternoon,2026-07-12 15:00:00+03:00,2026-07-12 18:00:00+03:00,3.0
12,high,dinner,2026-07-12 18:00:00+03:00,2026-07-12 21:00:00+03:00,3.0
12,high,late_evening,2026-07-12 21:00:00+03:00,2026-07-13 00:00:00+03:00,3.0
12,high,deep_night,2026-07-13 00:00:00+03:00,2026-07-13 06:00:00+03:00,6.0
12,high,opening,2026-07-13 06:00:00+03:00,2026-07-13 08:00:00+03:00,2.0
12,high,early_morning,2026-07-13 08:00:00+03:00,2026-07-13 09:00:00+03:00,1.0
12,high,morning,2026-07-13 09:00:00+03:00,2026-07-13 11:00:00+03:00,2.0
12,high,lunch,2026-07-13 11:00:00+03:00,2026-07-13 15:00:00+03:00,4.0
12,high,afternoon,2026-07-13 15:00:00+03:00,2026-07-13 18:00:00+03:00,3.0
12,high,dinner,2026-07-13 18:00:00+03:00,2026-07-13 21:00:00+03:00,3.0
12,high,late_evening,2026-07-13 21:00:00+03:00,2026-07-14 00:00:00+03:00,3.0
12,high,deep_night,2026-07-14 00:00:00+03:00,2026-07-14 06:00:00+03:00,6.0
12,high,opening,2026-07-14 06:00:00+03:00,2026-07-14 08:00:00+03:00,2.0
12,high,early_morning,2026-07-14 08:00:00+03:00,2026-07-14 09:00:00+03:00,1.0
12,high,morning,2026-07-14 09:00:00+03:00,2026-07-14 11:00:00+03:00,2.0
12,high,lunch,2026-07-14 11:00:00+03:00,2026-07-14 15:00:00+03:00,4.0
12,high,afternoon,2026-07-14 15:00:00+03:00,2026-07-14 18:00:00+03:00,3.0
12,high,dinner,2026-07-14 18:00:00+03:00,2026-07-14 21:00:00+03:00,3.0
12,high,late_evening,2026-07-14 21:00:00+03:00,2026-07-15 00:00:00+03:00,3.0
12,high,deep_night,2026-07-15 00:00:00+03:00,2026-07-15 06:00:00+03:00,6.0
12,high,opening,2026-07-15 06:00:00+03:00,2026-07-15 08:00:00+03:00,2.0
12,high,early_morning,2026-07-15 08:00:00+03:00,2026-07-15 09:00:00+03:00,1.0
12,high,morning,2026-07-15 09:00:00+03:00,2026-07-15 11:00:00+03:00,2.0
12,high,lunch,2026-07-15 11:00:00+03:00,2026-07-15 15:00:00+03:00,4.0
12,high,afternoon,2026-07-15 15:00:00+03:00,2026-07-15 18:00:00+03:00,3.0
12,high,dinner,2026-07-15 18:00:00+03:00,2026-07-15 21:00:00+03:00,3.0
12,high,late_evening,2026-07-15 21:00:00+03:00,2026-07-16 00:00:00+03:00,3.0
12,high,deep_night,2026-07-16 00:00:00+03:00,2026-07-16 06:00:00+03:00,6.0
12,high,opening,2026-07-16 06:00:00+03:00,2026-07-16 08:00:00+03:00,2.0
12,high,early_morning,2026-07-16 08:00:00+03:00,2026-07-16 09:00:00+03:00,1.0
12,high,morning,2026-07-16 09:00:00+03:00,2026-07-16 11:00:00+03:00,2.0
12,high,lunch,2026-07-16 11:00:00+03:00,2026-07-16 15:00:00+03:00,4.0
12,high,afternoon,2026-07-16 15:00:00+03:00,2026-07-16 18:00:00+03:00,3.0
12,high,dinner,2026-07-16 18:00:00+03:00,2026-07-16 21:00:00+03:00,3.0
12,high,late_evening,2026-07-16 21:00:00+03:00,2026-07-17 00:00:00+03:00,3.0
12,high,deep_night,2026-07-17 00:00:00+03:00,2026-07-17 06:00:00+03:00,6.0
12,high,opening,2026-07-17 06:00:00+03:00,2026-07-17 08:00:00+03:00,2.0
12,high,early_morning,2026-07-17 08:00:00+03:00,2026-07-17 09:00:00+03:00,1.0
12,high,morning,2026-07-17 09:00:00+03:00,2026-07-17 11:00:00+03:00,2.0
12,high,lunch,2026-07-17 11:00:00+03:00,2026-07-17 15:00:00+03:00,4.0
12,high,afternoon,2026-07-17 15:00:00+03:00,2026-07-17 18:00:00+03:00,3.0
12,high,dinner,2026-07-17 18:00:00+03:00,2026-07-17 21:00:00+03:00,3.0
12,high,late_evening,2026-07-17 21:00:00+03:00,2026-07-18 00:00:00+03:00,3.0
12,high,deep_night,2026-07-18 00:00:00+03:00,2026-07-18 06:00:00+03:00,6.0
12,high,opening,2026-07-18 06:00:00+03:00,2026-07-18 08:00:00+03:00,2.0
12,high,early_morning,2026-07-18 08:00:00+03:00,2026-07-18 09:00:00+03:00,1.0
12,high,morning,2026-07-18 09:00:00+03:00,2026-07-18 11:00:00+03:00,2.0
12,high,lunch,2026-07-18 11:00:00+03:00,2026-07-18 15:00:00+03:00,4.0
12,high,afternoon,2026-07-18 15:00:00+03:00,2026-07-18 18:00:00+03:00,3.0
12,high,dinner,2026-07-18 18:00:00+03:00,2026-07-18 21:00:00+03:00,3.0
12,high,late_evening,2026-07-18 21:00:00+03:00,2026-07-19 00:00:00+03:00,3.0
12,high,deep_night,2026-07-19 00:00:00+03:00,2026-07-19 06:00:00+03:00,6.0
12,high,opening,2026-07-19 06:00:00+03:00,2026-07-19 08:00:00+03:00,2.0
12,high,early_morning,2026-07-19 08:00:00+03:00,2026-07-19 09:00:00+03:00,1.0
12,high,morning,2026-07-19 09:00:00+03:00,2026-07-19 11:00:00+03:00,2.0
12,high,lunch,2026-07-19 11:00:00+03:00,2026-07-19 15:00:00+03:00,4.0
12,high,afternoon,2026-07-19 15:00:00+03:00,2026-07-19 18:00:00+03:00,3.0
12,high,dinner,2026-07-19 18:00:00+03:00,2026-07-19 21:00:00+03:00,3.0
12,high,late_evening,2026-07-19 21:00:00+03:00,2026-07-20 00:00:00+03:00,3.0
123,high,deep_night,2026-07-06 00:00:00+03:00,2026-07-06 06:00:00+03:00,6.0
123,high,opening,2026-07-06 06:00:00+03:00,2026-07-06 08:00:00+03:00,2.0
123,high,early_morning,2026-07-06 08:00:00+03:00,2026-07-06 09:00:00+03:00,1.0
123,high,morning,2026-07-06 09:00:00+03:00,2026-07-06 11:00:00+03:00,2.0
123,high,lunch,2026-07-06 11:00:00+03:00,2026-07-06 15:00:00+03:00,4.0
123,high,afternoon,2026-07-06 15:00:00+03:00,2026-07-06 18:00:00+03:00,3.0
123,high,dinner,2026-07-06 18:00:00+03:00,2026-07-06 21:00:00+03:00,3.0
123,high,late_evening,2026-07-06 21:00:00+03:00,2026-07-07 00:00:00+03:00,3.0
123,high,deep_night,2026-07-07 00:00:00+03:00,2026-07-07 06:00:00+03:00,6.0
123,high,opening,2026-07-07 06:00:00+03:00,2026-07-07 08:00:00+03:00,2.0
123,high,early_morning,2026-07-07 08:00:00+03:00,2026-07-07 09:00:00+03:00,1.0
123,high,morning,2026-07-07 09:00:00+03:00,2026-07-07 11:00:00+03:00,2.0
123,high,lunch,2026-07-07 11:00:00+03:00,2026-07-07 15:00:00+03:00,4.0
123,high,afternoon,2026-07-07 15:00:00+03:00,2026-07-07 18:00:00+03:00,3.0
123,high,dinner,2026-07-07 18:00:00+03:00,2026-07-07 21:00:00+03:00,3.0
123,high,late_evening,2026-07-07 21:00:00+03:00,2026-07-08 00:00:00+03:00,3.0
123,high,deep_night,2026-07-08 00:00:00+03:00,2026-07-08 06:00:00+03:00,6.0
123,high,opening,2026-07-08 06:00:00+03:00,2026-07-08 08:00:00+03:00,2.0
123,high,early_morning,2026-07-08 08:00:00+03:00,2026-07-08 09:00:00+03:00,1.0
123,high,morning,2026-07-08 09:00:00+03:00,2026-07-08 11:00:00+03:00,2.0
123,high,lunch,2026-07-08 11:00:00+03:00,2026-07-08 15:00:00+03:00,4.0
123,high,afternoon,2026-07-08 15:00:00+03:00,2026-07-08 18:00:00+03:00,3.0
123,high,dinner,2026-07-08 18:00:00+03:00,2026-07-08 21:00:00+03:00,3.0
123,high,late_evening,2026-07-08 21:00:00+03:00,2026-07-09 00:00:00+03:00,3.0
123,high,deep_night,2026-07-09 00:00:00+03:00,2026-07-09 06:00:00+03:00,6.0
123,high,opening,2026-07-09 06:00:00+03:00,2026-07-09 08:00:00+03:00,2.0
123,high,early_morning,2026-07-09 08:00:00+03:00,2026-07-09 09:00:00+03:00,1.0
123,high,morning,2026-07-09 09:00:00+03:00,2026-07-09 11:00:00+03:00,2.0
123,high,lunch,2026-07-09 11:00:00+03:00,2026-07-09 15:00:00+03:00,4.0
123,high,afternoon,2026-07-09 15:00:00+03:00,2026-07-09 18:00:00+03:00,3.0
123,high,dinner,2026-07-09 18:00:00+03:00,2026-07-09 21:00:00+03:00,3.0
123,high,late_evening,2026-07-09 21:00:00+03:00,2026-07-10 00:00:00+03:00,3.0
123,high,deep_night,2026-07-10 00:00:00+03:00,2026-07-10 06:00:00+03:00,6.0
123,high,opening,2026-07-10 06:00:00+03:00,2026-07-10 08:00:00+03:00,2.0
123,high,early_morning,2026-07-10 08:00:00+03:00,2026-07-10 09:00:00+03:00,1.0
123,high,morning,2026-07-10 09:00:00+03:00,2026-07-10 11:00:00+03:00,2.0
123,high,lunch,2026-07-10 11:00:00+03:00,2026-07-10 15:00:00+03:00,4.0
123,high,afternoon,2026-07-10 15:00:00+03:00,2026-07-10 18:00:00+03:00,3.0
123,high,dinner,2026-07-10 18:00:00+03:00,2026-07-10 21:00:00+03:00,3.0
123,high,late_evening,2026-07-10 21:00:00+03:00,2026-07-11 00:00:00+03:00,3.0
123,high,deep_night,2026-07-11 00:00:00+03:00,2026-07-11 06:00:00+03:00,6.0
123,high,opening,2026-07-11 06:00:00+03:00,2026-07-11 08:00:00+03:00,2.0
123,high,early_morning,2026-07-11 08:00:00+03:00,2026-07-11 09:00:00+03:00,1.0
123,high,morning,2026-07-11 09:00:00+03:00,2026-07-11 11:00:00+03:00,2.0
123,high,lunch,2026-07-11 11:00:00+03:00,2026-07-11 15:00:00+03:00,4.0
123,high,afternoon,2026-07-11 15:00:00+03:00,2026-07-11 18:00:00+03:00,3.0
123,high,dinner,2026-07-11 18:00:00+03:00,2026-07-11 21:00:00+03:00,3.0
123,high,late_evening,2026-07-11 21:00:00+03:00,2026-07-12 00:00:00+03:00,3.0
123,high,deep_night,2026-07-12 00:00:00+03:00,2026-07-12 06:00:00+03:00,6.0
123,high,opening,2026-07-12 06:00:00+03:00,2026-07-12 08:00:00+03:00,2.0
123,high,early_morning,2026-07-12 08:00:00+03:00,2026-07-12 09:00:00+03:00,1.0
123,high,morning,2026-07-12 09:00:00+03:00,2026-07-12 11:00:00+03:00,2.0
123,high,lunch,2026-07-12 11:00:00+03:00,2026-07-12 15:00:00+03:00,4.0
123,high,afternoon,2026-07-12 15:00:00+03:00,2026-07-12 18:00:00+03:00,3.0
123,high,dinner,2026-07-12 18:00:00+03:00,2026-07-12 21:00:00+03:00,3.0
123,high,late_evening,2026-07-12 21:00:00+03:00,2026-07-13 00:00:00+03:00,3.0
123,high,deep_night,2026-07-13 00:00:00+03:00,2026-07-13 06:00:00+03:00,6.0
123,high,opening,2026-07-13 06:00:00+03:00,2026-07-13 08:00:00+03:00,2.0
123,high,early_morning,2026-07-13 08:00:00+03:00,2026-07-13 09:00:00+03:00,1.0
123,high,morning,2026-07-13 09:00:00+03:00,2026-07-13 11:00:00+03:00,2.0
123,high,lunch,2026-07-13 11:00:00+03:00,2026-07-13 15:00:00+03:00,4.0
123,high,afternoon,2026-07-13 15:00:00+03:00,2026-07-13 18:00:00+03:00,3.0
123,high,dinner,2026-07-13 18:00:00+03:00,2026-07-13 21:00:00+03:00,3.0
123,high,late_evening,2026-07-13 21:00:00+03:00,2026-07-14 00:00:00+03:00,3.0
123,high,deep_night,2026-07-14 00:00:00+03:00,2026-07-14 06:00:00+03:00,6.0
123,high,opening,2026-07-14 06:00:00+03:00,2026-07-14 08:00:00+03:00,2.0
123,high,early_morning,2026-07-14 08:00:00+03:00,2026-07-14 09:00:00+03:00,1.0
123,high,morning,2026-07-14 09:00:00+03:00,2026-07-14 11:00:00+03:00,2.0
123,high,lunch,2026-07-14 11:00:00+03:00,2026-07-14 15:00:00+03:00,4.0
123,high,afternoon,2026-07-14 15:00:00+03:00,2026-07-14 18:00:00+03:00,3.0
123,high,dinner,2026-07-14 18:00:00+03:00,2026-07-14 21:00:00+03:00,3.0
123,high,late_evening,2026-07-14 21:00:00+03:00,2026-07-15 00:00:00+03:00,3.0
123,high,deep_night,2026-07-15 00:00:00+03:00,2026-07-15 06:00:00+03:00,6.0
123,high,opening,2026-07-15 06:00:00+03:00,2026-07-15 08:00:00+03:00,2.0
123,high,early_morning,2026-07-15 08:00:00+03:00,2026-07-15 09:00:00+03:00,1.0
123,high,morning,2026-07-15 09:00:00+03:00,2026-07-15 11:00:00+03:00,2.0
123,high,lunch,2026-07-15 11:00:00+03:00,2026-07-15 15:00:00+03:00,4.0
123,high,afternoon,2026-07-15 15:00:00+03:00,2026-07-15 18:00:00+03:00,3.0
123,high,dinner,2026-07-15 18:00:00+03:00,2026-07-15 21:00:00+03:00,3.0
123,high,late_evening,2026-07-15 21:00:00+03:00,2026-07-16 00:00:00+03:00,3.0
123,high,deep_night,2026-07-16 00:00:00+03:00,2026-07-16 06:00:00+03:00,6.0
123,high,opening,2026-07-16 06:00:00+03:00,2026-07-16 08:00:00+03:00,2.0
123,high,early_morning,2026-07-16 08:00:00+03:00,2026-07-16 09:00:00+03:00,1.0
123,high,morning,2026-07-16 09:00:00+03:00,2026-07-16 11:00:00+03:00,2.0
123,high,lunch,2026-07-16 11:00:00+03:00,2026-07-16 15:00:00+03:00,4.0
123,high,afternoon,2026-07-16 15:00:00+03:00,2026-07-16 18:00:00+03:00,3.0
123,high,dinner,2026-07-16 18:00:00+03:00,2026-07-16 21:00:00+03:00,3.0
123,high,late_evening,2026-07-16 21:00:00+03:00,2026-07-17 00:00:00+03:00,3.0
123,high,deep_night,2026-07-17 00:00:00+03:00,2026-07-17 06:00:00+03:00,6.0
123,high,opening,2026-07-17 06:00:00+03:00,2026-07-17 08:00:00+03:00,2.0
123,high,early_morning,2026-07-17 08:00:00+03:00,2026-07-17 09:00:00+03:00,1.0
123,high,morning,2026-07-17 09:00:00+03:00,2026-07-17 11:00:00+03:00,2.0
123,high,lunch,2026-07-17 11:00:00+03:00,2026-07-17 15:00:00+03:00,4.0
123,high,afternoon,2026-07-17 15:00:00+03:00,2026-07-17 18:00:00+03:00,3.0
123,high,dinner,2026-07-17 18:00:00+03:00,2026-07-17 21:00:00+03:00,3.0
123,high,late_evening,2026-07-17 21:00:00+03:00,2026-07-18 00:00:00+03:00,3.0
123,high,deep_night,2026-07-18 00:00:00+03:00,2026-07-18 06:00:00+03:00,6.0
123,high,opening,2026-07-18 06:00:00+03:00,2026-07-18 08:00:00+03:00,2.0
123,high,early_morning,2026-07-18 08:00:00+03:00,2026-07-18 09:00:00+03:00,1.0
123,high,morning,2026-07-18 09:00:00+03:00,2026-07-18 11:00:00+03:00,2.0
123,high,lunch,2026-07-18 11:00:00+03:00,2026-07-18 15:00:00+03:00,4.0
123,high,afternoon,2026-07-18 15:00:00+03:00,2026-07-18 18:00:00+03:00,3.0
123,high,dinner,2026-07-18 18:00:00+03:00,2026-07-18 21:00:00+03:00,3.0
123,high,late_evening,2026-07-18 21:00:00+03:00,2026-07-19 00:00:00+03:00,3.0
123,high,deep_night,2026-07-19 00:00:00+03:00,2026-07-19 06:00:00+03:00,6.0
123,high,opening,2026-07-19 06:00:00+03:00,2026-07-19 08:00:00+03:00,2.0
123,high,early_morning,2026-07-19 08:00:00+03:00,2026-07-19 09:00:00+03:00,1.0
123,high,morning,2026-07-19 09:00:00+03:00,2026-07-19 11:00:00+03:00,2.0
123,high,lunch,2026-07-19 11:00:00+03:00,2026-07-19 15:00:00+03:00,4.0
123,high,afternoon,2026-07-19 15:00:00+03:00,2026-07-19 18:00:00+03:00,3.0
123,high,dinner,2026-07-19 18:00:00+03:00,2026-07-19 21:00:00+03:00,3.0
123,high,late_evening,2026-07-19 21:00:00+03:00,2026-07-20 00:00:00+03:00,3.0
126,high,deep_night,2026-07-06 00:00:00+03:00,2026-07-06 06:00:00+03:00,6.0
126,high,opening,2026-07-06 06:00:00+03:00,2026-07-06 08:00:00+03:00,2.0
126,high,early_morning,2026-07-06 08:00:00+03:00,2026-07-06 09:00:00+03:00,1.0
126,high,morning,2026-07-06 09:00:00+03:00,2026-07-06 11:00:00+03:00,2.0
126,high,lunch,2026-07-06 11:00:00+03:00,2026-07-06 15:00:00+03:00,4.0
126,high,afternoon,2026-07-06 15:00:00+03:00,2026-07-06 18:00:00+03:00,3.0
126,high,dinner,2026-07-06 18:00:00+03:00,2026-07-06 21:00:00+03:00,3.0
126,high,late_evening,2026-07-06 21:00:00+03:00,2026-07-07 00:00:00+03:00,3.0
126,high,deep_night,2026-07-07 00:00:00+03:00,2026-07-07 06:00:00+03:00,6.0
126,high,opening,2026-07-07 06:00:00+03:00,2026-07-07 08:00:00+03:00,2.0
126,high,early_morning,2026-07-07 08:00:00+03:00,2026-07-07 09:00:00+03:00,1.0
126,high,morning,2026-07-07 09:00:00+03:00,2026-07-07 11:00:00+03:00,2.0
126,high,lunch,2026-07-07 11:00:00+03:00,2026-07-07 15:00:00+03:00,4.0
126,high,afternoon,2026-07-07 15:00:00+03:00,2026-07-07 18:00:00+03:00,3.0
126,high,dinner,2026-07-07 18:00:00+03:00,2026-07-07 21:00:00+03:00,3.0
126,high,late_evening,2026-07-07 21:00:00+03:00,2026-07-08 00:00:00+03:00,3.0
126,high,deep_night,2026-07-08 00:00:00+03:00,2026-07-08 06:00:00+03:00,6.0
126,high,opening,2026-07-08 06:00:00+03:00,2026-07-08 08:00:00+03:00,2.0
126,high,early_morning,2026-07-08 08:00:00+03:00,2026-07-08 09:00:00+03:00,1.0
126,high,morning,2026-07-08 09:00:00+03:00,2026-07-08 11:00:00+03:00,2.0
126,high,lunch,2026-07-08 11:00:00+03:00,2026-07-08 15:00:00+03:00,4.0
126,high,afternoon,2026-07-08 15:00:00+03:00,2026-07-08 18:00:00+03:00,3.0
126,high,dinner,2026-07-08 18:00:00+03:00,2026-07-08 21:00:00+03:00,3.0
126,high,late_evening,2026-07-08 21:00:00+03:00,2026-07-09 00:00:00+03:00,3.0
126,high,deep_night,2026-07-09 00:00:00+03:00,2026-07-09 06:00:00+03:00,6.0
126,high,opening,2026-07-09 06:00:00+03:00,2026-07-09 08:00:00+03:00,2.0
126,high,early_morning,2026-07-09 08:00:00+03:00,2026-07-09 09:00:00+03:00,1.0
126,high,morning,2026-07-09 09:00:00+03:00,2026-07-09 11:00:00+03:00,2.0
126,high,lunch,2026-07-09 11:00:00+03:00,2026-07-09 15:00:00+03:00,4.0
126,high,afternoon,2026-07-09 15:00:00+03:00,2026-07-09 18:00:00+03:00,3.0
126,high,dinner,2026-07-09 18:00:00+03:00,2026-07-09 21:00:00+03:00,3.0
126,high,late_evening,2026-07-09 21:00:00+03:00,2026-07-10 00:00:00+03:00,3.0
126,high,deep_night,2026-07-10 00:00:00+03:00,2026-07-10 06:00:00+03:00,6.0
126,high,opening,2026-07-10 06:00:00+03:00,2026-07-10 08:00:00+03:00,2.0
126,high,early_morning,2026-07-10 08:00:00+03:00,2026-07-10 09:00:00+03:00,1.0
126,high,morning,2026-07-10 09:00:00+03:00,2026-07-10 11:00:00+03:00,2.0
126,high,lunch,2026-07-10 11:00:00+03:00,2026-07-10 15:00:00+03:00,4.0
126,high,afternoon,2026-07-10 15:00:00+03:00,2026-07-10 18:00:00+03:00,3.0
126,high,dinner,2026-07-10 18:00:00+03:00,2026-07-10 21:00:00+03:00,3.0
126,high,late_evening,2026-07-10 21:00:00+03:00,2026-07-11 00:00:00+03:00,3.0
126,high,deep_night,2026-07-11 00:00:00+03:00,2026-07-11 06:00:00+03:00,6.0
126,high,opening,2026-07-11 06:00:00+03:00,2026-07-11 08:00:00+03:00,2.0
126,high,early_morning,2026-07-11 08:00:00+03:00,2026-07-11 09:00:00+03:00,1.0
126,high,morning,2026-07-11 09:00:00+03:00,2026-07-11 11:00:00+03:00,2.0
126,high,lunch,2026-07-11 11:00:00+03:00,2026-07-11 15:00:00+03:00,4.0
126,high,afternoon,2026-07-11 15:00:00+03:00,2026-07-11 18:00:00+03:00,3.0
126,high,dinner,2026-07-11 18:00:00+03:00,2026-07-11 21:00:00+03:00,3.0
126,high,late_evening,2026-07-11 21:00:00+03:00,2026-07-12 00:00:00+03:00,3.0
126,high,deep_night,2026-07-12 00:00:00+03:00,2026-07-12 06:00:00+03:00,6.0
126,high,opening,2026-07-12 06:00:00+03:00,2026-07-12 08:00:00+03:00,2.0
126,high,early_morning,2026-07-12 08:00:00+03:00,2026-07-12 09:00:00+03:00,1.0
126,high,morning,2026-07-12 09:00:00+03:00,2026-07-12 11:00:00+03:00,2.0
126,high,lunch,2026-07-12 11:00:00+03:00,2026-07-12 15:00:00+03:00,4.0
126,high,afternoon,2026-07-12 15:00:00+03:00,2026-07-12 18:00:00+03:00,3.0
126,high,dinner,2026-07-12 18:00:00+03:00,2026-07-12 21:00:00+03:00,3.0
126,high,late_evening,2026-07-12 21:00:00+03:00,2026-07-13 00:00:00+03:00,3.0
126,high,deep_night,2026-07-13 00:00:00+03:00,2026-07-13 06:00:00+03:00,6.0
126,high,opening,2026-07-13 06:00:00+03:00,2026-07-13 08:00:00+03:00,2.0
126,high,early_morning,2026-07-13 08:00:00+03:00,2026-07-13 09:00:00+03:00,1.0
126,high,morning,2026-07-13 09:00:00+03:00,2026-07-13 11:00:00+03:00,2.0
126,high,lunch,2026-07-13 11:00:00+03:00,2026-07-13 15:00:00+03:00,4.0
126,high,afternoon,2026-07-13 15:00:00+03:00,2026-07-13 18:00:00+03:00,3.0
126,high,dinner,2026-07-13 18:00:00+03:00,2026-07-13 21:00:00+03:00,3.0
126,high,late_evening,2026-07-13 21:00:00+03:00,2026-07-14 00:00:00+03:00,3.0
126,high,deep_night,2026-07-14 00:00:00+03:00,2026-07-14 06:00:00+03:00,6.0
126,high,opening,2026-07-14 06:00:00+03:00,2026-07-14 08:00:00+03:00,2.0
126,high,early_morning,2026-07-14 08:00:00+03:00,2026-07-14 09:00:00+03:00,1.0
126,high,morning,2026-07-14 09:00:00+03:00,2026-07-14 11:00:00+03:00,2.0
126,high,lunch,2026-07-14 11:00:00+03:00,2026-07-14 15:00:00+03:00,4.0
126,high,afternoon,2026-07-14 15:00:00+03:00,2026-07-14 18:00:00+03:00,3.0
126,high,dinner,2026-07-14 18:00:00+03:00,2026-07-14 21:00:00+03:00,3.0
126,high,late_evening,2026-07-14 21:00:00+03:00,2026-07-15 00:00:00+03:00,3.0
126,high,deep_night,2026-07-15 00:00:00+03:00,2026-07-15 06:00:00+03:00,6.0
126,high,opening,2026-07-15 06:00:00+03:00,2026-07-15 08:00:00+03:00,2.0
126,high,early_morning,2026-07-15 08:00:00+03:00,2026-07-15 09:00:00+03:00,1.0
126,high,morning,2026-07-15 09:00:00+03:00,2026-07-15 11:00:00+03:00,2.0
126,high,lunch,2026-07-15 11:00:00+03:00,2026-07-15 15:00:00+03:00,4.0
126,high,afternoon,2026-07-15 15:00:00+03:00,2026-07-15 18:00:00+03:00,3.0
126,high,dinner,2026-07-15 18:00:00+03:00,2026-07-15 21:00:00+03:00,3.0
126,high,late_evening,2026-07-15 21:00:00+03:00,2026-07-16 00:00:00+03:00,3.0
126,high,deep_night,2026-07-16 00:00:00+03:00,2026-07-16 06:00:00+03:00,6.0
126,high,opening,2026-07-16 06:00:00+03:00,2026-07-16 08:00:00+03:00,2.0
126,high,early_morning,2026-07-16 08:00:00+03:00,2026-07-16 09:00:00+03:00,1.0
126,high,morning,2026-07-16 09:00:00+03:00,2026-07-16 11:00:00+03:00,2.0
126,high,lunch,2026-07-16 11:00:00+03:00,2026-07-16 15:00:00+03:00,4.0
126,high,afternoon,2026-07-16 15:00:00+03:00,2026-07-16 18:00:00+03:00,3.0
126,high,dinner,2026-07-16 18:00:00+03:00,2026-07-16 21:00:00+03:00,3.0
126,high,late_evening,2026-07-16 21:00:00+03:00,2026-07-17 00:00:00+03:00,3.0
126,high,deep_night,2026-07-17 00:00:00+03:00,2026-07-17 06:00:00+03:00,6.0
126,high,opening,2026-07-17 06:00:00+03:00,2026-07-17 08:00:00+03:00,2.0
126,high,early_morning,2026-07-17 08:00:00+03:00,2026-07-17 09:00:00+03:00,1.0
126,high,morning,2026-07-17 09:00:00+03:00,2026-07-17 11:00:00+03:00,2.0
126,high,lunch,2026-07-17 11:00:00+03:00,2026-07-17 15:00:00+03:00,4.0
126,high,afternoon,2026-07-17 15:00:00+03:00,2026-07-17 18:00:00+03:00,3.0
126,high,dinner,2026-07-17 18:00:00+03:00,2026-07-17 21:00:00+03:00,3.0
126,high,late_evening,2026-07-17 21:00:00+03:00,2026-07-18 00:00:00+03:00,3.0
126,high,deep_night,2026-07-18 00:00:00+03:00,2026-07-18 06:00:00+03:00,6.0
126,high,opening,2026-07-18 06:00:00+03:00,2026-07-18 08:00:00+03:00,2.0
126,high,early_morning,2026-07-18 08:00:00+03:00,2026-07-18 09:00:00+03:00,1.0
126,high,morning,2026-07-18 09:00:00+03:00,2026-07-18 11:00:00+03:00,2.0
126,high,lunch,2026-07-18 11:00:00+03:00,2026-07-18 15:00:00+03:00,4.0
126,high,afternoon,2026-07-18 15:00:00+03:00,2026-07-18 18:00:00+03:00,3.0
126,high,dinner,2026-07-18 18:00:00+03:00,2026-07-18 21:00:00+03:00,3.0
126,high,late_evening,2026-07-18 21:00:00+03:00,2026-07-19 00:00:00+03:00,3.0
126,high,deep_night,2026-07-19 00:00:00+03:00,2026-07-19 06:00:00+03:00,6.0
126,high,opening,2026-07-19 06:00:00+03:00,2026-07-19 08:00:00+03:00,2.0
126,high,early_morning,2026-07-19 08:00:00+03:00,2026-07-19 09:00:00+03:00,1.0
126,high,morning,2026-07-19 09:00:00+03:00,2026-07-19 11:00:00+03:00,2.0
126,high,lunch,2026-07-19 11:00:00+03:00,2026-07-19 15:00:00+03:00,4.0
126,high,afternoon,2026-07-19 15:00:00+03:00,2026-07-19 18:00:00+03:00,3.0
126,high,dinner,2026-07-19 18:00:00+03:00,2026-07-19 21:00:00+03:00,3.0
126,high,late_evening,2026-07-19 21:00:00+03:00,2026-07-20 00:00:00+03:00,3.0
128,high,deep_night,2026-07-06 00:00:00+03:00,2026-07-06 06:00:00+03:00,6.0
128,high,opening,2026-07-06 06:00:00+03:00,2026-07-06 08:00:00+03:00,2.0
128,high,early_morning,2026-07-06 08:00:00+03:00,2026-07-06 09:00:00+03:00,1.0
128,high,morning,2026-07-06 09:00:00+03:00,2026-07-06 11:00:00+03:00,2.0
128,high,lunch,2026-07-06 11:00:00+03:00,2026-07-06 15:00:00+03:00,4.0
128,high,afternoon,2026-07-06 15:00:00+03:00,2026-07-06 18:00:00+03:00,3.0
128,high,dinner,2026-07-06 18:00:00+03:00,2026-07-06 21:00:00+03:00,3.0
128,high,late_evening,2026-07-06 21:00:00+03:00,2026-07-07 00:00:00+03:00,3.0
128,high,deep_night,2026-07-07 00:00:00+03:00,2026-07-07 06:00:00+03:00,6.0
128,high,opening,2026-07-07 06:00:00+03:00,2026-07-07 08:00:00+03:00,2.0
128,high,early_morning,2026-07-07 08:00:00+03:00,2026-07-07 09:00:00+03:00,1.0
128,high,morning,2026-07-07 09:00:00+03:00,2026-07-07 11:00:00+03:00,2.0
128,high,lunch,2026-07-07 11:00:00+03:00,2026-07-07 15:00:00+03:00,4.0
128,high,afternoon,2026-07-07 15:00:00+03:00,2026-07-07 18:00:00+03:00,3.0
128,high,dinner,2026-07-07 18:00:00+03:00,2026-07-07 21:00:00+03:00,3.0
128,high,late_evening,2026-07-07 21:00:00+03:00,2026-07-08 00:00:00+03:00,3.0
128,high,deep_night,2026-07-08 00:00:00+03:00,2026-07-08 06:00:00+03:00,6.0
128,high,opening,2026-07-08 06:00:00+03:00,2026-07-08 08:00:00+03:00,2.0
128,high,early_morning,2026-07-08 08:00:00+03:00,2026-07-08 09:00:00+03:00,1.0
128,high,morning,2026-07-08 09:00:00+03:00,2026-07-08 11:00:00+03:00,2.0
128,high,lunch,2026-07-08 11:00:00+03:00,2026-07-08 15:00:00+03:00,4.0
128,high,afternoon,2026-07-08 15:00:00+03:00,2026-07-08 18:00:00+03:00,3.0
128,high,dinner,2026-07-08 18:00:00+03:00,2026-07-08 21:00:00+03:00,3.0
128,high,late_evening,2026-07-08 21:00:00+03:00,2026-07-09 00:00:00+03:00,3.0
128,high,deep_night,2026-07-09 00:00:00+03:00,2026-07-09 06:00:00+03:00,6.0
128,high,opening,2026-07-09 06:00:00+03:00,2026-07-09 08:00:00+03:00,2.0
128,high,early_morning,2026-07-09 08:00:00+03:00,2026-07-09 09:00:00+03:00,1.0
128,high,morning,2026-07-09 09:00:00+03:00,2026-07-09 11:00:00+03:00,2.0
128,high,lunch,2026-07-09 11:00:00+03:00,2026-07-09 15:00:00+03:00,4.0
128,high,afternoon,2026-07-09 15:00:00+03:00,2026-07-09 18:00:00+03:00,3.0
128,high,dinner,2026-07-09 18:00:00+03:00,2026-07-09 21:00:00+03:00,3.0
128,high,late_evening,2026-07-09 21:00:00+03:00,2026-07-10 00:00:00+03:00,3.0
128,high,deep_night,2026-07-10 00:00:00+03:00,2026-07-10 06:00:00+03:00,6.0
128,high,opening,2026-07-10 06:00:00+03:00,2026-07-10 08:00:00+03:00,2.0
128,high,early_morning,2026-07-10 08:00:00+03:00,2026-07-10 09:00:00+03:00,1.0
128,high,morning,2026-07-10 09:00:00+03:00,2026-07-10 11:00:00+03:00,2.0
128,high,lunch,2026-07-10 11:00:00+03:00,2026-07-10 15:00:00+03:00,4.0
128,high,afternoon,2026-07-10 15:00:00+03:00,2026-07-10 18:00:00+03:00,3.0
128,high,dinner,2026-07-10 18:00:00+03:00,2026-07-10 21:00:00+03:00,3.0
128,high,late_evening,2026-07-10 21:00:00+03:00,2026-07-11 00:00:00+03:00,3.0
128,high,deep_night,2026-07-11 00:00:00+03:00,2026-07-11 06:00:00+03:00,6.0
128,high,opening,2026-07-11 06:00:00+03:00,2026-07-11 08:00:00+03:00,2.0
128,high,early_morning,2026-07-11 08:00:00+03:00,2026-07-11 09:00:00+03:00,1.0
128,high,morning,2026-07-11 09:00:00+03:00,2026-07-11 11:00:00+03:00,2.0
128,high,lunch,2026-07-11 11:00:00+03:00,2026-07-11 15:00:00+03:00,4.0
128,high,afternoon,2026-07-11 15:00:00+03:00,2026-07-11 18:00:00+03:00,3.0
128,high,dinner,2026-07-11 18:00:00+03:00,2026-07-11 21:00:00+03:00,3.0
128,high,late_evening,2026-07-11 21:00:00+03:00,2026-07-12 00:00:00+03:00,3.0
128,high,deep_night,2026-07-12 00:00:00+03:00,2026-07-12 06:00:00+03:00,6.0
128,high,opening,2026-07-12 06:00:00+03:00,2026-07-12 08:00:00+03:00,2.0
128,high,early_morning,2026-07-12 08:00:00+03:00,2026-07-12 09:00:00+03:00,1.0
128,high,morning,2026-07-12 09:00:00+03:00,2026-07-12 11:00:00+03:00,2.0
128,high,lunch,2026-07-12 11:00:00+03:00,2026-07-12 15:00:00+03:00,4.0
128,high,afternoon,2026-07-12 15:00:00+03:00,2026-07-12 18:00:00+03:00,3.0
128,high,dinner,2026-07-12 18:00:00+03:00,2026-07-12 21:00:00+03:00,3.0
128,high,late_evening,2026-07-12 21:00:00+03:00,2026-07-13 00:00:00+03:00,3.0
128,high,deep_night,2026-07-13 00:00:00+03:00,2026-07-13 06:00:00+03:00,6.0
128,high,opening,2026-07-13 06:00:00+03:00,2026-07-13 08:00:00+03:00,2.0
128,high,early_morning,2026-07-13 08:00:00+03:00,2026-07-13 09:00:00+03:00,1.0
128,high,morning,2026-07-13 09:00:00+03:00,2026-07-13 11:00:00+03:00,2.0
128,high,lunch,2026-07-13 11:00:00+03:00,2026-07-13 15:00:00+03:00,4.0
128,high,afternoon,2026-07-13 15:00:00+03:00,2026-07-13 18:00:00+03:00,3.0
128,high,dinner,2026-07-13 18:00:00+03:00,2026-07-13 21:00:00+03:00,3.0
128,high,late_evening,2026-07-13 21:00:00+03:00,2026-07-14 00:00:00+03:00,3.0
128,high,deep_night,2026-07-14 00:00:00+03:00,2026-07-14 06:00:00+03:00,6.0
128,high,opening,2026-07-14 06:00:00+03:00,2026-07-14 08:00:00+03:00,2.0
128,high,early_morning,2026-07-14 08:00:00+03:00,2026-07-14 09:00:00+03:00,1.0
128,high,morning,2026-07-14 09:00:00+03:00,2026-07-14 11:00:00+03:00,2.0
128,high,lunch,2026-07-14 11:00:00+03:00,2026-07-14 15:00:00+03:00,4.0
128,high,afternoon,2026-07-14 15:00:00+03:00,2026-07-14 18:00:00+03:00,3.0
128,high,dinner,2026-07-14 18:00:00+03:00,2026-07-14 21:00:00+03:00,3.0
128,high,late_evening,2026-07-14 21:00:00+03:00,2026-07-15 00:00:00+03:00,3.0
128,high,deep_night,2026-07-15 00:00:00+03:00,2026-07-15 06:00:00+03:00,6.0
128,high,opening,2026-07-15 06:00:00+03:00,2026-07-15 08:00:00+03:00,2.0
128,high,early_morning,2026-07-15 08:00:00+03:00,2026-07-15 09:00:00+03:00,1.0
128,high,morning,2026-07-15 09:00:00+03:00,2026-07-15 11:00:00+03:00,2.0
128,high,lunch,2026-07-15 11:00:00+03:00,2026-07-15 15:00:00+03:00,4.0
128,high,afternoon,2026-07-15 15:00:00+03:00,2026-07-15 18:00:00+03:00,3.0
128,high,dinner,2026-07-15 18:00:00+03:00,2026-07-15 21:00:00+03:00,3.0
128,high,late_evening,2026-07-15 21:00:00+03:00,2026-07-16 00:00:00+03:00,3.0
128,high,deep_night,2026-07-16 00:00:00+03:00,2026-07-16 06:00:00+03:00,6.0
128,high,opening,2026-07-16 06:00:00+03:00,2026-07-16 08:00:00+03:00,2.0
128,high,early_morning,2026-07-16 08:00:00+03:00,2026-07-16 09:00:00+03:00,1.0
128,high,morning,2026-07-16 09:00:00+03:00,2026-07-16 11:00:00+03:00,2.0
128,high,lunch,2026-07-16 11:00:00+03:00,2026-07-16 15:00:00+03:00,4.0
128,high,afternoon,2026-07-16 15:00:00+03:00,2026-07-16 18:00:00+03:00,3.0
128,high,dinner,2026-07-16 18:00:00+03:00,2026-07-16 21:00:00+03:00,3.0
128,high,late_evening,2026-07-16 21:00:00+03:00,2026-07-17 00:00:00+03:00,3.0
128,high,deep_night,2026-07-17 00:00:00+03:00,2026-07-17 06:00:00+03:00,6.0
128,high,opening,2026-07-17 06:00:00+03:00,2026-07-17 08:00:00+03:00,2.0
128,high,early_morning,2026-07-17 08:00:00+03:00,2026-07-17 09:00:00+03:00,1.0
128,high,morning,2026-07-17 09:00:00+03:00,2026-07-17 11:00:00+03:00,2.0
128,high,lunch,2026-07-17 11:00:00+03:00,2026-07-17 15:00:00+03:00,4.0
128,high,afternoon,2026-07-17 15:00:00+03:00,2026-07-17 18:00:00+03:00,3.0
128,high,dinner,2026-07-17 18:00:00+03:00,2026-07-17 21:00:00+03:00,3.0
128,high,late_evening,2026-07-17 21:00:00+03:00,2026-07-18 00:00:00+03:00,3.0
128,high,deep_night,2026-07-18 00:00:00+03:00,2026-07-18 06:00:00+03:00,6.0
128,high,opening,2026-07-18 06:00:00+03:00,2026-07-18 08:00:00+03:00,2.0
128,high,early_morning,2026-07-18 08:00:00+03:00,2026-07-18 09:00:00+03:00,1.0
128,high,morning,2026-07-18 09:00:00+03:00,2026-07-18 11:00:00+03:00,2.0
128,high,lunch,2026-07-18 11:00:00+03:00,2026-07-18 15:00:00+03:00,4.0
128,high,afternoon,2026-07-18 15:00:00+03:00,2026-07-18 18:00:00+03:00,3.0
128,high,dinner,2026-07-18 18:00:00+03:00,2026-07-18 21:00:00+03:00,3.0
128,high,late_evening,2026-07-18 21:00:00+03:00,2026-07-19 00:00:00+03:00,3.0
128,high,deep_night,2026-07-19 00:00:00+03:00,2026-07-19 06:00:00+03:00,6.0
128,high,opening,2026-07-19 06:00:00+03:00,2026-07-19 08:00:00+03:00,2.0
128,high,early_morning,2026-07-19 08:00:00+03:00,2026-07-19 09:00:00+03:00,1.0
128,high,morning,2026-07-19 09:00:00+03:00,2026-07-19 11:00:00+03:00,2.0
128,high,lunch,2026-07-19 11:00:00+03:00,2026-07-19 15:00:00+03:00,4.0
128,high,afternoon,2026-07-19 15:00:00+03:00,2026-07-19 18:00:00+03:00,3.0
128,high,dinner,2026-07-19 18:00:00+03:00,2026-07-19 21:00:00+03:00,3.0
128,high,late_evening,2026-07-19 21:00:00+03:00,2026-07-20 00:00:00+03:00,3.0
14,high,deep_night,2026-07-06 00:00:00+03:00,2026-07-06 06:00:00+03:00,6.0
14,high,opening,2026-07-06 06:00:00+03:00,2026-07-06 08:00:00+03:00,2.0
14,high,early_morning,2026-07-06 08:00:00+03:00,2026-07-06 09:00:00+03:00,1.0
14,high,morning,2026-07-06 09:00:00+03:00,2026-07-06 11:00:00+03:00,2.0
14,high,lunch,2026-07-06 11:00:00+03:00,2026-07-06 15:00:00+03:00,4.0
14,high,afternoon,2026-07-06 15:00:00+03:00,2026-07-06 18:00:00+03:00,3.0
14,high,dinner,2026-07-06 18:00:00+03:00,2026-07-06 21:00:00+03:00,3.0
14,high,late_evening,2026-07-06 21:00:00+03:00,2026-07-07 00:00:00+03:00,3.0
14,high,deep_night,2026-07-07 00:00:00+03:00,2026-07-07 06:00:00+03:00,6.0
14,high,opening,2026-07-07 06:00:00+03:00,2026-07-07 08:00:00+03:00,2.0
14,high,early_morning,2026-07-07 08:00:00+03:00,2026-07-07 09:00:00+03:00,1.0
14,high,morning,2026-07-07 09:00:00+03:00,2026-07-07 11:00:00+03:00,2.0
14,high,lunch,2026-07-07 11:00:00+03:00,2026-07-07 15:00:00+03:00,4.0
14,high,afternoon,2026-07-07 15:00:00+03:00,2026-07-07 18:00:00+03:00,3.0
14,high,dinner,2026-07-07 18:00:00+03:00,2026-07-07 21:00:00+03:00,3.0
14,high,late_evening,2026-07-07 21:00:00+03:00,2026-07-08 00:00:00+03:00,3.0
14,high,deep_night,2026-07-08 00:00:00+03:00,2026-07-08 06:00:00+03:00,6.0
14,high,opening,2026-07-08 06:00:00+03:00,2026-07-08 08:00:00+03:00,2.0
14,high,early_morning,2026-07-08 08:00:00+03:00,2026-07-08 09:00:00+03:00,1.0
14,high,morning,2026-07-08 09:00:00+03:00,2026-07-08 11:00:00+03:00,2.0
14,high,lunch,2026-07-08 11:00:00+03:00,2026-07-08 15:00:00+03:00,4.0
14,high,afternoon,2026-07-08 15:00:00+03:00,2026-07-08 18:00:00+03:00,3.0
14,high,dinner,2026-07-08 18:00:00+03:00,2026-07-08 21:00:00+03:00,3.0
14,high,late_evening,2026-07-08 21:00:00+03:00,2026-07-09 00:00:00+03:00,3.0
14,high,deep_night,2026-07-09 00:00:00+03:00,2026-07-09 06:00:00+03:00,6.0
14,high,opening,2026-07-09 06:00:00+03:00,2026-07-09 08:00:00+03:00,2.0
14,high,early_morning,2026-07-09 08:00:00+03:00,2026-07-09 09:00:00+03:00,1.0
14,high,morning,2026-07-09 09:00:00+03:00,2026-07-09 11:00:00+03:00,2.0
14,high,lunch,2026-07-09 11:00:00+03:00,2026-07-09 15:00:00+03:00,4.0
14,high,afternoon,2026-07-09 15:00:00+03:00,2026-07-09 18:00:00+03:00,3.0
14,high,dinner,2026-07-09 18:00:00+03:00,2026-07-09 21:00:00+03:00,3.0
14,high,late_evening,2026-07-09 21:00:00+03:00,2026-07-10 00:00:00+03:00,3.0
14,high,deep_night,2026-07-10 00:00:00+03:00,2026-07-10 06:00:00+03:00,6.0
14,high,opening,2026-07-10 06:00:00+03:00,2026-07-10 08:00:00+03:00,2.0
14,high,early_morning,2026-07-10 08:00:00+03:00,2026-07-10 09:00:00+03:00,1.0
14,high,morning,2026-07-10 09:00:00+03:00,2026-07-10 11:00:00+03:00,2.0
14,high,lunch,2026-07-10 11:00:00+03:00,2026-07-10 15:00:00+03:00,4.0
14,high,afternoon,2026-07-10 15:00:00+03:00,2026-07-10 18:00:00+03:00,3.0
14,high,dinner,2026-07-10 18:00:00+03:00,2026-07-10 21:00:00+03:00,3.0
14,high,late_evening,2026-07-10 21:00:00+03:00,2026-07-11 00:00:00+03:00,3.0
14,high,deep_night,2026-07-11 00:00:00+03:00,2026-07-11 06:00:00+03:00,6.0
14,high,opening,2026-07-11 06:00:00+03:00,2026-07-11 08:00:00+03:00,2.0
14,high,early_morning,2026-07-11 08:00:00+03:00,2026-07-11 09:00:00+03:00,1.0
14,high,morning,2026-07-11 09:00:00+03:00,2026-07-11 11:00:00+03:00,2.0
14,high,lunch,2026-07-11 11:00:00+03:00,2026-07-11 15:00:00+03:00,4.0
14,high,afternoon,2026-07-11 15:00:00+03:00,2026-07-11 18:00:00+03:00,3.0
14,high,dinner,2026-07-11 18:00:00+03:00,2026-07-11 21:00:00+03:00,3.0
14,high,late_evening,2026-07-11 21:00:00+03:00,2026-07-12 00:00:00+03:00,3.0
14,high,deep_night,2026-07-12 00:00:00+03:00,2026-07-12 06:00:00+03:00,6.0
14,high,opening,2026-07-12 06:00:00+03:00,2026-07-12 08:00:00+03:00,2.0
14,high,early_morning,2026-07-12 08:00:00+03:00,2026-07-12 09:00:00+03:00,1.0
14,high,morning,2026-07-12 09:00:00+03:00,2026-07-12 11:00:00+03:00,2.0
14,high,lunch,2026-07-12 11:00:00+03:00,2026-07-12 15:00:00+03:00,4.0
14,high,afternoon,2026-07-12 15:00:00+03:00,2026-07-12 18:00:00+03:00,3.0
14,high,dinner,2026-07-12 18:00:00+03:00,2026-07-12 21:00:00+03:00,3.0
14,high,late_evening,2026-07-12 21:00:00+03:00,2026-07-13 00:00:00+03:00,3.0
14,high,deep_night,2026-07-13 00:00:00+03:00,2026-07-13 06:00:00+03:00,6.0
14,high,opening,2026-07-13 06:00:00+03:00,2026-07-13 08:00:00+03:00,2.0
14,high,early_morning,2026-07-13 08:00:00+03:00,2026-07-13 09:00:00+03:00,1.0
14,high,morning,2026-07-13 09:00:00+03:00,2026-07-13 11:00:00+03:00,2.0
14,high,lunch,2026-07-13 11:00:00+03:00,2026-07-13 15:00:00+03:00,4.0
14,high,afternoon,2026-07-13 15:00:00+03:00,2026-07-13 18:00:00+03:00,3.0
14,high,dinner,2026-07-13 18:00:00+03:00,2026-07-13 21:00:00+03:00,3.0
14,high,late_evening,2026-07-13 21:00:00+03:00,2026-07-14 00:00:00+03:00,3.0
14,high,deep_night,2026-07-14 00:00:00+03:00,2026-07-14 06:00:00+03:00,6.0
14,high,opening,2026-07-14 06:00:00+03:00,2026-07-14 08:00:00+03:00,2.0
14,high,early_morning,2026-07-14 08:00:00+03:00,2026-07-14 09:00:00+03:00,1.0
14,high,morning,2026-07-14 09:00:00+03:00,2026-07-14 11:00:00+03:00,2.0
14,high,lunch,2026-07-14 11:00:00+03:00,2026-07-14 15:00:00+03:00,4.0
14,high,afternoon,2026-07-14 15:00:00+03:00,2026-07-14 18:00:00+03:00,3.0
14,high,dinner,2026-07-14 18:00:00+03:00,2026-07-14 21:00:00+03:00,3.0
14,high,late_evening,2026-07-14 21:00:00+03:00,2026-07-15 00:00:00+03:00,3.0
14,high,deep_night,2026-07-15 00:00:00+03:00,2026-07-15 06:00:00+03:00,6.0
14,high,opening,2026-07-15 06:00:00+03:00,2026-07-15 08:00:00+03:00,2.0
14,high,early_morning,2026-07-15 08:00:00+03:00,2026-07-15 09:00:00+03:00,1.0
14,high,morning,2026-07-15 09:00:00+03:00,2026-07-15 11:00:00+03:00,2.0
14,high,lunch,2026-07-15 11:00:00+03:00,2026-07-15 15:00:00+03:00,4.0
14,high,afternoon,2026-07-15 15:00:00+03:00,2026-07-15 18:00:00+03:00,3.0
14,high,dinner,2026-07-15 18:00:00+03:00,2026-07-15 21:00:00+03:00,3.0
14,high,late_evening,2026-07-15 21:00:00+03:00,2026-07-16 00:00:00+03:00,3.0
14,high,deep_night,2026-07-16 00:00:00+03:00,2026-07-16 06:00:00+03:00,6.0
14,high,opening,2026-07-16 06:00:00+03:00,2026-07-16 08:00:00+03:00,2.0
14,high,early_morning,2026-07-16 08:00:00+03:00,2026-07-16 09:00:00+03:00,1.0
14,high,morning,2026-07-16 09:00:00+03:00,2026-07-16 11:00:00+03:00,2.0
14,high,lunch,2026-07-16 11:00:00+03:00,2026-07-16 15:00:00+03:00,4.0
14,high,afternoon,2026-07-16 15:00:00+03:00,2026-07-16 18:00:00+03:00,3.0
14,high,dinner,2026-07-16 18:00:00+03:00,2026-07-16 21:00:00+03:00,3.0
14,high,late_evening,2026-07-16 21:00:00+03:00,2026-07-17 00:00:00+03:00,3.0
14,high,deep_night,2026-07-17 00:00:00+03:00,2026-07-17 06:00:00+03:00,6.0
14,high,opening,2026-07-17 06:00:00+03:00,2026-07-17 08:00:00+03:00,2.0
14,high,early_morning,2026-07-17 08:00:00+03:00,2026-07-17 09:00:00+03:00,1.0
14,high,morning,2026-07-17 09:00:00+03:00,2026-07-17 11:00:00+03:00,2.0
14,high,lunch,2026-07-17 11:00:00+03:00,2026-07-17 15:00:00+03:00,4.0
14,high,afternoon,2026-07-17 15:00:00+03:00,2026-07-17 18:00:00+03:00,3.0
14,high,dinner,2026-07-17 18:00:00+03:00,2026-07-17 21:00:00+03:00,3.0
14,high,late_evening,2026-07-17 21:00:00+03:00,2026-07-18 00:00:00+03:00,3.0
14,high,deep_night,2026-07-18 00:00:00+03:00,2026-07-18 06:00:00+03:00,6.0
14,high,opening,2026-07-18 06:00:00+03:00,2026-07-18 08:00:00+03:00,2.0
14,high,early_morning,2026-07-18 08:00:00+03:00,2026-07-18 09:00:00+03:00,1.0
14,high,morning,2026-07-18 09:00:00+03:00,2026-07-18 11:00:00+03:00,2.0
14,high,lunch,2026-07-18 11:00:00+03:00,2026-07-18 15:00:00+03:00,4.0
14,high,afternoon,2026-07-18 15:00:00+03:00,2026-07-18 18:00:00+03:00,3.0
14,high,dinner,2026-07-18 18:00:00+03:00,2026-07-18 21:00:00+03:00,3.0
14,high,late_evening,2026-07-18 21:00:00+03:00,2026-07-19 00:00:00+03:00,3.0
14,high,deep_night,2026-07-19 00:00:00+03:00,2026-07-19 06:00:00+03:00,6.0
14,high,opening,2026-07-19 06:00:00+03:00,2026-07-19 08:00:00+03:00,2.0
14,high,early_morning,2026-07-19 08:00:00+03:00,2026-07-19 09:00:00+03:00,1.0
14,high,morning,2026-07-19 09:00:00+03:00,2026-07-19 11:00:00+03:00,2.0
14,high,lunch,2026-07-19 11:00:00+03:00,2026-07-19 15:00:00+03:00,4.0
14,high,afternoon,2026-07-19 15:00:00+03:00,2026-07-19 18:00:00+03:00,3.0
14,high,dinner,2026-07-19 18:00:00+03:00,2026-07-19 21:00:00+03:00,3.0
14,high,late_evening,2026-07-19 21:00:00+03:00,2026-07-20 00:00:00+03:00,3.0
15,medium,block_00_06,2026-07-06 00:00:00+03:00,2026-07-06 06:00:00+03:00,6.0
15,medium,block_06_12,2026-07-06 06:00:00+03:00,2026-07-06 12:00:00+03:00,6.0
15,medium,block_12_18,2026-07-06 12:00:00+03:00,2026-07-06 18:00:00+03:00,6.0
15,medium,block_18_24,2026-07-06 18:00:00+03:00,2026-07-07 00:00:00+03:00,6.0
15,medium,block_00_06,2026-07-07 00:00:00+03:00,2026-07-07 06:00:00+03:00,6.0
15,medium,block_06_12,2026-07-07 06:00:00+03:00,2026-07-07 12:00:00+03:00,6.0
15,medium,block_12_18,2026-07-07 12:00:00+03:00,2026-07-07 18:00:00+03:00,6.0
15,medium,block_18_24,2026-07-07 18:00:00+03:00,2026-07-08 00:00:00+03:00,6.0
15,medium,block_00_06,2026-07-08 00:00:00+03:00,2026-07-08 06:00:00+03:00,6.0
15,medium,block_06_12,2026-07-08 06:00:00+03:00,2026-07-08 12:00:00+03:00,6.0
15,medium,block_12_18,2026-07-08 12:00:00+03:00,2026-07-08 18:00:00+03:00,6.0
15,medium,block_18_24,2026-07-08 18:00:00+03:00,2026-07-09 00:00:00+03:00,6.0
15,medium,block_00_06,2026-07-09 00:00:00+03:00,2026-07-09 06:00:00+03:00,6.0
15,medium,block_06_12,2026-07-09 06:00:00+03:00,2026-07-09 12:00:00+03:00,6.0
15,medium,block_12_18,2026-07-09 12:00:00+03:00,2026-07-09 18:00:00+03:00,6.0
15,medium,block_18_24,2026-07-09 18:00:00+03:00,2026-07-10 00:00:00+03:00,6.0
15,medium,block_00_06,2026-07-10 00:00:00+03:00,2026-07-10 06:00:00+03:00,6.0
15,medium,block_06_12,2026-07-10 06:00:00+03:00,2026-07-10 12:00:00+03:00,6.0
15,medium,block_12_18,2026-07-10 12:00:00+03:00,2026-07-10 18:00:00+03:00,6.0
15,medium,block_18_24,2026-07-10 18:00:00+03:00,2026-07-11 00:00:00+03:00,6.0
15,medium,block_00_06,2026-07-11 00:00:00+03:00,2026-07-11 06:00:00+03:00,6.0
15,medium,block_06_12,2026-07-11 06:00:00+03:00,2026-07-11 12:00:00+03:00,6.0
15,medium,block_12_18,2026-07-11 12:00:00+03:00,2026-07-11 18:00:00+03:00,6.0
15,medium,block_18_24,2026-07-11 18:00:00+03:00,2026-07-12 00:00:00+03:00,6.0
15,medium,block_00_06,2026-07-12 00:00:00+03:00,2026-07-12 06:00:00+03:00,6.0
15,medium,block_06_12,2026-07-12 06:00:00+03:00,2026-07-12 12:00:00+03:00,6.0
15,medium,block_12_18,2026-07-12 12:00:00+03:00,2026-07-12 18:00:00+03:00,6.0
15,medium,block_18_24,2026-07-12 18:00:00+03:00,2026-07-13 00:00:00+03:00,6.0
15,medium,block_00_06,2026-07-13 00:00:00+03:00,2026-07-13 06:00:00+03:00,6.0
15,medium,block_06_12,2026-07-13 06:00:00+03:00,2026-07-13 12:00:00+03:00,6.0
15,medium,block_12_18,2026-07-13 12:00:00+03:00,2026-07-13 18:00:00+03:00,6.0
15,medium,block_18_24,2026-07-13 18:00:00+03:00,2026-07-14 00:00:00+03:00,6.0
15,medium,block_00_06,2026-07-14 00:00:00+03:00,2026-07-14 06:00:00+03:00,6.0
15,medium,block_06_12,2026-07-14 06:00:00+03:00,2026-07-14 12:00:00+03:00,6.0
15,medium,block_12_18,2026-07-14 12:00:00+03:00,2026-07-14 18:00:00+03:00,6.0
15,medium,block_18_24,2026-07-14 18:00:00+03:00,2026-07-15 00:00:00+03:00,6.0
15,medium,block_00_06,2026-07-15 00:00:00+03:00,2026-07-15 06:00:00+03:00,6.0
15,medium,block_06_12,2026-07-15 06:00:00+03:00,2026-07-15 12:00:00+03:00,6.0
15,medium,block_12_18,2026-07-15 12:00:00+03:00,2026-07-15 18:00:00+03:00,6.0
15,medium,block_18_24,2026-07-15 18:00:00+03:00,2026-07-16 00:00:00+03:00,6.0
15,medium,block_00_06,2026-07-16 00:00:00+03:00,2026-07-16 06:00:00+03:00,6.0
15,medium,block_06_12,2026-07-16 06:00:00+03:00,2026-07-16 12:00:00+03:00,6.0
15,medium,block_12_18,2026-07-16 12:00:00+03:00,2026-07-16 18:00:00+03:00,6.0
15,medium,block_18_24,2026-07-16 18:00:00+03:00,2026-07-17 00:00:00+03:00,6.0
15,medium,block_00_06,2026-07-17 00:00:00+03:00,2026-07-17 06:00:00+03:00,6.0
15,medium,block_06_12,2026-07-17 06:00:00+03:00,2026-07-17 12:00:00+03:00,6.0
15,medium,block_12_18,2026-07-17 12:00:00+03:00,2026-07-17 18:00:00+03:00,6.0
15,medium,block_18_24,2026-07-17 18:00:00+03:00,2026-07-18 00:00:00+03:00,6.0
15,medium,block_00_06,2026-07-18 00:00:00+03:00,2026-07-18 06:00:00+03:00,6.0
15,medium,block_06_12,2026-07-18 06:00:00+03:00,2026-07-18 12:00:00+03:00,6.0
15,medium,block_12_18,2026-07-18 12:00:00+03:00,2026-07-18 18:00:00+03:00,6.0
15,medium,block_18_24,2026-07-18 18:00:00+03:00,2026-07-19 00:00:00+03:00,6.0
15,medium,block_00_06,2026-07-19 00:00:00+03:00,2026-07-19 06:00:00+03:00,6.0
15,medium,block_06_12,2026-07-19 06:00:00+03:00,2026-07-19 12:00:00+03:00,6.0
15,medium,block_12_18,2026-07-19 12:00:00+03:00,2026-07-19 18:00:00+03:00,6.0
15,medium,block_18_24,2026-07-19 18:00:00+03:00,2026-07-20 00:00:00+03:00,6.0
17,high,deep_night,2026-07-06 00:00:00+03:00,2026-07-06 06:00:00+03:00,6.0
17,high,opening,2026-07-06 06:00:00+03:00,2026-07-06 08:00:00+03:00,2.0
17,high,early_morning,2026-07-06 08:00:00+03:00,2026-07-06 09:00:00+03:00,1.0
17,high,morning,2026-07-06 09:00:00+03:00,2026-07-06 11:00:00+03:00,2.0
17,high,lunch,2026-07-06 11:00:00+03:00,2026-07-06 15:00:00+03:00,4.0
17,high,afternoon,2026-07-06 15:00:00+03:00,2026-07-06 18:00:00+03:00,3.0
17,high,dinner,2026-07-06 18:00:00+03:00,2026-07-06 21:00:00+03:00,3.0
17,high,late_evening,2026-07-06 21:00:00+03:00,2026-07-07 00:00:00+03:00,3.0
17,high,deep_night,2026-07-07 00:00:00+03:00,2026-07-07 06:00:00+03:00,6.0
17,high,opening,2026-07-07 06:00:00+03:00,2026-07-07 08:00:00+03:00,2.0
17,high,early_morning,2026-07-07 08:00:00+03:00,2026-07-07 09:00:00+03:00,1.0
17,high,morning,2026-07-07 09:00:00+03:00,2026-07-07 11:00:00+03:00,2.0
17,high,lunch,2026-07-07 11:00:00+03:00,2026-07-07 15:00:00+03:00,4.0
17,high,afternoon,2026-07-07 15:00:00+03:00,2026-07-07 18:00:00+03:00,3.0
17,high,dinner,2026-07-07 18:00:00+03:00,2026-07-07 21:00:00+03:00,3.0
17,high,late_evening,2026-07-07 21:00:00+03:00,2026-07-08 00:00:00+03:00,3.0
17,high,deep_night,2026-07-08 00:00:00+03:00,2026-07-08 06:00:00+03:00,6.0
17,high,opening,2026-07-08 06:00:00+03:00,2026-07-08 08:00:00+03:00,2.0
17,high,early_morning,2026-07-08 08:00:00+03:00,2026-07-08 09:00:00+03:00,1.0
17,high,morning,2026-07-08 09:00:00+03:00,2026-07-08 11:00:00+03:00,2.0
17,high,lunch,2026-07-08 11:00:00+03:00,2026-07-08 15:00:00+03:00,4.0
17,high,afternoon,2026-07-08 15:00:00+03:00,2026-07-08 18:00:00+03:00,3.0
17,high,dinner,2026-07-08 18:00:00+03:00,2026-07-08 21:00:00+03:00,3.0
17,high,late_evening,2026-07-08 21:00:00+03:00,2026-07-09 00:00:00+03:00,3.0
17,high,deep_night,2026-07-09 00:00:00+03:00,2026-07-09 06:00:00+03:00,6.0
17,high,opening,2026-07-09 06:00:00+03:00,2026-07-09 08:00:00+03:00,2.0
17,high,early_morning,2026-07-09 08:00:00+03:00,2026-07-09 09:00:00+03:00,1.0
17,high,morning,2026-07-09 09:00:00+03:00,2026-07-09 11:00:00+03:00,2.0
17,high,lunch,2026-07-09 11:00:00+03:00,2026-07-09 15:00:00+03:00,4.0
17,high,afternoon,2026-07-09 15:00:00+03:00,2026-07-09 18:00:00+03:00,3.0
17,high,dinner,2026-07-09 18:00:00+03:00,2026-07-09 21:00:00+03:00,3.0
17,high,late_evening,2026-07-09 21:00:00+03:00,2026-07-10 00:00:00+03:00,3.0
17,high,deep_night,2026-07-10 00:00:00+03:00,2026-07-10 06:00:00+03:00,6.0
17,high,opening,2026-07-10 06:00:00+03:00,2026-07-10 08:00:00+03:00,2.0
17,high,early_morning,2026-07-10 08:00:00+03:00,2026-07-10 09:00:00+03:00,1.0
17,high,morning,2026-07-10 09:00:00+03:00,2026-07-10 11:00:00+03:00,2.0
17,high,lunch,2026-07-10 11:00:00+03:00,2026-07-10 15:00:00+03:00,4.0
17,high,afternoon,2026-07-10 15:00:00+03:00,2026-07-10 18:00:00+03:00,3.0
17,high,dinner,2026-07-10 18:00:00+03:00,2026-07-10 21:00:00+03:00,3.0
17,high,late_evening,2026-07-10 21:00:00+03:00,2026-07-11 00:00:00+03:00,3.0
17,high,deep_night,2026-07-11 00:00:00+03:00,2026-07-11 06:00:00+03:00,6.0
17,high,opening,2026-07-11 06:00:00+03:00,2026-07-11 08:00:00+03:00,2.0
17,high,early_morning,2026-07-11 08:00:00+03:00,2026-07-11 09:00:00+03:00,1.0
17,high,morning,2026-07-11 09:00:00+03:00,2026-07-11 11:00:00+03:00,2.0
17,high,lunch,2026-07-11 11:00:00+03:00,2026-07-11 15:00:00+03:00,4.0
17,high,afternoon,2026-07-11 15:00:00+03:00,2026-07-11 18:00:00+03:00,3.0
17,high,dinner,2026-07-11 18:00:00+03:00,2026-07-11 21:00:00+03:00,3.0
17,high,late_evening,2026-07-11 21:00:00+03:00,2026-07-12 00:00:00+03:00,3.0
17,high,deep_night,2026-07-12 00:00:00+03:00,2026-07-12 06:00:00+03:00,6.0
17,high,opening,2026-07-12 06:00:00+03:00,2026-07-12 08:00:00+03:00,2.0
17,high,early_morning,2026-07-12 08:00:00+03:00,2026-07-12 09:00:00+03:00,1.0
17,high,morning,2026-07-12 09:00:00+03:00,2026-07-12 11:00:00+03:00,2.0
17,high,lunch,2026-07-12 11:00:00+03:00,2026-07-12 15:00:00+03:00,4.0
17,high,afternoon,2026-07-12 15:00:00+03:00,2026-07-12 18:00:00+03:00,3.0
17,high,dinner,2026-07-12 18:00:00+03:00,2026-07-12 21:00:00+03:00,3.0
17,high,late_evening,2026-07-12 21:00:00+03:00,2026-07-13 00:00:00+03:00,3.0
17,high,deep_night,2026-07-13 00:00:00+03:00,2026-07-13 06:00:00+03:00,6.0
17,high,opening,2026-07-13 06:00:00+03:00,2026-07-13 08:00:00+03:00,2.0
17,high,early_morning,2026-07-13 08:00:00+03:00,2026-07-13 09:00:00+03:00,1.0
17,high,morning,2026-07-13 09:00:00+03:00,2026-07-13 11:00:00+03:00,2.0
17,high,lunch,2026-07-13 11:00:00+03:00,2026-07-13 15:00:00+03:00,4.0
17,high,afternoon,2026-07-13 15:00:00+03:00,2026-07-13 18:00:00+03:00,3.0
17,high,dinner,2026-07-13 18:00:00+03:00,2026-07-13 21:00:00+03:00,3.0
17,high,late_evening,2026-07-13 21:00:00+03:00,2026-07-14 00:00:00+03:00,3.0
17,high,deep_night,2026-07-14 00:00:00+03:00,2026-07-14 06:00:00+03:00,6.0
17,high,opening,2026-07-14 06:00:00+03:00,2026-07-14 08:00:00+03:00,2.0
17,high,early_morning,2026-07-14 08:00:00+03:00,2026-07-14 09:00:00+03:00,1.0
17,high,morning,2026-07-14 09:00:00+03:00,2026-07-14 11:00:00+03:00,2.0
17,high,lunch,2026-07-14 11:00:00+03:00,2026-07-14 15:00:00+03:00,4.0
17,high,afternoon,2026-07-14 15:00:00+03:00,2026-07-14 18:00:00+03:00,3.0
17,high,dinner,2026-07-14 18:00:00+03:00,2026-07-14 21:00:00+03:00,3.0
17,high,late_evening,2026-07-14 21:00:00+03:00,2026-07-15 00:00:00+03:00,3.0
17,high,deep_night,2026-07-15 00:00:00+03:00,2026-07-15 06:00:00+03:00,6.0
17,high,opening,2026-07-15 06:00:00+03:00,2026-07-15 08:00:00+03:00,2.0
17,high,early_morning,2026-07-15 08:00:00+03:00,2026-07-15 09:00:00+03:00,1.0
17,high,morning,2026-07-15 09:00:00+03:00,2026-07-15 11:00:00+03:00,2.0
17,high,lunch,2026-07-15 11:00:00+03:00,2026-07-15 15:00:00+03:00,4.0
17,high,afternoon,2026-07-15 15:00:00+03:00,2026-07-15 18:00:00+03:00,3.0
17,high,dinner,2026-07-15 18:00:00+03:00,2026-07-15 21:00:00+03:00,3.0
17,high,late_evening,2026-07-15 21:00:00+03:00,2026-07-16 00:00:00+03:00,3.0
17,high,deep_night,2026-07-16 00:00:00+03:00,2026-07-16 06:00:00+03:00,6.0
17,high,opening,2026-07-16 06:00:00+03:00,2026-07-16 08:00:00+03:00,2.0
17,high,early_morning,2026-07-16 08:00:00+03:00,2026-07-16 09:00:00+03:00,1.0
17,high,morning,2026-07-16 09:00:00+03:00,2026-07-16 11:00:00+03:00,2.0
17,high,lunch,2026-07-16 11:00:00+03:00,2026-07-16 15:00:00+03:00,4.0
17,high,afternoon,2026-07-16 15:00:00+03:00,2026-07-16 18:00:00+03:00,3.0
17,high,dinner,2026-07-16 18:00:00+03:00,2026-07-16 21:00:00+03:00,3.0
17,high,late_evening,2026-07-16 21:00:00+03:00,2026-07-17 00:00:00+03:00,3.0
17,high,deep_night,2026-07-17 00:00:00+03:00,2026-07-17 06:00:00+03:00,6.0
17,high,opening,2026-07-17 06:00:00+03:00,2026-07-17 08:00:00+03:00,2.0
17,high,early_morning,2026-07-17 08:00:00+03:00,2026-07-17 09:00:00+03:00,1.0
17,high,morning,2026-07-17 09:00:00+03:00,2026-07-17 11:00:00+03:00,2.0
17,high,lunch,2026-07-17 11:00:00+03:00,2026-07-17 15:00:00+03:00,4.0
17,high,afternoon,2026-07-17 15:00:00+03:00,2026-07-17 18:00:00+03:00,3.0
17,high,dinner,2026-07-17 18:00:00+03:00,2026-07-17 21:00:00+03:00,3.0
17,high,late_evening,2026-07-17 21:00:00+03:00,2026-07-18 00:00:00+03:00,3.0
17,high,deep_night,2026-07-18 00:00:00+03:00,2026-07-18 06:00:00+03:00,6.0
17,high,opening,2026-07-18 06:00:00+03:00,2026-07-18 08:00:00+03:00,2.0
17,high,early_morning,2026-07-18 08:00:00+03:00,2026-07-18 09:00:00+03:00,1.0
17,high,morning,2026-07-18 09:00:00+03:00,2026-07-18 11:00:00+03:00,2.0
17,high,lunch,2026-07-18 11:00:00+03:00,2026-07-18 15:00:00+03:00,4.0
17,high,afternoon,2026-07-18 15:00:00+03:00,2026-07-18 18:00:00+03:00,3.0
17,high,dinner,2026-07-18 18:00:00+03:00,2026-07-18 21:00:00+03:00,3.0
17,high,late_evening,2026-07-18 21:00:00+03:00,2026-07-19 00:00:00+03:00,3.0
17,high,deep_night,2026-07-19 00:00:00+03:00,2026-07-19 06:00:00+03:00,6.0
17,high,opening,2026-07-19 06:00:00+03:00,2026-07-19 08:00:00+03:00,2.0
17,high,early_morning,2026-07-19 08:00:00+03:00,2026-07-19 09:00:00+03:00,1.0
17,high,morning,2026-07-19 09:00:00+03:00,2026-07-19 11:00:00+03:00,2.0
17,high,lunch,2026-07-19 11:00:00+03:00,2026-07-19 15:00:00+03:00,4.0
17,high,afternoon,2026-07-19 15:00:00+03:00,2026-07-19 18:00:00+03:00,3.0
17,high,dinner,2026-07-19 18:00:00+03:00,2026-07-19 21:00:00+03:00,3.0
17,high,late_evening,2026-07-19 21:00:00+03:00,2026-07-20 00:00:00+03:00,3.0
2,high,deep_night,2026-07-06 00:00:00+03:00,2026-07-06 06:00:00+03:00,6.0
2,high,opening,2026-07-06 06:00:00+03:00,2026-07-06 08:00:00+03:00,2.0
2,high,early_morning,2026-07-06 08:00:00+03:00,2026-07-06 09:00:00+03:00,1.0
2,high,morning,2026-07-06 09:00:00+03:00,2026-07-06 11:00:00+03:00,2.0
2,high,lunch,2026-07-06 11:00:00+03:00,2026-07-06 15:00:00+03:00,4.0
2,high,afternoon,2026-07-06 15:00:00+03:00,2026-07-06 18:00:00+03:00,3.0
2,high,dinner,2026-07-06 18:00:00+03:00,2026-07-06 21:00:00+03:00,3.0
2,high,late_evening,2026-07-06 21:00:00+03:00,2026-07-07 00:00:00+03:00,3.0
2,high,deep_night,2026-07-07 00:00:00+03:00,2026-07-07 06:00:00+03:00,6.0
2,high,opening,2026-07-07 06:00:00+03:00,2026-07-07 08:00:00+03:00,2.0
2,high,early_morning,2026-07-07 08:00:00+03:00,2026-07-07 09:00:00+03:00,1.0
2,high,morning,2026-07-07 09:00:00+03:00,2026-07-07 11:00:00+03:00,2.0
2,high,lunch,2026-07-07 11:00:00+03:00,2026-07-07 15:00:00+03:00,4.0
2,high,afternoon,2026-07-07 15:00:00+03:00,2026-07-07 18:00:00+03:00,3.0
2,high,dinner,2026-07-07 18:00:00+03:00,2026-07-07 21:00:00+03:00,3.0
2,high,late_evening,2026-07-07 21:00:00+03:00,2026-07-08 00:00:00+03:00,3.0
2,high,deep_night,2026-07-08 00:00:00+03:00,2026-07-08 06:00:00+03:00,6.0
2,high,opening,2026-07-08 06:00:00+03:00,2026-07-08 08:00:00+03:00,2.0
2,high,early_morning,2026-07-08 08:00:00+03:00,2026-07-08 09:00:00+03:00,1.0
2,high,morning,2026-07-08 09:00:00+03:00,2026-07-08 11:00:00+03:00,2.0
2,high,lunch,2026-07-08 11:00:00+03:00,2026-07-08 15:00:00+03:00,4.0
2,high,afternoon,2026-07-08 15:00:00+03:00,2026-07-08 18:00:00+03:00,3.0
2,high,dinner,2026-07-08 18:00:00+03:00,2026-07-08 21:00:00+03:00,3.0
2,high,late_evening,2026-07-08 21:00:00+03:00,2026-07-09 00:00:00+03:00,3.0
2,high,deep_night,2026-07-09 00:00:00+03:00,2026-07-09 06:00:00+03:00,6.0
2,high,opening,2026-07-09 06:00:00+03:00,2026-07-09 08:00:00+03:00,2.0
2,high,early_morning,2026-07-09 08:00:00+03:00,2026-07-09 09:00:00+03:00,1.0
2,high,morning,2026-07-09 09:00:00+03:00,2026-07-09 11:00:00+03:00,2.0
2,high,lunch,2026-07-09 11:00:00+03:00,2026-07-09 15:00:00+03:00,4.0
2,high,afternoon,2026-07-09 15:00:00+03:00,2026-07-09 18:00:00+03:00,3.0
2,high,dinner,2026-07-09 18:00:00+03:00,2026-07-09 21:00:00+03:00,3.0
2,high,late_evening,2026-07-09 21:00:00+03:00,2026-07-10 00:00:00+03:00,3.0
2,high,deep_night,2026-07-10 00:00:00+03:00,2026-07-10 06:00:00+03:00,6.0
2,high,opening,2026-07-10 06:00:00+03:00,2026-07-10 08:00:00+03:00,2.0
2,high,early_morning,2026-07-10 08:00:00+03:00,2026-07-10 09:00:00+03:00,1.0
2,high,morning,2026-07-10 09:00:00+03:00,2026-07-10 11:00:00+03:00,2.0
2,high,lunch,2026-07-10 11:00:00+03:00,2026-07-10 15:00:00+03:00,4.0
2,high,afternoon,2026-07-10 15:00:00+03:00,2026-07-10 18:00:00+03:00,3.0
2,high,dinner,2026-07-10 18:00:00+03:00,2026-07-10 21:00:00+03:00,3.0
2,high,late_evening,2026-07-10 21:00:00+03:00,2026-07-11 00:00:00+03:00,3.0
2,high,deep_night,2026-07-11 00:00:00+03:00,2026-07-11 06:00:00+03:00,6.0
2,high,opening,2026-07-11 06:00:00+03:00,2026-07-11 08:00:00+03:00,2.0
2,high,early_morning,2026-07-11 08:00:00+03:00,2026-07-11 09:00:00+03:00,1.0
2,high,morning,2026-07-11 09:00:00+03:00,2026-07-11 11:00:00+03:00,2.0
2,high,lunch,2026-07-11 11:00:00+03:00,2026-07-11 15:00:00+03:00,4.0
2,high,afternoon,2026-07-11 15:00:00+03:00,2026-07-11 18:00:00+03:00,3.0
2,high,dinner,2026-07-11 18:00:00+03:00,2026-07-11 21:00:00+03:00,3.0
2,high,late_evening,2026-07-11 21:00:00+03:00,2026-07-12 00:00:00+03:00,3.0
2,high,deep_night,2026-07-12 00:00:00+03:00,2026-07-12 06:00:00+03:00,6.0
2,high,opening,2026-07-12 06:00:00+03:00,2026-07-12 08:00:00+03:00,2.0
2,high,early_morning,2026-07-12 08:00:00+03:00,2026-07-12 09:00:00+03:00,1.0
2,high,morning,2026-07-12 09:00:00+03:00,2026-07-12 11:00:00+03:00,2.0
2,high,lunch,2026-07-12 11:00:00+03:00,2026-07-12 15:00:00+03:00,4.0
2,high,afternoon,2026-07-12 15:00:00+03:00,2026-07-12 18:00:00+03:00,3.0
2,high,dinner,2026-07-12 18:00:00+03:00,2026-07-12 21:00:00+03:00,3.0
2,high,late_evening,2026-07-12 21:00:00+03:00,2026-07-13 00:00:00+03:00,3.0
2,high,deep_night,2026-07-13 00:00:00+03:00,2026-07-13 06:00:00+03:00,6.0
2,high,opening,2026-07-13 06:00:00+03:00,2026-07-13 08:00:00+03:00,2.0
2,high,early_morning,2026-07-13 08:00:00+03:00,2026-07-13 09:00:00+03:00,1.0
2,high,morning,2026-07-13 09:00:00+03:00,2026-07-13 11:00:00+03:00,2.0
2,high,lunch,2026-07-13 11:00:00+03:00,2026-07-13 15:00:00+03:00,4.0
2,high,afternoon,2026-07-13 15:00:00+03:00,2026-07-13 18:00:00+03:00,3.0
2,high,dinner,2026-07-13 18:00:00+03:00,2026-07-13 21:00:00+03:00,3.0
2,high,late_evening,2026-07-13 21:00:00+03:00,2026-07-14 00:00:00+03:00,3.0
2,high,deep_night,2026-07-14 00:00:00+03:00,2026-07-14 06:00:00+03:00,6.0
2,high,opening,2026-07-14 06:00:00+03:00,2026-07-14 08:00:00+03:00,2.0
2,high,early_morning,2026-07-14 08:00:00+03:00,2026-07-14 09:00:00+03:00,1.0
2,high,morning,2026-07-14 09:00:00+03:00,2026-07-14 11:00:00+03:00,2.0
2,high,lunch,2026-07-14 11:00:00+03:00,2026-07-14 15:00:00+03:00,4.0
2,high,afternoon,2026-07-14 15:00:00+03:00,2026-07-14 18:00:00+03:00,3.0
2,high,dinner,2026-07-14 18:00:00+03:00,2026-07-14 21:00:00+03:00,3.0
2,high,late_evening,2026-07-14 21:00:00+03:00,2026-07-15 00:00:00+03:00,3.0
2,high,deep_night,2026-07-15 00:00:00+03:00,2026-07-15 06:00:00+03:00,6.0
2,high,opening,2026-07-15 06:00:00+03:00,2026-07-15 08:00:00+03:00,2.0
2,high,early_morning,2026-07-15 08:00:00+03:00,2026-07-15 09:00:00+03:00,1.0
2,high,morning,2026-07-15 09:00:00+03:00,2026-07-15 11:00:00+03:00,2.0
2,high,lunch,2026-07-15 11:00:00+03:00,2026-07-15 15:00:00+03:00,4.0
2,high,afternoon,2026-07-15 15:00:00+03:00,2026-07-15 18:00:00+03:00,3.0
2,high,dinner,2026-07-15 18:00:00+03:00,2026-07-15 21:00:00+03:00,3.0
2,high,late_evening,2026-07-15 21:00:00+03:00,2026-07-16 00:00:00+03:00,3.0
2,high,deep_night,2026-07-16 00:00:00+03:00,2026-07-16 06:00:00+03:00,6.0
2,high,opening,2026-07-16 06:00:00+03:00,2026-07-16 08:00:00+03:00,2.0
2,high,early_morning,2026-07-16 08:00:00+03:00,2026-07-16 09:00:00+03:00,1.0
2,high,morning,2026-07-16 09:00:00+03:00,2026-07-16 11:00:00+03:00,2.0
2,high,lunch,2026-07-16 11:00:00+03:00,2026-07-16 15:00:00+03:00,4.0
2,high,afternoon,2026-07-16 15:00:00+03:00,2026-07-16 18:00:00+03:00,3.0
2,high,dinner,2026-07-16 18:00:00+03:00,2026-07-16 21:00:00+03:00,3.0
2,high,late_evening,2026-07-16 21:00:00+03:00,2026-07-17 00:00:00+03:00,3.0
2,high,deep_night,2026-07-17 00:00:00+03:00,2026-07-17 06:00:00+03:00,6.0
2,high,opening,2026-07-17 06:00:00+03:00,2026-07-17 08:00:00+03:00,2.0
2,high,early_morning,2026-07-17 08:00:00+03:00,2026-07-17 09:00:00+03:00,1.0
2,high,morning,2026-07-17 09:00:00+03:00,2026-07-17 11:00:00+03:00,2.0
2,high,lunch,2026-07-17 11:00:00+03:00,2026-07-17 15:00:00+03:00,4.0
2,high,afternoon,2026-07-17 15:00:00+03:00,2026-07-17 18:00:00+03:00,3.0
2,high,dinner,2026-07-17 18:00:00+03:00,2026-07-17 21:00:00+03:00,3.0
2,high,late_evening,2026-07-17 21:00:00+03:00,2026-07-18 00:00:00+03:00,3.0
2,high,deep_night,2026-07-18 00:00:00+03:00,2026-07-18 06:00:00+03:00,6.0
2,high,opening,2026-07-18 06:00:00+03:00,2026-07-18 08:00:00+03:00,2.0
2,high,early_morning,2026-07-18 08:00:00+03:00,2026-07-18 09:00:00+03:00,1.0
2,high,morning,2026-07-18 09:00:00+03:00,2026-07-18 11:00:00+03:00,2.0
2,high,lunch,2026-07-18 11:00:00+03:00,2026-07-18 15:00:00+03:00,4.0
2,high,afternoon,2026-07-18 15:00:00+03:00,2026-07-18 18:00:00+03:00,3.0
2,high,dinner,2026-07-18 18:00:00+03:00,2026-07-18 21:00:00+03:00,3.0
2,high,late_evening,2026-07-18 21:00:00+03:00,2026-07-19 00:00:00+03:00,3.0
2,high,deep_night,2026-07-19 00:00:00+03:00,2026-07-19 06:00:00+03:00,6.0
2,high,opening,2026-07-19 06:00:00+03:00,2026-07-19 08:00:00+03:00,2.0
2,high,early_morning,2026-07-19 08:00:00+03:00,2026-07-19 09:00:00+03:00,1.0
2,high,morning,2026-07-19 09:00:00+03:00,2026-07-19 11:00:00+03:00,2.0
2,high,lunch,2026-07-19 11:00:00+03:00,2026-07-19 15:00:00+03:00,4.0
2,high,afternoon,2026-07-19 15:00:00+03:00,2026-07-19 18:00:00+03:00,3.0
2,high,dinner,2026-07-19 18:00:00+03:00,2026-07-19 21:00:00+03:00,3.0
2,high,late_evening,2026-07-19 21:00:00+03:00,2026-07-20 00:00:00+03:00,3.0
21,high,deep_night,2026-07-06 00:00:00+03:00,2026-07-06 06:00:00+03:00,6.0
21,high,opening,2026-07-06 06:00:00+03:00,2026-07-06 08:00:00+03:00,2.0
21,high,early_morning,2026-07-06 08:00:00+03:00,2026-07-06 09:00:00+03:00,1.0
21,high,morning,2026-07-06 09:00:00+03:00,2026-07-06 11:00:00+03:00,2.0
21,high,lunch,2026-07-06 11:00:00+03:00,2026-07-06 15:00:00+03:00,4.0
21,high,afternoon,2026-07-06 15:00:00+03:00,2026-07-06 18:00:00+03:00,3.0
21,high,dinner,2026-07-06 18:00:00+03:00,2026-07-06 21:00:00+03:00,3.0
21,high,late_evening,2026-07-06 21:00:00+03:00,2026-07-07 00:00:00+03:00,3.0
21,high,deep_night,2026-07-07 00:00:00+03:00,2026-07-07 06:00:00+03:00,6.0
21,high,opening,2026-07-07 06:00:00+03:00,2026-07-07 08:00:00+03:00,2.0
21,high,early_morning,2026-07-07 08:00:00+03:00,2026-07-07 09:00:00+03:00,1.0
21,high,morning,2026-07-07 09:00:00+03:00,2026-07-07 11:00:00+03:00,2.0
21,high,lunch,2026-07-07 11:00:00+03:00,2026-07-07 15:00:00+03:00,4.0
21,high,afternoon,2026-07-07 15:00:00+03:00,2026-07-07 18:00:00+03:00,3.0
21,high,dinner,2026-07-07 18:00:00+03:00,2026-07-07 21:00:00+03:00,3.0
21,high,late_evening,2026-07-07 21:00:00+03:00,2026-07-08 00:00:00+03:00,3.0
21,high,deep_night,2026-07-08 00:00:00+03:00,2026-07-08 06:00:00+03:00,6.0
21,high,opening,2026-07-08 06:00:00+03:00,2026-07-08 08:00:00+03:00,2.0
21,high,early_morning,2026-07-08 08:00:00+03:00,2026-07-08 09:00:00+03:00,1.0
21,high,morning,2026-07-08 09:00:00+03:00,2026-07-08 11:00:00+03:00,2.0
21,high,lunch,2026-07-08 11:00:00+03:00,2026-07-08 15:00:00+03:00,4.0
21,high,afternoon,2026-07-08 15:00:00+03:00,2026-07-08 18:00:00+03:00,3.0
21,high,dinner,2026-07-08 18:00:00+03:00,2026-07-08 21:00:00+03:00,3.0
21,high,late_evening,2026-07-08 21:00:00+03:00,2026-07-09 00:00:00+03:00,3.0
21,high,deep_night,2026-07-09 00:00:00+03:00,2026-07-09 06:00:00+03:00,6.0
21,high,opening,2026-07-09 06:00:00+03:00,2026-07-09 08:00:00+03:00,2.0
21,high,early_morning,2026-07-09 08:00:00+03:00,2026-07-09 09:00:00+03:00,1.0
21,high,morning,2026-07-09 09:00:00+03:00,2026-07-09 11:00:00+03:00,2.0
21,high,lunch,2026-07-09 11:00:00+03:00,2026-07-09 15:00:00+03:00,4.0
21,high,afternoon,2026-07-09 15:00:00+03:00,2026-07-09 18:00:00+03:00,3.0
21,high,dinner,2026-07-09 18:00:00+03:00,2026-07-09 21:00:00+03:00,3.0
21,high,late_evening,2026-07-09 21:00:00+03:00,2026-07-10 00:00:00+03:00,3.0
21,high,deep_night,2026-07-10 00:00:00+03:00,2026-07-10 06:00:00+03:00,6.0
21,high,opening,2026-07-10 06:00:00+03:00,2026-07-10 08:00:00+03:00,2.0
21,high,early_morning,2026-07-10 08:00:00+03:00,2026-07-10 09:00:00+03:00,1.0
21,high,morning,2026-07-10 09:00:00+03:00,2026-07-10 11:00:00+03:00,2.0
21,high,lunch,2026-07-10 11:00:00+03:00,2026-07-10 15:00:00+03:00,4.0
21,high,afternoon,2026-07-10 15:00:00+03:00,2026-07-10 18:00:00+03:00,3.0
21,high,dinner,2026-07-10 18:00:00+03:00,2026-07-10 21:00:00+03:00,3.0
21,high,late_evening,2026-07-10 21:00:00+03:00,2026-07-11 00:00:00+03:00,3.0
21,high,deep_night,2026-07-11 00:00:00+03:00,2026-07-11 06:00:00+03:00,6.0
21,high,opening,2026-07-11 06:00:00+03:00,2026-07-11 08:00:00+03:00,2.0
21,high,early_morning,2026-07-11 08:00:00+03:00,2026-07-11 09:00:00+03:00,1.0
21,high,morning,2026-07-11 09:00:00+03:00,2026-07-11 11:00:00+03:00,2.0
21,high,lunch,2026-07-11 11:00:00+03:00,2026-07-11 15:00:00+03:00,4.0
21,high,afternoon,2026-07-11 15:00:00+03:00,2026-07-11 18:00:00+03:00,3.0
21,high,dinner,2026-07-11 18:00:00+03:00,2026-07-11 21:00:00+03:00,3.0
21,high,late_evening,2026-07-11 21:00:00+03:00,2026-07-12 00:00:00+03:00,3.0
21,high,deep_night,2026-07-12 00:00:00+03:00,2026-07-12 06:00:00+03:00,6.0
21,high,opening,2026-07-12 06:00:00+03:00,2026-07-12 08:00:00+03:00,2.0
21,high,early_morning,2026-07-12 08:00:00+03:00,2026-07-12 09:00:00+03:00,1.0
21,high,morning,2026-07-12 09:00:00+03:00,2026-07-12 11:00:00+03:00,2.0
21,high,lunch,2026-07-12 11:00:00+03:00,2026-07-12 15:00:00+03:00,4.0
21,high,afternoon,2026-07-12 15:00:00+03:00,2026-07-12 18:00:00+03:00,3.0
21,high,dinner,2026-07-12 18:00:00+03:00,2026-07-12 21:00:00+03:00,3.0
21,high,late_evening,2026-07-12 21:00:00+03:00,2026-07-13 00:00:00+03:00,3.0
21,high,deep_night,2026-07-13 00:00:00+03:00,2026-07-13 06:00:00+03:00,6.0
21,high,opening,2026-07-13 06:00:00+03:00,2026-07-13 08:00:00+03:00,2.0
21,high,early_morning,2026-07-13 08:00:00+03:00,2026-07-13 09:00:00+03:00,1.0
21,high,morning,2026-07-13 09:00:00+03:00,2026-07-13 11:00:00+03:00,2.0
21,high,lunch,2026-07-13 11:00:00+03:00,2026-07-13 15:00:00+03:00,4.0
21,high,afternoon,2026-07-13 15:00:00+03:00,2026-07-13 18:00:00+03:00,3.0
21,high,dinner,2026-07-13 18:00:00+03:00,2026-07-13 21:00:00+03:00,3.0
21,high,late_evening,2026-07-13 21:00:00+03:00,2026-07-14 00:00:00+03:00,3.0
21,high,deep_night,2026-07-14 00:00:00+03:00,2026-07-14 06:00:00+03:00,6.0
21,high,opening,2026-07-14 06:00:00+03:00,2026-07-14 08:00:00+03:00,2.0
21,high,early_morning,2026-07-14 08:00:00+03:00,2026-07-14 09:00:00+03:00,1.0
21,high,morning,2026-07-14 09:00:00+03:00,2026-07-14 11:00:00+03:00,2.0
21,high,lunch,2026-07-14 11:00:00+03:00,2026-07-14 15:00:00+03:00,4.0
21,high,afternoon,2026-07-14 15:00:00+03:00,2026-07-14 18:00:00+03:00,3.0
21,high,dinner,2026-07-14 18:00:00+03:00,2026-07-14 21:00:00+03:00,3.0
21,high,late_evening,2026-07-14 21:00:00+03:00,2026-07-15 00:00:00+03:00,3.0
21,high,deep_night,2026-07-15 00:00:00+03:00,2026-07-15 06:00:00+03:00,6.0
21,high,opening,2026-07-15 06:00:00+03:00,2026-07-15 08:00:00+03:00,2.0
21,high,early_morning,2026-07-15 08:00:00+03:00,2026-07-15 09:00:00+03:00,1.0
21,high,morning,2026-07-15 09:00:00+03:00,2026-07-15 11:00:00+03:00,2.0
21,high,lunch,2026-07-15 11:00:00+03:00,2026-07-15 15:00:00+03:00,4.0
21,high,afternoon,2026-07-15 15:00:00+03:00,2026-07-15 18:00:00+03:00,3.0
21,high,dinner,2026-07-15 18:00:00+03:00,2026-07-15 21:00:00+03:00,3.0
21,high,late_evening,2026-07-15 21:00:00+03:00,2026-07-16 00:00:00+03:00,3.0
21,high,deep_night,2026-07-16 00:00:00+03:00,2026-07-16 06:00:00+03:00,6.0
21,high,opening,2026-07-16 06:00:00+03:00,2026-07-16 08:00:00+03:00,2.0
21,high,early_morning,2026-07-16 08:00:00+03:00,2026-07-16 09:00:00+03:00,1.0
21,high,morning,2026-07-16 09:00:00+03:00,2026-07-16 11:00:00+03:00,2.0
21,high,lunch,2026-07-16 11:00:00+03:00,2026-07-16 15:00:00+03:00,4.0
21,high,afternoon,2026-07-16 15:00:00+03:00,2026-07-16 18:00:00+03:00,3.0
21,high,dinner,2026-07-16 18:00:00+03:00,2026-07-16 21:00:00+03:00,3.0
21,high,late_evening,2026-07-16 21:00:00+03:00,2026-07-17 00:00:00+03:00,3.0
21,high,deep_night,2026-07-17 00:00:00+03:00,2026-07-17 06:00:00+03:00,6.0
21,high,opening,2026-07-17 06:00:00+03:00,2026-07-17 08:00:00+03:00,2.0
21,high,early_morning,2026-07-17 08:00:00+03:00,2026-07-17 09:00:00+03:00,1.0
21,high,morning,2026-07-17 09:00:00+03:00,2026-07-17 11:00:00+03:00,2.0
21,high,lunch,2026-07-17 11:00:00+03:00,2026-07-17 15:00:00+03:00,4.0
21,high,afternoon,2026-07-17 15:00:00+03:00,2026-07-17 18:00:00+03:00,3.0
21,high,dinner,2026-07-17 18:00:00+03:00,2026-07-17 21:00:00+03:00,3.0
21,high,late_evening,2026-07-17 21:00:00+03:00,2026-07-18 00:00:00+03:00,3.0
21,high,deep_night,2026-07-18 00:00:00+03:00,2026-07-18 06:00:00+03:00,6.0
21,high,opening,2026-07-18 06:00:00+03:00,2026-07-18 08:00:00+03:00,2.0
21,high,early_morning,2026-07-18 08:00:00+03:00,2026-07-18 09:00:00+03:00,1.0
21,high,morning,2026-07-18 09:00:00+03:00,2026-07-18 11:00:00+03:00,2.0
21,high,lunch,2026-07-18 11:00:00+03:00,2026-07-18 15:00:00+03:00,4.0
21,high,afternoon,2026-07-18 15:00:00+03:00,2026-07-18 18:00:00+03:00,3.0
21,high,dinner,2026-07-18 18:00:00+03:00,2026-07-18 21:00:00+03:00,3.0
21,high,late_evening,2026-07-18 21:00:00+03:00,2026-07-19 00:00:00+03:00,3.0
21,high,deep_night,2026-07-19 00:00:00+03:00,2026-07-19 06:00:00+03:00,6.0
21,high,opening,2026-07-19 06:00:00+03:00,2026-07-19 08:00:00+03:00,2.0
21,high,early_morning,2026-07-19 08:00:00+03:00,2026-07-19 09:00:00+03:00,1.0
21,high,morning,2026-07-19 09:00:00+03:00,2026-07-19 11:00:00+03:00,2.0
21,high,lunch,2026-07-19 11:00:00+03:00,2026-07-19 15:00:00+03:00,4.0
21,high,afternoon,2026-07-19 15:00:00+03:00,2026-07-19 18:00:00+03:00,3.0
21,high,dinner,2026-07-19 18:00:00+03:00,2026-07-19 21:00:00+03:00,3.0
21,high,late_evening,2026-07-19 21:00:00+03:00,2026-07-20 00:00:00+03:00,3.0
25,high,deep_night,2026-07-06 00:00:00+03:00,2026-07-06 06:00:00+03:00,6.0
25,high,opening,2026-07-06 06:00:00+03:00,2026-07-06 08:00:00+03:00,2.0
25,high,early_morning,2026-07-06 08:00:00+03:00,2026-07-06 09:00:00+03:00,1.0
25,high,morning,2026-07-06 09:00:00+03:00,2026-07-06 11:00:00+03:00,2.0
25,high,lunch,2026-07-06 11:00:00+03:00,2026-07-06 15:00:00+03:00,4.0
25,high,afternoon,2026-07-06 15:00:00+03:00,2026-07-06 18:00:00+03:00,3.0
25,high,dinner,2026-07-06 18:00:00+03:00,2026-07-06 21:00:00+03:00,3.0
25,high,late_evening,2026-07-06 21:00:00+03:00,2026-07-07 00:00:00+03:00,3.0
25,high,deep_night,2026-07-07 00:00:00+03:00,2026-07-07 06:00:00+03:00,6.0
25,high,opening,2026-07-07 06:00:00+03:00,2026-07-07 08:00:00+03:00,2.0
25,high,early_morning,2026-07-07 08:00:00+03:00,2026-07-07 09:00:00+03:00,1.0
25,high,morning,2026-07-07 09:00:00+03:00,2026-07-07 11:00:00+03:00,2.0
25,high,lunch,2026-07-07 11:00:00+03:00,2026-07-07 15:00:00+03:00,4.0
25,high,afternoon,2026-07-07 15:00:00+03:00,2026-07-07 18:00:00+03:00,3.0
25,high,dinner,2026-07-07 18:00:00+03:00,2026-07-07 21:00:00+03:00,3.0
25,high,late_evening,2026-07-07 21:00:00+03:00,2026-07-08 00:00:00+03:00,3.0
25,high,deep_night,2026-07-08 00:00:00+03:00,2026-07-08 06:00:00+03:00,6.0
25,high,opening,2026-07-08 06:00:00+03:00,2026-07-08 08:00:00+03:00,2.0
25,high,early_morning,2026-07-08 08:00:00+03:00,2026-07-08 09:00:00+03:00,1.0
25,high,morning,2026-07-08 09:00:00+03:00,2026-07-08 11:00:00+03:00,2.0
25,high,lunch,2026-07-08 11:00:00+03:00,2026-07-08 15:00:00+03:00,4.0
25,high,afternoon,2026-07-08 15:00:00+03:00,2026-07-08 18:00:00+03:00,3.0
25,high,dinner,2026-07-08 18:00:00+03:00,2026-07-08 21:00:00+03:00,3.0
25,high,late_evening,2026-07-08 21:00:00+03:00,2026-07-09 00:00:00+03:00,3.0
25,high,deep_night,2026-07-09 00:00:00+03:00,2026-07-09 06:00:00+03:00,6.0
25,high,opening,2026-07-09 06:00:00+03:00,2026-07-09 08:00:00+03:00,2.0
25,high,early_morning,2026-07-09 08:00:00+03:00,2026-07-09 09:00:00+03:00,1.0
25,high,morning,2026-07-09 09:00:00+03:00,2026-07-09 11:00:00+03:00,2.0
25,high,lunch,2026-07-09 11:00:00+03:00,2026-07-09 15:00:00+03:00,4.0
25,high,afternoon,2026-07-09 15:00:00+03:00,2026-07-09 18:00:00+03:00,3.0
25,high,dinner,2026-07-09 18:00:00+03:00,2026-07-09 21:00:00+03:00,3.0
25,high,late_evening,2026-07-09 21:00:00+03:00,2026-07-10 00:00:00+03:00,3.0
25,high,deep_night,2026-07-10 00:00:00+03:00,2026-07-10 06:00:00+03:00,6.0
25,high,opening,2026-07-10 06:00:00+03:00,2026-07-10 08:00:00+03:00,2.0
25,high,early_morning,2026-07-10 08:00:00+03:00,2026-07-10 09:00:00+03:00,1.0
25,high,morning,2026-07-10 09:00:00+03:00,2026-07-10 11:00:00+03:00,2.0
25,high,lunch,2026-07-10 11:00:00+03:00,2026-07-10 15:00:00+03:00,4.0
25,high,afternoon,2026-07-10 15:00:00+03:00,2026-07-10 18:00:00+03:00,3.0
25,high,dinner,2026-07-10 18:00:00+03:00,2026-07-10 21:00:00+03:00,3.0
25,high,late_evening,2026-07-10 21:00:00+03:00,2026-07-11 00:00:00+03:00,3.0
25,high,deep_night,2026-07-11 00:00:00+03:00,2026-07-11 06:00:00+03:00,6.0
25,high,opening,2026-07-11 06:00:00+03:00,2026-07-11 08:00:00+03:00,2.0
25,high,early_morning,2026-07-11 08:00:00+03:00,2026-07-11 09:00:00+03:00,1.0
25,high,morning,2026-07-11 09:00:00+03:00,2026-07-11 11:00:00+03:00,2.0
25,high,lunch,2026-07-11 11:00:00+03:00,2026-07-11 15:00:00+03:00,4.0
25,high,afternoon,2026-07-11 15:00:00+03:00,2026-07-11 18:00:00+03:00,3.0
25,high,dinner,2026-07-11 18:00:00+03:00,2026-07-11 21:00:00+03:00,3.0
25,high,late_evening,2026-07-11 21:00:00+03:00,2026-07-12 00:00:00+03:00,3.0
25,high,deep_night,2026-07-12 00:00:00+03:00,2026-07-12 06:00:00+03:00,6.0
25,high,opening,2026-07-12 06:00:00+03:00,2026-07-12 08:00:00+03:00,2.0
25,high,early_morning,2026-07-12 08:00:00+03:00,2026-07-12 09:00:00+03:00,1.0
25,high,morning,2026-07-12 09:00:00+03:00,2026-07-12 11:00:00+03:00,2.0
25,high,lunch,2026-07-12 11:00:00+03:00,2026-07-12 15:00:00+03:00,4.0
25,high,afternoon,2026-07-12 15:00:00+03:00,2026-07-12 18:00:00+03:00,3.0
25,high,dinner,2026-07-12 18:00:00+03:00,2026-07-12 21:00:00+03:00,3.0
25,high,late_evening,2026-07-12 21:00:00+03:00,2026-07-13 00:00:00+03:00,3.0
25,high,deep_night,2026-07-13 00:00:00+03:00,2026-07-13 06:00:00+03:00,6.0
25,high,opening,2026-07-13 06:00:00+03:00,2026-07-13 08:00:00+03:00,2.0
25,high,early_morning,2026-07-13 08:00:00+03:00,2026-07-13 09:00:00+03:00,1.0
25,high,morning,2026-07-13 09:00:00+03:00,2026-07-13 11:00:00+03:00,2.0
25,high,lunch,2026-07-13 11:00:00+03:00,2026-07-13 15:00:00+03:00,4.0
25,high,afternoon,2026-07-13 15:00:00+03:00,2026-07-13 18:00:00+03:00,3.0
25,high,dinner,2026-07-13 18:00:00+03:00,2026-07-13 21:00:00+03:00,3.0
25,high,late_evening,2026-07-13 21:00:00+03:00,2026-07-14 00:00:00+03:00,3.0
25,high,deep_night,2026-07-14 00:00:00+03:00,2026-07-14 06:00:00+03:00,6.0
25,high,opening,2026-07-14 06:00:00+03:00,2026-07-14 08:00:00+03:00,2.0
25,high,early_morning,2026-07-14 08:00:00+03:00,2026-07-14 09:00:00+03:00,1.0
25,high,morning,2026-07-14 09:00:00+03:00,2026-07-14 11:00:00+03:00,2.0
25,high,lunch,2026-07-14 11:00:00+03:00,2026-07-14 15:00:00+03:00,4.0
25,high,afternoon,2026-07-14 15:00:00+03:00,2026-07-14 18:00:00+03:00,3.0
25,high,dinner,2026-07-14 18:00:00+03:00,2026-07-14 21:00:00+03:00,3.0
25,high,late_evening,2026-07-14 21:00:00+03:00,2026-07-15 00:00:00+03:00,3.0
25,high,deep_night,2026-07-15 00:00:00+03:00,2026-07-15 06:00:00+03:00,6.0
25,high,opening,2026-07-15 06:00:00+03:00,2026-07-15 08:00:00+03:00,2.0
25,high,early_morning,2026-07-15 08:00:00+03:00,2026-07-15 09:00:00+03:00,1.0
25,high,morning,2026-07-15 09:00:00+03:00,2026-07-15 11:00:00+03:00,2.0
25,high,lunch,2026-07-15 11:00:00+03:00,2026-07-15 15:00:00+03:00,4.0
25,high,afternoon,2026-07-15 15:00:00+03:00,2026-07-15 18:00:00+03:00,3.0
25,high,dinner,2026-07-15 18:00:00+03:00,2026-07-15 21:00:00+03:00,3.0
25,high,late_evening,2026-07-15 21:00:00+03:00,2026-07-16 00:00:00+03:00,3.0
25,high,deep_night,2026-07-16 00:00:00+03:00,2026-07-16 06:00:00+03:00,6.0
25,high,opening,2026-07-16 06:00:00+03:00,2026-07-16 08:00:00+03:00,2.0
25,high,early_morning,2026-07-16 08:00:00+03:00,2026-07-16 09:00:00+03:00,1.0
25,high,morning,2026-07-16 09:00:00+03:00,2026-07-16 11:00:00+03:00,2.0
25,high,lunch,2026-07-16 11:00:00+03:00,2026-07-16 15:00:00+03:00,4.0
25,high,afternoon,2026-07-16 15:00:00+03:00,2026-07-16 18:00:00+03:00,3.0
25,high,dinner,2026-07-16 18:00:00+03:00,2026-07-16 21:00:00+03:00,3.0
25,high,late_evening,2026-07-16 21:00:00+03:00,2026-07-17 00:00:00+03:00,3.0
25,high,deep_night,2026-07-17 00:00:00+03:00,2026-07-17 06:00:00+03:00,6.0
25,high,opening,2026-07-17 06:00:00+03:00,2026-07-17 08:00:00+03:00,2.0
25,high,early_morning,2026-07-17 08:00:00+03:00,2026-07-17 09:00:00+03:00,1.0
25,high,morning,2026-07-17 09:00:00+03:00,2026-07-17 11:00:00+03:00,2.0
25,high,lunch,2026-07-17 11:00:00+03:00,2026-07-17 15:00:00+03:00,4.0
25,high,afternoon,2026-07-17 15:00:00+03:00,2026-07-17 18:00:00+03:00,3.0
25,high,dinner,2026-07-17 18:00:00+03:00,2026-07-17 21:00:00+03:00,3.0
25,high,late_evening,2026-07-17 21:00:00+03:00,2026-07-18 00:00:00+03:00,3.0
25,high,deep_night,2026-07-18 00:00:00+03:00,2026-07-18 06:00:00+03:00,6.0
25,high,opening,2026-07-18 06:00:00+03:00,2026-07-18 08:00:00+03:00,2.0
25,high,early_morning,2026-07-18 08:00:00+03:00,2026-07-18 09:00:00+03:00,1.0
25,high,morning,2026-07-18 09:00:00+03:00,2026-07-18 11:00:00+03:00,2.0
25,high,lunch,2026-07-18 11:00:00+03:00,2026-07-18 15:00:00+03:00,4.0
25,high,afternoon,2026-07-18 15:00:00+03:00,2026-07-18 18:00:00+03:00,3.0
25,high,dinner,2026-07-18 18:00:00+03:00,2026-07-18 21:00:00+03:00,3.0
25,high,late_evening,2026-07-18 21:00:00+03:00,2026-07-19 00:00:00+03:00,3.0
25,high,deep_night,2026-07-19 00:00:00+03:00,2026-07-19 06:00:00+03:00,6.0
25,high,opening,2026-07-19 06:00:00+03:00,2026-07-19 08:00:00+03:00,2.0
25,high,early_morning,2026-07-19 08:00:00+03:00,2026-07-19 09:00:00+03:00,1.0
25,high,morning,2026-07-19 09:00:00+03:00,2026-07-19 11:00:00+03:00,2.0
25,high,lunch,2026-07-19 11:00:00+03:00,2026-07-19 15:00:00+03:00,4.0
25,high,afternoon,2026-07-19 15:00:00+03:00,2026-07-19 18:00:00+03:00,3.0
25,high,dinner,2026-07-19 18:00:00+03:00,2026-07-19 21:00:00+03:00,3.0
25,high,late_evening,2026-07-19 21:00:00+03:00,2026-07-20 00:00:00+03:00,3.0
29,mega,deep_night,2026-07-06 00:00:00+03:00,2026-07-06 06:00:00+03:00,6.0
29,mega,opening,2026-07-06 06:00:00+03:00,2026-07-06 08:00:00+03:00,2.0
29,mega,early_morning,2026-07-06 08:00:00+03:00,2026-07-06 09:00:00+03:00,1.0
29,mega,morning,2026-07-06 09:00:00+03:00,2026-07-06 11:00:00+03:00,2.0
29,mega,lunch,2026-07-06 11:00:00+03:00,2026-07-06 15:00:00+03:00,4.0
29,mega,afternoon,2026-07-06 15:00:00+03:00,2026-07-06 18:00:00+03:00,3.0
29,mega,dinner,2026-07-06 18:00:00+03:00,2026-07-06 21:00:00+03:00,3.0
29,mega,late_evening,2026-07-06 21:00:00+03:00,2026-07-07 00:00:00+03:00,3.0
29,mega,deep_night,2026-07-07 00:00:00+03:00,2026-07-07 06:00:00+03:00,6.0
29,mega,opening,2026-07-07 06:00:00+03:00,2026-07-07 08:00:00+03:00,2.0
29,mega,early_morning,2026-07-07 08:00:00+03:00,2026-07-07 09:00:00+03:00,1.0
29,mega,morning,2026-07-07 09:00:00+03:00,2026-07-07 11:00:00+03:00,2.0
29,mega,lunch,2026-07-07 11:00:00+03:00,2026-07-07 15:00:00+03:00,4.0
29,mega,afternoon,2026-07-07 15:00:00+03:00,2026-07-07 18:00:00+03:00,3.0
29,mega,dinner,2026-07-07 18:00:00+03:00,2026-07-07 21:00:00+03:00,3.0
29,mega,late_evening,2026-07-07 21:00:00+03:00,2026-07-08 00:00:00+03:00,3.0
29,mega,deep_night,2026-07-08 00:00:00+03:00,2026-07-08 06:00:00+03:00,6.0
29,mega,opening,2026-07-08 06:00:00+03:00,2026-07-08 08:00:00+03:00,2.0
29,mega,early_morning,2026-07-08 08:00:00+03:00,2026-07-08 09:00:00+03:00,1.0
29,mega,morning,2026-07-08 09:00:00+03:00,2026-07-08 11:00:00+03:00,2.0
29,mega,lunch,2026-07-08 11:00:00+03:00,2026-07-08 15:00:00+03:00,4.0
29,mega,afternoon,2026-07-08 15:00:00+03:00,2026-07-08 18:00:00+03:00,3.0
29,mega,dinner,2026-07-08 18:00:00+03:00,2026-07-08 21:00:00+03:00,3.0
29,mega,late_evening,2026-07-08 21:00:00+03:00,2026-07-09 00:00:00+03:00,3.0
29,mega,deep_night,2026-07-09 00:00:00+03:00,2026-07-09 06:00:00+03:00,6.0
29,mega,opening,2026-07-09 06:00:00+03:00,2026-07-09 08:00:00+03:00,2.0
29,mega,early_morning,2026-07-09 08:00:00+03:00,2026-07-09 09:00:00+03:00,1.0
29,mega,morning,2026-07-09 09:00:00+03:00,2026-07-09 11:00:00+03:00,2.0
29,mega,lunch,2026-07-09 11:00:00+03:00,2026-07-09 15:00:00+03:00,4.0
29,mega,afternoon,2026-07-09 15:00:00+03:00,2026-07-09 18:00:00+03:00,3.0
29,mega,dinner,2026-07-09 18:00:00+03:00,2026-07-09 21:00:00+03:00,3.0
29,mega,late_evening,2026-07-09 21:00:00+03:00,2026-07-10 00:00:00+03:00,3.0
29,mega,deep_night,2026-07-10 00:00:00+03:00,2026-07-10 06:00:00+03:00,6.0
29,mega,opening,2026-07-10 06:00:00+03:00,2026-07-10 08:00:00+03:00,2.0
29,mega,early_morning,2026-07-10 08:00:00+03:00,2026-07-10 09:00:00+03:00,1.0
29,mega,morning,2026-07-10 09:00:00+03:00,2026-07-10 11:00:00+03:00,2.0
29,mega,lunch,2026-07-10 11:00:00+03:00,2026-07-10 15:00:00+03:00,4.0
29,mega,afternoon,2026-07-10 15:00:00+03:00,2026-07-10 18:00:00+03:00,3.0
29,mega,dinner,2026-07-10 18:00:00+03:00,2026-07-10 21:00:00+03:00,3.0
29,mega,late_evening,2026-07-10 21:00:00+03:00,2026-07-11 00:00:00+03:00,3.0
29,mega,deep_night,2026-07-11 00:00:00+03:00,2026-07-11 06:00:00+03:00,6.0
29,mega,opening,2026-07-11 06:00:00+03:00,2026-07-11 08:00:00+03:00,2.0
29,mega,early_morning,2026-07-11 08:00:00+03:00,2026-07-11 09:00:00+03:00,1.0
29,mega,morning,2026-07-11 09:00:00+03:00,2026-07-11 11:00:00+03:00,2.0
29,mega,lunch,2026-07-11 11:00:00+03:00,2026-07-11 15:00:00+03:00,4.0
29,mega,afternoon,2026-07-11 15:00:00+03:00,2026-07-11 18:00:00+03:00,3.0
29,mega,dinner,2026-07-11 18:00:00+03:00,2026-07-11 21:00:00+03:00,3.0
29,mega,late_evening,2026-07-11 21:00:00+03:00,2026-07-12 00:00:00+03:00,3.0
29,mega,deep_night,2026-07-12 00:00:00+03:00,2026-07-12 06:00:00+03:00,6.0
29,mega,opening,2026-07-12 06:00:00+03:00,2026-07-12 08:00:00+03:00,2.0
29,mega,early_morning,2026-07-12 08:00:00+03:00,2026-07-12 09:00:00+03:00,1.0
29,mega,morning,2026-07-12 09:00:00+03:00,2026-07-12 11:00:00+03:00,2.0
29,mega,lunch,2026-07-12 11:00:00+03:00,2026-07-12 15:00:00+03:00,4.0
29,mega,afternoon,2026-07-12 15:00:00+03:00,2026-07-12 18:00:00+03:00,3.0
29,mega,dinner,2026-07-12 18:00:00+03:00,2026-07-12 21:00:00+03:00,3.0
29,mega,late_evening,2026-07-12 21:00:00+03:00,2026-07-13 00:00:00+03:00,3.0
29,mega,deep_night,2026-07-13 00:00:00+03:00,2026-07-13 06:00:00+03:00,6.0
29,mega,opening,2026-07-13 06:00:00+03:00,2026-07-13 08:00:00+03:00,2.0
29,mega,early_morning,2026-07-13 08:00:00+03:00,2026-07-13 09:00:00+03:00,1.0
29,mega,morning,2026-07-13 09:00:00+03:00,2026-07-13 11:00:00+03:00,2.0
29,mega,lunch,2026-07-13 11:00:00+03:00,2026-07-13 15:00:00+03:00,4.0
29,mega,afternoon,2026-07-13 15:00:00+03:00,2026-07-13 18:00:00+03:00,3.0
29,mega,dinner,2026-07-13 18:00:00+03:00,2026-07-13 21:00:00+03:00,3.0
29,mega,late_evening,2026-07-13 21:00:00+03:00,2026-07-14 00:00:00+03:00,3.0
29,mega,deep_night,2026-07-14 00:00:00+03:00,2026-07-14 06:00:00+03:00,6.0
29,mega,opening,2026-07-14 06:00:00+03:00,2026-07-14 08:00:00+03:00,2.0
29,mega,early_morning,2026-07-14 08:00:00+03:00,2026-07-14 09:00:00+03:00,1.0
29,mega,morning,2026-07-14 09:00:00+03:00,2026-07-14 11:00:00+03:00,2.0
29,mega,lunch,2026-07-14 11:00:00+03:00,2026-07-14 15:00:00+03:00,4.0
29,mega,afternoon,2026-07-14 15:00:00+03:00,2026-07-14 18:00:00+03:00,3.0
29,mega,dinner,2026-07-14 18:00:00+03:00,2026-07-14 21:00:00+03:00,3.0
29,mega,late_evening,2026-07-14 21:00:00+03:00,2026-07-15 00:00:00+03:00,3.0
29,mega,deep_night,2026-07-15 00:00:00+03:00,2026-07-15 06:00:00+03:00,6.0
29,mega,opening,2026-07-15 06:00:00+03:00,2026-07-15 08:00:00+03:00,2.0
29,mega,early_morning,2026-07-15 08:00:00+03:00,2026-07-15 09:00:00+03:00,1.0
29,mega,morning,2026-07-15 09:00:00+03:00,2026-07-15 11:00:00+03:00,2.0
29,mega,lunch,2026-07-15 11:00:00+03:00,2026-07-15 15:00:00+03:00,4.0
29,mega,afternoon,2026-07-15 15:00:00+03:00,2026-07-15 18:00:00+03:00,3.0
29,mega,dinner,2026-07-15 18:00:00+03:00,2026-07-15 21:00:00+03:00,3.0
29,mega,late_evening,2026-07-15 21:00:00+03:00,2026-07-16 00:00:00+03:00,3.0
29,mega,deep_night,2026-07-16 00:00:00+03:00,2026-07-16 06:00:00+03:00,6.0
29,mega,opening,2026-07-16 06:00:00+03:00,2026-07-16 08:00:00+03:00,2.0
29,mega,early_morning,2026-07-16 08:00:00+03:00,2026-07-16 09:00:00+03:00,1.0
29,mega,morning,2026-07-16 09:00:00+03:00,2026-07-16 11:00:00+03:00,2.0
29,mega,lunch,2026-07-16 11:00:00+03:00,2026-07-16 15:00:00+03:00,4.0
29,mega,afternoon,2026-07-16 15:00:00+03:00,2026-07-16 18:00:00+03:00,3.0
29,mega,dinner,2026-07-16 18:00:00+03:00,2026-07-16 21:00:00+03:00,3.0
29,mega,late_evening,2026-07-16 21:00:00+03:00,2026-07-17 00:00:00+03:00,3.0
29,mega,deep_night,2026-07-17 00:00:00+03:00,2026-07-17 06:00:00+03:00,6.0
29,mega,opening,2026-07-17 06:00:00+03:00,2026-07-17 08:00:00+03:00,2.0
29,mega,early_morning,2026-07-17 08:00:00+03:00,2026-07-17 09:00:00+03:00,1.0
29,mega,morning,2026-07-17 09:00:00+03:00,2026-07-17 11:00:00+03:00,2.0
29,mega,lunch,2026-07-17 11:00:00+03:00,2026-07-17 15:00:00+03:00,4.0
29,mega,afternoon,2026-07-17 15:00:00+03:00,2026-07-17 18:00:00+03:00,3.0
29,mega,dinner,2026-07-17 18:00:00+03:00,2026-07-17 21:00:00+03:00,3.0
29,mega,late_evening,2026-07-17 21:00:00+03:00,2026-07-18 00:00:00+03:00,3.0
29,mega,deep_night,2026-07-18 00:00:00+03:00,2026-07-18 06:00:00+03:00,6.0
29,mega,opening,2026-07-18 06:00:00+03:00,2026-07-18 08:00:00+03:00,2.0
29,mega,early_morning,2026-07-18 08:00:00+03:00,2026-07-18 09:00:00+03:00,1.0
29,mega,morning,2026-07-18 09:00:00+03:00,2026-07-18 11:00:00+03:00,2.0
29,mega,lunch,2026-07-18 11:00:00+03:00,2026-07-18 15:00:00+03:00,4.0
29,mega,afternoon,2026-07-18 15:00:00+03:00,2026-07-18 18:00:00+03:00,3.0
29,mega,dinner,2026-07-18 18:00:00+03:00,2026-07-18 21:00:00+03:00,3.0
29,mega,late_evening,2026-07-18 21:00:00+03:00,2026-07-19 00:00:00+03:00,3.0
29,mega,deep_night,2026-07-19 00:00:00+03:00,2026-07-19 06:00:00+03:00,6.0
29,mega,opening,2026-07-19 06:00:00+03:00,2026-07-19 08:00:00+03:00,2.0
29,mega,early_morning,2026-07-19 08:00:00+03:00,2026-07-19 09:00:00+03:00,1.0
29,mega,morning,2026-07-19 09:00:00+03:00,2026-07-19 11:00:00+03:00,2.0
29,mega,lunch,2026-07-19 11:00:00+03:00,2026-07-19 15:00:00+03:00,4.0
29,mega,afternoon,2026-07-19 15:00:00+03:00,2026-07-19 18:00:00+03:00,3.0
29,mega,dinner,2026-07-19 18:00:00+03:00,2026-07-19 21:00:00+03:00,3.0
29,mega,late_evening,2026-07-19 21:00:00+03:00,2026-07-20 00:00:00+03:00,3.0
30,mega,deep_night,2026-07-06 00:00:00+03:00,2026-07-06 06:00:00+03:00,6.0
30,mega,opening,2026-07-06 06:00:00+03:00,2026-07-06 08:00:00+03:00,2.0
30,mega,early_morning,2026-07-06 08:00:00+03:00,2026-07-06 09:00:00+03:00,1.0
30,mega,morning,2026-07-06 09:00:00+03:00,2026-07-06 11:00:00+03:00,2.0
30,mega,lunch,2026-07-06 11:00:00+03:00,2026-07-06 15:00:00+03:00,4.0
30,mega,afternoon,2026-07-06 15:00:00+03:00,2026-07-06 18:00:00+03:00,3.0
30,mega,dinner,2026-07-06 18:00:00+03:00,2026-07-06 21:00:00+03:00,3.0
30,mega,late_evening,2026-07-06 21:00:00+03:00,2026-07-07 00:00:00+03:00,3.0
30,mega,deep_night,2026-07-07 00:00:00+03:00,2026-07-07 06:00:00+03:00,6.0
30,mega,opening,2026-07-07 06:00:00+03:00,2026-07-07 08:00:00+03:00,2.0
30,mega,early_morning,2026-07-07 08:00:00+03:00,2026-07-07 09:00:00+03:00,1.0
30,mega,morning,2026-07-07 09:00:00+03:00,2026-07-07 11:00:00+03:00,2.0
30,mega,lunch,2026-07-07 11:00:00+03:00,2026-07-07 15:00:00+03:00,4.0
30,mega,afternoon,2026-07-07 15:00:00+03:00,2026-07-07 18:00:00+03:00,3.0
30,mega,dinner,2026-07-07 18:00:00+03:00,2026-07-07 21:00:00+03:00,3.0
30,mega,late_evening,2026-07-07 21:00:00+03:00,2026-07-08 00:00:00+03:00,3.0
30,mega,deep_night,2026-07-08 00:00:00+03:00,2026-07-08 06:00:00+03:00,6.0
30,mega,opening,2026-07-08 06:00:00+03:00,2026-07-08 08:00:00+03:00,2.0
30,mega,early_morning,2026-07-08 08:00:00+03:00,2026-07-08 09:00:00+03:00,1.0
30,mega,morning,2026-07-08 09:00:00+03:00,2026-07-08 11:00:00+03:00,2.0
30,mega,lunch,2026-07-08 11:00:00+03:00,2026-07-08 15:00:00+03:00,4.0
30,mega,afternoon,2026-07-08 15:00:00+03:00,2026-07-08 18:00:00+03:00,3.0
30,mega,dinner,2026-07-08 18:00:00+03:00,2026-07-08 21:00:00+03:00,3.0
30,mega,late_evening,2026-07-08 21:00:00+03:00,2026-07-09 00:00:00+03:00,3.0
30,mega,deep_night,2026-07-09 00:00:00+03:00,2026-07-09 06:00:00+03:00,6.0
30,mega,opening,2026-07-09 06:00:00+03:00,2026-07-09 08:00:00+03:00,2.0
30,mega,early_morning,2026-07-09 08:00:00+03:00,2026-07-09 09:00:00+03:00,1.0
30,mega,morning,2026-07-09 09:00:00+03:00,2026-07-09 11:00:00+03:00,2.0
30,mega,lunch,2026-07-09 11:00:00+03:00,2026-07-09 15:00:00+03:00,4.0
30,mega,afternoon,2026-07-09 15:00:00+03:00,2026-07-09 18:00:00+03:00,3.0
30,mega,dinner,2026-07-09 18:00:00+03:00,2026-07-09 21:00:00+03:00,3.0
30,mega,late_evening,2026-07-09 21:00:00+03:00,2026-07-10 00:00:00+03:00,3.0
30,mega,deep_night,2026-07-10 00:00:00+03:00,2026-07-10 06:00:00+03:00,6.0
30,mega,opening,2026-07-10 06:00:00+03:00,2026-07-10 08:00:00+03:00,2.0
30,mega,early_morning,2026-07-10 08:00:00+03:00,2026-07-10 09:00:00+03:00,1.0
30,mega,morning,2026-07-10 09:00:00+03:00,2026-07-10 11:00:00+03:00,2.0
30,mega,lunch,2026-07-10 11:00:00+03:00,2026-07-10 15:00:00+03:00,4.0
30,mega,afternoon,2026-07-10 15:00:00+03:00,2026-07-10 18:00:00+03:00,3.0
30,mega,dinner,2026-07-10 18:00:00+03:00,2026-07-10 21:00:00+03:00,3.0
30,mega,late_evening,2026-07-10 21:00:00+03:00,2026-07-11 00:00:00+03:00,3.0
30,mega,deep_night,2026-07-11 00:00:00+03:00,2026-07-11 06:00:00+03:00,6.0
30,mega,opening,2026-07-11 06:00:00+03:00,2026-07-11 08:00:00+03:00,2.0
30,mega,early_morning,2026-07-11 08:00:00+03:00,2026-07-11 09:00:00+03:00,1.0
30,mega,morning,2026-07-11 09:00:00+03:00,2026-07-11 11:00:00+03:00,2.0
30,mega,lunch,2026-07-11 11:00:00+03:00,2026-07-11 15:00:00+03:00,4.0
30,mega,afternoon,2026-07-11 15:00:00+03:00,2026-07-11 18:00:00+03:00,3.0
30,mega,dinner,2026-07-11 18:00:00+03:00,2026-07-11 21:00:00+03:00,3.0
30,mega,late_evening,2026-07-11 21:00:00+03:00,2026-07-12 00:00:00+03:00,3.0
30,mega,deep_night,2026-07-12 00:00:00+03:00,2026-07-12 06:00:00+03:00,6.0
30,mega,opening,2026-07-12 06:00:00+03:00,2026-07-12 08:00:00+03:00,2.0
30,mega,early_morning,2026-07-12 08:00:00+03:00,2026-07-12 09:00:00+03:00,1.0
30,mega,morning,2026-07-12 09:00:00+03:00,2026-07-12 11:00:00+03:00,2.0
30,mega,lunch,2026-07-12 11:00:00+03:00,2026-07-12 15:00:00+03:00,4.0
30,mega,afternoon,2026-07-12 15:00:00+03:00,2026-07-12 18:00:00+03:00,3.0
30,mega,dinner,2026-07-12 18:00:00+03:00,2026-07-12 21:00:00+03:00,3.0
30,mega,late_evening,2026-07-12 21:00:00+03:00,2026-07-13 00:00:00+03:00,3.0
30,mega,deep_night,2026-07-13 00:00:00+03:00,2026-07-13 06:00:00+03:00,6.0
30,mega,opening,2026-07-13 06:00:00+03:00,2026-07-13 08:00:00+03:00,2.0
30,mega,early_morning,2026-07-13 08:00:00+03:00,2026-07-13 09:00:00+03:00,1.0
30,mega,morning,2026-07-13 09:00:00+03:00,2026-07-13 11:00:00+03:00,2.0
30,mega,lunch,2026-07-13 11:00:00+03:00,2026-07-13 15:00:00+03:00,4.0
30,mega,afternoon,2026-07-13 15:00:00+03:00,2026-07-13 18:00:00+03:00,3.0
30,mega,dinner,2026-07-13 18:00:00+03:00,2026-07-13 21:00:00+03:00,3.0
30,mega,late_evening,2026-07-13 21:00:00+03:00,2026-07-14 00:00:00+03:00,3.0
30,mega,deep_night,2026-07-14 00:00:00+03:00,2026-07-14 06:00:00+03:00,6.0
30,mega,opening,2026-07-14 06:00:00+03:00,2026-07-14 08:00:00+03:00,2.0
30,mega,early_morning,2026-07-14 08:00:00+03:00,2026-07-14 09:00:00+03:00,1.0
30,mega,morning,2026-07-14 09:00:00+03:00,2026-07-14 11:00:00+03:00,2.0
30,mega,lunch,2026-07-14 11:00:00+03:00,2026-07-14 15:00:00+03:00,4.0
30,mega,afternoon,2026-07-14 15:00:00+03:00,2026-07-14 18:00:00+03:00,3.0
30,mega,dinner,2026-07-14 18:00:00+03:00,2026-07-14 21:00:00+03:00,3.0
30,mega,late_evening,2026-07-14 21:00:00+03:00,2026-07-15 00:00:00+03:00,3.0
30,mega,deep_night,2026-07-15 00:00:00+03:00,2026-07-15 06:00:00+03:00,6.0
30,mega,opening,2026-07-15 06:00:00+03:00,2026-07-15 08:00:00+03:00,2.0
30,mega,early_morning,2026-07-15 08:00:00+03:00,2026-07-15 09:00:00+03:00,1.0
30,mega,morning,2026-07-15 09:00:00+03:00,2026-07-15 11:00:00+03:00,2.0
30,mega,lunch,2026-07-15 11:00:00+03:00,2026-07-15 15:00:00+03:00,4.0
30,mega,afternoon,2026-07-15 15:00:00+03:00,2026-07-15 18:00:00+03:00,3.0
30,mega,dinner,2026-07-15 18:00:00+03:00,2026-07-15 21:00:00+03:00,3.0
30,mega,late_evening,2026-07-15 21:00:00+03:00,2026-07-16 00:00:00+03:00,3.0
30,mega,deep_night,2026-07-16 00:00:00+03:00,2026-07-16 06:00:00+03:00,6.0
30,mega,opening,2026-07-16 06:00:00+03:00,2026-07-16 08:00:00+03:00,2.0
30,mega,early_morning,2026-07-16 08:00:00+03:00,2026-07-16 09:00:00+03:00,1.0
30,mega,morning,2026-07-16 09:00:00+03:00,2026-07-16 11:00:00+03:00,2.0
30,mega,lunch,2026-07-16 11:00:00+03:00,2026-07-16 15:00:00+03:00,4.0
30,mega,afternoon,2026-07-16 15:00:00+03:00,2026-07-16 18:00:00+03:00,3.0
30,mega,dinner,2026-07-16 18:00:00+03:00,2026-07-16 21:00:00+03:00,3.0
30,mega,late_evening,2026-07-16 21:00:00+03:00,2026-07-17 00:00:00+03:00,3.0
30,mega,deep_night,2026-07-17 00:00:00+03:00,2026-07-17 06:00:00+03:00,6.0
30,mega,opening,2026-07-17 06:00:00+03:00,2026-07-17 08:00:00+03:00,2.0
30,mega,early_morning,2026-07-17 08:00:00+03:00,2026-07-17 09:00:00+03:00,1.0
30,mega,morning,2026-07-17 09:00:00+03:00,2026-07-17 11:00:00+03:00,2.0
30,mega,lunch,2026-07-17 11:00:00+03:00,2026-07-17 15:00:00+03:00,4.0
30,mega,afternoon,2026-07-17 15:00:00+03:00,2026-07-17 18:00:00+03:00,3.0
30,mega,dinner,2026-07-17 18:00:00+03:00,2026-07-17 21:00:00+03:00,3.0
30,mega,late_evening,2026-07-17 21:00:00+03:00,2026-07-18 00:00:00+03:00,3.0
30,mega,deep_night,2026-07-18 00:00:00+03:00,2026-07-18 06:00:00+03:00,6.0
30,mega,opening,2026-07-18 06:00:00+03:00,2026-07-18 08:00:00+03:00,2.0
30,mega,early_morning,2026-07-18 08:00:00+03:00,2026-07-18 09:00:00+03:00,1.0
30,mega,morning,2026-07-18 09:00:00+03:00,2026-07-18 11:00:00+03:00,2.0
30,mega,lunch,2026-07-18 11:00:00+03:00,2026-07-18 15:00:00+03:00,4.0
30,mega,afternoon,2026-07-18 15:00:00+03:00,2026-07-18 18:00:00+03:00,3.0
30,mega,dinner,2026-07-18 18:00:00+03:00,2026-07-18 21:00:00+03:00,3.0
30,mega,late_evening,2026-07-18 21:00:00+03:00,2026-07-19 00:00:00+03:00,3.0
30,mega,deep_night,2026-07-19 00:00:00+03:00,2026-07-19 06:00:00+03:00,6.0
30,mega,opening,2026-07-19 06:00:00+03:00,2026-07-19 08:00:00+03:00,2.0
30,mega,early_morning,2026-07-19 08:00:00+03:00,2026-07-19 09:00:00+03:00,1.0
30,mega,morning,2026-07-19 09:00:00+03:00,2026-07-19 11:00:00+03:00,2.0
30,mega,lunch,2026-07-19 11:00:00+03:00,2026-07-19 15:00:00+03:00,4.0
30,mega,afternoon,2026-07-19 15:00:00+03:00,2026-07-19 18:00:00+03:00,3.0
30,mega,dinner,2026-07-19 18:00:00+03:00,2026-07-19 21:00:00+03:00,3.0
30,mega,late_evening,2026-07-19 21:00:00+03:00,2026-07-20 00:00:00+03:00,3.0
33,high,deep_night,2026-07-06 00:00:00+03:00,2026-07-06 06:00:00+03:00,6.0
33,high,opening,2026-07-06 06:00:00+03:00,2026-07-06 08:00:00+03:00,2.0
33,high,early_morning,2026-07-06 08:00:00+03:00,2026-07-06 09:00:00+03:00,1.0
33,high,morning,2026-07-06 09:00:00+03:00,2026-07-06 11:00:00+03:00,2.0
33,high,lunch,2026-07-06 11:00:00+03:00,2026-07-06 15:00:00+03:00,4.0
33,high,afternoon,2026-07-06 15:00:00+03:00,2026-07-06 18:00:00+03:00,3.0
33,high,dinner,2026-07-06 18:00:00+03:00,2026-07-06 21:00:00+03:00,3.0
33,high,late_evening,2026-07-06 21:00:00+03:00,2026-07-07 00:00:00+03:00,3.0
33,high,deep_night,2026-07-07 00:00:00+03:00,2026-07-07 06:00:00+03:00,6.0
33,high,opening,2026-07-07 06:00:00+03:00,2026-07-07 08:00:00+03:00,2.0
33,high,early_morning,2026-07-07 08:00:00+03:00,2026-07-07 09:00:00+03:00,1.0
33,high,morning,2026-07-07 09:00:00+03:00,2026-07-07 11:00:00+03:00,2.0
33,high,lunch,2026-07-07 11:00:00+03:00,2026-07-07 15:00:00+03:00,4.0
33,high,afternoon,2026-07-07 15:00:00+03:00,2026-07-07 18:00:00+03:00,3.0
33,high,dinner,2026-07-07 18:00:00+03:00,2026-07-07 21:00:00+03:00,3.0
33,high,late_evening,2026-07-07 21:00:00+03:00,2026-07-08 00:00:00+03:00,3.0
33,high,deep_night,2026-07-08 00:00:00+03:00,2026-07-08 06:00:00+03:00,6.0
33,high,opening,2026-07-08 06:00:00+03:00,2026-07-08 08:00:00+03:00,2.0
33,high,early_morning,2026-07-08 08:00:00+03:00,2026-07-08 09:00:00+03:00,1.0
33,high,morning,2026-07-08 09:00:00+03:00,2026-07-08 11:00:00+03:00,2.0
33,high,lunch,2026-07-08 11:00:00+03:00,2026-07-08 15:00:00+03:00,4.0
33,high,afternoon,2026-07-08 15:00:00+03:00,2026-07-08 18:00:00+03:00,3.0
33,high,dinner,2026-07-08 18:00:00+03:00,2026-07-08 21:00:00+03:00,3.0
33,high,late_evening,2026-07-08 21:00:00+03:00,2026-07-09 00:00:00+03:00,3.0
33,high,deep_night,2026-07-09 00:00:00+03:00,2026-07-09 06:00:00+03:00,6.0
33,high,opening,2026-07-09 06:00:00+03:00,2026-07-09 08:00:00+03:00,2.0
33,high,early_morning,2026-07-09 08:00:00+03:00,2026-07-09 09:00:00+03:00,1.0
33,high,morning,2026-07-09 09:00:00+03:00,2026-07-09 11:00:00+03:00,2.0
33,high,lunch,2026-07-09 11:00:00+03:00,2026-07-09 15:00:00+03:00,4.0
33,high,afternoon,2026-07-09 15:00:00+03:00,2026-07-09 18:00:00+03:00,3.0
33,high,dinner,2026-07-09 18:00:00+03:00,2026-07-09 21:00:00+03:00,3.0
33,high,late_evening,2026-07-09 21:00:00+03:00,2026-07-10 00:00:00+03:00,3.0
33,high,deep_night,2026-07-10 00:00:00+03:00,2026-07-10 06:00:00+03:00,6.0
33,high,opening,2026-07-10 06:00:00+03:00,2026-07-10 08:00:00+03:00,2.0
33,high,early_morning,2026-07-10 08:00:00+03:00,2026-07-10 09:00:00+03:00,1.0
33,high,morning,2026-07-10 09:00:00+03:00,2026-07-10 11:00:00+03:00,2.0
33,high,lunch,2026-07-10 11:00:00+03:00,2026-07-10 15:00:00+03:00,4.0
33,high,afternoon,2026-07-10 15:00:00+03:00,2026-07-10 18:00:00+03:00,3.0
33,high,dinner,2026-07-10 18:00:00+03:00,2026-07-10 21:00:00+03:00,3.0
33,high,late_evening,2026-07-10 21:00:00+03:00,2026-07-11 00:00:00+03:00,3.0
33,high,deep_night,2026-07-11 00:00:00+03:00,2026-07-11 06:00:00+03:00,6.0
33,high,opening,2026-07-11 06:00:00+03:00,2026-07-11 08:00:00+03:00,2.0
33,high,early_morning,2026-07-11 08:00:00+03:00,2026-07-11 09:00:00+03:00,1.0
33,high,morning,2026-07-11 09:00:00+03:00,2026-07-11 11:00:00+03:00,2.0
33,high,lunch,2026-07-11 11:00:00+03:00,2026-07-11 15:00:00+03:00,4.0
33,high,afternoon,2026-07-11 15:00:00+03:00,2026-07-11 18:00:00+03:00,3.0
33,high,dinner,2026-07-11 18:00:00+03:00,2026-07-11 21:00:00+03:00,3.0
33,high,late_evening,2026-07-11 21:00:00+03:00,2026-07-12 00:00:00+03:00,3.0
33,high,deep_night,2026-07-12 00:00:00+03:00,2026-07-12 06:00:00+03:00,6.0
33,high,opening,2026-07-12 06:00:00+03:00,2026-07-12 08:00:00+03:00,2.0
33,high,early_morning,2026-07-12 08:00:00+03:00,2026-07-12 09:00:00+03:00,1.0
33,high,morning,2026-07-12 09:00:00+03:00,2026-07-12 11:00:00+03:00,2.0
33,high,lunch,2026-07-12 11:00:00+03:00,2026-07-12 15:00:00+03:00,4.0
33,high,afternoon,2026-07-12 15:00:00+03:00,2026-07-12 18:00:00+03:00,3.0
33,high,dinner,2026-07-12 18:00:00+03:00,2026-07-12 21:00:00+03:00,3.0
33,high,late_evening,2026-07-12 21:00:00+03:00,2026-07-13 00:00:00+03:00,3.0
33,high,deep_night,2026-07-13 00:00:00+03:00,2026-07-13 06:00:00+03:00,6.0
33,high,opening,2026-07-13 06:00:00+03:00,2026-07-13 08:00:00+03:00,2.0
33,high,early_morning,2026-07-13 08:00:00+03:00,2026-07-13 09:00:00+03:00,1.0
33,high,morning,2026-07-13 09:00:00+03:00,2026-07-13 11:00:00+03:00,2.0
33,high,lunch,2026-07-13 11:00:00+03:00,2026-07-13 15:00:00+03:00,4.0
33,high,afternoon,2026-07-13 15:00:00+03:00,2026-07-13 18:00:00+03:00,3.0
33,high,dinner,2026-07-13 18:00:00+03:00,2026-07-13 21:00:00+03:00,3.0
33,high,late_evening,2026-07-13 21:00:00+03:00,2026-07-14 00:00:00+03:00,3.0
33,high,deep_night,2026-07-14 00:00:00+03:00,2026-07-14 06:00:00+03:00,6.0
33,high,opening,2026-07-14 06:00:00+03:00,2026-07-14 08:00:00+03:00,2.0
33,high,early_morning,2026-07-14 08:00:00+03:00,2026-07-14 09:00:00+03:00,1.0
33,high,morning,2026-07-14 09:00:00+03:00,2026-07-14 11:00:00+03:00,2.0
33,high,lunch,2026-07-14 11:00:00+03:00,2026-07-14 15:00:00+03:00,4.0
33,high,afternoon,2026-07-14 15:00:00+03:00,2026-07-14 18:00:00+03:00,3.0
33,high,dinner,2026-07-14 18:00:00+03:00,2026-07-14 21:00:00+03:00,3.0
33,high,late_evening,2026-07-14 21:00:00+03:00,2026-07-15 00:00:00+03:00,3.0
33,high,deep_night,2026-07-15 00:00:00+03:00,2026-07-15 06:00:00+03:00,6.0
33,high,opening,2026-07-15 06:00:00+03:00,2026-07-15 08:00:00+03:00,2.0
33,high,early_morning,2026-07-15 08:00:00+03:00,2026-07-15 09:00:00+03:00,1.0
33,high,morning,2026-07-15 09:00:00+03:00,2026-07-15 11:00:00+03:00,2.0
33,high,lunch,2026-07-15 11:00:00+03:00,2026-07-15 15:00:00+03:00,4.0
33,high,afternoon,2026-07-15 15:00:00+03:00,2026-07-15 18:00:00+03:00,3.0
33,high,dinner,2026-07-15 18:00:00+03:00,2026-07-15 21:00:00+03:00,3.0
33,high,late_evening,2026-07-15 21:00:00+03:00,2026-07-16 00:00:00+03:00,3.0
33,high,deep_night,2026-07-16 00:00:00+03:00,2026-07-16 06:00:00+03:00,6.0
33,high,opening,2026-07-16 06:00:00+03:00,2026-07-16 08:00:00+03:00,2.0
33,high,early_morning,2026-07-16 08:00:00+03:00,2026-07-16 09:00:00+03:00,1.0
33,high,morning,2026-07-16 09:00:00+03:00,2026-07-16 11:00:00+03:00,2.0
33,high,lunch,2026-07-16 11:00:00+03:00,2026-07-16 15:00:00+03:00,4.0
33,high,afternoon,2026-07-16 15:00:00+03:00,2026-07-16 18:00:00+03:00,3.0
33,high,dinner,2026-07-16 18:00:00+03:00,2026-07-16 21:00:00+03:00,3.0
33,high,late_evening,2026-07-16 21:00:00+03:00,2026-07-17 00:00:00+03:00,3.0
33,high,deep_night,2026-07-17 00:00:00+03:00,2026-07-17 06:00:00+03:00,6.0
33,high,opening,2026-07-17 06:00:00+03:00,2026-07-17 08:00:00+03:00,2.0
33,high,early_morning,2026-07-17 08:00:00+03:00,2026-07-17 09:00:00+03:00,1.0
33,high,morning,2026-07-17 09:00:00+03:00,2026-07-17 11:00:00+03:00,2.0
33,high,lunch,2026-07-17 11:00:00+03:00,2026-07-17 15:00:00+03:00,4.0
33,high,afternoon,2026-07-17 15:00:00+03:00,2026-07-17 18:00:00+03:00,3.0
33,high,dinner,2026-07-17 18:00:00+03:00,2026-07-17 21:00:00+03:00,3.0
33,high,late_evening,2026-07-17 21:00:00+03:00,2026-07-18 00:00:00+03:00,3.0
33,high,deep_night,2026-07-18 00:00:00+03:00,2026-07-18 06:00:00+03:00,6.0
33,high,opening,2026-07-18 06:00:00+03:00,2026-07-18 08:00:00+03:00,2.0
33,high,early_morning,2026-07-18 08:00:00+03:00,2026-07-18 09:00:00+03:00,1.0
33,high,morning,2026-07-18 09:00:00+03:00,2026-07-18 11:00:00+03:00,2.0
33,high,lunch,2026-07-18 11:00:00+03:00,2026-07-18 15:00:00+03:00,4.0
33,high,afternoon,2026-07-18 15:00:00+03:00,2026-07-18 18:00:00+03:00,3.0
33,high,dinner,2026-07-18 18:00:00+03:00,2026-07-18 21:00:00+03:00,3.0
33,high,late_evening,2026-07-18 21:00:00+03:00,2026-07-19 00:00:00+03:00,3.0
33,high,deep_night,2026-07-19 00:00:00+03:00,2026-07-19 06:00:00+03:00,6.0
33,high,opening,2026-07-19 06:00:00+03:00,2026-07-19 08:00:00+03:00,2.0
33,high,early_morning,2026-07-19 08:00:00+03:00,2026-07-19 09:00:00+03:00,1.0
33,high,morning,2026-07-19 09:00:00+03:00,2026-07-19 11:00:00+03:00,2.0
33,high,lunch,2026-07-19 11:00:00+03:00,2026-07-19 15:00:00+03:00,4.0
33,high,afternoon,2026-07-19 15:00:00+03:00,2026-07-19 18:00:00+03:00,3.0
33,high,dinner,2026-07-19 18:00:00+03:00,2026-07-19 21:00:00+03:00,3.0
33,high,late_evening,2026-07-19 21:00:00+03:00,2026-07-20 00:00:00+03:00,3.0
335,low,block_00_06,2026-07-06 00:00:00+03:00,2026-07-06 06:00:00+03:00,6.0
335,low,block_06_12,2026-07-06 06:00:00+03:00,2026-07-06 12:00:00+03:00,6.0
335,low,block_12_18,2026-07-06 12:00:00+03:00,2026-07-06 18:00:00+03:00,6.0
335,low,block_18_24,2026-07-06 18:00:00+03:00,2026-07-07 00:00:00+03:00,6.0
335,low,block_00_06,2026-07-07 00:00:00+03:00,2026-07-07 06:00:00+03:00,6.0
335,low,block_06_12,2026-07-07 06:00:00+03:00,2026-07-07 12:00:00+03:00,6.0
335,low,block_12_18,2026-07-07 12:00:00+03:00,2026-07-07 18:00:00+03:00,6.0
335,low,block_18_24,2026-07-07 18:00:00+03:00,2026-07-08 00:00:00+03:00,6.0
335,low,block_00_06,2026-07-08 00:00:00+03:00,2026-07-08 06:00:00+03:00,6.0
335,low,block_06_12,2026-07-08 06:00:00+03:00,2026-07-08 12:00:00+03:00,6.0
335,low,block_12_18,2026-07-08 12:00:00+03:00,2026-07-08 18:00:00+03:00,6.0
335,low,block_18_24,2026-07-08 18:00:00+03:00,2026-07-09 00:00:00+03:00,6.0
335,low,block_00_06,2026-07-09 00:00:00+03:00,2026-07-09 06:00:00+03:00,6.0
335,low,block_06_12,2026-07-09 06:00:00+03:00,2026-07-09 12:00:00+03:00,6.0
335,low,block_12_18,2026-07-09 12:00:00+03:00,2026-07-09 18:00:00+03:00,6.0
335,low,block_18_24,2026-07-09 18:00:00+03:00,2026-07-10 00:00:00+03:00,6.0
335,low,block_00_06,2026-07-10 00:00:00+03:00,2026-07-10 06:00:00+03:00,6.0
335,low,block_06_12,2026-07-10 06:00:00+03:00,2026-07-10 12:00:00+03:00,6.0
335,low,block_12_18,2026-07-10 12:00:00+03:00,2026-07-10 18:00:00+03:00,6.0
335,low,block_18_24,2026-07-10 18:00:00+03:00,2026-07-11 00:00:00+03:00,6.0
335,low,block_00_06,2026-07-11 00:00:00+03:00,2026-07-11 06:00:00+03:00,6.0
335,low,block_06_12,2026-07-11 06:00:00+03:00,2026-07-11 12:00:00+03:00,6.0
335,low,block_12_18,2026-07-11 12:00:00+03:00,2026-07-11 18:00:00+03:00,6.0
335,low,block_18_24,2026-07-11 18:00:00+03:00,2026-07-12 00:00:00+03:00,6.0
335,low,block_00_06,2026-07-12 00:00:00+03:00,2026-07-12 06:00:00+03:00,6.0
335,low,block_06_12,2026-07-12 06:00:00+03:00,2026-07-12 12:00:00+03:00,6.0
335,low,block_12_18,2026-07-12 12:00:00+03:00,2026-07-12 18:00:00+03:00,6.0
335,low,block_18_24,2026-07-12 18:00:00+03:00,2026-07-13 00:00:00+03:00,6.0
335,low,block_00_06,2026-07-13 00:00:00+03:00,2026-07-13 06:00:00+03:00,6.0
335,low,block_06_12,2026-07-13 06:00:00+03:00,2026-07-13 12:00:00+03:00,6.0
335,low,block_12_18,2026-07-13 12:00:00+03:00,2026-07-13 18:00:00+03:00,6.0
335,low,block_18_24,2026-07-13 18:00:00+03:00,2026-07-14 00:00:00+03:00,6.0
335,low,block_00_06,2026-07-14 00:00:00+03:00,2026-07-14 06:00:00+03:00,6.0
335,low,block_06_12,2026-07-14 06:00:00+03:00,2026-07-14 12:00:00+03:00,6.0
335,low,block_12_18,2026-07-14 12:00:00+03:00,2026-07-14 18:00:00+03:00,6.0
335,low,block_18_24,2026-07-14 18:00:00+03:00,2026-07-15 00:00:00+03:00,6.0
335,low,block_00_06,2026-07-15 00:00:00+03:00,2026-07-15 06:00:00+03:00,6.0
335,low,block_06_12,2026-07-15 06:00:00+03:00,2026-07-15 12:00:00+03:00,6.0
335,low,block_12_18,2026-07-15 12:00:00+03:00,2026-07-15 18:00:00+03:00,6.0
335,low,block_18_24,2026-07-15 18:00:00+03:00,2026-07-16 00:00:00+03:00,6.0
335,low,block_00_06,2026-07-16 00:00:00+03:00,2026-07-16 06:00:00+03:00,6.0
335,low,block_06_12,2026-07-16 06:00:00+03:00,2026-07-16 12:00:00+03:00,6.0
335,low,block_12_18,2026-07-16 12:00:00+03:00,2026-07-16 18:00:00+03:00,6.0
335,low,block_18_24,2026-07-16 18:00:00+03:00,2026-07-17 00:00:00+03:00,6.0
335,low,block_00_06,2026-07-17 00:00:00+03:00,2026-07-17 06:00:00+03:00,6.0
335,low,block_06_12,2026-07-17 06:00:00+03:00,2026-07-17 12:00:00+03:00,6.0
335,low,block_12_18,2026-07-17 12:00:00+03:00,2026-07-17 18:00:00+03:00,6.0
335,low,block_18_24,2026-07-17 18:00:00+03:00,2026-07-18 00:00:00+03:00,6.0
335,low,block_00_06,2026-07-18 00:00:00+03:00,2026-07-18 06:00:00+03:00,6.0
335,low,block_06_12,2026-07-18 06:00:00+03:00,2026-07-18 12:00:00+03:00,6.0
335,low,block_12_18,2026-07-18 12:00:00+03:00,2026-07-18 18:00:00+03:00,6.0
335,low,block_18_24,2026-07-18 18:00:00+03:00,2026-07-19 00:00:00+03:00,6.0
335,low,block_00_06,2026-07-19 00:00:00+03:00,2026-07-19 06:00:00+03:00,6.0
335,low,block_06_12,2026-07-19 06:00:00+03:00,2026-07-19 12:00:00+03:00,6.0
335,low,block_12_18,2026-07-19 12:00:00+03:00,2026-07-19 18:00:00+03:00,6.0
335,low,block_18_24,2026-07-19 18:00:00+03:00,2026-07-20 00:00:00+03:00,6.0
35,high,deep_night,2026-07-06 00:00:00+03:00,2026-07-06 06:00:00+03:00,6.0
35,high,opening,2026-07-06 06:00:00+03:00,2026-07-06 08:00:00+03:00,2.0
35,high,early_morning,2026-07-06 08:00:00+03:00,2026-07-06 09:00:00+03:00,1.0
35,high,morning,2026-07-06 09:00:00+03:00,2026-07-06 11:00:00+03:00,2.0
35,high,lunch,2026-07-06 11:00:00+03:00,2026-07-06 15:00:00+03:00,4.0
35,high,afternoon,2026-07-06 15:00:00+03:00,2026-07-06 18:00:00+03:00,3.0
35,high,dinner,2026-07-06 18:00:00+03:00,2026-07-06 21:00:00+03:00,3.0
35,high,late_evening,2026-07-06 21:00:00+03:00,2026-07-07 00:00:00+03:00,3.0
35,high,deep_night,2026-07-07 00:00:00+03:00,2026-07-07 06:00:00+03:00,6.0
35,high,opening,2026-07-07 06:00:00+03:00,2026-07-07 08:00:00+03:00,2.0
35,high,early_morning,2026-07-07 08:00:00+03:00,2026-07-07 09:00:00+03:00,1.0
35,high,morning,2026-07-07 09:00:00+03:00,2026-07-07 11:00:00+03:00,2.0
35,high,lunch,2026-07-07 11:00:00+03:00,2026-07-07 15:00:00+03:00,4.0
35,high,afternoon,2026-07-07 15:00:00+03:00,2026-07-07 18:00:00+03:00,3.0
35,high,dinner,2026-07-07 18:00:00+03:00,2026-07-07 21:00:00+03:00,3.0
35,high,late_evening,2026-07-07 21:00:00+03:00,2026-07-08 00:00:00+03:00,3.0
35,high,deep_night,2026-07-08 00:00:00+03:00,2026-07-08 06:00:00+03:00,6.0
35,high,opening,2026-07-08 06:00:00+03:00,2026-07-08 08:00:00+03:00,2.0
35,high,early_morning,2026-07-08 08:00:00+03:00,2026-07-08 09:00:00+03:00,1.0
35,high,morning,2026-07-08 09:00:00+03:00,2026-07-08 11:00:00+03:00,2.0
35,high,lunch,2026-07-08 11:00:00+03:00,2026-07-08 15:00:00+03:00,4.0
35,high,afternoon,2026-07-08 15:00:00+03:00,2026-07-08 18:00:00+03:00,3.0
35,high,dinner,2026-07-08 18:00:00+03:00,2026-07-08 21:00:00+03:00,3.0
35,high,late_evening,2026-07-08 21:00:00+03:00,2026-07-09 00:00:00+03:00,3.0
35,high,deep_night,2026-07-09 00:00:00+03:00,2026-07-09 06:00:00+03:00,6.0
35,high,opening,2026-07-09 06:00:00+03:00,2026-07-09 08:00:00+03:00,2.0
35,high,early_morning,2026-07-09 08:00:00+03:00,2026-07-09 09:00:00+03:00,1.0
35,high,morning,2026-07-09 09:00:00+03:00,2026-07-09 11:00:00+03:00,2.0
35,high,lunch,2026-07-09 11:00:00+03:00,2026-07-09 15:00:00+03:00,4.0
35,high,afternoon,2026-07-09 15:00:00+03:00,2026-07-09 18:00:00+03:00,3.0
35,high,dinner,2026-07-09 18:00:00+03:00,2026-07-09 21:00:00+03:00,3.0
35,high,late_evening,2026-07-09 21:00:00+03:00,2026-07-10 00:00:00+03:00,3.0
35,high,deep_night,2026-07-10 00:00:00+03:00,2026-07-10 06:00:00+03:00,6.0
35,high,opening,2026-07-10 06:00:00+03:00,2026-07-10 08:00:00+03:00,2.0
35,high,early_morning,2026-07-10 08:00:00+03:00,2026-07-10 09:00:00+03:00,1.0
35,high,morning,2026-07-10 09:00:00+03:00,2026-07-10 11:00:00+03:00,2.0
35,high,lunch,2026-07-10 11:00:00+03:00,2026-07-10 15:00:00+03:00,4.0
35,high,afternoon,2026-07-10 15:00:00+03:00,2026-07-10 18:00:00+03:00,3.0
35,high,dinner,2026-07-10 18:00:00+03:00,2026-07-10 21:00:00+03:00,3.0
35,high,late_evening,2026-07-10 21:00:00+03:00,2026-07-11 00:00:00+03:00,3.0
35,high,deep_night,2026-07-11 00:00:00+03:00,2026-07-11 06:00:00+03:00,6.0
35,high,opening,2026-07-11 06:00:00+03:00,2026-07-11 08:00:00+03:00,2.0
35,high,early_morning,2026-07-11 08:00:00+03:00,2026-07-11 09:00:00+03:00,1.0
35,high,morning,2026-07-11 09:00:00+03:00,2026-07-11 11:00:00+03:00,2.0
35,high,lunch,2026-07-11 11:00:00+03:00,2026-07-11 15:00:00+03:00,4.0
35,high,afternoon,2026-07-11 15:00:00+03:00,2026-07-11 18:00:00+03:00,3.0
35,high,dinner,2026-07-11 18:00:00+03:00,2026-07-11 21:00:00+03:00,3.0
35,high,late_evening,2026-07-11 21:00:00+03:00,2026-07-12 00:00:00+03:00,3.0
35,high,deep_night,2026-07-12 00:00:00+03:00,2026-07-12 06:00:00+03:00,6.0
35,high,opening,2026-07-12 06:00:00+03:00,2026-07-12 08:00:00+03:00,2.0
35,high,early_morning,2026-07-12 08:00:00+03:00,2026-07-12 09:00:00+03:00,1.0
35,high,morning,2026-07-12 09:00:00+03:00,2026-07-12 11:00:00+03:00,2.0
35,high,lunch,2026-07-12 11:00:00+03:00,2026-07-12 15:00:00+03:00,4.0
35,high,afternoon,2026-07-12 15:00:00+03:00,2026-07-12 18:00:00+03:00,3.0
35,high,dinner,2026-07-12 18:00:00+03:00,2026-07-12 21:00:00+03:00,3.0
35,high,late_evening,2026-07-12 21:00:00+03:00,2026-07-13 00:00:00+03:00,3.0
35,high,deep_night,2026-07-13 00:00:00+03:00,2026-07-13 06:00:00+03:00,6.0
35,high,opening,2026-07-13 06:00:00+03:00,2026-07-13 08:00:00+03:00,2.0
35,high,early_morning,2026-07-13 08:00:00+03:00,2026-07-13 09:00:00+03:00,1.0
35,high,morning,2026-07-13 09:00:00+03:00,2026-07-13 11:00:00+03:00,2.0
35,high,lunch,2026-07-13 11:00:00+03:00,2026-07-13 15:00:00+03:00,4.0
35,high,afternoon,2026-07-13 15:00:00+03:00,2026-07-13 18:00:00+03:00,3.0
35,high,dinner,2026-07-13 18:00:00+03:00,2026-07-13 21:00:00+03:00,3.0
35,high,late_evening,2026-07-13 21:00:00+03:00,2026-07-14 00:00:00+03:00,3.0
35,high,deep_night,2026-07-14 00:00:00+03:00,2026-07-14 06:00:00+03:00,6.0
35,high,opening,2026-07-14 06:00:00+03:00,2026-07-14 08:00:00+03:00,2.0
35,high,early_morning,2026-07-14 08:00:00+03:00,2026-07-14 09:00:00+03:00,1.0
35,high,morning,2026-07-14 09:00:00+03:00,2026-07-14 11:00:00+03:00,2.0
35,high,lunch,2026-07-14 11:00:00+03:00,2026-07-14 15:00:00+03:00,4.0
35,high,afternoon,2026-07-14 15:00:00+03:00,2026-07-14 18:00:00+03:00,3.0
35,high,dinner,2026-07-14 18:00:00+03:00,2026-07-14 21:00:00+03:00,3.0
35,high,late_evening,2026-07-14 21:00:00+03:00,2026-07-15 00:00:00+03:00,3.0
35,high,deep_night,2026-07-15 00:00:00+03:00,2026-07-15 06:00:00+03:00,6.0
35,high,opening,2026-07-15 06:00:00+03:00,2026-07-15 08:00:00+03:00,2.0
35,high,early_morning,2026-07-15 08:00:00+03:00,2026-07-15 09:00:00+03:00,1.0
35,high,morning,2026-07-15 09:00:00+03:00,2026-07-15 11:00:00+03:00,2.0
35,high,lunch,2026-07-15 11:00:00+03:00,2026-07-15 15:00:00+03:00,4.0
35,high,afternoon,2026-07-15 15:00:00+03:00,2026-07-15 18:00:00+03:00,3.0
35,high,dinner,2026-07-15 18:00:00+03:00,2026-07-15 21:00:00+03:00,3.0
35,high,late_evening,2026-07-15 21:00:00+03:00,2026-07-16 00:00:00+03:00,3.0
35,high,deep_night,2026-07-16 00:00:00+03:00,2026-07-16 06:00:00+03:00,6.0
35,high,opening,2026-07-16 06:00:00+03:00,2026-07-16 08:00:00+03:00,2.0
35,high,early_morning,2026-07-16 08:00:00+03:00,2026-07-16 09:00:00+03:00,1.0
35,high,morning,2026-07-16 09:00:00+03:00,2026-07-16 11:00:00+03:00,2.0
35,high,lunch,2026-07-16 11:00:00+03:00,2026-07-16 15:00:00+03:00,4.0
35,high,afternoon,2026-07-16 15:00:00+03:00,2026-07-16 18:00:00+03:00,3.0
35,high,dinner,2026-07-16 18:00:00+03:00,2026-07-16 21:00:00+03:00,3.0
35,high,late_evening,2026-07-16 21:00:00+03:00,2026-07-17 00:00:00+03:00,3.0
35,high,deep_night,2026-07-17 00:00:00+03:00,2026-07-17 06:00:00+03:00,6.0
35,high,opening,2026-07-17 06:00:00+03:00,2026-07-17 08:00:00+03:00,2.0
35,high,early_morning,2026-07-17 08:00:00+03:00,2026-07-17 09:00:00+03:00,1.0
35,high,morning,2026-07-17 09:00:00+03:00,2026-07-17 11:00:00+03:00,2.0
35,high,lunch,2026-07-17 11:00:00+03:00,2026-07-17 15:00:00+03:00,4.0
35,high,afternoon,2026-07-17 15:00:00+03:00,2026-07-17 18:00:00+03:00,3.0
35,high,dinner,2026-07-17 18:00:00+03:00,2026-07-17 21:00:00+03:00,3.0
35,high,late_evening,2026-07-17 21:00:00+03:00,2026-07-18 00:00:00+03:00,3.0
35,high,deep_night,2026-07-18 00:00:00+03:00,2026-07-18 06:00:00+03:00,6.0
35,high,opening,2026-07-18 06:00:00+03:00,2026-07-18 08:00:00+03:00,2.0
35,high,early_morning,2026-07-18 08:00:00+03:00,2026-07-18 09:00:00+03:00,1.0
35,high,morning,2026-07-18 09:00:00+03:00,2026-07-18 11:00:00+03:00,2.0
35,high,lunch,2026-07-18 11:00:00+03:00,2026-07-18 15:00:00+03:00,4.0
35,high,afternoon,2026-07-18 15:00:00+03:00,2026-07-18 18:00:00+03:00,3.0
35,high,dinner,2026-07-18 18:00:00+03:00,2026-07-18 21:00:00+03:00,3.0
35,high,late_evening,2026-07-18 21:00:00+03:00,2026-07-19 00:00:00+03:00,3.0
35,high,deep_night,2026-07-19 00:00:00+03:00,2026-07-19 06:00:00+03:00,6.0
35,high,opening,2026-07-19 06:00:00+03:00,2026-07-19 08:00:00+03:00,2.0
35,high,early_morning,2026-07-19 08:00:00+03:00,2026-07-19 09:00:00+03:00,1.0
35,high,morning,2026-07-19 09:00:00+03:00,2026-07-19 11:00:00+03:00,2.0
35,high,lunch,2026-07-19 11:00:00+03:00,2026-07-19 15:00:00+03:00,4.0
35,high,afternoon,2026-07-19 15:00:00+03:00,2026-07-19 18:00:00+03:00,3.0
35,high,dinner,2026-07-19 18:00:00+03:00,2026-07-19 21:00:00+03:00,3.0
35,high,late_evening,2026-07-19 21:00:00+03:00,2026-07-20 00:00:00+03:00,3.0
39,mega,deep_night,2026-07-06 00:00:00+03:00,2026-07-06 06:00:00+03:00,6.0
39,mega,opening,2026-07-06 06:00:00+03:00,2026-07-06 08:00:00+03:00,2.0
39,mega,early_morning,2026-07-06 08:00:00+03:00,2026-07-06 09:00:00+03:00,1.0
39,mega,morning,2026-07-06 09:00:00+03:00,2026-07-06 11:00:00+03:00,2.0
39,mega,lunch,2026-07-06 11:00:00+03:00,2026-07-06 15:00:00+03:00,4.0
39,mega,afternoon,2026-07-06 15:00:00+03:00,2026-07-06 18:00:00+03:00,3.0
39,mega,dinner,2026-07-06 18:00:00+03:00,2026-07-06 21:00:00+03:00,3.0
39,mega,late_evening,2026-07-06 21:00:00+03:00,2026-07-07 00:00:00+03:00,3.0
39,mega,deep_night,2026-07-07 00:00:00+03:00,2026-07-07 06:00:00+03:00,6.0
39,mega,opening,2026-07-07 06:00:00+03:00,2026-07-07 08:00:00+03:00,2.0
39,mega,early_morning,2026-07-07 08:00:00+03:00,2026-07-07 09:00:00+03:00,1.0
39,mega,morning,2026-07-07 09:00:00+03:00,2026-07-07 11:00:00+03:00,2.0
39,mega,lunch,2026-07-07 11:00:00+03:00,2026-07-07 15:00:00+03:00,4.0
39,mega,afternoon,2026-07-07 15:00:00+03:00,2026-07-07 18:00:00+03:00,3.0
39,mega,dinner,2026-07-07 18:00:00+03:00,2026-07-07 21:00:00+03:00,3.0
39,mega,late_evening,2026-07-07 21:00:00+03:00,2026-07-08 00:00:00+03:00,3.0
39,mega,deep_night,2026-07-08 00:00:00+03:00,2026-07-08 06:00:00+03:00,6.0
39,mega,opening,2026-07-08 06:00:00+03:00,2026-07-08 08:00:00+03:00,2.0
39,mega,early_morning,2026-07-08 08:00:00+03:00,2026-07-08 09:00:00+03:00,1.0
39,mega,morning,2026-07-08 09:00:00+03:00,2026-07-08 11:00:00+03:00,2.0
39,mega,lunch,2026-07-08 11:00:00+03:00,2026-07-08 15:00:00+03:00,4.0
39,mega,afternoon,2026-07-08 15:00:00+03:00,2026-07-08 18:00:00+03:00,3.0
39,mega,dinner,2026-07-08 18:00:00+03:00,2026-07-08 21:00:00+03:00,3.0
39,mega,late_evening,2026-07-08 21:00:00+03:00,2026-07-09 00:00:00+03:00,3.0
39,mega,deep_night,2026-07-09 00:00:00+03:00,2026-07-09 06:00:00+03:00,6.0
39,mega,opening,2026-07-09 06:00:00+03:00,2026-07-09 08:00:00+03:00,2.0
39,mega,early_morning,2026-07-09 08:00:00+03:00,2026-07-09 09:00:00+03:00,1.0
39,mega,morning,2026-07-09 09:00:00+03:00,2026-07-09 11:00:00+03:00,2.0
39,mega,lunch,2026-07-09 11:00:00+03:00,2026-07-09 15:00:00+03:00,4.0
39,mega,afternoon,2026-07-09 15:00:00+03:00,2026-07-09 18:00:00+03:00,3.0
39,mega,dinner,2026-07-09 18:00:00+03:00,2026-07-09 21:00:00+03:00,3.0
39,mega,late_evening,2026-07-09 21:00:00+03:00,2026-07-10 00:00:00+03:00,3.0
39,mega,deep_night,2026-07-10 00:00:00+03:00,2026-07-10 06:00:00+03:00,6.0
39,mega,opening,2026-07-10 06:00:00+03:00,2026-07-10 08:00:00+03:00,2.0
39,mega,early_morning,2026-07-10 08:00:00+03:00,2026-07-10 09:00:00+03:00,1.0
39,mega,morning,2026-07-10 09:00:00+03:00,2026-07-10 11:00:00+03:00,2.0
39,mega,lunch,2026-07-10 11:00:00+03:00,2026-07-10 15:00:00+03:00,4.0
39,mega,afternoon,2026-07-10 15:00:00+03:00,2026-07-10 18:00:00+03:00,3.0
39,mega,dinner,2026-07-10 18:00:00+03:00,2026-07-10 21:00:00+03:00,3.0
39,mega,late_evening,2026-07-10 21:00:00+03:00,2026-07-11 00:00:00+03:00,3.0
39,mega,deep_night,2026-07-11 00:00:00+03:00,2026-07-11 06:00:00+03:00,6.0
39,mega,opening,2026-07-11 06:00:00+03:00,2026-07-11 08:00:00+03:00,2.0
39,mega,early_morning,2026-07-11 08:00:00+03:00,2026-07-11 09:00:00+03:00,1.0
39,mega,morning,2026-07-11 09:00:00+03:00,2026-07-11 11:00:00+03:00,2.0
39,mega,lunch,2026-07-11 11:00:00+03:00,2026-07-11 15:00:00+03:00,4.0
39,mega,afternoon,2026-07-11 15:00:00+03:00,2026-07-11 18:00:00+03:00,3.0
39,mega,dinner,2026-07-11 18:00:00+03:00,2026-07-11 21:00:00+03:00,3.0
39,mega,late_evening,2026-07-11 21:00:00+03:00,2026-07-12 00:00:00+03:00,3.0
39,mega,deep_night,2026-07-12 00:00:00+03:00,2026-07-12 06:00:00+03:00,6.0
39,mega,opening,2026-07-12 06:00:00+03:00,2026-07-12 08:00:00+03:00,2.0
39,mega,early_morning,2026-07-12 08:00:00+03:00,2026-07-12 09:00:00+03:00,1.0
39,mega,morning,2026-07-12 09:00:00+03:00,2026-07-12 11:00:00+03:00,2.0
39,mega,lunch,2026-07-12 11:00:00+03:00,2026-07-12 15:00:00+03:00,4.0
39,mega,afternoon,2026-07-12 15:00:00+03:00,2026-07-12 18:00:00+03:00,3.0
39,mega,dinner,2026-07-12 18:00:00+03:00,2026-07-12 21:00:00+03:00,3.0
39,mega,late_evening,2026-07-12 21:00:00+03:00,2026-07-13 00:00:00+03:00,3.0
39,mega,deep_night,2026-07-13 00:00:00+03:00,2026-07-13 06:00:00+03:00,6.0
39,mega,opening,2026-07-13 06:00:00+03:00,2026-07-13 08:00:00+03:00,2.0
39,mega,early_morning,2026-07-13 08:00:00+03:00,2026-07-13 09:00:00+03:00,1.0
39,mega,morning,2026-07-13 09:00:00+03:00,2026-07-13 11:00:00+03:00,2.0
39,mega,lunch,2026-07-13 11:00:00+03:00,2026-07-13 15:00:00+03:00,4.0
39,mega,afternoon,2026-07-13 15:00:00+03:00,2026-07-13 18:00:00+03:00,3.0
39,mega,dinner,2026-07-13 18:00:00+03:00,2026-07-13 21:00:00+03:00,3.0
39,mega,late_evening,2026-07-13 21:00:00+03:00,2026-07-14 00:00:00+03:00,3.0
39,mega,deep_night,2026-07-14 00:00:00+03:00,2026-07-14 06:00:00+03:00,6.0
39,mega,opening,2026-07-14 06:00:00+03:00,2026-07-14 08:00:00+03:00,2.0
39,mega,early_morning,2026-07-14 08:00:00+03:00,2026-07-14 09:00:00+03:00,1.0
39,mega,morning,2026-07-14 09:00:00+03:00,2026-07-14 11:00:00+03:00,2.0
39,mega,lunch,2026-07-14 11:00:00+03:00,2026-07-14 15:00:00+03:00,4.0
39,mega,afternoon,2026-07-14 15:00:00+03:00,2026-07-14 18:00:00+03:00,3.0
39,mega,dinner,2026-07-14 18:00:00+03:00,2026-07-14 21:00:00+03:00,3.0
39,mega,late_evening,2026-07-14 21:00:00+03:00,2026-07-15 00:00:00+03:00,3.0
39,mega,deep_night,2026-07-15 00:00:00+03:00,2026-07-15 06:00:00+03:00,6.0
39,mega,opening,2026-07-15 06:00:00+03:00,2026-07-15 08:00:00+03:00,2.0
39,mega,early_morning,2026-07-15 08:00:00+03:00,2026-07-15 09:00:00+03:00,1.0
39,mega,morning,2026-07-15 09:00:00+03:00,2026-07-15 11:00:00+03:00,2.0
39,mega,lunch,2026-07-15 11:00:00+03:00,2026-07-15 15:00:00+03:00,4.0
39,mega,afternoon,2026-07-15 15:00:00+03:00,2026-07-15 18:00:00+03:00,3.0
39,mega,dinner,2026-07-15 18:00:00+03:00,2026-07-15 21:00:00+03:00,3.0
39,mega,late_evening,2026-07-15 21:00:00+03:00,2026-07-16 00:00:00+03:00,3.0
39,mega,deep_night,2026-07-16 00:00:00+03:00,2026-07-16 06:00:00+03:00,6.0
39,mega,opening,2026-07-16 06:00:00+03:00,2026-07-16 08:00:00+03:00,2.0
39,mega,early_morning,2026-07-16 08:00:00+03:00,2026-07-16 09:00:00+03:00,1.0
39,mega,morning,2026-07-16 09:00:00+03:00,2026-07-16 11:00:00+03:00,2.0
39,mega,lunch,2026-07-16 11:00:00+03:00,2026-07-16 15:00:00+03:00,4.0
39,mega,afternoon,2026-07-16 15:00:00+03:00,2026-07-16 18:00:00+03:00,3.0
39,mega,dinner,2026-07-16 18:00:00+03:00,2026-07-16 21:00:00+03:00,3.0
39,mega,late_evening,2026-07-16 21:00:00+03:00,2026-07-17 00:00:00+03:00,3.0
39,mega,deep_night,2026-07-17 00:00:00+03:00,2026-07-17 06:00:00+03:00,6.0
39,mega,opening,2026-07-17 06:00:00+03:00,2026-07-17 08:00:00+03:00,2.0
39,mega,early_morning,2026-07-17 08:00:00+03:00,2026-07-17 09:00:00+03:00,1.0
39,mega,morning,2026-07-17 09:00:00+03:00,2026-07-17 11:00:00+03:00,2.0
39,mega,lunch,2026-07-17 11:00:00+03:00,2026-07-17 15:00:00+03:00,4.0
39,mega,afternoon,2026-07-17 15:00:00+03:00,2026-07-17 18:00:00+03:00,3.0
39,mega,dinner,2026-07-17 18:00:00+03:00,2026-07-17 21:00:00+03:00,3.0
39,mega,late_evening,2026-07-17 21:00:00+03:00,2026-07-18 00:00:00+03:00,3.0
39,mega,deep_night,2026-07-18 00:00:00+03:00,2026-07-18 06:00:00+03:00,6.0
39,mega,opening,2026-07-18 06:00:00+03:00,2026-07-18 08:00:00+03:00,2.0
39,mega,early_morning,2026-07-18 08:00:00+03:00,2026-07-18 09:00:00+03:00,1.0
39,mega,morning,2026-07-18 09:00:00+03:00,2026-07-18 11:00:00+03:00,2.0
39,mega,lunch,2026-07-18 11:00:00+03:00,2026-07-18 15:00:00+03:00,4.0
39,mega,afternoon,2026-07-18 15:00:00+03:00,2026-07-18 18:00:00+03:00,3.0
39,mega,dinner,2026-07-18 18:00:00+03:00,2026-07-18 21:00:00+03:00,3.0
39,mega,late_evening,2026-07-18 21:00:00+03:00,2026-07-19 00:00:00+03:00,3.0
39,mega,deep_night,2026-07-19 00:00:00+03:00,2026-07-19 06:00:00+03:00,6.0
39,mega,opening,2026-07-19 06:00:00+03:00,2026-07-19 08:00:00+03:00,2.0
39,mega,early_morning,2026-07-19 08:00:00+03:00,2026-07-19 09:00:00+03:00,1.0
39,mega,morning,2026-07-19 09:00:00+03:00,2026-07-19 11:00:00+03:00,2.0
39,mega,lunch,2026-07-19 11:00:00+03:00,2026-07-19 15:00:00+03:00,4.0
39,mega,afternoon,2026-07-19 15:00:00+03:00,2026-07-19 18:00:00+03:00,3.0
39,mega,dinner,2026-07-19 18:00:00+03:00,2026-07-19 21:00:00+03:00,3.0
39,mega,late_evening,2026-07-19 21:00:00+03:00,2026-07-20 00:00:00+03:00,3.0
4,high,deep_night,2026-07-06 00:00:00+03:00,2026-07-06 06:00:00+03:00,6.0
4,high,opening,2026-07-06 06:00:00+03:00,2026-07-06 08:00:00+03:00,2.0
4,high,early_morning,2026-07-06 08:00:00+03:00,2026-07-06 09:00:00+03:00,1.0
4,high,morning,2026-07-06 09:00:00+03:00,2026-07-06 11:00:00+03:00,2.0
4,high,lunch,2026-07-06 11:00:00+03:00,2026-07-06 15:00:00+03:00,4.0
4,high,afternoon,2026-07-06 15:00:00+03:00,2026-07-06 18:00:00+03:00,3.0
4,high,dinner,2026-07-06 18:00:00+03:00,2026-07-06 21:00:00+03:00,3.0
4,high,late_evening,2026-07-06 21:00:00+03:00,2026-07-07 00:00:00+03:00,3.0
4,high,deep_night,2026-07-07 00:00:00+03:00,2026-07-07 06:00:00+03:00,6.0
4,high,opening,2026-07-07 06:00:00+03:00,2026-07-07 08:00:00+03:00,2.0
4,high,early_morning,2026-07-07 08:00:00+03:00,2026-07-07 09:00:00+03:00,1.0
4,high,morning,2026-07-07 09:00:00+03:00,2026-07-07 11:00:00+03:00,2.0
4,high,lunch,2026-07-07 11:00:00+03:00,2026-07-07 15:00:00+03:00,4.0
4,high,afternoon,2026-07-07 15:00:00+03:00,2026-07-07 18:00:00+03:00,3.0
4,high,dinner,2026-07-07 18:00:00+03:00,2026-07-07 21:00:00+03:00,3.0
4,high,late_evening,2026-07-07 21:00:00+03:00,2026-07-08 00:00:00+03:00,3.0
4,high,deep_night,2026-07-08 00:00:00+03:00,2026-07-08 06:00:00+03:00,6.0
4,high,opening,2026-07-08 06:00:00+03:00,2026-07-08 08:00:00+03:00,2.0
4,high,early_morning,2026-07-08 08:00:00+03:00,2026-07-08 09:00:00+03:00,1.0
4,high,morning,2026-07-08 09:00:00+03:00,2026-07-08 11:00:00+03:00,2.0
4,high,lunch,2026-07-08 11:00:00+03:00,2026-07-08 15:00:00+03:00,4.0
4,high,afternoon,2026-07-08 15:00:00+03:00,2026-07-08 18:00:00+03:00,3.0
4,high,dinner,2026-07-08 18:00:00+03:00,2026-07-08 21:00:00+03:00,3.0
4,high,late_evening,2026-07-08 21:00:00+03:00,2026-07-09 00:00:00+03:00,3.0
4,high,deep_night,2026-07-09 00:00:00+03:00,2026-07-09 06:00:00+03:00,6.0
4,high,opening,2026-07-09 06:00:00+03:00,2026-07-09 08:00:00+03:00,2.0
4,high,early_morning,2026-07-09 08:00:00+03:00,2026-07-09 09:00:00+03:00,1.0
4,high,morning,2026-07-09 09:00:00+03:00,2026-07-09 11:00:00+03:00,2.0
4,high,lunch,2026-07-09 11:00:00+03:00,2026-07-09 15:00:00+03:00,4.0
4,high,afternoon,2026-07-09 15:00:00+03:00,2026-07-09 18:00:00+03:00,3.0
4,high,dinner,2026-07-09 18:00:00+03:00,2026-07-09 21:00:00+03:00,3.0
4,high,late_evening,2026-07-09 21:00:00+03:00,2026-07-10 00:00:00+03:00,3.0
4,high,deep_night,2026-07-10 00:00:00+03:00,2026-07-10 06:00:00+03:00,6.0
4,high,opening,2026-07-10 06:00:00+03:00,2026-07-10 08:00:00+03:00,2.0
4,high,early_morning,2026-07-10 08:00:00+03:00,2026-07-10 09:00:00+03:00,1.0
4,high,morning,2026-07-10 09:00:00+03:00,2026-07-10 11:00:00+03:00,2.0
4,high,lunch,2026-07-10 11:00:00+03:00,2026-07-10 15:00:00+03:00,4.0
4,high,afternoon,2026-07-10 15:00:00+03:00,2026-07-10 18:00:00+03:00,3.0
4,high,dinner,2026-07-10 18:00:00+03:00,2026-07-10 21:00:00+03:00,3.0
4,high,late_evening,2026-07-10 21:00:00+03:00,2026-07-11 00:00:00+03:00,3.0
4,high,deep_night,2026-07-11 00:00:00+03:00,2026-07-11 06:00:00+03:00,6.0
4,high,opening,2026-07-11 06:00:00+03:00,2026-07-11 08:00:00+03:00,2.0
4,high,early_morning,2026-07-11 08:00:00+03:00,2026-07-11 09:00:00+03:00,1.0
4,high,morning,2026-07-11 09:00:00+03:00,2026-07-11 11:00:00+03:00,2.0
4,high,lunch,2026-07-11 11:00:00+03:00,2026-07-11 15:00:00+03:00,4.0
4,high,afternoon,2026-07-11 15:00:00+03:00,2026-07-11 18:00:00+03:00,3.0
4,high,dinner,2026-07-11 18:00:00+03:00,2026-07-11 21:00:00+03:00,3.0
4,high,late_evening,2026-07-11 21:00:00+03:00,2026-07-12 00:00:00+03:00,3.0
4,high,deep_night,2026-07-12 00:00:00+03:00,2026-07-12 06:00:00+03:00,6.0
4,high,opening,2026-07-12 06:00:00+03:00,2026-07-12 08:00:00+03:00,2.0
4,high,early_morning,2026-07-12 08:00:00+03:00,2026-07-12 09:00:00+03:00,1.0
4,high,morning,2026-07-12 09:00:00+03:00,2026-07-12 11:00:00+03:00,2.0
4,high,lunch,2026-07-12 11:00:00+03:00,2026-07-12 15:00:00+03:00,4.0
4,high,afternoon,2026-07-12 15:00:00+03:00,2026-07-12 18:00:00+03:00,3.0
4,high,dinner,2026-07-12 18:00:00+03:00,2026-07-12 21:00:00+03:00,3.0
4,high,late_evening,2026-07-12 21:00:00+03:00,2026-07-13 00:00:00+03:00,3.0
4,high,deep_night,2026-07-13 00:00:00+03:00,2026-07-13 06:00:00+03:00,6.0
4,high,opening,2026-07-13 06:00:00+03:00,2026-07-13 08:00:00+03:00,2.0
4,high,early_morning,2026-07-13 08:00:00+03:00,2026-07-13 09:00:00+03:00,1.0
4,high,morning,2026-07-13 09:00:00+03:00,2026-07-13 11:00:00+03:00,2.0
4,high,lunch,2026-07-13 11:00:00+03:00,2026-07-13 15:00:00+03:00,4.0
4,high,afternoon,2026-07-13 15:00:00+03:00,2026-07-13 18:00:00+03:00,3.0
4,high,dinner,2026-07-13 18:00:00+03:00,2026-07-13 21:00:00+03:00,3.0
4,high,late_evening,2026-07-13 21:00:00+03:00,2026-07-14 00:00:00+03:00,3.0
4,high,deep_night,2026-07-14 00:00:00+03:00,2026-07-14 06:00:00+03:00,6.0
4,high,opening,2026-07-14 06:00:00+03:00,2026-07-14 08:00:00+03:00,2.0
4,high,early_morning,2026-07-14 08:00:00+03:00,2026-07-14 09:00:00+03:00,1.0
4,high,morning,2026-07-14 09:00:00+03:00,2026-07-14 11:00:00+03:00,2.0
4,high,lunch,2026-07-14 11:00:00+03:00,2026-07-14 15:00:00+03:00,4.0
4,high,afternoon,2026-07-14 15:00:00+03:00,2026-07-14 18:00:00+03:00,3.0
4,high,dinner,2026-07-14 18:00:00+03:00,2026-07-14 21:00:00+03:00,3.0
4,high,late_evening,2026-07-14 21:00:00+03:00,2026-07-15 00:00:00+03:00,3.0
4,high,deep_night,2026-07-15 00:00:00+03:00,2026-07-15 06:00:00+03:00,6.0
4,high,opening,2026-07-15 06:00:00+03:00,2026-07-15 08:00:00+03:00,2.0
4,high,early_morning,2026-07-15 08:00:00+03:00,2026-07-15 09:00:00+03:00,1.0
4,high,morning,2026-07-15 09:00:00+03:00,2026-07-15 11:00:00+03:00,2.0
4,high,lunch,2026-07-15 11:00:00+03:00,2026-07-15 15:00:00+03:00,4.0
4,high,afternoon,2026-07-15 15:00:00+03:00,2026-07-15 18:00:00+03:00,3.0
4,high,dinner,2026-07-15 18:00:00+03:00,2026-07-15 21:00:00+03:00,3.0
4,high,late_evening,2026-07-15 21:00:00+03:00,2026-07-16 00:00:00+03:00,3.0
4,high,deep_night,2026-07-16 00:00:00+03:00,2026-07-16 06:00:00+03:00,6.0
4,high,opening,2026-07-16 06:00:00+03:00,2026-07-16 08:00:00+03:00,2.0
4,high,early_morning,2026-07-16 08:00:00+03:00,2026-07-16 09:00:00+03:00,1.0
4,high,morning,2026-07-16 09:00:00+03:00,2026-07-16 11:00:00+03:00,2.0
4,high,lunch,2026-07-16 11:00:00+03:00,2026-07-16 15:00:00+03:00,4.0
4,high,afternoon,2026-07-16 15:00:00+03:00,2026-07-16 18:00:00+03:00,3.0
4,high,dinner,2026-07-16 18:00:00+03:00,2026-07-16 21:00:00+03:00,3.0
4,high,late_evening,2026-07-16 21:00:00+03:00,2026-07-17 00:00:00+03:00,3.0
4,high,deep_night,2026-07-17 00:00:00+03:00,2026-07-17 06:00:00+03:00,6.0
4,high,opening,2026-07-17 06:00:00+03:00,2026-07-17 08:00:00+03:00,2.0
4,high,early_morning,2026-07-17 08:00:00+03:00,2026-07-17 09:00:00+03:00,1.0
4,high,morning,2026-07-17 09:00:00+03:00,2026-07-17 11:00:00+03:00,2.0
4,high,lunch,2026-07-17 11:00:00+03:00,2026-07-17 15:00:00+03:00,4.0
4,high,afternoon,2026-07-17 15:00:00+03:00,2026-07-17 18:00:00+03:00,3.0
4,high,dinner,2026-07-17 18:00:00+03:00,2026-07-17 21:00:00+03:00,3.0
4,high,late_evening,2026-07-17 21:00:00+03:00,2026-07-18 00:00:00+03:00,3.0
4,high,deep_night,2026-07-18 00:00:00+03:00,2026-07-18 06:00:00+03:00,6.0
4,high,opening,2026-07-18 06:00:00+03:00,2026-07-18 08:00:00+03:00,2.0
4,high,early_morning,2026-07-18 08:00:00+03:00,2026-07-18 09:00:00+03:00,1.0
4,high,morning,2026-07-18 09:00:00+03:00,2026-07-18 11:00:00+03:00,2.0
4,high,lunch,2026-07-18 11:00:00+03:00,2026-07-18 15:00:00+03:00,4.0
4,high,afternoon,2026-07-18 15:00:00+03:00,2026-07-18 18:00:00+03:00,3.0
4,high,dinner,2026-07-18 18:00:00+03:00,2026-07-18 21:00:00+03:00,3.0
4,high,late_evening,2026-07-18 21:00:00+03:00,2026-07-19 00:00:00+03:00,3.0
4,high,deep_night,2026-07-19 00:00:00+03:00,2026-07-19 06:00:00+03:00,6.0
4,high,opening,2026-07-19 06:00:00+03:00,2026-07-19 08:00:00+03:00,2.0
4,high,early_morning,2026-07-19 08:00:00+03:00,2026-07-19 09:00:00+03:00,1.0
4,high,morning,2026-07-19 09:00:00+03:00,2026-07-19 11:00:00+03:00,2.0
4,high,lunch,2026-07-19 11:00:00+03:00,2026-07-19 15:00:00+03:00,4.0
4,high,afternoon,2026-07-19 15:00:00+03:00,2026-07-19 18:00:00+03:00,3.0
4,high,dinner,2026-07-19 18:00:00+03:00,2026-07-19 21:00:00+03:00,3.0
4,high,late_evening,2026-07-19 21:00:00+03:00,2026-07-20 00:00:00+03:00,3.0
479,medium,block_00_06,2026-07-06 00:00:00+03:00,2026-07-06 06:00:00+03:00,6.0
479,medium,block_06_12,2026-07-06 06:00:00+03:00,2026-07-06 12:00:00+03:00,6.0
479,medium,block_12_18,2026-07-06 12:00:00+03:00,2026-07-06 18:00:00+03:00,6.0
479,medium,block_18_24,2026-07-06 18:00:00+03:00,2026-07-07 00:00:00+03:00,6.0
479,medium,block_00_06,2026-07-07 00:00:00+03:00,2026-07-07 06:00:00+03:00,6.0
479,medium,block_06_12,2026-07-07 06:00:00+03:00,2026-07-07 12:00:00+03:00,6.0
479,medium,block_12_18,2026-07-07 12:00:00+03:00,2026-07-07 18:00:00+03:00,6.0
479,medium,block_18_24,2026-07-07 18:00:00+03:00,2026-07-08 00:00:00+03:00,6.0
479,medium,block_00_06,2026-07-08 00:00:00+03:00,2026-07-08 06:00:00+03:00,6.0
479,medium,block_06_12,2026-07-08 06:00:00+03:00,2026-07-08 12:00:00+03:00,6.0
479,medium,block_12_18,2026-07-08 12:00:00+03:00,2026-07-08 18:00:00+03:00,6.0
479,medium,block_18_24,2026-07-08 18:00:00+03:00,2026-07-09 00:00:00+03:00,6.0
479,medium,block_00_06,2026-07-09 00:00:00+03:00,2026-07-09 06:00:00+03:00,6.0
479,medium,block_06_12,2026-07-09 06:00:00+03:00,2026-07-09 12:00:00+03:00,6.0
479,medium,block_12_18,2026-07-09 12:00:00+03:00,2026-07-09 18:00:00+03:00,6.0
479,medium,block_18_24,2026-07-09 18:00:00+03:00,2026-07-10 00:00:00+03:00,6.0
479,medium,block_00_06,2026-07-10 00:00:00+03:00,2026-07-10 06:00:00+03:00,6.0
479,medium,block_06_12,2026-07-10 06:00:00+03:00,2026-07-10 12:00:00+03:00,6.0
479,medium,block_12_18,2026-07-10 12:00:00+03:00,2026-07-10 18:00:00+03:00,6.0
479,medium,block_18_24,2026-07-10 18:00:00+03:00,2026-07-11 00:00:00+03:00,6.0
479,medium,block_00_06,2026-07-11 00:00:00+03:00,2026-07-11 06:00:00+03:00,6.0
479,medium,block_06_12,2026-07-11 06:00:00+03:00,2026-07-11 12:00:00+03:00,6.0
479,medium,block_12_18,2026-07-11 12:00:00+03:00,2026-07-11 18:00:00+03:00,6.0
479,medium,block_18_24,2026-07-11 18:00:00+03:00,2026-07-12 00:00:00+03:00,6.0
479,medium,block_00_06,2026-07-12 00:00:00+03:00,2026-07-12 06:00:00+03:00,6.0
479,medium,block_06_12,2026-07-12 06:00:00+03:00,2026-07-12 12:00:00+03:00,6.0
479,medium,block_12_18,2026-07-12 12:00:00+03:00,2026-07-12 18:00:00+03:00,6.0
479,medium,block_18_24,2026-07-12 18:00:00+03:00,2026-07-13 00:00:00+03:00,6.0
479,medium,block_00_06,2026-07-13 00:00:00+03:00,2026-07-13 06:00:00+03:00,6.0
479,medium,block_06_12,2026-07-13 06:00:00+03:00,2026-07-13 12:00:00+03:00,6.0
479,medium,block_12_18,2026-07-13 12:00:00+03:00,2026-07-13 18:00:00+03:00,6.0
479,medium,block_18_24,2026-07-13 18:00:00+03:00,2026-07-14 00:00:00+03:00,6.0
479,medium,block_00_06,2026-07-14 00:00:00+03:00,2026-07-14 06:00:00+03:00,6.0
479,medium,block_06_12,2026-07-14 06:00:00+03:00,2026-07-14 12:00:00+03:00,6.0
479,medium,block_12_18,2026-07-14 12:00:00+03:00,2026-07-14 18:00:00+03:00,6.0
479,medium,block_18_24,2026-07-14 18:00:00+03:00,2026-07-15 00:00:00+03:00,6.0
479,medium,block_00_06,2026-07-15 00:00:00+03:00,2026-07-15 06:00:00+03:00,6.0
479,medium,block_06_12,2026-07-15 06:00:00+03:00,2026-07-15 12:00:00+03:00,6.0
479,medium,block_12_18,2026-07-15 12:00:00+03:00,2026-07-15 18:00:00+03:00,6.0
479,medium,block_18_24,2026-07-15 18:00:00+03:00,2026-07-16 00:00:00+03:00,6.0
479,medium,block_00_06,2026-07-16 00:00:00+03:00,2026-07-16 06:00:00+03:00,6.0
479,medium,block_06_12,2026-07-16 06:00:00+03:00,2026-07-16 12:00:00+03:00,6.0
479,medium,block_12_18,2026-07-16 12:00:00+03:00,2026-07-16 18:00:00+03:00,6.0
479,medium,block_18_24,2026-07-16 18:00:00+03:00,2026-07-17 00:00:00+03:00,6.0
479,medium,block_00_06,2026-07-17 00:00:00+03:00,2026-07-17 06:00:00+03:00,6.0
479,medium,block_06_12,2026-07-17 06:00:00+03:00,2026-07-17 12:00:00+03:00,6.0
479,medium,block_12_18,2026-07-17 12:00:00+03:00,2026-07-17 18:00:00+03:00,6.0
479,medium,block_18_24,2026-07-17 18:00:00+03:00,2026-07-18 00:00:00+03:00,6.0
479,medium,block_00_06,2026-07-18 00:00:00+03:00,2026-07-18 06:00:00+03:00,6.0
479,medium,block_06_12,2026-07-18 06:00:00+03:00,2026-07-18 12:00:00+03:00,6.0
479,medium,block_12_18,2026-07-18 12:00:00+03:00,2026-07-18 18:00:00+03:00,6.0
479,medium,block_18_24,2026-07-18 18:00:00+03:00,2026-07-19 00:00:00+03:00,6.0
479,medium,block_00_06,2026-07-19 00:00:00+03:00,2026-07-19 06:00:00+03:00,6.0
479,medium,block_06_12,2026-07-19 06:00:00+03:00,2026-07-19 12:00:00+03:00,6.0
479,medium,block_12_18,2026-07-19 12:00:00+03:00,2026-07-19 18:00:00+03:00,6.0
479,medium,block_18_24,2026-07-19 18:00:00+03:00,2026-07-20 00:00:00+03:00,6.0
482,low,block_00_06,2026-07-06 00:00:00+03:00,2026-07-06 06:00:00+03:00,6.0
482,low,block_06_12,2026-07-06 06:00:00+03:00,2026-07-06 12:00:00+03:00,6.0
482,low,block_12_18,2026-07-06 12:00:00+03:00,2026-07-06 18:00:00+03:00,6.0
482,low,block_18_24,2026-07-06 18:00:00+03:00,2026-07-07 00:00:00+03:00,6.0
482,low,block_00_06,2026-07-07 00:00:00+03:00,2026-07-07 06:00:00+03:00,6.0
482,low,block_06_12,2026-07-07 06:00:00+03:00,2026-07-07 12:00:00+03:00,6.0
482,low,block_12_18,2026-07-07 12:00:00+03:00,2026-07-07 18:00:00+03:00,6.0
482,low,block_18_24,2026-07-07 18:00:00+03:00,2026-07-08 00:00:00+03:00,6.0
482,low,block_00_06,2026-07-08 00:00:00+03:00,2026-07-08 06:00:00+03:00,6.0
482,low,block_06_12,2026-07-08 06:00:00+03:00,2026-07-08 12:00:00+03:00,6.0
482,low,block_12_18,2026-07-08 12:00:00+03:00,2026-07-08 18:00:00+03:00,6.0
482,low,block_18_24,2026-07-08 18:00:00+03:00,2026-07-09 00:00:00+03:00,6.0
482,low,block_00_06,2026-07-09 00:00:00+03:00,2026-07-09 06:00:00+03:00,6.0
482,low,block_06_12,2026-07-09 06:00:00+03:00,2026-07-09 12:00:00+03:00,6.0
482,low,block_12_18,2026-07-09 12:00:00+03:00,2026-07-09 18:00:00+03:00,6.0
482,low,block_18_24,2026-07-09 18:00:00+03:00,2026-07-10 00:00:00+03:00,6.0
482,low,block_00_06,2026-07-10 00:00:00+03:00,2026-07-10 06:00:00+03:00,6.0
482,low,block_06_12,2026-07-10 06:00:00+03:00,2026-07-10 12:00:00+03:00,6.0
482,low,block_12_18,2026-07-10 12:00:00+03:00,2026-07-10 18:00:00+03:00,6.0
482,low,block_18_24,2026-07-10 18:00:00+03:00,2026-07-11 00:00:00+03:00,6.0
482,low,block_00_06,2026-07-11 00:00:00+03:00,2026-07-11 06:00:00+03:00,6.0
482,low,block_06_12,2026-07-11 06:00:00+03:00,2026-07-11 12:00:00+03:00,6.0
482,low,block_12_18,2026-07-11 12:00:00+03:00,2026-07-11 18:00:00+03:00,6.0
482,low,block_18_24,2026-07-11 18:00:00+03:00,2026-07-12 00:00:00+03:00,6.0
482,low,block_00_06,2026-07-12 00:00:00+03:00,2026-07-12 06:00:00+03:00,6.0
482,low,block_06_12,2026-07-12 06:00:00+03:00,2026-07-12 12:00:00+03:00,6.0
482,low,block_12_18,2026-07-12 12:00:00+03:00,2026-07-12 18:00:00+03:00,6.0
482,low,block_18_24,2026-07-12 18:00:00+03:00,2026-07-13 00:00:00+03:00,6.0
482,low,block_00_06,2026-07-13 00:00:00+03:00,2026-07-13 06:00:00+03:00,6.0
482,low,block_06_12,2026-07-13 06:00:00+03:00,2026-07-13 12:00:00+03:00,6.0
482,low,block_12_18,2026-07-13 12:00:00+03:00,2026-07-13 18:00:00+03:00,6.0
482,low,block_18_24,2026-07-13 18:00:00+03:00,2026-07-14 00:00:00+03:00,6.0
482,low,block_00_06,2026-07-14 00:00:00+03:00,2026-07-14 06:00:00+03:00,6.0
482,low,block_06_12,2026-07-14 06:00:00+03:00,2026-07-14 12:00:00+03:00,6.0
482,low,block_12_18,2026-07-14 12:00:00+03:00,2026-07-14 18:00:00+03:00,6.0
482,low,block_18_24,2026-07-14 18:00:00+03:00,2026-07-15 00:00:00+03:00,6.0
482,low,block_00_06,2026-07-15 00:00:00+03:00,2026-07-15 06:00:00+03:00,6.0
482,low,block_06_12,2026-07-15 06:00:00+03:00,2026-07-15 12:00:00+03:00,6.0
482,low,block_12_18,2026-07-15 12:00:00+03:00,2026-07-15 18:00:00+03:00,6.0
482,low,block_18_24,2026-07-15 18:00:00+03:00,2026-07-16 00:00:00+03:00,6.0
482,low,block_00_06,2026-07-16 00:00:00+03:00,2026-07-16 06:00:00+03:00,6.0
482,low,block_06_12,2026-07-16 06:00:00+03:00,2026-07-16 12:00:00+03:00,6.0
482,low,block_12_18,2026-07-16 12:00:00+03:00,2026-07-16 18:00:00+03:00,6.0
482,low,block_18_24,2026-07-16 18:00:00+03:00,2026-07-17 00:00:00+03:00,6.0
482,low,block_00_06,2026-07-17 00:00:00+03:00,2026-07-17 06:00:00+03:00,6.0
482,low,block_06_12,2026-07-17 06:00:00+03:00,2026-07-17 12:00:00+03:00,6.0
482,low,block_12_18,2026-07-17 12:00:00+03:00,2026-07-17 18:00:00+03:00,6.0
482,low,block_18_24,2026-07-17 18:00:00+03:00,2026-07-18 00:00:00+03:00,6.0
482,low,block_00_06,2026-07-18 00:00:00+03:00,2026-07-18 06:00:00+03:00,6.0
482,low,block_06_12,2026-07-18 06:00:00+03:00,2026-07-18 12:00:00+03:00,6.0
482,low,block_12_18,2026-07-18 12:00:00+03:00,2026-07-18 18:00:00+03:00,6.0
482,low,block_18_24,2026-07-18 18:00:00+03:00,2026-07-19 00:00:00+03:00,6.0
482,low,block_00_06,2026-07-19 00:00:00+03:00,2026-07-19 06:00:00+03:00,6.0
482,low,block_06_12,2026-07-19 06:00:00+03:00,2026-07-19 12:00:00+03:00,6.0
482,low,block_12_18,2026-07-19 12:00:00+03:00,2026-07-19 18:00:00+03:00,6.0
482,low,block_18_24,2026-07-19 18:00:00+03:00,2026-07-20 00:00:00+03:00,6.0
483,low,block_00_06,2026-07-06 00:00:00+03:00,2026-07-06 06:00:00+03:00,6.0
483,low,block_06_12,2026-07-06 06:00:00+03:00,2026-07-06 12:00:00+03:00,6.0
483,low,block_12_18,2026-07-06 12:00:00+03:00,2026-07-06 18:00:00+03:00,6.0
483,low,block_18_24,2026-07-06 18:00:00+03:00,2026-07-07 00:00:00+03:00,6.0
483,low,block_00_06,2026-07-07 00:00:00+03:00,2026-07-07 06:00:00+03:00,6.0
483,low,block_06_12,2026-07-07 06:00:00+03:00,2026-07-07 12:00:00+03:00,6.0
483,low,block_12_18,2026-07-07 12:00:00+03:00,2026-07-07 18:00:00+03:00,6.0
483,low,block_18_24,2026-07-07 18:00:00+03:00,2026-07-08 00:00:00+03:00,6.0
483,low,block_00_06,2026-07-08 00:00:00+03:00,2026-07-08 06:00:00+03:00,6.0
483,low,block_06_12,2026-07-08 06:00:00+03:00,2026-07-08 12:00:00+03:00,6.0
483,low,block_12_18,2026-07-08 12:00:00+03:00,2026-07-08 18:00:00+03:00,6.0
483,low,block_18_24,2026-07-08 18:00:00+03:00,2026-07-09 00:00:00+03:00,6.0
483,low,block_00_06,2026-07-09 00:00:00+03:00,2026-07-09 06:00:00+03:00,6.0
483,low,block_06_12,2026-07-09 06:00:00+03:00,2026-07-09 12:00:00+03:00,6.0
483,low,block_12_18,2026-07-09 12:00:00+03:00,2026-07-09 18:00:00+03:00,6.0
483,low,block_18_24,2026-07-09 18:00:00+03:00,2026-07-10 00:00:00+03:00,6.0
483,low,block_00_06,2026-07-10 00:00:00+03:00,2026-07-10 06:00:00+03:00,6.0
483,low,block_06_12,2026-07-10 06:00:00+03:00,2026-07-10 12:00:00+03:00,6.0
483,low,block_12_18,2026-07-10 12:00:00+03:00,2026-07-10 18:00:00+03:00,6.0
483,low,block_18_24,2026-07-10 18:00:00+03:00,2026-07-11 00:00:00+03:00,6.0
483,low,block_00_06,2026-07-11 00:00:00+03:00,2026-07-11 06:00:00+03:00,6.0
483,low,block_06_12,2026-07-11 06:00:00+03:00,2026-07-11 12:00:00+03:00,6.0
483,low,block_12_18,2026-07-11 12:00:00+03:00,2026-07-11 18:00:00+03:00,6.0
483,low,block_18_24,2026-07-11 18:00:00+03:00,2026-07-12 00:00:00+03:00,6.0
483,low,block_00_06,2026-07-12 00:00:00+03:00,2026-07-12 06:00:00+03:00,6.0
483,low,block_06_12,2026-07-12 06:00:00+03:00,2026-07-12 12:00:00+03:00,6.0
483,low,block_12_18,2026-07-12 12:00:00+03:00,2026-07-12 18:00:00+03:00,6.0
483,low,block_18_24,2026-07-12 18:00:00+03:00,2026-07-13 00:00:00+03:00,6.0
483,low,block_00_06,2026-07-13 00:00:00+03:00,2026-07-13 06:00:00+03:00,6.0
483,low,block_06_12,2026-07-13 06:00:00+03:00,2026-07-13 12:00:00+03:00,6.0
483,low,block_12_18,2026-07-13 12:00:00+03:00,2026-07-13 18:00:00+03:00,6.0
483,low,block_18_24,2026-07-13 18:00:00+03:00,2026-07-14 00:00:00+03:00,6.0
483,low,block_00_06,2026-07-14 00:00:00+03:00,2026-07-14 06:00:00+03:00,6.0
483,low,block_06_12,2026-07-14 06:00:00+03:00,2026-07-14 12:00:00+03:00,6.0
483,low,block_12_18,2026-07-14 12:00:00+03:00,2026-07-14 18:00:00+03:00,6.0
483,low,block_18_24,2026-07-14 18:00:00+03:00,2026-07-15 00:00:00+03:00,6.0
483,low,block_00_06,2026-07-15 00:00:00+03:00,2026-07-15 06:00:00+03:00,6.0
483,low,block_06_12,2026-07-15 06:00:00+03:00,2026-07-15 12:00:00+03:00,6.0
483,low,block_12_18,2026-07-15 12:00:00+03:00,2026-07-15 18:00:00+03:00,6.0
483,low,block_18_24,2026-07-15 18:00:00+03:00,2026-07-16 00:00:00+03:00,6.0
483,low,block_00_06,2026-07-16 00:00:00+03:00,2026-07-16 06:00:00+03:00,6.0
483,low,block_06_12,2026-07-16 06:00:00+03:00,2026-07-16 12:00:00+03:00,6.0
483,low,block_12_18,2026-07-16 12:00:00+03:00,2026-07-16 18:00:00+03:00,6.0
483,low,block_18_24,2026-07-16 18:00:00+03:00,2026-07-17 00:00:00+03:00,6.0
483,low,block_00_06,2026-07-17 00:00:00+03:00,2026-07-17 06:00:00+03:00,6.0
483,low,block_06_12,2026-07-17 06:00:00+03:00,2026-07-17 12:00:00+03:00,6.0
483,low,block_12_18,2026-07-17 12:00:00+03:00,2026-07-17 18:00:00+03:00,6.0
483,low,block_18_24,2026-07-17 18:00:00+03:00,2026-07-18 00:00:00+03:00,6.0
483,low,block_00_06,2026-07-18 00:00:00+03:00,2026-07-18 06:00:00+03:00,6.0
483,low,block_06_12,2026-07-18 06:00:00+03:00,2026-07-18 12:00:00+03:00,6.0
483,low,block_12_18,2026-07-18 12:00:00+03:00,2026-07-18 18:00:00+03:00,6.0
483,low,block_18_24,2026-07-18 18:00:00+03:00,2026-07-19 00:00:00+03:00,6.0
483,low,block_00_06,2026-07-19 00:00:00+03:00,2026-07-19 06:00:00+03:00,6.0
483,low,block_06_12,2026-07-19 06:00:00+03:00,2026-07-19 12:00:00+03:00,6.0
483,low,block_12_18,2026-07-19 12:00:00+03:00,2026-07-19 18:00:00+03:00,6.0
483,low,block_18_24,2026-07-19 18:00:00+03:00,2026-07-20 00:00:00+03:00,6.0
5,medium,block_00_06,2026-07-06 00:00:00+03:00,2026-07-06 06:00:00+03:00,6.0
5,medium,block_06_12,2026-07-06 06:00:00+03:00,2026-07-06 12:00:00+03:00,6.0
5,medium,block_12_18,2026-07-06 12:00:00+03:00,2026-07-06 18:00:00+03:00,6.0
5,medium,block_18_24,2026-07-06 18:00:00+03:00,2026-07-07 00:00:00+03:00,6.0
5,medium,block_00_06,2026-07-07 00:00:00+03:00,2026-07-07 06:00:00+03:00,6.0
5,medium,block_06_12,2026-07-07 06:00:00+03:00,2026-07-07 12:00:00+03:00,6.0
5,medium,block_12_18,2026-07-07 12:00:00+03:00,2026-07-07 18:00:00+03:00,6.0
5,medium,block_18_24,2026-07-07 18:00:00+03:00,2026-07-08 00:00:00+03:00,6.0
5,medium,block_00_06,2026-07-08 00:00:00+03:00,2026-07-08 06:00:00+03:00,6.0
5,medium,block_06_12,2026-07-08 06:00:00+03:00,2026-07-08 12:00:00+03:00,6.0
5,medium,block_12_18,2026-07-08 12:00:00+03:00,2026-07-08 18:00:00+03:00,6.0
5,medium,block_18_24,2026-07-08 18:00:00+03:00,2026-07-09 00:00:00+03:00,6.0
5,medium,block_00_06,2026-07-09 00:00:00+03:00,2026-07-09 06:00:00+03:00,6.0
5,medium,block_06_12,2026-07-09 06:00:00+03:00,2026-07-09 12:00:00+03:00,6.0
5,medium,block_12_18,2026-07-09 12:00:00+03:00,2026-07-09 18:00:00+03:00,6.0
5,medium,block_18_24,2026-07-09 18:00:00+03:00,2026-07-10 00:00:00+03:00,6.0
5,medium,block_00_06,2026-07-10 00:00:00+03:00,2026-07-10 06:00:00+03:00,6.0
5,medium,block_06_12,2026-07-10 06:00:00+03:00,2026-07-10 12:00:00+03:00,6.0
5,medium,block_12_18,2026-07-10 12:00:00+03:00,2026-07-10 18:00:00+03:00,6.0
5,medium,block_18_24,2026-07-10 18:00:00+03:00,2026-07-11 00:00:00+03:00,6.0
5,medium,block_00_06,2026-07-11 00:00:00+03:00,2026-07-11 06:00:00+03:00,6.0
5,medium,block_06_12,2026-07-11 06:00:00+03:00,2026-07-11 12:00:00+03:00,6.0
5,medium,block_12_18,2026-07-11 12:00:00+03:00,2026-07-11 18:00:00+03:00,6.0
5,medium,block_18_24,2026-07-11 18:00:00+03:00,2026-07-12 00:00:00+03:00,6.0
5,medium,block_00_06,2026-07-12 00:00:00+03:00,2026-07-12 06:00:00+03:00,6.0
5,medium,block_06_12,2026-07-12 06:00:00+03:00,2026-07-12 12:00:00+03:00,6.0
5,medium,block_12_18,2026-07-12 12:00:00+03:00,2026-07-12 18:00:00+03:00,6.0
5,medium,block_18_24,2026-07-12 18:00:00+03:00,2026-07-13 00:00:00+03:00,6.0
5,medium,block_00_06,2026-07-13 00:00:00+03:00,2026-07-13 06:00:00+03:00,6.0
5,medium,block_06_12,2026-07-13 06:00:00+03:00,2026-07-13 12:00:00+03:00,6.0
5,medium,block_12_18,2026-07-13 12:00:00+03:00,2026-07-13 18:00:00+03:00,6.0
5,medium,block_18_24,2026-07-13 18:00:00+03:00,2026-07-14 00:00:00+03:00,6.0
5,medium,block_00_06,2026-07-14 00:00:00+03:00,2026-07-14 06:00:00+03:00,6.0
5,medium,block_06_12,2026-07-14 06:00:00+03:00,2026-07-14 12:00:00+03:00,6.0
5,medium,block_12_18,2026-07-14 12:00:00+03:00,2026-07-14 18:00:00+03:00,6.0
5,medium,block_18_24,2026-07-14 18:00:00+03:00,2026-07-15 00:00:00+03:00,6.0
5,medium,block_00_06,2026-07-15 00:00:00+03:00,2026-07-15 06:00:00+03:00,6.0
5,medium,block_06_12,2026-07-15 06:00:00+03:00,2026-07-15 12:00:00+03:00,6.0
5,medium,block_12_18,2026-07-15 12:00:00+03:00,2026-07-15 18:00:00+03:00,6.0
5,medium,block_18_24,2026-07-15 18:00:00+03:00,2026-07-16 00:00:00+03:00,6.0
5,medium,block_00_06,2026-07-16 00:00:00+03:00,2026-07-16 06:00:00+03:00,6.0
5,medium,block_06_12,2026-07-16 06:00:00+03:00,2026-07-16 12:00:00+03:00,6.0
5,medium,block_12_18,2026-07-16 12:00:00+03:00,2026-07-16 18:00:00+03:00,6.0
5,medium,block_18_24,2026-07-16 18:00:00+03:00,2026-07-17 00:00:00+03:00,6.0
5,medium,block_00_06,2026-07-17 00:00:00+03:00,2026-07-17 06:00:00+03:00,6.0
5,medium,block_06_12,2026-07-17 06:00:00+03:00,2026-07-17 12:00:00+03:00,6.0
5,medium,block_12_18,2026-07-17 12:00:00+03:00,2026-07-17 18:00:00+03:00,6.0
5,medium,block_18_24,2026-07-17 18:00:00+03:00,2026-07-18 00:00:00+03:00,6.0
5,medium,block_00_06,2026-07-18 00:00:00+03:00,2026-07-18 06:00:00+03:00,6.0
5,medium,block_06_12,2026-07-18 06:00:00+03:00,2026-07-18 12:00:00+03:00,6.0
5,medium,block_12_18,2026-07-18 12:00:00+03:00,2026-07-18 18:00:00+03:00,6.0
5,medium,block_18_24,2026-07-18 18:00:00+03:00,2026-07-19 00:00:00+03:00,6.0
5,medium,block_00_06,2026-07-19 00:00:00+03:00,2026-07-19 06:00:00+03:00,6.0
5,medium,block_06_12,2026-07-19 06:00:00+03:00,2026-07-19 12:00:00+03:00,6.0
5,medium,block_12_18,2026-07-19 12:00:00+03:00,2026-07-19 18:00:00+03:00,6.0
5,medium,block_18_24,2026-07-19 18:00:00+03:00,2026-07-20 00:00:00+03:00,6.0
558,low,block_00_06,2026-07-06 00:00:00+03:00,2026-07-06 06:00:00+03:00,6.0
558,low,block_06_12,2026-07-06 06:00:00+03:00,2026-07-06 12:00:00+03:00,6.0
558,low,block_12_18,2026-07-06 12:00:00+03:00,2026-07-06 18:00:00+03:00,6.0
558,low,block_18_24,2026-07-06 18:00:00+03:00,2026-07-07 00:00:00+03:00,6.0
558,low,block_00_06,2026-07-07 00:00:00+03:00,2026-07-07 06:00:00+03:00,6.0
558,low,block_06_12,2026-07-07 06:00:00+03:00,2026-07-07 12:00:00+03:00,6.0
558,low,block_12_18,2026-07-07 12:00:00+03:00,2026-07-07 18:00:00+03:00,6.0
558,low,block_18_24,2026-07-07 18:00:00+03:00,2026-07-08 00:00:00+03:00,6.0
558,low,block_00_06,2026-07-08 00:00:00+03:00,2026-07-08 06:00:00+03:00,6.0
558,low,block_06_12,2026-07-08 06:00:00+03:00,2026-07-08 12:00:00+03:00,6.0
558,low,block_12_18,2026-07-08 12:00:00+03:00,2026-07-08 18:00:00+03:00,6.0
558,low,block_18_24,2026-07-08 18:00:00+03:00,2026-07-09 00:00:00+03:00,6.0
558,low,block_00_06,2026-07-09 00:00:00+03:00,2026-07-09 06:00:00+03:00,6.0
558,low,block_06_12,2026-07-09 06:00:00+03:00,2026-07-09 12:00:00+03:00,6.0
558,low,block_12_18,2026-07-09 12:00:00+03:00,2026-07-09 18:00:00+03:00,6.0
558,low,block_18_24,2026-07-09 18:00:00+03:00,2026-07-10 00:00:00+03:00,6.0
558,low,block_00_06,2026-07-10 00:00:00+03:00,2026-07-10 06:00:00+03:00,6.0
558,low,block_06_12,2026-07-10 06:00:00+03:00,2026-07-10 12:00:00+03:00,6.0
558,low,block_12_18,2026-07-10 12:00:00+03:00,2026-07-10 18:00:00+03:00,6.0
558,low,block_18_24,2026-07-10 18:00:00+03:00,2026-07-11 00:00:00+03:00,6.0
558,low,block_00_06,2026-07-11 00:00:00+03:00,2026-07-11 06:00:00+03:00,6.0
558,low,block_06_12,2026-07-11 06:00:00+03:00,2026-07-11 12:00:00+03:00,6.0
558,low,block_12_18,2026-07-11 12:00:00+03:00,2026-07-11 18:00:00+03:00,6.0
558,low,block_18_24,2026-07-11 18:00:00+03:00,2026-07-12 00:00:00+03:00,6.0
558,low,block_00_06,2026-07-12 00:00:00+03:00,2026-07-12 06:00:00+03:00,6.0
558,low,block_06_12,2026-07-12 06:00:00+03:00,2026-07-12 12:00:00+03:00,6.0
558,low,block_12_18,2026-07-12 12:00:00+03:00,2026-07-12 18:00:00+03:00,6.0
558,low,block_18_24,2026-07-12 18:00:00+03:00,2026-07-13 00:00:00+03:00,6.0
558,low,block_00_06,2026-07-13 00:00:00+03:00,2026-07-13 06:00:00+03:00,6.0
558,low,block_06_12,2026-07-13 06:00:00+03:00,2026-07-13 12:00:00+03:00,6.0
558,low,block_12_18,2026-07-13 12:00:00+03:00,2026-07-13 18:00:00+03:00,6.0
558,low,block_18_24,2026-07-13 18:00:00+03:00,2026-07-14 00:00:00+03:00,6.0
558,low,block_00_06,2026-07-14 00:00:00+03:00,2026-07-14 06:00:00+03:00,6.0
558,low,block_06_12,2026-07-14 06:00:00+03:00,2026-07-14 12:00:00+03:00,6.0
558,low,block_12_18,2026-07-14 12:00:00+03:00,2026-07-14 18:00:00+03:00,6.0
558,low,block_18_24,2026-07-14 18:00:00+03:00,2026-07-15 00:00:00+03:00,6.0
558,low,block_00_06,2026-07-15 00:00:00+03:00,2026-07-15 06:00:00+03:00,6.0
558,low,block_06_12,2026-07-15 06:00:00+03:00,2026-07-15 12:00:00+03:00,6.0
558,low,block_12_18,2026-07-15 12:00:00+03:00,2026-07-15 18:00:00+03:00,6.0
558,low,block_18_24,2026-07-15 18:00:00+03:00,2026-07-16 00:00:00+03:00,6.0
558,low,block_00_06,2026-07-16 00:00:00+03:00,2026-07-16 06:00:00+03:00,6.0
558,low,block_06_12,2026-07-16 06:00:00+03:00,2026-07-16 12:00:00+03:00,6.0
558,low,block_12_18,2026-07-16 12:00:00+03:00,2026-07-16 18:00:00+03:00,6.0
558,low,block_18_24,2026-07-16 18:00:00+03:00,2026-07-17 00:00:00+03:00,6.0
558,low,block_00_06,2026-07-17 00:00:00+03:00,2026-07-17 06:00:00+03:00,6.0
558,low,block_06_12,2026-07-17 06:00:00+03:00,2026-07-17 12:00:00+03:00,6.0
558,low,block_12_18,2026-07-17 12:00:00+03:00,2026-07-17 18:00:00+03:00,6.0
558,low,block_18_24,2026-07-17 18:00:00+03:00,2026-07-18 00:00:00+03:00,6.0
558,low,block_00_06,2026-07-18 00:00:00+03:00,2026-07-18 06:00:00+03:00,6.0
558,low,block_06_12,2026-07-18 06:00:00+03:00,2026-07-18 12:00:00+03:00,6.0
558,low,block_12_18,2026-07-18 12:00:00+03:00,2026-07-18 18:00:00+03:00,6.0
558,low,block_18_24,2026-07-18 18:00:00+03:00,2026-07-19 00:00:00+03:00,6.0
558,low,block_00_06,2026-07-19 00:00:00+03:00,2026-07-19 06:00:00+03:00,6.0
558,low,block_06_12,2026-07-19 06:00:00+03:00,2026-07-19 12:00:00+03:00,6.0
558,low,block_12_18,2026-07-19 12:00:00+03:00,2026-07-19 18:00:00+03:00,6.0
558,low,block_18_24,2026-07-19 18:00:00+03:00,2026-07-20 00:00:00+03:00,6.0
560,low,block_00_06,2026-07-06 00:00:00+03:00,2026-07-06 06:00:00+03:00,6.0
560,low,block_06_12,2026-07-06 06:00:00+03:00,2026-07-06 12:00:00+03:00,6.0
560,low,block_12_18,2026-07-06 12:00:00+03:00,2026-07-06 18:00:00+03:00,6.0
560,low,block_18_24,2026-07-06 18:00:00+03:00,2026-07-07 00:00:00+03:00,6.0
560,low,block_00_06,2026-07-07 00:00:00+03:00,2026-07-07 06:00:00+03:00,6.0
560,low,block_06_12,2026-07-07 06:00:00+03:00,2026-07-07 12:00:00+03:00,6.0
560,low,block_12_18,2026-07-07 12:00:00+03:00,2026-07-07 18:00:00+03:00,6.0
560,low,block_18_24,2026-07-07 18:00:00+03:00,2026-07-08 00:00:00+03:00,6.0
560,low,block_00_06,2026-07-08 00:00:00+03:00,2026-07-08 06:00:00+03:00,6.0
560,low,block_06_12,2026-07-08 06:00:00+03:00,2026-07-08 12:00:00+03:00,6.0
560,low,block_12_18,2026-07-08 12:00:00+03:00,2026-07-08 18:00:00+03:00,6.0
560,low,block_18_24,2026-07-08 18:00:00+03:00,2026-07-09 00:00:00+03:00,6.0
560,low,block_00_06,2026-07-09 00:00:00+03:00,2026-07-09 06:00:00+03:00,6.0
560,low,block_06_12,2026-07-09 06:00:00+03:00,2026-07-09 12:00:00+03:00,6.0
560,low,block_12_18,2026-07-09 12:00:00+03:00,2026-07-09 18:00:00+03:00,6.0
560,low,block_18_24,2026-07-09 18:00:00+03:00,2026-07-10 00:00:00+03:00,6.0
560,low,block_00_06,2026-07-10 00:00:00+03:00,2026-07-10 06:00:00+03:00,6.0
560,low,block_06_12,2026-07-10 06:00:00+03:00,2026-07-10 12:00:00+03:00,6.0
560,low,block_12_18,2026-07-10 12:00:00+03:00,2026-07-10 18:00:00+03:00,6.0
560,low,block_18_24,2026-07-10 18:00:00+03:00,2026-07-11 00:00:00+03:00,6.0
560,low,block_00_06,2026-07-11 00:00:00+03:00,2026-07-11 06:00:00+03:00,6.0
560,low,block_06_12,2026-07-11 06:00:00+03:00,2026-07-11 12:00:00+03:00,6.0
560,low,block_12_18,2026-07-11 12:00:00+03:00,2026-07-11 18:00:00+03:00,6.0
560,low,block_18_24,2026-07-11 18:00:00+03:00,2026-07-12 00:00:00+03:00,6.0
560,low,block_00_06,2026-07-12 00:00:00+03:00,2026-07-12 06:00:00+03:00,6.0
560,low,block_06_12,2026-07-12 06:00:00+03:00,2026-07-12 12:00:00+03:00,6.0
560,low,block_12_18,2026-07-12 12:00:00+03:00,2026-07-12 18:00:00+03:00,6.0
560,low,block_18_24,2026-07-12 18:00:00+03:00,2026-07-13 00:00:00+03:00,6.0
560,low,block_00_06,2026-07-13 00:00:00+03:00,2026-07-13 06:00:00+03:00,6.0
560,low,block_06_12,2026-07-13 06:00:00+03:00,2026-07-13 12:00:00+03:00,6.0
560,low,block_12_18,2026-07-13 12:00:00+03:00,2026-07-13 18:00:00+03:00,6.0
560,low,block_18_24,2026-07-13 18:00:00+03:00,2026-07-14 00:00:00+03:00,6.0
560,low,block_00_06,2026-07-14 00:00:00+03:00,2026-07-14 06:00:00+03:00,6.0
560,low,block_06_12,2026-07-14 06:00:00+03:00,2026-07-14 12:00:00+03:00,6.0
560,low,block_12_18,2026-07-14 12:00:00+03:00,2026-07-14 18:00:00+03:00,6.0
560,low,block_18_24,2026-07-14 18:00:00+03:00,2026-07-15 00:00:00+03:00,6.0
560,low,block_00_06,2026-07-15 00:00:00+03:00,2026-07-15 06:00:00+03:00,6.0
560,low,block_06_12,2026-07-15 06:00:00+03:00,2026-07-15 12:00:00+03:00,6.0
560,low,block_12_18,2026-07-15 12:00:00+03:00,2026-07-15 18:00:00+03:00,6.0
560,low,block_18_24,2026-07-15 18:00:00+03:00,2026-07-16 00:00:00+03:00,6.0
560,low,block_00_06,2026-07-16 00:00:00+03:00,2026-07-16 06:00:00+03:00,6.0
560,low,block_06_12,2026-07-16 06:00:00+03:00,2026-07-16 12:00:00+03:00,6.0
560,low,block_12_18,2026-07-16 12:00:00+03:00,2026-07-16 18:00:00+03:00,6.0
560,low,block_18_24,2026-07-16 18:00:00+03:00,2026-07-17 00:00:00+03:00,6.0
560,low,block_00_06,2026-07-17 00:00:00+03:00,2026-07-17 06:00:00+03:00,6.0
560,low,block_06_12,2026-07-17 06:00:00+03:00,2026-07-17 12:00:00+03:00,6.0
560,low,block_12_18,2026-07-17 12:00:00+03:00,2026-07-17 18:00:00+03:00,6.0
560,low,block_18_24,2026-07-17 18:00:00+03:00,2026-07-18 00:00:00+03:00,6.0
560,low,block_00_06,2026-07-18 00:00:00+03:00,2026-07-18 06:00:00+03:00,6.0
560,low,block_06_12,2026-07-18 06:00:00+03:00,2026-07-18 12:00:00+03:00,6.0
560,low,block_12_18,2026-07-18 12:00:00+03:00,2026-07-18 18:00:00+03:00,6.0
560,low,block_18_24,2026-07-18 18:00:00+03:00,2026-07-19 00:00:00+03:00,6.0
560,low,block_00_06,2026-07-19 00:00:00+03:00,2026-07-19 06:00:00+03:00,6.0
560,low,block_06_12,2026-07-19 06:00:00+03:00,2026-07-19 12:00:00+03:00,6.0
560,low,block_12_18,2026-07-19 12:00:00+03:00,2026-07-19 18:00:00+03:00,6.0
560,low,block_18_24,2026-07-19 18:00:00+03:00,2026-07-20 00:00:00+03:00,6.0
597,low,block_00_06,2026-07-06 00:00:00+03:00,2026-07-06 06:00:00+03:00,6.0
597,low,block_06_12,2026-07-06 06:00:00+03:00,2026-07-06 12:00:00+03:00,6.0
597,low,block_12_18,2026-07-06 12:00:00+03:00,2026-07-06 18:00:00+03:00,6.0
597,low,block_18_24,2026-07-06 18:00:00+03:00,2026-07-07 00:00:00+03:00,6.0
597,low,block_00_06,2026-07-07 00:00:00+03:00,2026-07-07 06:00:00+03:00,6.0
597,low,block_06_12,2026-07-07 06:00:00+03:00,2026-07-07 12:00:00+03:00,6.0
597,low,block_12_18,2026-07-07 12:00:00+03:00,2026-07-07 18:00:00+03:00,6.0
597,low,block_18_24,2026-07-07 18:00:00+03:00,2026-07-08 00:00:00+03:00,6.0
597,low,block_00_06,2026-07-08 00:00:00+03:00,2026-07-08 06:00:00+03:00,6.0
597,low,block_06_12,2026-07-08 06:00:00+03:00,2026-07-08 12:00:00+03:00,6.0
597,low,block_12_18,2026-07-08 12:00:00+03:00,2026-07-08 18:00:00+03:00,6.0
597,low,block_18_24,2026-07-08 18:00:00+03:00,2026-07-09 00:00:00+03:00,6.0
597,low,block_00_06,2026-07-09 00:00:00+03:00,2026-07-09 06:00:00+03:00,6.0
597,low,block_06_12,2026-07-09 06:00:00+03:00,2026-07-09 12:00:00+03:00,6.0
597,low,block_12_18,2026-07-09 12:00:00+03:00,2026-07-09 18:00:00+03:00,6.0
597,low,block_18_24,2026-07-09 18:00:00+03:00,2026-07-10 00:00:00+03:00,6.0
597,low,block_00_06,2026-07-10 00:00:00+03:00,2026-07-10 06:00:00+03:00,6.0
597,low,block_06_12,2026-07-10 06:00:00+03:00,2026-07-10 12:00:00+03:00,6.0
597,low,block_12_18,2026-07-10 12:00:00+03:00,2026-07-10 18:00:00+03:00,6.0
597,low,block_18_24,2026-07-10 18:00:00+03:00,2026-07-11 00:00:00+03:00,6.0
597,low,block_00_06,2026-07-11 00:00:00+03:00,2026-07-11 06:00:00+03:00,6.0
597,low,block_06_12,2026-07-11 06:00:00+03:00,2026-07-11 12:00:00+03:00,6.0
597,low,block_12_18,2026-07-11 12:00:00+03:00,2026-07-11 18:00:00+03:00,6.0
597,low,block_18_24,2026-07-11 18:00:00+03:00,2026-07-12 00:00:00+03:00,6.0
597,low,block_00_06,2026-07-12 00:00:00+03:00,2026-07-12 06:00:00+03:00,6.0
597,low,block_06_12,2026-07-12 06:00:00+03:00,2026-07-12 12:00:00+03:00,6.0
597,low,block_12_18,2026-07-12 12:00:00+03:00,2026-07-12 18:00:00+03:00,6.0
597,low,block_18_24,2026-07-12 18:00:00+03:00,2026-07-13 00:00:00+03:00,6.0
597,low,block_00_06,2026-07-13 00:00:00+03:00,2026-07-13 06:00:00+03:00,6.0
597,low,block_06_12,2026-07-13 06:00:00+03:00,2026-07-13 12:00:00+03:00,6.0
597,low,block_12_18,2026-07-13 12:00:00+03:00,2026-07-13 18:00:00+03:00,6.0
597,low,block_18_24,2026-07-13 18:00:00+03:00,2026-07-14 00:00:00+03:00,6.0
597,low,block_00_06,2026-07-14 00:00:00+03:00,2026-07-14 06:00:00+03:00,6.0
597,low,block_06_12,2026-07-14 06:00:00+03:00,2026-07-14 12:00:00+03:00,6.0
597,low,block_12_18,2026-07-14 12:00:00+03:00,2026-07-14 18:00:00+03:00,6.0
597,low,block_18_24,2026-07-14 18:00:00+03:00,2026-07-15 00:00:00+03:00,6.0
597,low,block_00_06,2026-07-15 00:00:00+03:00,2026-07-15 06:00:00+03:00,6.0
597,low,block_06_12,2026-07-15 06:00:00+03:00,2026-07-15 12:00:00+03:00,6.0
597,low,block_12_18,2026-07-15 12:00:00+03:00,2026-07-15 18:00:00+03:00,6.0
597,low,block_18_24,2026-07-15 18:00:00+03:00,2026-07-16 00:00:00+03:00,6.0
597,low,block_00_06,2026-07-16 00:00:00+03:00,2026-07-16 06:00:00+03:00,6.0
597,low,block_06_12,2026-07-16 06:00:00+03:00,2026-07-16 12:00:00+03:00,6.0
597,low,block_12_18,2026-07-16 12:00:00+03:00,2026-07-16 18:00:00+03:00,6.0
597,low,block_18_24,2026-07-16 18:00:00+03:00,2026-07-17 00:00:00+03:00,6.0
597,low,block_00_06,2026-07-17 00:00:00+03:00,2026-07-17 06:00:00+03:00,6.0
597,low,block_06_12,2026-07-17 06:00:00+03:00,2026-07-17 12:00:00+03:00,6.0
597,low,block_12_18,2026-07-17 12:00:00+03:00,2026-07-17 18:00:00+03:00,6.0
597,low,block_18_24,2026-07-17 18:00:00+03:00,2026-07-18 00:00:00+03:00,6.0
597,low,block_00_06,2026-07-18 00:00:00+03:00,2026-07-18 06:00:00+03:00,6.0
597,low,block_06_12,2026-07-18 06:00:00+03:00,2026-07-18 12:00:00+03:00,6.0
597,low,block_12_18,2026-07-18 12:00:00+03:00,2026-07-18 18:00:00+03:00,6.0
597,low,block_18_24,2026-07-18 18:00:00+03:00,2026-07-19 00:00:00+03:00,6.0
597,low,block_00_06,2026-07-19 00:00:00+03:00,2026-07-19 06:00:00+03:00,6.0
597,low,block_06_12,2026-07-19 06:00:00+03:00,2026-07-19 12:00:00+03:00,6.0
597,low,block_12_18,2026-07-19 12:00:00+03:00,2026-07-19 18:00:00+03:00,6.0
597,low,block_18_24,2026-07-19 18:00:00+03:00,2026-07-20 00:00:00+03:00,6.0
6,mega,deep_night,2026-07-06 00:00:00+03:00,2026-07-06 06:00:00+03:00,6.0
6,mega,opening,2026-07-06 06:00:00+03:00,2026-07-06 08:00:00+03:00,2.0
6,mega,early_morning,2026-07-06 08:00:00+03:00,2026-07-06 09:00:00+03:00,1.0
6,mega,morning,2026-07-06 09:00:00+03:00,2026-07-06 11:00:00+03:00,2.0
6,mega,lunch,2026-07-06 11:00:00+03:00,2026-07-06 15:00:00+03:00,4.0
6,mega,afternoon,2026-07-06 15:00:00+03:00,2026-07-06 18:00:00+03:00,3.0
6,mega,dinner,2026-07-06 18:00:00+03:00,2026-07-06 21:00:00+03:00,3.0
6,mega,late_evening,2026-07-06 21:00:00+03:00,2026-07-07 00:00:00+03:00,3.0
6,mega,deep_night,2026-07-07 00:00:00+03:00,2026-07-07 06:00:00+03:00,6.0
6,mega,opening,2026-07-07 06:00:00+03:00,2026-07-07 08:00:00+03:00,2.0
6,mega,early_morning,2026-07-07 08:00:00+03:00,2026-07-07 09:00:00+03:00,1.0
6,mega,morning,2026-07-07 09:00:00+03:00,2026-07-07 11:00:00+03:00,2.0
6,mega,lunch,2026-07-07 11:00:00+03:00,2026-07-07 15:00:00+03:00,4.0
6,mega,afternoon,2026-07-07 15:00:00+03:00,2026-07-07 18:00:00+03:00,3.0
6,mega,dinner,2026-07-07 18:00:00+03:00,2026-07-07 21:00:00+03:00,3.0
6,mega,late_evening,2026-07-07 21:00:00+03:00,2026-07-08 00:00:00+03:00,3.0
6,mega,deep_night,2026-07-08 00:00:00+03:00,2026-07-08 06:00:00+03:00,6.0
6,mega,opening,2026-07-08 06:00:00+03:00,2026-07-08 08:00:00+03:00,2.0
6,mega,early_morning,2026-07-08 08:00:00+03:00,2026-07-08 09:00:00+03:00,1.0
6,mega,morning,2026-07-08 09:00:00+03:00,2026-07-08 11:00:00+03:00,2.0
6,mega,lunch,2026-07-08 11:00:00+03:00,2026-07-08 15:00:00+03:00,4.0
6,mega,afternoon,2026-07-08 15:00:00+03:00,2026-07-08 18:00:00+03:00,3.0
6,mega,dinner,2026-07-08 18:00:00+03:00,2026-07-08 21:00:00+03:00,3.0
6,mega,late_evening,2026-07-08 21:00:00+03:00,2026-07-09 00:00:00+03:00,3.0
6,mega,deep_night,2026-07-09 00:00:00+03:00,2026-07-09 06:00:00+03:00,6.0
6,mega,opening,2026-07-09 06:00:00+03:00,2026-07-09 08:00:00+03:00,2.0
6,mega,early_morning,2026-07-09 08:00:00+03:00,2026-07-09 09:00:00+03:00,1.0
6,mega,morning,2026-07-09 09:00:00+03:00,2026-07-09 11:00:00+03:00,2.0
6,mega,lunch,2026-07-09 11:00:00+03:00,2026-07-09 15:00:00+03:00,4.0
6,mega,afternoon,2026-07-09 15:00:00+03:00,2026-07-09 18:00:00+03:00,3.0
6,mega,dinner,2026-07-09 18:00:00+03:00,2026-07-09 21:00:00+03:00,3.0
6,mega,late_evening,2026-07-09 21:00:00+03:00,2026-07-10 00:00:00+03:00,3.0
6,mega,deep_night,2026-07-10 00:00:00+03:00,2026-07-10 06:00:00+03:00,6.0
6,mega,opening,2026-07-10 06:00:00+03:00,2026-07-10 08:00:00+03:00,2.0
6,mega,early_morning,2026-07-10 08:00:00+03:00,2026-07-10 09:00:00+03:00,1.0
6,mega,morning,2026-07-10 09:00:00+03:00,2026-07-10 11:00:00+03:00,2.0
6,mega,lunch,2026-07-10 11:00:00+03:00,2026-07-10 15:00:00+03:00,4.0
6,mega,afternoon,2026-07-10 15:00:00+03:00,2026-07-10 18:00:00+03:00,3.0
6,mega,dinner,2026-07-10 18:00:00+03:00,2026-07-10 21:00:00+03:00,3.0
6,mega,late_evening,2026-07-10 21:00:00+03:00,2026-07-11 00:00:00+03:00,3.0
6,mega,deep_night,2026-07-11 00:00:00+03:00,2026-07-11 06:00:00+03:00,6.0
6,mega,opening,2026-07-11 06:00:00+03:00,2026-07-11 08:00:00+03:00,2.0
6,mega,early_morning,2026-07-11 08:00:00+03:00,2026-07-11 09:00:00+03:00,1.0
6,mega,morning,2026-07-11 09:00:00+03:00,2026-07-11 11:00:00+03:00,2.0
6,mega,lunch,2026-07-11 11:00:00+03:00,2026-07-11 15:00:00+03:00,4.0
6,mega,afternoon,2026-07-11 15:00:00+03:00,2026-07-11 18:00:00+03:00,3.0
6,mega,dinner,2026-07-11 18:00:00+03:00,2026-07-11 21:00:00+03:00,3.0
6,mega,late_evening,2026-07-11 21:00:00+03:00,2026-07-12 00:00:00+03:00,3.0
6,mega,deep_night,2026-07-12 00:00:00+03:00,2026-07-12 06:00:00+03:00,6.0
6,mega,opening,2026-07-12 06:00:00+03:00,2026-07-12 08:00:00+03:00,2.0
6,mega,early_morning,2026-07-12 08:00:00+03:00,2026-07-12 09:00:00+03:00,1.0
6,mega,morning,2026-07-12 09:00:00+03:00,2026-07-12 11:00:00+03:00,2.0
6,mega,lunch,2026-07-12 11:00:00+03:00,2026-07-12 15:00:00+03:00,4.0
6,mega,afternoon,2026-07-12 15:00:00+03:00,2026-07-12 18:00:00+03:00,3.0
6,mega,dinner,2026-07-12 18:00:00+03:00,2026-07-12 21:00:00+03:00,3.0
6,mega,late_evening,2026-07-12 21:00:00+03:00,2026-07-13 00:00:00+03:00,3.0
6,mega,deep_night,2026-07-13 00:00:00+03:00,2026-07-13 06:00:00+03:00,6.0
6,mega,opening,2026-07-13 06:00:00+03:00,2026-07-13 08:00:00+03:00,2.0
6,mega,early_morning,2026-07-13 08:00:00+03:00,2026-07-13 09:00:00+03:00,1.0
6,mega,morning,2026-07-13 09:00:00+03:00,2026-07-13 11:00:00+03:00,2.0
6,mega,lunch,2026-07-13 11:00:00+03:00,2026-07-13 15:00:00+03:00,4.0
6,mega,afternoon,2026-07-13 15:00:00+03:00,2026-07-13 18:00:00+03:00,3.0
6,mega,dinner,2026-07-13 18:00:00+03:00,2026-07-13 21:00:00+03:00,3.0
6,mega,late_evening,2026-07-13 21:00:00+03:00,2026-07-14 00:00:00+03:00,3.0
6,mega,deep_night,2026-07-14 00:00:00+03:00,2026-07-14 06:00:00+03:00,6.0
6,mega,opening,2026-07-14 06:00:00+03:00,2026-07-14 08:00:00+03:00,2.0
6,mega,early_morning,2026-07-14 08:00:00+03:00,2026-07-14 09:00:00+03:00,1.0
6,mega,morning,2026-07-14 09:00:00+03:00,2026-07-14 11:00:00+03:00,2.0
6,mega,lunch,2026-07-14 11:00:00+03:00,2026-07-14 15:00:00+03:00,4.0
6,mega,afternoon,2026-07-14 15:00:00+03:00,2026-07-14 18:00:00+03:00,3.0
6,mega,dinner,2026-07-14 18:00:00+03:00,2026-07-14 21:00:00+03:00,3.0
6,mega,late_evening,2026-07-14 21:00:00+03:00,2026-07-15 00:00:00+03:00,3.0
6,mega,deep_night,2026-07-15 00:00:00+03:00,2026-07-15 06:00:00+03:00,6.0
6,mega,opening,2026-07-15 06:00:00+03:00,2026-07-15 08:00:00+03:00,2.0
6,mega,early_morning,2026-07-15 08:00:00+03:00,2026-07-15 09:00:00+03:00,1.0
6,mega,morning,2026-07-15 09:00:00+03:00,2026-07-15 11:00:00+03:00,2.0
6,mega,lunch,2026-07-15 11:00:00+03:00,2026-07-15 15:00:00+03:00,4.0
6,mega,afternoon,2026-07-15 15:00:00+03:00,2026-07-15 18:00:00+03:00,3.0
6,mega,dinner,2026-07-15 18:00:00+03:00,2026-07-15 21:00:00+03:00,3.0
6,mega,late_evening,2026-07-15 21:00:00+03:00,2026-07-16 00:00:00+03:00,3.0
6,mega,deep_night,2026-07-16 00:00:00+03:00,2026-07-16 06:00:00+03:00,6.0
6,mega,opening,2026-07-16 06:00:00+03:00,2026-07-16 08:00:00+03:00,2.0
6,mega,early_morning,2026-07-16 08:00:00+03:00,2026-07-16 09:00:00+03:00,1.0
6,mega,morning,2026-07-16 09:00:00+03:00,2026-07-16 11:00:00+03:00,2.0
6,mega,lunch,2026-07-16 11:00:00+03:00,2026-07-16 15:00:00+03:00,4.0
6,mega,afternoon,2026-07-16 15:00:00+03:00,2026-07-16 18:00:00+03:00,3.0
6,mega,dinner,2026-07-16 18:00:00+03:00,2026-07-16 21:00:00+03:00,3.0
6,mega,late_evening,2026-07-16 21:00:00+03:00,2026-07-17 00:00:00+03:00,3.0
6,mega,deep_night,2026-07-17 00:00:00+03:00,2026-07-17 06:00:00+03:00,6.0
6,mega,opening,2026-07-17 06:00:00+03:00,2026-07-17 08:00:00+03:00,2.0
6,mega,early_morning,2026-07-17 08:00:00+03:00,2026-07-17 09:00:00+03:00,1.0
6,mega,morning,2026-07-17 09:00:00+03:00,2026-07-17 11:00:00+03:00,2.0
6,mega,lunch,2026-07-17 11:00:00+03:00,2026-07-17 15:00:00+03:00,4.0
6,mega,afternoon,2026-07-17 15:00:00+03:00,2026-07-17 18:00:00+03:00,3.0
6,mega,dinner,2026-07-17 18:00:00+03:00,2026-07-17 21:00:00+03:00,3.0
6,mega,late_evening,2026-07-17 21:00:00+03:00,2026-07-18 00:00:00+03:00,3.0
6,mega,deep_night,2026-07-18 00:00:00+03:00,2026-07-18 06:00:00+03:00,6.0
6,mega,opening,2026-07-18 06:00:00+03:00,2026-07-18 08:00:00+03:00,2.0
6,mega,early_morning,2026-07-18 08:00:00+03:00,2026-07-18 09:00:00+03:00,1.0
6,mega,morning,2026-07-18 09:00:00+03:00,2026-07-18 11:00:00+03:00,2.0
6,mega,lunch,2026-07-18 11:00:00+03:00,2026-07-18 15:00:00+03:00,4.0
6,mega,afternoon,2026-07-18 15:00:00+03:00,2026-07-18 18:00:00+03:00,3.0
6,mega,dinner,2026-07-18 18:00:00+03:00,2026-07-18 21:00:00+03:00,3.0
6,mega,late_evening,2026-07-18 21:00:00+03:00,2026-07-19 00:00:00+03:00,3.0
6,mega,deep_night,2026-07-19 00:00:00+03:00,2026-07-19 06:00:00+03:00,6.0
6,mega,opening,2026-07-19 06:00:00+03:00,2026-07-19 08:00:00+03:00,2.0
6,mega,early_morning,2026-07-19 08:00:00+03:00,2026-07-19 09:00:00+03:00,1.0
6,mega,morning,2026-07-19 09:00:00+03:00,2026-07-19 11:00:00+03:00,2.0
6,mega,lunch,2026-07-19 11:00:00+03:00,2026-07-19 15:00:00+03:00,4.0
6,mega,afternoon,2026-07-19 15:00:00+03:00,2026-07-19 18:00:00+03:00,3.0
6,mega,dinner,2026-07-19 18:00:00+03:00,2026-07-19 21:00:00+03:00,3.0
6,mega,late_evening,2026-07-19 21:00:00+03:00,2026-07-20 00:00:00+03:00,3.0
69,mega,deep_night,2026-07-06 00:00:00+03:00,2026-07-06 06:00:00+03:00,6.0
69,mega,opening,2026-07-06 06:00:00+03:00,2026-07-06 08:00:00+03:00,2.0
69,mega,early_morning,2026-07-06 08:00:00+03:00,2026-07-06 09:00:00+03:00,1.0
69,mega,morning,2026-07-06 09:00:00+03:00,2026-07-06 11:00:00+03:00,2.0
69,mega,lunch,2026-07-06 11:00:00+03:00,2026-07-06 15:00:00+03:00,4.0
69,mega,afternoon,2026-07-06 15:00:00+03:00,2026-07-06 18:00:00+03:00,3.0
69,mega,dinner,2026-07-06 18:00:00+03:00,2026-07-06 21:00:00+03:00,3.0
69,mega,late_evening,2026-07-06 21:00:00+03:00,2026-07-07 00:00:00+03:00,3.0
69,mega,deep_night,2026-07-07 00:00:00+03:00,2026-07-07 06:00:00+03:00,6.0
69,mega,opening,2026-07-07 06:00:00+03:00,2026-07-07 08:00:00+03:00,2.0
69,mega,early_morning,2026-07-07 08:00:00+03:00,2026-07-07 09:00:00+03:00,1.0
69,mega,morning,2026-07-07 09:00:00+03:00,2026-07-07 11:00:00+03:00,2.0
69,mega,lunch,2026-07-07 11:00:00+03:00,2026-07-07 15:00:00+03:00,4.0
69,mega,afternoon,2026-07-07 15:00:00+03:00,2026-07-07 18:00:00+03:00,3.0
69,mega,dinner,2026-07-07 18:00:00+03:00,2026-07-07 21:00:00+03:00,3.0
69,mega,late_evening,2026-07-07 21:00:00+03:00,2026-07-08 00:00:00+03:00,3.0
69,mega,deep_night,2026-07-08 00:00:00+03:00,2026-07-08 06:00:00+03:00,6.0
69,mega,opening,2026-07-08 06:00:00+03:00,2026-07-08 08:00:00+03:00,2.0
69,mega,early_morning,2026-07-08 08:00:00+03:00,2026-07-08 09:00:00+03:00,1.0
69,mega,morning,2026-07-08 09:00:00+03:00,2026-07-08 11:00:00+03:00,2.0
69,mega,lunch,2026-07-08 11:00:00+03:00,2026-07-08 15:00:00+03:00,4.0
69,mega,afternoon,2026-07-08 15:00:00+03:00,2026-07-08 18:00:00+03:00,3.0
69,mega,dinner,2026-07-08 18:00:00+03:00,2026-07-08 21:00:00+03:00,3.0
69,mega,late_evening,2026-07-08 21:00:00+03:00,2026-07-09 00:00:00+03:00,3.0
69,mega,deep_night,2026-07-09 00:00:00+03:00,2026-07-09 06:00:00+03:00,6.0
69,mega,opening,2026-07-09 06:00:00+03:00,2026-07-09 08:00:00+03:00,2.0
69,mega,early_morning,2026-07-09 08:00:00+03:00,2026-07-09 09:00:00+03:00,1.0
69,mega,morning,2026-07-09 09:00:00+03:00,2026-07-09 11:00:00+03:00,2.0
69,mega,lunch,2026-07-09 11:00:00+03:00,2026-07-09 15:00:00+03:00,4.0
69,mega,afternoon,2026-07-09 15:00:00+03:00,2026-07-09 18:00:00+03:00,3.0
69,mega,dinner,2026-07-09 18:00:00+03:00,2026-07-09 21:00:00+03:00,3.0
69,mega,late_evening,2026-07-09 21:00:00+03:00,2026-07-10 00:00:00+03:00,3.0
69,mega,deep_night,2026-07-10 00:00:00+03:00,2026-07-10 06:00:00+03:00,6.0
69,mega,opening,2026-07-10 06:00:00+03:00,2026-07-10 08:00:00+03:00,2.0
69,mega,early_morning,2026-07-10 08:00:00+03:00,2026-07-10 09:00:00+03:00,1.0
69,mega,morning,2026-07-10 09:00:00+03:00,2026-07-10 11:00:00+03:00,2.0
69,mega,lunch,2026-07-10 11:00:00+03:00,2026-07-10 15:00:00+03:00,4.0
69,mega,afternoon,2026-07-10 15:00:00+03:00,2026-07-10 18:00:00+03:00,3.0
69,mega,dinner,2026-07-10 18:00:00+03:00,2026-07-10 21:00:00+03:00,3.0
69,mega,late_evening,2026-07-10 21:00:00+03:00,2026-07-11 00:00:00+03:00,3.0
69,mega,deep_night,2026-07-11 00:00:00+03:00,2026-07-11 06:00:00+03:00,6.0
69,mega,opening,2026-07-11 06:00:00+03:00,2026-07-11 08:00:00+03:00,2.0
69,mega,early_morning,2026-07-11 08:00:00+03:00,2026-07-11 09:00:00+03:00,1.0
69,mega,morning,2026-07-11 09:00:00+03:00,2026-07-11 11:00:00+03:00,2.0
69,mega,lunch,2026-07-11 11:00:00+03:00,2026-07-11 15:00:00+03:00,4.0
69,mega,afternoon,2026-07-11 15:00:00+03:00,2026-07-11 18:00:00+03:00,3.0
69,mega,dinner,2026-07-11 18:00:00+03:00,2026-07-11 21:00:00+03:00,3.0
69,mega,late_evening,2026-07-11 21:00:00+03:00,2026-07-12 00:00:00+03:00,3.0
69,mega,deep_night,2026-07-12 00:00:00+03:00,2026-07-12 06:00:00+03:00,6.0
69,mega,opening,2026-07-12 06:00:00+03:00,2026-07-12 08:00:00+03:00,2.0
69,mega,early_morning,2026-07-12 08:00:00+03:00,2026-07-12 09:00:00+03:00,1.0
69,mega,morning,2026-07-12 09:00:00+03:00,2026-07-12 11:00:00+03:00,2.0
69,mega,lunch,2026-07-12 11:00:00+03:00,2026-07-12 15:00:00+03:00,4.0
69,mega,afternoon,2026-07-12 15:00:00+03:00,2026-07-12 18:00:00+03:00,3.0
69,mega,dinner,2026-07-12 18:00:00+03:00,2026-07-12 21:00:00+03:00,3.0
69,mega,late_evening,2026-07-12 21:00:00+03:00,2026-07-13 00:00:00+03:00,3.0
69,mega,deep_night,2026-07-13 00:00:00+03:00,2026-07-13 06:00:00+03:00,6.0
69,mega,opening,2026-07-13 06:00:00+03:00,2026-07-13 08:00:00+03:00,2.0
69,mega,early_morning,2026-07-13 08:00:00+03:00,2026-07-13 09:00:00+03:00,1.0
69,mega,morning,2026-07-13 09:00:00+03:00,2026-07-13 11:00:00+03:00,2.0
69,mega,lunch,2026-07-13 11:00:00+03:00,2026-07-13 15:00:00+03:00,4.0
69,mega,afternoon,2026-07-13 15:00:00+03:00,2026-07-13 18:00:00+03:00,3.0
69,mega,dinner,2026-07-13 18:00:00+03:00,2026-07-13 21:00:00+03:00,3.0
69,mega,late_evening,2026-07-13 21:00:00+03:00,2026-07-14 00:00:00+03:00,3.0
69,mega,deep_night,2026-07-14 00:00:00+03:00,2026-07-14 06:00:00+03:00,6.0
69,mega,opening,2026-07-14 06:00:00+03:00,2026-07-14 08:00:00+03:00,2.0
69,mega,early_morning,2026-07-14 08:00:00+03:00,2026-07-14 09:00:00+03:00,1.0
69,mega,morning,2026-07-14 09:00:00+03:00,2026-07-14 11:00:00+03:00,2.0
69,mega,lunch,2026-07-14 11:00:00+03:00,2026-07-14 15:00:00+03:00,4.0
69,mega,afternoon,2026-07-14 15:00:00+03:00,2026-07-14 18:00:00+03:00,3.0
69,mega,dinner,2026-07-14 18:00:00+03:00,2026-07-14 21:00:00+03:00,3.0
69,mega,late_evening,2026-07-14 21:00:00+03:00,2026-07-15 00:00:00+03:00,3.0
69,mega,deep_night,2026-07-15 00:00:00+03:00,2026-07-15 06:00:00+03:00,6.0
69,mega,opening,2026-07-15 06:00:00+03:00,2026-07-15 08:00:00+03:00,2.0
69,mega,early_morning,2026-07-15 08:00:00+03:00,2026-07-15 09:00:00+03:00,1.0
69,mega,morning,2026-07-15 09:00:00+03:00,2026-07-15 11:00:00+03:00,2.0
69,mega,lunch,2026-07-15 11:00:00+03:00,2026-07-15 15:00:00+03:00,4.0
69,mega,afternoon,2026-07-15 15:00:00+03:00,2026-07-15 18:00:00+03:00,3.0
69,mega,dinner,2026-07-15 18:00:00+03:00,2026-07-15 21:00:00+03:00,3.0
69,mega,late_evening,2026-07-15 21:00:00+03:00,2026-07-16 00:00:00+03:00,3.0
69,mega,deep_night,2026-07-16 00:00:00+03:00,2026-07-16 06:00:00+03:00,6.0
69,mega,opening,2026-07-16 06:00:00+03:00,2026-07-16 08:00:00+03:00,2.0
69,mega,early_morning,2026-07-16 08:00:00+03:00,2026-07-16 09:00:00+03:00,1.0
69,mega,morning,2026-07-16 09:00:00+03:00,2026-07-16 11:00:00+03:00,2.0
69,mega,lunch,2026-07-16 11:00:00+03:00,2026-07-16 15:00:00+03:00,4.0
69,mega,afternoon,2026-07-16 15:00:00+03:00,2026-07-16 18:00:00+03:00,3.0
69,mega,dinner,2026-07-16 18:00:00+03:00,2026-07-16 21:00:00+03:00,3.0
69,mega,late_evening,2026-07-16 21:00:00+03:00,2026-07-17 00:00:00+03:00,3.0
69,mega,deep_night,2026-07-17 00:00:00+03:00,2026-07-17 06:00:00+03:00,6.0
69,mega,opening,2026-07-17 06:00:00+03:00,2026-07-17 08:00:00+03:00,2.0
69,mega,early_morning,2026-07-17 08:00:00+03:00,2026-07-17 09:00:00+03:00,1.0
69,mega,morning,2026-07-17 09:00:00+03:00,2026-07-17 11:00:00+03:00,2.0
69,mega,lunch,2026-07-17 11:00:00+03:00,2026-07-17 15:00:00+03:00,4.0
69,mega,afternoon,2026-07-17 15:00:00+03:00,2026-07-17 18:00:00+03:00,3.0
69,mega,dinner,2026-07-17 18:00:00+03:00,2026-07-17 21:00:00+03:00,3.0
69,mega,late_evening,2026-07-17 21:00:00+03:00,2026-07-18 00:00:00+03:00,3.0
69,mega,deep_night,2026-07-18 00:00:00+03:00,2026-07-18 06:00:00+03:00,6.0
69,mega,opening,2026-07-18 06:00:00+03:00,2026-07-18 08:00:00+03:00,2.0
69,mega,early_morning,2026-07-18 08:00:00+03:00,2026-07-18 09:00:00+03:00,1.0
69,mega,morning,2026-07-18 09:00:00+03:00,2026-07-18 11:00:00+03:00,2.0
69,mega,lunch,2026-07-18 11:00:00+03:00,2026-07-18 15:00:00+03:00,4.0
69,mega,afternoon,2026-07-18 15:00:00+03:00,2026-07-18 18:00:00+03:00,3.0
69,mega,dinner,2026-07-18 18:00:00+03:00,2026-07-18 21:00:00+03:00,3.0
69,mega,late_evening,2026-07-18 21:00:00+03:00,2026-07-19 00:00:00+03:00,3.0
69,mega,deep_night,2026-07-19 00:00:00+03:00,2026-07-19 06:00:00+03:00,6.0
69,mega,opening,2026-07-19 06:00:00+03:00,2026-07-19 08:00:00+03:00,2.0
69,mega,early_morning,2026-07-19 08:00:00+03:00,2026-07-19 09:00:00+03:00,1.0
69,mega,morning,2026-07-19 09:00:00+03:00,2026-07-19 11:00:00+03:00,2.0
69,mega,lunch,2026-07-19 11:00:00+03:00,2026-07-19 15:00:00+03:00,4.0
69,mega,afternoon,2026-07-19 15:00:00+03:00,2026-07-19 18:00:00+03:00,3.0
69,mega,dinner,2026-07-19 18:00:00+03:00,2026-07-19 21:00:00+03:00,3.0
69,mega,late_evening,2026-07-19 21:00:00+03:00,2026-07-20 00:00:00+03:00,3.0
7,mega,deep_night,2026-07-06 00:00:00+03:00,2026-07-06 06:00:00+03:00,6.0
7,mega,opening,2026-07-06 06:00:00+03:00,2026-07-06 08:00:00+03:00,2.0
7,mega,early_morning,2026-07-06 08:00:00+03:00,2026-07-06 09:00:00+03:00,1.0
7,mega,morning,2026-07-06 09:00:00+03:00,2026-07-06 11:00:00+03:00,2.0
7,mega,lunch,2026-07-06 11:00:00+03:00,2026-07-06 15:00:00+03:00,4.0
7,mega,afternoon,2026-07-06 15:00:00+03:00,2026-07-06 18:00:00+03:00,3.0
7,mega,dinner,2026-07-06 18:00:00+03:00,2026-07-06 21:00:00+03:00,3.0
7,mega,late_evening,2026-07-06 21:00:00+03:00,2026-07-07 00:00:00+03:00,3.0
7,mega,deep_night,2026-07-07 00:00:00+03:00,2026-07-07 06:00:00+03:00,6.0
7,mega,opening,2026-07-07 06:00:00+03:00,2026-07-07 08:00:00+03:00,2.0
7,mega,early_morning,2026-07-07 08:00:00+03:00,2026-07-07 09:00:00+03:00,1.0
7,mega,morning,2026-07-07 09:00:00+03:00,2026-07-07 11:00:00+03:00,2.0
7,mega,lunch,2026-07-07 11:00:00+03:00,2026-07-07 15:00:00+03:00,4.0
7,mega,afternoon,2026-07-07 15:00:00+03:00,2026-07-07 18:00:00+03:00,3.0
7,mega,dinner,2026-07-07 18:00:00+03:00,2026-07-07 21:00:00+03:00,3.0
7,mega,late_evening,2026-07-07 21:00:00+03:00,2026-07-08 00:00:00+03:00,3.0
7,mega,deep_night,2026-07-08 00:00:00+03:00,2026-07-08 06:00:00+03:00,6.0
7,mega,opening,2026-07-08 06:00:00+03:00,2026-07-08 08:00:00+03:00,2.0
7,mega,early_morning,2026-07-08 08:00:00+03:00,2026-07-08 09:00:00+03:00,1.0
7,mega,morning,2026-07-08 09:00:00+03:00,2026-07-08 11:00:00+03:00,2.0
7,mega,lunch,2026-07-08 11:00:00+03:00,2026-07-08 15:00:00+03:00,4.0
7,mega,afternoon,2026-07-08 15:00:00+03:00,2026-07-08 18:00:00+03:00,3.0
7,mega,dinner,2026-07-08 18:00:00+03:00,2026-07-08 21:00:00+03:00,3.0
7,mega,late_evening,2026-07-08 21:00:00+03:00,2026-07-09 00:00:00+03:00,3.0
7,mega,deep_night,2026-07-09 00:00:00+03:00,2026-07-09 06:00:00+03:00,6.0
7,mega,opening,2026-07-09 06:00:00+03:00,2026-07-09 08:00:00+03:00,2.0
7,mega,early_morning,2026-07-09 08:00:00+03:00,2026-07-09 09:00:00+03:00,1.0
7,mega,morning,2026-07-09 09:00:00+03:00,2026-07-09 11:00:00+03:00,2.0
7,mega,lunch,2026-07-09 11:00:00+03:00,2026-07-09 15:00:00+03:00,4.0
7,mega,afternoon,2026-07-09 15:00:00+03:00,2026-07-09 18:00:00+03:00,3.0
7,mega,dinner,2026-07-09 18:00:00+03:00,2026-07-09 21:00:00+03:00,3.0
7,mega,late_evening,2026-07-09 21:00:00+03:00,2026-07-10 00:00:00+03:00,3.0
7,mega,deep_night,2026-07-10 00:00:00+03:00,2026-07-10 06:00:00+03:00,6.0
7,mega,opening,2026-07-10 06:00:00+03:00,2026-07-10 08:00:00+03:00,2.0
7,mega,early_morning,2026-07-10 08:00:00+03:00,2026-07-10 09:00:00+03:00,1.0
7,mega,morning,2026-07-10 09:00:00+03:00,2026-07-10 11:00:00+03:00,2.0
7,mega,lunch,2026-07-10 11:00:00+03:00,2026-07-10 15:00:00+03:00,4.0
7,mega,afternoon,2026-07-10 15:00:00+03:00,2026-07-10 18:00:00+03:00,3.0
7,mega,dinner,2026-07-10 18:00:00+03:00,2026-07-10 21:00:00+03:00,3.0
7,mega,late_evening,2026-07-10 21:00:00+03:00,2026-07-11 00:00:00+03:00,3.0
7,mega,deep_night,2026-07-11 00:00:00+03:00,2026-07-11 06:00:00+03:00,6.0
7,mega,opening,2026-07-11 06:00:00+03:00,2026-07-11 08:00:00+03:00,2.0
7,mega,early_morning,2026-07-11 08:00:00+03:00,2026-07-11 09:00:00+03:00,1.0
7,mega,morning,2026-07-11 09:00:00+03:00,2026-07-11 11:00:00+03:00,2.0
7,mega,lunch,2026-07-11 11:00:00+03:00,2026-07-11 15:00:00+03:00,4.0
7,mega,afternoon,2026-07-11 15:00:00+03:00,2026-07-11 18:00:00+03:00,3.0
7,mega,dinner,2026-07-11 18:00:00+03:00,2026-07-11 21:00:00+03:00,3.0
7,mega,late_evening,2026-07-11 21:00:00+03:00,2026-07-12 00:00:00+03:00,3.0
7,mega,deep_night,2026-07-12 00:00:00+03:00,2026-07-12 06:00:00+03:00,6.0
7,mega,opening,2026-07-12 06:00:00+03:00,2026-07-12 08:00:00+03:00,2.0
7,mega,early_morning,2026-07-12 08:00:00+03:00,2026-07-12 09:00:00+03:00,1.0
7,mega,morning,2026-07-12 09:00:00+03:00,2026-07-12 11:00:00+03:00,2.0
7,mega,lunch,2026-07-12 11:00:00+03:00,2026-07-12 15:00:00+03:00,4.0
7,mega,afternoon,2026-07-12 15:00:00+03:00,2026-07-12 18:00:00+03:00,3.0
7,mega,dinner,2026-07-12 18:00:00+03:00,2026-07-12 21:00:00+03:00,3.0
7,mega,late_evening,2026-07-12 21:00:00+03:00,2026-07-13 00:00:00+03:00,3.0
7,mega,deep_night,2026-07-13 00:00:00+03:00,2026-07-13 06:00:00+03:00,6.0
7,mega,opening,2026-07-13 06:00:00+03:00,2026-07-13 08:00:00+03:00,2.0
7,mega,early_morning,2026-07-13 08:00:00+03:00,2026-07-13 09:00:00+03:00,1.0
7,mega,morning,2026-07-13 09:00:00+03:00,2026-07-13 11:00:00+03:00,2.0
7,mega,lunch,2026-07-13 11:00:00+03:00,2026-07-13 15:00:00+03:00,4.0
7,mega,afternoon,2026-07-13 15:00:00+03:00,2026-07-13 18:00:00+03:00,3.0
7,mega,dinner,2026-07-13 18:00:00+03:00,2026-07-13 21:00:00+03:00,3.0
7,mega,late_evening,2026-07-13 21:00:00+03:00,2026-07-14 00:00:00+03:00,3.0
7,mega,deep_night,2026-07-14 00:00:00+03:00,2026-07-14 06:00:00+03:00,6.0
7,mega,opening,2026-07-14 06:00:00+03:00,2026-07-14 08:00:00+03:00,2.0
7,mega,early_morning,2026-07-14 08:00:00+03:00,2026-07-14 09:00:00+03:00,1.0
7,mega,morning,2026-07-14 09:00:00+03:00,2026-07-14 11:00:00+03:00,2.0
7,mega,lunch,2026-07-14 11:00:00+03:00,2026-07-14 15:00:00+03:00,4.0
7,mega,afternoon,2026-07-14 15:00:00+03:00,2026-07-14 18:00:00+03:00,3.0
7,mega,dinner,2026-07-14 18:00:00+03:00,2026-07-14 21:00:00+03:00,3.0
7,mega,late_evening,2026-07-14 21:00:00+03:00,2026-07-15 00:00:00+03:00,3.0
7,mega,deep_night,2026-07-15 00:00:00+03:00,2026-07-15 06:00:00+03:00,6.0
7,mega,opening,2026-07-15 06:00:00+03:00,2026-07-15 08:00:00+03:00,2.0
7,mega,early_morning,2026-07-15 08:00:00+03:00,2026-07-15 09:00:00+03:00,1.0
7,mega,morning,2026-07-15 09:00:00+03:00,2026-07-15 11:00:00+03:00,2.0
7,mega,lunch,2026-07-15 11:00:00+03:00,2026-07-15 15:00:00+03:00,4.0
7,mega,afternoon,2026-07-15 15:00:00+03:00,2026-07-15 18:00:00+03:00,3.0
7,mega,dinner,2026-07-15 18:00:00+03:00,2026-07-15 21:00:00+03:00,3.0
7,mega,late_evening,2026-07-15 21:00:00+03:00,2026-07-16 00:00:00+03:00,3.0
7,mega,deep_night,2026-07-16 00:00:00+03:00,2026-07-16 06:00:00+03:00,6.0
7,mega,opening,2026-07-16 06:00:00+03:00,2026-07-16 08:00:00+03:00,2.0
7,mega,early_morning,2026-07-16 08:00:00+03:00,2026-07-16 09:00:00+03:00,1.0
7,mega,morning,2026-07-16 09:00:00+03:00,2026-07-16 11:00:00+03:00,2.0
7,mega,lunch,2026-07-16 11:00:00+03:00,2026-07-16 15:00:00+03:00,4.0
7,mega,afternoon,2026-07-16 15:00:00+03:00,2026-07-16 18:00:00+03:00,3.0
7,mega,dinner,2026-07-16 18:00:00+03:00,2026-07-16 21:00:00+03:00,3.0
7,mega,late_evening,2026-07-16 21:00:00+03:00,2026-07-17 00:00:00+03:00,3.0
7,mega,deep_night,2026-07-17 00:00:00+03:00,2026-07-17 06:00:00+03:00,6.0
7,mega,opening,2026-07-17 06:00:00+03:00,2026-07-17 08:00:00+03:00,2.0
7,mega,early_morning,2026-07-17 08:00:00+03:00,2026-07-17 09:00:00+03:00,1.0
7,mega,morning,2026-07-17 09:00:00+03:00,2026-07-17 11:00:00+03:00,2.0
7,mega,lunch,2026-07-17 11:00:00+03:00,2026-07-17 15:00:00+03:00,4.0
7,mega,afternoon,2026-07-17 15:00:00+03:00,2026-07-17 18:00:00+03:00,3.0
7,mega,dinner,2026-07-17 18:00:00+03:00,2026-07-17 21:00:00+03:00,3.0
7,mega,late_evening,2026-07-17 21:00:00+03:00,2026-07-18 00:00:00+03:00,3.0
7,mega,deep_night,2026-07-18 00:00:00+03:00,2026-07-18 06:00:00+03:00,6.0
7,mega,opening,2026-07-18 06:00:00+03:00,2026-07-18 08:00:00+03:00,2.0
7,mega,early_morning,2026-07-18 08:00:00+03:00,2026-07-18 09:00:00+03:00,1.0
7,mega,morning,2026-07-18 09:00:00+03:00,2026-07-18 11:00:00+03:00,2.0
7,mega,lunch,2026-07-18 11:00:00+03:00,2026-07-18 15:00:00+03:00,4.0
7,mega,afternoon,2026-07-18 15:00:00+03:00,2026-07-18 18:00:00+03:00,3.0
7,mega,dinner,2026-07-18 18:00:00+03:00,2026-07-18 21:00:00+03:00,3.0
7,mega,late_evening,2026-07-18 21:00:00+03:00,2026-07-19 00:00:00+03:00,3.0
7,mega,deep_night,2026-07-19 00:00:00+03:00,2026-07-19 06:00:00+03:00,6.0
7,mega,opening,2026-07-19 06:00:00+03:00,2026-07-19 08:00:00+03:00,2.0
7,mega,early_morning,2026-07-19 08:00:00+03:00,2026-07-19 09:00:00+03:00,1.0
7,mega,morning,2026-07-19 09:00:00+03:00,2026-07-19 11:00:00+03:00,2.0
7,mega,lunch,2026-07-19 11:00:00+03:00,2026-07-19 15:00:00+03:00,4.0
7,mega,afternoon,2026-07-19 15:00:00+03:00,2026-07-19 18:00:00+03:00,3.0
7,mega,dinner,2026-07-19 18:00:00+03:00,2026-07-19 21:00:00+03:00,3.0
7,mega,late_evening,2026-07-19 21:00:00+03:00,2026-07-20 00:00:00+03:00,3.0
8,mega,deep_night,2026-07-06 00:00:00+03:00,2026-07-06 06:00:00+03:00,6.0
8,mega,opening,2026-07-06 06:00:00+03:00,2026-07-06 08:00:00+03:00,2.0
8,mega,early_morning,2026-07-06 08:00:00+03:00,2026-07-06 09:00:00+03:00,1.0
8,mega,morning,2026-07-06 09:00:00+03:00,2026-07-06 11:00:00+03:00,2.0
8,mega,lunch,2026-07-06 11:00:00+03:00,2026-07-06 15:00:00+03:00,4.0
8,mega,afternoon,2026-07-06 15:00:00+03:00,2026-07-06 18:00:00+03:00,3.0
8,mega,dinner,2026-07-06 18:00:00+03:00,2026-07-06 21:00:00+03:00,3.0
8,mega,late_evening,2026-07-06 21:00:00+03:00,2026-07-07 00:00:00+03:00,3.0
8,mega,deep_night,2026-07-07 00:00:00+03:00,2026-07-07 06:00:00+03:00,6.0
8,mega,opening,2026-07-07 06:00:00+03:00,2026-07-07 08:00:00+03:00,2.0
8,mega,early_morning,2026-07-07 08:00:00+03:00,2026-07-07 09:00:00+03:00,1.0
8,mega,morning,2026-07-07 09:00:00+03:00,2026-07-07 11:00:00+03:00,2.0
8,mega,lunch,2026-07-07 11:00:00+03:00,2026-07-07 15:00:00+03:00,4.0
8,mega,afternoon,2026-07-07 15:00:00+03:00,2026-07-07 18:00:00+03:00,3.0
8,mega,dinner,2026-07-07 18:00:00+03:00,2026-07-07 21:00:00+03:00,3.0
8,mega,late_evening,2026-07-07 21:00:00+03:00,2026-07-08 00:00:00+03:00,3.0
8,mega,deep_night,2026-07-08 00:00:00+03:00,2026-07-08 06:00:00+03:00,6.0
8,mega,opening,2026-07-08 06:00:00+03:00,2026-07-08 08:00:00+03:00,2.0
8,mega,early_morning,2026-07-08 08:00:00+03:00,2026-07-08 09:00:00+03:00,1.0
8,mega,morning,2026-07-08 09:00:00+03:00,2026-07-08 11:00:00+03:00,2.0
8,mega,lunch,2026-07-08 11:00:00+03:00,2026-07-08 15:00:00+03:00,4.0
8,mega,afternoon,2026-07-08 15:00:00+03:00,2026-07-08 18:00:00+03:00,3.0
8,mega,dinner,2026-07-08 18:00:00+03:00,2026-07-08 21:00:00+03:00,3.0
8,mega,late_evening,2026-07-08 21:00:00+03:00,2026-07-09 00:00:00+03:00,3.0
8,mega,deep_night,2026-07-09 00:00:00+03:00,2026-07-09 06:00:00+03:00,6.0
8,mega,opening,2026-07-09 06:00:00+03:00,2026-07-09 08:00:00+03:00,2.0
8,mega,early_morning,2026-07-09 08:00:00+03:00,2026-07-09 09:00:00+03:00,1.0
8,mega,morning,2026-07-09 09:00:00+03:00,2026-07-09 11:00:00+03:00,2.0
8,mega,lunch,2026-07-09 11:00:00+03:00,2026-07-09 15:00:00+03:00,4.0
8,mega,afternoon,2026-07-09 15:00:00+03:00,2026-07-09 18:00:00+03:00,3.0
8,mega,dinner,2026-07-09 18:00:00+03:00,2026-07-09 21:00:00+03:00,3.0
8,mega,late_evening,2026-07-09 21:00:00+03:00,2026-07-10 00:00:00+03:00,3.0
8,mega,deep_night,2026-07-10 00:00:00+03:00,2026-07-10 06:00:00+03:00,6.0
8,mega,opening,2026-07-10 06:00:00+03:00,2026-07-10 08:00:00+03:00,2.0
8,mega,early_morning,2026-07-10 08:00:00+03:00,2026-07-10 09:00:00+03:00,1.0
8,mega,morning,2026-07-10 09:00:00+03:00,2026-07-10 11:00:00+03:00,2.0
8,mega,lunch,2026-07-10 11:00:00+03:00,2026-07-10 15:00:00+03:00,4.0
8,mega,afternoon,2026-07-10 15:00:00+03:00,2026-07-10 18:00:00+03:00,3.0
8,mega,dinner,2026-07-10 18:00:00+03:00,2026-07-10 21:00:00+03:00,3.0
8,mega,late_evening,2026-07-10 21:00:00+03:00,2026-07-11 00:00:00+03:00,3.0
8,mega,deep_night,2026-07-11 00:00:00+03:00,2026-07-11 06:00:00+03:00,6.0
8,mega,opening,2026-07-11 06:00:00+03:00,2026-07-11 08:00:00+03:00,2.0
8,mega,early_morning,2026-07-11 08:00:00+03:00,2026-07-11 09:00:00+03:00,1.0
8,mega,morning,2026-07-11 09:00:00+03:00,2026-07-11 11:00:00+03:00,2.0
8,mega,lunch,2026-07-11 11:00:00+03:00,2026-07-11 15:00:00+03:00,4.0
8,mega,afternoon,2026-07-11 15:00:00+03:00,2026-07-11 18:00:00+03:00,3.0
8,mega,dinner,2026-07-11 18:00:00+03:00,2026-07-11 21:00:00+03:00,3.0
8,mega,late_evening,2026-07-11 21:00:00+03:00,2026-07-12 00:00:00+03:00,3.0
8,mega,deep_night,2026-07-12 00:00:00+03:00,2026-07-12 06:00:00+03:00,6.0
8,mega,opening,2026-07-12 06:00:00+03:00,2026-07-12 08:00:00+03:00,2.0
8,mega,early_morning,2026-07-12 08:00:00+03:00,2026-07-12 09:00:00+03:00,1.0
8,mega,morning,2026-07-12 09:00:00+03:00,2026-07-12 11:00:00+03:00,2.0
8,mega,lunch,2026-07-12 11:00:00+03:00,2026-07-12 15:00:00+03:00,4.0
8,mega,afternoon,2026-07-12 15:00:00+03:00,2026-07-12 18:00:00+03:00,3.0
8,mega,dinner,2026-07-12 18:00:00+03:00,2026-07-12 21:00:00+03:00,3.0
8,mega,late_evening,2026-07-12 21:00:00+03:00,2026-07-13 00:00:00+03:00,3.0
8,mega,deep_night,2026-07-13 00:00:00+03:00,2026-07-13 06:00:00+03:00,6.0
8,mega,opening,2026-07-13 06:00:00+03:00,2026-07-13 08:00:00+03:00,2.0
8,mega,early_morning,2026-07-13 08:00:00+03:00,2026-07-13 09:00:00+03:00,1.0
8,mega,morning,2026-07-13 09:00:00+03:00,2026-07-13 11:00:00+03:00,2.0
8,mega,lunch,2026-07-13 11:00:00+03:00,2026-07-13 15:00:00+03:00,4.0
8,mega,afternoon,2026-07-13 15:00:00+03:00,2026-07-13 18:00:00+03:00,3.0
8,mega,dinner,2026-07-13 18:00:00+03:00,2026-07-13 21:00:00+03:00,3.0
8,mega,late_evening,2026-07-13 21:00:00+03:00,2026-07-14 00:00:00+03:00,3.0
8,mega,deep_night,2026-07-14 00:00:00+03:00,2026-07-14 06:00:00+03:00,6.0
8,mega,opening,2026-07-14 06:00:00+03:00,2026-07-14 08:00:00+03:00,2.0
8,mega,early_morning,2026-07-14 08:00:00+03:00,2026-07-14 09:00:00+03:00,1.0
8,mega,morning,2026-07-14 09:00:00+03:00,2026-07-14 11:00:00+03:00,2.0
8,mega,lunch,2026-07-14 11:00:00+03:00,2026-07-14 15:00:00+03:00,4.0
8,mega,afternoon,2026-07-14 15:00:00+03:00,2026-07-14 18:00:00+03:00,3.0
8,mega,dinner,2026-07-14 18:00:00+03:00,2026-07-14 21:00:00+03:00,3.0
8,mega,late_evening,2026-07-14 21:00:00+03:00,2026-07-15 00:00:00+03:00,3.0
8,mega,deep_night,2026-07-15 00:00:00+03:00,2026-07-15 06:00:00+03:00,6.0
8,mega,opening,2026-07-15 06:00:00+03:00,2026-07-15 08:00:00+03:00,2.0
8,mega,early_morning,2026-07-15 08:00:00+03:00,2026-07-15 09:00:00+03:00,1.0
8,mega,morning,2026-07-15 09:00:00+03:00,2026-07-15 11:00:00+03:00,2.0
8,mega,lunch,2026-07-15 11:00:00+03:00,2026-07-15 15:00:00+03:00,4.0
8,mega,afternoon,2026-07-15 15:00:00+03:00,2026-07-15 18:00:00+03:00,3.0
8,mega,dinner,2026-07-15 18:00:00+03:00,2026-07-15 21:00:00+03:00,3.0
8,mega,late_evening,2026-07-15 21:00:00+03:00,2026-07-16 00:00:00+03:00,3.0
8,mega,deep_night,2026-07-16 00:00:00+03:00,2026-07-16 06:00:00+03:00,6.0
8,mega,opening,2026-07-16 06:00:00+03:00,2026-07-16 08:00:00+03:00,2.0
8,mega,early_morning,2026-07-16 08:00:00+03:00,2026-07-16 09:00:00+03:00,1.0
8,mega,morning,2026-07-16 09:00:00+03:00,2026-07-16 11:00:00+03:00,2.0
8,mega,lunch,2026-07-16 11:00:00+03:00,2026-07-16 15:00:00+03:00,4.0
8,mega,afternoon,2026-07-16 15:00:00+03:00,2026-07-16 18:00:00+03:00,3.0
8,mega,dinner,2026-07-16 18:00:00+03:00,2026-07-16 21:00:00+03:00,3.0
8,mega,late_evening,2026-07-16 21:00:00+03:00,2026-07-17 00:00:00+03:00,3.0
8,mega,deep_night,2026-07-17 00:00:00+03:00,2026-07-17 06:00:00+03:00,6.0
8,mega,opening,2026-07-17 06:00:00+03:00,2026-07-17 08:00:00+03:00,2.0
8,mega,early_morning,2026-07-17 08:00:00+03:00,2026-07-17 09:00:00+03:00,1.0
8,mega,morning,2026-07-17 09:00:00+03:00,2026-07-17 11:00:00+03:00,2.0
8,mega,lunch,2026-07-17 11:00:00+03:00,2026-07-17 15:00:00+03:00,4.0
8,mega,afternoon,2026-07-17 15:00:00+03:00,2026-07-17 18:00:00+03:00,3.0
8,mega,dinner,2026-07-17 18:00:00+03:00,2026-07-17 21:00:00+03:00,3.0
8,mega,late_evening,2026-07-17 21:00:00+03:00,2026-07-18 00:00:00+03:00,3.0
8,mega,deep_night,2026-07-18 00:00:00+03:00,2026-07-18 06:00:00+03:00,6.0
8,mega,opening,2026-07-18 06:00:00+03:00,2026-07-18 08:00:00+03:00,2.0
8,mega,early_morning,2026-07-18 08:00:00+03:00,2026-07-18 09:00:00+03:00,1.0
8,mega,morning,2026-07-18 09:00:00+03:00,2026-07-18 11:00:00+03:00,2.0
8,mega,lunch,2026-07-18 11:00:00+03:00,2026-07-18 15:00:00+03:00,4.0
8,mega,afternoon,2026-07-18 15:00:00+03:00,2026-07-18 18:00:00+03:00,3.0
8,mega,dinner,2026-07-18 18:00:00+03:00,2026-07-18 21:00:00+03:00,3.0
8,mega,late_evening,2026-07-18 21:00:00+03:00,2026-07-19 00:00:00+03:00,3.0
8,mega,deep_night,2026-07-19 00:00:00+03:00,2026-07-19 06:00:00+03:00,6.0
8,mega,opening,2026-07-19 06:00:00+03:00,2026-07-19 08:00:00+03:00,2.0
8,mega,early_morning,2026-07-19 08:00:00+03:00,2026-07-19 09:00:00+03:00,1.0
8,mega,morning,2026-07-19 09:00:00+03:00,2026-07-19 11:00:00+03:00,2.0
8,mega,lunch,2026-07-19 11:00:00+03:00,2026-07-19 15:00:00+03:00,4.0
8,mega,afternoon,2026-07-19 15:00:00+03:00,2026-07-19 18:00:00+03:00,3.0
8,mega,dinner,2026-07-19 18:00:00+03:00,2026-07-19 21:00:00+03:00,3.0
8,mega,late_evening,2026-07-19 21:00:00+03:00,2026-07-20 00:00:00+03:00,3.0
9,high,deep_night,2026-07-06 00:00:00+03:00,2026-07-06 06:00:00+03:00,6.0
9,high,opening,2026-07-06 06:00:00+03:00,2026-07-06 08:00:00+03:00,2.0
9,high,early_morning,2026-07-06 08:00:00+03:00,2026-07-06 09:00:00+03:00,1.0
9,high,morning,2026-07-06 09:00:00+03:00,2026-07-06 11:00:00+03:00,2.0
9,high,lunch,2026-07-06 11:00:00+03:00,2026-07-06 15:00:00+03:00,4.0
9,high,afternoon,2026-07-06 15:00:00+03:00,2026-07-06 18:00:00+03:00,3.0
9,high,dinner,2026-07-06 18:00:00+03:00,2026-07-06 21:00:00+03:00,3.0
9,high,late_evening,2026-07-06 21:00:00+03:00,2026-07-07 00:00:00+03:00,3.0
9,high,deep_night,2026-07-07 00:00:00+03:00,2026-07-07 06:00:00+03:00,6.0
9,high,opening,2026-07-07 06:00:00+03:00,2026-07-07 08:00:00+03:00,2.0
9,high,early_morning,2026-07-07 08:00:00+03:00,2026-07-07 09:00:00+03:00,1.0
9,high,morning,2026-07-07 09:00:00+03:00,2026-07-07 11:00:00+03:00,2.0
9,high,lunch,2026-07-07 11:00:00+03:00,2026-07-07 15:00:00+03:00,4.0
9,high,afternoon,2026-07-07 15:00:00+03:00,2026-07-07 18:00:00+03:00,3.0
9,high,dinner,2026-07-07 18:00:00+03:00,2026-07-07 21:00:00+03:00,3.0
9,high,late_evening,2026-07-07 21:00:00+03:00,2026-07-08 00:00:00+03:00,3.0
9,high,deep_night,2026-07-08 00:00:00+03:00,2026-07-08 06:00:00+03:00,6.0
9,high,opening,2026-07-08 06:00:00+03:00,2026-07-08 08:00:00+03:00,2.0
9,high,early_morning,2026-07-08 08:00:00+03:00,2026-07-08 09:00:00+03:00,1.0
9,high,morning,2026-07-08 09:00:00+03:00,2026-07-08 11:00:00+03:00,2.0
9,high,lunch,2026-07-08 11:00:00+03:00,2026-07-08 15:00:00+03:00,4.0
9,high,afternoon,2026-07-08 15:00:00+03:00,2026-07-08 18:00:00+03:00,3.0
9,high,dinner,2026-07-08 18:00:00+03:00,2026-07-08 21:00:00+03:00,3.0
9,high,late_evening,2026-07-08 21:00:00+03:00,2026-07-09 00:00:00+03:00,3.0
9,high,deep_night,2026-07-09 00:00:00+03:00,2026-07-09 06:00:00+03:00,6.0
9,high,opening,2026-07-09 06:00:00+03:00,2026-07-09 08:00:00+03:00,2.0
9,high,early_morning,2026-07-09 08:00:00+03:00,2026-07-09 09:00:00+03:00,1.0
9,high,morning,2026-07-09 09:00:00+03:00,2026-07-09 11:00:00+03:00,2.0
9,high,lunch,2026-07-09 11:00:00+03:00,2026-07-09 15:00:00+03:00,4.0
9,high,afternoon,2026-07-09 15:00:00+03:00,2026-07-09 18:00:00+03:00,3.0
9,high,dinner,2026-07-09 18:00:00+03:00,2026-07-09 21:00:00+03:00,3.0
9,high,late_evening,2026-07-09 21:00:00+03:00,2026-07-10 00:00:00+03:00,3.0
9,high,deep_night,2026-07-10 00:00:00+03:00,2026-07-10 06:00:00+03:00,6.0
9,high,opening,2026-07-10 06:00:00+03:00,2026-07-10 08:00:00+03:00,2.0
9,high,early_morning,2026-07-10 08:00:00+03:00,2026-07-10 09:00:00+03:00,1.0
9,high,morning,2026-07-10 09:00:00+03:00,2026-07-10 11:00:00+03:00,2.0
9,high,lunch,2026-07-10 11:00:00+03:00,2026-07-10 15:00:00+03:00,4.0
9,high,afternoon,2026-07-10 15:00:00+03:00,2026-07-10 18:00:00+03:00,3.0
9,high,dinner,2026-07-10 18:00:00+03:00,2026-07-10 21:00:00+03:00,3.0
9,high,late_evening,2026-07-10 21:00:00+03:00,2026-07-11 00:00:00+03:00,3.0
9,high,deep_night,2026-07-11 00:00:00+03:00,2026-07-11 06:00:00+03:00,6.0
9,high,opening,2026-07-11 06:00:00+03:00,2026-07-11 08:00:00+03:00,2.0
9,high,early_morning,2026-07-11 08:00:00+03:00,2026-07-11 09:00:00+03:00,1.0
9,high,morning,2026-07-11 09:00:00+03:00,2026-07-11 11:00:00+03:00,2.0
9,high,lunch,2026-07-11 11:00:00+03:00,2026-07-11 15:00:00+03:00,4.0
9,high,afternoon,2026-07-11 15:00:00+03:00,2026-07-11 18:00:00+03:00,3.0
9,high,dinner,2026-07-11 18:00:00+03:00,2026-07-11 21:00:00+03:00,3.0
9,high,late_evening,2026-07-11 21:00:00+03:00,2026-07-12 00:00:00+03:00,3.0
9,high,deep_night,2026-07-12 00:00:00+03:00,2026-07-12 06:00:00+03:00,6.0
9,high,opening,2026-07-12 06:00:00+03:00,2026-07-12 08:00:00+03:00,2.0
9,high,early_morning,2026-07-12 08:00:00+03:00,2026-07-12 09:00:00+03:00,1.0
9,high,morning,2026-07-12 09:00:00+03:00,2026-07-12 11:00:00+03:00,2.0
9,high,lunch,2026-07-12 11:00:00+03:00,2026-07-12 15:00:00+03:00,4.0
9,high,afternoon,2026-07-12 15:00:00+03:00,2026-07-12 18:00:00+03:00,3.0
9,high,dinner,2026-07-12 18:00:00+03:00,2026-07-12 21:00:00+03:00,3.0
9,high,late_evening,2026-07-12 21:00:00+03:00,2026-07-13 00:00:00+03:00,3.0
9,high,deep_night,2026-07-13 00:00:00+03:00,2026-07-13 06:00:00+03:00,6.0
9,high,opening,2026-07-13 06:00:00+03:00,2026-07-13 08:00:00+03:00,2.0
9,high,early_morning,2026-07-13 08:00:00+03:00,2026-07-13 09:00:00+03:00,1.0
9,high,morning,2026-07-13 09:00:00+03:00,2026-07-13 11:00:00+03:00,2.0
9,high,lunch,2026-07-13 11:00:00+03:00,2026-07-13 15:00:00+03:00,4.0
9,high,afternoon,2026-07-13 15:00:00+03:00,2026-07-13 18:00:00+03:00,3.0
9,high,dinner,2026-07-13 18:00:00+03:00,2026-07-13 21:00:00+03:00,3.0
9,high,late_evening,2026-07-13 21:00:00+03:00,2026-07-14 00:00:00+03:00,3.0
9,high,deep_night,2026-07-14 00:00:00+03:00,2026-07-14 06:00:00+03:00,6.0
9,high,opening,2026-07-14 06:00:00+03:00,2026-07-14 08:00:00+03:00,2.0
9,high,early_morning,2026-07-14 08:00:00+03:00,2026-07-14 09:00:00+03:00,1.0
9,high,morning,2026-07-14 09:00:00+03:00,2026-07-14 11:00:00+03:00,2.0
9,high,lunch,2026-07-14 11:00:00+03:00,2026-07-14 15:00:00+03:00,4.0
9,high,afternoon,2026-07-14 15:00:00+03:00,2026-07-14 18:00:00+03:00,3.0
9,high,dinner,2026-07-14 18:00:00+03:00,2026-07-14 21:00:00+03:00,3.0
9,high,late_evening,2026-07-14 21:00:00+03:00,2026-07-15 00:00:00+03:00,3.0
9,high,deep_night,2026-07-15 00:00:00+03:00,2026-07-15 06:00:00+03:00,6.0
9,high,opening,2026-07-15 06:00:00+03:00,2026-07-15 08:00:00+03:00,2.0
9,high,early_morning,2026-07-15 08:00:00+03:00,2026-07-15 09:00:00+03:00,1.0
9,high,morning,2026-07-15 09:00:00+03:00,2026-07-15 11:00:00+03:00,2.0
9,high,lunch,2026-07-15 11:00:00+03:00,2026-07-15 15:00:00+03:00,4.0
9,high,afternoon,2026-07-15 15:00:00+03:00,2026-07-15 18:00:00+03:00,3.0
9,high,dinner,2026-07-15 18:00:00+03:00,2026-07-15 21:00:00+03:00,3.0
9,high,late_evening,2026-07-15 21:00:00+03:00,2026-07-16 00:00:00+03:00,3.0
9,high,deep_night,2026-07-16 00:00:00+03:00,2026-07-16 06:00:00+03:00,6.0
9,high,opening,2026-07-16 06:00:00+03:00,2026-07-16 08:00:00+03:00,2.0
9,high,early_morning,2026-07-16 08:00:00+03:00,2026-07-16 09:00:00+03:00,1.0
9,high,morning,2026-07-16 09:00:00+03:00,2026-07-16 11:00:00+03:00,2.0
9,high,lunch,2026-07-16 11:00:00+03:00,2026-07-16 15:00:00+03:00,4.0
9,high,afternoon,2026-07-16 15:00:00+03:00,2026-07-16 18:00:00+03:00,3.0
9,high,dinner,2026-07-16 18:00:00+03:00,2026-07-16 21:00:00+03:00,3.0
9,high,late_evening,2026-07-16 21:00:00+03:00,2026-07-17 00:00:00+03:00,3.0
9,high,deep_night,2026-07-17 00:00:00+03:00,2026-07-17 06:00:00+03:00,6.0
9,high,opening,2026-07-17 06:00:00+03:00,2026-07-17 08:00:00+03:00,2.0
9,high,early_morning,2026-07-17 08:00:00+03:00,2026-07-17 09:00:00+03:00,1.0
9,high,morning,2026-07-17 09:00:00+03:00,2026-07-17 11:00:00+03:00,2.0
9,high,lunch,2026-07-17 11:00:00+03:00,2026-07-17 15:00:00+03:00,4.0
9,high,afternoon,2026-07-17 15:00:00+03:00,2026-07-17 18:00:00+03:00,3.0
9,high,dinner,2026-07-17 18:00:00+03:00,2026-07-17 21:00:00+03:00,3.0
9,high,late_evening,2026-07-17 21:00:00+03:00,2026-07-18 00:00:00+03:00,3.0
9,high,deep_night,2026-07-18 00:00:00+03:00,2026-07-18 06:00:00+03:00,6.0
9,high,opening,2026-07-18 06:00:00+03:00,2026-07-18 08:00:00+03:00,2.0
9,high,early_morning,2026-07-18 08:00:00+03:00,2026-07-18 09:00:00+03:00,1.0
9,high,morning,2026-07-18 09:00:00+03:00,2026-07-18 11:00:00+03:00,2.0
9,high,lunch,2026-07-18 11:00:00+03:00,2026-07-18 15:00:00+03:00,4.0
9,high,afternoon,2026-07-18 15:00:00+03:00,2026-07-18 18:00:00+03:00,3.0
9,high,dinner,2026-07-18 18:00:00+03:00,2026-07-18 21:00:00+03:00,3.0
9,high,late_evening,2026-07-18 21:00:00+03:00,2026-07-19 00:00:00+03:00,3.0
9,high,deep_night,2026-07-19 00:00:00+03:00,2026-07-19 06:00:00+03:00,6.0
9,high,opening,2026-07-19 06:00:00+03:00,2026-07-19 08:00:00+03:00,2.0
9,high,early_morning,2026-07-19 08:00:00+03:00,2026-07-19 09:00:00+03:00,1.0
9,high,morning,2026-07-19 09:00:00+03:00,2026-07-19 11:00:00+03:00,2.0
9,high,lunch,2026-07-19 11:00:00+03:00,2026-07-19 15:00:00+03:00,4.0
9,high,afternoon,2026-07-19 15:00:00+03:00,2026-07-19 18:00:00+03:00,3.0
9,high,dinner,2026-07-19 18:00:00+03:00,2026-07-19 21:00:00+03:00,3.0
9,high,late_evening,2026-07-19 21:00:00+03:00,2026-07-20 00:00:00+03:00,3.0
99,mega,deep_night,2026-07-06 00:00:00+03:00,2026-07-06 06:00:00+03:00,6.0
99,mega,opening,2026-07-06 06:00:00+03:00,2026-07-06 08:00:00+03:00,2.0
99,mega,early_morning,2026-07-06 08:00:00+03:00,2026-07-06 09:00:00+03:00,1.0
99,mega,morning,2026-07-06 09:00:00+03:00,2026-07-06 11:00:00+03:00,2.0
99,mega,lunch,2026-07-06 11:00:00+03:00,2026-07-06 15:00:00+03:00,4.0
99,mega,afternoon,2026-07-06 15:00:00+03:00,2026-07-06 18:00:00+03:00,3.0
99,mega,dinner,2026-07-06 18:00:00+03:00,2026-07-06 21:00:00+03:00,3.0
99,mega,late_evening,2026-07-06 21:00:00+03:00,2026-07-07 00:00:00+03:00,3.0
99,mega,deep_night,2026-07-07 00:00:00+03:00,2026-07-07 06:00:00+03:00,6.0
99,mega,opening,2026-07-07 06:00:00+03:00,2026-07-07 08:00:00+03:00,2.0
99,mega,early_morning,2026-07-07 08:00:00+03:00,2026-07-07 09:00:00+03:00,1.0
99,mega,morning,2026-07-07 09:00:00+03:00,2026-07-07 11:00:00+03:00,2.0
99,mega,lunch,2026-07-07 11:00:00+03:00,2026-07-07 15:00:00+03:00,4.0
99,mega,afternoon,2026-07-07 15:00:00+03:00,2026-07-07 18:00:00+03:00,3.0
99,mega,dinner,2026-07-07 18:00:00+03:00,2026-07-07 21:00:00+03:00,3.0
99,mega,late_evening,2026-07-07 21:00:00+03:00,2026-07-08 00:00:00+03:00,3.0
99,mega,deep_night,2026-07-08 00:00:00+03:00,2026-07-08 06:00:00+03:00,6.0
99,mega,opening,2026-07-08 06:00:00+03:00,2026-07-08 08:00:00+03:00,2.0
99,mega,early_morning,2026-07-08 08:00:00+03:00,2026-07-08 09:00:00+03:00,1.0
99,mega,morning,2026-07-08 09:00:00+03:00,2026-07-08 11:00:00+03:00,2.0
99,mega,lunch,2026-07-08 11:00:00+03:00,2026-07-08 15:00:00+03:00,4.0
99,mega,afternoon,2026-07-08 15:00:00+03:00,2026-07-08 18:00:00+03:00,3.0
99,mega,dinner,2026-07-08 18:00:00+03:00,2026-07-08 21:00:00+03:00,3.0
99,mega,late_evening,2026-07-08 21:00:00+03:00,2026-07-09 00:00:00+03:00,3.0
99,mega,deep_night,2026-07-09 00:00:00+03:00,2026-07-09 06:00:00+03:00,6.0
99,mega,opening,2026-07-09 06:00:00+03:00,2026-07-09 08:00:00+03:00,2.0
99,mega,early_morning,2026-07-09 08:00:00+03:00,2026-07-09 09:00:00+03:00,1.0
99,mega,morning,2026-07-09 09:00:00+03:00,2026-07-09 11:00:00+03:00,2.0
99,mega,lunch,2026-07-09 11:00:00+03:00,2026-07-09 15:00:00+03:00,4.0
99,mega,afternoon,2026-07-09 15:00:00+03:00,2026-07-09 18:00:00+03:00,3.0
99,mega,dinner,2026-07-09 18:00:00+03:00,2026-07-09 21:00:00+03:00,3.0
99,mega,late_evening,2026-07-09 21:00:00+03:00,2026-07-10 00:00:00+03:00,3.0
99,mega,deep_night,2026-07-10 00:00:00+03:00,2026-07-10 06:00:00+03:00,6.0
99,mega,opening,2026-07-10 06:00:00+03:00,2026-07-10 08:00:00+03:00,2.0
99,mega,early_morning,2026-07-10 08:00:00+03:00,2026-07-10 09:00:00+03:00,1.0
99,mega,morning,2026-07-10 09:00:00+03:00,2026-07-10 11:00:00+03:00,2.0
99,mega,lunch,2026-07-10 11:00:00+03:00,2026-07-10 15:00:00+03:00,4.0
99,mega,afternoon,2026-07-10 15:00:00+03:00,2026-07-10 18:00:00+03:00,3.0
99,mega,dinner,2026-07-10 18:00:00+03:00,2026-07-10 21:00:00+03:00,3.0
99,mega,late_evening,2026-07-10 21:00:00+03:00,2026-07-11 00:00:00+03:00,3.0
99,mega,deep_night,2026-07-11 00:00:00+03:00,2026-07-11 06:00:00+03:00,6.0
99,mega,opening,2026-07-11 06:00:00+03:00,2026-07-11 08:00:00+03:00,2.0
99,mega,early_morning,2026-07-11 08:00:00+03:00,2026-07-11 09:00:00+03:00,1.0
99,mega,morning,2026-07-11 09:00:00+03:00,2026-07-11 11:00:00+03:00,2.0
99,mega,lunch,2026-07-11 11:00:00+03:00,2026-07-11 15:00:00+03:00,4.0
99,mega,afternoon,2026-07-11 15:00:00+03:00,2026-07-11 18:00:00+03:00,3.0
99,mega,dinner,2026-07-11 18:00:00+03:00,2026-07-11 21:00:00+03:00,3.0
99,mega,late_evening,2026-07-11 21:00:00+03:00,2026-07-12 00:00:00+03:00,3.0
99,mega,deep_night,2026-07-12 00:00:00+03:00,2026-07-12 06:00:00+03:00,6.0
99,mega,opening,2026-07-12 06:00:00+03:00,2026-07-12 08:00:00+03:00,2.0
99,mega,early_morning,2026-07-12 08:00:00+03:00,2026-07-12 09:00:00+03:00,1.0
99,mega,morning,2026-07-12 09:00:00+03:00,2026-07-12 11:00:00+03:00,2.0
99,mega,lunch,2026-07-12 11:00:00+03:00,2026-07-12 15:00:00+03:00,4.0
99,mega,afternoon,2026-07-12 15:00:00+03:00,2026-07-12 18:00:00+03:00,3.0
99,mega,dinner,2026-07-12 18:00:00+03:00,2026-07-12 21:00:00+03:00,3.0
99,mega,late_evening,2026-07-12 21:00:00+03:00,2026-07-13 00:00:00+03:00,3.0
99,mega,deep_night,2026-07-13 00:00:00+03:00,2026-07-13 06:00:00+03:00,6.0
99,mega,opening,2026-07-13 06:00:00+03:00,2026-07-13 08:00:00+03:00,2.0
99,mega,early_morning,2026-07-13 08:00:00+03:00,2026-07-13 09:00:00+03:00,1.0
99,mega,morning,2026-07-13 09:00:00+03:00,2026-07-13 11:00:00+03:00,2.0
99,mega,lunch,2026-07-13 11:00:00+03:00,2026-07-13 15:00:00+03:00,4.0
99,mega,afternoon,2026-07-13 15:00:00+03:00,2026-07-13 18:00:00+03:00,3.0
99,mega,dinner,2026-07-13 18:00:00+03:00,2026-07-13 21:00:00+03:00,3.0
99,mega,late_evening,2026-07-13 21:00:00+03:00,2026-07-14 00:00:00+03:00,3.0
99,mega,deep_night,2026-07-14 00:00:00+03:00,2026-07-14 06:00:00+03:00,6.0
99,mega,opening,2026-07-14 06:00:00+03:00,2026-07-14 08:00:00+03:00,2.0
99,mega,early_morning,2026-07-14 08:00:00+03:00,2026-07-14 09:00:00+03:00,1.0
99,mega,morning,2026-07-14 09:00:00+03:00,2026-07-14 11:00:00+03:00,2.0
99,mega,lunch,2026-07-14 11:00:00+03:00,2026-07-14 15:00:00+03:00,4.0
99,mega,afternoon,2026-07-14 15:00:00+03:00,2026-07-14 18:00:00+03:00,3.0
99,mega,dinner,2026-07-14 18:00:00+03:00,2026-07-14 21:00:00+03:00,3.0
99,mega,late_evening,2026-07-14 21:00:00+03:00,2026-07-15 00:00:00+03:00,3.0
99,mega,deep_night,2026-07-15 00:00:00+03:00,2026-07-15 06:00:00+03:00,6.0
99,mega,opening,2026-07-15 06:00:00+03:00,2026-07-15 08:00:00+03:00,2.0
99,mega,early_morning,2026-07-15 08:00:00+03:00,2026-07-15 09:00:00+03:00,1.0
99,mega,morning,2026-07-15 09:00:00+03:00,2026-07-15 11:00:00+03:00,2.0
99,mega,lunch,2026-07-15 11:00:00+03:00,2026-07-15 15:00:00+03:00,4.0
99,mega,afternoon,2026-07-15 15:00:00+03:00,2026-07-15 18:00:00+03:00,3.0
99,mega,dinner,2026-07-15 18:00:00+03:00,2026-07-15 21:00:00+03:00,3.0
99,mega,late_evening,2026-07-15 21:00:00+03:00,2026-07-16 00:00:00+03:00,3.0
99,mega,deep_night,2026-07-16 00:00:00+03:00,2026-07-16 06:00:00+03:00,6.0
99,mega,opening,2026-07-16 06:00:00+03:00,2026-07-16 08:00:00+03:00,2.0
99,mega,early_morning,2026-07-16 08:00:00+03:00,2026-07-16 09:00:00+03:00,1.0
99,mega,morning,2026-07-16 09:00:00+03:00,2026-07-16 11:00:00+03:00,2.0
99,mega,lunch,2026-07-16 11:00:00+03:00,2026-07-16 15:00:00+03:00,4.0
99,mega,afternoon,2026-07-16 15:00:00+03:00,2026-07-16 18:00:00+03:00,3.0
99,mega,dinner,2026-07-16 18:00:00+03:00,2026-07-16 21:00:00+03:00,3.0
99,mega,late_evening,2026-07-16 21:00:00+03:00,2026-07-17 00:00:00+03:00,3.0
99,mega,deep_night,2026-07-17 00:00:00+03:00,2026-07-17 06:00:00+03:00,6.0
99,mega,opening,2026-07-17 06:00:00+03:00,2026-07-17 08:00:00+03:00,2.0
99,mega,early_morning,2026-07-17 08:00:00+03:00,2026-07-17 09:00:00+03:00,1.0
99,mega,morning,2026-07-17 09:00:00+03:00,2026-07-17 11:00:00+03:00,2.0
99,mega,lunch,2026-07-17 11:00:00+03:00,2026-07-17 15:00:00+03:00,4.0
99,mega,afternoon,2026-07-17 15:00:00+03:00,2026-07-17 18:00:00+03:00,3.0
99,mega,dinner,2026-07-17 18:00:00+03:00,2026-07-17 21:00:00+03:00,3.0
99,mega,late_evening,2026-07-17 21:00:00+03:00,2026-07-18 00:00:00+03:00,3.0
99,mega,deep_night,2026-07-18 00:00:00+03:00,2026-07-18 06:00:00+03:00,6.0
99,mega,opening,2026-07-18 06:00:00+03:00,2026-07-18 08:00:00+03:00,2.0
99,mega,early_morning,2026-07-18 08:00:00+03:00,2026-07-18 09:00:00+03:00,1.0
99,mega,morning,2026-07-18 09:00:00+03:00,2026-07-18 11:00:00+03:00,2.0
99,mega,lunch,2026-07-18 11:00:00+03:00,2026-07-18 15:00:00+03:00,4.0
99,mega,afternoon,2026-07-18 15:00:00+03:00,2026-07-18 18:00:00+03:00,3.0
99,mega,dinner,2026-07-18 18:00:00+03:00,2026-07-18 21:00:00+03:00,3.0
99,mega,late_evening,2026-07-18 21:00:00+03:00,2026-07-19 00:00:00+03:00,3.0
99,mega,deep_night,2026-07-19 00:00:00+03:00,2026-07-19 06:00:00+03:00,6.0
99,mega,opening,2026-07-19 06:00:00+03:00,2026-07-19 08:00:00+03:00,2.0
99,mega,early_morning,2026-07-19 08:00:00+03:00,2026-07-19 09:00:00+03:00,1.0
99,mega,morning,2026-07-19 09:00:00+03:00,2026-07-19 11:00:00+03:00,2.0
99,mega,lunch,2026-07-19 11:00:00+03:00,2026-07-19 15:00:00+03:00,4.0
99,mega,afternoon,2026-07-19 15:00:00+03:00,2026-07-19 18:00:00+03:00,3.0
99,mega,dinner,2026-07-19 18:00:00+03:00,2026-07-19 21:00:00+03:00,3.0
99,mega,late_evening,2026-07-19 21:00:00+03:00,2026-07-20 00:00:00+03:00,3.0
grp_102_125,medium,block_00_06,2026-07-06 00:00:00+03:00,2026-07-06 06:00:00+03:00,6.0
grp_102_125,medium,block_06_12,2026-07-06 06:00:00+03:00,2026-07-06 12:00:00+03:00,6.0
grp_102_125,medium,block_12_18,2026-07-06 12:00:00+03:00,2026-07-06 18:00:00+03:00,6.0
grp_102_125,medium,block_18_24,2026-07-06 18:00:00+03:00,2026-07-07 00:00:00+03:00,6.0
grp_102_125,medium,block_00_06,2026-07-07 00:00:00+03:00,2026-07-07 06:00:00+03:00,6.0
grp_102_125,medium,block_06_12,2026-07-07 06:00:00+03:00,2026-07-07 12:00:00+03:00,6.0
grp_102_125,medium,block_12_18,2026-07-07 12:00:00+03:00,2026-07-07 18:00:00+03:00,6.0
grp_102_125,medium,block_18_24,2026-07-07 18:00:00+03:00,2026-07-08 00:00:00+03:00,6.0
grp_102_125,medium,block_00_06,2026-07-08 00:00:00+03:00,2026-07-08 06:00:00+03:00,6.0
grp_102_125,medium,block_06_12,2026-07-08 06:00:00+03:00,2026-07-08 12:00:00+03:00,6.0
grp_102_125,medium,block_12_18,2026-07-08 12:00:00+03:00,2026-07-08 18:00:00+03:00,6.0
grp_102_125,medium,block_18_24,2026-07-08 18:00:00+03:00,2026-07-09 00:00:00+03:00,6.0
grp_102_125,medium,block_00_06,2026-07-09 00:00:00+03:00,2026-07-09 06:00:00+03:00,6.0
grp_102_125,medium,block_06_12,2026-07-09 06:00:00+03:00,2026-07-09 12:00:00+03:00,6.0
grp_102_125,medium,block_12_18,2026-07-09 12:00:00+03:00,2026-07-09 18:00:00+03:00,6.0
grp_102_125,medium,block_18_24,2026-07-09 18:00:00+03:00,2026-07-10 00:00:00+03:00,6.0
grp_102_125,medium,block_00_06,2026-07-10 00:00:00+03:00,2026-07-10 06:00:00+03:00,6.0
grp_102_125,medium,block_06_12,2026-07-10 06:00:00+03:00,2026-07-10 12:00:00+03:00,6.0
grp_102_125,medium,block_12_18,2026-07-10 12:00:00+03:00,2026-07-10 18:00:00+03:00,6.0
grp_102_125,medium,block_18_24,2026-07-10 18:00:00+03:00,2026-07-11 00:00:00+03:00,6.0
grp_102_125,medium,block_00_06,2026-07-11 00:00:00+03:00,2026-07-11 06:00:00+03:00,6.0
grp_102_125,medium,block_06_12,2026-07-11 06:00:00+03:00,2026-07-11 12:00:00+03:00,6.0
grp_102_125,medium,block_12_18,2026-07-11 12:00:00+03:00,2026-07-11 18:00:00+03:00,6.0
grp_102_125,medium,block_18_24,2026-07-11 18:00:00+03:00,2026-07-12 00:00:00+03:00,6.0
grp_102_125,medium,block_00_06,2026-07-12 00:00:00+03:00,2026-07-12 06:00:00+03:00,6.0
grp_102_125,medium,block_06_12,2026-07-12 06:00:00+03:00,2026-07-12 12:00:00+03:00,6.0
grp_102_125,medium,block_12_18,2026-07-12 12:00:00+03:00,2026-07-12 18:00:00+03:00,6.0
grp_102_125,medium,block_18_24,2026-07-12 18:00:00+03:00,2026-07-13 00:00:00+03:00,6.0
grp_102_125,medium,block_00_06,2026-07-13 00:00:00+03:00,2026-07-13 06:00:00+03:00,6.0
grp_102_125,medium,block_06_12,2026-07-13 06:00:00+03:00,2026-07-13 12:00:00+03:00,6.0
grp_102_125,medium,block_12_18,2026-07-13 12:00:00+03:00,2026-07-13 18:00:00+03:00,6.0
grp_102_125,medium,block_18_24,2026-07-13 18:00:00+03:00,2026-07-14 00:00:00+03:00,6.0
grp_102_125,medium,block_00_06,2026-07-14 00:00:00+03:00,2026-07-14 06:00:00+03:00,6.0
grp_102_125,medium,block_06_12,2026-07-14 06:00:00+03:00,2026-07-14 12:00:00+03:00,6.0
grp_102_125,medium,block_12_18,2026-07-14 12:00:00+03:00,2026-07-14 18:00:00+03:00,6.0
grp_102_125,medium,block_18_24,2026-07-14 18:00:00+03:00,2026-07-15 00:00:00+03:00,6.0
grp_102_125,medium,block_00_06,2026-07-15 00:00:00+03:00,2026-07-15 06:00:00+03:00,6.0
grp_102_125,medium,block_06_12,2026-07-15 06:00:00+03:00,2026-07-15 12:00:00+03:00,6.0
grp_102_125,medium,block_12_18,2026-07-15 12:00:00+03:00,2026-07-15 18:00:00+03:00,6.0
grp_102_125,medium,block_18_24,2026-07-15 18:00:00+03:00,2026-07-16 00:00:00+03:00,6.0
grp_102_125,medium,block_00_06,2026-07-16 00:00:00+03:00,2026-07-16 06:00:00+03:00,6.0
grp_102_125,medium,block_06_12,2026-07-16 06:00:00+03:00,2026-07-16 12:00:00+03:00,6.0
grp_102_125,medium,block_12_18,2026-07-16 12:00:00+03:00,2026-07-16 18:00:00+03:00,6.0
grp_102_125,medium,block_18_24,2026-07-16 18:00:00+03:00,2026-07-17 00:00:00+03:00,6.0
grp_102_125,medium,block_00_06,2026-07-17 00:00:00+03:00,2026-07-17 06:00:00+03:00,6.0
grp_102_125,medium,block_06_12,2026-07-17 06:00:00+03:00,2026-07-17 12:00:00+03:00,6.0
grp_102_125,medium,block_12_18,2026-07-17 12:00:00+03:00,2026-07-17 18:00:00+03:00,6.0
grp_102_125,medium,block_18_24,2026-07-17 18:00:00+03:00,2026-07-18 00:00:00+03:00,6.0
grp_102_125,medium,block_00_06,2026-07-18 00:00:00+03:00,2026-07-18 06:00:00+03:00,6.0
grp_102_125,medium,block_06_12,2026-07-18 06:00:00+03:00,2026-07-18 12:00:00+03:00,6.0
grp_102_125,medium,block_12_18,2026-07-18 12:00:00+03:00,2026-07-18 18:00:00+03:00,6.0
grp_102_125,medium,block_18_24,2026-07-18 18:00:00+03:00,2026-07-19 00:00:00+03:00,6.0
grp_102_125,medium,block_00_06,2026-07-19 00:00:00+03:00,2026-07-19 06:00:00+03:00,6.0
grp_102_125,medium,block_06_12,2026-07-19 06:00:00+03:00,2026-07-19 12:00:00+03:00,6.0
grp_102_125,medium,block_12_18,2026-07-19 12:00:00+03:00,2026-07-19 18:00:00+03:00,6.0
grp_102_125,medium,block_18_24,2026-07-19 18:00:00+03:00,2026-07-20 00:00:00+03:00,6.0
1,medium,block_00_06,2026-07-06 00:00:00+03:00,2026-07-06 06:00:00+03:00,6.0
1,medium,block_06_12,2026-07-06 06:00:00+03:00,2026-07-06 12:00:00+03:00,6.0
1,medium,block_12_18,2026-07-06 12:00:00+03:00,2026-07-06 18:00:00+03:00,6.0
1,medium,block_18_24,2026-07-06 18:00:00+03:00,2026-07-07 00:00:00+03:00,6.0
1,medium,block_00_06,2026-07-07 00:00:00+03:00,2026-07-07 06:00:00+03:00,6.0
1,medium,block_06_12,2026-07-07 06:00:00+03:00,2026-07-07 12:00:00+03:00,6.0
1,medium,block_12_18,2026-07-07 12:00:00+03:00,2026-07-07 18:00:00+03:00,6.0
1,medium,block_18_24,2026-07-07 18:00:00+03:00,2026-07-08 00:00:00+03:00,6.0
1,medium,block_00_06,2026-07-08 00:00:00+03:00,2026-07-08 06:00:00+03:00,6.0
1,medium,block_06_12,2026-07-08 06:00:00+03:00,2026-07-08 12:00:00+03:00,6.0
1,medium,block_12_18,2026-07-08 12:00:00+03:00,2026-07-08 18:00:00+03:00,6.0
1,medium,block_18_24,2026-07-08 18:00:00+03:00,2026-07-09 00:00:00+03:00,6.0
1,medium,block_00_06,2026-07-09 00:00:00+03:00,2026-07-09 06:00:00+03:00,6.0
1,medium,block_06_12,2026-07-09 06:00:00+03:00,2026-07-09 12:00:00+03:00,6.0
1,medium,block_12_18,2026-07-09 12:00:00+03:00,2026-07-09 18:00:00+03:00,6.0
1,medium,block_18_24,2026-07-09 18:00:00+03:00,2026-07-10 00:00:00+03:00,6.0
1,medium,block_00_06,2026-07-10 00:00:00+03:00,2026-07-10 06:00:00+03:00,6.0
1,medium,block_06_12,2026-07-10 06:00:00+03:00,2026-07-10 12:00:00+03:00,6.0
1,medium,block_12_18,2026-07-10 12:00:00+03:00,2026-07-10 18:00:00+03:00,6.0
1,medium,block_18_24,2026-07-10 18:00:00+03:00,2026-07-11 00:00:00+03:00,6.0
1,medium,block_00_06,2026-07-11 00:00:00+03:00,2026-07-11 06:00:00+03:00,6.0
1,medium,block_06_12,2026-07-11 06:00:00+03:00,2026-07-11 12:00:00+03:00,6.0
1,medium,block_12_18,2026-07-11 12:00:00+03:00,2026-07-11 18:00:00+03:00,6.0
1,medium,block_18_24,2026-07-11 18:00:00+03:00,2026-07-12 00:00:00+03:00,6.0
1,medium,block_00_06,2026-07-12 00:00:00+03:00,2026-07-12 06:00:00+03:00,6.0
1,medium,block_06_12,2026-07-12 06:00:00+03:00,2026-07-12 12:00:00+03:00,6.0
1,medium,block_12_18,2026-07-12 12:00:00+03:00,2026-07-12 18:00:00+03:00,6.0
1,medium,block_18_24,2026-07-12 18:00:00+03:00,2026-07-13 00:00:00+03:00,6.0
1,medium,block_00_06,2026-07-13 00:00:00+03:00,2026-07-13 06:00:00+03:00,6.0
1,medium,block_06_12,2026-07-13 06:00:00+03:00,2026-07-13 12:00:00+03:00,6.0
1,medium,block_12_18,2026-07-13 12:00:00+03:00,2026-07-13 18:00:00+03:00,6.0
1,medium,block_18_24,2026-07-13 18:00:00+03:00,2026-07-14 00:00:00+03:00,6.0
1,medium,block_00_06,2026-07-14 00:00:00+03:00,2026-07-14 06:00:00+03:00,6.0
1,medium,block_06_12,2026-07-14 06:00:00+03:00,2026-07-14 12:00:00+03:00,6.0
1,medium,block_12_18,2026-07-14 12:00:00+03:00,2026-07-14 18:00:00+03:00,6.0
1,medium,block_18_24,2026-07-14 18:00:00+03:00,2026-07-15 00:00:00+03:00,6.0
1,medium,block_00_06,2026-07-15 00:00:00+03:00,2026-07-15 06:00:00+03:00,6.0
1,medium,block_06_12,2026-07-15 06:00:00+03:00,2026-07-15 12:00:00+03:00,6.0
1,medium,block_12_18,2026-07-15 12:00:00+03:00,2026-07-15 18:00:00+03:00,6.0
1,medium,block_18_24,2026-07-15 18:00:00+03:00,2026-07-16 00:00:00+03:00,6.0
1,medium,block_00_06,2026-07-16 00:00:00+03:00,2026-07-16 06:00:00+03:00,6.0
1,medium,block_06_12,2026-07-16 06:00:00+03:00,2026-07-16 12:00:00+03:00,6.0
1,medium,block_12_18,2026-07-16 12:00:00+03:00,2026-07-16 18:00:00+03:00,6.0
1,medium,block_18_24,2026-07-16 18:00:00+03:00,2026-07-17 00:00:00+03:00,6.0
1,medium,block_00_06,2026-07-17 00:00:00+03:00,2026-07-17 06:00:00+03:00,6.0
1,medium,block_06_12,2026-07-17 06:00:00+03:00,2026-07-17 12:00:00+03:00,6.0
1,medium,block_12_18,2026-07-17 12:00:00+03:00,2026-07-17 18:00:00+03:00,6.0
1,medium,block_18_24,2026-07-17 18:00:00+03:00,2026-07-18 00:00:00+03:00,6.0
1,medium,block_00_06,2026-07-18 00:00:00+03:00,2026-07-18 06:00:00+03:00,6.0
1,medium,block_06_12,2026-07-18 06:00:00+03:00,2026-07-18 12:00:00+03:00,6.0
1,medium,block_12_18,2026-07-18 12:00:00+03:00,2026-07-18 18:00:00+03:00,6.0
1,medium,block_18_24,2026-07-18 18:00:00+03:00,2026-07-19 00:00:00+03:00,6.0
1,medium,block_00_06,2026-07-19 00:00:00+03:00,2026-07-19 06:00:00+03:00,6.0
1,medium,block_06_12,2026-07-19 06:00:00+03:00,2026-07-19 12:00:00+03:00,6.0
1,medium,block_12_18,2026-07-19 12:00:00+03:00,2026-07-19 18:00:00+03:00,6.0
1,medium,block_18_24,2026-07-19 18:00:00+03:00,2026-07-20 00:00:00+03:00,6.0
10,medium,block_00_06,2026-07-06 00:00:00+03:00,2026-07-06 06:00:00+03:00,6.0
10,medium,block_06_12,2026-07-06 06:00:00+03:00,2026-07-06 12:00:00+03:00,6.0
10,medium,block_12_18,2026-07-06 12:00:00+03:00,2026-07-06 18:00:00+03:00,6.0
10,medium,block_18_24,2026-07-06 18:00:00+03:00,2026-07-07 00:00:00+03:00,6.0
10,medium,block_00_06,2026-07-07 00:00:00+03:00,2026-07-07 06:00:00+03:00,6.0
10,medium,block_06_12,2026-07-07 06:00:00+03:00,2026-07-07 12:00:00+03:00,6.0
10,medium,block_12_18,2026-07-07 12:00:00+03:00,2026-07-07 18:00:00+03:00,6.0
10,medium,block_18_24,2026-07-07 18:00:00+03:00,2026-07-08 00:00:00+03:00,6.0
10,medium,block_00_06,2026-07-08 00:00:00+03:00,2026-07-08 06:00:00+03:00,6.0
10,medium,block_06_12,2026-07-08 06:00:00+03:00,2026-07-08 12:00:00+03:00,6.0
10,medium,block_12_18,2026-07-08 12:00:00+03:00,2026-07-08 18:00:00+03:00,6.0
10,medium,block_18_24,2026-07-08 18:00:00+03:00,2026-07-09 00:00:00+03:00,6.0
10,medium,block_00_06,2026-07-09 00:00:00+03:00,2026-07-09 06:00:00+03:00,6.0
10,medium,block_06_12,2026-07-09 06:00:00+03:00,2026-07-09 12:00:00+03:00,6.0
10,medium,block_12_18,2026-07-09 12:00:00+03:00,2026-07-09 18:00:00+03:00,6.0
10,medium,block_18_24,2026-07-09 18:00:00+03:00,2026-07-10 00:00:00+03:00,6.0
10,medium,block_00_06,2026-07-10 00:00:00+03:00,2026-07-10 06:00:00+03:00,6.0
10,medium,block_06_12,2026-07-10 06:00:00+03:00,2026-07-10 12:00:00+03:00,6.0
10,medium,block_12_18,2026-07-10 12:00:00+03:00,2026-07-10 18:00:00+03:00,6.0
10,medium,block_18_24,2026-07-10 18:00:00+03:00,2026-07-11 00:00:00+03:00,6.0
10,medium,block_00_06,2026-07-11 00:00:00+03:00,2026-07-11 06:00:00+03:00,6.0
10,medium,block_06_12,2026-07-11 06:00:00+03:00,2026-07-11 12:00:00+03:00,6.0
10,medium,block_12_18,2026-07-11 12:00:00+03:00,2026-07-11 18:00:00+03:00,6.0
10,medium,block_18_24,2026-07-11 18:00:00+03:00,2026-07-12 00:00:00+03:00,6.0
10,medium,block_00_06,2026-07-12 00:00:00+03:00,2026-07-12 06:00:00+03:00,6.0
10,medium,block_06_12,2026-07-12 06:00:00+03:00,2026-07-12 12:00:00+03:00,6.0
10,medium,block_12_18,2026-07-12 12:00:00+03:00,2026-07-12 18:00:00+03:00,6.0
10,medium,block_18_24,2026-07-12 18:00:00+03:00,2026-07-13 00:00:00+03:00,6.0
10,medium,block_00_06,2026-07-13 00:00:00+03:00,2026-07-13 06:00:00+03:00,6.0
10,medium,block_06_12,2026-07-13 06:00:00+03:00,2026-07-13 12:00:00+03:00,6.0
10,medium,block_12_18,2026-07-13 12:00:00+03:00,2026-07-13 18:00:00+03:00,6.0
10,medium,block_18_24,2026-07-13 18:00:00+03:00,2026-07-14 00:00:00+03:00,6.0
10,medium,block_00_06,2026-07-14 00:00:00+03:00,2026-07-14 06:00:00+03:00,6.0
10,medium,block_06_12,2026-07-14 06:00:00+03:00,2026-07-14 12:00:00+03:00,6.0
10,medium,block_12_18,2026-07-14 12:00:00+03:00,2026-07-14 18:00:00+03:00,6.0
10,medium,block_18_24,2026-07-14 18:00:00+03:00,2026-07-15 00:00:00+03:00,6.0
10,medium,block_00_06,2026-07-15 00:00:00+03:00,2026-07-15 06:00:00+03:00,6.0
10,medium,block_06_12,2026-07-15 06:00:00+03:00,2026-07-15 12:00:00+03:00,6.0
10,medium,block_12_18,2026-07-15 12:00:00+03:00,2026-07-15 18:00:00+03:00,6.0
10,medium,block_18_24,2026-07-15 18:00:00+03:00,2026-07-16 00:00:00+03:00,6.0
10,medium,block_00_06,2026-07-16 00:00:00+03:00,2026-07-16 06:00:00+03:00,6.0
10,medium,block_06_12,2026-07-16 06:00:00+03:00,2026-07-16 12:00:00+03:00,6.0
10,medium,block_12_18,2026-07-16 12:00:00+03:00,2026-07-16 18:00:00+03:00,6.0
10,medium,block_18_24,2026-07-16 18:00:00+03:00,2026-07-17 00:00:00+03:00,6.0
10,medium,block_00_06,2026-07-17 00:00:00+03:00,2026-07-17 06:00:00+03:00,6.0
10,medium,block_06_12,2026-07-17 06:00:00+03:00,2026-07-17 12:00:00+03:00,6.0
10,medium,block_12_18,2026-07-17 12:00:00+03:00,2026-07-17 18:00:00+03:00,6.0
10,medium,block_18_24,2026-07-17 18:00:00+03:00,2026-07-18 00:00:00+03:00,6.0
10,medium,block_00_06,2026-07-18 00:00:00+03:00,2026-07-18 06:00:00+03:00,6.0
10,medium,block_06_12,2026-07-18 06:00:00+03:00,2026-07-18 12:00:00+03:00,6.0
10,medium,block_12_18,2026-07-18 12:00:00+03:00,2026-07-18 18:00:00+03:00,6.0
10,medium,block_18_24,2026-07-18 18:00:00+03:00,2026-07-19 00:00:00+03:00,6.0
10,medium,block_00_06,2026-07-19 00:00:00+03:00,2026-07-19 06:00:00+03:00,6.0
10,medium,block_06_12,2026-07-19 06:00:00+03:00,2026-07-19 12:00:00+03:00,6.0
10,medium,block_12_18,2026-07-19 12:00:00+03:00,2026-07-19 18:00:00+03:00,6.0
10,medium,block_18_24,2026-07-19 18:00:00+03:00,2026-07-20 00:00:00+03:00,6.0
100,medium,block_00_06,2026-07-06 00:00:00+03:00,2026-07-06 06:00:00+03:00,6.0
100,medium,block_06_12,2026-07-06 06:00:00+03:00,2026-07-06 12:00:00+03:00,6.0
100,medium,block_12_18,2026-07-06 12:00:00+03:00,2026-07-06 18:00:00+03:00,6.0
100,medium,block_18_24,2026-07-06 18:00:00+03:00,2026-07-07 00:00:00+03:00,6.0
100,medium,block_00_06,2026-07-07 00:00:00+03:00,2026-07-07 06:00:00+03:00,6.0
100,medium,block_06_12,2026-07-07 06:00:00+03:00,2026-07-07 12:00:00+03:00,6.0
100,medium,block_12_18,2026-07-07 12:00:00+03:00,2026-07-07 18:00:00+03:00,6.0
100,medium,block_18_24,2026-07-07 18:00:00+03:00,2026-07-08 00:00:00+03:00,6.0
100,medium,block_00_06,2026-07-08 00:00:00+03:00,2026-07-08 06:00:00+03:00,6.0
100,medium,block_06_12,2026-07-08 06:00:00+03:00,2026-07-08 12:00:00+03:00,6.0
100,medium,block_12_18,2026-07-08 12:00:00+03:00,2026-07-08 18:00:00+03:00,6.0
100,medium,block_18_24,2026-07-08 18:00:00+03:00,2026-07-09 00:00:00+03:00,6.0
100,medium,block_00_06,2026-07-09 00:00:00+03:00,2026-07-09 06:00:00+03:00,6.0
100,medium,block_06_12,2026-07-09 06:00:00+03:00,2026-07-09 12:00:00+03:00,6.0
100,medium,block_12_18,2026-07-09 12:00:00+03:00,2026-07-09 18:00:00+03:00,6.0
100,medium,block_18_24,2026-07-09 18:00:00+03:00,2026-07-10 00:00:00+03:00,6.0
100,medium,block_00_06,2026-07-10 00:00:00+03:00,2026-07-10 06:00:00+03:00,6.0
100,medium,block_06_12,2026-07-10 06:00:00+03:00,2026-07-10 12:00:00+03:00,6.0
100,medium,block_12_18,2026-07-10 12:00:00+03:00,2026-07-10 18:00:00+03:00,6.0
100,medium,block_18_24,2026-07-10 18:00:00+03:00,2026-07-11 00:00:00+03:00,6.0
100,medium,block_00_06,2026-07-11 00:00:00+03:00,2026-07-11 06:00:00+03:00,6.0
100,medium,block_06_12,2026-07-11 06:00:00+03:00,2026-07-11 12:00:00+03:00,6.0
100,medium,block_12_18,2026-07-11 12:00:00+03:00,2026-07-11 18:00:00+03:00,6.0
100,medium,block_18_24,2026-07-11 18:00:00+03:00,2026-07-12 00:00:00+03:00,6.0
100,medium,block_00_06,2026-07-12 00:00:00+03:00,2026-07-12 06:00:00+03:00,6.0
100,medium,block_06_12,2026-07-12 06:00:00+03:00,2026-07-12 12:00:00+03:00,6.0
100,medium,block_12_18,2026-07-12 12:00:00+03:00,2026-07-12 18:00:00+03:00,6.0
100,medium,block_18_24,2026-07-12 18:00:00+03:00,2026-07-13 00:00:00+03:00,6.0
100,medium,block_00_06,2026-07-13 00:00:00+03:00,2026-07-13 06:00:00+03:00,6.0
100,medium,block_06_12,2026-07-13 06:00:00+03:00,2026-07-13 12:00:00+03:00,6.0
100,medium,block_12_18,2026-07-13 12:00:00+03:00,2026-07-13 18:00:00+03:00,6.0
100,medium,block_18_24,2026-07-13 18:00:00+03:00,2026-07-14 00:00:00+03:00,6.0
100,medium,block_00_06,2026-07-14 00:00:00+03:00,2026-07-14 06:00:00+03:00,6.0
100,medium,block_06_12,2026-07-14 06:00:00+03:00,2026-07-14 12:00:00+03:00,6.0
100,medium,block_12_18,2026-07-14 12:00:00+03:00,2026-07-14 18:00:00+03:00,6.0
100,medium,block_18_24,2026-07-14 18:00:00+03:00,2026-07-15 00:00:00+03:00,6.0
100,medium,block_00_06,2026-07-15 00:00:00+03:00,2026-07-15 06:00:00+03:00,6.0
100,medium,block_06_12,2026-07-15 06:00:00+03:00,2026-07-15 12:00:00+03:00,6.0
100,medium,block_12_18,2026-07-15 12:00:00+03:00,2026-07-15 18:00:00+03:00,6.0
100,medium,block_18_24,2026-07-15 18:00:00+03:00,2026-07-16 00:00:00+03:00,6.0
100,medium,block_00_06,2026-07-16 00:00:00+03:00,2026-07-16 06:00:00+03:00,6.0
100,medium,block_06_12,2026-07-16 06:00:00+03:00,2026-07-16 12:00:00+03:00,6.0
100,medium,block_12_18,2026-07-16 12:00:00+03:00,2026-07-16 18:00:00+03:00,6.0
100,medium,block_18_24,2026-07-16 18:00:00+03:00,2026-07-17 00:00:00+03:00,6.0
100,medium,block_00_06,2026-07-17 00:00:00+03:00,2026-07-17 06:00:00+03:00,6.0
100,medium,block_06_12,2026-07-17 06:00:00+03:00,2026-07-17 12:00:00+03:00,6.0
100,medium,block_12_18,2026-07-17 12:00:00+03:00,2026-07-17 18:00:00+03:00,6.0
100,medium,block_18_24,2026-07-17 18:00:00+03:00,2026-07-18 00:00:00+03:00,6.0
100,medium,block_00_06,2026-07-18 00:00:00+03:00,2026-07-18 06:00:00+03:00,6.0
100,medium,block_06_12,2026-07-18 06:00:00+03:00,2026-07-18 12:00:00+03:00,6.0
100,medium,block_12_18,2026-07-18 12:00:00+03:00,2026-07-18 18:00:00+03:00,6.0
100,medium,block_18_24,2026-07-18 18:00:00+03:00,2026-07-19 00:00:00+03:00,6.0
100,medium,block_00_06,2026-07-19 00:00:00+03:00,2026-07-19 06:00:00+03:00,6.0
100,medium,block_06_12,2026-07-19 06:00:00+03:00,2026-07-19 12:00:00+03:00,6.0
100,medium,block_12_18,2026-07-19 12:00:00+03:00,2026-07-19 18:00:00+03:00,6.0
100,medium,block_18_24,2026-07-19 18:00:00+03:00,2026-07-20 00:00:00+03:00,6.0
118,low,block_00_06,2026-07-06 00:00:00+03:00,2026-07-06 06:00:00+03:00,6.0
118,low,block_06_12,2026-07-06 06:00:00+03:00,2026-07-06 12:00:00+03:00,6.0
118,low,block_12_18,2026-07-06 12:00:00+03:00,2026-07-06 18:00:00+03:00,6.0
118,low,block_18_24,2026-07-06 18:00:00+03:00,2026-07-07 00:00:00+03:00,6.0
118,low,block_00_06,2026-07-07 00:00:00+03:00,2026-07-07 06:00:00+03:00,6.0
118,low,block_06_12,2026-07-07 06:00:00+03:00,2026-07-07 12:00:00+03:00,6.0
118,low,block_12_18,2026-07-07 12:00:00+03:00,2026-07-07 18:00:00+03:00,6.0
118,low,block_18_24,2026-07-07 18:00:00+03:00,2026-07-08 00:00:00+03:00,6.0
118,low,block_00_06,2026-07-08 00:00:00+03:00,2026-07-08 06:00:00+03:00,6.0
118,low,block_06_12,2026-07-08 06:00:00+03:00,2026-07-08 12:00:00+03:00,6.0
118,low,block_12_18,2026-07-08 12:00:00+03:00,2026-07-08 18:00:00+03:00,6.0
118,low,block_18_24,2026-07-08 18:00:00+03:00,2026-07-09 00:00:00+03:00,6.0
118,low,block_00_06,2026-07-09 00:00:00+03:00,2026-07-09 06:00:00+03:00,6.0
118,low,block_06_12,2026-07-09 06:00:00+03:00,2026-07-09 12:00:00+03:00,6.0
118,low,block_12_18,2026-07-09 12:00:00+03:00,2026-07-09 18:00:00+03:00,6.0
118,low,block_18_24,2026-07-09 18:00:00+03:00,2026-07-10 00:00:00+03:00,6.0
118,low,block_00_06,2026-07-10 00:00:00+03:00,2026-07-10 06:00:00+03:00,6.0
118,low,block_06_12,2026-07-10 06:00:00+03:00,2026-07-10 12:00:00+03:00,6.0
118,low,block_12_18,2026-07-10 12:00:00+03:00,2026-07-10 18:00:00+03:00,6.0
118,low,block_18_24,2026-07-10 18:00:00+03:00,2026-07-11 00:00:00+03:00,6.0
118,low,block_00_06,2026-07-11 00:00:00+03:00,2026-07-11 06:00:00+03:00,6.0
118,low,block_06_12,2026-07-11 06:00:00+03:00,2026-07-11 12:00:00+03:00,6.0
118,low,block_12_18,2026-07-11 12:00:00+03:00,2026-07-11 18:00:00+03:00,6.0
118,low,block_18_24,2026-07-11 18:00:00+03:00,2026-07-12 00:00:00+03:00,6.0
118,low,block_00_06,2026-07-12 00:00:00+03:00,2026-07-12 06:00:00+03:00,6.0
118,low,block_06_12,2026-07-12 06:00:00+03:00,2026-07-12 12:00:00+03:00,6.0
118,low,block_12_18,2026-07-12 12:00:00+03:00,2026-07-12 18:00:00+03:00,6.0
118,low,block_18_24,2026-07-12 18:00:00+03:00,2026-07-13 00:00:00+03:00,6.0
118,low,block_00_06,2026-07-13 00:00:00+03:00,2026-07-13 06:00:00+03:00,6.0
118,low,block_06_12,2026-07-13 06:00:00+03:00,2026-07-13 12:00:00+03:00,6.0
118,low,block_12_18,2026-07-13 12:00:00+03:00,2026-07-13 18:00:00+03:00,6.0
118,low,block_18_24,2026-07-13 18:00:00+03:00,2026-07-14 00:00:00+03:00,6.0
118,low,block_00_06,2026-07-14 00:00:00+03:00,2026-07-14 06:00:00+03:00,6.0
118,low,block_06_12,2026-07-14 06:00:00+03:00,2026-07-14 12:00:00+03:00,6.0
118,low,block_12_18,2026-07-14 12:00:00+03:00,2026-07-14 18:00:00+03:00,6.0
118,low,block_18_24,2026-07-14 18:00:00+03:00,2026-07-15 00:00:00+03:00,6.0
118,low,block_00_06,2026-07-15 00:00:00+03:00,2026-07-15 06:00:00+03:00,6.0
118,low,block_06_12,2026-07-15 06:00:00+03:00,2026-07-15 12:00:00+03:00,6.0
118,low,block_12_18,2026-07-15 12:00:00+03:00,2026-07-15 18:00:00+03:00,6.0
118,low,block_18_24,2026-07-15 18:00:00+03:00,2026-07-16 00:00:00+03:00,6.0
118,low,block_00_06,2026-07-16 00:00:00+03:00,2026-07-16 06:00:00+03:00,6.0
118,low,block_06_12,2026-07-16 06:00:00+03:00,2026-07-16 12:00:00+03:00,6.0
118,low,block_12_18,2026-07-16 12:00:00+03:00,2026-07-16 18:00:00+03:00,6.0
118,low,block_18_24,2026-07-16 18:00:00+03:00,2026-07-17 00:00:00+03:00,6.0
118,low,block_00_06,2026-07-17 00:00:00+03:00,2026-07-17 06:00:00+03:00,6.0
118,low,block_06_12,2026-07-17 06:00:00+03:00,2026-07-17 12:00:00+03:00,6.0
118,low,block_12_18,2026-07-17 12:00:00+03:00,2026-07-17 18:00:00+03:00,6.0
118,low,block_18_24,2026-07-17 18:00:00+03:00,2026-07-18 00:00:00+03:00,6.0
118,low,block_00_06,2026-07-18 00:00:00+03:00,2026-07-18 06:00:00+03:00,6.0
118,low,block_06_12,2026-07-18 06:00:00+03:00,2026-07-18 12:00:00+03:00,6.0
118,low,block_12_18,2026-07-18 12:00:00+03:00,2026-07-18 18:00:00+03:00,6.0
118,low,block_18_24,2026-07-18 18:00:00+03:00,2026-07-19 00:00:00+03:00,6.0
118,low,block_00_06,2026-07-19 00:00:00+03:00,2026-07-19 06:00:00+03:00,6.0
118,low,block_06_12,2026-07-19 06:00:00+03:00,2026-07-19 12:00:00+03:00,6.0
118,low,block_12_18,2026-07-19 12:00:00+03:00,2026-07-19 18:00:00+03:00,6.0
118,low,block_18_24,2026-07-19 18:00:00+03:00,2026-07-20 00:00:00+03:00,6.0
119,medium,block_00_06,2026-07-06 00:00:00+03:00,2026-07-06 06:00:00+03:00,6.0
119,medium,block_06_12,2026-07-06 06:00:00+03:00,2026-07-06 12:00:00+03:00,6.0
119,medium,block_12_18,2026-07-06 12:00:00+03:00,2026-07-06 18:00:00+03:00,6.0
119,medium,block_18_24,2026-07-06 18:00:00+03:00,2026-07-07 00:00:00+03:00,6.0
119,medium,block_00_06,2026-07-07 00:00:00+03:00,2026-07-07 06:00:00+03:00,6.0
119,medium,block_06_12,2026-07-07 06:00:00+03:00,2026-07-07 12:00:00+03:00,6.0
119,medium,block_12_18,2026-07-07 12:00:00+03:00,2026-07-07 18:00:00+03:00,6.0
119,medium,block_18_24,2026-07-07 18:00:00+03:00,2026-07-08 00:00:00+03:00,6.0
119,medium,block_00_06,2026-07-08 00:00:00+03:00,2026-07-08 06:00:00+03:00,6.0
119,medium,block_06_12,2026-07-08 06:00:00+03:00,2026-07-08 12:00:00+03:00,6.0
119,medium,block_12_18,2026-07-08 12:00:00+03:00,2026-07-08 18:00:00+03:00,6.0
119,medium,block_18_24,2026-07-08 18:00:00+03:00,2026-07-09 00:00:00+03:00,6.0
119,medium,block_00_06,2026-07-09 00:00:00+03:00,2026-07-09 06:00:00+03:00,6.0
119,medium,block_06_12,2026-07-09 06:00:00+03:00,2026-07-09 12:00:00+03:00,6.0
119,medium,block_12_18,2026-07-09 12:00:00+03:00,2026-07-09 18:00:00+03:00,6.0
119,medium,block_18_24,2026-07-09 18:00:00+03:00,2026-07-10 00:00:00+03:00,6.0
119,medium,block_00_06,2026-07-10 00:00:00+03:00,2026-07-10 06:00:00+03:00,6.0
119,medium,block_06_12,2026-07-10 06:00:00+03:00,2026-07-10 12:00:00+03:00,6.0
119,medium,block_12_18,2026-07-10 12:00:00+03:00,2026-07-10 18:00:00+03:00,6.0
119,medium,block_18_24,2026-07-10 18:00:00+03:00,2026-07-11 00:00:00+03:00,6.0
119,medium,block_00_06,2026-07-11 00:00:00+03:00,2026-07-11 06:00:00+03:00,6.0
119,medium,block_06_12,2026-07-11 06:00:00+03:00,2026-07-11 12:00:00+03:00,6.0
119,medium,block_12_18,2026-07-11 12:00:00+03:00,2026-07-11 18:00:00+03:00,6.0
119,medium,block_18_24,2026-07-11 18:00:00+03:00,2026-07-12 00:00:00+03:00,6.0
119,medium,block_00_06,2026-07-12 00:00:00+03:00,2026-07-12 06:00:00+03:00,6.0
119,medium,block_06_12,2026-07-12 06:00:00+03:00,2026-07-12 12:00:00+03:00,6.0
119,medium,block_12_18,2026-07-12 12:00:00+03:00,2026-07-12 18:00:00+03:00,6.0
119,medium,block_18_24,2026-07-12 18:00:00+03:00,2026-07-13 00:00:00+03:00,6.0
119,medium,block_00_06,2026-07-13 00:00:00+03:00,2026-07-13 06:00:00+03:00,6.0
119,medium,block_06_12,2026-07-13 06:00:00+03:00,2026-07-13 12:00:00+03:00,6.0
119,medium,block_12_18,2026-07-13 12:00:00+03:00,2026-07-13 18:00:00+03:00,6.0
119,medium,block_18_24,2026-07-13 18:00:00+03:00,2026-07-14 00:00:00+03:00,6.0
119,medium,block_00_06,2026-07-14 00:00:00+03:00,2026-07-14 06:00:00+03:00,6.0
119,medium,block_06_12,2026-07-14 06:00:00+03:00,2026-07-14 12:00:00+03:00,6.0
119,medium,block_12_18,2026-07-14 12:00:00+03:00,2026-07-14 18:00:00+03:00,6.0
119,medium,block_18_24,2026-07-14 18:00:00+03:00,2026-07-15 00:00:00+03:00,6.0
119,medium,block_00_06,2026-07-15 00:00:00+03:00,2026-07-15 06:00:00+03:00,6.0
119,medium,block_06_12,2026-07-15 06:00:00+03:00,2026-07-15 12:00:00+03:00,6.0
119,medium,block_12_18,2026-07-15 12:00:00+03:00,2026-07-15 18:00:00+03:00,6.0
119,medium,block_18_24,2026-07-15 18:00:00+03:00,2026-07-16 00:00:00+03:00,6.0
119,medium,block_00_06,2026-07-16 00:00:00+03:00,2026-07-16 06:00:00+03:00,6.0
119,medium,block_06_12,2026-07-16 06:00:00+03:00,2026-07-16 12:00:00+03:00,6.0
119,medium,block_12_18,2026-07-16 12:00:00+03:00,2026-07-16 18:00:00+03:00,6.0
119,medium,block_18_24,2026-07-16 18:00:00+03:00,2026-07-17 00:00:00+03:00,6.0
119,medium,block_00_06,2026-07-17 00:00:00+03:00,2026-07-17 06:00:00+03:00,6.0
119,medium,block_06_12,2026-07-17 06:00:00+03:00,2026-07-17 12:00:00+03:00,6.0
119,medium,block_12_18,2026-07-17 12:00:00+03:00,2026-07-17 18:00:00+03:00,6.0
119,medium,block_18_24,2026-07-17 18:00:00+03:00,2026-07-18 00:00:00+03:00,6.0
119,medium,block_00_06,2026-07-18 00:00:00+03:00,2026-07-18 06:00:00+03:00,6.0
119,medium,block_06_12,2026-07-18 06:00:00+03:00,2026-07-18 12:00:00+03:00,6.0
119,medium,block_12_18,2026-07-18 12:00:00+03:00,2026-07-18 18:00:00+03:00,6.0
119,medium,block_18_24,2026-07-18 18:00:00+03:00,2026-07-19 00:00:00+03:00,6.0
119,medium,block_00_06,2026-07-19 00:00:00+03:00,2026-07-19 06:00:00+03:00,6.0
119,medium,block_06_12,2026-07-19 06:00:00+03:00,2026-07-19 12:00:00+03:00,6.0
119,medium,block_12_18,2026-07-19 12:00:00+03:00,2026-07-19 18:00:00+03:00,6.0
119,medium,block_18_24,2026-07-19 18:00:00+03:00,2026-07-20 00:00:00+03:00,6.0
120,low,block_00_06,2026-07-06 00:00:00+03:00,2026-07-06 06:00:00+03:00,6.0
120,low,block_06_12,2026-07-06 06:00:00+03:00,2026-07-06 12:00:00+03:00,6.0
120,low,block_12_18,2026-07-06 12:00:00+03:00,2026-07-06 18:00:00+03:00,6.0
120,low,block_18_24,2026-07-06 18:00:00+03:00,2026-07-07 00:00:00+03:00,6.0
120,low,block_00_06,2026-07-07 00:00:00+03:00,2026-07-07 06:00:00+03:00,6.0
120,low,block_06_12,2026-07-07 06:00:00+03:00,2026-07-07 12:00:00+03:00,6.0
120,low,block_12_18,2026-07-07 12:00:00+03:00,2026-07-07 18:00:00+03:00,6.0
120,low,block_18_24,2026-07-07 18:00:00+03:00,2026-07-08 00:00:00+03:00,6.0
120,low,block_00_06,2026-07-08 00:00:00+03:00,2026-07-08 06:00:00+03:00,6.0
120,low,block_06_12,2026-07-08 06:00:00+03:00,2026-07-08 12:00:00+03:00,6.0
120,low,block_12_18,2026-07-08 12:00:00+03:00,2026-07-08 18:00:00+03:00,6.0
120,low,block_18_24,2026-07-08 18:00:00+03:00,2026-07-09 00:00:00+03:00,6.0
120,low,block_00_06,2026-07-09 00:00:00+03:00,2026-07-09 06:00:00+03:00,6.0
120,low,block_06_12,2026-07-09 06:00:00+03:00,2026-07-09 12:00:00+03:00,6.0
120,low,block_12_18,2026-07-09 12:00:00+03:00,2026-07-09 18:00:00+03:00,6.0
120,low,block_18_24,2026-07-09 18:00:00+03:00,2026-07-10 00:00:00+03:00,6.0
120,low,block_00_06,2026-07-10 00:00:00+03:00,2026-07-10 06:00:00+03:00,6.0
120,low,block_06_12,2026-07-10 06:00:00+03:00,2026-07-10 12:00:00+03:00,6.0
120,low,block_12_18,2026-07-10 12:00:00+03:00,2026-07-10 18:00:00+03:00,6.0
120,low,block_18_24,2026-07-10 18:00:00+03:00,2026-07-11 00:00:00+03:00,6.0
120,low,block_00_06,2026-07-11 00:00:00+03:00,2026-07-11 06:00:00+03:00,6.0
120,low,block_06_12,2026-07-11 06:00:00+03:00,2026-07-11 12:00:00+03:00,6.0
120,low,block_12_18,2026-07-11 12:00:00+03:00,2026-07-11 18:00:00+03:00,6.0
120,low,block_18_24,2026-07-11 18:00:00+03:00,2026-07-12 00:00:00+03:00,6.0
120,low,block_00_06,2026-07-12 00:00:00+03:00,2026-07-12 06:00:00+03:00,6.0
120,low,block_06_12,2026-07-12 06:00:00+03:00,2026-07-12 12:00:00+03:00,6.0
120,low,block_12_18,2026-07-12 12:00:00+03:00,2026-07-12 18:00:00+03:00,6.0
120,low,block_18_24,2026-07-12 18:00:00+03:00,2026-07-13 00:00:00+03:00,6.0
120,low,block_00_06,2026-07-13 00:00:00+03:00,2026-07-13 06:00:00+03:00,6.0
120,low,block_06_12,2026-07-13 06:00:00+03:00,2026-07-13 12:00:00+03:00,6.0
120,low,block_12_18,2026-07-13 12:00:00+03:00,2026-07-13 18:00:00+03:00,6.0
120,low,block_18_24,2026-07-13 18:00:00+03:00,2026-07-14 00:00:00+03:00,6.0
120,low,block_00_06,2026-07-14 00:00:00+03:00,2026-07-14 06:00:00+03:00,6.0
120,low,block_06_12,2026-07-14 06:00:00+03:00,2026-07-14 12:00:00+03:00,6.0
120,low,block_12_18,2026-07-14 12:00:00+03:00,2026-07-14 18:00:00+03:00,6.0
120,low,block_18_24,2026-07-14 18:00:00+03:00,2026-07-15 00:00:00+03:00,6.0
120,low,block_00_06,2026-07-15 00:00:00+03:00,2026-07-15 06:00:00+03:00,6.0
120,low,block_06_12,2026-07-15 06:00:00+03:00,2026-07-15 12:00:00+03:00,6.0
120,low,block_12_18,2026-07-15 12:00:00+03:00,2026-07-15 18:00:00+03:00,6.0
120,low,block_18_24,2026-07-15 18:00:00+03:00,2026-07-16 00:00:00+03:00,6.0
120,low,block_00_06,2026-07-16 00:00:00+03:00,2026-07-16 06:00:00+03:00,6.0
120,low,block_06_12,2026-07-16 06:00:00+03:00,2026-07-16 12:00:00+03:00,6.0
120,low,block_12_18,2026-07-16 12:00:00+03:00,2026-07-16 18:00:00+03:00,6.0
120,low,block_18_24,2026-07-16 18:00:00+03:00,2026-07-17 00:00:00+03:00,6.0
120,low,block_00_06,2026-07-17 00:00:00+03:00,2026-07-17 06:00:00+03:00,6.0
120,low,block_06_12,2026-07-17 06:00:00+03:00,2026-07-17 12:00:00+03:00,6.0
120,low,block_12_18,2026-07-17 12:00:00+03:00,2026-07-17 18:00:00+03:00,6.0
120,low,block_18_24,2026-07-17 18:00:00+03:00,2026-07-18 00:00:00+03:00,6.0
120,low,block_00_06,2026-07-18 00:00:00+03:00,2026-07-18 06:00:00+03:00,6.0
120,low,block_06_12,2026-07-18 06:00:00+03:00,2026-07-18 12:00:00+03:00,6.0
120,low,block_12_18,2026-07-18 12:00:00+03:00,2026-07-18 18:00:00+03:00,6.0
120,low,block_18_24,2026-07-18 18:00:00+03:00,2026-07-19 00:00:00+03:00,6.0
120,low,block_00_06,2026-07-19 00:00:00+03:00,2026-07-19 06:00:00+03:00,6.0
120,low,block_06_12,2026-07-19 06:00:00+03:00,2026-07-19 12:00:00+03:00,6.0
120,low,block_12_18,2026-07-19 12:00:00+03:00,2026-07-19 18:00:00+03:00,6.0
120,low,block_18_24,2026-07-19 18:00:00+03:00,2026-07-20 00:00:00+03:00,6.0
121,medium,block_00_06,2026-07-06 00:00:00+03:00,2026-07-06 06:00:00+03:00,6.0
121,medium,block_06_12,2026-07-06 06:00:00+03:00,2026-07-06 12:00:00+03:00,6.0
121,medium,block_12_18,2026-07-06 12:00:00+03:00,2026-07-06 18:00:00+03:00,6.0
121,medium,block_18_24,2026-07-06 18:00:00+03:00,2026-07-07 00:00:00+03:00,6.0
121,medium,block_00_06,2026-07-07 00:00:00+03:00,2026-07-07 06:00:00+03:00,6.0
121,medium,block_06_12,2026-07-07 06:00:00+03:00,2026-07-07 12:00:00+03:00,6.0
121,medium,block_12_18,2026-07-07 12:00:00+03:00,2026-07-07 18:00:00+03:00,6.0
121,medium,block_18_24,2026-07-07 18:00:00+03:00,2026-07-08 00:00:00+03:00,6.0
121,medium,block_00_06,2026-07-08 00:00:00+03:00,2026-07-08 06:00:00+03:00,6.0
121,medium,block_06_12,2026-07-08 06:00:00+03:00,2026-07-08 12:00:00+03:00,6.0
121,medium,block_12_18,2026-07-08 12:00:00+03:00,2026-07-08 18:00:00+03:00,6.0
121,medium,block_18_24,2026-07-08 18:00:00+03:00,2026-07-09 00:00:00+03:00,6.0
121,medium,block_00_06,2026-07-09 00:00:00+03:00,2026-07-09 06:00:00+03:00,6.0
121,medium,block_06_12,2026-07-09 06:00:00+03:00,2026-07-09 12:00:00+03:00,6.0
121,medium,block_12_18,2026-07-09 12:00:00+03:00,2026-07-09 18:00:00+03:00,6.0
121,medium,block_18_24,2026-07-09 18:00:00+03:00,2026-07-10 00:00:00+03:00,6.0
121,medium,block_00_06,2026-07-10 00:00:00+03:00,2026-07-10 06:00:00+03:00,6.0
121,medium,block_06_12,2026-07-10 06:00:00+03:00,2026-07-10 12:00:00+03:00,6.0
121,medium,block_12_18,2026-07-10 12:00:00+03:00,2026-07-10 18:00:00+03:00,6.0
121,medium,block_18_24,2026-07-10 18:00:00+03:00,2026-07-11 00:00:00+03:00,6.0
121,medium,block_00_06,2026-07-11 00:00:00+03:00,2026-07-11 06:00:00+03:00,6.0
121,medium,block_06_12,2026-07-11 06:00:00+03:00,2026-07-11 12:00:00+03:00,6.0
121,medium,block_12_18,2026-07-11 12:00:00+03:00,2026-07-11 18:00:00+03:00,6.0
121,medium,block_18_24,2026-07-11 18:00:00+03:00,2026-07-12 00:00:00+03:00,6.0
121,medium,block_00_06,2026-07-12 00:00:00+03:00,2026-07-12 06:00:00+03:00,6.0
121,medium,block_06_12,2026-07-12 06:00:00+03:00,2026-07-12 12:00:00+03:00,6.0
121,medium,block_12_18,2026-07-12 12:00:00+03:00,2026-07-12 18:00:00+03:00,6.0
121,medium,block_18_24,2026-07-12 18:00:00+03:00,2026-07-13 00:00:00+03:00,6.0
121,medium,block_00_06,2026-07-13 00:00:00+03:00,2026-07-13 06:00:00+03:00,6.0
121,medium,block_06_12,2026-07-13 06:00:00+03:00,2026-07-13 12:00:00+03:00,6.0
121,medium,block_12_18,2026-07-13 12:00:00+03:00,2026-07-13 18:00:00+03:00,6.0
121,medium,block_18_24,2026-07-13 18:00:00+03:00,2026-07-14 00:00:00+03:00,6.0
121,medium,block_00_06,2026-07-14 00:00:00+03:00,2026-07-14 06:00:00+03:00,6.0
121,medium,block_06_12,2026-07-14 06:00:00+03:00,2026-07-14 12:00:00+03:00,6.0
121,medium,block_12_18,2026-07-14 12:00:00+03:00,2026-07-14 18:00:00+03:00,6.0
121,medium,block_18_24,2026-07-14 18:00:00+03:00,2026-07-15 00:00:00+03:00,6.0
121,medium,block_00_06,2026-07-15 00:00:00+03:00,2026-07-15 06:00:00+03:00,6.0
121,medium,block_06_12,2026-07-15 06:00:00+03:00,2026-07-15 12:00:00+03:00,6.0
121,medium,block_12_18,2026-07-15 12:00:00+03:00,2026-07-15 18:00:00+03:00,6.0
121,medium,block_18_24,2026-07-15 18:00:00+03:00,2026-07-16 00:00:00+03:00,6.0
121,medium,block_00_06,2026-07-16 00:00:00+03:00,2026-07-16 06:00:00+03:00,6.0
121,medium,block_06_12,2026-07-16 06:00:00+03:00,2026-07-16 12:00:00+03:00,6.0
121,medium,block_12_18,2026-07-16 12:00:00+03:00,2026-07-16 18:00:00+03:00,6.0
121,medium,block_18_24,2026-07-16 18:00:00+03:00,2026-07-17 00:00:00+03:00,6.0
121,medium,block_00_06,2026-07-17 00:00:00+03:00,2026-07-17 06:00:00+03:00,6.0
121,medium,block_06_12,2026-07-17 06:00:00+03:00,2026-07-17 12:00:00+03:00,6.0
121,medium,block_12_18,2026-07-17 12:00:00+03:00,2026-07-17 18:00:00+03:00,6.0
121,medium,block_18_24,2026-07-17 18:00:00+03:00,2026-07-18 00:00:00+03:00,6.0
121,medium,block_00_06,2026-07-18 00:00:00+03:00,2026-07-18 06:00:00+03:00,6.0
121,medium,block_06_12,2026-07-18 06:00:00+03:00,2026-07-18 12:00:00+03:00,6.0
121,medium,block_12_18,2026-07-18 12:00:00+03:00,2026-07-18 18:00:00+03:00,6.0
121,medium,block_18_24,2026-07-18 18:00:00+03:00,2026-07-19 00:00:00+03:00,6.0
121,medium,block_00_06,2026-07-19 00:00:00+03:00,2026-07-19 06:00:00+03:00,6.0
121,medium,block_06_12,2026-07-19 06:00:00+03:00,2026-07-19 12:00:00+03:00,6.0
121,medium,block_12_18,2026-07-19 12:00:00+03:00,2026-07-19 18:00:00+03:00,6.0
121,medium,block_18_24,2026-07-19 18:00:00+03:00,2026-07-20 00:00:00+03:00,6.0
124,medium,block_00_06,2026-07-06 00:00:00+03:00,2026-07-06 06:00:00+03:00,6.0
124,medium,block_06_12,2026-07-06 06:00:00+03:00,2026-07-06 12:00:00+03:00,6.0
124,medium,block_12_18,2026-07-06 12:00:00+03:00,2026-07-06 18:00:00+03:00,6.0
124,medium,block_18_24,2026-07-06 18:00:00+03:00,2026-07-07 00:00:00+03:00,6.0
124,medium,block_00_06,2026-07-07 00:00:00+03:00,2026-07-07 06:00:00+03:00,6.0
124,medium,block_06_12,2026-07-07 06:00:00+03:00,2026-07-07 12:00:00+03:00,6.0
124,medium,block_12_18,2026-07-07 12:00:00+03:00,2026-07-07 18:00:00+03:00,6.0
124,medium,block_18_24,2026-07-07 18:00:00+03:00,2026-07-08 00:00:00+03:00,6.0
124,medium,block_00_06,2026-07-08 00:00:00+03:00,2026-07-08 06:00:00+03:00,6.0
124,medium,block_06_12,2026-07-08 06:00:00+03:00,2026-07-08 12:00:00+03:00,6.0
124,medium,block_12_18,2026-07-08 12:00:00+03:00,2026-07-08 18:00:00+03:00,6.0
124,medium,block_18_24,2026-07-08 18:00:00+03:00,2026-07-09 00:00:00+03:00,6.0
124,medium,block_00_06,2026-07-09 00:00:00+03:00,2026-07-09 06:00:00+03:00,6.0
124,medium,block_06_12,2026-07-09 06:00:00+03:00,2026-07-09 12:00:00+03:00,6.0
124,medium,block_12_18,2026-07-09 12:00:00+03:00,2026-07-09 18:00:00+03:00,6.0
124,medium,block_18_24,2026-07-09 18:00:00+03:00,2026-07-10 00:00:00+03:00,6.0
124,medium,block_00_06,2026-07-10 00:00:00+03:00,2026-07-10 06:00:00+03:00,6.0
124,medium,block_06_12,2026-07-10 06:00:00+03:00,2026-07-10 12:00:00+03:00,6.0
124,medium,block_12_18,2026-07-10 12:00:00+03:00,2026-07-10 18:00:00+03:00,6.0
124,medium,block_18_24,2026-07-10 18:00:00+03:00,2026-07-11 00:00:00+03:00,6.0
124,medium,block_00_06,2026-07-11 00:00:00+03:00,2026-07-11 06:00:00+03:00,6.0
124,medium,block_06_12,2026-07-11 06:00:00+03:00,2026-07-11 12:00:00+03:00,6.0
124,medium,block_12_18,2026-07-11 12:00:00+03:00,2026-07-11 18:00:00+03:00,6.0
124,medium,block_18_24,2026-07-11 18:00:00+03:00,2026-07-12 00:00:00+03:00,6.0
124,medium,block_00_06,2026-07-12 00:00:00+03:00,2026-07-12 06:00:00+03:00,6.0
124,medium,block_06_12,2026-07-12 06:00:00+03:00,2026-07-12 12:00:00+03:00,6.0
124,medium,block_12_18,2026-07-12 12:00:00+03:00,2026-07-12 18:00:00+03:00,6.0
124,medium,block_18_24,2026-07-12 18:00:00+03:00,2026-07-13 00:00:00+03:00,6.0
124,medium,block_00_06,2026-07-13 00:00:00+03:00,2026-07-13 06:00:00+03:00,6.0
124,medium,block_06_12,2026-07-13 06:00:00+03:00,2026-07-13 12:00:00+03:00,6.0
124,medium,block_12_18,2026-07-13 12:00:00+03:00,2026-07-13 18:00:00+03:00,6.0
124,medium,block_18_24,2026-07-13 18:00:00+03:00,2026-07-14 00:00:00+03:00,6.0
124,medium,block_00_06,2026-07-14 00:00:00+03:00,2026-07-14 06:00:00+03:00,6.0
124,medium,block_06_12,2026-07-14 06:00:00+03:00,2026-07-14 12:00:00+03:00,6.0
124,medium,block_12_18,2026-07-14 12:00:00+03:00,2026-07-14 18:00:00+03:00,6.0
124,medium,block_18_24,2026-07-14 18:00:00+03:00,2026-07-15 00:00:00+03:00,6.0
124,medium,block_00_06,2026-07-15 00:00:00+03:00,2026-07-15 06:00:00+03:00,6.0
124,medium,block_06_12,2026-07-15 06:00:00+03:00,2026-07-15 12:00:00+03:00,6.0
124,medium,block_12_18,2026-07-15 12:00:00+03:00,2026-07-15 18:00:00+03:00,6.0
124,medium,block_18_24,2026-07-15 18:00:00+03:00,2026-07-16 00:00:00+03:00,6.0
124,medium,block_00_06,2026-07-16 00:00:00+03:00,2026-07-16 06:00:00+03:00,6.0
124,medium,block_06_12,2026-07-16 06:00:00+03:00,2026-07-16 12:00:00+03:00,6.0
124,medium,block_12_18,2026-07-16 12:00:00+03:00,2026-07-16 18:00:00+03:00,6.0
124,medium,block_18_24,2026-07-16 18:00:00+03:00,2026-07-17 00:00:00+03:00,6.0
124,medium,block_00_06,2026-07-17 00:00:00+03:00,2026-07-17 06:00:00+03:00,6.0
124,medium,block_06_12,2026-07-17 06:00:00+03:00,2026-07-17 12:00:00+03:00,6.0
124,medium,block_12_18,2026-07-17 12:00:00+03:00,2026-07-17 18:00:00+03:00,6.0
124,medium,block_18_24,2026-07-17 18:00:00+03:00,2026-07-18 00:00:00+03:00,6.0
124,medium,block_00_06,2026-07-18 00:00:00+03:00,2026-07-18 06:00:00+03:00,6.0
124,medium,block_06_12,2026-07-18 06:00:00+03:00,2026-07-18 12:00:00+03:00,6.0
124,medium,block_12_18,2026-07-18 12:00:00+03:00,2026-07-18 18:00:00+03:00,6.0
124,medium,block_18_24,2026-07-18 18:00:00+03:00,2026-07-19 00:00:00+03:00,6.0
124,medium,block_00_06,2026-07-19 00:00:00+03:00,2026-07-19 06:00:00+03:00,6.0
124,medium,block_06_12,2026-07-19 06:00:00+03:00,2026-07-19 12:00:00+03:00,6.0
124,medium,block_12_18,2026-07-19 12:00:00+03:00,2026-07-19 18:00:00+03:00,6.0
124,medium,block_18_24,2026-07-19 18:00:00+03:00,2026-07-20 00:00:00+03:00,6.0
127,medium,block_00_06,2026-07-06 00:00:00+03:00,2026-07-06 06:00:00+03:00,6.0
127,medium,block_06_12,2026-07-06 06:00:00+03:00,2026-07-06 12:00:00+03:00,6.0
127,medium,block_12_18,2026-07-06 12:00:00+03:00,2026-07-06 18:00:00+03:00,6.0
127,medium,block_18_24,2026-07-06 18:00:00+03:00,2026-07-07 00:00:00+03:00,6.0
127,medium,block_00_06,2026-07-07 00:00:00+03:00,2026-07-07 06:00:00+03:00,6.0
127,medium,block_06_12,2026-07-07 06:00:00+03:00,2026-07-07 12:00:00+03:00,6.0
127,medium,block_12_18,2026-07-07 12:00:00+03:00,2026-07-07 18:00:00+03:00,6.0
127,medium,block_18_24,2026-07-07 18:00:00+03:00,2026-07-08 00:00:00+03:00,6.0
127,medium,block_00_06,2026-07-08 00:00:00+03:00,2026-07-08 06:00:00+03:00,6.0
127,medium,block_06_12,2026-07-08 06:00:00+03:00,2026-07-08 12:00:00+03:00,6.0
127,medium,block_12_18,2026-07-08 12:00:00+03:00,2026-07-08 18:00:00+03:00,6.0
127,medium,block_18_24,2026-07-08 18:00:00+03:00,2026-07-09 00:00:00+03:00,6.0
127,medium,block_00_06,2026-07-09 00:00:00+03:00,2026-07-09 06:00:00+03:00,6.0
127,medium,block_06_12,2026-07-09 06:00:00+03:00,2026-07-09 12:00:00+03:00,6.0
127,medium,block_12_18,2026-07-09 12:00:00+03:00,2026-07-09 18:00:00+03:00,6.0
127,medium,block_18_24,2026-07-09 18:00:00+03:00,2026-07-10 00:00:00+03:00,6.0
127,medium,block_00_06,2026-07-10 00:00:00+03:00,2026-07-10 06:00:00+03:00,6.0
127,medium,block_06_12,2026-07-10 06:00:00+03:00,2026-07-10 12:00:00+03:00,6.0
127,medium,block_12_18,2026-07-10 12:00:00+03:00,2026-07-10 18:00:00+03:00,6.0
127,medium,block_18_24,2026-07-10 18:00:00+03:00,2026-07-11 00:00:00+03:00,6.0
127,medium,block_00_06,2026-07-11 00:00:00+03:00,2026-07-11 06:00:00+03:00,6.0
127,medium,block_06_12,2026-07-11 06:00:00+03:00,2026-07-11 12:00:00+03:00,6.0
127,medium,block_12_18,2026-07-11 12:00:00+03:00,2026-07-11 18:00:00+03:00,6.0
127,medium,block_18_24,2026-07-11 18:00:00+03:00,2026-07-12 00:00:00+03:00,6.0
127,medium,block_00_06,2026-07-12 00:00:00+03:00,2026-07-12 06:00:00+03:00,6.0
127,medium,block_06_12,2026-07-12 06:00:00+03:00,2026-07-12 12:00:00+03:00,6.0
127,medium,block_12_18,2026-07-12 12:00:00+03:00,2026-07-12 18:00:00+03:00,6.0
127,medium,block_18_24,2026-07-12 18:00:00+03:00,2026-07-13 00:00:00+03:00,6.0
127,medium,block_00_06,2026-07-13 00:00:00+03:00,2026-07-13 06:00:00+03:00,6.0
127,medium,block_06_12,2026-07-13 06:00:00+03:00,2026-07-13 12:00:00+03:00,6.0
127,medium,block_12_18,2026-07-13 12:00:00+03:00,2026-07-13 18:00:00+03:00,6.0
127,medium,block_18_24,2026-07-13 18:00:00+03:00,2026-07-14 00:00:00+03:00,6.0
127,medium,block_00_06,2026-07-14 00:00:00+03:00,2026-07-14 06:00:00+03:00,6.0
127,medium,block_06_12,2026-07-14 06:00:00+03:00,2026-07-14 12:00:00+03:00,6.0
127,medium,block_12_18,2026-07-14 12:00:00+03:00,2026-07-14 18:00:00+03:00,6.0
127,medium,block_18_24,2026-07-14 18:00:00+03:00,2026-07-15 00:00:00+03:00,6.0
127,medium,block_00_06,2026-07-15 00:00:00+03:00,2026-07-15 06:00:00+03:00,6.0
127,medium,block_06_12,2026-07-15 06:00:00+03:00,2026-07-15 12:00:00+03:00,6.0
127,medium,block_12_18,2026-07-15 12:00:00+03:00,2026-07-15 18:00:00+03:00,6.0
127,medium,block_18_24,2026-07-15 18:00:00+03:00,2026-07-16 00:00:00+03:00,6.0
127,medium,block_00_06,2026-07-16 00:00:00+03:00,2026-07-16 06:00:00+03:00,6.0
127,medium,block_06_12,2026-07-16 06:00:00+03:00,2026-07-16 12:00:00+03:00,6.0
127,medium,block_12_18,2026-07-16 12:00:00+03:00,2026-07-16 18:00:00+03:00,6.0
127,medium,block_18_24,2026-07-16 18:00:00+03:00,2026-07-17 00:00:00+03:00,6.0
127,medium,block_00_06,2026-07-17 00:00:00+03:00,2026-07-17 06:00:00+03:00,6.0
127,medium,block_06_12,2026-07-17 06:00:00+03:00,2026-07-17 12:00:00+03:00,6.0
127,medium,block_12_18,2026-07-17 12:00:00+03:00,2026-07-17 18:00:00+03:00,6.0
127,medium,block_18_24,2026-07-17 18:00:00+03:00,2026-07-18 00:00:00+03:00,6.0
127,medium,block_00_06,2026-07-18 00:00:00+03:00,2026-07-18 06:00:00+03:00,6.0
127,medium,block_06_12,2026-07-18 06:00:00+03:00,2026-07-18 12:00:00+03:00,6.0
127,medium,block_12_18,2026-07-18 12:00:00+03:00,2026-07-18 18:00:00+03:00,6.0
127,medium,block_18_24,2026-07-18 18:00:00+03:00,2026-07-19 00:00:00+03:00,6.0
127,medium,block_00_06,2026-07-19 00:00:00+03:00,2026-07-19 06:00:00+03:00,6.0
127,medium,block_06_12,2026-07-19 06:00:00+03:00,2026-07-19 12:00:00+03:00,6.0
127,medium,block_12_18,2026-07-19 12:00:00+03:00,2026-07-19 18:00:00+03:00,6.0
127,medium,block_18_24,2026-07-19 18:00:00+03:00,2026-07-20 00:00:00+03:00,6.0
129,low,block_00_06,2026-07-06 00:00:00+03:00,2026-07-06 06:00:00+03:00,6.0
129,low,block_06_12,2026-07-06 06:00:00+03:00,2026-07-06 12:00:00+03:00,6.0
129,low,block_12_18,2026-07-06 12:00:00+03:00,2026-07-06 18:00:00+03:00,6.0
129,low,block_18_24,2026-07-06 18:00:00+03:00,2026-07-07 00:00:00+03:00,6.0
129,low,block_00_06,2026-07-07 00:00:00+03:00,2026-07-07 06:00:00+03:00,6.0
129,low,block_06_12,2026-07-07 06:00:00+03:00,2026-07-07 12:00:00+03:00,6.0
129,low,block_12_18,2026-07-07 12:00:00+03:00,2026-07-07 18:00:00+03:00,6.0
129,low,block_18_24,2026-07-07 18:00:00+03:00,2026-07-08 00:00:00+03:00,6.0
129,low,block_00_06,2026-07-08 00:00:00+03:00,2026-07-08 06:00:00+03:00,6.0
129,low,block_06_12,2026-07-08 06:00:00+03:00,2026-07-08 12:00:00+03:00,6.0
129,low,block_12_18,2026-07-08 12:00:00+03:00,2026-07-08 18:00:00+03:00,6.0
129,low,block_18_24,2026-07-08 18:00:00+03:00,2026-07-09 00:00:00+03:00,6.0
129,low,block_00_06,2026-07-09 00:00:00+03:00,2026-07-09 06:00:00+03:00,6.0
129,low,block_06_12,2026-07-09 06:00:00+03:00,2026-07-09 12:00:00+03:00,6.0
129,low,block_12_18,2026-07-09 12:00:00+03:00,2026-07-09 18:00:00+03:00,6.0
129,low,block_18_24,2026-07-09 18:00:00+03:00,2026-07-10 00:00:00+03:00,6.0
129,low,block_00_06,2026-07-10 00:00:00+03:00,2026-07-10 06:00:00+03:00,6.0
129,low,block_06_12,2026-07-10 06:00:00+03:00,2026-07-10 12:00:00+03:00,6.0
129,low,block_12_18,2026-07-10 12:00:00+03:00,2026-07-10 18:00:00+03:00,6.0
129,low,block_18_24,2026-07-10 18:00:00+03:00,2026-07-11 00:00:00+03:00,6.0
129,low,block_00_06,2026-07-11 00:00:00+03:00,2026-07-11 06:00:00+03:00,6.0
129,low,block_06_12,2026-07-11 06:00:00+03:00,2026-07-11 12:00:00+03:00,6.0
129,low,block_12_18,2026-07-11 12:00:00+03:00,2026-07-11 18:00:00+03:00,6.0
129,low,block_18_24,2026-07-11 18:00:00+03:00,2026-07-12 00:00:00+03:00,6.0
129,low,block_00_06,2026-07-12 00:00:00+03:00,2026-07-12 06:00:00+03:00,6.0
129,low,block_06_12,2026-07-12 06:00:00+03:00,2026-07-12 12:00:00+03:00,6.0
129,low,block_12_18,2026-07-12 12:00:00+03:00,2026-07-12 18:00:00+03:00,6.0
129,low,block_18_24,2026-07-12 18:00:00+03:00,2026-07-13 00:00:00+03:00,6.0
129,low,block_00_06,2026-07-13 00:00:00+03:00,2026-07-13 06:00:00+03:00,6.0
129,low,block_06_12,2026-07-13 06:00:00+03:00,2026-07-13 12:00:00+03:00,6.0
129,low,block_12_18,2026-07-13 12:00:00+03:00,2026-07-13 18:00:00+03:00,6.0
129,low,block_18_24,2026-07-13 18:00:00+03:00,2026-07-14 00:00:00+03:00,6.0
129,low,block_00_06,2026-07-14 00:00:00+03:00,2026-07-14 06:00:00+03:00,6.0
129,low,block_06_12,2026-07-14 06:00:00+03:00,2026-07-14 12:00:00+03:00,6.0
129,low,block_12_18,2026-07-14 12:00:00+03:00,2026-07-14 18:00:00+03:00,6.0
129,low,block_18_24,2026-07-14 18:00:00+03:00,2026-07-15 00:00:00+03:00,6.0
129,low,block_00_06,2026-07-15 00:00:00+03:00,2026-07-15 06:00:00+03:00,6.0
129,low,block_06_12,2026-07-15 06:00:00+03:00,2026-07-15 12:00:00+03:00,6.0
129,low,block_12_18,2026-07-15 12:00:00+03:00,2026-07-15 18:00:00+03:00,6.0
129,low,block_18_24,2026-07-15 18:00:00+03:00,2026-07-16 00:00:00+03:00,6.0
129,low,block_00_06,2026-07-16 00:00:00+03:00,2026-07-16 06:00:00+03:00,6.0
129,low,block_06_12,2026-07-16 06:00:00+03:00,2026-07-16 12:00:00+03:00,6.0
129,low,block_12_18,2026-07-16 12:00:00+03:00,2026-07-16 18:00:00+03:00,6.0
129,low,block_18_24,2026-07-16 18:00:00+03:00,2026-07-17 00:00:00+03:00,6.0
129,low,block_00_06,2026-07-17 00:00:00+03:00,2026-07-17 06:00:00+03:00,6.0
129,low,block_06_12,2026-07-17 06:00:00+03:00,2026-07-17 12:00:00+03:00,6.0
129,low,block_12_18,2026-07-17 12:00:00+03:00,2026-07-17 18:00:00+03:00,6.0
129,low,block_18_24,2026-07-17 18:00:00+03:00,2026-07-18 00:00:00+03:00,6.0
129,low,block_00_06,2026-07-18 00:00:00+03:00,2026-07-18 06:00:00+03:00,6.0
129,low,block_06_12,2026-07-18 06:00:00+03:00,2026-07-18 12:00:00+03:00,6.0
129,low,block_12_18,2026-07-18 12:00:00+03:00,2026-07-18 18:00:00+03:00,6.0
129,low,block_18_24,2026-07-18 18:00:00+03:00,2026-07-19 00:00:00+03:00,6.0
129,low,block_00_06,2026-07-19 00:00:00+03:00,2026-07-19 06:00:00+03:00,6.0
129,low,block_06_12,2026-07-19 06:00:00+03:00,2026-07-19 12:00:00+03:00,6.0
129,low,block_12_18,2026-07-19 12:00:00+03:00,2026-07-19 18:00:00+03:00,6.0
129,low,block_18_24,2026-07-19 18:00:00+03:00,2026-07-20 00:00:00+03:00,6.0
137,medium,block_00_06,2026-07-06 00:00:00+03:00,2026-07-06 06:00:00+03:00,6.0
137,medium,block_06_12,2026-07-06 06:00:00+03:00,2026-07-06 12:00:00+03:00,6.0
137,medium,block_12_18,2026-07-06 12:00:00+03:00,2026-07-06 18:00:00+03:00,6.0
137,medium,block_18_24,2026-07-06 18:00:00+03:00,2026-07-07 00:00:00+03:00,6.0
137,medium,block_00_06,2026-07-07 00:00:00+03:00,2026-07-07 06:00:00+03:00,6.0
137,medium,block_06_12,2026-07-07 06:00:00+03:00,2026-07-07 12:00:00+03:00,6.0
137,medium,block_12_18,2026-07-07 12:00:00+03:00,2026-07-07 18:00:00+03:00,6.0
137,medium,block_18_24,2026-07-07 18:00:00+03:00,2026-07-08 00:00:00+03:00,6.0
137,medium,block_00_06,2026-07-08 00:00:00+03:00,2026-07-08 06:00:00+03:00,6.0
137,medium,block_06_12,2026-07-08 06:00:00+03:00,2026-07-08 12:00:00+03:00,6.0
137,medium,block_12_18,2026-07-08 12:00:00+03:00,2026-07-08 18:00:00+03:00,6.0
137,medium,block_18_24,2026-07-08 18:00:00+03:00,2026-07-09 00:00:00+03:00,6.0
137,medium,block_00_06,2026-07-09 00:00:00+03:00,2026-07-09 06:00:00+03:00,6.0
137,medium,block_06_12,2026-07-09 06:00:00+03:00,2026-07-09 12:00:00+03:00,6.0
137,medium,block_12_18,2026-07-09 12:00:00+03:00,2026-07-09 18:00:00+03:00,6.0
137,medium,block_18_24,2026-07-09 18:00:00+03:00,2026-07-10 00:00:00+03:00,6.0
137,medium,block_00_06,2026-07-10 00:00:00+03:00,2026-07-10 06:00:00+03:00,6.0
137,medium,block_06_12,2026-07-10 06:00:00+03:00,2026-07-10 12:00:00+03:00,6.0
137,medium,block_12_18,2026-07-10 12:00:00+03:00,2026-07-10 18:00:00+03:00,6.0
137,medium,block_18_24,2026-07-10 18:00:00+03:00,2026-07-11 00:00:00+03:00,6.0
137,medium,block_00_06,2026-07-11 00:00:00+03:00,2026-07-11 06:00:00+03:00,6.0
137,medium,block_06_12,2026-07-11 06:00:00+03:00,2026-07-11 12:00:00+03:00,6.0
137,medium,block_12_18,2026-07-11 12:00:00+03:00,2026-07-11 18:00:00+03:00,6.0
137,medium,block_18_24,2026-07-11 18:00:00+03:00,2026-07-12 00:00:00+03:00,6.0
137,medium,block_00_06,2026-07-12 00:00:00+03:00,2026-07-12 06:00:00+03:00,6.0
137,medium,block_06_12,2026-07-12 06:00:00+03:00,2026-07-12 12:00:00+03:00,6.0
137,medium,block_12_18,2026-07-12 12:00:00+03:00,2026-07-12 18:00:00+03:00,6.0
137,medium,block_18_24,2026-07-12 18:00:00+03:00,2026-07-13 00:00:00+03:00,6.0
137,medium,block_00_06,2026-07-13 00:00:00+03:00,2026-07-13 06:00:00+03:00,6.0
137,medium,block_06_12,2026-07-13 06:00:00+03:00,2026-07-13 12:00:00+03:00,6.0
137,medium,block_12_18,2026-07-13 12:00:00+03:00,2026-07-13 18:00:00+03:00,6.0
137,medium,block_18_24,2026-07-13 18:00:00+03:00,2026-07-14 00:00:00+03:00,6.0
137,medium,block_00_06,2026-07-14 00:00:00+03:00,2026-07-14 06:00:00+03:00,6.0
137,medium,block_06_12,2026-07-14 06:00:00+03:00,2026-07-14 12:00:00+03:00,6.0
137,medium,block_12_18,2026-07-14 12:00:00+03:00,2026-07-14 18:00:00+03:00,6.0
137,medium,block_18_24,2026-07-14 18:00:00+03:00,2026-07-15 00:00:00+03:00,6.0
137,medium,block_00_06,2026-07-15 00:00:00+03:00,2026-07-15 06:00:00+03:00,6.0
137,medium,block_06_12,2026-07-15 06:00:00+03:00,2026-07-15 12:00:00+03:00,6.0
137,medium,block_12_18,2026-07-15 12:00:00+03:00,2026-07-15 18:00:00+03:00,6.0
137,medium,block_18_24,2026-07-15 18:00:00+03:00,2026-07-16 00:00:00+03:00,6.0
137,medium,block_00_06,2026-07-16 00:00:00+03:00,2026-07-16 06:00:00+03:00,6.0
137,medium,block_06_12,2026-07-16 06:00:00+03:00,2026-07-16 12:00:00+03:00,6.0
137,medium,block_12_18,2026-07-16 12:00:00+03:00,2026-07-16 18:00:00+03:00,6.0
137,medium,block_18_24,2026-07-16 18:00:00+03:00,2026-07-17 00:00:00+03:00,6.0
137,medium,block_00_06,2026-07-17 00:00:00+03:00,2026-07-17 06:00:00+03:00,6.0
137,medium,block_06_12,2026-07-17 06:00:00+03:00,2026-07-17 12:00:00+03:00,6.0
137,medium,block_12_18,2026-07-17 12:00:00+03:00,2026-07-17 18:00:00+03:00,6.0
137,medium,block_18_24,2026-07-17 18:00:00+03:00,2026-07-18 00:00:00+03:00,6.0
137,medium,block_00_06,2026-07-18 00:00:00+03:00,2026-07-18 06:00:00+03:00,6.0
137,medium,block_06_12,2026-07-18 06:00:00+03:00,2026-07-18 12:00:00+03:00,6.0
137,medium,block_12_18,2026-07-18 12:00:00+03:00,2026-07-18 18:00:00+03:00,6.0
137,medium,block_18_24,2026-07-18 18:00:00+03:00,2026-07-19 00:00:00+03:00,6.0
137,medium,block_00_06,2026-07-19 00:00:00+03:00,2026-07-19 06:00:00+03:00,6.0
137,medium,block_06_12,2026-07-19 06:00:00+03:00,2026-07-19 12:00:00+03:00,6.0
137,medium,block_12_18,2026-07-19 12:00:00+03:00,2026-07-19 18:00:00+03:00,6.0
137,medium,block_18_24,2026-07-19 18:00:00+03:00,2026-07-20 00:00:00+03:00,6.0
138,medium,block_00_06,2026-07-06 00:00:00+03:00,2026-07-06 06:00:00+03:00,6.0
138,medium,block_06_12,2026-07-06 06:00:00+03:00,2026-07-06 12:00:00+03:00,6.0
138,medium,block_12_18,2026-07-06 12:00:00+03:00,2026-07-06 18:00:00+03:00,6.0
138,medium,block_18_24,2026-07-06 18:00:00+03:00,2026-07-07 00:00:00+03:00,6.0
138,medium,block_00_06,2026-07-07 00:00:00+03:00,2026-07-07 06:00:00+03:00,6.0
138,medium,block_06_12,2026-07-07 06:00:00+03:00,2026-07-07 12:00:00+03:00,6.0
138,medium,block_12_18,2026-07-07 12:00:00+03:00,2026-07-07 18:00:00+03:00,6.0
138,medium,block_18_24,2026-07-07 18:00:00+03:00,2026-07-08 00:00:00+03:00,6.0
138,medium,block_00_06,2026-07-08 00:00:00+03:00,2026-07-08 06:00:00+03:00,6.0
138,medium,block_06_12,2026-07-08 06:00:00+03:00,2026-07-08 12:00:00+03:00,6.0
138,medium,block_12_18,2026-07-08 12:00:00+03:00,2026-07-08 18:00:00+03:00,6.0
138,medium,block_18_24,2026-07-08 18:00:00+03:00,2026-07-09 00:00:00+03:00,6.0
138,medium,block_00_06,2026-07-09 00:00:00+03:00,2026-07-09 06:00:00+03:00,6.0
138,medium,block_06_12,2026-07-09 06:00:00+03:00,2026-07-09 12:00:00+03:00,6.0
138,medium,block_12_18,2026-07-09 12:00:00+03:00,2026-07-09 18:00:00+03:00,6.0
138,medium,block_18_24,2026-07-09 18:00:00+03:00,2026-07-10 00:00:00+03:00,6.0
138,medium,block_00_06,2026-07-10 00:00:00+03:00,2026-07-10 06:00:00+03:00,6.0
138,medium,block_06_12,2026-07-10 06:00:00+03:00,2026-07-10 12:00:00+03:00,6.0
138,medium,block_12_18,2026-07-10 12:00:00+03:00,2026-07-10 18:00:00+03:00,6.0
138,medium,block_18_24,2026-07-10 18:00:00+03:00,2026-07-11 00:00:00+03:00,6.0
138,medium,block_00_06,2026-07-11 00:00:00+03:00,2026-07-11 06:00:00+03:00,6.0
138,medium,block_06_12,2026-07-11 06:00:00+03:00,2026-07-11 12:00:00+03:00,6.0
138,medium,block_12_18,2026-07-11 12:00:00+03:00,2026-07-11 18:00:00+03:00,6.0
138,medium,block_18_24,2026-07-11 18:00:00+03:00,2026-07-12 00:00:00+03:00,6.0
138,medium,block_00_06,2026-07-12 00:00:00+03:00,2026-07-12 06:00:00+03:00,6.0
138,medium,block_06_12,2026-07-12 06:00:00+03:00,2026-07-12 12:00:00+03:00,6.0
138,medium,block_12_18,2026-07-12 12:00:00+03:00,2026-07-12 18:00:00+03:00,6.0
138,medium,block_18_24,2026-07-12 18:00:00+03:00,2026-07-13 00:00:00+03:00,6.0
138,medium,block_00_06,2026-07-13 00:00:00+03:00,2026-07-13 06:00:00+03:00,6.0
138,medium,block_06_12,2026-07-13 06:00:00+03:00,2026-07-13 12:00:00+03:00,6.0
138,medium,block_12_18,2026-07-13 12:00:00+03:00,2026-07-13 18:00:00+03:00,6.0
138,medium,block_18_24,2026-07-13 18:00:00+03:00,2026-07-14 00:00:00+03:00,6.0
138,medium,block_00_06,2026-07-14 00:00:00+03:00,2026-07-14 06:00:00+03:00,6.0
138,medium,block_06_12,2026-07-14 06:00:00+03:00,2026-07-14 12:00:00+03:00,6.0
138,medium,block_12_18,2026-07-14 12:00:00+03:00,2026-07-14 18:00:00+03:00,6.0
138,medium,block_18_24,2026-07-14 18:00:00+03:00,2026-07-15 00:00:00+03:00,6.0
138,medium,block_00_06,2026-07-15 00:00:00+03:00,2026-07-15 06:00:00+03:00,6.0
138,medium,block_06_12,2026-07-15 06:00:00+03:00,2026-07-15 12:00:00+03:00,6.0
138,medium,block_12_18,2026-07-15 12:00:00+03:00,2026-07-15 18:00:00+03:00,6.0
138,medium,block_18_24,2026-07-15 18:00:00+03:00,2026-07-16 00:00:00+03:00,6.0
138,medium,block_00_06,2026-07-16 00:00:00+03:00,2026-07-16 06:00:00+03:00,6.0
138,medium,block_06_12,2026-07-16 06:00:00+03:00,2026-07-16 12:00:00+03:00,6.0
138,medium,block_12_18,2026-07-16 12:00:00+03:00,2026-07-16 18:00:00+03:00,6.0
138,medium,block_18_24,2026-07-16 18:00:00+03:00,2026-07-17 00:00:00+03:00,6.0
138,medium,block_00_06,2026-07-17 00:00:00+03:00,2026-07-17 06:00:00+03:00,6.0
138,medium,block_06_12,2026-07-17 06:00:00+03:00,2026-07-17 12:00:00+03:00,6.0
138,medium,block_12_18,2026-07-17 12:00:00+03:00,2026-07-17 18:00:00+03:00,6.0
138,medium,block_18_24,2026-07-17 18:00:00+03:00,2026-07-18 00:00:00+03:00,6.0
138,medium,block_00_06,2026-07-18 00:00:00+03:00,2026-07-18 06:00:00+03:00,6.0
138,medium,block_06_12,2026-07-18 06:00:00+03:00,2026-07-18 12:00:00+03:00,6.0
138,medium,block_12_18,2026-07-18 12:00:00+03:00,2026-07-18 18:00:00+03:00,6.0
138,medium,block_18_24,2026-07-18 18:00:00+03:00,2026-07-19 00:00:00+03:00,6.0
138,medium,block_00_06,2026-07-19 00:00:00+03:00,2026-07-19 06:00:00+03:00,6.0
138,medium,block_06_12,2026-07-19 06:00:00+03:00,2026-07-19 12:00:00+03:00,6.0
138,medium,block_12_18,2026-07-19 12:00:00+03:00,2026-07-19 18:00:00+03:00,6.0
138,medium,block_18_24,2026-07-19 18:00:00+03:00,2026-07-20 00:00:00+03:00,6.0
141,low,block_00_06,2026-07-06 00:00:00+03:00,2026-07-06 06:00:00+03:00,6.0
141,low,block_06_12,2026-07-06 06:00:00+03:00,2026-07-06 12:00:00+03:00,6.0
141,low,block_12_18,2026-07-06 12:00:00+03:00,2026-07-06 18:00:00+03:00,6.0
141,low,block_18_24,2026-07-06 18:00:00+03:00,2026-07-07 00:00:00+03:00,6.0
141,low,block_00_06,2026-07-07 00:00:00+03:00,2026-07-07 06:00:00+03:00,6.0
141,low,block_06_12,2026-07-07 06:00:00+03:00,2026-07-07 12:00:00+03:00,6.0
141,low,block_12_18,2026-07-07 12:00:00+03:00,2026-07-07 18:00:00+03:00,6.0
141,low,block_18_24,2026-07-07 18:00:00+03:00,2026-07-08 00:00:00+03:00,6.0
141,low,block_00_06,2026-07-08 00:00:00+03:00,2026-07-08 06:00:00+03:00,6.0
141,low,block_06_12,2026-07-08 06:00:00+03:00,2026-07-08 12:00:00+03:00,6.0
141,low,block_12_18,2026-07-08 12:00:00+03:00,2026-07-08 18:00:00+03:00,6.0
141,low,block_18_24,2026-07-08 18:00:00+03:00,2026-07-09 00:00:00+03:00,6.0
141,low,block_00_06,2026-07-09 00:00:00+03:00,2026-07-09 06:00:00+03:00,6.0
141,low,block_06_12,2026-07-09 06:00:00+03:00,2026-07-09 12:00:00+03:00,6.0
141,low,block_12_18,2026-07-09 12:00:00+03:00,2026-07-09 18:00:00+03:00,6.0
141,low,block_18_24,2026-07-09 18:00:00+03:00,2026-07-10 00:00:00+03:00,6.0
141,low,block_00_06,2026-07-10 00:00:00+03:00,2026-07-10 06:00:00+03:00,6.0
141,low,block_06_12,2026-07-10 06:00:00+03:00,2026-07-10 12:00:00+03:00,6.0
141,low,block_12_18,2026-07-10 12:00:00+03:00,2026-07-10 18:00:00+03:00,6.0
141,low,block_18_24,2026-07-10 18:00:00+03:00,2026-07-11 00:00:00+03:00,6.0
141,low,block_00_06,2026-07-11 00:00:00+03:00,2026-07-11 06:00:00+03:00,6.0
141,low,block_06_12,2026-07-11 06:00:00+03:00,2026-07-11 12:00:00+03:00,6.0
141,low,block_12_18,2026-07-11 12:00:00+03:00,2026-07-11 18:00:00+03:00,6.0
141,low,block_18_24,2026-07-11 18:00:00+03:00,2026-07-12 00:00:00+03:00,6.0
141,low,block_00_06,2026-07-12 00:00:00+03:00,2026-07-12 06:00:00+03:00,6.0
141,low,block_06_12,2026-07-12 06:00:00+03:00,2026-07-12 12:00:00+03:00,6.0
141,low,block_12_18,2026-07-12 12:00:00+03:00,2026-07-12 18:00:00+03:00,6.0
141,low,block_18_24,2026-07-12 18:00:00+03:00,2026-07-13 00:00:00+03:00,6.0
141,low,block_00_06,2026-07-13 00:00:00+03:00,2026-07-13 06:00:00+03:00,6.0
141,low,block_06_12,2026-07-13 06:00:00+03:00,2026-07-13 12:00:00+03:00,6.0
141,low,block_12_18,2026-07-13 12:00:00+03:00,2026-07-13 18:00:00+03:00,6.0
141,low,block_18_24,2026-07-13 18:00:00+03:00,2026-07-14 00:00:00+03:00,6.0
141,low,block_00_06,2026-07-14 00:00:00+03:00,2026-07-14 06:00:00+03:00,6.0
141,low,block_06_12,2026-07-14 06:00:00+03:00,2026-07-14 12:00:00+03:00,6.0
141,low,block_12_18,2026-07-14 12:00:00+03:00,2026-07-14 18:00:00+03:00,6.0
141,low,block_18_24,2026-07-14 18:00:00+03:00,2026-07-15 00:00:00+03:00,6.0
141,low,block_00_06,2026-07-15 00:00:00+03:00,2026-07-15 06:00:00+03:00,6.0
141,low,block_06_12,2026-07-15 06:00:00+03:00,2026-07-15 12:00:00+03:00,6.0
141,low,block_12_18,2026-07-15 12:00:00+03:00,2026-07-15 18:00:00+03:00,6.0
141,low,block_18_24,2026-07-15 18:00:00+03:00,2026-07-16 00:00:00+03:00,6.0
141,low,block_00_06,2026-07-16 00:00:00+03:00,2026-07-16 06:00:00+03:00,6.0
141,low,block_06_12,2026-07-16 06:00:00+03:00,2026-07-16 12:00:00+03:00,6.0
141,low,block_12_18,2026-07-16 12:00:00+03:00,2026-07-16 18:00:00+03:00,6.0
141,low,block_18_24,2026-07-16 18:00:00+03:00,2026-07-17 00:00:00+03:00,6.0
141,low,block_00_06,2026-07-17 00:00:00+03:00,2026-07-17 06:00:00+03:00,6.0
141,low,block_06_12,2026-07-17 06:00:00+03:00,2026-07-17 12:00:00+03:00,6.0
141,low,block_12_18,2026-07-17 12:00:00+03:00,2026-07-17 18:00:00+03:00,6.0
141,low,block_18_24,2026-07-17 18:00:00+03:00,2026-07-18 00:00:00+03:00,6.0
141,low,block_00_06,2026-07-18 00:00:00+03:00,2026-07-18 06:00:00+03:00,6.0
141,low,block_06_12,2026-07-18 06:00:00+03:00,2026-07-18 12:00:00+03:00,6.0
141,low,block_12_18,2026-07-18 12:00:00+03:00,2026-07-18 18:00:00+03:00,6.0
141,low,block_18_24,2026-07-18 18:00:00+03:00,2026-07-19 00:00:00+03:00,6.0
141,low,block_00_06,2026-07-19 00:00:00+03:00,2026-07-19 06:00:00+03:00,6.0
141,low,block_06_12,2026-07-19 06:00:00+03:00,2026-07-19 12:00:00+03:00,6.0
141,low,block_12_18,2026-07-19 12:00:00+03:00,2026-07-19 18:00:00+03:00,6.0
141,low,block_18_24,2026-07-19 18:00:00+03:00,2026-07-20 00:00:00+03:00,6.0
142,medium,block_00_06,2026-07-06 00:00:00+03:00,2026-07-06 06:00:00+03:00,6.0
142,medium,block_06_12,2026-07-06 06:00:00+03:00,2026-07-06 12:00:00+03:00,6.0
142,medium,block_12_18,2026-07-06 12:00:00+03:00,2026-07-06 18:00:00+03:00,6.0
142,medium,block_18_24,2026-07-06 18:00:00+03:00,2026-07-07 00:00:00+03:00,6.0
142,medium,block_00_06,2026-07-07 00:00:00+03:00,2026-07-07 06:00:00+03:00,6.0
142,medium,block_06_12,2026-07-07 06:00:00+03:00,2026-07-07 12:00:00+03:00,6.0
142,medium,block_12_18,2026-07-07 12:00:00+03:00,2026-07-07 18:00:00+03:00,6.0
142,medium,block_18_24,2026-07-07 18:00:00+03:00,2026-07-08 00:00:00+03:00,6.0
142,medium,block_00_06,2026-07-08 00:00:00+03:00,2026-07-08 06:00:00+03:00,6.0
142,medium,block_06_12,2026-07-08 06:00:00+03:00,2026-07-08 12:00:00+03:00,6.0
142,medium,block_12_18,2026-07-08 12:00:00+03:00,2026-07-08 18:00:00+03:00,6.0
142,medium,block_18_24,2026-07-08 18:00:00+03:00,2026-07-09 00:00:00+03:00,6.0
142,medium,block_00_06,2026-07-09 00:00:00+03:00,2026-07-09 06:00:00+03:00,6.0
142,medium,block_06_12,2026-07-09 06:00:00+03:00,2026-07-09 12:00:00+03:00,6.0
142,medium,block_12_18,2026-07-09 12:00:00+03:00,2026-07-09 18:00:00+03:00,6.0
142,medium,block_18_24,2026-07-09 18:00:00+03:00,2026-07-10 00:00:00+03:00,6.0
142,medium,block_00_06,2026-07-10 00:00:00+03:00,2026-07-10 06:00:00+03:00,6.0
142,medium,block_06_12,2026-07-10 06:00:00+03:00,2026-07-10 12:00:00+03:00,6.0
142,medium,block_12_18,2026-07-10 12:00:00+03:00,2026-07-10 18:00:00+03:00,6.0
142,medium,block_18_24,2026-07-10 18:00:00+03:00,2026-07-11 00:00:00+03:00,6.0
142,medium,block_00_06,2026-07-11 00:00:00+03:00,2026-07-11 06:00:00+03:00,6.0
142,medium,block_06_12,2026-07-11 06:00:00+03:00,2026-07-11 12:00:00+03:00,6.0
142,medium,block_12_18,2026-07-11 12:00:00+03:00,2026-07-11 18:00:00+03:00,6.0
142,medium,block_18_24,2026-07-11 18:00:00+03:00,2026-07-12 00:00:00+03:00,6.0
142,medium,block_00_06,2026-07-12 00:00:00+03:00,2026-07-12 06:00:00+03:00,6.0
142,medium,block_06_12,2026-07-12 06:00:00+03:00,2026-07-12 12:00:00+03:00,6.0
142,medium,block_12_18,2026-07-12 12:00:00+03:00,2026-07-12 18:00:00+03:00,6.0
142,medium,block_18_24,2026-07-12 18:00:00+03:00,2026-07-13 00:00:00+03:00,6.0
142,medium,block_00_06,2026-07-13 00:00:00+03:00,2026-07-13 06:00:00+03:00,6.0
142,medium,block_06_12,2026-07-13 06:00:00+03:00,2026-07-13 12:00:00+03:00,6.0
142,medium,block_12_18,2026-07-13 12:00:00+03:00,2026-07-13 18:00:00+03:00,6.0
142,medium,block_18_24,2026-07-13 18:00:00+03:00,2026-07-14 00:00:00+03:00,6.0
142,medium,block_00_06,2026-07-14 00:00:00+03:00,2026-07-14 06:00:00+03:00,6.0
142,medium,block_06_12,2026-07-14 06:00:00+03:00,2026-07-14 12:00:00+03:00,6.0
142,medium,block_12_18,2026-07-14 12:00:00+03:00,2026-07-14 18:00:00+03:00,6.0
142,medium,block_18_24,2026-07-14 18:00:00+03:00,2026-07-15 00:00:00+03:00,6.0
142,medium,block_00_06,2026-07-15 00:00:00+03:00,2026-07-15 06:00:00+03:00,6.0
142,medium,block_06_12,2026-07-15 06:00:00+03:00,2026-07-15 12:00:00+03:00,6.0
142,medium,block_12_18,2026-07-15 12:00:00+03:00,2026-07-15 18:00:00+03:00,6.0
142,medium,block_18_24,2026-07-15 18:00:00+03:00,2026-07-16 00:00:00+03:00,6.0
142,medium,block_00_06,2026-07-16 00:00:00+03:00,2026-07-16 06:00:00+03:00,6.0
142,medium,block_06_12,2026-07-16 06:00:00+03:00,2026-07-16 12:00:00+03:00,6.0
142,medium,block_12_18,2026-07-16 12:00:00+03:00,2026-07-16 18:00:00+03:00,6.0
142,medium,block_18_24,2026-07-16 18:00:00+03:00,2026-07-17 00:00:00+03:00,6.0
142,medium,block_00_06,2026-07-17 00:00:00+03:00,2026-07-17 06:00:00+03:00,6.0
142,medium,block_06_12,2026-07-17 06:00:00+03:00,2026-07-17 12:00:00+03:00,6.0
142,medium,block_12_18,2026-07-17 12:00:00+03:00,2026-07-17 18:00:00+03:00,6.0
142,medium,block_18_24,2026-07-17 18:00:00+03:00,2026-07-18 00:00:00+03:00,6.0
142,medium,block_00_06,2026-07-18 00:00:00+03:00,2026-07-18 06:00:00+03:00,6.0
142,medium,block_06_12,2026-07-18 06:00:00+03:00,2026-07-18 12:00:00+03:00,6.0
142,medium,block_12_18,2026-07-18 12:00:00+03:00,2026-07-18 18:00:00+03:00,6.0
142,medium,block_18_24,2026-07-18 18:00:00+03:00,2026-07-19 00:00:00+03:00,6.0
142,medium,block_00_06,2026-07-19 00:00:00+03:00,2026-07-19 06:00:00+03:00,6.0
142,medium,block_06_12,2026-07-19 06:00:00+03:00,2026-07-19 12:00:00+03:00,6.0
142,medium,block_12_18,2026-07-19 12:00:00+03:00,2026-07-19 18:00:00+03:00,6.0
142,medium,block_18_24,2026-07-19 18:00:00+03:00,2026-07-20 00:00:00+03:00,6.0
144,low,block_00_06,2026-07-06 00:00:00+03:00,2026-07-06 06:00:00+03:00,6.0
144,low,block_06_12,2026-07-06 06:00:00+03:00,2026-07-06 12:00:00+03:00,6.0
144,low,block_12_18,2026-07-06 12:00:00+03:00,2026-07-06 18:00:00+03:00,6.0
144,low,block_18_24,2026-07-06 18:00:00+03:00,2026-07-07 00:00:00+03:00,6.0
144,low,block_00_06,2026-07-07 00:00:00+03:00,2026-07-07 06:00:00+03:00,6.0
144,low,block_06_12,2026-07-07 06:00:00+03:00,2026-07-07 12:00:00+03:00,6.0
144,low,block_12_18,2026-07-07 12:00:00+03:00,2026-07-07 18:00:00+03:00,6.0
144,low,block_18_24,2026-07-07 18:00:00+03:00,2026-07-08 00:00:00+03:00,6.0
144,low,block_00_06,2026-07-08 00:00:00+03:00,2026-07-08 06:00:00+03:00,6.0
144,low,block_06_12,2026-07-08 06:00:00+03:00,2026-07-08 12:00:00+03:00,6.0
144,low,block_12_18,2026-07-08 12:00:00+03:00,2026-07-08 18:00:00+03:00,6.0
144,low,block_18_24,2026-07-08 18:00:00+03:00,2026-07-09 00:00:00+03:00,6.0
144,low,block_00_06,2026-07-09 00:00:00+03:00,2026-07-09 06:00:00+03:00,6.0
144,low,block_06_12,2026-07-09 06:00:00+03:00,2026-07-09 12:00:00+03:00,6.0
144,low,block_12_18,2026-07-09 12:00:00+03:00,2026-07-09 18:00:00+03:00,6.0
144,low,block_18_24,2026-07-09 18:00:00+03:00,2026-07-10 00:00:00+03:00,6.0
144,low,block_00_06,2026-07-10 00:00:00+03:00,2026-07-10 06:00:00+03:00,6.0
144,low,block_06_12,2026-07-10 06:00:00+03:00,2026-07-10 12:00:00+03:00,6.0
144,low,block_12_18,2026-07-10 12:00:00+03:00,2026-07-10 18:00:00+03:00,6.0
144,low,block_18_24,2026-07-10 18:00:00+03:00,2026-07-11 00:00:00+03:00,6.0
144,low,block_00_06,2026-07-11 00:00:00+03:00,2026-07-11 06:00:00+03:00,6.0
144,low,block_06_12,2026-07-11 06:00:00+03:00,2026-07-11 12:00:00+03:00,6.0
144,low,block_12_18,2026-07-11 12:00:00+03:00,2026-07-11 18:00:00+03:00,6.0
144,low,block_18_24,2026-07-11 18:00:00+03:00,2026-07-12 00:00:00+03:00,6.0
144,low,block_00_06,2026-07-12 00:00:00+03:00,2026-07-12 06:00:00+03:00,6.0
144,low,block_06_12,2026-07-12 06:00:00+03:00,2026-07-12 12:00:00+03:00,6.0
144,low,block_12_18,2026-07-12 12:00:00+03:00,2026-07-12 18:00:00+03:00,6.0
144,low,block_18_24,2026-07-12 18:00:00+03:00,2026-07-13 00:00:00+03:00,6.0
144,low,block_00_06,2026-07-13 00:00:00+03:00,2026-07-13 06:00:00+03:00,6.0
144,low,block_06_12,2026-07-13 06:00:00+03:00,2026-07-13 12:00:00+03:00,6.0
144,low,block_12_18,2026-07-13 12:00:00+03:00,2026-07-13 18:00:00+03:00,6.0
144,low,block_18_24,2026-07-13 18:00:00+03:00,2026-07-14 00:00:00+03:00,6.0
144,low,block_00_06,2026-07-14 00:00:00+03:00,2026-07-14 06:00:00+03:00,6.0
144,low,block_06_12,2026-07-14 06:00:00+03:00,2026-07-14 12:00:00+03:00,6.0
144,low,block_12_18,2026-07-14 12:00:00+03:00,2026-07-14 18:00:00+03:00,6.0
144,low,block_18_24,2026-07-14 18:00:00+03:00,2026-07-15 00:00:00+03:00,6.0
144,low,block_00_06,2026-07-15 00:00:00+03:00,2026-07-15 06:00:00+03:00,6.0
144,low,block_06_12,2026-07-15 06:00:00+03:00,2026-07-15 12:00:00+03:00,6.0
144,low,block_12_18,2026-07-15 12:00:00+03:00,2026-07-15 18:00:00+03:00,6.0
144,low,block_18_24,2026-07-15 18:00:00+03:00,2026-07-16 00:00:00+03:00,6.0
144,low,block_00_06,2026-07-16 00:00:00+03:00,2026-07-16 06:00:00+03:00,6.0
144,low,block_06_12,2026-07-16 06:00:00+03:00,2026-07-16 12:00:00+03:00,6.0
144,low,block_12_18,2026-07-16 12:00:00+03:00,2026-07-16 18:00:00+03:00,6.0
144,low,block_18_24,2026-07-16 18:00:00+03:00,2026-07-17 00:00:00+03:00,6.0
144,low,block_00_06,2026-07-17 00:00:00+03:00,2026-07-17 06:00:00+03:00,6.0
144,low,block_06_12,2026-07-17 06:00:00+03:00,2026-07-17 12:00:00+03:00,6.0
144,low,block_12_18,2026-07-17 12:00:00+03:00,2026-07-17 18:00:00+03:00,6.0
144,low,block_18_24,2026-07-17 18:00:00+03:00,2026-07-18 00:00:00+03:00,6.0
144,low,block_00_06,2026-07-18 00:00:00+03:00,2026-07-18 06:00:00+03:00,6.0
144,low,block_06_12,2026-07-18 06:00:00+03:00,2026-07-18 12:00:00+03:00,6.0
144,low,block_12_18,2026-07-18 12:00:00+03:00,2026-07-18 18:00:00+03:00,6.0
144,low,block_18_24,2026-07-18 18:00:00+03:00,2026-07-19 00:00:00+03:00,6.0
144,low,block_00_06,2026-07-19 00:00:00+03:00,2026-07-19 06:00:00+03:00,6.0
144,low,block_06_12,2026-07-19 06:00:00+03:00,2026-07-19 12:00:00+03:00,6.0
144,low,block_12_18,2026-07-19 12:00:00+03:00,2026-07-19 18:00:00+03:00,6.0
144,low,block_18_24,2026-07-19 18:00:00+03:00,2026-07-20 00:00:00+03:00,6.0
146,medium,block_00_06,2026-07-06 00:00:00+03:00,2026-07-06 06:00:00+03:00,6.0
146,medium,block_06_12,2026-07-06 06:00:00+03:00,2026-07-06 12:00:00+03:00,6.0
146,medium,block_12_18,2026-07-06 12:00:00+03:00,2026-07-06 18:00:00+03:00,6.0
146,medium,block_18_24,2026-07-06 18:00:00+03:00,2026-07-07 00:00:00+03:00,6.0
146,medium,block_00_06,2026-07-07 00:00:00+03:00,2026-07-07 06:00:00+03:00,6.0
146,medium,block_06_12,2026-07-07 06:00:00+03:00,2026-07-07 12:00:00+03:00,6.0
146,medium,block_12_18,2026-07-07 12:00:00+03:00,2026-07-07 18:00:00+03:00,6.0
146,medium,block_18_24,2026-07-07 18:00:00+03:00,2026-07-08 00:00:00+03:00,6.0
146,medium,block_00_06,2026-07-08 00:00:00+03:00,2026-07-08 06:00:00+03:00,6.0
146,medium,block_06_12,2026-07-08 06:00:00+03:00,2026-07-08 12:00:00+03:00,6.0
146,medium,block_12_18,2026-07-08 12:00:00+03:00,2026-07-08 18:00:00+03:00,6.0
146,medium,block_18_24,2026-07-08 18:00:00+03:00,2026-07-09 00:00:00+03:00,6.0
146,medium,block_00_06,2026-07-09 00:00:00+03:00,2026-07-09 06:00:00+03:00,6.0
146,medium,block_06_12,2026-07-09 06:00:00+03:00,2026-07-09 12:00:00+03:00,6.0
146,medium,block_12_18,2026-07-09 12:00:00+03:00,2026-07-09 18:00:00+03:00,6.0
146,medium,block_18_24,2026-07-09 18:00:00+03:00,2026-07-10 00:00:00+03:00,6.0
146,medium,block_00_06,2026-07-10 00:00:00+03:00,2026-07-10 06:00:00+03:00,6.0
146,medium,block_06_12,2026-07-10 06:00:00+03:00,2026-07-10 12:00:00+03:00,6.0
146,medium,block_12_18,2026-07-10 12:00:00+03:00,2026-07-10 18:00:00+03:00,6.0
146,medium,block_18_24,2026-07-10 18:00:00+03:00,2026-07-11 00:00:00+03:00,6.0
146,medium,block_00_06,2026-07-11 00:00:00+03:00,2026-07-11 06:00:00+03:00,6.0
146,medium,block_06_12,2026-07-11 06:00:00+03:00,2026-07-11 12:00:00+03:00,6.0
146,medium,block_12_18,2026-07-11 12:00:00+03:00,2026-07-11 18:00:00+03:00,6.0
146,medium,block_18_24,2026-07-11 18:00:00+03:00,2026-07-12 00:00:00+03:00,6.0
146,medium,block_00_06,2026-07-12 00:00:00+03:00,2026-07-12 06:00:00+03:00,6.0
146,medium,block_06_12,2026-07-12 06:00:00+03:00,2026-07-12 12:00:00+03:00,6.0
146,medium,block_12_18,2026-07-12 12:00:00+03:00,2026-07-12 18:00:00+03:00,6.0
146,medium,block_18_24,2026-07-12 18:00:00+03:00,2026-07-13 00:00:00+03:00,6.0
146,medium,block_00_06,2026-07-13 00:00:00+03:00,2026-07-13 06:00:00+03:00,6.0
146,medium,block_06_12,2026-07-13 06:00:00+03:00,2026-07-13 12:00:00+03:00,6.0
146,medium,block_12_18,2026-07-13 12:00:00+03:00,2026-07-13 18:00:00+03:00,6.0
146,medium,block_18_24,2026-07-13 18:00:00+03:00,2026-07-14 00:00:00+03:00,6.0
146,medium,block_00_06,2026-07-14 00:00:00+03:00,2026-07-14 06:00:00+03:00,6.0
146,medium,block_06_12,2026-07-14 06:00:00+03:00,2026-07-14 12:00:00+03:00,6.0
146,medium,block_12_18,2026-07-14 12:00:00+03:00,2026-07-14 18:00:00+03:00,6.0
146,medium,block_18_24,2026-07-14 18:00:00+03:00,2026-07-15 00:00:00+03:00,6.0
146,medium,block_00_06,2026-07-15 00:00:00+03:00,2026-07-15 06:00:00+03:00,6.0
146,medium,block_06_12,2026-07-15 06:00:00+03:00,2026-07-15 12:00:00+03:00,6.0
146,medium,block_12_18,2026-07-15 12:00:00+03:00,2026-07-15 18:00:00+03:00,6.0
146,medium,block_18_24,2026-07-15 18:00:00+03:00,2026-07-16 00:00:00+03:00,6.0
146,medium,block_00_06,2026-07-16 00:00:00+03:00,2026-07-16 06:00:00+03:00,6.0
146,medium,block_06_12,2026-07-16 06:00:00+03:00,2026-07-16 12:00:00+03:00,6.0
146,medium,block_12_18,2026-07-16 12:00:00+03:00,2026-07-16 18:00:00+03:00,6.0
146,medium,block_18_24,2026-07-16 18:00:00+03:00,2026-07-17 00:00:00+03:00,6.0
146,medium,block_00_06,2026-07-17 00:00:00+03:00,2026-07-17 06:00:00+03:00,6.0
146,medium,block_06_12,2026-07-17 06:00:00+03:00,2026-07-17 12:00:00+03:00,6.0
146,medium,block_12_18,2026-07-17 12:00:00+03:00,2026-07-17 18:00:00+03:00,6.0
146,medium,block_18_24,2026-07-17 18:00:00+03:00,2026-07-18 00:00:00+03:00,6.0
146,medium,block_00_06,2026-07-18 00:00:00+03:00,2026-07-18 06:00:00+03:00,6.0
146,medium,block_06_12,2026-07-18 06:00:00+03:00,2026-07-18 12:00:00+03:00,6.0
146,medium,block_12_18,2026-07-18 12:00:00+03:00,2026-07-18 18:00:00+03:00,6.0
146,medium,block_18_24,2026-07-18 18:00:00+03:00,2026-07-19 00:00:00+03:00,6.0
146,medium,block_00_06,2026-07-19 00:00:00+03:00,2026-07-19 06:00:00+03:00,6.0
146,medium,block_06_12,2026-07-19 06:00:00+03:00,2026-07-19 12:00:00+03:00,6.0
146,medium,block_12_18,2026-07-19 12:00:00+03:00,2026-07-19 18:00:00+03:00,6.0
146,medium,block_18_24,2026-07-19 18:00:00+03:00,2026-07-20 00:00:00+03:00,6.0
16,medium,block_00_06,2026-07-06 00:00:00+03:00,2026-07-06 06:00:00+03:00,6.0
16,medium,block_06_12,2026-07-06 06:00:00+03:00,2026-07-06 12:00:00+03:00,6.0
16,medium,block_12_18,2026-07-06 12:00:00+03:00,2026-07-06 18:00:00+03:00,6.0
16,medium,block_18_24,2026-07-06 18:00:00+03:00,2026-07-07 00:00:00+03:00,6.0
16,medium,block_00_06,2026-07-07 00:00:00+03:00,2026-07-07 06:00:00+03:00,6.0
16,medium,block_06_12,2026-07-07 06:00:00+03:00,2026-07-07 12:00:00+03:00,6.0
16,medium,block_12_18,2026-07-07 12:00:00+03:00,2026-07-07 18:00:00+03:00,6.0
16,medium,block_18_24,2026-07-07 18:00:00+03:00,2026-07-08 00:00:00+03:00,6.0
16,medium,block_00_06,2026-07-08 00:00:00+03:00,2026-07-08 06:00:00+03:00,6.0
16,medium,block_06_12,2026-07-08 06:00:00+03:00,2026-07-08 12:00:00+03:00,6.0
16,medium,block_12_18,2026-07-08 12:00:00+03:00,2026-07-08 18:00:00+03:00,6.0
16,medium,block_18_24,2026-07-08 18:00:00+03:00,2026-07-09 00:00:00+03:00,6.0
16,medium,block_00_06,2026-07-09 00:00:00+03:00,2026-07-09 06:00:00+03:00,6.0
16,medium,block_06_12,2026-07-09 06:00:00+03:00,2026-07-09 12:00:00+03:00,6.0
16,medium,block_12_18,2026-07-09 12:00:00+03:00,2026-07-09 18:00:00+03:00,6.0
16,medium,block_18_24,2026-07-09 18:00:00+03:00,2026-07-10 00:00:00+03:00,6.0
16,medium,block_00_06,2026-07-10 00:00:00+03:00,2026-07-10 06:00:00+03:00,6.0
16,medium,block_06_12,2026-07-10 06:00:00+03:00,2026-07-10 12:00:00+03:00,6.0
16,medium,block_12_18,2026-07-10 12:00:00+03:00,2026-07-10 18:00:00+03:00,6.0
16,medium,block_18_24,2026-07-10 18:00:00+03:00,2026-07-11 00:00:00+03:00,6.0
16,medium,block_00_06,2026-07-11 00:00:00+03:00,2026-07-11 06:00:00+03:00,6.0
16,medium,block_06_12,2026-07-11 06:00:00+03:00,2026-07-11 12:00:00+03:00,6.0
16,medium,block_12_18,2026-07-11 12:00:00+03:00,2026-07-11 18:00:00+03:00,6.0
16,medium,block_18_24,2026-07-11 18:00:00+03:00,2026-07-12 00:00:00+03:00,6.0
16,medium,block_00_06,2026-07-12 00:00:00+03:00,2026-07-12 06:00:00+03:00,6.0
16,medium,block_06_12,2026-07-12 06:00:00+03:00,2026-07-12 12:00:00+03:00,6.0
16,medium,block_12_18,2026-07-12 12:00:00+03:00,2026-07-12 18:00:00+03:00,6.0
16,medium,block_18_24,2026-07-12 18:00:00+03:00,2026-07-13 00:00:00+03:00,6.0
16,medium,block_00_06,2026-07-13 00:00:00+03:00,2026-07-13 06:00:00+03:00,6.0
16,medium,block_06_12,2026-07-13 06:00:00+03:00,2026-07-13 12:00:00+03:00,6.0
16,medium,block_12_18,2026-07-13 12:00:00+03:00,2026-07-13 18:00:00+03:00,6.0
16,medium,block_18_24,2026-07-13 18:00:00+03:00,2026-07-14 00:00:00+03:00,6.0
16,medium,block_00_06,2026-07-14 00:00:00+03:00,2026-07-14 06:00:00+03:00,6.0
16,medium,block_06_12,2026-07-14 06:00:00+03:00,2026-07-14 12:00:00+03:00,6.0
16,medium,block_12_18,2026-07-14 12:00:00+03:00,2026-07-14 18:00:00+03:00,6.0
16,medium,block_18_24,2026-07-14 18:00:00+03:00,2026-07-15 00:00:00+03:00,6.0
16,medium,block_00_06,2026-07-15 00:00:00+03:00,2026-07-15 06:00:00+03:00,6.0
16,medium,block_06_12,2026-07-15 06:00:00+03:00,2026-07-15 12:00:00+03:00,6.0
16,medium,block_12_18,2026-07-15 12:00:00+03:00,2026-07-15 18:00:00+03:00,6.0
16,medium,block_18_24,2026-07-15 18:00:00+03:00,2026-07-16 00:00:00+03:00,6.0
16,medium,block_00_06,2026-07-16 00:00:00+03:00,2026-07-16 06:00:00+03:00,6.0
16,medium,block_06_12,2026-07-16 06:00:00+03:00,2026-07-16 12:00:00+03:00,6.0
16,medium,block_12_18,2026-07-16 12:00:00+03:00,2026-07-16 18:00:00+03:00,6.0
16,medium,block_18_24,2026-07-16 18:00:00+03:00,2026-07-17 00:00:00+03:00,6.0
16,medium,block_00_06,2026-07-17 00:00:00+03:00,2026-07-17 06:00:00+03:00,6.0
16,medium,block_06_12,2026-07-17 06:00:00+03:00,2026-07-17 12:00:00+03:00,6.0
16,medium,block_12_18,2026-07-17 12:00:00+03:00,2026-07-17 18:00:00+03:00,6.0
16,medium,block_18_24,2026-07-17 18:00:00+03:00,2026-07-18 00:00:00+03:00,6.0
16,medium,block_00_06,2026-07-18 00:00:00+03:00,2026-07-18 06:00:00+03:00,6.0
16,medium,block_06_12,2026-07-18 06:00:00+03:00,2026-07-18 12:00:00+03:00,6.0
16,medium,block_12_18,2026-07-18 12:00:00+03:00,2026-07-18 18:00:00+03:00,6.0
16,medium,block_18_24,2026-07-18 18:00:00+03:00,2026-07-19 00:00:00+03:00,6.0
16,medium,block_00_06,2026-07-19 00:00:00+03:00,2026-07-19 06:00:00+03:00,6.0
16,medium,block_06_12,2026-07-19 06:00:00+03:00,2026-07-19 12:00:00+03:00,6.0
16,medium,block_12_18,2026-07-19 12:00:00+03:00,2026-07-19 18:00:00+03:00,6.0
16,medium,block_18_24,2026-07-19 18:00:00+03:00,2026-07-20 00:00:00+03:00,6.0
18,medium,block_00_06,2026-07-06 00:00:00+03:00,2026-07-06 06:00:00+03:00,6.0
18,medium,block_06_12,2026-07-06 06:00:00+03:00,2026-07-06 12:00:00+03:00,6.0
18,medium,block_12_18,2026-07-06 12:00:00+03:00,2026-07-06 18:00:00+03:00,6.0
18,medium,block_18_24,2026-07-06 18:00:00+03:00,2026-07-07 00:00:00+03:00,6.0
18,medium,block_00_06,2026-07-07 00:00:00+03:00,2026-07-07 06:00:00+03:00,6.0
18,medium,block_06_12,2026-07-07 06:00:00+03:00,2026-07-07 12:00:00+03:00,6.0
18,medium,block_12_18,2026-07-07 12:00:00+03:00,2026-07-07 18:00:00+03:00,6.0
18,medium,block_18_24,2026-07-07 18:00:00+03:00,2026-07-08 00:00:00+03:00,6.0
18,medium,block_00_06,2026-07-08 00:00:00+03:00,2026-07-08 06:00:00+03:00,6.0
18,medium,block_06_12,2026-07-08 06:00:00+03:00,2026-07-08 12:00:00+03:00,6.0
18,medium,block_12_18,2026-07-08 12:00:00+03:00,2026-07-08 18:00:00+03:00,6.0
18,medium,block_18_24,2026-07-08 18:00:00+03:00,2026-07-09 00:00:00+03:00,6.0
18,medium,block_00_06,2026-07-09 00:00:00+03:00,2026-07-09 06:00:00+03:00,6.0
18,medium,block_06_12,2026-07-09 06:00:00+03:00,2026-07-09 12:00:00+03:00,6.0
18,medium,block_12_18,2026-07-09 12:00:00+03:00,2026-07-09 18:00:00+03:00,6.0
18,medium,block_18_24,2026-07-09 18:00:00+03:00,2026-07-10 00:00:00+03:00,6.0
18,medium,block_00_06,2026-07-10 00:00:00+03:00,2026-07-10 06:00:00+03:00,6.0
18,medium,block_06_12,2026-07-10 06:00:00+03:00,2026-07-10 12:00:00+03:00,6.0
18,medium,block_12_18,2026-07-10 12:00:00+03:00,2026-07-10 18:00:00+03:00,6.0
18,medium,block_18_24,2026-07-10 18:00:00+03:00,2026-07-11 00:00:00+03:00,6.0
18,medium,block_00_06,2026-07-11 00:00:00+03:00,2026-07-11 06:00:00+03:00,6.0
18,medium,block_06_12,2026-07-11 06:00:00+03:00,2026-07-11 12:00:00+03:00,6.0
18,medium,block_12_18,2026-07-11 12:00:00+03:00,2026-07-11 18:00:00+03:00,6.0
18,medium,block_18_24,2026-07-11 18:00:00+03:00,2026-07-12 00:00:00+03:00,6.0
18,medium,block_00_06,2026-07-12 00:00:00+03:00,2026-07-12 06:00:00+03:00,6.0
18,medium,block_06_12,2026-07-12 06:00:00+03:00,2026-07-12 12:00:00+03:00,6.0
18,medium,block_12_18,2026-07-12 12:00:00+03:00,2026-07-12 18:00:00+03:00,6.0
18,medium,block_18_24,2026-07-12 18:00:00+03:00,2026-07-13 00:00:00+03:00,6.0
18,medium,block_00_06,2026-07-13 00:00:00+03:00,2026-07-13 06:00:00+03:00,6.0
18,medium,block_06_12,2026-07-13 06:00:00+03:00,2026-07-13 12:00:00+03:00,6.0
18,medium,block_12_18,2026-07-13 12:00:00+03:00,2026-07-13 18:00:00+03:00,6.0
18,medium,block_18_24,2026-07-13 18:00:00+03:00,2026-07-14 00:00:00+03:00,6.0
18,medium,block_00_06,2026-07-14 00:00:00+03:00,2026-07-14 06:00:00+03:00,6.0
18,medium,block_06_12,2026-07-14 06:00:00+03:00,2026-07-14 12:00:00+03:00,6.0
18,medium,block_12_18,2026-07-14 12:00:00+03:00,2026-07-14 18:00:00+03:00,6.0
18,medium,block_18_24,2026-07-14 18:00:00+03:00,2026-07-15 00:00:00+03:00,6.0
18,medium,block_00_06,2026-07-15 00:00:00+03:00,2026-07-15 06:00:00+03:00,6.0
18,medium,block_06_12,2026-07-15 06:00:00+03:00,2026-07-15 12:00:00+03:00,6.0
18,medium,block_12_18,2026-07-15 12:00:00+03:00,2026-07-15 18:00:00+03:00,6.0
18,medium,block_18_24,2026-07-15 18:00:00+03:00,2026-07-16 00:00:00+03:00,6.0
18,medium,block_00_06,2026-07-16 00:00:00+03:00,2026-07-16 06:00:00+03:00,6.0
18,medium,block_06_12,2026-07-16 06:00:00+03:00,2026-07-16 12:00:00+03:00,6.0
18,medium,block_12_18,2026-07-16 12:00:00+03:00,2026-07-16 18:00:00+03:00,6.0
18,medium,block_18_24,2026-07-16 18:00:00+03:00,2026-07-17 00:00:00+03:00,6.0
18,medium,block_00_06,2026-07-17 00:00:00+03:00,2026-07-17 06:00:00+03:00,6.0
18,medium,block_06_12,2026-07-17 06:00:00+03:00,2026-07-17 12:00:00+03:00,6.0
18,medium,block_12_18,2026-07-17 12:00:00+03:00,2026-07-17 18:00:00+03:00,6.0
18,medium,block_18_24,2026-07-17 18:00:00+03:00,2026-07-18 00:00:00+03:00,6.0
18,medium,block_00_06,2026-07-18 00:00:00+03:00,2026-07-18 06:00:00+03:00,6.0
18,medium,block_06_12,2026-07-18 06:00:00+03:00,2026-07-18 12:00:00+03:00,6.0
18,medium,block_12_18,2026-07-18 12:00:00+03:00,2026-07-18 18:00:00+03:00,6.0
18,medium,block_18_24,2026-07-18 18:00:00+03:00,2026-07-19 00:00:00+03:00,6.0
18,medium,block_00_06,2026-07-19 00:00:00+03:00,2026-07-19 06:00:00+03:00,6.0
18,medium,block_06_12,2026-07-19 06:00:00+03:00,2026-07-19 12:00:00+03:00,6.0
18,medium,block_12_18,2026-07-19 12:00:00+03:00,2026-07-19 18:00:00+03:00,6.0
18,medium,block_18_24,2026-07-19 18:00:00+03:00,2026-07-20 00:00:00+03:00,6.0
181,low,block_00_06,2026-07-06 00:00:00+03:00,2026-07-06 06:00:00+03:00,6.0
181,low,block_06_12,2026-07-06 06:00:00+03:00,2026-07-06 12:00:00+03:00,6.0
181,low,block_12_18,2026-07-06 12:00:00+03:00,2026-07-06 18:00:00+03:00,6.0
181,low,block_18_24,2026-07-06 18:00:00+03:00,2026-07-07 00:00:00+03:00,6.0
181,low,block_00_06,2026-07-07 00:00:00+03:00,2026-07-07 06:00:00+03:00,6.0
181,low,block_06_12,2026-07-07 06:00:00+03:00,2026-07-07 12:00:00+03:00,6.0
181,low,block_12_18,2026-07-07 12:00:00+03:00,2026-07-07 18:00:00+03:00,6.0
181,low,block_18_24,2026-07-07 18:00:00+03:00,2026-07-08 00:00:00+03:00,6.0
181,low,block_00_06,2026-07-08 00:00:00+03:00,2026-07-08 06:00:00+03:00,6.0
181,low,block_06_12,2026-07-08 06:00:00+03:00,2026-07-08 12:00:00+03:00,6.0
181,low,block_12_18,2026-07-08 12:00:00+03:00,2026-07-08 18:00:00+03:00,6.0
181,low,block_18_24,2026-07-08 18:00:00+03:00,2026-07-09 00:00:00+03:00,6.0
181,low,block_00_06,2026-07-09 00:00:00+03:00,2026-07-09 06:00:00+03:00,6.0
181,low,block_06_12,2026-07-09 06:00:00+03:00,2026-07-09 12:00:00+03:00,6.0
181,low,block_12_18,2026-07-09 12:00:00+03:00,2026-07-09 18:00:00+03:00,6.0
181,low,block_18_24,2026-07-09 18:00:00+03:00,2026-07-10 00:00:00+03:00,6.0
181,low,block_00_06,2026-07-10 00:00:00+03:00,2026-07-10 06:00:00+03:00,6.0
181,low,block_06_12,2026-07-10 06:00:00+03:00,2026-07-10 12:00:00+03:00,6.0
181,low,block_12_18,2026-07-10 12:00:00+03:00,2026-07-10 18:00:00+03:00,6.0
181,low,block_18_24,2026-07-10 18:00:00+03:00,2026-07-11 00:00:00+03:00,6.0
181,low,block_00_06,2026-07-11 00:00:00+03:00,2026-07-11 06:00:00+03:00,6.0
181,low,block_06_12,2026-07-11 06:00:00+03:00,2026-07-11 12:00:00+03:00,6.0
181,low,block_12_18,2026-07-11 12:00:00+03:00,2026-07-11 18:00:00+03:00,6.0
181,low,block_18_24,2026-07-11 18:00:00+03:00,2026-07-12 00:00:00+03:00,6.0
181,low,block_00_06,2026-07-12 00:00:00+03:00,2026-07-12 06:00:00+03:00,6.0
181,low,block_06_12,2026-07-12 06:00:00+03:00,2026-07-12 12:00:00+03:00,6.0
181,low,block_12_18,2026-07-12 12:00:00+03:00,2026-07-12 18:00:00+03:00,6.0
181,low,block_18_24,2026-07-12 18:00:00+03:00,2026-07-13 00:00:00+03:00,6.0
181,low,block_00_06,2026-07-13 00:00:00+03:00,2026-07-13 06:00:00+03:00,6.0
181,low,block_06_12,2026-07-13 06:00:00+03:00,2026-07-13 12:00:00+03:00,6.0
181,low,block_12_18,2026-07-13 12:00:00+03:00,2026-07-13 18:00:00+03:00,6.0
181,low,block_18_24,2026-07-13 18:00:00+03:00,2026-07-14 00:00:00+03:00,6.0
181,low,block_00_06,2026-07-14 00:00:00+03:00,2026-07-14 06:00:00+03:00,6.0
181,low,block_06_12,2026-07-14 06:00:00+03:00,2026-07-14 12:00:00+03:00,6.0
181,low,block_12_18,2026-07-14 12:00:00+03:00,2026-07-14 18:00:00+03:00,6.0
181,low,block_18_24,2026-07-14 18:00:00+03:00,2026-07-15 00:00:00+03:00,6.0
181,low,block_00_06,2026-07-15 00:00:00+03:00,2026-07-15 06:00:00+03:00,6.0
181,low,block_06_12,2026-07-15 06:00:00+03:00,2026-07-15 12:00:00+03:00,6.0
181,low,block_12_18,2026-07-15 12:00:00+03:00,2026-07-15 18:00:00+03:00,6.0
181,low,block_18_24,2026-07-15 18:00:00+03:00,2026-07-16 00:00:00+03:00,6.0
181,low,block_00_06,2026-07-16 00:00:00+03:00,2026-07-16 06:00:00+03:00,6.0
181,low,block_06_12,2026-07-16 06:00:00+03:00,2026-07-16 12:00:00+03:00,6.0
181,low,block_12_18,2026-07-16 12:00:00+03:00,2026-07-16 18:00:00+03:00,6.0
181,low,block_18_24,2026-07-16 18:00:00+03:00,2026-07-17 00:00:00+03:00,6.0
181,low,block_00_06,2026-07-17 00:00:00+03:00,2026-07-17 06:00:00+03:00,6.0
181,low,block_06_12,2026-07-17 06:00:00+03:00,2026-07-17 12:00:00+03:00,6.0
181,low,block_12_18,2026-07-17 12:00:00+03:00,2026-07-17 18:00:00+03:00,6.0
181,low,block_18_24,2026-07-17 18:00:00+03:00,2026-07-18 00:00:00+03:00,6.0
181,low,block_00_06,2026-07-18 00:00:00+03:00,2026-07-18 06:00:00+03:00,6.0
181,low,block_06_12,2026-07-18 06:00:00+03:00,2026-07-18 12:00:00+03:00,6.0
181,low,block_12_18,2026-07-18 12:00:00+03:00,2026-07-18 18:00:00+03:00,6.0
181,low,block_18_24,2026-07-18 18:00:00+03:00,2026-07-19 00:00:00+03:00,6.0
181,low,block_00_06,2026-07-19 00:00:00+03:00,2026-07-19 06:00:00+03:00,6.0
181,low,block_06_12,2026-07-19 06:00:00+03:00,2026-07-19 12:00:00+03:00,6.0
181,low,block_12_18,2026-07-19 12:00:00+03:00,2026-07-19 18:00:00+03:00,6.0
181,low,block_18_24,2026-07-19 18:00:00+03:00,2026-07-20 00:00:00+03:00,6.0
182,medium,block_00_06,2026-07-06 00:00:00+03:00,2026-07-06 06:00:00+03:00,6.0
182,medium,block_06_12,2026-07-06 06:00:00+03:00,2026-07-06 12:00:00+03:00,6.0
182,medium,block_12_18,2026-07-06 12:00:00+03:00,2026-07-06 18:00:00+03:00,6.0
182,medium,block_18_24,2026-07-06 18:00:00+03:00,2026-07-07 00:00:00+03:00,6.0
182,medium,block_00_06,2026-07-07 00:00:00+03:00,2026-07-07 06:00:00+03:00,6.0
182,medium,block_06_12,2026-07-07 06:00:00+03:00,2026-07-07 12:00:00+03:00,6.0
182,medium,block_12_18,2026-07-07 12:00:00+03:00,2026-07-07 18:00:00+03:00,6.0
182,medium,block_18_24,2026-07-07 18:00:00+03:00,2026-07-08 00:00:00+03:00,6.0
182,medium,block_00_06,2026-07-08 00:00:00+03:00,2026-07-08 06:00:00+03:00,6.0
182,medium,block_06_12,2026-07-08 06:00:00+03:00,2026-07-08 12:00:00+03:00,6.0
182,medium,block_12_18,2026-07-08 12:00:00+03:00,2026-07-08 18:00:00+03:00,6.0
182,medium,block_18_24,2026-07-08 18:00:00+03:00,2026-07-09 00:00:00+03:00,6.0
182,medium,block_00_06,2026-07-09 00:00:00+03:00,2026-07-09 06:00:00+03:00,6.0
182,medium,block_06_12,2026-07-09 06:00:00+03:00,2026-07-09 12:00:00+03:00,6.0
182,medium,block_12_18,2026-07-09 12:00:00+03:00,2026-07-09 18:00:00+03:00,6.0
182,medium,block_18_24,2026-07-09 18:00:00+03:00,2026-07-10 00:00:00+03:00,6.0
182,medium,block_00_06,2026-07-10 00:00:00+03:00,2026-07-10 06:00:00+03:00,6.0
182,medium,block_06_12,2026-07-10 06:00:00+03:00,2026-07-10 12:00:00+03:00,6.0
182,medium,block_12_18,2026-07-10 12:00:00+03:00,2026-07-10 18:00:00+03:00,6.0
182,medium,block_18_24,2026-07-10 18:00:00+03:00,2026-07-11 00:00:00+03:00,6.0
182,medium,block_00_06,2026-07-11 00:00:00+03:00,2026-07-11 06:00:00+03:00,6.0
182,medium,block_06_12,2026-07-11 06:00:00+03:00,2026-07-11 12:00:00+03:00,6.0
182,medium,block_12_18,2026-07-11 12:00:00+03:00,2026-07-11 18:00:00+03:00,6.0
182,medium,block_18_24,2026-07-11 18:00:00+03:00,2026-07-12 00:00:00+03:00,6.0
182,medium,block_00_06,2026-07-12 00:00:00+03:00,2026-07-12 06:00:00+03:00,6.0
182,medium,block_06_12,2026-07-12 06:00:00+03:00,2026-07-12 12:00:00+03:00,6.0
182,medium,block_12_18,2026-07-12 12:00:00+03:00,2026-07-12 18:00:00+03:00,6.0
182,medium,block_18_24,2026-07-12 18:00:00+03:00,2026-07-13 00:00:00+03:00,6.0
182,medium,block_00_06,2026-07-13 00:00:00+03:00,2026-07-13 06:00:00+03:00,6.0
182,medium,block_06_12,2026-07-13 06:00:00+03:00,2026-07-13 12:00:00+03:00,6.0
182,medium,block_12_18,2026-07-13 12:00:00+03:00,2026-07-13 18:00:00+03:00,6.0
182,medium,block_18_24,2026-07-13 18:00:00+03:00,2026-07-14 00:00:00+03:00,6.0
182,medium,block_00_06,2026-07-14 00:00:00+03:00,2026-07-14 06:00:00+03:00,6.0
182,medium,block_06_12,2026-07-14 06:00:00+03:00,2026-07-14 12:00:00+03:00,6.0
182,medium,block_12_18,2026-07-14 12:00:00+03:00,2026-07-14 18:00:00+03:00,6.0
182,medium,block_18_24,2026-07-14 18:00:00+03:00,2026-07-15 00:00:00+03:00,6.0
182,medium,block_00_06,2026-07-15 00:00:00+03:00,2026-07-15 06:00:00+03:00,6.0
182,medium,block_06_12,2026-07-15 06:00:00+03:00,2026-07-15 12:00:00+03:00,6.0
182,medium,block_12_18,2026-07-15 12:00:00+03:00,2026-07-15 18:00:00+03:00,6.0
182,medium,block_18_24,2026-07-15 18:00:00+03:00,2026-07-16 00:00:00+03:00,6.0
182,medium,block_00_06,2026-07-16 00:00:00+03:00,2026-07-16 06:00:00+03:00,6.0
182,medium,block_06_12,2026-07-16 06:00:00+03:00,2026-07-16 12:00:00+03:00,6.0
182,medium,block_12_18,2026-07-16 12:00:00+03:00,2026-07-16 18:00:00+03:00,6.0
182,medium,block_18_24,2026-07-16 18:00:00+03:00,2026-07-17 00:00:00+03:00,6.0
182,medium,block_00_06,2026-07-17 00:00:00+03:00,2026-07-17 06:00:00+03:00,6.0
182,medium,block_06_12,2026-07-17 06:00:00+03:00,2026-07-17 12:00:00+03:00,6.0
182,medium,block_12_18,2026-07-17 12:00:00+03:00,2026-07-17 18:00:00+03:00,6.0
182,medium,block_18_24,2026-07-17 18:00:00+03:00,2026-07-18 00:00:00+03:00,6.0
182,medium,block_00_06,2026-07-18 00:00:00+03:00,2026-07-18 06:00:00+03:00,6.0
182,medium,block_06_12,2026-07-18 06:00:00+03:00,2026-07-18 12:00:00+03:00,6.0
182,medium,block_12_18,2026-07-18 12:00:00+03:00,2026-07-18 18:00:00+03:00,6.0
182,medium,block_18_24,2026-07-18 18:00:00+03:00,2026-07-19 00:00:00+03:00,6.0
182,medium,block_00_06,2026-07-19 00:00:00+03:00,2026-07-19 06:00:00+03:00,6.0
182,medium,block_06_12,2026-07-19 06:00:00+03:00,2026-07-19 12:00:00+03:00,6.0
182,medium,block_12_18,2026-07-19 12:00:00+03:00,2026-07-19 18:00:00+03:00,6.0
182,medium,block_18_24,2026-07-19 18:00:00+03:00,2026-07-20 00:00:00+03:00,6.0
184,low,block_00_06,2026-07-06 00:00:00+03:00,2026-07-06 06:00:00+03:00,6.0
184,low,block_06_12,2026-07-06 06:00:00+03:00,2026-07-06 12:00:00+03:00,6.0
184,low,block_12_18,2026-07-06 12:00:00+03:00,2026-07-06 18:00:00+03:00,6.0
184,low,block_18_24,2026-07-06 18:00:00+03:00,2026-07-07 00:00:00+03:00,6.0
184,low,block_00_06,2026-07-07 00:00:00+03:00,2026-07-07 06:00:00+03:00,6.0
184,low,block_06_12,2026-07-07 06:00:00+03:00,2026-07-07 12:00:00+03:00,6.0
184,low,block_12_18,2026-07-07 12:00:00+03:00,2026-07-07 18:00:00+03:00,6.0
184,low,block_18_24,2026-07-07 18:00:00+03:00,2026-07-08 00:00:00+03:00,6.0
184,low,block_00_06,2026-07-08 00:00:00+03:00,2026-07-08 06:00:00+03:00,6.0
184,low,block_06_12,2026-07-08 06:00:00+03:00,2026-07-08 12:00:00+03:00,6.0
184,low,block_12_18,2026-07-08 12:00:00+03:00,2026-07-08 18:00:00+03:00,6.0
184,low,block_18_24,2026-07-08 18:00:00+03:00,2026-07-09 00:00:00+03:00,6.0
184,low,block_00_06,2026-07-09 00:00:00+03:00,2026-07-09 06:00:00+03:00,6.0
184,low,block_06_12,2026-07-09 06:00:00+03:00,2026-07-09 12:00:00+03:00,6.0
184,low,block_12_18,2026-07-09 12:00:00+03:00,2026-07-09 18:00:00+03:00,6.0
184,low,block_18_24,2026-07-09 18:00:00+03:00,2026-07-10 00:00:00+03:00,6.0
184,low,block_00_06,2026-07-10 00:00:00+03:00,2026-07-10 06:00:00+03:00,6.0
184,low,block_06_12,2026-07-10 06:00:00+03:00,2026-07-10 12:00:00+03:00,6.0
184,low,block_12_18,2026-07-10 12:00:00+03:00,2026-07-10 18:00:00+03:00,6.0
184,low,block_18_24,2026-07-10 18:00:00+03:00,2026-07-11 00:00:00+03:00,6.0
184,low,block_00_06,2026-07-11 00:00:00+03:00,2026-07-11 06:00:00+03:00,6.0
184,low,block_06_12,2026-07-11 06:00:00+03:00,2026-07-11 12:00:00+03:00,6.0
184,low,block_12_18,2026-07-11 12:00:00+03:00,2026-07-11 18:00:00+03:00,6.0
184,low,block_18_24,2026-07-11 18:00:00+03:00,2026-07-12 00:00:00+03:00,6.0
184,low,block_00_06,2026-07-12 00:00:00+03:00,2026-07-12 06:00:00+03:00,6.0
184,low,block_06_12,2026-07-12 06:00:00+03:00,2026-07-12 12:00:00+03:00,6.0
184,low,block_12_18,2026-07-12 12:00:00+03:00,2026-07-12 18:00:00+03:00,6.0
184,low,block_18_24,2026-07-12 18:00:00+03:00,2026-07-13 00:00:00+03:00,6.0
184,low,block_00_06,2026-07-13 00:00:00+03:00,2026-07-13 06:00:00+03:00,6.0
184,low,block_06_12,2026-07-13 06:00:00+03:00,2026-07-13 12:00:00+03:00,6.0
184,low,block_12_18,2026-07-13 12:00:00+03:00,2026-07-13 18:00:00+03:00,6.0
184,low,block_18_24,2026-07-13 18:00:00+03:00,2026-07-14 00:00:00+03:00,6.0
184,low,block_00_06,2026-07-14 00:00:00+03:00,2026-07-14 06:00:00+03:00,6.0
184,low,block_06_12,2026-07-14 06:00:00+03:00,2026-07-14 12:00:00+03:00,6.0
184,low,block_12_18,2026-07-14 12:00:00+03:00,2026-07-14 18:00:00+03:00,6.0
184,low,block_18_24,2026-07-14 18:00:00+03:00,2026-07-15 00:00:00+03:00,6.0
184,low,block_00_06,2026-07-15 00:00:00+03:00,2026-07-15 06:00:00+03:00,6.0
184,low,block_06_12,2026-07-15 06:00:00+03:00,2026-07-15 12:00:00+03:00,6.0
184,low,block_12_18,2026-07-15 12:00:00+03:00,2026-07-15 18:00:00+03:00,6.0
184,low,block_18_24,2026-07-15 18:00:00+03:00,2026-07-16 00:00:00+03:00,6.0
184,low,block_00_06,2026-07-16 00:00:00+03:00,2026-07-16 06:00:00+03:00,6.0
184,low,block_06_12,2026-07-16 06:00:00+03:00,2026-07-16 12:00:00+03:00,6.0
184,low,block_12_18,2026-07-16 12:00:00+03:00,2026-07-16 18:00:00+03:00,6.0
184,low,block_18_24,2026-07-16 18:00:00+03:00,2026-07-17 00:00:00+03:00,6.0
184,low,block_00_06,2026-07-17 00:00:00+03:00,2026-07-17 06:00:00+03:00,6.0
184,low,block_06_12,2026-07-17 06:00:00+03:00,2026-07-17 12:00:00+03:00,6.0
184,low,block_12_18,2026-07-17 12:00:00+03:00,2026-07-17 18:00:00+03:00,6.0
184,low,block_18_24,2026-07-17 18:00:00+03:00,2026-07-18 00:00:00+03:00,6.0
184,low,block_00_06,2026-07-18 00:00:00+03:00,2026-07-18 06:00:00+03:00,6.0
184,low,block_06_12,2026-07-18 06:00:00+03:00,2026-07-18 12:00:00+03:00,6.0
184,low,block_12_18,2026-07-18 12:00:00+03:00,2026-07-18 18:00:00+03:00,6.0
184,low,block_18_24,2026-07-18 18:00:00+03:00,2026-07-19 00:00:00+03:00,6.0
184,low,block_00_06,2026-07-19 00:00:00+03:00,2026-07-19 06:00:00+03:00,6.0
184,low,block_06_12,2026-07-19 06:00:00+03:00,2026-07-19 12:00:00+03:00,6.0
184,low,block_12_18,2026-07-19 12:00:00+03:00,2026-07-19 18:00:00+03:00,6.0
184,low,block_18_24,2026-07-19 18:00:00+03:00,2026-07-20 00:00:00+03:00,6.0
189,low,block_00_06,2026-07-06 00:00:00+03:00,2026-07-06 06:00:00+03:00,6.0
189,low,block_06_12,2026-07-06 06:00:00+03:00,2026-07-06 12:00:00+03:00,6.0
189,low,block_12_18,2026-07-06 12:00:00+03:00,2026-07-06 18:00:00+03:00,6.0
189,low,block_18_24,2026-07-06 18:00:00+03:00,2026-07-07 00:00:00+03:00,6.0
189,low,block_00_06,2026-07-07 00:00:00+03:00,2026-07-07 06:00:00+03:00,6.0
189,low,block_06_12,2026-07-07 06:00:00+03:00,2026-07-07 12:00:00+03:00,6.0
189,low,block_12_18,2026-07-07 12:00:00+03:00,2026-07-07 18:00:00+03:00,6.0
189,low,block_18_24,2026-07-07 18:00:00+03:00,2026-07-08 00:00:00+03:00,6.0
189,low,block_00_06,2026-07-08 00:00:00+03:00,2026-07-08 06:00:00+03:00,6.0
189,low,block_06_12,2026-07-08 06:00:00+03:00,2026-07-08 12:00:00+03:00,6.0
189,low,block_12_18,2026-07-08 12:00:00+03:00,2026-07-08 18:00:00+03:00,6.0
189,low,block_18_24,2026-07-08 18:00:00+03:00,2026-07-09 00:00:00+03:00,6.0
189,low,block_00_06,2026-07-09 00:00:00+03:00,2026-07-09 06:00:00+03:00,6.0
189,low,block_06_12,2026-07-09 06:00:00+03:00,2026-07-09 12:00:00+03:00,6.0
189,low,block_12_18,2026-07-09 12:00:00+03:00,2026-07-09 18:00:00+03:00,6.0
189,low,block_18_24,2026-07-09 18:00:00+03:00,2026-07-10 00:00:00+03:00,6.0
189,low,block_00_06,2026-07-10 00:00:00+03:00,2026-07-10 06:00:00+03:00,6.0
189,low,block_06_12,2026-07-10 06:00:00+03:00,2026-07-10 12:00:00+03:00,6.0
189,low,block_12_18,2026-07-10 12:00:00+03:00,2026-07-10 18:00:00+03:00,6.0
189,low,block_18_24,2026-07-10 18:00:00+03:00,2026-07-11 00:00:00+03:00,6.0
189,low,block_00_06,2026-07-11 00:00:00+03:00,2026-07-11 06:00:00+03:00,6.0
189,low,block_06_12,2026-07-11 06:00:00+03:00,2026-07-11 12:00:00+03:00,6.0
189,low,block_12_18,2026-07-11 12:00:00+03:00,2026-07-11 18:00:00+03:00,6.0
189,low,block_18_24,2026-07-11 18:00:00+03:00,2026-07-12 00:00:00+03:00,6.0
189,low,block_00_06,2026-07-12 00:00:00+03:00,2026-07-12 06:00:00+03:00,6.0
189,low,block_06_12,2026-07-12 06:00:00+03:00,2026-07-12 12:00:00+03:00,6.0
189,low,block_12_18,2026-07-12 12:00:00+03:00,2026-07-12 18:00:00+03:00,6.0
189,low,block_18_24,2026-07-12 18:00:00+03:00,2026-07-13 00:00:00+03:00,6.0
189,low,block_00_06,2026-07-13 00:00:00+03:00,2026-07-13 06:00:00+03:00,6.0
189,low,block_06_12,2026-07-13 06:00:00+03:00,2026-07-13 12:00:00+03:00,6.0
189,low,block_12_18,2026-07-13 12:00:00+03:00,2026-07-13 18:00:00+03:00,6.0
189,low,block_18_24,2026-07-13 18:00:00+03:00,2026-07-14 00:00:00+03:00,6.0
189,low,block_00_06,2026-07-14 00:00:00+03:00,2026-07-14 06:00:00+03:00,6.0
189,low,block_06_12,2026-07-14 06:00:00+03:00,2026-07-14 12:00:00+03:00,6.0
189,low,block_12_18,2026-07-14 12:00:00+03:00,2026-07-14 18:00:00+03:00,6.0
189,low,block_18_24,2026-07-14 18:00:00+03:00,2026-07-15 00:00:00+03:00,6.0
189,low,block_00_06,2026-07-15 00:00:00+03:00,2026-07-15 06:00:00+03:00,6.0
189,low,block_06_12,2026-07-15 06:00:00+03:00,2026-07-15 12:00:00+03:00,6.0
189,low,block_12_18,2026-07-15 12:00:00+03:00,2026-07-15 18:00:00+03:00,6.0
189,low,block_18_24,2026-07-15 18:00:00+03:00,2026-07-16 00:00:00+03:00,6.0
189,low,block_00_06,2026-07-16 00:00:00+03:00,2026-07-16 06:00:00+03:00,6.0
189,low,block_06_12,2026-07-16 06:00:00+03:00,2026-07-16 12:00:00+03:00,6.0
189,low,block_12_18,2026-07-16 12:00:00+03:00,2026-07-16 18:00:00+03:00,6.0
189,low,block_18_24,2026-07-16 18:00:00+03:00,2026-07-17 00:00:00+03:00,6.0
189,low,block_00_06,2026-07-17 00:00:00+03:00,2026-07-17 06:00:00+03:00,6.0
189,low,block_06_12,2026-07-17 06:00:00+03:00,2026-07-17 12:00:00+03:00,6.0
189,low,block_12_18,2026-07-17 12:00:00+03:00,2026-07-17 18:00:00+03:00,6.0
189,low,block_18_24,2026-07-17 18:00:00+03:00,2026-07-18 00:00:00+03:00,6.0
189,low,block_00_06,2026-07-18 00:00:00+03:00,2026-07-18 06:00:00+03:00,6.0
189,low,block_06_12,2026-07-18 06:00:00+03:00,2026-07-18 12:00:00+03:00,6.0
189,low,block_12_18,2026-07-18 12:00:00+03:00,2026-07-18 18:00:00+03:00,6.0
189,low,block_18_24,2026-07-18 18:00:00+03:00,2026-07-19 00:00:00+03:00,6.0
189,low,block_00_06,2026-07-19 00:00:00+03:00,2026-07-19 06:00:00+03:00,6.0
189,low,block_06_12,2026-07-19 06:00:00+03:00,2026-07-19 12:00:00+03:00,6.0
189,low,block_12_18,2026-07-19 12:00:00+03:00,2026-07-19 18:00:00+03:00,6.0
189,low,block_18_24,2026-07-19 18:00:00+03:00,2026-07-20 00:00:00+03:00,6.0
20,medium,block_00_06,2026-07-06 00:00:00+03:00,2026-07-06 06:00:00+03:00,6.0
20,medium,block_06_12,2026-07-06 06:00:00+03:00,2026-07-06 12:00:00+03:00,6.0
20,medium,block_12_18,2026-07-06 12:00:00+03:00,2026-07-06 18:00:00+03:00,6.0
20,medium,block_18_24,2026-07-06 18:00:00+03:00,2026-07-07 00:00:00+03:00,6.0
20,medium,block_00_06,2026-07-07 00:00:00+03:00,2026-07-07 06:00:00+03:00,6.0
20,medium,block_06_12,2026-07-07 06:00:00+03:00,2026-07-07 12:00:00+03:00,6.0
20,medium,block_12_18,2026-07-07 12:00:00+03:00,2026-07-07 18:00:00+03:00,6.0
20,medium,block_18_24,2026-07-07 18:00:00+03:00,2026-07-08 00:00:00+03:00,6.0
20,medium,block_00_06,2026-07-08 00:00:00+03:00,2026-07-08 06:00:00+03:00,6.0
20,medium,block_06_12,2026-07-08 06:00:00+03:00,2026-07-08 12:00:00+03:00,6.0
20,medium,block_12_18,2026-07-08 12:00:00+03:00,2026-07-08 18:00:00+03:00,6.0
20,medium,block_18_24,2026-07-08 18:00:00+03:00,2026-07-09 00:00:00+03:00,6.0
20,medium,block_00_06,2026-07-09 00:00:00+03:00,2026-07-09 06:00:00+03:00,6.0
20,medium,block_06_12,2026-07-09 06:00:00+03:00,2026-07-09 12:00:00+03:00,6.0
20,medium,block_12_18,2026-07-09 12:00:00+03:00,2026-07-09 18:00:00+03:00,6.0
20,medium,block_18_24,2026-07-09 18:00:00+03:00,2026-07-10 00:00:00+03:00,6.0
20,medium,block_00_06,2026-07-10 00:00:00+03:00,2026-07-10 06:00:00+03:00,6.0
20,medium,block_06_12,2026-07-10 06:00:00+03:00,2026-07-10 12:00:00+03:00,6.0
20,medium,block_12_18,2026-07-10 12:00:00+03:00,2026-07-10 18:00:00+03:00,6.0
20,medium,block_18_24,2026-07-10 18:00:00+03:00,2026-07-11 00:00:00+03:00,6.0
20,medium,block_00_06,2026-07-11 00:00:00+03:00,2026-07-11 06:00:00+03:00,6.0
20,medium,block_06_12,2026-07-11 06:00:00+03:00,2026-07-11 12:00:00+03:00,6.0
20,medium,block_12_18,2026-07-11 12:00:00+03:00,2026-07-11 18:00:00+03:00,6.0
20,medium,block_18_24,2026-07-11 18:00:00+03:00,2026-07-12 00:00:00+03:00,6.0
20,medium,block_00_06,2026-07-12 00:00:00+03:00,2026-07-12 06:00:00+03:00,6.0
20,medium,block_06_12,2026-07-12 06:00:00+03:00,2026-07-12 12:00:00+03:00,6.0
20,medium,block_12_18,2026-07-12 12:00:00+03:00,2026-07-12 18:00:00+03:00,6.0
20,medium,block_18_24,2026-07-12 18:00:00+03:00,2026-07-13 00:00:00+03:00,6.0
20,medium,block_00_06,2026-07-13 00:00:00+03:00,2026-07-13 06:00:00+03:00,6.0
20,medium,block_06_12,2026-07-13 06:00:00+03:00,2026-07-13 12:00:00+03:00,6.0
20,medium,block_12_18,2026-07-13 12:00:00+03:00,2026-07-13 18:00:00+03:00,6.0
20,medium,block_18_24,2026-07-13 18:00:00+03:00,2026-07-14 00:00:00+03:00,6.0
20,medium,block_00_06,2026-07-14 00:00:00+03:00,2026-07-14 06:00:00+03:00,6.0
20,medium,block_06_12,2026-07-14 06:00:00+03:00,2026-07-14 12:00:00+03:00,6.0
20,medium,block_12_18,2026-07-14 12:00:00+03:00,2026-07-14 18:00:00+03:00,6.0
20,medium,block_18_24,2026-07-14 18:00:00+03:00,2026-07-15 00:00:00+03:00,6.0
20,medium,block_00_06,2026-07-15 00:00:00+03:00,2026-07-15 06:00:00+03:00,6.0
20,medium,block_06_12,2026-07-15 06:00:00+03:00,2026-07-15 12:00:00+03:00,6.0
20,medium,block_12_18,2026-07-15 12:00:00+03:00,2026-07-15 18:00:00+03:00,6.0
20,medium,block_18_24,2026-07-15 18:00:00+03:00,2026-07-16 00:00:00+03:00,6.0
20,medium,block_00_06,2026-07-16 00:00:00+03:00,2026-07-16 06:00:00+03:00,6.0
20,medium,block_06_12,2026-07-16 06:00:00+03:00,2026-07-16 12:00:00+03:00,6.0
20,medium,block_12_18,2026-07-16 12:00:00+03:00,2026-07-16 18:00:00+03:00,6.0
20,medium,block_18_24,2026-07-16 18:00:00+03:00,2026-07-17 00:00:00+03:00,6.0
20,medium,block_00_06,2026-07-17 00:00:00+03:00,2026-07-17 06:00:00+03:00,6.0
20,medium,block_06_12,2026-07-17 06:00:00+03:00,2026-07-17 12:00:00+03:00,6.0
20,medium,block_12_18,2026-07-17 12:00:00+03:00,2026-07-17 18:00:00+03:00,6.0
20,medium,block_18_24,2026-07-17 18:00:00+03:00,2026-07-18 00:00:00+03:00,6.0
20,medium,block_00_06,2026-07-18 00:00:00+03:00,2026-07-18 06:00:00+03:00,6.0
20,medium,block_06_12,2026-07-18 06:00:00+03:00,2026-07-18 12:00:00+03:00,6.0
20,medium,block_12_18,2026-07-18 12:00:00+03:00,2026-07-18 18:00:00+03:00,6.0
20,medium,block_18_24,2026-07-18 18:00:00+03:00,2026-07-19 00:00:00+03:00,6.0
20,medium,block_00_06,2026-07-19 00:00:00+03:00,2026-07-19 06:00:00+03:00,6.0
20,medium,block_06_12,2026-07-19 06:00:00+03:00,2026-07-19 12:00:00+03:00,6.0
20,medium,block_12_18,2026-07-19 12:00:00+03:00,2026-07-19 18:00:00+03:00,6.0
20,medium,block_18_24,2026-07-19 18:00:00+03:00,2026-07-20 00:00:00+03:00,6.0
222,low,block_00_06,2026-07-06 00:00:00+03:00,2026-07-06 06:00:00+03:00,6.0
222,low,block_06_12,2026-07-06 06:00:00+03:00,2026-07-06 12:00:00+03:00,6.0
222,low,block_12_18,2026-07-06 12:00:00+03:00,2026-07-06 18:00:00+03:00,6.0
222,low,block_18_24,2026-07-06 18:00:00+03:00,2026-07-07 00:00:00+03:00,6.0
222,low,block_00_06,2026-07-07 00:00:00+03:00,2026-07-07 06:00:00+03:00,6.0
222,low,block_06_12,2026-07-07 06:00:00+03:00,2026-07-07 12:00:00+03:00,6.0
222,low,block_12_18,2026-07-07 12:00:00+03:00,2026-07-07 18:00:00+03:00,6.0
222,low,block_18_24,2026-07-07 18:00:00+03:00,2026-07-08 00:00:00+03:00,6.0
222,low,block_00_06,2026-07-08 00:00:00+03:00,2026-07-08 06:00:00+03:00,6.0
222,low,block_06_12,2026-07-08 06:00:00+03:00,2026-07-08 12:00:00+03:00,6.0
222,low,block_12_18,2026-07-08 12:00:00+03:00,2026-07-08 18:00:00+03:00,6.0
222,low,block_18_24,2026-07-08 18:00:00+03:00,2026-07-09 00:00:00+03:00,6.0
222,low,block_00_06,2026-07-09 00:00:00+03:00,2026-07-09 06:00:00+03:00,6.0
222,low,block_06_12,2026-07-09 06:00:00+03:00,2026-07-09 12:00:00+03:00,6.0
222,low,block_12_18,2026-07-09 12:00:00+03:00,2026-07-09 18:00:00+03:00,6.0
222,low,block_18_24,2026-07-09 18:00:00+03:00,2026-07-10 00:00:00+03:00,6.0
222,low,block_00_06,2026-07-10 00:00:00+03:00,2026-07-10 06:00:00+03:00,6.0
222,low,block_06_12,2026-07-10 06:00:00+03:00,2026-07-10 12:00:00+03:00,6.0
222,low,block_12_18,2026-07-10 12:00:00+03:00,2026-07-10 18:00:00+03:00,6.0
222,low,block_18_24,2026-07-10 18:00:00+03:00,2026-07-11 00:00:00+03:00,6.0
222,low,block_00_06,2026-07-11 00:00:00+03:00,2026-07-11 06:00:00+03:00,6.0
222,low,block_06_12,2026-07-11 06:00:00+03:00,2026-07-11 12:00:00+03:00,6.0
222,low,block_12_18,2026-07-11 12:00:00+03:00,2026-07-11 18:00:00+03:00,6.0
222,low,block_18_24,2026-07-11 18:00:00+03:00,2026-07-12 00:00:00+03:00,6.0
222,low,block_00_06,2026-07-12 00:00:00+03:00,2026-07-12 06:00:00+03:00,6.0
222,low,block_06_12,2026-07-12 06:00:00+03:00,2026-07-12 12:00:00+03:00,6.0
222,low,block_12_18,2026-07-12 12:00:00+03:00,2026-07-12 18:00:00+03:00,6.0
222,low,block_18_24,2026-07-12 18:00:00+03:00,2026-07-13 00:00:00+03:00,6.0
222,low,block_00_06,2026-07-13 00:00:00+03:00,2026-07-13 06:00:00+03:00,6.0
222,low,block_06_12,2026-07-13 06:00:00+03:00,2026-07-13 12:00:00+03:00,6.0
222,low,block_12_18,2026-07-13 12:00:00+03:00,2026-07-13 18:00:00+03:00,6.0
222,low,block_18_24,2026-07-13 18:00:00+03:00,2026-07-14 00:00:00+03:00,6.0
222,low,block_00_06,2026-07-14 00:00:00+03:00,2026-07-14 06:00:00+03:00,6.0
222,low,block_06_12,2026-07-14 06:00:00+03:00,2026-07-14 12:00:00+03:00,6.0
222,low,block_12_18,2026-07-14 12:00:00+03:00,2026-07-14 18:00:00+03:00,6.0
222,low,block_18_24,2026-07-14 18:00:00+03:00,2026-07-15 00:00:00+03:00,6.0
222,low,block_00_06,2026-07-15 00:00:00+03:00,2026-07-15 06:00:00+03:00,6.0
222,low,block_06_12,2026-07-15 06:00:00+03:00,2026-07-15 12:00:00+03:00,6.0
222,low,block_12_18,2026-07-15 12:00:00+03:00,2026-07-15 18:00:00+03:00,6.0
222,low,block_18_24,2026-07-15 18:00:00+03:00,2026-07-16 00:00:00+03:00,6.0
222,low,block_00_06,2026-07-16 00:00:00+03:00,2026-07-16 06:00:00+03:00,6.0
222,low,block_06_12,2026-07-16 06:00:00+03:00,2026-07-16 12:00:00+03:00,6.0
222,low,block_12_18,2026-07-16 12:00:00+03:00,2026-07-16 18:00:00+03:00,6.0
222,low,block_18_24,2026-07-16 18:00:00+03:00,2026-07-17 00:00:00+03:00,6.0
222,low,block_00_06,2026-07-17 00:00:00+03:00,2026-07-17 06:00:00+03:00,6.0
222,low,block_06_12,2026-07-17 06:00:00+03:00,2026-07-17 12:00:00+03:00,6.0
222,low,block_12_18,2026-07-17 12:00:00+03:00,2026-07-17 18:00:00+03:00,6.0
222,low,block_18_24,2026-07-17 18:00:00+03:00,2026-07-18 00:00:00+03:00,6.0
222,low,block_00_06,2026-07-18 00:00:00+03:00,2026-07-18 06:00:00+03:00,6.0
222,low,block_06_12,2026-07-18 06:00:00+03:00,2026-07-18 12:00:00+03:00,6.0
222,low,block_12_18,2026-07-18 12:00:00+03:00,2026-07-18 18:00:00+03:00,6.0
222,low,block_18_24,2026-07-18 18:00:00+03:00,2026-07-19 00:00:00+03:00,6.0
222,low,block_00_06,2026-07-19 00:00:00+03:00,2026-07-19 06:00:00+03:00,6.0
222,low,block_06_12,2026-07-19 06:00:00+03:00,2026-07-19 12:00:00+03:00,6.0
222,low,block_12_18,2026-07-19 12:00:00+03:00,2026-07-19 18:00:00+03:00,6.0
222,low,block_18_24,2026-07-19 18:00:00+03:00,2026-07-20 00:00:00+03:00,6.0
23,low,block_00_06,2026-07-06 00:00:00+03:00,2026-07-06 06:00:00+03:00,6.0
23,low,block_06_12,2026-07-06 06:00:00+03:00,2026-07-06 12:00:00+03:00,6.0
23,low,block_12_18,2026-07-06 12:00:00+03:00,2026-07-06 18:00:00+03:00,6.0
23,low,block_18_24,2026-07-06 18:00:00+03:00,2026-07-07 00:00:00+03:00,6.0
23,low,block_00_06,2026-07-07 00:00:00+03:00,2026-07-07 06:00:00+03:00,6.0
23,low,block_06_12,2026-07-07 06:00:00+03:00,2026-07-07 12:00:00+03:00,6.0
23,low,block_12_18,2026-07-07 12:00:00+03:00,2026-07-07 18:00:00+03:00,6.0
23,low,block_18_24,2026-07-07 18:00:00+03:00,2026-07-08 00:00:00+03:00,6.0
23,low,block_00_06,2026-07-08 00:00:00+03:00,2026-07-08 06:00:00+03:00,6.0
23,low,block_06_12,2026-07-08 06:00:00+03:00,2026-07-08 12:00:00+03:00,6.0
23,low,block_12_18,2026-07-08 12:00:00+03:00,2026-07-08 18:00:00+03:00,6.0
23,low,block_18_24,2026-07-08 18:00:00+03:00,2026-07-09 00:00:00+03:00,6.0
23,low,block_00_06,2026-07-09 00:00:00+03:00,2026-07-09 06:00:00+03:00,6.0
23,low,block_06_12,2026-07-09 06:00:00+03:00,2026-07-09 12:00:00+03:00,6.0
23,low,block_12_18,2026-07-09 12:00:00+03:00,2026-07-09 18:00:00+03:00,6.0
23,low,block_18_24,2026-07-09 18:00:00+03:00,2026-07-10 00:00:00+03:00,6.0
23,low,block_00_06,2026-07-10 00:00:00+03:00,2026-07-10 06:00:00+03:00,6.0
23,low,block_06_12,2026-07-10 06:00:00+03:00,2026-07-10 12:00:00+03:00,6.0
23,low,block_12_18,2026-07-10 12:00:00+03:00,2026-07-10 18:00:00+03:00,6.0
23,low,block_18_24,2026-07-10 18:00:00+03:00,2026-07-11 00:00:00+03:00,6.0
23,low,block_00_06,2026-07-11 00:00:00+03:00,2026-07-11 06:00:00+03:00,6.0
23,low,block_06_12,2026-07-11 06:00:00+03:00,2026-07-11 12:00:00+03:00,6.0
23,low,block_12_18,2026-07-11 12:00:00+03:00,2026-07-11 18:00:00+03:00,6.0
23,low,block_18_24,2026-07-11 18:00:00+03:00,2026-07-12 00:00:00+03:00,6.0
23,low,block_00_06,2026-07-12 00:00:00+03:00,2026-07-12 06:00:00+03:00,6.0
23,low,block_06_12,2026-07-12 06:00:00+03:00,2026-07-12 12:00:00+03:00,6.0
23,low,block_12_18,2026-07-12 12:00:00+03:00,2026-07-12 18:00:00+03:00,6.0
23,low,block_18_24,2026-07-12 18:00:00+03:00,2026-07-13 00:00:00+03:00,6.0
23,low,block_00_06,2026-07-13 00:00:00+03:00,2026-07-13 06:00:00+03:00,6.0
23,low,block_06_12,2026-07-13 06:00:00+03:00,2026-07-13 12:00:00+03:00,6.0
23,low,block_12_18,2026-07-13 12:00:00+03:00,2026-07-13 18:00:00+03:00,6.0
23,low,block_18_24,2026-07-13 18:00:00+03:00,2026-07-14 00:00:00+03:00,6.0
23,low,block_00_06,2026-07-14 00:00:00+03:00,2026-07-14 06:00:00+03:00,6.0
23,low,block_06_12,2026-07-14 06:00:00+03:00,2026-07-14 12:00:00+03:00,6.0
23,low,block_12_18,2026-07-14 12:00:00+03:00,2026-07-14 18:00:00+03:00,6.0
23,low,block_18_24,2026-07-14 18:00:00+03:00,2026-07-15 00:00:00+03:00,6.0
23,low,block_00_06,2026-07-15 00:00:00+03:00,2026-07-15 06:00:00+03:00,6.0
23,low,block_06_12,2026-07-15 06:00:00+03:00,2026-07-15 12:00:00+03:00,6.0
23,low,block_12_18,2026-07-15 12:00:00+03:00,2026-07-15 18:00:00+03:00,6.0
23,low,block_18_24,2026-07-15 18:00:00+03:00,2026-07-16 00:00:00+03:00,6.0
23,low,block_00_06,2026-07-16 00:00:00+03:00,2026-07-16 06:00:00+03:00,6.0
23,low,block_06_12,2026-07-16 06:00:00+03:00,2026-07-16 12:00:00+03:00,6.0
23,low,block_12_18,2026-07-16 12:00:00+03:00,2026-07-16 18:00:00+03:00,6.0
23,low,block_18_24,2026-07-16 18:00:00+03:00,2026-07-17 00:00:00+03:00,6.0
23,low,block_00_06,2026-07-17 00:00:00+03:00,2026-07-17 06:00:00+03:00,6.0
23,low,block_06_12,2026-07-17 06:00:00+03:00,2026-07-17 12:00:00+03:00,6.0
23,low,block_12_18,2026-07-17 12:00:00+03:00,2026-07-17 18:00:00+03:00,6.0
23,low,block_18_24,2026-07-17 18:00:00+03:00,2026-07-18 00:00:00+03:00,6.0
23,low,block_00_06,2026-07-18 00:00:00+03:00,2026-07-18 06:00:00+03:00,6.0
23,low,block_06_12,2026-07-18 06:00:00+03:00,2026-07-18 12:00:00+03:00,6.0
23,low,block_12_18,2026-07-18 12:00:00+03:00,2026-07-18 18:00:00+03:00,6.0
23,low,block_18_24,2026-07-18 18:00:00+03:00,2026-07-19 00:00:00+03:00,6.0
23,low,block_00_06,2026-07-19 00:00:00+03:00,2026-07-19 06:00:00+03:00,6.0
23,low,block_06_12,2026-07-19 06:00:00+03:00,2026-07-19 12:00:00+03:00,6.0
23,low,block_12_18,2026-07-19 12:00:00+03:00,2026-07-19 18:00:00+03:00,6.0
23,low,block_18_24,2026-07-19 18:00:00+03:00,2026-07-20 00:00:00+03:00,6.0
24,low,block_00_06,2026-07-06 00:00:00+03:00,2026-07-06 06:00:00+03:00,6.0
24,low,block_06_12,2026-07-06 06:00:00+03:00,2026-07-06 12:00:00+03:00,6.0
24,low,block_12_18,2026-07-06 12:00:00+03:00,2026-07-06 18:00:00+03:00,6.0
24,low,block_18_24,2026-07-06 18:00:00+03:00,2026-07-07 00:00:00+03:00,6.0
24,low,block_00_06,2026-07-07 00:00:00+03:00,2026-07-07 06:00:00+03:00,6.0
24,low,block_06_12,2026-07-07 06:00:00+03:00,2026-07-07 12:00:00+03:00,6.0
24,low,block_12_18,2026-07-07 12:00:00+03:00,2026-07-07 18:00:00+03:00,6.0
24,low,block_18_24,2026-07-07 18:00:00+03:00,2026-07-08 00:00:00+03:00,6.0
24,low,block_00_06,2026-07-08 00:00:00+03:00,2026-07-08 06:00:00+03:00,6.0
24,low,block_06_12,2026-07-08 06:00:00+03:00,2026-07-08 12:00:00+03:00,6.0
24,low,block_12_18,2026-07-08 12:00:00+03:00,2026-07-08 18:00:00+03:00,6.0
24,low,block_18_24,2026-07-08 18:00:00+03:00,2026-07-09 00:00:00+03:00,6.0
24,low,block_00_06,2026-07-09 00:00:00+03:00,2026-07-09 06:00:00+03:00,6.0
24,low,block_06_12,2026-07-09 06:00:00+03:00,2026-07-09 12:00:00+03:00,6.0
24,low,block_12_18,2026-07-09 12:00:00+03:00,2026-07-09 18:00:00+03:00,6.0
24,low,block_18_24,2026-07-09 18:00:00+03:00,2026-07-10 00:00:00+03:00,6.0
24,low,block_00_06,2026-07-10 00:00:00+03:00,2026-07-10 06:00:00+03:00,6.0
24,low,block_06_12,2026-07-10 06:00:00+03:00,2026-07-10 12:00:00+03:00,6.0
24,low,block_12_18,2026-07-10 12:00:00+03:00,2026-07-10 18:00:00+03:00,6.0
24,low,block_18_24,2026-07-10 18:00:00+03:00,2026-07-11 00:00:00+03:00,6.0
24,low,block_00_06,2026-07-11 00:00:00+03:00,2026-07-11 06:00:00+03:00,6.0
24,low,block_06_12,2026-07-11 06:00:00+03:00,2026-07-11 12:00:00+03:00,6.0
24,low,block_12_18,2026-07-11 12:00:00+03:00,2026-07-11 18:00:00+03:00,6.0
24,low,block_18_24,2026-07-11 18:00:00+03:00,2026-07-12 00:00:00+03:00,6.0
24,low,block_00_06,2026-07-12 00:00:00+03:00,2026-07-12 06:00:00+03:00,6.0
24,low,block_06_12,2026-07-12 06:00:00+03:00,2026-07-12 12:00:00+03:00,6.0
24,low,block_12_18,2026-07-12 12:00:00+03:00,2026-07-12 18:00:00+03:00,6.0
24,low,block_18_24,2026-07-12 18:00:00+03:00,2026-07-13 00:00:00+03:00,6.0
24,low,block_00_06,2026-07-13 00:00:00+03:00,2026-07-13 06:00:00+03:00,6.0
24,low,block_06_12,2026-07-13 06:00:00+03:00,2026-07-13 12:00:00+03:00,6.0
24,low,block_12_18,2026-07-13 12:00:00+03:00,2026-07-13 18:00:00+03:00,6.0
24,low,block_18_24,2026-07-13 18:00:00+03:00,2026-07-14 00:00:00+03:00,6.0
24,low,block_00_06,2026-07-14 00:00:00+03:00,2026-07-14 06:00:00+03:00,6.0
24,low,block_06_12,2026-07-14 06:00:00+03:00,2026-07-14 12:00:00+03:00,6.0
24,low,block_12_18,2026-07-14 12:00:00+03:00,2026-07-14 18:00:00+03:00,6.0
24,low,block_18_24,2026-07-14 18:00:00+03:00,2026-07-15 00:00:00+03:00,6.0
24,low,block_00_06,2026-07-15 00:00:00+03:00,2026-07-15 06:00:00+03:00,6.0
24,low,block_06_12,2026-07-15 06:00:00+03:00,2026-07-15 12:00:00+03:00,6.0
24,low,block_12_18,2026-07-15 12:00:00+03:00,2026-07-15 18:00:00+03:00,6.0
24,low,block_18_24,2026-07-15 18:00:00+03:00,2026-07-16 00:00:00+03:00,6.0
24,low,block_00_06,2026-07-16 00:00:00+03:00,2026-07-16 06:00:00+03:00,6.0
24,low,block_06_12,2026-07-16 06:00:00+03:00,2026-07-16 12:00:00+03:00,6.0
24,low,block_12_18,2026-07-16 12:00:00+03:00,2026-07-16 18:00:00+03:00,6.0
24,low,block_18_24,2026-07-16 18:00:00+03:00,2026-07-17 00:00:00+03:00,6.0
24,low,block_00_06,2026-07-17 00:00:00+03:00,2026-07-17 06:00:00+03:00,6.0
24,low,block_06_12,2026-07-17 06:00:00+03:00,2026-07-17 12:00:00+03:00,6.0
24,low,block_12_18,2026-07-17 12:00:00+03:00,2026-07-17 18:00:00+03:00,6.0
24,low,block_18_24,2026-07-17 18:00:00+03:00,2026-07-18 00:00:00+03:00,6.0
24,low,block_00_06,2026-07-18 00:00:00+03:00,2026-07-18 06:00:00+03:00,6.0
24,low,block_06_12,2026-07-18 06:00:00+03:00,2026-07-18 12:00:00+03:00,6.0
24,low,block_12_18,2026-07-18 12:00:00+03:00,2026-07-18 18:00:00+03:00,6.0
24,low,block_18_24,2026-07-18 18:00:00+03:00,2026-07-19 00:00:00+03:00,6.0
24,low,block_00_06,2026-07-19 00:00:00+03:00,2026-07-19 06:00:00+03:00,6.0
24,low,block_06_12,2026-07-19 06:00:00+03:00,2026-07-19 12:00:00+03:00,6.0
24,low,block_12_18,2026-07-19 12:00:00+03:00,2026-07-19 18:00:00+03:00,6.0
24,low,block_18_24,2026-07-19 18:00:00+03:00,2026-07-20 00:00:00+03:00,6.0
255,low,block_00_06,2026-07-06 00:00:00+03:00,2026-07-06 06:00:00+03:00,6.0
255,low,block_06_12,2026-07-06 06:00:00+03:00,2026-07-06 12:00:00+03:00,6.0
255,low,block_12_18,2026-07-06 12:00:00+03:00,2026-07-06 18:00:00+03:00,6.0
255,low,block_18_24,2026-07-06 18:00:00+03:00,2026-07-07 00:00:00+03:00,6.0
255,low,block_00_06,2026-07-07 00:00:00+03:00,2026-07-07 06:00:00+03:00,6.0
255,low,block_06_12,2026-07-07 06:00:00+03:00,2026-07-07 12:00:00+03:00,6.0
255,low,block_12_18,2026-07-07 12:00:00+03:00,2026-07-07 18:00:00+03:00,6.0
255,low,block_18_24,2026-07-07 18:00:00+03:00,2026-07-08 00:00:00+03:00,6.0
255,low,block_00_06,2026-07-08 00:00:00+03:00,2026-07-08 06:00:00+03:00,6.0
255,low,block_06_12,2026-07-08 06:00:00+03:00,2026-07-08 12:00:00+03:00,6.0
255,low,block_12_18,2026-07-08 12:00:00+03:00,2026-07-08 18:00:00+03:00,6.0
255,low,block_18_24,2026-07-08 18:00:00+03:00,2026-07-09 00:00:00+03:00,6.0
255,low,block_00_06,2026-07-09 00:00:00+03:00,2026-07-09 06:00:00+03:00,6.0
255,low,block_06_12,2026-07-09 06:00:00+03:00,2026-07-09 12:00:00+03:00,6.0
255,low,block_12_18,2026-07-09 12:00:00+03:00,2026-07-09 18:00:00+03:00,6.0
255,low,block_18_24,2026-07-09 18:00:00+03:00,2026-07-10 00:00:00+03:00,6.0
255,low,block_00_06,2026-07-10 00:00:00+03:00,2026-07-10 06:00:00+03:00,6.0
255,low,block_06_12,2026-07-10 06:00:00+03:00,2026-07-10 12:00:00+03:00,6.0
255,low,block_12_18,2026-07-10 12:00:00+03:00,2026-07-10 18:00:00+03:00,6.0
255,low,block_18_24,2026-07-10 18:00:00+03:00,2026-07-11 00:00:00+03:00,6.0
255,low,block_00_06,2026-07-11 00:00:00+03:00,2026-07-11 06:00:00+03:00,6.0
255,low,block_06_12,2026-07-11 06:00:00+03:00,2026-07-11 12:00:00+03:00,6.0
255,low,block_12_18,2026-07-11 12:00:00+03:00,2026-07-11 18:00:00+03:00,6.0
255,low,block_18_24,2026-07-11 18:00:00+03:00,2026-07-12 00:00:00+03:00,6.0
255,low,block_00_06,2026-07-12 00:00:00+03:00,2026-07-12 06:00:00+03:00,6.0
255,low,block_06_12,2026-07-12 06:00:00+03:00,2026-07-12 12:00:00+03:00,6.0
255,low,block_12_18,2026-07-12 12:00:00+03:00,2026-07-12 18:00:00+03:00,6.0
255,low,block_18_24,2026-07-12 18:00:00+03:00,2026-07-13 00:00:00+03:00,6.0
255,low,block_00_06,2026-07-13 00:00:00+03:00,2026-07-13 06:00:00+03:00,6.0
255,low,block_06_12,2026-07-13 06:00:00+03:00,2026-07-13 12:00:00+03:00,6.0
255,low,block_12_18,2026-07-13 12:00:00+03:00,2026-07-13 18:00:00+03:00,6.0
255,low,block_18_24,2026-07-13 18:00:00+03:00,2026-07-14 00:00:00+03:00,6.0
255,low,block_00_06,2026-07-14 00:00:00+03:00,2026-07-14 06:00:00+03:00,6.0
255,low,block_06_12,2026-07-14 06:00:00+03:00,2026-07-14 12:00:00+03:00,6.0
255,low,block_12_18,2026-07-14 12:00:00+03:00,2026-07-14 18:00:00+03:00,6.0
255,low,block_18_24,2026-07-14 18:00:00+03:00,2026-07-15 00:00:00+03:00,6.0
255,low,block_00_06,2026-07-15 00:00:00+03:00,2026-07-15 06:00:00+03:00,6.0
255,low,block_06_12,2026-07-15 06:00:00+03:00,2026-07-15 12:00:00+03:00,6.0
255,low,block_12_18,2026-07-15 12:00:00+03:00,2026-07-15 18:00:00+03:00,6.0
255,low,block_18_24,2026-07-15 18:00:00+03:00,2026-07-16 00:00:00+03:00,6.0
255,low,block_00_06,2026-07-16 00:00:00+03:00,2026-07-16 06:00:00+03:00,6.0
255,low,block_06_12,2026-07-16 06:00:00+03:00,2026-07-16 12:00:00+03:00,6.0
255,low,block_12_18,2026-07-16 12:00:00+03:00,2026-07-16 18:00:00+03:00,6.0
255,low,block_18_24,2026-07-16 18:00:00+03:00,2026-07-17 00:00:00+03:00,6.0
255,low,block_00_06,2026-07-17 00:00:00+03:00,2026-07-17 06:00:00+03:00,6.0
255,low,block_06_12,2026-07-17 06:00:00+03:00,2026-07-17 12:00:00+03:00,6.0
255,low,block_12_18,2026-07-17 12:00:00+03:00,2026-07-17 18:00:00+03:00,6.0
255,low,block_18_24,2026-07-17 18:00:00+03:00,2026-07-18 00:00:00+03:00,6.0
255,low,block_00_06,2026-07-18 00:00:00+03:00,2026-07-18 06:00:00+03:00,6.0
255,low,block_06_12,2026-07-18 06:00:00+03:00,2026-07-18 12:00:00+03:00,6.0
255,low,block_12_18,2026-07-18 12:00:00+03:00,2026-07-18 18:00:00+03:00,6.0
255,low,block_18_24,2026-07-18 18:00:00+03:00,2026-07-19 00:00:00+03:00,6.0
255,low,block_00_06,2026-07-19 00:00:00+03:00,2026-07-19 06:00:00+03:00,6.0
255,low,block_06_12,2026-07-19 06:00:00+03:00,2026-07-19 12:00:00+03:00,6.0
255,low,block_12_18,2026-07-19 12:00:00+03:00,2026-07-19 18:00:00+03:00,6.0
255,low,block_18_24,2026-07-19 18:00:00+03:00,2026-07-20 00:00:00+03:00,6.0
26,medium,block_00_06,2026-07-06 00:00:00+03:00,2026-07-06 06:00:00+03:00,6.0
26,medium,block_06_12,2026-07-06 06:00:00+03:00,2026-07-06 12:00:00+03:00,6.0
26,medium,block_12_18,2026-07-06 12:00:00+03:00,2026-07-06 18:00:00+03:00,6.0
26,medium,block_18_24,2026-07-06 18:00:00+03:00,2026-07-07 00:00:00+03:00,6.0
26,medium,block_00_06,2026-07-07 00:00:00+03:00,2026-07-07 06:00:00+03:00,6.0
26,medium,block_06_12,2026-07-07 06:00:00+03:00,2026-07-07 12:00:00+03:00,6.0
26,medium,block_12_18,2026-07-07 12:00:00+03:00,2026-07-07 18:00:00+03:00,6.0
26,medium,block_18_24,2026-07-07 18:00:00+03:00,2026-07-08 00:00:00+03:00,6.0
26,medium,block_00_06,2026-07-08 00:00:00+03:00,2026-07-08 06:00:00+03:00,6.0
26,medium,block_06_12,2026-07-08 06:00:00+03:00,2026-07-08 12:00:00+03:00,6.0
26,medium,block_12_18,2026-07-08 12:00:00+03:00,2026-07-08 18:00:00+03:00,6.0
26,medium,block_18_24,2026-07-08 18:00:00+03:00,2026-07-09 00:00:00+03:00,6.0
26,medium,block_00_06,2026-07-09 00:00:00+03:00,2026-07-09 06:00:00+03:00,6.0
26,medium,block_06_12,2026-07-09 06:00:00+03:00,2026-07-09 12:00:00+03:00,6.0
26,medium,block_12_18,2026-07-09 12:00:00+03:00,2026-07-09 18:00:00+03:00,6.0
26,medium,block_18_24,2026-07-09 18:00:00+03:00,2026-07-10 00:00:00+03:00,6.0
26,medium,block_00_06,2026-07-10 00:00:00+03:00,2026-07-10 06:00:00+03:00,6.0
26,medium,block_06_12,2026-07-10 06:00:00+03:00,2026-07-10 12:00:00+03:00,6.0
26,medium,block_12_18,2026-07-10 12:00:00+03:00,2026-07-10 18:00:00+03:00,6.0
26,medium,block_18_24,2026-07-10 18:00:00+03:00,2026-07-11 00:00:00+03:00,6.0
26,medium,block_00_06,2026-07-11 00:00:00+03:00,2026-07-11 06:00:00+03:00,6.0
26,medium,block_06_12,2026-07-11 06:00:00+03:00,2026-07-11 12:00:00+03:00,6.0
26,medium,block_12_18,2026-07-11 12:00:00+03:00,2026-07-11 18:00:00+03:00,6.0
26,medium,block_18_24,2026-07-11 18:00:00+03:00,2026-07-12 00:00:00+03:00,6.0
26,medium,block_00_06,2026-07-12 00:00:00+03:00,2026-07-12 06:00:00+03:00,6.0
26,medium,block_06_12,2026-07-12 06:00:00+03:00,2026-07-12 12:00:00+03:00,6.0
26,medium,block_12_18,2026-07-12 12:00:00+03:00,2026-07-12 18:00:00+03:00,6.0
26,medium,block_18_24,2026-07-12 18:00:00+03:00,2026-07-13 00:00:00+03:00,6.0
26,medium,block_00_06,2026-07-13 00:00:00+03:00,2026-07-13 06:00:00+03:00,6.0
26,medium,block_06_12,2026-07-13 06:00:00+03:00,2026-07-13 12:00:00+03:00,6.0
26,medium,block_12_18,2026-07-13 12:00:00+03:00,2026-07-13 18:00:00+03:00,6.0
26,medium,block_18_24,2026-07-13 18:00:00+03:00,2026-07-14 00:00:00+03:00,6.0
26,medium,block_00_06,2026-07-14 00:00:00+03:00,2026-07-14 06:00:00+03:00,6.0
26,medium,block_06_12,2026-07-14 06:00:00+03:00,2026-07-14 12:00:00+03:00,6.0
26,medium,block_12_18,2026-07-14 12:00:00+03:00,2026-07-14 18:00:00+03:00,6.0
26,medium,block_18_24,2026-07-14 18:00:00+03:00,2026-07-15 00:00:00+03:00,6.0
26,medium,block_00_06,2026-07-15 00:00:00+03:00,2026-07-15 06:00:00+03:00,6.0
26,medium,block_06_12,2026-07-15 06:00:00+03:00,2026-07-15 12:00:00+03:00,6.0
26,medium,block_12_18,2026-07-15 12:00:00+03:00,2026-07-15 18:00:00+03:00,6.0
26,medium,block_18_24,2026-07-15 18:00:00+03:00,2026-07-16 00:00:00+03:00,6.0
26,medium,block_00_06,2026-07-16 00:00:00+03:00,2026-07-16 06:00:00+03:00,6.0
26,medium,block_06_12,2026-07-16 06:00:00+03:00,2026-07-16 12:00:00+03:00,6.0
26,medium,block_12_18,2026-07-16 12:00:00+03:00,2026-07-16 18:00:00+03:00,6.0
26,medium,block_18_24,2026-07-16 18:00:00+03:00,2026-07-17 00:00:00+03:00,6.0
26,medium,block_00_06,2026-07-17 00:00:00+03:00,2026-07-17 06:00:00+03:00,6.0
26,medium,block_06_12,2026-07-17 06:00:00+03:00,2026-07-17 12:00:00+03:00,6.0
26,medium,block_12_18,2026-07-17 12:00:00+03:00,2026-07-17 18:00:00+03:00,6.0
26,medium,block_18_24,2026-07-17 18:00:00+03:00,2026-07-18 00:00:00+03:00,6.0
26,medium,block_00_06,2026-07-18 00:00:00+03:00,2026-07-18 06:00:00+03:00,6.0
26,medium,block_06_12,2026-07-18 06:00:00+03:00,2026-07-18 12:00:00+03:00,6.0
26,medium,block_12_18,2026-07-18 12:00:00+03:00,2026-07-18 18:00:00+03:00,6.0
26,medium,block_18_24,2026-07-18 18:00:00+03:00,2026-07-19 00:00:00+03:00,6.0
26,medium,block_00_06,2026-07-19 00:00:00+03:00,2026-07-19 06:00:00+03:00,6.0
26,medium,block_06_12,2026-07-19 06:00:00+03:00,2026-07-19 12:00:00+03:00,6.0
26,medium,block_12_18,2026-07-19 12:00:00+03:00,2026-07-19 18:00:00+03:00,6.0
26,medium,block_18_24,2026-07-19 18:00:00+03:00,2026-07-20 00:00:00+03:00,6.0
27,medium,block_00_06,2026-07-06 00:00:00+03:00,2026-07-06 06:00:00+03:00,6.0
27,medium,block_06_12,2026-07-06 06:00:00+03:00,2026-07-06 12:00:00+03:00,6.0
27,medium,block_12_18,2026-07-06 12:00:00+03:00,2026-07-06 18:00:00+03:00,6.0
27,medium,block_18_24,2026-07-06 18:00:00+03:00,2026-07-07 00:00:00+03:00,6.0
27,medium,block_00_06,2026-07-07 00:00:00+03:00,2026-07-07 06:00:00+03:00,6.0
27,medium,block_06_12,2026-07-07 06:00:00+03:00,2026-07-07 12:00:00+03:00,6.0
27,medium,block_12_18,2026-07-07 12:00:00+03:00,2026-07-07 18:00:00+03:00,6.0
27,medium,block_18_24,2026-07-07 18:00:00+03:00,2026-07-08 00:00:00+03:00,6.0
27,medium,block_00_06,2026-07-08 00:00:00+03:00,2026-07-08 06:00:00+03:00,6.0
27,medium,block_06_12,2026-07-08 06:00:00+03:00,2026-07-08 12:00:00+03:00,6.0
27,medium,block_12_18,2026-07-08 12:00:00+03:00,2026-07-08 18:00:00+03:00,6.0
27,medium,block_18_24,2026-07-08 18:00:00+03:00,2026-07-09 00:00:00+03:00,6.0
27,medium,block_00_06,2026-07-09 00:00:00+03:00,2026-07-09 06:00:00+03:00,6.0
27,medium,block_06_12,2026-07-09 06:00:00+03:00,2026-07-09 12:00:00+03:00,6.0
27,medium,block_12_18,2026-07-09 12:00:00+03:00,2026-07-09 18:00:00+03:00,6.0
27,medium,block_18_24,2026-07-09 18:00:00+03:00,2026-07-10 00:00:00+03:00,6.0
27,medium,block_00_06,2026-07-10 00:00:00+03:00,2026-07-10 06:00:00+03:00,6.0
27,medium,block_06_12,2026-07-10 06:00:00+03:00,2026-07-10 12:00:00+03:00,6.0
27,medium,block_12_18,2026-07-10 12:00:00+03:00,2026-07-10 18:00:00+03:00,6.0
27,medium,block_18_24,2026-07-10 18:00:00+03:00,2026-07-11 00:00:00+03:00,6.0
27,medium,block_00_06,2026-07-11 00:00:00+03:00,2026-07-11 06:00:00+03:00,6.0
27,medium,block_06_12,2026-07-11 06:00:00+03:00,2026-07-11 12:00:00+03:00,6.0
27,medium,block_12_18,2026-07-11 12:00:00+03:00,2026-07-11 18:00:00+03:00,6.0
27,medium,block_18_24,2026-07-11 18:00:00+03:00,2026-07-12 00:00:00+03:00,6.0
27,medium,block_00_06,2026-07-12 00:00:00+03:00,2026-07-12 06:00:00+03:00,6.0
27,medium,block_06_12,2026-07-12 06:00:00+03:00,2026-07-12 12:00:00+03:00,6.0
27,medium,block_12_18,2026-07-12 12:00:00+03:00,2026-07-12 18:00:00+03:00,6.0
27,medium,block_18_24,2026-07-12 18:00:00+03:00,2026-07-13 00:00:00+03:00,6.0
27,medium,block_00_06,2026-07-13 00:00:00+03:00,2026-07-13 06:00:00+03:00,6.0
27,medium,block_06_12,2026-07-13 06:00:00+03:00,2026-07-13 12:00:00+03:00,6.0
27,medium,block_12_18,2026-07-13 12:00:00+03:00,2026-07-13 18:00:00+03:00,6.0
27,medium,block_18_24,2026-07-13 18:00:00+03:00,2026-07-14 00:00:00+03:00,6.0
27,medium,block_00_06,2026-07-14 00:00:00+03:00,2026-07-14 06:00:00+03:00,6.0
27,medium,block_06_12,2026-07-14 06:00:00+03:00,2026-07-14 12:00:00+03:00,6.0
27,medium,block_12_18,2026-07-14 12:00:00+03:00,2026-07-14 18:00:00+03:00,6.0
27,medium,block_18_24,2026-07-14 18:00:00+03:00,2026-07-15 00:00:00+03:00,6.0
27,medium,block_00_06,2026-07-15 00:00:00+03:00,2026-07-15 06:00:00+03:00,6.0
27,medium,block_06_12,2026-07-15 06:00:00+03:00,2026-07-15 12:00:00+03:00,6.0
27,medium,block_12_18,2026-07-15 12:00:00+03:00,2026-07-15 18:00:00+03:00,6.0
27,medium,block_18_24,2026-07-15 18:00:00+03:00,2026-07-16 00:00:00+03:00,6.0
27,medium,block_00_06,2026-07-16 00:00:00+03:00,2026-07-16 06:00:00+03:00,6.0
27,medium,block_06_12,2026-07-16 06:00:00+03:00,2026-07-16 12:00:00+03:00,6.0
27,medium,block_12_18,2026-07-16 12:00:00+03:00,2026-07-16 18:00:00+03:00,6.0
27,medium,block_18_24,2026-07-16 18:00:00+03:00,2026-07-17 00:00:00+03:00,6.0
27,medium,block_00_06,2026-07-17 00:00:00+03:00,2026-07-17 06:00:00+03:00,6.0
27,medium,block_06_12,2026-07-17 06:00:00+03:00,2026-07-17 12:00:00+03:00,6.0
27,medium,block_12_18,2026-07-17 12:00:00+03:00,2026-07-17 18:00:00+03:00,6.0
27,medium,block_18_24,2026-07-17 18:00:00+03:00,2026-07-18 00:00:00+03:00,6.0
27,medium,block_00_06,2026-07-18 00:00:00+03:00,2026-07-18 06:00:00+03:00,6.0
27,medium,block_06_12,2026-07-18 06:00:00+03:00,2026-07-18 12:00:00+03:00,6.0
27,medium,block_12_18,2026-07-18 12:00:00+03:00,2026-07-18 18:00:00+03:00,6.0
27,medium,block_18_24,2026-07-18 18:00:00+03:00,2026-07-19 00:00:00+03:00,6.0
27,medium,block_00_06,2026-07-19 00:00:00+03:00,2026-07-19 06:00:00+03:00,6.0
27,medium,block_06_12,2026-07-19 06:00:00+03:00,2026-07-19 12:00:00+03:00,6.0
27,medium,block_12_18,2026-07-19 12:00:00+03:00,2026-07-19 18:00:00+03:00,6.0
27,medium,block_18_24,2026-07-19 18:00:00+03:00,2026-07-20 00:00:00+03:00,6.0
28,medium,block_00_06,2026-07-06 00:00:00+03:00,2026-07-06 06:00:00+03:00,6.0
28,medium,block_06_12,2026-07-06 06:00:00+03:00,2026-07-06 12:00:00+03:00,6.0
28,medium,block_12_18,2026-07-06 12:00:00+03:00,2026-07-06 18:00:00+03:00,6.0
28,medium,block_18_24,2026-07-06 18:00:00+03:00,2026-07-07 00:00:00+03:00,6.0
28,medium,block_00_06,2026-07-07 00:00:00+03:00,2026-07-07 06:00:00+03:00,6.0
28,medium,block_06_12,2026-07-07 06:00:00+03:00,2026-07-07 12:00:00+03:00,6.0
28,medium,block_12_18,2026-07-07 12:00:00+03:00,2026-07-07 18:00:00+03:00,6.0
28,medium,block_18_24,2026-07-07 18:00:00+03:00,2026-07-08 00:00:00+03:00,6.0
28,medium,block_00_06,2026-07-08 00:00:00+03:00,2026-07-08 06:00:00+03:00,6.0
28,medium,block_06_12,2026-07-08 06:00:00+03:00,2026-07-08 12:00:00+03:00,6.0
28,medium,block_12_18,2026-07-08 12:00:00+03:00,2026-07-08 18:00:00+03:00,6.0
28,medium,block_18_24,2026-07-08 18:00:00+03:00,2026-07-09 00:00:00+03:00,6.0
28,medium,block_00_06,2026-07-09 00:00:00+03:00,2026-07-09 06:00:00+03:00,6.0
28,medium,block_06_12,2026-07-09 06:00:00+03:00,2026-07-09 12:00:00+03:00,6.0
28,medium,block_12_18,2026-07-09 12:00:00+03:00,2026-07-09 18:00:00+03:00,6.0
28,medium,block_18_24,2026-07-09 18:00:00+03:00,2026-07-10 00:00:00+03:00,6.0
28,medium,block_00_06,2026-07-10 00:00:00+03:00,2026-07-10 06:00:00+03:00,6.0
28,medium,block_06_12,2026-07-10 06:00:00+03:00,2026-07-10 12:00:00+03:00,6.0
28,medium,block_12_18,2026-07-10 12:00:00+03:00,2026-07-10 18:00:00+03:00,6.0
28,medium,block_18_24,2026-07-10 18:00:00+03:00,2026-07-11 00:00:00+03:00,6.0
28,medium,block_00_06,2026-07-11 00:00:00+03:00,2026-07-11 06:00:00+03:00,6.0
28,medium,block_06_12,2026-07-11 06:00:00+03:00,2026-07-11 12:00:00+03:00,6.0
28,medium,block_12_18,2026-07-11 12:00:00+03:00,2026-07-11 18:00:00+03:00,6.0
28,medium,block_18_24,2026-07-11 18:00:00+03:00,2026-07-12 00:00:00+03:00,6.0
28,medium,block_00_06,2026-07-12 00:00:00+03:00,2026-07-12 06:00:00+03:00,6.0
28,medium,block_06_12,2026-07-12 06:00:00+03:00,2026-07-12 12:00:00+03:00,6.0
28,medium,block_12_18,2026-07-12 12:00:00+03:00,2026-07-12 18:00:00+03:00,6.0
28,medium,block_18_24,2026-07-12 18:00:00+03:00,2026-07-13 00:00:00+03:00,6.0
28,medium,block_00_06,2026-07-13 00:00:00+03:00,2026-07-13 06:00:00+03:00,6.0
28,medium,block_06_12,2026-07-13 06:00:00+03:00,2026-07-13 12:00:00+03:00,6.0
28,medium,block_12_18,2026-07-13 12:00:00+03:00,2026-07-13 18:00:00+03:00,6.0
28,medium,block_18_24,2026-07-13 18:00:00+03:00,2026-07-14 00:00:00+03:00,6.0
28,medium,block_00_06,2026-07-14 00:00:00+03:00,2026-07-14 06:00:00+03:00,6.0
28,medium,block_06_12,2026-07-14 06:00:00+03:00,2026-07-14 12:00:00+03:00,6.0
28,medium,block_12_18,2026-07-14 12:00:00+03:00,2026-07-14 18:00:00+03:00,6.0
28,medium,block_18_24,2026-07-14 18:00:00+03:00,2026-07-15 00:00:00+03:00,6.0
28,medium,block_00_06,2026-07-15 00:00:00+03:00,2026-07-15 06:00:00+03:00,6.0
28,medium,block_06_12,2026-07-15 06:00:00+03:00,2026-07-15 12:00:00+03:00,6.0
28,medium,block_12_18,2026-07-15 12:00:00+03:00,2026-07-15 18:00:00+03:00,6.0
28,medium,block_18_24,2026-07-15 18:00:00+03:00,2026-07-16 00:00:00+03:00,6.0
28,medium,block_00_06,2026-07-16 00:00:00+03:00,2026-07-16 06:00:00+03:00,6.0
28,medium,block_06_12,2026-07-16 06:00:00+03:00,2026-07-16 12:00:00+03:00,6.0
28,medium,block_12_18,2026-07-16 12:00:00+03:00,2026-07-16 18:00:00+03:00,6.0
28,medium,block_18_24,2026-07-16 18:00:00+03:00,2026-07-17 00:00:00+03:00,6.0
28,medium,block_00_06,2026-07-17 00:00:00+03:00,2026-07-17 06:00:00+03:00,6.0
28,medium,block_06_12,2026-07-17 06:00:00+03:00,2026-07-17 12:00:00+03:00,6.0
28,medium,block_12_18,2026-07-17 12:00:00+03:00,2026-07-17 18:00:00+03:00,6.0
28,medium,block_18_24,2026-07-17 18:00:00+03:00,2026-07-18 00:00:00+03:00,6.0
28,medium,block_00_06,2026-07-18 00:00:00+03:00,2026-07-18 06:00:00+03:00,6.0
28,medium,block_06_12,2026-07-18 06:00:00+03:00,2026-07-18 12:00:00+03:00,6.0
28,medium,block_12_18,2026-07-18 12:00:00+03:00,2026-07-18 18:00:00+03:00,6.0
28,medium,block_18_24,2026-07-18 18:00:00+03:00,2026-07-19 00:00:00+03:00,6.0
28,medium,block_00_06,2026-07-19 00:00:00+03:00,2026-07-19 06:00:00+03:00,6.0
28,medium,block_06_12,2026-07-19 06:00:00+03:00,2026-07-19 12:00:00+03:00,6.0
28,medium,block_12_18,2026-07-19 12:00:00+03:00,2026-07-19 18:00:00+03:00,6.0
28,medium,block_18_24,2026-07-19 18:00:00+03:00,2026-07-20 00:00:00+03:00,6.0
337,low,block_00_06,2026-07-06 00:00:00+03:00,2026-07-06 06:00:00+03:00,6.0
337,low,block_06_12,2026-07-06 06:00:00+03:00,2026-07-06 12:00:00+03:00,6.0
337,low,block_12_18,2026-07-06 12:00:00+03:00,2026-07-06 18:00:00+03:00,6.0
337,low,block_18_24,2026-07-06 18:00:00+03:00,2026-07-07 00:00:00+03:00,6.0
337,low,block_00_06,2026-07-07 00:00:00+03:00,2026-07-07 06:00:00+03:00,6.0
337,low,block_06_12,2026-07-07 06:00:00+03:00,2026-07-07 12:00:00+03:00,6.0
337,low,block_12_18,2026-07-07 12:00:00+03:00,2026-07-07 18:00:00+03:00,6.0
337,low,block_18_24,2026-07-07 18:00:00+03:00,2026-07-08 00:00:00+03:00,6.0
337,low,block_00_06,2026-07-08 00:00:00+03:00,2026-07-08 06:00:00+03:00,6.0
337,low,block_06_12,2026-07-08 06:00:00+03:00,2026-07-08 12:00:00+03:00,6.0
337,low,block_12_18,2026-07-08 12:00:00+03:00,2026-07-08 18:00:00+03:00,6.0
337,low,block_18_24,2026-07-08 18:00:00+03:00,2026-07-09 00:00:00+03:00,6.0
337,low,block_00_06,2026-07-09 00:00:00+03:00,2026-07-09 06:00:00+03:00,6.0
337,low,block_06_12,2026-07-09 06:00:00+03:00,2026-07-09 12:00:00+03:00,6.0
337,low,block_12_18,2026-07-09 12:00:00+03:00,2026-07-09 18:00:00+03:00,6.0
337,low,block_18_24,2026-07-09 18:00:00+03:00,2026-07-10 00:00:00+03:00,6.0
337,low,block_00_06,2026-07-10 00:00:00+03:00,2026-07-10 06:00:00+03:00,6.0
337,low,block_06_12,2026-07-10 06:00:00+03:00,2026-07-10 12:00:00+03:00,6.0
337,low,block_12_18,2026-07-10 12:00:00+03:00,2026-07-10 18:00:00+03:00,6.0
337,low,block_18_24,2026-07-10 18:00:00+03:00,2026-07-11 00:00:00+03:00,6.0
337,low,block_00_06,2026-07-11 00:00:00+03:00,2026-07-11 06:00:00+03:00,6.0
337,low,block_06_12,2026-07-11 06:00:00+03:00,2026-07-11 12:00:00+03:00,6.0
337,low,block_12_18,2026-07-11 12:00:00+03:00,2026-07-11 18:00:00+03:00,6.0
337,low,block_18_24,2026-07-11 18:00:00+03:00,2026-07-12 00:00:00+03:00,6.0
337,low,block_00_06,2026-07-12 00:00:00+03:00,2026-07-12 06:00:00+03:00,6.0
337,low,block_06_12,2026-07-12 06:00:00+03:00,2026-07-12 12:00:00+03:00,6.0
337,low,block_12_18,2026-07-12 12:00:00+03:00,2026-07-12 18:00:00+03:00,6.0
337,low,block_18_24,2026-07-12 18:00:00+03:00,2026-07-13 00:00:00+03:00,6.0
337,low,block_00_06,2026-07-13 00:00:00+03:00,2026-07-13 06:00:00+03:00,6.0
337,low,block_06_12,2026-07-13 06:00:00+03:00,2026-07-13 12:00:00+03:00,6.0
337,low,block_12_18,2026-07-13 12:00:00+03:00,2026-07-13 18:00:00+03:00,6.0
337,low,block_18_24,2026-07-13 18:00:00+03:00,2026-07-14 00:00:00+03:00,6.0
337,low,block_00_06,2026-07-14 00:00:00+03:00,2026-07-14 06:00:00+03:00,6.0
337,low,block_06_12,2026-07-14 06:00:00+03:00,2026-07-14 12:00:00+03:00,6.0
337,low,block_12_18,2026-07-14 12:00:00+03:00,2026-07-14 18:00:00+03:00,6.0
337,low,block_18_24,2026-07-14 18:00:00+03:00,2026-07-15 00:00:00+03:00,6.0
337,low,block_00_06,2026-07-15 00:00:00+03:00,2026-07-15 06:00:00+03:00,6.0
337,low,block_06_12,2026-07-15 06:00:00+03:00,2026-07-15 12:00:00+03:00,6.0
337,low,block_12_18,2026-07-15 12:00:00+03:00,2026-07-15 18:00:00+03:00,6.0
337,low,block_18_24,2026-07-15 18:00:00+03:00,2026-07-16 00:00:00+03:00,6.0
337,low,block_00_06,2026-07-16 00:00:00+03:00,2026-07-16 06:00:00+03:00,6.0
337,low,block_06_12,2026-07-16 06:00:00+03:00,2026-07-16 12:00:00+03:00,6.0
337,low,block_12_18,2026-07-16 12:00:00+03:00,2026-07-16 18:00:00+03:00,6.0
337,low,block_18_24,2026-07-16 18:00:00+03:00,2026-07-17 00:00:00+03:00,6.0
337,low,block_00_06,2026-07-17 00:00:00+03:00,2026-07-17 06:00:00+03:00,6.0
337,low,block_06_12,2026-07-17 06:00:00+03:00,2026-07-17 12:00:00+03:00,6.0
337,low,block_12_18,2026-07-17 12:00:00+03:00,2026-07-17 18:00:00+03:00,6.0
337,low,block_18_24,2026-07-17 18:00:00+03:00,2026-07-18 00:00:00+03:00,6.0
337,low,block_00_06,2026-07-18 00:00:00+03:00,2026-07-18 06:00:00+03:00,6.0
337,low,block_06_12,2026-07-18 06:00:00+03:00,2026-07-18 12:00:00+03:00,6.0
337,low,block_12_18,2026-07-18 12:00:00+03:00,2026-07-18 18:00:00+03:00,6.0
337,low,block_18_24,2026-07-18 18:00:00+03:00,2026-07-19 00:00:00+03:00,6.0
337,low,block_00_06,2026-07-19 00:00:00+03:00,2026-07-19 06:00:00+03:00,6.0
337,low,block_06_12,2026-07-19 06:00:00+03:00,2026-07-19 12:00:00+03:00,6.0
337,low,block_12_18,2026-07-19 12:00:00+03:00,2026-07-19 18:00:00+03:00,6.0
337,low,block_18_24,2026-07-19 18:00:00+03:00,2026-07-20 00:00:00+03:00,6.0
338,low,block_00_06,2026-07-06 00:00:00+03:00,2026-07-06 06:00:00+03:00,6.0
338,low,block_06_12,2026-07-06 06:00:00+03:00,2026-07-06 12:00:00+03:00,6.0
338,low,block_12_18,2026-07-06 12:00:00+03:00,2026-07-06 18:00:00+03:00,6.0
338,low,block_18_24,2026-07-06 18:00:00+03:00,2026-07-07 00:00:00+03:00,6.0
338,low,block_00_06,2026-07-07 00:00:00+03:00,2026-07-07 06:00:00+03:00,6.0
338,low,block_06_12,2026-07-07 06:00:00+03:00,2026-07-07 12:00:00+03:00,6.0
338,low,block_12_18,2026-07-07 12:00:00+03:00,2026-07-07 18:00:00+03:00,6.0
338,low,block_18_24,2026-07-07 18:00:00+03:00,2026-07-08 00:00:00+03:00,6.0
338,low,block_00_06,2026-07-08 00:00:00+03:00,2026-07-08 06:00:00+03:00,6.0
338,low,block_06_12,2026-07-08 06:00:00+03:00,2026-07-08 12:00:00+03:00,6.0
338,low,block_12_18,2026-07-08 12:00:00+03:00,2026-07-08 18:00:00+03:00,6.0
338,low,block_18_24,2026-07-08 18:00:00+03:00,2026-07-09 00:00:00+03:00,6.0
338,low,block_00_06,2026-07-09 00:00:00+03:00,2026-07-09 06:00:00+03:00,6.0
338,low,block_06_12,2026-07-09 06:00:00+03:00,2026-07-09 12:00:00+03:00,6.0
338,low,block_12_18,2026-07-09 12:00:00+03:00,2026-07-09 18:00:00+03:00,6.0
338,low,block_18_24,2026-07-09 18:00:00+03:00,2026-07-10 00:00:00+03:00,6.0
338,low,block_00_06,2026-07-10 00:00:00+03:00,2026-07-10 06:00:00+03:00,6.0
338,low,block_06_12,2026-07-10 06:00:00+03:00,2026-07-10 12:00:00+03:00,6.0
338,low,block_12_18,2026-07-10 12:00:00+03:00,2026-07-10 18:00:00+03:00,6.0
338,low,block_18_24,2026-07-10 18:00:00+03:00,2026-07-11 00:00:00+03:00,6.0
338,low,block_00_06,2026-07-11 00:00:00+03:00,2026-07-11 06:00:00+03:00,6.0
338,low,block_06_12,2026-07-11 06:00:00+03:00,2026-07-11 12:00:00+03:00,6.0
338,low,block_12_18,2026-07-11 12:00:00+03:00,2026-07-11 18:00:00+03:00,6.0
338,low,block_18_24,2026-07-11 18:00:00+03:00,2026-07-12 00:00:00+03:00,6.0
338,low,block_00_06,2026-07-12 00:00:00+03:00,2026-07-12 06:00:00+03:00,6.0
338,low,block_06_12,2026-07-12 06:00:00+03:00,2026-07-12 12:00:00+03:00,6.0
338,low,block_12_18,2026-07-12 12:00:00+03:00,2026-07-12 18:00:00+03:00,6.0
338,low,block_18_24,2026-07-12 18:00:00+03:00,2026-07-13 00:00:00+03:00,6.0
338,low,block_00_06,2026-07-13 00:00:00+03:00,2026-07-13 06:00:00+03:00,6.0
338,low,block_06_12,2026-07-13 06:00:00+03:00,2026-07-13 12:00:00+03:00,6.0
338,low,block_12_18,2026-07-13 12:00:00+03:00,2026-07-13 18:00:00+03:00,6.0
338,low,block_18_24,2026-07-13 18:00:00+03:00,2026-07-14 00:00:00+03:00,6.0
338,low,block_00_06,2026-07-14 00:00:00+03:00,2026-07-14 06:00:00+03:00,6.0
338,low,block_06_12,2026-07-14 06:00:00+03:00,2026-07-14 12:00:00+03:00,6.0
338,low,block_12_18,2026-07-14 12:00:00+03:00,2026-07-14 18:00:00+03:00,6.0
338,low,block_18_24,2026-07-14 18:00:00+03:00,2026-07-15 00:00:00+03:00,6.0
338,low,block_00_06,2026-07-15 00:00:00+03:00,2026-07-15 06:00:00+03:00,6.0
338,low,block_06_12,2026-07-15 06:00:00+03:00,2026-07-15 12:00:00+03:00,6.0
338,low,block_12_18,2026-07-15 12:00:00+03:00,2026-07-15 18:00:00+03:00,6.0
338,low,block_18_24,2026-07-15 18:00:00+03:00,2026-07-16 00:00:00+03:00,6.0
338,low,block_00_06,2026-07-16 00:00:00+03:00,2026-07-16 06:00:00+03:00,6.0
338,low,block_06_12,2026-07-16 06:00:00+03:00,2026-07-16 12:00:00+03:00,6.0
338,low,block_12_18,2026-07-16 12:00:00+03:00,2026-07-16 18:00:00+03:00,6.0
338,low,block_18_24,2026-07-16 18:00:00+03:00,2026-07-17 00:00:00+03:00,6.0
338,low,block_00_06,2026-07-17 00:00:00+03:00,2026-07-17 06:00:00+03:00,6.0
338,low,block_06_12,2026-07-17 06:00:00+03:00,2026-07-17 12:00:00+03:00,6.0
338,low,block_12_18,2026-07-17 12:00:00+03:00,2026-07-17 18:00:00+03:00,6.0
338,low,block_18_24,2026-07-17 18:00:00+03:00,2026-07-18 00:00:00+03:00,6.0
338,low,block_00_06,2026-07-18 00:00:00+03:00,2026-07-18 06:00:00+03:00,6.0
338,low,block_06_12,2026-07-18 06:00:00+03:00,2026-07-18 12:00:00+03:00,6.0
338,low,block_12_18,2026-07-18 12:00:00+03:00,2026-07-18 18:00:00+03:00,6.0
338,low,block_18_24,2026-07-18 18:00:00+03:00,2026-07-19 00:00:00+03:00,6.0
338,low,block_00_06,2026-07-19 00:00:00+03:00,2026-07-19 06:00:00+03:00,6.0
338,low,block_06_12,2026-07-19 06:00:00+03:00,2026-07-19 12:00:00+03:00,6.0
338,low,block_12_18,2026-07-19 12:00:00+03:00,2026-07-19 18:00:00+03:00,6.0
338,low,block_18_24,2026-07-19 18:00:00+03:00,2026-07-20 00:00:00+03:00,6.0
339,low,block_00_06,2026-07-06 00:00:00+03:00,2026-07-06 06:00:00+03:00,6.0
339,low,block_06_12,2026-07-06 06:00:00+03:00,2026-07-06 12:00:00+03:00,6.0
339,low,block_12_18,2026-07-06 12:00:00+03:00,2026-07-06 18:00:00+03:00,6.0
339,low,block_18_24,2026-07-06 18:00:00+03:00,2026-07-07 00:00:00+03:00,6.0
339,low,block_00_06,2026-07-07 00:00:00+03:00,2026-07-07 06:00:00+03:00,6.0
339,low,block_06_12,2026-07-07 06:00:00+03:00,2026-07-07 12:00:00+03:00,6.0
339,low,block_12_18,2026-07-07 12:00:00+03:00,2026-07-07 18:00:00+03:00,6.0
339,low,block_18_24,2026-07-07 18:00:00+03:00,2026-07-08 00:00:00+03:00,6.0
339,low,block_00_06,2026-07-08 00:00:00+03:00,2026-07-08 06:00:00+03:00,6.0
339,low,block_06_12,2026-07-08 06:00:00+03:00,2026-07-08 12:00:00+03:00,6.0
339,low,block_12_18,2026-07-08 12:00:00+03:00,2026-07-08 18:00:00+03:00,6.0
339,low,block_18_24,2026-07-08 18:00:00+03:00,2026-07-09 00:00:00+03:00,6.0
339,low,block_00_06,2026-07-09 00:00:00+03:00,2026-07-09 06:00:00+03:00,6.0
339,low,block_06_12,2026-07-09 06:00:00+03:00,2026-07-09 12:00:00+03:00,6.0
339,low,block_12_18,2026-07-09 12:00:00+03:00,2026-07-09 18:00:00+03:00,6.0
339,low,block_18_24,2026-07-09 18:00:00+03:00,2026-07-10 00:00:00+03:00,6.0
339,low,block_00_06,2026-07-10 00:00:00+03:00,2026-07-10 06:00:00+03:00,6.0
339,low,block_06_12,2026-07-10 06:00:00+03:00,2026-07-10 12:00:00+03:00,6.0
339,low,block_12_18,2026-07-10 12:00:00+03:00,2026-07-10 18:00:00+03:00,6.0
339,low,block_18_24,2026-07-10 18:00:00+03:00,2026-07-11 00:00:00+03:00,6.0
339,low,block_00_06,2026-07-11 00:00:00+03:00,2026-07-11 06:00:00+03:00,6.0
339,low,block_06_12,2026-07-11 06:00:00+03:00,2026-07-11 12:00:00+03:00,6.0
339,low,block_12_18,2026-07-11 12:00:00+03:00,2026-07-11 18:00:00+03:00,6.0
339,low,block_18_24,2026-07-11 18:00:00+03:00,2026-07-12 00:00:00+03:00,6.0
339,low,block_00_06,2026-07-12 00:00:00+03:00,2026-07-12 06:00:00+03:00,6.0
339,low,block_06_12,2026-07-12 06:00:00+03:00,2026-07-12 12:00:00+03:00,6.0
339,low,block_12_18,2026-07-12 12:00:00+03:00,2026-07-12 18:00:00+03:00,6.0
339,low,block_18_24,2026-07-12 18:00:00+03:00,2026-07-13 00:00:00+03:00,6.0
339,low,block_00_06,2026-07-13 00:00:00+03:00,2026-07-13 06:00:00+03:00,6.0
339,low,block_06_12,2026-07-13 06:00:00+03:00,2026-07-13 12:00:00+03:00,6.0
339,low,block_12_18,2026-07-13 12:00:00+03:00,2026-07-13 18:00:00+03:00,6.0
339,low,block_18_24,2026-07-13 18:00:00+03:00,2026-07-14 00:00:00+03:00,6.0
339,low,block_00_06,2026-07-14 00:00:00+03:00,2026-07-14 06:00:00+03:00,6.0
339,low,block_06_12,2026-07-14 06:00:00+03:00,2026-07-14 12:00:00+03:00,6.0
339,low,block_12_18,2026-07-14 12:00:00+03:00,2026-07-14 18:00:00+03:00,6.0
339,low,block_18_24,2026-07-14 18:00:00+03:00,2026-07-15 00:00:00+03:00,6.0
339,low,block_00_06,2026-07-15 00:00:00+03:00,2026-07-15 06:00:00+03:00,6.0
339,low,block_06_12,2026-07-15 06:00:00+03:00,2026-07-15 12:00:00+03:00,6.0
339,low,block_12_18,2026-07-15 12:00:00+03:00,2026-07-15 18:00:00+03:00,6.0
339,low,block_18_24,2026-07-15 18:00:00+03:00,2026-07-16 00:00:00+03:00,6.0
339,low,block_00_06,2026-07-16 00:00:00+03:00,2026-07-16 06:00:00+03:00,6.0
339,low,block_06_12,2026-07-16 06:00:00+03:00,2026-07-16 12:00:00+03:00,6.0
339,low,block_12_18,2026-07-16 12:00:00+03:00,2026-07-16 18:00:00+03:00,6.0
339,low,block_18_24,2026-07-16 18:00:00+03:00,2026-07-17 00:00:00+03:00,6.0
339,low,block_00_06,2026-07-17 00:00:00+03:00,2026-07-17 06:00:00+03:00,6.0
339,low,block_06_12,2026-07-17 06:00:00+03:00,2026-07-17 12:00:00+03:00,6.0
339,low,block_12_18,2026-07-17 12:00:00+03:00,2026-07-17 18:00:00+03:00,6.0
339,low,block_18_24,2026-07-17 18:00:00+03:00,2026-07-18 00:00:00+03:00,6.0
339,low,block_00_06,2026-07-18 00:00:00+03:00,2026-07-18 06:00:00+03:00,6.0
339,low,block_06_12,2026-07-18 06:00:00+03:00,2026-07-18 12:00:00+03:00,6.0
339,low,block_12_18,2026-07-18 12:00:00+03:00,2026-07-18 18:00:00+03:00,6.0
339,low,block_18_24,2026-07-18 18:00:00+03:00,2026-07-19 00:00:00+03:00,6.0
339,low,block_00_06,2026-07-19 00:00:00+03:00,2026-07-19 06:00:00+03:00,6.0
339,low,block_06_12,2026-07-19 06:00:00+03:00,2026-07-19 12:00:00+03:00,6.0
339,low,block_12_18,2026-07-19 12:00:00+03:00,2026-07-19 18:00:00+03:00,6.0
339,low,block_18_24,2026-07-19 18:00:00+03:00,2026-07-20 00:00:00+03:00,6.0
34,medium,block_00_06,2026-07-06 00:00:00+03:00,2026-07-06 06:00:00+03:00,6.0
34,medium,block_06_12,2026-07-06 06:00:00+03:00,2026-07-06 12:00:00+03:00,6.0
34,medium,block_12_18,2026-07-06 12:00:00+03:00,2026-07-06 18:00:00+03:00,6.0
34,medium,block_18_24,2026-07-06 18:00:00+03:00,2026-07-07 00:00:00+03:00,6.0
34,medium,block_00_06,2026-07-07 00:00:00+03:00,2026-07-07 06:00:00+03:00,6.0
34,medium,block_06_12,2026-07-07 06:00:00+03:00,2026-07-07 12:00:00+03:00,6.0
34,medium,block_12_18,2026-07-07 12:00:00+03:00,2026-07-07 18:00:00+03:00,6.0
34,medium,block_18_24,2026-07-07 18:00:00+03:00,2026-07-08 00:00:00+03:00,6.0
34,medium,block_00_06,2026-07-08 00:00:00+03:00,2026-07-08 06:00:00+03:00,6.0
34,medium,block_06_12,2026-07-08 06:00:00+03:00,2026-07-08 12:00:00+03:00,6.0
34,medium,block_12_18,2026-07-08 12:00:00+03:00,2026-07-08 18:00:00+03:00,6.0
34,medium,block_18_24,2026-07-08 18:00:00+03:00,2026-07-09 00:00:00+03:00,6.0
34,medium,block_00_06,2026-07-09 00:00:00+03:00,2026-07-09 06:00:00+03:00,6.0
34,medium,block_06_12,2026-07-09 06:00:00+03:00,2026-07-09 12:00:00+03:00,6.0
34,medium,block_12_18,2026-07-09 12:00:00+03:00,2026-07-09 18:00:00+03:00,6.0
34,medium,block_18_24,2026-07-09 18:00:00+03:00,2026-07-10 00:00:00+03:00,6.0
34,medium,block_00_06,2026-07-10 00:00:00+03:00,2026-07-10 06:00:00+03:00,6.0
34,medium,block_06_12,2026-07-10 06:00:00+03:00,2026-07-10 12:00:00+03:00,6.0
34,medium,block_12_18,2026-07-10 12:00:00+03:00,2026-07-10 18:00:00+03:00,6.0
34,medium,block_18_24,2026-07-10 18:00:00+03:00,2026-07-11 00:00:00+03:00,6.0
34,medium,block_00_06,2026-07-11 00:00:00+03:00,2026-07-11 06:00:00+03:00,6.0
34,medium,block_06_12,2026-07-11 06:00:00+03:00,2026-07-11 12:00:00+03:00,6.0
34,medium,block_12_18,2026-07-11 12:00:00+03:00,2026-07-11 18:00:00+03:00,6.0
34,medium,block_18_24,2026-07-11 18:00:00+03:00,2026-07-12 00:00:00+03:00,6.0
34,medium,block_00_06,2026-07-12 00:00:00+03:00,2026-07-12 06:00:00+03:00,6.0
34,medium,block_06_12,2026-07-12 06:00:00+03:00,2026-07-12 12:00:00+03:00,6.0
34,medium,block_12_18,2026-07-12 12:00:00+03:00,2026-07-12 18:00:00+03:00,6.0
34,medium,block_18_24,2026-07-12 18:00:00+03:00,2026-07-13 00:00:00+03:00,6.0
34,medium,block_00_06,2026-07-13 00:00:00+03:00,2026-07-13 06:00:00+03:00,6.0
34,medium,block_06_12,2026-07-13 06:00:00+03:00,2026-07-13 12:00:00+03:00,6.0
34,medium,block_12_18,2026-07-13 12:00:00+03:00,2026-07-13 18:00:00+03:00,6.0
34,medium,block_18_24,2026-07-13 18:00:00+03:00,2026-07-14 00:00:00+03:00,6.0
34,medium,block_00_06,2026-07-14 00:00:00+03:00,2026-07-14 06:00:00+03:00,6.0
34,medium,block_06_12,2026-07-14 06:00:00+03:00,2026-07-14 12:00:00+03:00,6.0
34,medium,block_12_18,2026-07-14 12:00:00+03:00,2026-07-14 18:00:00+03:00,6.0
34,medium,block_18_24,2026-07-14 18:00:00+03:00,2026-07-15 00:00:00+03:00,6.0
34,medium,block_00_06,2026-07-15 00:00:00+03:00,2026-07-15 06:00:00+03:00,6.0
34,medium,block_06_12,2026-07-15 06:00:00+03:00,2026-07-15 12:00:00+03:00,6.0
34,medium,block_12_18,2026-07-15 12:00:00+03:00,2026-07-15 18:00:00+03:00,6.0
34,medium,block_18_24,2026-07-15 18:00:00+03:00,2026-07-16 00:00:00+03:00,6.0
34,medium,block_00_06,2026-07-16 00:00:00+03:00,2026-07-16 06:00:00+03:00,6.0
34,medium,block_06_12,2026-07-16 06:00:00+03:00,2026-07-16 12:00:00+03:00,6.0
34,medium,block_12_18,2026-07-16 12:00:00+03:00,2026-07-16 18:00:00+03:00,6.0
34,medium,block_18_24,2026-07-16 18:00:00+03:00,2026-07-17 00:00:00+03:00,6.0
34,medium,block_00_06,2026-07-17 00:00:00+03:00,2026-07-17 06:00:00+03:00,6.0
34,medium,block_06_12,2026-07-17 06:00:00+03:00,2026-07-17 12:00:00+03:00,6.0
34,medium,block_12_18,2026-07-17 12:00:00+03:00,2026-07-17 18:00:00+03:00,6.0
34,medium,block_18_24,2026-07-17 18:00:00+03:00,2026-07-18 00:00:00+03:00,6.0
34,medium,block_00_06,2026-07-18 00:00:00+03:00,2026-07-18 06:00:00+03:00,6.0
34,medium,block_06_12,2026-07-18 06:00:00+03:00,2026-07-18 12:00:00+03:00,6.0
34,medium,block_12_18,2026-07-18 12:00:00+03:00,2026-07-18 18:00:00+03:00,6.0
34,medium,block_18_24,2026-07-18 18:00:00+03:00,2026-07-19 00:00:00+03:00,6.0
34,medium,block_00_06,2026-07-19 00:00:00+03:00,2026-07-19 06:00:00+03:00,6.0
34,medium,block_06_12,2026-07-19 06:00:00+03:00,2026-07-19 12:00:00+03:00,6.0
34,medium,block_12_18,2026-07-19 12:00:00+03:00,2026-07-19 18:00:00+03:00,6.0
34,medium,block_18_24,2026-07-19 18:00:00+03:00,2026-07-20 00:00:00+03:00,6.0
344,low,block_00_06,2026-07-06 00:00:00+03:00,2026-07-06 06:00:00+03:00,6.0
344,low,block_06_12,2026-07-06 06:00:00+03:00,2026-07-06 12:00:00+03:00,6.0
344,low,block_12_18,2026-07-06 12:00:00+03:00,2026-07-06 18:00:00+03:00,6.0
344,low,block_18_24,2026-07-06 18:00:00+03:00,2026-07-07 00:00:00+03:00,6.0
344,low,block_00_06,2026-07-07 00:00:00+03:00,2026-07-07 06:00:00+03:00,6.0
344,low,block_06_12,2026-07-07 06:00:00+03:00,2026-07-07 12:00:00+03:00,6.0
344,low,block_12_18,2026-07-07 12:00:00+03:00,2026-07-07 18:00:00+03:00,6.0
344,low,block_18_24,2026-07-07 18:00:00+03:00,2026-07-08 00:00:00+03:00,6.0
344,low,block_00_06,2026-07-08 00:00:00+03:00,2026-07-08 06:00:00+03:00,6.0
344,low,block_06_12,2026-07-08 06:00:00+03:00,2026-07-08 12:00:00+03:00,6.0
344,low,block_12_18,2026-07-08 12:00:00+03:00,2026-07-08 18:00:00+03:00,6.0
344,low,block_18_24,2026-07-08 18:00:00+03:00,2026-07-09 00:00:00+03:00,6.0
344,low,block_00_06,2026-07-09 00:00:00+03:00,2026-07-09 06:00:00+03:00,6.0
344,low,block_06_12,2026-07-09 06:00:00+03:00,2026-07-09 12:00:00+03:00,6.0
344,low,block_12_18,2026-07-09 12:00:00+03:00,2026-07-09 18:00:00+03:00,6.0
344,low,block_18_24,2026-07-09 18:00:00+03:00,2026-07-10 00:00:00+03:00,6.0
344,low,block_00_06,2026-07-10 00:00:00+03:00,2026-07-10 06:00:00+03:00,6.0
344,low,block_06_12,2026-07-10 06:00:00+03:00,2026-07-10 12:00:00+03:00,6.0
344,low,block_12_18,2026-07-10 12:00:00+03:00,2026-07-10 18:00:00+03:00,6.0
344,low,block_18_24,2026-07-10 18:00:00+03:00,2026-07-11 00:00:00+03:00,6.0
344,low,block_00_06,2026-07-11 00:00:00+03:00,2026-07-11 06:00:00+03:00,6.0
344,low,block_06_12,2026-07-11 06:00:00+03:00,2026-07-11 12:00:00+03:00,6.0
344,low,block_12_18,2026-07-11 12:00:00+03:00,2026-07-11 18:00:00+03:00,6.0
344,low,block_18_24,2026-07-11 18:00:00+03:00,2026-07-12 00:00:00+03:00,6.0
344,low,block_00_06,2026-07-12 00:00:00+03:00,2026-07-12 06:00:00+03:00,6.0
344,low,block_06_12,2026-07-12 06:00:00+03:00,2026-07-12 12:00:00+03:00,6.0
344,low,block_12_18,2026-07-12 12:00:00+03:00,2026-07-12 18:00:00+03:00,6.0
344,low,block_18_24,2026-07-12 18:00:00+03:00,2026-07-13 00:00:00+03:00,6.0
344,low,block_00_06,2026-07-13 00:00:00+03:00,2026-07-13 06:00:00+03:00,6.0
344,low,block_06_12,2026-07-13 06:00:00+03:00,2026-07-13 12:00:00+03:00,6.0
344,low,block_12_18,2026-07-13 12:00:00+03:00,2026-07-13 18:00:00+03:00,6.0
344,low,block_18_24,2026-07-13 18:00:00+03:00,2026-07-14 00:00:00+03:00,6.0
344,low,block_00_06,2026-07-14 00:00:00+03:00,2026-07-14 06:00:00+03:00,6.0
344,low,block_06_12,2026-07-14 06:00:00+03:00,2026-07-14 12:00:00+03:00,6.0
344,low,block_12_18,2026-07-14 12:00:00+03:00,2026-07-14 18:00:00+03:00,6.0
344,low,block_18_24,2026-07-14 18:00:00+03:00,2026-07-15 00:00:00+03:00,6.0
344,low,block_00_06,2026-07-15 00:00:00+03:00,2026-07-15 06:00:00+03:00,6.0
344,low,block_06_12,2026-07-15 06:00:00+03:00,2026-07-15 12:00:00+03:00,6.0
344,low,block_12_18,2026-07-15 12:00:00+03:00,2026-07-15 18:00:00+03:00,6.0
344,low,block_18_24,2026-07-15 18:00:00+03:00,2026-07-16 00:00:00+03:00,6.0
344,low,block_00_06,2026-07-16 00:00:00+03:00,2026-07-16 06:00:00+03:00,6.0
344,low,block_06_12,2026-07-16 06:00:00+03:00,2026-07-16 12:00:00+03:00,6.0
344,low,block_12_18,2026-07-16 12:00:00+03:00,2026-07-16 18:00:00+03:00,6.0
344,low,block_18_24,2026-07-16 18:00:00+03:00,2026-07-17 00:00:00+03:00,6.0
344,low,block_00_06,2026-07-17 00:00:00+03:00,2026-07-17 06:00:00+03:00,6.0
344,low,block_06_12,2026-07-17 06:00:00+03:00,2026-07-17 12:00:00+03:00,6.0
344,low,block_12_18,2026-07-17 12:00:00+03:00,2026-07-17 18:00:00+03:00,6.0
344,low,block_18_24,2026-07-17 18:00:00+03:00,2026-07-18 00:00:00+03:00,6.0
344,low,block_00_06,2026-07-18 00:00:00+03:00,2026-07-18 06:00:00+03:00,6.0
344,low,block_06_12,2026-07-18 06:00:00+03:00,2026-07-18 12:00:00+03:00,6.0
344,low,block_12_18,2026-07-18 12:00:00+03:00,2026-07-18 18:00:00+03:00,6.0
344,low,block_18_24,2026-07-18 18:00:00+03:00,2026-07-19 00:00:00+03:00,6.0
344,low,block_00_06,2026-07-19 00:00:00+03:00,2026-07-19 06:00:00+03:00,6.0
344,low,block_06_12,2026-07-19 06:00:00+03:00,2026-07-19 12:00:00+03:00,6.0
344,low,block_12_18,2026-07-19 12:00:00+03:00,2026-07-19 18:00:00+03:00,6.0
344,low,block_18_24,2026-07-19 18:00:00+03:00,2026-07-20 00:00:00+03:00,6.0
345,low,block_00_06,2026-07-06 00:00:00+03:00,2026-07-06 06:00:00+03:00,6.0
345,low,block_06_12,2026-07-06 06:00:00+03:00,2026-07-06 12:00:00+03:00,6.0
345,low,block_12_18,2026-07-06 12:00:00+03:00,2026-07-06 18:00:00+03:00,6.0
345,low,block_18_24,2026-07-06 18:00:00+03:00,2026-07-07 00:00:00+03:00,6.0
345,low,block_00_06,2026-07-07 00:00:00+03:00,2026-07-07 06:00:00+03:00,6.0
345,low,block_06_12,2026-07-07 06:00:00+03:00,2026-07-07 12:00:00+03:00,6.0
345,low,block_12_18,2026-07-07 12:00:00+03:00,2026-07-07 18:00:00+03:00,6.0
345,low,block_18_24,2026-07-07 18:00:00+03:00,2026-07-08 00:00:00+03:00,6.0
345,low,block_00_06,2026-07-08 00:00:00+03:00,2026-07-08 06:00:00+03:00,6.0
345,low,block_06_12,2026-07-08 06:00:00+03:00,2026-07-08 12:00:00+03:00,6.0
345,low,block_12_18,2026-07-08 12:00:00+03:00,2026-07-08 18:00:00+03:00,6.0
345,low,block_18_24,2026-07-08 18:00:00+03:00,2026-07-09 00:00:00+03:00,6.0
345,low,block_00_06,2026-07-09 00:00:00+03:00,2026-07-09 06:00:00+03:00,6.0
345,low,block_06_12,2026-07-09 06:00:00+03:00,2026-07-09 12:00:00+03:00,6.0
345,low,block_12_18,2026-07-09 12:00:00+03:00,2026-07-09 18:00:00+03:00,6.0
345,low,block_18_24,2026-07-09 18:00:00+03:00,2026-07-10 00:00:00+03:00,6.0
345,low,block_00_06,2026-07-10 00:00:00+03:00,2026-07-10 06:00:00+03:00,6.0
345,low,block_06_12,2026-07-10 06:00:00+03:00,2026-07-10 12:00:00+03:00,6.0
345,low,block_12_18,2026-07-10 12:00:00+03:00,2026-07-10 18:00:00+03:00,6.0
345,low,block_18_24,2026-07-10 18:00:00+03:00,2026-07-11 00:00:00+03:00,6.0
345,low,block_00_06,2026-07-11 00:00:00+03:00,2026-07-11 06:00:00+03:00,6.0
345,low,block_06_12,2026-07-11 06:00:00+03:00,2026-07-11 12:00:00+03:00,6.0
345,low,block_12_18,2026-07-11 12:00:00+03:00,2026-07-11 18:00:00+03:00,6.0
345,low,block_18_24,2026-07-11 18:00:00+03:00,2026-07-12 00:00:00+03:00,6.0
345,low,block_00_06,2026-07-12 00:00:00+03:00,2026-07-12 06:00:00+03:00,6.0
345,low,block_06_12,2026-07-12 06:00:00+03:00,2026-07-12 12:00:00+03:00,6.0
345,low,block_12_18,2026-07-12 12:00:00+03:00,2026-07-12 18:00:00+03:00,6.0
345,low,block_18_24,2026-07-12 18:00:00+03:00,2026-07-13 00:00:00+03:00,6.0
345,low,block_00_06,2026-07-13 00:00:00+03:00,2026-07-13 06:00:00+03:00,6.0
345,low,block_06_12,2026-07-13 06:00:00+03:00,2026-07-13 12:00:00+03:00,6.0
345,low,block_12_18,2026-07-13 12:00:00+03:00,2026-07-13 18:00:00+03:00,6.0
345,low,block_18_24,2026-07-13 18:00:00+03:00,2026-07-14 00:00:00+03:00,6.0
345,low,block_00_06,2026-07-14 00:00:00+03:00,2026-07-14 06:00:00+03:00,6.0
345,low,block_06_12,2026-07-14 06:00:00+03:00,2026-07-14 12:00:00+03:00,6.0
345,low,block_12_18,2026-07-14 12:00:00+03:00,2026-07-14 18:00:00+03:00,6.0
345,low,block_18_24,2026-07-14 18:00:00+03:00,2026-07-15 00:00:00+03:00,6.0
345,low,block_00_06,2026-07-15 00:00:00+03:00,2026-07-15 06:00:00+03:00,6.0
345,low,block_06_12,2026-07-15 06:00:00+03:00,2026-07-15 12:00:00+03:00,6.0
345,low,block_12_18,2026-07-15 12:00:00+03:00,2026-07-15 18:00:00+03:00,6.0
345,low,block_18_24,2026-07-15 18:00:00+03:00,2026-07-16 00:00:00+03:00,6.0
345,low,block_00_06,2026-07-16 00:00:00+03:00,2026-07-16 06:00:00+03:00,6.0
345,low,block_06_12,2026-07-16 06:00:00+03:00,2026-07-16 12:00:00+03:00,6.0
345,low,block_12_18,2026-07-16 12:00:00+03:00,2026-07-16 18:00:00+03:00,6.0
345,low,block_18_24,2026-07-16 18:00:00+03:00,2026-07-17 00:00:00+03:00,6.0
345,low,block_00_06,2026-07-17 00:00:00+03:00,2026-07-17 06:00:00+03:00,6.0
345,low,block_06_12,2026-07-17 06:00:00+03:00,2026-07-17 12:00:00+03:00,6.0
345,low,block_12_18,2026-07-17 12:00:00+03:00,2026-07-17 18:00:00+03:00,6.0
345,low,block_18_24,2026-07-17 18:00:00+03:00,2026-07-18 00:00:00+03:00,6.0
345,low,block_00_06,2026-07-18 00:00:00+03:00,2026-07-18 06:00:00+03:00,6.0
345,low,block_06_12,2026-07-18 06:00:00+03:00,2026-07-18 12:00:00+03:00,6.0
345,low,block_12_18,2026-07-18 12:00:00+03:00,2026-07-18 18:00:00+03:00,6.0
345,low,block_18_24,2026-07-18 18:00:00+03:00,2026-07-19 00:00:00+03:00,6.0
345,low,block_00_06,2026-07-19 00:00:00+03:00,2026-07-19 06:00:00+03:00,6.0
345,low,block_06_12,2026-07-19 06:00:00+03:00,2026-07-19 12:00:00+03:00,6.0
345,low,block_12_18,2026-07-19 12:00:00+03:00,2026-07-19 18:00:00+03:00,6.0
345,low,block_18_24,2026-07-19 18:00:00+03:00,2026-07-20 00:00:00+03:00,6.0
348,medium,block_00_06,2026-07-06 00:00:00+03:00,2026-07-06 06:00:00+03:00,6.0
348,medium,block_06_12,2026-07-06 06:00:00+03:00,2026-07-06 12:00:00+03:00,6.0
348,medium,block_12_18,2026-07-06 12:00:00+03:00,2026-07-06 18:00:00+03:00,6.0
348,medium,block_18_24,2026-07-06 18:00:00+03:00,2026-07-07 00:00:00+03:00,6.0
348,medium,block_00_06,2026-07-07 00:00:00+03:00,2026-07-07 06:00:00+03:00,6.0
348,medium,block_06_12,2026-07-07 06:00:00+03:00,2026-07-07 12:00:00+03:00,6.0
348,medium,block_12_18,2026-07-07 12:00:00+03:00,2026-07-07 18:00:00+03:00,6.0
348,medium,block_18_24,2026-07-07 18:00:00+03:00,2026-07-08 00:00:00+03:00,6.0
348,medium,block_00_06,2026-07-08 00:00:00+03:00,2026-07-08 06:00:00+03:00,6.0
348,medium,block_06_12,2026-07-08 06:00:00+03:00,2026-07-08 12:00:00+03:00,6.0
348,medium,block_12_18,2026-07-08 12:00:00+03:00,2026-07-08 18:00:00+03:00,6.0
348,medium,block_18_24,2026-07-08 18:00:00+03:00,2026-07-09 00:00:00+03:00,6.0
348,medium,block_00_06,2026-07-09 00:00:00+03:00,2026-07-09 06:00:00+03:00,6.0
348,medium,block_06_12,2026-07-09 06:00:00+03:00,2026-07-09 12:00:00+03:00,6.0
348,medium,block_12_18,2026-07-09 12:00:00+03:00,2026-07-09 18:00:00+03:00,6.0
348,medium,block_18_24,2026-07-09 18:00:00+03:00,2026-07-10 00:00:00+03:00,6.0
348,medium,block_00_06,2026-07-10 00:00:00+03:00,2026-07-10 06:00:00+03:00,6.0
348,medium,block_06_12,2026-07-10 06:00:00+03:00,2026-07-10 12:00:00+03:00,6.0
348,medium,block_12_18,2026-07-10 12:00:00+03:00,2026-07-10 18:00:00+03:00,6.0
348,medium,block_18_24,2026-07-10 18:00:00+03:00,2026-07-11 00:00:00+03:00,6.0
348,medium,block_00_06,2026-07-11 00:00:00+03:00,2026-07-11 06:00:00+03:00,6.0
348,medium,block_06_12,2026-07-11 06:00:00+03:00,2026-07-11 12:00:00+03:00,6.0
348,medium,block_12_18,2026-07-11 12:00:00+03:00,2026-07-11 18:00:00+03:00,6.0
348,medium,block_18_24,2026-07-11 18:00:00+03:00,2026-07-12 00:00:00+03:00,6.0
348,medium,block_00_06,2026-07-12 00:00:00+03:00,2026-07-12 06:00:00+03:00,6.0
348,medium,block_06_12,2026-07-12 06:00:00+03:00,2026-07-12 12:00:00+03:00,6.0
348,medium,block_12_18,2026-07-12 12:00:00+03:00,2026-07-12 18:00:00+03:00,6.0
348,medium,block_18_24,2026-07-12 18:00:00+03:00,2026-07-13 00:00:00+03:00,6.0
348,medium,block_00_06,2026-07-13 00:00:00+03:00,2026-07-13 06:00:00+03:00,6.0
348,medium,block_06_12,2026-07-13 06:00:00+03:00,2026-07-13 12:00:00+03:00,6.0
348,medium,block_12_18,2026-07-13 12:00:00+03:00,2026-07-13 18:00:00+03:00,6.0
348,medium,block_18_24,2026-07-13 18:00:00+03:00,2026-07-14 00:00:00+03:00,6.0
348,medium,block_00_06,2026-07-14 00:00:00+03:00,2026-07-14 06:00:00+03:00,6.0
348,medium,block_06_12,2026-07-14 06:00:00+03:00,2026-07-14 12:00:00+03:00,6.0
348,medium,block_12_18,2026-07-14 12:00:00+03:00,2026-07-14 18:00:00+03:00,6.0
348,medium,block_18_24,2026-07-14 18:00:00+03:00,2026-07-15 00:00:00+03:00,6.0
348,medium,block_00_06,2026-07-15 00:00:00+03:00,2026-07-15 06:00:00+03:00,6.0
348,medium,block_06_12,2026-07-15 06:00:00+03:00,2026-07-15 12:00:00+03:00,6.0
348,medium,block_12_18,2026-07-15 12:00:00+03:00,2026-07-15 18:00:00+03:00,6.0
348,medium,block_18_24,2026-07-15 18:00:00+03:00,2026-07-16 00:00:00+03:00,6.0
348,medium,block_00_06,2026-07-16 00:00:00+03:00,2026-07-16 06:00:00+03:00,6.0
348,medium,block_06_12,2026-07-16 06:00:00+03:00,2026-07-16 12:00:00+03:00,6.0
348,medium,block_12_18,2026-07-16 12:00:00+03:00,2026-07-16 18:00:00+03:00,6.0
348,medium,block_18_24,2026-07-16 18:00:00+03:00,2026-07-17 00:00:00+03:00,6.0
348,medium,block_00_06,2026-07-17 00:00:00+03:00,2026-07-17 06:00:00+03:00,6.0
348,medium,block_06_12,2026-07-17 06:00:00+03:00,2026-07-17 12:00:00+03:00,6.0
348,medium,block_12_18,2026-07-17 12:00:00+03:00,2026-07-17 18:00:00+03:00,6.0
348,medium,block_18_24,2026-07-17 18:00:00+03:00,2026-07-18 00:00:00+03:00,6.0
348,medium,block_00_06,2026-07-18 00:00:00+03:00,2026-07-18 06:00:00+03:00,6.0
348,medium,block_06_12,2026-07-18 06:00:00+03:00,2026-07-18 12:00:00+03:00,6.0
348,medium,block_12_18,2026-07-18 12:00:00+03:00,2026-07-18 18:00:00+03:00,6.0
348,medium,block_18_24,2026-07-18 18:00:00+03:00,2026-07-19 00:00:00+03:00,6.0
348,medium,block_00_06,2026-07-19 00:00:00+03:00,2026-07-19 06:00:00+03:00,6.0
348,medium,block_06_12,2026-07-19 06:00:00+03:00,2026-07-19 12:00:00+03:00,6.0
348,medium,block_12_18,2026-07-19 12:00:00+03:00,2026-07-19 18:00:00+03:00,6.0
348,medium,block_18_24,2026-07-19 18:00:00+03:00,2026-07-20 00:00:00+03:00,6.0
36,medium,block_00_06,2026-07-06 00:00:00+03:00,2026-07-06 06:00:00+03:00,6.0
36,medium,block_06_12,2026-07-06 06:00:00+03:00,2026-07-06 12:00:00+03:00,6.0
36,medium,block_12_18,2026-07-06 12:00:00+03:00,2026-07-06 18:00:00+03:00,6.0
36,medium,block_18_24,2026-07-06 18:00:00+03:00,2026-07-07 00:00:00+03:00,6.0
36,medium,block_00_06,2026-07-07 00:00:00+03:00,2026-07-07 06:00:00+03:00,6.0
36,medium,block_06_12,2026-07-07 06:00:00+03:00,2026-07-07 12:00:00+03:00,6.0
36,medium,block_12_18,2026-07-07 12:00:00+03:00,2026-07-07 18:00:00+03:00,6.0
36,medium,block_18_24,2026-07-07 18:00:00+03:00,2026-07-08 00:00:00+03:00,6.0
36,medium,block_00_06,2026-07-08 00:00:00+03:00,2026-07-08 06:00:00+03:00,6.0
36,medium,block_06_12,2026-07-08 06:00:00+03:00,2026-07-08 12:00:00+03:00,6.0
36,medium,block_12_18,2026-07-08 12:00:00+03:00,2026-07-08 18:00:00+03:00,6.0
36,medium,block_18_24,2026-07-08 18:00:00+03:00,2026-07-09 00:00:00+03:00,6.0
36,medium,block_00_06,2026-07-09 00:00:00+03:00,2026-07-09 06:00:00+03:00,6.0
36,medium,block_06_12,2026-07-09 06:00:00+03:00,2026-07-09 12:00:00+03:00,6.0
36,medium,block_12_18,2026-07-09 12:00:00+03:00,2026-07-09 18:00:00+03:00,6.0
36,medium,block_18_24,2026-07-09 18:00:00+03:00,2026-07-10 00:00:00+03:00,6.0
36,medium,block_00_06,2026-07-10 00:00:00+03:00,2026-07-10 06:00:00+03:00,6.0
36,medium,block_06_12,2026-07-10 06:00:00+03:00,2026-07-10 12:00:00+03:00,6.0
36,medium,block_12_18,2026-07-10 12:00:00+03:00,2026-07-10 18:00:00+03:00,6.0
36,medium,block_18_24,2026-07-10 18:00:00+03:00,2026-07-11 00:00:00+03:00,6.0
36,medium,block_00_06,2026-07-11 00:00:00+03:00,2026-07-11 06:00:00+03:00,6.0
36,medium,block_06_12,2026-07-11 06:00:00+03:00,2026-07-11 12:00:00+03:00,6.0
36,medium,block_12_18,2026-07-11 12:00:00+03:00,2026-07-11 18:00:00+03:00,6.0
36,medium,block_18_24,2026-07-11 18:00:00+03:00,2026-07-12 00:00:00+03:00,6.0
36,medium,block_00_06,2026-07-12 00:00:00+03:00,2026-07-12 06:00:00+03:00,6.0
36,medium,block_06_12,2026-07-12 06:00:00+03:00,2026-07-12 12:00:00+03:00,6.0
36,medium,block_12_18,2026-07-12 12:00:00+03:00,2026-07-12 18:00:00+03:00,6.0
36,medium,block_18_24,2026-07-12 18:00:00+03:00,2026-07-13 00:00:00+03:00,6.0
36,medium,block_00_06,2026-07-13 00:00:00+03:00,2026-07-13 06:00:00+03:00,6.0
36,medium,block_06_12,2026-07-13 06:00:00+03:00,2026-07-13 12:00:00+03:00,6.0
36,medium,block_12_18,2026-07-13 12:00:00+03:00,2026-07-13 18:00:00+03:00,6.0
36,medium,block_18_24,2026-07-13 18:00:00+03:00,2026-07-14 00:00:00+03:00,6.0
36,medium,block_00_06,2026-07-14 00:00:00+03:00,2026-07-14 06:00:00+03:00,6.0
36,medium,block_06_12,2026-07-14 06:00:00+03:00,2026-07-14 12:00:00+03:00,6.0
36,medium,block_12_18,2026-07-14 12:00:00+03:00,2026-07-14 18:00:00+03:00,6.0
36,medium,block_18_24,2026-07-14 18:00:00+03:00,2026-07-15 00:00:00+03:00,6.0
36,medium,block_00_06,2026-07-15 00:00:00+03:00,2026-07-15 06:00:00+03:00,6.0
36,medium,block_06_12,2026-07-15 06:00:00+03:00,2026-07-15 12:00:00+03:00,6.0
36,medium,block_12_18,2026-07-15 12:00:00+03:00,2026-07-15 18:00:00+03:00,6.0
36,medium,block_18_24,2026-07-15 18:00:00+03:00,2026-07-16 00:00:00+03:00,6.0
36,medium,block_00_06,2026-07-16 00:00:00+03:00,2026-07-16 06:00:00+03:00,6.0
36,medium,block_06_12,2026-07-16 06:00:00+03:00,2026-07-16 12:00:00+03:00,6.0
36,medium,block_12_18,2026-07-16 12:00:00+03:00,2026-07-16 18:00:00+03:00,6.0
36,medium,block_18_24,2026-07-16 18:00:00+03:00,2026-07-17 00:00:00+03:00,6.0
36,medium,block_00_06,2026-07-17 00:00:00+03:00,2026-07-17 06:00:00+03:00,6.0
36,medium,block_06_12,2026-07-17 06:00:00+03:00,2026-07-17 12:00:00+03:00,6.0
36,medium,block_12_18,2026-07-17 12:00:00+03:00,2026-07-17 18:00:00+03:00,6.0
36,medium,block_18_24,2026-07-17 18:00:00+03:00,2026-07-18 00:00:00+03:00,6.0
36,medium,block_00_06,2026-07-18 00:00:00+03:00,2026-07-18 06:00:00+03:00,6.0
36,medium,block_06_12,2026-07-18 06:00:00+03:00,2026-07-18 12:00:00+03:00,6.0
36,medium,block_12_18,2026-07-18 12:00:00+03:00,2026-07-18 18:00:00+03:00,6.0
36,medium,block_18_24,2026-07-18 18:00:00+03:00,2026-07-19 00:00:00+03:00,6.0
36,medium,block_00_06,2026-07-19 00:00:00+03:00,2026-07-19 06:00:00+03:00,6.0
36,medium,block_06_12,2026-07-19 06:00:00+03:00,2026-07-19 12:00:00+03:00,6.0
36,medium,block_12_18,2026-07-19 12:00:00+03:00,2026-07-19 18:00:00+03:00,6.0
36,medium,block_18_24,2026-07-19 18:00:00+03:00,2026-07-20 00:00:00+03:00,6.0
37,medium,block_00_06,2026-07-06 00:00:00+03:00,2026-07-06 06:00:00+03:00,6.0
37,medium,block_06_12,2026-07-06 06:00:00+03:00,2026-07-06 12:00:00+03:00,6.0
37,medium,block_12_18,2026-07-06 12:00:00+03:00,2026-07-06 18:00:00+03:00,6.0
37,medium,block_18_24,2026-07-06 18:00:00+03:00,2026-07-07 00:00:00+03:00,6.0
37,medium,block_00_06,2026-07-07 00:00:00+03:00,2026-07-07 06:00:00+03:00,6.0
37,medium,block_06_12,2026-07-07 06:00:00+03:00,2026-07-07 12:00:00+03:00,6.0
37,medium,block_12_18,2026-07-07 12:00:00+03:00,2026-07-07 18:00:00+03:00,6.0
37,medium,block_18_24,2026-07-07 18:00:00+03:00,2026-07-08 00:00:00+03:00,6.0
37,medium,block_00_06,2026-07-08 00:00:00+03:00,2026-07-08 06:00:00+03:00,6.0
37,medium,block_06_12,2026-07-08 06:00:00+03:00,2026-07-08 12:00:00+03:00,6.0
37,medium,block_12_18,2026-07-08 12:00:00+03:00,2026-07-08 18:00:00+03:00,6.0
37,medium,block_18_24,2026-07-08 18:00:00+03:00,2026-07-09 00:00:00+03:00,6.0
37,medium,block_00_06,2026-07-09 00:00:00+03:00,2026-07-09 06:00:00+03:00,6.0
37,medium,block_06_12,2026-07-09 06:00:00+03:00,2026-07-09 12:00:00+03:00,6.0
37,medium,block_12_18,2026-07-09 12:00:00+03:00,2026-07-09 18:00:00+03:00,6.0
37,medium,block_18_24,2026-07-09 18:00:00+03:00,2026-07-10 00:00:00+03:00,6.0
37,medium,block_00_06,2026-07-10 00:00:00+03:00,2026-07-10 06:00:00+03:00,6.0
37,medium,block_06_12,2026-07-10 06:00:00+03:00,2026-07-10 12:00:00+03:00,6.0
37,medium,block_12_18,2026-07-10 12:00:00+03:00,2026-07-10 18:00:00+03:00,6.0
37,medium,block_18_24,2026-07-10 18:00:00+03:00,2026-07-11 00:00:00+03:00,6.0
37,medium,block_00_06,2026-07-11 00:00:00+03:00,2026-07-11 06:00:00+03:00,6.0
37,medium,block_06_12,2026-07-11 06:00:00+03:00,2026-07-11 12:00:00+03:00,6.0
37,medium,block_12_18,2026-07-11 12:00:00+03:00,2026-07-11 18:00:00+03:00,6.0
37,medium,block_18_24,2026-07-11 18:00:00+03:00,2026-07-12 00:00:00+03:00,6.0
37,medium,block_00_06,2026-07-12 00:00:00+03:00,2026-07-12 06:00:00+03:00,6.0
37,medium,block_06_12,2026-07-12 06:00:00+03:00,2026-07-12 12:00:00+03:00,6.0
37,medium,block_12_18,2026-07-12 12:00:00+03:00,2026-07-12 18:00:00+03:00,6.0
37,medium,block_18_24,2026-07-12 18:00:00+03:00,2026-07-13 00:00:00+03:00,6.0
37,medium,block_00_06,2026-07-13 00:00:00+03:00,2026-07-13 06:00:00+03:00,6.0
37,medium,block_06_12,2026-07-13 06:00:00+03:00,2026-07-13 12:00:00+03:00,6.0
37,medium,block_12_18,2026-07-13 12:00:00+03:00,2026-07-13 18:00:00+03:00,6.0
37,medium,block_18_24,2026-07-13 18:00:00+03:00,2026-07-14 00:00:00+03:00,6.0
37,medium,block_00_06,2026-07-14 00:00:00+03:00,2026-07-14 06:00:00+03:00,6.0
37,medium,block_06_12,2026-07-14 06:00:00+03:00,2026-07-14 12:00:00+03:00,6.0
37,medium,block_12_18,2026-07-14 12:00:00+03:00,2026-07-14 18:00:00+03:00,6.0
37,medium,block_18_24,2026-07-14 18:00:00+03:00,2026-07-15 00:00:00+03:00,6.0
37,medium,block_00_06,2026-07-15 00:00:00+03:00,2026-07-15 06:00:00+03:00,6.0
37,medium,block_06_12,2026-07-15 06:00:00+03:00,2026-07-15 12:00:00+03:00,6.0
37,medium,block_12_18,2026-07-15 12:00:00+03:00,2026-07-15 18:00:00+03:00,6.0
37,medium,block_18_24,2026-07-15 18:00:00+03:00,2026-07-16 00:00:00+03:00,6.0
37,medium,block_00_06,2026-07-16 00:00:00+03:00,2026-07-16 06:00:00+03:00,6.0
37,medium,block_06_12,2026-07-16 06:00:00+03:00,2026-07-16 12:00:00+03:00,6.0
37,medium,block_12_18,2026-07-16 12:00:00+03:00,2026-07-16 18:00:00+03:00,6.0
37,medium,block_18_24,2026-07-16 18:00:00+03:00,2026-07-17 00:00:00+03:00,6.0
37,medium,block_00_06,2026-07-17 00:00:00+03:00,2026-07-17 06:00:00+03:00,6.0
37,medium,block_06_12,2026-07-17 06:00:00+03:00,2026-07-17 12:00:00+03:00,6.0
37,medium,block_12_18,2026-07-17 12:00:00+03:00,2026-07-17 18:00:00+03:00,6.0
37,medium,block_18_24,2026-07-17 18:00:00+03:00,2026-07-18 00:00:00+03:00,6.0
37,medium,block_00_06,2026-07-18 00:00:00+03:00,2026-07-18 06:00:00+03:00,6.0
37,medium,block_06_12,2026-07-18 06:00:00+03:00,2026-07-18 12:00:00+03:00,6.0
37,medium,block_12_18,2026-07-18 12:00:00+03:00,2026-07-18 18:00:00+03:00,6.0
37,medium,block_18_24,2026-07-18 18:00:00+03:00,2026-07-19 00:00:00+03:00,6.0
37,medium,block_00_06,2026-07-19 00:00:00+03:00,2026-07-19 06:00:00+03:00,6.0
37,medium,block_06_12,2026-07-19 06:00:00+03:00,2026-07-19 12:00:00+03:00,6.0
37,medium,block_12_18,2026-07-19 12:00:00+03:00,2026-07-19 18:00:00+03:00,6.0
37,medium,block_18_24,2026-07-19 18:00:00+03:00,2026-07-20 00:00:00+03:00,6.0
38,medium,block_00_06,2026-07-06 00:00:00+03:00,2026-07-06 06:00:00+03:00,6.0
38,medium,block_06_12,2026-07-06 06:00:00+03:00,2026-07-06 12:00:00+03:00,6.0
38,medium,block_12_18,2026-07-06 12:00:00+03:00,2026-07-06 18:00:00+03:00,6.0
38,medium,block_18_24,2026-07-06 18:00:00+03:00,2026-07-07 00:00:00+03:00,6.0
38,medium,block_00_06,2026-07-07 00:00:00+03:00,2026-07-07 06:00:00+03:00,6.0
38,medium,block_06_12,2026-07-07 06:00:00+03:00,2026-07-07 12:00:00+03:00,6.0
38,medium,block_12_18,2026-07-07 12:00:00+03:00,2026-07-07 18:00:00+03:00,6.0
38,medium,block_18_24,2026-07-07 18:00:00+03:00,2026-07-08 00:00:00+03:00,6.0
38,medium,block_00_06,2026-07-08 00:00:00+03:00,2026-07-08 06:00:00+03:00,6.0
38,medium,block_06_12,2026-07-08 06:00:00+03:00,2026-07-08 12:00:00+03:00,6.0
38,medium,block_12_18,2026-07-08 12:00:00+03:00,2026-07-08 18:00:00+03:00,6.0
38,medium,block_18_24,2026-07-08 18:00:00+03:00,2026-07-09 00:00:00+03:00,6.0
38,medium,block_00_06,2026-07-09 00:00:00+03:00,2026-07-09 06:00:00+03:00,6.0
38,medium,block_06_12,2026-07-09 06:00:00+03:00,2026-07-09 12:00:00+03:00,6.0
38,medium,block_12_18,2026-07-09 12:00:00+03:00,2026-07-09 18:00:00+03:00,6.0
38,medium,block_18_24,2026-07-09 18:00:00+03:00,2026-07-10 00:00:00+03:00,6.0
38,medium,block_00_06,2026-07-10 00:00:00+03:00,2026-07-10 06:00:00+03:00,6.0
38,medium,block_06_12,2026-07-10 06:00:00+03:00,2026-07-10 12:00:00+03:00,6.0
38,medium,block_12_18,2026-07-10 12:00:00+03:00,2026-07-10 18:00:00+03:00,6.0
38,medium,block_18_24,2026-07-10 18:00:00+03:00,2026-07-11 00:00:00+03:00,6.0
38,medium,block_00_06,2026-07-11 00:00:00+03:00,2026-07-11 06:00:00+03:00,6.0
38,medium,block_06_12,2026-07-11 06:00:00+03:00,2026-07-11 12:00:00+03:00,6.0
38,medium,block_12_18,2026-07-11 12:00:00+03:00,2026-07-11 18:00:00+03:00,6.0
38,medium,block_18_24,2026-07-11 18:00:00+03:00,2026-07-12 00:00:00+03:00,6.0
38,medium,block_00_06,2026-07-12 00:00:00+03:00,2026-07-12 06:00:00+03:00,6.0
38,medium,block_06_12,2026-07-12 06:00:00+03:00,2026-07-12 12:00:00+03:00,6.0
38,medium,block_12_18,2026-07-12 12:00:00+03:00,2026-07-12 18:00:00+03:00,6.0
38,medium,block_18_24,2026-07-12 18:00:00+03:00,2026-07-13 00:00:00+03:00,6.0
38,medium,block_00_06,2026-07-13 00:00:00+03:00,2026-07-13 06:00:00+03:00,6.0
38,medium,block_06_12,2026-07-13 06:00:00+03:00,2026-07-13 12:00:00+03:00,6.0
38,medium,block_12_18,2026-07-13 12:00:00+03:00,2026-07-13 18:00:00+03:00,6.0
38,medium,block_18_24,2026-07-13 18:00:00+03:00,2026-07-14 00:00:00+03:00,6.0
38,medium,block_00_06,2026-07-14 00:00:00+03:00,2026-07-14 06:00:00+03:00,6.0
38,medium,block_06_12,2026-07-14 06:00:00+03:00,2026-07-14 12:00:00+03:00,6.0
38,medium,block_12_18,2026-07-14 12:00:00+03:00,2026-07-14 18:00:00+03:00,6.0
38,medium,block_18_24,2026-07-14 18:00:00+03:00,2026-07-15 00:00:00+03:00,6.0
38,medium,block_00_06,2026-07-15 00:00:00+03:00,2026-07-15 06:00:00+03:00,6.0
38,medium,block_06_12,2026-07-15 06:00:00+03:00,2026-07-15 12:00:00+03:00,6.0
38,medium,block_12_18,2026-07-15 12:00:00+03:00,2026-07-15 18:00:00+03:00,6.0
38,medium,block_18_24,2026-07-15 18:00:00+03:00,2026-07-16 00:00:00+03:00,6.0
38,medium,block_00_06,2026-07-16 00:00:00+03:00,2026-07-16 06:00:00+03:00,6.0
38,medium,block_06_12,2026-07-16 06:00:00+03:00,2026-07-16 12:00:00+03:00,6.0
38,medium,block_12_18,2026-07-16 12:00:00+03:00,2026-07-16 18:00:00+03:00,6.0
38,medium,block_18_24,2026-07-16 18:00:00+03:00,2026-07-17 00:00:00+03:00,6.0
38,medium,block_00_06,2026-07-17 00:00:00+03:00,2026-07-17 06:00:00+03:00,6.0
38,medium,block_06_12,2026-07-17 06:00:00+03:00,2026-07-17 12:00:00+03:00,6.0
38,medium,block_12_18,2026-07-17 12:00:00+03:00,2026-07-17 18:00:00+03:00,6.0
38,medium,block_18_24,2026-07-17 18:00:00+03:00,2026-07-18 00:00:00+03:00,6.0
38,medium,block_00_06,2026-07-18 00:00:00+03:00,2026-07-18 06:00:00+03:00,6.0
38,medium,block_06_12,2026-07-18 06:00:00+03:00,2026-07-18 12:00:00+03:00,6.0
38,medium,block_12_18,2026-07-18 12:00:00+03:00,2026-07-18 18:00:00+03:00,6.0
38,medium,block_18_24,2026-07-18 18:00:00+03:00,2026-07-19 00:00:00+03:00,6.0
38,medium,block_00_06,2026-07-19 00:00:00+03:00,2026-07-19 06:00:00+03:00,6.0
38,medium,block_06_12,2026-07-19 06:00:00+03:00,2026-07-19 12:00:00+03:00,6.0
38,medium,block_12_18,2026-07-19 12:00:00+03:00,2026-07-19 18:00:00+03:00,6.0
38,medium,block_18_24,2026-07-19 18:00:00+03:00,2026-07-20 00:00:00+03:00,6.0
381,low,block_00_06,2026-07-06 00:00:00+03:00,2026-07-06 06:00:00+03:00,6.0
381,low,block_06_12,2026-07-06 06:00:00+03:00,2026-07-06 12:00:00+03:00,6.0
381,low,block_12_18,2026-07-06 12:00:00+03:00,2026-07-06 18:00:00+03:00,6.0
381,low,block_18_24,2026-07-06 18:00:00+03:00,2026-07-07 00:00:00+03:00,6.0
381,low,block_00_06,2026-07-07 00:00:00+03:00,2026-07-07 06:00:00+03:00,6.0
381,low,block_06_12,2026-07-07 06:00:00+03:00,2026-07-07 12:00:00+03:00,6.0
381,low,block_12_18,2026-07-07 12:00:00+03:00,2026-07-07 18:00:00+03:00,6.0
381,low,block_18_24,2026-07-07 18:00:00+03:00,2026-07-08 00:00:00+03:00,6.0
381,low,block_00_06,2026-07-08 00:00:00+03:00,2026-07-08 06:00:00+03:00,6.0
381,low,block_06_12,2026-07-08 06:00:00+03:00,2026-07-08 12:00:00+03:00,6.0
381,low,block_12_18,2026-07-08 12:00:00+03:00,2026-07-08 18:00:00+03:00,6.0
381,low,block_18_24,2026-07-08 18:00:00+03:00,2026-07-09 00:00:00+03:00,6.0
381,low,block_00_06,2026-07-09 00:00:00+03:00,2026-07-09 06:00:00+03:00,6.0
381,low,block_06_12,2026-07-09 06:00:00+03:00,2026-07-09 12:00:00+03:00,6.0
381,low,block_12_18,2026-07-09 12:00:00+03:00,2026-07-09 18:00:00+03:00,6.0
381,low,block_18_24,2026-07-09 18:00:00+03:00,2026-07-10 00:00:00+03:00,6.0
381,low,block_00_06,2026-07-10 00:00:00+03:00,2026-07-10 06:00:00+03:00,6.0
381,low,block_06_12,2026-07-10 06:00:00+03:00,2026-07-10 12:00:00+03:00,6.0
381,low,block_12_18,2026-07-10 12:00:00+03:00,2026-07-10 18:00:00+03:00,6.0
381,low,block_18_24,2026-07-10 18:00:00+03:00,2026-07-11 00:00:00+03:00,6.0
381,low,block_00_06,2026-07-11 00:00:00+03:00,2026-07-11 06:00:00+03:00,6.0
381,low,block_06_12,2026-07-11 06:00:00+03:00,2026-07-11 12:00:00+03:00,6.0
381,low,block_12_18,2026-07-11 12:00:00+03:00,2026-07-11 18:00:00+03:00,6.0
381,low,block_18_24,2026-07-11 18:00:00+03:00,2026-07-12 00:00:00+03:00,6.0
381,low,block_00_06,2026-07-12 00:00:00+03:00,2026-07-12 06:00:00+03:00,6.0
381,low,block_06_12,2026-07-12 06:00:00+03:00,2026-07-12 12:00:00+03:00,6.0
381,low,block_12_18,2026-07-12 12:00:00+03:00,2026-07-12 18:00:00+03:00,6.0
381,low,block_18_24,2026-07-12 18:00:00+03:00,2026-07-13 00:00:00+03:00,6.0
381,low,block_00_06,2026-07-13 00:00:00+03:00,2026-07-13 06:00:00+03:00,6.0
381,low,block_06_12,2026-07-13 06:00:00+03:00,2026-07-13 12:00:00+03:00,6.0
381,low,block_12_18,2026-07-13 12:00:00+03:00,2026-07-13 18:00:00+03:00,6.0
381,low,block_18_24,2026-07-13 18:00:00+03:00,2026-07-14 00:00:00+03:00,6.0
381,low,block_00_06,2026-07-14 00:00:00+03:00,2026-07-14 06:00:00+03:00,6.0
381,low,block_06_12,2026-07-14 06:00:00+03:00,2026-07-14 12:00:00+03:00,6.0
381,low,block_12_18,2026-07-14 12:00:00+03:00,2026-07-14 18:00:00+03:00,6.0
381,low,block_18_24,2026-07-14 18:00:00+03:00,2026-07-15 00:00:00+03:00,6.0
381,low,block_00_06,2026-07-15 00:00:00+03:00,2026-07-15 06:00:00+03:00,6.0
381,low,block_06_12,2026-07-15 06:00:00+03:00,2026-07-15 12:00:00+03:00,6.0
381,low,block_12_18,2026-07-15 12:00:00+03:00,2026-07-15 18:00:00+03:00,6.0
381,low,block_18_24,2026-07-15 18:00:00+03:00,2026-07-16 00:00:00+03:00,6.0
381,low,block_00_06,2026-07-16 00:00:00+03:00,2026-07-16 06:00:00+03:00,6.0
381,low,block_06_12,2026-07-16 06:00:00+03:00,2026-07-16 12:00:00+03:00,6.0
381,low,block_12_18,2026-07-16 12:00:00+03:00,2026-07-16 18:00:00+03:00,6.0
381,low,block_18_24,2026-07-16 18:00:00+03:00,2026-07-17 00:00:00+03:00,6.0
381,low,block_00_06,2026-07-17 00:00:00+03:00,2026-07-17 06:00:00+03:00,6.0
381,low,block_06_12,2026-07-17 06:00:00+03:00,2026-07-17 12:00:00+03:00,6.0
381,low,block_12_18,2026-07-17 12:00:00+03:00,2026-07-17 18:00:00+03:00,6.0
381,low,block_18_24,2026-07-17 18:00:00+03:00,2026-07-18 00:00:00+03:00,6.0
381,low,block_00_06,2026-07-18 00:00:00+03:00,2026-07-18 06:00:00+03:00,6.0
381,low,block_06_12,2026-07-18 06:00:00+03:00,2026-07-18 12:00:00+03:00,6.0
381,low,block_12_18,2026-07-18 12:00:00+03:00,2026-07-18 18:00:00+03:00,6.0
381,low,block_18_24,2026-07-18 18:00:00+03:00,2026-07-19 00:00:00+03:00,6.0
381,low,block_00_06,2026-07-19 00:00:00+03:00,2026-07-19 06:00:00+03:00,6.0
381,low,block_06_12,2026-07-19 06:00:00+03:00,2026-07-19 12:00:00+03:00,6.0
381,low,block_12_18,2026-07-19 12:00:00+03:00,2026-07-19 18:00:00+03:00,6.0
381,low,block_18_24,2026-07-19 18:00:00+03:00,2026-07-20 00:00:00+03:00,6.0
382,low,block_00_06,2026-07-06 00:00:00+03:00,2026-07-06 06:00:00+03:00,6.0
382,low,block_06_12,2026-07-06 06:00:00+03:00,2026-07-06 12:00:00+03:00,6.0
382,low,block_12_18,2026-07-06 12:00:00+03:00,2026-07-06 18:00:00+03:00,6.0
382,low,block_18_24,2026-07-06 18:00:00+03:00,2026-07-07 00:00:00+03:00,6.0
382,low,block_00_06,2026-07-07 00:00:00+03:00,2026-07-07 06:00:00+03:00,6.0
382,low,block_06_12,2026-07-07 06:00:00+03:00,2026-07-07 12:00:00+03:00,6.0
382,low,block_12_18,2026-07-07 12:00:00+03:00,2026-07-07 18:00:00+03:00,6.0
382,low,block_18_24,2026-07-07 18:00:00+03:00,2026-07-08 00:00:00+03:00,6.0
382,low,block_00_06,2026-07-08 00:00:00+03:00,2026-07-08 06:00:00+03:00,6.0
382,low,block_06_12,2026-07-08 06:00:00+03:00,2026-07-08 12:00:00+03:00,6.0
382,low,block_12_18,2026-07-08 12:00:00+03:00,2026-07-08 18:00:00+03:00,6.0
382,low,block_18_24,2026-07-08 18:00:00+03:00,2026-07-09 00:00:00+03:00,6.0
382,low,block_00_06,2026-07-09 00:00:00+03:00,2026-07-09 06:00:00+03:00,6.0
382,low,block_06_12,2026-07-09 06:00:00+03:00,2026-07-09 12:00:00+03:00,6.0
382,low,block_12_18,2026-07-09 12:00:00+03:00,2026-07-09 18:00:00+03:00,6.0
382,low,block_18_24,2026-07-09 18:00:00+03:00,2026-07-10 00:00:00+03:00,6.0
382,low,block_00_06,2026-07-10 00:00:00+03:00,2026-07-10 06:00:00+03:00,6.0
382,low,block_06_12,2026-07-10 06:00:00+03:00,2026-07-10 12:00:00+03:00,6.0
382,low,block_12_18,2026-07-10 12:00:00+03:00,2026-07-10 18:00:00+03:00,6.0
382,low,block_18_24,2026-07-10 18:00:00+03:00,2026-07-11 00:00:00+03:00,6.0
382,low,block_00_06,2026-07-11 00:00:00+03:00,2026-07-11 06:00:00+03:00,6.0
382,low,block_06_12,2026-07-11 06:00:00+03:00,2026-07-11 12:00:00+03:00,6.0
382,low,block_12_18,2026-07-11 12:00:00+03:00,2026-07-11 18:00:00+03:00,6.0
382,low,block_18_24,2026-07-11 18:00:00+03:00,2026-07-12 00:00:00+03:00,6.0
382,low,block_00_06,2026-07-12 00:00:00+03:00,2026-07-12 06:00:00+03:00,6.0
382,low,block_06_12,2026-07-12 06:00:00+03:00,2026-07-12 12:00:00+03:00,6.0
382,low,block_12_18,2026-07-12 12:00:00+03:00,2026-07-12 18:00:00+03:00,6.0
382,low,block_18_24,2026-07-12 18:00:00+03:00,2026-07-13 00:00:00+03:00,6.0
382,low,block_00_06,2026-07-13 00:00:00+03:00,2026-07-13 06:00:00+03:00,6.0
382,low,block_06_12,2026-07-13 06:00:00+03:00,2026-07-13 12:00:00+03:00,6.0
382,low,block_12_18,2026-07-13 12:00:00+03:00,2026-07-13 18:00:00+03:00,6.0
382,low,block_18_24,2026-07-13 18:00:00+03:00,2026-07-14 00:00:00+03:00,6.0
382,low,block_00_06,2026-07-14 00:00:00+03:00,2026-07-14 06:00:00+03:00,6.0
382,low,block_06_12,2026-07-14 06:00:00+03:00,2026-07-14 12:00:00+03:00,6.0
382,low,block_12_18,2026-07-14 12:00:00+03:00,2026-07-14 18:00:00+03:00,6.0
382,low,block_18_24,2026-07-14 18:00:00+03:00,2026-07-15 00:00:00+03:00,6.0
382,low,block_00_06,2026-07-15 00:00:00+03:00,2026-07-15 06:00:00+03:00,6.0
382,low,block_06_12,2026-07-15 06:00:00+03:00,2026-07-15 12:00:00+03:00,6.0
382,low,block_12_18,2026-07-15 12:00:00+03:00,2026-07-15 18:00:00+03:00,6.0
382,low,block_18_24,2026-07-15 18:00:00+03:00,2026-07-16 00:00:00+03:00,6.0
382,low,block_00_06,2026-07-16 00:00:00+03:00,2026-07-16 06:00:00+03:00,6.0
382,low,block_06_12,2026-07-16 06:00:00+03:00,2026-07-16 12:00:00+03:00,6.0
382,low,block_12_18,2026-07-16 12:00:00+03:00,2026-07-16 18:00:00+03:00,6.0
382,low,block_18_24,2026-07-16 18:00:00+03:00,2026-07-17 00:00:00+03:00,6.0
382,low,block_00_06,2026-07-17 00:00:00+03:00,2026-07-17 06:00:00+03:00,6.0
382,low,block_06_12,2026-07-17 06:00:00+03:00,2026-07-17 12:00:00+03:00,6.0
382,low,block_12_18,2026-07-17 12:00:00+03:00,2026-07-17 18:00:00+03:00,6.0
382,low,block_18_24,2026-07-17 18:00:00+03:00,2026-07-18 00:00:00+03:00,6.0
382,low,block_00_06,2026-07-18 00:00:00+03:00,2026-07-18 06:00:00+03:00,6.0
382,low,block_06_12,2026-07-18 06:00:00+03:00,2026-07-18 12:00:00+03:00,6.0
382,low,block_12_18,2026-07-18 12:00:00+03:00,2026-07-18 18:00:00+03:00,6.0
382,low,block_18_24,2026-07-18 18:00:00+03:00,2026-07-19 00:00:00+03:00,6.0
382,low,block_00_06,2026-07-19 00:00:00+03:00,2026-07-19 06:00:00+03:00,6.0
382,low,block_06_12,2026-07-19 06:00:00+03:00,2026-07-19 12:00:00+03:00,6.0
382,low,block_12_18,2026-07-19 12:00:00+03:00,2026-07-19 18:00:00+03:00,6.0
382,low,block_18_24,2026-07-19 18:00:00+03:00,2026-07-20 00:00:00+03:00,6.0
383,low,block_00_06,2026-07-06 00:00:00+03:00,2026-07-06 06:00:00+03:00,6.0
383,low,block_06_12,2026-07-06 06:00:00+03:00,2026-07-06 12:00:00+03:00,6.0
383,low,block_12_18,2026-07-06 12:00:00+03:00,2026-07-06 18:00:00+03:00,6.0
383,low,block_18_24,2026-07-06 18:00:00+03:00,2026-07-07 00:00:00+03:00,6.0
383,low,block_00_06,2026-07-07 00:00:00+03:00,2026-07-07 06:00:00+03:00,6.0
383,low,block_06_12,2026-07-07 06:00:00+03:00,2026-07-07 12:00:00+03:00,6.0
383,low,block_12_18,2026-07-07 12:00:00+03:00,2026-07-07 18:00:00+03:00,6.0
383,low,block_18_24,2026-07-07 18:00:00+03:00,2026-07-08 00:00:00+03:00,6.0
383,low,block_00_06,2026-07-08 00:00:00+03:00,2026-07-08 06:00:00+03:00,6.0
383,low,block_06_12,2026-07-08 06:00:00+03:00,2026-07-08 12:00:00+03:00,6.0
383,low,block_12_18,2026-07-08 12:00:00+03:00,2026-07-08 18:00:00+03:00,6.0
383,low,block_18_24,2026-07-08 18:00:00+03:00,2026-07-09 00:00:00+03:00,6.0
383,low,block_00_06,2026-07-09 00:00:00+03:00,2026-07-09 06:00:00+03:00,6.0
383,low,block_06_12,2026-07-09 06:00:00+03:00,2026-07-09 12:00:00+03:00,6.0
383,low,block_12_18,2026-07-09 12:00:00+03:00,2026-07-09 18:00:00+03:00,6.0
383,low,block_18_24,2026-07-09 18:00:00+03:00,2026-07-10 00:00:00+03:00,6.0
383,low,block_00_06,2026-07-10 00:00:00+03:00,2026-07-10 06:00:00+03:00,6.0
383,low,block_06_12,2026-07-10 06:00:00+03:00,2026-07-10 12:00:00+03:00,6.0
383,low,block_12_18,2026-07-10 12:00:00+03:00,2026-07-10 18:00:00+03:00,6.0
383,low,block_18_24,2026-07-10 18:00:00+03:00,2026-07-11 00:00:00+03:00,6.0
383,low,block_00_06,2026-07-11 00:00:00+03:00,2026-07-11 06:00:00+03:00,6.0
383,low,block_06_12,2026-07-11 06:00:00+03:00,2026-07-11 12:00:00+03:00,6.0
383,low,block_12_18,2026-07-11 12:00:00+03:00,2026-07-11 18:00:00+03:00,6.0
383,low,block_18_24,2026-07-11 18:00:00+03:00,2026-07-12 00:00:00+03:00,6.0
383,low,block_00_06,2026-07-12 00:00:00+03:00,2026-07-12 06:00:00+03:00,6.0
383,low,block_06_12,2026-07-12 06:00:00+03:00,2026-07-12 12:00:00+03:00,6.0
383,low,block_12_18,2026-07-12 12:00:00+03:00,2026-07-12 18:00:00+03:00,6.0
383,low,block_18_24,2026-07-12 18:00:00+03:00,2026-07-13 00:00:00+03:00,6.0
383,low,block_00_06,2026-07-13 00:00:00+03:00,2026-07-13 06:00:00+03:00,6.0
383,low,block_06_12,2026-07-13 06:00:00+03:00,2026-07-13 12:00:00+03:00,6.0
383,low,block_12_18,2026-07-13 12:00:00+03:00,2026-07-13 18:00:00+03:00,6.0
383,low,block_18_24,2026-07-13 18:00:00+03:00,2026-07-14 00:00:00+03:00,6.0
383,low,block_00_06,2026-07-14 00:00:00+03:00,2026-07-14 06:00:00+03:00,6.0
383,low,block_06_12,2026-07-14 06:00:00+03:00,2026-07-14 12:00:00+03:00,6.0
383,low,block_12_18,2026-07-14 12:00:00+03:00,2026-07-14 18:00:00+03:00,6.0
383,low,block_18_24,2026-07-14 18:00:00+03:00,2026-07-15 00:00:00+03:00,6.0
383,low,block_00_06,2026-07-15 00:00:00+03:00,2026-07-15 06:00:00+03:00,6.0
383,low,block_06_12,2026-07-15 06:00:00+03:00,2026-07-15 12:00:00+03:00,6.0
383,low,block_12_18,2026-07-15 12:00:00+03:00,2026-07-15 18:00:00+03:00,6.0
383,low,block_18_24,2026-07-15 18:00:00+03:00,2026-07-16 00:00:00+03:00,6.0
383,low,block_00_06,2026-07-16 00:00:00+03:00,2026-07-16 06:00:00+03:00,6.0
383,low,block_06_12,2026-07-16 06:00:00+03:00,2026-07-16 12:00:00+03:00,6.0
383,low,block_12_18,2026-07-16 12:00:00+03:00,2026-07-16 18:00:00+03:00,6.0
383,low,block_18_24,2026-07-16 18:00:00+03:00,2026-07-17 00:00:00+03:00,6.0
383,low,block_00_06,2026-07-17 00:00:00+03:00,2026-07-17 06:00:00+03:00,6.0
383,low,block_06_12,2026-07-17 06:00:00+03:00,2026-07-17 12:00:00+03:00,6.0
383,low,block_12_18,2026-07-17 12:00:00+03:00,2026-07-17 18:00:00+03:00,6.0
383,low,block_18_24,2026-07-17 18:00:00+03:00,2026-07-18 00:00:00+03:00,6.0
383,low,block_00_06,2026-07-18 00:00:00+03:00,2026-07-18 06:00:00+03:00,6.0
383,low,block_06_12,2026-07-18 06:00:00+03:00,2026-07-18 12:00:00+03:00,6.0
383,low,block_12_18,2026-07-18 12:00:00+03:00,2026-07-18 18:00:00+03:00,6.0
383,low,block_18_24,2026-07-18 18:00:00+03:00,2026-07-19 00:00:00+03:00,6.0
383,low,block_00_06,2026-07-19 00:00:00+03:00,2026-07-19 06:00:00+03:00,6.0
383,low,block_06_12,2026-07-19 06:00:00+03:00,2026-07-19 12:00:00+03:00,6.0
383,low,block_12_18,2026-07-19 12:00:00+03:00,2026-07-19 18:00:00+03:00,6.0
383,low,block_18_24,2026-07-19 18:00:00+03:00,2026-07-20 00:00:00+03:00,6.0
40,medium,block_00_06,2026-07-06 00:00:00+03:00,2026-07-06 06:00:00+03:00,6.0
40,medium,block_06_12,2026-07-06 06:00:00+03:00,2026-07-06 12:00:00+03:00,6.0
40,medium,block_12_18,2026-07-06 12:00:00+03:00,2026-07-06 18:00:00+03:00,6.0
40,medium,block_18_24,2026-07-06 18:00:00+03:00,2026-07-07 00:00:00+03:00,6.0
40,medium,block_00_06,2026-07-07 00:00:00+03:00,2026-07-07 06:00:00+03:00,6.0
40,medium,block_06_12,2026-07-07 06:00:00+03:00,2026-07-07 12:00:00+03:00,6.0
40,medium,block_12_18,2026-07-07 12:00:00+03:00,2026-07-07 18:00:00+03:00,6.0
40,medium,block_18_24,2026-07-07 18:00:00+03:00,2026-07-08 00:00:00+03:00,6.0
40,medium,block_00_06,2026-07-08 00:00:00+03:00,2026-07-08 06:00:00+03:00,6.0
40,medium,block_06_12,2026-07-08 06:00:00+03:00,2026-07-08 12:00:00+03:00,6.0
40,medium,block_12_18,2026-07-08 12:00:00+03:00,2026-07-08 18:00:00+03:00,6.0
40,medium,block_18_24,2026-07-08 18:00:00+03:00,2026-07-09 00:00:00+03:00,6.0
40,medium,block_00_06,2026-07-09 00:00:00+03:00,2026-07-09 06:00:00+03:00,6.0
40,medium,block_06_12,2026-07-09 06:00:00+03:00,2026-07-09 12:00:00+03:00,6.0
40,medium,block_12_18,2026-07-09 12:00:00+03:00,2026-07-09 18:00:00+03:00,6.0
40,medium,block_18_24,2026-07-09 18:00:00+03:00,2026-07-10 00:00:00+03:00,6.0
40,medium,block_00_06,2026-07-10 00:00:00+03:00,2026-07-10 06:00:00+03:00,6.0
40,medium,block_06_12,2026-07-10 06:00:00+03:00,2026-07-10 12:00:00+03:00,6.0
40,medium,block_12_18,2026-07-10 12:00:00+03:00,2026-07-10 18:00:00+03:00,6.0
40,medium,block_18_24,2026-07-10 18:00:00+03:00,2026-07-11 00:00:00+03:00,6.0
40,medium,block_00_06,2026-07-11 00:00:00+03:00,2026-07-11 06:00:00+03:00,6.0
40,medium,block_06_12,2026-07-11 06:00:00+03:00,2026-07-11 12:00:00+03:00,6.0
40,medium,block_12_18,2026-07-11 12:00:00+03:00,2026-07-11 18:00:00+03:00,6.0
40,medium,block_18_24,2026-07-11 18:00:00+03:00,2026-07-12 00:00:00+03:00,6.0
40,medium,block_00_06,2026-07-12 00:00:00+03:00,2026-07-12 06:00:00+03:00,6.0
40,medium,block_06_12,2026-07-12 06:00:00+03:00,2026-07-12 12:00:00+03:00,6.0
40,medium,block_12_18,2026-07-12 12:00:00+03:00,2026-07-12 18:00:00+03:00,6.0
40,medium,block_18_24,2026-07-12 18:00:00+03:00,2026-07-13 00:00:00+03:00,6.0
40,medium,block_00_06,2026-07-13 00:00:00+03:00,2026-07-13 06:00:00+03:00,6.0
40,medium,block_06_12,2026-07-13 06:00:00+03:00,2026-07-13 12:00:00+03:00,6.0
40,medium,block_12_18,2026-07-13 12:00:00+03:00,2026-07-13 18:00:00+03:00,6.0
40,medium,block_18_24,2026-07-13 18:00:00+03:00,2026-07-14 00:00:00+03:00,6.0
40,medium,block_00_06,2026-07-14 00:00:00+03:00,2026-07-14 06:00:00+03:00,6.0
40,medium,block_06_12,2026-07-14 06:00:00+03:00,2026-07-14 12:00:00+03:00,6.0
40,medium,block_12_18,2026-07-14 12:00:00+03:00,2026-07-14 18:00:00+03:00,6.0
40,medium,block_18_24,2026-07-14 18:00:00+03:00,2026-07-15 00:00:00+03:00,6.0
40,medium,block_00_06,2026-07-15 00:00:00+03:00,2026-07-15 06:00:00+03:00,6.0
40,medium,block_06_12,2026-07-15 06:00:00+03:00,2026-07-15 12:00:00+03:00,6.0
40,medium,block_12_18,2026-07-15 12:00:00+03:00,2026-07-15 18:00:00+03:00,6.0
40,medium,block_18_24,2026-07-15 18:00:00+03:00,2026-07-16 00:00:00+03:00,6.0
40,medium,block_00_06,2026-07-16 00:00:00+03:00,2026-07-16 06:00:00+03:00,6.0
40,medium,block_06_12,2026-07-16 06:00:00+03:00,2026-07-16 12:00:00+03:00,6.0
40,medium,block_12_18,2026-07-16 12:00:00+03:00,2026-07-16 18:00:00+03:00,6.0
40,medium,block_18_24,2026-07-16 18:00:00+03:00,2026-07-17 00:00:00+03:00,6.0
40,medium,block_00_06,2026-07-17 00:00:00+03:00,2026-07-17 06:00:00+03:00,6.0
40,medium,block_06_12,2026-07-17 06:00:00+03:00,2026-07-17 12:00:00+03:00,6.0
40,medium,block_12_18,2026-07-17 12:00:00+03:00,2026-07-17 18:00:00+03:00,6.0
40,medium,block_18_24,2026-07-17 18:00:00+03:00,2026-07-18 00:00:00+03:00,6.0
40,medium,block_00_06,2026-07-18 00:00:00+03:00,2026-07-18 06:00:00+03:00,6.0
40,medium,block_06_12,2026-07-18 06:00:00+03:00,2026-07-18 12:00:00+03:00,6.0
40,medium,block_12_18,2026-07-18 12:00:00+03:00,2026-07-18 18:00:00+03:00,6.0
40,medium,block_18_24,2026-07-18 18:00:00+03:00,2026-07-19 00:00:00+03:00,6.0
40,medium,block_00_06,2026-07-19 00:00:00+03:00,2026-07-19 06:00:00+03:00,6.0
40,medium,block_06_12,2026-07-19 06:00:00+03:00,2026-07-19 12:00:00+03:00,6.0
40,medium,block_12_18,2026-07-19 12:00:00+03:00,2026-07-19 18:00:00+03:00,6.0
40,medium,block_18_24,2026-07-19 18:00:00+03:00,2026-07-20 00:00:00+03:00,6.0
41,low,block_00_06,2026-07-06 00:00:00+03:00,2026-07-06 06:00:00+03:00,6.0
41,low,block_06_12,2026-07-06 06:00:00+03:00,2026-07-06 12:00:00+03:00,6.0
41,low,block_12_18,2026-07-06 12:00:00+03:00,2026-07-06 18:00:00+03:00,6.0
41,low,block_18_24,2026-07-06 18:00:00+03:00,2026-07-07 00:00:00+03:00,6.0
41,low,block_00_06,2026-07-07 00:00:00+03:00,2026-07-07 06:00:00+03:00,6.0
41,low,block_06_12,2026-07-07 06:00:00+03:00,2026-07-07 12:00:00+03:00,6.0
41,low,block_12_18,2026-07-07 12:00:00+03:00,2026-07-07 18:00:00+03:00,6.0
41,low,block_18_24,2026-07-07 18:00:00+03:00,2026-07-08 00:00:00+03:00,6.0
41,low,block_00_06,2026-07-08 00:00:00+03:00,2026-07-08 06:00:00+03:00,6.0
41,low,block_06_12,2026-07-08 06:00:00+03:00,2026-07-08 12:00:00+03:00,6.0
41,low,block_12_18,2026-07-08 12:00:00+03:00,2026-07-08 18:00:00+03:00,6.0
41,low,block_18_24,2026-07-08 18:00:00+03:00,2026-07-09 00:00:00+03:00,6.0
41,low,block_00_06,2026-07-09 00:00:00+03:00,2026-07-09 06:00:00+03:00,6.0
41,low,block_06_12,2026-07-09 06:00:00+03:00,2026-07-09 12:00:00+03:00,6.0
41,low,block_12_18,2026-07-09 12:00:00+03:00,2026-07-09 18:00:00+03:00,6.0
41,low,block_18_24,2026-07-09 18:00:00+03:00,2026-07-10 00:00:00+03:00,6.0
41,low,block_00_06,2026-07-10 00:00:00+03:00,2026-07-10 06:00:00+03:00,6.0
41,low,block_06_12,2026-07-10 06:00:00+03:00,2026-07-10 12:00:00+03:00,6.0
41,low,block_12_18,2026-07-10 12:00:00+03:00,2026-07-10 18:00:00+03:00,6.0
41,low,block_18_24,2026-07-10 18:00:00+03:00,2026-07-11 00:00:00+03:00,6.0
41,low,block_00_06,2026-07-11 00:00:00+03:00,2026-07-11 06:00:00+03:00,6.0
41,low,block_06_12,2026-07-11 06:00:00+03:00,2026-07-11 12:00:00+03:00,6.0
41,low,block_12_18,2026-07-11 12:00:00+03:00,2026-07-11 18:00:00+03:00,6.0
41,low,block_18_24,2026-07-11 18:00:00+03:00,2026-07-12 00:00:00+03:00,6.0
41,low,block_00_06,2026-07-12 00:00:00+03:00,2026-07-12 06:00:00+03:00,6.0
41,low,block_06_12,2026-07-12 06:00:00+03:00,2026-07-12 12:00:00+03:00,6.0
41,low,block_12_18,2026-07-12 12:00:00+03:00,2026-07-12 18:00:00+03:00,6.0
41,low,block_18_24,2026-07-12 18:00:00+03:00,2026-07-13 00:00:00+03:00,6.0
41,low,block_00_06,2026-07-13 00:00:00+03:00,2026-07-13 06:00:00+03:00,6.0
41,low,block_06_12,2026-07-13 06:00:00+03:00,2026-07-13 12:00:00+03:00,6.0
41,low,block_12_18,2026-07-13 12:00:00+03:00,2026-07-13 18:00:00+03:00,6.0
41,low,block_18_24,2026-07-13 18:00:00+03:00,2026-07-14 00:00:00+03:00,6.0
41,low,block_00_06,2026-07-14 00:00:00+03:00,2026-07-14 06:00:00+03:00,6.0
41,low,block_06_12,2026-07-14 06:00:00+03:00,2026-07-14 12:00:00+03:00,6.0
41,low,block_12_18,2026-07-14 12:00:00+03:00,2026-07-14 18:00:00+03:00,6.0
41,low,block_18_24,2026-07-14 18:00:00+03:00,2026-07-15 00:00:00+03:00,6.0
41,low,block_00_06,2026-07-15 00:00:00+03:00,2026-07-15 06:00:00+03:00,6.0
41,low,block_06_12,2026-07-15 06:00:00+03:00,2026-07-15 12:00:00+03:00,6.0
41,low,block_12_18,2026-07-15 12:00:00+03:00,2026-07-15 18:00:00+03:00,6.0
41,low,block_18_24,2026-07-15 18:00:00+03:00,2026-07-16 00:00:00+03:00,6.0
41,low,block_00_06,2026-07-16 00:00:00+03:00,2026-07-16 06:00:00+03:00,6.0
41,low,block_06_12,2026-07-16 06:00:00+03:00,2026-07-16 12:00:00+03:00,6.0
41,low,block_12_18,2026-07-16 12:00:00+03:00,2026-07-16 18:00:00+03:00,6.0
41,low,block_18_24,2026-07-16 18:00:00+03:00,2026-07-17 00:00:00+03:00,6.0
41,low,block_00_06,2026-07-17 00:00:00+03:00,2026-07-17 06:00:00+03:00,6.0
41,low,block_06_12,2026-07-17 06:00:00+03:00,2026-07-17 12:00:00+03:00,6.0
41,low,block_12_18,2026-07-17 12:00:00+03:00,2026-07-17 18:00:00+03:00,6.0
41,low,block_18_24,2026-07-17 18:00:00+03:00,2026-07-18 00:00:00+03:00,6.0
41,low,block_00_06,2026-07-18 00:00:00+03:00,2026-07-18 06:00:00+03:00,6.0
41,low,block_06_12,2026-07-18 06:00:00+03:00,2026-07-18 12:00:00+03:00,6.0
41,low,block_12_18,2026-07-18 12:00:00+03:00,2026-07-18 18:00:00+03:00,6.0
41,low,block_18_24,2026-07-18 18:00:00+03:00,2026-07-19 00:00:00+03:00,6.0
41,low,block_00_06,2026-07-19 00:00:00+03:00,2026-07-19 06:00:00+03:00,6.0
41,low,block_06_12,2026-07-19 06:00:00+03:00,2026-07-19 12:00:00+03:00,6.0
41,low,block_12_18,2026-07-19 12:00:00+03:00,2026-07-19 18:00:00+03:00,6.0
41,low,block_18_24,2026-07-19 18:00:00+03:00,2026-07-20 00:00:00+03:00,6.0
422,low,block_00_06,2026-07-06 00:00:00+03:00,2026-07-06 06:00:00+03:00,6.0
422,low,block_06_12,2026-07-06 06:00:00+03:00,2026-07-06 12:00:00+03:00,6.0
422,low,block_12_18,2026-07-06 12:00:00+03:00,2026-07-06 18:00:00+03:00,6.0
422,low,block_18_24,2026-07-06 18:00:00+03:00,2026-07-07 00:00:00+03:00,6.0
422,low,block_00_06,2026-07-07 00:00:00+03:00,2026-07-07 06:00:00+03:00,6.0
422,low,block_06_12,2026-07-07 06:00:00+03:00,2026-07-07 12:00:00+03:00,6.0
422,low,block_12_18,2026-07-07 12:00:00+03:00,2026-07-07 18:00:00+03:00,6.0
422,low,block_18_24,2026-07-07 18:00:00+03:00,2026-07-08 00:00:00+03:00,6.0
422,low,block_00_06,2026-07-08 00:00:00+03:00,2026-07-08 06:00:00+03:00,6.0
422,low,block_06_12,2026-07-08 06:00:00+03:00,2026-07-08 12:00:00+03:00,6.0
422,low,block_12_18,2026-07-08 12:00:00+03:00,2026-07-08 18:00:00+03:00,6.0
422,low,block_18_24,2026-07-08 18:00:00+03:00,2026-07-09 00:00:00+03:00,6.0
422,low,block_00_06,2026-07-09 00:00:00+03:00,2026-07-09 06:00:00+03:00,6.0
422,low,block_06_12,2026-07-09 06:00:00+03:00,2026-07-09 12:00:00+03:00,6.0
422,low,block_12_18,2026-07-09 12:00:00+03:00,2026-07-09 18:00:00+03:00,6.0
422,low,block_18_24,2026-07-09 18:00:00+03:00,2026-07-10 00:00:00+03:00,6.0
422,low,block_00_06,2026-07-10 00:00:00+03:00,2026-07-10 06:00:00+03:00,6.0
422,low,block_06_12,2026-07-10 06:00:00+03:00,2026-07-10 12:00:00+03:00,6.0
422,low,block_12_18,2026-07-10 12:00:00+03:00,2026-07-10 18:00:00+03:00,6.0
422,low,block_18_24,2026-07-10 18:00:00+03:00,2026-07-11 00:00:00+03:00,6.0
422,low,block_00_06,2026-07-11 00:00:00+03:00,2026-07-11 06:00:00+03:00,6.0
422,low,block_06_12,2026-07-11 06:00:00+03:00,2026-07-11 12:00:00+03:00,6.0
422,low,block_12_18,2026-07-11 12:00:00+03:00,2026-07-11 18:00:00+03:00,6.0
422,low,block_18_24,2026-07-11 18:00:00+03:00,2026-07-12 00:00:00+03:00,6.0
422,low,block_00_06,2026-07-12 00:00:00+03:00,2026-07-12 06:00:00+03:00,6.0
422,low,block_06_12,2026-07-12 06:00:00+03:00,2026-07-12 12:00:00+03:00,6.0
422,low,block_12_18,2026-07-12 12:00:00+03:00,2026-07-12 18:00:00+03:00,6.0
422,low,block_18_24,2026-07-12 18:00:00+03:00,2026-07-13 00:00:00+03:00,6.0
422,low,block_00_06,2026-07-13 00:00:00+03:00,2026-07-13 06:00:00+03:00,6.0
422,low,block_06_12,2026-07-13 06:00:00+03:00,2026-07-13 12:00:00+03:00,6.0
422,low,block_12_18,2026-07-13 12:00:00+03:00,2026-07-13 18:00:00+03:00,6.0
422,low,block_18_24,2026-07-13 18:00:00+03:00,2026-07-14 00:00:00+03:00,6.0
422,low,block_00_06,2026-07-14 00:00:00+03:00,2026-07-14 06:00:00+03:00,6.0
422,low,block_06_12,2026-07-14 06:00:00+03:00,2026-07-14 12:00:00+03:00,6.0
422,low,block_12_18,2026-07-14 12:00:00+03:00,2026-07-14 18:00:00+03:00,6.0
422,low,block_18_24,2026-07-14 18:00:00+03:00,2026-07-15 00:00:00+03:00,6.0
422,low,block_00_06,2026-07-15 00:00:00+03:00,2026-07-15 06:00:00+03:00,6.0
422,low,block_06_12,2026-07-15 06:00:00+03:00,2026-07-15 12:00:00+03:00,6.0
422,low,block_12_18,2026-07-15 12:00:00+03:00,2026-07-15 18:00:00+03:00,6.0
422,low,block_18_24,2026-07-15 18:00:00+03:00,2026-07-16 00:00:00+03:00,6.0
422,low,block_00_06,2026-07-16 00:00:00+03:00,2026-07-16 06:00:00+03:00,6.0
422,low,block_06_12,2026-07-16 06:00:00+03:00,2026-07-16 12:00:00+03:00,6.0
422,low,block_12_18,2026-07-16 12:00:00+03:00,2026-07-16 18:00:00+03:00,6.0
422,low,block_18_24,2026-07-16 18:00:00+03:00,2026-07-17 00:00:00+03:00,6.0
422,low,block_00_06,2026-07-17 00:00:00+03:00,2026-07-17 06:00:00+03:00,6.0
422,low,block_06_12,2026-07-17 06:00:00+03:00,2026-07-17 12:00:00+03:00,6.0
422,low,block_12_18,2026-07-17 12:00:00+03:00,2026-07-17 18:00:00+03:00,6.0
422,low,block_18_24,2026-07-17 18:00:00+03:00,2026-07-18 00:00:00+03:00,6.0
422,low,block_00_06,2026-07-18 00:00:00+03:00,2026-07-18 06:00:00+03:00,6.0
422,low,block_06_12,2026-07-18 06:00:00+03:00,2026-07-18 12:00:00+03:00,6.0
422,low,block_12_18,2026-07-18 12:00:00+03:00,2026-07-18 18:00:00+03:00,6.0
422,low,block_18_24,2026-07-18 18:00:00+03:00,2026-07-19 00:00:00+03:00,6.0
422,low,block_00_06,2026-07-19 00:00:00+03:00,2026-07-19 06:00:00+03:00,6.0
422,low,block_06_12,2026-07-19 06:00:00+03:00,2026-07-19 12:00:00+03:00,6.0
422,low,block_12_18,2026-07-19 12:00:00+03:00,2026-07-19 18:00:00+03:00,6.0
422,low,block_18_24,2026-07-19 18:00:00+03:00,2026-07-20 00:00:00+03:00,6.0
423,low,block_00_06,2026-07-06 00:00:00+03:00,2026-07-06 06:00:00+03:00,6.0
423,low,block_06_12,2026-07-06 06:00:00+03:00,2026-07-06 12:00:00+03:00,6.0
423,low,block_12_18,2026-07-06 12:00:00+03:00,2026-07-06 18:00:00+03:00,6.0
423,low,block_18_24,2026-07-06 18:00:00+03:00,2026-07-07 00:00:00+03:00,6.0
423,low,block_00_06,2026-07-07 00:00:00+03:00,2026-07-07 06:00:00+03:00,6.0
423,low,block_06_12,2026-07-07 06:00:00+03:00,2026-07-07 12:00:00+03:00,6.0
423,low,block_12_18,2026-07-07 12:00:00+03:00,2026-07-07 18:00:00+03:00,6.0
423,low,block_18_24,2026-07-07 18:00:00+03:00,2026-07-08 00:00:00+03:00,6.0
423,low,block_00_06,2026-07-08 00:00:00+03:00,2026-07-08 06:00:00+03:00,6.0
423,low,block_06_12,2026-07-08 06:00:00+03:00,2026-07-08 12:00:00+03:00,6.0
423,low,block_12_18,2026-07-08 12:00:00+03:00,2026-07-08 18:00:00+03:00,6.0
423,low,block_18_24,2026-07-08 18:00:00+03:00,2026-07-09 00:00:00+03:00,6.0
423,low,block_00_06,2026-07-09 00:00:00+03:00,2026-07-09 06:00:00+03:00,6.0
423,low,block_06_12,2026-07-09 06:00:00+03:00,2026-07-09 12:00:00+03:00,6.0
423,low,block_12_18,2026-07-09 12:00:00+03:00,2026-07-09 18:00:00+03:00,6.0
423,low,block_18_24,2026-07-09 18:00:00+03:00,2026-07-10 00:00:00+03:00,6.0
423,low,block_00_06,2026-07-10 00:00:00+03:00,2026-07-10 06:00:00+03:00,6.0
423,low,block_06_12,2026-07-10 06:00:00+03:00,2026-07-10 12:00:00+03:00,6.0
423,low,block_12_18,2026-07-10 12:00:00+03:00,2026-07-10 18:00:00+03:00,6.0
423,low,block_18_24,2026-07-10 18:00:00+03:00,2026-07-11 00:00:00+03:00,6.0
423,low,block_00_06,2026-07-11 00:00:00+03:00,2026-07-11 06:00:00+03:00,6.0
423,low,block_06_12,2026-07-11 06:00:00+03:00,2026-07-11 12:00:00+03:00,6.0
423,low,block_12_18,2026-07-11 12:00:00+03:00,2026-07-11 18:00:00+03:00,6.0
423,low,block_18_24,2026-07-11 18:00:00+03:00,2026-07-12 00:00:00+03:00,6.0
423,low,block_00_06,2026-07-12 00:00:00+03:00,2026-07-12 06:00:00+03:00,6.0
423,low,block_06_12,2026-07-12 06:00:00+03:00,2026-07-12 12:00:00+03:00,6.0
423,low,block_12_18,2026-07-12 12:00:00+03:00,2026-07-12 18:00:00+03:00,6.0
423,low,block_18_24,2026-07-12 18:00:00+03:00,2026-07-13 00:00:00+03:00,6.0
423,low,block_00_06,2026-07-13 00:00:00+03:00,2026-07-13 06:00:00+03:00,6.0
423,low,block_06_12,2026-07-13 06:00:00+03:00,2026-07-13 12:00:00+03:00,6.0
423,low,block_12_18,2026-07-13 12:00:00+03:00,2026-07-13 18:00:00+03:00,6.0
423,low,block_18_24,2026-07-13 18:00:00+03:00,2026-07-14 00:00:00+03:00,6.0
423,low,block_00_06,2026-07-14 00:00:00+03:00,2026-07-14 06:00:00+03:00,6.0
423,low,block_06_12,2026-07-14 06:00:00+03:00,2026-07-14 12:00:00+03:00,6.0
423,low,block_12_18,2026-07-14 12:00:00+03:00,2026-07-14 18:00:00+03:00,6.0
423,low,block_18_24,2026-07-14 18:00:00+03:00,2026-07-15 00:00:00+03:00,6.0
423,low,block_00_06,2026-07-15 00:00:00+03:00,2026-07-15 06:00:00+03:00,6.0
423,low,block_06_12,2026-07-15 06:00:00+03:00,2026-07-15 12:00:00+03:00,6.0
423,low,block_12_18,2026-07-15 12:00:00+03:00,2026-07-15 18:00:00+03:00,6.0
423,low,block_18_24,2026-07-15 18:00:00+03:00,2026-07-16 00:00:00+03:00,6.0
423,low,block_00_06,2026-07-16 00:00:00+03:00,2026-07-16 06:00:00+03:00,6.0
423,low,block_06_12,2026-07-16 06:00:00+03:00,2026-07-16 12:00:00+03:00,6.0
423,low,block_12_18,2026-07-16 12:00:00+03:00,2026-07-16 18:00:00+03:00,6.0
423,low,block_18_24,2026-07-16 18:00:00+03:00,2026-07-17 00:00:00+03:00,6.0
423,low,block_00_06,2026-07-17 00:00:00+03:00,2026-07-17 06:00:00+03:00,6.0
423,low,block_06_12,2026-07-17 06:00:00+03:00,2026-07-17 12:00:00+03:00,6.0
423,low,block_12_18,2026-07-17 12:00:00+03:00,2026-07-17 18:00:00+03:00,6.0
423,low,block_18_24,2026-07-17 18:00:00+03:00,2026-07-18 00:00:00+03:00,6.0
423,low,block_00_06,2026-07-18 00:00:00+03:00,2026-07-18 06:00:00+03:00,6.0
423,low,block_06_12,2026-07-18 06:00:00+03:00,2026-07-18 12:00:00+03:00,6.0
423,low,block_12_18,2026-07-18 12:00:00+03:00,2026-07-18 18:00:00+03:00,6.0
423,low,block_18_24,2026-07-18 18:00:00+03:00,2026-07-19 00:00:00+03:00,6.0
423,low,block_00_06,2026-07-19 00:00:00+03:00,2026-07-19 06:00:00+03:00,6.0
423,low,block_06_12,2026-07-19 06:00:00+03:00,2026-07-19 12:00:00+03:00,6.0
423,low,block_12_18,2026-07-19 12:00:00+03:00,2026-07-19 18:00:00+03:00,6.0
423,low,block_18_24,2026-07-19 18:00:00+03:00,2026-07-20 00:00:00+03:00,6.0
425,low,block_00_06,2026-07-06 00:00:00+03:00,2026-07-06 06:00:00+03:00,6.0
425,low,block_06_12,2026-07-06 06:00:00+03:00,2026-07-06 12:00:00+03:00,6.0
425,low,block_12_18,2026-07-06 12:00:00+03:00,2026-07-06 18:00:00+03:00,6.0
425,low,block_18_24,2026-07-06 18:00:00+03:00,2026-07-07 00:00:00+03:00,6.0
425,low,block_00_06,2026-07-07 00:00:00+03:00,2026-07-07 06:00:00+03:00,6.0
425,low,block_06_12,2026-07-07 06:00:00+03:00,2026-07-07 12:00:00+03:00,6.0
425,low,block_12_18,2026-07-07 12:00:00+03:00,2026-07-07 18:00:00+03:00,6.0
425,low,block_18_24,2026-07-07 18:00:00+03:00,2026-07-08 00:00:00+03:00,6.0
425,low,block_00_06,2026-07-08 00:00:00+03:00,2026-07-08 06:00:00+03:00,6.0
425,low,block_06_12,2026-07-08 06:00:00+03:00,2026-07-08 12:00:00+03:00,6.0
425,low,block_12_18,2026-07-08 12:00:00+03:00,2026-07-08 18:00:00+03:00,6.0
425,low,block_18_24,2026-07-08 18:00:00+03:00,2026-07-09 00:00:00+03:00,6.0
425,low,block_00_06,2026-07-09 00:00:00+03:00,2026-07-09 06:00:00+03:00,6.0
425,low,block_06_12,2026-07-09 06:00:00+03:00,2026-07-09 12:00:00+03:00,6.0
425,low,block_12_18,2026-07-09 12:00:00+03:00,2026-07-09 18:00:00+03:00,6.0
425,low,block_18_24,2026-07-09 18:00:00+03:00,2026-07-10 00:00:00+03:00,6.0
425,low,block_00_06,2026-07-10 00:00:00+03:00,2026-07-10 06:00:00+03:00,6.0
425,low,block_06_12,2026-07-10 06:00:00+03:00,2026-07-10 12:00:00+03:00,6.0
425,low,block_12_18,2026-07-10 12:00:00+03:00,2026-07-10 18:00:00+03:00,6.0
425,low,block_18_24,2026-07-10 18:00:00+03:00,2026-07-11 00:00:00+03:00,6.0
425,low,block_00_06,2026-07-11 00:00:00+03:00,2026-07-11 06:00:00+03:00,6.0
425,low,block_06_12,2026-07-11 06:00:00+03:00,2026-07-11 12:00:00+03:00,6.0
425,low,block_12_18,2026-07-11 12:00:00+03:00,2026-07-11 18:00:00+03:00,6.0
425,low,block_18_24,2026-07-11 18:00:00+03:00,2026-07-12 00:00:00+03:00,6.0
425,low,block_00_06,2026-07-12 00:00:00+03:00,2026-07-12 06:00:00+03:00,6.0
425,low,block_06_12,2026-07-12 06:00:00+03:00,2026-07-12 12:00:00+03:00,6.0
425,low,block_12_18,2026-07-12 12:00:00+03:00,2026-07-12 18:00:00+03:00,6.0
425,low,block_18_24,2026-07-12 18:00:00+03:00,2026-07-13 00:00:00+03:00,6.0
425,low,block_00_06,2026-07-13 00:00:00+03:00,2026-07-13 06:00:00+03:00,6.0
425,low,block_06_12,2026-07-13 06:00:00+03:00,2026-07-13 12:00:00+03:00,6.0
425,low,block_12_18,2026-07-13 12:00:00+03:00,2026-07-13 18:00:00+03:00,6.0
425,low,block_18_24,2026-07-13 18:00:00+03:00,2026-07-14 00:00:00+03:00,6.0
425,low,block_00_06,2026-07-14 00:00:00+03:00,2026-07-14 06:00:00+03:00,6.0
425,low,block_06_12,2026-07-14 06:00:00+03:00,2026-07-14 12:00:00+03:00,6.0
425,low,block_12_18,2026-07-14 12:00:00+03:00,2026-07-14 18:00:00+03:00,6.0
425,low,block_18_24,2026-07-14 18:00:00+03:00,2026-07-15 00:00:00+03:00,6.0
425,low,block_00_06,2026-07-15 00:00:00+03:00,2026-07-15 06:00:00+03:00,6.0
425,low,block_06_12,2026-07-15 06:00:00+03:00,2026-07-15 12:00:00+03:00,6.0
425,low,block_12_18,2026-07-15 12:00:00+03:00,2026-07-15 18:00:00+03:00,6.0
425,low,block_18_24,2026-07-15 18:00:00+03:00,2026-07-16 00:00:00+03:00,6.0
425,low,block_00_06,2026-07-16 00:00:00+03:00,2026-07-16 06:00:00+03:00,6.0
425,low,block_06_12,2026-07-16 06:00:00+03:00,2026-07-16 12:00:00+03:00,6.0
425,low,block_12_18,2026-07-16 12:00:00+03:00,2026-07-16 18:00:00+03:00,6.0
425,low,block_18_24,2026-07-16 18:00:00+03:00,2026-07-17 00:00:00+03:00,6.0
425,low,block_00_06,2026-07-17 00:00:00+03:00,2026-07-17 06:00:00+03:00,6.0
425,low,block_06_12,2026-07-17 06:00:00+03:00,2026-07-17 12:00:00+03:00,6.0
425,low,block_12_18,2026-07-17 12:00:00+03:00,2026-07-17 18:00:00+03:00,6.0
425,low,block_18_24,2026-07-17 18:00:00+03:00,2026-07-18 00:00:00+03:00,6.0
425,low,block_00_06,2026-07-18 00:00:00+03:00,2026-07-18 06:00:00+03:00,6.0
425,low,block_06_12,2026-07-18 06:00:00+03:00,2026-07-18 12:00:00+03:00,6.0
425,low,block_12_18,2026-07-18 12:00:00+03:00,2026-07-18 18:00:00+03:00,6.0
425,low,block_18_24,2026-07-18 18:00:00+03:00,2026-07-19 00:00:00+03:00,6.0
425,low,block_00_06,2026-07-19 00:00:00+03:00,2026-07-19 06:00:00+03:00,6.0
425,low,block_06_12,2026-07-19 06:00:00+03:00,2026-07-19 12:00:00+03:00,6.0
425,low,block_12_18,2026-07-19 12:00:00+03:00,2026-07-19 18:00:00+03:00,6.0
425,low,block_18_24,2026-07-19 18:00:00+03:00,2026-07-20 00:00:00+03:00,6.0
427,low,block_00_06,2026-07-06 00:00:00+03:00,2026-07-06 06:00:00+03:00,6.0
427,low,block_06_12,2026-07-06 06:00:00+03:00,2026-07-06 12:00:00+03:00,6.0
427,low,block_12_18,2026-07-06 12:00:00+03:00,2026-07-06 18:00:00+03:00,6.0
427,low,block_18_24,2026-07-06 18:00:00+03:00,2026-07-07 00:00:00+03:00,6.0
427,low,block_00_06,2026-07-07 00:00:00+03:00,2026-07-07 06:00:00+03:00,6.0
427,low,block_06_12,2026-07-07 06:00:00+03:00,2026-07-07 12:00:00+03:00,6.0
427,low,block_12_18,2026-07-07 12:00:00+03:00,2026-07-07 18:00:00+03:00,6.0
427,low,block_18_24,2026-07-07 18:00:00+03:00,2026-07-08 00:00:00+03:00,6.0
427,low,block_00_06,2026-07-08 00:00:00+03:00,2026-07-08 06:00:00+03:00,6.0
427,low,block_06_12,2026-07-08 06:00:00+03:00,2026-07-08 12:00:00+03:00,6.0
427,low,block_12_18,2026-07-08 12:00:00+03:00,2026-07-08 18:00:00+03:00,6.0
427,low,block_18_24,2026-07-08 18:00:00+03:00,2026-07-09 00:00:00+03:00,6.0
427,low,block_00_06,2026-07-09 00:00:00+03:00,2026-07-09 06:00:00+03:00,6.0
427,low,block_06_12,2026-07-09 06:00:00+03:00,2026-07-09 12:00:00+03:00,6.0
427,low,block_12_18,2026-07-09 12:00:00+03:00,2026-07-09 18:00:00+03:00,6.0
427,low,block_18_24,2026-07-09 18:00:00+03:00,2026-07-10 00:00:00+03:00,6.0
427,low,block_00_06,2026-07-10 00:00:00+03:00,2026-07-10 06:00:00+03:00,6.0
427,low,block_06_12,2026-07-10 06:00:00+03:00,2026-07-10 12:00:00+03:00,6.0
427,low,block_12_18,2026-07-10 12:00:00+03:00,2026-07-10 18:00:00+03:00,6.0
427,low,block_18_24,2026-07-10 18:00:00+03:00,2026-07-11 00:00:00+03:00,6.0
427,low,block_00_06,2026-07-11 00:00:00+03:00,2026-07-11 06:00:00+03:00,6.0
427,low,block_06_12,2026-07-11 06:00:00+03:00,2026-07-11 12:00:00+03:00,6.0
427,low,block_12_18,2026-07-11 12:00:00+03:00,2026-07-11 18:00:00+03:00,6.0
427,low,block_18_24,2026-07-11 18:00:00+03:00,2026-07-12 00:00:00+03:00,6.0
427,low,block_00_06,2026-07-12 00:00:00+03:00,2026-07-12 06:00:00+03:00,6.0
427,low,block_06_12,2026-07-12 06:00:00+03:00,2026-07-12 12:00:00+03:00,6.0
427,low,block_12_18,2026-07-12 12:00:00+03:00,2026-07-12 18:00:00+03:00,6.0
427,low,block_18_24,2026-07-12 18:00:00+03:00,2026-07-13 00:00:00+03:00,6.0
427,low,block_00_06,2026-07-13 00:00:00+03:00,2026-07-13 06:00:00+03:00,6.0
427,low,block_06_12,2026-07-13 06:00:00+03:00,2026-07-13 12:00:00+03:00,6.0
427,low,block_12_18,2026-07-13 12:00:00+03:00,2026-07-13 18:00:00+03:00,6.0
427,low,block_18_24,2026-07-13 18:00:00+03:00,2026-07-14 00:00:00+03:00,6.0
427,low,block_00_06,2026-07-14 00:00:00+03:00,2026-07-14 06:00:00+03:00,6.0
427,low,block_06_12,2026-07-14 06:00:00+03:00,2026-07-14 12:00:00+03:00,6.0
427,low,block_12_18,2026-07-14 12:00:00+03:00,2026-07-14 18:00:00+03:00,6.0
427,low,block_18_24,2026-07-14 18:00:00+03:00,2026-07-15 00:00:00+03:00,6.0
427,low,block_00_06,2026-07-15 00:00:00+03:00,2026-07-15 06:00:00+03:00,6.0
427,low,block_06_12,2026-07-15 06:00:00+03:00,2026-07-15 12:00:00+03:00,6.0
427,low,block_12_18,2026-07-15 12:00:00+03:00,2026-07-15 18:00:00+03:00,6.0
427,low,block_18_24,2026-07-15 18:00:00+03:00,2026-07-16 00:00:00+03:00,6.0
427,low,block_00_06,2026-07-16 00:00:00+03:00,2026-07-16 06:00:00+03:00,6.0
427,low,block_06_12,2026-07-16 06:00:00+03:00,2026-07-16 12:00:00+03:00,6.0
427,low,block_12_18,2026-07-16 12:00:00+03:00,2026-07-16 18:00:00+03:00,6.0
427,low,block_18_24,2026-07-16 18:00:00+03:00,2026-07-17 00:00:00+03:00,6.0
427,low,block_00_06,2026-07-17 00:00:00+03:00,2026-07-17 06:00:00+03:00,6.0
427,low,block_06_12,2026-07-17 06:00:00+03:00,2026-07-17 12:00:00+03:00,6.0
427,low,block_12_18,2026-07-17 12:00:00+03:00,2026-07-17 18:00:00+03:00,6.0
427,low,block_18_24,2026-07-17 18:00:00+03:00,2026-07-18 00:00:00+03:00,6.0
427,low,block_00_06,2026-07-18 00:00:00+03:00,2026-07-18 06:00:00+03:00,6.0
427,low,block_06_12,2026-07-18 06:00:00+03:00,2026-07-18 12:00:00+03:00,6.0
427,low,block_12_18,2026-07-18 12:00:00+03:00,2026-07-18 18:00:00+03:00,6.0
427,low,block_18_24,2026-07-18 18:00:00+03:00,2026-07-19 00:00:00+03:00,6.0
427,low,block_00_06,2026-07-19 00:00:00+03:00,2026-07-19 06:00:00+03:00,6.0
427,low,block_06_12,2026-07-19 06:00:00+03:00,2026-07-19 12:00:00+03:00,6.0
427,low,block_12_18,2026-07-19 12:00:00+03:00,2026-07-19 18:00:00+03:00,6.0
427,low,block_18_24,2026-07-19 18:00:00+03:00,2026-07-20 00:00:00+03:00,6.0
43,low,block_00_06,2026-07-06 00:00:00+03:00,2026-07-06 06:00:00+03:00,6.0
43,low,block_06_12,2026-07-06 06:00:00+03:00,2026-07-06 12:00:00+03:00,6.0
43,low,block_12_18,2026-07-06 12:00:00+03:00,2026-07-06 18:00:00+03:00,6.0
43,low,block_18_24,2026-07-06 18:00:00+03:00,2026-07-07 00:00:00+03:00,6.0
43,low,block_00_06,2026-07-07 00:00:00+03:00,2026-07-07 06:00:00+03:00,6.0
43,low,block_06_12,2026-07-07 06:00:00+03:00,2026-07-07 12:00:00+03:00,6.0
43,low,block_12_18,2026-07-07 12:00:00+03:00,2026-07-07 18:00:00+03:00,6.0
43,low,block_18_24,2026-07-07 18:00:00+03:00,2026-07-08 00:00:00+03:00,6.0
43,low,block_00_06,2026-07-08 00:00:00+03:00,2026-07-08 06:00:00+03:00,6.0
43,low,block_06_12,2026-07-08 06:00:00+03:00,2026-07-08 12:00:00+03:00,6.0
43,low,block_12_18,2026-07-08 12:00:00+03:00,2026-07-08 18:00:00+03:00,6.0
43,low,block_18_24,2026-07-08 18:00:00+03:00,2026-07-09 00:00:00+03:00,6.0
43,low,block_00_06,2026-07-09 00:00:00+03:00,2026-07-09 06:00:00+03:00,6.0
43,low,block_06_12,2026-07-09 06:00:00+03:00,2026-07-09 12:00:00+03:00,6.0
43,low,block_12_18,2026-07-09 12:00:00+03:00,2026-07-09 18:00:00+03:00,6.0
43,low,block_18_24,2026-07-09 18:00:00+03:00,2026-07-10 00:00:00+03:00,6.0
43,low,block_00_06,2026-07-10 00:00:00+03:00,2026-07-10 06:00:00+03:00,6.0
43,low,block_06_12,2026-07-10 06:00:00+03:00,2026-07-10 12:00:00+03:00,6.0
43,low,block_12_18,2026-07-10 12:00:00+03:00,2026-07-10 18:00:00+03:00,6.0
43,low,block_18_24,2026-07-10 18:00:00+03:00,2026-07-11 00:00:00+03:00,6.0
43,low,block_00_06,2026-07-11 00:00:00+03:00,2026-07-11 06:00:00+03:00,6.0
43,low,block_06_12,2026-07-11 06:00:00+03:00,2026-07-11 12:00:00+03:00,6.0
43,low,block_12_18,2026-07-11 12:00:00+03:00,2026-07-11 18:00:00+03:00,6.0
43,low,block_18_24,2026-07-11 18:00:00+03:00,2026-07-12 00:00:00+03:00,6.0
43,low,block_00_06,2026-07-12 00:00:00+03:00,2026-07-12 06:00:00+03:00,6.0
43,low,block_06_12,2026-07-12 06:00:00+03:00,2026-07-12 12:00:00+03:00,6.0
43,low,block_12_18,2026-07-12 12:00:00+03:00,2026-07-12 18:00:00+03:00,6.0
43,low,block_18_24,2026-07-12 18:00:00+03:00,2026-07-13 00:00:00+03:00,6.0
43,low,block_00_06,2026-07-13 00:00:00+03:00,2026-07-13 06:00:00+03:00,6.0
43,low,block_06_12,2026-07-13 06:00:00+03:00,2026-07-13 12:00:00+03:00,6.0
43,low,block_12_18,2026-07-13 12:00:00+03:00,2026-07-13 18:00:00+03:00,6.0
43,low,block_18_24,2026-07-13 18:00:00+03:00,2026-07-14 00:00:00+03:00,6.0
43,low,block_00_06,2026-07-14 00:00:00+03:00,2026-07-14 06:00:00+03:00,6.0
43,low,block_06_12,2026-07-14 06:00:00+03:00,2026-07-14 12:00:00+03:00,6.0
43,low,block_12_18,2026-07-14 12:00:00+03:00,2026-07-14 18:00:00+03:00,6.0
43,low,block_18_24,2026-07-14 18:00:00+03:00,2026-07-15 00:00:00+03:00,6.0
43,low,block_00_06,2026-07-15 00:00:00+03:00,2026-07-15 06:00:00+03:00,6.0
43,low,block_06_12,2026-07-15 06:00:00+03:00,2026-07-15 12:00:00+03:00,6.0
43,low,block_12_18,2026-07-15 12:00:00+03:00,2026-07-15 18:00:00+03:00,6.0
43,low,block_18_24,2026-07-15 18:00:00+03:00,2026-07-16 00:00:00+03:00,6.0
43,low,block_00_06,2026-07-16 00:00:00+03:00,2026-07-16 06:00:00+03:00,6.0
43,low,block_06_12,2026-07-16 06:00:00+03:00,2026-07-16 12:00:00+03:00,6.0
43,low,block_12_18,2026-07-16 12:00:00+03:00,2026-07-16 18:00:00+03:00,6.0
43,low,block_18_24,2026-07-16 18:00:00+03:00,2026-07-17 00:00:00+03:00,6.0
43,low,block_00_06,2026-07-17 00:00:00+03:00,2026-07-17 06:00:00+03:00,6.0
43,low,block_06_12,2026-07-17 06:00:00+03:00,2026-07-17 12:00:00+03:00,6.0
43,low,block_12_18,2026-07-17 12:00:00+03:00,2026-07-17 18:00:00+03:00,6.0
43,low,block_18_24,2026-07-17 18:00:00+03:00,2026-07-18 00:00:00+03:00,6.0
43,low,block_00_06,2026-07-18 00:00:00+03:00,2026-07-18 06:00:00+03:00,6.0
43,low,block_06_12,2026-07-18 06:00:00+03:00,2026-07-18 12:00:00+03:00,6.0
43,low,block_12_18,2026-07-18 12:00:00+03:00,2026-07-18 18:00:00+03:00,6.0
43,low,block_18_24,2026-07-18 18:00:00+03:00,2026-07-19 00:00:00+03:00,6.0
43,low,block_00_06,2026-07-19 00:00:00+03:00,2026-07-19 06:00:00+03:00,6.0
43,low,block_06_12,2026-07-19 06:00:00+03:00,2026-07-19 12:00:00+03:00,6.0
43,low,block_12_18,2026-07-19 12:00:00+03:00,2026-07-19 18:00:00+03:00,6.0
43,low,block_18_24,2026-07-19 18:00:00+03:00,2026-07-20 00:00:00+03:00,6.0
434,medium,block_00_06,2026-07-06 00:00:00+03:00,2026-07-06 06:00:00+03:00,6.0
434,medium,block_06_12,2026-07-06 06:00:00+03:00,2026-07-06 12:00:00+03:00,6.0
434,medium,block_12_18,2026-07-06 12:00:00+03:00,2026-07-06 18:00:00+03:00,6.0
434,medium,block_18_24,2026-07-06 18:00:00+03:00,2026-07-07 00:00:00+03:00,6.0
434,medium,block_00_06,2026-07-07 00:00:00+03:00,2026-07-07 06:00:00+03:00,6.0
434,medium,block_06_12,2026-07-07 06:00:00+03:00,2026-07-07 12:00:00+03:00,6.0
434,medium,block_12_18,2026-07-07 12:00:00+03:00,2026-07-07 18:00:00+03:00,6.0
434,medium,block_18_24,2026-07-07 18:00:00+03:00,2026-07-08 00:00:00+03:00,6.0
434,medium,block_00_06,2026-07-08 00:00:00+03:00,2026-07-08 06:00:00+03:00,6.0
434,medium,block_06_12,2026-07-08 06:00:00+03:00,2026-07-08 12:00:00+03:00,6.0
434,medium,block_12_18,2026-07-08 12:00:00+03:00,2026-07-08 18:00:00+03:00,6.0
434,medium,block_18_24,2026-07-08 18:00:00+03:00,2026-07-09 00:00:00+03:00,6.0
434,medium,block_00_06,2026-07-09 00:00:00+03:00,2026-07-09 06:00:00+03:00,6.0
434,medium,block_06_12,2026-07-09 06:00:00+03:00,2026-07-09 12:00:00+03:00,6.0
434,medium,block_12_18,2026-07-09 12:00:00+03:00,2026-07-09 18:00:00+03:00,6.0
434,medium,block_18_24,2026-07-09 18:00:00+03:00,2026-07-10 00:00:00+03:00,6.0
434,medium,block_00_06,2026-07-10 00:00:00+03:00,2026-07-10 06:00:00+03:00,6.0
434,medium,block_06_12,2026-07-10 06:00:00+03:00,2026-07-10 12:00:00+03:00,6.0
434,medium,block_12_18,2026-07-10 12:00:00+03:00,2026-07-10 18:00:00+03:00,6.0
434,medium,block_18_24,2026-07-10 18:00:00+03:00,2026-07-11 00:00:00+03:00,6.0
434,medium,block_00_06,2026-07-11 00:00:00+03:00,2026-07-11 06:00:00+03:00,6.0
434,medium,block_06_12,2026-07-11 06:00:00+03:00,2026-07-11 12:00:00+03:00,6.0
434,medium,block_12_18,2026-07-11 12:00:00+03:00,2026-07-11 18:00:00+03:00,6.0
434,medium,block_18_24,2026-07-11 18:00:00+03:00,2026-07-12 00:00:00+03:00,6.0
434,medium,block_00_06,2026-07-12 00:00:00+03:00,2026-07-12 06:00:00+03:00,6.0
434,medium,block_06_12,2026-07-12 06:00:00+03:00,2026-07-12 12:00:00+03:00,6.0
434,medium,block_12_18,2026-07-12 12:00:00+03:00,2026-07-12 18:00:00+03:00,6.0
434,medium,block_18_24,2026-07-12 18:00:00+03:00,2026-07-13 00:00:00+03:00,6.0
434,medium,block_00_06,2026-07-13 00:00:00+03:00,2026-07-13 06:00:00+03:00,6.0
434,medium,block_06_12,2026-07-13 06:00:00+03:00,2026-07-13 12:00:00+03:00,6.0
434,medium,block_12_18,2026-07-13 12:00:00+03:00,2026-07-13 18:00:00+03:00,6.0
434,medium,block_18_24,2026-07-13 18:00:00+03:00,2026-07-14 00:00:00+03:00,6.0
434,medium,block_00_06,2026-07-14 00:00:00+03:00,2026-07-14 06:00:00+03:00,6.0
434,medium,block_06_12,2026-07-14 06:00:00+03:00,2026-07-14 12:00:00+03:00,6.0
434,medium,block_12_18,2026-07-14 12:00:00+03:00,2026-07-14 18:00:00+03:00,6.0
434,medium,block_18_24,2026-07-14 18:00:00+03:00,2026-07-15 00:00:00+03:00,6.0
434,medium,block_00_06,2026-07-15 00:00:00+03:00,2026-07-15 06:00:00+03:00,6.0
434,medium,block_06_12,2026-07-15 06:00:00+03:00,2026-07-15 12:00:00+03:00,6.0
434,medium,block_12_18,2026-07-15 12:00:00+03:00,2026-07-15 18:00:00+03:00,6.0
434,medium,block_18_24,2026-07-15 18:00:00+03:00,2026-07-16 00:00:00+03:00,6.0
434,medium,block_00_06,2026-07-16 00:00:00+03:00,2026-07-16 06:00:00+03:00,6.0
434,medium,block_06_12,2026-07-16 06:00:00+03:00,2026-07-16 12:00:00+03:00,6.0
434,medium,block_12_18,2026-07-16 12:00:00+03:00,2026-07-16 18:00:00+03:00,6.0
434,medium,block_18_24,2026-07-16 18:00:00+03:00,2026-07-17 00:00:00+03:00,6.0
434,medium,block_00_06,2026-07-17 00:00:00+03:00,2026-07-17 06:00:00+03:00,6.0
434,medium,block_06_12,2026-07-17 06:00:00+03:00,2026-07-17 12:00:00+03:00,6.0
434,medium,block_12_18,2026-07-17 12:00:00+03:00,2026-07-17 18:00:00+03:00,6.0
434,medium,block_18_24,2026-07-17 18:00:00+03:00,2026-07-18 00:00:00+03:00,6.0
434,medium,block_00_06,2026-07-18 00:00:00+03:00,2026-07-18 06:00:00+03:00,6.0
434,medium,block_06_12,2026-07-18 06:00:00+03:00,2026-07-18 12:00:00+03:00,6.0
434,medium,block_12_18,2026-07-18 12:00:00+03:00,2026-07-18 18:00:00+03:00,6.0
434,medium,block_18_24,2026-07-18 18:00:00+03:00,2026-07-19 00:00:00+03:00,6.0
434,medium,block_00_06,2026-07-19 00:00:00+03:00,2026-07-19 06:00:00+03:00,6.0
434,medium,block_06_12,2026-07-19 06:00:00+03:00,2026-07-19 12:00:00+03:00,6.0
434,medium,block_12_18,2026-07-19 12:00:00+03:00,2026-07-19 18:00:00+03:00,6.0
434,medium,block_18_24,2026-07-19 18:00:00+03:00,2026-07-20 00:00:00+03:00,6.0
436,low,block_00_06,2026-07-06 00:00:00+03:00,2026-07-06 06:00:00+03:00,6.0
436,low,block_06_12,2026-07-06 06:00:00+03:00,2026-07-06 12:00:00+03:00,6.0
436,low,block_12_18,2026-07-06 12:00:00+03:00,2026-07-06 18:00:00+03:00,6.0
436,low,block_18_24,2026-07-06 18:00:00+03:00,2026-07-07 00:00:00+03:00,6.0
436,low,block_00_06,2026-07-07 00:00:00+03:00,2026-07-07 06:00:00+03:00,6.0
436,low,block_06_12,2026-07-07 06:00:00+03:00,2026-07-07 12:00:00+03:00,6.0
436,low,block_12_18,2026-07-07 12:00:00+03:00,2026-07-07 18:00:00+03:00,6.0
436,low,block_18_24,2026-07-07 18:00:00+03:00,2026-07-08 00:00:00+03:00,6.0
436,low,block_00_06,2026-07-08 00:00:00+03:00,2026-07-08 06:00:00+03:00,6.0
436,low,block_06_12,2026-07-08 06:00:00+03:00,2026-07-08 12:00:00+03:00,6.0
436,low,block_12_18,2026-07-08 12:00:00+03:00,2026-07-08 18:00:00+03:00,6.0
436,low,block_18_24,2026-07-08 18:00:00+03:00,2026-07-09 00:00:00+03:00,6.0
436,low,block_00_06,2026-07-09 00:00:00+03:00,2026-07-09 06:00:00+03:00,6.0
436,low,block_06_12,2026-07-09 06:00:00+03:00,2026-07-09 12:00:00+03:00,6.0
436,low,block_12_18,2026-07-09 12:00:00+03:00,2026-07-09 18:00:00+03:00,6.0
436,low,block_18_24,2026-07-09 18:00:00+03:00,2026-07-10 00:00:00+03:00,6.0
436,low,block_00_06,2026-07-10 00:00:00+03:00,2026-07-10 06:00:00+03:00,6.0
436,low,block_06_12,2026-07-10 06:00:00+03:00,2026-07-10 12:00:00+03:00,6.0
436,low,block_12_18,2026-07-10 12:00:00+03:00,2026-07-10 18:00:00+03:00,6.0
436,low,block_18_24,2026-07-10 18:00:00+03:00,2026-07-11 00:00:00+03:00,6.0
436,low,block_00_06,2026-07-11 00:00:00+03:00,2026-07-11 06:00:00+03:00,6.0
436,low,block_06_12,2026-07-11 06:00:00+03:00,2026-07-11 12:00:00+03:00,6.0
436,low,block_12_18,2026-07-11 12:00:00+03:00,2026-07-11 18:00:00+03:00,6.0
436,low,block_18_24,2026-07-11 18:00:00+03:00,2026-07-12 00:00:00+03:00,6.0
436,low,block_00_06,2026-07-12 00:00:00+03:00,2026-07-12 06:00:00+03:00,6.0
436,low,block_06_12,2026-07-12 06:00:00+03:00,2026-07-12 12:00:00+03:00,6.0
436,low,block_12_18,2026-07-12 12:00:00+03:00,2026-07-12 18:00:00+03:00,6.0
436,low,block_18_24,2026-07-12 18:00:00+03:00,2026-07-13 00:00:00+03:00,6.0
436,low,block_00_06,2026-07-13 00:00:00+03:00,2026-07-13 06:00:00+03:00,6.0
436,low,block_06_12,2026-07-13 06:00:00+03:00,2026-07-13 12:00:00+03:00,6.0
436,low,block_12_18,2026-07-13 12:00:00+03:00,2026-07-13 18:00:00+03:00,6.0
436,low,block_18_24,2026-07-13 18:00:00+03:00,2026-07-14 00:00:00+03:00,6.0
436,low,block_00_06,2026-07-14 00:00:00+03:00,2026-07-14 06:00:00+03:00,6.0
436,low,block_06_12,2026-07-14 06:00:00+03:00,2026-07-14 12:00:00+03:00,6.0
436,low,block_12_18,2026-07-14 12:00:00+03:00,2026-07-14 18:00:00+03:00,6.0
436,low,block_18_24,2026-07-14 18:00:00+03:00,2026-07-15 00:00:00+03:00,6.0
436,low,block_00_06,2026-07-15 00:00:00+03:00,2026-07-15 06:00:00+03:00,6.0
436,low,block_06_12,2026-07-15 06:00:00+03:00,2026-07-15 12:00:00+03:00,6.0
436,low,block_12_18,2026-07-15 12:00:00+03:00,2026-07-15 18:00:00+03:00,6.0
436,low,block_18_24,2026-07-15 18:00:00+03:00,2026-07-16 00:00:00+03:00,6.0
436,low,block_00_06,2026-07-16 00:00:00+03:00,2026-07-16 06:00:00+03:00,6.0
436,low,block_06_12,2026-07-16 06:00:00+03:00,2026-07-16 12:00:00+03:00,6.0
436,low,block_12_18,2026-07-16 12:00:00+03:00,2026-07-16 18:00:00+03:00,6.0
436,low,block_18_24,2026-07-16 18:00:00+03:00,2026-07-17 00:00:00+03:00,6.0
436,low,block_00_06,2026-07-17 00:00:00+03:00,2026-07-17 06:00:00+03:00,6.0
436,low,block_06_12,2026-07-17 06:00:00+03:00,2026-07-17 12:00:00+03:00,6.0
436,low,block_12_18,2026-07-17 12:00:00+03:00,2026-07-17 18:00:00+03:00,6.0
436,low,block_18_24,2026-07-17 18:00:00+03:00,2026-07-18 00:00:00+03:00,6.0
436,low,block_00_06,2026-07-18 00:00:00+03:00,2026-07-18 06:00:00+03:00,6.0
436,low,block_06_12,2026-07-18 06:00:00+03:00,2026-07-18 12:00:00+03:00,6.0
436,low,block_12_18,2026-07-18 12:00:00+03:00,2026-07-18 18:00:00+03:00,6.0
436,low,block_18_24,2026-07-18 18:00:00+03:00,2026-07-19 00:00:00+03:00,6.0
436,low,block_00_06,2026-07-19 00:00:00+03:00,2026-07-19 06:00:00+03:00,6.0
436,low,block_06_12,2026-07-19 06:00:00+03:00,2026-07-19 12:00:00+03:00,6.0
436,low,block_12_18,2026-07-19 12:00:00+03:00,2026-07-19 18:00:00+03:00,6.0
436,low,block_18_24,2026-07-19 18:00:00+03:00,2026-07-20 00:00:00+03:00,6.0
44,low,block_00_06,2026-07-06 00:00:00+03:00,2026-07-06 06:00:00+03:00,6.0
44,low,block_06_12,2026-07-06 06:00:00+03:00,2026-07-06 12:00:00+03:00,6.0
44,low,block_12_18,2026-07-06 12:00:00+03:00,2026-07-06 18:00:00+03:00,6.0
44,low,block_18_24,2026-07-06 18:00:00+03:00,2026-07-07 00:00:00+03:00,6.0
44,low,block_00_06,2026-07-07 00:00:00+03:00,2026-07-07 06:00:00+03:00,6.0
44,low,block_06_12,2026-07-07 06:00:00+03:00,2026-07-07 12:00:00+03:00,6.0
44,low,block_12_18,2026-07-07 12:00:00+03:00,2026-07-07 18:00:00+03:00,6.0
44,low,block_18_24,2026-07-07 18:00:00+03:00,2026-07-08 00:00:00+03:00,6.0
44,low,block_00_06,2026-07-08 00:00:00+03:00,2026-07-08 06:00:00+03:00,6.0
44,low,block_06_12,2026-07-08 06:00:00+03:00,2026-07-08 12:00:00+03:00,6.0
44,low,block_12_18,2026-07-08 12:00:00+03:00,2026-07-08 18:00:00+03:00,6.0
44,low,block_18_24,2026-07-08 18:00:00+03:00,2026-07-09 00:00:00+03:00,6.0
44,low,block_00_06,2026-07-09 00:00:00+03:00,2026-07-09 06:00:00+03:00,6.0
44,low,block_06_12,2026-07-09 06:00:00+03:00,2026-07-09 12:00:00+03:00,6.0
44,low,block_12_18,2026-07-09 12:00:00+03:00,2026-07-09 18:00:00+03:00,6.0
44,low,block_18_24,2026-07-09 18:00:00+03:00,2026-07-10 00:00:00+03:00,6.0
44,low,block_00_06,2026-07-10 00:00:00+03:00,2026-07-10 06:00:00+03:00,6.0
44,low,block_06_12,2026-07-10 06:00:00+03:00,2026-07-10 12:00:00+03:00,6.0
44,low,block_12_18,2026-07-10 12:00:00+03:00,2026-07-10 18:00:00+03:00,6.0
44,low,block_18_24,2026-07-10 18:00:00+03:00,2026-07-11 00:00:00+03:00,6.0
44,low,block_00_06,2026-07-11 00:00:00+03:00,2026-07-11 06:00:00+03:00,6.0
44,low,block_06_12,2026-07-11 06:00:00+03:00,2026-07-11 12:00:00+03:00,6.0
44,low,block_12_18,2026-07-11 12:00:00+03:00,2026-07-11 18:00:00+03:00,6.0
44,low,block_18_24,2026-07-11 18:00:00+03:00,2026-07-12 00:00:00+03:00,6.0
44,low,block_00_06,2026-07-12 00:00:00+03:00,2026-07-12 06:00:00+03:00,6.0
44,low,block_06_12,2026-07-12 06:00:00+03:00,2026-07-12 12:00:00+03:00,6.0
44,low,block_12_18,2026-07-12 12:00:00+03:00,2026-07-12 18:00:00+03:00,6.0
44,low,block_18_24,2026-07-12 18:00:00+03:00,2026-07-13 00:00:00+03:00,6.0
44,low,block_00_06,2026-07-13 00:00:00+03:00,2026-07-13 06:00:00+03:00,6.0
44,low,block_06_12,2026-07-13 06:00:00+03:00,2026-07-13 12:00:00+03:00,6.0
44,low,block_12_18,2026-07-13 12:00:00+03:00,2026-07-13 18:00:00+03:00,6.0
44,low,block_18_24,2026-07-13 18:00:00+03:00,2026-07-14 00:00:00+03:00,6.0
44,low,block_00_06,2026-07-14 00:00:00+03:00,2026-07-14 06:00:00+03:00,6.0
44,low,block_06_12,2026-07-14 06:00:00+03:00,2026-07-14 12:00:00+03:00,6.0
44,low,block_12_18,2026-07-14 12:00:00+03:00,2026-07-14 18:00:00+03:00,6.0
44,low,block_18_24,2026-07-14 18:00:00+03:00,2026-07-15 00:00:00+03:00,6.0
44,low,block_00_06,2026-07-15 00:00:00+03:00,2026-07-15 06:00:00+03:00,6.0
44,low,block_06_12,2026-07-15 06:00:00+03:00,2026-07-15 12:00:00+03:00,6.0
44,low,block_12_18,2026-07-15 12:00:00+03:00,2026-07-15 18:00:00+03:00,6.0
44,low,block_18_24,2026-07-15 18:00:00+03:00,2026-07-16 00:00:00+03:00,6.0
44,low,block_00_06,2026-07-16 00:00:00+03:00,2026-07-16 06:00:00+03:00,6.0
44,low,block_06_12,2026-07-16 06:00:00+03:00,2026-07-16 12:00:00+03:00,6.0
44,low,block_12_18,2026-07-16 12:00:00+03:00,2026-07-16 18:00:00+03:00,6.0
44,low,block_18_24,2026-07-16 18:00:00+03:00,2026-07-17 00:00:00+03:00,6.0
44,low,block_00_06,2026-07-17 00:00:00+03:00,2026-07-17 06:00:00+03:00,6.0
44,low,block_06_12,2026-07-17 06:00:00+03:00,2026-07-17 12:00:00+03:00,6.0
44,low,block_12_18,2026-07-17 12:00:00+03:00,2026-07-17 18:00:00+03:00,6.0
44,low,block_18_24,2026-07-17 18:00:00+03:00,2026-07-18 00:00:00+03:00,6.0
44,low,block_00_06,2026-07-18 00:00:00+03:00,2026-07-18 06:00:00+03:00,6.0
44,low,block_06_12,2026-07-18 06:00:00+03:00,2026-07-18 12:00:00+03:00,6.0
44,low,block_12_18,2026-07-18 12:00:00+03:00,2026-07-18 18:00:00+03:00,6.0
44,low,block_18_24,2026-07-18 18:00:00+03:00,2026-07-19 00:00:00+03:00,6.0
44,low,block_00_06,2026-07-19 00:00:00+03:00,2026-07-19 06:00:00+03:00,6.0
44,low,block_06_12,2026-07-19 06:00:00+03:00,2026-07-19 12:00:00+03:00,6.0
44,low,block_12_18,2026-07-19 12:00:00+03:00,2026-07-19 18:00:00+03:00,6.0
44,low,block_18_24,2026-07-19 18:00:00+03:00,2026-07-20 00:00:00+03:00,6.0
46,medium,block_00_06,2026-07-06 00:00:00+03:00,2026-07-06 06:00:00+03:00,6.0
46,medium,block_06_12,2026-07-06 06:00:00+03:00,2026-07-06 12:00:00+03:00,6.0
46,medium,block_12_18,2026-07-06 12:00:00+03:00,2026-07-06 18:00:00+03:00,6.0
46,medium,block_18_24,2026-07-06 18:00:00+03:00,2026-07-07 00:00:00+03:00,6.0
46,medium,block_00_06,2026-07-07 00:00:00+03:00,2026-07-07 06:00:00+03:00,6.0
46,medium,block_06_12,2026-07-07 06:00:00+03:00,2026-07-07 12:00:00+03:00,6.0
46,medium,block_12_18,2026-07-07 12:00:00+03:00,2026-07-07 18:00:00+03:00,6.0
46,medium,block_18_24,2026-07-07 18:00:00+03:00,2026-07-08 00:00:00+03:00,6.0
46,medium,block_00_06,2026-07-08 00:00:00+03:00,2026-07-08 06:00:00+03:00,6.0
46,medium,block_06_12,2026-07-08 06:00:00+03:00,2026-07-08 12:00:00+03:00,6.0
46,medium,block_12_18,2026-07-08 12:00:00+03:00,2026-07-08 18:00:00+03:00,6.0
46,medium,block_18_24,2026-07-08 18:00:00+03:00,2026-07-09 00:00:00+03:00,6.0
46,medium,block_00_06,2026-07-09 00:00:00+03:00,2026-07-09 06:00:00+03:00,6.0
46,medium,block_06_12,2026-07-09 06:00:00+03:00,2026-07-09 12:00:00+03:00,6.0
46,medium,block_12_18,2026-07-09 12:00:00+03:00,2026-07-09 18:00:00+03:00,6.0
46,medium,block_18_24,2026-07-09 18:00:00+03:00,2026-07-10 00:00:00+03:00,6.0
46,medium,block_00_06,2026-07-10 00:00:00+03:00,2026-07-10 06:00:00+03:00,6.0
46,medium,block_06_12,2026-07-10 06:00:00+03:00,2026-07-10 12:00:00+03:00,6.0
46,medium,block_12_18,2026-07-10 12:00:00+03:00,2026-07-10 18:00:00+03:00,6.0
46,medium,block_18_24,2026-07-10 18:00:00+03:00,2026-07-11 00:00:00+03:00,6.0
46,medium,block_00_06,2026-07-11 00:00:00+03:00,2026-07-11 06:00:00+03:00,6.0
46,medium,block_06_12,2026-07-11 06:00:00+03:00,2026-07-11 12:00:00+03:00,6.0
46,medium,block_12_18,2026-07-11 12:00:00+03:00,2026-07-11 18:00:00+03:00,6.0
46,medium,block_18_24,2026-07-11 18:00:00+03:00,2026-07-12 00:00:00+03:00,6.0
46,medium,block_00_06,2026-07-12 00:00:00+03:00,2026-07-12 06:00:00+03:00,6.0
46,medium,block_06_12,2026-07-12 06:00:00+03:00,2026-07-12 12:00:00+03:00,6.0
46,medium,block_12_18,2026-07-12 12:00:00+03:00,2026-07-12 18:00:00+03:00,6.0
46,medium,block_18_24,2026-07-12 18:00:00+03:00,2026-07-13 00:00:00+03:00,6.0
46,medium,block_00_06,2026-07-13 00:00:00+03:00,2026-07-13 06:00:00+03:00,6.0
46,medium,block_06_12,2026-07-13 06:00:00+03:00,2026-07-13 12:00:00+03:00,6.0
46,medium,block_12_18,2026-07-13 12:00:00+03:00,2026-07-13 18:00:00+03:00,6.0
46,medium,block_18_24,2026-07-13 18:00:00+03:00,2026-07-14 00:00:00+03:00,6.0
46,medium,block_00_06,2026-07-14 00:00:00+03:00,2026-07-14 06:00:00+03:00,6.0
46,medium,block_06_12,2026-07-14 06:00:00+03:00,2026-07-14 12:00:00+03:00,6.0
46,medium,block_12_18,2026-07-14 12:00:00+03:00,2026-07-14 18:00:00+03:00,6.0
46,medium,block_18_24,2026-07-14 18:00:00+03:00,2026-07-15 00:00:00+03:00,6.0
46,medium,block_00_06,2026-07-15 00:00:00+03:00,2026-07-15 06:00:00+03:00,6.0
46,medium,block_06_12,2026-07-15 06:00:00+03:00,2026-07-15 12:00:00+03:00,6.0
46,medium,block_12_18,2026-07-15 12:00:00+03:00,2026-07-15 18:00:00+03:00,6.0
46,medium,block_18_24,2026-07-15 18:00:00+03:00,2026-07-16 00:00:00+03:00,6.0
46,medium,block_00_06,2026-07-16 00:00:00+03:00,2026-07-16 06:00:00+03:00,6.0
46,medium,block_06_12,2026-07-16 06:00:00+03:00,2026-07-16 12:00:00+03:00,6.0
46,medium,block_12_18,2026-07-16 12:00:00+03:00,2026-07-16 18:00:00+03:00,6.0
46,medium,block_18_24,2026-07-16 18:00:00+03:00,2026-07-17 00:00:00+03:00,6.0
46,medium,block_00_06,2026-07-17 00:00:00+03:00,2026-07-17 06:00:00+03:00,6.0
46,medium,block_06_12,2026-07-17 06:00:00+03:00,2026-07-17 12:00:00+03:00,6.0
46,medium,block_12_18,2026-07-17 12:00:00+03:00,2026-07-17 18:00:00+03:00,6.0
46,medium,block_18_24,2026-07-17 18:00:00+03:00,2026-07-18 00:00:00+03:00,6.0
46,medium,block_00_06,2026-07-18 00:00:00+03:00,2026-07-18 06:00:00+03:00,6.0
46,medium,block_06_12,2026-07-18 06:00:00+03:00,2026-07-18 12:00:00+03:00,6.0
46,medium,block_12_18,2026-07-18 12:00:00+03:00,2026-07-18 18:00:00+03:00,6.0
46,medium,block_18_24,2026-07-18 18:00:00+03:00,2026-07-19 00:00:00+03:00,6.0
46,medium,block_00_06,2026-07-19 00:00:00+03:00,2026-07-19 06:00:00+03:00,6.0
46,medium,block_06_12,2026-07-19 06:00:00+03:00,2026-07-19 12:00:00+03:00,6.0
46,medium,block_12_18,2026-07-19 12:00:00+03:00,2026-07-19 18:00:00+03:00,6.0
46,medium,block_18_24,2026-07-19 18:00:00+03:00,2026-07-20 00:00:00+03:00,6.0
47,medium,block_00_06,2026-07-06 00:00:00+03:00,2026-07-06 06:00:00+03:00,6.0
47,medium,block_06_12,2026-07-06 06:00:00+03:00,2026-07-06 12:00:00+03:00,6.0
47,medium,block_12_18,2026-07-06 12:00:00+03:00,2026-07-06 18:00:00+03:00,6.0
47,medium,block_18_24,2026-07-06 18:00:00+03:00,2026-07-07 00:00:00+03:00,6.0
47,medium,block_00_06,2026-07-07 00:00:00+03:00,2026-07-07 06:00:00+03:00,6.0
47,medium,block_06_12,2026-07-07 06:00:00+03:00,2026-07-07 12:00:00+03:00,6.0
47,medium,block_12_18,2026-07-07 12:00:00+03:00,2026-07-07 18:00:00+03:00,6.0
47,medium,block_18_24,2026-07-07 18:00:00+03:00,2026-07-08 00:00:00+03:00,6.0
47,medium,block_00_06,2026-07-08 00:00:00+03:00,2026-07-08 06:00:00+03:00,6.0
47,medium,block_06_12,2026-07-08 06:00:00+03:00,2026-07-08 12:00:00+03:00,6.0
47,medium,block_12_18,2026-07-08 12:00:00+03:00,2026-07-08 18:00:00+03:00,6.0
47,medium,block_18_24,2026-07-08 18:00:00+03:00,2026-07-09 00:00:00+03:00,6.0
47,medium,block_00_06,2026-07-09 00:00:00+03:00,2026-07-09 06:00:00+03:00,6.0
47,medium,block_06_12,2026-07-09 06:00:00+03:00,2026-07-09 12:00:00+03:00,6.0
47,medium,block_12_18,2026-07-09 12:00:00+03:00,2026-07-09 18:00:00+03:00,6.0
47,medium,block_18_24,2026-07-09 18:00:00+03:00,2026-07-10 00:00:00+03:00,6.0
47,medium,block_00_06,2026-07-10 00:00:00+03:00,2026-07-10 06:00:00+03:00,6.0
47,medium,block_06_12,2026-07-10 06:00:00+03:00,2026-07-10 12:00:00+03:00,6.0
47,medium,block_12_18,2026-07-10 12:00:00+03:00,2026-07-10 18:00:00+03:00,6.0
47,medium,block_18_24,2026-07-10 18:00:00+03:00,2026-07-11 00:00:00+03:00,6.0
47,medium,block_00_06,2026-07-11 00:00:00+03:00,2026-07-11 06:00:00+03:00,6.0
47,medium,block_06_12,2026-07-11 06:00:00+03:00,2026-07-11 12:00:00+03:00,6.0
47,medium,block_12_18,2026-07-11 12:00:00+03:00,2026-07-11 18:00:00+03:00,6.0
47,medium,block_18_24,2026-07-11 18:00:00+03:00,2026-07-12 00:00:00+03:00,6.0
47,medium,block_00_06,2026-07-12 00:00:00+03:00,2026-07-12 06:00:00+03:00,6.0
47,medium,block_06_12,2026-07-12 06:00:00+03:00,2026-07-12 12:00:00+03:00,6.0
47,medium,block_12_18,2026-07-12 12:00:00+03:00,2026-07-12 18:00:00+03:00,6.0
47,medium,block_18_24,2026-07-12 18:00:00+03:00,2026-07-13 00:00:00+03:00,6.0
47,medium,block_00_06,2026-07-13 00:00:00+03:00,2026-07-13 06:00:00+03:00,6.0
47,medium,block_06_12,2026-07-13 06:00:00+03:00,2026-07-13 12:00:00+03:00,6.0
47,medium,block_12_18,2026-07-13 12:00:00+03:00,2026-07-13 18:00:00+03:00,6.0
47,medium,block_18_24,2026-07-13 18:00:00+03:00,2026-07-14 00:00:00+03:00,6.0
47,medium,block_00_06,2026-07-14 00:00:00+03:00,2026-07-14 06:00:00+03:00,6.0
47,medium,block_06_12,2026-07-14 06:00:00+03:00,2026-07-14 12:00:00+03:00,6.0
47,medium,block_12_18,2026-07-14 12:00:00+03:00,2026-07-14 18:00:00+03:00,6.0
47,medium,block_18_24,2026-07-14 18:00:00+03:00,2026-07-15 00:00:00+03:00,6.0
47,medium,block_00_06,2026-07-15 00:00:00+03:00,2026-07-15 06:00:00+03:00,6.0
47,medium,block_06_12,2026-07-15 06:00:00+03:00,2026-07-15 12:00:00+03:00,6.0
47,medium,block_12_18,2026-07-15 12:00:00+03:00,2026-07-15 18:00:00+03:00,6.0
47,medium,block_18_24,2026-07-15 18:00:00+03:00,2026-07-16 00:00:00+03:00,6.0
47,medium,block_00_06,2026-07-16 00:00:00+03:00,2026-07-16 06:00:00+03:00,6.0
47,medium,block_06_12,2026-07-16 06:00:00+03:00,2026-07-16 12:00:00+03:00,6.0
47,medium,block_12_18,2026-07-16 12:00:00+03:00,2026-07-16 18:00:00+03:00,6.0
47,medium,block_18_24,2026-07-16 18:00:00+03:00,2026-07-17 00:00:00+03:00,6.0
47,medium,block_00_06,2026-07-17 00:00:00+03:00,2026-07-17 06:00:00+03:00,6.0
47,medium,block_06_12,2026-07-17 06:00:00+03:00,2026-07-17 12:00:00+03:00,6.0
47,medium,block_12_18,2026-07-17 12:00:00+03:00,2026-07-17 18:00:00+03:00,6.0
47,medium,block_18_24,2026-07-17 18:00:00+03:00,2026-07-18 00:00:00+03:00,6.0
47,medium,block_00_06,2026-07-18 00:00:00+03:00,2026-07-18 06:00:00+03:00,6.0
47,medium,block_06_12,2026-07-18 06:00:00+03:00,2026-07-18 12:00:00+03:00,6.0
47,medium,block_12_18,2026-07-18 12:00:00+03:00,2026-07-18 18:00:00+03:00,6.0
47,medium,block_18_24,2026-07-18 18:00:00+03:00,2026-07-19 00:00:00+03:00,6.0
47,medium,block_00_06,2026-07-19 00:00:00+03:00,2026-07-19 06:00:00+03:00,6.0
47,medium,block_06_12,2026-07-19 06:00:00+03:00,2026-07-19 12:00:00+03:00,6.0
47,medium,block_12_18,2026-07-19 12:00:00+03:00,2026-07-19 18:00:00+03:00,6.0
47,medium,block_18_24,2026-07-19 18:00:00+03:00,2026-07-20 00:00:00+03:00,6.0
478,medium,block_00_06,2026-07-06 00:00:00+03:00,2026-07-06 06:00:00+03:00,6.0
478,medium,block_06_12,2026-07-06 06:00:00+03:00,2026-07-06 12:00:00+03:00,6.0
478,medium,block_12_18,2026-07-06 12:00:00+03:00,2026-07-06 18:00:00+03:00,6.0
478,medium,block_18_24,2026-07-06 18:00:00+03:00,2026-07-07 00:00:00+03:00,6.0
478,medium,block_00_06,2026-07-07 00:00:00+03:00,2026-07-07 06:00:00+03:00,6.0
478,medium,block_06_12,2026-07-07 06:00:00+03:00,2026-07-07 12:00:00+03:00,6.0
478,medium,block_12_18,2026-07-07 12:00:00+03:00,2026-07-07 18:00:00+03:00,6.0
478,medium,block_18_24,2026-07-07 18:00:00+03:00,2026-07-08 00:00:00+03:00,6.0
478,medium,block_00_06,2026-07-08 00:00:00+03:00,2026-07-08 06:00:00+03:00,6.0
478,medium,block_06_12,2026-07-08 06:00:00+03:00,2026-07-08 12:00:00+03:00,6.0
478,medium,block_12_18,2026-07-08 12:00:00+03:00,2026-07-08 18:00:00+03:00,6.0
478,medium,block_18_24,2026-07-08 18:00:00+03:00,2026-07-09 00:00:00+03:00,6.0
478,medium,block_00_06,2026-07-09 00:00:00+03:00,2026-07-09 06:00:00+03:00,6.0
478,medium,block_06_12,2026-07-09 06:00:00+03:00,2026-07-09 12:00:00+03:00,6.0
478,medium,block_12_18,2026-07-09 12:00:00+03:00,2026-07-09 18:00:00+03:00,6.0
478,medium,block_18_24,2026-07-09 18:00:00+03:00,2026-07-10 00:00:00+03:00,6.0
478,medium,block_00_06,2026-07-10 00:00:00+03:00,2026-07-10 06:00:00+03:00,6.0
478,medium,block_06_12,2026-07-10 06:00:00+03:00,2026-07-10 12:00:00+03:00,6.0
478,medium,block_12_18,2026-07-10 12:00:00+03:00,2026-07-10 18:00:00+03:00,6.0
478,medium,block_18_24,2026-07-10 18:00:00+03:00,2026-07-11 00:00:00+03:00,6.0
478,medium,block_00_06,2026-07-11 00:00:00+03:00,2026-07-11 06:00:00+03:00,6.0
478,medium,block_06_12,2026-07-11 06:00:00+03:00,2026-07-11 12:00:00+03:00,6.0
478,medium,block_12_18,2026-07-11 12:00:00+03:00,2026-07-11 18:00:00+03:00,6.0
478,medium,block_18_24,2026-07-11 18:00:00+03:00,2026-07-12 00:00:00+03:00,6.0
478,medium,block_00_06,2026-07-12 00:00:00+03:00,2026-07-12 06:00:00+03:00,6.0
478,medium,block_06_12,2026-07-12 06:00:00+03:00,2026-07-12 12:00:00+03:00,6.0
478,medium,block_12_18,2026-07-12 12:00:00+03:00,2026-07-12 18:00:00+03:00,6.0
478,medium,block_18_24,2026-07-12 18:00:00+03:00,2026-07-13 00:00:00+03:00,6.0
478,medium,block_00_06,2026-07-13 00:00:00+03:00,2026-07-13 06:00:00+03:00,6.0
478,medium,block_06_12,2026-07-13 06:00:00+03:00,2026-07-13 12:00:00+03:00,6.0
478,medium,block_12_18,2026-07-13 12:00:00+03:00,2026-07-13 18:00:00+03:00,6.0
478,medium,block_18_24,2026-07-13 18:00:00+03:00,2026-07-14 00:00:00+03:00,6.0
478,medium,block_00_06,2026-07-14 00:00:00+03:00,2026-07-14 06:00:00+03:00,6.0
478,medium,block_06_12,2026-07-14 06:00:00+03:00,2026-07-14 12:00:00+03:00,6.0
478,medium,block_12_18,2026-07-14 12:00:00+03:00,2026-07-14 18:00:00+03:00,6.0
478,medium,block_18_24,2026-07-14 18:00:00+03:00,2026-07-15 00:00:00+03:00,6.0
478,medium,block_00_06,2026-07-15 00:00:00+03:00,2026-07-15 06:00:00+03:00,6.0
478,medium,block_06_12,2026-07-15 06:00:00+03:00,2026-07-15 12:00:00+03:00,6.0
478,medium,block_12_18,2026-07-15 12:00:00+03:00,2026-07-15 18:00:00+03:00,6.0
478,medium,block_18_24,2026-07-15 18:00:00+03:00,2026-07-16 00:00:00+03:00,6.0
478,medium,block_00_06,2026-07-16 00:00:00+03:00,2026-07-16 06:00:00+03:00,6.0
478,medium,block_06_12,2026-07-16 06:00:00+03:00,2026-07-16 12:00:00+03:00,6.0
478,medium,block_12_18,2026-07-16 12:00:00+03:00,2026-07-16 18:00:00+03:00,6.0
478,medium,block_18_24,2026-07-16 18:00:00+03:00,2026-07-17 00:00:00+03:00,6.0
478,medium,block_00_06,2026-07-17 00:00:00+03:00,2026-07-17 06:00:00+03:00,6.0
478,medium,block_06_12,2026-07-17 06:00:00+03:00,2026-07-17 12:00:00+03:00,6.0
478,medium,block_12_18,2026-07-17 12:00:00+03:00,2026-07-17 18:00:00+03:00,6.0
478,medium,block_18_24,2026-07-17 18:00:00+03:00,2026-07-18 00:00:00+03:00,6.0
478,medium,block_00_06,2026-07-18 00:00:00+03:00,2026-07-18 06:00:00+03:00,6.0
478,medium,block_06_12,2026-07-18 06:00:00+03:00,2026-07-18 12:00:00+03:00,6.0
478,medium,block_12_18,2026-07-18 12:00:00+03:00,2026-07-18 18:00:00+03:00,6.0
478,medium,block_18_24,2026-07-18 18:00:00+03:00,2026-07-19 00:00:00+03:00,6.0
478,medium,block_00_06,2026-07-19 00:00:00+03:00,2026-07-19 06:00:00+03:00,6.0
478,medium,block_06_12,2026-07-19 06:00:00+03:00,2026-07-19 12:00:00+03:00,6.0
478,medium,block_12_18,2026-07-19 12:00:00+03:00,2026-07-19 18:00:00+03:00,6.0
478,medium,block_18_24,2026-07-19 18:00:00+03:00,2026-07-20 00:00:00+03:00,6.0
480,low,block_00_06,2026-07-06 00:00:00+03:00,2026-07-06 06:00:00+03:00,6.0
480,low,block_06_12,2026-07-06 06:00:00+03:00,2026-07-06 12:00:00+03:00,6.0
480,low,block_12_18,2026-07-06 12:00:00+03:00,2026-07-06 18:00:00+03:00,6.0
480,low,block_18_24,2026-07-06 18:00:00+03:00,2026-07-07 00:00:00+03:00,6.0
480,low,block_00_06,2026-07-07 00:00:00+03:00,2026-07-07 06:00:00+03:00,6.0
480,low,block_06_12,2026-07-07 06:00:00+03:00,2026-07-07 12:00:00+03:00,6.0
480,low,block_12_18,2026-07-07 12:00:00+03:00,2026-07-07 18:00:00+03:00,6.0
480,low,block_18_24,2026-07-07 18:00:00+03:00,2026-07-08 00:00:00+03:00,6.0
480,low,block_00_06,2026-07-08 00:00:00+03:00,2026-07-08 06:00:00+03:00,6.0
480,low,block_06_12,2026-07-08 06:00:00+03:00,2026-07-08 12:00:00+03:00,6.0
480,low,block_12_18,2026-07-08 12:00:00+03:00,2026-07-08 18:00:00+03:00,6.0
480,low,block_18_24,2026-07-08 18:00:00+03:00,2026-07-09 00:00:00+03:00,6.0
480,low,block_00_06,2026-07-09 00:00:00+03:00,2026-07-09 06:00:00+03:00,6.0
480,low,block_06_12,2026-07-09 06:00:00+03:00,2026-07-09 12:00:00+03:00,6.0
480,low,block_12_18,2026-07-09 12:00:00+03:00,2026-07-09 18:00:00+03:00,6.0
480,low,block_18_24,2026-07-09 18:00:00+03:00,2026-07-10 00:00:00+03:00,6.0
480,low,block_00_06,2026-07-10 00:00:00+03:00,2026-07-10 06:00:00+03:00,6.0
480,low,block_06_12,2026-07-10 06:00:00+03:00,2026-07-10 12:00:00+03:00,6.0
480,low,block_12_18,2026-07-10 12:00:00+03:00,2026-07-10 18:00:00+03:00,6.0
480,low,block_18_24,2026-07-10 18:00:00+03:00,2026-07-11 00:00:00+03:00,6.0
480,low,block_00_06,2026-07-11 00:00:00+03:00,2026-07-11 06:00:00+03:00,6.0
480,low,block_06_12,2026-07-11 06:00:00+03:00,2026-07-11 12:00:00+03:00,6.0
480,low,block_12_18,2026-07-11 12:00:00+03:00,2026-07-11 18:00:00+03:00,6.0
480,low,block_18_24,2026-07-11 18:00:00+03:00,2026-07-12 00:00:00+03:00,6.0
480,low,block_00_06,2026-07-12 00:00:00+03:00,2026-07-12 06:00:00+03:00,6.0
480,low,block_06_12,2026-07-12 06:00:00+03:00,2026-07-12 12:00:00+03:00,6.0
480,low,block_12_18,2026-07-12 12:00:00+03:00,2026-07-12 18:00:00+03:00,6.0
480,low,block_18_24,2026-07-12 18:00:00+03:00,2026-07-13 00:00:00+03:00,6.0
480,low,block_00_06,2026-07-13 00:00:00+03:00,2026-07-13 06:00:00+03:00,6.0
480,low,block_06_12,2026-07-13 06:00:00+03:00,2026-07-13 12:00:00+03:00,6.0
480,low,block_12_18,2026-07-13 12:00:00+03:00,2026-07-13 18:00:00+03:00,6.0
480,low,block_18_24,2026-07-13 18:00:00+03:00,2026-07-14 00:00:00+03:00,6.0
480,low,block_00_06,2026-07-14 00:00:00+03:00,2026-07-14 06:00:00+03:00,6.0
480,low,block_06_12,2026-07-14 06:00:00+03:00,2026-07-14 12:00:00+03:00,6.0
480,low,block_12_18,2026-07-14 12:00:00+03:00,2026-07-14 18:00:00+03:00,6.0
480,low,block_18_24,2026-07-14 18:00:00+03:00,2026-07-15 00:00:00+03:00,6.0
480,low,block_00_06,2026-07-15 00:00:00+03:00,2026-07-15 06:00:00+03:00,6.0
480,low,block_06_12,2026-07-15 06:00:00+03:00,2026-07-15 12:00:00+03:00,6.0
480,low,block_12_18,2026-07-15 12:00:00+03:00,2026-07-15 18:00:00+03:00,6.0
480,low,block_18_24,2026-07-15 18:00:00+03:00,2026-07-16 00:00:00+03:00,6.0
480,low,block_00_06,2026-07-16 00:00:00+03:00,2026-07-16 06:00:00+03:00,6.0
480,low,block_06_12,2026-07-16 06:00:00+03:00,2026-07-16 12:00:00+03:00,6.0
480,low,block_12_18,2026-07-16 12:00:00+03:00,2026-07-16 18:00:00+03:00,6.0
480,low,block_18_24,2026-07-16 18:00:00+03:00,2026-07-17 00:00:00+03:00,6.0
480,low,block_00_06,2026-07-17 00:00:00+03:00,2026-07-17 06:00:00+03:00,6.0
480,low,block_06_12,2026-07-17 06:00:00+03:00,2026-07-17 12:00:00+03:00,6.0
480,low,block_12_18,2026-07-17 12:00:00+03:00,2026-07-17 18:00:00+03:00,6.0
480,low,block_18_24,2026-07-17 18:00:00+03:00,2026-07-18 00:00:00+03:00,6.0
480,low,block_00_06,2026-07-18 00:00:00+03:00,2026-07-18 06:00:00+03:00,6.0
480,low,block_06_12,2026-07-18 06:00:00+03:00,2026-07-18 12:00:00+03:00,6.0
480,low,block_12_18,2026-07-18 12:00:00+03:00,2026-07-18 18:00:00+03:00,6.0
480,low,block_18_24,2026-07-18 18:00:00+03:00,2026-07-19 00:00:00+03:00,6.0
480,low,block_00_06,2026-07-19 00:00:00+03:00,2026-07-19 06:00:00+03:00,6.0
480,low,block_06_12,2026-07-19 06:00:00+03:00,2026-07-19 12:00:00+03:00,6.0
480,low,block_12_18,2026-07-19 12:00:00+03:00,2026-07-19 18:00:00+03:00,6.0
480,low,block_18_24,2026-07-19 18:00:00+03:00,2026-07-20 00:00:00+03:00,6.0
51,medium,block_00_06,2026-07-06 00:00:00+03:00,2026-07-06 06:00:00+03:00,6.0
51,medium,block_06_12,2026-07-06 06:00:00+03:00,2026-07-06 12:00:00+03:00,6.0
51,medium,block_12_18,2026-07-06 12:00:00+03:00,2026-07-06 18:00:00+03:00,6.0
51,medium,block_18_24,2026-07-06 18:00:00+03:00,2026-07-07 00:00:00+03:00,6.0
51,medium,block_00_06,2026-07-07 00:00:00+03:00,2026-07-07 06:00:00+03:00,6.0
51,medium,block_06_12,2026-07-07 06:00:00+03:00,2026-07-07 12:00:00+03:00,6.0
51,medium,block_12_18,2026-07-07 12:00:00+03:00,2026-07-07 18:00:00+03:00,6.0
51,medium,block_18_24,2026-07-07 18:00:00+03:00,2026-07-08 00:00:00+03:00,6.0
51,medium,block_00_06,2026-07-08 00:00:00+03:00,2026-07-08 06:00:00+03:00,6.0
51,medium,block_06_12,2026-07-08 06:00:00+03:00,2026-07-08 12:00:00+03:00,6.0
51,medium,block_12_18,2026-07-08 12:00:00+03:00,2026-07-08 18:00:00+03:00,6.0
51,medium,block_18_24,2026-07-08 18:00:00+03:00,2026-07-09 00:00:00+03:00,6.0
51,medium,block_00_06,2026-07-09 00:00:00+03:00,2026-07-09 06:00:00+03:00,6.0
51,medium,block_06_12,2026-07-09 06:00:00+03:00,2026-07-09 12:00:00+03:00,6.0
51,medium,block_12_18,2026-07-09 12:00:00+03:00,2026-07-09 18:00:00+03:00,6.0
51,medium,block_18_24,2026-07-09 18:00:00+03:00,2026-07-10 00:00:00+03:00,6.0
51,medium,block_00_06,2026-07-10 00:00:00+03:00,2026-07-10 06:00:00+03:00,6.0
51,medium,block_06_12,2026-07-10 06:00:00+03:00,2026-07-10 12:00:00+03:00,6.0
51,medium,block_12_18,2026-07-10 12:00:00+03:00,2026-07-10 18:00:00+03:00,6.0
51,medium,block_18_24,2026-07-10 18:00:00+03:00,2026-07-11 00:00:00+03:00,6.0
51,medium,block_00_06,2026-07-11 00:00:00+03:00,2026-07-11 06:00:00+03:00,6.0
51,medium,block_06_12,2026-07-11 06:00:00+03:00,2026-07-11 12:00:00+03:00,6.0
51,medium,block_12_18,2026-07-11 12:00:00+03:00,2026-07-11 18:00:00+03:00,6.0
51,medium,block_18_24,2026-07-11 18:00:00+03:00,2026-07-12 00:00:00+03:00,6.0
51,medium,block_00_06,2026-07-12 00:00:00+03:00,2026-07-12 06:00:00+03:00,6.0
51,medium,block_06_12,2026-07-12 06:00:00+03:00,2026-07-12 12:00:00+03:00,6.0
51,medium,block_12_18,2026-07-12 12:00:00+03:00,2026-07-12 18:00:00+03:00,6.0
51,medium,block_18_24,2026-07-12 18:00:00+03:00,2026-07-13 00:00:00+03:00,6.0
51,medium,block_00_06,2026-07-13 00:00:00+03:00,2026-07-13 06:00:00+03:00,6.0
51,medium,block_06_12,2026-07-13 06:00:00+03:00,2026-07-13 12:00:00+03:00,6.0
51,medium,block_12_18,2026-07-13 12:00:00+03:00,2026-07-13 18:00:00+03:00,6.0
51,medium,block_18_24,2026-07-13 18:00:00+03:00,2026-07-14 00:00:00+03:00,6.0
51,medium,block_00_06,2026-07-14 00:00:00+03:00,2026-07-14 06:00:00+03:00,6.0
51,medium,block_06_12,2026-07-14 06:00:00+03:00,2026-07-14 12:00:00+03:00,6.0
51,medium,block_12_18,2026-07-14 12:00:00+03:00,2026-07-14 18:00:00+03:00,6.0
51,medium,block_18_24,2026-07-14 18:00:00+03:00,2026-07-15 00:00:00+03:00,6.0
51,medium,block_00_06,2026-07-15 00:00:00+03:00,2026-07-15 06:00:00+03:00,6.0
51,medium,block_06_12,2026-07-15 06:00:00+03:00,2026-07-15 12:00:00+03:00,6.0
51,medium,block_12_18,2026-07-15 12:00:00+03:00,2026-07-15 18:00:00+03:00,6.0
51,medium,block_18_24,2026-07-15 18:00:00+03:00,2026-07-16 00:00:00+03:00,6.0
51,medium,block_00_06,2026-07-16 00:00:00+03:00,2026-07-16 06:00:00+03:00,6.0
51,medium,block_06_12,2026-07-16 06:00:00+03:00,2026-07-16 12:00:00+03:00,6.0
51,medium,block_12_18,2026-07-16 12:00:00+03:00,2026-07-16 18:00:00+03:00,6.0
51,medium,block_18_24,2026-07-16 18:00:00+03:00,2026-07-17 00:00:00+03:00,6.0
51,medium,block_00_06,2026-07-17 00:00:00+03:00,2026-07-17 06:00:00+03:00,6.0
51,medium,block_06_12,2026-07-17 06:00:00+03:00,2026-07-17 12:00:00+03:00,6.0
51,medium,block_12_18,2026-07-17 12:00:00+03:00,2026-07-17 18:00:00+03:00,6.0
51,medium,block_18_24,2026-07-17 18:00:00+03:00,2026-07-18 00:00:00+03:00,6.0
51,medium,block_00_06,2026-07-18 00:00:00+03:00,2026-07-18 06:00:00+03:00,6.0
51,medium,block_06_12,2026-07-18 06:00:00+03:00,2026-07-18 12:00:00+03:00,6.0
51,medium,block_12_18,2026-07-18 12:00:00+03:00,2026-07-18 18:00:00+03:00,6.0
51,medium,block_18_24,2026-07-18 18:00:00+03:00,2026-07-19 00:00:00+03:00,6.0
51,medium,block_00_06,2026-07-19 00:00:00+03:00,2026-07-19 06:00:00+03:00,6.0
51,medium,block_06_12,2026-07-19 06:00:00+03:00,2026-07-19 12:00:00+03:00,6.0
51,medium,block_12_18,2026-07-19 12:00:00+03:00,2026-07-19 18:00:00+03:00,6.0
51,medium,block_18_24,2026-07-19 18:00:00+03:00,2026-07-20 00:00:00+03:00,6.0
516,low,block_00_06,2026-07-06 00:00:00+03:00,2026-07-06 06:00:00+03:00,6.0
516,low,block_06_12,2026-07-06 06:00:00+03:00,2026-07-06 12:00:00+03:00,6.0
516,low,block_12_18,2026-07-06 12:00:00+03:00,2026-07-06 18:00:00+03:00,6.0
516,low,block_18_24,2026-07-06 18:00:00+03:00,2026-07-07 00:00:00+03:00,6.0
516,low,block_00_06,2026-07-07 00:00:00+03:00,2026-07-07 06:00:00+03:00,6.0
516,low,block_06_12,2026-07-07 06:00:00+03:00,2026-07-07 12:00:00+03:00,6.0
516,low,block_12_18,2026-07-07 12:00:00+03:00,2026-07-07 18:00:00+03:00,6.0
516,low,block_18_24,2026-07-07 18:00:00+03:00,2026-07-08 00:00:00+03:00,6.0
516,low,block_00_06,2026-07-08 00:00:00+03:00,2026-07-08 06:00:00+03:00,6.0
516,low,block_06_12,2026-07-08 06:00:00+03:00,2026-07-08 12:00:00+03:00,6.0
516,low,block_12_18,2026-07-08 12:00:00+03:00,2026-07-08 18:00:00+03:00,6.0
516,low,block_18_24,2026-07-08 18:00:00+03:00,2026-07-09 00:00:00+03:00,6.0
516,low,block_00_06,2026-07-09 00:00:00+03:00,2026-07-09 06:00:00+03:00,6.0
516,low,block_06_12,2026-07-09 06:00:00+03:00,2026-07-09 12:00:00+03:00,6.0
516,low,block_12_18,2026-07-09 12:00:00+03:00,2026-07-09 18:00:00+03:00,6.0
516,low,block_18_24,2026-07-09 18:00:00+03:00,2026-07-10 00:00:00+03:00,6.0
516,low,block_00_06,2026-07-10 00:00:00+03:00,2026-07-10 06:00:00+03:00,6.0
516,low,block_06_12,2026-07-10 06:00:00+03:00,2026-07-10 12:00:00+03:00,6.0
516,low,block_12_18,2026-07-10 12:00:00+03:00,2026-07-10 18:00:00+03:00,6.0
516,low,block_18_24,2026-07-10 18:00:00+03:00,2026-07-11 00:00:00+03:00,6.0
516,low,block_00_06,2026-07-11 00:00:00+03:00,2026-07-11 06:00:00+03:00,6.0
516,low,block_06_12,2026-07-11 06:00:00+03:00,2026-07-11 12:00:00+03:00,6.0
516,low,block_12_18,2026-07-11 12:00:00+03:00,2026-07-11 18:00:00+03:00,6.0
516,low,block_18_24,2026-07-11 18:00:00+03:00,2026-07-12 00:00:00+03:00,6.0
516,low,block_00_06,2026-07-12 00:00:00+03:00,2026-07-12 06:00:00+03:00,6.0
516,low,block_06_12,2026-07-12 06:00:00+03:00,2026-07-12 12:00:00+03:00,6.0
516,low,block_12_18,2026-07-12 12:00:00+03:00,2026-07-12 18:00:00+03:00,6.0
516,low,block_18_24,2026-07-12 18:00:00+03:00,2026-07-13 00:00:00+03:00,6.0
516,low,block_00_06,2026-07-13 00:00:00+03:00,2026-07-13 06:00:00+03:00,6.0
516,low,block_06_12,2026-07-13 06:00:00+03:00,2026-07-13 12:00:00+03:00,6.0
516,low,block_12_18,2026-07-13 12:00:00+03:00,2026-07-13 18:00:00+03:00,6.0
516,low,block_18_24,2026-07-13 18:00:00+03:00,2026-07-14 00:00:00+03:00,6.0
516,low,block_00_06,2026-07-14 00:00:00+03:00,2026-07-14 06:00:00+03:00,6.0
516,low,block_06_12,2026-07-14 06:00:00+03:00,2026-07-14 12:00:00+03:00,6.0
516,low,block_12_18,2026-07-14 12:00:00+03:00,2026-07-14 18:00:00+03:00,6.0
516,low,block_18_24,2026-07-14 18:00:00+03:00,2026-07-15 00:00:00+03:00,6.0
516,low,block_00_06,2026-07-15 00:00:00+03:00,2026-07-15 06:00:00+03:00,6.0
516,low,block_06_12,2026-07-15 06:00:00+03:00,2026-07-15 12:00:00+03:00,6.0
516,low,block_12_18,2026-07-15 12:00:00+03:00,2026-07-15 18:00:00+03:00,6.0
516,low,block_18_24,2026-07-15 18:00:00+03:00,2026-07-16 00:00:00+03:00,6.0
516,low,block_00_06,2026-07-16 00:00:00+03:00,2026-07-16 06:00:00+03:00,6.0
516,low,block_06_12,2026-07-16 06:00:00+03:00,2026-07-16 12:00:00+03:00,6.0
516,low,block_12_18,2026-07-16 12:00:00+03:00,2026-07-16 18:00:00+03:00,6.0
516,low,block_18_24,2026-07-16 18:00:00+03:00,2026-07-17 00:00:00+03:00,6.0
516,low,block_00_06,2026-07-17 00:00:00+03:00,2026-07-17 06:00:00+03:00,6.0
516,low,block_06_12,2026-07-17 06:00:00+03:00,2026-07-17 12:00:00+03:00,6.0
516,low,block_12_18,2026-07-17 12:00:00+03:00,2026-07-17 18:00:00+03:00,6.0
516,low,block_18_24,2026-07-17 18:00:00+03:00,2026-07-18 00:00:00+03:00,6.0
516,low,block_00_06,2026-07-18 00:00:00+03:00,2026-07-18 06:00:00+03:00,6.0
516,low,block_06_12,2026-07-18 06:00:00+03:00,2026-07-18 12:00:00+03:00,6.0
516,low,block_12_18,2026-07-18 12:00:00+03:00,2026-07-18 18:00:00+03:00,6.0
516,low,block_18_24,2026-07-18 18:00:00+03:00,2026-07-19 00:00:00+03:00,6.0
516,low,block_00_06,2026-07-19 00:00:00+03:00,2026-07-19 06:00:00+03:00,6.0
516,low,block_06_12,2026-07-19 06:00:00+03:00,2026-07-19 12:00:00+03:00,6.0
516,low,block_12_18,2026-07-19 12:00:00+03:00,2026-07-19 18:00:00+03:00,6.0
516,low,block_18_24,2026-07-19 18:00:00+03:00,2026-07-20 00:00:00+03:00,6.0
53,low,block_00_06,2026-07-06 00:00:00+03:00,2026-07-06 06:00:00+03:00,6.0
53,low,block_06_12,2026-07-06 06:00:00+03:00,2026-07-06 12:00:00+03:00,6.0
53,low,block_12_18,2026-07-06 12:00:00+03:00,2026-07-06 18:00:00+03:00,6.0
53,low,block_18_24,2026-07-06 18:00:00+03:00,2026-07-07 00:00:00+03:00,6.0
53,low,block_00_06,2026-07-07 00:00:00+03:00,2026-07-07 06:00:00+03:00,6.0
53,low,block_06_12,2026-07-07 06:00:00+03:00,2026-07-07 12:00:00+03:00,6.0
53,low,block_12_18,2026-07-07 12:00:00+03:00,2026-07-07 18:00:00+03:00,6.0
53,low,block_18_24,2026-07-07 18:00:00+03:00,2026-07-08 00:00:00+03:00,6.0
53,low,block_00_06,2026-07-08 00:00:00+03:00,2026-07-08 06:00:00+03:00,6.0
53,low,block_06_12,2026-07-08 06:00:00+03:00,2026-07-08 12:00:00+03:00,6.0
53,low,block_12_18,2026-07-08 12:00:00+03:00,2026-07-08 18:00:00+03:00,6.0
53,low,block_18_24,2026-07-08 18:00:00+03:00,2026-07-09 00:00:00+03:00,6.0
53,low,block_00_06,2026-07-09 00:00:00+03:00,2026-07-09 06:00:00+03:00,6.0
53,low,block_06_12,2026-07-09 06:00:00+03:00,2026-07-09 12:00:00+03:00,6.0
53,low,block_12_18,2026-07-09 12:00:00+03:00,2026-07-09 18:00:00+03:00,6.0
53,low,block_18_24,2026-07-09 18:00:00+03:00,2026-07-10 00:00:00+03:00,6.0
53,low,block_00_06,2026-07-10 00:00:00+03:00,2026-07-10 06:00:00+03:00,6.0
53,low,block_06_12,2026-07-10 06:00:00+03:00,2026-07-10 12:00:00+03:00,6.0
53,low,block_12_18,2026-07-10 12:00:00+03:00,2026-07-10 18:00:00+03:00,6.0
53,low,block_18_24,2026-07-10 18:00:00+03:00,2026-07-11 00:00:00+03:00,6.0
53,low,block_00_06,2026-07-11 00:00:00+03:00,2026-07-11 06:00:00+03:00,6.0
53,low,block_06_12,2026-07-11 06:00:00+03:00,2026-07-11 12:00:00+03:00,6.0
53,low,block_12_18,2026-07-11 12:00:00+03:00,2026-07-11 18:00:00+03:00,6.0
53,low,block_18_24,2026-07-11 18:00:00+03:00,2026-07-12 00:00:00+03:00,6.0
53,low,block_00_06,2026-07-12 00:00:00+03:00,2026-07-12 06:00:00+03:00,6.0
53,low,block_06_12,2026-07-12 06:00:00+03:00,2026-07-12 12:00:00+03:00,6.0
53,low,block_12_18,2026-07-12 12:00:00+03:00,2026-07-12 18:00:00+03:00,6.0
53,low,block_18_24,2026-07-12 18:00:00+03:00,2026-07-13 00:00:00+03:00,6.0
53,low,block_00_06,2026-07-13 00:00:00+03:00,2026-07-13 06:00:00+03:00,6.0
53,low,block_06_12,2026-07-13 06:00:00+03:00,2026-07-13 12:00:00+03:00,6.0
53,low,block_12_18,2026-07-13 12:00:00+03:00,2026-07-13 18:00:00+03:00,6.0
53,low,block_18_24,2026-07-13 18:00:00+03:00,2026-07-14 00:00:00+03:00,6.0
53,low,block_00_06,2026-07-14 00:00:00+03:00,2026-07-14 06:00:00+03:00,6.0
53,low,block_06_12,2026-07-14 06:00:00+03:00,2026-07-14 12:00:00+03:00,6.0
53,low,block_12_18,2026-07-14 12:00:00+03:00,2026-07-14 18:00:00+03:00,6.0
53,low,block_18_24,2026-07-14 18:00:00+03:00,2026-07-15 00:00:00+03:00,6.0
53,low,block_00_06,2026-07-15 00:00:00+03:00,2026-07-15 06:00:00+03:00,6.0
53,low,block_06_12,2026-07-15 06:00:00+03:00,2026-07-15 12:00:00+03:00,6.0
53,low,block_12_18,2026-07-15 12:00:00+03:00,2026-07-15 18:00:00+03:00,6.0
53,low,block_18_24,2026-07-15 18:00:00+03:00,2026-07-16 00:00:00+03:00,6.0
53,low,block_00_06,2026-07-16 00:00:00+03:00,2026-07-16 06:00:00+03:00,6.0
53,low,block_06_12,2026-07-16 06:00:00+03:00,2026-07-16 12:00:00+03:00,6.0
53,low,block_12_18,2026-07-16 12:00:00+03:00,2026-07-16 18:00:00+03:00,6.0
53,low,block_18_24,2026-07-16 18:00:00+03:00,2026-07-17 00:00:00+03:00,6.0
53,low,block_00_06,2026-07-17 00:00:00+03:00,2026-07-17 06:00:00+03:00,6.0
53,low,block_06_12,2026-07-17 06:00:00+03:00,2026-07-17 12:00:00+03:00,6.0
53,low,block_12_18,2026-07-17 12:00:00+03:00,2026-07-17 18:00:00+03:00,6.0
53,low,block_18_24,2026-07-17 18:00:00+03:00,2026-07-18 00:00:00+03:00,6.0
53,low,block_00_06,2026-07-18 00:00:00+03:00,2026-07-18 06:00:00+03:00,6.0
53,low,block_06_12,2026-07-18 06:00:00+03:00,2026-07-18 12:00:00+03:00,6.0
53,low,block_12_18,2026-07-18 12:00:00+03:00,2026-07-18 18:00:00+03:00,6.0
53,low,block_18_24,2026-07-18 18:00:00+03:00,2026-07-19 00:00:00+03:00,6.0
53,low,block_00_06,2026-07-19 00:00:00+03:00,2026-07-19 06:00:00+03:00,6.0
53,low,block_06_12,2026-07-19 06:00:00+03:00,2026-07-19 12:00:00+03:00,6.0
53,low,block_12_18,2026-07-19 12:00:00+03:00,2026-07-19 18:00:00+03:00,6.0
53,low,block_18_24,2026-07-19 18:00:00+03:00,2026-07-20 00:00:00+03:00,6.0
58,medium,block_00_06,2026-07-06 00:00:00+03:00,2026-07-06 06:00:00+03:00,6.0
58,medium,block_06_12,2026-07-06 06:00:00+03:00,2026-07-06 12:00:00+03:00,6.0
58,medium,block_12_18,2026-07-06 12:00:00+03:00,2026-07-06 18:00:00+03:00,6.0
58,medium,block_18_24,2026-07-06 18:00:00+03:00,2026-07-07 00:00:00+03:00,6.0
58,medium,block_00_06,2026-07-07 00:00:00+03:00,2026-07-07 06:00:00+03:00,6.0
58,medium,block_06_12,2026-07-07 06:00:00+03:00,2026-07-07 12:00:00+03:00,6.0
58,medium,block_12_18,2026-07-07 12:00:00+03:00,2026-07-07 18:00:00+03:00,6.0
58,medium,block_18_24,2026-07-07 18:00:00+03:00,2026-07-08 00:00:00+03:00,6.0
58,medium,block_00_06,2026-07-08 00:00:00+03:00,2026-07-08 06:00:00+03:00,6.0
58,medium,block_06_12,2026-07-08 06:00:00+03:00,2026-07-08 12:00:00+03:00,6.0
58,medium,block_12_18,2026-07-08 12:00:00+03:00,2026-07-08 18:00:00+03:00,6.0
58,medium,block_18_24,2026-07-08 18:00:00+03:00,2026-07-09 00:00:00+03:00,6.0
58,medium,block_00_06,2026-07-09 00:00:00+03:00,2026-07-09 06:00:00+03:00,6.0
58,medium,block_06_12,2026-07-09 06:00:00+03:00,2026-07-09 12:00:00+03:00,6.0
58,medium,block_12_18,2026-07-09 12:00:00+03:00,2026-07-09 18:00:00+03:00,6.0
58,medium,block_18_24,2026-07-09 18:00:00+03:00,2026-07-10 00:00:00+03:00,6.0
58,medium,block_00_06,2026-07-10 00:00:00+03:00,2026-07-10 06:00:00+03:00,6.0
58,medium,block_06_12,2026-07-10 06:00:00+03:00,2026-07-10 12:00:00+03:00,6.0
58,medium,block_12_18,2026-07-10 12:00:00+03:00,2026-07-10 18:00:00+03:00,6.0
58,medium,block_18_24,2026-07-10 18:00:00+03:00,2026-07-11 00:00:00+03:00,6.0
58,medium,block_00_06,2026-07-11 00:00:00+03:00,2026-07-11 06:00:00+03:00,6.0
58,medium,block_06_12,2026-07-11 06:00:00+03:00,2026-07-11 12:00:00+03:00,6.0
58,medium,block_12_18,2026-07-11 12:00:00+03:00,2026-07-11 18:00:00+03:00,6.0
58,medium,block_18_24,2026-07-11 18:00:00+03:00,2026-07-12 00:00:00+03:00,6.0
58,medium,block_00_06,2026-07-12 00:00:00+03:00,2026-07-12 06:00:00+03:00,6.0
58,medium,block_06_12,2026-07-12 06:00:00+03:00,2026-07-12 12:00:00+03:00,6.0
58,medium,block_12_18,2026-07-12 12:00:00+03:00,2026-07-12 18:00:00+03:00,6.0
58,medium,block_18_24,2026-07-12 18:00:00+03:00,2026-07-13 00:00:00+03:00,6.0
58,medium,block_00_06,2026-07-13 00:00:00+03:00,2026-07-13 06:00:00+03:00,6.0
58,medium,block_06_12,2026-07-13 06:00:00+03:00,2026-07-13 12:00:00+03:00,6.0
58,medium,block_12_18,2026-07-13 12:00:00+03:00,2026-07-13 18:00:00+03:00,6.0
58,medium,block_18_24,2026-07-13 18:00:00+03:00,2026-07-14 00:00:00+03:00,6.0
58,medium,block_00_06,2026-07-14 00:00:00+03:00,2026-07-14 06:00:00+03:00,6.0
58,medium,block_06_12,2026-07-14 06:00:00+03:00,2026-07-14 12:00:00+03:00,6.0
58,medium,block_12_18,2026-07-14 12:00:00+03:00,2026-07-14 18:00:00+03:00,6.0
58,medium,block_18_24,2026-07-14 18:00:00+03:00,2026-07-15 00:00:00+03:00,6.0
58,medium,block_00_06,2026-07-15 00:00:00+03:00,2026-07-15 06:00:00+03:00,6.0
58,medium,block_06_12,2026-07-15 06:00:00+03:00,2026-07-15 12:00:00+03:00,6.0
58,medium,block_12_18,2026-07-15 12:00:00+03:00,2026-07-15 18:00:00+03:00,6.0
58,medium,block_18_24,2026-07-15 18:00:00+03:00,2026-07-16 00:00:00+03:00,6.0
58,medium,block_00_06,2026-07-16 00:00:00+03:00,2026-07-16 06:00:00+03:00,6.0
58,medium,block_06_12,2026-07-16 06:00:00+03:00,2026-07-16 12:00:00+03:00,6.0
58,medium,block_12_18,2026-07-16 12:00:00+03:00,2026-07-16 18:00:00+03:00,6.0
58,medium,block_18_24,2026-07-16 18:00:00+03:00,2026-07-17 00:00:00+03:00,6.0
58,medium,block_00_06,2026-07-17 00:00:00+03:00,2026-07-17 06:00:00+03:00,6.0
58,medium,block_06_12,2026-07-17 06:00:00+03:00,2026-07-17 12:00:00+03:00,6.0
58,medium,block_12_18,2026-07-17 12:00:00+03:00,2026-07-17 18:00:00+03:00,6.0
58,medium,block_18_24,2026-07-17 18:00:00+03:00,2026-07-18 00:00:00+03:00,6.0
58,medium,block_00_06,2026-07-18 00:00:00+03:00,2026-07-18 06:00:00+03:00,6.0
58,medium,block_06_12,2026-07-18 06:00:00+03:00,2026-07-18 12:00:00+03:00,6.0
58,medium,block_12_18,2026-07-18 12:00:00+03:00,2026-07-18 18:00:00+03:00,6.0
58,medium,block_18_24,2026-07-18 18:00:00+03:00,2026-07-19 00:00:00+03:00,6.0
58,medium,block_00_06,2026-07-19 00:00:00+03:00,2026-07-19 06:00:00+03:00,6.0
58,medium,block_06_12,2026-07-19 06:00:00+03:00,2026-07-19 12:00:00+03:00,6.0
58,medium,block_12_18,2026-07-19 12:00:00+03:00,2026-07-19 18:00:00+03:00,6.0
58,medium,block_18_24,2026-07-19 18:00:00+03:00,2026-07-20 00:00:00+03:00,6.0
59,medium,block_00_06,2026-07-06 00:00:00+03:00,2026-07-06 06:00:00+03:00,6.0
59,medium,block_06_12,2026-07-06 06:00:00+03:00,2026-07-06 12:00:00+03:00,6.0
59,medium,block_12_18,2026-07-06 12:00:00+03:00,2026-07-06 18:00:00+03:00,6.0
59,medium,block_18_24,2026-07-06 18:00:00+03:00,2026-07-07 00:00:00+03:00,6.0
59,medium,block_00_06,2026-07-07 00:00:00+03:00,2026-07-07 06:00:00+03:00,6.0
59,medium,block_06_12,2026-07-07 06:00:00+03:00,2026-07-07 12:00:00+03:00,6.0
59,medium,block_12_18,2026-07-07 12:00:00+03:00,2026-07-07 18:00:00+03:00,6.0
59,medium,block_18_24,2026-07-07 18:00:00+03:00,2026-07-08 00:00:00+03:00,6.0
59,medium,block_00_06,2026-07-08 00:00:00+03:00,2026-07-08 06:00:00+03:00,6.0
59,medium,block_06_12,2026-07-08 06:00:00+03:00,2026-07-08 12:00:00+03:00,6.0
59,medium,block_12_18,2026-07-08 12:00:00+03:00,2026-07-08 18:00:00+03:00,6.0
59,medium,block_18_24,2026-07-08 18:00:00+03:00,2026-07-09 00:00:00+03:00,6.0
59,medium,block_00_06,2026-07-09 00:00:00+03:00,2026-07-09 06:00:00+03:00,6.0
59,medium,block_06_12,2026-07-09 06:00:00+03:00,2026-07-09 12:00:00+03:00,6.0
59,medium,block_12_18,2026-07-09 12:00:00+03:00,2026-07-09 18:00:00+03:00,6.0
59,medium,block_18_24,2026-07-09 18:00:00+03:00,2026-07-10 00:00:00+03:00,6.0
59,medium,block_00_06,2026-07-10 00:00:00+03:00,2026-07-10 06:00:00+03:00,6.0
59,medium,block_06_12,2026-07-10 06:00:00+03:00,2026-07-10 12:00:00+03:00,6.0
59,medium,block_12_18,2026-07-10 12:00:00+03:00,2026-07-10 18:00:00+03:00,6.0
59,medium,block_18_24,2026-07-10 18:00:00+03:00,2026-07-11 00:00:00+03:00,6.0
59,medium,block_00_06,2026-07-11 00:00:00+03:00,2026-07-11 06:00:00+03:00,6.0
59,medium,block_06_12,2026-07-11 06:00:00+03:00,2026-07-11 12:00:00+03:00,6.0
59,medium,block_12_18,2026-07-11 12:00:00+03:00,2026-07-11 18:00:00+03:00,6.0
59,medium,block_18_24,2026-07-11 18:00:00+03:00,2026-07-12 00:00:00+03:00,6.0
59,medium,block_00_06,2026-07-12 00:00:00+03:00,2026-07-12 06:00:00+03:00,6.0
59,medium,block_06_12,2026-07-12 06:00:00+03:00,2026-07-12 12:00:00+03:00,6.0
59,medium,block_12_18,2026-07-12 12:00:00+03:00,2026-07-12 18:00:00+03:00,6.0
59,medium,block_18_24,2026-07-12 18:00:00+03:00,2026-07-13 00:00:00+03:00,6.0
59,medium,block_00_06,2026-07-13 00:00:00+03:00,2026-07-13 06:00:00+03:00,6.0
59,medium,block_06_12,2026-07-13 06:00:00+03:00,2026-07-13 12:00:00+03:00,6.0
59,medium,block_12_18,2026-07-13 12:00:00+03:00,2026-07-13 18:00:00+03:00,6.0
59,medium,block_18_24,2026-07-13 18:00:00+03:00,2026-07-14 00:00:00+03:00,6.0
59,medium,block_00_06,2026-07-14 00:00:00+03:00,2026-07-14 06:00:00+03:00,6.0
59,medium,block_06_12,2026-07-14 06:00:00+03:00,2026-07-14 12:00:00+03:00,6.0
59,medium,block_12_18,2026-07-14 12:00:00+03:00,2026-07-14 18:00:00+03:00,6.0
59,medium,block_18_24,2026-07-14 18:00:00+03:00,2026-07-15 00:00:00+03:00,6.0
59,medium,block_00_06,2026-07-15 00:00:00+03:00,2026-07-15 06:00:00+03:00,6.0
59,medium,block_06_12,2026-07-15 06:00:00+03:00,2026-07-15 12:00:00+03:00,6.0
59,medium,block_12_18,2026-07-15 12:00:00+03:00,2026-07-15 18:00:00+03:00,6.0
59,medium,block_18_24,2026-07-15 18:00:00+03:00,2026-07-16 00:00:00+03:00,6.0
59,medium,block_00_06,2026-07-16 00:00:00+03:00,2026-07-16 06:00:00+03:00,6.0
59,medium,block_06_12,2026-07-16 06:00:00+03:00,2026-07-16 12:00:00+03:00,6.0
59,medium,block_12_18,2026-07-16 12:00:00+03:00,2026-07-16 18:00:00+03:00,6.0
59,medium,block_18_24,2026-07-16 18:00:00+03:00,2026-07-17 00:00:00+03:00,6.0
59,medium,block_00_06,2026-07-17 00:00:00+03:00,2026-07-17 06:00:00+03:00,6.0
59,medium,block_06_12,2026-07-17 06:00:00+03:00,2026-07-17 12:00:00+03:00,6.0
59,medium,block_12_18,2026-07-17 12:00:00+03:00,2026-07-17 18:00:00+03:00,6.0
59,medium,block_18_24,2026-07-17 18:00:00+03:00,2026-07-18 00:00:00+03:00,6.0
59,medium,block_00_06,2026-07-18 00:00:00+03:00,2026-07-18 06:00:00+03:00,6.0
59,medium,block_06_12,2026-07-18 06:00:00+03:00,2026-07-18 12:00:00+03:00,6.0
59,medium,block_12_18,2026-07-18 12:00:00+03:00,2026-07-18 18:00:00+03:00,6.0
59,medium,block_18_24,2026-07-18 18:00:00+03:00,2026-07-19 00:00:00+03:00,6.0
59,medium,block_00_06,2026-07-19 00:00:00+03:00,2026-07-19 06:00:00+03:00,6.0
59,medium,block_06_12,2026-07-19 06:00:00+03:00,2026-07-19 12:00:00+03:00,6.0
59,medium,block_12_18,2026-07-19 12:00:00+03:00,2026-07-19 18:00:00+03:00,6.0
59,medium,block_18_24,2026-07-19 18:00:00+03:00,2026-07-20 00:00:00+03:00,6.0
60,medium,block_00_06,2026-07-06 00:00:00+03:00,2026-07-06 06:00:00+03:00,6.0
60,medium,block_06_12,2026-07-06 06:00:00+03:00,2026-07-06 12:00:00+03:00,6.0
60,medium,block_12_18,2026-07-06 12:00:00+03:00,2026-07-06 18:00:00+03:00,6.0
60,medium,block_18_24,2026-07-06 18:00:00+03:00,2026-07-07 00:00:00+03:00,6.0
60,medium,block_00_06,2026-07-07 00:00:00+03:00,2026-07-07 06:00:00+03:00,6.0
60,medium,block_06_12,2026-07-07 06:00:00+03:00,2026-07-07 12:00:00+03:00,6.0
60,medium,block_12_18,2026-07-07 12:00:00+03:00,2026-07-07 18:00:00+03:00,6.0
60,medium,block_18_24,2026-07-07 18:00:00+03:00,2026-07-08 00:00:00+03:00,6.0
60,medium,block_00_06,2026-07-08 00:00:00+03:00,2026-07-08 06:00:00+03:00,6.0
60,medium,block_06_12,2026-07-08 06:00:00+03:00,2026-07-08 12:00:00+03:00,6.0
60,medium,block_12_18,2026-07-08 12:00:00+03:00,2026-07-08 18:00:00+03:00,6.0
60,medium,block_18_24,2026-07-08 18:00:00+03:00,2026-07-09 00:00:00+03:00,6.0
60,medium,block_00_06,2026-07-09 00:00:00+03:00,2026-07-09 06:00:00+03:00,6.0
60,medium,block_06_12,2026-07-09 06:00:00+03:00,2026-07-09 12:00:00+03:00,6.0
60,medium,block_12_18,2026-07-09 12:00:00+03:00,2026-07-09 18:00:00+03:00,6.0
60,medium,block_18_24,2026-07-09 18:00:00+03:00,2026-07-10 00:00:00+03:00,6.0
60,medium,block_00_06,2026-07-10 00:00:00+03:00,2026-07-10 06:00:00+03:00,6.0
60,medium,block_06_12,2026-07-10 06:00:00+03:00,2026-07-10 12:00:00+03:00,6.0
60,medium,block_12_18,2026-07-10 12:00:00+03:00,2026-07-10 18:00:00+03:00,6.0
60,medium,block_18_24,2026-07-10 18:00:00+03:00,2026-07-11 00:00:00+03:00,6.0
60,medium,block_00_06,2026-07-11 00:00:00+03:00,2026-07-11 06:00:00+03:00,6.0
60,medium,block_06_12,2026-07-11 06:00:00+03:00,2026-07-11 12:00:00+03:00,6.0
60,medium,block_12_18,2026-07-11 12:00:00+03:00,2026-07-11 18:00:00+03:00,6.0
60,medium,block_18_24,2026-07-11 18:00:00+03:00,2026-07-12 00:00:00+03:00,6.0
60,medium,block_00_06,2026-07-12 00:00:00+03:00,2026-07-12 06:00:00+03:00,6.0
60,medium,block_06_12,2026-07-12 06:00:00+03:00,2026-07-12 12:00:00+03:00,6.0
60,medium,block_12_18,2026-07-12 12:00:00+03:00,2026-07-12 18:00:00+03:00,6.0
60,medium,block_18_24,2026-07-12 18:00:00+03:00,2026-07-13 00:00:00+03:00,6.0
60,medium,block_00_06,2026-07-13 00:00:00+03:00,2026-07-13 06:00:00+03:00,6.0
60,medium,block_06_12,2026-07-13 06:00:00+03:00,2026-07-13 12:00:00+03:00,6.0
60,medium,block_12_18,2026-07-13 12:00:00+03:00,2026-07-13 18:00:00+03:00,6.0
60,medium,block_18_24,2026-07-13 18:00:00+03:00,2026-07-14 00:00:00+03:00,6.0
60,medium,block_00_06,2026-07-14 00:00:00+03:00,2026-07-14 06:00:00+03:00,6.0
60,medium,block_06_12,2026-07-14 06:00:00+03:00,2026-07-14 12:00:00+03:00,6.0
60,medium,block_12_18,2026-07-14 12:00:00+03:00,2026-07-14 18:00:00+03:00,6.0
60,medium,block_18_24,2026-07-14 18:00:00+03:00,2026-07-15 00:00:00+03:00,6.0
60,medium,block_00_06,2026-07-15 00:00:00+03:00,2026-07-15 06:00:00+03:00,6.0
60,medium,block_06_12,2026-07-15 06:00:00+03:00,2026-07-15 12:00:00+03:00,6.0
60,medium,block_12_18,2026-07-15 12:00:00+03:00,2026-07-15 18:00:00+03:00,6.0
60,medium,block_18_24,2026-07-15 18:00:00+03:00,2026-07-16 00:00:00+03:00,6.0
60,medium,block_00_06,2026-07-16 00:00:00+03:00,2026-07-16 06:00:00+03:00,6.0
60,medium,block_06_12,2026-07-16 06:00:00+03:00,2026-07-16 12:00:00+03:00,6.0
60,medium,block_12_18,2026-07-16 12:00:00+03:00,2026-07-16 18:00:00+03:00,6.0
60,medium,block_18_24,2026-07-16 18:00:00+03:00,2026-07-17 00:00:00+03:00,6.0
60,medium,block_00_06,2026-07-17 00:00:00+03:00,2026-07-17 06:00:00+03:00,6.0
60,medium,block_06_12,2026-07-17 06:00:00+03:00,2026-07-17 12:00:00+03:00,6.0
60,medium,block_12_18,2026-07-17 12:00:00+03:00,2026-07-17 18:00:00+03:00,6.0
60,medium,block_18_24,2026-07-17 18:00:00+03:00,2026-07-18 00:00:00+03:00,6.0
60,medium,block_00_06,2026-07-18 00:00:00+03:00,2026-07-18 06:00:00+03:00,6.0
60,medium,block_06_12,2026-07-18 06:00:00+03:00,2026-07-18 12:00:00+03:00,6.0
60,medium,block_12_18,2026-07-18 12:00:00+03:00,2026-07-18 18:00:00+03:00,6.0
60,medium,block_18_24,2026-07-18 18:00:00+03:00,2026-07-19 00:00:00+03:00,6.0
60,medium,block_00_06,2026-07-19 00:00:00+03:00,2026-07-19 06:00:00+03:00,6.0
60,medium,block_06_12,2026-07-19 06:00:00+03:00,2026-07-19 12:00:00+03:00,6.0
60,medium,block_12_18,2026-07-19 12:00:00+03:00,2026-07-19 18:00:00+03:00,6.0
60,medium,block_18_24,2026-07-19 18:00:00+03:00,2026-07-20 00:00:00+03:00,6.0
61,low,block_00_06,2026-07-06 00:00:00+03:00,2026-07-06 06:00:00+03:00,6.0
61,low,block_06_12,2026-07-06 06:00:00+03:00,2026-07-06 12:00:00+03:00,6.0
61,low,block_12_18,2026-07-06 12:00:00+03:00,2026-07-06 18:00:00+03:00,6.0
61,low,block_18_24,2026-07-06 18:00:00+03:00,2026-07-07 00:00:00+03:00,6.0
61,low,block_00_06,2026-07-07 00:00:00+03:00,2026-07-07 06:00:00+03:00,6.0
61,low,block_06_12,2026-07-07 06:00:00+03:00,2026-07-07 12:00:00+03:00,6.0
61,low,block_12_18,2026-07-07 12:00:00+03:00,2026-07-07 18:00:00+03:00,6.0
61,low,block_18_24,2026-07-07 18:00:00+03:00,2026-07-08 00:00:00+03:00,6.0
61,low,block_00_06,2026-07-08 00:00:00+03:00,2026-07-08 06:00:00+03:00,6.0
61,low,block_06_12,2026-07-08 06:00:00+03:00,2026-07-08 12:00:00+03:00,6.0
61,low,block_12_18,2026-07-08 12:00:00+03:00,2026-07-08 18:00:00+03:00,6.0
61,low,block_18_24,2026-07-08 18:00:00+03:00,2026-07-09 00:00:00+03:00,6.0
61,low,block_00_06,2026-07-09 00:00:00+03:00,2026-07-09 06:00:00+03:00,6.0
61,low,block_06_12,2026-07-09 06:00:00+03:00,2026-07-09 12:00:00+03:00,6.0
61,low,block_12_18,2026-07-09 12:00:00+03:00,2026-07-09 18:00:00+03:00,6.0
61,low,block_18_24,2026-07-09 18:00:00+03:00,2026-07-10 00:00:00+03:00,6.0
61,low,block_00_06,2026-07-10 00:00:00+03:00,2026-07-10 06:00:00+03:00,6.0
61,low,block_06_12,2026-07-10 06:00:00+03:00,2026-07-10 12:00:00+03:00,6.0
61,low,block_12_18,2026-07-10 12:00:00+03:00,2026-07-10 18:00:00+03:00,6.0
61,low,block_18_24,2026-07-10 18:00:00+03:00,2026-07-11 00:00:00+03:00,6.0
61,low,block_00_06,2026-07-11 00:00:00+03:00,2026-07-11 06:00:00+03:00,6.0
61,low,block_06_12,2026-07-11 06:00:00+03:00,2026-07-11 12:00:00+03:00,6.0
61,low,block_12_18,2026-07-11 12:00:00+03:00,2026-07-11 18:00:00+03:00,6.0
61,low,block_18_24,2026-07-11 18:00:00+03:00,2026-07-12 00:00:00+03:00,6.0
61,low,block_00_06,2026-07-12 00:00:00+03:00,2026-07-12 06:00:00+03:00,6.0
61,low,block_06_12,2026-07-12 06:00:00+03:00,2026-07-12 12:00:00+03:00,6.0
61,low,block_12_18,2026-07-12 12:00:00+03:00,2026-07-12 18:00:00+03:00,6.0
61,low,block_18_24,2026-07-12 18:00:00+03:00,2026-07-13 00:00:00+03:00,6.0
61,low,block_00_06,2026-07-13 00:00:00+03:00,2026-07-13 06:00:00+03:00,6.0
61,low,block_06_12,2026-07-13 06:00:00+03:00,2026-07-13 12:00:00+03:00,6.0
61,low,block_12_18,2026-07-13 12:00:00+03:00,2026-07-13 18:00:00+03:00,6.0
61,low,block_18_24,2026-07-13 18:00:00+03:00,2026-07-14 00:00:00+03:00,6.0
61,low,block_00_06,2026-07-14 00:00:00+03:00,2026-07-14 06:00:00+03:00,6.0
61,low,block_06_12,2026-07-14 06:00:00+03:00,2026-07-14 12:00:00+03:00,6.0
61,low,block_12_18,2026-07-14 12:00:00+03:00,2026-07-14 18:00:00+03:00,6.0
61,low,block_18_24,2026-07-14 18:00:00+03:00,2026-07-15 00:00:00+03:00,6.0
61,low,block_00_06,2026-07-15 00:00:00+03:00,2026-07-15 06:00:00+03:00,6.0
61,low,block_06_12,2026-07-15 06:00:00+03:00,2026-07-15 12:00:00+03:00,6.0
61,low,block_12_18,2026-07-15 12:00:00+03:00,2026-07-15 18:00:00+03:00,6.0
61,low,block_18_24,2026-07-15 18:00:00+03:00,2026-07-16 00:00:00+03:00,6.0
61,low,block_00_06,2026-07-16 00:00:00+03:00,2026-07-16 06:00:00+03:00,6.0
61,low,block_06_12,2026-07-16 06:00:00+03:00,2026-07-16 12:00:00+03:00,6.0
61,low,block_12_18,2026-07-16 12:00:00+03:00,2026-07-16 18:00:00+03:00,6.0
61,low,block_18_24,2026-07-16 18:00:00+03:00,2026-07-17 00:00:00+03:00,6.0
61,low,block_00_06,2026-07-17 00:00:00+03:00,2026-07-17 06:00:00+03:00,6.0
61,low,block_06_12,2026-07-17 06:00:00+03:00,2026-07-17 12:00:00+03:00,6.0
61,low,block_12_18,2026-07-17 12:00:00+03:00,2026-07-17 18:00:00+03:00,6.0
61,low,block_18_24,2026-07-17 18:00:00+03:00,2026-07-18 00:00:00+03:00,6.0
61,low,block_00_06,2026-07-18 00:00:00+03:00,2026-07-18 06:00:00+03:00,6.0
61,low,block_06_12,2026-07-18 06:00:00+03:00,2026-07-18 12:00:00+03:00,6.0
61,low,block_12_18,2026-07-18 12:00:00+03:00,2026-07-18 18:00:00+03:00,6.0
61,low,block_18_24,2026-07-18 18:00:00+03:00,2026-07-19 00:00:00+03:00,6.0
61,low,block_00_06,2026-07-19 00:00:00+03:00,2026-07-19 06:00:00+03:00,6.0
61,low,block_06_12,2026-07-19 06:00:00+03:00,2026-07-19 12:00:00+03:00,6.0
61,low,block_12_18,2026-07-19 12:00:00+03:00,2026-07-19 18:00:00+03:00,6.0
61,low,block_18_24,2026-07-19 18:00:00+03:00,2026-07-20 00:00:00+03:00,6.0
63,low,block_00_06,2026-07-06 00:00:00+03:00,2026-07-06 06:00:00+03:00,6.0
63,low,block_06_12,2026-07-06 06:00:00+03:00,2026-07-06 12:00:00+03:00,6.0
63,low,block_12_18,2026-07-06 12:00:00+03:00,2026-07-06 18:00:00+03:00,6.0
63,low,block_18_24,2026-07-06 18:00:00+03:00,2026-07-07 00:00:00+03:00,6.0
63,low,block_00_06,2026-07-07 00:00:00+03:00,2026-07-07 06:00:00+03:00,6.0
63,low,block_06_12,2026-07-07 06:00:00+03:00,2026-07-07 12:00:00+03:00,6.0
63,low,block_12_18,2026-07-07 12:00:00+03:00,2026-07-07 18:00:00+03:00,6.0
63,low,block_18_24,2026-07-07 18:00:00+03:00,2026-07-08 00:00:00+03:00,6.0
63,low,block_00_06,2026-07-08 00:00:00+03:00,2026-07-08 06:00:00+03:00,6.0
63,low,block_06_12,2026-07-08 06:00:00+03:00,2026-07-08 12:00:00+03:00,6.0
63,low,block_12_18,2026-07-08 12:00:00+03:00,2026-07-08 18:00:00+03:00,6.0
63,low,block_18_24,2026-07-08 18:00:00+03:00,2026-07-09 00:00:00+03:00,6.0
63,low,block_00_06,2026-07-09 00:00:00+03:00,2026-07-09 06:00:00+03:00,6.0
63,low,block_06_12,2026-07-09 06:00:00+03:00,2026-07-09 12:00:00+03:00,6.0
63,low,block_12_18,2026-07-09 12:00:00+03:00,2026-07-09 18:00:00+03:00,6.0
63,low,block_18_24,2026-07-09 18:00:00+03:00,2026-07-10 00:00:00+03:00,6.0
63,low,block_00_06,2026-07-10 00:00:00+03:00,2026-07-10 06:00:00+03:00,6.0
63,low,block_06_12,2026-07-10 06:00:00+03:00,2026-07-10 12:00:00+03:00,6.0
63,low,block_12_18,2026-07-10 12:00:00+03:00,2026-07-10 18:00:00+03:00,6.0
63,low,block_18_24,2026-07-10 18:00:00+03:00,2026-07-11 00:00:00+03:00,6.0
63,low,block_00_06,2026-07-11 00:00:00+03:00,2026-07-11 06:00:00+03:00,6.0
63,low,block_06_12,2026-07-11 06:00:00+03:00,2026-07-11 12:00:00+03:00,6.0
63,low,block_12_18,2026-07-11 12:00:00+03:00,2026-07-11 18:00:00+03:00,6.0
63,low,block_18_24,2026-07-11 18:00:00+03:00,2026-07-12 00:00:00+03:00,6.0
63,low,block_00_06,2026-07-12 00:00:00+03:00,2026-07-12 06:00:00+03:00,6.0
63,low,block_06_12,2026-07-12 06:00:00+03:00,2026-07-12 12:00:00+03:00,6.0
63,low,block_12_18,2026-07-12 12:00:00+03:00,2026-07-12 18:00:00+03:00,6.0
63,low,block_18_24,2026-07-12 18:00:00+03:00,2026-07-13 00:00:00+03:00,6.0
63,low,block_00_06,2026-07-13 00:00:00+03:00,2026-07-13 06:00:00+03:00,6.0
63,low,block_06_12,2026-07-13 06:00:00+03:00,2026-07-13 12:00:00+03:00,6.0
63,low,block_12_18,2026-07-13 12:00:00+03:00,2026-07-13 18:00:00+03:00,6.0
63,low,block_18_24,2026-07-13 18:00:00+03:00,2026-07-14 00:00:00+03:00,6.0
63,low,block_00_06,2026-07-14 00:00:00+03:00,2026-07-14 06:00:00+03:00,6.0
63,low,block_06_12,2026-07-14 06:00:00+03:00,2026-07-14 12:00:00+03:00,6.0
63,low,block_12_18,2026-07-14 12:00:00+03:00,2026-07-14 18:00:00+03:00,6.0
63,low,block_18_24,2026-07-14 18:00:00+03:00,2026-07-15 00:00:00+03:00,6.0
63,low,block_00_06,2026-07-15 00:00:00+03:00,2026-07-15 06:00:00+03:00,6.0
63,low,block_06_12,2026-07-15 06:00:00+03:00,2026-07-15 12:00:00+03:00,6.0
63,low,block_12_18,2026-07-15 12:00:00+03:00,2026-07-15 18:00:00+03:00,6.0
63,low,block_18_24,2026-07-15 18:00:00+03:00,2026-07-16 00:00:00+03:00,6.0
63,low,block_00_06,2026-07-16 00:00:00+03:00,2026-07-16 06:00:00+03:00,6.0
63,low,block_06_12,2026-07-16 06:00:00+03:00,2026-07-16 12:00:00+03:00,6.0
63,low,block_12_18,2026-07-16 12:00:00+03:00,2026-07-16 18:00:00+03:00,6.0
63,low,block_18_24,2026-07-16 18:00:00+03:00,2026-07-17 00:00:00+03:00,6.0
63,low,block_00_06,2026-07-17 00:00:00+03:00,2026-07-17 06:00:00+03:00,6.0
63,low,block_06_12,2026-07-17 06:00:00+03:00,2026-07-17 12:00:00+03:00,6.0
63,low,block_12_18,2026-07-17 12:00:00+03:00,2026-07-17 18:00:00+03:00,6.0
63,low,block_18_24,2026-07-17 18:00:00+03:00,2026-07-18 00:00:00+03:00,6.0
63,low,block_00_06,2026-07-18 00:00:00+03:00,2026-07-18 06:00:00+03:00,6.0
63,low,block_06_12,2026-07-18 06:00:00+03:00,2026-07-18 12:00:00+03:00,6.0
63,low,block_12_18,2026-07-18 12:00:00+03:00,2026-07-18 18:00:00+03:00,6.0
63,low,block_18_24,2026-07-18 18:00:00+03:00,2026-07-19 00:00:00+03:00,6.0
63,low,block_00_06,2026-07-19 00:00:00+03:00,2026-07-19 06:00:00+03:00,6.0
63,low,block_06_12,2026-07-19 06:00:00+03:00,2026-07-19 12:00:00+03:00,6.0
63,low,block_12_18,2026-07-19 12:00:00+03:00,2026-07-19 18:00:00+03:00,6.0
63,low,block_18_24,2026-07-19 18:00:00+03:00,2026-07-20 00:00:00+03:00,6.0
64,low,block_00_06,2026-07-06 00:00:00+03:00,2026-07-06 06:00:00+03:00,6.0
64,low,block_06_12,2026-07-06 06:00:00+03:00,2026-07-06 12:00:00+03:00,6.0
64,low,block_12_18,2026-07-06 12:00:00+03:00,2026-07-06 18:00:00+03:00,6.0
64,low,block_18_24,2026-07-06 18:00:00+03:00,2026-07-07 00:00:00+03:00,6.0
64,low,block_00_06,2026-07-07 00:00:00+03:00,2026-07-07 06:00:00+03:00,6.0
64,low,block_06_12,2026-07-07 06:00:00+03:00,2026-07-07 12:00:00+03:00,6.0
64,low,block_12_18,2026-07-07 12:00:00+03:00,2026-07-07 18:00:00+03:00,6.0
64,low,block_18_24,2026-07-07 18:00:00+03:00,2026-07-08 00:00:00+03:00,6.0
64,low,block_00_06,2026-07-08 00:00:00+03:00,2026-07-08 06:00:00+03:00,6.0
64,low,block_06_12,2026-07-08 06:00:00+03:00,2026-07-08 12:00:00+03:00,6.0
64,low,block_12_18,2026-07-08 12:00:00+03:00,2026-07-08 18:00:00+03:00,6.0
64,low,block_18_24,2026-07-08 18:00:00+03:00,2026-07-09 00:00:00+03:00,6.0
64,low,block_00_06,2026-07-09 00:00:00+03:00,2026-07-09 06:00:00+03:00,6.0
64,low,block_06_12,2026-07-09 06:00:00+03:00,2026-07-09 12:00:00+03:00,6.0
64,low,block_12_18,2026-07-09 12:00:00+03:00,2026-07-09 18:00:00+03:00,6.0
64,low,block_18_24,2026-07-09 18:00:00+03:00,2026-07-10 00:00:00+03:00,6.0
64,low,block_00_06,2026-07-10 00:00:00+03:00,2026-07-10 06:00:00+03:00,6.0
64,low,block_06_12,2026-07-10 06:00:00+03:00,2026-07-10 12:00:00+03:00,6.0
64,low,block_12_18,2026-07-10 12:00:00+03:00,2026-07-10 18:00:00+03:00,6.0
64,low,block_18_24,2026-07-10 18:00:00+03:00,2026-07-11 00:00:00+03:00,6.0
64,low,block_00_06,2026-07-11 00:00:00+03:00,2026-07-11 06:00:00+03:00,6.0
64,low,block_06_12,2026-07-11 06:00:00+03:00,2026-07-11 12:00:00+03:00,6.0
64,low,block_12_18,2026-07-11 12:00:00+03:00,2026-07-11 18:00:00+03:00,6.0
64,low,block_18_24,2026-07-11 18:00:00+03:00,2026-07-12 00:00:00+03:00,6.0
64,low,block_00_06,2026-07-12 00:00:00+03:00,2026-07-12 06:00:00+03:00,6.0
64,low,block_06_12,2026-07-12 06:00:00+03:00,2026-07-12 12:00:00+03:00,6.0
64,low,block_12_18,2026-07-12 12:00:00+03:00,2026-07-12 18:00:00+03:00,6.0
64,low,block_18_24,2026-07-12 18:00:00+03:00,2026-07-13 00:00:00+03:00,6.0
64,low,block_00_06,2026-07-13 00:00:00+03:00,2026-07-13 06:00:00+03:00,6.0
64,low,block_06_12,2026-07-13 06:00:00+03:00,2026-07-13 12:00:00+03:00,6.0
64,low,block_12_18,2026-07-13 12:00:00+03:00,2026-07-13 18:00:00+03:00,6.0
64,low,block_18_24,2026-07-13 18:00:00+03:00,2026-07-14 00:00:00+03:00,6.0
64,low,block_00_06,2026-07-14 00:00:00+03:00,2026-07-14 06:00:00+03:00,6.0
64,low,block_06_12,2026-07-14 06:00:00+03:00,2026-07-14 12:00:00+03:00,6.0
64,low,block_12_18,2026-07-14 12:00:00+03:00,2026-07-14 18:00:00+03:00,6.0
64,low,block_18_24,2026-07-14 18:00:00+03:00,2026-07-15 00:00:00+03:00,6.0
64,low,block_00_06,2026-07-15 00:00:00+03:00,2026-07-15 06:00:00+03:00,6.0
64,low,block_06_12,2026-07-15 06:00:00+03:00,2026-07-15 12:00:00+03:00,6.0
64,low,block_12_18,2026-07-15 12:00:00+03:00,2026-07-15 18:00:00+03:00,6.0
64,low,block_18_24,2026-07-15 18:00:00+03:00,2026-07-16 00:00:00+03:00,6.0
64,low,block_00_06,2026-07-16 00:00:00+03:00,2026-07-16 06:00:00+03:00,6.0
64,low,block_06_12,2026-07-16 06:00:00+03:00,2026-07-16 12:00:00+03:00,6.0
64,low,block_12_18,2026-07-16 12:00:00+03:00,2026-07-16 18:00:00+03:00,6.0
64,low,block_18_24,2026-07-16 18:00:00+03:00,2026-07-17 00:00:00+03:00,6.0
64,low,block_00_06,2026-07-17 00:00:00+03:00,2026-07-17 06:00:00+03:00,6.0
64,low,block_06_12,2026-07-17 06:00:00+03:00,2026-07-17 12:00:00+03:00,6.0
64,low,block_12_18,2026-07-17 12:00:00+03:00,2026-07-17 18:00:00+03:00,6.0
64,low,block_18_24,2026-07-17 18:00:00+03:00,2026-07-18 00:00:00+03:00,6.0
64,low,block_00_06,2026-07-18 00:00:00+03:00,2026-07-18 06:00:00+03:00,6.0
64,low,block_06_12,2026-07-18 06:00:00+03:00,2026-07-18 12:00:00+03:00,6.0
64,low,block_12_18,2026-07-18 12:00:00+03:00,2026-07-18 18:00:00+03:00,6.0
64,low,block_18_24,2026-07-18 18:00:00+03:00,2026-07-19 00:00:00+03:00,6.0
64,low,block_00_06,2026-07-19 00:00:00+03:00,2026-07-19 06:00:00+03:00,6.0
64,low,block_06_12,2026-07-19 06:00:00+03:00,2026-07-19 12:00:00+03:00,6.0
64,low,block_12_18,2026-07-19 12:00:00+03:00,2026-07-19 18:00:00+03:00,6.0
64,low,block_18_24,2026-07-19 18:00:00+03:00,2026-07-20 00:00:00+03:00,6.0
65,low,block_00_06,2026-07-06 00:00:00+03:00,2026-07-06 06:00:00+03:00,6.0
65,low,block_06_12,2026-07-06 06:00:00+03:00,2026-07-06 12:00:00+03:00,6.0
65,low,block_12_18,2026-07-06 12:00:00+03:00,2026-07-06 18:00:00+03:00,6.0
65,low,block_18_24,2026-07-06 18:00:00+03:00,2026-07-07 00:00:00+03:00,6.0
65,low,block_00_06,2026-07-07 00:00:00+03:00,2026-07-07 06:00:00+03:00,6.0
65,low,block_06_12,2026-07-07 06:00:00+03:00,2026-07-07 12:00:00+03:00,6.0
65,low,block_12_18,2026-07-07 12:00:00+03:00,2026-07-07 18:00:00+03:00,6.0
65,low,block_18_24,2026-07-07 18:00:00+03:00,2026-07-08 00:00:00+03:00,6.0
65,low,block_00_06,2026-07-08 00:00:00+03:00,2026-07-08 06:00:00+03:00,6.0
65,low,block_06_12,2026-07-08 06:00:00+03:00,2026-07-08 12:00:00+03:00,6.0
65,low,block_12_18,2026-07-08 12:00:00+03:00,2026-07-08 18:00:00+03:00,6.0
65,low,block_18_24,2026-07-08 18:00:00+03:00,2026-07-09 00:00:00+03:00,6.0
65,low,block_00_06,2026-07-09 00:00:00+03:00,2026-07-09 06:00:00+03:00,6.0
65,low,block_06_12,2026-07-09 06:00:00+03:00,2026-07-09 12:00:00+03:00,6.0
65,low,block_12_18,2026-07-09 12:00:00+03:00,2026-07-09 18:00:00+03:00,6.0
65,low,block_18_24,2026-07-09 18:00:00+03:00,2026-07-10 00:00:00+03:00,6.0
65,low,block_00_06,2026-07-10 00:00:00+03:00,2026-07-10 06:00:00+03:00,6.0
65,low,block_06_12,2026-07-10 06:00:00+03:00,2026-07-10 12:00:00+03:00,6.0
65,low,block_12_18,2026-07-10 12:00:00+03:00,2026-07-10 18:00:00+03:00,6.0
65,low,block_18_24,2026-07-10 18:00:00+03:00,2026-07-11 00:00:00+03:00,6.0
65,low,block_00_06,2026-07-11 00:00:00+03:00,2026-07-11 06:00:00+03:00,6.0
65,low,block_06_12,2026-07-11 06:00:00+03:00,2026-07-11 12:00:00+03:00,6.0
65,low,block_12_18,2026-07-11 12:00:00+03:00,2026-07-11 18:00:00+03:00,6.0
65,low,block_18_24,2026-07-11 18:00:00+03:00,2026-07-12 00:00:00+03:00,6.0
65,low,block_00_06,2026-07-12 00:00:00+03:00,2026-07-12 06:00:00+03:00,6.0
65,low,block_06_12,2026-07-12 06:00:00+03:00,2026-07-12 12:00:00+03:00,6.0
65,low,block_12_18,2026-07-12 12:00:00+03:00,2026-07-12 18:00:00+03:00,6.0
65,low,block_18_24,2026-07-12 18:00:00+03:00,2026-07-13 00:00:00+03:00,6.0
65,low,block_00_06,2026-07-13 00:00:00+03:00,2026-07-13 06:00:00+03:00,6.0
65,low,block_06_12,2026-07-13 06:00:00+03:00,2026-07-13 12:00:00+03:00,6.0
65,low,block_12_18,2026-07-13 12:00:00+03:00,2026-07-13 18:00:00+03:00,6.0
65,low,block_18_24,2026-07-13 18:00:00+03:00,2026-07-14 00:00:00+03:00,6.0
65,low,block_00_06,2026-07-14 00:00:00+03:00,2026-07-14 06:00:00+03:00,6.0
65,low,block_06_12,2026-07-14 06:00:00+03:00,2026-07-14 12:00:00+03:00,6.0
65,low,block_12_18,2026-07-14 12:00:00+03:00,2026-07-14 18:00:00+03:00,6.0
65,low,block_18_24,2026-07-14 18:00:00+03:00,2026-07-15 00:00:00+03:00,6.0
65,low,block_00_06,2026-07-15 00:00:00+03:00,2026-07-15 06:00:00+03:00,6.0
65,low,block_06_12,2026-07-15 06:00:00+03:00,2026-07-15 12:00:00+03:00,6.0
65,low,block_12_18,2026-07-15 12:00:00+03:00,2026-07-15 18:00:00+03:00,6.0
65,low,block_18_24,2026-07-15 18:00:00+03:00,2026-07-16 00:00:00+03:00,6.0
65,low,block_00_06,2026-07-16 00:00:00+03:00,2026-07-16 06:00:00+03:00,6.0
65,low,block_06_12,2026-07-16 06:00:00+03:00,2026-07-16 12:00:00+03:00,6.0
65,low,block_12_18,2026-07-16 12:00:00+03:00,2026-07-16 18:00:00+03:00,6.0
65,low,block_18_24,2026-07-16 18:00:00+03:00,2026-07-17 00:00:00+03:00,6.0
65,low,block_00_06,2026-07-17 00:00:00+03:00,2026-07-17 06:00:00+03:00,6.0
65,low,block_06_12,2026-07-17 06:00:00+03:00,2026-07-17 12:00:00+03:00,6.0
65,low,block_12_18,2026-07-17 12:00:00+03:00,2026-07-17 18:00:00+03:00,6.0
65,low,block_18_24,2026-07-17 18:00:00+03:00,2026-07-18 00:00:00+03:00,6.0
65,low,block_00_06,2026-07-18 00:00:00+03:00,2026-07-18 06:00:00+03:00,6.0
65,low,block_06_12,2026-07-18 06:00:00+03:00,2026-07-18 12:00:00+03:00,6.0
65,low,block_12_18,2026-07-18 12:00:00+03:00,2026-07-18 18:00:00+03:00,6.0
65,low,block_18_24,2026-07-18 18:00:00+03:00,2026-07-19 00:00:00+03:00,6.0
65,low,block_00_06,2026-07-19 00:00:00+03:00,2026-07-19 06:00:00+03:00,6.0
65,low,block_06_12,2026-07-19 06:00:00+03:00,2026-07-19 12:00:00+03:00,6.0
65,low,block_12_18,2026-07-19 12:00:00+03:00,2026-07-19 18:00:00+03:00,6.0
65,low,block_18_24,2026-07-19 18:00:00+03:00,2026-07-20 00:00:00+03:00,6.0
66,low,block_00_06,2026-07-06 00:00:00+03:00,2026-07-06 06:00:00+03:00,6.0
66,low,block_06_12,2026-07-06 06:00:00+03:00,2026-07-06 12:00:00+03:00,6.0
66,low,block_12_18,2026-07-06 12:00:00+03:00,2026-07-06 18:00:00+03:00,6.0
66,low,block_18_24,2026-07-06 18:00:00+03:00,2026-07-07 00:00:00+03:00,6.0
66,low,block_00_06,2026-07-07 00:00:00+03:00,2026-07-07 06:00:00+03:00,6.0
66,low,block_06_12,2026-07-07 06:00:00+03:00,2026-07-07 12:00:00+03:00,6.0
66,low,block_12_18,2026-07-07 12:00:00+03:00,2026-07-07 18:00:00+03:00,6.0
66,low,block_18_24,2026-07-07 18:00:00+03:00,2026-07-08 00:00:00+03:00,6.0
66,low,block_00_06,2026-07-08 00:00:00+03:00,2026-07-08 06:00:00+03:00,6.0
66,low,block_06_12,2026-07-08 06:00:00+03:00,2026-07-08 12:00:00+03:00,6.0
66,low,block_12_18,2026-07-08 12:00:00+03:00,2026-07-08 18:00:00+03:00,6.0
66,low,block_18_24,2026-07-08 18:00:00+03:00,2026-07-09 00:00:00+03:00,6.0
66,low,block_00_06,2026-07-09 00:00:00+03:00,2026-07-09 06:00:00+03:00,6.0
66,low,block_06_12,2026-07-09 06:00:00+03:00,2026-07-09 12:00:00+03:00,6.0
66,low,block_12_18,2026-07-09 12:00:00+03:00,2026-07-09 18:00:00+03:00,6.0
66,low,block_18_24,2026-07-09 18:00:00+03:00,2026-07-10 00:00:00+03:00,6.0
66,low,block_00_06,2026-07-10 00:00:00+03:00,2026-07-10 06:00:00+03:00,6.0
66,low,block_06_12,2026-07-10 06:00:00+03:00,2026-07-10 12:00:00+03:00,6.0
66,low,block_12_18,2026-07-10 12:00:00+03:00,2026-07-10 18:00:00+03:00,6.0
66,low,block_18_24,2026-07-10 18:00:00+03:00,2026-07-11 00:00:00+03:00,6.0
66,low,block_00_06,2026-07-11 00:00:00+03:00,2026-07-11 06:00:00+03:00,6.0
66,low,block_06_12,2026-07-11 06:00:00+03:00,2026-07-11 12:00:00+03:00,6.0
66,low,block_12_18,2026-07-11 12:00:00+03:00,2026-07-11 18:00:00+03:00,6.0
66,low,block_18_24,2026-07-11 18:00:00+03:00,2026-07-12 00:00:00+03:00,6.0
66,low,block_00_06,2026-07-12 00:00:00+03:00,2026-07-12 06:00:00+03:00,6.0
66,low,block_06_12,2026-07-12 06:00:00+03:00,2026-07-12 12:00:00+03:00,6.0
66,low,block_12_18,2026-07-12 12:00:00+03:00,2026-07-12 18:00:00+03:00,6.0
66,low,block_18_24,2026-07-12 18:00:00+03:00,2026-07-13 00:00:00+03:00,6.0
66,low,block_00_06,2026-07-13 00:00:00+03:00,2026-07-13 06:00:00+03:00,6.0
66,low,block_06_12,2026-07-13 06:00:00+03:00,2026-07-13 12:00:00+03:00,6.0
66,low,block_12_18,2026-07-13 12:00:00+03:00,2026-07-13 18:00:00+03:00,6.0
66,low,block_18_24,2026-07-13 18:00:00+03:00,2026-07-14 00:00:00+03:00,6.0
66,low,block_00_06,2026-07-14 00:00:00+03:00,2026-07-14 06:00:00+03:00,6.0
66,low,block_06_12,2026-07-14 06:00:00+03:00,2026-07-14 12:00:00+03:00,6.0
66,low,block_12_18,2026-07-14 12:00:00+03:00,2026-07-14 18:00:00+03:00,6.0
66,low,block_18_24,2026-07-14 18:00:00+03:00,2026-07-15 00:00:00+03:00,6.0
66,low,block_00_06,2026-07-15 00:00:00+03:00,2026-07-15 06:00:00+03:00,6.0
66,low,block_06_12,2026-07-15 06:00:00+03:00,2026-07-15 12:00:00+03:00,6.0
66,low,block_12_18,2026-07-15 12:00:00+03:00,2026-07-15 18:00:00+03:00,6.0
66,low,block_18_24,2026-07-15 18:00:00+03:00,2026-07-16 00:00:00+03:00,6.0
66,low,block_00_06,2026-07-16 00:00:00+03:00,2026-07-16 06:00:00+03:00,6.0
66,low,block_06_12,2026-07-16 06:00:00+03:00,2026-07-16 12:00:00+03:00,6.0
66,low,block_12_18,2026-07-16 12:00:00+03:00,2026-07-16 18:00:00+03:00,6.0
66,low,block_18_24,2026-07-16 18:00:00+03:00,2026-07-17 00:00:00+03:00,6.0
66,low,block_00_06,2026-07-17 00:00:00+03:00,2026-07-17 06:00:00+03:00,6.0
66,low,block_06_12,2026-07-17 06:00:00+03:00,2026-07-17 12:00:00+03:00,6.0
66,low,block_12_18,2026-07-17 12:00:00+03:00,2026-07-17 18:00:00+03:00,6.0
66,low,block_18_24,2026-07-17 18:00:00+03:00,2026-07-18 00:00:00+03:00,6.0
66,low,block_00_06,2026-07-18 00:00:00+03:00,2026-07-18 06:00:00+03:00,6.0
66,low,block_06_12,2026-07-18 06:00:00+03:00,2026-07-18 12:00:00+03:00,6.0
66,low,block_12_18,2026-07-18 12:00:00+03:00,2026-07-18 18:00:00+03:00,6.0
66,low,block_18_24,2026-07-18 18:00:00+03:00,2026-07-19 00:00:00+03:00,6.0
66,low,block_00_06,2026-07-19 00:00:00+03:00,2026-07-19 06:00:00+03:00,6.0
66,low,block_06_12,2026-07-19 06:00:00+03:00,2026-07-19 12:00:00+03:00,6.0
66,low,block_12_18,2026-07-19 12:00:00+03:00,2026-07-19 18:00:00+03:00,6.0
66,low,block_18_24,2026-07-19 18:00:00+03:00,2026-07-20 00:00:00+03:00,6.0
67,low,block_00_06,2026-07-06 00:00:00+03:00,2026-07-06 06:00:00+03:00,6.0
67,low,block_06_12,2026-07-06 06:00:00+03:00,2026-07-06 12:00:00+03:00,6.0
67,low,block_12_18,2026-07-06 12:00:00+03:00,2026-07-06 18:00:00+03:00,6.0
67,low,block_18_24,2026-07-06 18:00:00+03:00,2026-07-07 00:00:00+03:00,6.0
67,low,block_00_06,2026-07-07 00:00:00+03:00,2026-07-07 06:00:00+03:00,6.0
67,low,block_06_12,2026-07-07 06:00:00+03:00,2026-07-07 12:00:00+03:00,6.0
67,low,block_12_18,2026-07-07 12:00:00+03:00,2026-07-07 18:00:00+03:00,6.0
67,low,block_18_24,2026-07-07 18:00:00+03:00,2026-07-08 00:00:00+03:00,6.0
67,low,block_00_06,2026-07-08 00:00:00+03:00,2026-07-08 06:00:00+03:00,6.0
67,low,block_06_12,2026-07-08 06:00:00+03:00,2026-07-08 12:00:00+03:00,6.0
67,low,block_12_18,2026-07-08 12:00:00+03:00,2026-07-08 18:00:00+03:00,6.0
67,low,block_18_24,2026-07-08 18:00:00+03:00,2026-07-09 00:00:00+03:00,6.0
67,low,block_00_06,2026-07-09 00:00:00+03:00,2026-07-09 06:00:00+03:00,6.0
67,low,block_06_12,2026-07-09 06:00:00+03:00,2026-07-09 12:00:00+03:00,6.0
67,low,block_12_18,2026-07-09 12:00:00+03:00,2026-07-09 18:00:00+03:00,6.0
67,low,block_18_24,2026-07-09 18:00:00+03:00,2026-07-10 00:00:00+03:00,6.0
67,low,block_00_06,2026-07-10 00:00:00+03:00,2026-07-10 06:00:00+03:00,6.0
67,low,block_06_12,2026-07-10 06:00:00+03:00,2026-07-10 12:00:00+03:00,6.0
67,low,block_12_18,2026-07-10 12:00:00+03:00,2026-07-10 18:00:00+03:00,6.0
67,low,block_18_24,2026-07-10 18:00:00+03:00,2026-07-11 00:00:00+03:00,6.0
67,low,block_00_06,2026-07-11 00:00:00+03:00,2026-07-11 06:00:00+03:00,6.0
67,low,block_06_12,2026-07-11 06:00:00+03:00,2026-07-11 12:00:00+03:00,6.0
67,low,block_12_18,2026-07-11 12:00:00+03:00,2026-07-11 18:00:00+03:00,6.0
67,low,block_18_24,2026-07-11 18:00:00+03:00,2026-07-12 00:00:00+03:00,6.0
67,low,block_00_06,2026-07-12 00:00:00+03:00,2026-07-12 06:00:00+03:00,6.0
67,low,block_06_12,2026-07-12 06:00:00+03:00,2026-07-12 12:00:00+03:00,6.0
67,low,block_12_18,2026-07-12 12:00:00+03:00,2026-07-12 18:00:00+03:00,6.0
67,low,block_18_24,2026-07-12 18:00:00+03:00,2026-07-13 00:00:00+03:00,6.0
67,low,block_00_06,2026-07-13 00:00:00+03:00,2026-07-13 06:00:00+03:00,6.0
67,low,block_06_12,2026-07-13 06:00:00+03:00,2026-07-13 12:00:00+03:00,6.0
67,low,block_12_18,2026-07-13 12:00:00+03:00,2026-07-13 18:00:00+03:00,6.0
67,low,block_18_24,2026-07-13 18:00:00+03:00,2026-07-14 00:00:00+03:00,6.0
67,low,block_00_06,2026-07-14 00:00:00+03:00,2026-07-14 06:00:00+03:00,6.0
67,low,block_06_12,2026-07-14 06:00:00+03:00,2026-07-14 12:00:00+03:00,6.0
67,low,block_12_18,2026-07-14 12:00:00+03:00,2026-07-14 18:00:00+03:00,6.0
67,low,block_18_24,2026-07-14 18:00:00+03:00,2026-07-15 00:00:00+03:00,6.0
67,low,block_00_06,2026-07-15 00:00:00+03:00,2026-07-15 06:00:00+03:00,6.0
67,low,block_06_12,2026-07-15 06:00:00+03:00,2026-07-15 12:00:00+03:00,6.0
67,low,block_12_18,2026-07-15 12:00:00+03:00,2026-07-15 18:00:00+03:00,6.0
67,low,block_18_24,2026-07-15 18:00:00+03:00,2026-07-16 00:00:00+03:00,6.0
67,low,block_00_06,2026-07-16 00:00:00+03:00,2026-07-16 06:00:00+03:00,6.0
67,low,block_06_12,2026-07-16 06:00:00+03:00,2026-07-16 12:00:00+03:00,6.0
67,low,block_12_18,2026-07-16 12:00:00+03:00,2026-07-16 18:00:00+03:00,6.0
67,low,block_18_24,2026-07-16 18:00:00+03:00,2026-07-17 00:00:00+03:00,6.0
67,low,block_00_06,2026-07-17 00:00:00+03:00,2026-07-17 06:00:00+03:00,6.0
67,low,block_06_12,2026-07-17 06:00:00+03:00,2026-07-17 12:00:00+03:00,6.0
67,low,block_12_18,2026-07-17 12:00:00+03:00,2026-07-17 18:00:00+03:00,6.0
67,low,block_18_24,2026-07-17 18:00:00+03:00,2026-07-18 00:00:00+03:00,6.0
67,low,block_00_06,2026-07-18 00:00:00+03:00,2026-07-18 06:00:00+03:00,6.0
67,low,block_06_12,2026-07-18 06:00:00+03:00,2026-07-18 12:00:00+03:00,6.0
67,low,block_12_18,2026-07-18 12:00:00+03:00,2026-07-18 18:00:00+03:00,6.0
67,low,block_18_24,2026-07-18 18:00:00+03:00,2026-07-19 00:00:00+03:00,6.0
67,low,block_00_06,2026-07-19 00:00:00+03:00,2026-07-19 06:00:00+03:00,6.0
67,low,block_06_12,2026-07-19 06:00:00+03:00,2026-07-19 12:00:00+03:00,6.0
67,low,block_12_18,2026-07-19 12:00:00+03:00,2026-07-19 18:00:00+03:00,6.0
67,low,block_18_24,2026-07-19 18:00:00+03:00,2026-07-20 00:00:00+03:00,6.0
68,low,block_00_06,2026-07-06 00:00:00+03:00,2026-07-06 06:00:00+03:00,6.0
68,low,block_06_12,2026-07-06 06:00:00+03:00,2026-07-06 12:00:00+03:00,6.0
68,low,block_12_18,2026-07-06 12:00:00+03:00,2026-07-06 18:00:00+03:00,6.0
68,low,block_18_24,2026-07-06 18:00:00+03:00,2026-07-07 00:00:00+03:00,6.0
68,low,block_00_06,2026-07-07 00:00:00+03:00,2026-07-07 06:00:00+03:00,6.0
68,low,block_06_12,2026-07-07 06:00:00+03:00,2026-07-07 12:00:00+03:00,6.0
68,low,block_12_18,2026-07-07 12:00:00+03:00,2026-07-07 18:00:00+03:00,6.0
68,low,block_18_24,2026-07-07 18:00:00+03:00,2026-07-08 00:00:00+03:00,6.0
68,low,block_00_06,2026-07-08 00:00:00+03:00,2026-07-08 06:00:00+03:00,6.0
68,low,block_06_12,2026-07-08 06:00:00+03:00,2026-07-08 12:00:00+03:00,6.0
68,low,block_12_18,2026-07-08 12:00:00+03:00,2026-07-08 18:00:00+03:00,6.0
68,low,block_18_24,2026-07-08 18:00:00+03:00,2026-07-09 00:00:00+03:00,6.0
68,low,block_00_06,2026-07-09 00:00:00+03:00,2026-07-09 06:00:00+03:00,6.0
68,low,block_06_12,2026-07-09 06:00:00+03:00,2026-07-09 12:00:00+03:00,6.0
68,low,block_12_18,2026-07-09 12:00:00+03:00,2026-07-09 18:00:00+03:00,6.0
68,low,block_18_24,2026-07-09 18:00:00+03:00,2026-07-10 00:00:00+03:00,6.0
68,low,block_00_06,2026-07-10 00:00:00+03:00,2026-07-10 06:00:00+03:00,6.0
68,low,block_06_12,2026-07-10 06:00:00+03:00,2026-07-10 12:00:00+03:00,6.0
68,low,block_12_18,2026-07-10 12:00:00+03:00,2026-07-10 18:00:00+03:00,6.0
68,low,block_18_24,2026-07-10 18:00:00+03:00,2026-07-11 00:00:00+03:00,6.0
68,low,block_00_06,2026-07-11 00:00:00+03:00,2026-07-11 06:00:00+03:00,6.0
68,low,block_06_12,2026-07-11 06:00:00+03:00,2026-07-11 12:00:00+03:00,6.0
68,low,block_12_18,2026-07-11 12:00:00+03:00,2026-07-11 18:00:00+03:00,6.0
68,low,block_18_24,2026-07-11 18:00:00+03:00,2026-07-12 00:00:00+03:00,6.0
68,low,block_00_06,2026-07-12 00:00:00+03:00,2026-07-12 06:00:00+03:00,6.0
68,low,block_06_12,2026-07-12 06:00:00+03:00,2026-07-12 12:00:00+03:00,6.0
68,low,block_12_18,2026-07-12 12:00:00+03:00,2026-07-12 18:00:00+03:00,6.0
68,low,block_18_24,2026-07-12 18:00:00+03:00,2026-07-13 00:00:00+03:00,6.0
68,low,block_00_06,2026-07-13 00:00:00+03:00,2026-07-13 06:00:00+03:00,6.0
68,low,block_06_12,2026-07-13 06:00:00+03:00,2026-07-13 12:00:00+03:00,6.0
68,low,block_12_18,2026-07-13 12:00:00+03:00,2026-07-13 18:00:00+03:00,6.0
68,low,block_18_24,2026-07-13 18:00:00+03:00,2026-07-14 00:00:00+03:00,6.0
68,low,block_00_06,2026-07-14 00:00:00+03:00,2026-07-14 06:00:00+03:00,6.0
68,low,block_06_12,2026-07-14 06:00:00+03:00,2026-07-14 12:00:00+03:00,6.0
68,low,block_12_18,2026-07-14 12:00:00+03:00,2026-07-14 18:00:00+03:00,6.0
68,low,block_18_24,2026-07-14 18:00:00+03:00,2026-07-15 00:00:00+03:00,6.0
68,low,block_00_06,2026-07-15 00:00:00+03:00,2026-07-15 06:00:00+03:00,6.0
68,low,block_06_12,2026-07-15 06:00:00+03:00,2026-07-15 12:00:00+03:00,6.0
68,low,block_12_18,2026-07-15 12:00:00+03:00,2026-07-15 18:00:00+03:00,6.0
68,low,block_18_24,2026-07-15 18:00:00+03:00,2026-07-16 00:00:00+03:00,6.0
68,low,block_00_06,2026-07-16 00:00:00+03:00,2026-07-16 06:00:00+03:00,6.0
68,low,block_06_12,2026-07-16 06:00:00+03:00,2026-07-16 12:00:00+03:00,6.0
68,low,block_12_18,2026-07-16 12:00:00+03:00,2026-07-16 18:00:00+03:00,6.0
68,low,block_18_24,2026-07-16 18:00:00+03:00,2026-07-17 00:00:00+03:00,6.0
68,low,block_00_06,2026-07-17 00:00:00+03:00,2026-07-17 06:00:00+03:00,6.0
68,low,block_06_12,2026-07-17 06:00:00+03:00,2026-07-17 12:00:00+03:00,6.0
68,low,block_12_18,2026-07-17 12:00:00+03:00,2026-07-17 18:00:00+03:00,6.0
68,low,block_18_24,2026-07-17 18:00:00+03:00,2026-07-18 00:00:00+03:00,6.0
68,low,block_00_06,2026-07-18 00:00:00+03:00,2026-07-18 06:00:00+03:00,6.0
68,low,block_06_12,2026-07-18 06:00:00+03:00,2026-07-18 12:00:00+03:00,6.0
68,low,block_12_18,2026-07-18 12:00:00+03:00,2026-07-18 18:00:00+03:00,6.0
68,low,block_18_24,2026-07-18 18:00:00+03:00,2026-07-19 00:00:00+03:00,6.0
68,low,block_00_06,2026-07-19 00:00:00+03:00,2026-07-19 06:00:00+03:00,6.0
68,low,block_06_12,2026-07-19 06:00:00+03:00,2026-07-19 12:00:00+03:00,6.0
68,low,block_12_18,2026-07-19 12:00:00+03:00,2026-07-19 18:00:00+03:00,6.0
68,low,block_18_24,2026-07-19 18:00:00+03:00,2026-07-20 00:00:00+03:00,6.0
95,low,block_00_06,2026-07-06 00:00:00+03:00,2026-07-06 06:00:00+03:00,6.0
95,low,block_06_12,2026-07-06 06:00:00+03:00,2026-07-06 12:00:00+03:00,6.0
95,low,block_12_18,2026-07-06 12:00:00+03:00,2026-07-06 18:00:00+03:00,6.0
95,low,block_18_24,2026-07-06 18:00:00+03:00,2026-07-07 00:00:00+03:00,6.0
95,low,block_00_06,2026-07-07 00:00:00+03:00,2026-07-07 06:00:00+03:00,6.0
95,low,block_06_12,2026-07-07 06:00:00+03:00,2026-07-07 12:00:00+03:00,6.0
95,low,block_12_18,2026-07-07 12:00:00+03:00,2026-07-07 18:00:00+03:00,6.0
95,low,block_18_24,2026-07-07 18:00:00+03:00,2026-07-08 00:00:00+03:00,6.0
95,low,block_00_06,2026-07-08 00:00:00+03:00,2026-07-08 06:00:00+03:00,6.0
95,low,block_06_12,2026-07-08 06:00:00+03:00,2026-07-08 12:00:00+03:00,6.0
95,low,block_12_18,2026-07-08 12:00:00+03:00,2026-07-08 18:00:00+03:00,6.0
95,low,block_18_24,2026-07-08 18:00:00+03:00,2026-07-09 00:00:00+03:00,6.0
95,low,block_00_06,2026-07-09 00:00:00+03:00,2026-07-09 06:00:00+03:00,6.0
95,low,block_06_12,2026-07-09 06:00:00+03:00,2026-07-09 12:00:00+03:00,6.0
95,low,block_12_18,2026-07-09 12:00:00+03:00,2026-07-09 18:00:00+03:00,6.0
95,low,block_18_24,2026-07-09 18:00:00+03:00,2026-07-10 00:00:00+03:00,6.0
95,low,block_00_06,2026-07-10 00:00:00+03:00,2026-07-10 06:00:00+03:00,6.0
95,low,block_06_12,2026-07-10 06:00:00+03:00,2026-07-10 12:00:00+03:00,6.0
95,low,block_12_18,2026-07-10 12:00:00+03:00,2026-07-10 18:00:00+03:00,6.0
95,low,block_18_24,2026-07-10 18:00:00+03:00,2026-07-11 00:00:00+03:00,6.0
95,low,block_00_06,2026-07-11 00:00:00+03:00,2026-07-11 06:00:00+03:00,6.0
95,low,block_06_12,2026-07-11 06:00:00+03:00,2026-07-11 12:00:00+03:00,6.0
95,low,block_12_18,2026-07-11 12:00:00+03:00,2026-07-11 18:00:00+03:00,6.0
95,low,block_18_24,2026-07-11 18:00:00+03:00,2026-07-12 00:00:00+03:00,6.0
95,low,block_00_06,2026-07-12 00:00:00+03:00,2026-07-12 06:00:00+03:00,6.0
95,low,block_06_12,2026-07-12 06:00:00+03:00,2026-07-12 12:00:00+03:00,6.0
95,low,block_12_18,2026-07-12 12:00:00+03:00,2026-07-12 18:00:00+03:00,6.0
95,low,block_18_24,2026-07-12 18:00:00+03:00,2026-07-13 00:00:00+03:00,6.0
95,low,block_00_06,2026-07-13 00:00:00+03:00,2026-07-13 06:00:00+03:00,6.0
95,low,block_06_12,2026-07-13 06:00:00+03:00,2026-07-13 12:00:00+03:00,6.0
95,low,block_12_18,2026-07-13 12:00:00+03:00,2026-07-13 18:00:00+03:00,6.0
95,low,block_18_24,2026-07-13 18:00:00+03:00,2026-07-14 00:00:00+03:00,6.0
95,low,block_00_06,2026-07-14 00:00:00+03:00,2026-07-14 06:00:00+03:00,6.0
95,low,block_06_12,2026-07-14 06:00:00+03:00,2026-07-14 12:00:00+03:00,6.0
95,low,block_12_18,2026-07-14 12:00:00+03:00,2026-07-14 18:00:00+03:00,6.0
95,low,block_18_24,2026-07-14 18:00:00+03:00,2026-07-15 00:00:00+03:00,6.0
95,low,block_00_06,2026-07-15 00:00:00+03:00,2026-07-15 06:00:00+03:00,6.0
95,low,block_06_12,2026-07-15 06:00:00+03:00,2026-07-15 12:00:00+03:00,6.0
95,low,block_12_18,2026-07-15 12:00:00+03:00,2026-07-15 18:00:00+03:00,6.0
95,low,block_18_24,2026-07-15 18:00:00+03:00,2026-07-16 00:00:00+03:00,6.0
95,low,block_00_06,2026-07-16 00:00:00+03:00,2026-07-16 06:00:00+03:00,6.0
95,low,block_06_12,2026-07-16 06:00:00+03:00,2026-07-16 12:00:00+03:00,6.0
95,low,block_12_18,2026-07-16 12:00:00+03:00,2026-07-16 18:00:00+03:00,6.0
95,low,block_18_24,2026-07-16 18:00:00+03:00,2026-07-17 00:00:00+03:00,6.0
95,low,block_00_06,2026-07-17 00:00:00+03:00,2026-07-17 06:00:00+03:00,6.0
95,low,block_06_12,2026-07-17 06:00:00+03:00,2026-07-17 12:00:00+03:00,6.0
95,low,block_12_18,2026-07-17 12:00:00+03:00,2026-07-17 18:00:00+03:00,6.0
95,low,block_18_24,2026-07-17 18:00:00+03:00,2026-07-18 00:00:00+03:00,6.0
95,low,block_00_06,2026-07-18 00:00:00+03:00,2026-07-18 06:00:00+03:00,6.0
95,low,block_06_12,2026-07-18 06:00:00+03:00,2026-07-18 12:00:00+03:00,6.0
95,low,block_12_18,2026-07-18 12:00:00+03:00,2026-07-18 18:00:00+03:00,6.0
95,low,block_18_24,2026-07-18 18:00:00+03:00,2026-07-19 00:00:00+03:00,6.0
95,low,block_00_06,2026-07-19 00:00:00+03:00,2026-07-19 06:00:00+03:00,6.0
95,low,block_06_12,2026-07-19 06:00:00+03:00,2026-07-19 12:00:00+03:00,6.0
95,low,block_12_18,2026-07-19 12:00:00+03:00,2026-07-19 18:00:00+03:00,6.0
95,low,block_18_24,2026-07-19 18:00:00+03:00,2026-07-20 00:00:00+03:00,6.0
96,low,block_00_06,2026-07-06 00:00:00+03:00,2026-07-06 06:00:00+03:00,6.0
96,low,block_06_12,2026-07-06 06:00:00+03:00,2026-07-06 12:00:00+03:00,6.0
96,low,block_12_18,2026-07-06 12:00:00+03:00,2026-07-06 18:00:00+03:00,6.0
96,low,block_18_24,2026-07-06 18:00:00+03:00,2026-07-07 00:00:00+03:00,6.0
96,low,block_00_06,2026-07-07 00:00:00+03:00,2026-07-07 06:00:00+03:00,6.0
96,low,block_06_12,2026-07-07 06:00:00+03:00,2026-07-07 12:00:00+03:00,6.0
96,low,block_12_18,2026-07-07 12:00:00+03:00,2026-07-07 18:00:00+03:00,6.0
96,low,block_18_24,2026-07-07 18:00:00+03:00,2026-07-08 00:00:00+03:00,6.0
96,low,block_00_06,2026-07-08 00:00:00+03:00,2026-07-08 06:00:00+03:00,6.0
96,low,block_06_12,2026-07-08 06:00:00+03:00,2026-07-08 12:00:00+03:00,6.0
96,low,block_12_18,2026-07-08 12:00:00+03:00,2026-07-08 18:00:00+03:00,6.0
96,low,block_18_24,2026-07-08 18:00:00+03:00,2026-07-09 00:00:00+03:00,6.0
96,low,block_00_06,2026-07-09 00:00:00+03:00,2026-07-09 06:00:00+03:00,6.0
96,low,block_06_12,2026-07-09 06:00:00+03:00,2026-07-09 12:00:00+03:00,6.0
96,low,block_12_18,2026-07-09 12:00:00+03:00,2026-07-09 18:00:00+03:00,6.0
96,low,block_18_24,2026-07-09 18:00:00+03:00,2026-07-10 00:00:00+03:00,6.0
96,low,block_00_06,2026-07-10 00:00:00+03:00,2026-07-10 06:00:00+03:00,6.0
96,low,block_06_12,2026-07-10 06:00:00+03:00,2026-07-10 12:00:00+03:00,6.0
96,low,block_12_18,2026-07-10 12:00:00+03:00,2026-07-10 18:00:00+03:00,6.0
96,low,block_18_24,2026-07-10 18:00:00+03:00,2026-07-11 00:00:00+03:00,6.0
96,low,block_00_06,2026-07-11 00:00:00+03:00,2026-07-11 06:00:00+03:00,6.0
96,low,block_06_12,2026-07-11 06:00:00+03:00,2026-07-11 12:00:00+03:00,6.0
96,low,block_12_18,2026-07-11 12:00:00+03:00,2026-07-11 18:00:00+03:00,6.0
96,low,block_18_24,2026-07-11 18:00:00+03:00,2026-07-12 00:00:00+03:00,6.0
96,low,block_00_06,2026-07-12 00:00:00+03:00,2026-07-12 06:00:00+03:00,6.0
96,low,block_06_12,2026-07-12 06:00:00+03:00,2026-07-12 12:00:00+03:00,6.0
96,low,block_12_18,2026-07-12 12:00:00+03:00,2026-07-12 18:00:00+03:00,6.0
96,low,block_18_24,2026-07-12 18:00:00+03:00,2026-07-13 00:00:00+03:00,6.0
96,low,block_00_06,2026-07-13 00:00:00+03:00,2026-07-13 06:00:00+03:00,6.0
96,low,block_06_12,2026-07-13 06:00:00+03:00,2026-07-13 12:00:00+03:00,6.0
96,low,block_12_18,2026-07-13 12:00:00+03:00,2026-07-13 18:00:00+03:00,6.0
96,low,block_18_24,2026-07-13 18:00:00+03:00,2026-07-14 00:00:00+03:00,6.0
96,low,block_00_06,2026-07-14 00:00:00+03:00,2026-07-14 06:00:00+03:00,6.0
96,low,block_06_12,2026-07-14 06:00:00+03:00,2026-07-14 12:00:00+03:00,6.0
96,low,block_12_18,2026-07-14 12:00:00+03:00,2026-07-14 18:00:00+03:00,6.0
96,low,block_18_24,2026-07-14 18:00:00+03:00,2026-07-15 00:00:00+03:00,6.0
96,low,block_00_06,2026-07-15 00:00:00+03:00,2026-07-15 06:00:00+03:00,6.0
96,low,block_06_12,2026-07-15 06:00:00+03:00,2026-07-15 12:00:00+03:00,6.0
96,low,block_12_18,2026-07-15 12:00:00+03:00,2026-07-15 18:00:00+03:00,6.0
96,low,block_18_24,2026-07-15 18:00:00+03:00,2026-07-16 00:00:00+03:00,6.0
96,low,block_00_06,2026-07-16 00:00:00+03:00,2026-07-16 06:00:00+03:00,6.0
96,low,block_06_12,2026-07-16 06:00:00+03:00,2026-07-16 12:00:00+03:00,6.0
96,low,block_12_18,2026-07-16 12:00:00+03:00,2026-07-16 18:00:00+03:00,6.0
96,low,block_18_24,2026-07-16 18:00:00+03:00,2026-07-17 00:00:00+03:00,6.0
96,low,block_00_06,2026-07-17 00:00:00+03:00,2026-07-17 06:00:00+03:00,6.0
96,low,block_06_12,2026-07-17 06:00:00+03:00,2026-07-17 12:00:00+03:00,6.0
96,low,block_12_18,2026-07-17 12:00:00+03:00,2026-07-17 18:00:00+03:00,6.0
96,low,block_18_24,2026-07-17 18:00:00+03:00,2026-07-18 00:00:00+03:00,6.0
96,low,block_00_06,2026-07-18 00:00:00+03:00,2026-07-18 06:00:00+03:00,6.0
96,low,block_06_12,2026-07-18 06:00:00+03:00,2026-07-18 12:00:00+03:00,6.0
96,low,block_12_18,2026-07-18 12:00:00+03:00,2026-07-18 18:00:00+03:00,6.0
96,low,block_18_24,2026-07-18 18:00:00+03:00,2026-07-19 00:00:00+03:00,6.0
96,low,block_00_06,2026-07-19 00:00:00+03:00,2026-07-19 06:00:00+03:00,6.0
96,low,block_06_12,2026-07-19 06:00:00+03:00,2026-07-19 12:00:00+03:00,6.0
96,low,block_12_18,2026-07-19 12:00:00+03:00,2026-07-19 18:00:00+03:00,6.0
96,low,block_18_24,2026-07-19 18:00:00+03:00,2026-07-20 00:00:00+03:00,6.0
grp_122_131,medium,block_00_06,2026-07-06 00:00:00+03:00,2026-07-06 06:00:00+03:00,6.0
grp_122_131,medium,block_06_12,2026-07-06 06:00:00+03:00,2026-07-06 12:00:00+03:00,6.0
grp_122_131,medium,block_12_18,2026-07-06 12:00:00+03:00,2026-07-06 18:00:00+03:00,6.0
grp_122_131,medium,block_18_24,2026-07-06 18:00:00+03:00,2026-07-07 00:00:00+03:00,6.0
grp_122_131,medium,block_00_06,2026-07-07 00:00:00+03:00,2026-07-07 06:00:00+03:00,6.0
grp_122_131,medium,block_06_12,2026-07-07 06:00:00+03:00,2026-07-07 12:00:00+03:00,6.0
grp_122_131,medium,block_12_18,2026-07-07 12:00:00+03:00,2026-07-07 18:00:00+03:00,6.0
grp_122_131,medium,block_18_24,2026-07-07 18:00:00+03:00,2026-07-08 00:00:00+03:00,6.0
grp_122_131,medium,block_00_06,2026-07-08 00:00:00+03:00,2026-07-08 06:00:00+03:00,6.0
grp_122_131,medium,block_06_12,2026-07-08 06:00:00+03:00,2026-07-08 12:00:00+03:00,6.0
grp_122_131,medium,block_12_18,2026-07-08 12:00:00+03:00,2026-07-08 18:00:00+03:00,6.0
grp_122_131,medium,block_18_24,2026-07-08 18:00:00+03:00,2026-07-09 00:00:00+03:00,6.0
grp_122_131,medium,block_00_06,2026-07-09 00:00:00+03:00,2026-07-09 06:00:00+03:00,6.0
grp_122_131,medium,block_06_12,2026-07-09 06:00:00+03:00,2026-07-09 12:00:00+03:00,6.0
grp_122_131,medium,block_12_18,2026-07-09 12:00:00+03:00,2026-07-09 18:00:00+03:00,6.0
grp_122_131,medium,block_18_24,2026-07-09 18:00:00+03:00,2026-07-10 00:00:00+03:00,6.0
grp_122_131,medium,block_00_06,2026-07-10 00:00:00+03:00,2026-07-10 06:00:00+03:00,6.0
grp_122_131,medium,block_06_12,2026-07-10 06:00:00+03:00,2026-07-10 12:00:00+03:00,6.0
grp_122_131,medium,block_12_18,2026-07-10 12:00:00+03:00,2026-07-10 18:00:00+03:00,6.0
grp_122_131,medium,block_18_24,2026-07-10 18:00:00+03:00,2026-07-11 00:00:00+03:00,6.0
grp_122_131,medium,block_00_06,2026-07-11 00:00:00+03:00,2026-07-11 06:00:00+03:00,6.0
grp_122_131,medium,block_06_12,2026-07-11 06:00:00+03:00,2026-07-11 12:00:00+03:00,6.0
grp_122_131,medium,block_12_18,2026-07-11 12:00:00+03:00,2026-07-11 18:00:00+03:00,6.0
grp_122_131,medium,block_18_24,2026-07-11 18:00:00+03:00,2026-07-12 00:00:00+03:00,6.0
grp_122_131,medium,block_00_06,2026-07-12 00:00:00+03:00,2026-07-12 06:00:00+03:00,6.0
grp_122_131,medium,block_06_12,2026-07-12 06:00:00+03:00,2026-07-12 12:00:00+03:00,6.0
grp_122_131,medium,block_12_18,2026-07-12 12:00:00+03:00,2026-07-12 18:00:00+03:00,6.0
grp_122_131,medium,block_18_24,2026-07-12 18:00:00+03:00,2026-07-13 00:00:00+03:00,6.0
grp_122_131,medium,block_00_06,2026-07-13 00:00:00+03:00,2026-07-13 06:00:00+03:00,6.0
grp_122_131,medium,block_06_12,2026-07-13 06:00:00+03:00,2026-07-13 12:00:00+03:00,6.0
grp_122_131,medium,block_12_18,2026-07-13 12:00:00+03:00,2026-07-13 18:00:00+03:00,6.0
grp_122_131,medium,block_18_24,2026-07-13 18:00:00+03:00,2026-07-14 00:00:00+03:00,6.0
grp_122_131,medium,block_00_06,2026-07-14 00:00:00+03:00,2026-07-14 06:00:00+03:00,6.0
grp_122_131,medium,block_06_12,2026-07-14 06:00:00+03:00,2026-07-14 12:00:00+03:00,6.0
grp_122_131,medium,block_12_18,2026-07-14 12:00:00+03:00,2026-07-14 18:00:00+03:00,6.0
grp_122_131,medium,block_18_24,2026-07-14 18:00:00+03:00,2026-07-15 00:00:00+03:00,6.0
grp_122_131,medium,block_00_06,2026-07-15 00:00:00+03:00,2026-07-15 06:00:00+03:00,6.0
grp_122_131,medium,block_06_12,2026-07-15 06:00:00+03:00,2026-07-15 12:00:00+03:00,6.0
grp_122_131,medium,block_12_18,2026-07-15 12:00:00+03:00,2026-07-15 18:00:00+03:00,6.0
grp_122_131,medium,block_18_24,2026-07-15 18:00:00+03:00,2026-07-16 00:00:00+03:00,6.0
grp_122_131,medium,block_00_06,2026-07-16 00:00:00+03:00,2026-07-16 06:00:00+03:00,6.0
grp_122_131,medium,block_06_12,2026-07-16 06:00:00+03:00,2026-07-16 12:00:00+03:00,6.0
grp_122_131,medium,block_12_18,2026-07-16 12:00:00+03:00,2026-07-16 18:00:00+03:00,6.0
grp_122_131,medium,block_18_24,2026-07-16 18:00:00+03:00,2026-07-17 00:00:00+03:00,6.0
grp_122_131,medium,block_00_06,2026-07-17 00:00:00+03:00,2026-07-17 06:00:00+03:00,6.0
grp_122_131,medium,block_06_12,2026-07-17 06:00:00+03:00,2026-07-17 12:00:00+03:00,6.0
grp_122_131,medium,block_12_18,2026-07-17 12:00:00+03:00,2026-07-17 18:00:00+03:00,6.0
grp_122_131,medium,block_18_24,2026-07-17 18:00:00+03:00,2026-07-18 00:00:00+03:00,6.0
grp_122_131,medium,block_00_06,2026-07-18 00:00:00+03:00,2026-07-18 06:00:00+03:00,6.0
grp_122_131,medium,block_06_12,2026-07-18 06:00:00+03:00,2026-07-18 12:00:00+03:00,6.0
grp_122_131,medium,block_12_18,2026-07-18 12:00:00+03:00,2026-07-18 18:00:00+03:00,6.0
grp_122_131,medium,block_18_24,2026-07-18 18:00:00+03:00,2026-07-19 00:00:00+03:00,6.0
grp_122_131,medium,block_00_06,2026-07-19 00:00:00+03:00,2026-07-19 06:00:00+03:00,6.0
grp_122_131,medium,block_06_12,2026-07-19 06:00:00+03:00,2026-07-19 12:00:00+03:00,6.0
grp_122_131,medium,block_12_18,2026-07-19 12:00:00+03:00,2026-07-19 18:00:00+03:00,6.0
grp_122_131,medium,block_18_24,2026-07-19 18:00:00+03:00,2026-07-20 00:00:00+03:00,6.0
grp_130_139,medium,block_00_06,2026-07-06 00:00:00+03:00,2026-07-06 06:00:00+03:00,6.0
grp_130_139,medium,block_06_12,2026-07-06 06:00:00+03:00,2026-07-06 12:00:00+03:00,6.0
grp_130_139,medium,block_12_18,2026-07-06 12:00:00+03:00,2026-07-06 18:00:00+03:00,6.0
grp_130_139,medium,block_18_24,2026-07-06 18:00:00+03:00,2026-07-07 00:00:00+03:00,6.0
grp_130_139,medium,block_00_06,2026-07-07 00:00:00+03:00,2026-07-07 06:00:00+03:00,6.0
grp_130_139,medium,block_06_12,2026-07-07 06:00:00+03:00,2026-07-07 12:00:00+03:00,6.0
grp_130_139,medium,block_12_18,2026-07-07 12:00:00+03:00,2026-07-07 18:00:00+03:00,6.0
grp_130_139,medium,block_18_24,2026-07-07 18:00:00+03:00,2026-07-08 00:00:00+03:00,6.0
grp_130_139,medium,block_00_06,2026-07-08 00:00:00+03:00,2026-07-08 06:00:00+03:00,6.0
grp_130_139,medium,block_06_12,2026-07-08 06:00:00+03:00,2026-07-08 12:00:00+03:00,6.0
grp_130_139,medium,block_12_18,2026-07-08 12:00:00+03:00,2026-07-08 18:00:00+03:00,6.0
grp_130_139,medium,block_18_24,2026-07-08 18:00:00+03:00,2026-07-09 00:00:00+03:00,6.0
grp_130_139,medium,block_00_06,2026-07-09 00:00:00+03:00,2026-07-09 06:00:00+03:00,6.0
grp_130_139,medium,block_06_12,2026-07-09 06:00:00+03:00,2026-07-09 12:00:00+03:00,6.0
grp_130_139,medium,block_12_18,2026-07-09 12:00:00+03:00,2026-07-09 18:00:00+03:00,6.0
grp_130_139,medium,block_18_24,2026-07-09 18:00:00+03:00,2026-07-10 00:00:00+03:00,6.0
grp_130_139,medium,block_00_06,2026-07-10 00:00:00+03:00,2026-07-10 06:00:00+03:00,6.0
grp_130_139,medium,block_06_12,2026-07-10 06:00:00+03:00,2026-07-10 12:00:00+03:00,6.0
grp_130_139,medium,block_12_18,2026-07-10 12:00:00+03:00,2026-07-10 18:00:00+03:00,6.0
grp_130_139,medium,block_18_24,2026-07-10 18:00:00+03:00,2026-07-11 00:00:00+03:00,6.0
grp_130_139,medium,block_00_06,2026-07-11 00:00:00+03:00,2026-07-11 06:00:00+03:00,6.0
grp_130_139,medium,block_06_12,2026-07-11 06:00:00+03:00,2026-07-11 12:00:00+03:00,6.0
grp_130_139,medium,block_12_18,2026-07-11 12:00:00+03:00,2026-07-11 18:00:00+03:00,6.0
grp_130_139,medium,block_18_24,2026-07-11 18:00:00+03:00,2026-07-12 00:00:00+03:00,6.0
grp_130_139,medium,block_00_06,2026-07-12 00:00:00+03:00,2026-07-12 06:00:00+03:00,6.0
grp_130_139,medium,block_06_12,2026-07-12 06:00:00+03:00,2026-07-12 12:00:00+03:00,6.0
grp_130_139,medium,block_12_18,2026-07-12 12:00:00+03:00,2026-07-12 18:00:00+03:00,6.0
grp_130_139,medium,block_18_24,2026-07-12 18:00:00+03:00,2026-07-13 00:00:00+03:00,6.0
grp_130_139,medium,block_00_06,2026-07-13 00:00:00+03:00,2026-07-13 06:00:00+03:00,6.0
grp_130_139,medium,block_06_12,2026-07-13 06:00:00+03:00,2026-07-13 12:00:00+03:00,6.0
grp_130_139,medium,block_12_18,2026-07-13 12:00:00+03:00,2026-07-13 18:00:00+03:00,6.0
grp_130_139,medium,block_18_24,2026-07-13 18:00:00+03:00,2026-07-14 00:00:00+03:00,6.0
grp_130_139,medium,block_00_06,2026-07-14 00:00:00+03:00,2026-07-14 06:00:00+03:00,6.0
grp_130_139,medium,block_06_12,2026-07-14 06:00:00+03:00,2026-07-14 12:00:00+03:00,6.0
grp_130_139,medium,block_12_18,2026-07-14 12:00:00+03:00,2026-07-14 18:00:00+03:00,6.0
grp_130_139,medium,block_18_24,2026-07-14 18:00:00+03:00,2026-07-15 00:00:00+03:00,6.0
grp_130_139,medium,block_00_06,2026-07-15 00:00:00+03:00,2026-07-15 06:00:00+03:00,6.0
grp_130_139,medium,block_06_12,2026-07-15 06:00:00+03:00,2026-07-15 12:00:00+03:00,6.0
grp_130_139,medium,block_12_18,2026-07-15 12:00:00+03:00,2026-07-15 18:00:00+03:00,6.0
grp_130_139,medium,block_18_24,2026-07-15 18:00:00+03:00,2026-07-16 00:00:00+03:00,6.0
grp_130_139,medium,block_00_06,2026-07-16 00:00:00+03:00,2026-07-16 06:00:00+03:00,6.0
grp_130_139,medium,block_06_12,2026-07-16 06:00:00+03:00,2026-07-16 12:00:00+03:00,6.0
grp_130_139,medium,block_12_18,2026-07-16 12:00:00+03:00,2026-07-16 18:00:00+03:00,6.0
grp_130_139,medium,block_18_24,2026-07-16 18:00:00+03:00,2026-07-17 00:00:00+03:00,6.0
grp_130_139,medium,block_00_06,2026-07-17 00:00:00+03:00,2026-07-17 06:00:00+03:00,6.0
grp_130_139,medium,block_06_12,2026-07-17 06:00:00+03:00,2026-07-17 12:00:00+03:00,6.0
grp_130_139,medium,block_12_18,2026-07-17 12:00:00+03:00,2026-07-17 18:00:00+03:00,6.0
grp_130_139,medium,block_18_24,2026-07-17 18:00:00+03:00,2026-07-18 00:00:00+03:00,6.0
grp_130_139,medium,block_00_06,2026-07-18 00:00:00+03:00,2026-07-18 06:00:00+03:00,6.0
grp_130_139,medium,block_06_12,2026-07-18 06:00:00+03:00,2026-07-18 12:00:00+03:00,6.0
grp_130_139,medium,block_12_18,2026-07-18 12:00:00+03:00,2026-07-18 18:00:00+03:00,6.0
grp_130_139,medium,block_18_24,2026-07-18 18:00:00+03:00,2026-07-19 00:00:00+03:00,6.0
grp_130_139,medium,block_00_06,2026-07-19 00:00:00+03:00,2026-07-19 06:00:00+03:00,6.0
grp_130_139,medium,block_06_12,2026-07-19 06:00:00+03:00,2026-07-19 12:00:00+03:00,6.0
grp_130_139,medium,block_12_18,2026-07-19 12:00:00+03:00,2026-07-19 18:00:00+03:00,6.0
grp_130_139,medium,block_18_24,2026-07-19 18:00:00+03:00,2026-07-20 00:00:00+03:00,6.0
grp_187_296,medium,block_00_06,2026-07-06 00:00:00+03:00,2026-07-06 06:00:00+03:00,6.0
grp_187_296,medium,block_06_12,2026-07-06 06:00:00+03:00,2026-07-06 12:00:00+03:00,6.0
grp_187_296,medium,block_12_18,2026-07-06 12:00:00+03:00,2026-07-06 18:00:00+03:00,6.0
grp_187_296,medium,block_18_24,2026-07-06 18:00:00+03:00,2026-07-07 00:00:00+03:00,6.0
grp_187_296,medium,block_00_06,2026-07-07 00:00:00+03:00,2026-07-07 06:00:00+03:00,6.0
grp_187_296,medium,block_06_12,2026-07-07 06:00:00+03:00,2026-07-07 12:00:00+03:00,6.0
grp_187_296,medium,block_12_18,2026-07-07 12:00:00+03:00,2026-07-07 18:00:00+03:00,6.0
grp_187_296,medium,block_18_24,2026-07-07 18:00:00+03:00,2026-07-08 00:00:00+03:00,6.0
grp_187_296,medium,block_00_06,2026-07-08 00:00:00+03:00,2026-07-08 06:00:00+03:00,6.0
grp_187_296,medium,block_06_12,2026-07-08 06:00:00+03:00,2026-07-08 12:00:00+03:00,6.0
grp_187_296,medium,block_12_18,2026-07-08 12:00:00+03:00,2026-07-08 18:00:00+03:00,6.0
grp_187_296,medium,block_18_24,2026-07-08 18:00:00+03:00,2026-07-09 00:00:00+03:00,6.0
grp_187_296,medium,block_00_06,2026-07-09 00:00:00+03:00,2026-07-09 06:00:00+03:00,6.0
grp_187_296,medium,block_06_12,2026-07-09 06:00:00+03:00,2026-07-09 12:00:00+03:00,6.0
grp_187_296,medium,block_12_18,2026-07-09 12:00:00+03:00,2026-07-09 18:00:00+03:00,6.0
grp_187_296,medium,block_18_24,2026-07-09 18:00:00+03:00,2026-07-10 00:00:00+03:00,6.0
grp_187_296,medium,block_00_06,2026-07-10 00:00:00+03:00,2026-07-10 06:00:00+03:00,6.0
grp_187_296,medium,block_06_12,2026-07-10 06:00:00+03:00,2026-07-10 12:00:00+03:00,6.0
grp_187_296,medium,block_12_18,2026-07-10 12:00:00+03:00,2026-07-10 18:00:00+03:00,6.0
grp_187_296,medium,block_18_24,2026-07-10 18:00:00+03:00,2026-07-11 00:00:00+03:00,6.0
grp_187_296,medium,block_00_06,2026-07-11 00:00:00+03:00,2026-07-11 06:00:00+03:00,6.0
grp_187_296,medium,block_06_12,2026-07-11 06:00:00+03:00,2026-07-11 12:00:00+03:00,6.0
grp_187_296,medium,block_12_18,2026-07-11 12:00:00+03:00,2026-07-11 18:00:00+03:00,6.0
grp_187_296,medium,block_18_24,2026-07-11 18:00:00+03:00,2026-07-12 00:00:00+03:00,6.0
grp_187_296,medium,block_00_06,2026-07-12 00:00:00+03:00,2026-07-12 06:00:00+03:00,6.0
grp_187_296,medium,block_06_12,2026-07-12 06:00:00+03:00,2026-07-12 12:00:00+03:00,6.0
grp_187_296,medium,block_12_18,2026-07-12 12:00:00+03:00,2026-07-12 18:00:00+03:00,6.0
grp_187_296,medium,block_18_24,2026-07-12 18:00:00+03:00,2026-07-13 00:00:00+03:00,6.0
grp_187_296,medium,block_00_06,2026-07-13 00:00:00+03:00,2026-07-13 06:00:00+03:00,6.0
grp_187_296,medium,block_06_12,2026-07-13 06:00:00+03:00,2026-07-13 12:00:00+03:00,6.0
grp_187_296,medium,block_12_18,2026-07-13 12:00:00+03:00,2026-07-13 18:00:00+03:00,6.0
grp_187_296,medium,block_18_24,2026-07-13 18:00:00+03:00,2026-07-14 00:00:00+03:00,6.0
grp_187_296,medium,block_00_06,2026-07-14 00:00:00+03:00,2026-07-14 06:00:00+03:00,6.0
grp_187_296,medium,block_06_12,2026-07-14 06:00:00+03:00,2026-07-14 12:00:00+03:00,6.0
grp_187_296,medium,block_12_18,2026-07-14 12:00:00+03:00,2026-07-14 18:00:00+03:00,6.0
grp_187_296,medium,block_18_24,2026-07-14 18:00:00+03:00,2026-07-15 00:00:00+03:00,6.0
grp_187_296,medium,block_00_06,2026-07-15 00:00:00+03:00,2026-07-15 06:00:00+03:00,6.0
grp_187_296,medium,block_06_12,2026-07-15 06:00:00+03:00,2026-07-15 12:00:00+03:00,6.0
grp_187_296,medium,block_12_18,2026-07-15 12:00:00+03:00,2026-07-15 18:00:00+03:00,6.0
grp_187_296,medium,block_18_24,2026-07-15 18:00:00+03:00,2026-07-16 00:00:00+03:00,6.0
grp_187_296,medium,block_00_06,2026-07-16 00:00:00+03:00,2026-07-16 06:00:00+03:00,6.0
grp_187_296,medium,block_06_12,2026-07-16 06:00:00+03:00,2026-07-16 12:00:00+03:00,6.0
grp_187_296,medium,block_12_18,2026-07-16 12:00:00+03:00,2026-07-16 18:00:00+03:00,6.0
grp_187_296,medium,block_18_24,2026-07-16 18:00:00+03:00,2026-07-17 00:00:00+03:00,6.0
grp_187_296,medium,block_00_06,2026-07-17 00:00:00+03:00,2026-07-17 06:00:00+03:00,6.0
grp_187_296,medium,block_06_12,2026-07-17 06:00:00+03:00,2026-07-17 12:00:00+03:00,6.0
grp_187_296,medium,block_12_18,2026-07-17 12:00:00+03:00,2026-07-17 18:00:00+03:00,6.0
grp_187_296,medium,block_18_24,2026-07-17 18:00:00+03:00,2026-07-18 00:00:00+03:00,6.0
grp_187_296,medium,block_00_06,2026-07-18 00:00:00+03:00,2026-07-18 06:00:00+03:00,6.0
grp_187_296,medium,block_06_12,2026-07-18 06:00:00+03:00,2026-07-18 12:00:00+03:00,6.0
grp_187_296,medium,block_12_18,2026-07-18 12:00:00+03:00,2026-07-18 18:00:00+03:00,6.0
grp_187_296,medium,block_18_24,2026-07-18 18:00:00+03:00,2026-07-19 00:00:00+03:00,6.0
grp_187_296,medium,block_00_06,2026-07-19 00:00:00+03:00,2026-07-19 06:00:00+03:00,6.0
grp_187_296,medium,block_06_12,2026-07-19 06:00:00+03:00,2026-07-19 12:00:00+03:00,6.0
grp_187_296,medium,block_12_18,2026-07-19 12:00:00+03:00,2026-07-19 18:00:00+03:00,6.0
grp_187_296,medium,block_18_24,2026-07-19 18:00:00+03:00,2026-07-20 00:00:00+03:00,6.0
grp_19_54,medium,block_00_06,2026-07-06 00:00:00+03:00,2026-07-06 06:00:00+03:00,6.0
grp_19_54,medium,block_06_12,2026-07-06 06:00:00+03:00,2026-07-06 12:00:00+03:00,6.0
grp_19_54,medium,block_12_18,2026-07-06 12:00:00+03:00,2026-07-06 18:00:00+03:00,6.0
grp_19_54,medium,block_18_24,2026-07-06 18:00:00+03:00,2026-07-07 00:00:00+03:00,6.0
grp_19_54,medium,block_00_06,2026-07-07 00:00:00+03:00,2026-07-07 06:00:00+03:00,6.0
grp_19_54,medium,block_06_12,2026-07-07 06:00:00+03:00,2026-07-07 12:00:00+03:00,6.0
grp_19_54,medium,block_12_18,2026-07-07 12:00:00+03:00,2026-07-07 18:00:00+03:00,6.0
grp_19_54,medium,block_18_24,2026-07-07 18:00:00+03:00,2026-07-08 00:00:00+03:00,6.0
grp_19_54,medium,block_00_06,2026-07-08 00:00:00+03:00,2026-07-08 06:00:00+03:00,6.0
grp_19_54,medium,block_06_12,2026-07-08 06:00:00+03:00,2026-07-08 12:00:00+03:00,6.0
grp_19_54,medium,block_12_18,2026-07-08 12:00:00+03:00,2026-07-08 18:00:00+03:00,6.0
grp_19_54,medium,block_18_24,2026-07-08 18:00:00+03:00,2026-07-09 00:00:00+03:00,6.0
grp_19_54,medium,block_00_06,2026-07-09 00:00:00+03:00,2026-07-09 06:00:00+03:00,6.0
grp_19_54,medium,block_06_12,2026-07-09 06:00:00+03:00,2026-07-09 12:00:00+03:00,6.0
grp_19_54,medium,block_12_18,2026-07-09 12:00:00+03:00,2026-07-09 18:00:00+03:00,6.0
grp_19_54,medium,block_18_24,2026-07-09 18:00:00+03:00,2026-07-10 00:00:00+03:00,6.0
grp_19_54,medium,block_00_06,2026-07-10 00:00:00+03:00,2026-07-10 06:00:00+03:00,6.0
grp_19_54,medium,block_06_12,2026-07-10 06:00:00+03:00,2026-07-10 12:00:00+03:00,6.0
grp_19_54,medium,block_12_18,2026-07-10 12:00:00+03:00,2026-07-10 18:00:00+03:00,6.0
grp_19_54,medium,block_18_24,2026-07-10 18:00:00+03:00,2026-07-11 00:00:00+03:00,6.0
grp_19_54,medium,block_00_06,2026-07-11 00:00:00+03:00,2026-07-11 06:00:00+03:00,6.0
grp_19_54,medium,block_06_12,2026-07-11 06:00:00+03:00,2026-07-11 12:00:00+03:00,6.0
grp_19_54,medium,block_12_18,2026-07-11 12:00:00+03:00,2026-07-11 18:00:00+03:00,6.0
grp_19_54,medium,block_18_24,2026-07-11 18:00:00+03:00,2026-07-12 00:00:00+03:00,6.0
grp_19_54,medium,block_00_06,2026-07-12 00:00:00+03:00,2026-07-12 06:00:00+03:00,6.0
grp_19_54,medium,block_06_12,2026-07-12 06:00:00+03:00,2026-07-12 12:00:00+03:00,6.0
grp_19_54,medium,block_12_18,2026-07-12 12:00:00+03:00,2026-07-12 18:00:00+03:00,6.0
grp_19_54,medium,block_18_24,2026-07-12 18:00:00+03:00,2026-07-13 00:00:00+03:00,6.0
grp_19_54,medium,block_00_06,2026-07-13 00:00:00+03:00,2026-07-13 06:00:00+03:00,6.0
grp_19_54,medium,block_06_12,2026-07-13 06:00:00+03:00,2026-07-13 12:00:00+03:00,6.0
grp_19_54,medium,block_12_18,2026-07-13 12:00:00+03:00,2026-07-13 18:00:00+03:00,6.0
grp_19_54,medium,block_18_24,2026-07-13 18:00:00+03:00,2026-07-14 00:00:00+03:00,6.0
grp_19_54,medium,block_00_06,2026-07-14 00:00:00+03:00,2026-07-14 06:00:00+03:00,6.0
grp_19_54,medium,block_06_12,2026-07-14 06:00:00+03:00,2026-07-14 12:00:00+03:00,6.0
grp_19_54,medium,block_12_18,2026-07-14 12:00:00+03:00,2026-07-14 18:00:00+03:00,6.0
grp_19_54,medium,block_18_24,2026-07-14 18:00:00+03:00,2026-07-15 00:00:00+03:00,6.0
grp_19_54,medium,block_00_06,2026-07-15 00:00:00+03:00,2026-07-15 06:00:00+03:00,6.0
grp_19_54,medium,block_06_12,2026-07-15 06:00:00+03:00,2026-07-15 12:00:00+03:00,6.0
grp_19_54,medium,block_12_18,2026-07-15 12:00:00+03:00,2026-07-15 18:00:00+03:00,6.0
grp_19_54,medium,block_18_24,2026-07-15 18:00:00+03:00,2026-07-16 00:00:00+03:00,6.0
grp_19_54,medium,block_00_06,2026-07-16 00:00:00+03:00,2026-07-16 06:00:00+03:00,6.0
grp_19_54,medium,block_06_12,2026-07-16 06:00:00+03:00,2026-07-16 12:00:00+03:00,6.0
grp_19_54,medium,block_12_18,2026-07-16 12:00:00+03:00,2026-07-16 18:00:00+03:00,6.0
grp_19_54,medium,block_18_24,2026-07-16 18:00:00+03:00,2026-07-17 00:00:00+03:00,6.0
grp_19_54,medium,block_00_06,2026-07-17 00:00:00+03:00,2026-07-17 06:00:00+03:00,6.0
grp_19_54,medium,block_06_12,2026-07-17 06:00:00+03:00,2026-07-17 12:00:00+03:00,6.0
grp_19_54,medium,block_12_18,2026-07-17 12:00:00+03:00,2026-07-17 18:00:00+03:00,6.0
grp_19_54,medium,block_18_24,2026-07-17 18:00:00+03:00,2026-07-18 00:00:00+03:00,6.0
grp_19_54,medium,block_00_06,2026-07-18 00:00:00+03:00,2026-07-18 06:00:00+03:00,6.0
grp_19_54,medium,block_06_12,2026-07-18 06:00:00+03:00,2026-07-18 12:00:00+03:00,6.0
grp_19_54,medium,block_12_18,2026-07-18 12:00:00+03:00,2026-07-18 18:00:00+03:00,6.0
grp_19_54,medium,block_18_24,2026-07-18 18:00:00+03:00,2026-07-19 00:00:00+03:00,6.0
grp_19_54,medium,block_00_06,2026-07-19 00:00:00+03:00,2026-07-19 06:00:00+03:00,6.0
grp_19_54,medium,block_06_12,2026-07-19 06:00:00+03:00,2026-07-19 12:00:00+03:00,6.0
grp_19_54,medium,block_12_18,2026-07-19 12:00:00+03:00,2026-07-19 18:00:00+03:00,6.0
grp_19_54,medium,block_18_24,2026-07-19 18:00:00+03:00,2026-07-20 00:00:00+03:00,6.0
grp_288_424,medium,block_00_06,2026-07-06 00:00:00+03:00,2026-07-06 06:00:00+03:00,6.0
grp_288_424,medium,block_06_12,2026-07-06 06:00:00+03:00,2026-07-06 12:00:00+03:00,6.0
grp_288_424,medium,block_12_18,2026-07-06 12:00:00+03:00,2026-07-06 18:00:00+03:00,6.0
grp_288_424,medium,block_18_24,2026-07-06 18:00:00+03:00,2026-07-07 00:00:00+03:00,6.0
grp_288_424,medium,block_00_06,2026-07-07 00:00:00+03:00,2026-07-07 06:00:00+03:00,6.0
grp_288_424,medium,block_06_12,2026-07-07 06:00:00+03:00,2026-07-07 12:00:00+03:00,6.0
grp_288_424,medium,block_12_18,2026-07-07 12:00:00+03:00,2026-07-07 18:00:00+03:00,6.0
grp_288_424,medium,block_18_24,2026-07-07 18:00:00+03:00,2026-07-08 00:00:00+03:00,6.0
grp_288_424,medium,block_00_06,2026-07-08 00:00:00+03:00,2026-07-08 06:00:00+03:00,6.0
grp_288_424,medium,block_06_12,2026-07-08 06:00:00+03:00,2026-07-08 12:00:00+03:00,6.0
grp_288_424,medium,block_12_18,2026-07-08 12:00:00+03:00,2026-07-08 18:00:00+03:00,6.0
grp_288_424,medium,block_18_24,2026-07-08 18:00:00+03:00,2026-07-09 00:00:00+03:00,6.0
grp_288_424,medium,block_00_06,2026-07-09 00:00:00+03:00,2026-07-09 06:00:00+03:00,6.0
grp_288_424,medium,block_06_12,2026-07-09 06:00:00+03:00,2026-07-09 12:00:00+03:00,6.0
grp_288_424,medium,block_12_18,2026-07-09 12:00:00+03:00,2026-07-09 18:00:00+03:00,6.0
grp_288_424,medium,block_18_24,2026-07-09 18:00:00+03:00,2026-07-10 00:00:00+03:00,6.0
grp_288_424,medium,block_00_06,2026-07-10 00:00:00+03:00,2026-07-10 06:00:00+03:00,6.0
grp_288_424,medium,block_06_12,2026-07-10 06:00:00+03:00,2026-07-10 12:00:00+03:00,6.0
grp_288_424,medium,block_12_18,2026-07-10 12:00:00+03:00,2026-07-10 18:00:00+03:00,6.0
grp_288_424,medium,block_18_24,2026-07-10 18:00:00+03:00,2026-07-11 00:00:00+03:00,6.0
grp_288_424,medium,block_00_06,2026-07-11 00:00:00+03:00,2026-07-11 06:00:00+03:00,6.0
grp_288_424,medium,block_06_12,2026-07-11 06:00:00+03:00,2026-07-11 12:00:00+03:00,6.0
grp_288_424,medium,block_12_18,2026-07-11 12:00:00+03:00,2026-07-11 18:00:00+03:00,6.0
grp_288_424,medium,block_18_24,2026-07-11 18:00:00+03:00,2026-07-12 00:00:00+03:00,6.0
grp_288_424,medium,block_00_06,2026-07-12 00:00:00+03:00,2026-07-12 06:00:00+03:00,6.0
grp_288_424,medium,block_06_12,2026-07-12 06:00:00+03:00,2026-07-12 12:00:00+03:00,6.0
grp_288_424,medium,block_12_18,2026-07-12 12:00:00+03:00,2026-07-12 18:00:00+03:00,6.0
grp_288_424,medium,block_18_24,2026-07-12 18:00:00+03:00,2026-07-13 00:00:00+03:00,6.0
grp_288_424,medium,block_00_06,2026-07-13 00:00:00+03:00,2026-07-13 06:00:00+03:00,6.0
grp_288_424,medium,block_06_12,2026-07-13 06:00:00+03:00,2026-07-13 12:00:00+03:00,6.0
grp_288_424,medium,block_12_18,2026-07-13 12:00:00+03:00,2026-07-13 18:00:00+03:00,6.0
grp_288_424,medium,block_18_24,2026-07-13 18:00:00+03:00,2026-07-14 00:00:00+03:00,6.0
grp_288_424,medium,block_00_06,2026-07-14 00:00:00+03:00,2026-07-14 06:00:00+03:00,6.0
grp_288_424,medium,block_06_12,2026-07-14 06:00:00+03:00,2026-07-14 12:00:00+03:00,6.0
grp_288_424,medium,block_12_18,2026-07-14 12:00:00+03:00,2026-07-14 18:00:00+03:00,6.0
grp_288_424,medium,block_18_24,2026-07-14 18:00:00+03:00,2026-07-15 00:00:00+03:00,6.0
grp_288_424,medium,block_00_06,2026-07-15 00:00:00+03:00,2026-07-15 06:00:00+03:00,6.0
grp_288_424,medium,block_06_12,2026-07-15 06:00:00+03:00,2026-07-15 12:00:00+03:00,6.0
grp_288_424,medium,block_12_18,2026-07-15 12:00:00+03:00,2026-07-15 18:00:00+03:00,6.0
grp_288_424,medium,block_18_24,2026-07-15 18:00:00+03:00,2026-07-16 00:00:00+03:00,6.0
grp_288_424,medium,block_00_06,2026-07-16 00:00:00+03:00,2026-07-16 06:00:00+03:00,6.0
grp_288_424,medium,block_06_12,2026-07-16 06:00:00+03:00,2026-07-16 12:00:00+03:00,6.0
grp_288_424,medium,block_12_18,2026-07-16 12:00:00+03:00,2026-07-16 18:00:00+03:00,6.0
grp_288_424,medium,block_18_24,2026-07-16 18:00:00+03:00,2026-07-17 00:00:00+03:00,6.0
grp_288_424,medium,block_00_06,2026-07-17 00:00:00+03:00,2026-07-17 06:00:00+03:00,6.0
grp_288_424,medium,block_06_12,2026-07-17 06:00:00+03:00,2026-07-17 12:00:00+03:00,6.0
grp_288_424,medium,block_12_18,2026-07-17 12:00:00+03:00,2026-07-17 18:00:00+03:00,6.0
grp_288_424,medium,block_18_24,2026-07-17 18:00:00+03:00,2026-07-18 00:00:00+03:00,6.0
grp_288_424,medium,block_00_06,2026-07-18 00:00:00+03:00,2026-07-18 06:00:00+03:00,6.0
grp_288_424,medium,block_06_12,2026-07-18 06:00:00+03:00,2026-07-18 12:00:00+03:00,6.0
grp_288_424,medium,block_12_18,2026-07-18 12:00:00+03:00,2026-07-18 18:00:00+03:00,6.0
grp_288_424,medium,block_18_24,2026-07-18 18:00:00+03:00,2026-07-19 00:00:00+03:00,6.0
grp_288_424,medium,block_00_06,2026-07-19 00:00:00+03:00,2026-07-19 06:00:00+03:00,6.0
grp_288_424,medium,block_06_12,2026-07-19 06:00:00+03:00,2026-07-19 12:00:00+03:00,6.0
grp_288_424,medium,block_12_18,2026-07-19 12:00:00+03:00,2026-07-19 18:00:00+03:00,6.0
grp_288_424,medium,block_18_24,2026-07-19 18:00:00+03:00,2026-07-20 00:00:00+03:00,6.0
grp_302_443,medium,block_00_06,2026-07-06 00:00:00+03:00,2026-07-06 06:00:00+03:00,6.0
grp_302_443,medium,block_06_12,2026-07-06 06:00:00+03:00,2026-07-06 12:00:00+03:00,6.0
grp_302_443,medium,block_12_18,2026-07-06 12:00:00+03:00,2026-07-06 18:00:00+03:00,6.0
grp_302_443,medium,block_18_24,2026-07-06 18:00:00+03:00,2026-07-07 00:00:00+03:00,6.0
grp_302_443,medium,block_00_06,2026-07-07 00:00:00+03:00,2026-07-07 06:00:00+03:00,6.0
grp_302_443,medium,block_06_12,2026-07-07 06:00:00+03:00,2026-07-07 12:00:00+03:00,6.0
grp_302_443,medium,block_12_18,2026-07-07 12:00:00+03:00,2026-07-07 18:00:00+03:00,6.0
grp_302_443,medium,block_18_24,2026-07-07 18:00:00+03:00,2026-07-08 00:00:00+03:00,6.0
grp_302_443,medium,block_00_06,2026-07-08 00:00:00+03:00,2026-07-08 06:00:00+03:00,6.0
grp_302_443,medium,block_06_12,2026-07-08 06:00:00+03:00,2026-07-08 12:00:00+03:00,6.0
grp_302_443,medium,block_12_18,2026-07-08 12:00:00+03:00,2026-07-08 18:00:00+03:00,6.0
grp_302_443,medium,block_18_24,2026-07-08 18:00:00+03:00,2026-07-09 00:00:00+03:00,6.0
grp_302_443,medium,block_00_06,2026-07-09 00:00:00+03:00,2026-07-09 06:00:00+03:00,6.0
grp_302_443,medium,block_06_12,2026-07-09 06:00:00+03:00,2026-07-09 12:00:00+03:00,6.0
grp_302_443,medium,block_12_18,2026-07-09 12:00:00+03:00,2026-07-09 18:00:00+03:00,6.0
grp_302_443,medium,block_18_24,2026-07-09 18:00:00+03:00,2026-07-10 00:00:00+03:00,6.0
grp_302_443,medium,block_00_06,2026-07-10 00:00:00+03:00,2026-07-10 06:00:00+03:00,6.0
grp_302_443,medium,block_06_12,2026-07-10 06:00:00+03:00,2026-07-10 12:00:00+03:00,6.0
grp_302_443,medium,block_12_18,2026-07-10 12:00:00+03:00,2026-07-10 18:00:00+03:00,6.0
grp_302_443,medium,block_18_24,2026-07-10 18:00:00+03:00,2026-07-11 00:00:00+03:00,6.0
grp_302_443,medium,block_00_06,2026-07-11 00:00:00+03:00,2026-07-11 06:00:00+03:00,6.0
grp_302_443,medium,block_06_12,2026-07-11 06:00:00+03:00,2026-07-11 12:00:00+03:00,6.0
grp_302_443,medium,block_12_18,2026-07-11 12:00:00+03:00,2026-07-11 18:00:00+03:00,6.0
grp_302_443,medium,block_18_24,2026-07-11 18:00:00+03:00,2026-07-12 00:00:00+03:00,6.0
grp_302_443,medium,block_00_06,2026-07-12 00:00:00+03:00,2026-07-12 06:00:00+03:00,6.0
grp_302_443,medium,block_06_12,2026-07-12 06:00:00+03:00,2026-07-12 12:00:00+03:00,6.0
grp_302_443,medium,block_12_18,2026-07-12 12:00:00+03:00,2026-07-12 18:00:00+03:00,6.0
grp_302_443,medium,block_18_24,2026-07-12 18:00:00+03:00,2026-07-13 00:00:00+03:00,6.0
grp_302_443,medium,block_00_06,2026-07-13 00:00:00+03:00,2026-07-13 06:00:00+03:00,6.0
grp_302_443,medium,block_06_12,2026-07-13 06:00:00+03:00,2026-07-13 12:00:00+03:00,6.0
grp_302_443,medium,block_12_18,2026-07-13 12:00:00+03:00,2026-07-13 18:00:00+03:00,6.0
grp_302_443,medium,block_18_24,2026-07-13 18:00:00+03:00,2026-07-14 00:00:00+03:00,6.0
grp_302_443,medium,block_00_06,2026-07-14 00:00:00+03:00,2026-07-14 06:00:00+03:00,6.0
grp_302_443,medium,block_06_12,2026-07-14 06:00:00+03:00,2026-07-14 12:00:00+03:00,6.0
grp_302_443,medium,block_12_18,2026-07-14 12:00:00+03:00,2026-07-14 18:00:00+03:00,6.0
grp_302_443,medium,block_18_24,2026-07-14 18:00:00+03:00,2026-07-15 00:00:00+03:00,6.0
grp_302_443,medium,block_00_06,2026-07-15 00:00:00+03:00,2026-07-15 06:00:00+03:00,6.0
grp_302_443,medium,block_06_12,2026-07-15 06:00:00+03:00,2026-07-15 12:00:00+03:00,6.0
grp_302_443,medium,block_12_18,2026-07-15 12:00:00+03:00,2026-07-15 18:00:00+03:00,6.0
grp_302_443,medium,block_18_24,2026-07-15 18:00:00+03:00,2026-07-16 00:00:00+03:00,6.0
grp_302_443,medium,block_00_06,2026-07-16 00:00:00+03:00,2026-07-16 06:00:00+03:00,6.0
grp_302_443,medium,block_06_12,2026-07-16 06:00:00+03:00,2026-07-16 12:00:00+03:00,6.0
grp_302_443,medium,block_12_18,2026-07-16 12:00:00+03:00,2026-07-16 18:00:00+03:00,6.0
grp_302_443,medium,block_18_24,2026-07-16 18:00:00+03:00,2026-07-17 00:00:00+03:00,6.0
grp_302_443,medium,block_00_06,2026-07-17 00:00:00+03:00,2026-07-17 06:00:00+03:00,6.0
grp_302_443,medium,block_06_12,2026-07-17 06:00:00+03:00,2026-07-17 12:00:00+03:00,6.0
grp_302_443,medium,block_12_18,2026-07-17 12:00:00+03:00,2026-07-17 18:00:00+03:00,6.0
grp_302_443,medium,block_18_24,2026-07-17 18:00:00+03:00,2026-07-18 00:00:00+03:00,6.0
grp_302_443,medium,block_00_06,2026-07-18 00:00:00+03:00,2026-07-18 06:00:00+03:00,6.0
grp_302_443,medium,block_06_12,2026-07-18 06:00:00+03:00,2026-07-18 12:00:00+03:00,6.0
grp_302_443,medium,block_12_18,2026-07-18 12:00:00+03:00,2026-07-18 18:00:00+03:00,6.0
grp_302_443,medium,block_18_24,2026-07-18 18:00:00+03:00,2026-07-19 00:00:00+03:00,6.0
grp_302_443,medium,block_00_06,2026-07-19 00:00:00+03:00,2026-07-19 06:00:00+03:00,6.0
grp_302_443,medium,block_06_12,2026-07-19 06:00:00+03:00,2026-07-19 12:00:00+03:00,6.0
grp_302_443,medium,block_12_18,2026-07-19 12:00:00+03:00,2026-07-19 18:00:00+03:00,6.0
grp_302_443,medium,block_18_24,2026-07-19 18:00:00+03:00,2026-07-20 00:00:00+03:00,6.0
grp_341_347,low,block_00_06,2026-07-06 00:00:00+03:00,2026-07-06 06:00:00+03:00,6.0
grp_341_347,low,block_06_12,2026-07-06 06:00:00+03:00,2026-07-06 12:00:00+03:00,6.0
grp_341_347,low,block_12_18,2026-07-06 12:00:00+03:00,2026-07-06 18:00:00+03:00,6.0
grp_341_347,low,block_18_24,2026-07-06 18:00:00+03:00,2026-07-07 00:00:00+03:00,6.0
grp_341_347,low,block_00_06,2026-07-07 00:00:00+03:00,2026-07-07 06:00:00+03:00,6.0
grp_341_347,low,block_06_12,2026-07-07 06:00:00+03:00,2026-07-07 12:00:00+03:00,6.0
grp_341_347,low,block_12_18,2026-07-07 12:00:00+03:00,2026-07-07 18:00:00+03:00,6.0
grp_341_347,low,block_18_24,2026-07-07 18:00:00+03:00,2026-07-08 00:00:00+03:00,6.0
grp_341_347,low,block_00_06,2026-07-08 00:00:00+03:00,2026-07-08 06:00:00+03:00,6.0
grp_341_347,low,block_06_12,2026-07-08 06:00:00+03:00,2026-07-08 12:00:00+03:00,6.0
grp_341_347,low,block_12_18,2026-07-08 12:00:00+03:00,2026-07-08 18:00:00+03:00,6.0
grp_341_347,low,block_18_24,2026-07-08 18:00:00+03:00,2026-07-09 00:00:00+03:00,6.0
grp_341_347,low,block_00_06,2026-07-09 00:00:00+03:00,2026-07-09 06:00:00+03:00,6.0
grp_341_347,low,block_06_12,2026-07-09 06:00:00+03:00,2026-07-09 12:00:00+03:00,6.0
grp_341_347,low,block_12_18,2026-07-09 12:00:00+03:00,2026-07-09 18:00:00+03:00,6.0
grp_341_347,low,block_18_24,2026-07-09 18:00:00+03:00,2026-07-10 00:00:00+03:00,6.0
grp_341_347,low,block_00_06,2026-07-10 00:00:00+03:00,2026-07-10 06:00:00+03:00,6.0
grp_341_347,low,block_06_12,2026-07-10 06:00:00+03:00,2026-07-10 12:00:00+03:00,6.0
grp_341_347,low,block_12_18,2026-07-10 12:00:00+03:00,2026-07-10 18:00:00+03:00,6.0
grp_341_347,low,block_18_24,2026-07-10 18:00:00+03:00,2026-07-11 00:00:00+03:00,6.0
grp_341_347,low,block_00_06,2026-07-11 00:00:00+03:00,2026-07-11 06:00:00+03:00,6.0
grp_341_347,low,block_06_12,2026-07-11 06:00:00+03:00,2026-07-11 12:00:00+03:00,6.0
grp_341_347,low,block_12_18,2026-07-11 12:00:00+03:00,2026-07-11 18:00:00+03:00,6.0
grp_341_347,low,block_18_24,2026-07-11 18:00:00+03:00,2026-07-12 00:00:00+03:00,6.0
grp_341_347,low,block_00_06,2026-07-12 00:00:00+03:00,2026-07-12 06:00:00+03:00,6.0
grp_341_347,low,block_06_12,2026-07-12 06:00:00+03:00,2026-07-12 12:00:00+03:00,6.0
grp_341_347,low,block_12_18,2026-07-12 12:00:00+03:00,2026-07-12 18:00:00+03:00,6.0
grp_341_347,low,block_18_24,2026-07-12 18:00:00+03:00,2026-07-13 00:00:00+03:00,6.0
grp_341_347,low,block_00_06,2026-07-13 00:00:00+03:00,2026-07-13 06:00:00+03:00,6.0
grp_341_347,low,block_06_12,2026-07-13 06:00:00+03:00,2026-07-13 12:00:00+03:00,6.0
grp_341_347,low,block_12_18,2026-07-13 12:00:00+03:00,2026-07-13 18:00:00+03:00,6.0
grp_341_347,low,block_18_24,2026-07-13 18:00:00+03:00,2026-07-14 00:00:00+03:00,6.0
grp_341_347,low,block_00_06,2026-07-14 00:00:00+03:00,2026-07-14 06:00:00+03:00,6.0
grp_341_347,low,block_06_12,2026-07-14 06:00:00+03:00,2026-07-14 12:00:00+03:00,6.0
grp_341_347,low,block_12_18,2026-07-14 12:00:00+03:00,2026-07-14 18:00:00+03:00,6.0
grp_341_347,low,block_18_24,2026-07-14 18:00:00+03:00,2026-07-15 00:00:00+03:00,6.0
grp_341_347,low,block_00_06,2026-07-15 00:00:00+03:00,2026-07-15 06:00:00+03:00,6.0
grp_341_347,low,block_06_12,2026-07-15 06:00:00+03:00,2026-07-15 12:00:00+03:00,6.0
grp_341_347,low,block_12_18,2026-07-15 12:00:00+03:00,2026-07-15 18:00:00+03:00,6.0
grp_341_347,low,block_18_24,2026-07-15 18:00:00+03:00,2026-07-16 00:00:00+03:00,6.0
grp_341_347,low,block_00_06,2026-07-16 00:00:00+03:00,2026-07-16 06:00:00+03:00,6.0
grp_341_347,low,block_06_12,2026-07-16 06:00:00+03:00,2026-07-16 12:00:00+03:00,6.0
grp_341_347,low,block_12_18,2026-07-16 12:00:00+03:00,2026-07-16 18:00:00+03:00,6.0
grp_341_347,low,block_18_24,2026-07-16 18:00:00+03:00,2026-07-17 00:00:00+03:00,6.0
grp_341_347,low,block_00_06,2026-07-17 00:00:00+03:00,2026-07-17 06:00:00+03:00,6.0
grp_341_347,low,block_06_12,2026-07-17 06:00:00+03:00,2026-07-17 12:00:00+03:00,6.0
grp_341_347,low,block_12_18,2026-07-17 12:00:00+03:00,2026-07-17 18:00:00+03:00,6.0
grp_341_347,low,block_18_24,2026-07-17 18:00:00+03:00,2026-07-18 00:00:00+03:00,6.0
grp_341_347,low,block_00_06,2026-07-18 00:00:00+03:00,2026-07-18 06:00:00+03:00,6.0
grp_341_347,low,block_06_12,2026-07-18 06:00:00+03:00,2026-07-18 12:00:00+03:00,6.0
grp_341_347,low,block_12_18,2026-07-18 12:00:00+03:00,2026-07-18 18:00:00+03:00,6.0
grp_341_347,low,block_18_24,2026-07-18 18:00:00+03:00,2026-07-19 00:00:00+03:00,6.0
grp_341_347,low,block_00_06,2026-07-19 00:00:00+03:00,2026-07-19 06:00:00+03:00,6.0
grp_341_347,low,block_06_12,2026-07-19 06:00:00+03:00,2026-07-19 12:00:00+03:00,6.0
grp_341_347,low,block_12_18,2026-07-19 12:00:00+03:00,2026-07-19 18:00:00+03:00,6.0
grp_341_347,low,block_18_24,2026-07-19 18:00:00+03:00,2026-07-20 00:00:00+03:00,6.0
grp_343_346,low,block_00_06,2026-07-06 00:00:00+03:00,2026-07-06 06:00:00+03:00,6.0
grp_343_346,low,block_06_12,2026-07-06 06:00:00+03:00,2026-07-06 12:00:00+03:00,6.0
grp_343_346,low,block_12_18,2026-07-06 12:00:00+03:00,2026-07-06 18:00:00+03:00,6.0
grp_343_346,low,block_18_24,2026-07-06 18:00:00+03:00,2026-07-07 00:00:00+03:00,6.0
grp_343_346,low,block_00_06,2026-07-07 00:00:00+03:00,2026-07-07 06:00:00+03:00,6.0
grp_343_346,low,block_06_12,2026-07-07 06:00:00+03:00,2026-07-07 12:00:00+03:00,6.0
grp_343_346,low,block_12_18,2026-07-07 12:00:00+03:00,2026-07-07 18:00:00+03:00,6.0
grp_343_346,low,block_18_24,2026-07-07 18:00:00+03:00,2026-07-08 00:00:00+03:00,6.0
grp_343_346,low,block_00_06,2026-07-08 00:00:00+03:00,2026-07-08 06:00:00+03:00,6.0
grp_343_346,low,block_06_12,2026-07-08 06:00:00+03:00,2026-07-08 12:00:00+03:00,6.0
grp_343_346,low,block_12_18,2026-07-08 12:00:00+03:00,2026-07-08 18:00:00+03:00,6.0
grp_343_346,low,block_18_24,2026-07-08 18:00:00+03:00,2026-07-09 00:00:00+03:00,6.0
grp_343_346,low,block_00_06,2026-07-09 00:00:00+03:00,2026-07-09 06:00:00+03:00,6.0
grp_343_346,low,block_06_12,2026-07-09 06:00:00+03:00,2026-07-09 12:00:00+03:00,6.0
grp_343_346,low,block_12_18,2026-07-09 12:00:00+03:00,2026-07-09 18:00:00+03:00,6.0
grp_343_346,low,block_18_24,2026-07-09 18:00:00+03:00,2026-07-10 00:00:00+03:00,6.0
grp_343_346,low,block_00_06,2026-07-10 00:00:00+03:00,2026-07-10 06:00:00+03:00,6.0
grp_343_346,low,block_06_12,2026-07-10 06:00:00+03:00,2026-07-10 12:00:00+03:00,6.0
grp_343_346,low,block_12_18,2026-07-10 12:00:00+03:00,2026-07-10 18:00:00+03:00,6.0
grp_343_346,low,block_18_24,2026-07-10 18:00:00+03:00,2026-07-11 00:00:00+03:00,6.0
grp_343_346,low,block_00_06,2026-07-11 00:00:00+03:00,2026-07-11 06:00:00+03:00,6.0
grp_343_346,low,block_06_12,2026-07-11 06:00:00+03:00,2026-07-11 12:00:00+03:00,6.0
grp_343_346,low,block_12_18,2026-07-11 12:00:00+03:00,2026-07-11 18:00:00+03:00,6.0
grp_343_346,low,block_18_24,2026-07-11 18:00:00+03:00,2026-07-12 00:00:00+03:00,6.0
grp_343_346,low,block_00_06,2026-07-12 00:00:00+03:00,2026-07-12 06:00:00+03:00,6.0
grp_343_346,low,block_06_12,2026-07-12 06:00:00+03:00,2026-07-12 12:00:00+03:00,6.0
grp_343_346,low,block_12_18,2026-07-12 12:00:00+03:00,2026-07-12 18:00:00+03:00,6.0
grp_343_346,low,block_18_24,2026-07-12 18:00:00+03:00,2026-07-13 00:00:00+03:00,6.0
grp_343_346,low,block_00_06,2026-07-13 00:00:00+03:00,2026-07-13 06:00:00+03:00,6.0
grp_343_346,low,block_06_12,2026-07-13 06:00:00+03:00,2026-07-13 12:00:00+03:00,6.0
grp_343_346,low,block_12_18,2026-07-13 12:00:00+03:00,2026-07-13 18:00:00+03:00,6.0
grp_343_346,low,block_18_24,2026-07-13 18:00:00+03:00,2026-07-14 00:00:00+03:00,6.0
grp_343_346,low,block_00_06,2026-07-14 00:00:00+03:00,2026-07-14 06:00:00+03:00,6.0
grp_343_346,low,block_06_12,2026-07-14 06:00:00+03:00,2026-07-14 12:00:00+03:00,6.0
grp_343_346,low,block_12_18,2026-07-14 12:00:00+03:00,2026-07-14 18:00:00+03:00,6.0
grp_343_346,low,block_18_24,2026-07-14 18:00:00+03:00,2026-07-15 00:00:00+03:00,6.0
grp_343_346,low,block_00_06,2026-07-15 00:00:00+03:00,2026-07-15 06:00:00+03:00,6.0
grp_343_346,low,block_06_12,2026-07-15 06:00:00+03:00,2026-07-15 12:00:00+03:00,6.0
grp_343_346,low,block_12_18,2026-07-15 12:00:00+03:00,2026-07-15 18:00:00+03:00,6.0
grp_343_346,low,block_18_24,2026-07-15 18:00:00+03:00,2026-07-16 00:00:00+03:00,6.0
grp_343_346,low,block_00_06,2026-07-16 00:00:00+03:00,2026-07-16 06:00:00+03:00,6.0
grp_343_346,low,block_06_12,2026-07-16 06:00:00+03:00,2026-07-16 12:00:00+03:00,6.0
grp_343_346,low,block_12_18,2026-07-16 12:00:00+03:00,2026-07-16 18:00:00+03:00,6.0
grp_343_346,low,block_18_24,2026-07-16 18:00:00+03:00,2026-07-17 00:00:00+03:00,6.0
grp_343_346,low,block_00_06,2026-07-17 00:00:00+03:00,2026-07-17 06:00:00+03:00,6.0
grp_343_346,low,block_06_12,2026-07-17 06:00:00+03:00,2026-07-17 12:00:00+03:00,6.0
grp_343_346,low,block_12_18,2026-07-17 12:00:00+03:00,2026-07-17 18:00:00+03:00,6.0
grp_343_346,low,block_18_24,2026-07-17 18:00:00+03:00,2026-07-18 00:00:00+03:00,6.0
grp_343_346,low,block_00_06,2026-07-18 00:00:00+03:00,2026-07-18 06:00:00+03:00,6.0
grp_343_346,low,block_06_12,2026-07-18 06:00:00+03:00,2026-07-18 12:00:00+03:00,6.0
grp_343_346,low,block_12_18,2026-07-18 12:00:00+03:00,2026-07-18 18:00:00+03:00,6.0
grp_343_346,low,block_18_24,2026-07-18 18:00:00+03:00,2026-07-19 00:00:00+03:00,6.0
grp_343_346,low,block_00_06,2026-07-19 00:00:00+03:00,2026-07-19 06:00:00+03:00,6.0
grp_343_346,low,block_06_12,2026-07-19 06:00:00+03:00,2026-07-19 12:00:00+03:00,6.0
grp_343_346,low,block_12_18,2026-07-19 12:00:00+03:00,2026-07-19 18:00:00+03:00,6.0
grp_343_346,low,block_18_24,2026-07-19 18:00:00+03:00,2026-07-20 00:00:00+03:00,6.0
grp_420_481,low,block_00_06,2026-07-06 00:00:00+03:00,2026-07-06 06:00:00+03:00,6.0
grp_420_481,low,block_06_12,2026-07-06 06:00:00+03:00,2026-07-06 12:00:00+03:00,6.0
grp_420_481,low,block_12_18,2026-07-06 12:00:00+03:00,2026-07-06 18:00:00+03:00,6.0
grp_420_481,low,block_18_24,2026-07-06 18:00:00+03:00,2026-07-07 00:00:00+03:00,6.0
grp_420_481,low,block_00_06,2026-07-07 00:00:00+03:00,2026-07-07 06:00:00+03:00,6.0
grp_420_481,low,block_06_12,2026-07-07 06:00:00+03:00,2026-07-07 12:00:00+03:00,6.0
grp_420_481,low,block_12_18,2026-07-07 12:00:00+03:00,2026-07-07 18:00:00+03:00,6.0
grp_420_481,low,block_18_24,2026-07-07 18:00:00+03:00,2026-07-08 00:00:00+03:00,6.0
grp_420_481,low,block_00_06,2026-07-08 00:00:00+03:00,2026-07-08 06:00:00+03:00,6.0
grp_420_481,low,block_06_12,2026-07-08 06:00:00+03:00,2026-07-08 12:00:00+03:00,6.0
grp_420_481,low,block_12_18,2026-07-08 12:00:00+03:00,2026-07-08 18:00:00+03:00,6.0
grp_420_481,low,block_18_24,2026-07-08 18:00:00+03:00,2026-07-09 00:00:00+03:00,6.0
grp_420_481,low,block_00_06,2026-07-09 00:00:00+03:00,2026-07-09 06:00:00+03:00,6.0
grp_420_481,low,block_06_12,2026-07-09 06:00:00+03:00,2026-07-09 12:00:00+03:00,6.0
grp_420_481,low,block_12_18,2026-07-09 12:00:00+03:00,2026-07-09 18:00:00+03:00,6.0
grp_420_481,low,block_18_24,2026-07-09 18:00:00+03:00,2026-07-10 00:00:00+03:00,6.0
grp_420_481,low,block_00_06,2026-07-10 00:00:00+03:00,2026-07-10 06:00:00+03:00,6.0
grp_420_481,low,block_06_12,2026-07-10 06:00:00+03:00,2026-07-10 12:00:00+03:00,6.0
grp_420_481,low,block_12_18,2026-07-10 12:00:00+03:00,2026-07-10 18:00:00+03:00,6.0
grp_420_481,low,block_18_24,2026-07-10 18:00:00+03:00,2026-07-11 00:00:00+03:00,6.0
grp_420_481,low,block_00_06,2026-07-11 00:00:00+03:00,2026-07-11 06:00:00+03:00,6.0
grp_420_481,low,block_06_12,2026-07-11 06:00:00+03:00,2026-07-11 12:00:00+03:00,6.0
grp_420_481,low,block_12_18,2026-07-11 12:00:00+03:00,2026-07-11 18:00:00+03:00,6.0
grp_420_481,low,block_18_24,2026-07-11 18:00:00+03:00,2026-07-12 00:00:00+03:00,6.0
grp_420_481,low,block_00_06,2026-07-12 00:00:00+03:00,2026-07-12 06:00:00+03:00,6.0
grp_420_481,low,block_06_12,2026-07-12 06:00:00+03:00,2026-07-12 12:00:00+03:00,6.0
grp_420_481,low,block_12_18,2026-07-12 12:00:00+03:00,2026-07-12 18:00:00+03:00,6.0
grp_420_481,low,block_18_24,2026-07-12 18:00:00+03:00,2026-07-13 00:00:00+03:00,6.0
grp_420_481,low,block_00_06,2026-07-13 00:00:00+03:00,2026-07-13 06:00:00+03:00,6.0
grp_420_481,low,block_06_12,2026-07-13 06:00:00+03:00,2026-07-13 12:00:00+03:00,6.0
grp_420_481,low,block_12_18,2026-07-13 12:00:00+03:00,2026-07-13 18:00:00+03:00,6.0
grp_420_481,low,block_18_24,2026-07-13 18:00:00+03:00,2026-07-14 00:00:00+03:00,6.0
grp_420_481,low,block_00_06,2026-07-14 00:00:00+03:00,2026-07-14 06:00:00+03:00,6.0
grp_420_481,low,block_06_12,2026-07-14 06:00:00+03:00,2026-07-14 12:00:00+03:00,6.0
grp_420_481,low,block_12_18,2026-07-14 12:00:00+03:00,2026-07-14 18:00:00+03:00,6.0
grp_420_481,low,block_18_24,2026-07-14 18:00:00+03:00,2026-07-15 00:00:00+03:00,6.0
grp_420_481,low,block_00_06,2026-07-15 00:00:00+03:00,2026-07-15 06:00:00+03:00,6.0
grp_420_481,low,block_06_12,2026-07-15 06:00:00+03:00,2026-07-15 12:00:00+03:00,6.0
grp_420_481,low,block_12_18,2026-07-15 12:00:00+03:00,2026-07-15 18:00:00+03:00,6.0
grp_420_481,low,block_18_24,2026-07-15 18:00:00+03:00,2026-07-16 00:00:00+03:00,6.0
grp_420_481,low,block_00_06,2026-07-16 00:00:00+03:00,2026-07-16 06:00:00+03:00,6.0
grp_420_481,low,block_06_12,2026-07-16 06:00:00+03:00,2026-07-16 12:00:00+03:00,6.0
grp_420_481,low,block_12_18,2026-07-16 12:00:00+03:00,2026-07-16 18:00:00+03:00,6.0
grp_420_481,low,block_18_24,2026-07-16 18:00:00+03:00,2026-07-17 00:00:00+03:00,6.0
grp_420_481,low,block_00_06,2026-07-17 00:00:00+03:00,2026-07-17 06:00:00+03:00,6.0
grp_420_481,low,block_06_12,2026-07-17 06:00:00+03:00,2026-07-17 12:00:00+03:00,6.0
grp_420_481,low,block_12_18,2026-07-17 12:00:00+03:00,2026-07-17 18:00:00+03:00,6.0
grp_420_481,low,block_18_24,2026-07-17 18:00:00+03:00,2026-07-18 00:00:00+03:00,6.0
grp_420_481,low,block_00_06,2026-07-18 00:00:00+03:00,2026-07-18 06:00:00+03:00,6.0
grp_420_481,low,block_06_12,2026-07-18 06:00:00+03:00,2026-07-18 12:00:00+03:00,6.0
grp_420_481,low,block_12_18,2026-07-18 12:00:00+03:00,2026-07-18 18:00:00+03:00,6.0
grp_420_481,low,block_18_24,2026-07-18 18:00:00+03:00,2026-07-19 00:00:00+03:00,6.0
grp_420_481,low,block_00_06,2026-07-19 00:00:00+03:00,2026-07-19 06:00:00+03:00,6.0
grp_420_481,low,block_06_12,2026-07-19 06:00:00+03:00,2026-07-19 12:00:00+03:00,6.0
grp_420_481,low,block_12_18,2026-07-19 12:00:00+03:00,2026-07-19 18:00:00+03:00,6.0
grp_420_481,low,block_18_24,2026-07-19 18:00:00+03:00,2026-07-20 00:00:00+03:00,6.0
grp_62_140,medium,block_00_06,2026-07-06 00:00:00+03:00,2026-07-06 06:00:00+03:00,6.0
grp_62_140,medium,block_06_12,2026-07-06 06:00:00+03:00,2026-07-06 12:00:00+03:00,6.0
grp_62_140,medium,block_12_18,2026-07-06 12:00:00+03:00,2026-07-06 18:00:00+03:00,6.0
grp_62_140,medium,block_18_24,2026-07-06 18:00:00+03:00,2026-07-07 00:00:00+03:00,6.0
grp_62_140,medium,block_00_06,2026-07-07 00:00:00+03:00,2026-07-07 06:00:00+03:00,6.0
grp_62_140,medium,block_06_12,2026-07-07 06:00:00+03:00,2026-07-07 12:00:00+03:00,6.0
grp_62_140,medium,block_12_18,2026-07-07 12:00:00+03:00,2026-07-07 18:00:00+03:00,6.0
grp_62_140,medium,block_18_24,2026-07-07 18:00:00+03:00,2026-07-08 00:00:00+03:00,6.0
grp_62_140,medium,block_00_06,2026-07-08 00:00:00+03:00,2026-07-08 06:00:00+03:00,6.0
grp_62_140,medium,block_06_12,2026-07-08 06:00:00+03:00,2026-07-08 12:00:00+03:00,6.0
grp_62_140,medium,block_12_18,2026-07-08 12:00:00+03:00,2026-07-08 18:00:00+03:00,6.0
grp_62_140,medium,block_18_24,2026-07-08 18:00:00+03:00,2026-07-09 00:00:00+03:00,6.0
grp_62_140,medium,block_00_06,2026-07-09 00:00:00+03:00,2026-07-09 06:00:00+03:00,6.0
grp_62_140,medium,block_06_12,2026-07-09 06:00:00+03:00,2026-07-09 12:00:00+03:00,6.0
grp_62_140,medium,block_12_18,2026-07-09 12:00:00+03:00,2026-07-09 18:00:00+03:00,6.0
grp_62_140,medium,block_18_24,2026-07-09 18:00:00+03:00,2026-07-10 00:00:00+03:00,6.0
grp_62_140,medium,block_00_06,2026-07-10 00:00:00+03:00,2026-07-10 06:00:00+03:00,6.0
grp_62_140,medium,block_06_12,2026-07-10 06:00:00+03:00,2026-07-10 12:00:00+03:00,6.0
grp_62_140,medium,block_12_18,2026-07-10 12:00:00+03:00,2026-07-10 18:00:00+03:00,6.0
grp_62_140,medium,block_18_24,2026-07-10 18:00:00+03:00,2026-07-11 00:00:00+03:00,6.0
grp_62_140,medium,block_00_06,2026-07-11 00:00:00+03:00,2026-07-11 06:00:00+03:00,6.0
grp_62_140,medium,block_06_12,2026-07-11 06:00:00+03:00,2026-07-11 12:00:00+03:00,6.0
grp_62_140,medium,block_12_18,2026-07-11 12:00:00+03:00,2026-07-11 18:00:00+03:00,6.0
grp_62_140,medium,block_18_24,2026-07-11 18:00:00+03:00,2026-07-12 00:00:00+03:00,6.0
grp_62_140,medium,block_00_06,2026-07-12 00:00:00+03:00,2026-07-12 06:00:00+03:00,6.0
grp_62_140,medium,block_06_12,2026-07-12 06:00:00+03:00,2026-07-12 12:00:00+03:00,6.0
grp_62_140,medium,block_12_18,2026-07-12 12:00:00+03:00,2026-07-12 18:00:00+03:00,6.0
grp_62_140,medium,block_18_24,2026-07-12 18:00:00+03:00,2026-07-13 00:00:00+03:00,6.0
grp_62_140,medium,block_00_06,2026-07-13 00:00:00+03:00,2026-07-13 06:00:00+03:00,6.0
grp_62_140,medium,block_06_12,2026-07-13 06:00:00+03:00,2026-07-13 12:00:00+03:00,6.0
grp_62_140,medium,block_12_18,2026-07-13 12:00:00+03:00,2026-07-13 18:00:00+03:00,6.0
grp_62_140,medium,block_18_24,2026-07-13 18:00:00+03:00,2026-07-14 00:00:00+03:00,6.0
grp_62_140,medium,block_00_06,2026-07-14 00:00:00+03:00,2026-07-14 06:00:00+03:00,6.0
grp_62_140,medium,block_06_12,2026-07-14 06:00:00+03:00,2026-07-14 12:00:00+03:00,6.0
grp_62_140,medium,block_12_18,2026-07-14 12:00:00+03:00,2026-07-14 18:00:00+03:00,6.0
grp_62_140,medium,block_18_24,2026-07-14 18:00:00+03:00,2026-07-15 00:00:00+03:00,6.0
grp_62_140,medium,block_00_06,2026-07-15 00:00:00+03:00,2026-07-15 06:00:00+03:00,6.0
grp_62_140,medium,block_06_12,2026-07-15 06:00:00+03:00,2026-07-15 12:00:00+03:00,6.0
grp_62_140,medium,block_12_18,2026-07-15 12:00:00+03:00,2026-07-15 18:00:00+03:00,6.0
grp_62_140,medium,block_18_24,2026-07-15 18:00:00+03:00,2026-07-16 00:00:00+03:00,6.0
grp_62_140,medium,block_00_06,2026-07-16 00:00:00+03:00,2026-07-16 06:00:00+03:00,6.0
grp_62_140,medium,block_06_12,2026-07-16 06:00:00+03:00,2026-07-16 12:00:00+03:00,6.0
grp_62_140,medium,block_12_18,2026-07-16 12:00:00+03:00,2026-07-16 18:00:00+03:00,6.0
grp_62_140,medium,block_18_24,2026-07-16 18:00:00+03:00,2026-07-17 00:00:00+03:00,6.0
grp_62_140,medium,block_00_06,2026-07-17 00:00:00+03:00,2026-07-17 06:00:00+03:00,6.0
grp_62_140,medium,block_06_12,2026-07-17 06:00:00+03:00,2026-07-17 12:00:00+03:00,6.0
grp_62_140,medium,block_12_18,2026-07-17 12:00:00+03:00,2026-07-17 18:00:00+03:00,6.0
grp_62_140,medium,block_18_24,2026-07-17 18:00:00+03:00,2026-07-18 00:00:00+03:00,6.0
grp_62_140,medium,block_00_06,2026-07-18 00:00:00+03:00,2026-07-18 06:00:00+03:00,6.0
grp_62_140,medium,block_06_12,2026-07-18 06:00:00+03:00,2026-07-18 12:00:00+03:00,6.0
grp_62_140,medium,block_12_18,2026-07-18 12:00:00+03:00,2026-07-18 18:00:00+03:00,6.0
grp_62_140,medium,block_18_24,2026-07-18 18:00:00+03:00,2026-07-19 00:00:00+03:00,6.0
grp_62_140,medium,block_00_06,2026-07-19 00:00:00+03:00,2026-07-19 06:00:00+03:00,6.0
grp_62_140,medium,block_06_12,2026-07-19 06:00:00+03:00,2026-07-19 12:00:00+03:00,6.0
grp_62_140,medium,block_12_18,2026-07-19 12:00:00+03:00,2026-07-19 18:00:00+03:00,6.0
grp_62_140,medium,block_18_24,2026-07-19 18:00:00+03:00,2026-07-20 00:00:00+03:00,6.0
grp_98_298,medium,block_00_06,2026-07-06 00:00:00+03:00,2026-07-06 06:00:00+03:00,6.0
grp_98_298,medium,block_06_12,2026-07-06 06:00:00+03:00,2026-07-06 12:00:00+03:00,6.0
grp_98_298,medium,block_12_18,2026-07-06 12:00:00+03:00,2026-07-06 18:00:00+03:00,6.0
grp_98_298,medium,block_18_24,2026-07-06 18:00:00+03:00,2026-07-07 00:00:00+03:00,6.0
grp_98_298,medium,block_00_06,2026-07-07 00:00:00+03:00,2026-07-07 06:00:00+03:00,6.0
grp_98_298,medium,block_06_12,2026-07-07 06:00:00+03:00,2026-07-07 12:00:00+03:00,6.0
grp_98_298,medium,block_12_18,2026-07-07 12:00:00+03:00,2026-07-07 18:00:00+03:00,6.0
grp_98_298,medium,block_18_24,2026-07-07 18:00:00+03:00,2026-07-08 00:00:00+03:00,6.0
grp_98_298,medium,block_00_06,2026-07-08 00:00:00+03:00,2026-07-08 06:00:00+03:00,6.0
grp_98_298,medium,block_06_12,2026-07-08 06:00:00+03:00,2026-07-08 12:00:00+03:00,6.0
grp_98_298,medium,block_12_18,2026-07-08 12:00:00+03:00,2026-07-08 18:00:00+03:00,6.0
grp_98_298,medium,block_18_24,2026-07-08 18:00:00+03:00,2026-07-09 00:00:00+03:00,6.0
grp_98_298,medium,block_00_06,2026-07-09 00:00:00+03:00,2026-07-09 06:00:00+03:00,6.0
grp_98_298,medium,block_06_12,2026-07-09 06:00:00+03:00,2026-07-09 12:00:00+03:00,6.0
grp_98_298,medium,block_12_18,2026-07-09 12:00:00+03:00,2026-07-09 18:00:00+03:00,6.0
grp_98_298,medium,block_18_24,2026-07-09 18:00:00+03:00,2026-07-10 00:00:00+03:00,6.0
grp_98_298,medium,block_00_06,2026-07-10 00:00:00+03:00,2026-07-10 06:00:00+03:00,6.0
grp_98_298,medium,block_06_12,2026-07-10 06:00:00+03:00,2026-07-10 12:00:00+03:00,6.0
grp_98_298,medium,block_12_18,2026-07-10 12:00:00+03:00,2026-07-10 18:00:00+03:00,6.0
grp_98_298,medium,block_18_24,2026-07-10 18:00:00+03:00,2026-07-11 00:00:00+03:00,6.0
grp_98_298,medium,block_00_06,2026-07-11 00:00:00+03:00,2026-07-11 06:00:00+03:00,6.0
grp_98_298,medium,block_06_12,2026-07-11 06:00:00+03:00,2026-07-11 12:00:00+03:00,6.0
grp_98_298,medium,block_12_18,2026-07-11 12:00:00+03:00,2026-07-11 18:00:00+03:00,6.0
grp_98_298,medium,block_18_24,2026-07-11 18:00:00+03:00,2026-07-12 00:00:00+03:00,6.0
grp_98_298,medium,block_00_06,2026-07-12 00:00:00+03:00,2026-07-12 06:00:00+03:00,6.0
grp_98_298,medium,block_06_12,2026-07-12 06:00:00+03:00,2026-07-12 12:00:00+03:00,6.0
grp_98_298,medium,block_12_18,2026-07-12 12:00:00+03:00,2026-07-12 18:00:00+03:00,6.0
grp_98_298,medium,block_18_24,2026-07-12 18:00:00+03:00,2026-07-13 00:00:00+03:00,6.0
grp_98_298,medium,block_00_06,2026-07-13 00:00:00+03:00,2026-07-13 06:00:00+03:00,6.0
grp_98_298,medium,block_06_12,2026-07-13 06:00:00+03:00,2026-07-13 12:00:00+03:00,6.0
grp_98_298,medium,block_12_18,2026-07-13 12:00:00+03:00,2026-07-13 18:00:00+03:00,6.0
grp_98_298,medium,block_18_24,2026-07-13 18:00:00+03:00,2026-07-14 00:00:00+03:00,6.0
grp_98_298,medium,block_00_06,2026-07-14 00:00:00+03:00,2026-07-14 06:00:00+03:00,6.0
grp_98_298,medium,block_06_12,2026-07-14 06:00:00+03:00,2026-07-14 12:00:00+03:00,6.0
grp_98_298,medium,block_12_18,2026-07-14 12:00:00+03:00,2026-07-14 18:00:00+03:00,6.0
grp_98_298,medium,block_18_24,2026-07-14 18:00:00+03:00,2026-07-15 00:00:00+03:00,6.0
grp_98_298,medium,block_00_06,2026-07-15 00:00:00+03:00,2026-07-15 06:00:00+03:00,6.0
grp_98_298,medium,block_06_12,2026-07-15 06:00:00+03:00,2026-07-15 12:00:00+03:00,6.0
grp_98_298,medium,block_12_18,2026-07-15 12:00:00+03:00,2026-07-15 18:00:00+03:00,6.0
grp_98_298,medium,block_18_24,2026-07-15 18:00:00+03:00,2026-07-16 00:00:00+03:00,6.0
grp_98_298,medium,block_00_06,2026-07-16 00:00:00+03:00,2026-07-16 06:00:00+03:00,6.0
grp_98_298,medium,block_06_12,2026-07-16 06:00:00+03:00,2026-07-16 12:00:00+03:00,6.0
grp_98_298,medium,block_12_18,2026-07-16 12:00:00+03:00,2026-07-16 18:00:00+03:00,6.0
grp_98_298,medium,block_18_24,2026-07-16 18:00:00+03:00,2026-07-17 00:00:00+03:00,6.0
grp_98_298,medium,block_00_06,2026-07-17 00:00:00+03:00,2026-07-17 06:00:00+03:00,6.0
grp_98_298,medium,block_06_12,2026-07-17 06:00:00+03:00,2026-07-17 12:00:00+03:00,6.0
grp_98_298,medium,block_12_18,2026-07-17 12:00:00+03:00,2026-07-17 18:00:00+03:00,6.0
grp_98_298,medium,block_18_24,2026-07-17 18:00:00+03:00,2026-07-18 00:00:00+03:00,6.0
grp_98_298,medium,block_00_06,2026-07-18 00:00:00+03:00,2026-07-18 06:00:00+03:00,6.0
grp_98_298,medium,block_06_12,2026-07-18 06:00:00+03:00,2026-07-18 12:00:00+03:00,6.0
grp_98_298,medium,block_12_18,2026-07-18 12:00:00+03:00,2026-07-18 18:00:00+03:00,6.0
grp_98_298,medium,block_18_24,2026-07-18 18:00:00+03:00,2026-07-19 00:00:00+03:00,6.0
grp_98_298,medium,block_00_06,2026-07-19 00:00:00+03:00,2026-07-19 06:00:00+03:00,6.0
grp_98_298,medium,block_06_12,2026-07-19 06:00:00+03:00,2026-07-19 12:00:00+03:00,6.0
grp_98_298,medium,block_12_18,2026-07-19 12:00:00+03:00,2026-07-19 18:00:00+03:00,6.0
grp_98_298,medium,block_18_24,2026-07-19 18:00:00+03:00,2026-07-20 00:00:00+03:00,6.0
116,medium,block_00_06,2026-07-06 00:00:00+03:00,2026-07-06 06:00:00+03:00,6.0
116,medium,block_06_12,2026-07-06 06:00:00+03:00,2026-07-06 12:00:00+03:00,6.0
116,medium,block_12_18,2026-07-06 12:00:00+03:00,2026-07-06 18:00:00+03:00,6.0
116,medium,block_18_24,2026-07-06 18:00:00+03:00,2026-07-07 00:00:00+03:00,6.0
116,medium,block_00_06,2026-07-07 00:00:00+03:00,2026-07-07 06:00:00+03:00,6.0
116,medium,block_06_12,2026-07-07 06:00:00+03:00,2026-07-07 12:00:00+03:00,6.0
116,medium,block_12_18,2026-07-07 12:00:00+03:00,2026-07-07 18:00:00+03:00,6.0
116,medium,block_18_24,2026-07-07 18:00:00+03:00,2026-07-08 00:00:00+03:00,6.0
116,medium,block_00_06,2026-07-08 00:00:00+03:00,2026-07-08 06:00:00+03:00,6.0
116,medium,block_06_12,2026-07-08 06:00:00+03:00,2026-07-08 12:00:00+03:00,6.0
116,medium,block_12_18,2026-07-08 12:00:00+03:00,2026-07-08 18:00:00+03:00,6.0
116,medium,block_18_24,2026-07-08 18:00:00+03:00,2026-07-09 00:00:00+03:00,6.0
116,medium,block_00_06,2026-07-09 00:00:00+03:00,2026-07-09 06:00:00+03:00,6.0
116,medium,block_06_12,2026-07-09 06:00:00+03:00,2026-07-09 12:00:00+03:00,6.0
116,medium,block_12_18,2026-07-09 12:00:00+03:00,2026-07-09 18:00:00+03:00,6.0
116,medium,block_18_24,2026-07-09 18:00:00+03:00,2026-07-10 00:00:00+03:00,6.0
116,medium,block_00_06,2026-07-10 00:00:00+03:00,2026-07-10 06:00:00+03:00,6.0
116,medium,block_06_12,2026-07-10 06:00:00+03:00,2026-07-10 12:00:00+03:00,6.0
116,medium,block_12_18,2026-07-10 12:00:00+03:00,2026-07-10 18:00:00+03:00,6.0
116,medium,block_18_24,2026-07-10 18:00:00+03:00,2026-07-11 00:00:00+03:00,6.0
116,medium,block_00_06,2026-07-11 00:00:00+03:00,2026-07-11 06:00:00+03:00,6.0
116,medium,block_06_12,2026-07-11 06:00:00+03:00,2026-07-11 12:00:00+03:00,6.0
116,medium,block_12_18,2026-07-11 12:00:00+03:00,2026-07-11 18:00:00+03:00,6.0
116,medium,block_18_24,2026-07-11 18:00:00+03:00,2026-07-12 00:00:00+03:00,6.0
116,medium,block_00_06,2026-07-12 00:00:00+03:00,2026-07-12 06:00:00+03:00,6.0
116,medium,block_06_12,2026-07-12 06:00:00+03:00,2026-07-12 12:00:00+03:00,6.0
116,medium,block_12_18,2026-07-12 12:00:00+03:00,2026-07-12 18:00:00+03:00,6.0
116,medium,block_18_24,2026-07-12 18:00:00+03:00,2026-07-13 00:00:00+03:00,6.0
116,medium,block_00_06,2026-07-13 00:00:00+03:00,2026-07-13 06:00:00+03:00,6.0
116,medium,block_06_12,2026-07-13 06:00:00+03:00,2026-07-13 12:00:00+03:00,6.0
116,medium,block_12_18,2026-07-13 12:00:00+03:00,2026-07-13 18:00:00+03:00,6.0
116,medium,block_18_24,2026-07-13 18:00:00+03:00,2026-07-14 00:00:00+03:00,6.0
116,medium,block_00_06,2026-07-14 00:00:00+03:00,2026-07-14 06:00:00+03:00,6.0
116,medium,block_06_12,2026-07-14 06:00:00+03:00,2026-07-14 12:00:00+03:00,6.0
116,medium,block_12_18,2026-07-14 12:00:00+03:00,2026-07-14 18:00:00+03:00,6.0
116,medium,block_18_24,2026-07-14 18:00:00+03:00,2026-07-15 00:00:00+03:00,6.0
116,medium,block_00_06,2026-07-15 00:00:00+03:00,2026-07-15 06:00:00+03:00,6.0
116,medium,block_06_12,2026-07-15 06:00:00+03:00,2026-07-15 12:00:00+03:00,6.0
116,medium,block_12_18,2026-07-15 12:00:00+03:00,2026-07-15 18:00:00+03:00,6.0
116,medium,block_18_24,2026-07-15 18:00:00+03:00,2026-07-16 00:00:00+03:00,6.0
116,medium,block_00_06,2026-07-16 00:00:00+03:00,2026-07-16 06:00:00+03:00,6.0
116,medium,block_06_12,2026-07-16 06:00:00+03:00,2026-07-16 12:00:00+03:00,6.0
116,medium,block_12_18,2026-07-16 12:00:00+03:00,2026-07-16 18:00:00+03:00,6.0
116,medium,block_18_24,2026-07-16 18:00:00+03:00,2026-07-17 00:00:00+03:00,6.0
116,medium,block_00_06,2026-07-17 00:00:00+03:00,2026-07-17 06:00:00+03:00,6.0
116,medium,block_06_12,2026-07-17 06:00:00+03:00,2026-07-17 12:00:00+03:00,6.0
116,medium,block_12_18,2026-07-17 12:00:00+03:00,2026-07-17 18:00:00+03:00,6.0
116,medium,block_18_24,2026-07-17 18:00:00+03:00,2026-07-18 00:00:00+03:00,6.0
116,medium,block_00_06,2026-07-18 00:00:00+03:00,2026-07-18 06:00:00+03:00,6.0
116,medium,block_06_12,2026-07-18 06:00:00+03:00,2026-07-18 12:00:00+03:00,6.0
116,medium,block_12_18,2026-07-18 12:00:00+03:00,2026-07-18 18:00:00+03:00,6.0
116,medium,block_18_24,2026-07-18 18:00:00+03:00,2026-07-19 00:00:00+03:00,6.0
116,medium,block_00_06,2026-07-19 00:00:00+03:00,2026-07-19 06:00:00+03:00,6.0
116,medium,block_06_12,2026-07-19 06:00:00+03:00,2026-07-19 12:00:00+03:00,6.0
116,medium,block_12_18,2026-07-19 12:00:00+03:00,2026-07-19 18:00:00+03:00,6.0
116,medium,block_18_24,2026-07-19 18:00:00+03:00,2026-07-20 00:00:00+03:00,6.0
117,medium,block_00_06,2026-07-06 00:00:00+03:00,2026-07-06 06:00:00+03:00,6.0
117,medium,block_06_12,2026-07-06 06:00:00+03:00,2026-07-06 12:00:00+03:00,6.0
117,medium,block_12_18,2026-07-06 12:00:00+03:00,2026-07-06 18:00:00+03:00,6.0
117,medium,block_18_24,2026-07-06 18:00:00+03:00,2026-07-07 00:00:00+03:00,6.0
117,medium,block_00_06,2026-07-07 00:00:00+03:00,2026-07-07 06:00:00+03:00,6.0
117,medium,block_06_12,2026-07-07 06:00:00+03:00,2026-07-07 12:00:00+03:00,6.0
117,medium,block_12_18,2026-07-07 12:00:00+03:00,2026-07-07 18:00:00+03:00,6.0
117,medium,block_18_24,2026-07-07 18:00:00+03:00,2026-07-08 00:00:00+03:00,6.0
117,medium,block_00_06,2026-07-08 00:00:00+03:00,2026-07-08 06:00:00+03:00,6.0
117,medium,block_06_12,2026-07-08 06:00:00+03:00,2026-07-08 12:00:00+03:00,6.0
117,medium,block_12_18,2026-07-08 12:00:00+03:00,2026-07-08 18:00:00+03:00,6.0
117,medium,block_18_24,2026-07-08 18:00:00+03:00,2026-07-09 00:00:00+03:00,6.0
117,medium,block_00_06,2026-07-09 00:00:00+03:00,2026-07-09 06:00:00+03:00,6.0
117,medium,block_06_12,2026-07-09 06:00:00+03:00,2026-07-09 12:00:00+03:00,6.0
117,medium,block_12_18,2026-07-09 12:00:00+03:00,2026-07-09 18:00:00+03:00,6.0
117,medium,block_18_24,2026-07-09 18:00:00+03:00,2026-07-10 00:00:00+03:00,6.0
117,medium,block_00_06,2026-07-10 00:00:00+03:00,2026-07-10 06:00:00+03:00,6.0
117,medium,block_06_12,2026-07-10 06:00:00+03:00,2026-07-10 12:00:00+03:00,6.0
117,medium,block_12_18,2026-07-10 12:00:00+03:00,2026-07-10 18:00:00+03:00,6.0
117,medium,block_18_24,2026-07-10 18:00:00+03:00,2026-07-11 00:00:00+03:00,6.0
117,medium,block_00_06,2026-07-11 00:00:00+03:00,2026-07-11 06:00:00+03:00,6.0
117,medium,block_06_12,2026-07-11 06:00:00+03:00,2026-07-11 12:00:00+03:00,6.0
117,medium,block_12_18,2026-07-11 12:00:00+03:00,2026-07-11 18:00:00+03:00,6.0
117,medium,block_18_24,2026-07-11 18:00:00+03:00,2026-07-12 00:00:00+03:00,6.0
117,medium,block_00_06,2026-07-12 00:00:00+03:00,2026-07-12 06:00:00+03:00,6.0
117,medium,block_06_12,2026-07-12 06:00:00+03:00,2026-07-12 12:00:00+03:00,6.0
117,medium,block_12_18,2026-07-12 12:00:00+03:00,2026-07-12 18:00:00+03:00,6.0
117,medium,block_18_24,2026-07-12 18:00:00+03:00,2026-07-13 00:00:00+03:00,6.0
117,medium,block_00_06,2026-07-13 00:00:00+03:00,2026-07-13 06:00:00+03:00,6.0
117,medium,block_06_12,2026-07-13 06:00:00+03:00,2026-07-13 12:00:00+03:00,6.0
117,medium,block_12_18,2026-07-13 12:00:00+03:00,2026-07-13 18:00:00+03:00,6.0
117,medium,block_18_24,2026-07-13 18:00:00+03:00,2026-07-14 00:00:00+03:00,6.0
117,medium,block_00_06,2026-07-14 00:00:00+03:00,2026-07-14 06:00:00+03:00,6.0
117,medium,block_06_12,2026-07-14 06:00:00+03:00,2026-07-14 12:00:00+03:00,6.0
117,medium,block_12_18,2026-07-14 12:00:00+03:00,2026-07-14 18:00:00+03:00,6.0
117,medium,block_18_24,2026-07-14 18:00:00+03:00,2026-07-15 00:00:00+03:00,6.0
117,medium,block_00_06,2026-07-15 00:00:00+03:00,2026-07-15 06:00:00+03:00,6.0
117,medium,block_06_12,2026-07-15 06:00:00+03:00,2026-07-15 12:00:00+03:00,6.0
117,medium,block_12_18,2026-07-15 12:00:00+03:00,2026-07-15 18:00:00+03:00,6.0
117,medium,block_18_24,2026-07-15 18:00:00+03:00,2026-07-16 00:00:00+03:00,6.0
117,medium,block_00_06,2026-07-16 00:00:00+03:00,2026-07-16 06:00:00+03:00,6.0
117,medium,block_06_12,2026-07-16 06:00:00+03:00,2026-07-16 12:00:00+03:00,6.0
117,medium,block_12_18,2026-07-16 12:00:00+03:00,2026-07-16 18:00:00+03:00,6.0
117,medium,block_18_24,2026-07-16 18:00:00+03:00,2026-07-17 00:00:00+03:00,6.0
117,medium,block_00_06,2026-07-17 00:00:00+03:00,2026-07-17 06:00:00+03:00,6.0
117,medium,block_06_12,2026-07-17 06:00:00+03:00,2026-07-17 12:00:00+03:00,6.0
117,medium,block_12_18,2026-07-17 12:00:00+03:00,2026-07-17 18:00:00+03:00,6.0
117,medium,block_18_24,2026-07-17 18:00:00+03:00,2026-07-18 00:00:00+03:00,6.0
117,medium,block_00_06,2026-07-18 00:00:00+03:00,2026-07-18 06:00:00+03:00,6.0
117,medium,block_06_12,2026-07-18 06:00:00+03:00,2026-07-18 12:00:00+03:00,6.0
117,medium,block_12_18,2026-07-18 12:00:00+03:00,2026-07-18 18:00:00+03:00,6.0
117,medium,block_18_24,2026-07-18 18:00:00+03:00,2026-07-19 00:00:00+03:00,6.0
117,medium,block_00_06,2026-07-19 00:00:00+03:00,2026-07-19 06:00:00+03:00,6.0
117,medium,block_06_12,2026-07-19 06:00:00+03:00,2026-07-19 12:00:00+03:00,6.0
117,medium,block_12_18,2026-07-19 12:00:00+03:00,2026-07-19 18:00:00+03:00,6.0
117,medium,block_18_24,2026-07-19 18:00:00+03:00,2026-07-20 00:00:00+03:00,6.0
135,low,block_00_06,2026-07-06 00:00:00+03:00,2026-07-06 06:00:00+03:00,6.0
135,low,block_06_12,2026-07-06 06:00:00+03:00,2026-07-06 12:00:00+03:00,6.0
135,low,block_12_18,2026-07-06 12:00:00+03:00,2026-07-06 18:00:00+03:00,6.0
135,low,block_18_24,2026-07-06 18:00:00+03:00,2026-07-07 00:00:00+03:00,6.0
135,low,block_00_06,2026-07-07 00:00:00+03:00,2026-07-07 06:00:00+03:00,6.0
135,low,block_06_12,2026-07-07 06:00:00+03:00,2026-07-07 12:00:00+03:00,6.0
135,low,block_12_18,2026-07-07 12:00:00+03:00,2026-07-07 18:00:00+03:00,6.0
135,low,block_18_24,2026-07-07 18:00:00+03:00,2026-07-08 00:00:00+03:00,6.0
135,low,block_00_06,2026-07-08 00:00:00+03:00,2026-07-08 06:00:00+03:00,6.0
135,low,block_06_12,2026-07-08 06:00:00+03:00,2026-07-08 12:00:00+03:00,6.0
135,low,block_12_18,2026-07-08 12:00:00+03:00,2026-07-08 18:00:00+03:00,6.0
135,low,block_18_24,2026-07-08 18:00:00+03:00,2026-07-09 00:00:00+03:00,6.0
135,low,block_00_06,2026-07-09 00:00:00+03:00,2026-07-09 06:00:00+03:00,6.0
135,low,block_06_12,2026-07-09 06:00:00+03:00,2026-07-09 12:00:00+03:00,6.0
135,low,block_12_18,2026-07-09 12:00:00+03:00,2026-07-09 18:00:00+03:00,6.0
135,low,block_18_24,2026-07-09 18:00:00+03:00,2026-07-10 00:00:00+03:00,6.0
135,low,block_00_06,2026-07-10 00:00:00+03:00,2026-07-10 06:00:00+03:00,6.0
135,low,block_06_12,2026-07-10 06:00:00+03:00,2026-07-10 12:00:00+03:00,6.0
135,low,block_12_18,2026-07-10 12:00:00+03:00,2026-07-10 18:00:00+03:00,6.0
135,low,block_18_24,2026-07-10 18:00:00+03:00,2026-07-11 00:00:00+03:00,6.0
135,low,block_00_06,2026-07-11 00:00:00+03:00,2026-07-11 06:00:00+03:00,6.0
135,low,block_06_12,2026-07-11 06:00:00+03:00,2026-07-11 12:00:00+03:00,6.0
135,low,block_12_18,2026-07-11 12:00:00+03:00,2026-07-11 18:00:00+03:00,6.0
135,low,block_18_24,2026-07-11 18:00:00+03:00,2026-07-12 00:00:00+03:00,6.0
135,low,block_00_06,2026-07-12 00:00:00+03:00,2026-07-12 06:00:00+03:00,6.0
135,low,block_06_12,2026-07-12 06:00:00+03:00,2026-07-12 12:00:00+03:00,6.0
135,low,block_12_18,2026-07-12 12:00:00+03:00,2026-07-12 18:00:00+03:00,6.0
135,low,block_18_24,2026-07-12 18:00:00+03:00,2026-07-13 00:00:00+03:00,6.0
135,low,block_00_06,2026-07-13 00:00:00+03:00,2026-07-13 06:00:00+03:00,6.0
135,low,block_06_12,2026-07-13 06:00:00+03:00,2026-07-13 12:00:00+03:00,6.0
135,low,block_12_18,2026-07-13 12:00:00+03:00,2026-07-13 18:00:00+03:00,6.0
135,low,block_18_24,2026-07-13 18:00:00+03:00,2026-07-14 00:00:00+03:00,6.0
135,low,block_00_06,2026-07-14 00:00:00+03:00,2026-07-14 06:00:00+03:00,6.0
135,low,block_06_12,2026-07-14 06:00:00+03:00,2026-07-14 12:00:00+03:00,6.0
135,low,block_12_18,2026-07-14 12:00:00+03:00,2026-07-14 18:00:00+03:00,6.0
135,low,block_18_24,2026-07-14 18:00:00+03:00,2026-07-15 00:00:00+03:00,6.0
135,low,block_00_06,2026-07-15 00:00:00+03:00,2026-07-15 06:00:00+03:00,6.0
135,low,block_06_12,2026-07-15 06:00:00+03:00,2026-07-15 12:00:00+03:00,6.0
135,low,block_12_18,2026-07-15 12:00:00+03:00,2026-07-15 18:00:00+03:00,6.0
135,low,block_18_24,2026-07-15 18:00:00+03:00,2026-07-16 00:00:00+03:00,6.0
135,low,block_00_06,2026-07-16 00:00:00+03:00,2026-07-16 06:00:00+03:00,6.0
135,low,block_06_12,2026-07-16 06:00:00+03:00,2026-07-16 12:00:00+03:00,6.0
135,low,block_12_18,2026-07-16 12:00:00+03:00,2026-07-16 18:00:00+03:00,6.0
135,low,block_18_24,2026-07-16 18:00:00+03:00,2026-07-17 00:00:00+03:00,6.0
135,low,block_00_06,2026-07-17 00:00:00+03:00,2026-07-17 06:00:00+03:00,6.0
135,low,block_06_12,2026-07-17 06:00:00+03:00,2026-07-17 12:00:00+03:00,6.0
135,low,block_12_18,2026-07-17 12:00:00+03:00,2026-07-17 18:00:00+03:00,6.0
135,low,block_18_24,2026-07-17 18:00:00+03:00,2026-07-18 00:00:00+03:00,6.0
135,low,block_00_06,2026-07-18 00:00:00+03:00,2026-07-18 06:00:00+03:00,6.0
135,low,block_06_12,2026-07-18 06:00:00+03:00,2026-07-18 12:00:00+03:00,6.0
135,low,block_12_18,2026-07-18 12:00:00+03:00,2026-07-18 18:00:00+03:00,6.0
135,low,block_18_24,2026-07-18 18:00:00+03:00,2026-07-19 00:00:00+03:00,6.0
135,low,block_00_06,2026-07-19 00:00:00+03:00,2026-07-19 06:00:00+03:00,6.0
135,low,block_06_12,2026-07-19 06:00:00+03:00,2026-07-19 12:00:00+03:00,6.0
135,low,block_12_18,2026-07-19 12:00:00+03:00,2026-07-19 18:00:00+03:00,6.0
135,low,block_18_24,2026-07-19 18:00:00+03:00,2026-07-20 00:00:00+03:00,6.0
145,low,block_00_06,2026-07-06 00:00:00+03:00,2026-07-06 06:00:00+03:00,6.0
145,low,block_06_12,2026-07-06 06:00:00+03:00,2026-07-06 12:00:00+03:00,6.0
145,low,block_12_18,2026-07-06 12:00:00+03:00,2026-07-06 18:00:00+03:00,6.0
145,low,block_18_24,2026-07-06 18:00:00+03:00,2026-07-07 00:00:00+03:00,6.0
145,low,block_00_06,2026-07-07 00:00:00+03:00,2026-07-07 06:00:00+03:00,6.0
145,low,block_06_12,2026-07-07 06:00:00+03:00,2026-07-07 12:00:00+03:00,6.0
145,low,block_12_18,2026-07-07 12:00:00+03:00,2026-07-07 18:00:00+03:00,6.0
145,low,block_18_24,2026-07-07 18:00:00+03:00,2026-07-08 00:00:00+03:00,6.0
145,low,block_00_06,2026-07-08 00:00:00+03:00,2026-07-08 06:00:00+03:00,6.0
145,low,block_06_12,2026-07-08 06:00:00+03:00,2026-07-08 12:00:00+03:00,6.0
145,low,block_12_18,2026-07-08 12:00:00+03:00,2026-07-08 18:00:00+03:00,6.0
145,low,block_18_24,2026-07-08 18:00:00+03:00,2026-07-09 00:00:00+03:00,6.0
145,low,block_00_06,2026-07-09 00:00:00+03:00,2026-07-09 06:00:00+03:00,6.0
145,low,block_06_12,2026-07-09 06:00:00+03:00,2026-07-09 12:00:00+03:00,6.0
145,low,block_12_18,2026-07-09 12:00:00+03:00,2026-07-09 18:00:00+03:00,6.0
145,low,block_18_24,2026-07-09 18:00:00+03:00,2026-07-10 00:00:00+03:00,6.0
145,low,block_00_06,2026-07-10 00:00:00+03:00,2026-07-10 06:00:00+03:00,6.0
145,low,block_06_12,2026-07-10 06:00:00+03:00,2026-07-10 12:00:00+03:00,6.0
145,low,block_12_18,2026-07-10 12:00:00+03:00,2026-07-10 18:00:00+03:00,6.0
145,low,block_18_24,2026-07-10 18:00:00+03:00,2026-07-11 00:00:00+03:00,6.0
145,low,block_00_06,2026-07-11 00:00:00+03:00,2026-07-11 06:00:00+03:00,6.0
145,low,block_06_12,2026-07-11 06:00:00+03:00,2026-07-11 12:00:00+03:00,6.0
145,low,block_12_18,2026-07-11 12:00:00+03:00,2026-07-11 18:00:00+03:00,6.0
145,low,block_18_24,2026-07-11 18:00:00+03:00,2026-07-12 00:00:00+03:00,6.0
145,low,block_00_06,2026-07-12 00:00:00+03:00,2026-07-12 06:00:00+03:00,6.0
145,low,block_06_12,2026-07-12 06:00:00+03:00,2026-07-12 12:00:00+03:00,6.0
145,low,block_12_18,2026-07-12 12:00:00+03:00,2026-07-12 18:00:00+03:00,6.0
145,low,block_18_24,2026-07-12 18:00:00+03:00,2026-07-13 00:00:00+03:00,6.0
145,low,block_00_06,2026-07-13 00:00:00+03:00,2026-07-13 06:00:00+03:00,6.0
145,low,block_06_12,2026-07-13 06:00:00+03:00,2026-07-13 12:00:00+03:00,6.0
145,low,block_12_18,2026-07-13 12:00:00+03:00,2026-07-13 18:00:00+03:00,6.0
145,low,block_18_24,2026-07-13 18:00:00+03:00,2026-07-14 00:00:00+03:00,6.0
145,low,block_00_06,2026-07-14 00:00:00+03:00,2026-07-14 06:00:00+03:00,6.0
145,low,block_06_12,2026-07-14 06:00:00+03:00,2026-07-14 12:00:00+03:00,6.0
145,low,block_12_18,2026-07-14 12:00:00+03:00,2026-07-14 18:00:00+03:00,6.0
145,low,block_18_24,2026-07-14 18:00:00+03:00,2026-07-15 00:00:00+03:00,6.0
145,low,block_00_06,2026-07-15 00:00:00+03:00,2026-07-15 06:00:00+03:00,6.0
145,low,block_06_12,2026-07-15 06:00:00+03:00,2026-07-15 12:00:00+03:00,6.0
145,low,block_12_18,2026-07-15 12:00:00+03:00,2026-07-15 18:00:00+03:00,6.0
145,low,block_18_24,2026-07-15 18:00:00+03:00,2026-07-16 00:00:00+03:00,6.0
145,low,block_00_06,2026-07-16 00:00:00+03:00,2026-07-16 06:00:00+03:00,6.0
145,low,block_06_12,2026-07-16 06:00:00+03:00,2026-07-16 12:00:00+03:00,6.0
145,low,block_12_18,2026-07-16 12:00:00+03:00,2026-07-16 18:00:00+03:00,6.0
145,low,block_18_24,2026-07-16 18:00:00+03:00,2026-07-17 00:00:00+03:00,6.0
145,low,block_00_06,2026-07-17 00:00:00+03:00,2026-07-17 06:00:00+03:00,6.0
145,low,block_06_12,2026-07-17 06:00:00+03:00,2026-07-17 12:00:00+03:00,6.0
145,low,block_12_18,2026-07-17 12:00:00+03:00,2026-07-17 18:00:00+03:00,6.0
145,low,block_18_24,2026-07-17 18:00:00+03:00,2026-07-18 00:00:00+03:00,6.0
145,low,block_00_06,2026-07-18 00:00:00+03:00,2026-07-18 06:00:00+03:00,6.0
145,low,block_06_12,2026-07-18 06:00:00+03:00,2026-07-18 12:00:00+03:00,6.0
145,low,block_12_18,2026-07-18 12:00:00+03:00,2026-07-18 18:00:00+03:00,6.0
145,low,block_18_24,2026-07-18 18:00:00+03:00,2026-07-19 00:00:00+03:00,6.0
145,low,block_00_06,2026-07-19 00:00:00+03:00,2026-07-19 06:00:00+03:00,6.0
145,low,block_06_12,2026-07-19 06:00:00+03:00,2026-07-19 12:00:00+03:00,6.0
145,low,block_12_18,2026-07-19 12:00:00+03:00,2026-07-19 18:00:00+03:00,6.0
145,low,block_18_24,2026-07-19 18:00:00+03:00,2026-07-20 00:00:00+03:00,6.0
179,low,block_00_06,2026-07-06 00:00:00+03:00,2026-07-06 06:00:00+03:00,6.0
179,low,block_06_12,2026-07-06 06:00:00+03:00,2026-07-06 12:00:00+03:00,6.0
179,low,block_12_18,2026-07-06 12:00:00+03:00,2026-07-06 18:00:00+03:00,6.0
179,low,block_18_24,2026-07-06 18:00:00+03:00,2026-07-07 00:00:00+03:00,6.0
179,low,block_00_06,2026-07-07 00:00:00+03:00,2026-07-07 06:00:00+03:00,6.0
179,low,block_06_12,2026-07-07 06:00:00+03:00,2026-07-07 12:00:00+03:00,6.0
179,low,block_12_18,2026-07-07 12:00:00+03:00,2026-07-07 18:00:00+03:00,6.0
179,low,block_18_24,2026-07-07 18:00:00+03:00,2026-07-08 00:00:00+03:00,6.0
179,low,block_00_06,2026-07-08 00:00:00+03:00,2026-07-08 06:00:00+03:00,6.0
179,low,block_06_12,2026-07-08 06:00:00+03:00,2026-07-08 12:00:00+03:00,6.0
179,low,block_12_18,2026-07-08 12:00:00+03:00,2026-07-08 18:00:00+03:00,6.0
179,low,block_18_24,2026-07-08 18:00:00+03:00,2026-07-09 00:00:00+03:00,6.0
179,low,block_00_06,2026-07-09 00:00:00+03:00,2026-07-09 06:00:00+03:00,6.0
179,low,block_06_12,2026-07-09 06:00:00+03:00,2026-07-09 12:00:00+03:00,6.0
179,low,block_12_18,2026-07-09 12:00:00+03:00,2026-07-09 18:00:00+03:00,6.0
179,low,block_18_24,2026-07-09 18:00:00+03:00,2026-07-10 00:00:00+03:00,6.0
179,low,block_00_06,2026-07-10 00:00:00+03:00,2026-07-10 06:00:00+03:00,6.0
179,low,block_06_12,2026-07-10 06:00:00+03:00,2026-07-10 12:00:00+03:00,6.0
179,low,block_12_18,2026-07-10 12:00:00+03:00,2026-07-10 18:00:00+03:00,6.0
179,low,block_18_24,2026-07-10 18:00:00+03:00,2026-07-11 00:00:00+03:00,6.0
179,low,block_00_06,2026-07-11 00:00:00+03:00,2026-07-11 06:00:00+03:00,6.0
179,low,block_06_12,2026-07-11 06:00:00+03:00,2026-07-11 12:00:00+03:00,6.0
179,low,block_12_18,2026-07-11 12:00:00+03:00,2026-07-11 18:00:00+03:00,6.0
179,low,block_18_24,2026-07-11 18:00:00+03:00,2026-07-12 00:00:00+03:00,6.0
179,low,block_00_06,2026-07-12 00:00:00+03:00,2026-07-12 06:00:00+03:00,6.0
179,low,block_06_12,2026-07-12 06:00:00+03:00,2026-07-12 12:00:00+03:00,6.0
179,low,block_12_18,2026-07-12 12:00:00+03:00,2026-07-12 18:00:00+03:00,6.0
179,low,block_18_24,2026-07-12 18:00:00+03:00,2026-07-13 00:00:00+03:00,6.0
179,low,block_00_06,2026-07-13 00:00:00+03:00,2026-07-13 06:00:00+03:00,6.0
179,low,block_06_12,2026-07-13 06:00:00+03:00,2026-07-13 12:00:00+03:00,6.0
179,low,block_12_18,2026-07-13 12:00:00+03:00,2026-07-13 18:00:00+03:00,6.0
179,low,block_18_24,2026-07-13 18:00:00+03:00,2026-07-14 00:00:00+03:00,6.0
179,low,block_00_06,2026-07-14 00:00:00+03:00,2026-07-14 06:00:00+03:00,6.0
179,low,block_06_12,2026-07-14 06:00:00+03:00,2026-07-14 12:00:00+03:00,6.0
179,low,block_12_18,2026-07-14 12:00:00+03:00,2026-07-14 18:00:00+03:00,6.0
179,low,block_18_24,2026-07-14 18:00:00+03:00,2026-07-15 00:00:00+03:00,6.0
179,low,block_00_06,2026-07-15 00:00:00+03:00,2026-07-15 06:00:00+03:00,6.0
179,low,block_06_12,2026-07-15 06:00:00+03:00,2026-07-15 12:00:00+03:00,6.0
179,low,block_12_18,2026-07-15 12:00:00+03:00,2026-07-15 18:00:00+03:00,6.0
179,low,block_18_24,2026-07-15 18:00:00+03:00,2026-07-16 00:00:00+03:00,6.0
179,low,block_00_06,2026-07-16 00:00:00+03:00,2026-07-16 06:00:00+03:00,6.0
179,low,block_06_12,2026-07-16 06:00:00+03:00,2026-07-16 12:00:00+03:00,6.0
179,low,block_12_18,2026-07-16 12:00:00+03:00,2026-07-16 18:00:00+03:00,6.0
179,low,block_18_24,2026-07-16 18:00:00+03:00,2026-07-17 00:00:00+03:00,6.0
179,low,block_00_06,2026-07-17 00:00:00+03:00,2026-07-17 06:00:00+03:00,6.0
179,low,block_06_12,2026-07-17 06:00:00+03:00,2026-07-17 12:00:00+03:00,6.0
179,low,block_12_18,2026-07-17 12:00:00+03:00,2026-07-17 18:00:00+03:00,6.0
179,low,block_18_24,2026-07-17 18:00:00+03:00,2026-07-18 00:00:00+03:00,6.0
179,low,block_00_06,2026-07-18 00:00:00+03:00,2026-07-18 06:00:00+03:00,6.0
179,low,block_06_12,2026-07-18 06:00:00+03:00,2026-07-18 12:00:00+03:00,6.0
179,low,block_12_18,2026-07-18 12:00:00+03:00,2026-07-18 18:00:00+03:00,6.0
179,low,block_18_24,2026-07-18 18:00:00+03:00,2026-07-19 00:00:00+03:00,6.0
179,low,block_00_06,2026-07-19 00:00:00+03:00,2026-07-19 06:00:00+03:00,6.0
179,low,block_06_12,2026-07-19 06:00:00+03:00,2026-07-19 12:00:00+03:00,6.0
179,low,block_12_18,2026-07-19 12:00:00+03:00,2026-07-19 18:00:00+03:00,6.0
179,low,block_18_24,2026-07-19 18:00:00+03:00,2026-07-20 00:00:00+03:00,6.0
188,low,block_00_06,2026-07-06 00:00:00+03:00,2026-07-06 06:00:00+03:00,6.0
188,low,block_06_12,2026-07-06 06:00:00+03:00,2026-07-06 12:00:00+03:00,6.0
188,low,block_12_18,2026-07-06 12:00:00+03:00,2026-07-06 18:00:00+03:00,6.0
188,low,block_18_24,2026-07-06 18:00:00+03:00,2026-07-07 00:00:00+03:00,6.0
188,low,block_00_06,2026-07-07 00:00:00+03:00,2026-07-07 06:00:00+03:00,6.0
188,low,block_06_12,2026-07-07 06:00:00+03:00,2026-07-07 12:00:00+03:00,6.0
188,low,block_12_18,2026-07-07 12:00:00+03:00,2026-07-07 18:00:00+03:00,6.0
188,low,block_18_24,2026-07-07 18:00:00+03:00,2026-07-08 00:00:00+03:00,6.0
188,low,block_00_06,2026-07-08 00:00:00+03:00,2026-07-08 06:00:00+03:00,6.0
188,low,block_06_12,2026-07-08 06:00:00+03:00,2026-07-08 12:00:00+03:00,6.0
188,low,block_12_18,2026-07-08 12:00:00+03:00,2026-07-08 18:00:00+03:00,6.0
188,low,block_18_24,2026-07-08 18:00:00+03:00,2026-07-09 00:00:00+03:00,6.0
188,low,block_00_06,2026-07-09 00:00:00+03:00,2026-07-09 06:00:00+03:00,6.0
188,low,block_06_12,2026-07-09 06:00:00+03:00,2026-07-09 12:00:00+03:00,6.0
188,low,block_12_18,2026-07-09 12:00:00+03:00,2026-07-09 18:00:00+03:00,6.0
188,low,block_18_24,2026-07-09 18:00:00+03:00,2026-07-10 00:00:00+03:00,6.0
188,low,block_00_06,2026-07-10 00:00:00+03:00,2026-07-10 06:00:00+03:00,6.0
188,low,block_06_12,2026-07-10 06:00:00+03:00,2026-07-10 12:00:00+03:00,6.0
188,low,block_12_18,2026-07-10 12:00:00+03:00,2026-07-10 18:00:00+03:00,6.0
188,low,block_18_24,2026-07-10 18:00:00+03:00,2026-07-11 00:00:00+03:00,6.0
188,low,block_00_06,2026-07-11 00:00:00+03:00,2026-07-11 06:00:00+03:00,6.0
188,low,block_06_12,2026-07-11 06:00:00+03:00,2026-07-11 12:00:00+03:00,6.0
188,low,block_12_18,2026-07-11 12:00:00+03:00,2026-07-11 18:00:00+03:00,6.0
188,low,block_18_24,2026-07-11 18:00:00+03:00,2026-07-12 00:00:00+03:00,6.0
188,low,block_00_06,2026-07-12 00:00:00+03:00,2026-07-12 06:00:00+03:00,6.0
188,low,block_06_12,2026-07-12 06:00:00+03:00,2026-07-12 12:00:00+03:00,6.0
188,low,block_12_18,2026-07-12 12:00:00+03:00,2026-07-12 18:00:00+03:00,6.0
188,low,block_18_24,2026-07-12 18:00:00+03:00,2026-07-13 00:00:00+03:00,6.0
188,low,block_00_06,2026-07-13 00:00:00+03:00,2026-07-13 06:00:00+03:00,6.0
188,low,block_06_12,2026-07-13 06:00:00+03:00,2026-07-13 12:00:00+03:00,6.0
188,low,block_12_18,2026-07-13 12:00:00+03:00,2026-07-13 18:00:00+03:00,6.0
188,low,block_18_24,2026-07-13 18:00:00+03:00,2026-07-14 00:00:00+03:00,6.0
188,low,block_00_06,2026-07-14 00:00:00+03:00,2026-07-14 06:00:00+03:00,6.0
188,low,block_06_12,2026-07-14 06:00:00+03:00,2026-07-14 12:00:00+03:00,6.0
188,low,block_12_18,2026-07-14 12:00:00+03:00,2026-07-14 18:00:00+03:00,6.0
188,low,block_18_24,2026-07-14 18:00:00+03:00,2026-07-15 00:00:00+03:00,6.0
188,low,block_00_06,2026-07-15 00:00:00+03:00,2026-07-15 06:00:00+03:00,6.0
188,low,block_06_12,2026-07-15 06:00:00+03:00,2026-07-15 12:00:00+03:00,6.0
188,low,block_12_18,2026-07-15 12:00:00+03:00,2026-07-15 18:00:00+03:00,6.0
188,low,block_18_24,2026-07-15 18:00:00+03:00,2026-07-16 00:00:00+03:00,6.0
188,low,block_00_06,2026-07-16 00:00:00+03:00,2026-07-16 06:00:00+03:00,6.0
188,low,block_06_12,2026-07-16 06:00:00+03:00,2026-07-16 12:00:00+03:00,6.0
188,low,block_12_18,2026-07-16 12:00:00+03:00,2026-07-16 18:00:00+03:00,6.0
188,low,block_18_24,2026-07-16 18:00:00+03:00,2026-07-17 00:00:00+03:00,6.0
188,low,block_00_06,2026-07-17 00:00:00+03:00,2026-07-17 06:00:00+03:00,6.0
188,low,block_06_12,2026-07-17 06:00:00+03:00,2026-07-17 12:00:00+03:00,6.0
188,low,block_12_18,2026-07-17 12:00:00+03:00,2026-07-17 18:00:00+03:00,6.0
188,low,block_18_24,2026-07-17 18:00:00+03:00,2026-07-18 00:00:00+03:00,6.0
188,low,block_00_06,2026-07-18 00:00:00+03:00,2026-07-18 06:00:00+03:00,6.0
188,low,block_06_12,2026-07-18 06:00:00+03:00,2026-07-18 12:00:00+03:00,6.0
188,low,block_12_18,2026-07-18 12:00:00+03:00,2026-07-18 18:00:00+03:00,6.0
188,low,block_18_24,2026-07-18 18:00:00+03:00,2026-07-19 00:00:00+03:00,6.0
188,low,block_00_06,2026-07-19 00:00:00+03:00,2026-07-19 06:00:00+03:00,6.0
188,low,block_06_12,2026-07-19 06:00:00+03:00,2026-07-19 12:00:00+03:00,6.0
188,low,block_12_18,2026-07-19 12:00:00+03:00,2026-07-19 18:00:00+03:00,6.0
188,low,block_18_24,2026-07-19 18:00:00+03:00,2026-07-20 00:00:00+03:00,6.0
22,medium,block_00_06,2026-07-06 00:00:00+03:00,2026-07-06 06:00:00+03:00,6.0
22,medium,block_06_12,2026-07-06 06:00:00+03:00,2026-07-06 12:00:00+03:00,6.0
22,medium,block_12_18,2026-07-06 12:00:00+03:00,2026-07-06 18:00:00+03:00,6.0
22,medium,block_18_24,2026-07-06 18:00:00+03:00,2026-07-07 00:00:00+03:00,6.0
22,medium,block_00_06,2026-07-07 00:00:00+03:00,2026-07-07 06:00:00+03:00,6.0
22,medium,block_06_12,2026-07-07 06:00:00+03:00,2026-07-07 12:00:00+03:00,6.0
22,medium,block_12_18,2026-07-07 12:00:00+03:00,2026-07-07 18:00:00+03:00,6.0
22,medium,block_18_24,2026-07-07 18:00:00+03:00,2026-07-08 00:00:00+03:00,6.0
22,medium,block_00_06,2026-07-08 00:00:00+03:00,2026-07-08 06:00:00+03:00,6.0
22,medium,block_06_12,2026-07-08 06:00:00+03:00,2026-07-08 12:00:00+03:00,6.0
22,medium,block_12_18,2026-07-08 12:00:00+03:00,2026-07-08 18:00:00+03:00,6.0
22,medium,block_18_24,2026-07-08 18:00:00+03:00,2026-07-09 00:00:00+03:00,6.0
22,medium,block_00_06,2026-07-09 00:00:00+03:00,2026-07-09 06:00:00+03:00,6.0
22,medium,block_06_12,2026-07-09 06:00:00+03:00,2026-07-09 12:00:00+03:00,6.0
22,medium,block_12_18,2026-07-09 12:00:00+03:00,2026-07-09 18:00:00+03:00,6.0
22,medium,block_18_24,2026-07-09 18:00:00+03:00,2026-07-10 00:00:00+03:00,6.0
22,medium,block_00_06,2026-07-10 00:00:00+03:00,2026-07-10 06:00:00+03:00,6.0
22,medium,block_06_12,2026-07-10 06:00:00+03:00,2026-07-10 12:00:00+03:00,6.0
22,medium,block_12_18,2026-07-10 12:00:00+03:00,2026-07-10 18:00:00+03:00,6.0
22,medium,block_18_24,2026-07-10 18:00:00+03:00,2026-07-11 00:00:00+03:00,6.0
22,medium,block_00_06,2026-07-11 00:00:00+03:00,2026-07-11 06:00:00+03:00,6.0
22,medium,block_06_12,2026-07-11 06:00:00+03:00,2026-07-11 12:00:00+03:00,6.0
22,medium,block_12_18,2026-07-11 12:00:00+03:00,2026-07-11 18:00:00+03:00,6.0
22,medium,block_18_24,2026-07-11 18:00:00+03:00,2026-07-12 00:00:00+03:00,6.0
22,medium,block_00_06,2026-07-12 00:00:00+03:00,2026-07-12 06:00:00+03:00,6.0
22,medium,block_06_12,2026-07-12 06:00:00+03:00,2026-07-12 12:00:00+03:00,6.0
22,medium,block_12_18,2026-07-12 12:00:00+03:00,2026-07-12 18:00:00+03:00,6.0
22,medium,block_18_24,2026-07-12 18:00:00+03:00,2026-07-13 00:00:00+03:00,6.0
22,medium,block_00_06,2026-07-13 00:00:00+03:00,2026-07-13 06:00:00+03:00,6.0
22,medium,block_06_12,2026-07-13 06:00:00+03:00,2026-07-13 12:00:00+03:00,6.0
22,medium,block_12_18,2026-07-13 12:00:00+03:00,2026-07-13 18:00:00+03:00,6.0
22,medium,block_18_24,2026-07-13 18:00:00+03:00,2026-07-14 00:00:00+03:00,6.0
22,medium,block_00_06,2026-07-14 00:00:00+03:00,2026-07-14 06:00:00+03:00,6.0
22,medium,block_06_12,2026-07-14 06:00:00+03:00,2026-07-14 12:00:00+03:00,6.0
22,medium,block_12_18,2026-07-14 12:00:00+03:00,2026-07-14 18:00:00+03:00,6.0
22,medium,block_18_24,2026-07-14 18:00:00+03:00,2026-07-15 00:00:00+03:00,6.0
22,medium,block_00_06,2026-07-15 00:00:00+03:00,2026-07-15 06:00:00+03:00,6.0
22,medium,block_06_12,2026-07-15 06:00:00+03:00,2026-07-15 12:00:00+03:00,6.0
22,medium,block_12_18,2026-07-15 12:00:00+03:00,2026-07-15 18:00:00+03:00,6.0
22,medium,block_18_24,2026-07-15 18:00:00+03:00,2026-07-16 00:00:00+03:00,6.0
22,medium,block_00_06,2026-07-16 00:00:00+03:00,2026-07-16 06:00:00+03:00,6.0
22,medium,block_06_12,2026-07-16 06:00:00+03:00,2026-07-16 12:00:00+03:00,6.0
22,medium,block_12_18,2026-07-16 12:00:00+03:00,2026-07-16 18:00:00+03:00,6.0
22,medium,block_18_24,2026-07-16 18:00:00+03:00,2026-07-17 00:00:00+03:00,6.0
22,medium,block_00_06,2026-07-17 00:00:00+03:00,2026-07-17 06:00:00+03:00,6.0
22,medium,block_06_12,2026-07-17 06:00:00+03:00,2026-07-17 12:00:00+03:00,6.0
22,medium,block_12_18,2026-07-17 12:00:00+03:00,2026-07-17 18:00:00+03:00,6.0
22,medium,block_18_24,2026-07-17 18:00:00+03:00,2026-07-18 00:00:00+03:00,6.0
22,medium,block_00_06,2026-07-18 00:00:00+03:00,2026-07-18 06:00:00+03:00,6.0
22,medium,block_06_12,2026-07-18 06:00:00+03:00,2026-07-18 12:00:00+03:00,6.0
22,medium,block_12_18,2026-07-18 12:00:00+03:00,2026-07-18 18:00:00+03:00,6.0
22,medium,block_18_24,2026-07-18 18:00:00+03:00,2026-07-19 00:00:00+03:00,6.0
22,medium,block_00_06,2026-07-19 00:00:00+03:00,2026-07-19 06:00:00+03:00,6.0
22,medium,block_06_12,2026-07-19 06:00:00+03:00,2026-07-19 12:00:00+03:00,6.0
22,medium,block_12_18,2026-07-19 12:00:00+03:00,2026-07-19 18:00:00+03:00,6.0
22,medium,block_18_24,2026-07-19 18:00:00+03:00,2026-07-20 00:00:00+03:00,6.0
290,low,block_00_06,2026-07-06 00:00:00+03:00,2026-07-06 06:00:00+03:00,6.0
290,low,block_06_12,2026-07-06 06:00:00+03:00,2026-07-06 12:00:00+03:00,6.0
290,low,block_12_18,2026-07-06 12:00:00+03:00,2026-07-06 18:00:00+03:00,6.0
290,low,block_18_24,2026-07-06 18:00:00+03:00,2026-07-07 00:00:00+03:00,6.0
290,low,block_00_06,2026-07-07 00:00:00+03:00,2026-07-07 06:00:00+03:00,6.0
290,low,block_06_12,2026-07-07 06:00:00+03:00,2026-07-07 12:00:00+03:00,6.0
290,low,block_12_18,2026-07-07 12:00:00+03:00,2026-07-07 18:00:00+03:00,6.0
290,low,block_18_24,2026-07-07 18:00:00+03:00,2026-07-08 00:00:00+03:00,6.0
290,low,block_00_06,2026-07-08 00:00:00+03:00,2026-07-08 06:00:00+03:00,6.0
290,low,block_06_12,2026-07-08 06:00:00+03:00,2026-07-08 12:00:00+03:00,6.0
290,low,block_12_18,2026-07-08 12:00:00+03:00,2026-07-08 18:00:00+03:00,6.0
290,low,block_18_24,2026-07-08 18:00:00+03:00,2026-07-09 00:00:00+03:00,6.0
290,low,block_00_06,2026-07-09 00:00:00+03:00,2026-07-09 06:00:00+03:00,6.0
290,low,block_06_12,2026-07-09 06:00:00+03:00,2026-07-09 12:00:00+03:00,6.0
290,low,block_12_18,2026-07-09 12:00:00+03:00,2026-07-09 18:00:00+03:00,6.0
290,low,block_18_24,2026-07-09 18:00:00+03:00,2026-07-10 00:00:00+03:00,6.0
290,low,block_00_06,2026-07-10 00:00:00+03:00,2026-07-10 06:00:00+03:00,6.0
290,low,block_06_12,2026-07-10 06:00:00+03:00,2026-07-10 12:00:00+03:00,6.0
290,low,block_12_18,2026-07-10 12:00:00+03:00,2026-07-10 18:00:00+03:00,6.0
290,low,block_18_24,2026-07-10 18:00:00+03:00,2026-07-11 00:00:00+03:00,6.0
290,low,block_00_06,2026-07-11 00:00:00+03:00,2026-07-11 06:00:00+03:00,6.0
290,low,block_06_12,2026-07-11 06:00:00+03:00,2026-07-11 12:00:00+03:00,6.0
290,low,block_12_18,2026-07-11 12:00:00+03:00,2026-07-11 18:00:00+03:00,6.0
290,low,block_18_24,2026-07-11 18:00:00+03:00,2026-07-12 00:00:00+03:00,6.0
290,low,block_00_06,2026-07-12 00:00:00+03:00,2026-07-12 06:00:00+03:00,6.0
290,low,block_06_12,2026-07-12 06:00:00+03:00,2026-07-12 12:00:00+03:00,6.0
290,low,block_12_18,2026-07-12 12:00:00+03:00,2026-07-12 18:00:00+03:00,6.0
290,low,block_18_24,2026-07-12 18:00:00+03:00,2026-07-13 00:00:00+03:00,6.0
290,low,block_00_06,2026-07-13 00:00:00+03:00,2026-07-13 06:00:00+03:00,6.0
290,low,block_06_12,2026-07-13 06:00:00+03:00,2026-07-13 12:00:00+03:00,6.0
290,low,block_12_18,2026-07-13 12:00:00+03:00,2026-07-13 18:00:00+03:00,6.0
290,low,block_18_24,2026-07-13 18:00:00+03:00,2026-07-14 00:00:00+03:00,6.0
290,low,block_00_06,2026-07-14 00:00:00+03:00,2026-07-14 06:00:00+03:00,6.0
290,low,block_06_12,2026-07-14 06:00:00+03:00,2026-07-14 12:00:00+03:00,6.0
290,low,block_12_18,2026-07-14 12:00:00+03:00,2026-07-14 18:00:00+03:00,6.0
290,low,block_18_24,2026-07-14 18:00:00+03:00,2026-07-15 00:00:00+03:00,6.0
290,low,block_00_06,2026-07-15 00:00:00+03:00,2026-07-15 06:00:00+03:00,6.0
290,low,block_06_12,2026-07-15 06:00:00+03:00,2026-07-15 12:00:00+03:00,6.0
290,low,block_12_18,2026-07-15 12:00:00+03:00,2026-07-15 18:00:00+03:00,6.0
290,low,block_18_24,2026-07-15 18:00:00+03:00,2026-07-16 00:00:00+03:00,6.0
290,low,block_00_06,2026-07-16 00:00:00+03:00,2026-07-16 06:00:00+03:00,6.0
290,low,block_06_12,2026-07-16 06:00:00+03:00,2026-07-16 12:00:00+03:00,6.0
290,low,block_12_18,2026-07-16 12:00:00+03:00,2026-07-16 18:00:00+03:00,6.0
290,low,block_18_24,2026-07-16 18:00:00+03:00,2026-07-17 00:00:00+03:00,6.0
290,low,block_00_06,2026-07-17 00:00:00+03:00,2026-07-17 06:00:00+03:00,6.0
290,low,block_06_12,2026-07-17 06:00:00+03:00,2026-07-17 12:00:00+03:00,6.0
290,low,block_12_18,2026-07-17 12:00:00+03:00,2026-07-17 18:00:00+03:00,6.0
290,low,block_18_24,2026-07-17 18:00:00+03:00,2026-07-18 00:00:00+03:00,6.0
290,low,block_00_06,2026-07-18 00:00:00+03:00,2026-07-18 06:00:00+03:00,6.0
290,low,block_06_12,2026-07-18 06:00:00+03:00,2026-07-18 12:00:00+03:00,6.0
290,low,block_12_18,2026-07-18 12:00:00+03:00,2026-07-18 18:00:00+03:00,6.0
290,low,block_18_24,2026-07-18 18:00:00+03:00,2026-07-19 00:00:00+03:00,6.0
290,low,block_00_06,2026-07-19 00:00:00+03:00,2026-07-19 06:00:00+03:00,6.0
290,low,block_06_12,2026-07-19 06:00:00+03:00,2026-07-19 12:00:00+03:00,6.0
290,low,block_12_18,2026-07-19 12:00:00+03:00,2026-07-19 18:00:00+03:00,6.0
290,low,block_18_24,2026-07-19 18:00:00+03:00,2026-07-20 00:00:00+03:00,6.0
301,medium,block_00_06,2026-07-06 00:00:00+03:00,2026-07-06 06:00:00+03:00,6.0
301,medium,block_06_12,2026-07-06 06:00:00+03:00,2026-07-06 12:00:00+03:00,6.0
301,medium,block_12_18,2026-07-06 12:00:00+03:00,2026-07-06 18:00:00+03:00,6.0
301,medium,block_18_24,2026-07-06 18:00:00+03:00,2026-07-07 00:00:00+03:00,6.0
301,medium,block_00_06,2026-07-07 00:00:00+03:00,2026-07-07 06:00:00+03:00,6.0
301,medium,block_06_12,2026-07-07 06:00:00+03:00,2026-07-07 12:00:00+03:00,6.0
301,medium,block_12_18,2026-07-07 12:00:00+03:00,2026-07-07 18:00:00+03:00,6.0
301,medium,block_18_24,2026-07-07 18:00:00+03:00,2026-07-08 00:00:00+03:00,6.0
301,medium,block_00_06,2026-07-08 00:00:00+03:00,2026-07-08 06:00:00+03:00,6.0
301,medium,block_06_12,2026-07-08 06:00:00+03:00,2026-07-08 12:00:00+03:00,6.0
301,medium,block_12_18,2026-07-08 12:00:00+03:00,2026-07-08 18:00:00+03:00,6.0
301,medium,block_18_24,2026-07-08 18:00:00+03:00,2026-07-09 00:00:00+03:00,6.0
301,medium,block_00_06,2026-07-09 00:00:00+03:00,2026-07-09 06:00:00+03:00,6.0
301,medium,block_06_12,2026-07-09 06:00:00+03:00,2026-07-09 12:00:00+03:00,6.0
301,medium,block_12_18,2026-07-09 12:00:00+03:00,2026-07-09 18:00:00+03:00,6.0
301,medium,block_18_24,2026-07-09 18:00:00+03:00,2026-07-10 00:00:00+03:00,6.0
301,medium,block_00_06,2026-07-10 00:00:00+03:00,2026-07-10 06:00:00+03:00,6.0
301,medium,block_06_12,2026-07-10 06:00:00+03:00,2026-07-10 12:00:00+03:00,6.0
301,medium,block_12_18,2026-07-10 12:00:00+03:00,2026-07-10 18:00:00+03:00,6.0
301,medium,block_18_24,2026-07-10 18:00:00+03:00,2026-07-11 00:00:00+03:00,6.0
301,medium,block_00_06,2026-07-11 00:00:00+03:00,2026-07-11 06:00:00+03:00,6.0
301,medium,block_06_12,2026-07-11 06:00:00+03:00,2026-07-11 12:00:00+03:00,6.0
301,medium,block_12_18,2026-07-11 12:00:00+03:00,2026-07-11 18:00:00+03:00,6.0
301,medium,block_18_24,2026-07-11 18:00:00+03:00,2026-07-12 00:00:00+03:00,6.0
301,medium,block_00_06,2026-07-12 00:00:00+03:00,2026-07-12 06:00:00+03:00,6.0
301,medium,block_06_12,2026-07-12 06:00:00+03:00,2026-07-12 12:00:00+03:00,6.0
301,medium,block_12_18,2026-07-12 12:00:00+03:00,2026-07-12 18:00:00+03:00,6.0
301,medium,block_18_24,2026-07-12 18:00:00+03:00,2026-07-13 00:00:00+03:00,6.0
301,medium,block_00_06,2026-07-13 00:00:00+03:00,2026-07-13 06:00:00+03:00,6.0
301,medium,block_06_12,2026-07-13 06:00:00+03:00,2026-07-13 12:00:00+03:00,6.0
301,medium,block_12_18,2026-07-13 12:00:00+03:00,2026-07-13 18:00:00+03:00,6.0
301,medium,block_18_24,2026-07-13 18:00:00+03:00,2026-07-14 00:00:00+03:00,6.0
301,medium,block_00_06,2026-07-14 00:00:00+03:00,2026-07-14 06:00:00+03:00,6.0
301,medium,block_06_12,2026-07-14 06:00:00+03:00,2026-07-14 12:00:00+03:00,6.0
301,medium,block_12_18,2026-07-14 12:00:00+03:00,2026-07-14 18:00:00+03:00,6.0
301,medium,block_18_24,2026-07-14 18:00:00+03:00,2026-07-15 00:00:00+03:00,6.0
301,medium,block_00_06,2026-07-15 00:00:00+03:00,2026-07-15 06:00:00+03:00,6.0
301,medium,block_06_12,2026-07-15 06:00:00+03:00,2026-07-15 12:00:00+03:00,6.0
301,medium,block_12_18,2026-07-15 12:00:00+03:00,2026-07-15 18:00:00+03:00,6.0
301,medium,block_18_24,2026-07-15 18:00:00+03:00,2026-07-16 00:00:00+03:00,6.0
301,medium,block_00_06,2026-07-16 00:00:00+03:00,2026-07-16 06:00:00+03:00,6.0
301,medium,block_06_12,2026-07-16 06:00:00+03:00,2026-07-16 12:00:00+03:00,6.0
301,medium,block_12_18,2026-07-16 12:00:00+03:00,2026-07-16 18:00:00+03:00,6.0
301,medium,block_18_24,2026-07-16 18:00:00+03:00,2026-07-17 00:00:00+03:00,6.0
301,medium,block_00_06,2026-07-17 00:00:00+03:00,2026-07-17 06:00:00+03:00,6.0
301,medium,block_06_12,2026-07-17 06:00:00+03:00,2026-07-17 12:00:00+03:00,6.0
301,medium,block_12_18,2026-07-17 12:00:00+03:00,2026-07-17 18:00:00+03:00,6.0
301,medium,block_18_24,2026-07-17 18:00:00+03:00,2026-07-18 00:00:00+03:00,6.0
301,medium,block_00_06,2026-07-18 00:00:00+03:00,2026-07-18 06:00:00+03:00,6.0
301,medium,block_06_12,2026-07-18 06:00:00+03:00,2026-07-18 12:00:00+03:00,6.0
301,medium,block_12_18,2026-07-18 12:00:00+03:00,2026-07-18 18:00:00+03:00,6.0
301,medium,block_18_24,2026-07-18 18:00:00+03:00,2026-07-19 00:00:00+03:00,6.0
301,medium,block_00_06,2026-07-19 00:00:00+03:00,2026-07-19 06:00:00+03:00,6.0
301,medium,block_06_12,2026-07-19 06:00:00+03:00,2026-07-19 12:00:00+03:00,6.0
301,medium,block_12_18,2026-07-19 12:00:00+03:00,2026-07-19 18:00:00+03:00,6.0
301,medium,block_18_24,2026-07-19 18:00:00+03:00,2026-07-20 00:00:00+03:00,6.0
342,low,block_00_06,2026-07-06 00:00:00+03:00,2026-07-06 06:00:00+03:00,6.0
342,low,block_06_12,2026-07-06 06:00:00+03:00,2026-07-06 12:00:00+03:00,6.0
342,low,block_12_18,2026-07-06 12:00:00+03:00,2026-07-06 18:00:00+03:00,6.0
342,low,block_18_24,2026-07-06 18:00:00+03:00,2026-07-07 00:00:00+03:00,6.0
342,low,block_00_06,2026-07-07 00:00:00+03:00,2026-07-07 06:00:00+03:00,6.0
342,low,block_06_12,2026-07-07 06:00:00+03:00,2026-07-07 12:00:00+03:00,6.0
342,low,block_12_18,2026-07-07 12:00:00+03:00,2026-07-07 18:00:00+03:00,6.0
342,low,block_18_24,2026-07-07 18:00:00+03:00,2026-07-08 00:00:00+03:00,6.0
342,low,block_00_06,2026-07-08 00:00:00+03:00,2026-07-08 06:00:00+03:00,6.0
342,low,block_06_12,2026-07-08 06:00:00+03:00,2026-07-08 12:00:00+03:00,6.0
342,low,block_12_18,2026-07-08 12:00:00+03:00,2026-07-08 18:00:00+03:00,6.0
342,low,block_18_24,2026-07-08 18:00:00+03:00,2026-07-09 00:00:00+03:00,6.0
342,low,block_00_06,2026-07-09 00:00:00+03:00,2026-07-09 06:00:00+03:00,6.0
342,low,block_06_12,2026-07-09 06:00:00+03:00,2026-07-09 12:00:00+03:00,6.0
342,low,block_12_18,2026-07-09 12:00:00+03:00,2026-07-09 18:00:00+03:00,6.0
342,low,block_18_24,2026-07-09 18:00:00+03:00,2026-07-10 00:00:00+03:00,6.0
342,low,block_00_06,2026-07-10 00:00:00+03:00,2026-07-10 06:00:00+03:00,6.0
342,low,block_06_12,2026-07-10 06:00:00+03:00,2026-07-10 12:00:00+03:00,6.0
342,low,block_12_18,2026-07-10 12:00:00+03:00,2026-07-10 18:00:00+03:00,6.0
342,low,block_18_24,2026-07-10 18:00:00+03:00,2026-07-11 00:00:00+03:00,6.0
342,low,block_00_06,2026-07-11 00:00:00+03:00,2026-07-11 06:00:00+03:00,6.0
342,low,block_06_12,2026-07-11 06:00:00+03:00,2026-07-11 12:00:00+03:00,6.0
342,low,block_12_18,2026-07-11 12:00:00+03:00,2026-07-11 18:00:00+03:00,6.0
342,low,block_18_24,2026-07-11 18:00:00+03:00,2026-07-12 00:00:00+03:00,6.0
342,low,block_00_06,2026-07-12 00:00:00+03:00,2026-07-12 06:00:00+03:00,6.0
342,low,block_06_12,2026-07-12 06:00:00+03:00,2026-07-12 12:00:00+03:00,6.0
342,low,block_12_18,2026-07-12 12:00:00+03:00,2026-07-12 18:00:00+03:00,6.0
342,low,block_18_24,2026-07-12 18:00:00+03:00,2026-07-13 00:00:00+03:00,6.0
342,low,block_00_06,2026-07-13 00:00:00+03:00,2026-07-13 06:00:00+03:00,6.0
342,low,block_06_12,2026-07-13 06:00:00+03:00,2026-07-13 12:00:00+03:00,6.0
342,low,block_12_18,2026-07-13 12:00:00+03:00,2026-07-13 18:00:00+03:00,6.0
342,low,block_18_24,2026-07-13 18:00:00+03:00,2026-07-14 00:00:00+03:00,6.0
342,low,block_00_06,2026-07-14 00:00:00+03:00,2026-07-14 06:00:00+03:00,6.0
342,low,block_06_12,2026-07-14 06:00:00+03:00,2026-07-14 12:00:00+03:00,6.0
342,low,block_12_18,2026-07-14 12:00:00+03:00,2026-07-14 18:00:00+03:00,6.0
342,low,block_18_24,2026-07-14 18:00:00+03:00,2026-07-15 00:00:00+03:00,6.0
342,low,block_00_06,2026-07-15 00:00:00+03:00,2026-07-15 06:00:00+03:00,6.0
342,low,block_06_12,2026-07-15 06:00:00+03:00,2026-07-15 12:00:00+03:00,6.0
342,low,block_12_18,2026-07-15 12:00:00+03:00,2026-07-15 18:00:00+03:00,6.0
342,low,block_18_24,2026-07-15 18:00:00+03:00,2026-07-16 00:00:00+03:00,6.0
342,low,block_00_06,2026-07-16 00:00:00+03:00,2026-07-16 06:00:00+03:00,6.0
342,low,block_06_12,2026-07-16 06:00:00+03:00,2026-07-16 12:00:00+03:00,6.0
342,low,block_12_18,2026-07-16 12:00:00+03:00,2026-07-16 18:00:00+03:00,6.0
342,low,block_18_24,2026-07-16 18:00:00+03:00,2026-07-17 00:00:00+03:00,6.0
342,low,block_00_06,2026-07-17 00:00:00+03:00,2026-07-17 06:00:00+03:00,6.0
342,low,block_06_12,2026-07-17 06:00:00+03:00,2026-07-17 12:00:00+03:00,6.0
342,low,block_12_18,2026-07-17 12:00:00+03:00,2026-07-17 18:00:00+03:00,6.0
342,low,block_18_24,2026-07-17 18:00:00+03:00,2026-07-18 00:00:00+03:00,6.0
342,low,block_00_06,2026-07-18 00:00:00+03:00,2026-07-18 06:00:00+03:00,6.0
342,low,block_06_12,2026-07-18 06:00:00+03:00,2026-07-18 12:00:00+03:00,6.0
342,low,block_12_18,2026-07-18 12:00:00+03:00,2026-07-18 18:00:00+03:00,6.0
342,low,block_18_24,2026-07-18 18:00:00+03:00,2026-07-19 00:00:00+03:00,6.0
342,low,block_00_06,2026-07-19 00:00:00+03:00,2026-07-19 06:00:00+03:00,6.0
342,low,block_06_12,2026-07-19 06:00:00+03:00,2026-07-19 12:00:00+03:00,6.0
342,low,block_12_18,2026-07-19 12:00:00+03:00,2026-07-19 18:00:00+03:00,6.0
342,low,block_18_24,2026-07-19 18:00:00+03:00,2026-07-20 00:00:00+03:00,6.0
416,low,block_00_06,2026-07-06 00:00:00+03:00,2026-07-06 06:00:00+03:00,6.0
416,low,block_06_12,2026-07-06 06:00:00+03:00,2026-07-06 12:00:00+03:00,6.0
416,low,block_12_18,2026-07-06 12:00:00+03:00,2026-07-06 18:00:00+03:00,6.0
416,low,block_18_24,2026-07-06 18:00:00+03:00,2026-07-07 00:00:00+03:00,6.0
416,low,block_00_06,2026-07-07 00:00:00+03:00,2026-07-07 06:00:00+03:00,6.0
416,low,block_06_12,2026-07-07 06:00:00+03:00,2026-07-07 12:00:00+03:00,6.0
416,low,block_12_18,2026-07-07 12:00:00+03:00,2026-07-07 18:00:00+03:00,6.0
416,low,block_18_24,2026-07-07 18:00:00+03:00,2026-07-08 00:00:00+03:00,6.0
416,low,block_00_06,2026-07-08 00:00:00+03:00,2026-07-08 06:00:00+03:00,6.0
416,low,block_06_12,2026-07-08 06:00:00+03:00,2026-07-08 12:00:00+03:00,6.0
416,low,block_12_18,2026-07-08 12:00:00+03:00,2026-07-08 18:00:00+03:00,6.0
416,low,block_18_24,2026-07-08 18:00:00+03:00,2026-07-09 00:00:00+03:00,6.0
416,low,block_00_06,2026-07-09 00:00:00+03:00,2026-07-09 06:00:00+03:00,6.0
416,low,block_06_12,2026-07-09 06:00:00+03:00,2026-07-09 12:00:00+03:00,6.0
416,low,block_12_18,2026-07-09 12:00:00+03:00,2026-07-09 18:00:00+03:00,6.0
416,low,block_18_24,2026-07-09 18:00:00+03:00,2026-07-10 00:00:00+03:00,6.0
416,low,block_00_06,2026-07-10 00:00:00+03:00,2026-07-10 06:00:00+03:00,6.0
416,low,block_06_12,2026-07-10 06:00:00+03:00,2026-07-10 12:00:00+03:00,6.0
416,low,block_12_18,2026-07-10 12:00:00+03:00,2026-07-10 18:00:00+03:00,6.0
416,low,block_18_24,2026-07-10 18:00:00+03:00,2026-07-11 00:00:00+03:00,6.0
416,low,block_00_06,2026-07-11 00:00:00+03:00,2026-07-11 06:00:00+03:00,6.0
416,low,block_06_12,2026-07-11 06:00:00+03:00,2026-07-11 12:00:00+03:00,6.0
416,low,block_12_18,2026-07-11 12:00:00+03:00,2026-07-11 18:00:00+03:00,6.0
416,low,block_18_24,2026-07-11 18:00:00+03:00,2026-07-12 00:00:00+03:00,6.0
416,low,block_00_06,2026-07-12 00:00:00+03:00,2026-07-12 06:00:00+03:00,6.0
416,low,block_06_12,2026-07-12 06:00:00+03:00,2026-07-12 12:00:00+03:00,6.0
416,low,block_12_18,2026-07-12 12:00:00+03:00,2026-07-12 18:00:00+03:00,6.0
416,low,block_18_24,2026-07-12 18:00:00+03:00,2026-07-13 00:00:00+03:00,6.0
416,low,block_00_06,2026-07-13 00:00:00+03:00,2026-07-13 06:00:00+03:00,6.0
416,low,block_06_12,2026-07-13 06:00:00+03:00,2026-07-13 12:00:00+03:00,6.0
416,low,block_12_18,2026-07-13 12:00:00+03:00,2026-07-13 18:00:00+03:00,6.0
416,low,block_18_24,2026-07-13 18:00:00+03:00,2026-07-14 00:00:00+03:00,6.0
416,low,block_00_06,2026-07-14 00:00:00+03:00,2026-07-14 06:00:00+03:00,6.0
416,low,block_06_12,2026-07-14 06:00:00+03:00,2026-07-14 12:00:00+03:00,6.0
416,low,block_12_18,2026-07-14 12:00:00+03:00,2026-07-14 18:00:00+03:00,6.0
416,low,block_18_24,2026-07-14 18:00:00+03:00,2026-07-15 00:00:00+03:00,6.0
416,low,block_00_06,2026-07-15 00:00:00+03:00,2026-07-15 06:00:00+03:00,6.0
416,low,block_06_12,2026-07-15 06:00:00+03:00,2026-07-15 12:00:00+03:00,6.0
416,low,block_12_18,2026-07-15 12:00:00+03:00,2026-07-15 18:00:00+03:00,6.0
416,low,block_18_24,2026-07-15 18:00:00+03:00,2026-07-16 00:00:00+03:00,6.0
416,low,block_00_06,2026-07-16 00:00:00+03:00,2026-07-16 06:00:00+03:00,6.0
416,low,block_06_12,2026-07-16 06:00:00+03:00,2026-07-16 12:00:00+03:00,6.0
416,low,block_12_18,2026-07-16 12:00:00+03:00,2026-07-16 18:00:00+03:00,6.0
416,low,block_18_24,2026-07-16 18:00:00+03:00,2026-07-17 00:00:00+03:00,6.0
416,low,block_00_06,2026-07-17 00:00:00+03:00,2026-07-17 06:00:00+03:00,6.0
416,low,block_06_12,2026-07-17 06:00:00+03:00,2026-07-17 12:00:00+03:00,6.0
416,low,block_12_18,2026-07-17 12:00:00+03:00,2026-07-17 18:00:00+03:00,6.0
416,low,block_18_24,2026-07-17 18:00:00+03:00,2026-07-18 00:00:00+03:00,6.0
416,low,block_00_06,2026-07-18 00:00:00+03:00,2026-07-18 06:00:00+03:00,6.0
416,low,block_06_12,2026-07-18 06:00:00+03:00,2026-07-18 12:00:00+03:00,6.0
416,low,block_12_18,2026-07-18 12:00:00+03:00,2026-07-18 18:00:00+03:00,6.0
416,low,block_18_24,2026-07-18 18:00:00+03:00,2026-07-19 00:00:00+03:00,6.0
416,low,block_00_06,2026-07-19 00:00:00+03:00,2026-07-19 06:00:00+03:00,6.0
416,low,block_06_12,2026-07-19 06:00:00+03:00,2026-07-19 12:00:00+03:00,6.0
416,low,block_12_18,2026-07-19 12:00:00+03:00,2026-07-19 18:00:00+03:00,6.0
416,low,block_18_24,2026-07-19 18:00:00+03:00,2026-07-20 00:00:00+03:00,6.0
432,low,block_00_06,2026-07-06 00:00:00+03:00,2026-07-06 06:00:00+03:00,6.0
432,low,block_06_12,2026-07-06 06:00:00+03:00,2026-07-06 12:00:00+03:00,6.0
432,low,block_12_18,2026-07-06 12:00:00+03:00,2026-07-06 18:00:00+03:00,6.0
432,low,block_18_24,2026-07-06 18:00:00+03:00,2026-07-07 00:00:00+03:00,6.0
432,low,block_00_06,2026-07-07 00:00:00+03:00,2026-07-07 06:00:00+03:00,6.0
432,low,block_06_12,2026-07-07 06:00:00+03:00,2026-07-07 12:00:00+03:00,6.0
432,low,block_12_18,2026-07-07 12:00:00+03:00,2026-07-07 18:00:00+03:00,6.0
432,low,block_18_24,2026-07-07 18:00:00+03:00,2026-07-08 00:00:00+03:00,6.0
432,low,block_00_06,2026-07-08 00:00:00+03:00,2026-07-08 06:00:00+03:00,6.0
432,low,block_06_12,2026-07-08 06:00:00+03:00,2026-07-08 12:00:00+03:00,6.0
432,low,block_12_18,2026-07-08 12:00:00+03:00,2026-07-08 18:00:00+03:00,6.0
432,low,block_18_24,2026-07-08 18:00:00+03:00,2026-07-09 00:00:00+03:00,6.0
432,low,block_00_06,2026-07-09 00:00:00+03:00,2026-07-09 06:00:00+03:00,6.0
432,low,block_06_12,2026-07-09 06:00:00+03:00,2026-07-09 12:00:00+03:00,6.0
432,low,block_12_18,2026-07-09 12:00:00+03:00,2026-07-09 18:00:00+03:00,6.0
432,low,block_18_24,2026-07-09 18:00:00+03:00,2026-07-10 00:00:00+03:00,6.0
432,low,block_00_06,2026-07-10 00:00:00+03:00,2026-07-10 06:00:00+03:00,6.0
432,low,block_06_12,2026-07-10 06:00:00+03:00,2026-07-10 12:00:00+03:00,6.0
432,low,block_12_18,2026-07-10 12:00:00+03:00,2026-07-10 18:00:00+03:00,6.0
432,low,block_18_24,2026-07-10 18:00:00+03:00,2026-07-11 00:00:00+03:00,6.0
432,low,block_00_06,2026-07-11 00:00:00+03:00,2026-07-11 06:00:00+03:00,6.0
432,low,block_06_12,2026-07-11 06:00:00+03:00,2026-07-11 12:00:00+03:00,6.0
432,low,block_12_18,2026-07-11 12:00:00+03:00,2026-07-11 18:00:00+03:00,6.0
432,low,block_18_24,2026-07-11 18:00:00+03:00,2026-07-12 00:00:00+03:00,6.0
432,low,block_00_06,2026-07-12 00:00:00+03:00,2026-07-12 06:00:00+03:00,6.0
432,low,block_06_12,2026-07-12 06:00:00+03:00,2026-07-12 12:00:00+03:00,6.0
432,low,block_12_18,2026-07-12 12:00:00+03:00,2026-07-12 18:00:00+03:00,6.0
432,low,block_18_24,2026-07-12 18:00:00+03:00,2026-07-13 00:00:00+03:00,6.0
432,low,block_00_06,2026-07-13 00:00:00+03:00,2026-07-13 06:00:00+03:00,6.0
432,low,block_06_12,2026-07-13 06:00:00+03:00,2026-07-13 12:00:00+03:00,6.0
432,low,block_12_18,2026-07-13 12:00:00+03:00,2026-07-13 18:00:00+03:00,6.0
432,low,block_18_24,2026-07-13 18:00:00+03:00,2026-07-14 00:00:00+03:00,6.0
432,low,block_00_06,2026-07-14 00:00:00+03:00,2026-07-14 06:00:00+03:00,6.0
432,low,block_06_12,2026-07-14 06:00:00+03:00,2026-07-14 12:00:00+03:00,6.0
432,low,block_12_18,2026-07-14 12:00:00+03:00,2026-07-14 18:00:00+03:00,6.0
432,low,block_18_24,2026-07-14 18:00:00+03:00,2026-07-15 00:00:00+03:00,6.0
432,low,block_00_06,2026-07-15 00:00:00+03:00,2026-07-15 06:00:00+03:00,6.0
432,low,block_06_12,2026-07-15 06:00:00+03:00,2026-07-15 12:00:00+03:00,6.0
432,low,block_12_18,2026-07-15 12:00:00+03:00,2026-07-15 18:00:00+03:00,6.0
432,low,block_18_24,2026-07-15 18:00:00+03:00,2026-07-16 00:00:00+03:00,6.0
432,low,block_00_06,2026-07-16 00:00:00+03:00,2026-07-16 06:00:00+03:00,6.0
432,low,block_06_12,2026-07-16 06:00:00+03:00,2026-07-16 12:00:00+03:00,6.0
432,low,block_12_18,2026-07-16 12:00:00+03:00,2026-07-16 18:00:00+03:00,6.0
432,low,block_18_24,2026-07-16 18:00:00+03:00,2026-07-17 00:00:00+03:00,6.0
432,low,block_00_06,2026-07-17 00:00:00+03:00,2026-07-17 06:00:00+03:00,6.0
432,low,block_06_12,2026-07-17 06:00:00+03:00,2026-07-17 12:00:00+03:00,6.0
432,low,block_12_18,2026-07-17 12:00:00+03:00,2026-07-17 18:00:00+03:00,6.0
432,low,block_18_24,2026-07-17 18:00:00+03:00,2026-07-18 00:00:00+03:00,6.0
432,low,block_00_06,2026-07-18 00:00:00+03:00,2026-07-18 06:00:00+03:00,6.0
432,low,block_06_12,2026-07-18 06:00:00+03:00,2026-07-18 12:00:00+03:00,6.0
432,low,block_12_18,2026-07-18 12:00:00+03:00,2026-07-18 18:00:00+03:00,6.0
432,low,block_18_24,2026-07-18 18:00:00+03:00,2026-07-19 00:00:00+03:00,6.0
432,low,block_00_06,2026-07-19 00:00:00+03:00,2026-07-19 06:00:00+03:00,6.0
432,low,block_06_12,2026-07-19 06:00:00+03:00,2026-07-19 12:00:00+03:00,6.0
432,low,block_12_18,2026-07-19 12:00:00+03:00,2026-07-19 18:00:00+03:00,6.0
432,low,block_18_24,2026-07-19 18:00:00+03:00,2026-07-20 00:00:00+03:00,6.0
437,low,block_00_06,2026-07-06 00:00:00+03:00,2026-07-06 06:00:00+03:00,6.0
437,low,block_06_12,2026-07-06 06:00:00+03:00,2026-07-06 12:00:00+03:00,6.0
437,low,block_12_18,2026-07-06 12:00:00+03:00,2026-07-06 18:00:00+03:00,6.0
437,low,block_18_24,2026-07-06 18:00:00+03:00,2026-07-07 00:00:00+03:00,6.0
437,low,block_00_06,2026-07-07 00:00:00+03:00,2026-07-07 06:00:00+03:00,6.0
437,low,block_06_12,2026-07-07 06:00:00+03:00,2026-07-07 12:00:00+03:00,6.0
437,low,block_12_18,2026-07-07 12:00:00+03:00,2026-07-07 18:00:00+03:00,6.0
437,low,block_18_24,2026-07-07 18:00:00+03:00,2026-07-08 00:00:00+03:00,6.0
437,low,block_00_06,2026-07-08 00:00:00+03:00,2026-07-08 06:00:00+03:00,6.0
437,low,block_06_12,2026-07-08 06:00:00+03:00,2026-07-08 12:00:00+03:00,6.0
437,low,block_12_18,2026-07-08 12:00:00+03:00,2026-07-08 18:00:00+03:00,6.0
437,low,block_18_24,2026-07-08 18:00:00+03:00,2026-07-09 00:00:00+03:00,6.0
437,low,block_00_06,2026-07-09 00:00:00+03:00,2026-07-09 06:00:00+03:00,6.0
437,low,block_06_12,2026-07-09 06:00:00+03:00,2026-07-09 12:00:00+03:00,6.0
437,low,block_12_18,2026-07-09 12:00:00+03:00,2026-07-09 18:00:00+03:00,6.0
437,low,block_18_24,2026-07-09 18:00:00+03:00,2026-07-10 00:00:00+03:00,6.0
437,low,block_00_06,2026-07-10 00:00:00+03:00,2026-07-10 06:00:00+03:00,6.0
437,low,block_06_12,2026-07-10 06:00:00+03:00,2026-07-10 12:00:00+03:00,6.0
437,low,block_12_18,2026-07-10 12:00:00+03:00,2026-07-10 18:00:00+03:00,6.0
437,low,block_18_24,2026-07-10 18:00:00+03:00,2026-07-11 00:00:00+03:00,6.0
437,low,block_00_06,2026-07-11 00:00:00+03:00,2026-07-11 06:00:00+03:00,6.0
437,low,block_06_12,2026-07-11 06:00:00+03:00,2026-07-11 12:00:00+03:00,6.0
437,low,block_12_18,2026-07-11 12:00:00+03:00,2026-07-11 18:00:00+03:00,6.0
437,low,block_18_24,2026-07-11 18:00:00+03:00,2026-07-12 00:00:00+03:00,6.0
437,low,block_00_06,2026-07-12 00:00:00+03:00,2026-07-12 06:00:00+03:00,6.0
437,low,block_06_12,2026-07-12 06:00:00+03:00,2026-07-12 12:00:00+03:00,6.0
437,low,block_12_18,2026-07-12 12:00:00+03:00,2026-07-12 18:00:00+03:00,6.0
437,low,block_18_24,2026-07-12 18:00:00+03:00,2026-07-13 00:00:00+03:00,6.0
437,low,block_00_06,2026-07-13 00:00:00+03:00,2026-07-13 06:00:00+03:00,6.0
437,low,block_06_12,2026-07-13 06:00:00+03:00,2026-07-13 12:00:00+03:00,6.0
437,low,block_12_18,2026-07-13 12:00:00+03:00,2026-07-13 18:00:00+03:00,6.0
437,low,block_18_24,2026-07-13 18:00:00+03:00,2026-07-14 00:00:00+03:00,6.0
437,low,block_00_06,2026-07-14 00:00:00+03:00,2026-07-14 06:00:00+03:00,6.0
437,low,block_06_12,2026-07-14 06:00:00+03:00,2026-07-14 12:00:00+03:00,6.0
437,low,block_12_18,2026-07-14 12:00:00+03:00,2026-07-14 18:00:00+03:00,6.0
437,low,block_18_24,2026-07-14 18:00:00+03:00,2026-07-15 00:00:00+03:00,6.0
437,low,block_00_06,2026-07-15 00:00:00+03:00,2026-07-15 06:00:00+03:00,6.0
437,low,block_06_12,2026-07-15 06:00:00+03:00,2026-07-15 12:00:00+03:00,6.0
437,low,block_12_18,2026-07-15 12:00:00+03:00,2026-07-15 18:00:00+03:00,6.0
437,low,block_18_24,2026-07-15 18:00:00+03:00,2026-07-16 00:00:00+03:00,6.0
437,low,block_00_06,2026-07-16 00:00:00+03:00,2026-07-16 06:00:00+03:00,6.0
437,low,block_06_12,2026-07-16 06:00:00+03:00,2026-07-16 12:00:00+03:00,6.0
437,low,block_12_18,2026-07-16 12:00:00+03:00,2026-07-16 18:00:00+03:00,6.0
437,low,block_18_24,2026-07-16 18:00:00+03:00,2026-07-17 00:00:00+03:00,6.0
437,low,block_00_06,2026-07-17 00:00:00+03:00,2026-07-17 06:00:00+03:00,6.0
437,low,block_06_12,2026-07-17 06:00:00+03:00,2026-07-17 12:00:00+03:00,6.0
437,low,block_12_18,2026-07-17 12:00:00+03:00,2026-07-17 18:00:00+03:00,6.0
437,low,block_18_24,2026-07-17 18:00:00+03:00,2026-07-18 00:00:00+03:00,6.0
437,low,block_00_06,2026-07-18 00:00:00+03:00,2026-07-18 06:00:00+03:00,6.0
437,low,block_06_12,2026-07-18 06:00:00+03:00,2026-07-18 12:00:00+03:00,6.0
437,low,block_12_18,2026-07-18 12:00:00+03:00,2026-07-18 18:00:00+03:00,6.0
437,low,block_18_24,2026-07-18 18:00:00+03:00,2026-07-19 00:00:00+03:00,6.0
437,low,block_00_06,2026-07-19 00:00:00+03:00,2026-07-19 06:00:00+03:00,6.0
437,low,block_06_12,2026-07-19 06:00:00+03:00,2026-07-19 12:00:00+03:00,6.0
437,low,block_12_18,2026-07-19 12:00:00+03:00,2026-07-19 18:00:00+03:00,6.0
437,low,block_18_24,2026-07-19 18:00:00+03:00,2026-07-20 00:00:00+03:00,6.0
438,low,block_00_06,2026-07-06 00:00:00+03:00,2026-07-06 06:00:00+03:00,6.0
438,low,block_06_12,2026-07-06 06:00:00+03:00,2026-07-06 12:00:00+03:00,6.0
438,low,block_12_18,2026-07-06 12:00:00+03:00,2026-07-06 18:00:00+03:00,6.0
438,low,block_18_24,2026-07-06 18:00:00+03:00,2026-07-07 00:00:00+03:00,6.0
438,low,block_00_06,2026-07-07 00:00:00+03:00,2026-07-07 06:00:00+03:00,6.0
438,low,block_06_12,2026-07-07 06:00:00+03:00,2026-07-07 12:00:00+03:00,6.0
438,low,block_12_18,2026-07-07 12:00:00+03:00,2026-07-07 18:00:00+03:00,6.0
438,low,block_18_24,2026-07-07 18:00:00+03:00,2026-07-08 00:00:00+03:00,6.0
438,low,block_00_06,2026-07-08 00:00:00+03:00,2026-07-08 06:00:00+03:00,6.0
438,low,block_06_12,2026-07-08 06:00:00+03:00,2026-07-08 12:00:00+03:00,6.0
438,low,block_12_18,2026-07-08 12:00:00+03:00,2026-07-08 18:00:00+03:00,6.0
438,low,block_18_24,2026-07-08 18:00:00+03:00,2026-07-09 00:00:00+03:00,6.0
438,low,block_00_06,2026-07-09 00:00:00+03:00,2026-07-09 06:00:00+03:00,6.0
438,low,block_06_12,2026-07-09 06:00:00+03:00,2026-07-09 12:00:00+03:00,6.0
438,low,block_12_18,2026-07-09 12:00:00+03:00,2026-07-09 18:00:00+03:00,6.0
438,low,block_18_24,2026-07-09 18:00:00+03:00,2026-07-10 00:00:00+03:00,6.0
438,low,block_00_06,2026-07-10 00:00:00+03:00,2026-07-10 06:00:00+03:00,6.0
438,low,block_06_12,2026-07-10 06:00:00+03:00,2026-07-10 12:00:00+03:00,6.0
438,low,block_12_18,2026-07-10 12:00:00+03:00,2026-07-10 18:00:00+03:00,6.0
438,low,block_18_24,2026-07-10 18:00:00+03:00,2026-07-11 00:00:00+03:00,6.0
438,low,block_00_06,2026-07-11 00:00:00+03:00,2026-07-11 06:00:00+03:00,6.0
438,low,block_06_12,2026-07-11 06:00:00+03:00,2026-07-11 12:00:00+03:00,6.0
438,low,block_12_18,2026-07-11 12:00:00+03:00,2026-07-11 18:00:00+03:00,6.0
438,low,block_18_24,2026-07-11 18:00:00+03:00,2026-07-12 00:00:00+03:00,6.0
438,low,block_00_06,2026-07-12 00:00:00+03:00,2026-07-12 06:00:00+03:00,6.0
438,low,block_06_12,2026-07-12 06:00:00+03:00,2026-07-12 12:00:00+03:00,6.0
438,low,block_12_18,2026-07-12 12:00:00+03:00,2026-07-12 18:00:00+03:00,6.0
438,low,block_18_24,2026-07-12 18:00:00+03:00,2026-07-13 00:00:00+03:00,6.0
438,low,block_00_06,2026-07-13 00:00:00+03:00,2026-07-13 06:00:00+03:00,6.0
438,low,block_06_12,2026-07-13 06:00:00+03:00,2026-07-13 12:00:00+03:00,6.0
438,low,block_12_18,2026-07-13 12:00:00+03:00,2026-07-13 18:00:00+03:00,6.0
438,low,block_18_24,2026-07-13 18:00:00+03:00,2026-07-14 00:00:00+03:00,6.0
438,low,block_00_06,2026-07-14 00:00:00+03:00,2026-07-14 06:00:00+03:00,6.0
438,low,block_06_12,2026-07-14 06:00:00+03:00,2026-07-14 12:00:00+03:00,6.0
438,low,block_12_18,2026-07-14 12:00:00+03:00,2026-07-14 18:00:00+03:00,6.0
438,low,block_18_24,2026-07-14 18:00:00+03:00,2026-07-15 00:00:00+03:00,6.0
438,low,block_00_06,2026-07-15 00:00:00+03:00,2026-07-15 06:00:00+03:00,6.0
438,low,block_06_12,2026-07-15 06:00:00+03:00,2026-07-15 12:00:00+03:00,6.0
438,low,block_12_18,2026-07-15 12:00:00+03:00,2026-07-15 18:00:00+03:00,6.0
438,low,block_18_24,2026-07-15 18:00:00+03:00,2026-07-16 00:00:00+03:00,6.0
438,low,block_00_06,2026-07-16 00:00:00+03:00,2026-07-16 06:00:00+03:00,6.0
438,low,block_06_12,2026-07-16 06:00:00+03:00,2026-07-16 12:00:00+03:00,6.0
438,low,block_12_18,2026-07-16 12:00:00+03:00,2026-07-16 18:00:00+03:00,6.0
438,low,block_18_24,2026-07-16 18:00:00+03:00,2026-07-17 00:00:00+03:00,6.0
438,low,block_00_06,2026-07-17 00:00:00+03:00,2026-07-17 06:00:00+03:00,6.0
438,low,block_06_12,2026-07-17 06:00:00+03:00,2026-07-17 12:00:00+03:00,6.0
438,low,block_12_18,2026-07-17 12:00:00+03:00,2026-07-17 18:00:00+03:00,6.0
438,low,block_18_24,2026-07-17 18:00:00+03:00,2026-07-18 00:00:00+03:00,6.0
438,low,block_00_06,2026-07-18 00:00:00+03:00,2026-07-18 06:00:00+03:00,6.0
438,low,block_06_12,2026-07-18 06:00:00+03:00,2026-07-18 12:00:00+03:00,6.0
438,low,block_12_18,2026-07-18 12:00:00+03:00,2026-07-18 18:00:00+03:00,6.0
438,low,block_18_24,2026-07-18 18:00:00+03:00,2026-07-19 00:00:00+03:00,6.0
438,low,block_00_06,2026-07-19 00:00:00+03:00,2026-07-19 06:00:00+03:00,6.0
438,low,block_06_12,2026-07-19 06:00:00+03:00,2026-07-19 12:00:00+03:00,6.0
438,low,block_12_18,2026-07-19 12:00:00+03:00,2026-07-19 18:00:00+03:00,6.0
438,low,block_18_24,2026-07-19 18:00:00+03:00,2026-07-20 00:00:00+03:00,6.0
439,low,block_00_06,2026-07-06 00:00:00+03:00,2026-07-06 06:00:00+03:00,6.0
439,low,block_06_12,2026-07-06 06:00:00+03:00,2026-07-06 12:00:00+03:00,6.0
439,low,block_12_18,2026-07-06 12:00:00+03:00,2026-07-06 18:00:00+03:00,6.0
439,low,block_18_24,2026-07-06 18:00:00+03:00,2026-07-07 00:00:00+03:00,6.0
439,low,block_00_06,2026-07-07 00:00:00+03:00,2026-07-07 06:00:00+03:00,6.0
439,low,block_06_12,2026-07-07 06:00:00+03:00,2026-07-07 12:00:00+03:00,6.0
439,low,block_12_18,2026-07-07 12:00:00+03:00,2026-07-07 18:00:00+03:00,6.0
439,low,block_18_24,2026-07-07 18:00:00+03:00,2026-07-08 00:00:00+03:00,6.0
439,low,block_00_06,2026-07-08 00:00:00+03:00,2026-07-08 06:00:00+03:00,6.0
439,low,block_06_12,2026-07-08 06:00:00+03:00,2026-07-08 12:00:00+03:00,6.0
439,low,block_12_18,2026-07-08 12:00:00+03:00,2026-07-08 18:00:00+03:00,6.0
439,low,block_18_24,2026-07-08 18:00:00+03:00,2026-07-09 00:00:00+03:00,6.0
439,low,block_00_06,2026-07-09 00:00:00+03:00,2026-07-09 06:00:00+03:00,6.0
439,low,block_06_12,2026-07-09 06:00:00+03:00,2026-07-09 12:00:00+03:00,6.0
439,low,block_12_18,2026-07-09 12:00:00+03:00,2026-07-09 18:00:00+03:00,6.0
439,low,block_18_24,2026-07-09 18:00:00+03:00,2026-07-10 00:00:00+03:00,6.0
439,low,block_00_06,2026-07-10 00:00:00+03:00,2026-07-10 06:00:00+03:00,6.0
439,low,block_06_12,2026-07-10 06:00:00+03:00,2026-07-10 12:00:00+03:00,6.0
439,low,block_12_18,2026-07-10 12:00:00+03:00,2026-07-10 18:00:00+03:00,6.0
439,low,block_18_24,2026-07-10 18:00:00+03:00,2026-07-11 00:00:00+03:00,6.0
439,low,block_00_06,2026-07-11 00:00:00+03:00,2026-07-11 06:00:00+03:00,6.0
439,low,block_06_12,2026-07-11 06:00:00+03:00,2026-07-11 12:00:00+03:00,6.0
439,low,block_12_18,2026-07-11 12:00:00+03:00,2026-07-11 18:00:00+03:00,6.0
439,low,block_18_24,2026-07-11 18:00:00+03:00,2026-07-12 00:00:00+03:00,6.0
439,low,block_00_06,2026-07-12 00:00:00+03:00,2026-07-12 06:00:00+03:00,6.0
439,low,block_06_12,2026-07-12 06:00:00+03:00,2026-07-12 12:00:00+03:00,6.0
439,low,block_12_18,2026-07-12 12:00:00+03:00,2026-07-12 18:00:00+03:00,6.0
439,low,block_18_24,2026-07-12 18:00:00+03:00,2026-07-13 00:00:00+03:00,6.0
439,low,block_00_06,2026-07-13 00:00:00+03:00,2026-07-13 06:00:00+03:00,6.0
439,low,block_06_12,2026-07-13 06:00:00+03:00,2026-07-13 12:00:00+03:00,6.0
439,low,block_12_18,2026-07-13 12:00:00+03:00,2026-07-13 18:00:00+03:00,6.0
439,low,block_18_24,2026-07-13 18:00:00+03:00,2026-07-14 00:00:00+03:00,6.0
439,low,block_00_06,2026-07-14 00:00:00+03:00,2026-07-14 06:00:00+03:00,6.0
439,low,block_06_12,2026-07-14 06:00:00+03:00,2026-07-14 12:00:00+03:00,6.0
439,low,block_12_18,2026-07-14 12:00:00+03:00,2026-07-14 18:00:00+03:00,6.0
439,low,block_18_24,2026-07-14 18:00:00+03:00,2026-07-15 00:00:00+03:00,6.0
439,low,block_00_06,2026-07-15 00:00:00+03:00,2026-07-15 06:00:00+03:00,6.0
439,low,block_06_12,2026-07-15 06:00:00+03:00,2026-07-15 12:00:00+03:00,6.0
439,low,block_12_18,2026-07-15 12:00:00+03:00,2026-07-15 18:00:00+03:00,6.0
439,low,block_18_24,2026-07-15 18:00:00+03:00,2026-07-16 00:00:00+03:00,6.0
439,low,block_00_06,2026-07-16 00:00:00+03:00,2026-07-16 06:00:00+03:00,6.0
439,low,block_06_12,2026-07-16 06:00:00+03:00,2026-07-16 12:00:00+03:00,6.0
439,low,block_12_18,2026-07-16 12:00:00+03:00,2026-07-16 18:00:00+03:00,6.0
439,low,block_18_24,2026-07-16 18:00:00+03:00,2026-07-17 00:00:00+03:00,6.0
439,low,block_00_06,2026-07-17 00:00:00+03:00,2026-07-17 06:00:00+03:00,6.0
439,low,block_06_12,2026-07-17 06:00:00+03:00,2026-07-17 12:00:00+03:00,6.0
439,low,block_12_18,2026-07-17 12:00:00+03:00,2026-07-17 18:00:00+03:00,6.0
439,low,block_18_24,2026-07-17 18:00:00+03:00,2026-07-18 00:00:00+03:00,6.0
439,low,block_00_06,2026-07-18 00:00:00+03:00,2026-07-18 06:00:00+03:00,6.0
439,low,block_06_12,2026-07-18 06:00:00+03:00,2026-07-18 12:00:00+03:00,6.0
439,low,block_12_18,2026-07-18 12:00:00+03:00,2026-07-18 18:00:00+03:00,6.0
439,low,block_18_24,2026-07-18 18:00:00+03:00,2026-07-19 00:00:00+03:00,6.0
439,low,block_00_06,2026-07-19 00:00:00+03:00,2026-07-19 06:00:00+03:00,6.0
439,low,block_06_12,2026-07-19 06:00:00+03:00,2026-07-19 12:00:00+03:00,6.0
439,low,block_12_18,2026-07-19 12:00:00+03:00,2026-07-19 18:00:00+03:00,6.0
439,low,block_18_24,2026-07-19 18:00:00+03:00,2026-07-20 00:00:00+03:00,6.0
444,low,block_00_06,2026-07-06 00:00:00+03:00,2026-07-06 06:00:00+03:00,6.0
444,low,block_06_12,2026-07-06 06:00:00+03:00,2026-07-06 12:00:00+03:00,6.0
444,low,block_12_18,2026-07-06 12:00:00+03:00,2026-07-06 18:00:00+03:00,6.0
444,low,block_18_24,2026-07-06 18:00:00+03:00,2026-07-07 00:00:00+03:00,6.0
444,low,block_00_06,2026-07-07 00:00:00+03:00,2026-07-07 06:00:00+03:00,6.0
444,low,block_06_12,2026-07-07 06:00:00+03:00,2026-07-07 12:00:00+03:00,6.0
444,low,block_12_18,2026-07-07 12:00:00+03:00,2026-07-07 18:00:00+03:00,6.0
444,low,block_18_24,2026-07-07 18:00:00+03:00,2026-07-08 00:00:00+03:00,6.0
444,low,block_00_06,2026-07-08 00:00:00+03:00,2026-07-08 06:00:00+03:00,6.0
444,low,block_06_12,2026-07-08 06:00:00+03:00,2026-07-08 12:00:00+03:00,6.0
444,low,block_12_18,2026-07-08 12:00:00+03:00,2026-07-08 18:00:00+03:00,6.0
444,low,block_18_24,2026-07-08 18:00:00+03:00,2026-07-09 00:00:00+03:00,6.0
444,low,block_00_06,2026-07-09 00:00:00+03:00,2026-07-09 06:00:00+03:00,6.0
444,low,block_06_12,2026-07-09 06:00:00+03:00,2026-07-09 12:00:00+03:00,6.0
444,low,block_12_18,2026-07-09 12:00:00+03:00,2026-07-09 18:00:00+03:00,6.0
444,low,block_18_24,2026-07-09 18:00:00+03:00,2026-07-10 00:00:00+03:00,6.0
444,low,block_00_06,2026-07-10 00:00:00+03:00,2026-07-10 06:00:00+03:00,6.0
444,low,block_06_12,2026-07-10 06:00:00+03:00,2026-07-10 12:00:00+03:00,6.0
444,low,block_12_18,2026-07-10 12:00:00+03:00,2026-07-10 18:00:00+03:00,6.0
444,low,block_18_24,2026-07-10 18:00:00+03:00,2026-07-11 00:00:00+03:00,6.0
444,low,block_00_06,2026-07-11 00:00:00+03:00,2026-07-11 06:00:00+03:00,6.0
444,low,block_06_12,2026-07-11 06:00:00+03:00,2026-07-11 12:00:00+03:00,6.0
444,low,block_12_18,2026-07-11 12:00:00+03:00,2026-07-11 18:00:00+03:00,6.0
444,low,block_18_24,2026-07-11 18:00:00+03:00,2026-07-12 00:00:00+03:00,6.0
444,low,block_00_06,2026-07-12 00:00:00+03:00,2026-07-12 06:00:00+03:00,6.0
444,low,block_06_12,2026-07-12 06:00:00+03:00,2026-07-12 12:00:00+03:00,6.0
444,low,block_12_18,2026-07-12 12:00:00+03:00,2026-07-12 18:00:00+03:00,6.0
444,low,block_18_24,2026-07-12 18:00:00+03:00,2026-07-13 00:00:00+03:00,6.0
444,low,block_00_06,2026-07-13 00:00:00+03:00,2026-07-13 06:00:00+03:00,6.0
444,low,block_06_12,2026-07-13 06:00:00+03:00,2026-07-13 12:00:00+03:00,6.0
444,low,block_12_18,2026-07-13 12:00:00+03:00,2026-07-13 18:00:00+03:00,6.0
444,low,block_18_24,2026-07-13 18:00:00+03:00,2026-07-14 00:00:00+03:00,6.0
444,low,block_00_06,2026-07-14 00:00:00+03:00,2026-07-14 06:00:00+03:00,6.0
444,low,block_06_12,2026-07-14 06:00:00+03:00,2026-07-14 12:00:00+03:00,6.0
444,low,block_12_18,2026-07-14 12:00:00+03:00,2026-07-14 18:00:00+03:00,6.0
444,low,block_18_24,2026-07-14 18:00:00+03:00,2026-07-15 00:00:00+03:00,6.0
444,low,block_00_06,2026-07-15 00:00:00+03:00,2026-07-15 06:00:00+03:00,6.0
444,low,block_06_12,2026-07-15 06:00:00+03:00,2026-07-15 12:00:00+03:00,6.0
444,low,block_12_18,2026-07-15 12:00:00+03:00,2026-07-15 18:00:00+03:00,6.0
444,low,block_18_24,2026-07-15 18:00:00+03:00,2026-07-16 00:00:00+03:00,6.0
444,low,block_00_06,2026-07-16 00:00:00+03:00,2026-07-16 06:00:00+03:00,6.0
444,low,block_06_12,2026-07-16 06:00:00+03:00,2026-07-16 12:00:00+03:00,6.0
444,low,block_12_18,2026-07-16 12:00:00+03:00,2026-07-16 18:00:00+03:00,6.0
444,low,block_18_24,2026-07-16 18:00:00+03:00,2026-07-17 00:00:00+03:00,6.0
444,low,block_00_06,2026-07-17 00:00:00+03:00,2026-07-17 06:00:00+03:00,6.0
444,low,block_06_12,2026-07-17 06:00:00+03:00,2026-07-17 12:00:00+03:00,6.0
444,low,block_12_18,2026-07-17 12:00:00+03:00,2026-07-17 18:00:00+03:00,6.0
444,low,block_18_24,2026-07-17 18:00:00+03:00,2026-07-18 00:00:00+03:00,6.0
444,low,block_00_06,2026-07-18 00:00:00+03:00,2026-07-18 06:00:00+03:00,6.0
444,low,block_06_12,2026-07-18 06:00:00+03:00,2026-07-18 12:00:00+03:00,6.0
444,low,block_12_18,2026-07-18 12:00:00+03:00,2026-07-18 18:00:00+03:00,6.0
444,low,block_18_24,2026-07-18 18:00:00+03:00,2026-07-19 00:00:00+03:00,6.0
444,low,block_00_06,2026-07-19 00:00:00+03:00,2026-07-19 06:00:00+03:00,6.0
444,low,block_06_12,2026-07-19 06:00:00+03:00,2026-07-19 12:00:00+03:00,6.0
444,low,block_12_18,2026-07-19 12:00:00+03:00,2026-07-19 18:00:00+03:00,6.0
444,low,block_18_24,2026-07-19 18:00:00+03:00,2026-07-20 00:00:00+03:00,6.0
445,low,block_00_06,2026-07-06 00:00:00+03:00,2026-07-06 06:00:00+03:00,6.0
445,low,block_06_12,2026-07-06 06:00:00+03:00,2026-07-06 12:00:00+03:00,6.0
445,low,block_12_18,2026-07-06 12:00:00+03:00,2026-07-06 18:00:00+03:00,6.0
445,low,block_18_24,2026-07-06 18:00:00+03:00,2026-07-07 00:00:00+03:00,6.0
445,low,block_00_06,2026-07-07 00:00:00+03:00,2026-07-07 06:00:00+03:00,6.0
445,low,block_06_12,2026-07-07 06:00:00+03:00,2026-07-07 12:00:00+03:00,6.0
445,low,block_12_18,2026-07-07 12:00:00+03:00,2026-07-07 18:00:00+03:00,6.0
445,low,block_18_24,2026-07-07 18:00:00+03:00,2026-07-08 00:00:00+03:00,6.0
445,low,block_00_06,2026-07-08 00:00:00+03:00,2026-07-08 06:00:00+03:00,6.0
445,low,block_06_12,2026-07-08 06:00:00+03:00,2026-07-08 12:00:00+03:00,6.0
445,low,block_12_18,2026-07-08 12:00:00+03:00,2026-07-08 18:00:00+03:00,6.0
445,low,block_18_24,2026-07-08 18:00:00+03:00,2026-07-09 00:00:00+03:00,6.0
445,low,block_00_06,2026-07-09 00:00:00+03:00,2026-07-09 06:00:00+03:00,6.0
445,low,block_06_12,2026-07-09 06:00:00+03:00,2026-07-09 12:00:00+03:00,6.0
445,low,block_12_18,2026-07-09 12:00:00+03:00,2026-07-09 18:00:00+03:00,6.0
445,low,block_18_24,2026-07-09 18:00:00+03:00,2026-07-10 00:00:00+03:00,6.0
445,low,block_00_06,2026-07-10 00:00:00+03:00,2026-07-10 06:00:00+03:00,6.0
445,low,block_06_12,2026-07-10 06:00:00+03:00,2026-07-10 12:00:00+03:00,6.0
445,low,block_12_18,2026-07-10 12:00:00+03:00,2026-07-10 18:00:00+03:00,6.0
445,low,block_18_24,2026-07-10 18:00:00+03:00,2026-07-11 00:00:00+03:00,6.0
445,low,block_00_06,2026-07-11 00:00:00+03:00,2026-07-11 06:00:00+03:00,6.0
445,low,block_06_12,2026-07-11 06:00:00+03:00,2026-07-11 12:00:00+03:00,6.0
445,low,block_12_18,2026-07-11 12:00:00+03:00,2026-07-11 18:00:00+03:00,6.0
445,low,block_18_24,2026-07-11 18:00:00+03:00,2026-07-12 00:00:00+03:00,6.0
445,low,block_00_06,2026-07-12 00:00:00+03:00,2026-07-12 06:00:00+03:00,6.0
445,low,block_06_12,2026-07-12 06:00:00+03:00,2026-07-12 12:00:00+03:00,6.0
445,low,block_12_18,2026-07-12 12:00:00+03:00,2026-07-12 18:00:00+03:00,6.0
445,low,block_18_24,2026-07-12 18:00:00+03:00,2026-07-13 00:00:00+03:00,6.0
445,low,block_00_06,2026-07-13 00:00:00+03:00,2026-07-13 06:00:00+03:00,6.0
445,low,block_06_12,2026-07-13 06:00:00+03:00,2026-07-13 12:00:00+03:00,6.0
445,low,block_12_18,2026-07-13 12:00:00+03:00,2026-07-13 18:00:00+03:00,6.0
445,low,block_18_24,2026-07-13 18:00:00+03:00,2026-07-14 00:00:00+03:00,6.0
445,low,block_00_06,2026-07-14 00:00:00+03:00,2026-07-14 06:00:00+03:00,6.0
445,low,block_06_12,2026-07-14 06:00:00+03:00,2026-07-14 12:00:00+03:00,6.0
445,low,block_12_18,2026-07-14 12:00:00+03:00,2026-07-14 18:00:00+03:00,6.0
445,low,block_18_24,2026-07-14 18:00:00+03:00,2026-07-15 00:00:00+03:00,6.0
445,low,block_00_06,2026-07-15 00:00:00+03:00,2026-07-15 06:00:00+03:00,6.0
445,low,block_06_12,2026-07-15 06:00:00+03:00,2026-07-15 12:00:00+03:00,6.0
445,low,block_12_18,2026-07-15 12:00:00+03:00,2026-07-15 18:00:00+03:00,6.0
445,low,block_18_24,2026-07-15 18:00:00+03:00,2026-07-16 00:00:00+03:00,6.0
445,low,block_00_06,2026-07-16 00:00:00+03:00,2026-07-16 06:00:00+03:00,6.0
445,low,block_06_12,2026-07-16 06:00:00+03:00,2026-07-16 12:00:00+03:00,6.0
445,low,block_12_18,2026-07-16 12:00:00+03:00,2026-07-16 18:00:00+03:00,6.0
445,low,block_18_24,2026-07-16 18:00:00+03:00,2026-07-17 00:00:00+03:00,6.0
445,low,block_00_06,2026-07-17 00:00:00+03:00,2026-07-17 06:00:00+03:00,6.0
445,low,block_06_12,2026-07-17 06:00:00+03:00,2026-07-17 12:00:00+03:00,6.0
445,low,block_12_18,2026-07-17 12:00:00+03:00,2026-07-17 18:00:00+03:00,6.0
445,low,block_18_24,2026-07-17 18:00:00+03:00,2026-07-18 00:00:00+03:00,6.0
445,low,block_00_06,2026-07-18 00:00:00+03:00,2026-07-18 06:00:00+03:00,6.0
445,low,block_06_12,2026-07-18 06:00:00+03:00,2026-07-18 12:00:00+03:00,6.0
445,low,block_12_18,2026-07-18 12:00:00+03:00,2026-07-18 18:00:00+03:00,6.0
445,low,block_18_24,2026-07-18 18:00:00+03:00,2026-07-19 00:00:00+03:00,6.0
445,low,block_00_06,2026-07-19 00:00:00+03:00,2026-07-19 06:00:00+03:00,6.0
445,low,block_06_12,2026-07-19 06:00:00+03:00,2026-07-19 12:00:00+03:00,6.0
445,low,block_12_18,2026-07-19 12:00:00+03:00,2026-07-19 18:00:00+03:00,6.0
445,low,block_18_24,2026-07-19 18:00:00+03:00,2026-07-20 00:00:00+03:00,6.0
517,low,block_00_06,2026-07-06 00:00:00+03:00,2026-07-06 06:00:00+03:00,6.0
517,low,block_06_12,2026-07-06 06:00:00+03:00,2026-07-06 12:00:00+03:00,6.0
517,low,block_12_18,2026-07-06 12:00:00+03:00,2026-07-06 18:00:00+03:00,6.0
517,low,block_18_24,2026-07-06 18:00:00+03:00,2026-07-07 00:00:00+03:00,6.0
517,low,block_00_06,2026-07-07 00:00:00+03:00,2026-07-07 06:00:00+03:00,6.0
517,low,block_06_12,2026-07-07 06:00:00+03:00,2026-07-07 12:00:00+03:00,6.0
517,low,block_12_18,2026-07-07 12:00:00+03:00,2026-07-07 18:00:00+03:00,6.0
517,low,block_18_24,2026-07-07 18:00:00+03:00,2026-07-08 00:00:00+03:00,6.0
517,low,block_00_06,2026-07-08 00:00:00+03:00,2026-07-08 06:00:00+03:00,6.0
517,low,block_06_12,2026-07-08 06:00:00+03:00,2026-07-08 12:00:00+03:00,6.0
517,low,block_12_18,2026-07-08 12:00:00+03:00,2026-07-08 18:00:00+03:00,6.0
517,low,block_18_24,2026-07-08 18:00:00+03:00,2026-07-09 00:00:00+03:00,6.0
517,low,block_00_06,2026-07-09 00:00:00+03:00,2026-07-09 06:00:00+03:00,6.0
517,low,block_06_12,2026-07-09 06:00:00+03:00,2026-07-09 12:00:00+03:00,6.0
517,low,block_12_18,2026-07-09 12:00:00+03:00,2026-07-09 18:00:00+03:00,6.0
517,low,block_18_24,2026-07-09 18:00:00+03:00,2026-07-10 00:00:00+03:00,6.0
517,low,block_00_06,2026-07-10 00:00:00+03:00,2026-07-10 06:00:00+03:00,6.0
517,low,block_06_12,2026-07-10 06:00:00+03:00,2026-07-10 12:00:00+03:00,6.0
517,low,block_12_18,2026-07-10 12:00:00+03:00,2026-07-10 18:00:00+03:00,6.0
517,low,block_18_24,2026-07-10 18:00:00+03:00,2026-07-11 00:00:00+03:00,6.0
517,low,block_00_06,2026-07-11 00:00:00+03:00,2026-07-11 06:00:00+03:00,6.0
517,low,block_06_12,2026-07-11 06:00:00+03:00,2026-07-11 12:00:00+03:00,6.0
517,low,block_12_18,2026-07-11 12:00:00+03:00,2026-07-11 18:00:00+03:00,6.0
517,low,block_18_24,2026-07-11 18:00:00+03:00,2026-07-12 00:00:00+03:00,6.0
517,low,block_00_06,2026-07-12 00:00:00+03:00,2026-07-12 06:00:00+03:00,6.0
517,low,block_06_12,2026-07-12 06:00:00+03:00,2026-07-12 12:00:00+03:00,6.0
517,low,block_12_18,2026-07-12 12:00:00+03:00,2026-07-12 18:00:00+03:00,6.0
517,low,block_18_24,2026-07-12 18:00:00+03:00,2026-07-13 00:00:00+03:00,6.0
517,low,block_00_06,2026-07-13 00:00:00+03:00,2026-07-13 06:00:00+03:00,6.0
517,low,block_06_12,2026-07-13 06:00:00+03:00,2026-07-13 12:00:00+03:00,6.0
517,low,block_12_18,2026-07-13 12:00:00+03:00,2026-07-13 18:00:00+03:00,6.0
517,low,block_18_24,2026-07-13 18:00:00+03:00,2026-07-14 00:00:00+03:00,6.0
517,low,block_00_06,2026-07-14 00:00:00+03:00,2026-07-14 06:00:00+03:00,6.0
517,low,block_06_12,2026-07-14 06:00:00+03:00,2026-07-14 12:00:00+03:00,6.0
517,low,block_12_18,2026-07-14 12:00:00+03:00,2026-07-14 18:00:00+03:00,6.0
517,low,block_18_24,2026-07-14 18:00:00+03:00,2026-07-15 00:00:00+03:00,6.0
517,low,block_00_06,2026-07-15 00:00:00+03:00,2026-07-15 06:00:00+03:00,6.0
517,low,block_06_12,2026-07-15 06:00:00+03:00,2026-07-15 12:00:00+03:00,6.0
517,low,block_12_18,2026-07-15 12:00:00+03:00,2026-07-15 18:00:00+03:00,6.0
517,low,block_18_24,2026-07-15 18:00:00+03:00,2026-07-16 00:00:00+03:00,6.0
517,low,block_00_06,2026-07-16 00:00:00+03:00,2026-07-16 06:00:00+03:00,6.0
517,low,block_06_12,2026-07-16 06:00:00+03:00,2026-07-16 12:00:00+03:00,6.0
517,low,block_12_18,2026-07-16 12:00:00+03:00,2026-07-16 18:00:00+03:00,6.0
517,low,block_18_24,2026-07-16 18:00:00+03:00,2026-07-17 00:00:00+03:00,6.0
517,low,block_00_06,2026-07-17 00:00:00+03:00,2026-07-17 06:00:00+03:00,6.0
517,low,block_06_12,2026-07-17 06:00:00+03:00,2026-07-17 12:00:00+03:00,6.0
517,low,block_12_18,2026-07-17 12:00:00+03:00,2026-07-17 18:00:00+03:00,6.0
517,low,block_18_24,2026-07-17 18:00:00+03:00,2026-07-18 00:00:00+03:00,6.0
517,low,block_00_06,2026-07-18 00:00:00+03:00,2026-07-18 06:00:00+03:00,6.0
517,low,block_06_12,2026-07-18 06:00:00+03:00,2026-07-18 12:00:00+03:00,6.0
517,low,block_12_18,2026-07-18 12:00:00+03:00,2026-07-18 18:00:00+03:00,6.0
517,low,block_18_24,2026-07-18 18:00:00+03:00,2026-07-19 00:00:00+03:00,6.0
517,low,block_00_06,2026-07-19 00:00:00+03:00,2026-07-19 06:00:00+03:00,6.0
517,low,block_06_12,2026-07-19 06:00:00+03:00,2026-07-19 12:00:00+03:00,6.0
517,low,block_12_18,2026-07-19 12:00:00+03:00,2026-07-19 18:00:00+03:00,6.0
517,low,block_18_24,2026-07-19 18:00:00+03:00,2026-07-20 00:00:00+03:00,6.0
70,medium,block_00_06,2026-07-06 00:00:00+03:00,2026-07-06 06:00:00+03:00,6.0
70,medium,block_06_12,2026-07-06 06:00:00+03:00,2026-07-06 12:00:00+03:00,6.0
70,medium,block_12_18,2026-07-06 12:00:00+03:00,2026-07-06 18:00:00+03:00,6.0
70,medium,block_18_24,2026-07-06 18:00:00+03:00,2026-07-07 00:00:00+03:00,6.0
70,medium,block_00_06,2026-07-07 00:00:00+03:00,2026-07-07 06:00:00+03:00,6.0
70,medium,block_06_12,2026-07-07 06:00:00+03:00,2026-07-07 12:00:00+03:00,6.0
70,medium,block_12_18,2026-07-07 12:00:00+03:00,2026-07-07 18:00:00+03:00,6.0
70,medium,block_18_24,2026-07-07 18:00:00+03:00,2026-07-08 00:00:00+03:00,6.0
70,medium,block_00_06,2026-07-08 00:00:00+03:00,2026-07-08 06:00:00+03:00,6.0
70,medium,block_06_12,2026-07-08 06:00:00+03:00,2026-07-08 12:00:00+03:00,6.0
70,medium,block_12_18,2026-07-08 12:00:00+03:00,2026-07-08 18:00:00+03:00,6.0
70,medium,block_18_24,2026-07-08 18:00:00+03:00,2026-07-09 00:00:00+03:00,6.0
70,medium,block_00_06,2026-07-09 00:00:00+03:00,2026-07-09 06:00:00+03:00,6.0
70,medium,block_06_12,2026-07-09 06:00:00+03:00,2026-07-09 12:00:00+03:00,6.0
70,medium,block_12_18,2026-07-09 12:00:00+03:00,2026-07-09 18:00:00+03:00,6.0
70,medium,block_18_24,2026-07-09 18:00:00+03:00,2026-07-10 00:00:00+03:00,6.0
70,medium,block_00_06,2026-07-10 00:00:00+03:00,2026-07-10 06:00:00+03:00,6.0
70,medium,block_06_12,2026-07-10 06:00:00+03:00,2026-07-10 12:00:00+03:00,6.0
70,medium,block_12_18,2026-07-10 12:00:00+03:00,2026-07-10 18:00:00+03:00,6.0
70,medium,block_18_24,2026-07-10 18:00:00+03:00,2026-07-11 00:00:00+03:00,6.0
70,medium,block_00_06,2026-07-11 00:00:00+03:00,2026-07-11 06:00:00+03:00,6.0
70,medium,block_06_12,2026-07-11 06:00:00+03:00,2026-07-11 12:00:00+03:00,6.0
70,medium,block_12_18,2026-07-11 12:00:00+03:00,2026-07-11 18:00:00+03:00,6.0
70,medium,block_18_24,2026-07-11 18:00:00+03:00,2026-07-12 00:00:00+03:00,6.0
70,medium,block_00_06,2026-07-12 00:00:00+03:00,2026-07-12 06:00:00+03:00,6.0
70,medium,block_06_12,2026-07-12 06:00:00+03:00,2026-07-12 12:00:00+03:00,6.0
70,medium,block_12_18,2026-07-12 12:00:00+03:00,2026-07-12 18:00:00+03:00,6.0
70,medium,block_18_24,2026-07-12 18:00:00+03:00,2026-07-13 00:00:00+03:00,6.0
70,medium,block_00_06,2026-07-13 00:00:00+03:00,2026-07-13 06:00:00+03:00,6.0
70,medium,block_06_12,2026-07-13 06:00:00+03:00,2026-07-13 12:00:00+03:00,6.0
70,medium,block_12_18,2026-07-13 12:00:00+03:00,2026-07-13 18:00:00+03:00,6.0
70,medium,block_18_24,2026-07-13 18:00:00+03:00,2026-07-14 00:00:00+03:00,6.0
70,medium,block_00_06,2026-07-14 00:00:00+03:00,2026-07-14 06:00:00+03:00,6.0
70,medium,block_06_12,2026-07-14 06:00:00+03:00,2026-07-14 12:00:00+03:00,6.0
70,medium,block_12_18,2026-07-14 12:00:00+03:00,2026-07-14 18:00:00+03:00,6.0
70,medium,block_18_24,2026-07-14 18:00:00+03:00,2026-07-15 00:00:00+03:00,6.0
70,medium,block_00_06,2026-07-15 00:00:00+03:00,2026-07-15 06:00:00+03:00,6.0
70,medium,block_06_12,2026-07-15 06:00:00+03:00,2026-07-15 12:00:00+03:00,6.0
70,medium,block_12_18,2026-07-15 12:00:00+03:00,2026-07-15 18:00:00+03:00,6.0
70,medium,block_18_24,2026-07-15 18:00:00+03:00,2026-07-16 00:00:00+03:00,6.0
70,medium,block_00_06,2026-07-16 00:00:00+03:00,2026-07-16 06:00:00+03:00,6.0
70,medium,block_06_12,2026-07-16 06:00:00+03:00,2026-07-16 12:00:00+03:00,6.0
70,medium,block_12_18,2026-07-16 12:00:00+03:00,2026-07-16 18:00:00+03:00,6.0
70,medium,block_18_24,2026-07-16 18:00:00+03:00,2026-07-17 00:00:00+03:00,6.0
70,medium,block_00_06,2026-07-17 00:00:00+03:00,2026-07-17 06:00:00+03:00,6.0
70,medium,block_06_12,2026-07-17 06:00:00+03:00,2026-07-17 12:00:00+03:00,6.0
70,medium,block_12_18,2026-07-17 12:00:00+03:00,2026-07-17 18:00:00+03:00,6.0
70,medium,block_18_24,2026-07-17 18:00:00+03:00,2026-07-18 00:00:00+03:00,6.0
70,medium,block_00_06,2026-07-18 00:00:00+03:00,2026-07-18 06:00:00+03:00,6.0
70,medium,block_06_12,2026-07-18 06:00:00+03:00,2026-07-18 12:00:00+03:00,6.0
70,medium,block_12_18,2026-07-18 12:00:00+03:00,2026-07-18 18:00:00+03:00,6.0
70,medium,block_18_24,2026-07-18 18:00:00+03:00,2026-07-19 00:00:00+03:00,6.0
70,medium,block_00_06,2026-07-19 00:00:00+03:00,2026-07-19 06:00:00+03:00,6.0
70,medium,block_06_12,2026-07-19 06:00:00+03:00,2026-07-19 12:00:00+03:00,6.0
70,medium,block_12_18,2026-07-19 12:00:00+03:00,2026-07-19 18:00:00+03:00,6.0
70,medium,block_18_24,2026-07-19 18:00:00+03:00,2026-07-20 00:00:00+03:00,6.0
72,medium,block_00_06,2026-07-06 00:00:00+03:00,2026-07-06 06:00:00+03:00,6.0
72,medium,block_06_12,2026-07-06 06:00:00+03:00,2026-07-06 12:00:00+03:00,6.0
72,medium,block_12_18,2026-07-06 12:00:00+03:00,2026-07-06 18:00:00+03:00,6.0
72,medium,block_18_24,2026-07-06 18:00:00+03:00,2026-07-07 00:00:00+03:00,6.0
72,medium,block_00_06,2026-07-07 00:00:00+03:00,2026-07-07 06:00:00+03:00,6.0
72,medium,block_06_12,2026-07-07 06:00:00+03:00,2026-07-07 12:00:00+03:00,6.0
72,medium,block_12_18,2026-07-07 12:00:00+03:00,2026-07-07 18:00:00+03:00,6.0
72,medium,block_18_24,2026-07-07 18:00:00+03:00,2026-07-08 00:00:00+03:00,6.0
72,medium,block_00_06,2026-07-08 00:00:00+03:00,2026-07-08 06:00:00+03:00,6.0
72,medium,block_06_12,2026-07-08 06:00:00+03:00,2026-07-08 12:00:00+03:00,6.0
72,medium,block_12_18,2026-07-08 12:00:00+03:00,2026-07-08 18:00:00+03:00,6.0
72,medium,block_18_24,2026-07-08 18:00:00+03:00,2026-07-09 00:00:00+03:00,6.0
72,medium,block_00_06,2026-07-09 00:00:00+03:00,2026-07-09 06:00:00+03:00,6.0
72,medium,block_06_12,2026-07-09 06:00:00+03:00,2026-07-09 12:00:00+03:00,6.0
72,medium,block_12_18,2026-07-09 12:00:00+03:00,2026-07-09 18:00:00+03:00,6.0
72,medium,block_18_24,2026-07-09 18:00:00+03:00,2026-07-10 00:00:00+03:00,6.0
72,medium,block_00_06,2026-07-10 00:00:00+03:00,2026-07-10 06:00:00+03:00,6.0
72,medium,block_06_12,2026-07-10 06:00:00+03:00,2026-07-10 12:00:00+03:00,6.0
72,medium,block_12_18,2026-07-10 12:00:00+03:00,2026-07-10 18:00:00+03:00,6.0
72,medium,block_18_24,2026-07-10 18:00:00+03:00,2026-07-11 00:00:00+03:00,6.0
72,medium,block_00_06,2026-07-11 00:00:00+03:00,2026-07-11 06:00:00+03:00,6.0
72,medium,block_06_12,2026-07-11 06:00:00+03:00,2026-07-11 12:00:00+03:00,6.0
72,medium,block_12_18,2026-07-11 12:00:00+03:00,2026-07-11 18:00:00+03:00,6.0
72,medium,block_18_24,2026-07-11 18:00:00+03:00,2026-07-12 00:00:00+03:00,6.0
72,medium,block_00_06,2026-07-12 00:00:00+03:00,2026-07-12 06:00:00+03:00,6.0
72,medium,block_06_12,2026-07-12 06:00:00+03:00,2026-07-12 12:00:00+03:00,6.0
72,medium,block_12_18,2026-07-12 12:00:00+03:00,2026-07-12 18:00:00+03:00,6.0
72,medium,block_18_24,2026-07-12 18:00:00+03:00,2026-07-13 00:00:00+03:00,6.0
72,medium,block_00_06,2026-07-13 00:00:00+03:00,2026-07-13 06:00:00+03:00,6.0
72,medium,block_06_12,2026-07-13 06:00:00+03:00,2026-07-13 12:00:00+03:00,6.0
72,medium,block_12_18,2026-07-13 12:00:00+03:00,2026-07-13 18:00:00+03:00,6.0
72,medium,block_18_24,2026-07-13 18:00:00+03:00,2026-07-14 00:00:00+03:00,6.0
72,medium,block_00_06,2026-07-14 00:00:00+03:00,2026-07-14 06:00:00+03:00,6.0
72,medium,block_06_12,2026-07-14 06:00:00+03:00,2026-07-14 12:00:00+03:00,6.0
72,medium,block_12_18,2026-07-14 12:00:00+03:00,2026-07-14 18:00:00+03:00,6.0
72,medium,block_18_24,2026-07-14 18:00:00+03:00,2026-07-15 00:00:00+03:00,6.0
72,medium,block_00_06,2026-07-15 00:00:00+03:00,2026-07-15 06:00:00+03:00,6.0
72,medium,block_06_12,2026-07-15 06:00:00+03:00,2026-07-15 12:00:00+03:00,6.0
72,medium,block_12_18,2026-07-15 12:00:00+03:00,2026-07-15 18:00:00+03:00,6.0
72,medium,block_18_24,2026-07-15 18:00:00+03:00,2026-07-16 00:00:00+03:00,6.0
72,medium,block_00_06,2026-07-16 00:00:00+03:00,2026-07-16 06:00:00+03:00,6.0
72,medium,block_06_12,2026-07-16 06:00:00+03:00,2026-07-16 12:00:00+03:00,6.0
72,medium,block_12_18,2026-07-16 12:00:00+03:00,2026-07-16 18:00:00+03:00,6.0
72,medium,block_18_24,2026-07-16 18:00:00+03:00,2026-07-17 00:00:00+03:00,6.0
72,medium,block_00_06,2026-07-17 00:00:00+03:00,2026-07-17 06:00:00+03:00,6.0
72,medium,block_06_12,2026-07-17 06:00:00+03:00,2026-07-17 12:00:00+03:00,6.0
72,medium,block_12_18,2026-07-17 12:00:00+03:00,2026-07-17 18:00:00+03:00,6.0
72,medium,block_18_24,2026-07-17 18:00:00+03:00,2026-07-18 00:00:00+03:00,6.0
72,medium,block_00_06,2026-07-18 00:00:00+03:00,2026-07-18 06:00:00+03:00,6.0
72,medium,block_06_12,2026-07-18 06:00:00+03:00,2026-07-18 12:00:00+03:00,6.0
72,medium,block_12_18,2026-07-18 12:00:00+03:00,2026-07-18 18:00:00+03:00,6.0
72,medium,block_18_24,2026-07-18 18:00:00+03:00,2026-07-19 00:00:00+03:00,6.0
72,medium,block_00_06,2026-07-19 00:00:00+03:00,2026-07-19 06:00:00+03:00,6.0
72,medium,block_06_12,2026-07-19 06:00:00+03:00,2026-07-19 12:00:00+03:00,6.0
72,medium,block_12_18,2026-07-19 12:00:00+03:00,2026-07-19 18:00:00+03:00,6.0
72,medium,block_18_24,2026-07-19 18:00:00+03:00,2026-07-20 00:00:00+03:00,6.0
97,low,block_00_06,2026-07-06 00:00:00+03:00,2026-07-06 06:00:00+03:00,6.0
97,low,block_06_12,2026-07-06 06:00:00+03:00,2026-07-06 12:00:00+03:00,6.0
97,low,block_12_18,2026-07-06 12:00:00+03:00,2026-07-06 18:00:00+03:00,6.0
97,low,block_18_24,2026-07-06 18:00:00+03:00,2026-07-07 00:00:00+03:00,6.0
97,low,block_00_06,2026-07-07 00:00:00+03:00,2026-07-07 06:00:00+03:00,6.0
97,low,block_06_12,2026-07-07 06:00:00+03:00,2026-07-07 12:00:00+03:00,6.0
97,low,block_12_18,2026-07-07 12:00:00+03:00,2026-07-07 18:00:00+03:00,6.0
97,low,block_18_24,2026-07-07 18:00:00+03:00,2026-07-08 00:00:00+03:00,6.0
97,low,block_00_06,2026-07-08 00:00:00+03:00,2026-07-08 06:00:00+03:00,6.0
97,low,block_06_12,2026-07-08 06:00:00+03:00,2026-07-08 12:00:00+03:00,6.0
97,low,block_12_18,2026-07-08 12:00:00+03:00,2026-07-08 18:00:00+03:00,6.0
97,low,block_18_24,2026-07-08 18:00:00+03:00,2026-07-09 00:00:00+03:00,6.0
97,low,block_00_06,2026-07-09 00:00:00+03:00,2026-07-09 06:00:00+03:00,6.0
97,low,block_06_12,2026-07-09 06:00:00+03:00,2026-07-09 12:00:00+03:00,6.0
97,low,block_12_18,2026-07-09 12:00:00+03:00,2026-07-09 18:00:00+03:00,6.0
97,low,block_18_24,2026-07-09 18:00:00+03:00,2026-07-10 00:00:00+03:00,6.0
97,low,block_00_06,2026-07-10 00:00:00+03:00,2026-07-10 06:00:00+03:00,6.0
97,low,block_06_12,2026-07-10 06:00:00+03:00,2026-07-10 12:00:00+03:00,6.0
97,low,block_12_18,2026-07-10 12:00:00+03:00,2026-07-10 18:00:00+03:00,6.0
97,low,block_18_24,2026-07-10 18:00:00+03:00,2026-07-11 00:00:00+03:00,6.0
97,low,block_00_06,2026-07-11 00:00:00+03:00,2026-07-11 06:00:00+03:00,6.0
97,low,block_06_12,2026-07-11 06:00:00+03:00,2026-07-11 12:00:00+03:00,6.0
97,low,block_12_18,2026-07-11 12:00:00+03:00,2026-07-11 18:00:00+03:00,6.0
97,low,block_18_24,2026-07-11 18:00:00+03:00,2026-07-12 00:00:00+03:00,6.0
97,low,block_00_06,2026-07-12 00:00:00+03:00,2026-07-12 06:00:00+03:00,6.0
97,low,block_06_12,2026-07-12 06:00:00+03:00,2026-07-12 12:00:00+03:00,6.0
97,low,block_12_18,2026-07-12 12:00:00+03:00,2026-07-12 18:00:00+03:00,6.0
97,low,block_18_24,2026-07-12 18:00:00+03:00,2026-07-13 00:00:00+03:00,6.0
97,low,block_00_06,2026-07-13 00:00:00+03:00,2026-07-13 06:00:00+03:00,6.0
97,low,block_06_12,2026-07-13 06:00:00+03:00,2026-07-13 12:00:00+03:00,6.0
97,low,block_12_18,2026-07-13 12:00:00+03:00,2026-07-13 18:00:00+03:00,6.0
97,low,block_18_24,2026-07-13 18:00:00+03:00,2026-07-14 00:00:00+03:00,6.0
97,low,block_00_06,2026-07-14 00:00:00+03:00,2026-07-14 06:00:00+03:00,6.0
97,low,block_06_12,2026-07-14 06:00:00+03:00,2026-07-14 12:00:00+03:00,6.0
97,low,block_12_18,2026-07-14 12:00:00+03:00,2026-07-14 18:00:00+03:00,6.0
97,low,block_18_24,2026-07-14 18:00:00+03:00,2026-07-15 00:00:00+03:00,6.0
97,low,block_00_06,2026-07-15 00:00:00+03:00,2026-07-15 06:00:00+03:00,6.0
97,low,block_06_12,2026-07-15 06:00:00+03:00,2026-07-15 12:00:00+03:00,6.0
97,low,block_12_18,2026-07-15 12:00:00+03:00,2026-07-15 18:00:00+03:00,6.0
97,low,block_18_24,2026-07-15 18:00:00+03:00,2026-07-16 00:00:00+03:00,6.0
97,low,block_00_06,2026-07-16 00:00:00+03:00,2026-07-16 06:00:00+03:00,6.0
97,low,block_06_12,2026-07-16 06:00:00+03:00,2026-07-16 12:00:00+03:00,6.0
97,low,block_12_18,2026-07-16 12:00:00+03:00,2026-07-16 18:00:00+03:00,6.0
97,low,block_18_24,2026-07-16 18:00:00+03:00,2026-07-17 00:00:00+03:00,6.0
97,low,block_00_06,2026-07-17 00:00:00+03:00,2026-07-17 06:00:00+03:00,6.0
97,low,block_06_12,2026-07-17 06:00:00+03:00,2026-07-17 12:00:00+03:00,6.0
97,low,block_12_18,2026-07-17 12:00:00+03:00,2026-07-17 18:00:00+03:00,6.0
97,low,block_18_24,2026-07-17 18:00:00+03:00,2026-07-18 00:00:00+03:00,6.0
97,low,block_00_06,2026-07-18 00:00:00+03:00,2026-07-18 06:00:00+03:00,6.0
97,low,block_06_12,2026-07-18 06:00:00+03:00,2026-07-18 12:00:00+03:00,6.0
97,low,block_12_18,2026-07-18 12:00:00+03:00,2026-07-18 18:00:00+03:00,6.0
97,low,block_18_24,2026-07-18 18:00:00+03:00,2026-07-19 00:00:00+03:00,6.0
97,low,block_00_06,2026-07-19 00:00:00+03:00,2026-07-19 06:00:00+03:00,6.0
97,low,block_06_12,2026-07-19 06:00:00+03:00,2026-07-19 12:00:00+03:00,6.0
97,low,block_12_18,2026-07-19 12:00:00+03:00,2026-07-19 18:00:00+03:00,6.0
97,low,block_18_24,2026-07-19 18:00:00+03:00,2026-07-20 00:00:00+03:00,6.0
grp_136_292,medium,block_00_06,2026-07-06 00:00:00+03:00,2026-07-06 06:00:00+03:00,6.0
grp_136_292,medium,block_06_12,2026-07-06 06:00:00+03:00,2026-07-06 12:00:00+03:00,6.0
grp_136_292,medium,block_12_18,2026-07-06 12:00:00+03:00,2026-07-06 18:00:00+03:00,6.0
grp_136_292,medium,block_18_24,2026-07-06 18:00:00+03:00,2026-07-07 00:00:00+03:00,6.0
grp_136_292,medium,block_00_06,2026-07-07 00:00:00+03:00,2026-07-07 06:00:00+03:00,6.0
grp_136_292,medium,block_06_12,2026-07-07 06:00:00+03:00,2026-07-07 12:00:00+03:00,6.0
grp_136_292,medium,block_12_18,2026-07-07 12:00:00+03:00,2026-07-07 18:00:00+03:00,6.0
grp_136_292,medium,block_18_24,2026-07-07 18:00:00+03:00,2026-07-08 00:00:00+03:00,6.0
grp_136_292,medium,block_00_06,2026-07-08 00:00:00+03:00,2026-07-08 06:00:00+03:00,6.0
grp_136_292,medium,block_06_12,2026-07-08 06:00:00+03:00,2026-07-08 12:00:00+03:00,6.0
grp_136_292,medium,block_12_18,2026-07-08 12:00:00+03:00,2026-07-08 18:00:00+03:00,6.0
grp_136_292,medium,block_18_24,2026-07-08 18:00:00+03:00,2026-07-09 00:00:00+03:00,6.0
grp_136_292,medium,block_00_06,2026-07-09 00:00:00+03:00,2026-07-09 06:00:00+03:00,6.0
grp_136_292,medium,block_06_12,2026-07-09 06:00:00+03:00,2026-07-09 12:00:00+03:00,6.0
grp_136_292,medium,block_12_18,2026-07-09 12:00:00+03:00,2026-07-09 18:00:00+03:00,6.0
grp_136_292,medium,block_18_24,2026-07-09 18:00:00+03:00,2026-07-10 00:00:00+03:00,6.0
grp_136_292,medium,block_00_06,2026-07-10 00:00:00+03:00,2026-07-10 06:00:00+03:00,6.0
grp_136_292,medium,block_06_12,2026-07-10 06:00:00+03:00,2026-07-10 12:00:00+03:00,6.0
grp_136_292,medium,block_12_18,2026-07-10 12:00:00+03:00,2026-07-10 18:00:00+03:00,6.0
grp_136_292,medium,block_18_24,2026-07-10 18:00:00+03:00,2026-07-11 00:00:00+03:00,6.0
grp_136_292,medium,block_00_06,2026-07-11 00:00:00+03:00,2026-07-11 06:00:00+03:00,6.0
grp_136_292,medium,block_06_12,2026-07-11 06:00:00+03:00,2026-07-11 12:00:00+03:00,6.0
grp_136_292,medium,block_12_18,2026-07-11 12:00:00+03:00,2026-07-11 18:00:00+03:00,6.0
grp_136_292,medium,block_18_24,2026-07-11 18:00:00+03:00,2026-07-12 00:00:00+03:00,6.0
grp_136_292,medium,block_00_06,2026-07-12 00:00:00+03:00,2026-07-12 06:00:00+03:00,6.0
grp_136_292,medium,block_06_12,2026-07-12 06:00:00+03:00,2026-07-12 12:00:00+03:00,6.0
grp_136_292,medium,block_12_18,2026-07-12 12:00:00+03:00,2026-07-12 18:00:00+03:00,6.0
grp_136_292,medium,block_18_24,2026-07-12 18:00:00+03:00,2026-07-13 00:00:00+03:00,6.0
grp_136_292,medium,block_00_06,2026-07-13 00:00:00+03:00,2026-07-13 06:00:00+03:00,6.0
grp_136_292,medium,block_06_12,2026-07-13 06:00:00+03:00,2026-07-13 12:00:00+03:00,6.0
grp_136_292,medium,block_12_18,2026-07-13 12:00:00+03:00,2026-07-13 18:00:00+03:00,6.0
grp_136_292,medium,block_18_24,2026-07-13 18:00:00+03:00,2026-07-14 00:00:00+03:00,6.0
grp_136_292,medium,block_00_06,2026-07-14 00:00:00+03:00,2026-07-14 06:00:00+03:00,6.0
grp_136_292,medium,block_06_12,2026-07-14 06:00:00+03:00,2026-07-14 12:00:00+03:00,6.0
grp_136_292,medium,block_12_18,2026-07-14 12:00:00+03:00,2026-07-14 18:00:00+03:00,6.0
grp_136_292,medium,block_18_24,2026-07-14 18:00:00+03:00,2026-07-15 00:00:00+03:00,6.0
grp_136_292,medium,block_00_06,2026-07-15 00:00:00+03:00,2026-07-15 06:00:00+03:00,6.0
grp_136_292,medium,block_06_12,2026-07-15 06:00:00+03:00,2026-07-15 12:00:00+03:00,6.0
grp_136_292,medium,block_12_18,2026-07-15 12:00:00+03:00,2026-07-15 18:00:00+03:00,6.0
grp_136_292,medium,block_18_24,2026-07-15 18:00:00+03:00,2026-07-16 00:00:00+03:00,6.0
grp_136_292,medium,block_00_06,2026-07-16 00:00:00+03:00,2026-07-16 06:00:00+03:00,6.0
grp_136_292,medium,block_06_12,2026-07-16 06:00:00+03:00,2026-07-16 12:00:00+03:00,6.0
grp_136_292,medium,block_12_18,2026-07-16 12:00:00+03:00,2026-07-16 18:00:00+03:00,6.0
grp_136_292,medium,block_18_24,2026-07-16 18:00:00+03:00,2026-07-17 00:00:00+03:00,6.0
grp_136_292,medium,block_00_06,2026-07-17 00:00:00+03:00,2026-07-17 06:00:00+03:00,6.0
grp_136_292,medium,block_06_12,2026-07-17 06:00:00+03:00,2026-07-17 12:00:00+03:00,6.0
grp_136_292,medium,block_12_18,2026-07-17 12:00:00+03:00,2026-07-17 18:00:00+03:00,6.0
grp_136_292,medium,block_18_24,2026-07-17 18:00:00+03:00,2026-07-18 00:00:00+03:00,6.0
grp_136_292,medium,block_00_06,2026-07-18 00:00:00+03:00,2026-07-18 06:00:00+03:00,6.0
grp_136_292,medium,block_06_12,2026-07-18 06:00:00+03:00,2026-07-18 12:00:00+03:00,6.0
grp_136_292,medium,block_12_18,2026-07-18 12:00:00+03:00,2026-07-18 18:00:00+03:00,6.0
grp_136_292,medium,block_18_24,2026-07-18 18:00:00+03:00,2026-07-19 00:00:00+03:00,6.0
grp_136_292,medium,block_00_06,2026-07-19 00:00:00+03:00,2026-07-19 06:00:00+03:00,6.0
grp_136_292,medium,block_06_12,2026-07-19 06:00:00+03:00,2026-07-19 12:00:00+03:00,6.0
grp_136_292,medium,block_12_18,2026-07-19 12:00:00+03:00,2026-07-19 18:00:00+03:00,6.0
grp_136_292,medium,block_18_24,2026-07-19 18:00:00+03:00,2026-07-20 00:00:00+03:00,6.0
grp_336_340,low,block_00_06,2026-07-06 00:00:00+03:00,2026-07-06 06:00:00+03:00,6.0
grp_336_340,low,block_06_12,2026-07-06 06:00:00+03:00,2026-07-06 12:00:00+03:00,6.0
grp_336_340,low,block_12_18,2026-07-06 12:00:00+03:00,2026-07-06 18:00:00+03:00,6.0
grp_336_340,low,block_18_24,2026-07-06 18:00:00+03:00,2026-07-07 00:00:00+03:00,6.0
grp_336_340,low,block_00_06,2026-07-07 00:00:00+03:00,2026-07-07 06:00:00+03:00,6.0
grp_336_340,low,block_06_12,2026-07-07 06:00:00+03:00,2026-07-07 12:00:00+03:00,6.0
grp_336_340,low,block_12_18,2026-07-07 12:00:00+03:00,2026-07-07 18:00:00+03:00,6.0
grp_336_340,low,block_18_24,2026-07-07 18:00:00+03:00,2026-07-08 00:00:00+03:00,6.0
grp_336_340,low,block_00_06,2026-07-08 00:00:00+03:00,2026-07-08 06:00:00+03:00,6.0
grp_336_340,low,block_06_12,2026-07-08 06:00:00+03:00,2026-07-08 12:00:00+03:00,6.0
grp_336_340,low,block_12_18,2026-07-08 12:00:00+03:00,2026-07-08 18:00:00+03:00,6.0
grp_336_340,low,block_18_24,2026-07-08 18:00:00+03:00,2026-07-09 00:00:00+03:00,6.0
grp_336_340,low,block_00_06,2026-07-09 00:00:00+03:00,2026-07-09 06:00:00+03:00,6.0
grp_336_340,low,block_06_12,2026-07-09 06:00:00+03:00,2026-07-09 12:00:00+03:00,6.0
grp_336_340,low,block_12_18,2026-07-09 12:00:00+03:00,2026-07-09 18:00:00+03:00,6.0
grp_336_340,low,block_18_24,2026-07-09 18:00:00+03:00,2026-07-10 00:00:00+03:00,6.0
grp_336_340,low,block_00_06,2026-07-10 00:00:00+03:00,2026-07-10 06:00:00+03:00,6.0
grp_336_340,low,block_06_12,2026-07-10 06:00:00+03:00,2026-07-10 12:00:00+03:00,6.0
grp_336_340,low,block_12_18,2026-07-10 12:00:00+03:00,2026-07-10 18:00:00+03:00,6.0
grp_336_340,low,block_18_24,2026-07-10 18:00:00+03:00,2026-07-11 00:00:00+03:00,6.0
grp_336_340,low,block_00_06,2026-07-11 00:00:00+03:00,2026-07-11 06:00:00+03:00,6.0
grp_336_340,low,block_06_12,2026-07-11 06:00:00+03:00,2026-07-11 12:00:00+03:00,6.0
grp_336_340,low,block_12_18,2026-07-11 12:00:00+03:00,2026-07-11 18:00:00+03:00,6.0
grp_336_340,low,block_18_24,2026-07-11 18:00:00+03:00,2026-07-12 00:00:00+03:00,6.0
grp_336_340,low,block_00_06,2026-07-12 00:00:00+03:00,2026-07-12 06:00:00+03:00,6.0
grp_336_340,low,block_06_12,2026-07-12 06:00:00+03:00,2026-07-12 12:00:00+03:00,6.0
grp_336_340,low,block_12_18,2026-07-12 12:00:00+03:00,2026-07-12 18:00:00+03:00,6.0
grp_336_340,low,block_18_24,2026-07-12 18:00:00+03:00,2026-07-13 00:00:00+03:00,6.0
grp_336_340,low,block_00_06,2026-07-13 00:00:00+03:00,2026-07-13 06:00:00+03:00,6.0
grp_336_340,low,block_06_12,2026-07-13 06:00:00+03:00,2026-07-13 12:00:00+03:00,6.0
grp_336_340,low,block_12_18,2026-07-13 12:00:00+03:00,2026-07-13 18:00:00+03:00,6.0
grp_336_340,low,block_18_24,2026-07-13 18:00:00+03:00,2026-07-14 00:00:00+03:00,6.0
grp_336_340,low,block_00_06,2026-07-14 00:00:00+03:00,2026-07-14 06:00:00+03:00,6.0
grp_336_340,low,block_06_12,2026-07-14 06:00:00+03:00,2026-07-14 12:00:00+03:00,6.0
grp_336_340,low,block_12_18,2026-07-14 12:00:00+03:00,2026-07-14 18:00:00+03:00,6.0
grp_336_340,low,block_18_24,2026-07-14 18:00:00+03:00,2026-07-15 00:00:00+03:00,6.0
grp_336_340,low,block_00_06,2026-07-15 00:00:00+03:00,2026-07-15 06:00:00+03:00,6.0
grp_336_340,low,block_06_12,2026-07-15 06:00:00+03:00,2026-07-15 12:00:00+03:00,6.0
grp_336_340,low,block_12_18,2026-07-15 12:00:00+03:00,2026-07-15 18:00:00+03:00,6.0
grp_336_340,low,block_18_24,2026-07-15 18:00:00+03:00,2026-07-16 00:00:00+03:00,6.0
grp_336_340,low,block_00_06,2026-07-16 00:00:00+03:00,2026-07-16 06:00:00+03:00,6.0
grp_336_340,low,block_06_12,2026-07-16 06:00:00+03:00,2026-07-16 12:00:00+03:00,6.0
grp_336_340,low,block_12_18,2026-07-16 12:00:00+03:00,2026-07-16 18:00:00+03:00,6.0
grp_336_340,low,block_18_24,2026-07-16 18:00:00+03:00,2026-07-17 00:00:00+03:00,6.0
grp_336_340,low,block_00_06,2026-07-17 00:00:00+03:00,2026-07-17 06:00:00+03:00,6.0
grp_336_340,low,block_06_12,2026-07-17 06:00:00+03:00,2026-07-17 12:00:00+03:00,6.0
grp_336_340,low,block_12_18,2026-07-17 12:00:00+03:00,2026-07-17 18:00:00+03:00,6.0
grp_336_340,low,block_18_24,2026-07-17 18:00:00+03:00,2026-07-18 00:00:00+03:00,6.0
grp_336_340,low,block_00_06,2026-07-18 00:00:00+03:00,2026-07-18 06:00:00+03:00,6.0
grp_336_340,low,block_06_12,2026-07-18 06:00:00+03:00,2026-07-18 12:00:00+03:00,6.0
grp_336_340,low,block_12_18,2026-07-18 12:00:00+03:00,2026-07-18 18:00:00+03:00,6.0
grp_336_340,low,block_18_24,2026-07-18 18:00:00+03:00,2026-07-19 00:00:00+03:00,6.0
grp_336_340,low,block_00_06,2026-07-19 00:00:00+03:00,2026-07-19 06:00:00+03:00,6.0
grp_336_340,low,block_06_12,2026-07-19 06:00:00+03:00,2026-07-19 12:00:00+03:00,6.0
grp_336_340,low,block_12_18,2026-07-19 12:00:00+03:00,2026-07-19 18:00:00+03:00,6.0
grp_336_340,low,block_18_24,2026-07-19 18:00:00+03:00,2026-07-20 00:00:00+03:00,6.0
grp_71_94,medium,block_00_06,2026-07-06 00:00:00+03:00,2026-07-06 06:00:00+03:00,6.0
grp_71_94,medium,block_06_12,2026-07-06 06:00:00+03:00,2026-07-06 12:00:00+03:00,6.0
grp_71_94,medium,block_12_18,2026-07-06 12:00:00+03:00,2026-07-06 18:00:00+03:00,6.0
grp_71_94,medium,block_18_24,2026-07-06 18:00:00+03:00,2026-07-07 00:00:00+03:00,6.0
grp_71_94,medium,block_00_06,2026-07-07 00:00:00+03:00,2026-07-07 06:00:00+03:00,6.0
grp_71_94,medium,block_06_12,2026-07-07 06:00:00+03:00,2026-07-07 12:00:00+03:00,6.0
grp_71_94,medium,block_12_18,2026-07-07 12:00:00+03:00,2026-07-07 18:00:00+03:00,6.0
grp_71_94,medium,block_18_24,2026-07-07 18:00:00+03:00,2026-07-08 00:00:00+03:00,6.0
grp_71_94,medium,block_00_06,2026-07-08 00:00:00+03:00,2026-07-08 06:00:00+03:00,6.0
grp_71_94,medium,block_06_12,2026-07-08 06:00:00+03:00,2026-07-08 12:00:00+03:00,6.0
grp_71_94,medium,block_12_18,2026-07-08 12:00:00+03:00,2026-07-08 18:00:00+03:00,6.0
grp_71_94,medium,block_18_24,2026-07-08 18:00:00+03:00,2026-07-09 00:00:00+03:00,6.0
grp_71_94,medium,block_00_06,2026-07-09 00:00:00+03:00,2026-07-09 06:00:00+03:00,6.0
grp_71_94,medium,block_06_12,2026-07-09 06:00:00+03:00,2026-07-09 12:00:00+03:00,6.0
grp_71_94,medium,block_12_18,2026-07-09 12:00:00+03:00,2026-07-09 18:00:00+03:00,6.0
grp_71_94,medium,block_18_24,2026-07-09 18:00:00+03:00,2026-07-10 00:00:00+03:00,6.0
grp_71_94,medium,block_00_06,2026-07-10 00:00:00+03:00,2026-07-10 06:00:00+03:00,6.0
grp_71_94,medium,block_06_12,2026-07-10 06:00:00+03:00,2026-07-10 12:00:00+03:00,6.0
grp_71_94,medium,block_12_18,2026-07-10 12:00:00+03:00,2026-07-10 18:00:00+03:00,6.0
grp_71_94,medium,block_18_24,2026-07-10 18:00:00+03:00,2026-07-11 00:00:00+03:00,6.0
grp_71_94,medium,block_00_06,2026-07-11 00:00:00+03:00,2026-07-11 06:00:00+03:00,6.0
grp_71_94,medium,block_06_12,2026-07-11 06:00:00+03:00,2026-07-11 12:00:00+03:00,6.0
grp_71_94,medium,block_12_18,2026-07-11 12:00:00+03:00,2026-07-11 18:00:00+03:00,6.0
grp_71_94,medium,block_18_24,2026-07-11 18:00:00+03:00,2026-07-12 00:00:00+03:00,6.0
grp_71_94,medium,block_00_06,2026-07-12 00:00:00+03:00,2026-07-12 06:00:00+03:00,6.0
grp_71_94,medium,block_06_12,2026-07-12 06:00:00+03:00,2026-07-12 12:00:00+03:00,6.0
grp_71_94,medium,block_12_18,2026-07-12 12:00:00+03:00,2026-07-12 18:00:00+03:00,6.0
grp_71_94,medium,block_18_24,2026-07-12 18:00:00+03:00,2026-07-13 00:00:00+03:00,6.0
grp_71_94,medium,block_00_06,2026-07-13 00:00:00+03:00,2026-07-13 06:00:00+03:00,6.0
grp_71_94,medium,block_06_12,2026-07-13 06:00:00+03:00,2026-07-13 12:00:00+03:00,6.0
grp_71_94,medium,block_12_18,2026-07-13 12:00:00+03:00,2026-07-13 18:00:00+03:00,6.0
grp_71_94,medium,block_18_24,2026-07-13 18:00:00+03:00,2026-07-14 00:00:00+03:00,6.0
grp_71_94,medium,block_00_06,2026-07-14 00:00:00+03:00,2026-07-14 06:00:00+03:00,6.0
grp_71_94,medium,block_06_12,2026-07-14 06:00:00+03:00,2026-07-14 12:00:00+03:00,6.0
grp_71_94,medium,block_12_18,2026-07-14 12:00:00+03:00,2026-07-14 18:00:00+03:00,6.0
grp_71_94,medium,block_18_24,2026-07-14 18:00:00+03:00,2026-07-15 00:00:00+03:00,6.0
grp_71_94,medium,block_00_06,2026-07-15 00:00:00+03:00,2026-07-15 06:00:00+03:00,6.0
grp_71_94,medium,block_06_12,2026-07-15 06:00:00+03:00,2026-07-15 12:00:00+03:00,6.0
grp_71_94,medium,block_12_18,2026-07-15 12:00:00+03:00,2026-07-15 18:00:00+03:00,6.0
grp_71_94,medium,block_18_24,2026-07-15 18:00:00+03:00,2026-07-16 00:00:00+03:00,6.0
grp_71_94,medium,block_00_06,2026-07-16 00:00:00+03:00,2026-07-16 06:00:00+03:00,6.0
grp_71_94,medium,block_06_12,2026-07-16 06:00:00+03:00,2026-07-16 12:00:00+03:00,6.0
grp_71_94,medium,block_12_18,2026-07-16 12:00:00+03:00,2026-07-16 18:00:00+03:00,6.0
grp_71_94,medium,block_18_24,2026-07-16 18:00:00+03:00,2026-07-17 00:00:00+03:00,6.0
grp_71_94,medium,block_00_06,2026-07-17 00:00:00+03:00,2026-07-17 06:00:00+03:00,6.0
grp_71_94,medium,block_06_12,2026-07-17 06:00:00+03:00,2026-07-17 12:00:00+03:00,6.0
grp_71_94,medium,block_12_18,2026-07-17 12:00:00+03:00,2026-07-17 18:00:00+03:00,6.0
grp_71_94,medium,block_18_24,2026-07-17 18:00:00+03:00,2026-07-18 00:00:00+03:00,6.0
grp_71_94,medium,block_00_06,2026-07-18 00:00:00+03:00,2026-07-18 06:00:00+03:00,6.0
grp_71_94,medium,block_06_12,2026-07-18 06:00:00+03:00,2026-07-18 12:00:00+03:00,6.0
grp_71_94,medium,block_12_18,2026-07-18 12:00:00+03:00,2026-07-18 18:00:00+03:00,6.0
grp_71_94,medium,block_18_24,2026-07-18 18:00:00+03:00,2026-07-19 00:00:00+03:00,6.0
grp_71_94,medium,block_00_06,2026-07-19 00:00:00+03:00,2026-07-19 06:00:00+03:00,6.0
grp_71_94,medium,block_06_12,2026-07-19 06:00:00+03:00,2026-07-19 12:00:00+03:00,6.0
grp_71_94,medium,block_12_18,2026-07-19 12:00:00+03:00,2026-07-19 18:00:00+03:00,6.0
grp_71_94,medium,block_18_24,2026-07-19 18:00:00+03:00,2026-07-20 00:00:00+03:00,6.0
