location_id,location_name,business_group,date,hour,hour_window,segment,time_segment,vehicle_type,predicted_orders,segment_predicted_orders,p70_delivery_minutes,p80_delivery_minutes,p80_round_trip_minutes,historical_capacity_orders_per_hour,history_raw_slots,cycle_time_raw_slots,selected_raw_slots,safety_buffer,slots_needed,slot_demand_source,slot_capacity_source,delivery_duration_source,payment_rate_source,p70_delivery_source,courier_need_reason
100,Колбасный Цех / Магадан,non_kfm,2026-09-28,10,10:00-11:00,low,block_06_12,auto,0.04,0.19,21.71,39.25,78.51,1.47,0.0,0.0,0.0,1.0,0,history,time_segment_shift_history,segment_cycle_time,global_hour,global_hour,"Нужно 0 кур.; прогноз 0.0 заказа/ч; окно block_06_12: история 0.00, цикл 0.00; выбрано: историческая производительность; страховой запас 0%"
100,Колбасный Цех / Магадан,non_kfm,2026-09-28,11,11:00-12:00,low,block_06_12,auto,0.05,0.19,22.82,39.25,78.51,1.47,0.0,0.0,0.0,1.0,0,history,time_segment_shift_history,segment_cycle_time,global_hour,global_hour,"Нужно 0 кур.; прогноз 0.0 заказа/ч; окно block_06_12: история 0.00, цикл 0.00; выбрано: историческая производительность; страховой запас 0%"
100,Колбасный Цех / Магадан,non_kfm,2026-09-28,12,12:00-13:00,low,block_12_18,auto,0.09,0.42,45.59,31.89,63.79,1.3,0.0,0.0,0.0,1.0,0,history,time_segment_shift_history,segment_cycle_time,global_hour,location_hour,"Нужно 0 кур.; прогноз 0.1 заказа/ч; окно block_12_18: история 0.00, цикл 0.00; выбрано: историческая производительность; страховой запас 0%"
100,Колбасный Цех / Магадан,non_kfm,2026-09-28,13,13:00-14:00,low,block_12_18,auto,0.09,0.42,38.58,31.89,63.79,1.3,0.0,0.0,0.0,1.0,0,history,time_segment_shift_history,segment_cycle_time,global_hour,location_hour,"Нужно 0 кур.; прогноз 0.1 заказа/ч; окно block_12_18: история 0.00, цикл 0.00; выбрано: историческая производительность; страховой запас 0%"
100,Колбасный Цех / Магадан,non_kfm,2026-09-28,14,14:00-15:00,low,block_12_18,auto,0.08,0.42,72.24,31.89,63.79,1.3,0.0,0.0,0.0,1.0,0,history,time_segment_shift_history,segment_cycle_time,global_hour,location_hour,"Нужно 0 кур.; прогноз 0.1 заказа/ч; окно block_12_18: история 0.00, цикл 0.00; выбрано: историческая производительность; страховой запас 0%"
100,Колбасный Цех / Магадан,non_kfm,2026-09-28,15,15:00-16:00,low,block_12_18,auto,0.06,0.42,59.3,31.89,63.79,1.3,0.0,0.0,0.0,1.0,0,history,time_segment_shift_history,segment_cycle_time,global_hour,location_hour,"Нужно 0 кур.; прогноз 0.1 заказа/ч; окно block_12_18: история 0.00, цикл 0.00; выбрано: историческая производительность; страховой запас 0%"
100,Колбасный Цех / Магадан,non_kfm,2026-09-28,16,16:00-17:00,low,block_12_18,auto,0.05,0.42,44.99,31.89,63.79,1.3,0.0,0.0,0.0,1.0,0,history,time_segment_shift_history,segment_cycle_time,global_hour,location_hour,"Нужно 0 кур.; прогноз 0.1 заказа/ч; окно block_12_18: история 0.00, цикл 0.00; выбрано: историческая производительность; страховой запас 0%"
100,Колбасный Цех / Магадан,non_kfm,2026-09-28,17,17:00-18:00,low,block_12_18,auto,0.05,0.42,46.07,31.89,63.79,1.3,0.0,0.0,0.0,1.0,0,history,time_segment_shift_history,segment_cycle_time,global_hour,location_hour,"Нужно 0 кур.; прогноз 0.1 заказа/ч; окно block_12_18: история 0.00, цикл 0.00; выбрано: историческая производительность; страховой запас 0%"
100,Колбасный Цех / Магадан,non_kfm,2026-09-28,18,18:00-19:00,low,block_18_24,auto,0.07,0.31,38.88,32.87,65.74,1.71,0.0,0.0,0.0,1.0,0,history,time_segment_shift_history,segment_cycle_time,global_hour,location_hour,"Нужно 0 кур.; прогноз 0.1 заказа/ч; окно block_18_24: история 0.00, цикл 0.00; выбрано: историческая производительность; страховой запас 0%"
100,Колбасный Цех / Магадан,non_kfm,2026-09-28,19,19:00-20:00,low,block_18_24,auto,0.07,0.31,38.06,32.87,65.74,1.71,0.0,0.0,0.0,1.0,0,history,time_segment_shift_history,segment_cycle_time,global_hour,location_hour,"Нужно 0 кур.; прогноз 0.1 заказа/ч; окно block_18_24: история 0.00, цикл 0.00; выбрано: историческая производительность; страховой запас 0%"
100,Колбасный Цех / Магадан,non_kfm,2026-09-28,20,20:00-21:00,low,block_18_24,auto,0.07,0.31,40.31,32.87,65.74,1.71,0.0,0.0,0.0,1.0,0,history,time_segment_shift_history,segment_cycle_time,global_hour,location_hour,"Нужно 0 кур.; прогноз 0.1 заказа/ч; окно block_18_24: история 0.00, цикл 0.00; выбрано: историческая производительность; страховой запас 0%"
100,Колбасный Цех / Магадан,non_kfm,2026-09-28,21,21:00-22:00,low,block_18_24,auto,0.05,0.31,15.46,32.87,65.74,1.71,0.0,0.0,0.0,1.0,0,history,time_segment_shift_history,segment_cycle_time,global_hour,location_hour,"Нужно 0 кур.; прогноз 0.1 заказа/ч; окно block_18_24: история 0.00, цикл 0.00; выбрано: историческая производительность; страховой запас 0%"
114,Bluefin Скаковая,non_kfm,2026-09-28,10,10:00-11:00,low,block_06_12,auto,0.35,1.48,21.71,39.25,78.51,1.47,0.17,0.32,0.32,1.0,0,cycle_time,time_segment_shift_history,segment_cycle_time,global_hour,global_hour,"Нужно 0 кур.; прогноз 0.3 заказа/ч; окно block_06_12: история 0.17, цикл 0.32; выбрано: время полного цикла доставки; страховой запас 0%"
114,Bluefin Скаковая,non_kfm,2026-09-28,11,11:00-12:00,low,block_06_12,auto,0.38,1.48,22.82,39.25,78.51,1.47,0.17,0.32,0.32,1.0,0,cycle_time,time_segment_shift_history,segment_cycle_time,global_hour,global_hour,"Нужно 0 кур.; прогноз 0.4 заказа/ч; окно block_06_12: история 0.17, цикл 0.32; выбрано: время полного цикла доставки; страховой запас 0%"
114,Bluefin Скаковая,non_kfm,2026-09-28,12,12:00-13:00,low,block_12_18,auto,0.11,0.51,23.54,31.89,63.79,1.3,0.07,0.09,0.09,1.0,0,cycle_time,time_segment_shift_history,segment_cycle_time,global_hour,global_hour,"Нужно 0 кур.; прогноз 0.1 заказа/ч; окно block_12_18: история 0.07, цикл 0.09; выбрано: время полного цикла доставки; страховой запас 0%"
114,Bluefin Скаковая,non_kfm,2026-09-28,13,13:00-14:00,low,block_12_18,auto,0.11,0.51,23.55,31.89,63.79,1.3,0.07,0.09,0.09,1.0,0,cycle_time,time_segment_shift_history,segment_cycle_time,global_hour,global_hour,"Нужно 0 кур.; прогноз 0.1 заказа/ч; окно block_12_18: история 0.07, цикл 0.09; выбрано: время полного цикла доставки; страховой запас 0%"
114,Bluefin Скаковая,non_kfm,2026-09-28,14,14:00-15:00,low,block_12_18,auto,0.09,0.51,24.06,31.89,63.79,1.3,0.07,0.09,0.09,1.0,0,cycle_time,time_segment_shift_history,segment_cycle_time,global_hour,global_hour,"Нужно 0 кур.; прогноз 0.1 заказа/ч; окно block_12_18: история 0.07, цикл 0.09; выбрано: время полного цикла доставки; страховой запас 0%"
114,Bluefin Скаковая,non_kfm,2026-09-28,15,15:00-16:00,low,block_12_18,auto,0.08,0.51,24.51,31.89,63.79,1.3,0.07,0.09,0.09,1.0,0,cycle_time,time_segment_shift_history,segment_cycle_time,global_hour,global_hour,"Нужно 0 кур.; прогноз 0.1 заказа/ч; окно block_12_18: история 0.07, цикл 0.09; выбрано: время полного цикла доставки; страховой запас 0%"
114,Bluefin Скаковая,non_kfm,2026-09-28,16,16:00-17:00,low,block_12_18,auto,0.06,0.51,25.16,31.89,63.79,1.3,0.07,0.09,0.09,1.0,0,cycle_time,time_segment_shift_history,segment_cycle_time,global_hour,global_hour,"Нужно 0 кур.; прогноз 0.1 заказа/ч; окно block_12_18: история 0.07, цикл 0.09; выбрано: время полного цикла доставки; страховой запас 0%"
114,Bluefin Скаковая,non_kfm,2026-09-28,17,17:00-18:00,low,block_12_18,auto,0.06,0.51,27.66,31.89,63.79,1.3,0.07,0.09,0.09,1.0,0,cycle_time,time_segment_shift_history,segment_cycle_time,global_hour,global_hour,"Нужно 0 кур.; прогноз 0.1 заказа/ч; окно block_12_18: история 0.07, цикл 0.09; выбрано: время полного цикла доставки; страховой запас 0%"
114,Bluefin Скаковая,non_kfm,2026-09-28,18,18:00-19:00,low,block_18_24,auto,0.24,1.01,27.41,32.87,65.74,1.71,0.1,0.19,0.19,1.0,0,cycle_time,time_segment_shift_history,segment_cycle_time,global_hour,global_hour,"Нужно 0 кур.; прогноз 0.2 заказа/ч; окно block_18_24: история 0.10, цикл 0.19; выбрано: время полного цикла доставки; страховой запас 0%"
114,Bluefin Скаковая,non_kfm,2026-09-28,19,19:00-20:00,low,block_18_24,auto,0.24,1.01,26.64,32.87,65.74,1.71,0.1,0.19,0.19,1.0,0,cycle_time,time_segment_shift_history,segment_cycle_time,global_hour,global_hour,"Нужно 0 кур.; прогноз 0.2 заказа/ч; окно block_18_24: история 0.10, цикл 0.19; выбрано: время полного цикла доставки; страховой запас 0%"
114,Bluefin Скаковая,non_kfm,2026-09-28,20,20:00-21:00,low,block_18_24,auto,0.22,1.01,23.12,32.87,65.74,1.71,0.1,0.19,0.19,1.0,0,cycle_time,time_segment_shift_history,segment_cycle_time,global_hour,global_hour,"Нужно 0 кур.; прогноз 0.2 заказа/ч; окно block_18_24: история 0.10, цикл 0.19; выбрано: время полного цикла доставки; страховой запас 0%"
114,Bluefin Скаковая,non_kfm,2026-09-28,21,21:00-22:00,low,block_18_24,auto,0.16,1.01,21.83,32.87,65.74,1.71,0.1,0.19,0.19,1.0,0,cycle_time,time_segment_shift_history,segment_cycle_time,global_hour,global_hour,"Нужно 0 кур.; прогноз 0.2 заказа/ч; окно block_18_24: история 0.10, цикл 0.19; выбрано: время полного цикла доставки; страховой запас 0%"
117,Корнер Смоленская,non_kfm,2026-09-28,12,12:00-13:00,low,block_12_18,auto,0.08,0.39,23.54,31.89,63.79,1.3,0.0,0.0,0.0,1.0,0,history,time_segment_shift_history,segment_cycle_time,global_hour,global_hour,"Нужно 0 кур.; прогноз 0.1 заказа/ч; окно block_12_18: история 0.00, цикл 0.00; выбрано: историческая производительность; страховой запас 0%"
117,Корнер Смоленская,non_kfm,2026-09-28,13,13:00-14:00,low,block_12_18,auto,0.08,0.39,16.4,31.89,63.79,1.3,0.0,0.0,0.0,1.0,0,history,time_segment_shift_history,segment_cycle_time,global_hour,location_hour,"Нужно 0 кур.; прогноз 0.1 заказа/ч; окно block_12_18: история 0.00, цикл 0.00; выбрано: историческая производительность; страховой запас 0%"
117,Корнер Смоленская,non_kfm,2026-09-28,14,14:00-15:00,low,block_12_18,auto,0.07,0.39,24.06,31.89,63.79,1.3,0.0,0.0,0.0,1.0,0,history,time_segment_shift_history,segment_cycle_time,global_hour,global_hour,"Нужно 0 кур.; прогноз 0.1 заказа/ч; окно block_12_18: история 0.00, цикл 0.00; выбрано: историческая производительность; страховой запас 0%"
117,Корнер Смоленская,non_kfm,2026-09-28,15,15:00-16:00,low,block_12_18,auto,0.06,0.39,13.57,31.89,63.79,1.3,0.0,0.0,0.0,1.0,0,history,time_segment_shift_history,segment_cycle_time,global_hour,location_hour,"Нужно 0 кур.; прогноз 0.1 заказа/ч; окно block_12_18: история 0.00, цикл 0.00; выбрано: историческая производительность; страховой запас 0%"
117,Корнер Смоленская,non_kfm,2026-09-28,16,16:00-17:00,low,block_12_18,auto,0.05,0.39,25.16,31.89,63.79,1.3,0.0,0.0,0.0,1.0,0,history,time_segment_shift_history,segment_cycle_time,global_hour,global_hour,"Нужно 0 кур.; прогноз 0.1 заказа/ч; окно block_12_18: история 0.00, цикл 0.00; выбрано: историческая производительность; страховой запас 0%"
117,Корнер Смоленская,non_kfm,2026-09-28,17,17:00-18:00,low,block_12_18,auto,0.05,0.39,21.99,31.89,63.79,1.3,0.0,0.0,0.0,1.0,0,history,time_segment_shift_history,segment_cycle_time,global_hour,location_hour,"Нужно 0 кур.; прогноз 0.0 заказа/ч; окно block_12_18: история 0.00, цикл 0.00; выбрано: историческая производительность; страховой запас 0%"
117,Корнер Смоленская,non_kfm,2026-09-28,18,18:00-19:00,low,block_18_24,auto,0.07,0.3,27.41,32.87,65.74,1.71,0.0,0.0,0.0,1.0,0,history,time_segment_shift_history,segment_cycle_time,global_hour,global_hour,"Нужно 0 кур.; прогноз 0.1 заказа/ч; окно block_18_24: история 0.00, цикл 0.00; выбрано: историческая производительность; страховой запас 0%"
117,Корнер Смоленская,non_kfm,2026-09-28,19,19:00-20:00,low,block_18_24,auto,0.07,0.3,26.64,32.87,65.74,1.71,0.0,0.0,0.0,1.0,0,history,time_segment_shift_history,segment_cycle_time,global_hour,global_hour,"Нужно 0 кур.; прогноз 0.1 заказа/ч; окно block_18_24: история 0.00, цикл 0.00; выбрано: историческая производительность; страховой запас 0%"
117,Корнер Смоленская,non_kfm,2026-09-28,20,20:00-21:00,low,block_18_24,auto,0.07,0.3,12.68,32.87,65.74,1.71,0.0,0.0,0.0,1.0,0,history,time_segment_shift_history,segment_cycle_time,global_hour,location_hour,"Нужно 0 кур.; прогноз 0.1 заказа/ч; окно block_18_24: история 0.00, цикл 0.00; выбрано: историческая производительность; страховой запас 0%"
117,Корнер Смоленская,non_kfm,2026-09-28,21,21:00-22:00,low,block_18_24,auto,0.05,0.3,21.83,32.87,65.74,1.71,0.0,0.0,0.0,1.0,0,history,time_segment_shift_history,segment_cycle_time,global_hour,global_hour,"Нужно 0 кур.; прогноз 0.0 заказа/ч; окно block_18_24: история 0.00, цикл 0.00; выбрано: историческая производительность; страховой запас 0%"
117,Корнер Смоленская,non_kfm,2026-09-28,22,22:00-23:00,low,block_18_24,auto,0.03,0.3,16.14,32.87,65.74,1.71,0.0,0.0,0.0,1.0,0,history,time_segment_shift_history,segment_cycle_time,global_hour,global_hour,"Нужно 0 кур.; прогноз 0.0 заказа/ч; окно block_18_24: история 0.00, цикл 0.00; выбрано: историческая производительность; страховой запас 0%"
117,Корнер Смоленская,non_kfm,2026-09-28,12,12:00-13:00,low,block_12_18,bike,0.01,0.03,10.37,13.37,26.74,2.95,0.0,0.0,0.0,1.0,0,history,time_segment_shift_history,segment_cycle_time,global_hour,global_hour,"Нужно 0 кур.; прогноз 0.0 заказа/ч; окно block_12_18: история 0.00, цикл 0.00; выбрано: историческая производительность; страховой запас 0%"
117,Корнер Смоленская,non_kfm,2026-09-28,13,13:00-14:00,low,block_12_18,bike,0.01,0.03,19.61,13.37,26.74,2.95,0.0,0.0,0.0,1.0,0,history,time_segment_shift_history,segment_cycle_time,global_hour,location_hour,"Нужно 0 кур.; прогноз 0.0 заказа/ч; окно block_12_18: история 0.00, цикл 0.00; выбрано: историческая производительность; страховой запас 0%"
117,Корнер Смоленская,non_kfm,2026-09-28,14,14:00-15:00,low,block_12_18,bike,0.0,0.03,41.43,13.37,26.74,2.95,0.0,0.0,0.0,1.0,0,history,time_segment_shift_history,segment_cycle_time,global_hour,location_hour,"Нужно 0 кур.; прогноз 0.0 заказа/ч; окно block_12_18: история 0.00, цикл 0.00; выбрано: историческая производительность; страховой запас 0%"
117,Корнер Смоленская,non_kfm,2026-09-28,15,15:00-16:00,low,block_12_18,bike,0.0,0.03,10.75,13.37,26.74,2.95,0.0,0.0,0.0,1.0,0,history,time_segment_shift_history,segment_cycle_time,global_hour,global_hour,"Нужно 0 кур.; прогноз 0.0 заказа/ч; окно block_12_18: история 0.00, цикл 0.00; выбрано: историческая производительность; страховой запас 0%"
117,Корнер Смоленская,non_kfm,2026-09-28,16,16:00-17:00,low,block_12_18,bike,0.0,0.03,11.02,13.37,26.74,2.95,0.0,0.0,0.0,1.0,0,history,time_segment_shift_history,segment_cycle_time,global_hour,global_hour,"Нужно 0 кур.; прогноз 0.0 заказа/ч; окно block_12_18: история 0.00, цикл 0.00; выбрано: историческая производительность; страховой запас 0%"
117,Корнер Смоленская,non_kfm,2026-09-28,17,17:00-18:00,low,block_12_18,bike,0.0,0.03,10.83,13.37,26.74,2.95,0.0,0.0,0.0,1.0,0,history,time_segment_shift_history,segment_cycle_time,global_hour,global_hour,"Нужно 0 кур.; прогноз 0.0 заказа/ч; окно block_12_18: история 0.00, цикл 0.00; выбрано: историческая производительность; страховой запас 0%"
117,Корнер Смоленская,non_kfm,2026-09-28,18,18:00-19:00,low,block_18_24,bike,0.03,0.12,11.55,15.71,31.43,2.15,0.0,0.0,0.0,1.0,0,history,time_segment_shift_history,segment_cycle_time,global_hour,location_hour,"Нужно 0 кур.; прогноз 0.0 заказа/ч; окно block_18_24: история 0.00, цикл 0.00; выбрано: историческая производительность; страховой запас 0%"
117,Корнер Смоленская,non_kfm,2026-09-28,19,19:00-20:00,low,block_18_24,bike,0.03,0.12,14.84,15.71,31.43,2.15,0.0,0.0,0.0,1.0,0,history,time_segment_shift_history,segment_cycle_time,global_hour,location_hour,"Нужно 0 кур.; прогноз 0.0 заказа/ч; окно block_18_24: история 0.00, цикл 0.00; выбрано: историческая производительность; страховой запас 0%"
117,Корнер Смоленская,non_kfm,2026-09-28,20,20:00-21:00,low,block_18_24,bike,0.03,0.12,10.37,15.71,31.43,2.15,0.0,0.0,0.0,1.0,0,history,time_segment_shift_history,segment_cycle_time,global_hour,location_hour,"Нужно 0 кур.; прогноз 0.0 заказа/ч; окно block_18_24: история 0.00, цикл 0.00; выбрано: историческая производительность; страховой запас 0%"
117,Корнер Смоленская,non_kfm,2026-09-28,21,21:00-22:00,low,block_18_24,bike,0.02,0.12,5.76,15.71,31.43,2.15,0.0,0.0,0.0,1.0,0,history,time_segment_shift_history,segment_cycle_time,global_hour,location_hour,"Нужно 0 кур.; прогноз 0.0 заказа/ч; окно block_18_24: история 0.00, цикл 0.00; выбрано: историческая производительность; страховой запас 0%"
117,Корнер Смоленская,non_kfm,2026-09-28,22,22:00-23:00,low,block_18_24,bike,0.01,0.12,9.8,15.71,31.43,2.15,0.0,0.0,0.0,1.0,0,history,time_segment_shift_history,segment_cycle_time,global_hour,global_hour,"Нужно 0 кур.; прогноз 0.0 заказа/ч; окно block_18_24: история 0.00, цикл 0.00; выбрано: историческая производительность; страховой запас 0%"
118,Falko Pizza Сокол,non_kfm,2026-09-28,9,09:00-10:00,low,block_06_12,auto,0.02,0.1,21.64,39.25,78.51,1.47,0.0,0.0,0.0,1.0,0,history,time_segment_shift_history,segment_cycle_time,global_hour,global_hour,"Нужно 0 кур.; прогноз 0.0 заказа/ч; окно block_06_12: история 0.00, цикл 0.00; выбрано: историческая производительность; страховой запас 0%"
118,Falko Pizza Сокол,non_kfm,2026-09-28,10,10:00-11:00,low,block_06_12,auto,0.02,0.1,21.71,39.25,78.51,1.47,0.0,0.0,0.0,1.0,0,history,time_segment_shift_history,segment_cycle_time,global_hour,global_hour,"Нужно 0 кур.; прогноз 0.0 заказа/ч; окно block_06_12: история 0.00, цикл 0.00; выбрано: историческая производительность; страховой запас 0%"
118,Falko Pizza Сокол,non_kfm,2026-09-28,11,11:00-12:00,low,block_06_12,auto,0.03,0.1,22.82,39.25,78.51,1.47,0.0,0.0,0.0,1.0,0,history,time_segment_shift_history,segment_cycle_time,global_hour,global_hour,"Нужно 0 кур.; прогноз 0.0 заказа/ч; окно block_06_12: история 0.00, цикл 0.00; выбрано: историческая производительность; страховой запас 0%"
118,Falko Pizza Сокол,non_kfm,2026-09-28,12,12:00-13:00,low,block_12_18,auto,0.04,0.21,23.54,31.89,63.79,1.3,0.0,0.0,0.0,1.0,0,history,time_segment_shift_history,segment_cycle_time,global_hour,global_hour,"Нужно 0 кур.; прогноз 0.0 заказа/ч; окно block_12_18: история 0.00, цикл 0.00; выбрано: историческая производительность; страховой запас 0%"
118,Falko Pizza Сокол,non_kfm,2026-09-28,13,13:00-14:00,low,block_12_18,auto,0.04,0.21,23.55,31.89,63.79,1.3,0.0,0.0,0.0,1.0,0,history,time_segment_shift_history,segment_cycle_time,global_hour,global_hour,"Нужно 0 кур.; прогноз 0.0 заказа/ч; окно block_12_18: история 0.00, цикл 0.00; выбрано: историческая производительность; страховой запас 0%"
118,Falko Pizza Сокол,non_kfm,2026-09-28,14,14:00-15:00,low,block_12_18,auto,0.04,0.21,24.06,31.89,63.79,1.3,0.0,0.0,0.0,1.0,0,history,time_segment_shift_history,segment_cycle_time,global_hour,global_hour,"Нужно 0 кур.; прогноз 0.0 заказа/ч; окно block_12_18: история 0.00, цикл 0.00; выбрано: историческая производительность; страховой запас 0%"
118,Falko Pizza Сокол,non_kfm,2026-09-28,15,15:00-16:00,low,block_12_18,auto,0.03,0.21,24.51,31.89,63.79,1.3,0.0,0.0,0.0,1.0,0,history,time_segment_shift_history,segment_cycle_time,global_hour,global_hour,"Нужно 0 кур.; прогноз 0.0 заказа/ч; окно block_12_18: история 0.00, цикл 0.00; выбрано: историческая производительность; страховой запас 0%"
118,Falko Pizza Сокол,non_kfm,2026-09-28,16,16:00-17:00,low,block_12_18,auto,0.03,0.21,25.16,31.89,63.79,1.3,0.0,0.0,0.0,1.0,0,history,time_segment_shift_history,segment_cycle_time,global_hour,global_hour,"Нужно 0 кур.; прогноз 0.0 заказа/ч; окно block_12_18: история 0.00, цикл 0.00; выбрано: историческая производительность; страховой запас 0%"
118,Falko Pizza Сокол,non_kfm,2026-09-28,17,17:00-18:00,low,block_12_18,auto,0.03,0.21,27.66,31.89,63.79,1.3,0.0,0.0,0.0,1.0,0,history,time_segment_shift_history,segment_cycle_time,global_hour,global_hour,"Нужно 0 кур.; прогноз 0.0 заказа/ч; окно block_12_18: история 0.00, цикл 0.00; выбрано: историческая производительность; страховой запас 0%"
118,Falko Pizza Сокол,non_kfm,2026-09-28,18,18:00-19:00,low,block_18_24,auto,0.02,0.1,27.41,32.87,65.74,1.71,0.0,0.0,0.0,1.0,0,history,time_segment_shift_history,segment_cycle_time,global_hour,global_hour,"Нужно 0 кур.; прогноз 0.0 заказа/ч; окно block_18_24: история 0.00, цикл 0.00; выбрано: историческая производительность; страховой запас 0%"
118,Falko Pizza Сокол,non_kfm,2026-09-28,9,09:00-10:00,low,block_06_12,bike,0.01,0.05,10.37,11.11,22.21,2.94,0.0,0.0,0.0,1.0,0,history,time_segment_shift_history,segment_cycle_time,global_hour,global_hour,"Нужно 0 кур.; прогноз 0.0 заказа/ч; окно block_06_12: история 0.00, цикл 0.00; выбрано: историческая производительность; страховой запас 0%"
118,Falko Pizza Сокол,non_kfm,2026-09-28,10,10:00-11:00,low,block_06_12,bike,0.01,0.05,10.11,11.11,22.21,2.94,0.0,0.0,0.0,1.0,0,history,time_segment_shift_history,segment_cycle_time,global_hour,global_hour,"Нужно 0 кур.; прогноз 0.0 заказа/ч; окно block_06_12: история 0.00, цикл 0.00; выбрано: историческая производительность; страховой запас 0%"
118,Falko Pizza Сокол,non_kfm,2026-09-28,11,11:00-12:00,low,block_06_12,bike,0.01,0.05,10.41,11.11,22.21,2.94,0.0,0.0,0.0,1.0,0,history,time_segment_shift_history,segment_cycle_time,global_hour,global_hour,"Нужно 0 кур.; прогноз 0.0 заказа/ч; окно block_06_12: история 0.00, цикл 0.00; выбрано: историческая производительность; страховой запас 0%"
118,Falko Pizza Сокол,non_kfm,2026-09-28,12,12:00-13:00,low,block_12_18,bike,0.0,0.01,10.37,13.37,26.74,2.95,0.0,0.0,0.0,1.0,0,history,time_segment_shift_history,segment_cycle_time,global_hour,global_hour,"Нужно 0 кур.; прогноз 0.0 заказа/ч; окно block_12_18: история 0.00, цикл 0.00; выбрано: историческая производительность; страховой запас 0%"
118,Falko Pizza Сокол,non_kfm,2026-09-28,13,13:00-14:00,low,block_12_18,bike,0.0,0.01,10.39,13.37,26.74,2.95,0.0,0.0,0.0,1.0,0,history,time_segment_shift_history,segment_cycle_time,global_hour,global_hour,"Нужно 0 кур.; прогноз 0.0 заказа/ч; окно block_12_18: история 0.00, цикл 0.00; выбрано: историческая производительность; страховой запас 0%"
118,Falko Pizza Сокол,non_kfm,2026-09-28,14,14:00-15:00,low,block_12_18,bike,0.0,0.01,10.2,13.37,26.74,2.95,0.0,0.0,0.0,1.0,0,history,time_segment_shift_history,segment_cycle_time,global_hour,global_hour,"Нужно 0 кур.; прогноз 0.0 заказа/ч; окно block_12_18: история 0.00, цикл 0.00; выбрано: историческая производительность; страховой запас 0%"
118,Falko Pizza Сокол,non_kfm,2026-09-28,15,15:00-16:00,low,block_12_18,bike,0.0,0.01,10.75,13.37,26.74,2.95,0.0,0.0,0.0,1.0,0,history,time_segment_shift_history,segment_cycle_time,global_hour,global_hour,"Нужно 0 кур.; прогноз 0.0 заказа/ч; окно block_12_18: история 0.00, цикл 0.00; выбрано: историческая производительность; страховой запас 0%"
118,Falko Pizza Сокол,non_kfm,2026-09-28,16,16:00-17:00,low,block_12_18,bike,0.0,0.01,11.02,13.37,26.74,2.95,0.0,0.0,0.0,1.0,0,history,time_segment_shift_history,segment_cycle_time,global_hour,global_hour,"Нужно 0 кур.; прогноз 0.0 заказа/ч; окно block_12_18: история 0.00, цикл 0.00; выбрано: историческая производительность; страховой запас 0%"
118,Falko Pizza Сокол,non_kfm,2026-09-28,17,17:00-18:00,low,block_12_18,bike,0.0,0.01,10.83,13.37,26.74,2.95,0.0,0.0,0.0,1.0,0,history,time_segment_shift_history,segment_cycle_time,global_hour,global_hour,"Нужно 0 кур.; прогноз 0.0 заказа/ч; окно block_12_18: история 0.00, цикл 0.00; выбрано: историческая производительность; страховой запас 0%"
118,Falko Pizza Сокол,non_kfm,2026-09-28,18,18:00-19:00,low,block_18_24,bike,0.01,0.04,11.1,15.71,31.43,2.15,0.0,0.0,0.0,1.0,0,history,time_segment_shift_history,segment_cycle_time,global_hour,global_hour,"Нужно 0 кур.; прогноз 0.0 заказа/ч; окно block_18_24: история 0.00, цикл 0.00; выбрано: историческая производительность; страховой запас 0%"
119,Bluefin Успенское,non_kfm,2026-09-28,11,11:00-12:00,medium,block_06_12,auto,0.09,0.36,22.82,25.76,51.51,1.47,0.0,0.0,0.0,1.0,0,history,segment_shift_history,segment_cycle_time,global_hour,global_hour,"Нужно 0 кур.; прогноз 0.1 заказа/ч; окно block_06_12: история 0.00, цикл 0.00; выбрано: историческая производительность; страховой запас 0%"
119,Bluefin Успенское,non_kfm,2026-09-28,12,12:00-13:00,medium,block_12_18,auto,0.32,1.55,23.54,28.67,57.35,1.29,0.2,0.25,0.25,1.0,0,cycle_time,segment_shift_history,segment_cycle_time,global_hour,global_hour,"Нужно 0 кур.; прогноз 0.3 заказа/ч; окно block_12_18: история 0.20, цикл 0.25; выбрано: время полного цикла доставки; страховой запас 0%"
119,Bluefin Успенское,non_kfm,2026-09-28,13,13:00-14:00,medium,block_12_18,auto,0.32,1.55,23.55,28.67,57.35,1.29,0.2,0.25,0.25,1.0,0,cycle_time,segment_shift_history,segment_cycle_time,global_hour,global_hour,"Нужно 0 кур.; прогноз 0.3 заказа/ч; окно block_12_18: история 0.20, цикл 0.25; выбрано: время полного цикла доставки; страховой запас 0%"
119,Bluefin Успенское,non_kfm,2026-09-28,14,14:00-15:00,medium,block_12_18,auto,0.28,1.55,24.06,28.67,57.35,1.29,0.2,0.25,0.25,1.0,0,cycle_time,segment_shift_history,segment_cycle_time,global_hour,global_hour,"Нужно 0 кур.; прогноз 0.3 заказа/ч; окно block_12_18: история 0.20, цикл 0.25; выбрано: время полного цикла доставки; страховой запас 0%"
119,Bluefin Успенское,non_kfm,2026-09-28,15,15:00-16:00,medium,block_12_18,auto,0.24,1.55,24.51,28.67,57.35,1.29,0.2,0.25,0.25,1.0,0,cycle_time,segment_shift_history,segment_cycle_time,global_hour,global_hour,"Нужно 0 кур.; прогноз 0.2 заказа/ч; окно block_12_18: история 0.20, цикл 0.25; выбрано: время полного цикла доставки; страховой запас 0%"
119,Bluefin Успенское,non_kfm,2026-09-28,16,16:00-17:00,medium,block_12_18,auto,0.2,1.55,25.16,28.67,57.35,1.29,0.2,0.25,0.25,1.0,0,cycle_time,segment_shift_history,segment_cycle_time,global_hour,global_hour,"Нужно 0 кур.; прогноз 0.2 заказа/ч; окно block_12_18: история 0.20, цикл 0.25; выбрано: время полного цикла доставки; страховой запас 0%"
119,Bluefin Успенское,non_kfm,2026-09-28,17,17:00-18:00,medium,block_12_18,auto,0.19,1.55,27.66,28.67,57.35,1.29,0.2,0.25,0.25,1.0,0,cycle_time,segment_shift_history,segment_cycle_time,global_hour,global_hour,"Нужно 0 кур.; прогноз 0.2 заказа/ч; окно block_12_18: история 0.20, цикл 0.25; выбрано: время полного цикла доставки; страховой запас 0%"
119,Bluefin Успенское,non_kfm,2026-09-28,18,18:00-19:00,medium,block_18_24,auto,0.3,1.3,27.41,28.42,56.85,1.69,0.13,0.2,0.2,1.0,0,cycle_time,segment_shift_history,segment_cycle_time,global_hour,global_hour,"Нужно 0 кур.; прогноз 0.3 заказа/ч; окно block_18_24: история 0.13, цикл 0.20; выбрано: время полного цикла доставки; страховой запас 0%"
119,Bluefin Успенское,non_kfm,2026-09-28,19,19:00-20:00,medium,block_18_24,auto,0.31,1.3,26.64,28.42,56.85,1.69,0.13,0.2,0.2,1.0,0,cycle_time,segment_shift_history,segment_cycle_time,global_hour,global_hour,"Нужно 0 кур.; прогноз 0.3 заказа/ч; окно block_18_24: история 0.13, цикл 0.20; выбрано: время полного цикла доставки; страховой запас 0%"
119,Bluefin Успенское,non_kfm,2026-09-28,20,20:00-21:00,medium,block_18_24,auto,0.28,1.3,23.12,28.42,56.85,1.69,0.13,0.2,0.2,1.0,0,cycle_time,segment_shift_history,segment_cycle_time,global_hour,global_hour,"Нужно 0 кур.; прогноз 0.3 заказа/ч; окно block_18_24: история 0.13, цикл 0.20; выбрано: время полного цикла доставки; страховой запас 0%"
119,Bluefin Успенское,non_kfm,2026-09-28,21,21:00-22:00,medium,block_18_24,auto,0.21,1.3,21.83,28.42,56.85,1.69,0.13,0.2,0.2,1.0,0,cycle_time,segment_shift_history,segment_cycle_time,global_hour,global_hour,"Нужно 0 кур.; прогноз 0.2 заказа/ч; окно block_18_24: история 0.13, цикл 0.20; выбрано: время полного цикла доставки; страховой запас 0%"
120,I love cake x Grande Bibliotheca Slava,non_kfm,2026-09-28,8,08:00-09:00,low,block_06_12,auto,0.01,0.08,22.41,39.25,78.51,1.47,0.0,0.0,0.0,1.0,0,history,time_segment_shift_history,segment_cycle_time,global_hour,global_hour,"Нужно 0 кур.; прогноз 0.0 заказа/ч; окно block_06_12: история 0.00, цикл 0.00; выбрано: историческая производительность; страховой запас 0%"
120,I love cake x Grande Bibliotheca Slava,non_kfm,2026-09-28,9,09:00-10:00,low,block_06_12,auto,0.02,0.08,21.64,39.25,78.51,1.47,0.0,0.0,0.0,1.0,0,history,time_segment_shift_history,segment_cycle_time,global_hour,global_hour,"Нужно 0 кур.; прогноз 0.0 заказа/ч; окно block_06_12: история 0.00, цикл 0.00; выбрано: историческая производительность; страховой запас 0%"
120,I love cake x Grande Bibliotheca Slava,non_kfm,2026-09-28,10,10:00-11:00,low,block_06_12,auto,0.02,0.08,21.71,39.25,78.51,1.47,0.0,0.0,0.0,1.0,0,history,time_segment_shift_history,segment_cycle_time,global_hour,global_hour,"Нужно 0 кур.; прогноз 0.0 заказа/ч; окно block_06_12: история 0.00, цикл 0.00; выбрано: историческая производительность; страховой запас 0%"
120,I love cake x Grande Bibliotheca Slava,non_kfm,2026-09-28,11,11:00-12:00,low,block_06_12,auto,0.02,0.08,22.82,39.25,78.51,1.47,0.0,0.0,0.0,1.0,0,history,time_segment_shift_history,segment_cycle_time,global_hour,global_hour,"Нужно 0 кур.; прогноз 0.0 заказа/ч; окно block_06_12: история 0.00, цикл 0.00; выбрано: историческая производительность; страховой запас 0%"
120,I love cake x Grande Bibliotheca Slava,non_kfm,2026-09-28,12,12:00-13:00,low,block_12_18,auto,0.03,0.15,23.54,31.89,63.79,1.3,0.0,0.0,0.0,1.0,0,history,time_segment_shift_history,segment_cycle_time,global_hour,global_hour,"Нужно 0 кур.; прогноз 0.0 заказа/ч; окно block_12_18: история 0.00, цикл 0.00; выбрано: историческая производительность; страховой запас 0%"
120,I love cake x Grande Bibliotheca Slava,non_kfm,2026-09-28,13,13:00-14:00,low,block_12_18,auto,0.03,0.15,23.55,31.89,63.79,1.3,0.0,0.0,0.0,1.0,0,history,time_segment_shift_history,segment_cycle_time,global_hour,global_hour,"Нужно 0 кур.; прогноз 0.0 заказа/ч; окно block_12_18: история 0.00, цикл 0.00; выбрано: историческая производительность; страховой запас 0%"
120,I love cake x Grande Bibliotheca Slava,non_kfm,2026-09-28,14,14:00-15:00,low,block_12_18,auto,0.03,0.15,24.06,31.89,63.79,1.3,0.0,0.0,0.0,1.0,0,history,time_segment_shift_history,segment_cycle_time,global_hour,global_hour,"Нужно 0 кур.; прогноз 0.0 заказа/ч; окно block_12_18: история 0.00, цикл 0.00; выбрано: историческая производительность; страховой запас 0%"
120,I love cake x Grande Bibliotheca Slava,non_kfm,2026-09-28,15,15:00-16:00,low,block_12_18,auto,0.02,0.15,24.51,31.89,63.79,1.3,0.0,0.0,0.0,1.0,0,history,time_segment_shift_history,segment_cycle_time,global_hour,global_hour,"Нужно 0 кур.; прогноз 0.0 заказа/ч; окно block_12_18: история 0.00, цикл 0.00; выбрано: историческая производительность; страховой запас 0%"
120,I love cake x Grande Bibliotheca Slava,non_kfm,2026-09-28,16,16:00-17:00,low,block_12_18,auto,0.02,0.15,25.16,31.89,63.79,1.3,0.0,0.0,0.0,1.0,0,history,time_segment_shift_history,segment_cycle_time,global_hour,global_hour,"Нужно 0 кур.; прогноз 0.0 заказа/ч; окно block_12_18: история 0.00, цикл 0.00; выбрано: историческая производительность; страховой запас 0%"
120,I love cake x Grande Bibliotheca Slava,non_kfm,2026-09-28,17,17:00-18:00,low,block_12_18,auto,0.02,0.15,27.66,31.89,63.79,1.3,0.0,0.0,0.0,1.0,0,history,time_segment_shift_history,segment_cycle_time,global_hour,global_hour,"Нужно 0 кур.; прогноз 0.0 заказа/ч; окно block_12_18: история 0.00, цикл 0.00; выбрано: историческая производительность; страховой запас 0%"
120,I love cake x Grande Bibliotheca Slava,non_kfm,2026-09-28,18,18:00-19:00,low,block_18_24,auto,0.11,0.11,27.41,32.87,65.74,1.71,0.0,0.0,0.0,1.0,0,history,time_segment_shift_history,segment_cycle_time,location_hour,global_hour,"Нужно 0 кур.; прогноз 0.1 заказа/ч; окно block_18_24: история 0.00, цикл 0.00; выбрано: историческая производительность; страховой запас 0%"
120,I love cake x Grande Bibliotheca Slava,non_kfm,2026-09-28,8,08:00-09:00,low,block_06_12,bike,0.01,0.04,10.4,11.11,22.21,2.94,0.0,0.0,0.0,1.0,0,history,time_segment_shift_history,segment_cycle_time,global_hour,global_hour,"Нужно 0 кур.; прогноз 0.0 заказа/ч; окно block_06_12: история 0.00, цикл 0.00; выбрано: историческая производительность; страховой запас 0%"
120,I love cake x Grande Bibliotheca Slava,non_kfm,2026-09-28,9,09:00-10:00,low,block_06_12,bike,0.01,0.04,10.37,11.11,22.21,2.94,0.0,0.0,0.0,1.0,0,history,time_segment_shift_history,segment_cycle_time,global_hour,global_hour,"Нужно 0 кур.; прогноз 0.0 заказа/ч; окно block_06_12: история 0.00, цикл 0.00; выбрано: историческая производительность; страховой запас 0%"
120,I love cake x Grande Bibliotheca Slava,non_kfm,2026-09-28,10,10:00-11:00,low,block_06_12,bike,0.01,0.04,10.11,11.11,22.21,2.94,0.0,0.0,0.0,1.0,0,history,time_segment_shift_history,segment_cycle_time,global_hour,global_hour,"Нужно 0 кур.; прогноз 0.0 заказа/ч; окно block_06_12: история 0.00, цикл 0.00; выбрано: историческая производительность; страховой запас 0%"
120,I love cake x Grande Bibliotheca Slava,non_kfm,2026-09-28,11,11:00-12:00,low,block_06_12,bike,0.01,0.04,10.41,11.11,22.21,2.94,0.0,0.0,0.0,1.0,0,history,time_segment_shift_history,segment_cycle_time,global_hour,global_hour,"Нужно 0 кур.; прогноз 0.0 заказа/ч; окно block_06_12: история 0.00, цикл 0.00; выбрано: историческая производительность; страховой запас 0%"
120,I love cake x Grande Bibliotheca Slava,non_kfm,2026-09-28,12,12:00-13:00,low,block_12_18,bike,0.0,0.01,10.37,13.37,26.74,2.95,0.0,0.0,0.0,1.0,0,history,time_segment_shift_history,segment_cycle_time,global_hour,global_hour,"Нужно 0 кур.; прогноз 0.0 заказа/ч; окно block_12_18: история 0.00, цикл 0.00; выбрано: историческая производительность; страховой запас 0%"
120,I love cake x Grande Bibliotheca Slava,non_kfm,2026-09-28,13,13:00-14:00,low,block_12_18,bike,0.0,0.01,10.39,13.37,26.74,2.95,0.0,0.0,0.0,1.0,0,history,time_segment_shift_history,segment_cycle_time,global_hour,global_hour,"Нужно 0 кур.; прогноз 0.0 заказа/ч; окно block_12_18: история 0.00, цикл 0.00; выбрано: историческая производительность; страховой запас 0%"
120,I love cake x Grande Bibliotheca Slava,non_kfm,2026-09-28,14,14:00-15:00,low,block_12_18,bike,0.0,0.01,10.2,13.37,26.74,2.95,0.0,0.0,0.0,1.0,0,history,time_segment_shift_history,segment_cycle_time,global_hour,global_hour,"Нужно 0 кур.; прогноз 0.0 заказа/ч; окно block_12_18: история 0.00, цикл 0.00; выбрано: историческая производительность; страховой запас 0%"
120,I love cake x Grande Bibliotheca Slava,non_kfm,2026-09-28,15,15:00-16:00,low,block_12_18,bike,0.0,0.01,10.75,13.37,26.74,2.95,0.0,0.0,0.0,1.0,0,history,time_segment_shift_history,segment_cycle_time,global_hour,global_hour,"Нужно 0 кур.; прогноз 0.0 заказа/ч; окно block_12_18: история 0.00, цикл 0.00; выбрано: историческая производительность; страховой запас 0%"
120,I love cake x Grande Bibliotheca Slava,non_kfm,2026-09-28,16,16:00-17:00,low,block_12_18,bike,0.0,0.01,11.02,13.37,26.74,2.95,0.0,0.0,0.0,1.0,0,history,time_segment_shift_history,segment_cycle_time,global_hour,global_hour,"Нужно 0 кур.; прогноз 0.0 заказа/ч; окно block_12_18: история 0.00, цикл 0.00; выбрано: историческая производительность; страховой запас 0%"
120,I love cake x Grande Bibliotheca Slava,non_kfm,2026-09-28,17,17:00-18:00,low,block_12_18,bike,0.0,0.01,10.83,13.37,26.74,2.95,0.0,0.0,0.0,1.0,0,history,time_segment_shift_history,segment_cycle_time,global_hour,global_hour,"Нужно 0 кур.; прогноз 0.0 заказа/ч; окно block_12_18: история 0.00, цикл 0.00; выбрано: историческая производительность; страховой запас 0%"
120,I love cake x Grande Bibliotheca Slava,non_kfm,2026-09-28,18,18:00-19:00,low,block_18_24,bike,0.04,0.04,11.1,15.71,31.43,2.15,0.0,0.0,0.0,1.0,0,history,time_segment_shift_history,segment_cycle_time,location_hour,global_hour,"Нужно 0 кур.; прогноз 0.0 заказа/ч; окно block_18_24: история 0.00, цикл 0.00; выбрано: историческая производительность; страховой запас 0%"
124,ЦБ AVA Bistro,non_kfm,2026-09-28,9,09:00-10:00,low,block_06_12,auto,0.03,0.13,21.64,39.25,78.51,1.47,0.0,0.0,0.0,1.0,0,history,time_segment_shift_history,segment_cycle_time,global_hour,global_hour,"Нужно 0 кур.; прогноз 0.0 заказа/ч; окно block_06_12: история 0.00, цикл 0.00; выбрано: историческая производительность; страховой запас 0%"
124,ЦБ AVA Bistro,non_kfm,2026-09-28,10,10:00-11:00,low,block_06_12,auto,0.03,0.13,21.71,39.25,78.51,1.47,0.0,0.0,0.0,1.0,0,history,time_segment_shift_history,segment_cycle_time,global_hour,global_hour,"Нужно 0 кур.; прогноз 0.0 заказа/ч; окно block_06_12: история 0.00, цикл 0.00; выбрано: историческая производительность; страховой запас 0%"
124,ЦБ AVA Bistro,non_kfm,2026-09-28,11,11:00-12:00,low,block_06_12,auto,0.03,0.13,22.82,39.25,78.51,1.47,0.0,0.0,0.0,1.0,0,history,time_segment_shift_history,segment_cycle_time,global_hour,global_hour,"Нужно 0 кур.; прогноз 0.0 заказа/ч; окно block_06_12: история 0.00, цикл 0.00; выбрано: историческая производительность; страховой запас 0%"
124,ЦБ AVA Bistro,non_kfm,2026-09-28,12,12:00-13:00,low,block_12_18,auto,0.08,0.4,23.54,31.89,63.79,1.3,0.0,0.0,0.0,1.0,0,history,time_segment_shift_history,segment_cycle_time,global_hour,global_hour,"Нужно 0 кур.; прогноз 0.1 заказа/ч; окно block_12_18: история 0.00, цикл 0.00; выбрано: историческая производительность; страховой запас 0%"
124,ЦБ AVA Bistro,non_kfm,2026-09-28,13,13:00-14:00,low,block_12_18,auto,0.08,0.4,23.55,31.89,63.79,1.3,0.0,0.0,0.0,1.0,0,history,time_segment_shift_history,segment_cycle_time,global_hour,global_hour,"Нужно 0 кур.; прогноз 0.1 заказа/ч; окно block_12_18: история 0.00, цикл 0.00; выбрано: историческая производительность; страховой запас 0%"
124,ЦБ AVA Bistro,non_kfm,2026-09-28,14,14:00-15:00,low,block_12_18,auto,0.07,0.4,24.06,31.89,63.79,1.3,0.0,0.0,0.0,1.0,0,history,time_segment_shift_history,segment_cycle_time,global_hour,global_hour,"Нужно 0 кур.; прогноз 0.1 заказа/ч; окно block_12_18: история 0.00, цикл 0.00; выбрано: историческая производительность; страховой запас 0%"
124,ЦБ AVA Bistro,non_kfm,2026-09-28,15,15:00-16:00,low,block_12_18,auto,0.06,0.4,24.51,31.89,63.79,1.3,0.0,0.0,0.0,1.0,0,history,time_segment_shift_history,segment_cycle_time,global_hour,global_hour,"Нужно 0 кур.; прогноз 0.1 заказа/ч; окно block_12_18: история 0.00, цикл 0.00; выбрано: историческая производительность; страховой запас 0%"
124,ЦБ AVA Bistro,non_kfm,2026-09-28,16,16:00-17:00,low,block_12_18,auto,0.05,0.4,25.16,31.89,63.79,1.3,0.0,0.0,0.0,1.0,0,history,time_segment_shift_history,segment_cycle_time,global_hour,global_hour,"Нужно 0 кур.; прогноз 0.1 заказа/ч; окно block_12_18: история 0.00, цикл 0.00; выбрано: историческая производительность; страховой запас 0%"
124,ЦБ AVA Bistro,non_kfm,2026-09-28,17,17:00-18:00,low,block_12_18,auto,0.05,0.4,37.56,31.89,63.79,1.3,0.0,0.0,0.0,1.0,0,history,time_segment_shift_history,segment_cycle_time,global_hour,location_hour,"Нужно 0 кур.; прогноз 0.0 заказа/ч; окно block_12_18: история 0.00, цикл 0.00; выбрано: историческая производительность; страховой запас 0%"
124,ЦБ AVA Bistro,non_kfm,2026-09-28,18,18:00-19:00,low,block_18_24,auto,0.07,0.28,51.74,32.87,65.74,1.71,0.0,0.0,0.0,1.0,0,history,time_segment_shift_history,segment_cycle_time,global_hour,location_hour,"Нужно 0 кур.; прогноз 0.1 заказа/ч; окно block_18_24: история 0.00, цикл 0.00; выбрано: историческая производительность; страховой запас 0%"
124,ЦБ AVA Bistro,non_kfm,2026-09-28,19,19:00-20:00,low,block_18_24,auto,0.07,0.28,26.64,32.87,65.74,1.71,0.0,0.0,0.0,1.0,0,history,time_segment_shift_history,segment_cycle_time,global_hour,global_hour,"Нужно 0 кур.; прогноз 0.1 заказа/ч; окно block_18_24: история 0.00, цикл 0.00; выбрано: историческая производительность; страховой запас 0%"
124,ЦБ AVA Bistro,non_kfm,2026-09-28,20,20:00-21:00,low,block_18_24,auto,0.06,0.28,23.12,32.87,65.74,1.71,0.0,0.0,0.0,1.0,0,history,time_segment_shift_history,segment_cycle_time,global_hour,global_hour,"Нужно 0 кур.; прогноз 0.1 заказа/ч; окно block_18_24: история 0.00, цикл 0.00; выбрано: историческая производительность; страховой запас 0%"
124,ЦБ AVA Bistro,non_kfm,2026-09-28,21,21:00-22:00,low,block_18_24,auto,0.05,0.28,21.83,32.87,65.74,1.71,0.0,0.0,0.0,1.0,0,history,time_segment_shift_history,segment_cycle_time,global_hour,global_hour,"Нужно 0 кур.; прогноз 0.0 заказа/ч; окно block_18_24: история 0.00, цикл 0.00; выбрано: историческая производительность; страховой запас 0%"
124,ЦБ AVA Bistro,non_kfm,2026-09-28,9,09:00-10:00,low,block_06_12,bike,0.02,0.07,10.37,11.11,22.21,2.94,0.0,0.0,0.0,1.0,0,history,time_segment_shift_history,segment_cycle_time,global_hour,global_hour,"Нужно 0 кур.; прогноз 0.0 заказа/ч; окно block_06_12: история 0.00, цикл 0.00; выбрано: историческая производительность; страховой запас 0%"
124,ЦБ AVA Bistro,non_kfm,2026-09-28,10,10:00-11:00,low,block_06_12,bike,0.02,0.07,10.11,11.11,22.21,2.94,0.0,0.0,0.0,1.0,0,history,time_segment_shift_history,segment_cycle_time,global_hour,global_hour,"Нужно 0 кур.; прогноз 0.0 заказа/ч; окно block_06_12: история 0.00, цикл 0.00; выбрано: историческая производительность; страховой запас 0%"
124,ЦБ AVA Bistro,non_kfm,2026-09-28,11,11:00-12:00,low,block_06_12,bike,0.02,0.07,10.41,11.11,22.21,2.94,0.0,0.0,0.0,1.0,0,history,time_segment_shift_history,segment_cycle_time,global_hour,global_hour,"Нужно 0 кур.; прогноз 0.0 заказа/ч; окно block_06_12: история 0.00, цикл 0.00; выбрано: историческая производительность; страховой запас 0%"
124,ЦБ AVA Bistro,non_kfm,2026-09-28,12,12:00-13:00,low,block_12_18,bike,0.01,0.03,10.37,13.37,26.74,2.95,0.0,0.0,0.0,1.0,0,history,time_segment_shift_history,segment_cycle_time,global_hour,global_hour,"Нужно 0 кур.; прогноз 0.0 заказа/ч; окно block_12_18: история 0.00, цикл 0.00; выбрано: историческая производительность; страховой запас 0%"
124,ЦБ AVA Bistro,non_kfm,2026-09-28,13,13:00-14:00,low,block_12_18,bike,0.01,0.03,10.39,13.37,26.74,2.95,0.0,0.0,0.0,1.0,0,history,time_segment_shift_history,segment_cycle_time,global_hour,global_hour,"Нужно 0 кур.; прогноз 0.0 заказа/ч; окно block_12_18: история 0.00, цикл 0.00; выбрано: историческая производительность; страховой запас 0%"
124,ЦБ AVA Bistro,non_kfm,2026-09-28,14,14:00-15:00,low,block_12_18,bike,0.0,0.03,10.2,13.37,26.74,2.95,0.0,0.0,0.0,1.0,0,history,time_segment_shift_history,segment_cycle_time,global_hour,global_hour,"Нужно 0 кур.; прогноз 0.0 заказа/ч; окно block_12_18: история 0.00, цикл 0.00; выбрано: историческая производительность; страховой запас 0%"
124,ЦБ AVA Bistro,non_kfm,2026-09-28,15,15:00-16:00,low,block_12_18,bike,0.0,0.03,10.75,13.37,26.74,2.95,0.0,0.0,0.0,1.0,0,history,time_segment_shift_history,segment_cycle_time,global_hour,global_hour,"Нужно 0 кур.; прогноз 0.0 заказа/ч; окно block_12_18: история 0.00, цикл 0.00; выбрано: историческая производительность; страховой запас 0%"
124,ЦБ AVA Bistro,non_kfm,2026-09-28,16,16:00-17:00,low,block_12_18,bike,0.0,0.03,11.02,13.37,26.74,2.95,0.0,0.0,0.0,1.0,0,history,time_segment_shift_history,segment_cycle_time,global_hour,global_hour,"Нужно 0 кур.; прогноз 0.0 заказа/ч; окно block_12_18: история 0.00, цикл 0.00; выбрано: историческая производительность; страховой запас 0%"
124,ЦБ AVA Bistro,non_kfm,2026-09-28,17,17:00-18:00,low,block_12_18,bike,0.0,0.03,10.83,13.37,26.74,2.95,0.0,0.0,0.0,1.0,0,history,time_segment_shift_history,segment_cycle_time,global_hour,global_hour,"Нужно 0 кур.; прогноз 0.0 заказа/ч; окно block_12_18: история 0.00, цикл 0.00; выбрано: историческая производительность; страховой запас 0%"
124,ЦБ AVA Bistro,non_kfm,2026-09-28,18,18:00-19:00,low,block_18_24,bike,0.03,0.11,11.1,15.71,31.43,2.15,0.0,0.0,0.0,1.0,0,history,time_segment_shift_history,segment_cycle_time,global_hour,global_hour,"Нужно 0 кур.; прогноз 0.0 заказа/ч; окно block_18_24: история 0.00, цикл 0.00; выбрано: историческая производительность; страховой запас 0%"
124,ЦБ AVA Bistro,non_kfm,2026-09-28,19,19:00-20:00,low,block_18_24,bike,0.03,0.11,10.71,15.71,31.43,2.15,0.0,0.0,0.0,1.0,0,history,time_segment_shift_history,segment_cycle_time,global_hour,global_hour,"Нужно 0 кур.; прогноз 0.0 заказа/ч; окно block_18_24: история 0.00, цикл 0.00; выбрано: историческая производительность; страховой запас 0%"
124,ЦБ AVA Bistro,non_kfm,2026-09-28,20,20:00-21:00,low,block_18_24,bike,0.02,0.11,10.4,15.71,31.43,2.15,0.0,0.0,0.0,1.0,0,history,time_segment_shift_history,segment_cycle_time,global_hour,global_hour,"Нужно 0 кур.; прогноз 0.0 заказа/ч; окно block_18_24: история 0.00, цикл 0.00; выбрано: историческая производительность; страховой запас 0%"
124,ЦБ AVA Bistro,non_kfm,2026-09-28,21,21:00-22:00,low,block_18_24,bike,0.02,0.11,9.94,15.71,31.43,2.15,0.0,0.0,0.0,1.0,0,history,time_segment_shift_history,segment_cycle_time,global_hour,global_hour,"Нужно 0 кур.; прогноз 0.0 заказа/ч; окно block_18_24: история 0.00, цикл 0.00; выбрано: историческая производительность; страховой запас 0%"
125,Meraki,non_kfm,2026-09-28,10,10:00-11:00,medium,block_06_12,auto,0.22,0.4,22.54,25.76,51.51,1.47,0.0,0.0,0.0,1.0,1,history,segment_shift_history,segment_cycle_time,location_hour,location_hour,"Нужно 1 кур.; прогноз 0.2 заказа/ч; окно block_06_12: история 0.00, цикл 0.00; выбрано: историческая производительность; страховой запас 0%"
125,Meraki,non_kfm,2026-09-28,11,11:00-12:00,medium,block_06_12,auto,0.18,0.4,27.29,25.76,51.51,1.47,0.0,0.0,0.0,1.0,1,history,segment_shift_history,segment_cycle_time,location_hour,location_hour,"Нужно 1 кур.; прогноз 0.2 заказа/ч; окно block_06_12: история 0.00, цикл 0.00; выбрано: историческая производительность; страховой запас 0%"
125,Meraki,non_kfm,2026-09-28,12,12:00-13:00,medium,block_12_18,auto,0.56,3.72,25.86,37.03,74.06,1.29,0.48,0.76,0.76,1.0,1,cycle_time,segment_shift_history,location_cycle_time,location_hour,location_hour,"Нужно 1 кур.; прогноз 0.6 заказа/ч; окно block_12_18: история 0.48, цикл 0.76; выбрано: время полного цикла доставки; страховой запас 0%"
125,Meraki,non_kfm,2026-09-28,13,13:00-14:00,medium,block_12_18,auto,0.73,3.72,40.64,37.03,74.06,1.29,0.48,0.76,0.76,1.0,1,cycle_time,segment_shift_history,location_cycle_time,location_hour,location_hour,"Нужно 1 кур.; прогноз 0.7 заказа/ч; окно block_12_18: история 0.48, цикл 0.76; выбрано: время полного цикла доставки; страховой запас 0%"
125,Meraki,non_kfm,2026-09-28,14,14:00-15:00,medium,block_12_18,auto,0.73,3.72,27.43,37.03,74.06,1.29,0.48,0.76,0.76,1.0,1,cycle_time,segment_shift_history,location_cycle_time,location_hour,location_hour,"Нужно 1 кур.; прогноз 0.7 заказа/ч; окно block_12_18: история 0.48, цикл 0.76; выбрано: время полного цикла доставки; страховой запас 0%"
125,Meraki,non_kfm,2026-09-28,15,15:00-16:00,medium,block_12_18,auto,0.42,3.72,29.88,37.03,74.06,1.29,0.48,0.76,0.76,1.0,1,cycle_time,segment_shift_history,location_cycle_time,location_hour,location_hour,"Нужно 1 кур.; прогноз 0.4 заказа/ч; окно block_12_18: история 0.48, цикл 0.76; выбрано: время полного цикла доставки; страховой запас 0%"
125,Meraki,non_kfm,2026-09-28,16,16:00-17:00,medium,block_12_18,auto,0.49,3.72,31.79,37.03,74.06,1.29,0.48,0.76,0.76,1.0,1,cycle_time,segment_shift_history,location_cycle_time,location_hour,location_hour,"Нужно 1 кур.; прогноз 0.5 заказа/ч; окно block_12_18: история 0.48, цикл 0.76; выбрано: время полного цикла доставки; страховой запас 0%"
125,Meraki,non_kfm,2026-09-28,17,17:00-18:00,medium,block_12_18,auto,0.8,3.72,36.46,37.03,74.06,1.29,0.48,0.76,0.76,1.0,1,cycle_time,segment_shift_history,location_cycle_time,location_hour,location_hour,"Нужно 1 кур.; прогноз 0.8 заказа/ч; окно block_12_18: история 0.48, цикл 0.76; выбрано: время полного цикла доставки; страховой запас 0%"
125,Meraki,non_kfm,2026-09-28,18,18:00-19:00,medium,block_18_24,auto,0.61,2.39,39.64,39.03,78.06,1.69,0.24,0.52,0.52,1.0,1,cycle_time,segment_shift_history,location_cycle_time,location_hour,location_hour,"Нужно 1 кур.; прогноз 0.6 заказа/ч; окно block_18_24: история 0.24, цикл 0.52; выбрано: время полного цикла доставки; страховой запас 0%"
125,Meraki,non_kfm,2026-09-28,19,19:00-20:00,medium,block_18_24,auto,0.8,2.39,37.07,39.03,78.06,1.69,0.24,0.52,0.52,1.0,1,cycle_time,segment_shift_history,location_cycle_time,location_hour,location_hour,"Нужно 1 кур.; прогноз 0.8 заказа/ч; окно block_18_24: история 0.24, цикл 0.52; выбрано: время полного цикла доставки; страховой запас 0%"
125,Meraki,non_kfm,2026-09-28,20,20:00-21:00,medium,block_18_24,auto,0.61,2.39,31.34,39.03,78.06,1.69,0.24,0.52,0.52,1.0,1,cycle_time,segment_shift_history,location_cycle_time,location_hour,location_hour,"Нужно 1 кур.; прогноз 0.6 заказа/ч; окно block_18_24: история 0.24, цикл 0.52; выбрано: время полного цикла доставки; страховой запас 0%"
125,Meraki,non_kfm,2026-09-28,21,21:00-22:00,medium,block_18_24,auto,0.32,2.39,29.81,39.03,78.06,1.69,0.24,0.52,0.52,1.0,1,cycle_time,segment_shift_history,location_cycle_time,location_hour,location_hour,"Нужно 1 кур.; прогноз 0.3 заказа/ч; окно block_18_24: история 0.24, цикл 0.52; выбрано: время полного цикла доставки; страховой запас 0%"
125,Meraki,non_kfm,2026-09-28,22,22:00-23:00,medium,block_18_24,auto,0.06,2.39,27.91,39.03,78.06,1.69,0.24,0.52,0.52,1.0,1,cycle_time,segment_shift_history,location_cycle_time,location_hour,location_hour,"Нужно 1 кур.; прогноз 0.1 заказа/ч; окно block_18_24: история 0.24, цикл 0.52; выбрано: время полного цикла доставки; страховой запас 0%"
129,HOVER OVER,non_kfm,2026-09-28,9,09:00-10:00,low,block_06_12,auto,0.03,0.11,21.64,39.25,78.51,1.47,0.0,0.0,0.0,1.0,0,history,time_segment_shift_history,segment_cycle_time,global_hour,global_hour,"Нужно 0 кур.; прогноз 0.0 заказа/ч; окно block_06_12: история 0.00, цикл 0.00; выбрано: историческая производительность; страховой запас 0%"
129,HOVER OVER,non_kfm,2026-09-28,10,10:00-11:00,low,block_06_12,auto,0.03,0.11,21.71,39.25,78.51,1.47,0.0,0.0,0.0,1.0,0,history,time_segment_shift_history,segment_cycle_time,global_hour,global_hour,"Нужно 0 кур.; прогноз 0.0 заказа/ч; окно block_06_12: история 0.00, цикл 0.00; выбрано: историческая производительность; страховой запас 0%"
129,HOVER OVER,non_kfm,2026-09-28,11,11:00-12:00,low,block_06_12,auto,0.03,0.11,22.82,39.25,78.51,1.47,0.0,0.0,0.0,1.0,0,history,time_segment_shift_history,segment_cycle_time,global_hour,global_hour,"Нужно 0 кур.; прогноз 0.0 заказа/ч; окно block_06_12: история 0.00, цикл 0.00; выбрано: историческая производительность; страховой запас 0%"
129,HOVER OVER,non_kfm,2026-09-28,12,12:00-13:00,low,block_12_18,auto,0.04,0.2,23.54,31.89,63.79,1.3,0.0,0.0,0.0,1.0,0,history,time_segment_shift_history,segment_cycle_time,global_hour,global_hour,"Нужно 0 кур.; прогноз 0.0 заказа/ч; окно block_12_18: история 0.00, цикл 0.00; выбрано: историческая производительность; страховой запас 0%"
129,HOVER OVER,non_kfm,2026-09-28,13,13:00-14:00,low,block_12_18,auto,0.04,0.2,23.55,31.89,63.79,1.3,0.0,0.0,0.0,1.0,0,history,time_segment_shift_history,segment_cycle_time,global_hour,global_hour,"Нужно 0 кур.; прогноз 0.0 заказа/ч; окно block_12_18: история 0.00, цикл 0.00; выбрано: историческая производительность; страховой запас 0%"
129,HOVER OVER,non_kfm,2026-09-28,14,14:00-15:00,low,block_12_18,auto,0.04,0.2,24.06,31.89,63.79,1.3,0.0,0.0,0.0,1.0,0,history,time_segment_shift_history,segment_cycle_time,global_hour,global_hour,"Нужно 0 кур.; прогноз 0.0 заказа/ч; окно block_12_18: история 0.00, цикл 0.00; выбрано: историческая производительность; страховой запас 0%"
129,HOVER OVER,non_kfm,2026-09-28,15,15:00-16:00,low,block_12_18,auto,0.03,0.2,24.51,31.89,63.79,1.3,0.0,0.0,0.0,1.0,0,history,time_segment_shift_history,segment_cycle_time,global_hour,global_hour,"Нужно 0 кур.; прогноз 0.0 заказа/ч; окно block_12_18: история 0.00, цикл 0.00; выбрано: историческая производительность; страховой запас 0%"
129,HOVER OVER,non_kfm,2026-09-28,16,16:00-17:00,low,block_12_18,auto,0.03,0.2,25.16,31.89,63.79,1.3,0.0,0.0,0.0,1.0,0,history,time_segment_shift_history,segment_cycle_time,global_hour,global_hour,"Нужно 0 кур.; прогноз 0.0 заказа/ч; окно block_12_18: история 0.00, цикл 0.00; выбрано: историческая производительность; страховой запас 0%"
129,HOVER OVER,non_kfm,2026-09-28,17,17:00-18:00,low,block_12_18,auto,0.02,0.2,27.66,31.89,63.79,1.3,0.0,0.0,0.0,1.0,0,history,time_segment_shift_history,segment_cycle_time,global_hour,global_hour,"Нужно 0 кур.; прогноз 0.0 заказа/ч; окно block_12_18: история 0.00, цикл 0.00; выбрано: историческая производительность; страховой запас 0%"
129,HOVER OVER,non_kfm,2026-09-28,18,18:00-19:00,low,block_18_24,auto,0.03,0.13,27.41,32.87,65.74,1.71,0.0,0.0,0.0,1.0,0,history,time_segment_shift_history,segment_cycle_time,global_hour,global_hour,"Нужно 0 кур.; прогноз 0.0 заказа/ч; окно block_18_24: история 0.00, цикл 0.00; выбрано: историческая производительность; страховой запас 0%"
129,HOVER OVER,non_kfm,2026-09-28,19,19:00-20:00,low,block_18_24,auto,0.03,0.13,26.64,32.87,65.74,1.71,0.0,0.0,0.0,1.0,0,history,time_segment_shift_history,segment_cycle_time,global_hour,global_hour,"Нужно 0 кур.; прогноз 0.0 заказа/ч; окно block_18_24: история 0.00, цикл 0.00; выбрано: историческая производительность; страховой запас 0%"
129,HOVER OVER,non_kfm,2026-09-28,20,20:00-21:00,low,block_18_24,auto,0.03,0.13,23.12,32.87,65.74,1.71,0.0,0.0,0.0,1.0,0,history,time_segment_shift_history,segment_cycle_time,global_hour,global_hour,"Нужно 0 кур.; прогноз 0.0 заказа/ч; окно block_18_24: история 0.00, цикл 0.00; выбрано: историческая производительность; страховой запас 0%"
135,Гастродача Вселуг,non_kfm,2026-09-28,12,12:00-13:00,low,block_12_18,auto,0.06,0.27,23.54,31.89,63.79,1.3,0.0,0.0,0.0,1.0,0,history,time_segment_shift_history,segment_cycle_time,global_hour,global_hour,"Нужно 0 кур.; прогноз 0.1 заказа/ч; окно block_12_18: история 0.00, цикл 0.00; выбрано: историческая производительность; страховой запас 0%"
135,Гастродача Вселуг,non_kfm,2026-09-28,13,13:00-14:00,low,block_12_18,auto,0.06,0.27,23.55,31.89,63.79,1.3,0.0,0.0,0.0,1.0,0,history,time_segment_shift_history,segment_cycle_time,global_hour,global_hour,"Нужно 0 кур.; прогноз 0.1 заказа/ч; окно block_12_18: история 0.00, цикл 0.00; выбрано: историческая производительность; страховой запас 0%"
135,Гастродача Вселуг,non_kfm,2026-09-28,14,14:00-15:00,low,block_12_18,auto,0.05,0.27,24.06,31.89,63.79,1.3,0.0,0.0,0.0,1.0,0,history,time_segment_shift_history,segment_cycle_time,global_hour,global_hour,"Нужно 0 кур.; прогноз 0.0 заказа/ч; окно block_12_18: история 0.00, цикл 0.00; выбрано: историческая производительность; страховой запас 0%"
135,Гастродача Вселуг,non_kfm,2026-09-28,15,15:00-16:00,low,block_12_18,auto,0.04,0.27,25.59,31.89,63.79,1.3,0.0,0.0,0.0,1.0,0,history,time_segment_shift_history,segment_cycle_time,global_hour,location_hour,"Нужно 0 кур.; прогноз 0.0 заказа/ч; окно block_12_18: история 0.00, цикл 0.00; выбрано: историческая производительность; страховой запас 0%"
135,Гастродача Вселуг,non_kfm,2026-09-28,16,16:00-17:00,low,block_12_18,auto,0.03,0.27,28.14,31.89,63.79,1.3,0.0,0.0,0.0,1.0,0,history,time_segment_shift_history,segment_cycle_time,global_hour,location_hour,"Нужно 0 кур.; прогноз 0.0 заказа/ч; окно block_12_18: история 0.00, цикл 0.00; выбрано: историческая производительность; страховой запас 0%"
135,Гастродача Вселуг,non_kfm,2026-09-28,17,17:00-18:00,low,block_12_18,auto,0.03,0.27,31.62,31.89,63.79,1.3,0.0,0.0,0.0,1.0,0,history,time_segment_shift_history,segment_cycle_time,global_hour,location_hour,"Нужно 0 кур.; прогноз 0.0 заказа/ч; окно block_12_18: история 0.00, цикл 0.00; выбрано: историческая производительность; страховой запас 0%"
135,Гастродача Вселуг,non_kfm,2026-09-28,18,18:00-19:00,low,block_18_24,auto,0.07,0.28,44.3,32.87,65.74,1.71,0.0,0.0,0.0,1.0,0,history,time_segment_shift_history,segment_cycle_time,global_hour,location_hour,"Нужно 0 кур.; прогноз 0.1 заказа/ч; окно block_18_24: история 0.00, цикл 0.00; выбрано: историческая производительность; страховой запас 0%"
135,Гастродача Вселуг,non_kfm,2026-09-28,19,19:00-20:00,low,block_18_24,auto,0.07,0.28,28.48,32.87,65.74,1.71,0.0,0.0,0.0,1.0,0,history,time_segment_shift_history,segment_cycle_time,global_hour,location_hour,"Нужно 0 кур.; прогноз 0.1 заказа/ч; окно block_18_24: история 0.00, цикл 0.00; выбрано: историческая производительность; страховой запас 0%"
135,Гастродача Вселуг,non_kfm,2026-09-28,20,20:00-21:00,low,block_18_24,auto,0.06,0.28,41.33,32.87,65.74,1.71,0.0,0.0,0.0,1.0,0,history,time_segment_shift_history,segment_cycle_time,global_hour,location_hour,"Нужно 0 кур.; прогноз 0.1 заказа/ч; окно block_18_24: история 0.00, цикл 0.00; выбрано: историческая производительность; страховой запас 0%"
135,Гастродача Вселуг,non_kfm,2026-09-28,21,21:00-22:00,low,block_18_24,auto,0.05,0.28,27.78,32.87,65.74,1.71,0.0,0.0,0.0,1.0,0,history,time_segment_shift_history,segment_cycle_time,global_hour,location_hour,"Нужно 0 кур.; прогноз 0.0 заказа/ч; окно block_18_24: история 0.00, цикл 0.00; выбрано: историческая производительность; страховой запас 0%"
135,Гастродача Вселуг,non_kfm,2026-09-28,12,12:00-13:00,low,block_12_18,bike,0.0,0.02,10.37,13.37,26.74,2.95,0.0,0.0,0.0,1.0,0,history,time_segment_shift_history,segment_cycle_time,global_hour,global_hour,"Нужно 0 кур.; прогноз 0.0 заказа/ч; окно block_12_18: история 0.00, цикл 0.00; выбрано: историческая производительность; страховой запас 0%"
135,Гастродача Вселуг,non_kfm,2026-09-28,13,13:00-14:00,low,block_12_18,bike,0.0,0.02,10.39,13.37,26.74,2.95,0.0,0.0,0.0,1.0,0,history,time_segment_shift_history,segment_cycle_time,global_hour,global_hour,"Нужно 0 кур.; прогноз 0.0 заказа/ч; окно block_12_18: история 0.00, цикл 0.00; выбрано: историческая производительность; страховой запас 0%"
135,Гастродача Вселуг,non_kfm,2026-09-28,14,14:00-15:00,low,block_12_18,bike,0.0,0.02,10.2,13.37,26.74,2.95,0.0,0.0,0.0,1.0,0,history,time_segment_shift_history,segment_cycle_time,global_hour,global_hour,"Нужно 0 кур.; прогноз 0.0 заказа/ч; окно block_12_18: история 0.00, цикл 0.00; выбрано: историческая производительность; страховой запас 0%"
135,Гастродача Вселуг,non_kfm,2026-09-28,15,15:00-16:00,low,block_12_18,bike,0.0,0.02,10.75,13.37,26.74,2.95,0.0,0.0,0.0,1.0,0,history,time_segment_shift_history,segment_cycle_time,global_hour,global_hour,"Нужно 0 кур.; прогноз 0.0 заказа/ч; окно block_12_18: история 0.00, цикл 0.00; выбрано: историческая производительность; страховой запас 0%"
135,Гастродача Вселуг,non_kfm,2026-09-28,16,16:00-17:00,low,block_12_18,bike,0.0,0.02,7.89,13.37,26.74,2.95,0.0,0.0,0.0,1.0,0,history,time_segment_shift_history,segment_cycle_time,global_hour,location_hour,"Нужно 0 кур.; прогноз 0.0 заказа/ч; окно block_12_18: история 0.00, цикл 0.00; выбрано: историческая производительность; страховой запас 0%"
135,Гастродача Вселуг,non_kfm,2026-09-28,17,17:00-18:00,low,block_12_18,bike,0.0,0.02,10.83,13.37,26.74,2.95,0.0,0.0,0.0,1.0,0,history,time_segment_shift_history,segment_cycle_time,global_hour,global_hour,"Нужно 0 кур.; прогноз 0.0 заказа/ч; окно block_12_18: история 0.00, цикл 0.00; выбрано: историческая производительность; страховой запас 0%"
135,Гастродача Вселуг,non_kfm,2026-09-28,18,18:00-19:00,low,block_18_24,bike,0.03,0.11,11.1,15.71,31.43,2.15,0.0,0.0,0.0,1.0,0,history,time_segment_shift_history,segment_cycle_time,global_hour,global_hour,"Нужно 0 кур.; прогноз 0.0 заказа/ч; окно block_18_24: история 0.00, цикл 0.00; выбрано: историческая производительность; страховой запас 0%"
135,Гастродача Вселуг,non_kfm,2026-09-28,19,19:00-20:00,low,block_18_24,bike,0.03,0.11,10.71,15.71,31.43,2.15,0.0,0.0,0.0,1.0,0,history,time_segment_shift_history,segment_cycle_time,global_hour,global_hour,"Нужно 0 кур.; прогноз 0.0 заказа/ч; окно block_18_24: история 0.00, цикл 0.00; выбрано: историческая производительность; страховой запас 0%"
135,Гастродача Вселуг,non_kfm,2026-09-28,20,20:00-21:00,low,block_18_24,bike,0.02,0.11,10.4,15.71,31.43,2.15,0.0,0.0,0.0,1.0,0,history,time_segment_shift_history,segment_cycle_time,global_hour,global_hour,"Нужно 0 кур.; прогноз 0.0 заказа/ч; окно block_18_24: история 0.00, цикл 0.00; выбрано: историческая производительность; страховой запас 0%"
135,Гастродача Вселуг,non_kfm,2026-09-28,21,21:00-22:00,low,block_18_24,bike,0.02,0.11,9.94,15.71,31.43,2.15,0.0,0.0,0.0,1.0,0,history,time_segment_shift_history,segment_cycle_time,global_hour,global_hour,"Нужно 0 кур.; прогноз 0.0 заказа/ч; окно block_18_24: история 0.00, цикл 0.00; выбрано: историческая производительность; страховой запас 0%"
141,Даровано Органик,non_kfm,2026-09-28,10,10:00-11:00,low,block_06_12,auto,0.04,0.18,21.71,39.25,78.51,1.47,0.0,0.0,0.0,1.0,0,history,time_segment_shift_history,segment_cycle_time,global_hour,global_hour,"Нужно 0 кур.; прогноз 0.0 заказа/ч; окно block_06_12: история 0.00, цикл 0.00; выбрано: историческая производительность; страховой запас 0%"
141,Даровано Органик,non_kfm,2026-09-28,11,11:00-12:00,low,block_06_12,auto,0.05,0.18,22.82,39.25,78.51,1.47,0.0,0.0,0.0,1.0,0,history,time_segment_shift_history,segment_cycle_time,global_hour,global_hour,"Нужно 0 кур.; прогноз 0.0 заказа/ч; окно block_06_12: история 0.00, цикл 0.00; выбрано: историческая производительность; страховой запас 0%"
141,Даровано Органик,non_kfm,2026-09-28,12,12:00-13:00,low,block_12_18,auto,0.07,0.32,23.54,31.89,63.79,1.3,0.0,0.0,0.0,1.0,0,history,time_segment_shift_history,segment_cycle_time,global_hour,global_hour,"Нужно 0 кур.; прогноз 0.1 заказа/ч; окно block_12_18: история 0.00, цикл 0.00; выбрано: историческая производительность; страховой запас 0%"
141,Даровано Органик,non_kfm,2026-09-28,13,13:00-14:00,low,block_12_18,auto,0.07,0.32,23.55,31.89,63.79,1.3,0.0,0.0,0.0,1.0,0,history,time_segment_shift_history,segment_cycle_time,global_hour,global_hour,"Нужно 0 кур.; прогноз 0.1 заказа/ч; окно block_12_18: история 0.00, цикл 0.00; выбрано: историческая производительность; страховой запас 0%"
141,Даровано Органик,non_kfm,2026-09-28,14,14:00-15:00,low,block_12_18,auto,0.06,0.32,24.06,31.89,63.79,1.3,0.0,0.0,0.0,1.0,0,history,time_segment_shift_history,segment_cycle_time,global_hour,global_hour,"Нужно 0 кур.; прогноз 0.1 заказа/ч; окно block_12_18: история 0.00, цикл 0.00; выбрано: историческая производительность; страховой запас 0%"
141,Даровано Органик,non_kfm,2026-09-28,15,15:00-16:00,low,block_12_18,auto,0.05,0.32,24.51,31.89,63.79,1.3,0.0,0.0,0.0,1.0,0,history,time_segment_shift_history,segment_cycle_time,global_hour,global_hour,"Нужно 0 кур.; прогноз 0.0 заказа/ч; окно block_12_18: история 0.00, цикл 0.00; выбрано: историческая производительность; страховой запас 0%"
141,Даровано Органик,non_kfm,2026-09-28,16,16:00-17:00,low,block_12_18,auto,0.04,0.32,25.16,31.89,63.79,1.3,0.0,0.0,0.0,1.0,0,history,time_segment_shift_history,segment_cycle_time,global_hour,global_hour,"Нужно 0 кур.; прогноз 0.0 заказа/ч; окно block_12_18: история 0.00, цикл 0.00; выбрано: историческая производительность; страховой запас 0%"
141,Даровано Органик,non_kfm,2026-09-28,17,17:00-18:00,low,block_12_18,auto,0.04,0.32,27.66,31.89,63.79,1.3,0.0,0.0,0.0,1.0,0,history,time_segment_shift_history,segment_cycle_time,global_hour,global_hour,"Нужно 0 кур.; прогноз 0.0 заказа/ч; окно block_12_18: история 0.00, цикл 0.00; выбрано: историческая производительность; страховой запас 0%"
145,BSB Европейский,non_kfm,2026-09-28,14,14:00-15:00,low,block_12_18,auto,0.12,0.68,24.06,31.89,63.79,1.3,0.09,0.12,0.12,1.0,0,cycle_time,time_segment_shift_history,segment_cycle_time,global_hour,global_hour,"Нужно 0 кур.; прогноз 0.1 заказа/ч; окно block_12_18: история 0.09, цикл 0.12; выбрано: время полного цикла доставки; страховой запас 0%"
145,BSB Европейский,non_kfm,2026-09-28,15,15:00-16:00,low,block_12_18,auto,0.1,0.68,24.51,31.89,63.79,1.3,0.09,0.12,0.12,1.0,0,cycle_time,time_segment_shift_history,segment_cycle_time,global_hour,global_hour,"Нужно 0 кур.; прогноз 0.1 заказа/ч; окно block_12_18: история 0.09, цикл 0.12; выбрано: время полного цикла доставки; страховой запас 0%"
145,BSB Европейский,non_kfm,2026-09-28,16,16:00-17:00,low,block_12_18,auto,0.09,0.68,25.16,31.89,63.79,1.3,0.09,0.12,0.12,1.0,0,cycle_time,time_segment_shift_history,segment_cycle_time,global_hour,global_hour,"Нужно 0 кур.; прогноз 0.1 заказа/ч; окно block_12_18: история 0.09, цикл 0.12; выбрано: время полного цикла доставки; страховой запас 0%"
145,BSB Европейский,non_kfm,2026-09-28,17,17:00-18:00,low,block_12_18,auto,0.08,0.68,27.66,31.89,63.79,1.3,0.09,0.12,0.12,1.0,0,cycle_time,time_segment_shift_history,segment_cycle_time,global_hour,global_hour,"Нужно 0 кур.; прогноз 0.1 заказа/ч; окно block_12_18: история 0.09, цикл 0.12; выбрано: время полного цикла доставки; страховой запас 0%"
145,BSB Европейский,non_kfm,2026-09-28,18,18:00-19:00,low,block_18_24,auto,0.06,0.27,27.41,32.87,65.74,1.71,0.0,0.0,0.0,1.0,0,history,time_segment_shift_history,segment_cycle_time,global_hour,global_hour,"Нужно 0 кур.; прогноз 0.1 заказа/ч; окно block_18_24: история 0.00, цикл 0.00; выбрано: историческая производительность; страховой запас 0%"
145,BSB Европейский,non_kfm,2026-09-28,19,19:00-20:00,low,block_18_24,auto,0.06,0.27,26.64,32.87,65.74,1.71,0.0,0.0,0.0,1.0,0,history,time_segment_shift_history,segment_cycle_time,global_hour,global_hour,"Нужно 0 кур.; прогноз 0.1 заказа/ч; окно block_18_24: история 0.00, цикл 0.00; выбрано: историческая производительность; страховой запас 0%"
145,BSB Европейский,non_kfm,2026-09-28,20,20:00-21:00,low,block_18_24,auto,0.06,0.27,23.12,32.87,65.74,1.71,0.0,0.0,0.0,1.0,0,history,time_segment_shift_history,segment_cycle_time,global_hour,global_hour,"Нужно 0 кур.; прогноз 0.1 заказа/ч; окно block_18_24: история 0.00, цикл 0.00; выбрано: историческая производительность; страховой запас 0%"
145,BSB Европейский,non_kfm,2026-09-28,21,21:00-22:00,low,block_18_24,auto,0.04,0.27,21.83,32.87,65.74,1.71,0.0,0.0,0.0,1.0,0,history,time_segment_shift_history,segment_cycle_time,global_hour,global_hour,"Нужно 0 кур.; прогноз 0.0 заказа/ч; окно block_18_24: история 0.00, цикл 0.00; выбрано: историческая производительность; страховой запас 0%"
145,BSB Европейский,non_kfm,2026-09-28,22,22:00-23:00,low,block_18_24,auto,0.02,0.27,16.14,32.87,65.74,1.71,0.0,0.0,0.0,1.0,0,history,time_segment_shift_history,segment_cycle_time,global_hour,global_hour,"Нужно 0 кур.; прогноз 0.0 заказа/ч; окно block_18_24: история 0.00, цикл 0.00; выбрано: историческая производительность; страховой запас 0%"
145,BSB Европейский,non_kfm,2026-09-28,14,14:00-15:00,low,block_12_18,bike,0.01,0.04,10.2,13.37,26.74,2.95,0.0,0.0,0.0,1.0,0,history,time_segment_shift_history,segment_cycle_time,global_hour,global_hour,"Нужно 0 кур.; прогноз 0.0 заказа/ч; окно block_12_18: история 0.00, цикл 0.00; выбрано: историческая производительность; страховой запас 0%"
145,BSB Европейский,non_kfm,2026-09-28,15,15:00-16:00,low,block_12_18,bike,0.01,0.04,10.75,13.37,26.74,2.95,0.0,0.0,0.0,1.0,0,history,time_segment_shift_history,segment_cycle_time,global_hour,global_hour,"Нужно 0 кур.; прогноз 0.0 заказа/ч; окно block_12_18: история 0.00, цикл 0.00; выбрано: историческая производительность; страховой запас 0%"
145,BSB Европейский,non_kfm,2026-09-28,16,16:00-17:00,low,block_12_18,bike,0.01,0.04,11.02,13.37,26.74,2.95,0.0,0.0,0.0,1.0,0,history,time_segment_shift_history,segment_cycle_time,global_hour,global_hour,"Нужно 0 кур.; прогноз 0.0 заказа/ч; окно block_12_18: история 0.00, цикл 0.00; выбрано: историческая производительность; страховой запас 0%"
145,BSB Европейский,non_kfm,2026-09-28,17,17:00-18:00,low,block_12_18,bike,0.01,0.04,10.83,13.37,26.74,2.95,0.0,0.0,0.0,1.0,0,history,time_segment_shift_history,segment_cycle_time,global_hour,global_hour,"Нужно 0 кур.; прогноз 0.0 заказа/ч; окно block_12_18: история 0.00, цикл 0.00; выбрано: историческая производительность; страховой запас 0%"
145,BSB Европейский,non_kfm,2026-09-28,18,18:00-19:00,low,block_18_24,bike,0.02,0.1,11.1,15.71,31.43,2.15,0.0,0.0,0.0,1.0,0,history,time_segment_shift_history,segment_cycle_time,global_hour,global_hour,"Нужно 0 кур.; прогноз 0.0 заказа/ч; окно block_18_24: история 0.00, цикл 0.00; выбрано: историческая производительность; страховой запас 0%"
145,BSB Европейский,non_kfm,2026-09-28,19,19:00-20:00,low,block_18_24,bike,0.02,0.1,10.71,15.71,31.43,2.15,0.0,0.0,0.0,1.0,0,history,time_segment_shift_history,segment_cycle_time,global_hour,global_hour,"Нужно 0 кур.; прогноз 0.0 заказа/ч; окно block_18_24: история 0.00, цикл 0.00; выбрано: историческая производительность; страховой запас 0%"
145,BSB Европейский,non_kfm,2026-09-28,20,20:00-21:00,low,block_18_24,bike,0.02,0.1,10.4,15.71,31.43,2.15,0.0,0.0,0.0,1.0,0,history,time_segment_shift_history,segment_cycle_time,global_hour,global_hour,"Нужно 0 кур.; прогноз 0.0 заказа/ч; окно block_18_24: история 0.00, цикл 0.00; выбрано: историческая производительность; страховой запас 0%"
145,BSB Европейский,non_kfm,2026-09-28,21,21:00-22:00,low,block_18_24,bike,0.02,0.1,9.94,15.71,31.43,2.15,0.0,0.0,0.0,1.0,0,history,time_segment_shift_history,segment_cycle_time,global_hour,global_hour,"Нужно 0 кур.; прогноз 0.0 заказа/ч; окно block_18_24: история 0.00, цикл 0.00; выбрано: историческая производительность; страховой запас 0%"
145,BSB Европейский,non_kfm,2026-09-28,22,22:00-23:00,low,block_18_24,bike,0.01,0.1,9.8,15.71,31.43,2.15,0.0,0.0,0.0,1.0,0,history,time_segment_shift_history,segment_cycle_time,global_hour,global_hour,"Нужно 0 кур.; прогноз 0.0 заказа/ч; окно block_18_24: история 0.00, цикл 0.00; выбрано: историческая производительность; страховой запас 0%"
179,Клево на Петровке,non_kfm,2026-09-28,12,12:00-13:00,low,block_12_18,auto,0.06,0.27,23.54,31.89,63.79,1.3,0.0,0.0,0.0,1.0,0,history,time_segment_shift_history,segment_cycle_time,global_hour,global_hour,"Нужно 0 кур.; прогноз 0.1 заказа/ч; окно block_12_18: история 0.00, цикл 0.00; выбрано: историческая производительность; страховой запас 0%"
179,Клево на Петровке,non_kfm,2026-09-28,13,13:00-14:00,low,block_12_18,auto,0.06,0.27,23.55,31.89,63.79,1.3,0.0,0.0,0.0,1.0,0,history,time_segment_shift_history,segment_cycle_time,global_hour,global_hour,"Нужно 0 кур.; прогноз 0.1 заказа/ч; окно block_12_18: история 0.00, цикл 0.00; выбрано: историческая производительность; страховой запас 0%"
179,Клево на Петровке,non_kfm,2026-09-28,14,14:00-15:00,low,block_12_18,auto,0.05,0.27,24.06,31.89,63.79,1.3,0.0,0.0,0.0,1.0,0,history,time_segment_shift_history,segment_cycle_time,global_hour,global_hour,"Нужно 0 кур.; прогноз 0.0 заказа/ч; окно block_12_18: история 0.00, цикл 0.00; выбрано: историческая производительность; страховой запас 0%"
179,Клево на Петровке,non_kfm,2026-09-28,15,15:00-16:00,low,block_12_18,auto,0.04,0.27,24.51,31.89,63.79,1.3,0.0,0.0,0.0,1.0,0,history,time_segment_shift_history,segment_cycle_time,global_hour,global_hour,"Нужно 0 кур.; прогноз 0.0 заказа/ч; окно block_12_18: история 0.00, цикл 0.00; выбрано: историческая производительность; страховой запас 0%"
179,Клево на Петровке,non_kfm,2026-09-28,16,16:00-17:00,low,block_12_18,auto,0.03,0.27,25.16,31.89,63.79,1.3,0.0,0.0,0.0,1.0,0,history,time_segment_shift_history,segment_cycle_time,global_hour,global_hour,"Нужно 0 кур.; прогноз 0.0 заказа/ч; окно block_12_18: история 0.00, цикл 0.00; выбрано: историческая производительность; страховой запас 0%"
179,Клево на Петровке,non_kfm,2026-09-28,17,17:00-18:00,low,block_12_18,auto,0.03,0.27,24.66,31.89,63.79,1.3,0.0,0.0,0.0,1.0,0,history,time_segment_shift_history,segment_cycle_time,global_hour,location_hour,"Нужно 0 кур.; прогноз 0.0 заказа/ч; окно block_12_18: история 0.00, цикл 0.00; выбрано: историческая производительность; страховой запас 0%"
179,Клево на Петровке,non_kfm,2026-09-28,18,18:00-19:00,low,block_18_24,auto,0.05,0.21,55.11,32.87,65.74,1.71,0.0,0.0,0.0,1.0,0,history,time_segment_shift_history,segment_cycle_time,global_hour,location_hour,"Нужно 0 кур.; прогноз 0.0 заказа/ч; окно block_18_24: история 0.00, цикл 0.00; выбрано: историческая производительность; страховой запас 0%"
179,Клево на Петровке,non_kfm,2026-09-28,19,19:00-20:00,low,block_18_24,auto,0.05,0.21,29.64,32.87,65.74,1.71,0.0,0.0,0.0,1.0,0,history,time_segment_shift_history,segment_cycle_time,global_hour,location_hour,"Нужно 0 кур.; прогноз 0.0 заказа/ч; окно block_18_24: история 0.00, цикл 0.00; выбрано: историческая производительность; страховой запас 0%"
179,Клево на Петровке,non_kfm,2026-09-28,20,20:00-21:00,low,block_18_24,auto,0.04,0.21,35.75,32.87,65.74,1.71,0.0,0.0,0.0,1.0,0,history,time_segment_shift_history,segment_cycle_time,global_hour,location_hour,"Нужно 0 кур.; прогноз 0.0 заказа/ч; окно block_18_24: история 0.00, цикл 0.00; выбрано: историческая производительность; страховой запас 0%"
179,Клево на Петровке,non_kfm,2026-09-28,21,21:00-22:00,low,block_18_24,auto,0.03,0.21,5.34,32.87,65.74,1.71,0.0,0.0,0.0,1.0,0,history,time_segment_shift_history,segment_cycle_time,global_hour,location_hour,"Нужно 0 кур.; прогноз 0.0 заказа/ч; окно block_18_24: история 0.00, цикл 0.00; выбрано: историческая производительность; страховой запас 0%"
179,Клево на Петровке,non_kfm,2026-09-28,22,22:00-23:00,low,block_18_24,auto,0.02,0.21,16.14,32.87,65.74,1.71,0.0,0.0,0.0,1.0,0,history,time_segment_shift_history,segment_cycle_time,global_hour,global_hour,"Нужно 0 кур.; прогноз 0.0 заказа/ч; окно block_18_24: история 0.00, цикл 0.00; выбрано: историческая производительность; страховой запас 0%"
179,Клево на Петровке,non_kfm,2026-09-28,12,12:00-13:00,low,block_12_18,bike,0.0,0.02,10.37,13.37,26.74,2.95,0.0,0.0,0.0,1.0,0,history,time_segment_shift_history,segment_cycle_time,global_hour,global_hour,"Нужно 0 кур.; прогноз 0.0 заказа/ч; окно block_12_18: история 0.00, цикл 0.00; выбрано: историческая производительность; страховой запас 0%"
179,Клево на Петровке,non_kfm,2026-09-28,13,13:00-14:00,low,block_12_18,bike,0.0,0.02,10.39,13.37,26.74,2.95,0.0,0.0,0.0,1.0,0,history,time_segment_shift_history,segment_cycle_time,global_hour,global_hour,"Нужно 0 кур.; прогноз 0.0 заказа/ч; окно block_12_18: история 0.00, цикл 0.00; выбрано: историческая производительность; страховой запас 0%"
179,Клево на Петровке,non_kfm,2026-09-28,14,14:00-15:00,low,block_12_18,bike,0.0,0.02,10.2,13.37,26.74,2.95,0.0,0.0,0.0,1.0,0,history,time_segment_shift_history,segment_cycle_time,global_hour,global_hour,"Нужно 0 кур.; прогноз 0.0 заказа/ч; окно block_12_18: история 0.00, цикл 0.00; выбрано: историческая производительность; страховой запас 0%"
179,Клево на Петровке,non_kfm,2026-09-28,15,15:00-16:00,low,block_12_18,bike,0.0,0.02,10.75,13.37,26.74,2.95,0.0,0.0,0.0,1.0,0,history,time_segment_shift_history,segment_cycle_time,global_hour,global_hour,"Нужно 0 кур.; прогноз 0.0 заказа/ч; окно block_12_18: история 0.00, цикл 0.00; выбрано: историческая производительность; страховой запас 0%"
179,Клево на Петровке,non_kfm,2026-09-28,16,16:00-17:00,low,block_12_18,bike,0.0,0.02,11.02,13.37,26.74,2.95,0.0,0.0,0.0,1.0,0,history,time_segment_shift_history,segment_cycle_time,global_hour,global_hour,"Нужно 0 кур.; прогноз 0.0 заказа/ч; окно block_12_18: история 0.00, цикл 0.00; выбрано: историческая производительность; страховой запас 0%"
179,Клево на Петровке,non_kfm,2026-09-28,17,17:00-18:00,low,block_12_18,bike,0.0,0.02,10.83,13.37,26.74,2.95,0.0,0.0,0.0,1.0,0,history,time_segment_shift_history,segment_cycle_time,global_hour,global_hour,"Нужно 0 кур.; прогноз 0.0 заказа/ч; окно block_12_18: история 0.00, цикл 0.00; выбрано: историческая производительность; страховой запас 0%"
179,Клево на Петровке,non_kfm,2026-09-28,18,18:00-19:00,low,block_18_24,bike,0.02,0.08,11.1,15.71,31.43,2.15,0.0,0.0,0.0,1.0,0,history,time_segment_shift_history,segment_cycle_time,global_hour,global_hour,"Нужно 0 кур.; прогноз 0.0 заказа/ч; окно block_18_24: история 0.00, цикл 0.00; выбрано: историческая производительность; страховой запас 0%"
179,Клево на Петровке,non_kfm,2026-09-28,19,19:00-20:00,low,block_18_24,bike,0.02,0.08,10.71,15.71,31.43,2.15,0.0,0.0,0.0,1.0,0,history,time_segment_shift_history,segment_cycle_time,global_hour,global_hour,"Нужно 0 кур.; прогноз 0.0 заказа/ч; окно block_18_24: история 0.00, цикл 0.00; выбрано: историческая производительность; страховой запас 0%"
179,Клево на Петровке,non_kfm,2026-09-28,20,20:00-21:00,low,block_18_24,bike,0.02,0.08,10.4,15.71,31.43,2.15,0.0,0.0,0.0,1.0,0,history,time_segment_shift_history,segment_cycle_time,global_hour,global_hour,"Нужно 0 кур.; прогноз 0.0 заказа/ч; окно block_18_24: история 0.00, цикл 0.00; выбрано: историческая производительность; страховой запас 0%"
179,Клево на Петровке,non_kfm,2026-09-28,21,21:00-22:00,low,block_18_24,bike,0.01,0.08,9.94,15.71,31.43,2.15,0.0,0.0,0.0,1.0,0,history,time_segment_shift_history,segment_cycle_time,global_hour,global_hour,"Нужно 0 кур.; прогноз 0.0 заказа/ч; окно block_18_24: история 0.00, цикл 0.00; выбрано: историческая производительность; страховой запас 0%"
179,Клево на Петровке,non_kfm,2026-09-28,22,22:00-23:00,low,block_18_24,bike,0.01,0.08,9.8,15.71,31.43,2.15,0.0,0.0,0.0,1.0,0,history,time_segment_shift_history,segment_cycle_time,global_hour,global_hour,"Нужно 0 кур.; прогноз 0.0 заказа/ч; окно block_18_24: история 0.00, цикл 0.00; выбрано: историческая производительность; страховой запас 0%"
184,Pasiba Sushi  Марьина Роща,non_kfm,2026-09-28,11,11:00-12:00,low,block_06_12,auto,0.03,0.1,22.82,39.25,78.51,1.47,0.0,0.0,0.0,1.0,0,history,time_segment_shift_history,segment_cycle_time,global_hour,global_hour,"Нужно 0 кур.; прогноз 0.0 заказа/ч; окно block_06_12: история 0.00, цикл 0.00; выбрано: историческая производительность; страховой запас 0%"
184,Pasiba Sushi  Марьина Роща,non_kfm,2026-09-28,12,12:00-13:00,low,block_12_18,auto,0.06,0.3,23.54,31.89,63.79,1.3,0.0,0.0,0.0,1.0,0,history,time_segment_shift_history,segment_cycle_time,global_hour,global_hour,"Нужно 0 кур.; прогноз 0.1 заказа/ч; окно block_12_18: история 0.00, цикл 0.00; выбрано: историческая производительность; страховой запас 0%"
184,Pasiba Sushi  Марьина Роща,non_kfm,2026-09-28,13,13:00-14:00,low,block_12_18,auto,0.06,0.3,23.55,31.89,63.79,1.3,0.0,0.0,0.0,1.0,0,history,time_segment_shift_history,segment_cycle_time,global_hour,global_hour,"Нужно 0 кур.; прогноз 0.1 заказа/ч; окно block_12_18: история 0.00, цикл 0.00; выбрано: историческая производительность; страховой запас 0%"
184,Pasiba Sushi  Марьина Роща,non_kfm,2026-09-28,14,14:00-15:00,low,block_12_18,auto,0.05,0.3,24.06,31.89,63.79,1.3,0.0,0.0,0.0,1.0,0,history,time_segment_shift_history,segment_cycle_time,global_hour,global_hour,"Нужно 0 кур.; прогноз 0.1 заказа/ч; окно block_12_18: история 0.00, цикл 0.00; выбрано: историческая производительность; страховой запас 0%"
184,Pasiba Sushi  Марьина Роща,non_kfm,2026-09-28,15,15:00-16:00,low,block_12_18,auto,0.05,0.3,24.51,31.89,63.79,1.3,0.0,0.0,0.0,1.0,0,history,time_segment_shift_history,segment_cycle_time,global_hour,global_hour,"Нужно 0 кур.; прогноз 0.0 заказа/ч; окно block_12_18: история 0.00, цикл 0.00; выбрано: историческая производительность; страховой запас 0%"
184,Pasiba Sushi  Марьина Роща,non_kfm,2026-09-28,16,16:00-17:00,low,block_12_18,auto,0.04,0.3,25.16,31.89,63.79,1.3,0.0,0.0,0.0,1.0,0,history,time_segment_shift_history,segment_cycle_time,global_hour,global_hour,"Нужно 0 кур.; прогноз 0.0 заказа/ч; окно block_12_18: история 0.00, цикл 0.00; выбрано: историческая производительность; страховой запас 0%"
184,Pasiba Sushi  Марьина Роща,non_kfm,2026-09-28,17,17:00-18:00,low,block_12_18,auto,0.04,0.3,27.66,31.89,63.79,1.3,0.0,0.0,0.0,1.0,0,history,time_segment_shift_history,segment_cycle_time,global_hour,global_hour,"Нужно 0 кур.; прогноз 0.0 заказа/ч; окно block_12_18: история 0.00, цикл 0.00; выбрано: историческая производительность; страховой запас 0%"
184,Pasiba Sushi  Марьина Роща,non_kfm,2026-09-28,18,18:00-19:00,low,block_18_24,auto,0.07,0.29,27.41,32.87,65.74,1.71,0.0,0.0,0.0,1.0,0,history,time_segment_shift_history,segment_cycle_time,global_hour,global_hour,"Нужно 0 кур.; прогноз 0.1 заказа/ч; окно block_18_24: история 0.00, цикл 0.00; выбрано: историческая производительность; страховой запас 0%"
184,Pasiba Sushi  Марьина Роща,non_kfm,2026-09-28,19,19:00-20:00,low,block_18_24,auto,0.07,0.29,26.64,32.87,65.74,1.71,0.0,0.0,0.0,1.0,0,history,time_segment_shift_history,segment_cycle_time,global_hour,global_hour,"Нужно 0 кур.; прогноз 0.1 заказа/ч; окно block_18_24: история 0.00, цикл 0.00; выбрано: историческая производительность; страховой запас 0%"
184,Pasiba Sushi  Марьина Роща,non_kfm,2026-09-28,20,20:00-21:00,low,block_18_24,auto,0.06,0.29,23.12,32.87,65.74,1.71,0.0,0.0,0.0,1.0,0,history,time_segment_shift_history,segment_cycle_time,global_hour,global_hour,"Нужно 0 кур.; прогноз 0.1 заказа/ч; окно block_18_24: история 0.00, цикл 0.00; выбрано: историческая производительность; страховой запас 0%"
184,Pasiba Sushi  Марьина Роща,non_kfm,2026-09-28,21,21:00-22:00,low,block_18_24,auto,0.05,0.29,21.83,32.87,65.74,1.71,0.0,0.0,0.0,1.0,0,history,time_segment_shift_history,segment_cycle_time,global_hour,global_hour,"Нужно 0 кур.; прогноз 0.0 заказа/ч; окно block_18_24: история 0.00, цикл 0.00; выбрано: историческая производительность; страховой запас 0%"
184,Pasiba Sushi  Марьина Роща,non_kfm,2026-09-28,22,22:00-23:00,low,block_18_24,auto,0.03,0.29,16.14,32.87,65.74,1.71,0.0,0.0,0.0,1.0,0,history,time_segment_shift_history,segment_cycle_time,global_hour,global_hour,"Нужно 0 кур.; прогноз 0.0 заказа/ч; окно block_18_24: история 0.00, цикл 0.00; выбрано: историческая производительность; страховой запас 0%"
184,Pasiba Sushi  Марьина Роща,non_kfm,2026-09-28,11,11:00-12:00,low,block_06_12,bike,0.01,0.05,10.41,11.11,22.21,2.94,0.0,0.0,0.0,1.0,0,history,time_segment_shift_history,segment_cycle_time,global_hour,global_hour,"Нужно 0 кур.; прогноз 0.0 заказа/ч; окно block_06_12: история 0.00, цикл 0.00; выбрано: историческая производительность; страховой запас 0%"
184,Pasiba Sushi  Марьина Роща,non_kfm,2026-09-28,12,12:00-13:00,low,block_12_18,bike,0.0,0.02,10.37,13.37,26.74,2.95,0.0,0.0,0.0,1.0,0,history,time_segment_shift_history,segment_cycle_time,global_hour,global_hour,"Нужно 0 кур.; прогноз 0.0 заказа/ч; окно block_12_18: история 0.00, цикл 0.00; выбрано: историческая производительность; страховой запас 0%"
184,Pasiba Sushi  Марьина Роща,non_kfm,2026-09-28,13,13:00-14:00,low,block_12_18,bike,0.0,0.02,10.39,13.37,26.74,2.95,0.0,0.0,0.0,1.0,0,history,time_segment_shift_history,segment_cycle_time,global_hour,global_hour,"Нужно 0 кур.; прогноз 0.0 заказа/ч; окно block_12_18: история 0.00, цикл 0.00; выбрано: историческая производительность; страховой запас 0%"
184,Pasiba Sushi  Марьина Роща,non_kfm,2026-09-28,14,14:00-15:00,low,block_12_18,bike,0.0,0.02,10.2,13.37,26.74,2.95,0.0,0.0,0.0,1.0,0,history,time_segment_shift_history,segment_cycle_time,global_hour,global_hour,"Нужно 0 кур.; прогноз 0.0 заказа/ч; окно block_12_18: история 0.00, цикл 0.00; выбрано: историческая производительность; страховой запас 0%"
184,Pasiba Sushi  Марьина Роща,non_kfm,2026-09-28,15,15:00-16:00,low,block_12_18,bike,0.0,0.02,10.75,13.37,26.74,2.95,0.0,0.0,0.0,1.0,0,history,time_segment_shift_history,segment_cycle_time,global_hour,global_hour,"Нужно 0 кур.; прогноз 0.0 заказа/ч; окно block_12_18: история 0.00, цикл 0.00; выбрано: историческая производительность; страховой запас 0%"
184,Pasiba Sushi  Марьина Роща,non_kfm,2026-09-28,16,16:00-17:00,low,block_12_18,bike,0.0,0.02,11.02,13.37,26.74,2.95,0.0,0.0,0.0,1.0,0,history,time_segment_shift_history,segment_cycle_time,global_hour,global_hour,"Нужно 0 кур.; прогноз 0.0 заказа/ч; окно block_12_18: история 0.00, цикл 0.00; выбрано: историческая производительность; страховой запас 0%"
184,Pasiba Sushi  Марьина Роща,non_kfm,2026-09-28,17,17:00-18:00,low,block_12_18,bike,0.0,0.02,10.83,13.37,26.74,2.95,0.0,0.0,0.0,1.0,0,history,time_segment_shift_history,segment_cycle_time,global_hour,global_hour,"Нужно 0 кур.; прогноз 0.0 заказа/ч; окно block_12_18: история 0.00, цикл 0.00; выбрано: историческая производительность; страховой запас 0%"
184,Pasiba Sushi  Марьина Роща,non_kfm,2026-09-28,18,18:00-19:00,low,block_18_24,bike,0.03,0.11,11.1,15.71,31.43,2.15,0.0,0.0,0.0,1.0,0,history,time_segment_shift_history,segment_cycle_time,global_hour,global_hour,"Нужно 0 кур.; прогноз 0.0 заказа/ч; окно block_18_24: история 0.00, цикл 0.00; выбрано: историческая производительность; страховой запас 0%"
184,Pasiba Sushi  Марьина Роща,non_kfm,2026-09-28,19,19:00-20:00,low,block_18_24,bike,0.03,0.11,10.71,15.71,31.43,2.15,0.0,0.0,0.0,1.0,0,history,time_segment_shift_history,segment_cycle_time,global_hour,global_hour,"Нужно 0 кур.; прогноз 0.0 заказа/ч; окно block_18_24: история 0.00, цикл 0.00; выбрано: историческая производительность; страховой запас 0%"
184,Pasiba Sushi  Марьина Роща,non_kfm,2026-09-28,20,20:00-21:00,low,block_18_24,bike,0.02,0.11,10.4,15.71,31.43,2.15,0.0,0.0,0.0,1.0,0,history,time_segment_shift_history,segment_cycle_time,global_hour,global_hour,"Нужно 0 кур.; прогноз 0.0 заказа/ч; окно block_18_24: история 0.00, цикл 0.00; выбрано: историческая производительность; страховой запас 0%"
184,Pasiba Sushi  Марьина Роща,non_kfm,2026-09-28,21,21:00-22:00,low,block_18_24,bike,0.02,0.11,9.94,15.71,31.43,2.15,0.0,0.0,0.0,1.0,0,history,time_segment_shift_history,segment_cycle_time,global_hour,global_hour,"Нужно 0 кур.; прогноз 0.0 заказа/ч; окно block_18_24: история 0.00, цикл 0.00; выбрано: историческая производительность; страховой запас 0%"
184,Pasiba Sushi  Марьина Роща,non_kfm,2026-09-28,22,22:00-23:00,low,block_18_24,bike,0.01,0.11,9.8,15.71,31.43,2.15,0.0,0.0,0.0,1.0,0,history,time_segment_shift_history,segment_cycle_time,global_hour,global_hour,"Нужно 0 кур.; прогноз 0.0 заказа/ч; окно block_18_24: история 0.00, цикл 0.00; выбрано: историческая производительность; страховой запас 0%"
188,Мо Friends Bar & Dining Петровка,non_kfm,2026-09-28,12,12:00-13:00,low,block_12_18,auto,0.14,0.65,23.54,31.89,63.79,1.3,0.08,0.12,0.12,1.0,0,cycle_time,time_segment_shift_history,segment_cycle_time,global_hour,global_hour,"Нужно 0 кур.; прогноз 0.1 заказа/ч; окно block_12_18: история 0.08, цикл 0.12; выбрано: время полного цикла доставки; страховой запас 0%"
188,Мо Friends Bar & Dining Петровка,non_kfm,2026-09-28,13,13:00-14:00,low,block_12_18,auto,0.14,0.65,23.55,31.89,63.79,1.3,0.08,0.12,0.12,1.0,0,cycle_time,time_segment_shift_history,segment_cycle_time,global_hour,global_hour,"Нужно 0 кур.; прогноз 0.1 заказа/ч; окно block_12_18: история 0.08, цикл 0.12; выбрано: время полного цикла доставки; страховой запас 0%"
188,Мо Friends Bar & Dining Петровка,non_kfm,2026-09-28,14,14:00-15:00,low,block_12_18,auto,0.12,0.65,24.06,31.89,63.79,1.3,0.08,0.12,0.12,1.0,0,cycle_time,time_segment_shift_history,segment_cycle_time,global_hour,global_hour,"Нужно 0 кур.; прогноз 0.1 заказа/ч; окно block_12_18: история 0.08, цикл 0.12; выбрано: время полного цикла доставки; страховой запас 0%"
188,Мо Friends Bar & Dining Петровка,non_kfm,2026-09-28,15,15:00-16:00,low,block_12_18,auto,0.1,0.65,24.51,31.89,63.79,1.3,0.08,0.12,0.12,1.0,0,cycle_time,time_segment_shift_history,segment_cycle_time,global_hour,global_hour,"Нужно 0 кур.; прогноз 0.1 заказа/ч; окно block_12_18: история 0.08, цикл 0.12; выбрано: время полного цикла доставки; страховой запас 0%"
188,Мо Friends Bar & Dining Петровка,non_kfm,2026-09-28,16,16:00-17:00,low,block_12_18,auto,0.08,0.65,25.16,31.89,63.79,1.3,0.08,0.12,0.12,1.0,0,cycle_time,time_segment_shift_history,segment_cycle_time,global_hour,global_hour,"Нужно 0 кур.; прогноз 0.1 заказа/ч; окно block_12_18: история 0.08, цикл 0.12; выбрано: время полного цикла доставки; страховой запас 0%"
188,Мо Friends Bar & Dining Петровка,non_kfm,2026-09-28,17,17:00-18:00,low,block_12_18,auto,0.08,0.65,27.66,31.89,63.79,1.3,0.08,0.12,0.12,1.0,0,cycle_time,time_segment_shift_history,segment_cycle_time,global_hour,global_hour,"Нужно 0 кур.; прогноз 0.1 заказа/ч; окно block_12_18: история 0.08, цикл 0.12; выбрано: время полного цикла доставки; страховой запас 0%"
188,Мо Friends Bar & Dining Петровка,non_kfm,2026-09-28,18,18:00-19:00,low,block_18_24,auto,0.12,0.5,27.41,32.87,65.74,1.71,0.05,0.09,0.09,1.0,0,cycle_time,time_segment_shift_history,segment_cycle_time,global_hour,global_hour,"Нужно 0 кур.; прогноз 0.1 заказа/ч; окно block_18_24: история 0.05, цикл 0.09; выбрано: время полного цикла доставки; страховой запас 0%"
188,Мо Friends Bar & Dining Петровка,non_kfm,2026-09-28,19,19:00-20:00,low,block_18_24,auto,0.12,0.5,26.64,32.87,65.74,1.71,0.05,0.09,0.09,1.0,0,cycle_time,time_segment_shift_history,segment_cycle_time,global_hour,global_hour,"Нужно 0 кур.; прогноз 0.1 заказа/ч; окно block_18_24: история 0.05, цикл 0.09; выбрано: время полного цикла доставки; страховой запас 0%"
188,Мо Friends Bar & Dining Петровка,non_kfm,2026-09-28,12,12:00-13:00,low,block_12_18,bike,0.01,0.04,10.37,13.37,26.74,2.95,0.0,0.0,0.0,1.0,0,history,time_segment_shift_history,segment_cycle_time,global_hour,global_hour,"Нужно 0 кур.; прогноз 0.0 заказа/ч; окно block_12_18: история 0.00, цикл 0.00; выбрано: историческая производительность; страховой запас 0%"
188,Мо Friends Bar & Dining Петровка,non_kfm,2026-09-28,13,13:00-14:00,low,block_12_18,bike,0.01,0.04,10.39,13.37,26.74,2.95,0.0,0.0,0.0,1.0,0,history,time_segment_shift_history,segment_cycle_time,global_hour,global_hour,"Нужно 0 кур.; прогноз 0.0 заказа/ч; окно block_12_18: история 0.00, цикл 0.00; выбрано: историческая производительность; страховой запас 0%"
188,Мо Friends Bar & Dining Петровка,non_kfm,2026-09-28,14,14:00-15:00,low,block_12_18,bike,0.01,0.04,10.2,13.37,26.74,2.95,0.0,0.0,0.0,1.0,0,history,time_segment_shift_history,segment_cycle_time,global_hour,global_hour,"Нужно 0 кур.; прогноз 0.0 заказа/ч; окно block_12_18: история 0.00, цикл 0.00; выбрано: историческая производительность; страховой запас 0%"
188,Мо Friends Bar & Dining Петровка,non_kfm,2026-09-28,15,15:00-16:00,low,block_12_18,bike,0.01,0.04,10.75,13.37,26.74,2.95,0.0,0.0,0.0,1.0,0,history,time_segment_shift_history,segment_cycle_time,global_hour,global_hour,"Нужно 0 кур.; прогноз 0.0 заказа/ч; окно block_12_18: история 0.00, цикл 0.00; выбрано: историческая производительность; страховой запас 0%"
188,Мо Friends Bar & Dining Петровка,non_kfm,2026-09-28,16,16:00-17:00,low,block_12_18,bike,0.01,0.04,11.02,13.37,26.74,2.95,0.0,0.0,0.0,1.0,0,history,time_segment_shift_history,segment_cycle_time,global_hour,global_hour,"Нужно 0 кур.; прогноз 0.0 заказа/ч; окно block_12_18: история 0.00, цикл 0.00; выбрано: историческая производительность; страховой запас 0%"
188,Мо Friends Bar & Dining Петровка,non_kfm,2026-09-28,17,17:00-18:00,low,block_12_18,bike,0.01,0.04,10.83,13.37,26.74,2.95,0.0,0.0,0.0,1.0,0,history,time_segment_shift_history,segment_cycle_time,global_hour,global_hour,"Нужно 0 кур.; прогноз 0.0 заказа/ч; окно block_12_18: история 0.00, цикл 0.00; выбрано: историческая производительность; страховой запас 0%"
188,Мо Friends Bar & Dining Петровка,non_kfm,2026-09-28,18,18:00-19:00,low,block_18_24,bike,0.05,0.2,11.1,15.71,31.43,2.15,0.0,0.0,0.0,1.0,0,history,time_segment_shift_history,segment_cycle_time,global_hour,global_hour,"Нужно 0 кур.; прогноз 0.0 заказа/ч; окно block_18_24: история 0.00, цикл 0.00; выбрано: историческая производительность; страховой запас 0%"
188,Мо Friends Bar & Dining Петровка,non_kfm,2026-09-28,19,19:00-20:00,low,block_18_24,bike,0.05,0.2,10.71,15.71,31.43,2.15,0.0,0.0,0.0,1.0,0,history,time_segment_shift_history,segment_cycle_time,global_hour,global_hour,"Нужно 0 кур.; прогноз 0.0 заказа/ч; окно block_18_24: история 0.00, цикл 0.00; выбрано: историческая производительность; страховой запас 0%"
19,Conversation Никитская,non_kfm,2026-09-28,9,09:00-10:00,medium,block_06_12,auto,0.4,1.51,36.57,25.76,51.51,1.47,0.17,0.22,0.22,1.0,0,cycle_time,segment_shift_history,segment_cycle_time,location_hour,location_hour,"Нужно 0 кур.; прогноз 0.4 заказа/ч; окно block_06_12: история 0.17, цикл 0.22; выбрано: время полного цикла доставки; страховой запас 0%"
19,Conversation Никитская,non_kfm,2026-09-28,10,10:00-11:00,medium,block_06_12,auto,0.4,1.51,39.2,25.76,51.51,1.47,0.17,0.22,0.22,1.0,0,cycle_time,segment_shift_history,segment_cycle_time,location_hour,location_hour,"Нужно 0 кур.; прогноз 0.4 заказа/ч; окно block_06_12: история 0.17, цикл 0.22; выбрано: время полного цикла доставки; страховой запас 0%"
19,Conversation Никитская,non_kfm,2026-09-28,11,11:00-12:00,medium,block_06_12,auto,0.7,1.51,35.74,25.76,51.51,1.47,0.17,0.22,0.22,1.0,0,cycle_time,segment_shift_history,segment_cycle_time,location_hour,location_hour,"Нужно 0 кур.; прогноз 0.7 заказа/ч; окно block_06_12: история 0.17, цикл 0.22; выбрано: время полного цикла доставки; страховой запас 0%"
19,Conversation Никитская,non_kfm,2026-09-28,12,12:00-13:00,medium,block_12_18,auto,0.1,0.99,35.46,52.44,104.88,1.29,0.13,0.29,0.29,1.0,0,cycle_time,segment_shift_history,location_cycle_time,location_hour,location_hour,"Нужно 0 кур.; прогноз 0.1 заказа/ч; окно block_12_18: история 0.13, цикл 0.29; выбрано: время полного цикла доставки; страховой запас 0%"
19,Conversation Никитская,non_kfm,2026-09-28,13,13:00-14:00,medium,block_12_18,auto,0.2,0.99,35.55,52.44,104.88,1.29,0.13,0.29,0.29,1.0,0,cycle_time,segment_shift_history,location_cycle_time,location_hour,location_hour,"Нужно 0 кур.; прогноз 0.2 заказа/ч; окно block_12_18: история 0.13, цикл 0.29; выбрано: время полного цикла доставки; страховой запас 0%"
19,Conversation Никитская,non_kfm,2026-09-28,14,14:00-15:00,medium,block_12_18,auto,0.2,0.99,44.1,52.44,104.88,1.29,0.13,0.29,0.29,1.0,0,cycle_time,segment_shift_history,location_cycle_time,location_hour,location_hour,"Нужно 0 кур.; прогноз 0.2 заказа/ч; окно block_12_18: история 0.13, цикл 0.29; выбрано: время полного цикла доставки; страховой запас 0%"
19,Conversation Никитская,non_kfm,2026-09-28,15,15:00-16:00,medium,block_12_18,auto,0.2,0.99,38.18,52.44,104.88,1.29,0.13,0.29,0.29,1.0,0,cycle_time,segment_shift_history,location_cycle_time,location_hour,location_hour,"Нужно 0 кур.; прогноз 0.2 заказа/ч; окно block_12_18: история 0.13, цикл 0.29; выбрано: время полного цикла доставки; страховой запас 0%"
19,Conversation Никитская,non_kfm,2026-09-28,16,16:00-17:00,medium,block_12_18,auto,0.2,0.99,57.08,52.44,104.88,1.29,0.13,0.29,0.29,1.0,0,cycle_time,segment_shift_history,location_cycle_time,location_hour,location_hour,"Нужно 0 кур.; прогноз 0.2 заказа/ч; окно block_12_18: история 0.13, цикл 0.29; выбрано: время полного цикла доставки; страховой запас 0%"
19,Conversation Никитская,non_kfm,2026-09-28,17,17:00-18:00,medium,block_12_18,auto,0.1,0.99,59.31,52.44,104.88,1.29,0.13,0.29,0.29,1.0,0,cycle_time,segment_shift_history,location_cycle_time,location_hour,location_hour,"Нужно 0 кур.; прогноз 0.1 заказа/ч; окно block_12_18: история 0.13, цикл 0.29; выбрано: время полного цикла доставки; страховой запас 0%"
19,Conversation Никитская,non_kfm,2026-09-28,18,18:00-19:00,medium,block_18_24,auto,0.22,0.99,47.37,28.42,56.85,1.69,0.1,0.16,0.16,1.0,0,cycle_time,segment_shift_history,segment_cycle_time,location_hour,location_hour,"Нужно 0 кур.; прогноз 0.2 заказа/ч; окно block_18_24: история 0.10, цикл 0.16; выбрано: время полного цикла доставки; страховой запас 0%"
19,Conversation Никитская,non_kfm,2026-09-28,19,19:00-20:00,medium,block_18_24,auto,0.33,0.99,42.27,28.42,56.85,1.69,0.1,0.16,0.16,1.0,0,cycle_time,segment_shift_history,segment_cycle_time,location_hour,location_hour,"Нужно 0 кур.; прогноз 0.3 заказа/ч; окно block_18_24: история 0.10, цикл 0.16; выбрано: время полного цикла доставки; страховой запас 0%"
19,Conversation Никитская,non_kfm,2026-09-28,20,20:00-21:00,medium,block_18_24,auto,0.33,0.99,31.15,28.42,56.85,1.69,0.1,0.16,0.16,1.0,0,cycle_time,segment_shift_history,segment_cycle_time,location_hour,location_hour,"Нужно 0 кур.; прогноз 0.3 заказа/ч; окно block_18_24: история 0.10, цикл 0.16; выбрано: время полного цикла доставки; страховой запас 0%"
19,Conversation Никитская,non_kfm,2026-09-28,21,21:00-22:00,medium,block_18_24,auto,0.11,0.99,25.27,28.42,56.85,1.69,0.1,0.16,0.16,1.0,0,cycle_time,segment_shift_history,segment_cycle_time,location_hour,location_hour,"Нужно 0 кур.; прогноз 0.1 заказа/ч; окно block_18_24: история 0.10, цикл 0.16; выбрано: время полного цикла доставки; страховой запас 0%"
222,Ирис Химки,non_kfm,2026-09-28,6,06:00-07:00,low,block_06_12,auto,0.06,2.19,27.33,39.25,78.51,1.47,0.25,0.48,0.48,1.0,0,cycle_time,time_segment_shift_history,segment_cycle_time,global_hour,global_hour,"Нужно 0 кур.; прогноз 0.1 заказа/ч; окно block_06_12: история 0.25, цикл 0.48; выбрано: время полного цикла доставки; страховой запас 0%"
222,Ирис Химки,non_kfm,2026-09-28,7,07:00-08:00,low,block_06_12,auto,0.16,2.19,24.32,39.25,78.51,1.47,0.25,0.48,0.48,1.0,0,cycle_time,time_segment_shift_history,segment_cycle_time,global_hour,global_hour,"Нужно 0 кур.; прогноз 0.2 заказа/ч; окно block_06_12: история 0.25, цикл 0.48; выбрано: время полного цикла доставки; страховой запас 0%"
222,Ирис Химки,non_kfm,2026-09-28,8,08:00-09:00,low,block_06_12,auto,0.4,2.19,22.41,39.25,78.51,1.47,0.25,0.48,0.48,1.0,0,cycle_time,time_segment_shift_history,segment_cycle_time,global_hour,global_hour,"Нужно 0 кур.; прогноз 0.4 заказа/ч; окно block_06_12: история 0.25, цикл 0.48; выбрано: время полного цикла доставки; страховой запас 0%"
222,Ирис Химки,non_kfm,2026-09-28,9,09:00-10:00,low,block_06_12,auto,0.5,2.19,21.64,39.25,78.51,1.47,0.25,0.48,0.48,1.0,0,cycle_time,time_segment_shift_history,segment_cycle_time,global_hour,global_hour,"Нужно 0 кур.; прогноз 0.5 заказа/ч; окно block_06_12: история 0.25, цикл 0.48; выбрано: время полного цикла доставки; страховой запас 0%"
222,Ирис Химки,non_kfm,2026-09-28,10,10:00-11:00,low,block_06_12,auto,0.52,2.19,21.71,39.25,78.51,1.47,0.25,0.48,0.48,1.0,0,cycle_time,time_segment_shift_history,segment_cycle_time,global_hour,global_hour,"Нужно 0 кур.; прогноз 0.5 заказа/ч; окно block_06_12: история 0.25, цикл 0.48; выбрано: время полного цикла доставки; страховой запас 0%"
222,Ирис Химки,non_kfm,2026-09-28,11,11:00-12:00,low,block_06_12,auto,0.56,2.19,22.82,39.25,78.51,1.47,0.25,0.48,0.48,1.0,0,cycle_time,time_segment_shift_history,segment_cycle_time,global_hour,global_hour,"Нужно 0 кур.; прогноз 0.6 заказа/ч; окно block_06_12: история 0.25, цикл 0.48; выбрано: время полного цикла доставки; страховой запас 0%"
222,Ирис Химки,non_kfm,2026-09-28,12,12:00-13:00,low,block_12_18,auto,0.24,1.14,23.54,31.89,63.79,1.3,0.15,0.2,0.2,1.0,0,cycle_time,time_segment_shift_history,segment_cycle_time,global_hour,global_hour,"Нужно 0 кур.; прогноз 0.2 заказа/ч; окно block_12_18: история 0.15, цикл 0.20; выбрано: время полного цикла доставки; страховой запас 0%"
222,Ирис Химки,non_kfm,2026-09-28,13,13:00-14:00,low,block_12_18,auto,0.24,1.14,23.55,31.89,63.79,1.3,0.15,0.2,0.2,1.0,0,cycle_time,time_segment_shift_history,segment_cycle_time,global_hour,global_hour,"Нужно 0 кур.; прогноз 0.2 заказа/ч; окно block_12_18: история 0.15, цикл 0.20; выбрано: время полного цикла доставки; страховой запас 0%"
222,Ирис Химки,non_kfm,2026-09-28,14,14:00-15:00,low,block_12_18,auto,0.21,1.14,24.06,31.89,63.79,1.3,0.15,0.2,0.2,1.0,0,cycle_time,time_segment_shift_history,segment_cycle_time,global_hour,global_hour,"Нужно 0 кур.; прогноз 0.2 заказа/ч; окно block_12_18: история 0.15, цикл 0.20; выбрано: время полного цикла доставки; страховой запас 0%"
222,Ирис Химки,non_kfm,2026-09-28,15,15:00-16:00,low,block_12_18,auto,0.17,1.14,24.51,31.89,63.79,1.3,0.15,0.2,0.2,1.0,0,cycle_time,time_segment_shift_history,segment_cycle_time,global_hour,global_hour,"Нужно 0 кур.; прогноз 0.2 заказа/ч; окно block_12_18: история 0.15, цикл 0.20; выбрано: время полного цикла доставки; страховой запас 0%"
222,Ирис Химки,non_kfm,2026-09-28,16,16:00-17:00,low,block_12_18,auto,0.14,1.14,25.16,31.89,63.79,1.3,0.15,0.2,0.2,1.0,0,cycle_time,time_segment_shift_history,segment_cycle_time,global_hour,global_hour,"Нужно 0 кур.; прогноз 0.1 заказа/ч; окно block_12_18: история 0.15, цикл 0.20; выбрано: время полного цикла доставки; страховой запас 0%"
222,Ирис Химки,non_kfm,2026-09-28,17,17:00-18:00,low,block_12_18,auto,0.14,1.14,27.66,31.89,63.79,1.3,0.15,0.2,0.2,1.0,0,cycle_time,time_segment_shift_history,segment_cycle_time,global_hour,global_hour,"Нужно 0 кур.; прогноз 0.1 заказа/ч; окно block_12_18: история 0.15, цикл 0.20; выбрано: время полного цикла доставки; страховой запас 0%"
222,Ирис Химки,non_kfm,2026-09-28,18,18:00-19:00,low,block_18_24,auto,0.18,0.79,27.41,32.87,65.74,1.71,0.08,0.14,0.14,1.0,0,cycle_time,time_segment_shift_history,segment_cycle_time,global_hour,global_hour,"Нужно 0 кур.; прогноз 0.2 заказа/ч; окно block_18_24: история 0.08, цикл 0.14; выбрано: время полного цикла доставки; страховой запас 0%"
222,Ирис Химки,non_kfm,2026-09-28,19,19:00-20:00,low,block_18_24,auto,0.19,0.79,26.64,32.87,65.74,1.71,0.08,0.14,0.14,1.0,0,cycle_time,time_segment_shift_history,segment_cycle_time,global_hour,global_hour,"Нужно 0 кур.; прогноз 0.2 заказа/ч; окно block_18_24: история 0.08, цикл 0.14; выбрано: время полного цикла доставки; страховой запас 0%"
222,Ирис Химки,non_kfm,2026-09-28,20,20:00-21:00,low,block_18_24,auto,0.17,0.79,23.12,32.87,65.74,1.71,0.08,0.14,0.14,1.0,0,cycle_time,time_segment_shift_history,segment_cycle_time,global_hour,global_hour,"Нужно 0 кур.; прогноз 0.2 заказа/ч; окно block_18_24: история 0.08, цикл 0.14; выбрано: время полного цикла доставки; страховой запас 0%"
222,Ирис Химки,non_kfm,2026-09-28,21,21:00-22:00,low,block_18_24,auto,0.13,0.79,21.83,32.87,65.74,1.71,0.08,0.14,0.14,1.0,0,cycle_time,time_segment_shift_history,segment_cycle_time,global_hour,global_hour,"Нужно 0 кур.; прогноз 0.1 заказа/ч; окно block_18_24: история 0.08, цикл 0.14; выбрано: время полного цикла доставки; страховой запас 0%"
222,Ирис Химки,non_kfm,2026-09-28,22,22:00-23:00,low,block_18_24,auto,0.07,0.79,16.14,32.87,65.74,1.71,0.08,0.14,0.14,1.0,0,cycle_time,time_segment_shift_history,segment_cycle_time,global_hour,global_hour,"Нужно 0 кур.; прогноз 0.1 заказа/ч; окно block_18_24: история 0.08, цикл 0.14; выбрано: время полного цикла доставки; страховой запас 0%"
23,I Love Cake,non_kfm,2026-09-28,10,10:00-11:00,low,block_06_12,auto,0.08,0.17,73.55,39.25,78.51,1.47,0.0,0.0,0.0,1.0,0,history,time_segment_shift_history,segment_cycle_time,location_hour,location_hour,"Нужно 0 кур.; прогноз 0.1 заказа/ч; окно block_06_12: история 0.00, цикл 0.00; выбрано: историческая производительность; страховой запас 0%"
23,I Love Cake,non_kfm,2026-09-28,11,11:00-12:00,low,block_06_12,auto,0.08,0.17,12.53,39.25,78.51,1.47,0.0,0.0,0.0,1.0,0,history,time_segment_shift_history,segment_cycle_time,location_hour,location_hour,"Нужно 0 кур.; прогноз 0.1 заказа/ч; окно block_06_12: история 0.00, цикл 0.00; выбрано: историческая производительность; страховой запас 0%"
23,I Love Cake,non_kfm,2026-09-28,14,14:00-15:00,low,block_12_18,auto,0.24,0.24,24.06,31.89,63.79,1.3,0.0,0.0,0.0,1.0,0,history,time_segment_shift_history,segment_cycle_time,location_hour,global_hour,"Нужно 0 кур.; прогноз 0.2 заказа/ч; окно block_12_18: история 0.00, цикл 0.00; выбрано: историческая производительность; страховой запас 0%"
23,I Love Cake,non_kfm,2026-09-28,18,18:00-19:00,low,block_18_24,auto,0.2,0.2,27.41,32.87,65.74,1.71,0.0,0.0,0.0,1.0,0,history,time_segment_shift_history,segment_cycle_time,location_hour,global_hour,"Нужно 0 кур.; прогноз 0.2 заказа/ч; окно block_18_24: история 0.00, цикл 0.00; выбрано: историческая производительность; страховой запас 0%"
24,Conversation Остоженка,non_kfm,2026-09-28,9,09:00-10:00,low,block_06_12,auto,0.14,0.14,48.76,39.25,78.51,1.47,0.0,0.0,0.0,1.0,0,history,time_segment_shift_history,segment_cycle_time,location_hour,location_hour,"Нужно 0 кур.; прогноз 0.1 заказа/ч; окно block_06_12: история 0.00, цикл 0.00; выбрано: историческая производительность; страховой запас 0%"
24,Conversation Остоженка,non_kfm,2026-09-28,16,16:00-17:00,low,block_12_18,auto,0.19,0.19,25.16,31.89,63.79,1.3,0.0,0.0,0.0,1.0,0,history,time_segment_shift_history,segment_cycle_time,location_hour,global_hour,"Нужно 0 кур.; прогноз 0.2 заказа/ч; окно block_12_18: история 0.00, цикл 0.00; выбрано: историческая производительность; страховой запас 0%"
24,Conversation Остоженка,non_kfm,2026-09-28,18,18:00-19:00,low,block_18_24,auto,0.04,0.17,27.41,32.87,65.74,1.71,0.0,0.0,0.0,1.0,0,history,time_segment_shift_history,segment_cycle_time,global_hour,global_hour,"Нужно 0 кур.; прогноз 0.0 заказа/ч; окно block_18_24: история 0.00, цикл 0.00; выбрано: историческая производительность; страховой запас 0%"
24,Conversation Остоженка,non_kfm,2026-09-28,19,19:00-20:00,low,block_18_24,auto,0.04,0.17,17.93,32.87,65.74,1.71,0.0,0.0,0.0,1.0,0,history,time_segment_shift_history,segment_cycle_time,global_hour,location_hour,"Нужно 0 кур.; прогноз 0.0 заказа/ч; окно block_18_24: история 0.00, цикл 0.00; выбрано: историческая производительность; страховой запас 0%"
24,Conversation Остоженка,non_kfm,2026-09-28,20,20:00-21:00,low,block_18_24,auto,0.04,0.17,23.12,32.87,65.74,1.71,0.0,0.0,0.0,1.0,0,history,time_segment_shift_history,segment_cycle_time,global_hour,global_hour,"Нужно 0 кур.; прогноз 0.0 заказа/ч; окно block_18_24: история 0.00, цикл 0.00; выбрано: историческая производительность; страховой запас 0%"
24,Conversation Остоженка,non_kfm,2026-09-28,21,21:00-22:00,low,block_18_24,auto,0.03,0.17,21.83,32.87,65.74,1.71,0.0,0.0,0.0,1.0,0,history,time_segment_shift_history,segment_cycle_time,global_hour,global_hour,"Нужно 0 кур.; прогноз 0.0 заказа/ч; окно block_18_24: история 0.00, цикл 0.00; выбрано: историческая производительность; страховой запас 0%"
24,Conversation Остоженка,non_kfm,2026-09-28,22,22:00-23:00,low,block_18_24,auto,0.02,0.17,19.01,32.87,65.74,1.71,0.0,0.0,0.0,1.0,0,history,time_segment_shift_history,segment_cycle_time,global_hour,location_hour,"Нужно 0 кур.; прогноз 0.0 заказа/ч; окно block_18_24: история 0.00, цикл 0.00; выбрано: историческая производительность; страховой запас 0%"
255,Falko Pizza Народное Ополчение,non_kfm,2026-09-28,8,08:00-09:00,low,block_06_12,auto,0.02,0.12,22.41,39.25,78.51,1.47,0.0,0.0,0.0,1.0,0,history,time_segment_shift_history,segment_cycle_time,global_hour,global_hour,"Нужно 0 кур.; прогноз 0.0 заказа/ч; окно block_06_12: история 0.00, цикл 0.00; выбрано: историческая производительность; страховой запас 0%"
255,Falko Pizza Народное Ополчение,non_kfm,2026-09-28,9,09:00-10:00,low,block_06_12,auto,0.03,0.12,21.64,39.25,78.51,1.47,0.0,0.0,0.0,1.0,0,history,time_segment_shift_history,segment_cycle_time,global_hour,global_hour,"Нужно 0 кур.; прогноз 0.0 заказа/ч; окно block_06_12: история 0.00, цикл 0.00; выбрано: историческая производительность; страховой запас 0%"
255,Falko Pizza Народное Ополчение,non_kfm,2026-09-28,10,10:00-11:00,low,block_06_12,auto,0.03,0.12,21.71,39.25,78.51,1.47,0.0,0.0,0.0,1.0,0,history,time_segment_shift_history,segment_cycle_time,global_hour,global_hour,"Нужно 0 кур.; прогноз 0.0 заказа/ч; окно block_06_12: история 0.00, цикл 0.00; выбрано: историческая производительность; страховой запас 0%"
255,Falko Pizza Народное Ополчение,non_kfm,2026-09-28,11,11:00-12:00,low,block_06_12,auto,0.03,0.12,22.82,39.25,78.51,1.47,0.0,0.0,0.0,1.0,0,history,time_segment_shift_history,segment_cycle_time,global_hour,global_hour,"Нужно 0 кур.; прогноз 0.0 заказа/ч; окно block_06_12: история 0.00, цикл 0.00; выбрано: историческая производительность; страховой запас 0%"
255,Falko Pizza Народное Ополчение,non_kfm,2026-09-28,12,12:00-13:00,low,block_12_18,auto,0.03,0.16,23.54,31.89,63.79,1.3,0.0,0.0,0.0,1.0,0,history,time_segment_shift_history,segment_cycle_time,global_hour,global_hour,"Нужно 0 кур.; прогноз 0.0 заказа/ч; окно block_12_18: история 0.00, цикл 0.00; выбрано: историческая производительность; страховой запас 0%"
255,Falko Pizza Народное Ополчение,non_kfm,2026-09-28,13,13:00-14:00,low,block_12_18,auto,0.03,0.16,23.55,31.89,63.79,1.3,0.0,0.0,0.0,1.0,0,history,time_segment_shift_history,segment_cycle_time,global_hour,global_hour,"Нужно 0 кур.; прогноз 0.0 заказа/ч; окно block_12_18: история 0.00, цикл 0.00; выбрано: историческая производительность; страховой запас 0%"
255,Falko Pizza Народное Ополчение,non_kfm,2026-09-28,14,14:00-15:00,low,block_12_18,auto,0.03,0.16,24.06,31.89,63.79,1.3,0.0,0.0,0.0,1.0,0,history,time_segment_shift_history,segment_cycle_time,global_hour,global_hour,"Нужно 0 кур.; прогноз 0.0 заказа/ч; окно block_12_18: история 0.00, цикл 0.00; выбрано: историческая производительность; страховой запас 0%"
255,Falko Pizza Народное Ополчение,non_kfm,2026-09-28,15,15:00-16:00,low,block_12_18,auto,0.02,0.16,24.51,31.89,63.79,1.3,0.0,0.0,0.0,1.0,0,history,time_segment_shift_history,segment_cycle_time,global_hour,global_hour,"Нужно 0 кур.; прогноз 0.0 заказа/ч; окно block_12_18: история 0.00, цикл 0.00; выбрано: историческая производительность; страховой запас 0%"
255,Falko Pizza Народное Ополчение,non_kfm,2026-09-28,16,16:00-17:00,low,block_12_18,auto,0.02,0.16,25.16,31.89,63.79,1.3,0.0,0.0,0.0,1.0,0,history,time_segment_shift_history,segment_cycle_time,global_hour,global_hour,"Нужно 0 кур.; прогноз 0.0 заказа/ч; окно block_12_18: история 0.00, цикл 0.00; выбрано: историческая производительность; страховой запас 0%"
255,Falko Pizza Народное Ополчение,non_kfm,2026-09-28,17,17:00-18:00,low,block_12_18,auto,0.02,0.16,27.66,31.89,63.79,1.3,0.0,0.0,0.0,1.0,0,history,time_segment_shift_history,segment_cycle_time,global_hour,global_hour,"Нужно 0 кур.; прогноз 0.0 заказа/ч; окно block_12_18: история 0.00, цикл 0.00; выбрано: историческая производительность; страховой запас 0%"
255,Falko Pizza Народное Ополчение,non_kfm,2026-09-28,18,18:00-19:00,low,block_18_24,auto,0.03,0.14,27.41,32.87,65.74,1.71,0.0,0.0,0.0,1.0,0,history,time_segment_shift_history,segment_cycle_time,global_hour,global_hour,"Нужно 0 кур.; прогноз 0.0 заказа/ч; окно block_18_24: история 0.00, цикл 0.00; выбрано: историческая производительность; страховой запас 0%"
255,Falko Pizza Народное Ополчение,non_kfm,2026-09-28,19,19:00-20:00,low,block_18_24,auto,0.03,0.14,26.64,32.87,65.74,1.71,0.0,0.0,0.0,1.0,0,history,time_segment_shift_history,segment_cycle_time,global_hour,global_hour,"Нужно 0 кур.; прогноз 0.0 заказа/ч; окно block_18_24: история 0.00, цикл 0.00; выбрано: историческая производительность; страховой запас 0%"
255,Falko Pizza Народное Ополчение,non_kfm,2026-09-28,20,20:00-21:00,low,block_18_24,auto,0.03,0.14,23.12,32.87,65.74,1.71,0.0,0.0,0.0,1.0,0,history,time_segment_shift_history,segment_cycle_time,global_hour,global_hour,"Нужно 0 кур.; прогноз 0.0 заказа/ч; окно block_18_24: история 0.00, цикл 0.00; выбрано: историческая производительность; страховой запас 0%"
290,ЦБ Аврора ,non_kfm,2026-09-28,12,12:00-13:00,low,block_12_18,auto,0.06,0.29,23.54,31.89,63.79,1.3,0.0,0.0,0.0,1.0,0,history,time_segment_shift_history,segment_cycle_time,global_hour,global_hour,"Нужно 0 кур.; прогноз 0.1 заказа/ч; окно block_12_18: история 0.00, цикл 0.00; выбрано: историческая производительность; страховой запас 0%"
290,ЦБ Аврора ,non_kfm,2026-09-28,13,13:00-14:00,low,block_12_18,auto,0.06,0.29,23.55,31.89,63.79,1.3,0.0,0.0,0.0,1.0,0,history,time_segment_shift_history,segment_cycle_time,global_hour,global_hour,"Нужно 0 кур.; прогноз 0.1 заказа/ч; окно block_12_18: история 0.00, цикл 0.00; выбрано: историческая производительность; страховой запас 0%"
290,ЦБ Аврора ,non_kfm,2026-09-28,14,14:00-15:00,low,block_12_18,auto,0.05,0.29,26.71,31.89,63.79,1.3,0.0,0.0,0.0,1.0,0,history,time_segment_shift_history,segment_cycle_time,global_hour,location_hour,"Нужно 0 кур.; прогноз 0.1 заказа/ч; окно block_12_18: история 0.00, цикл 0.00; выбрано: историческая производительность; страховой запас 0%"
290,ЦБ Аврора ,non_kfm,2026-09-28,15,15:00-16:00,low,block_12_18,auto,0.04,0.29,21.7,31.89,63.79,1.3,0.0,0.0,0.0,1.0,0,history,time_segment_shift_history,segment_cycle_time,global_hour,location_hour,"Нужно 0 кур.; прогноз 0.0 заказа/ч; окно block_12_18: история 0.00, цикл 0.00; выбрано: историческая производительность; страховой запас 0%"
290,ЦБ Аврора ,non_kfm,2026-09-28,16,16:00-17:00,low,block_12_18,auto,0.04,0.29,39.95,31.89,63.79,1.3,0.0,0.0,0.0,1.0,0,history,time_segment_shift_history,segment_cycle_time,global_hour,location_hour,"Нужно 0 кур.; прогноз 0.0 заказа/ч; окно block_12_18: история 0.00, цикл 0.00; выбрано: историческая производительность; страховой запас 0%"
290,ЦБ Аврора ,non_kfm,2026-09-28,17,17:00-18:00,low,block_12_18,auto,0.04,0.29,51.85,31.89,63.79,1.3,0.0,0.0,0.0,1.0,0,history,time_segment_shift_history,segment_cycle_time,global_hour,location_hour,"Нужно 0 кур.; прогноз 0.0 заказа/ч; окно block_12_18: история 0.00, цикл 0.00; выбрано: историческая производительность; страховой запас 0%"
290,ЦБ Аврора ,non_kfm,2026-09-28,18,18:00-19:00,low,block_18_24,auto,0.05,0.23,41.7,32.87,65.74,1.71,0.0,0.0,0.0,1.0,0,history,time_segment_shift_history,segment_cycle_time,global_hour,location_hour,"Нужно 0 кур.; прогноз 0.1 заказа/ч; окно block_18_24: история 0.00, цикл 0.00; выбрано: историческая производительность; страховой запас 0%"
290,ЦБ Аврора ,non_kfm,2026-09-28,19,19:00-20:00,low,block_18_24,auto,0.05,0.23,24.21,32.87,65.74,1.71,0.0,0.0,0.0,1.0,0,history,time_segment_shift_history,segment_cycle_time,global_hour,location_hour,"Нужно 0 кур.; прогноз 0.1 заказа/ч; окно block_18_24: история 0.00, цикл 0.00; выбрано: историческая производительность; страховой запас 0%"
290,ЦБ Аврора ,non_kfm,2026-09-28,20,20:00-21:00,low,block_18_24,auto,0.05,0.23,27.21,32.87,65.74,1.71,0.0,0.0,0.0,1.0,0,history,time_segment_shift_history,segment_cycle_time,global_hour,location_hour,"Нужно 0 кур.; прогноз 0.0 заказа/ч; окно block_18_24: история 0.00, цикл 0.00; выбрано: историческая производительность; страховой запас 0%"
290,ЦБ Аврора ,non_kfm,2026-09-28,21,21:00-22:00,low,block_18_24,auto,0.04,0.23,30.89,32.87,65.74,1.71,0.0,0.0,0.0,1.0,0,history,time_segment_shift_history,segment_cycle_time,global_hour,location_hour,"Нужно 0 кур.; прогноз 0.0 заказа/ч; окно block_18_24: история 0.00, цикл 0.00; выбрано: историческая производительность; страховой запас 0%"
290,ЦБ Аврора ,non_kfm,2026-09-28,12,12:00-13:00,low,block_12_18,bike,0.0,0.02,10.37,13.37,26.74,2.95,0.0,0.0,0.0,1.0,0,history,time_segment_shift_history,segment_cycle_time,global_hour,global_hour,"Нужно 0 кур.; прогноз 0.0 заказа/ч; окно block_12_18: история 0.00, цикл 0.00; выбрано: историческая производительность; страховой запас 0%"
290,ЦБ Аврора ,non_kfm,2026-09-28,13,13:00-14:00,low,block_12_18,bike,0.0,0.02,10.39,13.37,26.74,2.95,0.0,0.0,0.0,1.0,0,history,time_segment_shift_history,segment_cycle_time,global_hour,global_hour,"Нужно 0 кур.; прогноз 0.0 заказа/ч; окно block_12_18: история 0.00, цикл 0.00; выбрано: историческая производительность; страховой запас 0%"
290,ЦБ Аврора ,non_kfm,2026-09-28,14,14:00-15:00,low,block_12_18,bike,0.0,0.02,10.2,13.37,26.74,2.95,0.0,0.0,0.0,1.0,0,history,time_segment_shift_history,segment_cycle_time,global_hour,global_hour,"Нужно 0 кур.; прогноз 0.0 заказа/ч; окно block_12_18: история 0.00, цикл 0.00; выбрано: историческая производительность; страховой запас 0%"
290,ЦБ Аврора ,non_kfm,2026-09-28,15,15:00-16:00,low,block_12_18,bike,0.0,0.02,10.75,13.37,26.74,2.95,0.0,0.0,0.0,1.0,0,history,time_segment_shift_history,segment_cycle_time,global_hour,global_hour,"Нужно 0 кур.; прогноз 0.0 заказа/ч; окно block_12_18: история 0.00, цикл 0.00; выбрано: историческая производительность; страховой запас 0%"
290,ЦБ Аврора ,non_kfm,2026-09-28,16,16:00-17:00,low,block_12_18,bike,0.0,0.02,11.02,13.37,26.74,2.95,0.0,0.0,0.0,1.0,0,history,time_segment_shift_history,segment_cycle_time,global_hour,global_hour,"Нужно 0 кур.; прогноз 0.0 заказа/ч; окно block_12_18: история 0.00, цикл 0.00; выбрано: историческая производительность; страховой запас 0%"
290,ЦБ Аврора ,non_kfm,2026-09-28,17,17:00-18:00,low,block_12_18,bike,0.0,0.02,20.06,13.37,26.74,2.95,0.0,0.0,0.0,1.0,0,history,time_segment_shift_history,segment_cycle_time,global_hour,location_hour,"Нужно 0 кур.; прогноз 0.0 заказа/ч; окно block_12_18: история 0.00, цикл 0.00; выбрано: историческая производительность; страховой запас 0%"
290,ЦБ Аврора ,non_kfm,2026-09-28,18,18:00-19:00,low,block_18_24,bike,0.02,0.09,11.1,15.71,31.43,2.15,0.0,0.0,0.0,1.0,0,history,time_segment_shift_history,segment_cycle_time,global_hour,global_hour,"Нужно 0 кур.; прогноз 0.0 заказа/ч; окно block_18_24: история 0.00, цикл 0.00; выбрано: историческая производительность; страховой запас 0%"
290,ЦБ Аврора ,non_kfm,2026-09-28,19,19:00-20:00,low,block_18_24,bike,0.02,0.09,11.87,15.71,31.43,2.15,0.0,0.0,0.0,1.0,0,history,time_segment_shift_history,segment_cycle_time,global_hour,location_hour,"Нужно 0 кур.; прогноз 0.0 заказа/ч; окно block_18_24: история 0.00, цикл 0.00; выбрано: историческая производительность; страховой запас 0%"
290,ЦБ Аврора ,non_kfm,2026-09-28,20,20:00-21:00,low,block_18_24,bike,0.02,0.09,10.4,15.71,31.43,2.15,0.0,0.0,0.0,1.0,0,history,time_segment_shift_history,segment_cycle_time,global_hour,global_hour,"Нужно 0 кур.; прогноз 0.0 заказа/ч; окно block_18_24: история 0.00, цикл 0.00; выбрано: историческая производительность; страховой запас 0%"
290,ЦБ Аврора ,non_kfm,2026-09-28,21,21:00-22:00,low,block_18_24,bike,0.01,0.09,8.3,15.71,31.43,2.15,0.0,0.0,0.0,1.0,0,history,time_segment_shift_history,segment_cycle_time,global_hour,location_hour,"Нужно 0 кур.; прогноз 0.0 заказа/ч; окно block_18_24: история 0.00, цикл 0.00; выбрано: историческая производительность; страховой запас 0%"
301,Биродром и Панчетта Дежнева,non_kfm,2026-09-28,12,12:00-13:00,low,block_12_18,auto,0.15,0.73,16.3,18.25,36.5,1.3,0.09,0.07,0.09,1.0,0,history,time_segment_shift_history,location_cycle_time,global_hour,location_hour,"Нужно 0 кур.; прогноз 0.2 заказа/ч; окно block_12_18: история 0.09, цикл 0.07; выбрано: историческая производительность; страховой запас 0%"
301,Биродром и Панчетта Дежнева,non_kfm,2026-09-28,13,13:00-14:00,low,block_12_18,auto,0.15,0.73,14.43,18.25,36.5,1.3,0.09,0.07,0.09,1.0,0,history,time_segment_shift_history,location_cycle_time,global_hour,location_hour,"Нужно 0 кур.; прогноз 0.2 заказа/ч; окно block_12_18: история 0.09, цикл 0.07; выбрано: историческая производительность; страховой запас 0%"
301,Биродром и Панчетта Дежнева,non_kfm,2026-09-28,14,14:00-15:00,low,block_12_18,auto,0.13,0.73,16.8,18.25,36.5,1.3,0.09,0.07,0.09,1.0,0,history,time_segment_shift_history,location_cycle_time,global_hour,location_hour,"Нужно 0 кур.; прогноз 0.1 заказа/ч; окно block_12_18: история 0.09, цикл 0.07; выбрано: историческая производительность; страховой запас 0%"
301,Биродром и Панчетта Дежнева,non_kfm,2026-09-28,15,15:00-16:00,low,block_12_18,auto,0.11,0.73,20.07,18.25,36.5,1.3,0.09,0.07,0.09,1.0,0,history,time_segment_shift_history,location_cycle_time,global_hour,location_hour,"Нужно 0 кур.; прогноз 0.1 заказа/ч; окно block_12_18: история 0.09, цикл 0.07; выбрано: историческая производительность; страховой запас 0%"
301,Биродром и Панчетта Дежнева,non_kfm,2026-09-28,16,16:00-17:00,low,block_12_18,auto,0.09,0.73,16.34,18.25,36.5,1.3,0.09,0.07,0.09,1.0,0,history,time_segment_shift_history,location_cycle_time,global_hour,location_hour,"Нужно 0 кур.; прогноз 0.1 заказа/ч; окно block_12_18: история 0.09, цикл 0.07; выбрано: историческая производительность; страховой запас 0%"
301,Биродром и Панчетта Дежнева,non_kfm,2026-09-28,17,17:00-18:00,low,block_12_18,auto,0.09,0.73,22.4,18.25,36.5,1.3,0.09,0.07,0.09,1.0,0,history,time_segment_shift_history,location_cycle_time,global_hour,location_hour,"Нужно 0 кур.; прогноз 0.1 заказа/ч; окно block_12_18: история 0.09, цикл 0.07; выбрано: историческая производительность; страховой запас 0%"
301,Биродром и Панчетта Дежнева,non_kfm,2026-09-28,18,18:00-19:00,low,block_18_24,auto,0.14,0.58,23.78,27.52,55.04,1.71,0.06,0.09,0.09,1.0,0,cycle_time,time_segment_shift_history,location_cycle_time,global_hour,location_hour,"Нужно 0 кур.; прогноз 0.1 заказа/ч; окно block_18_24: история 0.06, цикл 0.09; выбрано: время полного цикла доставки; страховой запас 0%"
301,Биродром и Панчетта Дежнева,non_kfm,2026-09-28,19,19:00-20:00,low,block_18_24,auto,0.14,0.58,23.32,27.52,55.04,1.71,0.06,0.09,0.09,1.0,0,cycle_time,time_segment_shift_history,location_cycle_time,global_hour,location_hour,"Нужно 0 кур.; прогноз 0.1 заказа/ч; окно block_18_24: история 0.06, цикл 0.09; выбрано: время полного цикла доставки; страховой запас 0%"
301,Биродром и Панчетта Дежнева,non_kfm,2026-09-28,20,20:00-21:00,low,block_18_24,auto,0.13,0.58,19.89,27.52,55.04,1.71,0.06,0.09,0.09,1.0,0,cycle_time,time_segment_shift_history,location_cycle_time,global_hour,location_hour,"Нужно 0 кур.; прогноз 0.1 заказа/ч; окно block_18_24: история 0.06, цикл 0.09; выбрано: время полного цикла доставки; страховой запас 0%"
301,Биродром и Панчетта Дежнева,non_kfm,2026-09-28,21,21:00-22:00,low,block_18_24,auto,0.09,0.58,13.08,27.52,55.04,1.71,0.06,0.09,0.09,1.0,0,cycle_time,time_segment_shift_history,location_cycle_time,global_hour,location_hour,"Нужно 0 кур.; прогноз 0.1 заказа/ч; окно block_18_24: история 0.06, цикл 0.09; выбрано: время полного цикла доставки; страховой запас 0%"
301,Биродром и Панчетта Дежнева,non_kfm,2026-09-28,22,22:00-23:00,low,block_18_24,auto,0.05,0.58,33.49,27.52,55.04,1.71,0.06,0.09,0.09,1.0,0,cycle_time,time_segment_shift_history,location_cycle_time,global_hour,location_hour,"Нужно 0 кур.; прогноз 0.1 заказа/ч; окно block_18_24: история 0.06, цикл 0.09; выбрано: время полного цикла доставки; страховой запас 0%"
301,Биродром и Панчетта Дежнева,non_kfm,2026-09-28,12,12:00-13:00,low,block_12_18,bike,0.01,0.05,10.37,13.37,26.74,2.95,0.0,0.0,0.0,1.0,0,history,time_segment_shift_history,segment_cycle_time,global_hour,global_hour,"Нужно 0 кур.; прогноз 0.0 заказа/ч; окно block_12_18: история 0.00, цикл 0.00; выбрано: историческая производительность; страховой запас 0%"
301,Биродром и Панчетта Дежнева,non_kfm,2026-09-28,13,13:00-14:00,low,block_12_18,bike,0.01,0.05,10.39,13.37,26.74,2.95,0.0,0.0,0.0,1.0,0,history,time_segment_shift_history,segment_cycle_time,global_hour,global_hour,"Нужно 0 кур.; прогноз 0.0 заказа/ч; окно block_12_18: история 0.00, цикл 0.00; выбрано: историческая производительность; страховой запас 0%"
301,Биродром и Панчетта Дежнева,non_kfm,2026-09-28,14,14:00-15:00,low,block_12_18,bike,0.01,0.05,10.2,13.37,26.74,2.95,0.0,0.0,0.0,1.0,0,history,time_segment_shift_history,segment_cycle_time,global_hour,global_hour,"Нужно 0 кур.; прогноз 0.0 заказа/ч; окно block_12_18: история 0.00, цикл 0.00; выбрано: историческая производительность; страховой запас 0%"
301,Биродром и Панчетта Дежнева,non_kfm,2026-09-28,15,15:00-16:00,low,block_12_18,bike,0.01,0.05,10.75,13.37,26.74,2.95,0.0,0.0,0.0,1.0,0,history,time_segment_shift_history,segment_cycle_time,global_hour,global_hour,"Нужно 0 кур.; прогноз 0.0 заказа/ч; окно block_12_18: история 0.00, цикл 0.00; выбрано: историческая производительность; страховой запас 0%"
301,Биродром и Панчетта Дежнева,non_kfm,2026-09-28,16,16:00-17:00,low,block_12_18,bike,0.01,0.05,11.02,13.37,26.74,2.95,0.0,0.0,0.0,1.0,0,history,time_segment_shift_history,segment_cycle_time,global_hour,global_hour,"Нужно 0 кур.; прогноз 0.0 заказа/ч; окно block_12_18: история 0.00, цикл 0.00; выбрано: историческая производительность; страховой запас 0%"
301,Биродром и Панчетта Дежнева,non_kfm,2026-09-28,17,17:00-18:00,low,block_12_18,bike,0.01,0.05,10.83,13.37,26.74,2.95,0.0,0.0,0.0,1.0,0,history,time_segment_shift_history,segment_cycle_time,global_hour,global_hour,"Нужно 0 кур.; прогноз 0.0 заказа/ч; окно block_12_18: история 0.00, цикл 0.00; выбрано: историческая производительность; страховой запас 0%"
301,Биродром и Панчетта Дежнева,non_kfm,2026-09-28,18,18:00-19:00,low,block_18_24,bike,0.05,0.23,11.1,15.71,31.43,2.15,0.0,0.0,0.0,1.0,0,history,time_segment_shift_history,segment_cycle_time,global_hour,global_hour,"Нужно 0 кур.; прогноз 0.1 заказа/ч; окно block_18_24: история 0.00, цикл 0.00; выбрано: историческая производительность; страховой запас 0%"
301,Биродром и Панчетта Дежнева,non_kfm,2026-09-28,19,19:00-20:00,low,block_18_24,bike,0.05,0.23,10.71,15.71,31.43,2.15,0.0,0.0,0.0,1.0,0,history,time_segment_shift_history,segment_cycle_time,global_hour,global_hour,"Нужно 0 кур.; прогноз 0.1 заказа/ч; окно block_18_24: история 0.00, цикл 0.00; выбрано: историческая производительность; страховой запас 0%"
301,Биродром и Панчетта Дежнева,non_kfm,2026-09-28,20,20:00-21:00,low,block_18_24,bike,0.05,0.23,10.4,15.71,31.43,2.15,0.0,0.0,0.0,1.0,0,history,time_segment_shift_history,segment_cycle_time,global_hour,global_hour,"Нужно 0 кур.; прогноз 0.0 заказа/ч; окно block_18_24: история 0.00, цикл 0.00; выбрано: историческая производительность; страховой запас 0%"
301,Биродром и Панчетта Дежнева,non_kfm,2026-09-28,21,21:00-22:00,low,block_18_24,bike,0.04,0.23,9.94,15.71,31.43,2.15,0.0,0.0,0.0,1.0,0,history,time_segment_shift_history,segment_cycle_time,global_hour,global_hour,"Нужно 0 кур.; прогноз 0.0 заказа/ч; окно block_18_24: история 0.00, цикл 0.00; выбрано: историческая производительность; страховой запас 0%"
301,Биродром и Панчетта Дежнева,non_kfm,2026-09-28,22,22:00-23:00,low,block_18_24,bike,0.02,0.23,9.8,15.71,31.43,2.15,0.0,0.0,0.0,1.0,0,history,time_segment_shift_history,segment_cycle_time,global_hour,global_hour,"Нужно 0 кур.; прогноз 0.0 заказа/ч; окно block_18_24: история 0.00, цикл 0.00; выбрано: историческая производительность; страховой запас 0%"
343,NIKI,non_kfm,2026-09-28,12,12:00-13:00,low,block_12_18,auto,0.03,0.15,23.54,31.89,63.79,1.3,0.0,0.0,0.0,1.0,0,history,time_segment_shift_history,segment_cycle_time,global_hour,global_hour,"Нужно 0 кур.; прогноз 0.0 заказа/ч; окно block_12_18: история 0.00, цикл 0.00; выбрано: историческая производительность; страховой запас 0%"
343,NIKI,non_kfm,2026-09-28,13,13:00-14:00,low,block_12_18,auto,0.03,0.15,23.55,31.89,63.79,1.3,0.0,0.0,0.0,1.0,0,history,time_segment_shift_history,segment_cycle_time,global_hour,global_hour,"Нужно 0 кур.; прогноз 0.0 заказа/ч; окно block_12_18: история 0.00, цикл 0.00; выбрано: историческая производительность; страховой запас 0%"
343,NIKI,non_kfm,2026-09-28,14,14:00-15:00,low,block_12_18,auto,0.03,0.15,24.06,31.89,63.79,1.3,0.0,0.0,0.0,1.0,0,history,time_segment_shift_history,segment_cycle_time,global_hour,global_hour,"Нужно 0 кур.; прогноз 0.0 заказа/ч; окно block_12_18: история 0.00, цикл 0.00; выбрано: историческая производительность; страховой запас 0%"
343,NIKI,non_kfm,2026-09-28,15,15:00-16:00,low,block_12_18,auto,0.02,0.15,24.51,31.89,63.79,1.3,0.0,0.0,0.0,1.0,0,history,time_segment_shift_history,segment_cycle_time,global_hour,global_hour,"Нужно 0 кур.; прогноз 0.0 заказа/ч; окно block_12_18: история 0.00, цикл 0.00; выбрано: историческая производительность; страховой запас 0%"
343,NIKI,non_kfm,2026-09-28,16,16:00-17:00,low,block_12_18,auto,0.02,0.15,25.16,31.89,63.79,1.3,0.0,0.0,0.0,1.0,0,history,time_segment_shift_history,segment_cycle_time,global_hour,global_hour,"Нужно 0 кур.; прогноз 0.0 заказа/ч; окно block_12_18: история 0.00, цикл 0.00; выбрано: историческая производительность; страховой запас 0%"
343,NIKI,non_kfm,2026-09-28,17,17:00-18:00,low,block_12_18,auto,0.02,0.15,27.66,31.89,63.79,1.3,0.0,0.0,0.0,1.0,0,history,time_segment_shift_history,segment_cycle_time,global_hour,global_hour,"Нужно 0 кур.; прогноз 0.0 заказа/ч; окно block_12_18: история 0.00, цикл 0.00; выбрано: историческая производительность; страховой запас 0%"
343,NIKI,non_kfm,2026-09-28,18,18:00-19:00,low,block_18_24,auto,0.03,0.12,27.41,32.87,65.74,1.71,0.0,0.0,0.0,1.0,0,history,time_segment_shift_history,segment_cycle_time,global_hour,global_hour,"Нужно 0 кур.; прогноз 0.0 заказа/ч; окно block_18_24: история 0.00, цикл 0.00; выбрано: историческая производительность; страховой запас 0%"
343,NIKI,non_kfm,2026-09-28,19,19:00-20:00,low,block_18_24,auto,0.03,0.12,26.64,32.87,65.74,1.71,0.0,0.0,0.0,1.0,0,history,time_segment_shift_history,segment_cycle_time,global_hour,global_hour,"Нужно 0 кур.; прогноз 0.0 заказа/ч; окно block_18_24: история 0.00, цикл 0.00; выбрано: историческая производительность; страховой запас 0%"
343,NIKI,non_kfm,2026-09-28,20,20:00-21:00,low,block_18_24,auto,0.02,0.12,23.12,32.87,65.74,1.71,0.0,0.0,0.0,1.0,0,history,time_segment_shift_history,segment_cycle_time,global_hour,global_hour,"Нужно 0 кур.; прогноз 0.0 заказа/ч; окно block_18_24: история 0.00, цикл 0.00; выбрано: историческая производительность; страховой запас 0%"
343,NIKI,non_kfm,2026-09-28,21,21:00-22:00,low,block_18_24,auto,0.02,0.12,21.83,32.87,65.74,1.71,0.0,0.0,0.0,1.0,0,history,time_segment_shift_history,segment_cycle_time,global_hour,global_hour,"Нужно 0 кур.; прогноз 0.0 заказа/ч; окно block_18_24: история 0.00, цикл 0.00; выбрано: историческая производительность; страховой запас 0%"
343,NIKI,non_kfm,2026-09-28,12,12:00-13:00,low,block_12_18,bike,0.0,0.01,10.37,13.37,26.74,2.95,0.0,0.0,0.0,1.0,0,history,time_segment_shift_history,segment_cycle_time,global_hour,global_hour,"Нужно 0 кур.; прогноз 0.0 заказа/ч; окно block_12_18: история 0.00, цикл 0.00; выбрано: историческая производительность; страховой запас 0%"
343,NIKI,non_kfm,2026-09-28,13,13:00-14:00,low,block_12_18,bike,0.0,0.01,10.39,13.37,26.74,2.95,0.0,0.0,0.0,1.0,0,history,time_segment_shift_history,segment_cycle_time,global_hour,global_hour,"Нужно 0 кур.; прогноз 0.0 заказа/ч; окно block_12_18: история 0.00, цикл 0.00; выбрано: историческая производительность; страховой запас 0%"
343,NIKI,non_kfm,2026-09-28,14,14:00-15:00,low,block_12_18,bike,0.0,0.01,7.48,13.37,26.74,2.95,0.0,0.0,0.0,1.0,0,history,time_segment_shift_history,segment_cycle_time,global_hour,location_hour,"Нужно 0 кур.; прогноз 0.0 заказа/ч; окно block_12_18: история 0.00, цикл 0.00; выбрано: историческая производительность; страховой запас 0%"
343,NIKI,non_kfm,2026-09-28,15,15:00-16:00,low,block_12_18,bike,0.0,0.01,8.95,13.37,26.74,2.95,0.0,0.0,0.0,1.0,0,history,time_segment_shift_history,segment_cycle_time,global_hour,location_hour,"Нужно 0 кур.; прогноз 0.0 заказа/ч; окно block_12_18: история 0.00, цикл 0.00; выбрано: историческая производительность; страховой запас 0%"
343,NIKI,non_kfm,2026-09-28,16,16:00-17:00,low,block_12_18,bike,0.0,0.01,11.02,13.37,26.74,2.95,0.0,0.0,0.0,1.0,0,history,time_segment_shift_history,segment_cycle_time,global_hour,global_hour,"Нужно 0 кур.; прогноз 0.0 заказа/ч; окно block_12_18: история 0.00, цикл 0.00; выбрано: историческая производительность; страховой запас 0%"
343,NIKI,non_kfm,2026-09-28,17,17:00-18:00,low,block_12_18,bike,0.0,0.01,10.83,13.37,26.74,2.95,0.0,0.0,0.0,1.0,0,history,time_segment_shift_history,segment_cycle_time,global_hour,global_hour,"Нужно 0 кур.; прогноз 0.0 заказа/ч; окно block_12_18: история 0.00, цикл 0.00; выбрано: историческая производительность; страховой запас 0%"
343,NIKI,non_kfm,2026-09-28,18,18:00-19:00,low,block_18_24,bike,0.01,0.05,11.1,15.71,31.43,2.15,0.0,0.0,0.0,1.0,0,history,time_segment_shift_history,segment_cycle_time,global_hour,global_hour,"Нужно 0 кур.; прогноз 0.0 заказа/ч; окно block_18_24: история 0.00, цикл 0.00; выбрано: историческая производительность; страховой запас 0%"
343,NIKI,non_kfm,2026-09-28,19,19:00-20:00,low,block_18_24,bike,0.01,0.05,10.71,15.71,31.43,2.15,0.0,0.0,0.0,1.0,0,history,time_segment_shift_history,segment_cycle_time,global_hour,global_hour,"Нужно 0 кур.; прогноз 0.0 заказа/ч; окно block_18_24: история 0.00, цикл 0.00; выбрано: историческая производительность; страховой запас 0%"
343,NIKI,non_kfm,2026-09-28,20,20:00-21:00,low,block_18_24,bike,0.01,0.05,10.4,15.71,31.43,2.15,0.0,0.0,0.0,1.0,0,history,time_segment_shift_history,segment_cycle_time,global_hour,global_hour,"Нужно 0 кур.; прогноз 0.0 заказа/ч; окно block_18_24: история 0.00, цикл 0.00; выбрано: историческая производительность; страховой запас 0%"
343,NIKI,non_kfm,2026-09-28,21,21:00-22:00,low,block_18_24,bike,0.01,0.05,9.94,15.71,31.43,2.15,0.0,0.0,0.0,1.0,0,history,time_segment_shift_history,segment_cycle_time,global_hour,global_hour,"Нужно 0 кур.; прогноз 0.0 заказа/ч; окно block_18_24: история 0.00, цикл 0.00; выбрано: историческая производительность; страховой запас 0%"
345,All Day,non_kfm,2026-09-28,8,08:00-09:00,low,block_06_12,bike,0.02,0.11,10.4,11.11,22.21,2.94,0.0,0.0,0.0,1.0,0,history,time_segment_shift_history,segment_cycle_time,global_hour,global_hour,"Нужно 0 кур.; прогноз 0.0 заказа/ч; окно block_06_12: история 0.00, цикл 0.00; выбрано: историческая производительность; страховой запас 0%"
345,All Day,non_kfm,2026-09-28,9,09:00-10:00,low,block_06_12,bike,0.03,0.11,10.37,11.11,22.21,2.94,0.0,0.0,0.0,1.0,0,history,time_segment_shift_history,segment_cycle_time,global_hour,global_hour,"Нужно 0 кур.; прогноз 0.0 заказа/ч; окно block_06_12: история 0.00, цикл 0.00; выбрано: историческая производительность; страховой запас 0%"
345,All Day,non_kfm,2026-09-28,10,10:00-11:00,low,block_06_12,bike,0.03,0.11,10.11,11.11,22.21,2.94,0.0,0.0,0.0,1.0,0,history,time_segment_shift_history,segment_cycle_time,global_hour,global_hour,"Нужно 0 кур.; прогноз 0.0 заказа/ч; окно block_06_12: история 0.00, цикл 0.00; выбрано: историческая производительность; страховой запас 0%"
345,All Day,non_kfm,2026-09-28,11,11:00-12:00,low,block_06_12,bike,0.03,0.11,10.41,11.11,22.21,2.94,0.0,0.0,0.0,1.0,0,history,time_segment_shift_history,segment_cycle_time,global_hour,global_hour,"Нужно 0 кур.; прогноз 0.0 заказа/ч; окно block_06_12: история 0.00, цикл 0.00; выбрано: историческая производительность; страховой запас 0%"
345,All Day,non_kfm,2026-09-28,12,12:00-13:00,low,block_12_18,bike,0.03,0.16,10.37,13.37,26.74,2.95,0.0,0.0,0.0,1.0,0,history,time_segment_shift_history,segment_cycle_time,global_hour,global_hour,"Нужно 0 кур.; прогноз 0.0 заказа/ч; окно block_12_18: история 0.00, цикл 0.00; выбрано: историческая производительность; страховой запас 0%"
345,All Day,non_kfm,2026-09-28,13,13:00-14:00,low,block_12_18,bike,0.03,0.16,10.39,13.37,26.74,2.95,0.0,0.0,0.0,1.0,0,history,time_segment_shift_history,segment_cycle_time,global_hour,global_hour,"Нужно 0 кур.; прогноз 0.0 заказа/ч; окно block_12_18: история 0.00, цикл 0.00; выбрано: историческая производительность; страховой запас 0%"
345,All Day,non_kfm,2026-09-28,14,14:00-15:00,low,block_12_18,bike,0.03,0.16,10.2,13.37,26.74,2.95,0.0,0.0,0.0,1.0,0,history,time_segment_shift_history,segment_cycle_time,global_hour,global_hour,"Нужно 0 кур.; прогноз 0.0 заказа/ч; окно block_12_18: история 0.00, цикл 0.00; выбрано: историческая производительность; страховой запас 0%"
345,All Day,non_kfm,2026-09-28,15,15:00-16:00,low,block_12_18,bike,0.02,0.16,10.75,13.37,26.74,2.95,0.0,0.0,0.0,1.0,0,history,time_segment_shift_history,segment_cycle_time,global_hour,global_hour,"Нужно 0 кур.; прогноз 0.0 заказа/ч; окно block_12_18: история 0.00, цикл 0.00; выбрано: историческая производительность; страховой запас 0%"
345,All Day,non_kfm,2026-09-28,16,16:00-17:00,low,block_12_18,bike,0.02,0.16,11.02,13.37,26.74,2.95,0.0,0.0,0.0,1.0,0,history,time_segment_shift_history,segment_cycle_time,global_hour,global_hour,"Нужно 0 кур.; прогноз 0.0 заказа/ч; окно block_12_18: история 0.00, цикл 0.00; выбрано: историческая производительность; страховой запас 0%"
345,All Day,non_kfm,2026-09-28,17,17:00-18:00,low,block_12_18,bike,0.02,0.16,10.83,13.37,26.74,2.95,0.0,0.0,0.0,1.0,0,history,time_segment_shift_history,segment_cycle_time,global_hour,global_hour,"Нужно 0 кур.; прогноз 0.0 заказа/ч; окно block_12_18: история 0.00, цикл 0.00; выбрано: историческая производительность; страховой запас 0%"
345,All Day,non_kfm,2026-09-28,18,18:00-19:00,low,block_18_24,bike,0.03,0.12,11.1,15.71,31.43,2.15,0.0,0.0,0.0,1.0,0,history,time_segment_shift_history,segment_cycle_time,global_hour,global_hour,"Нужно 0 кур.; прогноз 0.0 заказа/ч; окно block_18_24: история 0.00, цикл 0.00; выбрано: историческая производительность; страховой запас 0%"
345,All Day,non_kfm,2026-09-28,19,19:00-20:00,low,block_18_24,bike,0.03,0.12,10.71,15.71,31.43,2.15,0.0,0.0,0.0,1.0,0,history,time_segment_shift_history,segment_cycle_time,global_hour,global_hour,"Нужно 0 кур.; прогноз 0.0 заказа/ч; окно block_18_24: история 0.00, цикл 0.00; выбрано: историческая производительность; страховой запас 0%"
345,All Day,non_kfm,2026-09-28,20,20:00-21:00,low,block_18_24,bike,0.03,0.12,10.4,15.71,31.43,2.15,0.0,0.0,0.0,1.0,0,history,time_segment_shift_history,segment_cycle_time,global_hour,global_hour,"Нужно 0 кур.; прогноз 0.0 заказа/ч; окно block_18_24: история 0.00, цикл 0.00; выбрано: историческая производительность; страховой запас 0%"
347,Dacha,non_kfm,2026-09-28,12,12:00-13:00,low,block_12_18,auto,0.04,0.2,23.54,31.89,63.79,1.3,0.0,0.0,0.0,1.0,0,history,time_segment_shift_history,segment_cycle_time,global_hour,global_hour,"Нужно 0 кур.; прогноз 0.0 заказа/ч; окно block_12_18: история 0.00, цикл 0.00; выбрано: историческая производительность; страховой запас 0%"
347,Dacha,non_kfm,2026-09-28,13,13:00-14:00,low,block_12_18,auto,0.04,0.2,23.55,31.89,63.79,1.3,0.0,0.0,0.0,1.0,0,history,time_segment_shift_history,segment_cycle_time,global_hour,global_hour,"Нужно 0 кур.; прогноз 0.0 заказа/ч; окно block_12_18: история 0.00, цикл 0.00; выбрано: историческая производительность; страховой запас 0%"
347,Dacha,non_kfm,2026-09-28,14,14:00-15:00,low,block_12_18,auto,0.04,0.2,24.06,31.89,63.79,1.3,0.0,0.0,0.0,1.0,0,history,time_segment_shift_history,segment_cycle_time,global_hour,global_hour,"Нужно 0 кур.; прогноз 0.0 заказа/ч; окно block_12_18: история 0.00, цикл 0.00; выбрано: историческая производительность; страховой запас 0%"
347,Dacha,non_kfm,2026-09-28,15,15:00-16:00,low,block_12_18,auto,0.03,0.2,24.51,31.89,63.79,1.3,0.0,0.0,0.0,1.0,0,history,time_segment_shift_history,segment_cycle_time,global_hour,global_hour,"Нужно 0 кур.; прогноз 0.0 заказа/ч; окно block_12_18: история 0.00, цикл 0.00; выбрано: историческая производительность; страховой запас 0%"
347,Dacha,non_kfm,2026-09-28,16,16:00-17:00,low,block_12_18,auto,0.03,0.2,25.16,31.89,63.79,1.3,0.0,0.0,0.0,1.0,0,history,time_segment_shift_history,segment_cycle_time,global_hour,global_hour,"Нужно 0 кур.; прогноз 0.0 заказа/ч; окно block_12_18: история 0.00, цикл 0.00; выбрано: историческая производительность; страховой запас 0%"
347,Dacha,non_kfm,2026-09-28,17,17:00-18:00,low,block_12_18,auto,0.02,0.2,27.66,31.89,63.79,1.3,0.0,0.0,0.0,1.0,0,history,time_segment_shift_history,segment_cycle_time,global_hour,global_hour,"Нужно 0 кур.; прогноз 0.0 заказа/ч; окно block_12_18: история 0.00, цикл 0.00; выбрано: историческая производительность; страховой запас 0%"
347,Dacha,non_kfm,2026-09-28,18,18:00-19:00,low,block_18_24,auto,0.04,0.15,27.41,32.87,65.74,1.71,0.0,0.0,0.0,1.0,0,history,time_segment_shift_history,segment_cycle_time,global_hour,global_hour,"Нужно 0 кур.; прогноз 0.0 заказа/ч; окно block_18_24: история 0.00, цикл 0.00; выбрано: историческая производительность; страховой запас 0%"
347,Dacha,non_kfm,2026-09-28,19,19:00-20:00,low,block_18_24,auto,0.04,0.15,26.64,32.87,65.74,1.71,0.0,0.0,0.0,1.0,0,history,time_segment_shift_history,segment_cycle_time,global_hour,global_hour,"Нужно 0 кур.; прогноз 0.0 заказа/ч; окно block_18_24: история 0.00, цикл 0.00; выбрано: историческая производительность; страховой запас 0%"
347,Dacha,non_kfm,2026-09-28,20,20:00-21:00,low,block_18_24,auto,0.03,0.15,23.12,32.87,65.74,1.71,0.0,0.0,0.0,1.0,0,history,time_segment_shift_history,segment_cycle_time,global_hour,global_hour,"Нужно 0 кур.; прогноз 0.0 заказа/ч; окно block_18_24: история 0.00, цикл 0.00; выбрано: историческая производительность; страховой запас 0%"
347,Dacha,non_kfm,2026-09-28,21,21:00-22:00,low,block_18_24,auto,0.02,0.15,18.49,32.87,65.74,1.71,0.0,0.0,0.0,1.0,0,history,time_segment_shift_history,segment_cycle_time,global_hour,location_hour,"Нужно 0 кур.; прогноз 0.0 заказа/ч; окно block_18_24: история 0.00, цикл 0.00; выбрано: историческая производительность; страховой запас 0%"
347,Dacha,non_kfm,2026-09-28,22,22:00-23:00,low,block_18_24,auto,0.01,0.15,16.14,32.87,65.74,1.71,0.0,0.0,0.0,1.0,0,history,time_segment_shift_history,segment_cycle_time,global_hour,global_hour,"Нужно 0 кур.; прогноз 0.0 заказа/ч; окно block_18_24: история 0.00, цикл 0.00; выбрано: историческая производительность; страховой запас 0%"
347,Dacha,non_kfm,2026-09-28,12,12:00-13:00,low,block_12_18,bike,0.0,0.01,17.02,13.37,26.74,2.95,0.0,0.0,0.0,1.0,0,history,time_segment_shift_history,segment_cycle_time,global_hour,location_hour,"Нужно 0 кур.; прогноз 0.0 заказа/ч; окно block_12_18: история 0.00, цикл 0.00; выбрано: историческая производительность; страховой запас 0%"
347,Dacha,non_kfm,2026-09-28,13,13:00-14:00,low,block_12_18,bike,0.0,0.01,16.03,13.37,26.74,2.95,0.0,0.0,0.0,1.0,0,history,time_segment_shift_history,segment_cycle_time,global_hour,location_hour,"Нужно 0 кур.; прогноз 0.0 заказа/ч; окно block_12_18: история 0.00, цикл 0.00; выбрано: историческая производительность; страховой запас 0%"
347,Dacha,non_kfm,2026-09-28,14,14:00-15:00,low,block_12_18,bike,0.0,0.01,10.2,13.37,26.74,2.95,0.0,0.0,0.0,1.0,0,history,time_segment_shift_history,segment_cycle_time,global_hour,global_hour,"Нужно 0 кур.; прогноз 0.0 заказа/ч; окно block_12_18: история 0.00, цикл 0.00; выбрано: историческая производительность; страховой запас 0%"
347,Dacha,non_kfm,2026-09-28,15,15:00-16:00,low,block_12_18,bike,0.0,0.01,11.95,13.37,26.74,2.95,0.0,0.0,0.0,1.0,0,history,time_segment_shift_history,segment_cycle_time,global_hour,location_hour,"Нужно 0 кур.; прогноз 0.0 заказа/ч; окно block_12_18: история 0.00, цикл 0.00; выбрано: историческая производительность; страховой запас 0%"
347,Dacha,non_kfm,2026-09-28,16,16:00-17:00,low,block_12_18,bike,0.0,0.01,11.02,13.37,26.74,2.95,0.0,0.0,0.0,1.0,0,history,time_segment_shift_history,segment_cycle_time,global_hour,global_hour,"Нужно 0 кур.; прогноз 0.0 заказа/ч; окно block_12_18: история 0.00, цикл 0.00; выбрано: историческая производительность; страховой запас 0%"
347,Dacha,non_kfm,2026-09-28,17,17:00-18:00,low,block_12_18,bike,0.0,0.01,9.39,13.37,26.74,2.95,0.0,0.0,0.0,1.0,0,history,time_segment_shift_history,segment_cycle_time,global_hour,location_hour,"Нужно 0 кур.; прогноз 0.0 заказа/ч; окно block_12_18: история 0.00, цикл 0.00; выбрано: историческая производительность; страховой запас 0%"
347,Dacha,non_kfm,2026-09-28,18,18:00-19:00,low,block_18_24,bike,0.01,0.06,11.1,15.71,31.43,2.15,0.0,0.0,0.0,1.0,0,history,time_segment_shift_history,segment_cycle_time,global_hour,global_hour,"Нужно 0 кур.; прогноз 0.0 заказа/ч; окно block_18_24: история 0.00, цикл 0.00; выбрано: историческая производительность; страховой запас 0%"
347,Dacha,non_kfm,2026-09-28,19,19:00-20:00,low,block_18_24,bike,0.01,0.06,21.82,15.71,31.43,2.15,0.0,0.0,0.0,1.0,0,history,time_segment_shift_history,segment_cycle_time,global_hour,location_hour,"Нужно 0 кур.; прогноз 0.0 заказа/ч; окно block_18_24: история 0.00, цикл 0.00; выбрано: историческая производительность; страховой запас 0%"
347,Dacha,non_kfm,2026-09-28,20,20:00-21:00,low,block_18_24,bike,0.01,0.06,18.3,15.71,31.43,2.15,0.0,0.0,0.0,1.0,0,history,time_segment_shift_history,segment_cycle_time,global_hour,location_hour,"Нужно 0 кур.; прогноз 0.0 заказа/ч; окно block_18_24: история 0.00, цикл 0.00; выбрано: историческая производительность; страховой запас 0%"
347,Dacha,non_kfm,2026-09-28,21,21:00-22:00,low,block_18_24,bike,0.01,0.06,9.94,15.71,31.43,2.15,0.0,0.0,0.0,1.0,0,history,time_segment_shift_history,segment_cycle_time,global_hour,global_hour,"Нужно 0 кур.; прогноз 0.0 заказа/ч; окно block_18_24: история 0.00, цикл 0.00; выбрано: историческая производительность; страховой запас 0%"
347,Dacha,non_kfm,2026-09-28,22,22:00-23:00,low,block_18_24,bike,0.01,0.06,9.8,15.71,31.43,2.15,0.0,0.0,0.0,1.0,0,history,time_segment_shift_history,segment_cycle_time,global_hour,global_hour,"Нужно 0 кур.; прогноз 0.0 заказа/ч; окно block_18_24: история 0.00, цикл 0.00; выбрано: историческая производительность; страховой запас 0%"
36,Friends Forever Botanica,non_kfm,2026-09-28,8,08:00-09:00,medium,block_06_12,auto,0.59,1.13,66.36,25.76,51.51,1.47,0.13,0.16,0.16,1.0,0,cycle_time,segment_shift_history,segment_cycle_time,location_hour,location_hour,"Нужно 0 кур.; прогноз 0.6 заказа/ч; окно block_06_12: история 0.13, цикл 0.16; выбрано: время полного цикла доставки; страховой запас 0%"
36,Friends Forever Botanica,non_kfm,2026-09-28,9,09:00-10:00,medium,block_06_12,auto,0.23,1.13,40.06,25.76,51.51,1.47,0.13,0.16,0.16,1.0,0,cycle_time,segment_shift_history,segment_cycle_time,location_hour,location_hour,"Нужно 0 кур.; прогноз 0.2 заказа/ч; окно block_06_12: история 0.13, цикл 0.16; выбрано: время полного цикла доставки; страховой запас 0%"
36,Friends Forever Botanica,non_kfm,2026-09-28,11,11:00-12:00,medium,block_06_12,auto,0.32,1.13,51.82,25.76,51.51,1.47,0.13,0.16,0.16,1.0,0,cycle_time,segment_shift_history,segment_cycle_time,location_hour,location_hour,"Нужно 0 кур.; прогноз 0.3 заказа/ч; окно block_06_12: история 0.13, цикл 0.16; выбрано: время полного цикла доставки; страховой запас 0%"
36,Friends Forever Botanica,non_kfm,2026-09-28,12,12:00-13:00,medium,block_12_18,auto,0.18,1.16,22.68,28.67,57.35,1.29,0.15,0.18,0.18,1.0,0,cycle_time,segment_shift_history,segment_cycle_time,location_hour,location_hour,"Нужно 0 кур.; прогноз 0.2 заказа/ч; окно block_12_18: история 0.15, цикл 0.18; выбрано: время полного цикла доставки; страховой запас 0%"
36,Friends Forever Botanica,non_kfm,2026-09-28,13,13:00-14:00,medium,block_12_18,auto,0.18,1.16,45.2,28.67,57.35,1.29,0.15,0.18,0.18,1.0,0,cycle_time,segment_shift_history,segment_cycle_time,location_hour,location_hour,"Нужно 0 кур.; прогноз 0.2 заказа/ч; окно block_12_18: история 0.15, цикл 0.18; выбрано: время полного цикла доставки; страховой запас 0%"
36,Friends Forever Botanica,non_kfm,2026-09-28,14,14:00-15:00,medium,block_12_18,auto,0.18,1.16,60.4,28.67,57.35,1.29,0.15,0.18,0.18,1.0,0,cycle_time,segment_shift_history,segment_cycle_time,location_hour,location_hour,"Нужно 0 кур.; прогноз 0.2 заказа/ч; окно block_12_18: история 0.15, цикл 0.18; выбрано: время полного цикла доставки; страховой запас 0%"
36,Friends Forever Botanica,non_kfm,2026-09-28,15,15:00-16:00,medium,block_12_18,auto,0.27,1.16,33.36,28.67,57.35,1.29,0.15,0.18,0.18,1.0,0,cycle_time,segment_shift_history,segment_cycle_time,location_hour,location_hour,"Нужно 0 кур.; прогноз 0.3 заказа/ч; окно block_12_18: история 0.15, цикл 0.18; выбрано: время полного цикла доставки; страховой запас 0%"
36,Friends Forever Botanica,non_kfm,2026-09-28,16,16:00-17:00,medium,block_12_18,auto,0.18,1.16,21.88,28.67,57.35,1.29,0.15,0.18,0.18,1.0,0,cycle_time,segment_shift_history,segment_cycle_time,location_hour,location_hour,"Нужно 0 кур.; прогноз 0.2 заказа/ч; окно block_12_18: история 0.15, цикл 0.18; выбрано: время полного цикла доставки; страховой запас 0%"
36,Friends Forever Botanica,non_kfm,2026-09-28,17,17:00-18:00,medium,block_12_18,auto,0.18,1.16,63.17,28.67,57.35,1.29,0.15,0.18,0.18,1.0,0,cycle_time,segment_shift_history,segment_cycle_time,location_hour,location_hour,"Нужно 0 кур.; прогноз 0.2 заказа/ч; окно block_12_18: история 0.15, цикл 0.18; выбрано: время полного цикла доставки; страховой запас 0%"
36,Friends Forever Botanica,non_kfm,2026-09-28,18,18:00-19:00,medium,block_18_24,auto,0.12,0.47,55.41,28.42,56.85,1.69,0.0,0.0,0.0,1.0,0,history,segment_shift_history,segment_cycle_time,location_hour,location_hour,"Нужно 0 кур.; прогноз 0.1 заказа/ч; окно block_18_24: история 0.00, цикл 0.00; выбрано: историческая производительность; страховой запас 0%"
36,Friends Forever Botanica,non_kfm,2026-09-28,19,19:00-20:00,medium,block_18_24,auto,0.12,0.47,26.6,28.42,56.85,1.69,0.0,0.0,0.0,1.0,0,history,segment_shift_history,segment_cycle_time,location_hour,location_hour,"Нужно 0 кур.; прогноз 0.1 заказа/ч; окно block_18_24: история 0.00, цикл 0.00; выбрано: историческая производительность; страховой запас 0%"
36,Friends Forever Botanica,non_kfm,2026-09-28,20,20:00-21:00,medium,block_18_24,auto,0.24,0.47,48.1,28.42,56.85,1.69,0.0,0.0,0.0,1.0,0,history,segment_shift_history,segment_cycle_time,location_hour,location_hour,"Нужно 0 кур.; прогноз 0.2 заказа/ч; окно block_18_24: история 0.00, цикл 0.00; выбрано: историческая производительность; страховой запас 0%"
41,Friends Forever Grande,non_kfm,2026-09-28,8,08:00-09:00,low,block_06_12,auto,0.14,0.14,22.41,39.25,78.51,1.47,0.0,0.0,0.0,1.0,0,history,time_segment_shift_history,segment_cycle_time,location_hour,global_hour,"Нужно 0 кур.; прогноз 0.1 заказа/ч; окно block_06_12: история 0.00, цикл 0.00; выбрано: историческая производительность; страховой запас 0%"
41,Friends Forever Grande,non_kfm,2026-09-28,17,17:00-18:00,low,block_12_18,auto,0.27,0.27,27.66,31.89,63.79,1.3,0.0,0.0,0.0,1.0,0,history,time_segment_shift_history,segment_cycle_time,location_hour,global_hour,"Нужно 0 кур.; прогноз 0.3 заказа/ч; окно block_12_18: история 0.00, цикл 0.00; выбрано: историческая производительность; страховой запас 0%"
41,Friends Forever Grande,non_kfm,2026-09-28,18,18:00-19:00,low,block_18_24,auto,0.08,0.17,27.41,32.87,65.74,1.71,0.0,0.0,0.0,1.0,0,history,time_segment_shift_history,segment_cycle_time,location_hour,global_hour,"Нужно 0 кур.; прогноз 0.1 заказа/ч; окно block_18_24: история 0.00, цикл 0.00; выбрано: историческая производительность; страховой запас 0%"
41,Friends Forever Grande,non_kfm,2026-09-28,20,20:00-21:00,low,block_18_24,auto,0.08,0.17,31.41,32.87,65.74,1.71,0.0,0.0,0.0,1.0,0,history,time_segment_shift_history,segment_cycle_time,location_hour,location_hour,"Нужно 0 кур.; прогноз 0.1 заказа/ч; окно block_18_24: история 0.00, цикл 0.00; выбрано: историческая производительность; страховой запас 0%"
41,Friends Forever Grande,non_kfm,2026-09-28,8,08:00-09:00,low,block_06_12,bike,0.08,0.08,10.4,11.11,22.21,2.94,0.0,0.0,0.0,1.0,0,history,time_segment_shift_history,segment_cycle_time,location_hour,global_hour,"Нужно 0 кур.; прогноз 0.1 заказа/ч; окно block_06_12: история 0.00, цикл 0.00; выбрано: историческая производительность; страховой запас 0%"
41,Friends Forever Grande,non_kfm,2026-09-28,17,17:00-18:00,low,block_12_18,bike,0.02,0.02,10.83,13.37,26.74,2.95,0.0,0.0,0.0,1.0,0,history,time_segment_shift_history,segment_cycle_time,location_hour,global_hour,"Нужно 0 кур.; прогноз 0.0 заказа/ч; окно block_12_18: история 0.00, цикл 0.00; выбрано: историческая производительность; страховой запас 0%"
41,Friends Forever Grande,non_kfm,2026-09-28,18,18:00-19:00,low,block_18_24,bike,0.02,0.05,11.1,15.71,31.43,2.15,0.0,0.0,0.0,1.0,0,history,time_segment_shift_history,segment_cycle_time,location_hour,global_hour,"Нужно 0 кур.; прогноз 0.0 заказа/ч; окно block_18_24: история 0.00, цикл 0.00; выбрано: историческая производительность; страховой запас 0%"
41,Friends Forever Grande,non_kfm,2026-09-28,20,20:00-21:00,low,block_18_24,bike,0.02,0.05,10.4,15.71,31.43,2.15,0.0,0.0,0.0,1.0,0,history,time_segment_shift_history,segment_cycle_time,location_hour,global_hour,"Нужно 0 кур.; прогноз 0.0 заказа/ч; окно block_18_24: история 0.00, цикл 0.00; выбрано: историческая производительность; страховой запас 0%"
416,Магадан Красная Пресня,non_kfm,2026-09-28,12,12:00-13:00,low,block_12_18,auto,0.03,0.15,23.54,31.89,63.79,1.3,0.0,0.0,0.0,1.0,0,history,time_segment_shift_history,segment_cycle_time,global_hour,global_hour,"Нужно 0 кур.; прогноз 0.0 заказа/ч; окно block_12_18: история 0.00, цикл 0.00; выбрано: историческая производительность; страховой запас 0%"
416,Магадан Красная Пресня,non_kfm,2026-09-28,13,13:00-14:00,low,block_12_18,auto,0.03,0.15,23.55,31.89,63.79,1.3,0.0,0.0,0.0,1.0,0,history,time_segment_shift_history,segment_cycle_time,global_hour,global_hour,"Нужно 0 кур.; прогноз 0.0 заказа/ч; окно block_12_18: история 0.00, цикл 0.00; выбрано: историческая производительность; страховой запас 0%"
416,Магадан Красная Пресня,non_kfm,2026-09-28,14,14:00-15:00,low,block_12_18,auto,0.03,0.15,24.06,31.89,63.79,1.3,0.0,0.0,0.0,1.0,0,history,time_segment_shift_history,segment_cycle_time,global_hour,global_hour,"Нужно 0 кур.; прогноз 0.0 заказа/ч; окно block_12_18: история 0.00, цикл 0.00; выбрано: историческая производительность; страховой запас 0%"
416,Магадан Красная Пресня,non_kfm,2026-09-28,15,15:00-16:00,low,block_12_18,auto,0.02,0.15,24.51,31.89,63.79,1.3,0.0,0.0,0.0,1.0,0,history,time_segment_shift_history,segment_cycle_time,global_hour,global_hour,"Нужно 0 кур.; прогноз 0.0 заказа/ч; окно block_12_18: история 0.00, цикл 0.00; выбрано: историческая производительность; страховой запас 0%"
416,Магадан Красная Пресня,non_kfm,2026-09-28,16,16:00-17:00,low,block_12_18,auto,0.02,0.15,25.16,31.89,63.79,1.3,0.0,0.0,0.0,1.0,0,history,time_segment_shift_history,segment_cycle_time,global_hour,global_hour,"Нужно 0 кур.; прогноз 0.0 заказа/ч; окно block_12_18: история 0.00, цикл 0.00; выбрано: историческая производительность; страховой запас 0%"
416,Магадан Красная Пресня,non_kfm,2026-09-28,17,17:00-18:00,low,block_12_18,auto,0.02,0.15,27.66,31.89,63.79,1.3,0.0,0.0,0.0,1.0,0,history,time_segment_shift_history,segment_cycle_time,global_hour,global_hour,"Нужно 0 кур.; прогноз 0.0 заказа/ч; окно block_12_18: история 0.00, цикл 0.00; выбрано: историческая производительность; страховой запас 0%"
416,Магадан Красная Пресня,non_kfm,2026-09-28,18,18:00-19:00,low,block_18_24,auto,0.02,0.1,27.41,32.87,65.74,1.71,0.0,0.0,0.0,1.0,0,history,time_segment_shift_history,segment_cycle_time,global_hour,global_hour,"Нужно 0 кур.; прогноз 0.0 заказа/ч; окно block_18_24: история 0.00, цикл 0.00; выбрано: историческая производительность; страховой запас 0%"
416,Магадан Красная Пресня,non_kfm,2026-09-28,19,19:00-20:00,low,block_18_24,auto,0.02,0.1,26.64,32.87,65.74,1.71,0.0,0.0,0.0,1.0,0,history,time_segment_shift_history,segment_cycle_time,global_hour,global_hour,"Нужно 0 кур.; прогноз 0.0 заказа/ч; окно block_18_24: история 0.00, цикл 0.00; выбрано: историческая производительность; страховой запас 0%"
416,Магадан Красная Пресня,non_kfm,2026-09-28,20,20:00-21:00,low,block_18_24,auto,0.02,0.1,23.12,32.87,65.74,1.71,0.0,0.0,0.0,1.0,0,history,time_segment_shift_history,segment_cycle_time,global_hour,global_hour,"Нужно 0 кур.; прогноз 0.0 заказа/ч; окно block_18_24: история 0.00, цикл 0.00; выбрано: историческая производительность; страховой запас 0%"
416,Магадан Красная Пресня,non_kfm,2026-09-28,21,21:00-22:00,low,block_18_24,auto,0.02,0.1,21.83,32.87,65.74,1.71,0.0,0.0,0.0,1.0,0,history,time_segment_shift_history,segment_cycle_time,global_hour,global_hour,"Нужно 0 кур.; прогноз 0.0 заказа/ч; окно block_18_24: история 0.00, цикл 0.00; выбрано: историческая производительность; страховой запас 0%"
416,Магадан Красная Пресня,non_kfm,2026-09-28,12,12:00-13:00,low,block_12_18,bike,0.0,0.01,10.37,13.37,26.74,2.95,0.0,0.0,0.0,1.0,0,history,time_segment_shift_history,segment_cycle_time,global_hour,global_hour,"Нужно 0 кур.; прогноз 0.0 заказа/ч; окно block_12_18: история 0.00, цикл 0.00; выбрано: историческая производительность; страховой запас 0%"
416,Магадан Красная Пресня,non_kfm,2026-09-28,13,13:00-14:00,low,block_12_18,bike,0.0,0.01,10.39,13.37,26.74,2.95,0.0,0.0,0.0,1.0,0,history,time_segment_shift_history,segment_cycle_time,global_hour,global_hour,"Нужно 0 кур.; прогноз 0.0 заказа/ч; окно block_12_18: история 0.00, цикл 0.00; выбрано: историческая производительность; страховой запас 0%"
416,Магадан Красная Пресня,non_kfm,2026-09-28,14,14:00-15:00,low,block_12_18,bike,0.0,0.01,10.2,13.37,26.74,2.95,0.0,0.0,0.0,1.0,0,history,time_segment_shift_history,segment_cycle_time,global_hour,global_hour,"Нужно 0 кур.; прогноз 0.0 заказа/ч; окно block_12_18: история 0.00, цикл 0.00; выбрано: историческая производительность; страховой запас 0%"
416,Магадан Красная Пресня,non_kfm,2026-09-28,15,15:00-16:00,low,block_12_18,bike,0.0,0.01,10.75,13.37,26.74,2.95,0.0,0.0,0.0,1.0,0,history,time_segment_shift_history,segment_cycle_time,global_hour,global_hour,"Нужно 0 кур.; прогноз 0.0 заказа/ч; окно block_12_18: история 0.00, цикл 0.00; выбрано: историческая производительность; страховой запас 0%"
416,Магадан Красная Пресня,non_kfm,2026-09-28,16,16:00-17:00,low,block_12_18,bike,0.0,0.01,11.02,13.37,26.74,2.95,0.0,0.0,0.0,1.0,0,history,time_segment_shift_history,segment_cycle_time,global_hour,global_hour,"Нужно 0 кур.; прогноз 0.0 заказа/ч; окно block_12_18: история 0.00, цикл 0.00; выбрано: историческая производительность; страховой запас 0%"
416,Магадан Красная Пресня,non_kfm,2026-09-28,17,17:00-18:00,low,block_12_18,bike,0.0,0.01,10.83,13.37,26.74,2.95,0.0,0.0,0.0,1.0,0,history,time_segment_shift_history,segment_cycle_time,global_hour,global_hour,"Нужно 0 кур.; прогноз 0.0 заказа/ч; окно block_12_18: история 0.00, цикл 0.00; выбрано: историческая производительность; страховой запас 0%"
416,Магадан Красная Пресня,non_kfm,2026-09-28,18,18:00-19:00,low,block_18_24,bike,0.01,0.04,11.1,15.71,31.43,2.15,0.0,0.0,0.0,1.0,0,history,time_segment_shift_history,segment_cycle_time,global_hour,global_hour,"Нужно 0 кур.; прогноз 0.0 заказа/ч; окно block_18_24: история 0.00, цикл 0.00; выбрано: историческая производительность; страховой запас 0%"
416,Магадан Красная Пресня,non_kfm,2026-09-28,19,19:00-20:00,low,block_18_24,bike,0.01,0.04,10.71,15.71,31.43,2.15,0.0,0.0,0.0,1.0,0,history,time_segment_shift_history,segment_cycle_time,global_hour,global_hour,"Нужно 0 кур.; прогноз 0.0 заказа/ч; окно block_18_24: история 0.00, цикл 0.00; выбрано: историческая производительность; страховой запас 0%"
416,Магадан Красная Пресня,non_kfm,2026-09-28,20,20:00-21:00,low,block_18_24,bike,0.01,0.04,10.4,15.71,31.43,2.15,0.0,0.0,0.0,1.0,0,history,time_segment_shift_history,segment_cycle_time,global_hour,global_hour,"Нужно 0 кур.; прогноз 0.0 заказа/ч; окно block_18_24: история 0.00, цикл 0.00; выбрано: историческая производительность; страховой запас 0%"
416,Магадан Красная Пресня,non_kfm,2026-09-28,21,21:00-22:00,low,block_18_24,bike,0.01,0.04,9.94,15.71,31.43,2.15,0.0,0.0,0.0,1.0,0,history,time_segment_shift_history,segment_cycle_time,global_hour,global_hour,"Нужно 0 кур.; прогноз 0.0 заказа/ч; окно block_18_24: история 0.00, цикл 0.00; выбрано: историческая производительность; страховой запас 0%"
43,Frankie Новослободская,non_kfm,2026-09-28,11,11:00-12:00,low,block_06_12,auto,0.04,0.15,22.82,39.25,78.51,1.47,0.0,0.0,0.0,1.0,0,history,time_segment_shift_history,segment_cycle_time,global_hour,global_hour,"Нужно 0 кур.; прогноз 0.0 заказа/ч; окно block_06_12: история 0.00, цикл 0.00; выбрано: историческая производительность; страховой запас 0%"
43,Frankie Новослободская,non_kfm,2026-09-28,12,12:00-13:00,low,block_12_18,auto,0.12,0.55,23.54,31.89,63.79,1.3,0.07,0.1,0.1,1.0,0,cycle_time,time_segment_shift_history,segment_cycle_time,global_hour,global_hour,"Нужно 0 кур.; прогноз 0.1 заказа/ч; окно block_12_18: история 0.07, цикл 0.10; выбрано: время полного цикла доставки; страховой запас 0%"
43,Frankie Новослободская,non_kfm,2026-09-28,13,13:00-14:00,low,block_12_18,auto,0.11,0.55,23.55,31.89,63.79,1.3,0.07,0.1,0.1,1.0,0,cycle_time,time_segment_shift_history,segment_cycle_time,global_hour,global_hour,"Нужно 0 кур.; прогноз 0.1 заказа/ч; окно block_12_18: история 0.07, цикл 0.10; выбрано: время полного цикла доставки; страховой запас 0%"
43,Frankie Новослободская,non_kfm,2026-09-28,14,14:00-15:00,low,block_12_18,auto,0.1,0.55,24.06,31.89,63.79,1.3,0.07,0.1,0.1,1.0,0,cycle_time,time_segment_shift_history,segment_cycle_time,global_hour,global_hour,"Нужно 0 кур.; прогноз 0.1 заказа/ч; окно block_12_18: история 0.07, цикл 0.10; выбрано: время полного цикла доставки; страховой запас 0%"
43,Frankie Новослободская,non_kfm,2026-09-28,15,15:00-16:00,low,block_12_18,auto,0.08,0.55,24.51,31.89,63.79,1.3,0.07,0.1,0.1,1.0,0,cycle_time,time_segment_shift_history,segment_cycle_time,global_hour,global_hour,"Нужно 0 кур.; прогноз 0.1 заказа/ч; окно block_12_18: история 0.07, цикл 0.10; выбрано: время полного цикла доставки; страховой запас 0%"
43,Frankie Новослободская,non_kfm,2026-09-28,16,16:00-17:00,low,block_12_18,auto,0.07,0.55,25.16,31.89,63.79,1.3,0.07,0.1,0.1,1.0,0,cycle_time,time_segment_shift_history,segment_cycle_time,global_hour,global_hour,"Нужно 0 кур.; прогноз 0.1 заказа/ч; окно block_12_18: история 0.07, цикл 0.10; выбрано: время полного цикла доставки; страховой запас 0%"
43,Frankie Новослободская,non_kfm,2026-09-28,17,17:00-18:00,low,block_12_18,auto,0.07,0.55,27.66,31.89,63.79,1.3,0.07,0.1,0.1,1.0,0,cycle_time,time_segment_shift_history,segment_cycle_time,global_hour,global_hour,"Нужно 0 кур.; прогноз 0.1 заказа/ч; окно block_12_18: история 0.07, цикл 0.10; выбрано: время полного цикла доставки; страховой запас 0%"
43,Frankie Новослободская,non_kfm,2026-09-28,18,18:00-19:00,low,block_18_24,auto,0.08,0.36,27.41,32.87,65.74,1.71,0.0,0.0,0.0,1.0,0,history,time_segment_shift_history,segment_cycle_time,global_hour,global_hour,"Нужно 0 кур.; прогноз 0.1 заказа/ч; окно block_18_24: история 0.00, цикл 0.00; выбрано: историческая производительность; страховой запас 0%"
43,Frankie Новослободская,non_kfm,2026-09-28,19,19:00-20:00,low,block_18_24,auto,0.08,0.36,26.64,32.87,65.74,1.71,0.0,0.0,0.0,1.0,0,history,time_segment_shift_history,segment_cycle_time,global_hour,global_hour,"Нужно 0 кур.; прогноз 0.1 заказа/ч; окно block_18_24: история 0.00, цикл 0.00; выбрано: историческая производительность; страховой запас 0%"
43,Frankie Новослободская,non_kfm,2026-09-28,20,20:00-21:00,low,block_18_24,auto,0.08,0.36,23.12,32.87,65.74,1.71,0.0,0.0,0.0,1.0,0,history,time_segment_shift_history,segment_cycle_time,global_hour,global_hour,"Нужно 0 кур.; прогноз 0.1 заказа/ч; окно block_18_24: история 0.00, цикл 0.00; выбрано: историческая производительность; страховой запас 0%"
43,Frankie Новослободская,non_kfm,2026-09-28,21,21:00-22:00,low,block_18_24,auto,0.06,0.36,21.83,32.87,65.74,1.71,0.0,0.0,0.0,1.0,0,history,time_segment_shift_history,segment_cycle_time,global_hour,global_hour,"Нужно 0 кур.; прогноз 0.1 заказа/ч; окно block_18_24: история 0.00, цикл 0.00; выбрано: историческая производительность; страховой запас 0%"
43,Frankie Новослободская,non_kfm,2026-09-28,22,22:00-23:00,low,block_18_24,auto,0.03,0.36,16.14,32.87,65.74,1.71,0.0,0.0,0.0,1.0,0,history,time_segment_shift_history,segment_cycle_time,global_hour,global_hour,"Нужно 0 кур.; прогноз 0.0 заказа/ч; окно block_18_24: история 0.00, цикл 0.00; выбрано: историческая производительность; страховой запас 0%"
43,Frankie Новослободская,non_kfm,2026-09-28,11,11:00-12:00,low,block_06_12,bike,0.02,0.08,10.41,11.11,22.21,2.94,0.0,0.0,0.0,1.0,0,history,time_segment_shift_history,segment_cycle_time,global_hour,global_hour,"Нужно 0 кур.; прогноз 0.0 заказа/ч; окно block_06_12: история 0.00, цикл 0.00; выбрано: историческая производительность; страховой запас 0%"
43,Frankie Новослободская,non_kfm,2026-09-28,12,12:00-13:00,low,block_12_18,bike,0.01,0.04,10.37,13.37,26.74,2.95,0.0,0.0,0.0,1.0,0,history,time_segment_shift_history,segment_cycle_time,global_hour,global_hour,"Нужно 0 кур.; прогноз 0.0 заказа/ч; окно block_12_18: история 0.00, цикл 0.00; выбрано: историческая производительность; страховой запас 0%"
43,Frankie Новослободская,non_kfm,2026-09-28,13,13:00-14:00,low,block_12_18,bike,0.01,0.04,10.39,13.37,26.74,2.95,0.0,0.0,0.0,1.0,0,history,time_segment_shift_history,segment_cycle_time,global_hour,global_hour,"Нужно 0 кур.; прогноз 0.0 заказа/ч; окно block_12_18: история 0.00, цикл 0.00; выбрано: историческая производительность; страховой запас 0%"
43,Frankie Новослободская,non_kfm,2026-09-28,14,14:00-15:00,low,block_12_18,bike,0.01,0.04,10.2,13.37,26.74,2.95,0.0,0.0,0.0,1.0,0,history,time_segment_shift_history,segment_cycle_time,global_hour,global_hour,"Нужно 0 кур.; прогноз 0.0 заказа/ч; окно block_12_18: история 0.00, цикл 0.00; выбрано: историческая производительность; страховой запас 0%"
43,Frankie Новослободская,non_kfm,2026-09-28,15,15:00-16:00,low,block_12_18,bike,0.01,0.04,10.75,13.37,26.74,2.95,0.0,0.0,0.0,1.0,0,history,time_segment_shift_history,segment_cycle_time,global_hour,global_hour,"Нужно 0 кур.; прогноз 0.0 заказа/ч; окно block_12_18: история 0.00, цикл 0.00; выбрано: историческая производительность; страховой запас 0%"
43,Frankie Новослободская,non_kfm,2026-09-28,16,16:00-17:00,low,block_12_18,bike,0.0,0.04,11.02,13.37,26.74,2.95,0.0,0.0,0.0,1.0,0,history,time_segment_shift_history,segment_cycle_time,global_hour,global_hour,"Нужно 0 кур.; прогноз 0.0 заказа/ч; окно block_12_18: история 0.00, цикл 0.00; выбрано: историческая производительность; страховой запас 0%"
43,Frankie Новослободская,non_kfm,2026-09-28,17,17:00-18:00,low,block_12_18,bike,0.0,0.04,10.83,13.37,26.74,2.95,0.0,0.0,0.0,1.0,0,history,time_segment_shift_history,segment_cycle_time,global_hour,global_hour,"Нужно 0 кур.; прогноз 0.0 заказа/ч; окно block_12_18: история 0.00, цикл 0.00; выбрано: историческая производительность; страховой запас 0%"
43,Frankie Новослободская,non_kfm,2026-09-28,18,18:00-19:00,low,block_18_24,bike,0.03,0.14,11.1,15.71,31.43,2.15,0.0,0.0,0.0,1.0,0,history,time_segment_shift_history,segment_cycle_time,global_hour,global_hour,"Нужно 0 кур.; прогноз 0.0 заказа/ч; окно block_18_24: история 0.00, цикл 0.00; выбрано: историческая производительность; страховой запас 0%"
43,Frankie Новослободская,non_kfm,2026-09-28,19,19:00-20:00,low,block_18_24,bike,0.03,0.14,10.71,15.71,31.43,2.15,0.0,0.0,0.0,1.0,0,history,time_segment_shift_history,segment_cycle_time,global_hour,global_hour,"Нужно 0 кур.; прогноз 0.0 заказа/ч; окно block_18_24: история 0.00, цикл 0.00; выбрано: историческая производительность; страховой запас 0%"
43,Frankie Новослободская,non_kfm,2026-09-28,20,20:00-21:00,low,block_18_24,bike,0.03,0.14,10.4,15.71,31.43,2.15,0.0,0.0,0.0,1.0,0,history,time_segment_shift_history,segment_cycle_time,global_hour,global_hour,"Нужно 0 кур.; прогноз 0.0 заказа/ч; окно block_18_24: история 0.00, цикл 0.00; выбрано: историческая производительность; страховой запас 0%"
43,Frankie Новослободская,non_kfm,2026-09-28,21,21:00-22:00,low,block_18_24,bike,0.02,0.14,9.94,15.71,31.43,2.15,0.0,0.0,0.0,1.0,0,history,time_segment_shift_history,segment_cycle_time,global_hour,global_hour,"Нужно 0 кур.; прогноз 0.0 заказа/ч; окно block_18_24: история 0.00, цикл 0.00; выбрано: историческая производительность; страховой запас 0%"
43,Frankie Новослободская,non_kfm,2026-09-28,22,22:00-23:00,low,block_18_24,bike,0.01,0.14,9.8,15.71,31.43,2.15,0.0,0.0,0.0,1.0,0,history,time_segment_shift_history,segment_cycle_time,global_hour,global_hour,"Нужно 0 кур.; прогноз 0.0 заказа/ч; окно block_18_24: история 0.00, цикл 0.00; выбрано: историческая производительность; страховой запас 0%"
436,BSB Хамовники,non_kfm,2026-09-28,10,10:00-11:00,low,block_06_12,auto,0.02,0.09,21.71,39.25,78.51,1.47,0.0,0.0,0.0,1.0,0,history,time_segment_shift_history,segment_cycle_time,global_hour,global_hour,"Нужно 0 кур.; прогноз 0.0 заказа/ч; окно block_06_12: история 0.00, цикл 0.00; выбрано: историческая производительность; страховой запас 0%"
436,BSB Хамовники,non_kfm,2026-09-28,11,11:00-12:00,low,block_06_12,auto,0.02,0.09,22.82,39.25,78.51,1.47,0.0,0.0,0.0,1.0,0,history,time_segment_shift_history,segment_cycle_time,global_hour,global_hour,"Нужно 0 кур.; прогноз 0.0 заказа/ч; окно block_06_12: история 0.00, цикл 0.00; выбрано: историческая производительность; страховой запас 0%"
436,BSB Хамовники,non_kfm,2026-09-28,12,12:00-13:00,low,block_12_18,auto,0.06,0.28,23.54,31.89,63.79,1.3,0.0,0.0,0.0,1.0,0,history,time_segment_shift_history,segment_cycle_time,global_hour,global_hour,"Нужно 0 кур.; прогноз 0.1 заказа/ч; окно block_12_18: история 0.00, цикл 0.00; выбрано: историческая производительность; страховой запас 0%"
436,BSB Хамовники,non_kfm,2026-09-28,13,13:00-14:00,low,block_12_18,auto,0.06,0.28,23.55,31.89,63.79,1.3,0.0,0.0,0.0,1.0,0,history,time_segment_shift_history,segment_cycle_time,global_hour,global_hour,"Нужно 0 кур.; прогноз 0.1 заказа/ч; окно block_12_18: история 0.00, цикл 0.00; выбрано: историческая производительность; страховой запас 0%"
436,BSB Хамовники,non_kfm,2026-09-28,14,14:00-15:00,low,block_12_18,auto,0.05,0.28,24.06,31.89,63.79,1.3,0.0,0.0,0.0,1.0,0,history,time_segment_shift_history,segment_cycle_time,global_hour,global_hour,"Нужно 0 кур.; прогноз 0.1 заказа/ч; окно block_12_18: история 0.00, цикл 0.00; выбрано: историческая производительность; страховой запас 0%"
436,BSB Хамовники,non_kfm,2026-09-28,15,15:00-16:00,low,block_12_18,auto,0.04,0.28,24.51,31.89,63.79,1.3,0.0,0.0,0.0,1.0,0,history,time_segment_shift_history,segment_cycle_time,global_hour,global_hour,"Нужно 0 кур.; прогноз 0.0 заказа/ч; окно block_12_18: история 0.00, цикл 0.00; выбрано: историческая производительность; страховой запас 0%"
436,BSB Хамовники,non_kfm,2026-09-28,16,16:00-17:00,low,block_12_18,auto,0.04,0.28,25.16,31.89,63.79,1.3,0.0,0.0,0.0,1.0,0,history,time_segment_shift_history,segment_cycle_time,global_hour,global_hour,"Нужно 0 кур.; прогноз 0.0 заказа/ч; окно block_12_18: история 0.00, цикл 0.00; выбрано: историческая производительность; страховой запас 0%"
436,BSB Хамовники,non_kfm,2026-09-28,17,17:00-18:00,low,block_12_18,auto,0.03,0.28,27.66,31.89,63.79,1.3,0.0,0.0,0.0,1.0,0,history,time_segment_shift_history,segment_cycle_time,global_hour,global_hour,"Нужно 0 кур.; прогноз 0.0 заказа/ч; окно block_12_18: история 0.00, цикл 0.00; выбрано: историческая производительность; страховой запас 0%"
436,BSB Хамовники,non_kfm,2026-09-28,18,18:00-19:00,low,block_18_24,auto,0.04,0.19,27.41,32.87,65.74,1.71,0.0,0.0,0.0,1.0,0,history,time_segment_shift_history,segment_cycle_time,global_hour,global_hour,"Нужно 0 кур.; прогноз 0.0 заказа/ч; окно block_18_24: история 0.00, цикл 0.00; выбрано: историческая производительность; страховой запас 0%"
436,BSB Хамовники,non_kfm,2026-09-28,19,19:00-20:00,low,block_18_24,auto,0.04,0.19,26.64,32.87,65.74,1.71,0.0,0.0,0.0,1.0,0,history,time_segment_shift_history,segment_cycle_time,global_hour,global_hour,"Нужно 0 кур.; прогноз 0.0 заказа/ч; окно block_18_24: история 0.00, цикл 0.00; выбрано: историческая производительность; страховой запас 0%"
436,BSB Хамовники,non_kfm,2026-09-28,20,20:00-21:00,low,block_18_24,auto,0.04,0.19,23.12,32.87,65.74,1.71,0.0,0.0,0.0,1.0,0,history,time_segment_shift_history,segment_cycle_time,global_hour,global_hour,"Нужно 0 кур.; прогноз 0.0 заказа/ч; окно block_18_24: история 0.00, цикл 0.00; выбрано: историческая производительность; страховой запас 0%"
436,BSB Хамовники,non_kfm,2026-09-28,21,21:00-22:00,low,block_18_24,auto,0.03,0.19,21.83,32.87,65.74,1.71,0.0,0.0,0.0,1.0,0,history,time_segment_shift_history,segment_cycle_time,global_hour,global_hour,"Нужно 0 кур.; прогноз 0.0 заказа/ч; окно block_18_24: история 0.00, цикл 0.00; выбрано: историческая производительность; страховой запас 0%"
436,BSB Хамовники,non_kfm,2026-09-28,10,10:00-11:00,low,block_06_12,bike,0.01,0.05,10.11,11.11,22.21,2.94,0.0,0.0,0.0,1.0,0,history,time_segment_shift_history,segment_cycle_time,global_hour,global_hour,"Нужно 0 кур.; прогноз 0.0 заказа/ч; окно block_06_12: история 0.00, цикл 0.00; выбрано: историческая производительность; страховой запас 0%"
436,BSB Хамовники,non_kfm,2026-09-28,11,11:00-12:00,low,block_06_12,bike,0.01,0.05,10.41,11.11,22.21,2.94,0.0,0.0,0.0,1.0,0,history,time_segment_shift_history,segment_cycle_time,global_hour,global_hour,"Нужно 0 кур.; прогноз 0.0 заказа/ч; окно block_06_12: история 0.00, цикл 0.00; выбрано: историческая производительность; страховой запас 0%"
436,BSB Хамовники,non_kfm,2026-09-28,12,12:00-13:00,low,block_12_18,bike,0.0,0.02,10.37,13.37,26.74,2.95,0.0,0.0,0.0,1.0,0,history,time_segment_shift_history,segment_cycle_time,global_hour,global_hour,"Нужно 0 кур.; прогноз 0.0 заказа/ч; окно block_12_18: история 0.00, цикл 0.00; выбрано: историческая производительность; страховой запас 0%"
436,BSB Хамовники,non_kfm,2026-09-28,13,13:00-14:00,low,block_12_18,bike,0.0,0.02,10.39,13.37,26.74,2.95,0.0,0.0,0.0,1.0,0,history,time_segment_shift_history,segment_cycle_time,global_hour,global_hour,"Нужно 0 кур.; прогноз 0.0 заказа/ч; окно block_12_18: история 0.00, цикл 0.00; выбрано: историческая производительность; страховой запас 0%"
436,BSB Хамовники,non_kfm,2026-09-28,14,14:00-15:00,low,block_12_18,bike,0.0,0.02,10.2,13.37,26.74,2.95,0.0,0.0,0.0,1.0,0,history,time_segment_shift_history,segment_cycle_time,global_hour,global_hour,"Нужно 0 кур.; прогноз 0.0 заказа/ч; окно block_12_18: история 0.00, цикл 0.00; выбрано: историческая производительность; страховой запас 0%"
436,BSB Хамовники,non_kfm,2026-09-28,15,15:00-16:00,low,block_12_18,bike,0.0,0.02,10.75,13.37,26.74,2.95,0.0,0.0,0.0,1.0,0,history,time_segment_shift_history,segment_cycle_time,global_hour,global_hour,"Нужно 0 кур.; прогноз 0.0 заказа/ч; окно block_12_18: история 0.00, цикл 0.00; выбрано: историческая производительность; страховой запас 0%"
436,BSB Хамовники,non_kfm,2026-09-28,16,16:00-17:00,low,block_12_18,bike,0.0,0.02,11.02,13.37,26.74,2.95,0.0,0.0,0.0,1.0,0,history,time_segment_shift_history,segment_cycle_time,global_hour,global_hour,"Нужно 0 кур.; прогноз 0.0 заказа/ч; окно block_12_18: история 0.00, цикл 0.00; выбрано: историческая производительность; страховой запас 0%"
436,BSB Хамовники,non_kfm,2026-09-28,17,17:00-18:00,low,block_12_18,bike,0.0,0.02,10.83,13.37,26.74,2.95,0.0,0.0,0.0,1.0,0,history,time_segment_shift_history,segment_cycle_time,global_hour,global_hour,"Нужно 0 кур.; прогноз 0.0 заказа/ч; окно block_12_18: история 0.00, цикл 0.00; выбрано: историческая производительность; страховой запас 0%"
436,BSB Хамовники,non_kfm,2026-09-28,18,18:00-19:00,low,block_18_24,bike,0.02,0.07,11.1,15.71,31.43,2.15,0.0,0.0,0.0,1.0,0,history,time_segment_shift_history,segment_cycle_time,global_hour,global_hour,"Нужно 0 кур.; прогноз 0.0 заказа/ч; окно block_18_24: история 0.00, цикл 0.00; выбрано: историческая производительность; страховой запас 0%"
436,BSB Хамовники,non_kfm,2026-09-28,19,19:00-20:00,low,block_18_24,bike,0.02,0.07,10.71,15.71,31.43,2.15,0.0,0.0,0.0,1.0,0,history,time_segment_shift_history,segment_cycle_time,global_hour,global_hour,"Нужно 0 кур.; прогноз 0.0 заказа/ч; окно block_18_24: история 0.00, цикл 0.00; выбрано: историческая производительность; страховой запас 0%"
436,BSB Хамовники,non_kfm,2026-09-28,20,20:00-21:00,low,block_18_24,bike,0.02,0.07,10.4,15.71,31.43,2.15,0.0,0.0,0.0,1.0,0,history,time_segment_shift_history,segment_cycle_time,global_hour,global_hour,"Нужно 0 кур.; прогноз 0.0 заказа/ч; окно block_18_24: история 0.00, цикл 0.00; выбрано: историческая производительность; страховой запас 0%"
436,BSB Хамовники,non_kfm,2026-09-28,21,21:00-22:00,low,block_18_24,bike,0.01,0.07,9.94,15.71,31.43,2.15,0.0,0.0,0.0,1.0,0,history,time_segment_shift_history,segment_cycle_time,global_hour,global_hour,"Нужно 0 кур.; прогноз 0.0 заказа/ч; окно block_18_24: история 0.00, цикл 0.00; выбрано: историческая производительность; страховой запас 0%"
44,Frankie Пятницкая,non_kfm,2026-09-28,11,11:00-12:00,low,block_06_12,auto,0.05,0.18,22.82,39.25,78.51,1.47,0.0,0.0,0.0,1.0,0,history,time_segment_shift_history,segment_cycle_time,global_hour,global_hour,"Нужно 0 кур.; прогноз 0.0 заказа/ч; окно block_06_12: история 0.00, цикл 0.00; выбрано: историческая производительность; страховой запас 0%"
44,Frankie Пятницкая,non_kfm,2026-09-28,12,12:00-13:00,low,block_12_18,auto,0.13,0.61,23.54,31.89,63.79,1.3,0.08,0.11,0.11,1.0,0,cycle_time,time_segment_shift_history,segment_cycle_time,global_hour,global_hour,"Нужно 0 кур.; прогноз 0.1 заказа/ч; окно block_12_18: история 0.08, цикл 0.11; выбрано: время полного цикла доставки; страховой запас 0%"
44,Frankie Пятницкая,non_kfm,2026-09-28,13,13:00-14:00,low,block_12_18,auto,0.13,0.61,23.55,31.89,63.79,1.3,0.08,0.11,0.11,1.0,0,cycle_time,time_segment_shift_history,segment_cycle_time,global_hour,global_hour,"Нужно 0 кур.; прогноз 0.1 заказа/ч; окно block_12_18: история 0.08, цикл 0.11; выбрано: время полного цикла доставки; страховой запас 0%"
44,Frankie Пятницкая,non_kfm,2026-09-28,14,14:00-15:00,low,block_12_18,auto,0.11,0.61,24.06,31.89,63.79,1.3,0.08,0.11,0.11,1.0,0,cycle_time,time_segment_shift_history,segment_cycle_time,global_hour,global_hour,"Нужно 0 кур.; прогноз 0.1 заказа/ч; окно block_12_18: история 0.08, цикл 0.11; выбрано: время полного цикла доставки; страховой запас 0%"
44,Frankie Пятницкая,non_kfm,2026-09-28,15,15:00-16:00,low,block_12_18,auto,0.09,0.61,24.51,31.89,63.79,1.3,0.08,0.11,0.11,1.0,0,cycle_time,time_segment_shift_history,segment_cycle_time,global_hour,global_hour,"Нужно 0 кур.; прогноз 0.1 заказа/ч; окно block_12_18: история 0.08, цикл 0.11; выбрано: время полного цикла доставки; страховой запас 0%"
44,Frankie Пятницкая,non_kfm,2026-09-28,16,16:00-17:00,low,block_12_18,auto,0.08,0.61,25.16,31.89,63.79,1.3,0.08,0.11,0.11,1.0,0,cycle_time,time_segment_shift_history,segment_cycle_time,global_hour,global_hour,"Нужно 0 кур.; прогноз 0.1 заказа/ч; окно block_12_18: история 0.08, цикл 0.11; выбрано: время полного цикла доставки; страховой запас 0%"
44,Frankie Пятницкая,non_kfm,2026-09-28,17,17:00-18:00,low,block_12_18,auto,0.07,0.61,27.66,31.89,63.79,1.3,0.08,0.11,0.11,1.0,0,cycle_time,time_segment_shift_history,segment_cycle_time,global_hour,global_hour,"Нужно 0 кур.; прогноз 0.1 заказа/ч; окно block_12_18: история 0.08, цикл 0.11; выбрано: время полного цикла доставки; страховой запас 0%"
44,Frankie Пятницкая,non_kfm,2026-09-28,18,18:00-19:00,low,block_18_24,auto,0.1,0.44,27.41,32.87,65.74,1.71,0.0,0.0,0.0,1.0,0,history,time_segment_shift_history,segment_cycle_time,global_hour,global_hour,"Нужно 0 кур.; прогноз 0.1 заказа/ч; окно block_18_24: история 0.00, цикл 0.00; выбрано: историческая производительность; страховой запас 0%"
44,Frankie Пятницкая,non_kfm,2026-09-28,19,19:00-20:00,low,block_18_24,auto,0.1,0.44,26.64,32.87,65.74,1.71,0.0,0.0,0.0,1.0,0,history,time_segment_shift_history,segment_cycle_time,global_hour,global_hour,"Нужно 0 кур.; прогноз 0.1 заказа/ч; окно block_18_24: история 0.00, цикл 0.00; выбрано: историческая производительность; страховой запас 0%"
44,Frankie Пятницкая,non_kfm,2026-09-28,20,20:00-21:00,low,block_18_24,auto,0.1,0.44,23.12,32.87,65.74,1.71,0.0,0.0,0.0,1.0,0,history,time_segment_shift_history,segment_cycle_time,global_hour,global_hour,"Нужно 0 кур.; прогноз 0.1 заказа/ч; окно block_18_24: история 0.00, цикл 0.00; выбрано: историческая производительность; страховой запас 0%"
44,Frankie Пятницкая,non_kfm,2026-09-28,21,21:00-22:00,low,block_18_24,auto,0.07,0.44,21.83,32.87,65.74,1.71,0.0,0.0,0.0,1.0,0,history,time_segment_shift_history,segment_cycle_time,global_hour,global_hour,"Нужно 0 кур.; прогноз 0.1 заказа/ч; окно block_18_24: история 0.00, цикл 0.00; выбрано: историческая производительность; страховой запас 0%"
44,Frankie Пятницкая,non_kfm,2026-09-28,22,22:00-23:00,low,block_18_24,auto,0.04,0.44,16.14,32.87,65.74,1.71,0.0,0.0,0.0,1.0,0,history,time_segment_shift_history,segment_cycle_time,global_hour,global_hour,"Нужно 0 кур.; прогноз 0.0 заказа/ч; окно block_18_24: история 0.00, цикл 0.00; выбрано: историческая производительность; страховой запас 0%"
44,Frankie Пятницкая,non_kfm,2026-09-28,23,23:00-24:00,low,block_18_24,auto,0.03,0.44,20.26,32.87,65.74,1.71,0.0,0.0,0.0,1.0,0,history,time_segment_shift_history,segment_cycle_time,global_hour,global_hour,"Нужно 0 кур.; прогноз 0.0 заказа/ч; окно block_18_24: история 0.00, цикл 0.00; выбрано: историческая производительность; страховой запас 0%"
44,Frankie Пятницкая,non_kfm,2026-09-28,11,11:00-12:00,low,block_06_12,bike,0.03,0.1,10.41,11.11,22.21,2.94,0.0,0.0,0.0,1.0,0,history,time_segment_shift_history,segment_cycle_time,global_hour,global_hour,"Нужно 0 кур.; прогноз 0.0 заказа/ч; окно block_06_12: история 0.00, цикл 0.00; выбрано: историческая производительность; страховой запас 0%"
44,Frankie Пятницкая,non_kfm,2026-09-28,12,12:00-13:00,low,block_12_18,bike,0.01,0.04,10.37,13.37,26.74,2.95,0.0,0.0,0.0,1.0,0,history,time_segment_shift_history,segment_cycle_time,global_hour,global_hour,"Нужно 0 кур.; прогноз 0.0 заказа/ч; окно block_12_18: история 0.00, цикл 0.00; выбрано: историческая производительность; страховой запас 0%"
44,Frankie Пятницкая,non_kfm,2026-09-28,13,13:00-14:00,low,block_12_18,bike,0.01,0.04,10.39,13.37,26.74,2.95,0.0,0.0,0.0,1.0,0,history,time_segment_shift_history,segment_cycle_time,global_hour,global_hour,"Нужно 0 кур.; прогноз 0.0 заказа/ч; окно block_12_18: история 0.00, цикл 0.00; выбрано: историческая производительность; страховой запас 0%"
44,Frankie Пятницкая,non_kfm,2026-09-28,14,14:00-15:00,low,block_12_18,bike,0.01,0.04,10.2,13.37,26.74,2.95,0.0,0.0,0.0,1.0,0,history,time_segment_shift_history,segment_cycle_time,global_hour,global_hour,"Нужно 0 кур.; прогноз 0.0 заказа/ч; окно block_12_18: история 0.00, цикл 0.00; выбрано: историческая производительность; страховой запас 0%"
44,Frankie Пятницкая,non_kfm,2026-09-28,15,15:00-16:00,low,block_12_18,bike,0.01,0.04,10.75,13.37,26.74,2.95,0.0,0.0,0.0,1.0,0,history,time_segment_shift_history,segment_cycle_time,global_hour,global_hour,"Нужно 0 кур.; прогноз 0.0 заказа/ч; окно block_12_18: история 0.00, цикл 0.00; выбрано: историческая производительность; страховой запас 0%"
44,Frankie Пятницкая,non_kfm,2026-09-28,16,16:00-17:00,low,block_12_18,bike,0.0,0.04,11.02,13.37,26.74,2.95,0.0,0.0,0.0,1.0,0,history,time_segment_shift_history,segment_cycle_time,global_hour,global_hour,"Нужно 0 кур.; прогноз 0.0 заказа/ч; окно block_12_18: история 0.00, цикл 0.00; выбрано: историческая производительность; страховой запас 0%"
44,Frankie Пятницкая,non_kfm,2026-09-28,17,17:00-18:00,low,block_12_18,bike,0.0,0.04,10.83,13.37,26.74,2.95,0.0,0.0,0.0,1.0,0,history,time_segment_shift_history,segment_cycle_time,global_hour,global_hour,"Нужно 0 кур.; прогноз 0.0 заказа/ч; окно block_12_18: история 0.00, цикл 0.00; выбрано: историческая производительность; страховой запас 0%"
44,Frankie Пятницкая,non_kfm,2026-09-28,18,18:00-19:00,low,block_18_24,bike,0.04,0.17,11.1,15.71,31.43,2.15,0.0,0.0,0.0,1.0,0,history,time_segment_shift_history,segment_cycle_time,global_hour,global_hour,"Нужно 0 кур.; прогноз 0.0 заказа/ч; окно block_18_24: история 0.00, цикл 0.00; выбрано: историческая производительность; страховой запас 0%"
44,Frankie Пятницкая,non_kfm,2026-09-28,19,19:00-20:00,low,block_18_24,bike,0.04,0.17,10.71,15.71,31.43,2.15,0.0,0.0,0.0,1.0,0,history,time_segment_shift_history,segment_cycle_time,global_hour,global_hour,"Нужно 0 кур.; прогноз 0.0 заказа/ч; окно block_18_24: история 0.00, цикл 0.00; выбрано: историческая производительность; страховой запас 0%"
44,Frankie Пятницкая,non_kfm,2026-09-28,20,20:00-21:00,low,block_18_24,bike,0.04,0.17,10.4,15.71,31.43,2.15,0.0,0.0,0.0,1.0,0,history,time_segment_shift_history,segment_cycle_time,global_hour,global_hour,"Нужно 0 кур.; прогноз 0.0 заказа/ч; окно block_18_24: история 0.00, цикл 0.00; выбрано: историческая производительность; страховой запас 0%"
44,Frankie Пятницкая,non_kfm,2026-09-28,21,21:00-22:00,low,block_18_24,bike,0.03,0.17,9.94,15.71,31.43,2.15,0.0,0.0,0.0,1.0,0,history,time_segment_shift_history,segment_cycle_time,global_hour,global_hour,"Нужно 0 кур.; прогноз 0.0 заказа/ч; окно block_18_24: история 0.00, цикл 0.00; выбрано: историческая производительность; страховой запас 0%"
44,Frankie Пятницкая,non_kfm,2026-09-28,22,22:00-23:00,low,block_18_24,bike,0.02,0.17,9.8,15.71,31.43,2.15,0.0,0.0,0.0,1.0,0,history,time_segment_shift_history,segment_cycle_time,global_hour,global_hour,"Нужно 0 кур.; прогноз 0.0 заказа/ч; окно block_18_24: история 0.00, цикл 0.00; выбрано: историческая производительность; страховой запас 0%"
44,Frankie Пятницкая,non_kfm,2026-09-28,23,23:00-24:00,low,block_18_24,bike,0.01,0.17,9.15,15.71,31.43,2.15,0.0,0.0,0.0,1.0,0,history,time_segment_shift_history,segment_cycle_time,global_hour,global_hour,"Нужно 0 кур.; прогноз 0.0 заказа/ч; окно block_18_24: история 0.00, цикл 0.00; выбрано: историческая производительность; страховой запас 0%"
443,Пинский доставка,non_kfm,2026-09-28,10,10:00-11:00,low,block_06_12,auto,0.07,0.31,21.71,39.25,78.51,1.47,0.0,0.0,0.0,1.0,0,history,time_segment_shift_history,segment_cycle_time,global_hour,global_hour,"Нужно 0 кур.; прогноз 0.1 заказа/ч; окно block_06_12: история 0.00, цикл 0.00; выбрано: историческая производительность; страховой запас 0%"
443,Пинский доставка,non_kfm,2026-09-28,11,11:00-12:00,low,block_06_12,auto,0.08,0.31,22.82,39.25,78.51,1.47,0.0,0.0,0.0,1.0,0,history,time_segment_shift_history,segment_cycle_time,global_hour,global_hour,"Нужно 0 кур.; прогноз 0.1 заказа/ч; окно block_06_12: история 0.00, цикл 0.00; выбрано: историческая производительность; страховой запас 0%"
443,Пинский доставка,non_kfm,2026-09-28,12,12:00-13:00,low,block_12_18,auto,0.33,1.58,23.54,31.89,63.79,1.3,0.2,0.28,0.28,1.0,0,cycle_time,time_segment_shift_history,segment_cycle_time,global_hour,global_hour,"Нужно 0 кур.; прогноз 0.3 заказа/ч; окно block_12_18: история 0.20, цикл 0.28; выбрано: время полного цикла доставки; страховой запас 0%"
443,Пинский доставка,non_kfm,2026-09-28,13,13:00-14:00,low,block_12_18,auto,0.33,1.58,23.55,31.89,63.79,1.3,0.2,0.28,0.28,1.0,0,cycle_time,time_segment_shift_history,segment_cycle_time,global_hour,global_hour,"Нужно 0 кур.; прогноз 0.3 заказа/ч; окно block_12_18: история 0.20, цикл 0.28; выбрано: время полного цикла доставки; страховой запас 0%"
443,Пинский доставка,non_kfm,2026-09-28,14,14:00-15:00,low,block_12_18,auto,0.29,1.58,24.06,31.89,63.79,1.3,0.2,0.28,0.28,1.0,0,cycle_time,time_segment_shift_history,segment_cycle_time,global_hour,global_hour,"Нужно 0 кур.; прогноз 0.3 заказа/ч; окно block_12_18: история 0.20, цикл 0.28; выбрано: время полного цикла доставки; страховой запас 0%"
443,Пинский доставка,non_kfm,2026-09-28,15,15:00-16:00,low,block_12_18,auto,0.24,1.58,24.51,31.89,63.79,1.3,0.2,0.28,0.28,1.0,0,cycle_time,time_segment_shift_history,segment_cycle_time,global_hour,global_hour,"Нужно 0 кур.; прогноз 0.2 заказа/ч; окно block_12_18: история 0.20, цикл 0.28; выбрано: время полного цикла доставки; страховой запас 0%"
443,Пинский доставка,non_kfm,2026-09-28,16,16:00-17:00,low,block_12_18,auto,0.2,1.58,25.16,31.89,63.79,1.3,0.2,0.28,0.28,1.0,0,cycle_time,time_segment_shift_history,segment_cycle_time,global_hour,global_hour,"Нужно 0 кур.; прогноз 0.2 заказа/ч; окно block_12_18: история 0.20, цикл 0.28; выбрано: время полного цикла доставки; страховой запас 0%"
443,Пинский доставка,non_kfm,2026-09-28,17,17:00-18:00,low,block_12_18,auto,0.19,1.58,27.66,31.89,63.79,1.3,0.2,0.28,0.28,1.0,0,cycle_time,time_segment_shift_history,segment_cycle_time,global_hour,global_hour,"Нужно 0 кур.; прогноз 0.2 заказа/ч; окно block_12_18: история 0.20, цикл 0.28; выбрано: время полного цикла доставки; страховой запас 0%"
443,Пинский доставка,non_kfm,2026-09-28,18,18:00-19:00,low,block_18_24,auto,0.08,0.32,27.41,32.87,65.74,1.71,0.0,0.0,0.0,1.0,0,history,time_segment_shift_history,segment_cycle_time,global_hour,global_hour,"Нужно 0 кур.; прогноз 0.1 заказа/ч; окно block_18_24: история 0.00, цикл 0.00; выбрано: историческая производительность; страховой запас 0%"
443,Пинский доставка,non_kfm,2026-09-28,19,19:00-20:00,low,block_18_24,auto,0.08,0.32,26.64,32.87,65.74,1.71,0.0,0.0,0.0,1.0,0,history,time_segment_shift_history,segment_cycle_time,global_hour,global_hour,"Нужно 0 кур.; прогноз 0.1 заказа/ч; окно block_18_24: история 0.00, цикл 0.00; выбрано: историческая производительность; страховой запас 0%"
443,Пинский доставка,non_kfm,2026-09-28,10,10:00-11:00,low,block_06_12,bike,0.04,0.17,10.11,11.11,22.21,2.94,0.0,0.0,0.0,1.0,0,history,time_segment_shift_history,segment_cycle_time,global_hour,global_hour,"Нужно 0 кур.; прогноз 0.0 заказа/ч; окно block_06_12: история 0.00, цикл 0.00; выбрано: историческая производительность; страховой запас 0%"
443,Пинский доставка,non_kfm,2026-09-28,11,11:00-12:00,low,block_06_12,bike,0.04,0.17,10.41,11.11,22.21,2.94,0.0,0.0,0.0,1.0,0,history,time_segment_shift_history,segment_cycle_time,global_hour,global_hour,"Нужно 0 кур.; прогноз 0.0 заказа/ч; окно block_06_12: история 0.00, цикл 0.00; выбрано: историческая производительность; страховой запас 0%"
443,Пинский доставка,non_kfm,2026-09-28,12,12:00-13:00,low,block_12_18,bike,0.02,0.1,10.37,13.37,26.74,2.95,0.0,0.0,0.0,1.0,0,history,time_segment_shift_history,segment_cycle_time,global_hour,global_hour,"Нужно 0 кур.; прогноз 0.0 заказа/ч; окно block_12_18: история 0.00, цикл 0.00; выбрано: историческая производительность; страховой запас 0%"
443,Пинский доставка,non_kfm,2026-09-28,13,13:00-14:00,low,block_12_18,bike,0.02,0.1,10.39,13.37,26.74,2.95,0.0,0.0,0.0,1.0,0,history,time_segment_shift_history,segment_cycle_time,global_hour,global_hour,"Нужно 0 кур.; прогноз 0.0 заказа/ч; окно block_12_18: история 0.00, цикл 0.00; выбрано: историческая производительность; страховой запас 0%"
443,Пинский доставка,non_kfm,2026-09-28,14,14:00-15:00,low,block_12_18,bike,0.02,0.1,10.2,13.37,26.74,2.95,0.0,0.0,0.0,1.0,0,history,time_segment_shift_history,segment_cycle_time,global_hour,global_hour,"Нужно 0 кур.; прогноз 0.0 заказа/ч; окно block_12_18: история 0.00, цикл 0.00; выбрано: историческая производительность; страховой запас 0%"
443,Пинский доставка,non_kfm,2026-09-28,15,15:00-16:00,low,block_12_18,bike,0.02,0.1,10.75,13.37,26.74,2.95,0.0,0.0,0.0,1.0,0,history,time_segment_shift_history,segment_cycle_time,global_hour,global_hour,"Нужно 0 кур.; прогноз 0.0 заказа/ч; окно block_12_18: история 0.00, цикл 0.00; выбрано: историческая производительность; страховой запас 0%"
443,Пинский доставка,non_kfm,2026-09-28,16,16:00-17:00,low,block_12_18,bike,0.01,0.1,11.02,13.37,26.74,2.95,0.0,0.0,0.0,1.0,0,history,time_segment_shift_history,segment_cycle_time,global_hour,global_hour,"Нужно 0 кур.; прогноз 0.0 заказа/ч; окно block_12_18: история 0.00, цикл 0.00; выбрано: историческая производительность; страховой запас 0%"
443,Пинский доставка,non_kfm,2026-09-28,17,17:00-18:00,low,block_12_18,bike,0.01,0.1,10.83,13.37,26.74,2.95,0.0,0.0,0.0,1.0,0,history,time_segment_shift_history,segment_cycle_time,global_hour,global_hour,"Нужно 0 кур.; прогноз 0.0 заказа/ч; окно block_12_18: история 0.00, цикл 0.00; выбрано: историческая производительность; страховой запас 0%"
443,Пинский доставка,non_kfm,2026-09-28,18,18:00-19:00,low,block_18_24,bike,0.03,0.13,11.1,15.71,31.43,2.15,0.0,0.0,0.0,1.0,0,history,time_segment_shift_history,segment_cycle_time,global_hour,global_hour,"Нужно 0 кур.; прогноз 0.0 заказа/ч; окно block_18_24: история 0.00, цикл 0.00; выбрано: историческая производительность; страховой запас 0%"
443,Пинский доставка,non_kfm,2026-09-28,19,19:00-20:00,low,block_18_24,bike,0.03,0.13,10.71,15.71,31.43,2.15,0.0,0.0,0.0,1.0,0,history,time_segment_shift_history,segment_cycle_time,global_hour,global_hour,"Нужно 0 кур.; прогноз 0.0 заказа/ч; окно block_18_24: история 0.00, цикл 0.00; выбрано: историческая производительность; страховой запас 0%"
445,Shiba,non_kfm,2026-09-28,12,12:00-13:00,low,block_12_18,auto,0.05,0.23,47.87,31.89,63.79,1.3,0.0,0.0,0.0,1.0,0,history,time_segment_shift_history,segment_cycle_time,global_hour,location_hour,"Нужно 0 кур.; прогноз 0.0 заказа/ч; окно block_12_18: история 0.00, цикл 0.00; выбрано: историческая производительность; страховой запас 0%"
445,Shiba,non_kfm,2026-09-28,13,13:00-14:00,low,block_12_18,auto,0.05,0.23,24.87,31.89,63.79,1.3,0.0,0.0,0.0,1.0,0,history,time_segment_shift_history,segment_cycle_time,global_hour,location_hour,"Нужно 0 кур.; прогноз 0.0 заказа/ч; окно block_12_18: история 0.00, цикл 0.00; выбрано: историческая производительность; страховой запас 0%"
445,Shiba,non_kfm,2026-09-28,14,14:00-15:00,low,block_12_18,auto,0.04,0.23,24.06,31.89,63.79,1.3,0.0,0.0,0.0,1.0,0,history,time_segment_shift_history,segment_cycle_time,global_hour,global_hour,"Нужно 0 кур.; прогноз 0.0 заказа/ч; окно block_12_18: история 0.00, цикл 0.00; выбрано: историческая производительность; страховой запас 0%"
445,Shiba,non_kfm,2026-09-28,15,15:00-16:00,low,block_12_18,auto,0.03,0.23,24.51,31.89,63.79,1.3,0.0,0.0,0.0,1.0,0,history,time_segment_shift_history,segment_cycle_time,global_hour,global_hour,"Нужно 0 кур.; прогноз 0.0 заказа/ч; окно block_12_18: история 0.00, цикл 0.00; выбрано: историческая производительность; страховой запас 0%"
445,Shiba,non_kfm,2026-09-28,16,16:00-17:00,low,block_12_18,auto,0.03,0.23,25.16,31.89,63.79,1.3,0.0,0.0,0.0,1.0,0,history,time_segment_shift_history,segment_cycle_time,global_hour,global_hour,"Нужно 0 кур.; прогноз 0.0 заказа/ч; окно block_12_18: история 0.00, цикл 0.00; выбрано: историческая производительность; страховой запас 0%"
445,Shiba,non_kfm,2026-09-28,17,17:00-18:00,low,block_12_18,auto,0.03,0.23,27.66,31.89,63.79,1.3,0.0,0.0,0.0,1.0,0,history,time_segment_shift_history,segment_cycle_time,global_hour,global_hour,"Нужно 0 кур.; прогноз 0.0 заказа/ч; окно block_12_18: история 0.00, цикл 0.00; выбрано: историческая производительность; страховой запас 0%"
445,Shiba,non_kfm,2026-09-28,18,18:00-19:00,low,block_18_24,auto,0.04,0.16,54.79,32.87,65.74,1.71,0.0,0.0,0.0,1.0,0,history,time_segment_shift_history,segment_cycle_time,global_hour,location_hour,"Нужно 0 кур.; прогноз 0.0 заказа/ч; окно block_18_24: история 0.00, цикл 0.00; выбрано: историческая производительность; страховой запас 0%"
445,Shiba,non_kfm,2026-09-28,19,19:00-20:00,low,block_18_24,auto,0.04,0.16,19.2,32.87,65.74,1.71,0.0,0.0,0.0,1.0,0,history,time_segment_shift_history,segment_cycle_time,global_hour,location_hour,"Нужно 0 кур.; прогноз 0.0 заказа/ч; окно block_18_24: история 0.00, цикл 0.00; выбрано: историческая производительность; страховой запас 0%"
445,Shiba,non_kfm,2026-09-28,20,20:00-21:00,low,block_18_24,auto,0.03,0.16,23.12,32.87,65.74,1.71,0.0,0.0,0.0,1.0,0,history,time_segment_shift_history,segment_cycle_time,global_hour,global_hour,"Нужно 0 кур.; прогноз 0.0 заказа/ч; окно block_18_24: история 0.00, цикл 0.00; выбрано: историческая производительность; страховой запас 0%"
445,Shiba,non_kfm,2026-09-28,21,21:00-22:00,low,block_18_24,auto,0.03,0.16,21.83,32.87,65.74,1.71,0.0,0.0,0.0,1.0,0,history,time_segment_shift_history,segment_cycle_time,global_hour,global_hour,"Нужно 0 кур.; прогноз 0.0 заказа/ч; окно block_18_24: история 0.00, цикл 0.00; выбрано: историческая производительность; страховой запас 0%"
445,Shiba,non_kfm,2026-09-28,12,12:00-13:00,low,block_12_18,bike,0.0,0.01,10.37,13.37,26.74,2.95,0.0,0.0,0.0,1.0,0,history,time_segment_shift_history,segment_cycle_time,global_hour,global_hour,"Нужно 0 кур.; прогноз 0.0 заказа/ч; окно block_12_18: история 0.00, цикл 0.00; выбрано: историческая производительность; страховой запас 0%"
445,Shiba,non_kfm,2026-09-28,13,13:00-14:00,low,block_12_18,bike,0.0,0.01,0.69,13.37,26.74,2.95,0.0,0.0,0.0,1.0,0,history,time_segment_shift_history,segment_cycle_time,global_hour,location_hour,"Нужно 0 кур.; прогноз 0.0 заказа/ч; окно block_12_18: история 0.00, цикл 0.00; выбрано: историческая производительность; страховой запас 0%"
445,Shiba,non_kfm,2026-09-28,14,14:00-15:00,low,block_12_18,bike,0.0,0.01,17.8,13.37,26.74,2.95,0.0,0.0,0.0,1.0,0,history,time_segment_shift_history,segment_cycle_time,global_hour,location_hour,"Нужно 0 кур.; прогноз 0.0 заказа/ч; окно block_12_18: история 0.00, цикл 0.00; выбрано: историческая производительность; страховой запас 0%"
445,Shiba,non_kfm,2026-09-28,15,15:00-16:00,low,block_12_18,bike,0.0,0.01,9.54,13.37,26.74,2.95,0.0,0.0,0.0,1.0,0,history,time_segment_shift_history,segment_cycle_time,global_hour,location_hour,"Нужно 0 кур.; прогноз 0.0 заказа/ч; окно block_12_18: история 0.00, цикл 0.00; выбрано: историческая производительность; страховой запас 0%"
445,Shiba,non_kfm,2026-09-28,16,16:00-17:00,low,block_12_18,bike,0.0,0.01,13.65,13.37,26.74,2.95,0.0,0.0,0.0,1.0,0,history,time_segment_shift_history,segment_cycle_time,global_hour,location_hour,"Нужно 0 кур.; прогноз 0.0 заказа/ч; окно block_12_18: история 0.00, цикл 0.00; выбрано: историческая производительность; страховой запас 0%"
445,Shiba,non_kfm,2026-09-28,17,17:00-18:00,low,block_12_18,bike,0.0,0.01,10.83,13.37,26.74,2.95,0.0,0.0,0.0,1.0,0,history,time_segment_shift_history,segment_cycle_time,global_hour,global_hour,"Нужно 0 кур.; прогноз 0.0 заказа/ч; окно block_12_18: история 0.00, цикл 0.00; выбрано: историческая производительность; страховой запас 0%"
445,Shiba,non_kfm,2026-09-28,18,18:00-19:00,low,block_18_24,bike,0.01,0.06,11.1,15.71,31.43,2.15,0.0,0.0,0.0,1.0,0,history,time_segment_shift_history,segment_cycle_time,global_hour,global_hour,"Нужно 0 кур.; прогноз 0.0 заказа/ч; окно block_18_24: история 0.00, цикл 0.00; выбрано: историческая производительность; страховой запас 0%"
445,Shiba,non_kfm,2026-09-28,19,19:00-20:00,low,block_18_24,bike,0.01,0.06,10.71,15.71,31.43,2.15,0.0,0.0,0.0,1.0,0,history,time_segment_shift_history,segment_cycle_time,global_hour,global_hour,"Нужно 0 кур.; прогноз 0.0 заказа/ч; окно block_18_24: история 0.00, цикл 0.00; выбрано: историческая производительность; страховой запас 0%"
445,Shiba,non_kfm,2026-09-28,20,20:00-21:00,low,block_18_24,bike,0.01,0.06,19.93,15.71,31.43,2.15,0.0,0.0,0.0,1.0,0,history,time_segment_shift_history,segment_cycle_time,global_hour,location_hour,"Нужно 0 кур.; прогноз 0.0 заказа/ч; окно block_18_24: история 0.00, цикл 0.00; выбрано: историческая производительность; страховой запас 0%"
445,Shiba,non_kfm,2026-09-28,21,21:00-22:00,low,block_18_24,bike,0.01,0.06,9.94,15.71,31.43,2.15,0.0,0.0,0.0,1.0,0,history,time_segment_shift_history,segment_cycle_time,global_hour,global_hour,"Нужно 0 кур.; прогноз 0.0 заказа/ч; окно block_18_24: история 0.00, цикл 0.00; выбрано: историческая производительность; страховой запас 0%"
481,ЦБ The Greeks,non_kfm,2026-09-28,12,12:00-13:00,low,block_12_18,auto,0.05,0.24,23.54,31.89,63.79,1.3,0.0,0.0,0.0,1.0,0,history,time_segment_shift_history,segment_cycle_time,global_hour,global_hour,"Нужно 0 кур.; прогноз 0.0 заказа/ч; окно block_12_18: история 0.00, цикл 0.00; выбрано: историческая производительность; страховой запас 0%"
481,ЦБ The Greeks,non_kfm,2026-09-28,13,13:00-14:00,low,block_12_18,auto,0.05,0.24,23.55,31.89,63.79,1.3,0.0,0.0,0.0,1.0,0,history,time_segment_shift_history,segment_cycle_time,global_hour,global_hour,"Нужно 0 кур.; прогноз 0.0 заказа/ч; окно block_12_18: история 0.00, цикл 0.00; выбрано: историческая производительность; страховой запас 0%"
481,ЦБ The Greeks,non_kfm,2026-09-28,14,14:00-15:00,low,block_12_18,auto,0.04,0.24,24.06,31.89,63.79,1.3,0.0,0.0,0.0,1.0,0,history,time_segment_shift_history,segment_cycle_time,global_hour,global_hour,"Нужно 0 кур.; прогноз 0.0 заказа/ч; окно block_12_18: история 0.00, цикл 0.00; выбрано: историческая производительность; страховой запас 0%"
481,ЦБ The Greeks,non_kfm,2026-09-28,15,15:00-16:00,low,block_12_18,auto,0.04,0.24,24.51,31.89,63.79,1.3,0.0,0.0,0.0,1.0,0,history,time_segment_shift_history,segment_cycle_time,global_hour,global_hour,"Нужно 0 кур.; прогноз 0.0 заказа/ч; окно block_12_18: история 0.00, цикл 0.00; выбрано: историческая производительность; страховой запас 0%"
481,ЦБ The Greeks,non_kfm,2026-09-28,16,16:00-17:00,low,block_12_18,auto,0.03,0.24,25.16,31.89,63.79,1.3,0.0,0.0,0.0,1.0,0,history,time_segment_shift_history,segment_cycle_time,global_hour,global_hour,"Нужно 0 кур.; прогноз 0.0 заказа/ч; окно block_12_18: история 0.00, цикл 0.00; выбрано: историческая производительность; страховой запас 0%"
481,ЦБ The Greeks,non_kfm,2026-09-28,17,17:00-18:00,low,block_12_18,auto,0.03,0.24,27.66,31.89,63.79,1.3,0.0,0.0,0.0,1.0,0,history,time_segment_shift_history,segment_cycle_time,global_hour,global_hour,"Нужно 0 кур.; прогноз 0.0 заказа/ч; окно block_12_18: история 0.00, цикл 0.00; выбрано: историческая производительность; страховой запас 0%"
481,ЦБ The Greeks,non_kfm,2026-09-28,18,18:00-19:00,low,block_18_24,auto,0.04,0.18,27.41,32.87,65.74,1.71,0.0,0.0,0.0,1.0,0,history,time_segment_shift_history,segment_cycle_time,global_hour,global_hour,"Нужно 0 кур.; прогноз 0.0 заказа/ч; окно block_18_24: история 0.00, цикл 0.00; выбрано: историческая производительность; страховой запас 0%"
481,ЦБ The Greeks,non_kfm,2026-09-28,19,19:00-20:00,low,block_18_24,auto,0.04,0.18,26.64,32.87,65.74,1.71,0.0,0.0,0.0,1.0,0,history,time_segment_shift_history,segment_cycle_time,global_hour,global_hour,"Нужно 0 кур.; прогноз 0.0 заказа/ч; окно block_18_24: история 0.00, цикл 0.00; выбрано: историческая производительность; страховой запас 0%"
481,ЦБ The Greeks,non_kfm,2026-09-28,20,20:00-21:00,low,block_18_24,auto,0.04,0.18,23.12,32.87,65.74,1.71,0.0,0.0,0.0,1.0,0,history,time_segment_shift_history,segment_cycle_time,global_hour,global_hour,"Нужно 0 кур.; прогноз 0.0 заказа/ч; окно block_18_24: история 0.00, цикл 0.00; выбрано: историческая производительность; страховой запас 0%"
481,ЦБ The Greeks,non_kfm,2026-09-28,21,21:00-22:00,low,block_18_24,auto,0.03,0.18,21.83,32.87,65.74,1.71,0.0,0.0,0.0,1.0,0,history,time_segment_shift_history,segment_cycle_time,global_hour,global_hour,"Нужно 0 кур.; прогноз 0.0 заказа/ч; окно block_18_24: история 0.00, цикл 0.00; выбрано: историческая производительность; страховой запас 0%"
481,ЦБ The Greeks,non_kfm,2026-09-28,22,22:00-23:00,low,block_18_24,auto,0.02,0.18,16.14,32.87,65.74,1.71,0.0,0.0,0.0,1.0,0,history,time_segment_shift_history,segment_cycle_time,global_hour,global_hour,"Нужно 0 кур.; прогноз 0.0 заказа/ч; окно block_18_24: история 0.00, цикл 0.00; выбрано: историческая производительность; страховой запас 0%"
481,ЦБ The Greeks,non_kfm,2026-09-28,23,23:00-24:00,low,block_18_24,auto,0.01,0.18,20.26,32.87,65.74,1.71,0.0,0.0,0.0,1.0,0,history,time_segment_shift_history,segment_cycle_time,global_hour,global_hour,"Нужно 0 кур.; прогноз 0.0 заказа/ч; окно block_18_24: история 0.00, цикл 0.00; выбрано: историческая производительность; страховой запас 0%"
481,ЦБ The Greeks,non_kfm,2026-09-28,12,12:00-13:00,low,block_12_18,bike,0.0,0.02,10.37,13.37,26.74,2.95,0.0,0.0,0.0,1.0,0,history,time_segment_shift_history,segment_cycle_time,global_hour,global_hour,"Нужно 0 кур.; прогноз 0.0 заказа/ч; окно block_12_18: история 0.00, цикл 0.00; выбрано: историческая производительность; страховой запас 0%"
481,ЦБ The Greeks,non_kfm,2026-09-28,13,13:00-14:00,low,block_12_18,bike,0.0,0.02,10.39,13.37,26.74,2.95,0.0,0.0,0.0,1.0,0,history,time_segment_shift_history,segment_cycle_time,global_hour,global_hour,"Нужно 0 кур.; прогноз 0.0 заказа/ч; окно block_12_18: история 0.00, цикл 0.00; выбрано: историческая производительность; страховой запас 0%"
481,ЦБ The Greeks,non_kfm,2026-09-28,14,14:00-15:00,low,block_12_18,bike,0.0,0.02,10.2,13.37,26.74,2.95,0.0,0.0,0.0,1.0,0,history,time_segment_shift_history,segment_cycle_time,global_hour,global_hour,"Нужно 0 кур.; прогноз 0.0 заказа/ч; окно block_12_18: история 0.00, цикл 0.00; выбрано: историческая производительность; страховой запас 0%"
481,ЦБ The Greeks,non_kfm,2026-09-28,15,15:00-16:00,low,block_12_18,bike,0.0,0.02,10.75,13.37,26.74,2.95,0.0,0.0,0.0,1.0,0,history,time_segment_shift_history,segment_cycle_time,global_hour,global_hour,"Нужно 0 кур.; прогноз 0.0 заказа/ч; окно block_12_18: история 0.00, цикл 0.00; выбрано: историческая производительность; страховой запас 0%"
481,ЦБ The Greeks,non_kfm,2026-09-28,16,16:00-17:00,low,block_12_18,bike,0.0,0.02,11.02,13.37,26.74,2.95,0.0,0.0,0.0,1.0,0,history,time_segment_shift_history,segment_cycle_time,global_hour,global_hour,"Нужно 0 кур.; прогноз 0.0 заказа/ч; окно block_12_18: история 0.00, цикл 0.00; выбрано: историческая производительность; страховой запас 0%"
481,ЦБ The Greeks,non_kfm,2026-09-28,17,17:00-18:00,low,block_12_18,bike,0.0,0.02,10.83,13.37,26.74,2.95,0.0,0.0,0.0,1.0,0,history,time_segment_shift_history,segment_cycle_time,global_hour,global_hour,"Нужно 0 кур.; прогноз 0.0 заказа/ч; окно block_12_18: история 0.00, цикл 0.00; выбрано: историческая производительность; страховой запас 0%"
481,ЦБ The Greeks,non_kfm,2026-09-28,18,18:00-19:00,low,block_18_24,bike,0.02,0.07,11.1,15.71,31.43,2.15,0.0,0.0,0.0,1.0,0,history,time_segment_shift_history,segment_cycle_time,global_hour,global_hour,"Нужно 0 кур.; прогноз 0.0 заказа/ч; окно block_18_24: история 0.00, цикл 0.00; выбрано: историческая производительность; страховой запас 0%"
481,ЦБ The Greeks,non_kfm,2026-09-28,19,19:00-20:00,low,block_18_24,bike,0.02,0.07,10.71,15.71,31.43,2.15,0.0,0.0,0.0,1.0,0,history,time_segment_shift_history,segment_cycle_time,global_hour,global_hour,"Нужно 0 кур.; прогноз 0.0 заказа/ч; окно block_18_24: история 0.00, цикл 0.00; выбрано: историческая производительность; страховой запас 0%"
481,ЦБ The Greeks,non_kfm,2026-09-28,20,20:00-21:00,low,block_18_24,bike,0.01,0.07,10.4,15.71,31.43,2.15,0.0,0.0,0.0,1.0,0,history,time_segment_shift_history,segment_cycle_time,global_hour,global_hour,"Нужно 0 кур.; прогноз 0.0 заказа/ч; окно block_18_24: история 0.00, цикл 0.00; выбрано: историческая производительность; страховой запас 0%"
481,ЦБ The Greeks,non_kfm,2026-09-28,21,21:00-22:00,low,block_18_24,bike,0.01,0.07,9.94,15.71,31.43,2.15,0.0,0.0,0.0,1.0,0,history,time_segment_shift_history,segment_cycle_time,global_hour,global_hour,"Нужно 0 кур.; прогноз 0.0 заказа/ч; окно block_18_24: история 0.00, цикл 0.00; выбрано: историческая производительность; страховой запас 0%"
481,ЦБ The Greeks,non_kfm,2026-09-28,22,22:00-23:00,low,block_18_24,bike,0.01,0.07,9.8,15.71,31.43,2.15,0.0,0.0,0.0,1.0,0,history,time_segment_shift_history,segment_cycle_time,global_hour,global_hour,"Нужно 0 кур.; прогноз 0.0 заказа/ч; окно block_18_24: история 0.00, цикл 0.00; выбрано: историческая производительность; страховой запас 0%"
481,ЦБ The Greeks,non_kfm,2026-09-28,23,23:00-24:00,low,block_18_24,bike,0.0,0.07,9.15,15.71,31.43,2.15,0.0,0.0,0.0,1.0,0,history,time_segment_shift_history,segment_cycle_time,global_hour,global_hour,"Нужно 0 кур.; прогноз 0.0 заказа/ч; окно block_18_24: история 0.00, цикл 0.00; выбрано: историческая производительность; страховой запас 0%"
516,La Raquette by Pinskiy&Co,non_kfm,2026-09-28,9,09:00-10:00,low,block_06_12,auto,0.19,0.84,21.64,39.25,78.51,1.47,0.1,0.18,0.18,1.0,0,cycle_time,time_segment_shift_history,segment_cycle_time,global_hour,global_hour,"Нужно 0 кур.; прогноз 0.2 заказа/ч; окно block_06_12: история 0.10, цикл 0.18; выбрано: время полного цикла доставки; страховой запас 0%"
516,La Raquette by Pinskiy&Co,non_kfm,2026-09-28,10,10:00-11:00,low,block_06_12,auto,0.2,0.84,21.71,39.25,78.51,1.47,0.1,0.18,0.18,1.0,0,cycle_time,time_segment_shift_history,segment_cycle_time,global_hour,global_hour,"Нужно 0 кур.; прогноз 0.2 заказа/ч; окно block_06_12: история 0.10, цикл 0.18; выбрано: время полного цикла доставки; страховой запас 0%"
516,La Raquette by Pinskiy&Co,non_kfm,2026-09-28,11,11:00-12:00,low,block_06_12,auto,0.21,0.84,22.82,39.25,78.51,1.47,0.1,0.18,0.18,1.0,0,cycle_time,time_segment_shift_history,segment_cycle_time,global_hour,global_hour,"Нужно 0 кур.; прогноз 0.2 заказа/ч; окно block_06_12: история 0.10, цикл 0.18; выбрано: время полного цикла доставки; страховой запас 0%"
516,La Raquette by Pinskiy&Co,non_kfm,2026-09-28,12,12:00-13:00,low,block_12_18,auto,0.21,1.02,23.54,31.89,63.79,1.3,0.13,0.18,0.18,1.0,0,cycle_time,time_segment_shift_history,segment_cycle_time,global_hour,global_hour,"Нужно 0 кур.; прогноз 0.2 заказа/ч; окно block_12_18: история 0.13, цикл 0.18; выбрано: время полного цикла доставки; страховой запас 0%"
516,La Raquette by Pinskiy&Co,non_kfm,2026-09-28,13,13:00-14:00,low,block_12_18,auto,0.21,1.02,23.55,31.89,63.79,1.3,0.13,0.18,0.18,1.0,0,cycle_time,time_segment_shift_history,segment_cycle_time,global_hour,global_hour,"Нужно 0 кур.; прогноз 0.2 заказа/ч; окно block_12_18: история 0.13, цикл 0.18; выбрано: время полного цикла доставки; страховой запас 0%"
516,La Raquette by Pinskiy&Co,non_kfm,2026-09-28,14,14:00-15:00,low,block_12_18,auto,0.18,1.02,24.06,31.89,63.79,1.3,0.13,0.18,0.18,1.0,0,cycle_time,time_segment_shift_history,segment_cycle_time,global_hour,global_hour,"Нужно 0 кур.; прогноз 0.2 заказа/ч; окно block_12_18: история 0.13, цикл 0.18; выбрано: время полного цикла доставки; страховой запас 0%"
516,La Raquette by Pinskiy&Co,non_kfm,2026-09-28,15,15:00-16:00,low,block_12_18,auto,0.16,1.02,24.51,31.89,63.79,1.3,0.13,0.18,0.18,1.0,0,cycle_time,time_segment_shift_history,segment_cycle_time,global_hour,global_hour,"Нужно 0 кур.; прогноз 0.2 заказа/ч; окно block_12_18: история 0.13, цикл 0.18; выбрано: время полного цикла доставки; страховой запас 0%"
516,La Raquette by Pinskiy&Co,non_kfm,2026-09-28,16,16:00-17:00,low,block_12_18,auto,0.13,1.02,25.16,31.89,63.79,1.3,0.13,0.18,0.18,1.0,0,cycle_time,time_segment_shift_history,segment_cycle_time,global_hour,global_hour,"Нужно 0 кур.; прогноз 0.1 заказа/ч; окно block_12_18: история 0.13, цикл 0.18; выбрано: время полного цикла доставки; страховой запас 0%"
516,La Raquette by Pinskiy&Co,non_kfm,2026-09-28,17,17:00-18:00,low,block_12_18,auto,0.12,1.02,27.66,31.89,63.79,1.3,0.13,0.18,0.18,1.0,0,cycle_time,time_segment_shift_history,segment_cycle_time,global_hour,global_hour,"Нужно 0 кур.; прогноз 0.1 заказа/ч; окно block_12_18: история 0.13, цикл 0.18; выбрано: время полного цикла доставки; страховой запас 0%"
516,La Raquette by Pinskiy&Co,non_kfm,2026-09-28,18,18:00-19:00,low,block_18_24,auto,0.08,0.36,27.41,32.87,65.74,1.71,0.0,0.0,0.0,1.0,0,history,time_segment_shift_history,segment_cycle_time,global_hour,global_hour,"Нужно 0 кур.; прогноз 0.1 заказа/ч; окно block_18_24: история 0.00, цикл 0.00; выбрано: историческая производительность; страховой запас 0%"
516,La Raquette by Pinskiy&Co,non_kfm,2026-09-28,19,19:00-20:00,low,block_18_24,auto,0.09,0.36,26.64,32.87,65.74,1.71,0.0,0.0,0.0,1.0,0,history,time_segment_shift_history,segment_cycle_time,global_hour,global_hour,"Нужно 0 кур.; прогноз 0.1 заказа/ч; окно block_18_24: история 0.00, цикл 0.00; выбрано: историческая производительность; страховой запас 0%"
516,La Raquette by Pinskiy&Co,non_kfm,2026-09-28,20,20:00-21:00,low,block_18_24,auto,0.08,0.36,23.12,32.87,65.74,1.71,0.0,0.0,0.0,1.0,0,history,time_segment_shift_history,segment_cycle_time,global_hour,global_hour,"Нужно 0 кур.; прогноз 0.1 заказа/ч; окно block_18_24: история 0.00, цикл 0.00; выбрано: историческая производительность; страховой запас 0%"
516,La Raquette by Pinskiy&Co,non_kfm,2026-09-28,21,21:00-22:00,low,block_18_24,auto,0.06,0.36,21.83,32.87,65.74,1.71,0.0,0.0,0.0,1.0,0,history,time_segment_shift_history,segment_cycle_time,global_hour,global_hour,"Нужно 0 кур.; прогноз 0.1 заказа/ч; окно block_18_24: история 0.00, цикл 0.00; выбрано: историческая производительность; страховой запас 0%"
516,La Raquette by Pinskiy&Co,non_kfm,2026-09-28,9,09:00-10:00,low,block_06_12,bike,0.1,0.46,10.37,11.11,22.21,2.94,0.0,0.0,0.0,1.0,0,history,time_segment_shift_history,segment_cycle_time,global_hour,global_hour,"Нужно 0 кур.; прогноз 0.1 заказа/ч; окно block_06_12: история 0.00, цикл 0.00; выбрано: историческая производительность; страховой запас 0%"
516,La Raquette by Pinskiy&Co,non_kfm,2026-09-28,10,10:00-11:00,low,block_06_12,bike,0.11,0.46,10.11,11.11,22.21,2.94,0.0,0.0,0.0,1.0,0,history,time_segment_shift_history,segment_cycle_time,global_hour,global_hour,"Нужно 0 кур.; прогноз 0.1 заказа/ч; окно block_06_12: история 0.00, цикл 0.00; выбрано: историческая производительность; страховой запас 0%"
516,La Raquette by Pinskiy&Co,non_kfm,2026-09-28,11,11:00-12:00,low,block_06_12,bike,0.12,0.46,10.41,11.11,22.21,2.94,0.0,0.0,0.0,1.0,0,history,time_segment_shift_history,segment_cycle_time,global_hour,global_hour,"Нужно 0 кур.; прогноз 0.1 заказа/ч; окно block_06_12: история 0.00, цикл 0.00; выбрано: историческая производительность; страховой запас 0%"
516,La Raquette by Pinskiy&Co,non_kfm,2026-09-28,12,12:00-13:00,low,block_12_18,bike,0.01,0.07,10.37,13.37,26.74,2.95,0.0,0.0,0.0,1.0,0,history,time_segment_shift_history,segment_cycle_time,global_hour,global_hour,"Нужно 0 кур.; прогноз 0.0 заказа/ч; окно block_12_18: история 0.00, цикл 0.00; выбрано: историческая производительность; страховой запас 0%"
516,La Raquette by Pinskiy&Co,non_kfm,2026-09-28,13,13:00-14:00,low,block_12_18,bike,0.01,0.07,10.39,13.37,26.74,2.95,0.0,0.0,0.0,1.0,0,history,time_segment_shift_history,segment_cycle_time,global_hour,global_hour,"Нужно 0 кур.; прогноз 0.0 заказа/ч; окно block_12_18: история 0.00, цикл 0.00; выбрано: историческая производительность; страховой запас 0%"
516,La Raquette by Pinskiy&Co,non_kfm,2026-09-28,14,14:00-15:00,low,block_12_18,bike,0.01,0.07,10.2,13.37,26.74,2.95,0.0,0.0,0.0,1.0,0,history,time_segment_shift_history,segment_cycle_time,global_hour,global_hour,"Нужно 0 кур.; прогноз 0.0 заказа/ч; окно block_12_18: история 0.00, цикл 0.00; выбрано: историческая производительность; страховой запас 0%"
516,La Raquette by Pinskiy&Co,non_kfm,2026-09-28,15,15:00-16:00,low,block_12_18,bike,0.01,0.07,10.75,13.37,26.74,2.95,0.0,0.0,0.0,1.0,0,history,time_segment_shift_history,segment_cycle_time,global_hour,global_hour,"Нужно 0 кур.; прогноз 0.0 заказа/ч; окно block_12_18: история 0.00, цикл 0.00; выбрано: историческая производительность; страховой запас 0%"
516,La Raquette by Pinskiy&Co,non_kfm,2026-09-28,16,16:00-17:00,low,block_12_18,bike,0.01,0.07,11.02,13.37,26.74,2.95,0.0,0.0,0.0,1.0,0,history,time_segment_shift_history,segment_cycle_time,global_hour,global_hour,"Нужно 0 кур.; прогноз 0.0 заказа/ч; окно block_12_18: история 0.00, цикл 0.00; выбрано: историческая производительность; страховой запас 0%"
516,La Raquette by Pinskiy&Co,non_kfm,2026-09-28,17,17:00-18:00,low,block_12_18,bike,0.01,0.07,10.83,13.37,26.74,2.95,0.0,0.0,0.0,1.0,0,history,time_segment_shift_history,segment_cycle_time,global_hour,global_hour,"Нужно 0 кур.; прогноз 0.0 заказа/ч; окно block_12_18: история 0.00, цикл 0.00; выбрано: историческая производительность; страховой запас 0%"
516,La Raquette by Pinskiy&Co,non_kfm,2026-09-28,18,18:00-19:00,low,block_18_24,bike,0.03,0.14,11.1,15.71,31.43,2.15,0.0,0.0,0.0,1.0,0,history,time_segment_shift_history,segment_cycle_time,global_hour,global_hour,"Нужно 0 кур.; прогноз 0.0 заказа/ч; окно block_18_24: история 0.00, цикл 0.00; выбрано: историческая производительность; страховой запас 0%"
516,La Raquette by Pinskiy&Co,non_kfm,2026-09-28,19,19:00-20:00,low,block_18_24,bike,0.03,0.14,10.71,15.71,31.43,2.15,0.0,0.0,0.0,1.0,0,history,time_segment_shift_history,segment_cycle_time,global_hour,global_hour,"Нужно 0 кур.; прогноз 0.0 заказа/ч; окно block_18_24: история 0.00, цикл 0.00; выбрано: историческая производительность; страховой запас 0%"
516,La Raquette by Pinskiy&Co,non_kfm,2026-09-28,20,20:00-21:00,low,block_18_24,bike,0.03,0.14,10.4,15.71,31.43,2.15,0.0,0.0,0.0,1.0,0,history,time_segment_shift_history,segment_cycle_time,global_hour,global_hour,"Нужно 0 кур.; прогноз 0.0 заказа/ч; окно block_18_24: история 0.00, цикл 0.00; выбрано: историческая производительность; страховой запас 0%"
516,La Raquette by Pinskiy&Co,non_kfm,2026-09-28,21,21:00-22:00,low,block_18_24,bike,0.02,0.14,9.94,15.71,31.43,2.15,0.0,0.0,0.0,1.0,0,history,time_segment_shift_history,segment_cycle_time,global_hour,global_hour,"Нужно 0 кур.; прогноз 0.0 заказа/ч; окно block_18_24: история 0.00, цикл 0.00; выбрано: историческая производительность; страховой запас 0%"
53,IZUMI,non_kfm,2026-09-28,11,11:00-12:00,low,block_06_12,auto,0.05,0.18,22.82,39.25,78.51,1.47,0.0,0.0,0.0,1.0,0,history,time_segment_shift_history,segment_cycle_time,global_hour,global_hour,"Нужно 0 кур.; прогноз 0.0 заказа/ч; окно block_06_12: история 0.00, цикл 0.00; выбрано: историческая производительность; страховой запас 0%"
53,IZUMI,non_kfm,2026-09-28,12,12:00-13:00,low,block_12_18,auto,0.19,0.93,23.54,31.89,63.79,1.3,0.12,0.16,0.16,1.0,0,cycle_time,time_segment_shift_history,segment_cycle_time,global_hour,global_hour,"Нужно 0 кур.; прогноз 0.2 заказа/ч; окно block_12_18: история 0.12, цикл 0.16; выбрано: время полного цикла доставки; страховой запас 0%"
53,IZUMI,non_kfm,2026-09-28,13,13:00-14:00,low,block_12_18,auto,0.19,0.93,23.55,31.89,63.79,1.3,0.12,0.16,0.16,1.0,0,cycle_time,time_segment_shift_history,segment_cycle_time,global_hour,global_hour,"Нужно 0 кур.; прогноз 0.2 заказа/ч; окно block_12_18: история 0.12, цикл 0.16; выбрано: время полного цикла доставки; страховой запас 0%"
53,IZUMI,non_kfm,2026-09-28,14,14:00-15:00,low,block_12_18,auto,0.17,0.93,24.06,31.89,63.79,1.3,0.12,0.16,0.16,1.0,0,cycle_time,time_segment_shift_history,segment_cycle_time,global_hour,global_hour,"Нужно 0 кур.; прогноз 0.2 заказа/ч; окно block_12_18: история 0.12, цикл 0.16; выбрано: время полного цикла доставки; страховой запас 0%"
53,IZUMI,non_kfm,2026-09-28,15,15:00-16:00,low,block_12_18,auto,0.14,0.93,24.51,31.89,63.79,1.3,0.12,0.16,0.16,1.0,0,cycle_time,time_segment_shift_history,segment_cycle_time,global_hour,global_hour,"Нужно 0 кур.; прогноз 0.1 заказа/ч; окно block_12_18: история 0.12, цикл 0.16; выбрано: время полного цикла доставки; страховой запас 0%"
53,IZUMI,non_kfm,2026-09-28,16,16:00-17:00,low,block_12_18,auto,0.12,0.93,25.16,31.89,63.79,1.3,0.12,0.16,0.16,1.0,0,cycle_time,time_segment_shift_history,segment_cycle_time,global_hour,global_hour,"Нужно 0 кур.; прогноз 0.1 заказа/ч; окно block_12_18: история 0.12, цикл 0.16; выбрано: время полного цикла доставки; страховой запас 0%"
53,IZUMI,non_kfm,2026-09-28,17,17:00-18:00,low,block_12_18,auto,0.11,0.93,27.66,31.89,63.79,1.3,0.12,0.16,0.16,1.0,0,cycle_time,time_segment_shift_history,segment_cycle_time,global_hour,global_hour,"Нужно 0 кур.; прогноз 0.1 заказа/ч; окно block_12_18: история 0.12, цикл 0.16; выбрано: время полного цикла доставки; страховой запас 0%"
53,IZUMI,non_kfm,2026-09-28,18,18:00-19:00,low,block_18_24,auto,0.17,0.71,27.41,32.87,65.74,1.71,0.07,0.13,0.13,1.0,0,cycle_time,time_segment_shift_history,segment_cycle_time,global_hour,global_hour,"Нужно 0 кур.; прогноз 0.2 заказа/ч; окно block_18_24: история 0.07, цикл 0.13; выбрано: время полного цикла доставки; страховой запас 0%"
53,IZUMI,non_kfm,2026-09-28,19,19:00-20:00,low,block_18_24,auto,0.17,0.71,26.64,32.87,65.74,1.71,0.07,0.13,0.13,1.0,0,cycle_time,time_segment_shift_history,segment_cycle_time,global_hour,global_hour,"Нужно 0 кур.; прогноз 0.2 заказа/ч; окно block_18_24: история 0.07, цикл 0.13; выбрано: время полного цикла доставки; страховой запас 0%"
53,IZUMI,non_kfm,2026-09-28,20,20:00-21:00,low,block_18_24,auto,0.15,0.71,23.12,32.87,65.74,1.71,0.07,0.13,0.13,1.0,0,cycle_time,time_segment_shift_history,segment_cycle_time,global_hour,global_hour,"Нужно 0 кур.; прогноз 0.2 заказа/ч; окно block_18_24: история 0.07, цикл 0.13; выбрано: время полного цикла доставки; страховой запас 0%"
53,IZUMI,non_kfm,2026-09-28,21,21:00-22:00,low,block_18_24,auto,0.12,0.71,21.83,32.87,65.74,1.71,0.07,0.13,0.13,1.0,0,cycle_time,time_segment_shift_history,segment_cycle_time,global_hour,global_hour,"Нужно 0 кур.; прогноз 0.1 заказа/ч; окно block_18_24: история 0.07, цикл 0.13; выбрано: время полного цикла доставки; страховой запас 0%"
53,IZUMI,non_kfm,2026-09-28,22,22:00-23:00,low,block_18_24,auto,0.07,0.71,16.14,32.87,65.74,1.71,0.07,0.13,0.13,1.0,0,cycle_time,time_segment_shift_history,segment_cycle_time,global_hour,global_hour,"Нужно 0 кур.; прогноз 0.1 заказа/ч; окно block_18_24: история 0.07, цикл 0.13; выбрано: время полного цикла доставки; страховой запас 0%"
53,IZUMI,non_kfm,2026-09-28,11,11:00-12:00,low,block_06_12,bike,0.03,0.1,10.41,11.11,22.21,2.94,0.0,0.0,0.0,1.0,0,history,time_segment_shift_history,segment_cycle_time,global_hour,global_hour,"Нужно 0 кур.; прогноз 0.0 заказа/ч; окно block_06_12: история 0.00, цикл 0.00; выбрано: историческая производительность; страховой запас 0%"
53,IZUMI,non_kfm,2026-09-28,12,12:00-13:00,low,block_12_18,bike,0.01,0.06,10.37,13.37,26.74,2.95,0.0,0.0,0.0,1.0,0,history,time_segment_shift_history,segment_cycle_time,global_hour,global_hour,"Нужно 0 кур.; прогноз 0.0 заказа/ч; окно block_12_18: история 0.00, цикл 0.00; выбрано: историческая производительность; страховой запас 0%"
53,IZUMI,non_kfm,2026-09-28,13,13:00-14:00,low,block_12_18,bike,0.01,0.06,10.39,13.37,26.74,2.95,0.0,0.0,0.0,1.0,0,history,time_segment_shift_history,segment_cycle_time,global_hour,global_hour,"Нужно 0 кур.; прогноз 0.0 заказа/ч; окно block_12_18: история 0.00, цикл 0.00; выбрано: историческая производительность; страховой запас 0%"
53,IZUMI,non_kfm,2026-09-28,14,14:00-15:00,low,block_12_18,bike,0.01,0.06,10.2,13.37,26.74,2.95,0.0,0.0,0.0,1.0,0,history,time_segment_shift_history,segment_cycle_time,global_hour,global_hour,"Нужно 0 кур.; прогноз 0.0 заказа/ч; окно block_12_18: история 0.00, цикл 0.00; выбрано: историческая производительность; страховой запас 0%"
53,IZUMI,non_kfm,2026-09-28,15,15:00-16:00,low,block_12_18,bike,0.01,0.06,10.75,13.37,26.74,2.95,0.0,0.0,0.0,1.0,0,history,time_segment_shift_history,segment_cycle_time,global_hour,global_hour,"Нужно 0 кур.; прогноз 0.0 заказа/ч; окно block_12_18: история 0.00, цикл 0.00; выбрано: историческая производительность; страховой запас 0%"
53,IZUMI,non_kfm,2026-09-28,16,16:00-17:00,low,block_12_18,bike,0.01,0.06,11.02,13.37,26.74,2.95,0.0,0.0,0.0,1.0,0,history,time_segment_shift_history,segment_cycle_time,global_hour,global_hour,"Нужно 0 кур.; прогноз 0.0 заказа/ч; окно block_12_18: история 0.00, цикл 0.00; выбрано: историческая производительность; страховой запас 0%"
53,IZUMI,non_kfm,2026-09-28,17,17:00-18:00,low,block_12_18,bike,0.01,0.06,10.83,13.37,26.74,2.95,0.0,0.0,0.0,1.0,0,history,time_segment_shift_history,segment_cycle_time,global_hour,global_hour,"Нужно 0 кур.; прогноз 0.0 заказа/ч; окно block_12_18: история 0.00, цикл 0.00; выбрано: историческая производительность; страховой запас 0%"
53,IZUMI,non_kfm,2026-09-28,18,18:00-19:00,low,block_18_24,bike,0.07,0.28,11.1,15.71,31.43,2.15,0.0,0.0,0.0,1.0,0,history,time_segment_shift_history,segment_cycle_time,global_hour,global_hour,"Нужно 0 кур.; прогноз 0.1 заказа/ч; окно block_18_24: история 0.00, цикл 0.00; выбрано: историческая производительность; страховой запас 0%"
53,IZUMI,non_kfm,2026-09-28,19,19:00-20:00,low,block_18_24,bike,0.07,0.28,10.71,15.71,31.43,2.15,0.0,0.0,0.0,1.0,0,history,time_segment_shift_history,segment_cycle_time,global_hour,global_hour,"Нужно 0 кур.; прогноз 0.1 заказа/ч; окно block_18_24: история 0.00, цикл 0.00; выбрано: историческая производительность; страховой запас 0%"
53,IZUMI,non_kfm,2026-09-28,20,20:00-21:00,low,block_18_24,bike,0.06,0.28,10.4,15.71,31.43,2.15,0.0,0.0,0.0,1.0,0,history,time_segment_shift_history,segment_cycle_time,global_hour,global_hour,"Нужно 0 кур.; прогноз 0.1 заказа/ч; окно block_18_24: история 0.00, цикл 0.00; выбрано: историческая производительность; страховой запас 0%"
53,IZUMI,non_kfm,2026-09-28,21,21:00-22:00,low,block_18_24,bike,0.05,0.28,9.94,15.71,31.43,2.15,0.0,0.0,0.0,1.0,0,history,time_segment_shift_history,segment_cycle_time,global_hour,global_hour,"Нужно 0 кур.; прогноз 0.0 заказа/ч; окно block_18_24: история 0.00, цикл 0.00; выбрано: историческая производительность; страховой запас 0%"
53,IZUMI,non_kfm,2026-09-28,22,22:00-23:00,low,block_18_24,bike,0.03,0.28,9.8,15.71,31.43,2.15,0.0,0.0,0.0,1.0,0,history,time_segment_shift_history,segment_cycle_time,global_hour,global_hour,"Нужно 0 кур.; прогноз 0.0 заказа/ч; окно block_18_24: история 0.00, цикл 0.00; выбрано: историческая производительность; страховой запас 0%"
54,Maroon,non_kfm,2026-09-28,10,10:00-11:00,medium,block_06_12,auto,0.21,1.2,18.78,37.36,74.72,1.47,0.14,0.25,0.25,1.0,1,cycle_time,segment_shift_history,location_cycle_time,location_hour,location_hour,"Нужно 1 кур.; прогноз 0.2 заказа/ч; окно block_06_12: история 0.14, цикл 0.25; выбрано: время полного цикла доставки; страховой запас 0%"
54,Maroon,non_kfm,2026-09-28,11,11:00-12:00,medium,block_06_12,auto,0.99,1.2,33.26,37.36,74.72,1.47,0.14,0.25,0.25,1.0,1,cycle_time,segment_shift_history,location_cycle_time,location_hour,location_hour,"Нужно 1 кур.; прогноз 1.0 заказа/ч; окно block_06_12: история 0.14, цикл 0.25; выбрано: время полного цикла доставки; страховой запас 0%"
54,Maroon,non_kfm,2026-09-28,12,12:00-13:00,medium,block_12_18,auto,1.63,10.94,28.72,35.21,70.42,1.41,1.3,2.14,2.14,1.0,2,cycle_time,location_shift_history,location_cycle_time,location_hour,location_hour,"Нужно 2 кур.; прогноз 1.6 заказа/ч; окно block_12_18: история 1.30, цикл 2.14; выбрано: время полного цикла доставки; страховой запас 0%"
54,Maroon,non_kfm,2026-09-28,13,13:00-14:00,medium,block_12_18,auto,1.67,10.94,29.59,35.21,70.42,1.41,1.3,2.14,2.14,1.0,2,cycle_time,location_shift_history,location_cycle_time,location_hour,location_hour,"Нужно 2 кур.; прогноз 1.7 заказа/ч; окно block_12_18: история 1.30, цикл 2.14; выбрано: время полного цикла доставки; страховой запас 0%"
54,Maroon,non_kfm,2026-09-28,14,14:00-15:00,medium,block_12_18,auto,1.96,10.94,27.87,35.21,70.42,1.41,1.3,2.14,2.14,1.0,2,cycle_time,location_shift_history,location_cycle_time,location_hour,location_hour,"Нужно 2 кур.; прогноз 2.0 заказа/ч; окно block_12_18: история 1.30, цикл 2.14; выбрано: время полного цикла доставки; страховой запас 0%"
54,Maroon,non_kfm,2026-09-28,15,15:00-16:00,medium,block_12_18,auto,1.45,10.94,28.25,35.21,70.42,1.41,1.3,2.14,2.14,1.0,2,cycle_time,location_shift_history,location_cycle_time,location_hour,location_hour,"Нужно 2 кур.; прогноз 1.4 заказа/ч; окно block_12_18: история 1.30, цикл 2.14; выбрано: время полного цикла доставки; страховой запас 0%"
54,Maroon,non_kfm,2026-09-28,16,16:00-17:00,medium,block_12_18,auto,1.88,10.94,28.96,35.21,70.42,1.41,1.3,2.14,2.14,1.0,2,cycle_time,location_shift_history,location_cycle_time,location_hour,location_hour,"Нужно 2 кур.; прогноз 1.9 заказа/ч; окно block_12_18: история 1.30, цикл 2.14; выбрано: время полного цикла доставки; страховой запас 0%"
54,Maroon,non_kfm,2026-09-28,17,17:00-18:00,medium,block_12_18,auto,2.35,10.94,33.14,35.21,70.42,1.41,1.3,2.14,2.14,1.0,2,cycle_time,location_shift_history,location_cycle_time,location_hour,location_hour,"Нужно 2 кур.; прогноз 2.4 заказа/ч; окно block_12_18: история 1.30, цикл 2.14; выбрано: время полного цикла доставки; страховой запас 0%"
54,Maroon,non_kfm,2026-09-28,18,18:00-19:00,medium,block_18_24,auto,2.18,9.74,33.77,31.91,63.82,1.58,1.03,1.73,1.73,1.0,2,cycle_time,location_shift_history,location_cycle_time,location_hour,location_hour,"Нужно 2 кур.; прогноз 2.2 заказа/ч; окно block_18_24: история 1.03, цикл 1.73; выбрано: время полного цикла доставки; страховой запас 0%"
54,Maroon,non_kfm,2026-09-28,19,19:00-20:00,medium,block_18_24,auto,2.44,9.74,30.52,31.91,63.82,1.58,1.03,1.73,1.73,1.0,2,cycle_time,location_shift_history,location_cycle_time,location_hour,location_hour,"Нужно 2 кур.; прогноз 2.4 заказа/ч; окно block_18_24: история 1.03, цикл 1.73; выбрано: время полного цикла доставки; страховой запас 0%"
54,Maroon,non_kfm,2026-09-28,20,20:00-21:00,medium,block_18_24,auto,2.44,9.74,23.12,31.91,63.82,1.58,1.03,1.73,1.73,1.0,2,cycle_time,location_shift_history,location_cycle_time,location_hour,location_hour,"Нужно 2 кур.; прогноз 2.4 заказа/ч; окно block_18_24: история 1.03, цикл 1.73; выбрано: время полного цикла доставки; страховой запас 0%"
54,Maroon,non_kfm,2026-09-28,21,21:00-22:00,medium,block_18_24,auto,1.93,9.74,25.31,31.91,63.82,1.58,1.03,1.73,1.73,1.0,2,cycle_time,location_shift_history,location_cycle_time,location_hour,location_hour,"Нужно 2 кур.; прогноз 1.9 заказа/ч; окно block_18_24: история 1.03, цикл 1.73; выбрано: время полного цикла доставки; страховой запас 0%"
54,Maroon,non_kfm,2026-09-28,22,22:00-23:00,medium,block_18_24,auto,0.76,9.74,26.29,31.91,63.82,1.58,1.03,1.73,1.73,1.0,2,cycle_time,location_shift_history,location_cycle_time,location_hour,location_hour,"Нужно 2 кур.; прогноз 0.8 заказа/ч; окно block_18_24: история 1.03, цикл 1.73; выбрано: время полного цикла доставки; страховой запас 0%"
556,Мясо&Рыба Хамовники,non_kfm,2026-09-28,11,11:00-12:00,low,block_06_12,auto,0.03,0.12,22.82,39.25,78.51,1.47,0.0,0.0,0.0,1.0,0,history,time_segment_shift_history,segment_cycle_time,global_hour,global_hour,"Нужно 0 кур.; прогноз 0.0 заказа/ч; окно block_06_12: история 0.00, цикл 0.00; выбрано: историческая производительность; страховой запас 0%"
556,Мясо&Рыба Хамовники,non_kfm,2026-09-28,14,14:00-15:00,low,block_12_18,auto,0.09,0.28,24.06,31.89,63.79,1.3,0.0,0.0,0.0,1.0,0,history,time_segment_shift_history,segment_cycle_time,location_hour,global_hour,"Нужно 0 кур.; прогноз 0.1 заказа/ч; окно block_12_18: история 0.00, цикл 0.00; выбрано: историческая производительность; страховой запас 0%"
556,Мясо&Рыба Хамовники,non_kfm,2026-09-28,15,15:00-16:00,low,block_12_18,auto,0.09,0.28,24.51,31.89,63.79,1.3,0.0,0.0,0.0,1.0,0,history,time_segment_shift_history,segment_cycle_time,location_hour,global_hour,"Нужно 0 кур.; прогноз 0.1 заказа/ч; окно block_12_18: история 0.00, цикл 0.00; выбрано: историческая производительность; страховой запас 0%"
556,Мясо&Рыба Хамовники,non_kfm,2026-09-28,16,16:00-17:00,low,block_12_18,auto,0.09,0.28,25.16,31.89,63.79,1.3,0.0,0.0,0.0,1.0,0,history,time_segment_shift_history,segment_cycle_time,location_hour,global_hour,"Нужно 0 кур.; прогноз 0.1 заказа/ч; окно block_12_18: история 0.00, цикл 0.00; выбрано: историческая производительность; страховой запас 0%"
556,Мясо&Рыба Хамовники,non_kfm,2026-09-28,18,18:00-19:00,low,block_18_24,auto,0.04,0.19,27.41,32.87,65.74,1.71,0.0,0.0,0.0,1.0,0,history,time_segment_shift_history,segment_cycle_time,location_hour,global_hour,"Нужно 0 кур.; прогноз 0.0 заказа/ч; окно block_18_24: история 0.00, цикл 0.00; выбрано: историческая производительность; страховой запас 0%"
556,Мясо&Рыба Хамовники,non_kfm,2026-09-28,19,19:00-20:00,low,block_18_24,auto,0.08,0.19,26.64,32.87,65.74,1.71,0.0,0.0,0.0,1.0,0,history,time_segment_shift_history,segment_cycle_time,location_hour,global_hour,"Нужно 0 кур.; прогноз 0.1 заказа/ч; окно block_18_24: история 0.00, цикл 0.00; выбрано: историческая производительность; страховой запас 0%"
556,Мясо&Рыба Хамовники,non_kfm,2026-09-28,20,20:00-21:00,low,block_18_24,auto,0.04,0.19,23.12,32.87,65.74,1.71,0.0,0.0,0.0,1.0,0,history,time_segment_shift_history,segment_cycle_time,location_hour,global_hour,"Нужно 0 кур.; прогноз 0.0 заказа/ч; окно block_18_24: история 0.00, цикл 0.00; выбрано: историческая производительность; страховой запас 0%"
556,Мясо&Рыба Хамовники,non_kfm,2026-09-28,21,21:00-22:00,low,block_18_24,auto,0.04,0.19,21.83,32.87,65.74,1.71,0.0,0.0,0.0,1.0,0,history,time_segment_shift_history,segment_cycle_time,location_hour,global_hour,"Нужно 0 кур.; прогноз 0.0 заказа/ч; окно block_18_24: история 0.00, цикл 0.00; выбрано: историческая производительность; страховой запас 0%"
556,Мясо&Рыба Хамовники,non_kfm,2026-09-28,11,11:00-12:00,low,block_06_12,bike,0.01,0.02,10.41,11.11,22.21,2.94,0.0,0.0,0.0,1.0,0,history,time_segment_shift_history,segment_cycle_time,global_hour,global_hour,"Нужно 0 кур.; прогноз 0.0 заказа/ч; окно block_06_12: история 0.00, цикл 0.00; выбрано: историческая производительность; страховой запас 0%"
556,Мясо&Рыба Хамовники,non_kfm,2026-09-28,14,14:00-15:00,low,block_12_18,bike,0.02,0.07,10.2,13.37,26.74,2.95,0.0,0.0,0.0,1.0,0,history,time_segment_shift_history,segment_cycle_time,location_hour,global_hour,"Нужно 0 кур.; прогноз 0.0 заказа/ч; окно block_12_18: история 0.00, цикл 0.00; выбрано: историческая производительность; страховой запас 0%"
556,Мясо&Рыба Хамовники,non_kfm,2026-09-28,15,15:00-16:00,low,block_12_18,bike,0.02,0.07,10.75,13.37,26.74,2.95,0.0,0.0,0.0,1.0,0,history,time_segment_shift_history,segment_cycle_time,location_hour,global_hour,"Нужно 0 кур.; прогноз 0.0 заказа/ч; окно block_12_18: история 0.00, цикл 0.00; выбрано: историческая производительность; страховой запас 0%"
556,Мясо&Рыба Хамовники,non_kfm,2026-09-28,16,16:00-17:00,low,block_12_18,bike,0.02,0.07,11.02,13.37,26.74,2.95,0.0,0.0,0.0,1.0,0,history,time_segment_shift_history,segment_cycle_time,location_hour,global_hour,"Нужно 0 кур.; прогноз 0.0 заказа/ч; окно block_12_18: история 0.00, цикл 0.00; выбрано: историческая производительность; страховой запас 0%"
556,Мясо&Рыба Хамовники,non_kfm,2026-09-28,18,18:00-19:00,low,block_18_24,bike,0.01,0.03,11.1,15.71,31.43,2.15,0.0,0.0,0.0,1.0,0,history,time_segment_shift_history,segment_cycle_time,location_hour,global_hour,"Нужно 0 кур.; прогноз 0.0 заказа/ч; окно block_18_24: история 0.00, цикл 0.00; выбрано: историческая производительность; страховой запас 0%"
556,Мясо&Рыба Хамовники,non_kfm,2026-09-28,19,19:00-20:00,low,block_18_24,bike,0.01,0.03,10.71,15.71,31.43,2.15,0.0,0.0,0.0,1.0,0,history,time_segment_shift_history,segment_cycle_time,location_hour,global_hour,"Нужно 0 кур.; прогноз 0.0 заказа/ч; окно block_18_24: история 0.00, цикл 0.00; выбрано: историческая производительность; страховой запас 0%"
556,Мясо&Рыба Хамовники,non_kfm,2026-09-28,20,20:00-21:00,low,block_18_24,bike,0.01,0.03,10.4,15.71,31.43,2.15,0.0,0.0,0.0,1.0,0,history,time_segment_shift_history,segment_cycle_time,location_hour,global_hour,"Нужно 0 кур.; прогноз 0.0 заказа/ч; окно block_18_24: история 0.00, цикл 0.00; выбрано: историческая производительность; страховой запас 0%"
556,Мясо&Рыба Хамовники,non_kfm,2026-09-28,21,21:00-22:00,low,block_18_24,bike,0.01,0.03,9.94,15.71,31.43,2.15,0.0,0.0,0.0,1.0,0,history,time_segment_shift_history,segment_cycle_time,location_hour,global_hour,"Нужно 0 кур.; прогноз 0.0 заказа/ч; окно block_18_24: история 0.00, цикл 0.00; выбрано: историческая производительность; страховой запас 0%"
557,Bocconcino Новослободская,non_kfm,2026-09-28,10,10:00-11:00,low,block_06_12,auto,0.09,0.14,21.71,39.25,78.51,1.47,0.0,0.0,0.0,1.0,0,history,time_segment_shift_history,segment_cycle_time,location_hour,global_hour,"Нужно 0 кур.; прогноз 0.1 заказа/ч; окно block_06_12: история 0.00, цикл 0.00; выбрано: историческая производительность; страховой запас 0%"
557,Bocconcino Новослободская,non_kfm,2026-09-28,11,11:00-12:00,low,block_06_12,auto,0.05,0.14,22.82,39.25,78.51,1.47,0.0,0.0,0.0,1.0,0,history,time_segment_shift_history,segment_cycle_time,location_hour,global_hour,"Нужно 0 кур.; прогноз 0.0 заказа/ч; окно block_06_12: история 0.00, цикл 0.00; выбрано: историческая производительность; страховой запас 0%"
557,Bocconcino Новослободская,non_kfm,2026-09-28,12,12:00-13:00,low,block_12_18,auto,0.08,0.42,23.54,31.89,63.79,1.3,0.0,0.0,0.0,1.0,0,history,time_segment_shift_history,segment_cycle_time,location_hour,global_hour,"Нужно 0 кур.; прогноз 0.1 заказа/ч; окно block_12_18: история 0.00, цикл 0.00; выбрано: историческая производительность; страховой запас 0%"
557,Bocconcino Новослободская,non_kfm,2026-09-28,13,13:00-14:00,low,block_12_18,auto,0.05,0.42,23.55,31.89,63.79,1.3,0.0,0.0,0.0,1.0,0,history,time_segment_shift_history,segment_cycle_time,location_hour,global_hour,"Нужно 0 кур.; прогноз 0.1 заказа/ч; окно block_12_18: история 0.00, цикл 0.00; выбрано: историческая производительность; страховой запас 0%"
557,Bocconcino Новослободская,non_kfm,2026-09-28,14,14:00-15:00,low,block_12_18,auto,0.11,0.42,24.06,31.89,63.79,1.3,0.0,0.0,0.0,1.0,0,history,time_segment_shift_history,segment_cycle_time,location_hour,global_hour,"Нужно 0 кур.; прогноз 0.1 заказа/ч; окно block_12_18: история 0.00, цикл 0.00; выбрано: историческая производительность; страховой запас 0%"
557,Bocconcino Новослободская,non_kfm,2026-09-28,15,15:00-16:00,low,block_12_18,auto,0.03,0.42,24.51,31.89,63.79,1.3,0.0,0.0,0.0,1.0,0,history,time_segment_shift_history,segment_cycle_time,location_hour,global_hour,"Нужно 0 кур.; прогноз 0.0 заказа/ч; окно block_12_18: история 0.00, цикл 0.00; выбрано: историческая производительность; страховой запас 0%"
557,Bocconcino Новослободская,non_kfm,2026-09-28,16,16:00-17:00,low,block_12_18,auto,0.05,0.42,25.16,31.89,63.79,1.3,0.0,0.0,0.0,1.0,0,history,time_segment_shift_history,segment_cycle_time,location_hour,global_hour,"Нужно 0 кур.; прогноз 0.1 заказа/ч; окно block_12_18: история 0.00, цикл 0.00; выбрано: историческая производительность; страховой запас 0%"
557,Bocconcino Новослободская,non_kfm,2026-09-28,17,17:00-18:00,low,block_12_18,auto,0.11,0.42,27.66,31.89,63.79,1.3,0.0,0.0,0.0,1.0,0,history,time_segment_shift_history,segment_cycle_time,location_hour,global_hour,"Нужно 0 кур.; прогноз 0.1 заказа/ч; окно block_12_18: история 0.00, цикл 0.00; выбрано: историческая производительность; страховой запас 0%"
557,Bocconcino Новослободская,non_kfm,2026-09-28,18,18:00-19:00,low,block_18_24,auto,0.08,0.2,27.41,32.87,65.74,1.71,0.0,0.0,0.0,1.0,0,history,time_segment_shift_history,segment_cycle_time,location_hour,global_hour,"Нужно 0 кур.; прогноз 0.1 заказа/ч; окно block_18_24: история 0.00, цикл 0.00; выбрано: историческая производительность; страховой запас 0%"
557,Bocconcino Новослободская,non_kfm,2026-09-28,19,19:00-20:00,low,block_18_24,auto,0.03,0.2,26.64,32.87,65.74,1.71,0.0,0.0,0.0,1.0,0,history,time_segment_shift_history,segment_cycle_time,location_hour,global_hour,"Нужно 0 кур.; прогноз 0.0 заказа/ч; окно block_18_24: история 0.00, цикл 0.00; выбрано: историческая производительность; страховой запас 0%"
557,Bocconcino Новослободская,non_kfm,2026-09-28,20,20:00-21:00,low,block_18_24,auto,0.03,0.2,23.12,32.87,65.74,1.71,0.0,0.0,0.0,1.0,0,history,time_segment_shift_history,segment_cycle_time,location_hour,global_hour,"Нужно 0 кур.; прогноз 0.0 заказа/ч; окно block_18_24: история 0.00, цикл 0.00; выбрано: историческая производительность; страховой запас 0%"
557,Bocconcino Новослободская,non_kfm,2026-09-28,21,21:00-22:00,low,block_18_24,auto,0.05,0.2,21.83,32.87,65.74,1.71,0.0,0.0,0.0,1.0,0,history,time_segment_shift_history,segment_cycle_time,location_hour,global_hour,"Нужно 0 кур.; прогноз 0.0 заказа/ч; окно block_18_24: история 0.00, цикл 0.00; выбрано: историческая производительность; страховой запас 0%"
557,Bocconcino Новослободская,non_kfm,2026-09-28,10,10:00-11:00,low,block_06_12,bike,0.05,0.07,10.11,11.11,22.21,2.94,0.0,0.0,0.0,1.0,0,history,time_segment_shift_history,segment_cycle_time,location_hour,global_hour,"Нужно 0 кур.; прогноз 0.0 заказа/ч; окно block_06_12: история 0.00, цикл 0.00; выбрано: историческая производительность; страховой запас 0%"
557,Bocconcino Новослободская,non_kfm,2026-09-28,11,11:00-12:00,low,block_06_12,bike,0.02,0.07,10.41,11.11,22.21,2.94,0.0,0.0,0.0,1.0,0,history,time_segment_shift_history,segment_cycle_time,location_hour,global_hour,"Нужно 0 кур.; прогноз 0.0 заказа/ч; окно block_06_12: история 0.00, цикл 0.00; выбрано: историческая производительность; страховой запас 0%"
557,Bocconcino Новослободская,non_kfm,2026-09-28,12,12:00-13:00,low,block_12_18,bike,0.01,0.03,10.37,13.37,26.74,2.95,0.0,0.0,0.0,1.0,0,history,time_segment_shift_history,segment_cycle_time,location_hour,global_hour,"Нужно 0 кур.; прогноз 0.0 заказа/ч; окно block_12_18: история 0.00, цикл 0.00; выбрано: историческая производительность; страховой запас 0%"
557,Bocconcino Новослободская,non_kfm,2026-09-28,13,13:00-14:00,low,block_12_18,bike,0.0,0.03,10.39,13.37,26.74,2.95,0.0,0.0,0.0,1.0,0,history,time_segment_shift_history,segment_cycle_time,location_hour,global_hour,"Нужно 0 кур.; прогноз 0.0 заказа/ч; окно block_12_18: история 0.00, цикл 0.00; выбрано: историческая производительность; страховой запас 0%"
557,Bocconcino Новослободская,non_kfm,2026-09-28,14,14:00-15:00,low,block_12_18,bike,0.01,0.03,10.2,13.37,26.74,2.95,0.0,0.0,0.0,1.0,0,history,time_segment_shift_history,segment_cycle_time,location_hour,global_hour,"Нужно 0 кур.; прогноз 0.0 заказа/ч; окно block_12_18: история 0.00, цикл 0.00; выбрано: историческая производительность; страховой запас 0%"
557,Bocconcino Новослободская,non_kfm,2026-09-28,15,15:00-16:00,low,block_12_18,bike,0.0,0.03,10.75,13.37,26.74,2.95,0.0,0.0,0.0,1.0,0,history,time_segment_shift_history,segment_cycle_time,location_hour,global_hour,"Нужно 0 кур.; прогноз 0.0 заказа/ч; окно block_12_18: история 0.00, цикл 0.00; выбрано: историческая производительность; страховой запас 0%"
557,Bocconcino Новослободская,non_kfm,2026-09-28,16,16:00-17:00,low,block_12_18,bike,0.0,0.03,11.02,13.37,26.74,2.95,0.0,0.0,0.0,1.0,0,history,time_segment_shift_history,segment_cycle_time,location_hour,global_hour,"Нужно 0 кур.; прогноз 0.0 заказа/ч; окно block_12_18: история 0.00, цикл 0.00; выбрано: историческая производительность; страховой запас 0%"
557,Bocconcino Новослободская,non_kfm,2026-09-28,17,17:00-18:00,low,block_12_18,bike,0.01,0.03,10.83,13.37,26.74,2.95,0.0,0.0,0.0,1.0,0,history,time_segment_shift_history,segment_cycle_time,location_hour,global_hour,"Нужно 0 кур.; прогноз 0.0 заказа/ч; окно block_12_18: история 0.00, цикл 0.00; выбрано: историческая производительность; страховой запас 0%"
557,Bocconcino Новослободская,non_kfm,2026-09-28,18,18:00-19:00,low,block_18_24,bike,0.03,0.08,11.1,15.71,31.43,2.15,0.0,0.0,0.0,1.0,0,history,time_segment_shift_history,segment_cycle_time,location_hour,global_hour,"Нужно 0 кур.; прогноз 0.0 заказа/ч; окно block_18_24: история 0.00, цикл 0.00; выбрано: историческая производительность; страховой запас 0%"
557,Bocconcino Новослободская,non_kfm,2026-09-28,19,19:00-20:00,low,block_18_24,bike,0.01,0.08,10.71,15.71,31.43,2.15,0.0,0.0,0.0,1.0,0,history,time_segment_shift_history,segment_cycle_time,location_hour,global_hour,"Нужно 0 кур.; прогноз 0.0 заказа/ч; окно block_18_24: история 0.00, цикл 0.00; выбрано: историческая производительность; страховой запас 0%"
557,Bocconcino Новослободская,non_kfm,2026-09-28,20,20:00-21:00,low,block_18_24,bike,0.01,0.08,10.4,15.71,31.43,2.15,0.0,0.0,0.0,1.0,0,history,time_segment_shift_history,segment_cycle_time,location_hour,global_hour,"Нужно 0 кур.; прогноз 0.0 заказа/ч; окно block_18_24: история 0.00, цикл 0.00; выбрано: историческая производительность; страховой запас 0%"
557,Bocconcino Новослободская,non_kfm,2026-09-28,21,21:00-22:00,low,block_18_24,bike,0.02,0.08,9.94,15.71,31.43,2.15,0.0,0.0,0.0,1.0,0,history,time_segment_shift_history,segment_cycle_time,location_hour,global_hour,"Нужно 0 кур.; прогноз 0.0 заказа/ч; окно block_18_24: история 0.00, цикл 0.00; выбрано: историческая производительность; страховой запас 0%"
558,ЮГ 22,non_kfm,2026-09-28,12,12:00-13:00,low,block_12_18,auto,0.03,0.17,23.54,31.89,63.79,1.3,0.0,0.0,0.0,1.0,0,history,time_segment_shift_history,segment_cycle_time,global_hour,global_hour,"Нужно 0 кур.; прогноз 0.0 заказа/ч; окно block_12_18: история 0.00, цикл 0.00; выбрано: историческая производительность; страховой запас 0%"
558,ЮГ 22,non_kfm,2026-09-28,13,13:00-14:00,low,block_12_18,auto,0.03,0.17,23.55,31.89,63.79,1.3,0.0,0.0,0.0,1.0,0,history,time_segment_shift_history,segment_cycle_time,global_hour,global_hour,"Нужно 0 кур.; прогноз 0.0 заказа/ч; окно block_12_18: история 0.00, цикл 0.00; выбрано: историческая производительность; страховой запас 0%"
558,ЮГ 22,non_kfm,2026-09-28,14,14:00-15:00,low,block_12_18,auto,0.03,0.17,24.06,31.89,63.79,1.3,0.0,0.0,0.0,1.0,0,history,time_segment_shift_history,segment_cycle_time,global_hour,global_hour,"Нужно 0 кур.; прогноз 0.0 заказа/ч; окно block_12_18: история 0.00, цикл 0.00; выбрано: историческая производительность; страховой запас 0%"
558,ЮГ 22,non_kfm,2026-09-28,15,15:00-16:00,low,block_12_18,auto,0.03,0.17,24.51,31.89,63.79,1.3,0.0,0.0,0.0,1.0,0,history,time_segment_shift_history,segment_cycle_time,global_hour,global_hour,"Нужно 0 кур.; прогноз 0.0 заказа/ч; окно block_12_18: история 0.00, цикл 0.00; выбрано: историческая производительность; страховой запас 0%"
558,ЮГ 22,non_kfm,2026-09-28,16,16:00-17:00,low,block_12_18,auto,0.02,0.17,25.16,31.89,63.79,1.3,0.0,0.0,0.0,1.0,0,history,time_segment_shift_history,segment_cycle_time,global_hour,global_hour,"Нужно 0 кур.; прогноз 0.0 заказа/ч; окно block_12_18: история 0.00, цикл 0.00; выбрано: историческая производительность; страховой запас 0%"
558,ЮГ 22,non_kfm,2026-09-28,17,17:00-18:00,low,block_12_18,auto,0.02,0.17,27.66,31.89,63.79,1.3,0.0,0.0,0.0,1.0,0,history,time_segment_shift_history,segment_cycle_time,global_hour,global_hour,"Нужно 0 кур.; прогноз 0.0 заказа/ч; окно block_12_18: история 0.00, цикл 0.00; выбрано: историческая производительность; страховой запас 0%"
558,ЮГ 22,non_kfm,2026-09-28,18,18:00-19:00,low,block_18_24,auto,0.03,0.13,27.41,32.87,65.74,1.71,0.0,0.0,0.0,1.0,0,history,time_segment_shift_history,segment_cycle_time,global_hour,global_hour,"Нужно 0 кур.; прогноз 0.0 заказа/ч; окно block_18_24: история 0.00, цикл 0.00; выбрано: историческая производительность; страховой запас 0%"
558,ЮГ 22,non_kfm,2026-09-28,19,19:00-20:00,low,block_18_24,auto,0.03,0.13,26.64,32.87,65.74,1.71,0.0,0.0,0.0,1.0,0,history,time_segment_shift_history,segment_cycle_time,global_hour,global_hour,"Нужно 0 кур.; прогноз 0.0 заказа/ч; окно block_18_24: история 0.00, цикл 0.00; выбрано: историческая производительность; страховой запас 0%"
558,ЮГ 22,non_kfm,2026-09-28,20,20:00-21:00,low,block_18_24,auto,0.03,0.13,23.12,32.87,65.74,1.71,0.0,0.0,0.0,1.0,0,history,time_segment_shift_history,segment_cycle_time,global_hour,global_hour,"Нужно 0 кур.; прогноз 0.0 заказа/ч; окно block_18_24: история 0.00, цикл 0.00; выбрано: историческая производительность; страховой запас 0%"
558,ЮГ 22,non_kfm,2026-09-28,21,21:00-22:00,low,block_18_24,auto,0.02,0.13,21.83,32.87,65.74,1.71,0.0,0.0,0.0,1.0,0,history,time_segment_shift_history,segment_cycle_time,global_hour,global_hour,"Нужно 0 кур.; прогноз 0.0 заказа/ч; окно block_18_24: история 0.00, цикл 0.00; выбрано: историческая производительность; страховой запас 0%"
558,ЮГ 22,non_kfm,2026-09-28,22,22:00-23:00,low,block_18_24,auto,0.01,0.13,16.14,32.87,65.74,1.71,0.0,0.0,0.0,1.0,0,history,time_segment_shift_history,segment_cycle_time,global_hour,global_hour,"Нужно 0 кур.; прогноз 0.0 заказа/ч; окно block_18_24: история 0.00, цикл 0.00; выбрано: историческая производительность; страховой запас 0%"
558,ЮГ 22,non_kfm,2026-09-28,12,12:00-13:00,low,block_12_18,bike,0.0,0.01,10.37,13.37,26.74,2.95,0.0,0.0,0.0,1.0,0,history,time_segment_shift_history,segment_cycle_time,global_hour,global_hour,"Нужно 0 кур.; прогноз 0.0 заказа/ч; окно block_12_18: история 0.00, цикл 0.00; выбрано: историческая производительность; страховой запас 0%"
558,ЮГ 22,non_kfm,2026-09-28,13,13:00-14:00,low,block_12_18,bike,0.0,0.01,10.39,13.37,26.74,2.95,0.0,0.0,0.0,1.0,0,history,time_segment_shift_history,segment_cycle_time,global_hour,global_hour,"Нужно 0 кур.; прогноз 0.0 заказа/ч; окно block_12_18: история 0.00, цикл 0.00; выбрано: историческая производительность; страховой запас 0%"
558,ЮГ 22,non_kfm,2026-09-28,14,14:00-15:00,low,block_12_18,bike,0.0,0.01,10.2,13.37,26.74,2.95,0.0,0.0,0.0,1.0,0,history,time_segment_shift_history,segment_cycle_time,global_hour,global_hour,"Нужно 0 кур.; прогноз 0.0 заказа/ч; окно block_12_18: история 0.00, цикл 0.00; выбрано: историческая производительность; страховой запас 0%"
558,ЮГ 22,non_kfm,2026-09-28,15,15:00-16:00,low,block_12_18,bike,0.0,0.01,10.75,13.37,26.74,2.95,0.0,0.0,0.0,1.0,0,history,time_segment_shift_history,segment_cycle_time,global_hour,global_hour,"Нужно 0 кур.; прогноз 0.0 заказа/ч; окно block_12_18: история 0.00, цикл 0.00; выбрано: историческая производительность; страховой запас 0%"
558,ЮГ 22,non_kfm,2026-09-28,16,16:00-17:00,low,block_12_18,bike,0.0,0.01,11.02,13.37,26.74,2.95,0.0,0.0,0.0,1.0,0,history,time_segment_shift_history,segment_cycle_time,global_hour,global_hour,"Нужно 0 кур.; прогноз 0.0 заказа/ч; окно block_12_18: история 0.00, цикл 0.00; выбрано: историческая производительность; страховой запас 0%"
558,ЮГ 22,non_kfm,2026-09-28,17,17:00-18:00,low,block_12_18,bike,0.0,0.01,10.83,13.37,26.74,2.95,0.0,0.0,0.0,1.0,0,history,time_segment_shift_history,segment_cycle_time,global_hour,global_hour,"Нужно 0 кур.; прогноз 0.0 заказа/ч; окно block_12_18: история 0.00, цикл 0.00; выбрано: историческая производительность; страховой запас 0%"
558,ЮГ 22,non_kfm,2026-09-28,18,18:00-19:00,low,block_18_24,bike,0.01,0.05,11.1,15.71,31.43,2.15,0.0,0.0,0.0,1.0,0,history,time_segment_shift_history,segment_cycle_time,global_hour,global_hour,"Нужно 0 кур.; прогноз 0.0 заказа/ч; окно block_18_24: история 0.00, цикл 0.00; выбрано: историческая производительность; страховой запас 0%"
558,ЮГ 22,non_kfm,2026-09-28,19,19:00-20:00,low,block_18_24,bike,0.01,0.05,10.71,15.71,31.43,2.15,0.0,0.0,0.0,1.0,0,history,time_segment_shift_history,segment_cycle_time,global_hour,global_hour,"Нужно 0 кур.; прогноз 0.0 заказа/ч; окно block_18_24: история 0.00, цикл 0.00; выбрано: историческая производительность; страховой запас 0%"
558,ЮГ 22,non_kfm,2026-09-28,20,20:00-21:00,low,block_18_24,bike,0.01,0.05,10.4,15.71,31.43,2.15,0.0,0.0,0.0,1.0,0,history,time_segment_shift_history,segment_cycle_time,global_hour,global_hour,"Нужно 0 кур.; прогноз 0.0 заказа/ч; окно block_18_24: история 0.00, цикл 0.00; выбрано: историческая производительность; страховой запас 0%"
558,ЮГ 22,non_kfm,2026-09-28,21,21:00-22:00,low,block_18_24,bike,0.01,0.05,9.94,15.71,31.43,2.15,0.0,0.0,0.0,1.0,0,history,time_segment_shift_history,segment_cycle_time,global_hour,global_hour,"Нужно 0 кур.; прогноз 0.0 заказа/ч; окно block_18_24: история 0.00, цикл 0.00; выбрано: историческая производительность; страховой запас 0%"
558,ЮГ 22,non_kfm,2026-09-28,22,22:00-23:00,low,block_18_24,bike,0.0,0.05,9.8,15.71,31.43,2.15,0.0,0.0,0.0,1.0,0,history,time_segment_shift_history,segment_cycle_time,global_hour,global_hour,"Нужно 0 кур.; прогноз 0.0 заказа/ч; окно block_18_24: история 0.00, цикл 0.00; выбрано: историческая производительность; страховой запас 0%"
560,Пафос,non_kfm,2026-09-28,10,10:00-11:00,low,block_06_12,auto,0.02,0.07,21.71,39.25,78.51,1.47,0.0,0.0,0.0,1.0,0,history,time_segment_shift_history,segment_cycle_time,global_hour,global_hour,"Нужно 0 кур.; прогноз 0.0 заказа/ч; окно block_06_12: история 0.00, цикл 0.00; выбрано: историческая производительность; страховой запас 0%"
560,Пафос,non_kfm,2026-09-28,11,11:00-12:00,low,block_06_12,auto,0.02,0.07,22.82,39.25,78.51,1.47,0.0,0.0,0.0,1.0,0,history,time_segment_shift_history,segment_cycle_time,global_hour,global_hour,"Нужно 0 кур.; прогноз 0.0 заказа/ч; окно block_06_12: история 0.00, цикл 0.00; выбрано: историческая производительность; страховой запас 0%"
560,Пафос,non_kfm,2026-09-28,13,13:00-14:00,low,block_12_18,auto,0.17,0.17,23.55,31.89,63.79,1.3,0.0,0.0,0.0,1.0,0,history,time_segment_shift_history,segment_cycle_time,location_hour,global_hour,"Нужно 0 кур.; прогноз 0.2 заказа/ч; окно block_12_18: история 0.00, цикл 0.00; выбрано: историческая производительность; страховой запас 0%"
560,Пафос,non_kfm,2026-09-28,18,18:00-19:00,low,block_18_24,auto,0.03,0.12,27.41,32.87,65.74,1.71,0.0,0.0,0.0,1.0,0,history,time_segment_shift_history,segment_cycle_time,global_hour,global_hour,"Нужно 0 кур.; прогноз 0.0 заказа/ч; окно block_18_24: история 0.00, цикл 0.00; выбрано: историческая производительность; страховой запас 0%"
560,Пафос,non_kfm,2026-09-28,19,19:00-20:00,low,block_18_24,auto,0.03,0.12,26.64,32.87,65.74,1.71,0.0,0.0,0.0,1.0,0,history,time_segment_shift_history,segment_cycle_time,global_hour,global_hour,"Нужно 0 кур.; прогноз 0.0 заказа/ч; окно block_18_24: история 0.00, цикл 0.00; выбрано: историческая производительность; страховой запас 0%"
560,Пафос,non_kfm,2026-09-28,20,20:00-21:00,low,block_18_24,auto,0.03,0.12,23.12,32.87,65.74,1.71,0.0,0.0,0.0,1.0,0,history,time_segment_shift_history,segment_cycle_time,global_hour,global_hour,"Нужно 0 кур.; прогноз 0.0 заказа/ч; окно block_18_24: история 0.00, цикл 0.00; выбрано: историческая производительность; страховой запас 0%"
560,Пафос,non_kfm,2026-09-28,21,21:00-22:00,low,block_18_24,auto,0.02,0.12,21.83,32.87,65.74,1.71,0.0,0.0,0.0,1.0,0,history,time_segment_shift_history,segment_cycle_time,global_hour,global_hour,"Нужно 0 кур.; прогноз 0.0 заказа/ч; окно block_18_24: история 0.00, цикл 0.00; выбрано: историческая производительность; страховой запас 0%"
560,Пафос,non_kfm,2026-09-28,10,10:00-11:00,low,block_06_12,bike,0.01,0.04,10.11,11.11,22.21,2.94,0.0,0.0,0.0,1.0,0,history,time_segment_shift_history,segment_cycle_time,global_hour,global_hour,"Нужно 0 кур.; прогноз 0.0 заказа/ч; окно block_06_12: история 0.00, цикл 0.00; выбрано: историческая производительность; страховой запас 0%"
560,Пафос,non_kfm,2026-09-28,11,11:00-12:00,low,block_06_12,bike,0.01,0.04,10.41,11.11,22.21,2.94,0.0,0.0,0.0,1.0,0,history,time_segment_shift_history,segment_cycle_time,global_hour,global_hour,"Нужно 0 кур.; прогноз 0.0 заказа/ч; окно block_06_12: история 0.00, цикл 0.00; выбрано: историческая производительность; страховой запас 0%"
560,Пафос,non_kfm,2026-09-28,13,13:00-14:00,low,block_12_18,bike,0.01,0.01,10.39,13.37,26.74,2.95,0.0,0.0,0.0,1.0,0,history,time_segment_shift_history,segment_cycle_time,location_hour,global_hour,"Нужно 0 кур.; прогноз 0.0 заказа/ч; окно block_12_18: история 0.00, цикл 0.00; выбрано: историческая производительность; страховой запас 0%"
560,Пафос,non_kfm,2026-09-28,18,18:00-19:00,low,block_18_24,bike,0.01,0.03,11.1,15.71,31.43,2.15,0.0,0.0,0.0,1.0,0,history,time_segment_shift_history,segment_cycle_time,global_hour,global_hour,"Нужно 0 кур.; прогноз 0.0 заказа/ч; окно block_18_24: история 0.00, цикл 0.00; выбрано: историческая производительность; страховой запас 0%"
560,Пафос,non_kfm,2026-09-28,19,19:00-20:00,low,block_18_24,bike,0.01,0.03,10.71,15.71,31.43,2.15,0.0,0.0,0.0,1.0,0,history,time_segment_shift_history,segment_cycle_time,global_hour,global_hour,"Нужно 0 кур.; прогноз 0.0 заказа/ч; окно block_18_24: история 0.00, цикл 0.00; выбрано: историческая производительность; страховой запас 0%"
560,Пафос,non_kfm,2026-09-28,20,20:00-21:00,low,block_18_24,bike,0.01,0.03,10.4,15.71,31.43,2.15,0.0,0.0,0.0,1.0,0,history,time_segment_shift_history,segment_cycle_time,global_hour,global_hour,"Нужно 0 кур.; прогноз 0.0 заказа/ч; окно block_18_24: история 0.00, цикл 0.00; выбрано: историческая производительность; страховой запас 0%"
560,Пафос,non_kfm,2026-09-28,21,21:00-22:00,low,block_18_24,bike,0.01,0.03,9.94,15.71,31.43,2.15,0.0,0.0,0.0,1.0,0,history,time_segment_shift_history,segment_cycle_time,global_hour,global_hour,"Нужно 0 кур.; прогноз 0.0 заказа/ч; окно block_18_24: история 0.00, цикл 0.00; выбрано: историческая производительность; страховой запас 0%"
597,Rockets Тверской,non_kfm,2026-09-28,9,09:00-10:00,low,block_06_12,auto,0.22,0.96,21.64,39.25,78.51,1.47,0.11,0.21,0.21,1.0,0,cycle_time,time_segment_shift_history,segment_cycle_time,global_hour,global_hour,"Нужно 0 кур.; прогноз 0.2 заказа/ч; окно block_06_12: история 0.11, цикл 0.21; выбрано: время полного цикла доставки; страховой запас 0%"
597,Rockets Тверской,non_kfm,2026-09-28,10,10:00-11:00,low,block_06_12,auto,0.23,0.96,21.71,39.25,78.51,1.47,0.11,0.21,0.21,1.0,0,cycle_time,time_segment_shift_history,segment_cycle_time,global_hour,global_hour,"Нужно 0 кур.; прогноз 0.2 заказа/ч; окно block_06_12: история 0.11, цикл 0.21; выбрано: время полного цикла доставки; страховой запас 0%"
597,Rockets Тверской,non_kfm,2026-09-28,11,11:00-12:00,low,block_06_12,auto,0.24,0.96,22.82,39.25,78.51,1.47,0.11,0.21,0.21,1.0,0,cycle_time,time_segment_shift_history,segment_cycle_time,global_hour,global_hour,"Нужно 0 кур.; прогноз 0.2 заказа/ч; окно block_06_12: история 0.11, цикл 0.21; выбрано: время полного цикла доставки; страховой запас 0%"
597,Rockets Тверской,non_kfm,2026-09-28,12,12:00-13:00,low,block_12_18,auto,0.1,0.48,23.54,31.89,63.79,1.3,0.0,0.0,0.0,1.0,0,history,time_segment_shift_history,segment_cycle_time,global_hour,global_hour,"Нужно 0 кур.; прогноз 0.1 заказа/ч; окно block_12_18: история 0.00, цикл 0.00; выбрано: историческая производительность; страховой запас 0%"
597,Rockets Тверской,non_kfm,2026-09-28,13,13:00-14:00,low,block_12_18,auto,0.1,0.48,23.55,31.89,63.79,1.3,0.0,0.0,0.0,1.0,0,history,time_segment_shift_history,segment_cycle_time,global_hour,global_hour,"Нужно 0 кур.; прогноз 0.1 заказа/ч; окно block_12_18: история 0.00, цикл 0.00; выбрано: историческая производительность; страховой запас 0%"
597,Rockets Тверской,non_kfm,2026-09-28,14,14:00-15:00,low,block_12_18,auto,0.09,0.48,24.06,31.89,63.79,1.3,0.0,0.0,0.0,1.0,0,history,time_segment_shift_history,segment_cycle_time,global_hour,global_hour,"Нужно 0 кур.; прогноз 0.1 заказа/ч; окно block_12_18: история 0.00, цикл 0.00; выбрано: историческая производительность; страховой запас 0%"
597,Rockets Тверской,non_kfm,2026-09-28,15,15:00-16:00,low,block_12_18,auto,0.07,0.48,24.51,31.89,63.79,1.3,0.0,0.0,0.0,1.0,0,history,time_segment_shift_history,segment_cycle_time,global_hour,global_hour,"Нужно 0 кур.; прогноз 0.1 заказа/ч; окно block_12_18: история 0.00, цикл 0.00; выбрано: историческая производительность; страховой запас 0%"
597,Rockets Тверской,non_kfm,2026-09-28,16,16:00-17:00,low,block_12_18,auto,0.06,0.48,25.16,31.89,63.79,1.3,0.0,0.0,0.0,1.0,0,history,time_segment_shift_history,segment_cycle_time,global_hour,global_hour,"Нужно 0 кур.; прогноз 0.1 заказа/ч; окно block_12_18: история 0.00, цикл 0.00; выбрано: историческая производительность; страховой запас 0%"
597,Rockets Тверской,non_kfm,2026-09-28,17,17:00-18:00,low,block_12_18,auto,0.06,0.48,27.66,31.89,63.79,1.3,0.0,0.0,0.0,1.0,0,history,time_segment_shift_history,segment_cycle_time,global_hour,global_hour,"Нужно 0 кур.; прогноз 0.1 заказа/ч; окно block_12_18: история 0.00, цикл 0.00; выбрано: историческая производительность; страховой запас 0%"
597,Rockets Тверской,non_kfm,2026-09-28,18,18:00-19:00,low,block_18_24,auto,0.17,0.73,27.41,32.87,65.74,1.71,0.07,0.13,0.13,1.0,0,cycle_time,time_segment_shift_history,segment_cycle_time,global_hour,global_hour,"Нужно 0 кур.; прогноз 0.2 заказа/ч; окно block_18_24: история 0.07, цикл 0.13; выбрано: время полного цикла доставки; страховой запас 0%"
597,Rockets Тверской,non_kfm,2026-09-28,19,19:00-20:00,low,block_18_24,auto,0.17,0.73,26.64,32.87,65.74,1.71,0.07,0.13,0.13,1.0,0,cycle_time,time_segment_shift_history,segment_cycle_time,global_hour,global_hour,"Нужно 0 кур.; прогноз 0.2 заказа/ч; окно block_18_24: история 0.07, цикл 0.13; выбрано: время полного цикла доставки; страховой запас 0%"
597,Rockets Тверской,non_kfm,2026-09-28,20,20:00-21:00,low,block_18_24,auto,0.16,0.73,23.12,32.87,65.74,1.71,0.07,0.13,0.13,1.0,0,cycle_time,time_segment_shift_history,segment_cycle_time,global_hour,global_hour,"Нужно 0 кур.; прогноз 0.2 заказа/ч; окно block_18_24: история 0.07, цикл 0.13; выбрано: время полного цикла доставки; страховой запас 0%"
597,Rockets Тверской,non_kfm,2026-09-28,21,21:00-22:00,low,block_18_24,auto,0.12,0.73,21.83,32.87,65.74,1.71,0.07,0.13,0.13,1.0,0,cycle_time,time_segment_shift_history,segment_cycle_time,global_hour,global_hour,"Нужно 0 кур.; прогноз 0.1 заказа/ч; окно block_18_24: история 0.07, цикл 0.13; выбрано: время полного цикла доставки; страховой запас 0%"
597,Rockets Тверской,non_kfm,2026-09-28,9,09:00-10:00,low,block_06_12,bike,0.12,0.52,10.37,11.11,22.21,2.94,0.03,0.03,0.03,1.0,0,cycle_time,time_segment_shift_history,segment_cycle_time,global_hour,global_hour,"Нужно 0 кур.; прогноз 0.1 заказа/ч; окно block_06_12: история 0.03, цикл 0.03; выбрано: время полного цикла доставки; страховой запас 0%"
597,Rockets Тверской,non_kfm,2026-09-28,10,10:00-11:00,low,block_06_12,bike,0.12,0.52,10.11,11.11,22.21,2.94,0.03,0.03,0.03,1.0,0,cycle_time,time_segment_shift_history,segment_cycle_time,global_hour,global_hour,"Нужно 0 кур.; прогноз 0.1 заказа/ч; окно block_06_12: история 0.03, цикл 0.03; выбрано: время полного цикла доставки; страховой запас 0%"
597,Rockets Тверской,non_kfm,2026-09-28,11,11:00-12:00,low,block_06_12,bike,0.13,0.52,10.41,11.11,22.21,2.94,0.03,0.03,0.03,1.0,0,cycle_time,time_segment_shift_history,segment_cycle_time,global_hour,global_hour,"Нужно 0 кур.; прогноз 0.1 заказа/ч; окно block_06_12: история 0.03, цикл 0.03; выбрано: время полного цикла доставки; страховой запас 0%"
597,Rockets Тверской,non_kfm,2026-09-28,12,12:00-13:00,low,block_12_18,bike,0.01,0.03,10.37,13.37,26.74,2.95,0.0,0.0,0.0,1.0,0,history,time_segment_shift_history,segment_cycle_time,global_hour,global_hour,"Нужно 0 кур.; прогноз 0.0 заказа/ч; окно block_12_18: история 0.00, цикл 0.00; выбрано: историческая производительность; страховой запас 0%"
597,Rockets Тверской,non_kfm,2026-09-28,13,13:00-14:00,low,block_12_18,bike,0.01,0.03,10.39,13.37,26.74,2.95,0.0,0.0,0.0,1.0,0,history,time_segment_shift_history,segment_cycle_time,global_hour,global_hour,"Нужно 0 кур.; прогноз 0.0 заказа/ч; окно block_12_18: история 0.00, цикл 0.00; выбрано: историческая производительность; страховой запас 0%"
597,Rockets Тверской,non_kfm,2026-09-28,14,14:00-15:00,low,block_12_18,bike,0.01,0.03,10.2,13.37,26.74,2.95,0.0,0.0,0.0,1.0,0,history,time_segment_shift_history,segment_cycle_time,global_hour,global_hour,"Нужно 0 кур.; прогноз 0.0 заказа/ч; окно block_12_18: история 0.00, цикл 0.00; выбрано: историческая производительность; страховой запас 0%"
597,Rockets Тверской,non_kfm,2026-09-28,15,15:00-16:00,low,block_12_18,bike,0.0,0.03,10.75,13.37,26.74,2.95,0.0,0.0,0.0,1.0,0,history,time_segment_shift_history,segment_cycle_time,global_hour,global_hour,"Нужно 0 кур.; прогноз 0.0 заказа/ч; окно block_12_18: история 0.00, цикл 0.00; выбрано: историческая производительность; страховой запас 0%"
597,Rockets Тверской,non_kfm,2026-09-28,16,16:00-17:00,low,block_12_18,bike,0.0,0.03,11.02,13.37,26.74,2.95,0.0,0.0,0.0,1.0,0,history,time_segment_shift_history,segment_cycle_time,global_hour,global_hour,"Нужно 0 кур.; прогноз 0.0 заказа/ч; окно block_12_18: история 0.00, цикл 0.00; выбрано: историческая производительность; страховой запас 0%"
597,Rockets Тверской,non_kfm,2026-09-28,17,17:00-18:00,low,block_12_18,bike,0.0,0.03,10.83,13.37,26.74,2.95,0.0,0.0,0.0,1.0,0,history,time_segment_shift_history,segment_cycle_time,global_hour,global_hour,"Нужно 0 кур.; прогноз 0.0 заказа/ч; окно block_12_18: история 0.00, цикл 0.00; выбрано: историческая производительность; страховой запас 0%"
597,Rockets Тверской,non_kfm,2026-09-28,18,18:00-19:00,low,block_18_24,bike,0.07,0.29,11.1,15.71,31.43,2.15,0.0,0.0,0.0,1.0,0,history,time_segment_shift_history,segment_cycle_time,global_hour,global_hour,"Нужно 0 кур.; прогноз 0.1 заказа/ч; окно block_18_24: история 0.00, цикл 0.00; выбрано: историческая производительность; страховой запас 0%"
597,Rockets Тверской,non_kfm,2026-09-28,19,19:00-20:00,low,block_18_24,bike,0.07,0.29,10.71,15.71,31.43,2.15,0.0,0.0,0.0,1.0,0,history,time_segment_shift_history,segment_cycle_time,global_hour,global_hour,"Нужно 0 кур.; прогноз 0.1 заказа/ч; окно block_18_24: история 0.00, цикл 0.00; выбрано: историческая производительность; страховой запас 0%"
597,Rockets Тверской,non_kfm,2026-09-28,20,20:00-21:00,low,block_18_24,bike,0.06,0.29,10.4,15.71,31.43,2.15,0.0,0.0,0.0,1.0,0,history,time_segment_shift_history,segment_cycle_time,global_hour,global_hour,"Нужно 0 кур.; прогноз 0.1 заказа/ч; окно block_18_24: история 0.00, цикл 0.00; выбрано: историческая производительность; страховой запас 0%"
597,Rockets Тверской,non_kfm,2026-09-28,21,21:00-22:00,low,block_18_24,bike,0.05,0.29,9.94,15.71,31.43,2.15,0.0,0.0,0.0,1.0,0,history,time_segment_shift_history,segment_cycle_time,global_hour,global_hour,"Нужно 0 кур.; прогноз 0.0 заказа/ч; окно block_18_24: история 0.00, цикл 0.00; выбрано: историческая производительность; страховой запас 0%"
598,ima,non_kfm,2026-09-28,12,12:00-13:00,low,block_12_18,auto,0.05,0.24,23.54,31.89,63.79,1.3,0.0,0.0,0.0,1.0,0,history,time_segment_shift_history,segment_cycle_time,global_hour,global_hour,"Нужно 0 кур.; прогноз 0.0 заказа/ч; окно block_12_18: история 0.00, цикл 0.00; выбрано: историческая производительность; страховой запас 0%"
598,ima,non_kfm,2026-09-28,13,13:00-14:00,low,block_12_18,auto,0.05,0.24,23.55,31.89,63.79,1.3,0.0,0.0,0.0,1.0,0,history,time_segment_shift_history,segment_cycle_time,global_hour,global_hour,"Нужно 0 кур.; прогноз 0.0 заказа/ч; окно block_12_18: история 0.00, цикл 0.00; выбрано: историческая производительность; страховой запас 0%"
598,ima,non_kfm,2026-09-28,14,14:00-15:00,low,block_12_18,auto,0.04,0.24,24.06,31.89,63.79,1.3,0.0,0.0,0.0,1.0,0,history,time_segment_shift_history,segment_cycle_time,global_hour,global_hour,"Нужно 0 кур.; прогноз 0.0 заказа/ч; окно block_12_18: история 0.00, цикл 0.00; выбрано: историческая производительность; страховой запас 0%"
598,ima,non_kfm,2026-09-28,15,15:00-16:00,low,block_12_18,auto,0.04,0.24,24.51,31.89,63.79,1.3,0.0,0.0,0.0,1.0,0,history,time_segment_shift_history,segment_cycle_time,global_hour,global_hour,"Нужно 0 кур.; прогноз 0.0 заказа/ч; окно block_12_18: история 0.00, цикл 0.00; выбрано: историческая производительность; страховой запас 0%"
598,ima,non_kfm,2026-09-28,16,16:00-17:00,low,block_12_18,auto,0.03,0.24,25.16,31.89,63.79,1.3,0.0,0.0,0.0,1.0,0,history,time_segment_shift_history,segment_cycle_time,global_hour,global_hour,"Нужно 0 кур.; прогноз 0.0 заказа/ч; окно block_12_18: история 0.00, цикл 0.00; выбрано: историческая производительность; страховой запас 0%"
598,ima,non_kfm,2026-09-28,17,17:00-18:00,low,block_12_18,auto,0.03,0.24,27.66,31.89,63.79,1.3,0.0,0.0,0.0,1.0,0,history,time_segment_shift_history,segment_cycle_time,global_hour,global_hour,"Нужно 0 кур.; прогноз 0.0 заказа/ч; окно block_12_18: история 0.00, цикл 0.00; выбрано: историческая производительность; страховой запас 0%"
598,ima,non_kfm,2026-09-28,18,18:00-19:00,low,block_18_24,auto,0.07,0.29,27.41,32.87,65.74,1.71,0.0,0.0,0.0,1.0,0,history,time_segment_shift_history,segment_cycle_time,global_hour,global_hour,"Нужно 0 кур.; прогноз 0.1 заказа/ч; окно block_18_24: история 0.00, цикл 0.00; выбрано: историческая производительность; страховой запас 0%"
598,ima,non_kfm,2026-09-28,19,19:00-20:00,low,block_18_24,auto,0.07,0.29,26.64,32.87,65.74,1.71,0.0,0.0,0.0,1.0,0,history,time_segment_shift_history,segment_cycle_time,global_hour,global_hour,"Нужно 0 кур.; прогноз 0.1 заказа/ч; окно block_18_24: история 0.00, цикл 0.00; выбрано: историческая производительность; страховой запас 0%"
598,ima,non_kfm,2026-09-28,20,20:00-21:00,low,block_18_24,auto,0.06,0.29,23.12,32.87,65.74,1.71,0.0,0.0,0.0,1.0,0,history,time_segment_shift_history,segment_cycle_time,global_hour,global_hour,"Нужно 0 кур.; прогноз 0.1 заказа/ч; окно block_18_24: история 0.00, цикл 0.00; выбрано: историческая производительность; страховой запас 0%"
598,ima,non_kfm,2026-09-28,21,21:00-22:00,low,block_18_24,auto,0.05,0.29,21.83,32.87,65.74,1.71,0.0,0.0,0.0,1.0,0,history,time_segment_shift_history,segment_cycle_time,global_hour,global_hour,"Нужно 0 кур.; прогноз 0.0 заказа/ч; окно block_18_24: история 0.00, цикл 0.00; выбрано: историческая производительность; страховой запас 0%"
598,ima,non_kfm,2026-09-28,22,22:00-23:00,low,block_18_24,auto,0.03,0.29,16.14,32.87,65.74,1.71,0.0,0.0,0.0,1.0,0,history,time_segment_shift_history,segment_cycle_time,global_hour,global_hour,"Нужно 0 кур.; прогноз 0.0 заказа/ч; окно block_18_24: история 0.00, цикл 0.00; выбрано: историческая производительность; страховой запас 0%"
598,ima,non_kfm,2026-09-28,12,12:00-13:00,low,block_12_18,bike,0.0,0.01,10.37,13.37,26.74,2.95,0.0,0.0,0.0,1.0,0,history,time_segment_shift_history,segment_cycle_time,global_hour,global_hour,"Нужно 0 кур.; прогноз 0.0 заказа/ч; окно block_12_18: история 0.00, цикл 0.00; выбрано: историческая производительность; страховой запас 0%"
598,ima,non_kfm,2026-09-28,13,13:00-14:00,low,block_12_18,bike,0.0,0.01,10.39,13.37,26.74,2.95,0.0,0.0,0.0,1.0,0,history,time_segment_shift_history,segment_cycle_time,global_hour,global_hour,"Нужно 0 кур.; прогноз 0.0 заказа/ч; окно block_12_18: история 0.00, цикл 0.00; выбрано: историческая производительность; страховой запас 0%"
598,ima,non_kfm,2026-09-28,14,14:00-15:00,low,block_12_18,bike,0.0,0.01,10.2,13.37,26.74,2.95,0.0,0.0,0.0,1.0,0,history,time_segment_shift_history,segment_cycle_time,global_hour,global_hour,"Нужно 0 кур.; прогноз 0.0 заказа/ч; окно block_12_18: история 0.00, цикл 0.00; выбрано: историческая производительность; страховой запас 0%"
598,ima,non_kfm,2026-09-28,15,15:00-16:00,low,block_12_18,bike,0.0,0.01,10.75,13.37,26.74,2.95,0.0,0.0,0.0,1.0,0,history,time_segment_shift_history,segment_cycle_time,global_hour,global_hour,"Нужно 0 кур.; прогноз 0.0 заказа/ч; окно block_12_18: история 0.00, цикл 0.00; выбрано: историческая производительность; страховой запас 0%"
598,ima,non_kfm,2026-09-28,16,16:00-17:00,low,block_12_18,bike,0.0,0.01,11.02,13.37,26.74,2.95,0.0,0.0,0.0,1.0,0,history,time_segment_shift_history,segment_cycle_time,global_hour,global_hour,"Нужно 0 кур.; прогноз 0.0 заказа/ч; окно block_12_18: история 0.00, цикл 0.00; выбрано: историческая производительность; страховой запас 0%"
598,ima,non_kfm,2026-09-28,17,17:00-18:00,low,block_12_18,bike,0.0,0.01,10.83,13.37,26.74,2.95,0.0,0.0,0.0,1.0,0,history,time_segment_shift_history,segment_cycle_time,global_hour,global_hour,"Нужно 0 кур.; прогноз 0.0 заказа/ч; окно block_12_18: история 0.00, цикл 0.00; выбрано: историческая производительность; страховой запас 0%"
598,ima,non_kfm,2026-09-28,18,18:00-19:00,low,block_18_24,bike,0.02,0.08,11.1,15.71,31.43,2.15,0.0,0.0,0.0,1.0,0,history,time_segment_shift_history,segment_cycle_time,global_hour,global_hour,"Нужно 0 кур.; прогноз 0.0 заказа/ч; окно block_18_24: история 0.00, цикл 0.00; выбрано: историческая производительность; страховой запас 0%"
598,ima,non_kfm,2026-09-28,19,19:00-20:00,low,block_18_24,bike,0.02,0.08,10.71,15.71,31.43,2.15,0.0,0.0,0.0,1.0,0,history,time_segment_shift_history,segment_cycle_time,global_hour,global_hour,"Нужно 0 кур.; прогноз 0.0 заказа/ч; окно block_18_24: история 0.00, цикл 0.00; выбрано: историческая производительность; страховой запас 0%"
598,ima,non_kfm,2026-09-28,20,20:00-21:00,low,block_18_24,bike,0.02,0.08,10.4,15.71,31.43,2.15,0.0,0.0,0.0,1.0,0,history,time_segment_shift_history,segment_cycle_time,global_hour,global_hour,"Нужно 0 кур.; прогноз 0.0 заказа/ч; окно block_18_24: история 0.00, цикл 0.00; выбрано: историческая производительность; страховой запас 0%"
598,ima,non_kfm,2026-09-28,21,21:00-22:00,low,block_18_24,bike,0.01,0.08,9.94,15.71,31.43,2.15,0.0,0.0,0.0,1.0,0,history,time_segment_shift_history,segment_cycle_time,global_hour,global_hour,"Нужно 0 кур.; прогноз 0.0 заказа/ч; окно block_18_24: история 0.00, цикл 0.00; выбрано: историческая производительность; страховой запас 0%"
598,ima,non_kfm,2026-09-28,22,22:00-23:00,low,block_18_24,bike,0.01,0.08,9.8,15.71,31.43,2.15,0.0,0.0,0.0,1.0,0,history,time_segment_shift_history,segment_cycle_time,global_hour,global_hour,"Нужно 0 кур.; прогноз 0.0 заказа/ч; окно block_18_24: история 0.00, цикл 0.00; выбрано: историческая производительность; страховой запас 0%"
599,Magritte,non_kfm,2026-09-28,12,12:00-13:00,low,block_12_18,auto,0.07,0.33,23.54,31.89,63.79,1.3,0.0,0.0,0.0,1.0,0,history,time_segment_shift_history,segment_cycle_time,global_hour,global_hour,"Нужно 0 кур.; прогноз 0.1 заказа/ч; окно block_12_18: история 0.00, цикл 0.00; выбрано: историческая производительность; страховой запас 0%"
599,Magritte,non_kfm,2026-09-28,13,13:00-14:00,low,block_12_18,auto,0.07,0.33,23.55,31.89,63.79,1.3,0.0,0.0,0.0,1.0,0,history,time_segment_shift_history,segment_cycle_time,global_hour,global_hour,"Нужно 0 кур.; прогноз 0.1 заказа/ч; окно block_12_18: история 0.00, цикл 0.00; выбрано: историческая производительность; страховой запас 0%"
599,Magritte,non_kfm,2026-09-28,14,14:00-15:00,low,block_12_18,auto,0.06,0.33,24.06,31.89,63.79,1.3,0.0,0.0,0.0,1.0,0,history,time_segment_shift_history,segment_cycle_time,global_hour,global_hour,"Нужно 0 кур.; прогноз 0.1 заказа/ч; окно block_12_18: история 0.00, цикл 0.00; выбрано: историческая производительность; страховой запас 0%"
599,Magritte,non_kfm,2026-09-28,15,15:00-16:00,low,block_12_18,auto,0.05,0.33,24.51,31.89,63.79,1.3,0.0,0.0,0.0,1.0,0,history,time_segment_shift_history,segment_cycle_time,global_hour,global_hour,"Нужно 0 кур.; прогноз 0.1 заказа/ч; окно block_12_18: история 0.00, цикл 0.00; выбрано: историческая производительность; страховой запас 0%"
599,Magritte,non_kfm,2026-09-28,16,16:00-17:00,low,block_12_18,auto,0.04,0.33,25.16,31.89,63.79,1.3,0.0,0.0,0.0,1.0,0,history,time_segment_shift_history,segment_cycle_time,global_hour,global_hour,"Нужно 0 кур.; прогноз 0.0 заказа/ч; окно block_12_18: история 0.00, цикл 0.00; выбрано: историческая производительность; страховой запас 0%"
599,Magritte,non_kfm,2026-09-28,17,17:00-18:00,low,block_12_18,auto,0.04,0.33,27.66,31.89,63.79,1.3,0.0,0.0,0.0,1.0,0,history,time_segment_shift_history,segment_cycle_time,global_hour,global_hour,"Нужно 0 кур.; прогноз 0.0 заказа/ч; окно block_12_18: история 0.00, цикл 0.00; выбрано: историческая производительность; страховой запас 0%"
599,Magritte,non_kfm,2026-09-28,18,18:00-19:00,low,block_18_24,auto,0.04,0.17,27.41,32.87,65.74,1.71,0.0,0.0,0.0,1.0,0,history,time_segment_shift_history,segment_cycle_time,global_hour,global_hour,"Нужно 0 кур.; прогноз 0.0 заказа/ч; окно block_18_24: история 0.00, цикл 0.00; выбрано: историческая производительность; страховой запас 0%"
599,Magritte,non_kfm,2026-09-28,19,19:00-20:00,low,block_18_24,auto,0.04,0.17,26.64,32.87,65.74,1.71,0.0,0.0,0.0,1.0,0,history,time_segment_shift_history,segment_cycle_time,global_hour,global_hour,"Нужно 0 кур.; прогноз 0.0 заказа/ч; окно block_18_24: история 0.00, цикл 0.00; выбрано: историческая производительность; страховой запас 0%"
599,Magritte,non_kfm,2026-09-28,20,20:00-21:00,low,block_18_24,auto,0.04,0.17,23.12,32.87,65.74,1.71,0.0,0.0,0.0,1.0,0,history,time_segment_shift_history,segment_cycle_time,global_hour,global_hour,"Нужно 0 кур.; прогноз 0.0 заказа/ч; окно block_18_24: история 0.00, цикл 0.00; выбрано: историческая производительность; страховой запас 0%"
599,Magritte,non_kfm,2026-09-28,21,21:00-22:00,low,block_18_24,auto,0.03,0.17,21.83,32.87,65.74,1.71,0.0,0.0,0.0,1.0,0,history,time_segment_shift_history,segment_cycle_time,global_hour,global_hour,"Нужно 0 кур.; прогноз 0.0 заказа/ч; окно block_18_24: история 0.00, цикл 0.00; выбрано: историческая производительность; страховой запас 0%"
599,Magritte,non_kfm,2026-09-28,22,22:00-23:00,low,block_18_24,auto,0.02,0.17,16.14,32.87,65.74,1.71,0.0,0.0,0.0,1.0,0,history,time_segment_shift_history,segment_cycle_time,global_hour,global_hour,"Нужно 0 кур.; прогноз 0.0 заказа/ч; окно block_18_24: история 0.00, цикл 0.00; выбрано: историческая производительность; страховой запас 0%"
599,Magritte,non_kfm,2026-09-28,12,12:00-13:00,low,block_12_18,bike,0.0,0.02,10.37,13.37,26.74,2.95,0.0,0.0,0.0,1.0,0,history,time_segment_shift_history,segment_cycle_time,global_hour,global_hour,"Нужно 0 кур.; прогноз 0.0 заказа/ч; окно block_12_18: история 0.00, цикл 0.00; выбрано: историческая производительность; страховой запас 0%"
599,Magritte,non_kfm,2026-09-28,13,13:00-14:00,low,block_12_18,bike,0.0,0.02,10.39,13.37,26.74,2.95,0.0,0.0,0.0,1.0,0,history,time_segment_shift_history,segment_cycle_time,global_hour,global_hour,"Нужно 0 кур.; прогноз 0.0 заказа/ч; окно block_12_18: история 0.00, цикл 0.00; выбрано: историческая производительность; страховой запас 0%"
599,Magritte,non_kfm,2026-09-28,14,14:00-15:00,low,block_12_18,bike,0.0,0.02,10.2,13.37,26.74,2.95,0.0,0.0,0.0,1.0,0,history,time_segment_shift_history,segment_cycle_time,global_hour,global_hour,"Нужно 0 кур.; прогноз 0.0 заказа/ч; окно block_12_18: история 0.00, цикл 0.00; выбрано: историческая производительность; страховой запас 0%"
599,Magritte,non_kfm,2026-09-28,15,15:00-16:00,low,block_12_18,bike,0.0,0.02,10.75,13.37,26.74,2.95,0.0,0.0,0.0,1.0,0,history,time_segment_shift_history,segment_cycle_time,global_hour,global_hour,"Нужно 0 кур.; прогноз 0.0 заказа/ч; окно block_12_18: история 0.00, цикл 0.00; выбрано: историческая производительность; страховой запас 0%"
599,Magritte,non_kfm,2026-09-28,16,16:00-17:00,low,block_12_18,bike,0.0,0.02,11.02,13.37,26.74,2.95,0.0,0.0,0.0,1.0,0,history,time_segment_shift_history,segment_cycle_time,global_hour,global_hour,"Нужно 0 кур.; прогноз 0.0 заказа/ч; окно block_12_18: история 0.00, цикл 0.00; выбрано: историческая производительность; страховой запас 0%"
599,Magritte,non_kfm,2026-09-28,17,17:00-18:00,low,block_12_18,bike,0.0,0.02,10.83,13.37,26.74,2.95,0.0,0.0,0.0,1.0,0,history,time_segment_shift_history,segment_cycle_time,global_hour,global_hour,"Нужно 0 кур.; прогноз 0.0 заказа/ч; окно block_12_18: история 0.00, цикл 0.00; выбрано: историческая производительность; страховой запас 0%"
599,Magritte,non_kfm,2026-09-28,18,18:00-19:00,low,block_18_24,bike,0.01,0.05,11.1,15.71,31.43,2.15,0.0,0.0,0.0,1.0,0,history,time_segment_shift_history,segment_cycle_time,global_hour,global_hour,"Нужно 0 кур.; прогноз 0.0 заказа/ч; окно block_18_24: история 0.00, цикл 0.00; выбрано: историческая производительность; страховой запас 0%"
599,Magritte,non_kfm,2026-09-28,19,19:00-20:00,low,block_18_24,bike,0.01,0.05,10.71,15.71,31.43,2.15,0.0,0.0,0.0,1.0,0,history,time_segment_shift_history,segment_cycle_time,global_hour,global_hour,"Нужно 0 кур.; прогноз 0.0 заказа/ч; окно block_18_24: история 0.00, цикл 0.00; выбрано: историческая производительность; страховой запас 0%"
599,Magritte,non_kfm,2026-09-28,20,20:00-21:00,low,block_18_24,bike,0.01,0.05,10.4,15.71,31.43,2.15,0.0,0.0,0.0,1.0,0,history,time_segment_shift_history,segment_cycle_time,global_hour,global_hour,"Нужно 0 кур.; прогноз 0.0 заказа/ч; окно block_18_24: история 0.00, цикл 0.00; выбрано: историческая производительность; страховой запас 0%"
599,Magritte,non_kfm,2026-09-28,21,21:00-22:00,low,block_18_24,bike,0.01,0.05,9.94,15.71,31.43,2.15,0.0,0.0,0.0,1.0,0,history,time_segment_shift_history,segment_cycle_time,global_hour,global_hour,"Нужно 0 кур.; прогноз 0.0 заказа/ч; окно block_18_24: история 0.00, цикл 0.00; выбрано: историческая производительность; страховой запас 0%"
599,Magritte,non_kfm,2026-09-28,22,22:00-23:00,low,block_18_24,bike,0.0,0.05,9.8,15.71,31.43,2.15,0.0,0.0,0.0,1.0,0,history,time_segment_shift_history,segment_cycle_time,global_hour,global_hour,"Нужно 0 кур.; прогноз 0.0 заказа/ч; окно block_18_24: история 0.00, цикл 0.00; выбрано: историческая производительность; страховой запас 0%"
603,Cihan Арбат,non_kfm,2026-09-28,12,12:00-13:00,low,block_12_18,auto,0.11,0.54,23.54,31.89,63.79,1.3,0.07,0.09,0.09,1.0,0,cycle_time,time_segment_shift_history,segment_cycle_time,global_hour,global_hour,"Нужно 0 кур.; прогноз 0.1 заказа/ч; окно block_12_18: история 0.07, цикл 0.09; выбрано: время полного цикла доставки; страховой запас 0%"
603,Cihan Арбат,non_kfm,2026-09-28,13,13:00-14:00,low,block_12_18,auto,0.11,0.54,23.55,31.89,63.79,1.3,0.07,0.09,0.09,1.0,0,cycle_time,time_segment_shift_history,segment_cycle_time,global_hour,global_hour,"Нужно 0 кур.; прогноз 0.1 заказа/ч; окно block_12_18: история 0.07, цикл 0.09; выбрано: время полного цикла доставки; страховой запас 0%"
603,Cihan Арбат,non_kfm,2026-09-28,14,14:00-15:00,low,block_12_18,auto,0.1,0.54,24.06,31.89,63.79,1.3,0.07,0.09,0.09,1.0,0,cycle_time,time_segment_shift_history,segment_cycle_time,global_hour,global_hour,"Нужно 0 кур.; прогноз 0.1 заказа/ч; окно block_12_18: история 0.07, цикл 0.09; выбрано: время полного цикла доставки; страховой запас 0%"
603,Cihan Арбат,non_kfm,2026-09-28,15,15:00-16:00,low,block_12_18,auto,0.08,0.54,24.51,31.89,63.79,1.3,0.07,0.09,0.09,1.0,0,cycle_time,time_segment_shift_history,segment_cycle_time,global_hour,global_hour,"Нужно 0 кур.; прогноз 0.1 заказа/ч; окно block_12_18: история 0.07, цикл 0.09; выбрано: время полного цикла доставки; страховой запас 0%"
603,Cihan Арбат,non_kfm,2026-09-28,16,16:00-17:00,low,block_12_18,auto,0.07,0.54,25.16,31.89,63.79,1.3,0.07,0.09,0.09,1.0,0,cycle_time,time_segment_shift_history,segment_cycle_time,global_hour,global_hour,"Нужно 0 кур.; прогноз 0.1 заказа/ч; окно block_12_18: история 0.07, цикл 0.09; выбрано: время полного цикла доставки; страховой запас 0%"
603,Cihan Арбат,non_kfm,2026-09-28,17,17:00-18:00,low,block_12_18,auto,0.07,0.54,27.66,31.89,63.79,1.3,0.07,0.09,0.09,1.0,0,cycle_time,time_segment_shift_history,segment_cycle_time,global_hour,global_hour,"Нужно 0 кур.; прогноз 0.1 заказа/ч; окно block_12_18: история 0.07, цикл 0.09; выбрано: время полного цикла доставки; страховой запас 0%"
603,Cihan Арбат,non_kfm,2026-09-28,18,18:00-19:00,low,block_18_24,auto,0.06,0.25,27.41,32.87,65.74,1.71,0.0,0.0,0.0,1.0,0,history,time_segment_shift_history,segment_cycle_time,global_hour,global_hour,"Нужно 0 кур.; прогноз 0.1 заказа/ч; окно block_18_24: история 0.00, цикл 0.00; выбрано: историческая производительность; страховой запас 0%"
603,Cihan Арбат,non_kfm,2026-09-28,19,19:00-20:00,low,block_18_24,auto,0.06,0.25,26.64,32.87,65.74,1.71,0.0,0.0,0.0,1.0,0,history,time_segment_shift_history,segment_cycle_time,global_hour,global_hour,"Нужно 0 кур.; прогноз 0.1 заказа/ч; окно block_18_24: история 0.00, цикл 0.00; выбрано: историческая производительность; страховой запас 0%"
603,Cihan Арбат,non_kfm,2026-09-28,20,20:00-21:00,low,block_18_24,auto,0.05,0.25,23.12,32.87,65.74,1.71,0.0,0.0,0.0,1.0,0,history,time_segment_shift_history,segment_cycle_time,global_hour,global_hour,"Нужно 0 кур.; прогноз 0.1 заказа/ч; окно block_18_24: история 0.00, цикл 0.00; выбрано: историческая производительность; страховой запас 0%"
603,Cihan Арбат,non_kfm,2026-09-28,21,21:00-22:00,low,block_18_24,auto,0.04,0.25,21.83,32.87,65.74,1.71,0.0,0.0,0.0,1.0,0,history,time_segment_shift_history,segment_cycle_time,global_hour,global_hour,"Нужно 0 кур.; прогноз 0.0 заказа/ч; окно block_18_24: история 0.00, цикл 0.00; выбрано: историческая производительность; страховой запас 0%"
603,Cihan Арбат,non_kfm,2026-09-28,22,22:00-23:00,low,block_18_24,auto,0.02,0.25,16.14,32.87,65.74,1.71,0.0,0.0,0.0,1.0,0,history,time_segment_shift_history,segment_cycle_time,global_hour,global_hour,"Нужно 0 кур.; прогноз 0.0 заказа/ч; окно block_18_24: история 0.00, цикл 0.00; выбрано: историческая производительность; страховой запас 0%"
603,Cihan Арбат,non_kfm,2026-09-28,12,12:00-13:00,low,block_12_18,bike,0.12,0.57,10.37,13.37,26.74,2.95,0.03,0.04,0.04,1.0,0,cycle_time,time_segment_shift_history,segment_cycle_time,global_hour,global_hour,"Нужно 0 кур.; прогноз 0.1 заказа/ч; окно block_12_18: история 0.03, цикл 0.04; выбрано: время полного цикла доставки; страховой запас 0%"
603,Cihan Арбат,non_kfm,2026-09-28,13,13:00-14:00,low,block_12_18,bike,0.12,0.57,10.39,13.37,26.74,2.95,0.03,0.04,0.04,1.0,0,cycle_time,time_segment_shift_history,segment_cycle_time,global_hour,global_hour,"Нужно 0 кур.; прогноз 0.1 заказа/ч; окно block_12_18: история 0.03, цикл 0.04; выбрано: время полного цикла доставки; страховой запас 0%"
603,Cihan Арбат,non_kfm,2026-09-28,14,14:00-15:00,low,block_12_18,bike,0.1,0.57,10.2,13.37,26.74,2.95,0.03,0.04,0.04,1.0,0,cycle_time,time_segment_shift_history,segment_cycle_time,global_hour,global_hour,"Нужно 0 кур.; прогноз 0.1 заказа/ч; окно block_12_18: история 0.03, цикл 0.04; выбрано: время полного цикла доставки; страховой запас 0%"
603,Cihan Арбат,non_kfm,2026-09-28,15,15:00-16:00,low,block_12_18,bike,0.09,0.57,10.75,13.37,26.74,2.95,0.03,0.04,0.04,1.0,0,cycle_time,time_segment_shift_history,segment_cycle_time,global_hour,global_hour,"Нужно 0 кур.; прогноз 0.1 заказа/ч; окно block_12_18: история 0.03, цикл 0.04; выбрано: время полного цикла доставки; страховой запас 0%"
603,Cihan Арбат,non_kfm,2026-09-28,16,16:00-17:00,low,block_12_18,bike,0.07,0.57,11.02,13.37,26.74,2.95,0.03,0.04,0.04,1.0,0,cycle_time,time_segment_shift_history,segment_cycle_time,global_hour,global_hour,"Нужно 0 кур.; прогноз 0.1 заказа/ч; окно block_12_18: история 0.03, цикл 0.04; выбрано: время полного цикла доставки; страховой запас 0%"
603,Cihan Арбат,non_kfm,2026-09-28,17,17:00-18:00,low,block_12_18,bike,0.07,0.57,10.83,13.37,26.74,2.95,0.03,0.04,0.04,1.0,0,cycle_time,time_segment_shift_history,segment_cycle_time,global_hour,global_hour,"Нужно 0 кур.; прогноз 0.1 заказа/ч; окно block_12_18: история 0.03, цикл 0.04; выбрано: время полного цикла доставки; страховой запас 0%"
603,Cihan Арбат,non_kfm,2026-09-28,18,18:00-19:00,low,block_18_24,bike,0.08,0.35,11.1,15.71,31.43,2.15,0.0,0.0,0.0,1.0,0,history,time_segment_shift_history,segment_cycle_time,global_hour,global_hour,"Нужно 0 кур.; прогноз 0.1 заказа/ч; окно block_18_24: история 0.00, цикл 0.00; выбрано: историческая производительность; страховой запас 0%"
603,Cihan Арбат,non_kfm,2026-09-28,19,19:00-20:00,low,block_18_24,bike,0.08,0.35,10.71,15.71,31.43,2.15,0.0,0.0,0.0,1.0,0,history,time_segment_shift_history,segment_cycle_time,global_hour,global_hour,"Нужно 0 кур.; прогноз 0.1 заказа/ч; окно block_18_24: история 0.00, цикл 0.00; выбрано: историческая производительность; страховой запас 0%"
603,Cihan Арбат,non_kfm,2026-09-28,20,20:00-21:00,low,block_18_24,bike,0.08,0.35,10.4,15.71,31.43,2.15,0.0,0.0,0.0,1.0,0,history,time_segment_shift_history,segment_cycle_time,global_hour,global_hour,"Нужно 0 кур.; прогноз 0.1 заказа/ч; окно block_18_24: история 0.00, цикл 0.00; выбрано: историческая производительность; страховой запас 0%"
603,Cihan Арбат,non_kfm,2026-09-28,21,21:00-22:00,low,block_18_24,bike,0.06,0.35,9.94,15.71,31.43,2.15,0.0,0.0,0.0,1.0,0,history,time_segment_shift_history,segment_cycle_time,global_hour,global_hour,"Нужно 0 кур.; прогноз 0.1 заказа/ч; окно block_18_24: история 0.00, цикл 0.00; выбрано: историческая производительность; страховой запас 0%"
603,Cihan Арбат,non_kfm,2026-09-28,22,22:00-23:00,low,block_18_24,bike,0.03,0.35,9.8,15.71,31.43,2.15,0.0,0.0,0.0,1.0,0,history,time_segment_shift_history,segment_cycle_time,global_hour,global_hour,"Нужно 0 кур.; прогноз 0.0 заказа/ч; окно block_18_24: история 0.00, цикл 0.00; выбрано: историческая производительность; страховой запас 0%"
604,Cihan Комсомольский,non_kfm,2026-09-28,12,12:00-13:00,low,block_12_18,auto,0.11,0.54,23.54,31.89,63.79,1.3,0.07,0.09,0.09,1.0,0,cycle_time,time_segment_shift_history,segment_cycle_time,global_hour,global_hour,"Нужно 0 кур.; прогноз 0.1 заказа/ч; окно block_12_18: история 0.07, цикл 0.09; выбрано: время полного цикла доставки; страховой запас 0%"
604,Cihan Комсомольский,non_kfm,2026-09-28,13,13:00-14:00,low,block_12_18,auto,0.11,0.54,23.55,31.89,63.79,1.3,0.07,0.09,0.09,1.0,0,cycle_time,time_segment_shift_history,segment_cycle_time,global_hour,global_hour,"Нужно 0 кур.; прогноз 0.1 заказа/ч; окно block_12_18: история 0.07, цикл 0.09; выбрано: время полного цикла доставки; страховой запас 0%"
604,Cihan Комсомольский,non_kfm,2026-09-28,14,14:00-15:00,low,block_12_18,auto,0.1,0.54,24.06,31.89,63.79,1.3,0.07,0.09,0.09,1.0,0,cycle_time,time_segment_shift_history,segment_cycle_time,global_hour,global_hour,"Нужно 0 кур.; прогноз 0.1 заказа/ч; окно block_12_18: история 0.07, цикл 0.09; выбрано: время полного цикла доставки; страховой запас 0%"
604,Cihan Комсомольский,non_kfm,2026-09-28,15,15:00-16:00,low,block_12_18,auto,0.08,0.54,24.51,31.89,63.79,1.3,0.07,0.09,0.09,1.0,0,cycle_time,time_segment_shift_history,segment_cycle_time,global_hour,global_hour,"Нужно 0 кур.; прогноз 0.1 заказа/ч; окно block_12_18: история 0.07, цикл 0.09; выбрано: время полного цикла доставки; страховой запас 0%"
604,Cihan Комсомольский,non_kfm,2026-09-28,16,16:00-17:00,low,block_12_18,auto,0.07,0.54,25.16,31.89,63.79,1.3,0.07,0.09,0.09,1.0,0,cycle_time,time_segment_shift_history,segment_cycle_time,global_hour,global_hour,"Нужно 0 кур.; прогноз 0.1 заказа/ч; окно block_12_18: история 0.07, цикл 0.09; выбрано: время полного цикла доставки; страховой запас 0%"
604,Cihan Комсомольский,non_kfm,2026-09-28,17,17:00-18:00,low,block_12_18,auto,0.07,0.54,27.66,31.89,63.79,1.3,0.07,0.09,0.09,1.0,0,cycle_time,time_segment_shift_history,segment_cycle_time,global_hour,global_hour,"Нужно 0 кур.; прогноз 0.1 заказа/ч; окно block_12_18: история 0.07, цикл 0.09; выбрано: время полного цикла доставки; страховой запас 0%"
604,Cihan Комсомольский,non_kfm,2026-09-28,18,18:00-19:00,low,block_18_24,auto,0.06,0.25,27.41,32.87,65.74,1.71,0.0,0.0,0.0,1.0,0,history,time_segment_shift_history,segment_cycle_time,global_hour,global_hour,"Нужно 0 кур.; прогноз 0.1 заказа/ч; окно block_18_24: история 0.00, цикл 0.00; выбрано: историческая производительность; страховой запас 0%"
604,Cihan Комсомольский,non_kfm,2026-09-28,19,19:00-20:00,low,block_18_24,auto,0.06,0.25,26.64,32.87,65.74,1.71,0.0,0.0,0.0,1.0,0,history,time_segment_shift_history,segment_cycle_time,global_hour,global_hour,"Нужно 0 кур.; прогноз 0.1 заказа/ч; окно block_18_24: история 0.00, цикл 0.00; выбрано: историческая производительность; страховой запас 0%"
604,Cihan Комсомольский,non_kfm,2026-09-28,20,20:00-21:00,low,block_18_24,auto,0.05,0.25,23.12,32.87,65.74,1.71,0.0,0.0,0.0,1.0,0,history,time_segment_shift_history,segment_cycle_time,global_hour,global_hour,"Нужно 0 кур.; прогноз 0.1 заказа/ч; окно block_18_24: история 0.00, цикл 0.00; выбрано: историческая производительность; страховой запас 0%"
604,Cihan Комсомольский,non_kfm,2026-09-28,21,21:00-22:00,low,block_18_24,auto,0.04,0.25,21.83,32.87,65.74,1.71,0.0,0.0,0.0,1.0,0,history,time_segment_shift_history,segment_cycle_time,global_hour,global_hour,"Нужно 0 кур.; прогноз 0.0 заказа/ч; окно block_18_24: история 0.00, цикл 0.00; выбрано: историческая производительность; страховой запас 0%"
604,Cihan Комсомольский,non_kfm,2026-09-28,22,22:00-23:00,low,block_18_24,auto,0.02,0.25,16.14,32.87,65.74,1.71,0.0,0.0,0.0,1.0,0,history,time_segment_shift_history,segment_cycle_time,global_hour,global_hour,"Нужно 0 кур.; прогноз 0.0 заказа/ч; окно block_18_24: история 0.00, цикл 0.00; выбрано: историческая производительность; страховой запас 0%"
604,Cihan Комсомольский,non_kfm,2026-09-28,12,12:00-13:00,low,block_12_18,bike,0.12,0.57,10.37,13.37,26.74,2.95,0.03,0.04,0.04,1.0,1,cycle_time,time_segment_shift_history,segment_cycle_time,global_hour,global_hour,"Нужно 1 кур.; прогноз 0.1 заказа/ч; окно block_12_18: история 0.03, цикл 0.04; выбрано: время полного цикла доставки; страховой запас 0%"
604,Cihan Комсомольский,non_kfm,2026-09-28,13,13:00-14:00,low,block_12_18,bike,0.12,0.57,10.39,13.37,26.74,2.95,0.03,0.04,0.04,1.0,1,cycle_time,time_segment_shift_history,segment_cycle_time,global_hour,global_hour,"Нужно 1 кур.; прогноз 0.1 заказа/ч; окно block_12_18: история 0.03, цикл 0.04; выбрано: время полного цикла доставки; страховой запас 0%"
604,Cihan Комсомольский,non_kfm,2026-09-28,14,14:00-15:00,low,block_12_18,bike,0.1,0.57,10.2,13.37,26.74,2.95,0.03,0.04,0.04,1.0,1,cycle_time,time_segment_shift_history,segment_cycle_time,global_hour,global_hour,"Нужно 1 кур.; прогноз 0.1 заказа/ч; окно block_12_18: история 0.03, цикл 0.04; выбрано: время полного цикла доставки; страховой запас 0%"
604,Cihan Комсомольский,non_kfm,2026-09-28,15,15:00-16:00,low,block_12_18,bike,0.09,0.57,10.75,13.37,26.74,2.95,0.03,0.04,0.04,1.0,1,cycle_time,time_segment_shift_history,segment_cycle_time,global_hour,global_hour,"Нужно 1 кур.; прогноз 0.1 заказа/ч; окно block_12_18: история 0.03, цикл 0.04; выбрано: время полного цикла доставки; страховой запас 0%"
604,Cihan Комсомольский,non_kfm,2026-09-28,16,16:00-17:00,low,block_12_18,bike,0.07,0.57,11.02,13.37,26.74,2.95,0.03,0.04,0.04,1.0,1,cycle_time,time_segment_shift_history,segment_cycle_time,global_hour,global_hour,"Нужно 1 кур.; прогноз 0.1 заказа/ч; окно block_12_18: история 0.03, цикл 0.04; выбрано: время полного цикла доставки; страховой запас 0%"
604,Cihan Комсомольский,non_kfm,2026-09-28,17,17:00-18:00,low,block_12_18,bike,0.07,0.57,10.83,13.37,26.74,2.95,0.03,0.04,0.04,1.0,1,cycle_time,time_segment_shift_history,segment_cycle_time,global_hour,global_hour,"Нужно 1 кур.; прогноз 0.1 заказа/ч; окно block_12_18: история 0.03, цикл 0.04; выбрано: время полного цикла доставки; страховой запас 0%"
604,Cihan Комсомольский,non_kfm,2026-09-28,18,18:00-19:00,low,block_18_24,bike,0.08,0.35,11.1,15.71,31.43,2.15,0.0,0.0,0.0,1.0,1,history,time_segment_shift_history,segment_cycle_time,global_hour,global_hour,"Нужно 1 кур.; прогноз 0.1 заказа/ч; окно block_18_24: история 0.00, цикл 0.00; выбрано: историческая производительность; страховой запас 0%"
604,Cihan Комсомольский,non_kfm,2026-09-28,19,19:00-20:00,low,block_18_24,bike,0.08,0.35,10.71,15.71,31.43,2.15,0.0,0.0,0.0,1.0,1,history,time_segment_shift_history,segment_cycle_time,global_hour,global_hour,"Нужно 1 кур.; прогноз 0.1 заказа/ч; окно block_18_24: история 0.00, цикл 0.00; выбрано: историческая производительность; страховой запас 0%"
604,Cihan Комсомольский,non_kfm,2026-09-28,20,20:00-21:00,low,block_18_24,bike,0.08,0.35,10.4,15.71,31.43,2.15,0.0,0.0,0.0,1.0,1,history,time_segment_shift_history,segment_cycle_time,global_hour,global_hour,"Нужно 1 кур.; прогноз 0.1 заказа/ч; окно block_18_24: история 0.00, цикл 0.00; выбрано: историческая производительность; страховой запас 0%"
604,Cihan Комсомольский,non_kfm,2026-09-28,21,21:00-22:00,low,block_18_24,bike,0.06,0.35,9.94,15.71,31.43,2.15,0.0,0.0,0.0,1.0,1,history,time_segment_shift_history,segment_cycle_time,global_hour,global_hour,"Нужно 1 кур.; прогноз 0.1 заказа/ч; окно block_18_24: история 0.00, цикл 0.00; выбрано: историческая производительность; страховой запас 0%"
604,Cihan Комсомольский,non_kfm,2026-09-28,22,22:00-23:00,low,block_18_24,bike,0.03,0.35,9.8,15.71,31.43,2.15,0.0,0.0,0.0,1.0,1,history,time_segment_shift_history,segment_cycle_time,global_hour,global_hour,"Нужно 1 кур.; прогноз 0.0 заказа/ч; окно block_18_24: история 0.00, цикл 0.00; выбрано: историческая производительность; страховой запас 0%"
605,Cihan Красногорск,non_kfm,2026-09-28,10,10:00-11:00,low,block_06_12,auto,0.35,1.48,21.71,39.25,78.51,1.47,0.17,0.32,0.32,1.0,0,cycle_time,time_segment_shift_history,segment_cycle_time,global_hour,global_hour,"Нужно 0 кур.; прогноз 0.3 заказа/ч; окно block_06_12: история 0.17, цикл 0.32; выбрано: время полного цикла доставки; страховой запас 0%"
605,Cihan Красногорск,non_kfm,2026-09-28,11,11:00-12:00,low,block_06_12,auto,0.38,1.48,22.82,39.25,78.51,1.47,0.17,0.32,0.32,1.0,0,cycle_time,time_segment_shift_history,segment_cycle_time,global_hour,global_hour,"Нужно 0 кур.; прогноз 0.4 заказа/ч; окно block_06_12: история 0.17, цикл 0.32; выбрано: время полного цикла доставки; страховой запас 0%"
605,Cihan Красногорск,non_kfm,2026-09-28,12,12:00-13:00,low,block_12_18,auto,0.23,1.1,23.54,31.89,63.79,1.3,0.14,0.2,0.2,1.0,0,cycle_time,time_segment_shift_history,segment_cycle_time,global_hour,global_hour,"Нужно 0 кур.; прогноз 0.2 заказа/ч; окно block_12_18: история 0.14, цикл 0.20; выбрано: время полного цикла доставки; страховой запас 0%"
605,Cihan Красногорск,non_kfm,2026-09-28,13,13:00-14:00,low,block_12_18,auto,0.23,1.1,23.55,31.89,63.79,1.3,0.14,0.2,0.2,1.0,0,cycle_time,time_segment_shift_history,segment_cycle_time,global_hour,global_hour,"Нужно 0 кур.; прогноз 0.2 заказа/ч; окно block_12_18: история 0.14, цикл 0.20; выбрано: время полного цикла доставки; страховой запас 0%"
605,Cihan Красногорск,non_kfm,2026-09-28,14,14:00-15:00,low,block_12_18,auto,0.2,1.1,24.06,31.89,63.79,1.3,0.14,0.2,0.2,1.0,0,cycle_time,time_segment_shift_history,segment_cycle_time,global_hour,global_hour,"Нужно 0 кур.; прогноз 0.2 заказа/ч; окно block_12_18: история 0.14, цикл 0.20; выбрано: время полного цикла доставки; страховой запас 0%"
605,Cihan Красногорск,non_kfm,2026-09-28,15,15:00-16:00,low,block_12_18,auto,0.17,1.1,24.51,31.89,63.79,1.3,0.14,0.2,0.2,1.0,0,cycle_time,time_segment_shift_history,segment_cycle_time,global_hour,global_hour,"Нужно 0 кур.; прогноз 0.2 заказа/ч; окно block_12_18: история 0.14, цикл 0.20; выбрано: время полного цикла доставки; страховой запас 0%"
605,Cihan Красногорск,non_kfm,2026-09-28,16,16:00-17:00,low,block_12_18,auto,0.14,1.1,25.16,31.89,63.79,1.3,0.14,0.2,0.2,1.0,0,cycle_time,time_segment_shift_history,segment_cycle_time,global_hour,global_hour,"Нужно 0 кур.; прогноз 0.1 заказа/ч; окно block_12_18: история 0.14, цикл 0.20; выбрано: время полного цикла доставки; страховой запас 0%"
605,Cihan Красногорск,non_kfm,2026-09-28,17,17:00-18:00,low,block_12_18,auto,0.14,1.1,27.66,31.89,63.79,1.3,0.14,0.2,0.2,1.0,0,cycle_time,time_segment_shift_history,segment_cycle_time,global_hour,global_hour,"Нужно 0 кур.; прогноз 0.1 заказа/ч; окно block_12_18: история 0.14, цикл 0.20; выбрано: время полного цикла доставки; страховой запас 0%"
605,Cihan Красногорск,non_kfm,2026-09-28,18,18:00-19:00,low,block_18_24,auto,0.14,0.61,27.41,32.87,65.74,1.71,0.06,0.11,0.11,1.0,0,cycle_time,time_segment_shift_history,segment_cycle_time,global_hour,global_hour,"Нужно 0 кур.; прогноз 0.1 заказа/ч; окно block_18_24: история 0.06, цикл 0.11; выбрано: время полного цикла доставки; страховой запас 0%"
605,Cihan Красногорск,non_kfm,2026-09-28,19,19:00-20:00,low,block_18_24,auto,0.14,0.61,26.64,32.87,65.74,1.71,0.06,0.11,0.11,1.0,0,cycle_time,time_segment_shift_history,segment_cycle_time,global_hour,global_hour,"Нужно 0 кур.; прогноз 0.1 заказа/ч; окно block_18_24: история 0.06, цикл 0.11; выбрано: время полного цикла доставки; страховой запас 0%"
605,Cihan Красногорск,non_kfm,2026-09-28,20,20:00-21:00,low,block_18_24,auto,0.13,0.61,23.12,32.87,65.74,1.71,0.06,0.11,0.11,1.0,0,cycle_time,time_segment_shift_history,segment_cycle_time,global_hour,global_hour,"Нужно 0 кур.; прогноз 0.1 заказа/ч; окно block_18_24: история 0.06, цикл 0.11; выбрано: время полного цикла доставки; страховой запас 0%"
70,КО Сыроварня,non_kfm,2026-09-28,12,12:00-13:00,low,block_12_18,auto,0.11,0.53,23.54,31.89,63.79,1.3,0.07,0.09,0.09,1.0,0,cycle_time,time_segment_shift_history,segment_cycle_time,global_hour,global_hour,"Нужно 0 кур.; прогноз 0.1 заказа/ч; окно block_12_18: история 0.07, цикл 0.09; выбрано: время полного цикла доставки; страховой запас 0%"
70,КО Сыроварня,non_kfm,2026-09-28,13,13:00-14:00,low,block_12_18,auto,0.11,0.53,23.55,31.89,63.79,1.3,0.07,0.09,0.09,1.0,0,cycle_time,time_segment_shift_history,segment_cycle_time,global_hour,global_hour,"Нужно 0 кур.; прогноз 0.1 заказа/ч; окно block_12_18: история 0.07, цикл 0.09; выбрано: время полного цикла доставки; страховой запас 0%"
70,КО Сыроварня,non_kfm,2026-09-28,14,14:00-15:00,low,block_12_18,auto,0.1,0.53,24.06,31.89,63.79,1.3,0.07,0.09,0.09,1.0,0,cycle_time,time_segment_shift_history,segment_cycle_time,global_hour,global_hour,"Нужно 0 кур.; прогноз 0.1 заказа/ч; окно block_12_18: история 0.07, цикл 0.09; выбрано: время полного цикла доставки; страховой запас 0%"
70,КО Сыроварня,non_kfm,2026-09-28,15,15:00-16:00,low,block_12_18,auto,0.08,0.53,24.51,31.89,63.79,1.3,0.07,0.09,0.09,1.0,0,cycle_time,time_segment_shift_history,segment_cycle_time,global_hour,global_hour,"Нужно 0 кур.; прогноз 0.1 заказа/ч; окно block_12_18: история 0.07, цикл 0.09; выбрано: время полного цикла доставки; страховой запас 0%"
70,КО Сыроварня,non_kfm,2026-09-28,16,16:00-17:00,low,block_12_18,auto,0.07,0.53,25.16,31.89,63.79,1.3,0.07,0.09,0.09,1.0,0,cycle_time,time_segment_shift_history,segment_cycle_time,global_hour,global_hour,"Нужно 0 кур.; прогноз 0.1 заказа/ч; окно block_12_18: история 0.07, цикл 0.09; выбрано: время полного цикла доставки; страховой запас 0%"
70,КО Сыроварня,non_kfm,2026-09-28,17,17:00-18:00,low,block_12_18,auto,0.06,0.53,27.66,31.89,63.79,1.3,0.07,0.09,0.09,1.0,0,cycle_time,time_segment_shift_history,segment_cycle_time,global_hour,global_hour,"Нужно 0 кур.; прогноз 0.1 заказа/ч; окно block_12_18: история 0.07, цикл 0.09; выбрано: время полного цикла доставки; страховой запас 0%"
70,КО Сыроварня,non_kfm,2026-09-28,18,18:00-19:00,low,block_18_24,auto,0.09,0.37,27.41,32.87,65.74,1.71,0.0,0.0,0.0,1.0,0,history,time_segment_shift_history,segment_cycle_time,global_hour,global_hour,"Нужно 0 кур.; прогноз 0.1 заказа/ч; окно block_18_24: история 0.00, цикл 0.00; выбрано: историческая производительность; страховой запас 0%"
70,КО Сыроварня,non_kfm,2026-09-28,19,19:00-20:00,low,block_18_24,auto,0.09,0.37,26.64,32.87,65.74,1.71,0.0,0.0,0.0,1.0,0,history,time_segment_shift_history,segment_cycle_time,global_hour,global_hour,"Нужно 0 кур.; прогноз 0.1 заказа/ч; окно block_18_24: история 0.00, цикл 0.00; выбрано: историческая производительность; страховой запас 0%"
70,КО Сыроварня,non_kfm,2026-09-28,20,20:00-21:00,low,block_18_24,auto,0.08,0.37,23.12,32.87,65.74,1.71,0.0,0.0,0.0,1.0,0,history,time_segment_shift_history,segment_cycle_time,global_hour,global_hour,"Нужно 0 кур.; прогноз 0.1 заказа/ч; окно block_18_24: история 0.00, цикл 0.00; выбрано: историческая производительность; страховой запас 0%"
70,КО Сыроварня,non_kfm,2026-09-28,21,21:00-22:00,low,block_18_24,auto,0.06,0.37,21.83,32.87,65.74,1.71,0.0,0.0,0.0,1.0,0,history,time_segment_shift_history,segment_cycle_time,global_hour,global_hour,"Нужно 0 кур.; прогноз 0.1 заказа/ч; окно block_18_24: история 0.00, цикл 0.00; выбрано: историческая производительность; страховой запас 0%"
70,КО Сыроварня,non_kfm,2026-09-28,12,12:00-13:00,low,block_12_18,bike,0.01,0.03,10.37,13.37,26.74,2.95,0.0,0.0,0.0,1.0,0,history,time_segment_shift_history,segment_cycle_time,global_hour,global_hour,"Нужно 0 кур.; прогноз 0.0 заказа/ч; окно block_12_18: история 0.00, цикл 0.00; выбрано: историческая производительность; страховой запас 0%"
70,КО Сыроварня,non_kfm,2026-09-28,13,13:00-14:00,low,block_12_18,bike,0.01,0.03,10.39,13.37,26.74,2.95,0.0,0.0,0.0,1.0,0,history,time_segment_shift_history,segment_cycle_time,global_hour,global_hour,"Нужно 0 кур.; прогноз 0.0 заказа/ч; окно block_12_18: история 0.00, цикл 0.00; выбрано: историческая производительность; страховой запас 0%"
70,КО Сыроварня,non_kfm,2026-09-28,14,14:00-15:00,low,block_12_18,bike,0.01,0.03,10.2,13.37,26.74,2.95,0.0,0.0,0.0,1.0,0,history,time_segment_shift_history,segment_cycle_time,global_hour,global_hour,"Нужно 0 кур.; прогноз 0.0 заказа/ч; окно block_12_18: история 0.00, цикл 0.00; выбрано: историческая производительность; страховой запас 0%"
70,КО Сыроварня,non_kfm,2026-09-28,15,15:00-16:00,low,block_12_18,bike,0.01,0.03,10.75,13.37,26.74,2.95,0.0,0.0,0.0,1.0,0,history,time_segment_shift_history,segment_cycle_time,global_hour,global_hour,"Нужно 0 кур.; прогноз 0.0 заказа/ч; окно block_12_18: история 0.00, цикл 0.00; выбрано: историческая производительность; страховой запас 0%"
70,КО Сыроварня,non_kfm,2026-09-28,16,16:00-17:00,low,block_12_18,bike,0.0,0.03,11.02,13.37,26.74,2.95,0.0,0.0,0.0,1.0,0,history,time_segment_shift_history,segment_cycle_time,global_hour,global_hour,"Нужно 0 кур.; прогноз 0.0 заказа/ч; окно block_12_18: история 0.00, цикл 0.00; выбрано: историческая производительность; страховой запас 0%"
70,КО Сыроварня,non_kfm,2026-09-28,17,17:00-18:00,low,block_12_18,bike,0.0,0.03,10.83,13.37,26.74,2.95,0.0,0.0,0.0,1.0,0,history,time_segment_shift_history,segment_cycle_time,global_hour,global_hour,"Нужно 0 кур.; прогноз 0.0 заказа/ч; окно block_12_18: история 0.00, цикл 0.00; выбрано: историческая производительность; страховой запас 0%"
70,КО Сыроварня,non_kfm,2026-09-28,18,18:00-19:00,low,block_18_24,bike,0.03,0.14,11.1,15.71,31.43,2.15,0.0,0.0,0.0,1.0,0,history,time_segment_shift_history,segment_cycle_time,global_hour,global_hour,"Нужно 0 кур.; прогноз 0.0 заказа/ч; окно block_18_24: история 0.00, цикл 0.00; выбрано: историческая производительность; страховой запас 0%"
70,КО Сыроварня,non_kfm,2026-09-28,19,19:00-20:00,low,block_18_24,bike,0.03,0.14,10.71,15.71,31.43,2.15,0.0,0.0,0.0,1.0,0,history,time_segment_shift_history,segment_cycle_time,global_hour,global_hour,"Нужно 0 кур.; прогноз 0.0 заказа/ч; окно block_18_24: история 0.00, цикл 0.00; выбрано: историческая производительность; страховой запас 0%"
70,КО Сыроварня,non_kfm,2026-09-28,20,20:00-21:00,low,block_18_24,bike,0.03,0.14,10.4,15.71,31.43,2.15,0.0,0.0,0.0,1.0,0,history,time_segment_shift_history,segment_cycle_time,global_hour,global_hour,"Нужно 0 кур.; прогноз 0.0 заказа/ч; окно block_18_24: история 0.00, цикл 0.00; выбрано: историческая производительность; страховой запас 0%"
70,КО Сыроварня,non_kfm,2026-09-28,21,21:00-22:00,low,block_18_24,bike,0.02,0.14,9.94,15.71,31.43,2.15,0.0,0.0,0.0,1.0,0,history,time_segment_shift_history,segment_cycle_time,global_hour,global_hour,"Нужно 0 кур.; прогноз 0.0 заказа/ч; окно block_18_24: история 0.00, цикл 0.00; выбрано: историческая производительность; страховой запас 0%"
71,КО Medusa,non_kfm,2026-09-28,12,12:00-13:00,low,block_12_18,auto,0.12,0.56,23.54,31.89,63.79,1.3,0.07,0.1,0.1,1.0,0,cycle_time,time_segment_shift_history,segment_cycle_time,global_hour,global_hour,"Нужно 0 кур.; прогноз 0.1 заказа/ч; окно block_12_18: история 0.07, цикл 0.10; выбрано: время полного цикла доставки; страховой запас 0%"
71,КО Medusa,non_kfm,2026-09-28,13,13:00-14:00,low,block_12_18,auto,0.12,0.56,23.55,31.89,63.79,1.3,0.07,0.1,0.1,1.0,0,cycle_time,time_segment_shift_history,segment_cycle_time,global_hour,global_hour,"Нужно 0 кур.; прогноз 0.1 заказа/ч; окно block_12_18: история 0.07, цикл 0.10; выбрано: время полного цикла доставки; страховой запас 0%"
71,КО Medusa,non_kfm,2026-09-28,14,14:00-15:00,low,block_12_18,auto,0.1,0.56,24.06,31.89,63.79,1.3,0.07,0.1,0.1,1.0,0,cycle_time,time_segment_shift_history,segment_cycle_time,global_hour,global_hour,"Нужно 0 кур.; прогноз 0.1 заказа/ч; окно block_12_18: история 0.07, цикл 0.10; выбрано: время полного цикла доставки; страховой запас 0%"
71,КО Medusa,non_kfm,2026-09-28,15,15:00-16:00,low,block_12_18,auto,0.09,0.56,24.51,31.89,63.79,1.3,0.07,0.1,0.1,1.0,0,cycle_time,time_segment_shift_history,segment_cycle_time,global_hour,global_hour,"Нужно 0 кур.; прогноз 0.1 заказа/ч; окно block_12_18: история 0.07, цикл 0.10; выбрано: время полного цикла доставки; страховой запас 0%"
71,КО Medusa,non_kfm,2026-09-28,16,16:00-17:00,low,block_12_18,auto,0.07,0.56,25.16,31.89,63.79,1.3,0.07,0.1,0.1,1.0,0,cycle_time,time_segment_shift_history,segment_cycle_time,global_hour,global_hour,"Нужно 0 кур.; прогноз 0.1 заказа/ч; окно block_12_18: история 0.07, цикл 0.10; выбрано: время полного цикла доставки; страховой запас 0%"
71,КО Medusa,non_kfm,2026-09-28,17,17:00-18:00,low,block_12_18,auto,0.07,0.56,27.66,31.89,63.79,1.3,0.07,0.1,0.1,1.0,0,cycle_time,time_segment_shift_history,segment_cycle_time,global_hour,global_hour,"Нужно 0 кур.; прогноз 0.1 заказа/ч; окно block_12_18: история 0.07, цикл 0.10; выбрано: время полного цикла доставки; страховой запас 0%"
71,КО Medusa,non_kfm,2026-09-28,18,18:00-19:00,low,block_18_24,auto,0.12,0.5,27.41,32.87,65.74,1.71,0.05,0.09,0.09,1.0,0,cycle_time,time_segment_shift_history,segment_cycle_time,global_hour,global_hour,"Нужно 0 кур.; прогноз 0.1 заказа/ч; окно block_18_24: история 0.05, цикл 0.09; выбрано: время полного цикла доставки; страховой запас 0%"
71,КО Medusa,non_kfm,2026-09-28,19,19:00-20:00,low,block_18_24,auto,0.12,0.5,26.64,32.87,65.74,1.71,0.05,0.09,0.09,1.0,0,cycle_time,time_segment_shift_history,segment_cycle_time,global_hour,global_hour,"Нужно 0 кур.; прогноз 0.1 заказа/ч; окно block_18_24: история 0.05, цикл 0.09; выбрано: время полного цикла доставки; страховой запас 0%"
71,КО Medusa,non_kfm,2026-09-28,20,20:00-21:00,low,block_18_24,auto,0.11,0.5,23.12,32.87,65.74,1.71,0.05,0.09,0.09,1.0,0,cycle_time,time_segment_shift_history,segment_cycle_time,global_hour,global_hour,"Нужно 0 кур.; прогноз 0.1 заказа/ч; окно block_18_24: история 0.05, цикл 0.09; выбрано: время полного цикла доставки; страховой запас 0%"
71,КО Medusa,non_kfm,2026-09-28,21,21:00-22:00,low,block_18_24,auto,0.08,0.5,21.83,32.87,65.74,1.71,0.05,0.09,0.09,1.0,0,cycle_time,time_segment_shift_history,segment_cycle_time,global_hour,global_hour,"Нужно 0 кур.; прогноз 0.1 заказа/ч; окно block_18_24: история 0.05, цикл 0.09; выбрано: время полного цикла доставки; страховой запас 0%"
71,КО Medusa,non_kfm,2026-09-28,22,22:00-23:00,low,block_18_24,auto,0.05,0.5,16.14,32.87,65.74,1.71,0.05,0.09,0.09,1.0,0,cycle_time,time_segment_shift_history,segment_cycle_time,global_hour,global_hour,"Нужно 0 кур.; прогноз 0.0 заказа/ч; окно block_18_24: история 0.05, цикл 0.09; выбрано: время полного цикла доставки; страховой запас 0%"
71,КО Medusa,non_kfm,2026-09-28,12,12:00-13:00,low,block_12_18,bike,0.01,0.04,10.37,13.37,26.74,2.95,0.0,0.0,0.0,1.0,0,history,time_segment_shift_history,segment_cycle_time,global_hour,global_hour,"Нужно 0 кур.; прогноз 0.0 заказа/ч; окно block_12_18: история 0.00, цикл 0.00; выбрано: историческая производительность; страховой запас 0%"
71,КО Medusa,non_kfm,2026-09-28,13,13:00-14:00,low,block_12_18,bike,0.01,0.04,10.39,13.37,26.74,2.95,0.0,0.0,0.0,1.0,0,history,time_segment_shift_history,segment_cycle_time,global_hour,global_hour,"Нужно 0 кур.; прогноз 0.0 заказа/ч; окно block_12_18: история 0.00, цикл 0.00; выбрано: историческая производительность; страховой запас 0%"
71,КО Medusa,non_kfm,2026-09-28,14,14:00-15:00,low,block_12_18,bike,0.01,0.04,10.2,13.37,26.74,2.95,0.0,0.0,0.0,1.0,0,history,time_segment_shift_history,segment_cycle_time,global_hour,global_hour,"Нужно 0 кур.; прогноз 0.0 заказа/ч; окно block_12_18: история 0.00, цикл 0.00; выбрано: историческая производительность; страховой запас 0%"
71,КО Medusa,non_kfm,2026-09-28,15,15:00-16:00,low,block_12_18,bike,0.01,0.04,10.75,13.37,26.74,2.95,0.0,0.0,0.0,1.0,0,history,time_segment_shift_history,segment_cycle_time,global_hour,global_hour,"Нужно 0 кур.; прогноз 0.0 заказа/ч; окно block_12_18: история 0.00, цикл 0.00; выбрано: историческая производительность; страховой запас 0%"
71,КО Medusa,non_kfm,2026-09-28,16,16:00-17:00,low,block_12_18,bike,0.0,0.04,11.02,13.37,26.74,2.95,0.0,0.0,0.0,1.0,0,history,time_segment_shift_history,segment_cycle_time,global_hour,global_hour,"Нужно 0 кур.; прогноз 0.0 заказа/ч; окно block_12_18: история 0.00, цикл 0.00; выбрано: историческая производительность; страховой запас 0%"
71,КО Medusa,non_kfm,2026-09-28,17,17:00-18:00,low,block_12_18,bike,0.0,0.04,10.83,13.37,26.74,2.95,0.0,0.0,0.0,1.0,0,history,time_segment_shift_history,segment_cycle_time,global_hour,global_hour,"Нужно 0 кур.; прогноз 0.0 заказа/ч; окно block_12_18: история 0.00, цикл 0.00; выбрано: историческая производительность; страховой запас 0%"
71,КО Medusa,non_kfm,2026-09-28,18,18:00-19:00,low,block_18_24,bike,0.05,0.2,11.1,15.71,31.43,2.15,0.0,0.0,0.0,1.0,0,history,time_segment_shift_history,segment_cycle_time,global_hour,global_hour,"Нужно 0 кур.; прогноз 0.0 заказа/ч; окно block_18_24: история 0.00, цикл 0.00; выбрано: историческая производительность; страховой запас 0%"
71,КО Medusa,non_kfm,2026-09-28,19,19:00-20:00,low,block_18_24,bike,0.05,0.2,10.71,15.71,31.43,2.15,0.0,0.0,0.0,1.0,0,history,time_segment_shift_history,segment_cycle_time,global_hour,global_hour,"Нужно 0 кур.; прогноз 0.0 заказа/ч; окно block_18_24: история 0.00, цикл 0.00; выбрано: историческая производительность; страховой запас 0%"
71,КО Medusa,non_kfm,2026-09-28,20,20:00-21:00,low,block_18_24,bike,0.04,0.2,10.4,15.71,31.43,2.15,0.0,0.0,0.0,1.0,0,history,time_segment_shift_history,segment_cycle_time,global_hour,global_hour,"Нужно 0 кур.; прогноз 0.0 заказа/ч; окно block_18_24: история 0.00, цикл 0.00; выбрано: историческая производительность; страховой запас 0%"
71,КО Medusa,non_kfm,2026-09-28,21,21:00-22:00,low,block_18_24,bike,0.03,0.2,9.94,15.71,31.43,2.15,0.0,0.0,0.0,1.0,0,history,time_segment_shift_history,segment_cycle_time,global_hour,global_hour,"Нужно 0 кур.; прогноз 0.0 заказа/ч; окно block_18_24: история 0.00, цикл 0.00; выбрано: историческая производительность; страховой запас 0%"
71,КО Medusa,non_kfm,2026-09-28,22,22:00-23:00,low,block_18_24,bike,0.02,0.2,9.8,15.71,31.43,2.15,0.0,0.0,0.0,1.0,0,history,time_segment_shift_history,segment_cycle_time,global_hour,global_hour,"Нужно 0 кур.; прогноз 0.0 заказа/ч; окно block_18_24: история 0.00, цикл 0.00; выбрано: историческая производительность; страховой запас 0%"
72,КО Магадан,non_kfm,2026-09-28,12,12:00-13:00,low,block_12_18,auto,0.1,0.5,23.17,31.89,63.79,1.3,0.0,0.0,0.0,1.0,0,history,time_segment_shift_history,segment_cycle_time,global_hour,location_hour,"Нужно 0 кур.; прогноз 0.1 заказа/ч; окно block_12_18: история 0.00, цикл 0.00; выбрано: историческая производительность; страховой запас 0%"
72,КО Магадан,non_kfm,2026-09-28,13,13:00-14:00,low,block_12_18,auto,0.1,0.5,21.36,31.89,63.79,1.3,0.0,0.0,0.0,1.0,0,history,time_segment_shift_history,segment_cycle_time,global_hour,location_hour,"Нужно 0 кур.; прогноз 0.1 заказа/ч; окно block_12_18: история 0.00, цикл 0.00; выбрано: историческая производительность; страховой запас 0%"
72,КО Магадан,non_kfm,2026-09-28,14,14:00-15:00,low,block_12_18,auto,0.09,0.5,16.03,31.89,63.79,1.3,0.0,0.0,0.0,1.0,0,history,time_segment_shift_history,segment_cycle_time,global_hour,location_hour,"Нужно 0 кур.; прогноз 0.1 заказа/ч; окно block_12_18: история 0.00, цикл 0.00; выбрано: историческая производительность; страховой запас 0%"
72,КО Магадан,non_kfm,2026-09-28,15,15:00-16:00,low,block_12_18,auto,0.08,0.5,11.93,31.89,63.79,1.3,0.0,0.0,0.0,1.0,0,history,time_segment_shift_history,segment_cycle_time,global_hour,location_hour,"Нужно 0 кур.; прогноз 0.1 заказа/ч; окно block_12_18: история 0.00, цикл 0.00; выбрано: историческая производительность; страховой запас 0%"
72,КО Магадан,non_kfm,2026-09-28,16,16:00-17:00,low,block_12_18,auto,0.06,0.5,24.94,31.89,63.79,1.3,0.0,0.0,0.0,1.0,0,history,time_segment_shift_history,segment_cycle_time,global_hour,location_hour,"Нужно 0 кур.; прогноз 0.1 заказа/ч; окно block_12_18: история 0.00, цикл 0.00; выбрано: историческая производительность; страховой запас 0%"
72,КО Магадан,non_kfm,2026-09-28,17,17:00-18:00,low,block_12_18,auto,0.06,0.5,27.66,31.89,63.79,1.3,0.0,0.0,0.0,1.0,0,history,time_segment_shift_history,segment_cycle_time,global_hour,global_hour,"Нужно 0 кур.; прогноз 0.1 заказа/ч; окно block_12_18: история 0.00, цикл 0.00; выбрано: историческая производительность; страховой запас 0%"
72,КО Магадан,non_kfm,2026-09-28,18,18:00-19:00,low,block_18_24,auto,0.08,0.35,30.15,32.87,65.74,1.71,0.0,0.0,0.0,1.0,0,history,time_segment_shift_history,segment_cycle_time,global_hour,location_hour,"Нужно 0 кур.; прогноз 0.1 заказа/ч; окно block_18_24: история 0.00, цикл 0.00; выбрано: историческая производительность; страховой запас 0%"
72,КО Магадан,non_kfm,2026-09-28,19,19:00-20:00,low,block_18_24,auto,0.08,0.35,26.64,32.87,65.74,1.71,0.0,0.0,0.0,1.0,0,history,time_segment_shift_history,segment_cycle_time,global_hour,global_hour,"Нужно 0 кур.; прогноз 0.1 заказа/ч; окно block_18_24: история 0.00, цикл 0.00; выбрано: историческая производительность; страховой запас 0%"
72,КО Магадан,non_kfm,2026-09-28,20,20:00-21:00,low,block_18_24,auto,0.08,0.35,23.12,32.87,65.74,1.71,0.0,0.0,0.0,1.0,0,history,time_segment_shift_history,segment_cycle_time,global_hour,global_hour,"Нужно 0 кур.; прогноз 0.1 заказа/ч; окно block_18_24: история 0.00, цикл 0.00; выбрано: историческая производительность; страховой запас 0%"
72,КО Магадан,non_kfm,2026-09-28,21,21:00-22:00,low,block_18_24,auto,0.06,0.35,21.83,32.87,65.74,1.71,0.0,0.0,0.0,1.0,0,history,time_segment_shift_history,segment_cycle_time,global_hour,global_hour,"Нужно 0 кур.; прогноз 0.1 заказа/ч; окно block_18_24: история 0.00, цикл 0.00; выбрано: историческая производительность; страховой запас 0%"
72,КО Магадан,non_kfm,2026-09-28,22,22:00-23:00,low,block_18_24,auto,0.03,0.35,36.2,32.87,65.74,1.71,0.0,0.0,0.0,1.0,0,history,time_segment_shift_history,segment_cycle_time,global_hour,location_hour,"Нужно 0 кур.; прогноз 0.0 заказа/ч; окно block_18_24: история 0.00, цикл 0.00; выбрано: историческая производительность; страховой запас 0%"
72,КО Магадан,non_kfm,2026-09-28,12,12:00-13:00,low,block_12_18,bike,0.01,0.03,10.37,13.37,26.74,2.95,0.0,0.0,0.0,1.0,0,history,time_segment_shift_history,segment_cycle_time,global_hour,global_hour,"Нужно 0 кур.; прогноз 0.0 заказа/ч; окно block_12_18: история 0.00, цикл 0.00; выбрано: историческая производительность; страховой запас 0%"
72,КО Магадан,non_kfm,2026-09-28,13,13:00-14:00,low,block_12_18,bike,0.01,0.03,10.39,13.37,26.74,2.95,0.0,0.0,0.0,1.0,0,history,time_segment_shift_history,segment_cycle_time,global_hour,global_hour,"Нужно 0 кур.; прогноз 0.0 заказа/ч; окно block_12_18: история 0.00, цикл 0.00; выбрано: историческая производительность; страховой запас 0%"
72,КО Магадан,non_kfm,2026-09-28,14,14:00-15:00,low,block_12_18,bike,0.01,0.03,10.2,13.37,26.74,2.95,0.0,0.0,0.0,1.0,0,history,time_segment_shift_history,segment_cycle_time,global_hour,global_hour,"Нужно 0 кур.; прогноз 0.0 заказа/ч; окно block_12_18: история 0.00, цикл 0.00; выбрано: историческая производительность; страховой запас 0%"
72,КО Магадан,non_kfm,2026-09-28,15,15:00-16:00,low,block_12_18,bike,0.0,0.03,10.75,13.37,26.74,2.95,0.0,0.0,0.0,1.0,0,history,time_segment_shift_history,segment_cycle_time,global_hour,global_hour,"Нужно 0 кур.; прогноз 0.0 заказа/ч; окно block_12_18: история 0.00, цикл 0.00; выбрано: историческая производительность; страховой запас 0%"
72,КО Магадан,non_kfm,2026-09-28,16,16:00-17:00,low,block_12_18,bike,0.0,0.03,11.02,13.37,26.74,2.95,0.0,0.0,0.0,1.0,0,history,time_segment_shift_history,segment_cycle_time,global_hour,global_hour,"Нужно 0 кур.; прогноз 0.0 заказа/ч; окно block_12_18: история 0.00, цикл 0.00; выбрано: историческая производительность; страховой запас 0%"
72,КО Магадан,non_kfm,2026-09-28,17,17:00-18:00,low,block_12_18,bike,0.0,0.03,10.83,13.37,26.74,2.95,0.0,0.0,0.0,1.0,0,history,time_segment_shift_history,segment_cycle_time,global_hour,global_hour,"Нужно 0 кур.; прогноз 0.0 заказа/ч; окно block_12_18: история 0.00, цикл 0.00; выбрано: историческая производительность; страховой запас 0%"
72,КО Магадан,non_kfm,2026-09-28,18,18:00-19:00,low,block_18_24,bike,0.03,0.14,11.1,15.71,31.43,2.15,0.0,0.0,0.0,1.0,0,history,time_segment_shift_history,segment_cycle_time,global_hour,global_hour,"Нужно 0 кур.; прогноз 0.0 заказа/ч; окно block_18_24: история 0.00, цикл 0.00; выбрано: историческая производительность; страховой запас 0%"
72,КО Магадан,non_kfm,2026-09-28,19,19:00-20:00,low,block_18_24,bike,0.03,0.14,12.57,15.71,31.43,2.15,0.0,0.0,0.0,1.0,0,history,time_segment_shift_history,segment_cycle_time,global_hour,location_hour,"Нужно 0 кур.; прогноз 0.0 заказа/ч; окно block_18_24: история 0.00, цикл 0.00; выбрано: историческая производительность; страховой запас 0%"
72,КО Магадан,non_kfm,2026-09-28,20,20:00-21:00,low,block_18_24,bike,0.03,0.14,10.4,15.71,31.43,2.15,0.0,0.0,0.0,1.0,0,history,time_segment_shift_history,segment_cycle_time,global_hour,global_hour,"Нужно 0 кур.; прогноз 0.0 заказа/ч; окно block_18_24: история 0.00, цикл 0.00; выбрано: историческая производительность; страховой запас 0%"
72,КО Магадан,non_kfm,2026-09-28,21,21:00-22:00,low,block_18_24,bike,0.02,0.14,9.94,15.71,31.43,2.15,0.0,0.0,0.0,1.0,0,history,time_segment_shift_history,segment_cycle_time,global_hour,global_hour,"Нужно 0 кур.; прогноз 0.0 заказа/ч; окно block_18_24: история 0.00, цикл 0.00; выбрано: историческая производительность; страховой запас 0%"
72,КО Магадан,non_kfm,2026-09-28,22,22:00-23:00,low,block_18_24,bike,0.01,0.14,9.8,15.71,31.43,2.15,0.0,0.0,0.0,1.0,0,history,time_segment_shift_history,segment_cycle_time,global_hour,global_hour,"Нужно 0 кур.; прогноз 0.0 заказа/ч; окно block_18_24: история 0.00, цикл 0.00; выбрано: историческая производительность; страховой запас 0%"
94,КО Высота 5642,non_kfm,2026-09-28,12,12:00-13:00,medium,block_12_18,auto,0.12,0.58,20.67,46.69,93.38,1.29,0.07,0.15,0.15,1.0,0,cycle_time,segment_shift_history,location_cycle_time,global_hour,location_hour,"Нужно 0 кур.; прогноз 0.1 заказа/ч; окно block_12_18: история 0.07, цикл 0.15; выбрано: время полного цикла доставки; страховой запас 0%"
94,КО Высота 5642,non_kfm,2026-09-28,13,13:00-14:00,medium,block_12_18,auto,0.12,0.58,33.09,46.69,93.38,1.29,0.07,0.15,0.15,1.0,0,cycle_time,segment_shift_history,location_cycle_time,global_hour,location_hour,"Нужно 0 кур.; прогноз 0.1 заказа/ч; окно block_12_18: история 0.07, цикл 0.15; выбрано: время полного цикла доставки; страховой запас 0%"
94,КО Высота 5642,non_kfm,2026-09-28,14,14:00-15:00,medium,block_12_18,auto,0.1,0.58,45.07,46.69,93.38,1.29,0.07,0.15,0.15,1.0,0,cycle_time,segment_shift_history,location_cycle_time,global_hour,location_hour,"Нужно 0 кур.; прогноз 0.1 заказа/ч; окно block_12_18: история 0.07, цикл 0.15; выбрано: время полного цикла доставки; страховой запас 0%"
94,КО Высота 5642,non_kfm,2026-09-28,15,15:00-16:00,medium,block_12_18,auto,0.09,0.58,36.67,46.69,93.38,1.29,0.07,0.15,0.15,1.0,0,cycle_time,segment_shift_history,location_cycle_time,global_hour,location_hour,"Нужно 0 кур.; прогноз 0.1 заказа/ч; окно block_12_18: история 0.07, цикл 0.15; выбрано: время полного цикла доставки; страховой запас 0%"
94,КО Высота 5642,non_kfm,2026-09-28,16,16:00-17:00,medium,block_12_18,auto,0.07,0.58,43.77,46.69,93.38,1.29,0.07,0.15,0.15,1.0,0,cycle_time,segment_shift_history,location_cycle_time,global_hour,location_hour,"Нужно 0 кур.; прогноз 0.1 заказа/ч; окно block_12_18: история 0.07, цикл 0.15; выбрано: время полного цикла доставки; страховой запас 0%"
94,КО Высота 5642,non_kfm,2026-09-28,17,17:00-18:00,medium,block_12_18,auto,0.07,0.58,47.53,46.69,93.38,1.29,0.07,0.15,0.15,1.0,0,cycle_time,segment_shift_history,location_cycle_time,global_hour,location_hour,"Нужно 0 кур.; прогноз 0.1 заказа/ч; окно block_12_18: история 0.07, цикл 0.15; выбрано: время полного цикла доставки; страховой запас 0%"
94,КО Высота 5642,non_kfm,2026-09-28,18,18:00-19:00,medium,block_18_24,auto,0.14,0.62,42.23,41.25,82.5,1.69,0.06,0.14,0.14,1.0,0,cycle_time,segment_shift_history,location_cycle_time,global_hour,location_hour,"Нужно 0 кур.; прогноз 0.1 заказа/ч; окно block_18_24: история 0.06, цикл 0.14; выбрано: время полного цикла доставки; страховой запас 0%"
94,КО Высота 5642,non_kfm,2026-09-28,19,19:00-20:00,medium,block_18_24,auto,0.15,0.62,29.79,41.25,82.5,1.69,0.06,0.14,0.14,1.0,0,cycle_time,segment_shift_history,location_cycle_time,global_hour,location_hour,"Нужно 0 кур.; прогноз 0.1 заказа/ч; окно block_18_24: история 0.06, цикл 0.14; выбрано: время полного цикла доставки; страховой запас 0%"
94,КО Высота 5642,non_kfm,2026-09-28,20,20:00-21:00,medium,block_18_24,auto,0.13,0.62,49.67,41.25,82.5,1.69,0.06,0.14,0.14,1.0,0,cycle_time,segment_shift_history,location_cycle_time,global_hour,location_hour,"Нужно 0 кур.; прогноз 0.1 заказа/ч; окно block_18_24: история 0.06, цикл 0.14; выбрано: время полного цикла доставки; страховой запас 0%"
94,КО Высота 5642,non_kfm,2026-09-28,21,21:00-22:00,medium,block_18_24,auto,0.1,0.62,21.39,41.25,82.5,1.69,0.06,0.14,0.14,1.0,0,cycle_time,segment_shift_history,location_cycle_time,global_hour,location_hour,"Нужно 0 кур.; прогноз 0.1 заказа/ч; окно block_18_24: история 0.06, цикл 0.14; выбрано: время полного цикла доставки; страховой запас 0%"
94,КО Высота 5642,non_kfm,2026-09-28,22,22:00-23:00,medium,block_18_24,auto,0.06,0.62,15.92,41.25,82.5,1.69,0.06,0.14,0.14,1.0,0,cycle_time,segment_shift_history,location_cycle_time,global_hour,location_hour,"Нужно 0 кур.; прогноз 0.1 заказа/ч; окно block_18_24: история 0.06, цикл 0.14; выбрано: время полного цикла доставки; страховой запас 0%"
94,КО Высота 5642,non_kfm,2026-09-28,12,12:00-13:00,medium,block_12_18,bike,0.15,0.72,10.37,11.2,22.4,2.95,0.04,0.04,0.04,1.0,0,cycle_time,segment_shift_history,segment_cycle_time,global_hour,global_hour,"Нужно 0 кур.; прогноз 0.2 заказа/ч; окно block_12_18: история 0.04, цикл 0.04; выбрано: время полного цикла доставки; страховой запас 0%"
94,КО Высота 5642,non_kfm,2026-09-28,13,13:00-14:00,medium,block_12_18,bike,0.15,0.72,8.25,11.2,22.4,2.95,0.04,0.04,0.04,1.0,0,cycle_time,segment_shift_history,segment_cycle_time,global_hour,location_hour,"Нужно 0 кур.; прогноз 0.1 заказа/ч; окно block_12_18: история 0.04, цикл 0.04; выбрано: время полного цикла доставки; страховой запас 0%"
94,КО Высота 5642,non_kfm,2026-09-28,14,14:00-15:00,medium,block_12_18,bike,0.13,0.72,5.75,11.2,22.4,2.95,0.04,0.04,0.04,1.0,0,cycle_time,segment_shift_history,segment_cycle_time,global_hour,location_hour,"Нужно 0 кур.; прогноз 0.1 заказа/ч; окно block_12_18: история 0.04, цикл 0.04; выбрано: время полного цикла доставки; страховой запас 0%"
94,КО Высота 5642,non_kfm,2026-09-28,15,15:00-16:00,medium,block_12_18,bike,0.11,0.72,4.23,11.2,22.4,2.95,0.04,0.04,0.04,1.0,0,cycle_time,segment_shift_history,segment_cycle_time,global_hour,location_hour,"Нужно 0 кур.; прогноз 0.1 заказа/ч; окно block_12_18: история 0.04, цикл 0.04; выбрано: время полного цикла доставки; страховой запас 0%"
94,КО Высота 5642,non_kfm,2026-09-28,16,16:00-17:00,medium,block_12_18,bike,0.09,0.72,7.31,11.2,22.4,2.95,0.04,0.04,0.04,1.0,0,cycle_time,segment_shift_history,segment_cycle_time,global_hour,location_hour,"Нужно 0 кур.; прогноз 0.1 заказа/ч; окно block_12_18: история 0.04, цикл 0.04; выбрано: время полного цикла доставки; страховой запас 0%"
94,КО Высота 5642,non_kfm,2026-09-28,17,17:00-18:00,medium,block_12_18,bike,0.09,0.72,8.1,11.2,22.4,2.95,0.04,0.04,0.04,1.0,0,cycle_time,segment_shift_history,segment_cycle_time,global_hour,location_hour,"Нужно 0 кур.; прогноз 0.1 заказа/ч; окно block_12_18: история 0.04, цикл 0.04; выбрано: время полного цикла доставки; страховой запас 0%"
94,КО Высота 5642,non_kfm,2026-09-28,18,18:00-19:00,medium,block_18_24,bike,0.1,0.44,11.1,10.77,21.54,2.16,0.0,0.0,0.0,1.0,0,history,segment_shift_history,segment_cycle_time,global_hour,global_hour,"Нужно 0 кур.; прогноз 0.1 заказа/ч; окно block_18_24: история 0.00, цикл 0.00; выбрано: историческая производительность; страховой запас 0%"
94,КО Высота 5642,non_kfm,2026-09-28,19,19:00-20:00,medium,block_18_24,bike,0.1,0.44,7.04,10.77,21.54,2.16,0.0,0.0,0.0,1.0,0,history,segment_shift_history,segment_cycle_time,global_hour,location_hour,"Нужно 0 кур.; прогноз 0.1 заказа/ч; окно block_18_24: история 0.00, цикл 0.00; выбрано: историческая производительность; страховой запас 0%"
94,КО Высота 5642,non_kfm,2026-09-28,20,20:00-21:00,medium,block_18_24,bike,0.09,0.44,6.18,10.77,21.54,2.16,0.0,0.0,0.0,1.0,0,history,segment_shift_history,segment_cycle_time,global_hour,location_hour,"Нужно 0 кур.; прогноз 0.1 заказа/ч; окно block_18_24: история 0.00, цикл 0.00; выбрано: историческая производительность; страховой запас 0%"
94,КО Высота 5642,non_kfm,2026-09-28,21,21:00-22:00,medium,block_18_24,bike,0.07,0.44,12.92,10.77,21.54,2.16,0.0,0.0,0.0,1.0,0,history,segment_shift_history,segment_cycle_time,global_hour,location_hour,"Нужно 0 кур.; прогноз 0.1 заказа/ч; окно block_18_24: история 0.00, цикл 0.00; выбрано: историческая производительность; страховой запас 0%"
94,КО Высота 5642,non_kfm,2026-09-28,22,22:00-23:00,medium,block_18_24,bike,0.04,0.44,9.8,10.77,21.54,2.16,0.0,0.0,0.0,1.0,0,history,segment_shift_history,segment_cycle_time,global_hour,global_hour,"Нужно 0 кур.; прогноз 0.0 заказа/ч; окно block_18_24: история 0.00, цикл 0.00; выбрано: историческая производительность; страховой запас 0%"
95,ЦВ Le Pigeon,non_kfm,2026-09-28,9,09:00-10:00,low,block_06_12,auto,0.02,0.08,21.64,39.25,78.51,1.47,0.0,0.0,0.0,1.0,0,history,time_segment_shift_history,segment_cycle_time,global_hour,global_hour,"Нужно 0 кур.; прогноз 0.0 заказа/ч; окно block_06_12: история 0.00, цикл 0.00; выбрано: историческая производительность; страховой запас 0%"
95,ЦВ Le Pigeon,non_kfm,2026-09-28,10,10:00-11:00,low,block_06_12,auto,0.02,0.08,21.71,39.25,78.51,1.47,0.0,0.0,0.0,1.0,0,history,time_segment_shift_history,segment_cycle_time,global_hour,global_hour,"Нужно 0 кур.; прогноз 0.0 заказа/ч; окно block_06_12: история 0.00, цикл 0.00; выбрано: историческая производительность; страховой запас 0%"
95,ЦВ Le Pigeon,non_kfm,2026-09-28,11,11:00-12:00,low,block_06_12,auto,0.02,0.08,22.82,39.25,78.51,1.47,0.0,0.0,0.0,1.0,0,history,time_segment_shift_history,segment_cycle_time,global_hour,global_hour,"Нужно 0 кур.; прогноз 0.0 заказа/ч; окно block_06_12: история 0.00, цикл 0.00; выбрано: историческая производительность; страховой запас 0%"
95,ЦВ Le Pigeon,non_kfm,2026-09-28,12,12:00-13:00,low,block_12_18,auto,0.04,0.18,23.54,31.89,63.79,1.3,0.0,0.0,0.0,1.0,0,history,time_segment_shift_history,segment_cycle_time,global_hour,global_hour,"Нужно 0 кур.; прогноз 0.0 заказа/ч; окно block_12_18: история 0.00, цикл 0.00; выбрано: историческая производительность; страховой запас 0%"
95,ЦВ Le Pigeon,non_kfm,2026-09-28,13,13:00-14:00,low,block_12_18,auto,0.04,0.18,23.55,31.89,63.79,1.3,0.0,0.0,0.0,1.0,0,history,time_segment_shift_history,segment_cycle_time,global_hour,global_hour,"Нужно 0 кур.; прогноз 0.0 заказа/ч; окно block_12_18: история 0.00, цикл 0.00; выбрано: историческая производительность; страховой запас 0%"
95,ЦВ Le Pigeon,non_kfm,2026-09-28,14,14:00-15:00,low,block_12_18,auto,0.03,0.18,24.06,31.89,63.79,1.3,0.0,0.0,0.0,1.0,0,history,time_segment_shift_history,segment_cycle_time,global_hour,global_hour,"Нужно 0 кур.; прогноз 0.0 заказа/ч; окно block_12_18: история 0.00, цикл 0.00; выбрано: историческая производительность; страховой запас 0%"
95,ЦВ Le Pigeon,non_kfm,2026-09-28,15,15:00-16:00,low,block_12_18,auto,0.03,0.18,24.51,31.89,63.79,1.3,0.0,0.0,0.0,1.0,0,history,time_segment_shift_history,segment_cycle_time,global_hour,global_hour,"Нужно 0 кур.; прогноз 0.0 заказа/ч; окно block_12_18: история 0.00, цикл 0.00; выбрано: историческая производительность; страховой запас 0%"
95,ЦВ Le Pigeon,non_kfm,2026-09-28,16,16:00-17:00,low,block_12_18,auto,0.02,0.18,25.16,31.89,63.79,1.3,0.0,0.0,0.0,1.0,0,history,time_segment_shift_history,segment_cycle_time,global_hour,global_hour,"Нужно 0 кур.; прогноз 0.0 заказа/ч; окно block_12_18: история 0.00, цикл 0.00; выбрано: историческая производительность; страховой запас 0%"
95,ЦВ Le Pigeon,non_kfm,2026-09-28,17,17:00-18:00,low,block_12_18,auto,0.02,0.18,27.66,31.89,63.79,1.3,0.0,0.0,0.0,1.0,0,history,time_segment_shift_history,segment_cycle_time,global_hour,global_hour,"Нужно 0 кур.; прогноз 0.0 заказа/ч; окно block_12_18: история 0.00, цикл 0.00; выбрано: историческая производительность; страховой запас 0%"
95,ЦВ Le Pigeon,non_kfm,2026-09-28,18,18:00-19:00,low,block_18_24,auto,0.03,0.12,27.41,32.87,65.74,1.71,0.0,0.0,0.0,1.0,0,history,time_segment_shift_history,segment_cycle_time,global_hour,global_hour,"Нужно 0 кур.; прогноз 0.0 заказа/ч; окно block_18_24: история 0.00, цикл 0.00; выбрано: историческая производительность; страховой запас 0%"
95,ЦВ Le Pigeon,non_kfm,2026-09-28,19,19:00-20:00,low,block_18_24,auto,0.03,0.12,26.64,32.87,65.74,1.71,0.0,0.0,0.0,1.0,0,history,time_segment_shift_history,segment_cycle_time,global_hour,global_hour,"Нужно 0 кур.; прогноз 0.0 заказа/ч; окно block_18_24: история 0.00, цикл 0.00; выбрано: историческая производительность; страховой запас 0%"
95,ЦВ Le Pigeon,non_kfm,2026-09-28,20,20:00-21:00,low,block_18_24,auto,0.03,0.12,23.12,32.87,65.74,1.71,0.0,0.0,0.0,1.0,0,history,time_segment_shift_history,segment_cycle_time,global_hour,global_hour,"Нужно 0 кур.; прогноз 0.0 заказа/ч; окно block_18_24: история 0.00, цикл 0.00; выбрано: историческая производительность; страховой запас 0%"
95,ЦВ Le Pigeon,non_kfm,2026-09-28,21,21:00-22:00,low,block_18_24,auto,0.02,0.12,21.83,32.87,65.74,1.71,0.0,0.0,0.0,1.0,0,history,time_segment_shift_history,segment_cycle_time,global_hour,global_hour,"Нужно 0 кур.; прогноз 0.0 заказа/ч; окно block_18_24: история 0.00, цикл 0.00; выбрано: историческая производительность; страховой запас 0%"
95,ЦВ Le Pigeon,non_kfm,2026-09-28,22,22:00-23:00,low,block_18_24,auto,0.01,0.12,16.14,32.87,65.74,1.71,0.0,0.0,0.0,1.0,0,history,time_segment_shift_history,segment_cycle_time,global_hour,global_hour,"Нужно 0 кур.; прогноз 0.0 заказа/ч; окно block_18_24: история 0.00, цикл 0.00; выбрано: историческая производительность; страховой запас 0%"
95,ЦВ Le Pigeon,non_kfm,2026-09-28,9,09:00-10:00,low,block_06_12,bike,0.01,0.04,10.37,11.11,22.21,2.94,0.0,0.0,0.0,1.0,0,history,time_segment_shift_history,segment_cycle_time,global_hour,global_hour,"Нужно 0 кур.; прогноз 0.0 заказа/ч; окно block_06_12: история 0.00, цикл 0.00; выбрано: историческая производительность; страховой запас 0%"
95,ЦВ Le Pigeon,non_kfm,2026-09-28,10,10:00-11:00,low,block_06_12,bike,0.01,0.04,10.11,11.11,22.21,2.94,0.0,0.0,0.0,1.0,0,history,time_segment_shift_history,segment_cycle_time,global_hour,global_hour,"Нужно 0 кур.; прогноз 0.0 заказа/ч; окно block_06_12: история 0.00, цикл 0.00; выбрано: историческая производительность; страховой запас 0%"
95,ЦВ Le Pigeon,non_kfm,2026-09-28,11,11:00-12:00,low,block_06_12,bike,0.01,0.04,10.41,11.11,22.21,2.94,0.0,0.0,0.0,1.0,0,history,time_segment_shift_history,segment_cycle_time,global_hour,global_hour,"Нужно 0 кур.; прогноз 0.0 заказа/ч; окно block_06_12: история 0.00, цикл 0.00; выбрано: историческая производительность; страховой запас 0%"
95,ЦВ Le Pigeon,non_kfm,2026-09-28,12,12:00-13:00,low,block_12_18,bike,0.0,0.01,10.37,13.37,26.74,2.95,0.0,0.0,0.0,1.0,0,history,time_segment_shift_history,segment_cycle_time,global_hour,global_hour,"Нужно 0 кур.; прогноз 0.0 заказа/ч; окно block_12_18: история 0.00, цикл 0.00; выбрано: историческая производительность; страховой запас 0%"
95,ЦВ Le Pigeon,non_kfm,2026-09-28,13,13:00-14:00,low,block_12_18,bike,0.0,0.01,10.39,13.37,26.74,2.95,0.0,0.0,0.0,1.0,0,history,time_segment_shift_history,segment_cycle_time,global_hour,global_hour,"Нужно 0 кур.; прогноз 0.0 заказа/ч; окно block_12_18: история 0.00, цикл 0.00; выбрано: историческая производительность; страховой запас 0%"
95,ЦВ Le Pigeon,non_kfm,2026-09-28,14,14:00-15:00,low,block_12_18,bike,0.0,0.01,10.2,13.37,26.74,2.95,0.0,0.0,0.0,1.0,0,history,time_segment_shift_history,segment_cycle_time,global_hour,global_hour,"Нужно 0 кур.; прогноз 0.0 заказа/ч; окно block_12_18: история 0.00, цикл 0.00; выбрано: историческая производительность; страховой запас 0%"
95,ЦВ Le Pigeon,non_kfm,2026-09-28,15,15:00-16:00,low,block_12_18,bike,0.0,0.01,10.75,13.37,26.74,2.95,0.0,0.0,0.0,1.0,0,history,time_segment_shift_history,segment_cycle_time,global_hour,global_hour,"Нужно 0 кур.; прогноз 0.0 заказа/ч; окно block_12_18: история 0.00, цикл 0.00; выбрано: историческая производительность; страховой запас 0%"
95,ЦВ Le Pigeon,non_kfm,2026-09-28,16,16:00-17:00,low,block_12_18,bike,0.0,0.01,11.02,13.37,26.74,2.95,0.0,0.0,0.0,1.0,0,history,time_segment_shift_history,segment_cycle_time,global_hour,global_hour,"Нужно 0 кур.; прогноз 0.0 заказа/ч; окно block_12_18: история 0.00, цикл 0.00; выбрано: историческая производительность; страховой запас 0%"
95,ЦВ Le Pigeon,non_kfm,2026-09-28,17,17:00-18:00,low,block_12_18,bike,0.0,0.01,10.83,13.37,26.74,2.95,0.0,0.0,0.0,1.0,0,history,time_segment_shift_history,segment_cycle_time,global_hour,global_hour,"Нужно 0 кур.; прогноз 0.0 заказа/ч; окно block_12_18: история 0.00, цикл 0.00; выбрано: историческая производительность; страховой запас 0%"
95,ЦВ Le Pigeon,non_kfm,2026-09-28,18,18:00-19:00,low,block_18_24,bike,0.01,0.05,11.1,15.71,31.43,2.15,0.0,0.0,0.0,1.0,0,history,time_segment_shift_history,segment_cycle_time,global_hour,global_hour,"Нужно 0 кур.; прогноз 0.0 заказа/ч; окно block_18_24: история 0.00, цикл 0.00; выбрано: историческая производительность; страховой запас 0%"
95,ЦВ Le Pigeon,non_kfm,2026-09-28,19,19:00-20:00,low,block_18_24,bike,0.01,0.05,10.71,15.71,31.43,2.15,0.0,0.0,0.0,1.0,0,history,time_segment_shift_history,segment_cycle_time,global_hour,global_hour,"Нужно 0 кур.; прогноз 0.0 заказа/ч; окно block_18_24: история 0.00, цикл 0.00; выбрано: историческая производительность; страховой запас 0%"
95,ЦВ Le Pigeon,non_kfm,2026-09-28,20,20:00-21:00,low,block_18_24,bike,0.01,0.05,10.4,15.71,31.43,2.15,0.0,0.0,0.0,1.0,0,history,time_segment_shift_history,segment_cycle_time,global_hour,global_hour,"Нужно 0 кур.; прогноз 0.0 заказа/ч; окно block_18_24: история 0.00, цикл 0.00; выбрано: историческая производительность; страховой запас 0%"
95,ЦВ Le Pigeon,non_kfm,2026-09-28,21,21:00-22:00,low,block_18_24,bike,0.01,0.05,9.94,15.71,31.43,2.15,0.0,0.0,0.0,1.0,0,history,time_segment_shift_history,segment_cycle_time,global_hour,global_hour,"Нужно 0 кур.; прогноз 0.0 заказа/ч; окно block_18_24: история 0.00, цикл 0.00; выбрано: историческая производительность; страховой запас 0%"
95,ЦВ Le Pigeon,non_kfm,2026-09-28,22,22:00-23:00,low,block_18_24,bike,0.0,0.05,9.8,15.71,31.43,2.15,0.0,0.0,0.0,1.0,0,history,time_segment_shift_history,segment_cycle_time,global_hour,global_hour,"Нужно 0 кур.; прогноз 0.0 заказа/ч; окно block_18_24: история 0.00, цикл 0.00; выбрано: историческая производительность; страховой запас 0%"
96,ЦВ Folk,non_kfm,2026-09-28,9,09:00-10:00,low,block_06_12,auto,0.02,0.08,21.64,39.25,78.51,1.47,0.0,0.0,0.0,1.0,0,history,time_segment_shift_history,segment_cycle_time,global_hour,global_hour,"Нужно 0 кур.; прогноз 0.0 заказа/ч; окно block_06_12: история 0.00, цикл 0.00; выбрано: историческая производительность; страховой запас 0%"
96,ЦВ Folk,non_kfm,2026-09-28,10,10:00-11:00,low,block_06_12,auto,0.02,0.08,21.71,39.25,78.51,1.47,0.0,0.0,0.0,1.0,0,history,time_segment_shift_history,segment_cycle_time,global_hour,global_hour,"Нужно 0 кур.; прогноз 0.0 заказа/ч; окно block_06_12: история 0.00, цикл 0.00; выбрано: историческая производительность; страховой запас 0%"
96,ЦВ Folk,non_kfm,2026-09-28,11,11:00-12:00,low,block_06_12,auto,0.02,0.08,22.82,39.25,78.51,1.47,0.0,0.0,0.0,1.0,0,history,time_segment_shift_history,segment_cycle_time,global_hour,global_hour,"Нужно 0 кур.; прогноз 0.0 заказа/ч; окно block_06_12: история 0.00, цикл 0.00; выбрано: историческая производительность; страховой запас 0%"
96,ЦВ Folk,non_kfm,2026-09-28,12,12:00-13:00,low,block_12_18,auto,0.04,0.18,23.54,31.89,63.79,1.3,0.0,0.0,0.0,1.0,0,history,time_segment_shift_history,segment_cycle_time,global_hour,global_hour,"Нужно 0 кур.; прогноз 0.0 заказа/ч; окно block_12_18: история 0.00, цикл 0.00; выбрано: историческая производительность; страховой запас 0%"
96,ЦВ Folk,non_kfm,2026-09-28,13,13:00-14:00,low,block_12_18,auto,0.04,0.18,23.55,31.89,63.79,1.3,0.0,0.0,0.0,1.0,0,history,time_segment_shift_history,segment_cycle_time,global_hour,global_hour,"Нужно 0 кур.; прогноз 0.0 заказа/ч; окно block_12_18: история 0.00, цикл 0.00; выбрано: историческая производительность; страховой запас 0%"
96,ЦВ Folk,non_kfm,2026-09-28,14,14:00-15:00,low,block_12_18,auto,0.03,0.18,24.06,31.89,63.79,1.3,0.0,0.0,0.0,1.0,0,history,time_segment_shift_history,segment_cycle_time,global_hour,global_hour,"Нужно 0 кур.; прогноз 0.0 заказа/ч; окно block_12_18: история 0.00, цикл 0.00; выбрано: историческая производительность; страховой запас 0%"
96,ЦВ Folk,non_kfm,2026-09-28,15,15:00-16:00,low,block_12_18,auto,0.03,0.18,24.51,31.89,63.79,1.3,0.0,0.0,0.0,1.0,0,history,time_segment_shift_history,segment_cycle_time,global_hour,global_hour,"Нужно 0 кур.; прогноз 0.0 заказа/ч; окно block_12_18: история 0.00, цикл 0.00; выбрано: историческая производительность; страховой запас 0%"
96,ЦВ Folk,non_kfm,2026-09-28,16,16:00-17:00,low,block_12_18,auto,0.02,0.18,25.16,31.89,63.79,1.3,0.0,0.0,0.0,1.0,0,history,time_segment_shift_history,segment_cycle_time,global_hour,global_hour,"Нужно 0 кур.; прогноз 0.0 заказа/ч; окно block_12_18: история 0.00, цикл 0.00; выбрано: историческая производительность; страховой запас 0%"
96,ЦВ Folk,non_kfm,2026-09-28,17,17:00-18:00,low,block_12_18,auto,0.02,0.18,27.66,31.89,63.79,1.3,0.0,0.0,0.0,1.0,0,history,time_segment_shift_history,segment_cycle_time,global_hour,global_hour,"Нужно 0 кур.; прогноз 0.0 заказа/ч; окно block_12_18: история 0.00, цикл 0.00; выбрано: историческая производительность; страховой запас 0%"
96,ЦВ Folk,non_kfm,2026-09-28,18,18:00-19:00,low,block_18_24,auto,0.03,0.12,27.41,32.87,65.74,1.71,0.0,0.0,0.0,1.0,0,history,time_segment_shift_history,segment_cycle_time,global_hour,global_hour,"Нужно 0 кур.; прогноз 0.0 заказа/ч; окно block_18_24: история 0.00, цикл 0.00; выбрано: историческая производительность; страховой запас 0%"
96,ЦВ Folk,non_kfm,2026-09-28,19,19:00-20:00,low,block_18_24,auto,0.03,0.12,26.64,32.87,65.74,1.71,0.0,0.0,0.0,1.0,0,history,time_segment_shift_history,segment_cycle_time,global_hour,global_hour,"Нужно 0 кур.; прогноз 0.0 заказа/ч; окно block_18_24: история 0.00, цикл 0.00; выбрано: историческая производительность; страховой запас 0%"
96,ЦВ Folk,non_kfm,2026-09-28,20,20:00-21:00,low,block_18_24,auto,0.03,0.12,23.12,32.87,65.74,1.71,0.0,0.0,0.0,1.0,0,history,time_segment_shift_history,segment_cycle_time,global_hour,global_hour,"Нужно 0 кур.; прогноз 0.0 заказа/ч; окно block_18_24: история 0.00, цикл 0.00; выбрано: историческая производительность; страховой запас 0%"
96,ЦВ Folk,non_kfm,2026-09-28,21,21:00-22:00,low,block_18_24,auto,0.02,0.12,21.83,32.87,65.74,1.71,0.0,0.0,0.0,1.0,0,history,time_segment_shift_history,segment_cycle_time,global_hour,global_hour,"Нужно 0 кур.; прогноз 0.0 заказа/ч; окно block_18_24: история 0.00, цикл 0.00; выбрано: историческая производительность; страховой запас 0%"
96,ЦВ Folk,non_kfm,2026-09-28,22,22:00-23:00,low,block_18_24,auto,0.01,0.12,16.14,32.87,65.74,1.71,0.0,0.0,0.0,1.0,0,history,time_segment_shift_history,segment_cycle_time,global_hour,global_hour,"Нужно 0 кур.; прогноз 0.0 заказа/ч; окно block_18_24: история 0.00, цикл 0.00; выбрано: историческая производительность; страховой запас 0%"
96,ЦВ Folk,non_kfm,2026-09-28,9,09:00-10:00,low,block_06_12,bike,0.01,0.04,10.37,11.11,22.21,2.94,0.0,0.0,0.0,1.0,0,history,time_segment_shift_history,segment_cycle_time,global_hour,global_hour,"Нужно 0 кур.; прогноз 0.0 заказа/ч; окно block_06_12: история 0.00, цикл 0.00; выбрано: историческая производительность; страховой запас 0%"
96,ЦВ Folk,non_kfm,2026-09-28,10,10:00-11:00,low,block_06_12,bike,0.01,0.04,10.11,11.11,22.21,2.94,0.0,0.0,0.0,1.0,0,history,time_segment_shift_history,segment_cycle_time,global_hour,global_hour,"Нужно 0 кур.; прогноз 0.0 заказа/ч; окно block_06_12: история 0.00, цикл 0.00; выбрано: историческая производительность; страховой запас 0%"
96,ЦВ Folk,non_kfm,2026-09-28,11,11:00-12:00,low,block_06_12,bike,0.01,0.04,10.41,11.11,22.21,2.94,0.0,0.0,0.0,1.0,0,history,time_segment_shift_history,segment_cycle_time,global_hour,global_hour,"Нужно 0 кур.; прогноз 0.0 заказа/ч; окно block_06_12: история 0.00, цикл 0.00; выбрано: историческая производительность; страховой запас 0%"
96,ЦВ Folk,non_kfm,2026-09-28,12,12:00-13:00,low,block_12_18,bike,0.0,0.01,10.37,13.37,26.74,2.95,0.0,0.0,0.0,1.0,0,history,time_segment_shift_history,segment_cycle_time,global_hour,global_hour,"Нужно 0 кур.; прогноз 0.0 заказа/ч; окно block_12_18: история 0.00, цикл 0.00; выбрано: историческая производительность; страховой запас 0%"
96,ЦВ Folk,non_kfm,2026-09-28,13,13:00-14:00,low,block_12_18,bike,0.0,0.01,10.39,13.37,26.74,2.95,0.0,0.0,0.0,1.0,0,history,time_segment_shift_history,segment_cycle_time,global_hour,global_hour,"Нужно 0 кур.; прогноз 0.0 заказа/ч; окно block_12_18: история 0.00, цикл 0.00; выбрано: историческая производительность; страховой запас 0%"
96,ЦВ Folk,non_kfm,2026-09-28,14,14:00-15:00,low,block_12_18,bike,0.0,0.01,10.2,13.37,26.74,2.95,0.0,0.0,0.0,1.0,0,history,time_segment_shift_history,segment_cycle_time,global_hour,global_hour,"Нужно 0 кур.; прогноз 0.0 заказа/ч; окно block_12_18: история 0.00, цикл 0.00; выбрано: историческая производительность; страховой запас 0%"
96,ЦВ Folk,non_kfm,2026-09-28,15,15:00-16:00,low,block_12_18,bike,0.0,0.01,10.75,13.37,26.74,2.95,0.0,0.0,0.0,1.0,0,history,time_segment_shift_history,segment_cycle_time,global_hour,global_hour,"Нужно 0 кур.; прогноз 0.0 заказа/ч; окно block_12_18: история 0.00, цикл 0.00; выбрано: историческая производительность; страховой запас 0%"
96,ЦВ Folk,non_kfm,2026-09-28,16,16:00-17:00,low,block_12_18,bike,0.0,0.01,11.02,13.37,26.74,2.95,0.0,0.0,0.0,1.0,0,history,time_segment_shift_history,segment_cycle_time,global_hour,global_hour,"Нужно 0 кур.; прогноз 0.0 заказа/ч; окно block_12_18: история 0.00, цикл 0.00; выбрано: историческая производительность; страховой запас 0%"
96,ЦВ Folk,non_kfm,2026-09-28,17,17:00-18:00,low,block_12_18,bike,0.0,0.01,10.83,13.37,26.74,2.95,0.0,0.0,0.0,1.0,0,history,time_segment_shift_history,segment_cycle_time,global_hour,global_hour,"Нужно 0 кур.; прогноз 0.0 заказа/ч; окно block_12_18: история 0.00, цикл 0.00; выбрано: историческая производительность; страховой запас 0%"
96,ЦВ Folk,non_kfm,2026-09-28,18,18:00-19:00,low,block_18_24,bike,0.01,0.05,11.1,15.71,31.43,2.15,0.0,0.0,0.0,1.0,0,history,time_segment_shift_history,segment_cycle_time,global_hour,global_hour,"Нужно 0 кур.; прогноз 0.0 заказа/ч; окно block_18_24: история 0.00, цикл 0.00; выбрано: историческая производительность; страховой запас 0%"
96,ЦВ Folk,non_kfm,2026-09-28,19,19:00-20:00,low,block_18_24,bike,0.01,0.05,10.71,15.71,31.43,2.15,0.0,0.0,0.0,1.0,0,history,time_segment_shift_history,segment_cycle_time,global_hour,global_hour,"Нужно 0 кур.; прогноз 0.0 заказа/ч; окно block_18_24: история 0.00, цикл 0.00; выбрано: историческая производительность; страховой запас 0%"
96,ЦВ Folk,non_kfm,2026-09-28,20,20:00-21:00,low,block_18_24,bike,0.01,0.05,10.4,15.71,31.43,2.15,0.0,0.0,0.0,1.0,0,history,time_segment_shift_history,segment_cycle_time,global_hour,global_hour,"Нужно 0 кур.; прогноз 0.0 заказа/ч; окно block_18_24: история 0.00, цикл 0.00; выбрано: историческая производительность; страховой запас 0%"
96,ЦВ Folk,non_kfm,2026-09-28,21,21:00-22:00,low,block_18_24,bike,0.01,0.05,9.94,15.71,31.43,2.15,0.0,0.0,0.0,1.0,0,history,time_segment_shift_history,segment_cycle_time,global_hour,global_hour,"Нужно 0 кур.; прогноз 0.0 заказа/ч; окно block_18_24: история 0.00, цикл 0.00; выбрано: историческая производительность; страховой запас 0%"
96,ЦВ Folk,non_kfm,2026-09-28,22,22:00-23:00,low,block_18_24,bike,0.0,0.05,9.8,15.71,31.43,2.15,0.0,0.0,0.0,1.0,0,history,time_segment_shift_history,segment_cycle_time,global_hour,global_hour,"Нужно 0 кур.; прогноз 0.0 заказа/ч; окно block_18_24: история 0.00, цикл 0.00; выбрано: историческая производительность; страховой запас 0%"
97,ЦВ Amber,non_kfm,2026-09-28,12,12:00-13:00,low,block_12_18,auto,0.04,0.21,23.54,31.89,63.79,1.3,0.0,0.0,0.0,1.0,0,history,time_segment_shift_history,segment_cycle_time,global_hour,global_hour,"Нужно 0 кур.; прогноз 0.0 заказа/ч; окно block_12_18: история 0.00, цикл 0.00; выбрано: историческая производительность; страховой запас 0%"
97,ЦВ Amber,non_kfm,2026-09-28,13,13:00-14:00,low,block_12_18,auto,0.04,0.21,23.55,31.89,63.79,1.3,0.0,0.0,0.0,1.0,0,history,time_segment_shift_history,segment_cycle_time,global_hour,global_hour,"Нужно 0 кур.; прогноз 0.0 заказа/ч; окно block_12_18: история 0.00, цикл 0.00; выбрано: историческая производительность; страховой запас 0%"
97,ЦВ Amber,non_kfm,2026-09-28,14,14:00-15:00,low,block_12_18,auto,0.04,0.21,24.06,31.89,63.79,1.3,0.0,0.0,0.0,1.0,0,history,time_segment_shift_history,segment_cycle_time,global_hour,global_hour,"Нужно 0 кур.; прогноз 0.0 заказа/ч; окно block_12_18: история 0.00, цикл 0.00; выбрано: историческая производительность; страховой запас 0%"
97,ЦВ Amber,non_kfm,2026-09-28,15,15:00-16:00,low,block_12_18,auto,0.03,0.21,24.51,31.89,63.79,1.3,0.0,0.0,0.0,1.0,0,history,time_segment_shift_history,segment_cycle_time,global_hour,global_hour,"Нужно 0 кур.; прогноз 0.0 заказа/ч; окно block_12_18: история 0.00, цикл 0.00; выбрано: историческая производительность; страховой запас 0%"
97,ЦВ Amber,non_kfm,2026-09-28,16,16:00-17:00,low,block_12_18,auto,0.03,0.21,25.16,31.89,63.79,1.3,0.0,0.0,0.0,1.0,0,history,time_segment_shift_history,segment_cycle_time,global_hour,global_hour,"Нужно 0 кур.; прогноз 0.0 заказа/ч; окно block_12_18: история 0.00, цикл 0.00; выбрано: историческая производительность; страховой запас 0%"
97,ЦВ Amber,non_kfm,2026-09-28,17,17:00-18:00,low,block_12_18,auto,0.03,0.21,27.66,31.89,63.79,1.3,0.0,0.0,0.0,1.0,0,history,time_segment_shift_history,segment_cycle_time,global_hour,global_hour,"Нужно 0 кур.; прогноз 0.0 заказа/ч; окно block_12_18: история 0.00, цикл 0.00; выбрано: историческая производительность; страховой запас 0%"
97,ЦВ Amber,non_kfm,2026-09-28,18,18:00-19:00,low,block_18_24,auto,0.03,0.13,27.41,32.87,65.74,1.71,0.0,0.0,0.0,1.0,0,history,time_segment_shift_history,segment_cycle_time,global_hour,global_hour,"Нужно 0 кур.; прогноз 0.0 заказа/ч; окно block_18_24: история 0.00, цикл 0.00; выбрано: историческая производительность; страховой запас 0%"
97,ЦВ Amber,non_kfm,2026-09-28,19,19:00-20:00,low,block_18_24,auto,0.03,0.13,26.64,32.87,65.74,1.71,0.0,0.0,0.0,1.0,0,history,time_segment_shift_history,segment_cycle_time,global_hour,global_hour,"Нужно 0 кур.; прогноз 0.0 заказа/ч; окно block_18_24: история 0.00, цикл 0.00; выбрано: историческая производительность; страховой запас 0%"
97,ЦВ Amber,non_kfm,2026-09-28,20,20:00-21:00,low,block_18_24,auto,0.03,0.13,23.12,32.87,65.74,1.71,0.0,0.0,0.0,1.0,0,history,time_segment_shift_history,segment_cycle_time,global_hour,global_hour,"Нужно 0 кур.; прогноз 0.0 заказа/ч; окно block_18_24: история 0.00, цикл 0.00; выбрано: историческая производительность; страховой запас 0%"
97,ЦВ Amber,non_kfm,2026-09-28,21,21:00-22:00,low,block_18_24,auto,0.02,0.13,21.83,32.87,65.74,1.71,0.0,0.0,0.0,1.0,0,history,time_segment_shift_history,segment_cycle_time,global_hour,global_hour,"Нужно 0 кур.; прогноз 0.0 заказа/ч; окно block_18_24: история 0.00, цикл 0.00; выбрано: историческая производительность; страховой запас 0%"
97,ЦВ Amber,non_kfm,2026-09-28,22,22:00-23:00,low,block_18_24,auto,0.01,0.13,16.14,32.87,65.74,1.71,0.0,0.0,0.0,1.0,0,history,time_segment_shift_history,segment_cycle_time,global_hour,global_hour,"Нужно 0 кур.; прогноз 0.0 заказа/ч; окно block_18_24: история 0.00, цикл 0.00; выбрано: историческая производительность; страховой запас 0%"
97,ЦВ Amber,non_kfm,2026-09-28,12,12:00-13:00,low,block_12_18,bike,0.0,0.01,10.37,13.37,26.74,2.95,0.0,0.0,0.0,1.0,0,history,time_segment_shift_history,segment_cycle_time,global_hour,global_hour,"Нужно 0 кур.; прогноз 0.0 заказа/ч; окно block_12_18: история 0.00, цикл 0.00; выбрано: историческая производительность; страховой запас 0%"
97,ЦВ Amber,non_kfm,2026-09-28,13,13:00-14:00,low,block_12_18,bike,0.0,0.01,10.39,13.37,26.74,2.95,0.0,0.0,0.0,1.0,0,history,time_segment_shift_history,segment_cycle_time,global_hour,global_hour,"Нужно 0 кур.; прогноз 0.0 заказа/ч; окно block_12_18: история 0.00, цикл 0.00; выбрано: историческая производительность; страховой запас 0%"
97,ЦВ Amber,non_kfm,2026-09-28,14,14:00-15:00,low,block_12_18,bike,0.0,0.01,10.2,13.37,26.74,2.95,0.0,0.0,0.0,1.0,0,history,time_segment_shift_history,segment_cycle_time,global_hour,global_hour,"Нужно 0 кур.; прогноз 0.0 заказа/ч; окно block_12_18: история 0.00, цикл 0.00; выбрано: историческая производительность; страховой запас 0%"
97,ЦВ Amber,non_kfm,2026-09-28,15,15:00-16:00,low,block_12_18,bike,0.0,0.01,10.75,13.37,26.74,2.95,0.0,0.0,0.0,1.0,0,history,time_segment_shift_history,segment_cycle_time,global_hour,global_hour,"Нужно 0 кур.; прогноз 0.0 заказа/ч; окно block_12_18: история 0.00, цикл 0.00; выбрано: историческая производительность; страховой запас 0%"
97,ЦВ Amber,non_kfm,2026-09-28,16,16:00-17:00,low,block_12_18,bike,0.0,0.01,11.02,13.37,26.74,2.95,0.0,0.0,0.0,1.0,0,history,time_segment_shift_history,segment_cycle_time,global_hour,global_hour,"Нужно 0 кур.; прогноз 0.0 заказа/ч; окно block_12_18: история 0.00, цикл 0.00; выбрано: историческая производительность; страховой запас 0%"
97,ЦВ Amber,non_kfm,2026-09-28,17,17:00-18:00,low,block_12_18,bike,0.0,0.01,10.83,13.37,26.74,2.95,0.0,0.0,0.0,1.0,0,history,time_segment_shift_history,segment_cycle_time,global_hour,global_hour,"Нужно 0 кур.; прогноз 0.0 заказа/ч; окно block_12_18: история 0.00, цикл 0.00; выбрано: историческая производительность; страховой запас 0%"
97,ЦВ Amber,non_kfm,2026-09-28,18,18:00-19:00,low,block_18_24,bike,0.01,0.05,11.1,15.71,31.43,2.15,0.0,0.0,0.0,1.0,0,history,time_segment_shift_history,segment_cycle_time,global_hour,global_hour,"Нужно 0 кур.; прогноз 0.0 заказа/ч; окно block_18_24: история 0.00, цикл 0.00; выбрано: историческая производительность; страховой запас 0%"
97,ЦВ Amber,non_kfm,2026-09-28,19,19:00-20:00,low,block_18_24,bike,0.01,0.05,10.71,15.71,31.43,2.15,0.0,0.0,0.0,1.0,0,history,time_segment_shift_history,segment_cycle_time,global_hour,global_hour,"Нужно 0 кур.; прогноз 0.0 заказа/ч; окно block_18_24: история 0.00, цикл 0.00; выбрано: историческая производительность; страховой запас 0%"
97,ЦВ Amber,non_kfm,2026-09-28,20,20:00-21:00,low,block_18_24,bike,0.01,0.05,10.4,15.71,31.43,2.15,0.0,0.0,0.0,1.0,0,history,time_segment_shift_history,segment_cycle_time,global_hour,global_hour,"Нужно 0 кур.; прогноз 0.0 заказа/ч; окно block_18_24: история 0.00, цикл 0.00; выбрано: историческая производительность; страховой запас 0%"
97,ЦВ Amber,non_kfm,2026-09-28,21,21:00-22:00,low,block_18_24,bike,0.01,0.05,9.94,15.71,31.43,2.15,0.0,0.0,0.0,1.0,0,history,time_segment_shift_history,segment_cycle_time,global_hour,global_hour,"Нужно 0 кур.; прогноз 0.0 заказа/ч; окно block_18_24: история 0.00, цикл 0.00; выбрано: историческая производительность; страховой запас 0%"
97,ЦВ Amber,non_kfm,2026-09-28,22,22:00-23:00,low,block_18_24,bike,0.0,0.05,9.8,15.71,31.43,2.15,0.0,0.0,0.0,1.0,0,history,time_segment_shift_history,segment_cycle_time,global_hour,global_hour,"Нужно 0 кур.; прогноз 0.0 заказа/ч; окно block_18_24: история 0.00, цикл 0.00; выбрано: историческая производительность; страховой запас 0%"
