location_id,date,segment,vehicle_type,shift_template,shift_start,shift_finish,shift_hours,open_intervals,slots_to_create,covered_need_hours,template_hours,overcoverage_hours,shift_window_predicted_orders,predicted_total_earnings_rub,assigned_predicted_orders_total,low_expected_income,predicted_shift_earnings_rub,predicted_rub_per_hour,predicted_orders_per_shift,avg_payment_per_order_rub,p70_delivery_minutes_per_order,p70_delivery_source,peak_orders_per_hour,peak_hour,max_couriers_needed_in_shift,courier_need_source,location_name,business_group
1,2026-08-24,medium,bike,single_layer_demand_span,12:00,23:00,11,08:00-23:00,1,11,11,0,16.041873557687566,5509.220443465485,16.041873557687563,False,5509.220443465485,500.8382221332259,16.041873557687563,343.4274945288647,8.398674382554699,location_hour,3.043590309478354,13:00,1,history,Wall Street,kfm
10,2026-08-24,medium,bike,single_layer_demand_span_earnings_split,08:00,14:00,6,08:00-23:30,1,6,6,0,18.408671195261732,6247.046610396156,18.408671195261732,False,6247.046610396156,1041.174435066026,18.408671195261732,339.35347881079565,7.330355242252806,location_hour,4.330088012406427,13:00,1,history,Якиманка,kfm
10,2026-08-24,medium,bike,single_layer_demand_span_earnings_split,14:00,23:00,9,08:00-23:30,1,9,9,0,16.401772881068258,5743.5014630077585,16.401772881068258,False,5743.5014630077585,638.1668292230843,16.401772881068258,350.1756489773855,7.473396280873879,location_hour,3.810477450917656,14:00,1,history,Якиманка,kfm
101,2026-08-24,medium,auto,first_layer_demand_span,08:00,14:00,6,08:00-22:00,1,6,6,0,16.043092436187884,8160.145546999522,11.778752164166328,False,8160.145546999522,1360.0242578332536,11.778752164166328,692.7852316839267,19.95994429941028,location_hour,3.3287501364762107,11:00,3,cycle_time,Алия,kfm
101,2026-08-24,medium,auto,day_08_18,08:00,18:00,10,08:00-22:00,2,12,20,8,26.180957988541014,7856.383162383787,11.022917306923643,False,3928.1915811918934,392.81915811918935,5.511458653461822,712.7317518248174,19.83136982505122,location_hour,3.3287501364762107,11:00,3,cycle_time,Алия,kfm
101,2026-08-24,medium,auto,first_layer_demand_span,14:00,22:00,8,08:00-22:00,1,8,8,0,18.403227143252185,8353.208598020423,11.644650108350097,False,8353.208598020423,1044.1510747525529,11.644650108350097,717.3430305158365,21.527704126132395,location_hour,3.0775663283929147,14:00,3,history,Алия,kfm
11,2026-08-24,medium,auto,custom_open_window,00:00,06:00,6,22:00-07:00,1,6,6,0,15.799455616735797,4055.411591954692,5.266485205578599,False,4055.411591954692,675.9019319924487,5.266485205578599,770.0413907284767,17.563907284768216,location_hour,5.807084680323422,00:00,3,history,Кутузовский,kfm
11,2026-08-24,medium,auto,custom_open_window,00:00,07:00,7,22:00-07:00,1,7,7,0,24.357887310240756,8088.648942087595,9.545701052331077,False,8088.648942087595,1155.521277441085,9.545701052331077,847.3603874397818,19.05943503437956,location_hour,8.558431693504957,06:00,3,cycle_time,Кутузовский,kfm
11,2026-08-24,medium,auto,first_layer_demand_span,00:00,07:00,7,22:00-07:00,1,7,7,0,24.357887310240756,8088.648942087595,9.545701052331077,False,8088.648942087595,1155.521277441085,9.545701052331077,847.3603874397818,19.05943503437956,location_hour,8.558431693504957,06:00,3,cycle_time,Кутузовский,kfm
11,2026-08-24,medium,auto,first_layer_demand_span,22:00,24:00,2,22:00-07:00,1,2,2,0,3.830012868560961,2533.448292419324,3.830012868560961,False,2533.448292419324,1266.724146209662,3.830012868560961,661.4725274725274,15.274615384615387,location_hour,2.6094593170415337,23:00,1,history,Кутузовский,kfm
114,2026-08-24,low,auto,single_layer_demand_span,10:00,12:00,2,10:00-22:00,1,2,2,0,0.9400573537803578,460.92885296281696,0.9400573537803578,False,460.92885296281696,230.46442648140848,0.9400573537803578,490.3199268738574,18.5344459374214,global_hour,0.4873862258356664,11:00,1,cycle_time,Bluefin Скаковая,non_kfm
115,2026-08-24,high,auto,demand_layer_gap,08:00,10:00,2,07:00-23:00,1,2,2,0,6.115415347580747,1302.4301772570107,2.446601833680309,False,1302.4301772570107,651.2150886285053,2.446601833680309,532.342516598962,19.252751720424875,location_hour,3.666635040660385,09:00,3,history,Опен Символ,kfm
115,2026-08-24,high,auto,first_layer_demand_span,08:00,15:00,7,07:00-23:00,1,7,7,0,22.47580523425133,4281.334967109231,7.90006512923717,False,4281.334967109231,611.6192810156044,7.90006512923717,541.936667238924,19.93708418322498,location_hour,3.913800962185791,14:00,3,history,Опен Символ,kfm
115,2026-08-24,high,auto,demand_layer_gap,09:00,10:00,1,07:00-23:00,1,1,1,0,3.666635040660385,610.2869582843167,1.2222116802201284,False,610.2869582843167,610.2869582843167,1.2222116802201284,499.33,21.78,location_hour,3.666635040660385,09:00,3,history,Опен Символ,kfm
115,2026-08-24,high,auto,mid_10_20,10:00,21:00,11,07:00-23:00,2,22,22,0,29.496321093864257,10981.965449931098,19.66421406257617,False,5490.982724965549,499.1802477241408,9.832107031288086,558.4746695181354,20.14751719072951,location_hour,3.913800962185791,14:00,3,history,Опен Символ,kfm
115,2026-08-24,high,auto,first_layer_demand_span,15:00,23:00,8,07:00-23:00,1,8,8,0,15.35586110020973,3752.617924634176,6.598573628747282,False,3752.617924634176,469.077240579272,6.598573628747282,568.7013793838046,18.540037939818646,location_hour,2.886522403194249,15:00,3,history,Опен Символ,kfm
115,2026-08-24,high,bike,single_layer_demand_span,09:00,18:00,9,07:00-23:00,1,9,9,0,9.210361357131209,5013.318817752027,9.210361357131209,False,5013.318817752027,557.0354241946696,9.210361357131209,544.3129344616233,10.063234286265585,location_hour,1.3429308670831919,14:00,1,history,Опен Символ,kfm
119,2026-08-24,medium,auto,single_layer_demand_span,12:00,18:00,6,11:00-22:00,1,6,6,0,1.96049162258979,1014.5893712432652,1.96049162258979,False,1014.5893712432652,169.0982285405442,1.96049162258979,517.5178305036584,20.57144835003385,global_hour,0.41000833536295667,12:00,1,history,Bluefin Успенское,non_kfm
12,2026-08-24,high,auto,first_layer_demand_span,08:00,16:00,8,08:00-22:00,1,8,8,0,18.571217556294805,4248.150416092799,9.929476864424572,False,4248.150416092799,531.0188020115999,9.929476864424572,427.8322487776888,16.57018058002316,location_hour,3.1483495086643907,12:00,2,history,Хорошо,kfm
12,2026-08-24,high,auto,day_08_18,08:00,18:00,10,08:00-22:00,1,9,10,1,21.82127005952176,4458.918005246606,10.266766943483706,False,4458.918005246606,445.89180052466065,10.266766943483706,434.30595335337495,16.890365716091097,location_hour,3.1483495086643907,12:00,2,history,Хорошо,kfm
12,2026-08-24,high,auto,first_layer_demand_span,16:00,22:00,6,08:00-22:00,1,6,6,0,9.97044881313072,3943.3270796679208,8.345422561517243,False,3943.3270796679208,657.2211799446535,8.345422561517243,472.51377034538115,19.735705816028066,location_hour,1.852462531508154,18:00,2,history,Хорошо,kfm
12,2026-08-24,high,bike,first_layer_demand_span,08:00,15:00,7,08:00-22:00,1,7,7,0,13.972175941084771,4119.636271864203,9.546343319573879,False,4119.636271864203,588.5194674091719,9.546343319573879,431.5407621489242,14.325378299889646,location_hour,2.700508040243933,12:00,2,history,Хорошо,kfm
12,2026-08-24,high,bike,morning_08_16,08:00,16:00,8,08:00-22:00,1,4,8,4,15.929528214664144,1891.263298928724,4.4258326215108905,False,1891.263298928724,236.4079123660905,4.4258326215108905,427.3237288135593,14.290433209507375,location_hour,2.700508040243933,12:00,2,history,Хорошо,kfm
12,2026-08-24,high,bike,first_layer_demand_span,15:00,21:00,6,08:00-22:00,1,6,6,0,9.362063943829162,4285.202808333405,9.362063943829162,False,4285.202808333405,714.2004680555675,9.362063943829162,457.71988250068733,13.996160998861631,location_hour,1.957352273579374,15:00,1,history,Хорошо,kfm
123,2026-08-24,medium,bike,single_layer_demand_span_earnings_split,08:00,13:00,5,08:00-23:00,1,5,5,0,19.898433281285506,6223.33762503256,19.898433281285506,False,6223.33762503256,1244.667525006512,19.898433281285506,312.7551570045273,5.942037162785843,location_hour,4.97143887833819,10:00,1,history,Опен Нева,kfm
123,2026-08-24,medium,bike,single_layer_demand_span_earnings_split,13:00,23:00,10,08:00-23:00,1,10,10,0,18.74717263817193,5613.042345793716,18.74717263817193,False,5613.042345793716,561.3042345793716,18.74717263817193,299.407406872904,6.759162596471677,"location_hour,global_hour",4.435124554958866,13:00,1,history,Опен Нева,kfm
124,2026-08-24,low,auto,single_layer_demand_span,12:00,18:00,6,09:00-22:30,1,6,6,0,0.5118222206684393,264.8771252438954,0.5118222206684393,False,264.8771252438954,44.14618754064924,0.5118222206684393,517.5178305036584,20.571448350033844,global_hour,0.10704018026908327,12:00,1,cycle_time,ЦБ AVA Bistro,non_kfm
125,2026-08-24,medium,auto,single_layer_demand_span,12:00,18:00,6,10:00-23:00,1,6,6,0,1.8919476244607845,1737.7450521904805,1.8919476244607845,False,1737.7450521904805,289.6241753650801,1.8919476244607845,918.4953271028036,29.78308411214953,location_hour,0.4066803304915705,17:00,1,cycle_time,Meraki,non_kfm
126,2026-08-24,high,bike,first_layer_demand_span,07:00,13:00,6,07:00-23:00,1,6,6,0,23.977277221042428,4120.840644415732,10.166977228224932,False,4120.840644415732,686.8067740692886,10.166977228224932,405.3162067655379,9.550617237953928,"global_hour,location_hour",6.328818370934429,12:00,4,history,Опен Покровка,kfm
126,2026-08-24,high,bike,demand_layer_gap,08:00,10:00,2,07:00-23:00,1,2,2,0,7.815747719110573,1342.5219784472206,3.9078738595552864,False,1342.5219784472206,671.2609892236103,3.9078738595552864,343.5428129709383,8.952669238359608,location_hour,4.136222805440885,09:00,2,history,Опен Покровка,kfm
126,2026-08-24,high,bike,morning_08_16,08:00,16:00,8,07:00-23:00,1,4,8,4,38.06339315748036,1911.3229255796064,5.597048746795135,False,1911.3229255796064,238.9153656974508,5.597048746795135,341.4876325088339,9.458531958075937,location_hour,6.724369519117831,13:00,4,history,Опен Покровка,kfm
126,2026-08-24,high,bike,day_08_18,08:00,18:00,10,07:00-23:00,1,7,10,3,45.34116538942263,3153.9960128824646,9.22289226020006,False,3153.9960128824646,315.39960128824646,9.22289226020006,341.97472158414314,9.310618929273891,location_hour,6.724369519117831,13:00,4,history,Опен Покровка,kfm
126,2026-08-24,high,bike,mid_10_20,10:00,21:00,11,07:00-23:00,1,11,11,0,45.4429768239497,5252.254269476279,15.311517908477247,False,5252.254269476279,477.4776608614799,15.311517908477247,343.0263609964078,9.347378784377879,location_hour,6.724369519117831,13:00,4,history,Опен Покровка,kfm
126,2026-08-24,high,bike,first_layer_demand_span,13:00,21:00,8,07:00-23:00,1,8,8,0,30.819844598627835,3616.732008834591,10.5908118164176,False,3616.732008834591,452.09150110432387,10.5908118164176,341.49714597213665,9.137489942867937,location_hour,6.724369519117831,13:00,4,history,Опен Покровка,kfm
127,2026-08-24,medium,bike,single_layer_demand_span,12:00,18:00,6,07:00-23:00,1,6,6,0,3.3998046843899705,1179.0802081465872,3.3998046843899705,False,1179.0802081465872,196.5133680244312,3.3998046843899705,346.80821917808214,10.51,location_hour,0.931453338189033,12:00,1,cycle_time,БТ Покровка,kfm
128,2026-08-24,medium,bike,first_layer_demand_span,08:00,13:00,5,08:00-24:00,1,5,5,0,21.72195830879265,6167.335885707547,19.04012342295656,False,6167.335885707547,1233.4671771415094,19.04012342295656,323.9126001815528,6.919041566140306,location_hour,5.468476859671396,09:00,2,history,Кофемания Лаки,kfm
128,2026-08-24,medium,bike,demand_layer_gap,12:00,14:00,2,08:00-24:00,1,2,2,0,10.48627573338156,1748.1043509214496,5.24313786669078,False,1748.1043509214496,874.0521754607248,5.24313786669078,333.4080459770115,7.8339655172413805,location_hour,5.363669771672178,12:00,2,history,Кофемания Лаки,kfm
128,2026-08-24,medium,bike,first_layer_demand_span,13:00,24:00,11,08:00-24:00,1,11,11,0,34.90454360457365,5683.10109713698,17.452271802286823,False,5683.10109713698,516.64555428518,17.452271802286823,325.63675156562175,7.414104890224021,location_hour,5.122605961709383,13:00,2,history,Кофемания Лаки,kfm
128,2026-08-24,medium,bike,evening_14_24,14:00,24:00,10,08:00-24:00,1,10,10,0,29.781937642864264,4818.134014014227,14.890968821432132,False,4818.134014014227,481.81340140142277,14.890968821432132,323.5608154037385,7.333969168516152,location_hour,4.278882626839603,15:00,2,history,Кофемания Лаки,kfm
137,2026-08-24,medium,bike,single_layer_demand_span,12:00,18:00,6,08:00-23:00,1,6,6,0,2.951974630046362,1186.5844688849322,2.951974630046362,False,1186.5844688849322,197.7640781474887,2.951974630046362,401.962962962963,11.053703703703706,location_hour,0.9293253464960771,13:00,1,cycle_time,БТ Мясницкая,kfm
138,2026-08-24,medium,bike,single_layer_demand_span,12:00,18:00,6,08:00-23:00,1,6,6,0,3.3141870263148916,1261.4365448049625,3.3141870263148916,False,1261.4365448049625,210.23942413416043,3.3141870263148916,380.6171875,8.97578125,location_hour,1.0356834457234037,13:00,1,cycle_time,БТ Таганка,kfm
14,2026-08-24,medium,auto,demand_layer_gap,09:00,10:00,1,09:00-23:00,1,1,1,0,2.280329965808664,856.4993710163184,1.140164982904332,False,856.4993710163184,856.4993710163184,1.140164982904332,751.2065217391304,16.45,location_hour,2.280329965808664,09:00,2,history,Метрополис,kfm
14,2026-08-24,medium,auto,first_layer_demand_span,09:00,15:00,6,09:00-23:00,1,6,6,0,20.71627908759696,6239.6659079243855,8.318239493522471,False,6239.6659079243855,1039.9443179873977,8.318239493522471,750.1185692938151,18.327790814765756,location_hour,5.055404472423153,12:00,3,cycle_time,Метрополис,kfm
14,2026-08-24,medium,auto,mid_10_20,10:00,16:00,6,09:00-23:00,1,6,6,0,21.09668831780048,6080.315682785874,8.064987575955534,False,6080.315682785874,1013.3859471309789,8.064987575955534,753.9150712287963,18.939909159249524,location_hour,5.055404472423153,12:00,3,cycle_time,Метрополис,kfm
14,2026-08-24,medium,auto,mid_10_20,10:00,20:00,10,09:00-23:00,1,6,10,4,32.04769740214388,5118.8808405093505,6.722801035257457,False,5118.8808405093505,511.88808405093505,6.722801035257457,761.4208443271767,22.15312612495284,location_hour,5.055404472423153,12:00,3,cycle_time,Метрополис,kfm
14,2026-08-24,medium,auto,first_layer_demand_span,15:00,23:00,8,09:00-23:00,1,8,8,0,18.48267297427497,6216.110780612401,7.919836019784766,False,6216.110780612401,777.0138475765501,7.919836019784766,784.8787228780695,25.586491379500682,location_hour,3.5338081112748436,19:00,3,cycle_time,Метрополис,kfm
14,2026-08-24,medium,auto,mid_10_20,16:00,23:00,7,09:00-23:00,1,7,7,0,15.821933778262784,5518.9616347345955,7.03292295444737,False,5518.9616347345955,788.4230906763707,7.03292295444737,784.7322756812799,26.104355840801425,location_hour,3.5338081112748436,19:00,3,cycle_time,Метрополис,kfm
142,2026-08-24,medium,bike,single_layer_demand_span,08:00,18:00,10,08:00-23:59,1,10,10,0,16.411702008738416,5561.071798849179,16.411702008738413,False,5561.071798849179,556.1071798849179,16.411702008738413,338.8479632330751,8.863296548943305,location_hour,2.309472106414342,12:00,1,cycle_time,RED7,kfm
145,2026-08-24,low,auto,single_layer_demand_span,14:00,18:00,4,14:00-23:00,1,4,4,0,0.6446965837929987,340.0689351627648,0.6446965837929987,False,340.0689351627648,85.0172337906912,0.6446965837929987,527.4867956675187,20.841358406953415,global_hour,0.19991321595528305,14:00,1,cycle_time,BSB Европейский,non_kfm
15,2026-08-24,medium,auto,single_layer_demand_span,00:00,12:00,12,00:00-24:00,1,12,12,0,8.504706790080313,5518.724673553691,8.504706790080313,False,5518.724673553691,459.89372279614093,8.504706790080313,648.9024030776228,18.712856913396074,global_hour,1.5200367636556946,00:00,1,cycle_time,Комсомолка,kfm
16,2026-08-24,medium,bike,single_layer_demand_span,12:00,23:00,11,08:00-23:00,1,11,11,0,11.150056565047716,3807.8878413233797,11.150056565047716,False,3807.8878413233797,346.17162193848907,11.150056565047716,341.51287207457176,6.9195618474251965,location_hour,1.7288456920697046,13:00,1,history,Мосфильм,kfm
17,2026-08-24,medium,auto,demand_layer_gap,08:00,10:00,2,08:00-22:00,1,2,2,0,4.355306990827144,2682.0256490097477,2.177653495413572,False,2682.0256490097477,1341.0128245048738,2.177653495413572,1231.6126760563382,22.376901408450703,location_hour,2.821748191240121,09:00,2,history,Внуково,kfm
17,2026-08-24,medium,auto,first_layer_demand_span,08:00,14:00,6,08:00-22:00,1,6,6,0,15.344773984948437,6758.3175796461555,6.182538459605254,False,6758.3175796461555,1126.3862632743592,6.182538459605254,1093.1298889287725,21.507697882531165,location_hour,3.178343536787125,13:00,4,history,Внуково,kfm
17,2026-08-24,medium,auto,day_08_18,08:00,18:00,10,08:00-22:00,2,12,20,8,25.343313027757933,8230.933081795996,7.97896658714268,False,4115.466540897998,411.5466540897998,3.98948329357134,1031.5788381742739,21.56948789689607,location_hour,3.244559027136857,16:00,4,history,Внуково,kfm
17,2026-08-24,medium,auto,mid_10_20,10:00,22:00,12,08:00-22:00,1,12,12,0,28.93639579850684,10769.365641399956,10.47871460568208,False,10769.365641399956,897.4471367833297,10.47871460568208,1027.7372794903938,22.69070489894906,location_hour,3.244559027136857,16:00,4,history,Внуково,kfm
17,2026-08-24,medium,auto,first_layer_demand_span,14:00,22:00,8,08:00-22:00,1,8,8,0,17.946928804385546,6693.073710763548,6.473829641490399,False,6693.073710763548,836.6342138454435,6.473829641490399,1033.866209247773,23.714925719734097,location_hour,3.244559027136857,16:00,4,history,Внуково,kfm
18,2026-08-24,medium,auto,first_layer_demand_span,08:00,12:00,4,08:00-22:00,1,4,4,0,12.292123028711227,7879.026998236155,12.292123028711227,False,7879.026998236155,1969.7567495590388,12.292123028711227,640.9817880794702,14.327615894039738,location_hour,3.7446202604020957,08:00,1,history,Новая Рига,kfm
18,2026-08-24,medium,auto,day_evening_12_22,12:00,22:00,10,08:00-22:00,1,10,10,0,21.24227176347985,6872.766485181232,10.621135881739924,False,6872.766485181232,687.2766485181232,10.621135881739924,647.0839429704533,14.651642072348587,location_hour,2.9039216332360773,18:00,2,history,Новая Рига,kfm
18,2026-08-24,medium,auto,first_layer_demand_span,12:00,22:00,10,08:00-22:00,1,10,10,0,21.24227176347985,6872.766485181232,10.621135881739924,False,6872.766485181232,687.2766485181232,10.621135881739924,647.0839429704533,14.651642072348587,location_hour,2.9039216332360773,18:00,2,history,Новая Рига,kfm
184,2026-08-24,low,auto,single_layer_demand_span,18:00,23:00,5,11:00-23:00,1,5,5,0,0.4954872577238076,274.6236974250446,0.4954872577238076,False,274.6236974250446,54.92473948500892,0.4954872577238076,554.2497675654138,21.028846007132053,global_hour,0.12503995081355218,19:00,1,cycle_time,Pasiba Sushi  Марьина Роща,non_kfm
188,2026-08-24,low,auto,single_layer_demand_span,12:00,18:00,6,12:00-20:00,1,6,6,0,0.9902934301705847,512.4945075439072,0.9902934301705847,False,512.4945075439072,85.41575125731786,0.9902934301705847,517.5178305036584,20.57144835003385,global_hour,0.2071054811694396,12:00,1,cycle_time,Мо Friends Bar & Dining Петровка,non_kfm
19,2026-08-24,medium,auto,single_layer_demand_span,12:00,18:00,6,08:00-24:00,1,6,6,0,1.3353614465434713,1698.3126877139866,1.3353614465434713,False,1698.3126877139866,283.0521146189978,1.3353614465434713,1271.8,32.413999999999994,location_hour,0.26707228930869426,13:00,1,history,Conversation Никитская,non_kfm
2,2026-08-24,high,bike,first_layer_demand_span,06:00,12:00,6,00:00-24:00,1,6,6,0,21.216537379949116,5920.077025669364,12.281325368072086,False,5920.077025669364,986.6795042782273,12.281325368072086,482.038937023838,10.353259351100334,"global_hour,location_hour",5.13563598499356,08:00,3,history,Кудринская,kfm
2,2026-08-24,high,bike,demand_layer_gap,08:00,10:00,2,00:00-24:00,1,2,2,0,8.507810024642923,1627.07749855081,4.253905012321462,False,1627.07749855081,813.538749275405,4.253905012321462,382.4903221482309,9.641163299000898,location_hour,5.13563598499356,08:00,2,history,Кудринская,kfm
2,2026-08-24,high,bike,day_08_18,08:00,18:00,10,00:00-24:00,1,7,10,3,39.413842090081005,3143.7572408230008,8.82563598455327,False,3143.7572408230008,314.37572408230005,8.82563598455327,356.2074445768261,9.708732208207621,location_hour,6.184481965906551,12:00,3,history,Кудринская,kfm
2,2026-08-24,high,bike,mid_10_20,10:00,21:00,11,00:00-24:00,1,11,11,0,37.2674192699241,5097.135799747264,14.220891642685412,False,5097.135799747264,463.37598179520586,14.220891642685412,358.42589394660087,9.433788624215428,location_hour,6.184481965906551,12:00,3,history,Кудринская,kfm
2,2026-08-24,high,bike,first_layer_demand_span,12:00,24:00,12,00:00-24:00,1,12,12,0,34.65253666562976,6102.214522994809,16.287316037946642,False,6102.214522994809,508.5178769162341,16.287316037946642,374.66053392576777,9.200667297896198,location_hour,6.184481965906551,12:00,3,history,Кудринская,kfm
20,2026-08-24,medium,auto,first_layer_demand_span,08:00,13:00,5,08:00-22:00,1,5,5,0,12.782825141811948,6969.296112893544,11.162316394233374,False,6969.296112893544,1393.8592225787088,11.162316394233374,624.3593056091826,14.985797322738732,location_hour,3.996141663983633,11:00,2,history,Павлово,kfm
20,2026-08-24,medium,auto,day_08_18,08:00,18:00,10,08:00-22:00,1,6,10,4,21.728033428445677,4766.434789427813,6.09311289089544,False,4766.434789427813,476.64347894278126,6.09311289089544,782.2659574468086,17.461420684876284,location_hour,3.996141663983633,11:00,2,history,Павлово,kfm
20,2026-08-24,medium,auto,first_layer_demand_span,13:00,22:00,9,08:00-22:00,1,9,9,0,13.728088856266345,7168.0762793330605,9.25548471294948,False,7168.0762793330605,796.4529199258956,9.25548471294948,774.4679508037113,22.554019129500297,location_hour,2.527993646222576,14:00,2,cycle_time,Павлово,kfm
21,2026-08-24,high,auto,demand_layer_gap,08:00,12:00,4,08:00-23:00,1,4,4,0,15.373072375764806,4325.892977557558,5.558847184462731,False,4325.892977557558,1081.4732443893895,5.558847184462731,778.1996579522198,17.675461855991205,location_hour,4.948138328046238,11:00,3,history,Горки-2,kfm
21,2026-08-24,high,auto,first_layer_demand_span,08:00,14:00,6,08:00-23:00,1,6,6,0,23.651688424611397,6597.254994016821,8.318385867411596,False,6597.254994016821,1099.5424990028034,8.318385867411596,793.0931672528515,18.419492261298302,location_hour,4.948138328046238,11:00,3,history,Горки-2,kfm
21,2026-08-24,high,auto,day_08_18,08:00,18:00,10,08:00-23:00,1,3,10,7,37.17544351943737,1917.1974755490844,2.488846527063543,False,1917.1974755490844,191.71974755490845,2.488846527063543,770.3156682027651,18.278958863856342,location_hour,4.948138328046238,11:00,4,history,Горки-2,kfm
21,2026-08-24,high,auto,demand_layer_gap,09:00,10:00,1,08:00-23:00,1,1,1,0,3.500595086181397,932.9961053444969,1.1668650287271323,False,932.9961053444969,932.9961053444969,1.1668650287271323,799.575,16.46,location_hour,3.500595086181397,09:00,3,history,Горки-2,kfm
21,2026-08-24,high,auto,mid_10_20,10:00,21:00,11,08:00-23:00,1,11,11,0,40.32707148139607,10063.924265813643,12.612741651444175,False,10063.924265813643,914.9022059830585,12.612741651444175,797.917260491997,18.6405122238271,location_hour,4.948138328046238,11:00,4,history,Горки-2,kfm
21,2026-08-24,high,auto,day_evening_12_22,12:00,23:00,11,08:00-23:00,1,11,11,0,34.81284198712192,9302.056908072069,11.399883393363208,False,9302.056908072069,845.6415370974609,11.399883393363208,815.9782505746986,17.336238364729518,location_hour,4.42477754334904,13:00,4,history,Горки-2,kfm
21,2026-08-24,high,auto,first_layer_demand_span,14:00,23:00,9,08:00-23:00,1,9,9,0,26.53422593827533,7030.694891612805,8.640344710414343,False,7030.694891612805,781.1883212903117,8.640344710414343,813.7053702427634,16.51159159500695,location_hour,3.7160657823437235,15:00,4,history,Горки-2,kfm
222,2026-08-24,low,auto,single_layer_demand_span,06:00,12:00,6,06:00-23:59,1,6,6,0,1.5332587370604744,794.2246645912539,1.5332587370604744,False,794.2246645912539,132.37077743187567,1.5332587370604744,517.9978078024337,18.70111128464425,global_hour,0.38907675181670587,11:00,1,cycle_time,Ирис Химки,non_kfm
25,2026-08-24,medium,bike,first_layer_demand_span,08:00,18:00,10,08:00-24:00,1,10,10,0,28.900326894344794,6384.495885889559,20.149595513657605,False,6384.495885889559,638.4495885889559,20.149595513657605,316.85479152978934,6.339690036177039,location_hour,4.099993024517773,12:00,2,history,Весна,kfm
25,2026-08-24,medium,bike,mid_10_20,10:00,20:00,10,08:00-24:00,1,6,10,4,26.60435323416746,2787.444511340434,8.750731380687187,False,2787.444511340434,278.7444511340434,8.750731380687187,318.53846153846155,6.197845892825882,location_hour,4.099993024517773,12:00,2,history,Весна,kfm
26,2026-08-24,medium,bike,single_layer_demand_span,12:00,23:00,11,08:00-23:00,1,11,11,0,19.04837480969214,5765.055010884895,19.04837480969214,False,5765.055010884895,524.0959100804449,19.04837480969214,302.6533795393156,7.452061397083454,location_hour,2.721433182269542,13:00,1,history,Тверская,kfm
27,2026-08-24,medium,bike,single_layer_demand_span,18:00,23:00,5,08:00-23:30,1,5,5,0,1.0708880055407937,593.5394281595745,1.0708880055407937,False,593.5394281595745,118.7078856319149,1.0708880055407937,554.2497675654139,9.143096741649178,global_hour,0.27024667426318344,19:00,1,history,4 Ветра,kfm
28,2026-08-24,low,bike,single_layer_demand_span,12:00,18:00,6,08:00-23:00,1,6,6,0,1.165697141186083,603.2690555309385,1.165697141186083,False,603.2690555309385,100.54484258848976,1.165697141186083,517.5178305036585,9.12940454912725,global_hour,0.2437886185729792,12:00,1,cycle_time,Гранд,kfm
29,2026-08-24,mega,auto,demand_layer_gap,07:00,08:00,1,07:00-22:00,2,2,2,0,5.962949800859448,2947.9206744316675,3.9752998672396322,False,1473.9603372158338,1473.9603372158338,1.9876499336198161,741.5593220338983,18.53,location_hour,5.962949800859448,07:00,3,history,Украинский,kfm
29,2026-08-24,mega,auto,first_layer_demand_span,07:00,15:00,8,07:00-22:00,1,8,8,0,53.85953181818599,6139.998995439894,9.483645084434169,False,6139.998995439894,767.4998744299868,9.483645084434169,647.4302803167618,18.50809014869079,location_hour,7.96242008781031,11:00,7,history,Украинский,kfm
29,2026-08-24,mega,auto,day_08_18,08:00,14:00,6,07:00-22:00,3,18,18,0,42.49178777590379,12646.676128859284,20.171645063261877,False,4215.558709619761,702.5931182699602,6.723881687753959,626.9531359091959,18.34637152215389,location_hour,7.96242008781031,11:00,7,history,Украинский,kfm
29,2026-08-24,mega,auto,morning_08_16,08:00,16:00,8,07:00-22:00,1,6,8,2,54.005320905355426,3684.8997266267875,5.970867138023043,False,3684.8997266267875,460.61246582834843,5.970867138023043,617.1464950477628,18.635938036799544,location_hour,7.96242008781031,11:00,7,history,Украинский,kfm
29,2026-08-24,mega,auto,day_08_18,08:00,18:00,10,07:00-22:00,2,18,20,2,63.14139941931013,10547.154569571254,17.02334007670728,False,5273.577284785627,527.3577284785626,8.51167003835364,619.5702207701723,18.87882301784133,location_hour,7.96242008781031,11:00,7,history,Украинский,kfm
29,2026-08-24,mega,auto,day_08_18,14:00,21:00,7,07:00-22:00,3,21,21,0,35.161963698932645,13222.840561353418,20.823013131817703,False,4407.613520451139,629.6590743501628,6.941004377272567,635.0109120926802,20.79911216601194,location_hour,6.108738888028885,15:00,7,history,Украинский,kfm
29,2026-08-24,mega,auto,first_layer_demand_span,15:00,22:00,7,07:00-22:00,1,7,7,0,33.37028528893236,6372.837008765677,9.782006745634641,False,6372.837008765677,910.4052869665253,9.782006745634641,651.4856485464647,19.684215778488216,location_hour,6.108738888028885,15:00,6,history,Украинский,kfm
29,2026-08-24,mega,bike,single_layer_demand_span,08:00,15:00,7,07:00-22:00,1,7,7,0,6.904983174892833,4284.401452280838,6.904983174892833,False,4284.401452280838,612.057350325834,6.904983174892833,620.4796367729504,9.215562567699463,location_hour,1.1478977083974344,11:00,1,history,Украинский,kfm
30,2026-08-24,high,auto,demand_layer_gap,08:00,12:00,4,08:00-24:00,1,4,4,0,15.312895522134394,2262.2235062129466,4.89646677575468,False,2262.2235062129466,565.5558765532367,4.89646677575468,462.01140737124183,21.06121511094235,location_hour,4.8061366455151076,11:00,5,history,Черёмушки,kfm
30,2026-08-24,high,auto,first_layer_demand_span,08:00,16:00,8,08:00-24:00,1,8,8,0,33.53942911688738,4374.689209518678,8.71445212441499,False,4374.689209518678,546.8361511898347,8.71445212441499,502.0039294567075,21.801124947426004,location_hour,5.357660522869301,13:00,5,history,Черёмушки,kfm
30,2026-08-24,high,auto,morning_08_16,08:00,16:00,8,08:00-24:00,1,4,8,4,33.53942911688738,2091.8749144167177,3.9158195292147684,False,2091.8749144167177,261.4843643020897,3.9158195292147684,534.2112676056338,21.801124947426004,location_hour,5.357660522869301,13:00,5,history,Черёмушки,kfm
30,2026-08-24,high,auto,day_08_18,08:00,18:00,10,08:00-24:00,1,7,10,3,39.02451500178414,3323.830282947756,6.1504841489875215,False,3323.830282947756,332.3830282947756,6.1504841489875215,540.4176650865635,22.046881275084434,location_hour,5.357660522869301,13:00,5,history,Черёмушки,kfm
30,2026-08-24,high,auto,demand_layer_gap,09:00,10:00,1,08:00-24:00,1,1,1,0,4.02631851997348,590.1312742652798,1.3421061733244934,False,590.1312742652798,590.1312742652798,1.3421061733244934,439.70535714285717,23.78,location_hour,4.02631851997348,09:00,3,cycle_time,Черёмушки,kfm
30,2026-08-24,high,auto,mid_10_20,10:00,21:00,11,08:00-24:00,1,11,11,0,40.87756747417442,5595.667656393018,10.270421265324043,False,5595.667656393018,508.6970596720925,10.270421265324043,544.8333142171718,24.057181313905154,location_hour,5.357660522869301,13:00,5,history,Черёмушки,kfm
30,2026-08-24,high,auto,day_evening_12_22,12:00,24:00,12,08:00-24:00,1,12,12,0,37.26412311877329,6120.75790669681,10.552626986273747,False,6120.75790669681,510.06315889140086,10.552626986273747,580.0221987054352,24.078747102469602,location_hour,5.357660522869301,13:00,5,history,Черёмушки,kfm
30,2026-08-24,high,auto,first_layer_demand_span,16:00,24:00,8,08:00-24:00,1,8,8,0,19.0375895240203,4008.292203391079,6.7346416376134375,False,4008.292203391079,501.0365254238849,6.7346416376134375,595.1752771824548,24.832014218868395,location_hour,2.978507268850184,18:00,4,history,Черёмушки,kfm
30,2026-08-24,high,bike,single_layer_demand_span,09:00,21:00,12,08:00-24:00,1,12,12,0,15.067561320747219,8044.207673250676,15.067561320747219,False,8044.207673250676,670.3506394375563,15.067561320747219,533.87588754487,9.087193569985114,location_hour,1.7977704307061653,13:00,1,history,Черёмушки,kfm
301,2026-08-24,low,auto,single_layer_demand_span,12:00,18:00,6,12:00-23:00,1,6,6,0,1.0774355517034069,557.5921092250594,1.0774355517034069,False,557.5921092250594,92.93201820417657,1.0774355517034069,517.5178305036584,20.57144835003385,global_hour,0.22532998964373302,12:00,1,cycle_time,Биродром и Панчетта Дежнева,non_kfm
33,2026-08-24,high,auto,demand_layer_gap,08:00,10:00,2,08:00-23:00,1,2,2,0,5.270269069859049,1394.238891271124,2.6351345349295245,False,1394.238891271124,697.119445635562,2.6351345349295245,529.0959048921623,17.6309056370498,location_hour,3.0145548576268326,09:00,2,history,Даниловский,kfm
33,2026-08-24,high,auto,first_layer_demand_span,08:00,14:00,6,08:00-23:00,1,6,6,0,17.262175477620826,4465.388715337487,8.631087738810413,False,4465.388715337487,744.2314525562479,8.631087738810413,517.3610616027562,18.367432638602,location_hour,3.396720777346796,12:00,2,cycle_time,Даниловский,kfm
33,2026-08-24,high,auto,mid_10_20,10:00,21:00,11,08:00-23:00,1,11,11,0,24.602591031834127,6576.761302944278,12.301295515917063,False,6576.761302944278,597.8873911767525,12.301295515917063,534.6397291597771,19.460686827649155,location_hour,3.396720777346796,12:00,2,cycle_time,Даниловский,kfm
33,2026-08-24,high,auto,first_layer_demand_span,14:00,23:00,9,08:00-23:00,1,9,9,0,14.288356775557096,4600.493148957214,7.983014463520922,False,4600.493148957214,511.1659054396904,7.983014463520922,576.2852077970755,19.67297265463724,location_hour,2.1948653694736038,18:00,2,history,Даниловский,kfm
33,2026-08-24,high,bike,single_layer_demand_span_earnings_split,08:00,13:00,5,08:00-23:00,1,5,5,0,10.850055684288508,5539.270175455016,10.850055684288508,False,5539.270175455016,1107.8540350910032,10.850055684288508,510.529193271901,9.001674783062658,location_hour,2.5460654648311105,12:00,1,history,Даниловский,kfm
33,2026-08-24,high,bike,single_layer_demand_span_earnings_split,13:00,21:00,8,08:00-23:00,1,8,8,0,11.54161629178185,6410.3068695597,11.54161629178185,False,6410.3068695597,801.2883586949625,11.54161629178185,555.4080734882971,8.743979226586974,location_hour,2.08907935575886,13:00,1,history,Даниловский,kfm
335,2026-08-24,low,auto,single_layer_demand_span_earnings_split,00:00,12:00,12,00:00-24:00,1,12,12,0,12.251440498287455,8273.12389648487,12.251440498287455,False,8273.12389648487,689.4269913737393,12.251440498287455,675.2776457300115,18.7152234751488,global_hour,2.630874080834674,00:00,1,cycle_time,Кутузовский (Не использовать),kfm
335,2026-08-24,low,auto,single_layer_demand_span_earnings_split,12:00,24:00,12,00:00-24:00,1,6,12,6,3.0311059721616287,1162.74835965498,2.0754310484042064,False,1162.74835965498,96.89569663791501,2.0754310484042064,560.2442733758918,20.835338125376346,global_hour,0.4935935651480776,19:00,1,cycle_time,Кутузовский (Не использовать),kfm
335,2026-08-24,low,bike,single_layer_demand_span,00:00,06:00,6,00:00-24:00,1,6,6,0,8.102960297564728,6344.447728867691,8.102960297564728,False,6344.447728867691,1057.4079548112818,8.102960297564728,782.9789972899729,8.966526406988459,"global_hour,global_vehicle",2.931558806842524,00:00,1,history,Кутузовский (Не использовать),kfm
34,2026-08-24,medium,auto,single_layer_demand_span,00:00,06:00,6,22:00-07:00,1,6,6,0,7.568589438143687,5977.826249292681,7.568589438143687,False,5977.826249292681,996.3043748821134,7.568589438143687,789.8203883495145,16.69601941747573,location_hour,3.086220935942086,00:00,1,cycle_time,Аркус,kfm
34,2026-08-24,medium,auto,single_layer_demand_span,22:00,24:00,2,22:00-07:00,1,2,2,0,4.2626876461997485,2754.817979351932,4.2626876461997485,False,2754.817979351932,1377.408989675966,4.2626876461997485,646.2631578947368,19.44017543859649,location_hour,3.739199689648902,23:00,1,history,Аркус,kfm
348,2026-08-24,medium,auto,single_layer_demand_span_earnings_split,08:00,15:00,7,08:00-21:00,1,7,7,0,7.826825347949075,4116.070328608972,7.826825347949075,False,4116.070328608972,588.0100469441388,7.826825347949075,525.8927017820243,13.0126104376997,location_hour,1.2695769335163671,12:00,1,history,Рига Холл,kfm
348,2026-08-24,medium,auto,single_layer_demand_span_earnings_split,15:00,21:00,6,08:00-21:00,1,6,6,0,6.752649473458279,4253.75418134956,6.752649473458279,False,4253.75418134956,708.9590302249267,6.752649473458279,629.9385445770898,15.617585770231255,location_hour,2.080135943300585,18:00,1,history,Рига Холл,kfm
35,2026-08-24,high,auto,demand_layer_gap,08:00,10:00,2,08:00-23:00,1,2,2,0,6.052937347633764,1484.8971403919413,3.026468673816882,False,1484.8971403919413,742.4485701959707,3.026468673816882,490.6368776383991,18.87240283919747,location_hour,3.6055952855834716,09:00,2,cycle_time,Ленинский,kfm
35,2026-08-24,high,auto,first_layer_demand_span,08:00,15:00,7,08:00-23:00,1,7,7,0,27.631636221951766,5448.47244818075,10.894573408249375,False,5448.47244818075,778.3532068829643,10.894573408249375,500.10883804364147,18.6146476782951,location_hour,4.85502640734828,11:00,3,history,Ленинский,kfm
35,2026-08-24,high,auto,mid_10_20,10:00,21:00,11,08:00-23:00,1,11,11,0,40.02971402110572,7016.467046655547,14.018443116695066,False,7016.467046655547,637.8606406050498,14.018443116695066,500.5168539935355,19.553539713384826,location_hour,4.85502640734828,11:00,3,history,Ленинский,kfm
35,2026-08-24,high,auto,demand_layer_gap,11:00,12:00,1,08:00-23:00,1,1,1,0,4.85502640734828,805.3583635375867,1.61834213578276,False,805.3583635375867,805.3583635375867,1.61834213578276,497.6440677966101,17.49,location_hour,4.85502640734828,11:00,3,history,Ленинский,kfm
35,2026-08-24,high,auto,day_evening_12_22,12:00,22:00,10,08:00-23:00,1,9,10,1,33.6371415140246,5219.08383190355,10.374485651932828,False,5219.08383190355,521.908383190355,10.374485651932828,503.06916477649224,19.94359812460747,location_hour,4.731593532585188,13:00,3,history,Ленинский,kfm
35,2026-08-24,high,auto,first_layer_demand_span,15:00,23:00,8,08:00-23:00,1,8,8,0,21.92447017270017,4996.609749353985,9.623793408175025,False,4996.609749353985,624.5762186692481,9.623793408175025,519.1933718267026,20.27764447583192,location_hour,4.040610591805112,15:00,3,history,Ленинский,kfm
35,2026-08-24,high,bike,single_layer_demand_span,09:00,18:00,9,08:00-23:00,1,9,9,0,10.240414507230089,5129.836840823757,10.240414507230087,False,5129.836840823757,569.9818712026396,10.240414507230087,500.9403513111617,11.311105778286906,location_hour,1.4446919329775902,11:00,1,history,Ленинский,kfm
36,2026-08-24,low,auto,single_layer_demand_span,08:00,12:00,4,08:00-23:00,1,4,4,0,1.4273469113591184,1681.9856003455852,1.4273469113591184,False,1681.9856003455852,420.4964000863963,1.4273469113591184,1178.4,28.10378448275862,"location_hour,global_hour",0.7422203939067415,08:00,1,cycle_time,Friends Forever Botanica,non_kfm
37,2026-08-24,medium,bike,single_layer_demand_span,08:00,18:00,10,07:30-24:00,1,10,10,0,18.420960037753716,6333.7305509886655,18.420960037753716,False,6333.7305509886655,633.3730550988665,18.420960037753716,343.8328153368608,8.672234538696936,location_hour,2.6120629793578294,11:00,1,cycle_time,БТ Усачева,kfm
38,2026-08-24,medium,bike,single_layer_demand_span,18:00,23:00,5,08:00-23:00,1,5,5,0,3.3631402518525526,1035.3779221866068,3.3631402518525526,False,1035.3779221866068,207.07558443732137,3.3631402518525526,307.8604651162791,4.3281395348837215,location_hour,0.9124799132933281,20:00,1,history,Нева,kfm
39,2026-08-24,high,auto,demand_layer_gap,08:00,10:00,2,08:00-23:00,2,4,4,0,7.790810794257096,3168.851143051159,4.443590465378911,False,1584.4255715255795,792.2127857627897,2.2217952326894554,713.1285314748164,16.020749895508075,location_hour,4.501700384754915,09:00,4,history,Гребной,kfm
39,2026-08-24,high,auto,first_layer_demand_span,08:00,15:00,7,08:00-23:00,1,7,7,0,39.86102858161219,6025.236478805044,8.934587997512393,False,6025.236478805044,860.7480684007205,8.934587997512393,674.3720561577787,17.027090271652362,location_hour,7.137813907498408,11:00,5,history,Гребной,kfm
39,2026-08-24,high,auto,morning_08_16,08:00,16:00,8,08:00-23:00,1,4,8,4,44.8538965705782,3437.5251274389266,5.2190467280633515,False,3437.5251274389266,429.6906409298658,5.2190467280633515,658.65,16.886478959230637,location_hour,7.137813907498408,11:00,5,history,Гребной,kfm
39,2026-08-24,high,auto,demand_layer_gap,09:00,10:00,1,08:00-23:00,1,1,1,0,4.501700384754915,793.1996077938159,1.1254250961887287,False,793.1996077938159,793.1996077938159,1.1254250961887287,704.8,15.7,location_hour,4.501700384754915,09:00,4,history,Гребной,kfm
39,2026-08-24,high,auto,mid_10_20,10:00,21:00,11,08:00-23:00,3,33,33,0,57.17578225681537,25983.372430164716,38.96755164656402,False,8661.124143388239,787.3749221262035,12.989183882188007,666.7950982867515,17.350559361005427,location_hour,7.137813907498408,11:00,5,history,Гребной,kfm
39,2026-08-24,high,auto,first_layer_demand_span,15:00,23:00,8,08:00-23:00,1,8,8,0,28.840141316629893,6824.749674296453,10.010967964534693,False,6824.749674296453,853.0937092870566,10.010967964534693,681.7272513980786,16.91246266136088,location_hour,5.001048978987399,18:00,4,history,Гребной,kfm
4,2026-08-24,high,auto,first_layer_demand_span,08:00,14:00,6,08:00-24:00,1,6,6,0,13.171643401975047,3096.702304816802,7.183195252072087,False,3096.702304816802,516.1170508028003,7.183195252072087,431.10373533609817,23.82490656077444,location_hour,3.254319844409342,13:00,2,cycle_time,Аврора,kfm
4,2026-08-24,high,auto,demand_layer_gap,09:00,10:00,1,08:00-24:00,1,1,1,0,1.3472219647430608,280.3953829191665,0.6736109823715304,False,280.3953829191665,280.3953829191665,0.6736109823715304,416.25714285714287,24.1,location_hour,1.3472219647430608,09:00,2,cycle_time,Аврора,kfm
4,2026-08-24,high,auto,mid_10_20,10:00,21:00,11,08:00-24:00,1,11,11,0,23.74281000078066,5539.135719824029,11.87140500039033,False,5539.135719824029,503.5577927112754,11.87140500039033,466.5947897188162,22.499074073169034,location_hour,3.254319844409342,13:00,2,cycle_time,Аврора,kfm
4,2026-08-24,high,auto,first_layer_demand_span,14:00,21:00,7,08:00-24:00,1,7,7,0,13.113135665717806,3229.022746994198,6.556567832858903,False,3229.022746994198,461.28896385631396,6.556567832858903,492.4867444841528,23.676629525019884,location_hour,2.8876359182787117,14:00,2,cycle_time,Аврора,kfm
4,2026-08-24,high,bike,first_layer_demand_span,08:00,16:00,8,08:00-24:00,1,8,8,0,28.18816856680076,7246.764601701261,16.19870225208684,False,7246.764601701261,905.8455752126576,16.19870225208684,447.36698588108675,11.678118008556213,location_hour,5.056943217889237,13:00,3,history,Аврора,kfm
4,2026-08-24,high,bike,morning_08_16,08:00,16:00,8,08:00-24:00,2,8,16,8,28.18816856680076,5193.385718702426,11.989466314713917,False,2596.692859351213,324.5866074189016,5.994733157356959,433.16237623762373,11.678118008556213,location_hour,5.056943217889237,13:00,3,history,Аврора,kfm
4,2026-08-24,high,bike,first_layer_demand_span,16:00,24:00,8,08:00-24:00,1,8,8,0,16.108929626668562,8120.906814801604,16.108929626668566,False,8120.906814801604,1015.1133518502005,16.108929626668566,504.1245447715735,10.7612684209866,"location_hour,global_hour",3.4274860209834057,19:00,1,history,Аврора,kfm
40,2026-08-24,medium,bike,single_layer_demand_span,12:00,18:00,6,09:00-19:00,1,6,6,0,1.759633199242163,910.6415557540159,1.759633199242163,False,910.6415557540159,151.77359262566932,1.759633199242163,517.5178305036584,9.12940454912725,global_hour,0.3680017147523569,12:00,1,history,БТ Аркус,kfm
43,2026-08-24,low,auto,single_layer_demand_span,12:00,18:00,6,11:00-23:00,1,6,6,0,0.8041911618263884,416.18326537860906,0.8041911618263884,False,416.18326537860906,69.36387756310151,0.8041911618263884,517.5178305036585,20.57144835003385,global_hour,0.1681848959591452,12:00,1,cycle_time,Frankie Новослободская,non_kfm
434,2026-08-24,medium,auto,first_layer_demand_span,08:00,13:00,5,08:00-22:00,1,5,5,0,11.938846122104845,7173.730331776313,9.732595532705911,False,7173.730331776313,1434.7460663552624,9.732595532705911,737.0829608267746,18.42287968855839,"global_hour,location_hour",3.3502649159319136,10:00,3,history,Сколково,kfm
434,2026-08-24,medium,auto,day_08_18,08:00,18:00,10,08:00-22:00,1,6,10,4,27.710090569761284,4597.895173638297,6.360206777251613,False,4597.895173638297,459.7895173638297,6.360206777251613,722.9159891598918,18.504281656599343,"global_hour,location_hour",4.085010856933963,13:00,3,history,Сколково,kfm
434,2026-08-24,medium,auto,day_evening_12_22,12:00,22:00,10,08:00-22:00,1,10,10,0,28.57802230854441,8197.093022484762,11.108907765646398,False,8197.093022484762,819.7093022484762,11.108907765646398,737.8846953643597,18.61068283660505,location_hour,4.085010856933963,13:00,3,history,Сколково,kfm
434,2026-08-24,medium,auto,first_layer_demand_span,13:00,22:00,9,08:00-22:00,1,9,9,0,25.268646424446008,7441.6073226101935,10.005782470946931,False,7441.6073226101935,826.8452580677993,10.005782470946931,743.7306721606083,18.68352231227315,location_hour,4.085010856933963,13:00,3,history,Сколково,kfm
44,2026-08-24,low,auto,single_layer_demand_span,12:00,18:00,6,11:00-24:00,1,6,6,0,0.6948989656093618,359.6226051013932,0.6948989656093618,False,359.6226051013932,59.937100850232206,0.6948989656093618,517.5178305036584,20.571448350033844,global_hour,0.14532802122284302,12:00,1,cycle_time,Frankie Пятницкая,non_kfm
443,2026-08-24,low,auto,single_layer_demand_span,12:00,18:00,6,10:00-20:00,1,6,6,0,0.8928631632237426,462.07260716818513,0.8928631632237426,False,462.07260716818513,77.01210119469752,0.8928631632237426,517.5178305036584,20.57144835003385,global_hour,0.18672935657673498,12:00,1,cycle_time,Пинский доставка,non_kfm
46,2026-08-24,low,bike,single_layer_demand_span,12:00,18:00,6,10:00-22:00,1,6,6,0,1.3690621300574026,708.5140633720243,1.3690621300574026,False,708.5140633720243,118.08567722867072,1.3690621300574026,517.5178305036584,9.12940454912725,global_hour,0.2863194509404698,12:00,1,cycle_time,БТ Павелецкая Плаза,kfm
47,2026-08-24,medium,bike,single_layer_demand_span,12:00,18:00,6,08:00-21:00,1,6,6,0,3.875605320054957,1465.8907181149043,3.875605320054957,False,1465.8907181149043,244.3151196858174,3.875605320054957,378.2352941176471,10.882000000000001,location_hour,1.0942885609566937,12:00,1,cycle_time,БТ Царская Площадь,kfm
479,2026-08-24,medium,auto,single_layer_demand_span_earnings_split,06:00,15:00,9,00:00-24:00,1,6,9,3,5.970783697682635,3633.694849565641,5.649068301701189,False,3633.694849565641,403.74387217396014,5.649068301701189,643.2379032258066,23.07365098647761,"location_hour,global_hour",2.5511921362521504,07:00,1,cycle_time,Покровка,kfm
479,2026-08-24,medium,auto,single_layer_demand_span_earnings_split,15:00,24:00,9,00:00-24:00,1,6,9,3,2.9212763438817424,1318.355110116438,2.438703249909573,False,1318.355110116438,146.48390112404866,2.438703249909573,540.5967741935484,22.068654312185068,"global_hour,location_hour",1.298019471726063,22:00,1,cycle_time,Покровка,kfm
5,2026-08-24,medium,auto,single_layer_demand_span,00:00,12:00,12,00:00-24:00,1,12,12,0,5.5598687142464005,3755.8870267562265,5.5598687142464005,False,3755.8870267562265,312.9905855630189,5.5598687142464005,675.5352005223219,18.715246584673466,global_hour,1.1958812161776544,00:00,1,cycle_time,Покровка (не использовать),kfm
51,2026-08-24,medium,bike,single_layer_demand_span,08:00,12:00,4,08:00-22:00,1,4,4,0,2.5302731769936164,897.1926973423201,2.5302731769936164,False,897.1926973423201,224.29817433558003,2.5302731769936164,354.5833333333334,11.068750000000001,location_hour,0.9488524413726063,10:00,1,cycle_time,БТ Новинский,kfm
516,2026-08-24,low,auto,single_layer_demand_span,12:00,18:00,6,09:00-22:00,1,6,6,0,1.452383962833105,751.6345975036946,1.452383962833105,False,751.6345975036946,125.27243291728244,1.452383962833105,517.5178305036585,20.571448350033847,global_hour,0.303745001533044,12:00,1,cycle_time,La Raquette by Pinskiy&Co,non_kfm
53,2026-08-24,low,auto,single_layer_demand_span,12:00,18:00,6,11:00-23:00,1,6,6,0,1.2214907082155988,632.1432212961141,1.2214907082155988,False,632.1432212961141,105.35720354935235,1.2214907082155988,517.5178305036586,20.571448350033855,global_hour,0.2554570323923225,12:00,1,cycle_time,IZUMI,non_kfm
54,2026-08-24,medium,auto,mid_10_20,10:00,20:00,10,10:00-23:00,1,6,10,4,12.16607095130852,3809.9648215570887,4.059668010740923,False,3809.9648215570887,380.99648215570886,4.059668010740923,938.4917218543046,26.642076335281207,location_hour,1.7475392099215894,17:00,2,cycle_time,Maroon,non_kfm
54,2026-08-24,medium,auto,first_layer_demand_span,12:00,23:00,11,10:00-23:00,1,11,11,0,14.818689076040823,10177.512418020213,10.7590210652999,False,10177.512418020213,925.2284016382011,10.7590210652999,945.9515281408665,25.383492058359533,location_hour,1.7475392099215894,17:00,2,cycle_time,Maroon,non_kfm
6,2026-08-24,mega,auto,first_layer_demand_span,06:00,14:00,8,00:00-24:00,1,8,8,0,20.946179572385034,5327.493335959817,9.384308446161883,False,5327.493335959817,665.9366669949771,9.384308446161883,567.7022837136949,24.054418220869476,location_hour,3.648907245802391,13:00,3,cycle_time,Неглинная,kfm
6,2026-08-24,mega,auto,demand_layer_gap,08:00,10:00,2,00:00-24:00,1,2,2,0,5.5883445214458085,1110.558443798571,2.289859249289907,False,1110.558443798571,555.2792218992855,2.289859249289907,484.9898281490266,24.237974442220146,location_hour,3.025878068597986,09:00,3,history,Неглинная,kfm
6,2026-08-24,mega,auto,day_08_18,08:00,18:00,10,00:00-24:00,1,9,10,1,28.022379678645947,4359.572386845351,8.486637741932707,False,4359.572386845351,435.95723868453507,8.486637741932707,513.6984185509162,27.505374299583135,location_hour,3.648907245802391,13:00,3,cycle_time,Неглинная,kfm
6,2026-08-24,mega,auto,mid_10_20,10:00,21:00,11,00:00-24:00,1,11,11,0,27.771085906695273,5463.764205035749,10.14653709381428,False,5463.764205035749,496.7058368214317,10.14653709381428,538.4856088848944,28.97404276389622,location_hour,3.648907245802391,13:00,3,cycle_time,Неглинная,kfm
6,2026-08-24,mega,auto,first_layer_demand_span,14:00,24:00,10,00:00-24:00,1,10,10,0,18.983418606874952,5418.026245899001,9.622255648061207,False,5418.026245899001,541.8026245899001,9.622255648061207,563.0723651569871,28.0160128206914,location_hour,2.6676884906286387,14:00,3,cycle_time,Неглинная,kfm
6,2026-08-24,mega,bike,single_layer_demand_span_earnings_split,06:00,14:00,8,00:00-24:00,1,8,8,0,14.866127841507879,7898.503594850754,14.866127841507879,False,7898.503594850754,987.3129493563442,14.866127841507879,531.3087361456193,7.998616156396491,location_hour,2.5897382102757436,13:00,1,history,Неглинная,kfm
6,2026-08-24,mega,bike,single_layer_demand_span_earnings_split,14:00,24:00,10,00:00-24:00,1,10,10,0,13.47309789374295,7488.023008706119,13.473097893742953,False,7488.023008706119,748.8023008706119,13.473097893742953,555.775892653733,8.250149691373052,location_hour,1.8933380192772242,14:00,1,history,Неглинная,kfm
69,2026-08-24,mega,auto,day_08_18,08:00,15:00,7,08:00-23:00,2,14,14,0,39.43111016434004,8328.546560070063,18.864739953393382,False,4164.273280035031,594.8961828621474,9.432369976696691,441.48748303164,15.802056714223955,location_hour,7.0446378726853505,11:00,5,cycle_time,Опен Мичуринский,kfm
69,2026-08-24,mega,auto,morning_08_16,08:00,16:00,8,08:00-23:00,2,9,16,7,44.1584710268491,4923.76119042461,11.134000234249966,False,2461.880595212305,307.7350744015381,5.567000117124983,442.2275091461138,16.04797550287591,location_hour,7.0446378726853505,11:00,5,cycle_time,Опен Мичуринский,kfm
69,2026-08-24,mega,auto,first_layer_demand_span,08:00,17:00,9,08:00-23:00,1,9,9,0,48.60147935627491,5500.356972826643,12.489159707341647,False,5500.356972826643,611.1507747585159,12.489159707341647,440.41049211607924,16.125294563020766,location_hour,7.0446378726853505,11:00,5,cycle_time,Опен Мичуринский,kfm
69,2026-08-24,mega,auto,day_08_18,15:00,21:00,6,08:00-23:00,2,12,12,0,28.463485305997995,8353.363288501383,18.975656870665333,False,4176.6816442506915,696.1136073751153,9.487828435332666,440.2147101118241,17.454575360814733,location_hour,5.17848968875069,19:00,3,cycle_time,Опен Мичуринский,kfm
69,2026-08-24,mega,auto,first_layer_demand_span,17:00,23:00,6,08:00-23:00,1,6,6,0,24.715754305762704,5438.083572898061,11.853676896387285,False,5438.083572898061,906.3472621496768,11.853676896387285,458.76765668848776,17.494932880700613,location_hour,5.17848968875069,19:00,3,cycle_time,Опен Мичуринский,kfm
69,2026-08-24,mega,bike,first_layer_demand_span,08:00,15:00,7,08:00-23:00,1,7,7,0,32.93942292420838,8080.040936352003,18.25431604388784,False,8080.040936352003,1154.2915623360004,18.25431604388784,442.6372873640189,9.880484046298461,location_hour,5.8848534892667566,11:00,2,history,Опен Мичуринский,kfm
69,2026-08-24,mega,bike,demand_layer_gap,09:00,10:00,1,08:00-23:00,1,1,1,0,4.104933113374164,918.1043476510465,2.052466556687082,False,918.1043476510465,918.1043476510465,2.052466556687082,447.31756756756755,9.97,location_hour,4.104933113374164,09:00,2,history,Опен Мичуринский,kfm
69,2026-08-24,mega,bike,mid_10_20,10:00,21:00,11,08:00-23:00,1,11,11,0,49.04271872810394,10784.669601423246,24.52135936405197,False,10784.669601423246,980.424509220295,24.52135936405197,439.8071673478855,10.084848960356519,location_hour,5.8848534892667566,11:00,2,history,Опен Мичуринский,kfm
69,2026-08-24,mega,bike,first_layer_demand_span,15:00,23:00,8,08:00-23:00,1,8,8,0,28.307327602509496,7403.441111778855,16.418608562090984,False,7403.441111778855,925.4301389723569,16.418608562090984,450.9176940165746,10.352696489982364,location_hour,4.3259360757403655,19:00,2,history,Опен Мичуринский,kfm
7,2026-08-24,mega,auto,first_layer_demand_span,00:00,12:00,12,00:00-24:00,1,12,12,0,23.629740517293403,7461.511454050124,10.759812124984606,False,7461.511454050124,621.7926211708436,10.759812124984606,693.461128073442,22.117827773850046,location_hour,3.9894029455994198,11:00,5,history,Белая Площадь,kfm
7,2026-08-24,mega,auto,demand_layer_gap,06:00,14:00,8,00:00-24:00,1,8,8,0,26.711849321834958,5100.692509232712,7.8803980372342,False,5100.692509232712,637.586563654089,7.8803980372342,647.2633089258157,24.336574916779277,location_hour,4.177582329825807,12:00,5,history,Белая Площадь,kfm
7,2026-08-24,mega,auto,demand_layer_gap,08:00,12:00,4,00:00-24:00,1,4,4,0,14.300965027050054,2195.9026598490077,3.9105269744512334,False,2195.9026598490077,548.9756649622519,3.9105269744512334,561.5362518135194,25.12503040908858,location_hour,3.9894029455994198,11:00,5,history,Белая Площадь,kfm
7,2026-08-24,mega,auto,morning_08_16,08:00,13:00,5,00:00-24:00,1,3,5,2,18.47854735687586,1493.341256760405,2.6070199805416294,False,1493.341256760405,298.66825135208103,2.6070199805416294,572.8154244717953,25.261459808009537,location_hour,4.177582329825807,12:00,5,history,Белая Площадь,kfm
7,2026-08-24,mega,auto,morning_08_16,08:00,16:00,8,00:00-24:00,1,4,8,4,27.759285648849904,1463.1022395355335,2.890435341717315,False,1463.1022395355335,182.8877799419417,2.890435341717315,506.18750000000006,25.17858103671143,location_hour,4.177582329825807,12:00,5,history,Белая Площадь,kfm
7,2026-08-24,mega,auto,day_evening_12_22,12:00,24:00,12,00:00-24:00,1,12,12,0,32.70786743797877,4885.929806843536,8.840001620478649,False,4885.929806843536,407.16081723696135,8.840001620478649,552.7068904065409,27.821535728141903,location_hour,4.177582329825807,12:00,5,history,Белая Площадь,kfm
7,2026-08-24,mega,auto,first_layer_demand_span,12:00,24:00,12,00:00-24:00,1,12,12,0,32.70786743797877,4885.929806843536,8.840001620478649,False,4885.929806843536,407.16081723696135,8.840001620478649,552.7068904065409,27.821535728141903,location_hour,4.177582329825807,12:00,5,history,Белая Площадь,kfm
7,2026-08-24,mega,auto,morning_08_16,13:00,21:00,8,00:00-24:00,1,5,8,3,22.903127087536134,1682.5340581855633,3.2597913579802293,False,1682.5340581855633,210.3167572731954,3.2597913579802293,516.1477755521333,28.258186545212634,location_hour,3.274321285539146,13:00,5,history,Белая Площадь,kfm
7,2026-08-24,mega,auto,evening_14_24,14:00,24:00,10,00:00-24:00,1,10,10,0,25.255963822613815,4125.861983190102,7.349620897405658,False,4125.861983190102,412.58619831901024,7.349620897405658,561.3707211274652,28.16664028724373,location_hour,3.0108701476222035,14:00,5,history,Белая Площадь,kfm
7,2026-08-24,mega,bike,single_layer_demand_span_earnings_split,06:00,12:00,6,00:00-24:00,1,6,6,0,10.142042485346433,6488.7053312507505,10.142042485346433,False,6488.7053312507505,1081.4508885417918,10.142042485346433,639.7828978359983,10.04834782271673,location_hour,2.100768858961193,11:00,1,history,Белая Площадь,kfm
7,2026-08-24,mega,bike,single_layer_demand_span_earnings_split,12:00,21:00,9,00:00-24:00,1,9,9,0,14.26035720090018,7537.5551516812975,14.260357200900183,False,7537.5551516812975,837.5061279645886,14.260357200900183,528.5670650105097,10.269540522177643,location_hour,2.1998617296669094,12:00,1,history,Белая Площадь,kfm
70,2026-08-24,low,auto,single_layer_demand_span,12:00,18:00,6,12:00-22:30,1,6,6,0,0.7492738842558906,387.7625950331577,0.7492738842558906,False,387.7625950331577,64.62709917219296,0.7492738842558906,517.5178305036584,20.571448350033847,global_hour,0.15669974534697317,12:00,1,cycle_time,КО Сыроварня,non_kfm
71,2026-08-24,low,auto,single_layer_demand_span,12:00,18:00,6,12:00-23:59,1,6,6,0,0.7583494586051368,392.45936658095434,0.7583494586051368,False,392.45936658095434,65.40989443015906,0.7583494586051368,517.5178305036585,20.571448350033847,global_hour,0.15859776984680846,12:00,1,cycle_time,КО Medusa,non_kfm
72,2026-08-24,low,auto,single_layer_demand_span,12:00,18:00,6,12:00-23:59,1,6,6,0,0.7477824715386001,386.99076235932,0.7477824715386001,False,386.99076235932,64.49846039322,0.7477824715386001,517.5178305036584,20.571448350033847,global_hour,0.15638783804856424,12:00,1,cycle_time,КО Магадан,non_kfm
8,2026-08-24,mega,auto,first_layer_demand_span,08:00,15:00,7,07:30-24:00,1,7,7,0,12.236723243126843,2078.047079458724,6.118361621563421,False,2078.047079458724,296.86386849410343,6.118361621563421,339.64110132603145,26.942018908778017,location_hour,1.9687945404443425,13:00,2,history,Усачева,kfm
8,2026-08-24,mega,auto,morning_08_16,08:00,16:00,8,07:30-24:00,1,7,8,1,13.687674482386704,2078.047079458724,6.118361621563421,False,2078.047079458724,259.7558849323405,6.118361621563421,339.64110132603145,26.907127952872745,location_hour,1.9687945404443425,13:00,2,history,Усачева,kfm
8,2026-08-24,mega,auto,first_layer_demand_span,15:00,21:00,6,07:30-24:00,1,6,6,0,6.397872609442256,2249.2106636107396,6.397872609442256,False,2249.2106636107396,374.86844393512325,6.397872609442256,351.55602509047424,27.550334564140552,location_hour,1.450951239259863,15:00,1,history,Усачева,kfm
8,2026-08-24,mega,bike,demand_layer_gap,08:00,10:00,2,07:30-24:00,1,2,2,0,11.54682214881084,1987.059039107116,5.77341107440542,False,1987.059039107116,993.529519553558,5.77341107440542,344.17418290481857,8.217986956949995,location_hour,6.330584202660582,09:00,2,history,Усачева,kfm
8,2026-08-24,mega,bike,first_layer_demand_span,08:00,15:00,7,07:30-24:00,1,7,7,0,40.292489554038,6842.492763650543,20.146244777019,False,6842.492763650543,977.4989662357918,20.146244777019,339.6411013260315,8.574425622792678,location_hour,6.48275129532391,13:00,2,history,Усачева,kfm
8,2026-08-24,mega,bike,mid_10_20,10:00,21:00,11,07:30-24:00,1,11,11,0,49.81227242375711,8558.47968577614,24.906136211878554,False,8558.47968577614,778.0436077978309,24.906136211878554,343.6293615745312,8.87987234358086,location_hour,6.48275129532391,13:00,2,history,Усачева,kfm
8,2026-08-24,mega,bike,first_layer_demand_span,15:00,24:00,9,07:30-24:00,1,9,9,0,26.982243866057093,6058.300114329285,16.44894135679212,False,6058.300114329285,673.1444571476983,16.44894135679212,368.3094238662164,8.965950000896559,location_hour,4.777621957261629,15:00,2,history,Усачева,kfm
9,2026-08-24,medium,auto,first_layer_demand_span,08:00,15:00,7,08:00-23:00,1,7,7,0,13.678658349713036,9035.940524254424,10.753570421095787,False,9035.940524254424,1290.8486463220604,10.753570421095787,840.2735250171601,19.61866621795529,location_hour,2.5573042808763233,08:00,2,history,КИНКИ,kfm
9,2026-08-24,medium,auto,day_08_18,08:00,18:00,10,08:00-23:00,1,6,10,4,18.920415917795143,4460.595286217299,5.5459667126583,False,4460.595286217299,446.0595286217299,5.5459667126583,804.295358649789,19.670752438923635,location_hour,2.5573042808763233,08:00,2,history,КИНКИ,kfm
9,2026-08-24,medium,auto,first_layer_demand_span,15:00,23:00,8,08:00-23:00,1,8,8,0,14.167310316150619,9429.695006070226,11.546431532109565,False,9429.695006070226,1178.7118757587782,11.546431532109565,816.6761288842454,19.372136113935007,location_hour,2.415631248330469,19:00,2,cycle_time,КИНКИ,kfm
94,2026-08-24,medium,auto,single_layer_demand_span,12:00,18:00,6,12:00-23:59,1,6,6,0,0.5960771045525497,308.4805299609379,0.5960771045525497,False,308.4805299609379,51.41342166015631,0.5960771045525497,517.5178305036584,20.571448350033847,global_hour,0.12466086494300677,12:00,1,history,КО Высота 5642,non_kfm
99,2026-08-24,mega,bike,demand_layer_gap,07:00,08:00,1,07:00-23:00,1,1,1,0,4.704324530511263,1561.8158105512202,2.3521622652556315,False,1561.8158105512202,1561.8158105512202,2.3521622652556315,663.9915254237288,9.73,location_hour,4.704324530511263,07:00,2,history,Опен Аркус,kfm
99,2026-08-24,mega,bike,first_layer_demand_span,07:00,15:00,8,07:00-23:00,1,8,8,0,64.9803646204152,6160.8915390541,14.40737028323642,False,6160.8915390541,770.1114423817625,14.40737028323642,427.62082308820476,10.616796123249873,location_hour,10.780596797114137,12:00,5,history,Опен Аркус,kfm
99,2026-08-24,mega,bike,day_08_18,08:00,14:00,6,07:00-23:00,2,12,12,0,51.6772307398248,7945.1380921297505,20.67089229592992,False,3972.5690460648752,662.0948410108125,10.33544614796496,384.3635764912839,10.689958115705219,location_hour,10.780596797114137,12:00,5,history,Опен Аркус,kfm
99,2026-08-24,mega,bike,day_08_18,08:00,18:00,10,07:00-23:00,2,20,20,0,77.31099559619786,11784.341618786282,30.924398238479146,False,5892.170809393141,589.2170809393141,15.462199119239573,381.0693914852984,10.785387144360616,location_hour,10.780596797114137,12:00,5,history,Опен Аркус,kfm
99,2026-08-24,mega,bike,day_08_18,14:00,21:00,7,07:00-23:00,2,14,14,0,43.418906569898155,8149.03363476287,22.110267084899288,False,4074.516817381435,582.0738310544907,11.055133542449644,368.5633286776729,11.166896837409174,location_hour,8.598809350079133,14:00,5,history,Опен Аркус,kfm
99,2026-08-24,mega,bike,first_layer_demand_span,15:00,23:00,8,07:00-23:00,1,8,8,0,43.070716605168265,6435.215638570666,17.585991057783055,False,6435.215638570666,804.4019548213332,17.585991057783055,365.92851761531085,10.743527842950613,location_hour,7.630240487194158,15:00,5,history,Опен Аркус,kfm
1,2026-08-25,medium,bike,single_layer_demand_span,12:00,23:00,11,08:00-23:00,1,11,11,0,14.425920023733996,4976.918224542955,14.425920023733996,False,4976.918224542955,452.4471113220868,14.425920023733996,344.9983235977162,8.457661263071737,location_hour,2.510402900912917,13:00,1,history,Wall Street,kfm
10,2026-08-25,medium,bike,single_layer_demand_span,12:00,23:00,11,08:00-23:30,1,11,11,0,22.427216342633507,7782.067157623259,22.427216342633507,False,7782.067157623259,707.4606506930236,22.427216342633507,346.99211167057626,7.357603215393495,location_hour,3.4635654488513343,13:00,1,history,Якиманка,kfm
101,2026-08-25,medium,auto,first_layer_demand_span,08:00,13:00,5,08:00-22:00,1,5,5,0,13.380932287234758,7651.452694729181,11.134211194341564,False,7651.452694729181,1530.290538945836,11.134211194341564,687.2020443278163,19.89334131308571,location_hour,3.45444846300601,11:00,3,cycle_time,Алия,kfm
101,2026-08-25,medium,auto,day_08_18,08:00,18:00,10,08:00-22:00,2,12,20,8,27.110894521582058,8125.162817582825,11.400029249124724,False,4062.5814087914123,406.25814087914125,5.700014624562362,712.7317518248176,19.831273362322435,location_hour,3.45444846300601,11:00,3,cycle_time,Алия,kfm
101,2026-08-25,medium,auto,first_layer_demand_span,13:00,22:00,9,08:00-22:00,1,9,9,0,19.664598669001947,7574.806161799172,10.511290512770417,False,7574.806161799172,841.6451290887968,10.511290512770417,720.6352210127158,21.218348907773155,location_hour,3.2452638008457244,13:00,3,history,Алия,kfm
11,2026-08-25,medium,auto,custom_open_window,00:00,06:00,6,22:00-07:00,1,6,6,0,11.510168601874426,4431.653118853315,5.755084300937213,False,4431.653118853315,738.6088531422192,5.755084300937213,770.0413907284768,17.563907284768216,location_hour,4.2305586583048385,00:00,2,history,Кутузовский,kfm
11,2026-08-25,medium,auto,first_layer_demand_span,00:00,07:00,7,22:00-07:00,1,7,7,0,18.435142541599802,10958.564717293406,12.68005824066259,False,10958.564717293406,1565.5092453276295,12.68005824066259,864.2361501267657,19.385851212391735,location_hour,6.924973939725376,06:00,2,cycle_time,Кутузовский,kfm
11,2026-08-25,medium,auto,first_layer_demand_span,22:00,24:00,2,22:00-07:00,1,2,2,0,3.833910486065709,2536.0264593213105,3.833910486065709,False,2536.0264593213105,1268.0132296606553,3.833910486065709,661.4725274725274,15.274615384615386,location_hour,2.612114836660153,23:00,1,history,Кутузовский,kfm
114,2026-08-25,low,auto,single_layer_demand_span,10:00,12:00,2,10:00-22:00,1,2,2,0,0.8699979992894213,426.5773553919913,0.8699979992894213,False,426.5773553919913,213.28867769599566,0.8699979992894213,490.3199268738574,18.534445937421395,global_hour,0.4510629480776598,11:00,1,cycle_time,Bluefin Скаковая,non_kfm
115,2026-08-25,high,auto,demand_layer_gap,08:00,10:00,2,07:00-23:00,1,2,2,0,5.775865457503856,1233.3191209260726,2.3153538225243797,False,1233.3191209260726,616.6595604630363,2.3153538225243797,532.6698273620278,19.227694692119716,location_hour,3.435473437365289,09:00,3,history,Опен Символ,kfm
115,2026-08-25,high,auto,first_layer_demand_span,08:00,15:00,7,07:00-23:00,1,7,7,0,22.24319738925663,4233.101974096378,7.804464466441971,False,4233.101974096378,604.7288534423398,7.804464466441971,542.3949320671628,19.972782434502907,location_hour,3.997074840078496,14:00,3,history,Опен Символ,kfm
115,2026-08-25,high,auto,demand_layer_gap,09:00,10:00,1,07:00-23:00,1,1,1,0,3.435473437365289,571.8116504932033,1.1451578124550963,False,571.8116504932033,571.8116504932033,1.1451578124550963,499.33000000000004,21.78,location_hour,3.435473437365289,09:00,3,history,Опен Символ,kfm
115,2026-08-25,high,auto,mid_10_20,10:00,21:00,11,07:00-23:00,2,22,22,0,29.540802045250388,10999.948263680844,19.693868030166925,False,5499.974131840422,499.9976483491293,9.846934015083463,558.5468657975773,20.172379252620846,location_hour,3.997074840078496,14:00,3,history,Опен Символ,kfm
115,2026-08-25,high,auto,first_layer_demand_span,15:00,23:00,8,07:00-23:00,1,8,8,0,15.183772557301259,3679.4693179262204,6.468125814969512,False,3679.4693179262204,459.93366474077754,6.468125814969512,568.8617418991198,18.5854331332816,location_hour,2.869174438407455,15:00,3,history,Опен Символ,kfm
115,2026-08-25,high,bike,single_layer_demand_span,09:00,18:00,9,07:00-23:00,1,9,9,0,9.15368362520338,4987.279339928285,9.153683625203382,False,4987.279339928285,554.1421488809206,9.153683625203382,544.83850918733,10.07879288513713,location_hour,1.3715043847771968,14:00,1,history,Опен Символ,kfm
119,2026-08-25,medium,auto,single_layer_demand_span,12:00,18:00,6,11:00-22:00,1,6,6,0,1.91332065690201,990.177555417763,1.91332065690201,False,990.177555417763,165.02959256962717,1.91332065690201,517.5178305036585,20.571448350033847,global_hour,0.4001432133209858,12:00,1,history,Bluefin Успенское,non_kfm
12,2026-08-25,high,auto,first_layer_demand_span,08:00,16:00,8,08:00-22:00,1,8,8,0,18.883864390062115,4344.987341123105,10.165654170201094,False,4344.987341123105,543.1234176403881,10.165654170201094,427.418370561897,16.495033178188102,location_hour,3.1684806232445717,12:00,2,history,Хорошо,kfm
12,2026-08-25,high,auto,day_08_18,08:00,18:00,10,08:00-22:00,1,9,10,1,22.226623290851137,4512.480401927616,10.389589670255532,False,4512.480401927616,451.2480401927616,10.389589670255532,434.3271048371087,16.8271019285685,location_hour,3.1684806232445717,12:00,2,history,Хорошо,kfm
12,2026-08-25,high,auto,first_layer_demand_span,16:00,22:00,6,08:00-22:00,1,6,6,0,10.244874931204107,4052.68993131893,8.573495480809598,False,4052.68993131893,675.4483218864883,8.573495480809598,472.6998387519105,19.68144215912829,location_hour,1.8491857749045642,17:00,2,history,Хорошо,kfm
12,2026-08-25,high,bike,first_layer_demand_span,08:00,15:00,7,08:00-22:00,1,7,7,0,14.184517219341881,4194.970758697228,9.730385025826315,False,4194.970758697228,599.2815369567469,9.730385025826315,431.1207364932598,14.34369817135288,location_hour,2.7177755757044144,12:00,2,history,Хорошо,kfm
12,2026-08-25,high,bike,morning_08_16,08:00,16:00,8,08:00-22:00,1,4,8,4,16.197702153428523,1903.3563775615908,4.4541321935155676,False,1903.3563775615908,237.91954719519885,4.4541321935155676,427.3237288135594,14.305349884597863,location_hour,2.7177755757044144,12:00,2,history,Хорошо,kfm
12,2026-08-25,high,bike,first_layer_demand_span,15:00,21:00,6,08:00-22:00,1,6,6,0,9.390146975512161,4293.355799156907,9.390146975512161,False,4293.355799156907,715.5592998594844,9.390146975512161,457.2192331337537,13.978819406634672,location_hour,2.0131849340866412,15:00,1,history,Хорошо,kfm
123,2026-08-25,medium,bike,single_layer_demand_span_earnings_split,08:00,12:00,4,08:00-23:00,1,4,4,0,19.57288890934886,6136.241148360121,19.57288890934886,False,6136.241148360121,1534.0602870900302,19.57288890934886,313.50717703349284,5.942535885167463,location_hour,6.087262100993664,10:00,1,history,Опен Нева,kfm
123,2026-08-25,medium,bike,single_layer_demand_span_earnings_split,12:00,23:00,11,08:00-23:00,1,11,11,0,24.16526151287713,7293.214589008056,24.165261512877134,False,7293.214589008056,663.0195080916415,24.165261512877134,301.80573817178276,6.7490794779129075,"location_hour,global_hour",5.172703143696662,13:00,1,history,Опен Нева,kfm
124,2026-08-25,low,auto,single_layer_demand_span,12:00,18:00,6,09:00-22:30,1,6,6,0,0.516150937373659,267.1173133220457,0.516150937373659,False,267.1173133220457,44.51955222034095,0.516150937373659,517.5178305036584,20.571448350033844,global_hour,0.10794546846828529,12:00,1,cycle_time,ЦБ AVA Bistro,non_kfm
125,2026-08-25,medium,auto,single_layer_demand_span,12:00,23:00,11,10:00-23:00,1,11,11,0,5.467174255746252,5246.724720189495,5.467174255746252,False,5246.724720189495,476.9749745626814,5.467174255746252,959.677609447869,29.735604326710106,location_hour,0.7922429714263284,19:00,1,cycle_time,Meraki,non_kfm
126,2026-08-25,high,bike,first_layer_demand_span,07:00,14:00,7,07:00-23:00,1,7,7,0,30.931286920366936,4687.92682459087,11.8594702904785,False,4687.92682459087,669.70383208441,11.8594702904785,395.28973130904683,9.565917276938535,"global_hour,location_hour",6.888344305948978,13:00,4,history,Опен Покровка,kfm
126,2026-08-25,high,bike,demand_layer_gap,08:00,10:00,2,07:00-23:00,1,2,2,0,7.779964062716196,1337.0386899902703,3.889982031358098,False,1337.0386899902703,668.5193449951352,3.889982031358098,343.7133331753396,8.979614921998369,location_hour,3.987880287079303,09:00,2,history,Опен Покровка,kfm
126,2026-08-25,high,bike,morning_08_16,08:00,16:00,8,07:00-23:00,1,4,8,4,38.59683755548127,1957.9308296212212,5.7335336428928265,False,1957.9308296212212,244.74135370265265,5.7335336428928265,341.4876325088339,9.47910249355032,location_hour,6.888344305948978,13:00,4,history,Опен Покровка,kfm
126,2026-08-25,high,bike,day_08_18,08:00,18:00,10,07:00-23:00,1,7,10,3,46.23055540615309,3261.381312374463,9.536712070288461,False,3261.381312374463,326.1381312374463,9.536712070288461,341.9817321040096,9.32277426434539,location_hour,6.888344305948978,13:00,4,history,Опен Покровка,kfm
126,2026-08-25,high,bike,mid_10_20,10:00,21:00,11,07:00-23:00,1,11,11,0,45.88581905197509,5250.312261429303,15.307786669396904,False,5250.312261429303,477.3011146753912,15.307786669396904,342.9831088465355,9.355741054520166,location_hour,6.888344305948978,13:00,4,history,Опен Покровка,kfm
126,2026-08-25,high,bike,first_layer_demand_span,14:00,23:00,9,07:00-23:00,1,9,9,0,27.61109475164423,4241.364390096491,12.214896967596378,False,4241.364390096491,471.2627100107212,12.214896967596378,347.2288306113398,8.533686791517463,location_hour,5.429636099983312,14:00,4,history,Опен Покровка,kfm
127,2026-08-25,medium,bike,single_layer_demand_span,12:00,18:00,6,07:00-23:00,1,6,6,0,3.392681779358554,1176.6099261372672,3.392681779358554,False,1176.6099261372672,196.10165435621118,3.392681779358554,346.80821917808214,10.51,location_hour,0.929501857358508,12:00,1,cycle_time,БТ Покровка,kfm
128,2026-08-25,medium,bike,first_layer_demand_span,08:00,15:00,7,08:00-24:00,1,7,7,0,25.335059521963675,6434.772809034669,19.780435232419393,False,6434.772809034669,919.2532584335241,19.780435232419393,325.3099708588978,7.0251423637212085,location_hour,4.755602505399173,09:00,2,history,Кофемания Лаки,kfm
128,2026-08-25,medium,bike,day_08_18,08:00,18:00,10,08:00-24:00,1,6,10,4,34.27075946601317,3309.1674204960054,10.022474261569027,False,3309.1674204960054,330.91674204960054,10.022474261569027,330.1746987951808,7.1282736218696385,location_hour,4.755602505399173,09:00,2,history,Кофемания Лаки,kfm
128,2026-08-25,medium,bike,first_layer_demand_span,15:00,24:00,9,08:00-24:00,1,9,9,0,25.23869324755649,6678.338859479046,20.77084327553174,False,6678.338859479046,742.0376510532274,20.77084327553174,321.5246858728261,7.279450105215754,location_hour,3.8219471480748997,19:00,2,history,Кофемания Лаки,kfm
137,2026-08-25,medium,bike,single_layer_demand_span,12:00,18:00,6,08:00-23:00,1,6,6,0,3.418400557611621,1374.070416731812,3.418400557611621,False,1374.070416731812,229.01173612196865,3.418400557611621,401.962962962963,11.053703703703704,location_hour,1.0761631385073622,13:00,1,cycle_time,БТ Мясницкая,kfm
138,2026-08-25,medium,bike,single_layer_demand_span,12:00,18:00,6,08:00-23:00,1,6,6,0,4.9929677349633765,1900.4093365600054,4.9929677349633765,False,1900.4093365600054,316.73488942666756,4.9929677349633765,380.61718749999994,8.97578125,location_hour,1.5603024171760551,13:00,1,cycle_time,БТ Таганка,kfm
14,2026-08-25,medium,auto,first_layer_demand_span,09:00,13:00,4,09:00-23:00,1,4,4,0,13.573889057459777,7828.831295311727,10.428331252749377,False,7828.831295311727,1957.2078238279319,10.428331252749377,750.7271399005182,16.961508053251446,location_hour,4.7183367070656,12:00,3,cycle_time,Метрополис,kfm
14,2026-08-25,medium,auto,mid_10_20,10:00,20:00,10,09:00-23:00,1,6,10,4,30.59298100094732,4777.580804982212,6.274560042027588,False,4777.580804982212,477.75808049822115,6.274560042027588,761.4208443271767,20.823438782345146,location_hour,4.7183367070656,12:00,3,cycle_time,Метрополис,kfm
14,2026-08-25,medium,auto,day_evening_12_22,12:00,23:00,11,09:00-23:00,1,11,11,0,28.6590044998784,8602.476148729056,11.192222228925406,False,8602.476148729056,782.043286248096,11.192222228925406,768.6119854282953,23.781241350337357,location_hour,4.7183367070656,12:00,3,cycle_time,Метрополис,kfm
14,2026-08-25,medium,auto,first_layer_demand_span,13:00,23:00,10,09:00-23:00,1,10,10,0,23.940667792812796,7527.738380263872,9.619443326570206,False,7527.738380263872,752.7738380263872,9.619443326570206,782.554470638778,24.422364277879183,location_hour,3.526335854754291,13:00,3,cycle_time,Метрополис,kfm
142,2026-08-25,medium,bike,single_layer_demand_span,08:00,18:00,10,08:00-23:59,1,10,10,0,16.936379818121825,5744.835389258876,16.936379818121825,False,5744.835389258876,574.4835389258876,16.936379818121825,339.2009066253897,8.870971652924279,location_hour,2.528679974290055,12:00,1,cycle_time,RED7,kfm
145,2026-08-25,low,auto,single_layer_demand_span,14:00,18:00,4,14:00-23:00,1,4,4,0,0.6413413632780285,338.2991006445652,0.6413413632780285,False,338.2991006445652,84.5747751611413,0.6413413632780285,527.4867956675185,20.841358406953415,global_hour,0.19887279951714942,14:00,1,cycle_time,BSB Европейский,non_kfm
15,2026-08-25,medium,auto,single_layer_demand_span_earnings_split,00:00,09:00,9,00:00-24:00,1,6,9,3,5.391332877524153,3235.1424313027164,4.13183807292419,False,3235.1424313027164,359.4602701447463,4.13183807292419,782.9789972899729,18.84782097751589,global_hour,1.4948519857327356,00:00,1,cycle_time,Комсомолка,kfm
15,2026-08-25,medium,auto,single_layer_demand_span_earnings_split,09:00,18:00,9,00:00-24:00,1,6,9,3,4.848644727295434,868.1406983780505,1.6775087682160807,False,868.1406983780505,96.46007759756117,1.6775087682160807,517.5178305036584,19.205331374932207,global_hour,1.1243082360231336,11:00,1,history,Комсомолка,kfm
15,2026-08-25,medium,bike,single_layer_demand_span,06:00,12:00,6,00:00-24:00,1,6,6,0,6.063925683951904,3141.1002109639603,6.063925683951904,False,3141.1002109639603,523.5167018273268,6.063925683951904,517.9978078024337,8.986464429753605,global_hour,1.5387699749183608,11:00,1,history,Комсомолка,kfm
16,2026-08-25,medium,bike,single_layer_demand_span,12:00,18:00,6,08:00-23:00,1,6,6,0,7.696426366156986,2578.346071012962,7.696426366156986,False,2578.346071012962,429.724345168827,7.696426366156986,335.00561797752806,6.849775280898877,location_hour,2.017789684011195,13:00,1,history,Мосфильм,kfm
17,2026-08-25,medium,auto,demand_layer_gap,08:00,10:00,2,08:00-22:00,1,2,2,0,4.159197950990479,2561.260459333711,2.0795989754952395,False,2561.260459333711,1280.6302296668555,2.0795989754952395,1231.6126760563382,22.376901408450703,location_hour,2.6946916302191837,09:00,2,history,Внуково,kfm
17,2026-08-25,medium,auto,first_layer_demand_span,08:00,14:00,6,08:00-22:00,1,6,6,0,15.411057528500368,6644.776181004167,6.093459052905175,False,6644.776181004167,1107.4626968340278,6.093459052905175,1090.476874187928,21.44551113562967,location_hour,3.439082050869355,13:00,4,history,Внуково,kfm
17,2026-08-25,medium,auto,day_08_18,08:00,18:00,10,08:00-22:00,2,12,20,8,26.22983648019355,8906.165710496414,8.63352889853661,False,4453.082855248207,445.3082855248207,4.316764449268305,1031.5788381742739,21.530606004947593,location_hour,3.5107295935958,16:00,4,history,Внуково,kfm
17,2026-08-25,medium,auto,mid_10_20,10:00,22:00,12,08:00-22:00,1,12,12,0,29.0417281937206,10489.505755938091,10.204099647591995,False,10489.505755938091,874.1254796615076,10.204099647591995,1027.9697492383316,22.532356722563698,location_hour,3.5107295935958,16:00,4,history,Внуково,kfm
17,2026-08-25,medium,auto,first_layer_demand_span,14:00,22:00,8,08:00-22:00,1,8,8,0,17.789868616210708,6405.990034267636,6.190239570182058,False,6405.990034267636,800.7487542834544,6.190239570182058,1034.8533302531346,23.54998524847604,location_hour,3.5107295935958,16:00,4,history,Внуково,kfm
18,2026-08-25,medium,auto,first_layer_demand_span,08:00,15:00,7,08:00-22:00,1,7,7,0,24.558817810226447,7123.381959328519,11.003491718253212,False,7123.381959328519,1017.6259941897885,11.003491718253212,647.3746826665804,14.450512435759686,location_hour,5.149354143689097,08:00,3,history,Новая Рига,kfm
18,2026-08-25,medium,auto,day_08_18,08:00,18:00,10,08:00-22:00,2,16,20,4,31.710066234783156,11853.268092799983,18.322825041677703,False,5926.634046399991,592.6634046399992,9.161412520838851,646.9126930938951,14.578499765614797,location_hour,5.149354143689097,08:00,3,history,Новая Рига,kfm
18,2026-08-25,medium,auto,first_layer_demand_span,15:00,22:00,7,08:00-22:00,1,7,7,0,15.1046568479282,6612.954214123554,10.33715789822373,False,6612.954214123554,944.7077448747934,10.33715789822373,639.7265359814114,14.451243665340682,location_hour,2.70463882723619,15:00,3,history,Новая Рига,kfm
184,2026-08-25,low,auto,single_layer_demand_span,18:00,23:00,5,11:00-23:00,1,5,5,0,0.5050623445729256,279.93068708558695,0.5050623445729256,False,279.93068708558695,55.98613741711739,0.5050623445729256,554.2497675654138,21.028846007132046,global_hour,0.12745629627952698,19:00,1,cycle_time,Pasiba Sushi  Марьина Роща,non_kfm
188,2026-08-25,low,auto,single_layer_demand_span,12:00,18:00,6,12:00-20:00,1,6,6,0,0.9984004054201531,516.6900117870107,0.9984004054201531,False,516.6900117870107,86.11500196450179,0.9984004054201531,517.5178305036585,20.571448350033847,global_hour,0.20880093724209212,12:00,1,cycle_time,Мо Friends Bar & Dining Петровка,non_kfm
19,2026-08-25,medium,auto,single_layer_demand_span,12:00,18:00,6,08:00-24:00,1,6,6,0,1.334217243519498,1696.857490308098,1.334217243519498,False,1696.857490308098,282.8095817180163,1.334217243519498,1271.8000000000002,32.414,location_hour,0.26684344870389964,13:00,1,history,Conversation Никитская,non_kfm
2,2026-08-25,high,bike,first_layer_demand_span,06:00,12:00,6,00:00-24:00,1,6,6,0,21.144652193334572,5251.5223760986855,10.719616507508356,False,5251.5223760986855,875.2537293497809,10.719616507508356,489.8983440704576,10.406486997482498,"global_hour,location_hour",4.790284888948235,10:00,3,history,Кудринская,kfm
2,2026-08-25,high,bike,demand_layer_gap,08:00,10:00,2,00:00-24:00,1,2,2,0,8.339056303766654,1354.0022021811787,3.561670031505426,False,1354.0022021811787,677.0011010905894,3.561670031505426,380.159360694308,9.628506636746373,location_hour,4.691907581499248,08:00,3,history,Кудринская,kfm
2,2026-08-25,high,bike,day_08_18,08:00,18:00,10,00:00-24:00,1,9,10,1,39.68047393797103,4247.506631237486,11.66285545215726,False,4247.506631237486,424.75066312374855,11.66285545215726,364.19096924088444,9.70682503442846,location_hour,6.152844858195882,12:00,3,history,Кудринская,kfm
2,2026-08-25,high,bike,mid_10_20,10:00,21:00,11,00:00-24:00,1,11,11,0,38.61630925972896,5035.534675952151,14.084585024163749,False,5035.534675952151,457.7758796320137,14.084585024163749,357.5209825005922,9.386315613749147,location_hour,6.152844858195882,12:00,3,history,Кудринская,kfm
2,2026-08-25,high,bike,first_layer_demand_span,12:00,24:00,12,00:00-24:00,1,12,12,0,34.910670126355605,5964.578107766996,16.026595304355386,False,5964.578107766996,497.0481756472497,16.026595304355386,372.1675124688563,9.189601190654345,location_hour,6.152844858195882,12:00,3,history,Кудринская,kfm
20,2026-08-25,medium,auto,first_layer_demand_span,08:00,14:00,6,08:00-22:00,1,6,6,0,13.543003683139608,7171.7629440837345,11.227961947776254,False,7171.7629440837345,1195.2938240139558,11.227961947776254,638.7412940515115,15.23213456686577,location_hour,3.7327614564806177,11:00,2,history,Павлово,kfm
20,2026-08-25,medium,auto,mid_10_20,10:00,20:00,10,08:00-22:00,1,6,10,4,21.454856976758016,4421.609452635671,5.652309691536495,False,4421.609452635671,442.1609452635671,5.652309691536495,782.2659574468084,19.182728893178982,location_hour,3.7327614564806177,11:00,2,history,Павлово,kfm
20,2026-08-25,medium,auto,first_layer_demand_span,14:00,22:00,8,08:00-22:00,1,8,8,0,12.56540748905061,7058.968794797782,9.228139532877465,False,7058.968794797782,882.3710993497227,9.228139532877465,764.9395384246748,22.754168064892895,location_hour,2.345107212445993,14:00,2,cycle_time,Павлово,kfm
21,2026-08-25,high,auto,demand_layer_gap,08:00,10:00,2,08:00-23:00,1,2,2,0,6.088411972451951,1873.47855740691,2.4465809600725335,False,1873.47855740691,936.739278703455,2.4465809600725335,765.7537551307386,17.15558705080041,location_hour,3.5857501569206502,09:00,3,history,Горки-2,kfm
21,2026-08-25,high,auto,first_layer_demand_span,08:00,15:00,7,08:00-23:00,1,7,7,0,25.85432594608971,7152.548874658573,9.03521895128512,False,7152.548874658573,1021.7926963797962,9.03521895128512,791.6298335682538,18.17791220094556,location_hour,4.520461283656199,11:00,3,history,Горки-2,kfm
21,2026-08-25,high,auto,demand_layer_gap,09:00,10:00,1,08:00-23:00,1,1,1,0,3.5857501569206502,955.6920605732763,1.1952500523068834,False,955.6920605732763,955.6920605732763,1.1952500523068834,799.575,16.46,location_hour,3.5857501569206502,09:00,3,history,Горки-2,kfm
21,2026-08-25,high,auto,mid_10_20,10:00,21:00,11,08:00-23:00,2,22,22,0,39.68890801096366,18431.91344885801,23.138773001088122,False,9215.956724429005,837.8142476753641,11.569386500544061,796.5812814703369,18.61028515736784,location_hour,4.520461283656199,11:00,4,history,Горки-2,kfm
21,2026-08-25,high,auto,day_evening_12_22,12:00,22:00,10,08:00-23:00,1,6,10,4,32.63926035315135,3936.8864071773414,4.980748509331474,False,3936.8864071773414,393.68864071773413,4.980748509331474,790.4206365371695,18.772652078811443,location_hour,4.042335570961794,13:00,4,history,Горки-2,kfm
21,2026-08-25,high,auto,first_layer_demand_span,15:00,23:00,8,08:00-23:00,1,8,8,0,23.54484221352989,7171.279143258784,8.602596685535465,False,7171.279143258784,896.409892907348,8.602596685535465,833.6179650635813,14.93297635059138,location_hour,3.8342506974261332,15:00,4,history,Горки-2,kfm
222,2026-08-25,low,auto,single_layer_demand_span,06:00,12:00,6,06:00-23:59,1,6,6,0,1.4890429926003526,771.3210058905582,1.4890429926003526,False,771.3210058905582,128.5535009817597,1.4890429926003526,517.9978078024337,18.70111128464425,global_hour,0.3778566505918575,11:00,1,cycle_time,Ирис Химки,non_kfm
25,2026-08-25,medium,bike,first_layer_demand_span,08:00,18:00,10,08:00-24:00,1,10,10,0,29.205728389877063,6490.807569873832,20.486791441622298,False,6490.807569873832,649.0807569873832,20.486791441622298,316.8288986769634,6.339358335010272,location_hour,4.085096332399086,12:00,2,history,Весна,kfm
25,2026-08-25,medium,bike,day_evening_12_22,12:00,22:00,10,08:00-24:00,1,6,10,4,22.496994110616754,2777.3167617479216,8.718936948254765,False,2777.3167617479216,277.73167617479214,8.718936948254765,318.53846153846155,6.304060270832014,location_hour,4.085096332399086,12:00,2,history,Весна,kfm
26,2026-08-25,medium,bike,single_layer_demand_span,08:00,18:00,10,08:00-23:00,1,10,10,0,20.760059535300638,6248.948476748059,20.760059535300634,False,6248.948476748059,624.8948476748059,20.760059535300634,301.0082156133646,7.409261184783303,location_hour,2.6042991030000975,13:00,1,history,Тверская,kfm
27,2026-08-25,medium,bike,single_layer_demand_span,18:00,23:00,5,08:00-23:30,1,5,5,0,1.055622445141804,585.0784948566786,1.055622445141804,False,585.0784948566786,117.01569897133572,1.055622445141804,554.2497675654138,9.14309674164918,global_hour,0.2663942948292506,19:00,1,history,4 Ветра,kfm
28,2026-08-25,low,bike,single_layer_demand_span,12:00,18:00,6,08:00-23:00,1,6,6,0,1.17829725059738,609.7898368175818,1.17829725059738,False,609.7898368175818,101.63163946959696,1.17829725059738,517.5178305036585,9.12940454912725,global_hour,0.24642374836674624,12:00,1,cycle_time,Гранд,kfm
29,2026-08-25,mega,auto,demand_layer_gap,07:00,08:00,1,07:00-22:00,1,1,1,0,5.0640703423391,1877.6542848984773,2.53203517116955,False,1877.6542848984773,1877.6542848984773,2.53203517116955,741.5593220338983,18.53,location_hour,5.0640703423391,07:00,2,history,Украинский,kfm
29,2026-08-25,mega,auto,first_layer_demand_span,07:00,15:00,8,07:00-22:00,1,8,8,0,52.073547360712425,6286.728417649213,9.623135811851359,False,6286.728417649213,785.8410522061516,9.623135811851359,653.2931198899637,18.54367430248355,location_hour,8.048889065756848,11:00,8,history,Украинский,kfm
29,2026-08-25,mega,auto,day_08_18,08:00,14:00,6,07:00-22:00,3,18,18,0,41.54598868282928,11861.106408636932,18.93180692109798,False,3953.7021362123105,658.9503560353851,6.31060230703266,626.5173978411264,18.38635711621192,location_hour,8.048889065756848,11:00,8,history,Украинский,kfm
29,2026-08-25,mega,auto,morning_08_16,08:00,16:00,8,07:00-22:00,2,8,16,8,53.68117720311199,4530.286573962497,7.315541512725231,False,2265.1432869812484,283.14291087265605,3.6577707563626154,619.2687945358739,18.693794575616256,location_hour,8.048889065756848,11:00,8,history,Украинский,kfm
29,2026-08-25,mega,auto,day_08_18,08:00,18:00,10,07:00-22:00,2,18,20,2,63.65920668294238,10453.151401232015,16.879442831110538,False,5226.575700616007,522.6575700616007,8.439721415555269,619.2829648361253,18.95390159178734,location_hour,8.048889065756848,11:00,8,history,Украинский,kfm
29,2026-08-25,mega,auto,day_08_18,14:00,21:00,7,07:00-22:00,3,21,21,0,35.26180260516913,13009.026745550756,20.527798287023998,False,4336.3422485169185,619.4774640738455,6.842599429008,633.7273273858115,20.73206271633331,location_hour,6.671700184738666,15:00,7,history,Украинский,kfm
29,2026-08-25,mega,auto,first_layer_demand_span,15:00,22:00,7,07:00-22:00,1,7,7,0,33.411391221629216,6296.647694395938,9.675178047362976,False,6296.647694395938,899.5210991994197,9.675178047362976,650.8043225222222,19.62531288679005,location_hour,6.671700184738666,15:00,6,history,Украинский,kfm
29,2026-08-25,mega,bike,single_layer_demand_span,08:00,15:00,7,07:00-22:00,1,5,7,2,6.777094193380135,3004.2711161608804,4.873229924928901,False,3004.2711161608804,429.1815880229829,4.873229924928901,616.4845825953332,9.217289737051253,location_hour,1.1603634588272886,11:00,1,history,Украинский,kfm
30,2026-08-25,high,auto,demand_layer_gap,08:00,12:00,4,08:00-24:00,1,4,4,0,15.2397305440264,2240.5561420094045,4.845742966816281,False,2240.5561420094045,560.1390355023511,4.845742966816281,462.3761840759541,21.135398919676394,location_hour,4.82938273119266,11:00,5,history,Черёмушки,kfm
30,2026-08-25,high,auto,first_layer_demand_span,08:00,16:00,8,08:00-24:00,1,8,8,0,33.73268875791277,4389.511214043793,8.726761813649656,False,4389.511214043793,548.6889017554741,8.726761813649656,502.99427299345956,21.851275808651547,location_hour,5.383574192149195,13:00,5,history,Черёмушки,kfm
30,2026-08-25,high,auto,morning_08_16,08:00,16:00,8,08:00-24:00,1,4,8,4,33.73268875791277,2101.9927922620404,3.9347593727913965,False,2101.9927922620404,262.74909903275505,3.9347593727913965,534.2112676056338,21.851275808651547,location_hour,5.383574192149195,13:00,5,history,Черёмушки,kfm
30,2026-08-25,high,auto,day_08_18,08:00,18:00,10,08:00-24:00,1,7,10,3,39.52743523969484,3403.4982175762943,6.295582013517425,False,3403.4982175762943,340.34982175762946,6.295582013517425,540.6169295020771,22.101476931421637,location_hour,5.383574192149195,13:00,5,history,Черёмушки,kfm
30,2026-08-25,high,auto,demand_layer_gap,09:00,10:00,1,08:00-24:00,1,1,1,0,4.048211956744954,593.3401614101748,1.3494039855816513,False,593.3401614101748,593.3401614101748,1.3494039855816513,439.7053571428571,23.78,location_hour,4.048211956744954,09:00,3,cycle_time,Черёмушки,kfm
30,2026-08-25,high,auto,mid_10_20,10:00,21:00,11,08:00-24:00,1,11,11,0,42.693691934331156,5912.512292485449,10.821116849340775,False,5912.512292485449,537.5011174986771,10.821116849340775,546.3865121136402,24.17202532186784,location_hour,5.383574192149195,13:00,5,history,Черёмушки,kfm
30,2026-08-25,high,auto,day_evening_12_22,12:00,24:00,12,08:00-24:00,1,12,12,0,39.68349939723615,6639.562985433646,11.415440893199364,False,6639.562985433646,553.2969154528038,11.415440893199364,581.6300086481198,24.14207800220996,location_hour,5.383574192149195,13:00,5,history,Черёмушки,kfm
30,2026-08-25,high,auto,first_layer_demand_span,16:00,24:00,8,08:00-24:00,1,8,8,0,21.190541183349772,4490.607913399257,7.534422046365989,False,4490.607913399257,561.3259891749071,7.534422046365989,596.0122602323787,24.861667514762523,location_hour,3.3986116253876633,18:00,4,history,Черёмушки,kfm
30,2026-08-25,high,bike,single_layer_demand_span,09:00,21:00,12,08:00-24:00,1,12,12,0,15.684310779228515,8396.51864026016,15.684310779228511,False,8396.51864026016,699.7098866883466,15.684310779228511,535.3450820025878,9.070959860255364,location_hour,1.8064657984293782,13:00,1,history,Черёмушки,kfm
301,2026-08-25,low,auto,single_layer_demand_span,12:00,18:00,6,12:00-23:00,1,6,6,0,1.0862559104824807,562.1568021646696,1.0862559104824807,False,562.1568021646696,93.69280036077826,1.0862559104824807,517.5178305036584,20.571448350033847,global_hour,0.22717463951555183,12:00,1,cycle_time,Биродром и Панчетта Дежнева,non_kfm
33,2026-08-25,high,auto,first_layer_demand_span,08:00,15:00,7,08:00-23:00,1,7,7,0,19.912398704877013,5197.385250519891,9.956199352438507,False,5197.385250519891,742.4836072171273,9.956199352438507,522.0250284810669,18.900123040831563,location_hour,3.5931731949178674,12:00,2,cycle_time,Даниловский,kfm
33,2026-08-25,high,auto,day_08_18,08:00,18:00,10,08:00-23:00,1,10,10,0,25.106308739905597,6594.8785761150275,12.553154369952797,False,6594.8785761150275,659.4878576115027,12.553154369952797,525.3562874922111,18.998004547426113,location_hour,3.5931731949178674,12:00,2,cycle_time,Даниловский,kfm
33,2026-08-25,high,auto,first_layer_demand_span,15:00,23:00,8,08:00-23:00,1,8,8,0,11.53027158317867,5156.130083638294,8.93331656566438,False,5156.130083638294,644.5162604547868,8.93331656566438,577.1798240595348,19.44095168624266,location_hour,1.98141181155386,18:00,2,history,Даниловский,kfm
33,2026-08-25,high,bike,single_layer_demand_span_earnings_split,08:00,13:00,5,08:00-23:00,1,5,5,0,10.989261544430516,5608.4325711484325,10.989261544430516,False,5608.4325711484325,1121.6865142296865,10.989261544430516,510.3557275867049,9.01253328115164,location_hour,2.693319463215687,12:00,1,history,Даниловский,kfm
33,2026-08-25,high,bike,single_layer_demand_span_earnings_split,13:00,21:00,8,08:00-23:00,1,8,8,0,11.384304013188299,6315.764239720855,11.384304013188299,False,6315.764239720855,789.4705299651068,11.384304013188299,554.7782484027371,8.762448237305819,location_hour,2.209903149305179,13:00,1,history,Даниловский,kfm
335,2026-08-25,low,auto,single_layer_demand_span_earnings_split,00:00,12:00,12,00:00-24:00,1,12,12,0,12.799507464228306,8738.290406054924,12.799507464228304,False,8738.290406054924,728.1908671712437,12.799507464228304,682.7052080305783,18.71588992531527,global_hour,2.8783673814314747,00:00,1,cycle_time,Кутузовский (Не использовать),kfm
335,2026-08-25,low,auto,single_layer_demand_span_earnings_split,12:00,24:00,12,00:00-24:00,1,6,12,6,2.950017377160417,1133.4211408274323,2.0230838487606846,False,1133.4211408274323,94.45176173561936,2.0230838487606846,560.2442733758918,20.835752926382217,global_hour,0.48114398706287403,19:00,1,cycle_time,Кутузовский (Не использовать),kfm
335,2026-08-25,low,bike,single_layer_demand_span,00:00,06:00,6,00:00-24:00,1,6,6,0,8.865227257910048,6941.286749146144,8.865227257910048,False,6941.286749146144,1156.8811248576906,8.865227257910048,782.9789972899728,8.966526406988457,"global_hour,global_vehicle",3.207338316886155,00:00,1,history,Кутузовский (Не использовать),kfm
34,2026-08-25,medium,auto,single_layer_demand_span,00:00,07:00,7,22:00-07:00,1,7,7,0,13.498803808836703,11423.790709870322,13.498803808836703,False,11423.790709870322,1631.970101410046,13.498803808836703,846.281705523565,17.87856123076565,location_hour,4.016854033848125,06:00,1,cycle_time,Аркус,kfm
34,2026-08-25,medium,auto,single_layer_demand_span,22:00,24:00,2,22:00-07:00,1,2,2,0,2.969343017534439,1918.9769953844934,2.969343017534439,False,1918.9769953844934,959.4884976922467,2.969343017534439,646.2631578947368,19.44017543859649,location_hour,2.60468685748635,23:00,1,history,Аркус,kfm
348,2026-08-25,medium,auto,single_layer_demand_span,08:00,18:00,10,08:00-21:00,1,10,10,0,12.312648758705935,6656.07800881688,12.312648758705935,False,6656.07800881688,665.607800881688,12.312648758705935,540.5886368772236,13.333158678309665,location_hour,1.550829609341665,12:00,1,history,Рига Холл,kfm
35,2026-08-25,high,auto,demand_layer_gap,08:00,10:00,2,08:00-23:00,1,2,2,0,5.934051289048975,1456.0122164980487,2.9670256445244876,False,1456.0122164980487,728.0061082490244,2.9670256445244876,490.7312544416506,18.85473301186267,location_hour,3.487546221129921,09:00,2,cycle_time,Ленинский,kfm
35,2026-08-25,high,auto,first_layer_demand_span,08:00,15:00,7,08:00-23:00,1,7,7,0,27.4326463498883,5396.01482851503,10.786322541420354,False,5396.01482851503,770.8592612164329,10.786322541420354,500.2645533539253,18.61804685901755,location_hour,4.869578517687438,11:00,3,history,Ленинский,kfm
35,2026-08-25,high,auto,mid_10_20,10:00,21:00,11,08:00-23:00,1,11,11,0,39.44378354366568,6909.463780944586,13.801026391171314,False,6909.463780944586,628.1330709949624,13.801026391171314,500.648544905664,19.561039863694493,location_hour,4.869578517687438,11:00,3,history,Ленинский,kfm
35,2026-08-25,high,auto,demand_layer_gap,11:00,12:00,1,08:00-23:00,1,1,1,0,4.869578517687438,807.7722873323214,1.6231928392291461,False,807.7722873323214,807.7722873323214,1.6231928392291461,497.6440677966102,17.49,location_hour,4.869578517687438,11:00,3,history,Ленинский,kfm
35,2026-08-25,high,auto,day_evening_12_22,12:00,22:00,10,08:00-23:00,1,9,10,1,33.46389374955683,5142.146051850373,10.218537922093898,False,5142.146051850373,514.2146051850373,10.218537922093898,503.2173967600922,19.90707304899629,location_hour,4.745775674017419,13:00,3,history,Ленинский,kfm
35,2026-08-25,high,auto,first_layer_demand_span,15:00,23:00,8,08:00-23:00,1,8,8,0,21.825720823351993,5140.976430904119,9.862261834801094,False,5140.976430904119,642.6220538630149,9.862261834801094,521.2776254594141,20.24115235437936,location_hour,4.1427958218710526,15:00,3,history,Ленинский,kfm
35,2026-08-25,high,bike,single_layer_demand_span,09:00,18:00,9,08:00-23:00,1,9,9,0,10.250906603501209,5135.924509992215,10.250906603501209,False,5135.924509992215,570.6582788880238,10.250906603501209,501.0214909418874,11.324434395153926,location_hour,1.4490221496748596,11:00,1,history,Ленинский,kfm
36,2026-08-25,low,auto,single_layer_demand_span,12:00,18:00,6,08:00-23:00,1,6,6,0,0.9580416253047493,855.1626938489469,0.9580416253047493,False,855.1626938489469,142.52711564149115,0.9580416253047493,892.6153846153845,33.85153846153846,location_hour,0.22108652891648062,15:00,1,cycle_time,Friends Forever Botanica,non_kfm
37,2026-08-25,medium,bike,single_layer_demand_span,08:00,18:00,10,07:30-24:00,1,10,10,0,15.479319358551162,5323.485347785412,15.479319358551162,False,5323.485347785412,532.3485347785412,15.479319358551162,343.9095236990886,8.677914783138174,location_hour,2.2250964056744498,13:00,1,cycle_time,БТ Усачева,kfm
38,2026-08-25,medium,bike,single_layer_demand_span,18:00,23:00,5,08:00-23:00,1,5,5,0,8.851947354375287,2725.164629702792,8.851947354375287,False,2725.164629702792,545.0329259405584,8.851947354375287,307.86046511627904,4.328139534883721,location_hour,2.4016911426599616,20:00,1,history,Нева,kfm
39,2026-08-25,high,auto,demand_layer_gap,08:00,10:00,2,08:00-23:00,2,4,4,0,7.933629517206094,3250.272669465572,4.555258484277689,False,1625.136334732786,812.568167366393,2.2776292421388447,713.5210176730412,16.03586539425472,location_hour,4.40296716315824,09:00,4,history,Гребной,kfm
39,2026-08-25,high,auto,first_layer_demand_span,08:00,15:00,7,08:00-23:00,1,7,7,0,39.51782255444878,5997.181386125055,8.886664761324246,False,5997.181386125055,856.7401980178649,8.886664761324246,674.8517635351179,17.022264999314384,location_hour,7.0407167548029435,11:00,5,history,Гребной,kfm
39,2026-08-25,high,auto,morning_08_16,08:00,16:00,8,08:00-23:00,1,4,8,4,44.30137430763067,3390.763765134034,5.148050960501077,False,3390.763765134034,423.8454706417543,5.148050960501077,658.65,16.886781359832028,location_hour,7.0407167548029435,11:00,5,history,Гребной,kfm
39,2026-08-25,high,auto,demand_layer_gap,09:00,10:00,1,08:00-23:00,1,1,1,0,4.40296716315824,775.8028141484818,1.10074179078956,False,775.8028141484818,775.8028141484818,1.10074179078956,704.8,15.700000000000001,location_hour,4.40296716315824,09:00,4,history,Гребной,kfm
39,2026-08-25,high,auto,mid_10_20,10:00,21:00,11,08:00-23:00,3,33,33,0,56.1285941653684,25491.597177096388,38.23540740365049,False,8497.19905903213,772.4726417301936,12.745135801216831,666.7013354397421,17.357076306413877,location_hour,7.0407167548029435,11:00,5,history,Гребной,kfm
39,2026-08-25,high,auto,first_layer_demand_span,15:00,23:00,8,08:00-23:00,1,8,8,0,28.28163832032164,6731.4457295204975,9.873337474227355,False,6731.4457295204975,841.4307161900622,9.873337474227355,681.7801728231995,16.91319629484813,location_hour,4.9987728620334995,18:00,4,history,Гребной,kfm
4,2026-08-25,high,auto,first_layer_demand_span,08:00,15:00,7,08:00-24:00,1,7,7,0,16.08335669428189,3733.56842172606,8.658536117572352,False,3733.56842172606,533.3669173894372,8.658536117572352,431.20088327042333,23.547849001442938,location_hour,3.2244801461928083,13:00,2,cycle_time,Аврора,kfm
4,2026-08-25,high,auto,demand_layer_gap,09:00,10:00,1,08:00-24:00,1,1,1,0,1.3845671648575006,288.16798606869895,0.6922835824287503,False,288.16798606869895,288.16798606869895,0.6922835824287503,416.25714285714287,24.099999999999998,location_hour,1.3845671648575006,09:00,2,cycle_time,Аврора,kfm
4,2026-08-25,high,auto,mid_10_20,10:00,21:00,11,08:00-24:00,1,11,11,0,24.01660627954815,5608.183316861419,12.008303139774073,False,5608.183316861419,509.83484698740176,12.008303139774073,467.0254615979767,22.50800828911205,location_hour,3.2244801461928083,13:00,2,cycle_time,Аврора,kfm
4,2026-08-25,high,auto,first_layer_demand_span,15:00,24:00,9,08:00-24:00,1,9,9,0,12.778211696308578,3774.3015119282386,7.502445550815289,False,3774.3015119282386,419.36683465869316,7.502445550815289,503.07616181474134,22.488239767164742,location_hour,2.2804169764040143,15:00,2,cycle_time,Аврора,kfm
4,2026-08-25,high,bike,first_layer_demand_span,08:00,15:00,7,08:00-24:00,1,7,7,0,24.99220280875744,5645.306312377583,13.112671003776171,False,5645.306312377583,806.4723303396547,13.112671003776171,430.5229888519169,11.783190602179836,location_hour,5.0105748009128925,13:00,3,history,Аврора,kfm
4,2026-08-25,high,bike,morning_08_16,08:00,16:00,8,08:00-24:00,1,4,8,4,28.53578171744913,2572.883112618057,5.939765902490635,False,2572.883112618057,321.61038907725714,5.939765902490635,433.16237623762373,11.725673434138042,location_hour,5.0105748009128925,13:00,3,history,Аврора,kfm
4,2026-08-25,high,bike,day_08_18,08:00,18:00,10,08:00-24:00,1,7,10,3,33.66553404241233,4744.278585660008,10.276431519318082,False,4744.278585660008,474.42785856600074,10.276431519318082,461.66595639172084,11.58030587988634,location_hour,5.0105748009128925,13:00,3,history,Аврора,kfm
4,2026-08-25,high,bike,first_layer_demand_span,15:00,21:00,6,08:00-24:00,1,6,6,0,16.39620633752685,6174.653095067213,12.059540720699403,False,6174.653095067213,1029.108849177869,12.059540720699403,512.0139512833047,10.793366505378966,location_hour,3.5435789086916882,15:00,2,history,Аврора,kfm
40,2026-08-25,medium,bike,single_layer_demand_span,12:00,18:00,6,09:00-19:00,1,6,6,0,1.7402886304989682,900.6303965060089,1.7402886304989682,False,900.6303965060089,150.10506608433482,1.7402886304989682,517.5178305036584,9.129404549127251,global_hour,0.3639560792916788,12:00,1,history,БТ Аркус,kfm
43,2026-08-25,low,auto,single_layer_demand_span,12:00,18:00,6,11:00-23:00,1,6,6,0,0.8107746224919058,419.59032365943375,0.8107746224919058,False,419.59032365943375,69.93172060990562,0.8107746224919058,517.5178305036584,20.57144835003385,global_hour,0.16956173109442144,12:00,1,cycle_time,Frankie Новослободская,non_kfm
434,2026-08-25,medium,auto,first_layer_demand_span,08:00,13:00,5,08:00-22:00,1,5,5,0,11.037463008485163,6868.683610567634,9.303743308674454,False,6868.683610567634,1373.7367221135269,9.303743308674454,738.2709714447449,18.433637013666115,"global_hour,location_hour",3.2754959310515326,10:00,3,history,Сколково,kfm
434,2026-08-25,medium,auto,day_08_18,08:00,18:00,10,08:00-22:00,1,6,10,4,23.430849925100784,3613.126033146138,4.997988822110562,False,3613.126033146138,361.3126033146138,4.997988822110562,722.9159891598915,18.501699538093188,"global_hour,location_hour",3.2754959310515326,10:00,3,history,Сколково,kfm
434,2026-08-25,medium,auto,day_evening_12_22,12:00,22:00,10,08:00-22:00,1,10,10,0,25.989091073815857,7779.910689810005,10.495551125852648,False,7779.910689810005,777.9910689810006,10.495551125852648,741.2579479172393,18.628254293691885,location_hour,3.210090381680767,13:00,3,history,Сколково,kfm
434,2026-08-25,medium,auto,first_layer_demand_span,13:00,22:00,9,08:00-22:00,1,9,9,0,23.38851152409979,7186.23359479123,9.628691275947293,False,7186.23359479123,798.4703994212477,9.628691275947293,746.3354456843598,18.68931673700608,location_hour,3.210090381680767,13:00,3,history,Сколково,kfm
44,2026-08-25,low,auto,single_layer_demand_span,12:00,18:00,6,11:00-24:00,1,6,6,0,0.7007760468289788,362.66409942386326,0.7007760468289788,False,362.66409942386326,60.444016570643875,0.7007760468289788,517.5178305036585,20.571448350033847,global_hour,0.146557127361264,12:00,1,cycle_time,Frankie Пятницкая,non_kfm
443,2026-08-25,low,auto,single_layer_demand_span,12:00,18:00,6,10:00-20:00,1,6,6,0,0.8250157398820123,426.9603558351096,0.8250157398820123,False,426.9603558351096,71.1600593058516,0.8250157398820123,517.5178305036585,20.571448350033847,global_hour,0.17254005386180607,12:00,1,cycle_time,Пинский доставка,non_kfm
46,2026-08-25,low,bike,single_layer_demand_span,12:00,18:00,6,10:00-22:00,1,6,6,0,1.3874897438578897,718.0506820874118,1.3874897438578897,False,718.0506820874118,119.6751136812353,1.3874897438578897,517.5178305036584,9.12940454912725,global_hour,0.2901733185989648,12:00,1,cycle_time,БТ Павелецкая Плаза,kfm
47,2026-08-25,medium,bike,single_layer_demand_span,12:00,18:00,6,08:00-21:00,1,6,6,0,5.40575651119542,2044.6479039403855,5.40575651119542,False,2044.6479039403855,340.7746506567309,5.40575651119542,378.2352941176471,10.882,location_hour,1.5263312502198834,12:00,1,cycle_time,БТ Царская Площадь,kfm
479,2026-08-25,medium,auto,single_layer_demand_span_earnings_split,06:00,14:00,8,00:00-24:00,1,6,8,2,6.25850556651475,3845.340453774132,5.978099913717676,False,3845.340453774132,480.6675567217665,5.978099913717676,643.2379032258065,23.09191844718495,"location_hour,global_hour",2.699787057807982,07:00,1,cycle_time,Покровка,kfm
479,2026-08-25,medium,auto,single_layer_demand_span_earnings_split,14:00,24:00,10,00:00-24:00,1,6,10,4,3.5582362608324596,1317.2254789536019,2.43661364964416,False,1317.2254789536019,131.72254789536018,2.43661364964416,540.5967741935484,21.8014855684819,"location_hour,global_hour",1.2969072651331819,22:00,1,cycle_time,Покровка,kfm
5,2026-08-25,medium,auto,single_layer_demand_span,00:00,12:00,12,00:00-24:00,1,12,12,0,5.449297624591634,3674.052909848411,5.449297624591634,False,3674.052909848411,306.17107582070093,5.449297624591634,674.2250401718042,18.715129028394788,global_hour,1.1623505402771954,00:00,1,cycle_time,Покровка (не использовать),kfm
51,2026-08-25,medium,bike,single_layer_demand_span,12:00,18:00,6,08:00-22:00,1,6,6,0,2.4848902948941407,899.5302867516789,2.4848902948941407,False,899.5302867516789,149.92171445861314,2.4848902948941407,362.0,10.331666666666665,location_hour,0.7454670884682422,13:00,1,cycle_time,БТ Новинский,kfm
516,2026-08-25,low,auto,single_layer_demand_span,12:00,18:00,6,09:00-22:00,1,6,6,0,1.46531441144456,758.3263352165341,1.46531441144456,False,758.3263352165341,126.38772253608902,1.46531441144456,517.5178305036586,20.57144835003385,global_hour,0.306449216970433,12:00,1,cycle_time,La Raquette by Pinskiy&Co,non_kfm
53,2026-08-25,low,auto,single_layer_demand_span,12:00,18:00,6,11:00-23:00,1,6,6,0,1.2071915278509049,624.7431404957971,1.2071915278509049,False,624.7431404957971,104.12385674929952,1.2071915278509049,517.5178305036585,20.571448350033847,global_hour,0.252466566597504,12:00,1,cycle_time,IZUMI,non_kfm
54,2026-08-25,medium,auto,day_evening_12_22,12:00,23:00,11,10:00-23:00,1,11,11,0,20.262657077240963,9565.62627542076,10.131328538620483,False,9565.62627542076,869.6023886746145,10.131328538620483,944.1630718969112,25.62693346047058,location_hour,2.398034430306504,19:00,2,cycle_time,Maroon,non_kfm
54,2026-08-25,medium,auto,first_layer_demand_span,12:00,23:00,11,10:00-23:00,1,11,11,0,20.262657077240963,9565.62627542076,10.131328538620483,False,9565.62627542076,869.6023886746145,10.131328538620483,944.1630718969112,25.62693346047058,location_hour,2.398034430306504,19:00,2,cycle_time,Maroon,non_kfm
6,2026-08-25,mega,auto,first_layer_demand_span,06:00,14:00,8,00:00-24:00,1,8,8,0,22.200442781787523,5480.159513805407,9.403339291406711,False,5480.159513805407,685.0199392256759,9.403339291406711,582.7886609189438,23.267137515063837,location_hour,3.937212176963881,13:00,4,cycle_time,Неглинная,kfm
6,2026-08-25,mega,auto,demand_layer_gap,08:00,10:00,2,00:00-24:00,1,2,2,0,5.5283217938717755,1116.5806198280543,2.292764462773311,False,1116.5806198280543,558.2903099140271,2.292764462773311,487.00188700475877,24.19026177364558,location_hour,2.828378604975461,09:00,3,history,Неглинная,kfm
6,2026-08-25,mega,auto,morning_08_16,08:00,16:00,8,00:00-24:00,1,4,8,4,24.024390809844896,1726.6246972275742,3.383024748693755,False,1726.6246972275742,215.82808715344677,3.383024748693755,510.3789731051345,26.976260918745545,location_hour,3.937212176963881,13:00,4,cycle_time,Неглинная,kfm
6,2026-08-25,mega,auto,day_08_18,08:00,18:00,10,00:00-24:00,1,9,10,1,28.97388948231538,3927.0765577279985,7.630307181575103,False,3927.0765577279985,392.70765577279985,7.630307181575103,514.6682124686549,27.399609918758326,location_hour,3.937212176963881,13:00,4,cycle_time,Неглинная,kfm
6,2026-08-25,mega,auto,mid_10_20,10:00,21:00,11,00:00-24:00,1,11,11,0,28.789935091486857,5062.796006231716,9.359698014771576,False,5062.796006231716,460.25418238470144,9.359698014771576,540.914460941107,29.009820707188446,location_hour,3.937212176963881,13:00,4,cycle_time,Неглинная,kfm
6,2026-08-25,mega,auto,first_layer_demand_span,14:00,24:00,10,00:00-24:00,1,10,10,0,19.354380017372875,5346.306681537453,9.485689099939941,False,5346.306681537453,534.6306681537453,9.485689099939941,563.6181647120717,28.025093262131104,location_hour,2.8784660453433415,14:00,4,cycle_time,Неглинная,kfm
6,2026-08-25,mega,bike,single_layer_demand_span_earnings_split,06:00,14:00,8,00:00-24:00,1,8,8,0,15.756315818434224,8455.346020255936,15.756315818434222,False,8455.346020255936,1056.918252531992,15.756315818434222,536.6321745317862,8.048723198336122,location_hour,2.7943568114470225,13:00,1,history,Неглинная,kfm
6,2026-08-25,mega,bike,single_layer_demand_span_earnings_split,14:00,24:00,10,00:00-24:00,1,10,10,0,13.736380261473569,7626.807668215816,13.736380261473569,False,7626.807668215816,762.6807668215816,13.736380261473569,555.2268882368325,8.25012668511506,location_hour,2.0429331310579073,14:00,1,history,Неглинная,kfm
69,2026-08-25,mega,auto,day_08_18,08:00,15:00,7,08:00-23:00,2,14,14,0,38.65581240142123,8176.30358765018,18.517640497230364,False,4088.15179382509,584.0216848321558,9.258820248615182,441.5413285981596,15.801531605601198,location_hour,6.845466070055452,11:00,5,cycle_time,Опен Мичуринский,kfm
69,2026-08-25,mega,auto,morning_08_16,08:00,16:00,8,08:00-23:00,2,9,16,7,43.30976750854581,4811.695424314902,10.879351655575679,False,2405.847712157451,300.7309640196814,5.439675827787839,442.2777732208797,16.04814191108737,location_hour,6.845466070055452,11:00,5,cycle_time,Опен Мичуринский,kfm
69,2026-08-25,mega,auto,first_layer_demand_span,08:00,17:00,9,08:00-23:00,1,9,9,0,47.68378546636967,5403.488978030049,12.268144603597996,False,5403.488978030049,600.387664225561,12.268144603597996,440.44875183858824,16.1256118974894,location_hour,6.845466070055452,11:00,5,cycle_time,Опен Мичуринский,kfm
69,2026-08-25,mega,auto,day_08_18,15:00,21:00,6,08:00-23:00,2,12,12,0,28.324554774612864,8312.375005988599,18.883036516408573,False,4156.187502994299,692.6979171657166,9.441518258204287,440.2033009238472,17.4535416022921,location_hour,5.205036364774449,19:00,3,cycle_time,Опен Мичуринский,kfm
69,2026-08-25,mega,auto,first_layer_demand_span,17:00,23:00,6,08:00-23:00,1,6,6,0,24.535858901679767,5350.504603639889,11.671471095236825,False,5350.504603639889,891.7507672733149,11.671471095236825,458.4258967854919,17.494930059843497,location_hour,5.205036364774449,19:00,3,cycle_time,Опен Мичуринский,kfm
69,2026-08-25,mega,bike,first_layer_demand_span,08:00,15:00,7,08:00-23:00,1,7,7,0,32.291765254958406,7960.425706100984,17.980511008776247,False,7960.425706100984,1137.2036723001406,17.980511008776247,442.7252207801835,9.88623103261473,location_hour,5.718472065714134,11:00,2,history,Опен Мичуринский,kfm
69,2026-08-25,mega,bike,demand_layer_gap,09:00,10:00,1,08:00-23:00,1,1,1,0,4.029525206097538,901.2387068218759,2.014762603048769,False,901.2387068218759,901.2387068218759,2.014762603048769,447.31756756756755,9.97,location_hour,4.029525206097538,09:00,2,history,Опен Мичуринский,kfm
69,2026-08-25,mega,bike,mid_10_20,10:00,21:00,11,08:00-23:00,1,11,11,0,48.254363474964656,10611.086340973992,24.127181737482328,False,10611.086340973992,964.6442128158175,24.127181737482328,439.7980027849394,10.089568872294933,location_hour,5.718472065714134,11:00,2,history,Опен Мичуринский,kfm
69,2026-08-25,mega,bike,first_layer_demand_span,15:00,23:00,8,08:00-23:00,1,8,8,0,28.03809609970527,7304.3895936989475,16.207406005356336,False,7304.3895936989475,913.0486992123684,16.207406005356336,450.6822122728919,10.355652080789707,location_hour,4.348112275830449,19:00,2,history,Опен Мичуринский,kfm
7,2026-08-25,mega,auto,first_layer_demand_span,00:00,12:00,12,00:00-24:00,1,12,12,0,25.906222762279118,8705.469977097573,12.448534980632466,False,8705.469977097573,725.4558314247978,12.448534980632466,699.3168264893512,21.892200022414432,location_hour,4.075486107064211,11:00,5,history,Белая Площадь,kfm
7,2026-08-25,mega,auto,demand_layer_gap,06:00,14:00,8,00:00-24:00,1,8,8,0,27.971108295236313,5519.715348848151,8.423260142278615,False,5519.715348848151,689.9644186060189,8.423260142278615,655.2944175549335,24.244111958463417,location_hour,4.2677260177747876,12:00,5,history,Белая Площадь,kfm
7,2026-08-25,mega,auto,demand_layer_gap,08:00,12:00,4,00:00-24:00,1,4,4,0,14.560684595364405,2235.774911770932,4.001858431584304,False,2235.774911770932,558.943727942733,4.001858431584304,558.6841588711089,25.140718922295683,location_hour,4.075486107064211,11:00,5,history,Белая Площадь,kfm
7,2026-08-25,mega,auto,morning_08_16,08:00,13:00,5,00:00-24:00,1,3,5,2,18.82841061313919,1477.3189889668756,2.5935572827536104,False,1477.3189889668756,295.46379779337514,2.5935572827536104,569.6110892906088,25.27419510074031,location_hour,4.2677260177747876,12:00,5,history,Белая Площадь,kfm
7,2026-08-25,mega,auto,morning_08_16,08:00,16:00,8,00:00-24:00,1,4,8,4,28.050203393381064,1494.6729953711567,2.9528050285144474,False,1494.6729953711567,186.8341244213946,2.9528050285144474,506.18749999999994,25.198991802154122,location_hour,4.2677260177747876,12:00,5,history,Белая Площадь,kfm
7,2026-08-25,mega,auto,day_evening_12_22,12:00,24:00,12,00:00-24:00,1,12,12,0,31.32124015976176,4654.994103828484,8.420568993886373,False,4654.994103828484,387.91617531904035,8.420568993886373,552.8122989323135,27.722935544640727,location_hour,4.2677260177747876,12:00,5,history,Белая Площадь,kfm
7,2026-08-25,mega,auto,first_layer_demand_span,12:00,24:00,12,00:00-24:00,1,12,12,0,31.32124015976176,4654.994103828484,8.420568993886373,False,4654.994103828484,387.91617531904035,8.420568993886373,552.8122989323135,27.722935544640727,location_hour,4.2677260177747876,12:00,5,history,Белая Площадь,kfm
7,2026-08-25,mega,auto,morning_08_16,13:00,21:00,8,00:00-24:00,1,5,8,3,21.60516878814451,1582.9944464695109,3.0682801674460807,False,1582.9944464695109,197.87430580868886,3.0682801674460807,515.9223930281227,28.142612271279972,location_hour,3.3449744463640223,13:00,5,history,Белая Площадь,kfm
7,2026-08-25,mega,auto,evening_14_24,14:00,24:00,10,00:00-24:00,1,10,10,0,23.708539695622957,3878.5255700738244,6.898028901058611,False,3878.5255700738244,387.8525570073824,6.898028901058611,562.2657755867917,28.076804025583936,location_hour,3.075838571369216,14:00,5,history,Белая Площадь,kfm
7,2026-08-25,mega,bike,single_layer_demand_span_earnings_split,06:00,12:00,6,00:00-24:00,1,6,6,0,10.72047867132039,6924.746892071285,10.72047867132039,False,6924.746892071285,1154.124482011881,10.72047867132039,645.9363526925797,10.006183374866634,location_hour,2.146099157091554,11:00,1,history,Белая Площадь,kfm
7,2026-08-25,mega,bike,single_layer_demand_span_earnings_split,12:00,21:00,9,00:00-24:00,1,9,9,0,13.624337385976277,7196.687313350789,13.624337385976277,False,7196.687313350789,799.6319237056432,13.624337385976277,528.222922661798,10.245634723554183,location_hour,2.2473302494071934,12:00,1,history,Белая Площадь,kfm
70,2026-08-25,low,auto,single_layer_demand_span,12:00,18:00,6,12:00-22:30,1,6,6,0,0.7554077680621925,390.9369892731565,0.7554077680621925,False,390.9369892731565,65.15616487885941,0.7554077680621925,517.5178305036583,20.571448350033844,global_hour,0.1579825580148536,12:00,1,cycle_time,КО Сыроварня,non_kfm
71,2026-08-25,low,auto,single_layer_demand_span,12:00,18:00,6,12:00-23:59,1,6,6,0,0.7645576390334126,395.67221064757086,0.7645576390334126,False,395.67221064757086,65.9453684412618,0.7645576390334126,517.5178305036584,20.57144835003385,global_hour,0.15989612057358576,12:00,1,cycle_time,КО Medusa,non_kfm
72,2026-08-25,low,auto,single_layer_demand_span,12:00,18:00,6,12:00-23:59,1,6,6,0,0.7458863281334406,386.009474337958,0.7458863281334406,False,386.009474337958,64.33491238965966,0.7458863281334406,517.5178305036584,20.571448350033847,global_hour,0.15599128720784602,12:00,1,cycle_time,КО Магадан,non_kfm
8,2026-08-25,mega,auto,first_layer_demand_span,08:00,14:00,6,07:30-24:00,1,6,6,0,10.30223573699432,2028.6547755466615,5.970650701249985,False,2028.6547755466615,338.10912925777694,5.970650701249985,339.77113669067137,25.878265600702296,location_hour,1.8956926690144684,13:00,2,history,Усачева,kfm
8,2026-08-25,mega,auto,day_08_18,08:00,18:00,10,07:30-24:00,1,9,10,1,15.647416599266759,2375.5629821990933,7.004175466880554,False,2375.5629821990933,237.55629821990934,7.004175466880554,339.1638306938499,26.92197535723667,location_hour,1.8956926690144684,13:00,2,history,Усачева,kfm
8,2026-08-25,mega,auto,first_layer_demand_span,14:00,21:00,7,07:30-24:00,1,7,7,0,8.754266204096448,2153.8107656945763,6.081675772960228,False,2153.8107656945763,307.6872522420823,6.081675772960228,354.1475813739769,27.99820083646572,location_hour,1.7863543588236874,15:00,2,history,Усачева,kfm
8,2026-08-25,mega,bike,demand_layer_gap,08:00,10:00,2,07:30-24:00,1,2,2,0,11.237678881538915,1616.8410938075244,4.719333436130736,False,1616.8410938075244,808.4205469037622,4.719333436130736,342.5994614894455,8.258903741491851,location_hour,5.840642853706586,09:00,3,history,Усачева,kfm
8,2026-08-25,mega,bike,first_layer_demand_span,08:00,15:00,7,07:30-24:00,1,7,7,0,38.72100949562392,6259.696092163246,18.46099874317324,False,6259.696092163246,894.2422988804637,18.46099874317324,339.0767844820987,8.599959780872185,location_hour,6.242044994098764,13:00,3,history,Усачева,kfm
8,2026-08-25,mega,bike,morning_08_16,08:00,16:00,8,07:30-24:00,1,1,8,7,44.60303059822112,641.1898527722427,1.7990120092774429,False,641.1898527722427,80.14873159653034,1.7990120092774429,356.41221374045796,8.492779659904471,location_hour,6.242044994098764,13:00,3,history,Усачева,kfm
8,2026-08-25,mega,bike,mid_10_20,10:00,21:00,11,07:30-24:00,1,11,11,0,51.5106476223872,8859.543306940417,25.75532381119359,False,8859.543306940417,805.4130279036743,25.75532381119359,343.98881458015086,8.87577584939069,location_hour,6.242044994098764,13:00,2,history,Усачева,kfm
8,2026-08-25,mega,bike,first_layer_demand_span,15:00,24:00,9,07:30-24:00,1,9,9,0,29.88104251293177,6547.292265523242,17.867384008780675,False,6547.292265523242,727.4769183914714,17.867384008780675,366.4382129082616,8.948411212702956,location_hour,5.8820211025971965,15:00,2,history,Усачева,kfm
9,2026-08-25,medium,auto,first_layer_demand_span,08:00,16:00,8,08:00-23:00,1,8,8,0,14.997707099403105,9318.769411336467,11.14627178982737,False,9318.769411336467,1164.8461764170584,11.14627178982737,836.0436195213928,19.65003694185573,location_hour,2.468868788189573,14:00,2,history,КИНКИ,kfm
9,2026-08-25,medium,auto,mid_10_20,10:00,20:00,10,08:00-23:00,1,6,10,4,18.99449216983242,4706.1083066712,5.851219028009287,False,4706.1083066712,470.61083066712,5.851219028009287,804.2953586497891,20.068369958788743,location_hour,2.50199754345274,19:00,2,cycle_time,КИНКИ,kfm
9,2026-08-25,medium,auto,first_layer_demand_span,16:00,23:00,7,08:00-23:00,1,7,7,0,13.244236326234859,9197.654723657568,11.244452607801303,False,9197.654723657568,1313.950674808224,11.244452607801303,817.9726523349225,19.30107490938871,location_hour,2.50199754345274,19:00,2,cycle_time,КИНКИ,kfm
94,2026-08-25,medium,auto,single_layer_demand_span,12:00,18:00,6,12:00-23:59,1,6,6,0,0.5982545960388501,309.6074206308683,0.5982545960388501,False,309.6074206308683,51.60123677181139,0.5982545960388501,517.5178305036585,20.57144835003385,global_hour,0.12511625564668427,12:00,1,history,КО Высота 5642,non_kfm
99,2026-08-25,mega,bike,first_layer_demand_span,07:00,15:00,8,07:00-23:00,1,8,8,0,63.372876488014,7106.5027887454835,15.647685765007768,False,7106.5027887454835,888.3128485931854,15.647685765007768,454.1567932452634,10.514408046460982,location_hour,10.361499773692499,12:00,6,history,Опен Аркус,kfm
99,2026-08-25,mega,bike,day_08_18,08:00,14:00,6,07:00-23:00,2,12,12,0,51.08998452134323,7672.386121131485,19.95283492691015,False,3836.1930605657426,639.3655100942905,9.976417463455075,384.52611617529243,10.685287490369358,location_hour,10.361499773692499,12:00,6,history,Опен Аркус,kfm
99,2026-08-25,mega,bike,morning_08_16,08:00,16:00,8,07:00-23:00,1,1,8,7,67.27015146830014,471.4911086346586,1.2078972040678597,False,471.4911086346586,58.93638857933232,1.2078972040678597,390.3404255319149,10.768022148641872,location_hour,10.361499773692499,12:00,6,history,Опен Аркус,kfm
99,2026-08-25,mega,bike,day_08_18,08:00,18:00,10,07:00-23:00,2,20,20,0,77.02663473282675,11559.61088467611,30.32749501150356,False,5779.805442338055,577.9805442338055,15.16374750575178,381.15943569659873,10.781776099544915,location_hour,10.361499773692499,12:00,6,history,Опен Аркус,kfm
99,2026-08-25,mega,bike,day_08_18,14:00,21:00,7,07:00-23:00,2,14,14,0,44.31050903921144,8339.717257187047,22.623899303078687,False,4169.8586285935235,595.6940897990747,11.311949651539344,368.6242210268399,11.163940858844326,location_hour,8.26452958139759,14:00,5,history,Опен Аркус,kfm
99,2026-08-25,mega,bike,first_layer_demand_span,15:00,23:00,8,07:00-23:00,1,8,8,0,44.20967114235074,6523.440075467272,17.82273541979672,False,6523.440075467272,815.430009433409,17.82273541979672,366.0178935395808,10.752286838527947,location_hour,7.9156373655593235,15:00,5,history,Опен Аркус,kfm
1,2026-08-26,medium,bike,single_layer_demand_span,08:00,18:00,10,08:00-23:00,1,10,10,0,16.99329148751965,5750.8817830895205,16.99329148751965,False,5750.8817830895205,575.088178308952,16.99329148751965,338.4207107441857,8.094081022554443,location_hour,2.553801175493305,13:00,1,history,Wall Street,kfm
10,2026-08-26,medium,bike,single_layer_demand_span_earnings_split,08:00,14:00,6,08:00-23:30,1,6,6,0,18.447736098161165,6260.495689677799,18.447736098161165,False,6260.495689677799,1043.4159482796333,18.447736098161165,339.36390115109214,7.338007517644142,location_hour,4.160890484526551,13:00,1,history,Якиманка,kfm
10,2026-08-26,medium,bike,single_layer_demand_span_earnings_split,14:00,23:00,9,08:00-23:30,1,9,9,0,16.250993267473827,5691.607746822546,16.250993267473827,False,5691.607746822546,632.4008607580606,16.250993267473827,350.2313768238543,7.471559697006446,location_hour,3.661583626383365,14:00,1,history,Якиманка,kfm
101,2026-08-26,medium,auto,first_layer_demand_span,08:00,16:00,8,08:00-22:00,1,8,8,0,21.471683108296837,7426.190203908542,10.735841554148418,False,7426.190203908542,928.2737754885677,10.735841554148418,691.7194303262607,19.86823761361737,location_hour,3.5327145196585765,11:00,2,cycle_time,Алия,kfm
101,2026-08-26,medium,auto,day_08_18,08:00,18:00,10,08:00-22:00,1,10,10,0,25.40082332610793,8934.094607498917,12.700411663053965,False,8934.094607498917,893.4094607498917,12.700411663053965,703.4492144446449,19.859773763988315,location_hour,3.5327145196585765,11:00,2,cycle_time,Алия,kfm
101,2026-08-26,medium,auto,first_layer_demand_span,16:00,22:00,6,08:00-22:00,1,6,6,0,12.187995885912219,7435.143360108668,10.223425777006673,False,7435.143360108668,1239.1905600181115,10.223425777006673,727.2653533447583,21.90659013515075,location_hour,2.588596552688413,18:00,2,history,Алия,kfm
11,2026-08-26,medium,auto,custom_open_window,00:00,06:00,6,22:00-07:00,1,6,6,0,16.36584563612644,4200.792844696793,5.4552818787088135,False,4200.792844696793,700.1321407827987,5.4552818787088135,770.0413907284768,17.563907284768213,location_hour,6.015261144404089,00:00,3,history,Кутузовский,kfm
11,2026-08-26,medium,auto,custom_open_window,00:00,07:00,7,22:00-07:00,1,7,7,0,23.850642512153108,7728.070201067896,9.197680316722147,False,7728.070201067896,1104.0100287239852,9.197680316722147,840.2194830600517,18.921313471614297,location_hour,7.484796876026667,06:00,3,cycle_time,Кутузовский,kfm
11,2026-08-26,medium,auto,first_layer_demand_span,00:00,07:00,7,22:00-07:00,1,7,7,0,23.850642512153108,7728.070201067896,9.197680316722147,False,7728.070201067896,1104.0100287239852,9.197680316722147,840.2194830600517,18.921313471614297,location_hour,7.484796876026667,06:00,3,cycle_time,Кутузовский,kfm
11,2026-08-26,medium,auto,first_layer_demand_span,22:00,24:00,2,22:00-07:00,1,2,2,0,5.961163281554758,3943.1457425264516,5.961163281554758,False,3943.1457425264516,1971.5728712632258,5.961163281554758,661.4725274725274,15.274615384615386,location_hour,4.061451906114231,23:00,1,history,Кутузовский,kfm
114,2026-08-26,low,auto,single_layer_demand_span,10:00,12:00,2,10:00-22:00,1,2,2,0,0.8699979992894213,426.5773553919913,0.8699979992894213,False,426.5773553919913,213.28867769599566,0.8699979992894213,490.3199268738574,18.534445937421395,global_hour,0.4510629480776598,11:00,1,cycle_time,Bluefin Скаковая,non_kfm
115,2026-08-26,high,auto,demand_layer_gap,08:00,10:00,2,07:00-23:00,1,2,2,0,6.080430453462948,1294.1593673890584,2.43142943631152,False,1294.1593673890584,647.0796836945292,2.43142943631152,532.2627702296387,19.258856643509745,location_hour,3.6527147425197244,09:00,3,history,Опен Символ,kfm
115,2026-08-26,high,auto,first_layer_demand_span,08:00,15:00,7,07:00-23:00,1,7,7,0,21.46580518080887,4094.4055608558488,7.559887678760161,False,4094.4055608558488,584.9150801222642,7.559887678760161,541.5960838094543,19.902202877929366,location_hour,3.6527147425197244,09:00,3,history,Опен Символ,kfm
115,2026-08-26,high,auto,demand_layer_gap,09:00,10:00,1,07:00-23:00,1,1,1,0,3.6527147425197244,607.9700174607914,1.2175715808399081,False,607.9700174607914,607.9700174607914,1.2175715808399081,499.33000000000004,21.78,location_hour,3.6527147425197244,09:00,3,history,Опен Символ,kfm
115,2026-08-26,high,auto,mid_10_20,10:00,21:00,11,07:00-23:00,2,22,22,0,29.055895557923858,10830.167234062088,19.370597038615905,False,5415.083617031044,492.280328821004,9.685298519307953,559.1034294127229,20.125340035084218,location_hour,3.6342895547494067,14:00,3,history,Опен Символ,kfm
115,2026-08-26,high,auto,first_layer_demand_span,15:00,23:00,8,07:00-23:00,1,8,8,0,15.89134464872418,3855.8769558297295,6.777664095005557,False,3855.8769558297295,481.9846194787162,6.777664095005557,568.9094209716169,18.582761548491785,location_hour,2.9712618402323687,15:00,3,history,Опен Символ,kfm
115,2026-08-26,high,bike,single_layer_demand_span,09:00,18:00,9,07:00-23:00,1,9,9,0,8.939683468116266,4865.738211930247,8.939683468116266,False,4865.738211930247,540.6375791033608,8.939683468116266,544.2852903331639,10.05984865107272,location_hour,1.2533451301621688,09:00,1,history,Опен Символ,kfm
119,2026-08-26,medium,auto,single_layer_demand_span,12:00,18:00,6,11:00-22:00,1,6,6,0,1.91332065690201,990.177555417763,1.91332065690201,False,990.177555417763,165.02959256962717,1.91332065690201,517.5178305036585,20.571448350033847,global_hour,0.4001432133209858,12:00,1,history,Bluefin Успенское,non_kfm
12,2026-08-26,high,auto,first_layer_demand_span,08:00,16:00,8,08:00-22:00,1,8,8,0,19.396153692735304,4429.861092805997,10.352105401324318,False,4429.861092805997,553.7326366007496,10.352105401324318,427.91885525424584,16.587671142962414,location_hour,3.2902025703536317,12:00,2,history,Хорошо,kfm
12,2026-08-26,high,auto,day_08_18,08:00,18:00,10,08:00-22:00,1,9,10,1,22.84514932083959,4676.977807185805,10.768546105463129,False,4676.977807185805,467.69778071858053,10.768546105463129,434.31840857449345,16.910268265905078,location_hour,3.2902025703536317,12:00,2,history,Хорошо,kfm
12,2026-08-26,high,auto,first_layer_demand_span,16:00,22:00,6,08:00-22:00,1,6,6,0,10.133869646420026,3971.5558742708686,8.409371832367883,False,3971.5558742708686,661.9259790451448,8.409371832367883,472.2773535811855,19.699785602372078,location_hour,1.907955028313009,17:00,2,history,Хорошо,kfm
12,2026-08-26,high,bike,first_layer_demand_span,08:00,14:00,6,08:00-22:00,1,6,6,0,12.709856112101342,3894.3930317575305,9.00966060911156,False,3894.3930317575305,649.0655052929218,9.00966060911156,432.2463631781082,14.17445356047699,location_hour,2.822183010754918,12:00,2,history,Хорошо,kfm
12,2026-08-26,high,bike,day_08_18,08:00,18:00,10,08:00-22:00,1,7,10,3,19.595508456642886,3080.718720472716,7.143021675260552,False,3080.718720472716,308.0718720472716,7.143021675260552,431.29068628513465,14.120643346787285,location_hour,2.822183010754918,12:00,2,history,Хорошо,kfm
12,2026-08-26,high,bike,first_layer_demand_span,14:00,21:00,7,08:00-22:00,1,7,7,0,11.374956813294705,3641.1141415938537,7.932130641023934,False,3641.1141415938537,520.1591630848362,7.932130641023934,459.03355685576975,14.37473958652475,location_hour,2.0771662696317437,15:00,2,history,Хорошо,kfm
123,2026-08-26,medium,bike,single_layer_demand_span_earnings_split,08:00,12:00,4,08:00-23:00,1,4,4,0,19.57288890934886,6136.241148360121,19.57288890934886,False,6136.241148360121,1534.0602870900302,19.57288890934886,313.50717703349284,5.942535885167463,location_hour,6.087262100993664,10:00,1,history,Опен Нева,kfm
123,2026-08-26,medium,bike,single_layer_demand_span_earnings_split,12:00,23:00,11,08:00-23:00,1,11,11,0,23.26439222541096,7020.49717694529,23.26439222541096,False,7020.49717694529,638.2270160859355,23.26439222541096,301.77006598423077,6.741565606228233,"location_hour,global_hour",4.955472251683543,13:00,1,history,Опен Нева,kfm
124,2026-08-26,low,auto,single_layer_demand_span,12:00,18:00,6,09:00-22:30,1,6,6,0,0.516150937373659,267.1173133220457,0.516150937373659,False,267.1173133220457,44.51955222034095,0.516150937373659,517.5178305036584,20.571448350033844,global_hour,0.10794546846828529,12:00,1,cycle_time,ЦБ AVA Bistro,non_kfm
125,2026-08-26,medium,auto,single_layer_demand_span,12:00,23:00,11,10:00-23:00,1,11,11,0,5.547868476649044,5289.488369987787,5.547868476649045,False,5289.488369987787,480.8625790897988,5.547868476649045,953.4271391348266,29.74281060505262,location_hour,0.7527907762814312,17:00,1,cycle_time,Meraki,non_kfm
126,2026-08-26,high,bike,first_layer_demand_span,07:00,13:00,6,07:00-23:00,1,6,6,0,23.366683586873226,4041.763747088895,9.934787900806043,False,4041.763747088895,673.6272911814825,9.934787900806043,406.82939459240725,9.56330872480374,"global_hour,location_hour",6.152074114986505,12:00,4,history,Опен Покровка,kfm
126,2026-08-26,high,bike,demand_layer_gap,08:00,10:00,2,07:00-23:00,1,2,2,0,7.682535032465379,1320.2215251458301,3.8412675162326897,False,1320.2215251458301,660.1107625729151,3.8412675162326897,343.69424143638736,8.976598036347042,location_hour,3.9522467789440108,09:00,2,history,Опен Покровка,kfm
126,2026-08-26,high,bike,morning_08_16,08:00,16:00,8,07:00-23:00,1,4,8,4,37.20911150381199,1857.9456079575334,5.440740545441191,False,1857.9456079575334,232.24320099469168,5.440740545441191,341.4876325088338,9.468231930791868,location_hour,6.536578747173161,13:00,4,history,Опен Покровка,kfm
126,2026-08-26,high,bike,day_08_18,08:00,18:00,10,07:00-23:00,1,7,10,3,44.676182580353455,3132.941303353085,9.160894235904502,False,3132.941303353085,313.2941303353085,9.160894235904502,341.9907732450481,9.312612036830297,location_hour,6.536578747173161,13:00,4,history,Опен Покровка,kfm
126,2026-08-26,high,bike,mid_10_20,10:00,21:00,11,07:00-23:00,1,11,11,0,45.25329949063681,5257.12408320628,15.325832354645566,False,5257.12408320628,477.92037120057097,15.325832354645566,343.0237237074266,9.3393900705012,location_hour,6.536578747173161,13:00,4,history,Опен Покровка,kfm
126,2026-08-26,high,bike,first_layer_demand_span,13:00,21:00,8,07:00-23:00,1,8,8,0,31.109053832613036,3679.4967142704586,10.772214866456274,False,3679.4967142704586,459.9370892838073,10.772214866456274,341.5729039835704,9.133433841488237,location_hour,6.536578747173161,13:00,4,history,Опен Покровка,kfm
127,2026-08-26,medium,bike,single_layer_demand_span,12:00,18:00,6,07:00-23:00,1,6,6,0,5.0670170069098655,1757.2831447114665,5.0670170069098655,False,1757.2831447114665,292.88052411857774,5.0670170069098655,346.8082191780822,10.51,location_hour,1.3882238375095521,12:00,1,cycle_time,БТ Покровка,kfm
128,2026-08-26,medium,bike,first_layer_demand_span,08:00,13:00,5,08:00-24:00,1,5,5,0,23.8587357760998,6774.499897562735,20.914626005353806,False,6774.499897562735,1354.899979512547,20.914626005353806,323.91207453714793,6.918956640540392,location_hour,6.007434821943821,09:00,2,history,Кофемания Лаки,kfm
128,2026-08-26,medium,bike,demand_layer_gap,12:00,14:00,2,08:00-24:00,1,2,2,0,11.511800002467485,1919.06337225042,5.7559000012337425,False,1919.06337225042,959.53168612521,5.7559000012337425,333.40804597701145,7.833965517241379,location_hour,5.888219541491989,12:00,2,history,Кофемания Лаки,kfm
128,2026-08-26,medium,bike,first_layer_demand_span,13:00,24:00,11,08:00-24:00,1,11,11,0,38.14560663783189,6211.336085346874,19.07280331891594,False,6211.336085346874,564.6669168497158,19.07280331891594,325.66455918866535,7.415092260553987,location_hour,5.623580460975495,13:00,2,history,Кофемания Лаки,kfm
128,2026-08-26,medium,bike,evening_14_24,14:00,24:00,10,08:00-24:00,1,10,10,0,32.52202617685639,5261.77798456863,16.261013088428193,False,5261.77798456863,526.177798456863,16.261013088428193,323.5824210923896,7.334702248397691,location_hour,4.6973436791677665,15:00,2,history,Кофемания Лаки,kfm
137,2026-08-26,medium,bike,single_layer_demand_span,12:00,18:00,6,08:00-23:00,1,6,6,0,3.873754685573004,1557.1059112045855,3.873754685573004,False,1557.1059112045855,259.5176518674309,3.873754685573004,401.96296296296293,11.053703703703702,location_hour,1.2195153639766865,13:00,1,cycle_time,БТ Мясницкая,kfm
138,2026-08-26,medium,bike,single_layer_demand_span,12:00,18:00,6,08:00-23:00,1,6,6,0,3.311312202041677,1260.3423372755349,3.311312202041677,False,1260.3423372755349,210.05705621258915,3.311312202041677,380.6171875,8.97578125,location_hour,1.0347850631380242,13:00,1,cycle_time,БТ Таганка,kfm
14,2026-08-26,medium,auto,demand_layer_gap,09:00,10:00,1,09:00-23:00,1,1,1,0,2.470493027223745,927.9252369807621,1.2352465136118724,False,927.9252369807621,927.9252369807621,1.2352465136118724,751.2065217391304,16.45,location_hour,2.470493027223745,09:00,2,history,Метрополис,kfm
14,2026-08-26,medium,auto,first_layer_demand_span,09:00,17:00,8,09:00-23:00,1,8,8,0,29.584958071301617,7345.135331634738,9.692186842038772,False,7345.135331634738,918.1419164543422,9.692186842038772,757.840872379393,18.808935093113554,location_hour,5.855320343119553,12:00,4,cycle_time,Метрополис,kfm
14,2026-08-26,medium,auto,mid_10_20,10:00,20:00,10,09:00-23:00,3,20,30,10,34.51199246293824,15914.185290225754,20.87638295093838,False,5304.728430075252,530.4728430075252,6.95879431697946,762.3056794668745,22.935680550480804,location_hour,5.855320343119553,12:00,4,cycle_time,Метрополис,kfm
14,2026-08-26,medium,auto,first_layer_demand_span,17:00,23:00,6,09:00-23:00,1,6,6,0,11.202427223269366,7015.753877004708,8.983568987981956,False,7015.753877004708,1169.2923128341179,8.983568987981956,780.9539712323963,26.490635451681268,location_hour,2.95847764704988,17:00,4,cycle_time,Метрополис,kfm
142,2026-08-26,medium,bike,single_layer_demand_span,08:00,18:00,10,08:00-23:59,1,10,10,0,16.582752975786427,5627.05582194376,16.582752975786427,False,5627.05582194376,562.705582194376,16.582752975786427,339.33182446607003,8.873818591164422,location_hour,2.528679974290055,12:00,1,cycle_time,RED7,kfm
145,2026-08-26,low,auto,single_layer_demand_span,14:00,18:00,4,14:00-23:00,1,4,4,0,0.6413413632780285,338.2991006445652,0.6413413632780285,False,338.2991006445652,84.5747751611413,0.6413413632780285,527.4867956675185,20.841358406953415,global_hour,0.19887279951714942,14:00,1,cycle_time,BSB Европейский,non_kfm
15,2026-08-26,medium,auto,single_layer_demand_span_earnings_split,00:00,09:00,9,00:00-24:00,1,6,9,3,5.391332877524153,3235.1424313027164,4.13183807292419,False,3235.1424313027164,359.4602701447463,4.13183807292419,782.9789972899729,18.84782097751589,global_hour,1.4948519857327356,00:00,1,cycle_time,Комсомолка,kfm
15,2026-08-26,medium,auto,single_layer_demand_span_earnings_split,09:00,18:00,9,00:00-24:00,1,6,9,3,4.848644727295434,868.1406983780505,1.6775087682160807,False,868.1406983780505,96.46007759756117,1.6775087682160807,517.5178305036584,19.205331374932207,global_hour,1.1243082360231336,11:00,1,history,Комсомолка,kfm
15,2026-08-26,medium,bike,single_layer_demand_span,06:00,12:00,6,00:00-24:00,1,6,6,0,6.063925683951904,3141.1002109639603,6.063925683951904,False,3141.1002109639603,523.5167018273268,6.063925683951904,517.9978078024337,8.986464429753605,global_hour,1.5387699749183608,11:00,1,history,Комсомолка,kfm
16,2026-08-26,medium,bike,single_layer_demand_span,12:00,23:00,11,08:00-23:00,1,11,11,0,16.744851922499876,5682.128834737012,16.74485192249988,False,5682.128834737012,516.5571667942738,16.74485192249988,339.33586639258334,6.896214710585515,location_hour,3.1964177372029443,13:00,1,history,Мосфильм,kfm
17,2026-08-26,medium,auto,first_layer_demand_span,08:00,15:00,7,08:00-22:00,1,7,7,0,14.487921883534064,9418.807477816978,8.551034907792745,False,9418.807477816978,1345.5439254024254,8.551034907792745,1101.4815843206782,21.710624458342927,location_hour,2.9004638660110262,13:00,4,history,Внуково,kfm
17,2026-08-26,medium,auto,mid_10_20,10:00,20:00,10,08:00-22:00,3,18,30,12,22.142831388494976,11266.965186889596,10.92205924544777,False,3755.655062296532,375.5655062296532,3.6406864151492564,1031.5788381742739,22.52033591047469,location_hour,2.960890196552923,16:00,4,history,Внуково,kfm
17,2026-08-26,medium,auto,first_layer_demand_span,15:00,22:00,7,08:00-22:00,1,7,7,0,13.617986024126129,8854.045327270534,8.632813754419677,False,8854.045327270534,1264.863618181505,8.632813754419677,1025.6268210046342,24.32635698241776,location_hour,2.960890196552923,16:00,4,history,Внуково,kfm
18,2026-08-26,medium,auto,first_layer_demand_span,08:00,12:00,4,08:00-22:00,1,4,4,0,11.853757098181374,7598.042420252009,11.853757098181374,False,7598.042420252009,1899.5106050630022,11.853757098181374,640.9817880794702,14.327615894039736,location_hour,3.611078321300286,08:00,1,history,Новая Рига,kfm
18,2026-08-26,medium,auto,day_08_18,08:00,18:00,10,08:00-22:00,1,6,10,4,28.319772853735564,3578.5631124968254,5.4886719185180635,False,3578.5631124968254,357.85631124968256,5.4886719185180635,651.9907120743035,14.542984621979578,location_hour,3.611078321300286,08:00,3,history,Новая Рига,kfm
18,2026-08-26,medium,auto,day_evening_12_22,12:00,22:00,10,08:00-22:00,1,10,10,0,25.61416604398158,6512.20625694548,10.06274706273176,False,6512.20625694548,651.2206256945481,10.06274706273176,647.1598874887744,14.657159327185097,location_hour,3.0077242401786295,15:00,3,history,Новая Рига,kfm
18,2026-08-26,medium,auto,first_layer_demand_span,12:00,22:00,10,08:00-22:00,1,10,10,0,25.61416604398158,6512.20625694548,10.06274706273176,False,6512.20625694548,651.2206256945481,10.06274706273176,647.1598874887744,14.657159327185097,location_hour,3.0077242401786295,15:00,3,history,Новая Рига,kfm
184,2026-08-26,low,auto,single_layer_demand_span,18:00,23:00,5,11:00-23:00,1,5,5,0,0.5050623445729256,279.93068708558695,0.5050623445729256,False,279.93068708558695,55.98613741711739,0.5050623445729256,554.2497675654138,21.028846007132046,global_hour,0.12745629627952698,19:00,1,cycle_time,Pasiba Sushi  Марьина Роща,non_kfm
188,2026-08-26,low,auto,single_layer_demand_span,12:00,18:00,6,12:00-20:00,1,6,6,0,0.9984004054201531,516.6900117870107,0.9984004054201531,False,516.6900117870107,86.11500196450179,0.9984004054201531,517.5178305036585,20.571448350033847,global_hour,0.20880093724209212,12:00,1,cycle_time,Мо Friends Bar & Dining Петровка,non_kfm
19,2026-08-26,medium,auto,single_layer_demand_span,12:00,18:00,6,08:00-24:00,1,6,6,0,1.001570293885972,1273.7970997641794,1.001570293885972,False,1273.7970997641794,212.29951662736323,1.001570293885972,1271.8000000000002,32.41400000000001,location_hour,0.20031405877719444,13:00,1,history,Conversation Никитская,non_kfm
2,2026-08-26,high,bike,demand_layer_gap,06:00,10:00,4,00:00-24:00,1,4,4,0,13.717824789632239,2904.509330955005,5.9192739886482695,False,2904.509330955005,726.1273327387513,5.9192739886482695,490.68675255194285,10.36312033820054,"global_hour,location_hour",5.6378304370071,08:00,3,history,Кудринская,kfm
2,2026-08-26,high,bike,first_layer_demand_span,06:00,13:00,7,00:00-24:00,1,7,7,0,27.733192606152617,5441.511465677073,12.926957896908457,False,5441.511465677073,777.3587808110104,12.926957896908457,420.9429247834432,10.130204033618975,"global_hour,location_hour",5.865775882705613,12:00,3,history,Кудринская,kfm
2,2026-08-26,high,bike,day_08_18,08:00,18:00,10,00:00-24:00,1,4,10,6,39.430599351636026,1730.332926249707,4.804098945617394,False,1730.332926249707,173.0332926249707,4.804098945617394,360.1784529913205,9.748477864105196,location_hour,5.865775882705613,12:00,3,history,Кудринская,kfm
2,2026-08-26,high,bike,mid_10_20,10:00,21:00,11,00:00-24:00,1,11,11,0,37.41881403931299,6175.262422756309,17.24699595301565,False,6175.262422756309,561.3874929778463,17.24699595301565,358.0485807255356,9.484748642277507,location_hour,5.865775882705613,12:00,3,history,Кудринская,kfm
2,2026-08-26,high,bike,first_layer_demand_span,13:00,24:00,11,00:00-24:00,1,11,11,0,28.658776743346436,5814.872208244288,15.494642565309286,False,5814.872208244288,528.6247462040262,15.494642565309286,375.28275878161367,9.092600885482051,location_hour,4.206935945131202,15:00,3,history,Кудринская,kfm
20,2026-08-26,medium,auto,first_layer_demand_span,08:00,13:00,5,08:00-22:00,1,5,5,0,12.334611901576922,6755.917766962092,10.831338047444875,False,6755.917766962092,1351.1835533924184,10.831338047444875,623.7380587115754,14.946835569286002,location_hour,3.9066251749771674,11:00,2,history,Павлово,kfm
20,2026-08-26,medium,auto,mid_10_20,10:00,20:00,10,08:00-22:00,1,6,10,4,21.35194323954523,4421.609452635671,5.652309691536495,False,4421.609452635671,442.1609452635671,5.652309691536495,782.2659574468084,18.95235604584057,location_hour,3.9066251749771674,11:00,2,history,Павлово,kfm
20,2026-08-26,medium,auto,first_layer_demand_span,13:00,22:00,9,08:00-22:00,1,9,9,0,13.540530999915372,7247.130388795364,9.391495162510923,False,7247.130388795364,805.2367098661515,9.391495162510923,771.6695013297287,22.466919452633096,location_hour,2.345107212445993,14:00,2,cycle_time,Павлово,kfm
21,2026-08-26,high,auto,demand_layer_gap,08:00,10:00,2,08:00-23:00,1,2,2,0,6.364133188096371,1965.927736795536,2.5700295248592795,False,1965.927736795536,982.963868397768,2.5700295248592795,764.9436388880316,17.172248364428818,location_hour,3.672222415133438,09:00,3,history,Горки-2,kfm
21,2026-08-26,high,auto,first_layer_demand_span,08:00,15:00,7,08:00-23:00,1,7,7,0,27.565921624316772,7629.766740565061,9.637292336932749,False,7629.766740565061,1089.96667722358,9.637292336932749,791.6919476776377,18.200043088671613,location_hour,4.912074416201529,11:00,3,history,Горки-2,kfm
21,2026-08-26,high,auto,demand_layer_gap,09:00,10:00,1,08:00-23:00,1,1,1,0,3.672222415133438,978.7390791934396,1.2240741383778126,False,978.7390791934396,978.7390791934396,1.2240741383778126,799.575,16.46,location_hour,3.672222415133438,09:00,3,history,Горки-2,kfm
21,2026-08-26,high,auto,mid_10_20,10:00,21:00,11,08:00-23:00,2,22,22,0,41.010620617105104,19159.69146156227,24.03894171458929,False,9579.845730781135,870.8950664346486,12.019470857294644,797.0272439212334,18.618856621149103,location_hour,4.912074416201529,11:00,4,history,Горки-2,kfm
21,2026-08-26,high,auto,day_evening_12_22,12:00,22:00,10,08:00-23:00,1,6,10,4,33.44578563373096,3916.00672701161,4.952208045221176,False,3916.00672701161,391.600672701161,4.952208045221176,790.7597361121594,18.780943936043716,location_hour,4.392528083718675,13:00,4,history,Горки-2,kfm
21,2026-08-26,high,auto,first_layer_demand_span,15:00,23:00,8,08:00-23:00,1,8,8,0,23.398301953593943,7121.484812899431,8.541677817930415,False,7121.484812899431,890.1856016124289,8.541677817930415,833.7337189129563,14.941779725960961,location_hour,3.7518675638578163,15:00,4,history,Горки-2,kfm
222,2026-08-26,low,auto,single_layer_demand_span,06:00,12:00,6,06:00-23:59,1,6,6,0,1.4890429926003526,771.3210058905582,1.4890429926003526,False,771.3210058905582,128.5535009817597,1.4890429926003526,517.9978078024337,18.70111128464425,global_hour,0.3778566505918575,11:00,1,cycle_time,Ирис Химки,non_kfm
25,2026-08-26,medium,bike,first_layer_demand_span,08:00,13:00,5,08:00-24:00,1,5,5,0,17.38532973581056,4838.899663399595,15.342781569611018,False,4838.899663399595,967.7799326799189,15.342781569611018,315.38607529835764,6.313396175500277,location_hour,4.416681281132867,11:00,2,history,Весна,kfm
25,2026-08-26,medium,bike,day_evening_12_22,12:00,22:00,10,08:00-24:00,1,6,10,4,22.877157652625552,2777.3167617479216,8.718936948254765,False,2777.3167617479216,277.73167617479214,8.718936948254765,318.53846153846155,6.301413387857565,location_hour,4.085096332399086,12:00,2,history,Весна,kfm
25,2026-08-26,medium,bike,first_layer_demand_span,13:00,24:00,11,08:00-24:00,1,11,11,0,20.502803791908118,4520.463196346991,13.826415009852898,False,4520.463196346991,410.95119966790827,13.826415009852898,326.943983174644,6.3792011822325145,location_hour,3.9021815712468877,14:00,2,history,Весна,kfm
26,2026-08-26,medium,bike,single_layer_demand_span,12:00,23:00,11,08:00-23:00,1,11,11,0,22.71175927822242,6862.771191620128,22.711759278222416,False,6862.771191620128,623.8882901472844,22.711759278222416,302.168189947338,7.461868837338837,location_hour,3.4813163975108825,13:00,1,history,Тверская,kfm
27,2026-08-26,medium,bike,single_layer_demand_span,18:00,23:00,5,08:00-23:30,1,5,5,0,1.055622445141804,585.0784948566786,1.055622445141804,False,585.0784948566786,117.01569897133572,1.055622445141804,554.2497675654138,9.14309674164918,global_hour,0.2663942948292506,19:00,1,history,4 Ветра,kfm
28,2026-08-26,low,bike,single_layer_demand_span,12:00,18:00,6,08:00-23:00,1,6,6,0,1.17829725059738,609.7898368175818,1.17829725059738,False,609.7898368175818,101.63163946959696,1.17829725059738,517.5178305036585,9.12940454912725,global_hour,0.24642374836674624,12:00,1,cycle_time,Гранд,kfm
29,2026-08-26,mega,auto,demand_layer_gap,07:00,08:00,1,07:00-22:00,2,2,2,0,6.341061565594648,3134.8488770383847,4.227374377063099,False,1567.4244385191923,1567.4244385191923,2.1136871885315496,741.5593220338982,18.53,location_hour,6.341061565594648,07:00,3,history,Украинский,kfm
29,2026-08-26,mega,auto,first_layer_demand_span,07:00,15:00,8,07:00-22:00,1,8,8,0,54.8670369410759,6112.218322037744,9.42568484551051,False,6112.218322037744,764.027290254718,9.42568484551051,648.4641086794894,18.53152248824121,location_hour,8.25989026050562,11:00,7,history,Украинский,kfm
29,2026-08-26,mega,auto,day_08_18,08:00,14:00,6,07:00-22:00,3,18,18,0,42.919261986531986,12232.453003613471,19.533115804244336,False,4077.4843345378235,679.5807224229706,6.5110386014147785,626.2417694239795,18.368593331434198,location_hour,8.25989026050562,11:00,7,history,Украинский,kfm
29,2026-08-26,mega,auto,morning_08_16,08:00,16:00,8,07:00-22:00,1,6,8,2,54.92449298110208,3689.8245541956726,5.982993545293229,False,3689.8245541956726,461.2280692744591,5.982993545293229,616.7187924009089,18.670449899204055,location_hour,8.25989026050562,11:00,7,history,Украинский,kfm
29,2026-08-26,mega,auto,day_08_18,08:00,18:00,10,07:00-22:00,2,19,20,1,64.49395736472968,11562.69695338116,18.617651865355,False,5781.34847669058,578.134847669058,9.3088259326775,621.0609714374248,18.920956538835686,location_hour,8.25989026050562,11:00,7,history,Украинский,kfm
29,2026-08-26,mega,auto,day_08_18,14:00,21:00,7,07:00-22:00,3,21,21,0,36.079448569619544,13495.693994558875,21.265433054883143,False,4498.564664852958,642.652094978994,7.088477684961048,634.6305744034628,20.781322712812546,location_hour,6.398517605620824,15:00,7,history,Украинский,kfm
29,2026-08-26,mega,auto,first_layer_demand_span,15:00,22:00,7,07:00-22:00,1,7,7,0,33.991037592229205,6383.566977509021,9.805821040955797,False,6383.566977509021,911.9381396441458,9.805821040955797,650.9977033893329,19.707952149880402,location_hour,6.398517605620824,15:00,6,history,Украинский,kfm
29,2026-08-26,mega,bike,single_layer_demand_span,08:00,15:00,7,07:00-22:00,1,7,7,0,6.995719306061346,4339.870835670851,6.995719306061346,False,4339.870835670851,619.9815479529788,6.995719306061346,620.3609158404381,9.257588827206762,location_hour,1.1907823246055498,11:00,1,history,Украинский,kfm
30,2026-08-26,high,auto,day_08_18,08:00,14:00,6,08:00-24:00,1,6,6,0,27.526756588484652,3449.0242226013097,7.04009983505,False,3449.0242226013097,574.8373704335517,7.04009983505,489.91126594965596,21.998268405560072,location_hour,5.556620939626995,13:00,5,history,Черёмушки,kfm
30,2026-08-26,high,auto,day_08_18,08:00,16:00,8,08:00-24:00,1,8,8,0,35.465338895054,4442.026840792738,8.810243500419974,False,4442.026840792738,555.2533550990922,8.810243500419974,504.18888428917904,22.05414546000989,location_hour,5.556620939626995,13:00,5,history,Черёмушки,kfm
30,2026-08-26,high,auto,first_layer_demand_span,08:00,16:00,8,08:00-24:00,1,8,8,0,35.465338895054,4442.026840792738,8.810243500419974,False,4442.026840792738,555.2533550990922,8.810243500419974,504.18888428917904,22.05414546000989,location_hour,5.556620939626995,13:00,5,history,Черёмушки,kfm
30,2026-08-26,high,auto,morning_08_16,08:00,16:00,8,08:00-24:00,1,4,8,4,35.465338895054,2169.558131373215,4.061236186756789,False,2169.558131373215,271.1947664216519,4.061236186756789,534.2112676056339,22.05414546000989,location_hour,5.556620939626995,13:00,5,history,Черёмушки,kfm
30,2026-08-26,high,auto,day_08_18,08:00,18:00,10,08:00-24:00,1,7,10,3,41.260085376836074,3471.063556687469,6.422058827482817,False,3471.063556687469,347.1063556687469,6.422058827482817,540.4907756112822,22.27366289962108,location_hour,5.556620939626995,13:00,5,history,Черёмушки,kfm
30,2026-08-26,high,auto,day_08_18,14:00,21:00,7,08:00-24:00,1,7,7,0,23.367614060998932,3640.977426973838,6.4302587100313255,False,3640.977426973838,520.1396324248341,6.4302587100313255,566.2256514335643,25.22110573466605,location_hour,4.290038225447312,14:00,5,history,Черёмушки,kfm
30,2026-08-26,high,auto,day_08_18,16:00,24:00,8,08:00-24:00,1,8,8,0,20.58249912444888,4300.473763035793,7.236848729671006,False,4300.473763035793,537.5592203794741,7.236848729671006,594.2467396622366,24.952006606689245,location_hour,3.3850191498491236,18:00,4,history,Черёмушки,kfm
30,2026-08-26,high,auto,first_layer_demand_span,16:00,24:00,8,08:00-24:00,1,8,8,0,20.58249912444888,4300.473763035793,7.236848729671006,False,4300.473763035793,537.5592203794741,7.236848729671006,594.2467396622366,24.952006606689245,location_hour,3.3850191498491236,18:00,4,history,Черёмушки,kfm
30,2026-08-26,high,bike,single_layer_demand_span,09:00,21:00,12,08:00-24:00,1,12,12,0,16.095508640706417,8599.079480333285,16.095508640706417,False,8599.079480333285,716.5899566944404,16.095508640706417,534.2533542920007,9.085031240892643,location_hour,1.864531874922567,13:00,1,history,Черёмушки,kfm
301,2026-08-26,low,auto,single_layer_demand_span,12:00,18:00,6,12:00-23:00,1,6,6,0,1.0862559104824807,562.1568021646696,1.0862559104824807,False,562.1568021646696,93.69280036077826,1.0862559104824807,517.5178305036584,20.571448350033847,global_hour,0.22717463951555183,12:00,1,cycle_time,Биродром и Панчетта Дежнева,non_kfm
33,2026-08-26,high,auto,demand_layer_gap,08:00,10:00,2,08:00-23:00,1,2,2,0,5.429213149231326,1438.1623772278804,2.714606574615663,False,1438.1623772278804,719.0811886139402,2.714606574615663,529.7866698902758,17.706807644260394,location_hour,2.9863690645369996,09:00,2,history,Даниловский,kfm
33,2026-08-26,high,auto,first_layer_demand_span,08:00,14:00,6,08:00-23:00,1,6,6,0,17.776326037493952,4600.901146515704,8.888163018746976,False,4600.901146515704,766.8168577526172,8.888163018746976,517.6436499658536,18.409656230663128,location_hour,3.5352968700106384,12:00,2,cycle_time,Даниловский,kfm
33,2026-08-26,high,auto,mid_10_20,10:00,21:00,11,08:00-23:00,1,11,11,0,24.696999880551353,6594.228906755239,12.348499940275676,False,6594.228906755239,599.4753551595672,12.348499940275676,534.0105226261211,19.467930899304996,location_hour,3.5352968700106384,12:00,2,cycle_time,Даниловский,kfm
33,2026-08-26,high,auto,first_layer_demand_span,14:00,23:00,9,08:00-23:00,1,9,9,0,14.17753827723171,4624.251124415911,8.002594781087344,False,4624.251124415911,513.8056804906569,8.002594781087344,577.843968226965,19.646816313685484,location_hour,2.2662159423145116,14:00,2,cycle_time,Даниловский,kfm
33,2026-08-26,high,bike,single_layer_demand_span_earnings_split,08:00,13:00,5,08:00-23:00,1,5,5,0,11.150217103687593,5695.303235409968,11.150217103687593,False,5695.303235409968,1139.0606470819935,11.150217103687593,510.7795823568691,9.007946801638592,location_hour,2.6499373539000253,12:00,1,history,Даниловский,kfm
33,2026-08-26,high,bike,single_layer_demand_span_earnings_split,13:00,21:00,8,08:00-23:00,1,8,8,0,11.43135954306528,6346.307122762754,11.431359543065282,False,6346.307122762754,793.2883903453443,11.431359543065282,555.1664348281895,8.755846657148531,location_hour,2.1743075724307896,13:00,1,history,Даниловский,kfm
335,2026-08-26,low,auto,single_layer_demand_span_earnings_split,00:00,12:00,12,00:00-24:00,1,12,12,0,12.799507464228306,8738.290406054924,12.799507464228304,False,8738.290406054924,728.1908671712437,12.799507464228304,682.7052080305783,18.71588992531527,global_hour,2.8783673814314747,00:00,1,cycle_time,Кутузовский (Не использовать),kfm
335,2026-08-26,low,auto,single_layer_demand_span_earnings_split,12:00,24:00,12,00:00-24:00,1,6,12,6,2.950017377160417,1133.4211408274323,2.0230838487606846,False,1133.4211408274323,94.45176173561936,2.0230838487606846,560.2442733758918,20.835752926382217,global_hour,0.48114398706287403,19:00,1,cycle_time,Кутузовский (Не использовать),kfm
335,2026-08-26,low,bike,single_layer_demand_span,00:00,06:00,6,00:00-24:00,1,6,6,0,8.865227257910048,6941.286749146144,8.865227257910048,False,6941.286749146144,1156.8811248576906,8.865227257910048,782.9789972899728,8.966526406988457,"global_hour,global_vehicle",3.207338316886155,00:00,1,history,Кутузовский (Не использовать),kfm
34,2026-08-26,medium,auto,single_layer_demand_span,00:00,07:00,7,22:00-07:00,1,7,7,0,9.613004011279493,8030.032602841806,9.613004011279493,False,8030.032602841806,1147.1475146916866,9.613004011279493,835.3302041089033,17.649189884340647,location_hour,2.979674850689371,00:00,1,cycle_time,Аркус,kfm
348,2026-08-26,medium,auto,single_layer_demand_span,08:00,18:00,10,08:00-21:00,1,10,10,0,9.880580437820196,5312.3602615275095,9.880580437820196,False,5312.3602615275095,531.2360261527509,9.880580437820196,537.6566989114554,13.197188230605654,location_hour,1.4442189105676981,08:00,1,history,Рига Холл,kfm
35,2026-08-26,high,auto,demand_layer_gap,08:00,10:00,2,08:00-23:00,1,2,2,0,6.0412040815165255,1481.8957345498654,3.0206020407582628,False,1481.8957345498654,740.9478672749327,3.0206020407582628,490.59615088449874,18.880027961945167,location_hour,3.619356014519937,09:00,2,cycle_time,Ленинский,kfm
35,2026-08-26,high,auto,first_layer_demand_span,08:00,14:00,6,08:00-23:00,1,6,6,0,24.82392491076742,4983.546637360233,9.959291009032894,False,4983.546637360233,830.5911062267055,9.959291009032894,500.39170788766467,18.59498811273398,location_hour,5.278089313119689,11:00,3,history,Ленинский,kfm
35,2026-08-26,high,auto,mid_10_20,10:00,21:00,11,08:00-23:00,1,11,11,0,40.95742267562826,7177.642709658792,14.33025625040042,False,7177.642709658792,652.5129736053448,14.33025625040042,500.8732980234204,19.52374112070189,location_hour,5.278089313119689,11:00,3,history,Ленинский,kfm
35,2026-08-26,high,auto,demand_layer_gap,11:00,12:00,1,08:00-23:00,1,1,1,0,5.278089313119689,875.536611991566,1.7593631043732296,False,875.536611991566,875.536611991566,1.7593631043732296,497.64406779661016,17.49,location_hour,5.278089313119689,11:00,3,history,Ленинский,kfm
35,2026-08-26,high,auto,day_evening_12_22,12:00,22:00,10,08:00-23:00,1,9,10,1,34.1203756849253,5306.295190616108,10.537547070454192,False,5306.295190616108,530.6295190616108,10.537547070454192,503.5607580339278,19.93048491094478,location_hour,5.143900601769189,13:00,3,history,Ленинский,kfm
35,2026-08-26,high,auto,first_layer_demand_span,14:00,23:00,9,08:00-23:00,1,9,9,0,25.639934937118582,5615.108887323863,10.856800372867006,False,5615.108887323863,623.9009874804292,10.856800372867006,517.1973965144442,20.095978101528946,location_hour,4.338768333666185,14:00,3,history,Ленинский,kfm
35,2026-08-26,high,bike,single_layer_demand_span,09:00,18:00,9,08:00-23:00,1,9,9,0,10.734246406257032,5380.474677856728,10.734246406257034,False,5380.474677856728,597.8305197618587,10.734246406257034,501.2438204064729,11.304932668313912,location_hour,1.5705811693749336,11:00,1,history,Ленинский,kfm
36,2026-08-26,low,auto,single_layer_demand_span,12:00,18:00,6,08:00-23:00,1,6,6,0,1.158775709824578,1034.341025908031,1.158775709824578,False,1034.341025908031,172.39017098467184,1.158775709824578,892.6153846153848,33.85153846153846,location_hour,0.26740977919028724,15:00,1,cycle_time,Friends Forever Botanica,non_kfm
37,2026-08-26,medium,bike,single_layer_demand_span,08:00,18:00,10,07:30-24:00,1,10,10,0,15.336250216250079,5272.338323929753,15.336250216250079,False,5272.338323929753,527.2338323929753,15.336250216250079,343.7827532536771,8.668527447821035,location_hour,2.2061456214360335,11:00,1,cycle_time,БТ Усачева,kfm
38,2026-08-26,medium,bike,single_layer_demand_span,18:00,23:00,5,08:00-23:00,1,5,5,0,6.525078795908164,2008.8137930286575,6.525078795908164,False,2008.8137930286575,401.7627586057315,6.525078795908164,307.86046511627904,4.3281395348837215,location_hour,1.7703702159440753,20:00,1,history,Нева,kfm
39,2026-08-26,high,auto,demand_layer_gap,08:00,10:00,2,08:00-23:00,1,2,2,0,7.770389639747878,1946.247982460421,2.7239947247303506,False,1946.247982460421,973.1239912302105,2.7239947247303506,714.4830218616084,16.072914271826264,location_hour,4.644800380574353,09:00,4,history,Гребной,kfm
39,2026-08-26,high,auto,first_layer_demand_span,08:00,15:00,7,08:00-23:00,1,7,7,0,39.825896245933905,6391.9935842982495,9.443341889405671,False,6391.9935842982495,913.1419406140357,9.443341889405671,676.8783402271309,16.98207991503895,location_hour,7.081837781118836,11:00,5,history,Гребной,kfm
39,2026-08-26,high,auto,demand_layer_gap,09:00,10:00,1,08:00-23:00,2,2,2,0,4.644800380574353,1636.827654114402,2.3224001902871767,False,818.413827057201,818.413827057201,1.1612000951435884,704.8,15.7,location_hour,4.644800380574353,09:00,4,history,Гребной,kfm
39,2026-08-26,high,auto,mid_10_20,10:00,21:00,11,08:00-23:00,3,33,33,0,57.338552875209274,24825.97454454074,37.23418527206131,False,8275.324848180246,752.3022589254768,12.411395090687103,666.7521892353294,17.331157591430554,location_hour,7.081837781118836,11:00,5,history,Гребной,kfm
39,2026-08-26,high,auto,demand_layer_gap,11:00,12:00,1,08:00-23:00,1,1,1,0,7.081837781118836,886.4633330920494,1.4163675562237672,False,886.4633330920494,886.4633330920494,1.4163675562237672,625.8709677419355,18.26,location_hour,7.081837781118836,11:00,5,history,Гребной,kfm
39,2026-08-26,high,auto,day_evening_12_22,12:00,22:00,10,08:00-23:00,1,6,10,4,46.443829533351256,4198.20517740715,6.276604956237096,False,4198.20517740715,419.820517740715,6.276604956237096,668.8656059571458,17.07381738700072,location_hour,6.472647434355925,13:00,5,history,Гребной,kfm
39,2026-08-26,high,auto,first_layer_demand_span,15:00,23:00,8,08:00-23:00,1,8,8,0,29.35990053626336,6672.714691480784,9.768902193251883,False,6672.714691480784,834.089336435098,9.768902193251883,683.0567610852047,16.842954389583838,location_hour,5.3073229455664945,18:00,5,history,Гребной,kfm
4,2026-08-26,high,auto,first_layer_demand_span,08:00,14:00,6,08:00-24:00,1,6,6,0,13.61054851986086,3226.10233978392,7.4869218172780565,False,3226.10233978392,537.68372329732,7.4869218172780565,430.8983609711048,24.107075360223483,location_hour,3.223962656954839,13:00,2,cycle_time,Аврора,kfm
4,2026-08-26,high,auto,demand_layer_gap,09:00,10:00,1,08:00-24:00,1,1,1,0,1.491062085426829,310.33262175119245,0.7455310427134145,False,310.33262175119245,310.33262175119245,0.7455310427134145,416.2571428571428,24.1,location_hour,1.491062085426829,09:00,2,cycle_time,Аврора,kfm
4,2026-08-26,high,auto,mid_10_20,10:00,21:00,11,08:00-24:00,1,11,11,0,23.624036483574233,5503.416582733652,11.812018241787117,False,5503.416582733652,500.310598430332,11.812018241787117,465.91670196244166,22.475725528605157,location_hour,3.223962656954839,13:00,2,cycle_time,Аврора,kfm
4,2026-08-26,high,auto,first_layer_demand_span,14:00,21:00,7,08:00-24:00,1,7,7,0,12.867845163835455,3165.2517290270516,6.433922581917727,False,3165.2517290270516,452.17881843243595,6.433922581917727,491.96298039439586,23.637634841200377,location_hour,2.8606992589880966,14:00,2,cycle_time,Аврора,kfm
4,2026-08-26,high,bike,first_layer_demand_span,08:00,16:00,8,08:00-24:00,1,8,8,0,28.92608784133479,7618.6305443028405,17.048462554484342,False,7618.6305443028405,952.3288180378551,17.048462554484342,446.88079760593274,11.70962278863409,location_hour,5.009770665542863,13:00,3,history,Аврора,kfm
4,2026-08-26,high,bike,morning_08_16,08:00,16:00,8,08:00-24:00,2,8,16,8,28.92608784133479,5144.9403933122285,11.87762528685045,False,2572.4701966561142,321.5587745820143,5.938812643425225,433.1623762376238,11.70962278863409,location_hour,5.009770665542863,13:00,3,history,Аврора,kfm
4,2026-08-26,high,bike,first_layer_demand_span,16:00,24:00,8,08:00-24:00,1,8,8,0,15.795314998913863,7950.845808362012,15.795314998913863,False,7950.845808362012,993.8557260452515,15.795314998913863,503.36734714747615,10.764880281310075,"location_hour,global_hour",3.178844620240425,19:00,1,history,Аврора,kfm
40,2026-08-26,medium,bike,single_layer_demand_span,12:00,18:00,6,09:00-19:00,1,6,6,0,1.7402886304989682,900.6303965060089,1.7402886304989682,False,900.6303965060089,150.10506608433482,1.7402886304989682,517.5178305036584,9.129404549127251,global_hour,0.3639560792916788,12:00,1,history,БТ Аркус,kfm
43,2026-08-26,low,auto,single_layer_demand_span,12:00,18:00,6,11:00-23:00,1,6,6,0,0.8107746224919058,419.59032365943375,0.8107746224919058,False,419.59032365943375,69.93172060990562,0.8107746224919058,517.5178305036584,20.57144835003385,global_hour,0.16956173109442144,12:00,1,cycle_time,Frankie Новослободская,non_kfm
434,2026-08-26,medium,auto,first_layer_demand_span,08:00,13:00,5,08:00-22:00,1,5,5,0,11.804612893953903,7205.011391501483,9.767939073910837,False,7205.011391501483,1441.0022783002964,9.767939073910837,737.6183795766426,18.42772785529527,"global_hour,location_hour",3.396904369509965,10:00,3,history,Сколково,kfm
434,2026-08-26,medium,auto,day_08_18,08:00,18:00,10,08:00-22:00,1,6,10,4,26.363648404418015,4244.491887026627,5.871348746842904,False,4244.491887026627,424.44918870266275,5.871348746842904,722.9159891598915,18.503158985431355,"global_hour,location_hour",3.7710288699234913,13:00,3,history,Сколково,kfm
434,2026-08-26,medium,auto,day_evening_12_22,12:00,22:00,10,08:00-22:00,1,10,10,0,27.715299271049794,8072.529098356178,10.921975262103444,False,8072.529098356178,807.2529098356179,10.921975262103444,739.1088978534734,18.617059774342696,location_hour,3.7710288699234913,13:00,3,history,Сколково,kfm
434,2026-08-26,medium,auto,first_layer_demand_span,13:00,22:00,9,08:00-22:00,1,9,9,0,24.660288540985192,7375.111518619399,9.903638352081911,False,7375.111518619399,819.4568354021554,9.903638352081911,744.687079276176,18.68564987883303,location_hour,3.7710288699234913,13:00,3,history,Сколково,kfm
44,2026-08-26,low,auto,single_layer_demand_span,12:00,18:00,6,11:00-24:00,1,6,6,0,0.7007760468289788,362.66409942386326,0.7007760468289788,False,362.66409942386326,60.444016570643875,0.7007760468289788,517.5178305036585,20.571448350033847,global_hour,0.146557127361264,12:00,1,cycle_time,Frankie Пятницкая,non_kfm
443,2026-08-26,low,auto,single_layer_demand_span,12:00,18:00,6,10:00-20:00,1,6,6,0,0.8250157398820123,426.9603558351096,0.8250157398820123,False,426.9603558351096,71.1600593058516,0.8250157398820123,517.5178305036585,20.571448350033847,global_hour,0.17254005386180607,12:00,1,cycle_time,Пинский доставка,non_kfm
46,2026-08-26,low,bike,single_layer_demand_span,12:00,18:00,6,10:00-22:00,1,6,6,0,1.3874897438578897,718.0506820874118,1.3874897438578897,False,718.0506820874118,119.6751136812353,1.3874897438578897,517.5178305036584,9.12940454912725,global_hour,0.2901733185989648,12:00,1,cycle_time,БТ Павелецкая Плаза,kfm
47,2026-08-26,medium,bike,single_layer_demand_span,12:00,18:00,6,08:00-21:00,1,6,6,0,5.40575651119542,2044.6479039403855,5.40575651119542,False,2044.6479039403855,340.7746506567309,5.40575651119542,378.2352941176471,10.882,location_hour,1.5263312502198834,12:00,1,cycle_time,БТ Царская Площадь,kfm
479,2026-08-26,medium,auto,single_layer_demand_span_earnings_split,06:00,14:00,8,00:00-24:00,1,6,8,2,5.320930076996253,3273.10001368325,5.088475037414328,False,3273.10001368325,409.13750171040624,5.088475037414328,643.2379032258065,23.09356955383007,"location_hour,global_hour",2.298020984638729,07:00,1,cycle_time,Покровка,kfm
479,2026-08-26,medium,auto,single_layer_demand_span_earnings_split,14:00,24:00,10,00:00-24:00,1,6,10,4,3.3664338079718563,1317.2254789536019,2.43661364964416,False,1317.2254789536019,131.72254789536018,2.43661364964416,540.5967741935484,21.8885231735968,"location_hour,global_hour",1.2969072651331819,22:00,1,cycle_time,Покровка,kfm
5,2026-08-26,medium,auto,single_layer_demand_span,00:00,12:00,12,00:00-24:00,1,12,12,0,5.449297624591634,3674.052909848411,5.449297624591634,False,3674.052909848411,306.17107582070093,5.449297624591634,674.2250401718042,18.715129028394788,global_hour,1.1623505402771954,00:00,1,cycle_time,Покровка (не использовать),kfm
51,2026-08-26,medium,bike,single_layer_demand_span,12:00,18:00,6,08:00-22:00,1,6,6,0,3.040612401008885,1100.701689165216,3.040612401008885,False,1100.701689165216,183.45028152753602,3.040612401008885,361.9999999999999,10.331666666666663,location_hour,0.9121837203026654,13:00,1,cycle_time,БТ Новинский,kfm
516,2026-08-26,low,auto,single_layer_demand_span,12:00,18:00,6,09:00-22:00,1,6,6,0,1.46531441144456,758.3263352165341,1.46531441144456,False,758.3263352165341,126.38772253608902,1.46531441144456,517.5178305036586,20.57144835003385,global_hour,0.306449216970433,12:00,1,cycle_time,La Raquette by Pinskiy&Co,non_kfm
53,2026-08-26,low,auto,single_layer_demand_span,12:00,18:00,6,11:00-23:00,1,6,6,0,1.2071915278509049,624.7431404957971,1.2071915278509049,False,624.7431404957971,104.12385674929952,1.2071915278509049,517.5178305036585,20.571448350033847,global_hour,0.252466566597504,12:00,1,cycle_time,IZUMI,non_kfm
54,2026-08-26,medium,auto,day_evening_12_22,12:00,23:00,11,10:00-23:00,1,11,11,0,21.24796437342701,10026.826844105735,10.623982186713505,False,10026.826844105735,911.5297131005213,10.623982186713505,943.7917598022161,25.677475785595394,location_hour,2.5500538389730445,17:00,2,cycle_time,Maroon,non_kfm
54,2026-08-26,medium,auto,first_layer_demand_span,12:00,23:00,11,10:00-23:00,1,11,11,0,21.24796437342701,10026.826844105735,10.623982186713505,False,10026.826844105735,911.5297131005213,10.623982186713505,943.7917598022161,25.677475785595394,location_hour,2.5500538389730445,17:00,2,cycle_time,Maroon,non_kfm
6,2026-08-26,mega,auto,first_layer_demand_span,06:00,14:00,8,00:00-24:00,1,8,8,0,21.268731886417005,5180.264828573493,8.942194097408962,False,5180.264828573493,647.5331035716866,8.942194097408962,579.3057914135969,23.339820956368968,location_hour,3.627419906654387,13:00,4,cycle_time,Неглинная,kfm
6,2026-08-26,mega,auto,demand_layer_gap,08:00,10:00,2,00:00-24:00,1,2,2,0,5.630873675515629,1126.905635077093,2.3193816876445443,False,1126.905635077093,563.4528175385465,2.3193816876445443,485.86467724573856,24.21722883386716,location_hour,2.9763309006796193,09:00,3,history,Неглинная,kfm
6,2026-08-26,mega,auto,morning_08_16,08:00,16:00,8,00:00-24:00,1,4,8,4,23.34321321535145,1590.7684210390125,3.116837692902614,False,1590.7684210390125,198.84605262987657,3.116837692902614,510.3789731051345,26.9102473531204,location_hour,3.627419906654387,13:00,4,cycle_time,Неглинная,kfm
6,2026-08-26,mega,auto,day_08_18,08:00,18:00,10,00:00-24:00,1,9,10,1,28.592161118443208,3917.449866844432,7.606926883568194,False,3917.449866844432,391.74498668444323,7.606926883568194,514.9845564187765,27.374452917465153,location_hour,3.627419906654387,13:00,4,cycle_time,Неглинная,kfm
6,2026-08-26,mega,auto,mid_10_20,10:00,21:00,11,00:00-24:00,1,11,11,0,28.23503785443659,5010.57835573679,9.251691789096162,False,5010.57835573679,455.50712324879913,9.251691789096162,541.585092754835,28.995782212392914,location_hour,3.627419906654387,13:00,4,cycle_time,Неглинная,kfm
6,2026-08-26,mega,auto,first_layer_demand_span,14:00,24:00,10,00:00-24:00,1,10,10,0,19.735609805909206,5505.528028071456,9.767309541705737,False,5505.528028071456,550.5528028071456,9.767309541705737,563.6688388509888,27.974529881489563,location_hour,2.7647130176590173,15:00,4,cycle_time,Неглинная,kfm
6,2026-08-26,mega,bike,single_layer_demand_span_earnings_split,06:00,14:00,8,00:00-24:00,1,8,8,0,15.095052830878982,8070.4129195683745,15.095052830878984,False,8070.4129195683745,1008.8016149460468,15.095052830878984,534.6395941761294,8.039441646184024,location_hour,2.5744880053567902,13:00,1,history,Неглинная,kfm
6,2026-08-26,mega,bike,single_layer_demand_span_earnings_split,14:00,24:00,10,00:00-24:00,1,10,10,0,14.0069504030971,7778.914659561529,14.0069504030971,False,7778.914659561529,777.891465956153,14.0069504030971,555.3610483150936,8.255396852536256,location_hour,1.962199217454721,15:00,1,history,Неглинная,kfm
69,2026-08-26,mega,auto,day_08_18,08:00,15:00,7,08:00-23:00,2,14,14,0,39.47208856932753,8383.126175622932,18.98607765080502,False,4191.563087811466,598.7947268302095,9.49303882540251,441.54070839731787,15.781848087275854,location_hour,6.89301350737519,11:00,5,cycle_time,Опен Мичуринский,kfm
69,2026-08-26,mega,auto,morning_08_16,08:00,16:00,8,08:00-23:00,1,4,8,4,44.12604367645212,2173.040273698759,4.924596248052584,False,2173.040273698759,271.63003421234487,4.924596248052584,441.26262626262627,15.971620996265536,location_hour,6.89301350737519,11:00,5,cycle_time,Опен Мичуринский,kfm
69,2026-08-26,mega,auto,first_layer_demand_span,08:00,17:00,9,08:00-23:00,1,9,9,0,48.50006163427598,5178.065975965186,11.750032091639621,False,5178.065975965186,575.3406639961318,11.750032091639621,440.68526243851557,16.03940682905282,location_hour,6.89301350737519,11:00,5,cycle_time,Опен Мичуринский,kfm
69,2026-08-26,mega,auto,day_08_18,08:00,18:00,10,08:00-23:00,1,8,10,2,53.04904031041279,4187.295334317319,9.462613780338735,False,4187.295334317319,418.72953343173197,9.462613780338735,442.5093775905357,16.249483553800474,location_hour,6.89301350737519,11:00,5,cycle_time,Опен Мичуринский,kfm
69,2026-08-26,mega,auto,day_08_18,15:00,21:00,6,08:00-23:00,2,12,12,0,28.462869331888232,7354.172552369646,16.712420931077943,False,3677.086276184823,612.8477126974705,8.356210465538972,440.0423243704947,17.438955911854755,location_hour,5.253853267342226,19:00,4,cycle_time,Опен Мичуринский,kfm
69,2026-08-26,mega,auto,first_layer_demand_span,17:00,23:00,6,08:00-23:00,1,6,6,0,24.483108271381635,5108.715970725793,11.147429203743709,False,5108.715970725793,851.4526617876322,11.147429203743709,458.2864692255773,17.465291447366827,location_hour,5.253853267342226,19:00,4,cycle_time,Опен Мичуринский,kfm
69,2026-08-26,mega,bike,first_layer_demand_span,08:00,15:00,7,08:00-23:00,1,7,7,0,32.9736549051751,8145.583716240177,18.39777744720498,False,8145.583716240177,1163.6548166057396,18.39777744720498,442.74824715186816,9.89060079489834,location_hour,5.7581915953015494,11:00,2,history,Опен Мичуринский,kfm
69,2026-08-26,mega,bike,demand_layer_gap,09:00,10:00,1,08:00-23:00,1,1,1,0,4.219988772236331,943.8375563796006,2.1099943861181654,False,943.8375563796006,943.8375563796006,2.1099943861181654,447.31756756756755,9.97,location_hour,4.219988772236331,09:00,2,history,Опен Мичуринский,kfm
69,2026-08-26,mega,bike,mid_10_20,10:00,21:00,11,08:00-23:00,1,11,11,0,48.708689660491714,10710.124868770392,24.354344830245857,False,10710.124868770392,973.6477153427629,24.354344830245857,439.7623891515818,10.089162702871047,location_hour,5.7581915953015494,11:00,2,history,Опен Мичуринский,kfm
69,2026-08-26,mega,bike,first_layer_demand_span,15:00,23:00,8,08:00-23:00,1,8,8,0,27.994029997744995,7253.305772836864,16.105568239351097,False,7253.305772836864,906.663221604608,16.105568239351097,450.3601279410123,10.359245767746739,location_hour,4.388892273979832,19:00,2,history,Опен Мичуринский,kfm
7,2026-08-26,mega,auto,first_layer_demand_span,00:00,12:00,12,00:00-24:00,1,12,12,0,26.327754873438472,8867.519792503288,12.670522189887645,False,8867.519792503288,738.9599827086073,12.670522189887645,699.8543279913486,21.768554216902064,location_hour,4.345151955731787,11:00,6,history,Белая Площадь,kfm
7,2026-08-26,mega,auto,demand_layer_gap,06:00,12:00,6,00:00-24:00,1,6,6,0,20.28630077045924,4552.741870754821,6.629068086908412,False,4552.741870754821,758.7903117924702,6.629068086908412,686.7845994440639,23.85289820314023,location_hour,4.345151955731787,11:00,6,history,Белая Площадь,kfm
7,2026-08-26,mega,auto,demand_layer_gap,08:00,12:00,4,00:00-24:00,1,4,4,0,14.823347936815521,2190.0556605694364,3.897591670086554,False,2190.0556605694364,547.5139151423591,3.897591670086554,561.8997180689279,25.136532777794844,location_hour,4.345151955731787,11:00,6,history,Белая Площадь,kfm
7,2026-08-26,mega,auto,morning_08_16,08:00,13:00,5,00:00-24:00,1,3,5,2,19.373459890459184,1406.8356631845859,2.440540933585874,False,1406.8356631845859,281.3671326369172,2.440540933585874,576.4441988348582,25.26088498885695,location_hour,4.550111953643663,12:00,6,history,Белая Площадь,kfm
7,2026-08-26,mega,auto,morning_08_16,08:00,16:00,8,00:00-24:00,2,8,16,8,29.042998798764195,2655.953636941263,5.246975946544044,False,1327.9768184706315,165.99710230882894,2.623487973272022,506.18749999999994,25.177540544785842,location_hour,4.550111953643663,12:00,6,history,Белая Площадь,kfm
7,2026-08-26,mega,auto,day_evening_12_22,12:00,24:00,12,00:00-24:00,2,24,24,0,33.090935413142624,9417.353641805486,16.97959195206943,False,4708.676820902743,392.3897350752286,8.489795976034715,554.6277948486107,27.84630183353784,location_hour,4.550111953643663,12:00,6,history,Белая Площадь,kfm
7,2026-08-26,mega,auto,first_layer_demand_span,12:00,24:00,12,00:00-24:00,1,12,12,0,33.090935413142624,4708.676820902743,8.489795976034715,False,4708.676820902743,392.3897350752286,8.489795976034715,554.6277948486107,27.84630183353784,location_hour,4.550111953643663,12:00,6,history,Белая Площадь,kfm
7,2026-08-26,mega,auto,morning_08_16,13:00,21:00,8,00:00-24:00,1,5,8,3,22.65397105362198,1582.0678979663717,3.064603531464415,False,1582.0678979663717,197.75848724579646,3.064603531464415,516.2390115795447,28.304712920099913,location_hour,3.566303963666655,13:00,6,history,Белая Площадь,kfm
7,2026-08-26,mega,bike,single_layer_demand_span_earnings_split,06:00,12:00,6,00:00-24:00,1,6,6,0,10.68250801015487,6850.134007474175,10.68250801015487,False,6850.134007474175,1141.6890012456959,10.68250801015487,641.2477295558672,10.021559427206059,location_hour,2.288101763729993,11:00,1,history,Белая Площадь,kfm
7,2026-08-26,mega,bike,single_layer_demand_span_earnings_split,12:00,21:00,9,00:00-24:00,1,9,9,0,14.32532416443387,7560.134770624055,14.32532416443387,False,7560.134770624055,840.0149745137838,14.32532416443387,527.7461566554944,10.24854684791554,location_hour,2.396031092207823,12:00,1,history,Белая Площадь,kfm
70,2026-08-26,low,auto,single_layer_demand_span,12:00,18:00,6,12:00-22:30,1,6,6,0,0.7554077680621925,390.9369892731565,0.7554077680621925,False,390.9369892731565,65.15616487885941,0.7554077680621925,517.5178305036583,20.571448350033844,global_hour,0.1579825580148536,12:00,1,cycle_time,КО Сыроварня,non_kfm
71,2026-08-26,low,auto,single_layer_demand_span,12:00,18:00,6,12:00-23:59,1,6,6,0,0.7645576390334126,395.67221064757086,0.7645576390334126,False,395.67221064757086,65.9453684412618,0.7645576390334126,517.5178305036584,20.57144835003385,global_hour,0.15989612057358576,12:00,1,cycle_time,КО Medusa,non_kfm
72,2026-08-26,low,auto,single_layer_demand_span,12:00,18:00,6,12:00-23:59,1,6,6,0,0.7458863281334406,386.009474337958,0.7458863281334406,False,386.009474337958,64.33491238965966,0.7458863281334406,517.5178305036584,20.571448350033847,global_hour,0.15599128720784602,12:00,1,cycle_time,КО Магадан,non_kfm
8,2026-08-26,mega,auto,first_layer_demand_span,08:00,14:00,6,07:30-24:00,1,6,6,0,10.399293620709447,2017.3046538374545,5.946380223010313,False,2017.3046538374545,336.2174423062424,5.946380223010313,339.2491865944301,26.14837683227558,location_hour,2.00711675853144,13:00,2,history,Усачева,kfm
8,2026-08-26,mega,auto,day_08_18,08:00,18:00,10,07:30-24:00,1,9,10,1,15.676014059082934,2404.969521689504,7.0912736168858785,False,2404.969521689504,240.49695216895037,7.0912736168858785,339.14493384696704,27.128422937166764,location_hour,2.00711675853144,13:00,2,history,Усачева,kfm
8,2026-08-26,mega,auto,first_layer_demand_span,14:00,21:00,7,07:30-24:00,1,7,7,0,8.83210349788345,2195.1460903933466,6.193743278696705,False,2195.1460903933466,313.59229862762095,6.193743278696705,354.41347689425896,28.003630931997943,location_hour,1.715545703687526,15:00,2,history,Усачева,kfm
8,2026-08-26,mega,bike,demand_layer_gap,08:00,10:00,2,07:30-24:00,1,2,2,0,10.604316090674512,1826.285038096113,5.302158045337256,False,1826.285038096113,913.1425190480566,5.302158045337256,344.4418333969047,8.21103245857949,location_hour,5.686700871097449,09:00,2,history,Усачева,kfm
8,2026-08-26,mega,bike,first_layer_demand_span,08:00,15:00,7,07:30-24:00,1,7,7,0,39.3226295001027,6679.032723291343,19.66131475005135,False,6679.032723291343,954.1475318987633,19.66131475005135,339.70427757248024,8.579913377564514,location_hour,6.608936838731474,13:00,2,history,Усачева,kfm
8,2026-08-26,mega,bike,mid_10_20,10:00,21:00,11,07:30-24:00,1,11,11,0,52.71989678189317,9068.475415403402,26.35994839094658,False,9068.475415403402,824.4068559457638,26.35994839094658,344.0247788390209,8.88195213676253,location_hour,6.608936838731474,13:00,2,history,Усачева,kfm
8,2026-08-26,mega,bike,first_layer_demand_span,15:00,24:00,9,07:30-24:00,1,9,9,0,29.464025153672374,6390.545872903773,17.463233467439878,False,6390.545872903773,710.0606525448636,17.463233467439878,365.94287563176186,8.96919935501004,location_hour,5.648865792901705,15:00,2,history,Усачева,kfm
9,2026-08-26,medium,auto,first_layer_demand_span,08:00,14:00,6,08:00-23:00,1,6,6,0,12.166671769844346,8184.921212151798,9.665230025856687,False,8184.921212151798,1364.153535358633,9.665230025856687,846.841843417619,19.654386363961212,location_hour,3.268550545477207,13:00,2,history,КИНКИ,kfm
9,2026-08-26,medium,auto,day_evening_12_22,12:00,23:00,11,08:00-23:00,1,11,11,0,24.731952663173793,10012.94375467145,12.365976331586896,False,10012.94375467145,910.267614061041,12.365976331586896,809.7172019563872,19.287635837585615,location_hour,3.3352556586502113,14:00,2,history,КИНКИ,kfm
9,2026-08-26,medium,auto,first_layer_demand_span,14:00,23:00,9,08:00-23:00,1,9,9,0,19.729069175198475,7951.9391966868425,9.864534587599238,False,7951.9391966868425,883.5487996318714,9.864534587599238,806.1139758872426,19.38447840606026,location_hour,3.3352556586502113,14:00,2,history,КИНКИ,kfm
94,2026-08-26,medium,auto,single_layer_demand_span,12:00,18:00,6,12:00-23:59,1,6,6,0,0.5982545960388501,309.6074206308683,0.5982545960388501,False,309.6074206308683,51.60123677181139,0.5982545960388501,517.5178305036585,20.57144835003385,global_hour,0.12511625564668427,12:00,1,history,КО Высота 5642,non_kfm
99,2026-08-26,mega,bike,demand_layer_gap,07:00,08:00,1,07:00-23:00,1,1,1,0,4.018362385273175,1334.0792849514344,2.0091811926365875,False,1334.0792849514344,1334.0792849514344,2.0091811926365875,663.9915254237288,9.73,location_hour,4.018362385273175,07:00,2,history,Опен Аркус,kfm
99,2026-08-26,mega,bike,first_layer_demand_span,07:00,15:00,8,07:00-23:00,1,8,8,0,64.83838424019919,5886.013703765428,13.928680786019694,False,5886.013703765428,735.7517129706785,13.928680786019694,422.5822814227502,10.63213712282944,location_hour,10.46559163288395,12:00,6,history,Опен Аркус,kfm
99,2026-08-26,mega,bike,day_08_18,08:00,14:00,6,07:00-23:00,2,12,12,0,52.47246662393525,7887.468072983074,20.499977094369907,False,3943.734036491537,657.2890060819228,10.249988547184953,384.75497005063875,10.685531962531844,location_hour,10.46559163288395,12:00,6,history,Опен Аркус,kfm
99,2026-08-26,mega,bike,morning_08_16,08:00,16:00,8,07:00-23:00,2,8,16,8,68.28276735007518,5029.134913482936,13.14202348139359,False,2514.567456741468,314.3209320926835,6.571011740696795,382.6758429250381,10.764687137571032,location_hour,10.46559163288395,12:00,6,history,Опен Аркус,kfm
99,2026-08-26,mega,bike,day_08_18,08:00,18:00,10,07:00-23:00,1,10,10,0,77.48103505339856,6132.821598239893,16.084752893001244,False,6132.821598239893,613.2821598239893,16.084752893001244,381.28167955308726,10.780444598773288,location_hour,10.46559163288395,12:00,6,history,Опен Аркус,kfm
99,2026-08-26,mega,bike,day_08_18,14:00,21:00,7,07:00-23:00,2,14,14,0,43.49274694184047,8857.40111783745,23.992314366550694,False,4428.700558918725,632.6715084169607,11.996157183275347,369.17660307861547,11.14403200776756,location_hour,8.34755523099077,14:00,5,history,Опен Аркус,kfm
99,2026-08-26,mega,bike,first_layer_demand_span,15:00,23:00,8,07:00-23:00,1,8,8,0,42.728699703079954,6566.172441083163,17.91015412930744,False,6566.172441083163,820.7715551353954,17.91015412930744,366.6173051151217,10.768381908937712,location_hour,7.46274549514916,15:00,4,history,Опен Аркус,kfm
1,2026-08-27,medium,bike,single_layer_demand_span,08:00,18:00,10,08:00-23:00,1,10,10,0,17.94279477829721,6073.6739878845965,17.94279477829721,False,6073.6739878845965,607.3673987884597,17.94279477829721,338.50211535780574,8.08784017600696,location_hour,2.553801175493305,13:00,1,history,Wall Street,kfm
10,2026-08-27,medium,bike,single_layer_demand_span,12:00,23:00,11,08:00-23:30,1,11,11,0,21.85946194360966,7582.204302423137,21.859461943609652,False,7582.204302423137,689.2913002202852,21.859461943609652,346.86143336843213,7.3561773847379675,location_hour,3.4635654488513343,13:00,1,history,Якиманка,kfm
101,2026-08-27,medium,auto,first_layer_demand_span,08:00,16:00,8,08:00-22:00,1,8,8,0,26.781796931635355,7666.518757098721,11.089974093517794,False,7666.518757098721,958.3148446373401,11.089974093517794,691.3017733359613,19.851453564882522,location_hour,4.477720311225116,11:00,3,cycle_time,Алия,kfm
101,2026-08-27,medium,auto,day_08_18,08:00,18:00,10,08:00-22:00,1,10,10,0,31.61033773261935,8901.899787570193,12.699487693845793,False,8901.899787570193,890.1899787570194,12.699487693845793,700.9652674323295,19.846646065830374,location_hour,4.477720311225116,11:00,3,cycle_time,Алия,kfm
101,2026-08-27,medium,auto,mid_10_20,10:00,20:00,10,08:00-22:00,1,6,10,4,31.17172837414484,4427.035165319075,6.2113623449277675,False,4427.035165319075,442.70351653190744,6.2113623449277675,712.7317518248176,21.629239911720767,location_hour,4.477720311225116,11:00,3,cycle_time,Алия,kfm
101,2026-08-27,medium,auto,first_layer_demand_span,16:00,22:00,6,08:00-22:00,1,6,6,0,12.922355567734158,7044.17296488177,9.703328367078162,False,7044.17296488177,1174.028827480295,9.703328367078162,725.9543012871253,21.974709645424436,location_hour,2.720304676610701,16:00,3,history,Алия,kfm
11,2026-08-27,medium,auto,custom_open_window,00:00,06:00,6,22:00-07:00,1,6,6,0,14.204706645248748,3646.0706866657947,4.734902215082917,False,3646.0706866657947,607.6784477776324,4.734902215082917,770.0413907284768,17.563907284768213,location_hour,5.220935223915931,00:00,3,history,Кутузовский,kfm
11,2026-08-27,medium,auto,custom_open_window,00:00,07:00,7,22:00-07:00,1,7,7,0,23.6138051515439,8080.192367565478,9.439451468230494,False,8080.192367565478,1154.3131953664968,9.439451468230494,856.0023211899811,19.22658996762297,location_hour,9.409098506295154,06:00,3,cycle_time,Кутузовский,kfm
11,2026-08-27,medium,auto,first_layer_demand_span,00:00,07:00,7,22:00-07:00,1,7,7,0,23.6138051515439,8080.192367565478,9.439451468230494,False,8080.192367565478,1154.3131953664968,9.439451468230494,856.0023211899811,19.22658996762297,location_hour,9.409098506295154,06:00,3,cycle_time,Кутузовский,kfm
11,2026-08-27,medium,auto,first_layer_demand_span,22:00,24:00,2,22:00-07:00,1,2,2,0,3.833910486065709,2536.0264593213105,3.833910486065709,False,2536.0264593213105,1268.0132296606553,3.833910486065709,661.4725274725274,15.274615384615386,location_hour,2.612114836660153,23:00,1,history,Кутузовский,kfm
114,2026-08-27,low,auto,single_layer_demand_span,10:00,12:00,2,10:00-23:59,1,2,2,0,0.8699979992894213,426.5773553919913,0.8699979992894213,False,426.5773553919913,213.28867769599566,0.8699979992894213,490.3199268738574,18.534445937421395,global_hour,0.4510629480776598,11:00,1,cycle_time,Bluefin Скаковая,non_kfm
115,2026-08-27,high,auto,first_layer_demand_span,07:00,14:00,7,07:00-23:00,1,7,7,0,20.1632861098772,4602.366819885631,8.070049641808616,False,4602.366819885631,657.4809742693759,8.070049641808616,570.3021696473943,18.9170282038866,location_hour,3.725996423316535,09:00,3,history,Опен Символ,kfm
115,2026-08-27,high,auto,demand_layer_gap,08:00,10:00,2,07:00-23:00,1,2,2,0,6.2672907050737585,1338.4593873230392,2.51264594865079,False,1338.4593873230392,669.2296936615196,2.51264594865079,532.6892107667413,19.226210810208823,location_hour,3.725996423316535,09:00,3,history,Опен Символ,kfm
115,2026-08-27,high,auto,demand_layer_gap,09:00,10:00,1,07:00-23:00,1,1,1,0,3.725996423316535,620.1672646848818,1.2419988077721784,False,620.1672646848818,620.1672646848818,1.2419988077721784,499.33,21.78,location_hour,3.725996423316535,09:00,3,history,Опен Символ,kfm
115,2026-08-27,high,auto,mid_10_20,10:00,21:00,11,07:00-23:00,2,22,22,0,30.00103309884096,11170.521118533436,20.00068873256064,False,5585.260559266718,507.750959933338,10.00034436628032,558.5068228349605,20.13475867403888,location_hour,3.919923494486492,14:00,3,history,Опен Символ,kfm
115,2026-08-27,high,auto,first_layer_demand_span,14:00,23:00,9,07:00-23:00,1,9,9,0,19.71484609232073,4527.044197953609,8.052749071405703,False,4527.044197953609,503.00491088373434,8.052749071405703,562.1737567892898,18.880348214636044,location_hour,3.919923494486492,14:00,3,history,Опен Символ,kfm
115,2026-08-27,high,bike,single_layer_demand_span,09:00,18:00,9,07:00-23:00,1,9,9,0,9.401305199059525,5119.015128029,9.401305199059525,False,5119.015128029,568.7794586698889,9.401305199059525,544.5004730344345,10.067029881810859,location_hour,1.3450316733558576,14:00,1,history,Опен Символ,kfm
119,2026-08-27,medium,auto,single_layer_demand_span,12:00,18:00,6,11:00-23:00,1,6,6,0,1.91332065690201,990.177555417763,1.91332065690201,False,990.177555417763,165.02959256962717,1.91332065690201,517.5178305036585,20.571448350033847,global_hour,0.4001432133209858,12:00,1,history,Bluefin Успенское,non_kfm
12,2026-08-27,high,auto,first_layer_demand_span,08:00,15:00,7,08:00-22:00,1,7,7,0,16.88163347202932,3892.241117967674,9.095103490123885,False,3892.241117967674,556.0344454239535,9.095103490123885,427.94907415777607,16.594642154581507,location_hour,3.327559297467319,12:00,2,history,Хорошо,kfm
12,2026-08-27,high,auto,day_08_18,08:00,18:00,10,08:00-22:00,1,9,10,1,22.23374189639306,4541.445504209269,10.46258419408731,False,4541.445504209269,454.14455042092686,10.46258419408731,434.0653723748061,16.88469559263108,location_hour,3.327559297467319,12:00,2,history,Хорошо,kfm
12,2026-08-27,high,auto,first_layer_demand_span,15:00,22:00,7,08:00-22:00,1,7,7,0,11.794617761441721,4257.708724168641,9.11856354925985,False,4257.708724168641,608.244103452663,9.11856354925985,466.92757046302955,19.321982312065003,location_hour,2.207744725050044,15:00,2,history,Хорошо,kfm
12,2026-08-27,high,bike,first_layer_demand_span,08:00,15:00,7,08:00-22:00,1,7,7,0,14.480281429429443,4228.397320729544,9.802522353376167,False,4228.397320729544,604.0567601042205,9.802522353376167,431.35809012189674,14.303807558240251,location_hour,2.854225876913863,12:00,2,history,Хорошо,kfm
12,2026-08-27,high,bike,morning_08_16,08:00,16:00,8,08:00-22:00,1,4,8,4,16.37398235570717,1998.9174508705557,4.677759076053275,False,1998.9174508705557,249.86468135881947,4.677759076053275,427.3237288135594,14.274047819991928,location_hour,2.854225876913863,12:00,2,history,Хорошо,kfm
12,2026-08-27,high,bike,first_layer_demand_span,15:00,21:00,6,08:00-22:00,1,6,6,0,8.933680673132626,4086.685052349556,8.933680673132626,False,4086.685052349556,681.1141753915927,8.933680673132626,457.44695852404425,13.98670740394171,location_hour,1.8937009262777247,15:00,1,history,Хорошо,kfm
123,2026-08-27,medium,bike,day_08_18,08:00,18:00,10,08:00-23:00,1,6,10,4,40.36794467416267,3504.773639114276,11.577342668067168,False,3504.773639114276,350.47736391142763,11.577342668067168,302.72695035460987,6.344893284012177,location_hour,5.583399300911824,13:00,2,history,Опен Нева,kfm
123,2026-08-27,medium,bike,first_layer_demand_span,08:00,18:00,10,08:00-23:00,1,10,10,0,40.36794467416267,8901.253981724949,28.790602006095497,False,8901.253981724949,890.1253981724949,28.790602006095497,309.1722076474952,6.344893284012177,location_hour,5.583399300911824,13:00,2,history,Опен Нева,kfm
124,2026-08-27,low,auto,single_layer_demand_span,12:00,18:00,6,09:00-22:30,1,6,6,0,0.516150937373659,267.1173133220457,0.516150937373659,False,267.1173133220457,44.51955222034095,0.516150937373659,517.5178305036584,20.571448350033844,global_hour,0.10794546846828529,12:00,1,cycle_time,ЦБ AVA Bistro,non_kfm
125,2026-08-27,medium,auto,single_layer_demand_span,18:00,23:00,5,10:00-23:00,1,5,5,0,2.045754865252821,2072.813382937232,2.045754865252821,False,2072.813382937232,414.5626765874464,2.045754865252821,1013.2266666666668,29.67386666666667,location_hour,0.6819182884176069,19:00,1,cycle_time,Meraki,non_kfm
126,2026-08-27,high,bike,first_layer_demand_span,07:00,13:00,6,07:00-23:00,1,6,6,0,24.44650279322003,4184.180373808295,10.348995229790688,False,4184.180373808295,697.3633956347159,10.348995229790688,404.3078850557091,9.546761854736081,"global_hour,location_hour",6.459133105371258,12:00,4,history,Опен Покровка,kfm
126,2026-08-27,high,bike,demand_layer_gap,08:00,10:00,2,07:00-23:00,1,2,2,0,7.967544520816244,1368.497770327934,3.983772260408122,False,1368.497770327934,684.248885163967,3.983772260408122,343.5180730405851,8.948759822822119,location_hour,4.2357836140619956,09:00,2,history,Опен Покровка,kfm
126,2026-08-27,high,bike,morning_08_16,08:00,16:00,8,07:00-23:00,1,4,8,4,38.875740887087446,1950.678382613074,5.712295840062707,False,1950.678382613074,243.83479782663426,5.712295840062707,341.4876325088339,9.457347818769806,location_hour,6.862828924456961,13:00,4,history,Опен Покровка,kfm
126,2026-08-27,high,bike,day_08_18,08:00,18:00,10,07:00-23:00,1,7,10,3,46.34968202565887,3226.8471349442725,9.435872249601879,False,3226.8471349442725,322.6847134944272,9.435872249601879,341.9765602570998,9.308948850710287,location_hour,6.862828924456961,13:00,4,history,Опен Покровка,kfm
126,2026-08-27,high,bike,mid_10_20,10:00,21:00,11,07:00-23:00,1,11,11,0,46.54873550665592,5385.653072779072,15.700283708495666,False,5385.653072779072,489.60482479809747,15.700283708495666,343.0290288235245,9.345856638346085,location_hour,6.862828924456961,13:00,4,history,Опен Покровка,kfm
126,2026-08-27,high,bike,first_layer_demand_span,13:00,23:00,10,07:00-23:00,1,10,10,0,34.45906220582805,4736.943004666883,13.724345710689018,False,4736.943004666883,473.69430046668833,13.724345710689018,345.14891307186906,8.718225737874448,location_hour,6.862828924456961,13:00,4,history,Опен Покровка,kfm
127,2026-08-27,medium,bike,single_layer_demand_span,12:00,18:00,6,07:00-23:00,1,6,6,0,4.487727469804256,1556.3807719593747,4.487727469804256,False,1556.3807719593747,259.3967953265624,4.487727469804256,346.80821917808214,10.509999999999998,location_hour,1.2295143752888373,12:00,1,cycle_time,БТ Покровка,kfm
128,2026-08-27,medium,bike,first_layer_demand_span,08:00,13:00,5,08:00-24:00,1,5,5,0,21.759784729152926,6370.296621195425,19.680125510785402,False,6370.296621195425,1274.059324239085,19.680125510785402,323.6918696328577,6.883379293139963,location_hour,5.883729365765054,09:00,2,history,Кофемания Лаки,kfm
128,2026-08-27,medium,bike,mid_10_20,10:00,20:00,10,08:00-24:00,1,6,10,4,34.221240537162586,3201.7989353793732,9.6972873665452,False,3201.7989353793732,320.17989353793735,9.6972873665452,330.17469879518075,7.270326300687767,location_hour,4.41279702432379,10:00,2,history,Кофемания Лаки,kfm
128,2026-08-27,medium,bike,first_layer_demand_span,13:00,24:00,11,08:00-24:00,1,11,11,0,29.233870858233796,6989.338027786397,21.61624271005612,False,6989.338027786397,635.3943661623997,21.61624271005612,323.3373219174153,7.332458623410224,location_hour,3.97238277665707,13:00,2,history,Кофемания Лаки,kfm
137,2026-08-27,medium,bike,single_layer_demand_span,12:00,18:00,6,08:00-23:00,1,6,6,0,3.873754685573004,1557.1059112045855,3.873754685573004,False,1557.1059112045855,259.5176518674309,3.873754685573004,401.96296296296293,11.053703703703702,location_hour,1.2195153639766865,13:00,1,cycle_time,БТ Мясницкая,kfm
138,2026-08-27,medium,bike,single_layer_demand_span,12:00,18:00,6,08:00-23:00,1,6,6,0,5.238316948883504,1993.7934643176209,5.238316948883504,False,1993.7934643176209,332.2989107196035,5.238316948883504,380.61718750000006,8.97578125,location_hour,1.6369740465260951,13:00,1,cycle_time,БТ Таганка,kfm
14,2026-08-27,medium,auto,demand_layer_gap,09:00,10:00,1,09:00-23:00,1,1,1,0,2.4321347648132896,913.5177485381046,1.2160673824066448,False,913.5177485381046,913.5177485381046,1.2160673824066448,751.2065217391304,16.45,location_hour,2.4321347648132896,09:00,2,history,Метрополис,kfm
14,2026-08-27,medium,auto,first_layer_demand_span,09:00,15:00,6,09:00-23:00,1,6,6,0,22.78434770279464,6824.314953769388,9.101648671884709,False,6824.314953769388,1137.3858256282313,9.101648671884709,749.788878892889,18.377099288219856,location_hour,5.676518923139952,12:00,3,cycle_time,Метрополис,kfm
14,2026-08-27,medium,auto,mid_10_20,10:00,15:00,5,09:00-23:00,1,5,5,0,20.352212937981353,5910.797205231283,7.885581289478064,False,5910.797205231283,1182.1594410462567,7.885581289478064,749.5702584561792,18.674285063248284,location_hour,5.676518923139952,12:00,3,cycle_time,Метрополис,kfm
14,2026-08-27,medium,auto,mid_10_20,10:00,20:00,10,09:00-23:00,1,6,10,4,34.933657133486726,5747.7940914433075,7.5487742872633055,False,5747.7940914433075,574.7794091443308,7.5487742872633055,761.4208443271767,22.037465530771023,location_hour,5.676518923139952,12:00,3,cycle_time,Метрополис,kfm
14,2026-08-27,medium,auto,first_layer_demand_span,15:00,23:00,8,09:00-23:00,1,8,8,0,19.44853483332635,6472.345851919053,8.240405452544133,False,6472.345851919053,809.0432314898816,8.240405452544133,785.4402176194848,25.51724119192621,location_hour,3.531026541164234,19:00,3,cycle_time,Метрополис,kfm
14,2026-08-27,medium,auto,mid_10_20,15:00,23:00,8,09:00-23:00,1,8,8,0,19.44853483332635,6472.345851919053,8.240405452544133,False,6472.345851919053,809.0432314898816,8.240405452544133,785.4402176194848,25.51724119192621,location_hour,3.531026541164234,19:00,3,cycle_time,Метрополис,kfm
142,2026-08-27,medium,bike,single_layer_demand_span,08:00,18:00,10,08:00-23:59,1,10,10,0,16.936379818121825,5744.835389258876,16.936379818121825,False,5744.835389258876,574.4835389258876,16.936379818121825,339.2009066253897,8.870971652924279,location_hour,2.528679974290055,12:00,1,cycle_time,RED7,kfm
145,2026-08-27,low,auto,single_layer_demand_span,14:00,18:00,4,14:00-23:00,1,4,4,0,0.6413413632780285,338.2991006445652,0.6413413632780285,False,338.2991006445652,84.5747751611413,0.6413413632780285,527.4867956675185,20.841358406953415,global_hour,0.19887279951714942,14:00,1,cycle_time,BSB Европейский,non_kfm
15,2026-08-27,medium,auto,single_layer_demand_span_earnings_split,00:00,09:00,9,00:00-24:00,1,6,9,3,5.391332877524153,3235.1424313027164,4.13183807292419,False,3235.1424313027164,359.4602701447463,4.13183807292419,782.9789972899729,18.84782097751589,global_hour,1.4948519857327356,00:00,1,cycle_time,Комсомолка,kfm
15,2026-08-27,medium,auto,single_layer_demand_span_earnings_split,09:00,18:00,9,00:00-24:00,1,6,9,3,4.848644727295434,868.1406983780505,1.6775087682160807,False,868.1406983780505,96.46007759756117,1.6775087682160807,517.5178305036584,19.205331374932207,global_hour,1.1243082360231336,11:00,1,history,Комсомолка,kfm
15,2026-08-27,medium,bike,single_layer_demand_span,06:00,12:00,6,00:00-24:00,1,6,6,0,6.063925683951904,3141.1002109639603,6.063925683951904,False,3141.1002109639603,523.5167018273268,6.063925683951904,517.9978078024337,8.986464429753605,global_hour,1.5387699749183608,11:00,1,history,Комсомолка,kfm
16,2026-08-27,medium,bike,single_layer_demand_span,12:00,23:00,11,08:00-23:00,1,11,11,0,12.720298899290661,4321.62690627408,12.720298899290661,False,4321.62690627408,392.87517329764364,12.720298899290661,339.74255954905846,6.9005762613405475,location_hour,2.3430125254866194,13:00,1,history,Мосфильм,kfm
17,2026-08-27,medium,auto,demand_layer_gap,08:00,12:00,4,08:00-22:00,1,4,4,0,8.74797349935734,4899.922921141666,4.37398674967867,False,4899.922921141666,1224.9807302854165,4.37398674967867,1120.2418300653594,22.14320261437908,location_hour,2.6301096795453436,09:00,2,history,Внуково,kfm
17,2026-08-27,medium,auto,first_layer_demand_span,08:00,14:00,6,08:00-22:00,1,6,6,0,13.521526023810148,6503.412253577858,5.965170924496273,False,6503.412253577858,1083.9020422629762,5.965170924496273,1090.2306632776053,21.439739944339667,location_hour,2.6301096795453436,09:00,3,history,Внуково,kfm
17,2026-08-27,medium,auto,day_08_18,08:00,18:00,10,08:00-22:00,1,6,10,4,21.530486370392083,4395.38992548324,4.260837623678247,False,4395.38992548324,439.538992548324,4.260837623678247,1031.5788381742739,21.52710537645625,location_hour,2.6301096795453436,09:00,3,history,Внуково,kfm
17,2026-08-27,medium,auto,day_evening_12_22,12:00,22:00,10,08:00-22:00,1,10,10,0,20.429244219631933,8319.561203716887,8.084203297976842,False,8319.561203716887,831.9561203716887,8.084203297976842,1029.1133086421696,22.821208921847827,location_hour,2.5989341522020846,16:00,3,history,Внуково,kfm
17,2026-08-27,medium,auto,first_layer_demand_span,14:00,22:00,8,08:00-22:00,1,8,8,0,15.655691695179124,6716.071871280696,6.49301912315924,False,6716.071871280696,839.508983910087,6.49301912315924,1034.3527015538693,23.633636526418275,location_hour,2.5989341522020846,16:00,3,history,Внуково,kfm
18,2026-08-27,medium,auto,first_layer_demand_span,08:00,15:00,7,08:00-22:00,1,7,7,0,19.92495624326039,6465.761844765813,9.962478121630195,False,6465.761844765813,923.6802635379734,9.962478121630195,649.0113971470181,14.481976516183337,location_hour,4.301793885014556,08:00,2,history,Новая Рига,kfm
18,2026-08-27,medium,auto,day_08_18,08:00,18:00,10,08:00-22:00,1,10,10,0,25.346516936599844,8185.117721633823,12.673258468299922,False,8185.117721633823,818.5117721633823,12.673258468299922,645.8573966677593,14.628992304976528,location_hour,4.301793885014556,08:00,2,history,Новая Рига,kfm
18,2026-08-27,medium,auto,first_layer_demand_span,15:00,22:00,7,08:00-22:00,1,7,7,0,13.713255170729337,7037.342987383473,11.002474824059611,False,7037.342987383473,1005.3347124833533,11.002474824059611,639.6145503550342,14.465969654142654,location_hour,2.4550827223556633,18:00,2,history,Новая Рига,kfm
184,2026-08-27,low,auto,single_layer_demand_span,18:00,23:00,5,11:00-23:00,1,5,5,0,0.5050623445729256,279.93068708558695,0.5050623445729256,False,279.93068708558695,55.98613741711739,0.5050623445729256,554.2497675654138,21.028846007132046,global_hour,0.12745629627952698,19:00,1,cycle_time,Pasiba Sushi  Марьина Роща,non_kfm
188,2026-08-27,low,auto,single_layer_demand_span,12:00,18:00,6,12:00-20:00,1,6,6,0,0.9984004054201531,516.6900117870107,0.9984004054201531,False,516.6900117870107,86.11500196450179,0.9984004054201531,517.5178305036585,20.571448350033847,global_hour,0.20880093724209212,12:00,1,cycle_time,Мо Friends Bar & Dining Петровка,non_kfm
19,2026-08-27,medium,auto,single_layer_demand_span,12:00,18:00,6,08:00-24:00,1,6,6,0,1.334217243519498,1696.857490308098,1.334217243519498,False,1696.857490308098,282.8095817180163,1.334217243519498,1271.8000000000002,32.414,location_hour,0.26684344870389964,13:00,1,history,Conversation Никитская,non_kfm
2,2026-08-27,high,bike,demand_layer_gap,06:00,10:00,4,00:00-24:00,1,4,4,0,12.76734346713528,3070.7288305472766,6.38367173356764,False,3070.7288305472766,767.6822076368192,6.38367173356764,481.0286240754331,10.300945311704266,"global_hour,location_hour",4.868453440058662,08:00,2,history,Кудринская,kfm
2,2026-08-27,high,bike,first_layer_demand_span,06:00,13:00,7,00:00-24:00,1,7,7,0,27.010352550537338,5062.503750192549,11.864662630160813,False,5062.503750192549,723.2148214560784,11.864662630160813,426.68754333758346,10.12033400580415,"global_hour,location_hour",6.158505769335375,12:00,3,history,Кудринская,kfm
2,2026-08-27,high,bike,mid_10_20,10:00,20:00,10,00:00-24:00,1,7,10,3,36.17040028761483,3179.328596596683,8.925335036975278,False,3179.328596596683,317.9328596596683,8.925335036975278,356.21392176602603,9.487904080013204,location_hour,6.158505769335375,12:00,3,history,Кудринская,kfm
2,2026-08-27,high,bike,mid_10_20,10:00,21:00,11,00:00-24:00,1,11,11,0,38.297673679660825,5261.444787639064,14.68616932134277,False,5261.444787639064,478.3131625126422,14.68616932134277,358.2584860977216,9.404767839629388,location_hour,6.158505769335375,12:00,3,history,Кудринская,kfm
2,2026-08-27,high,bike,first_layer_demand_span,13:00,24:00,11,00:00-24:00,1,11,11,0,29.134668872762198,5373.666528091611,14.28518270125303,False,5373.666528091611,488.5151389174192,14.28518270125303,376.1706546196471,9.040987020260975,location_hour,4.358238272082577,15:00,3,history,Кудринская,kfm
20,2026-08-27,medium,auto,first_layer_demand_span,08:00,14:00,6,08:00-22:00,1,6,6,0,12.140753178751488,6291.234149129897,9.773126350747617,False,6291.234149129897,1048.5390248549827,9.773126350747617,643.7279048017868,15.430164185053709,location_hour,3.101448518072168,11:00,2,history,Павлово,kfm
20,2026-08-27,medium,auto,mid_10_20,10:00,20:00,10,08:00-22:00,1,6,10,4,19.364943324921718,4522.044247885938,5.780699268373086,False,4522.044247885938,452.20442478859377,5.780699268373086,782.2659574468086,19.24924815612777,location_hour,3.101448518072168,11:00,2,history,Павлово,kfm
20,2026-08-27,medium,auto,first_layer_demand_span,14:00,22:00,8,08:00-22:00,1,8,8,0,10.710842417865367,5631.77676621587,7.297769977496152,False,5631.77676621587,703.9720957769838,7.297769977496152,771.7120138867572,23.110611646151654,location_hour,2.398375228367557,14:00,2,cycle_time,Павлово,kfm
21,2026-08-27,high,auto,demand_layer_gap,08:00,10:00,2,08:00-23:00,1,2,2,0,6.453883241533612,2001.793568500345,2.619815306949209,False,2001.793568500345,1000.8967842501725,2.619815306949209,764.0972106661388,17.18965649097344,location_hour,3.6427578829055793,09:00,3,history,Горки-2,kfm
21,2026-08-27,high,auto,first_layer_demand_span,08:00,14:00,6,08:00-23:00,1,6,6,0,24.089051281840916,6733.252919598857,8.498204653718311,False,6733.252919598857,1122.2088199331429,8.498204653718311,792.3147528169711,18.390234224492723,location_hour,4.916593759273156,11:00,3,history,Горки-2,kfm
21,2026-08-27,high,auto,demand_layer_gap,09:00,10:00,1,08:00-23:00,1,1,1,0,3.6427578829055793,970.8860447414096,1.214252627635193,False,970.8860447414096,970.8860447414096,1.214252627635193,799.575,16.46,location_hour,3.6427578829055793,09:00,3,history,Горки-2,kfm
21,2026-08-27,high,auto,mid_10_20,10:00,15:00,5,08:00-23:00,1,5,5,0,21.18078853978314,5658.418495324809,7.06026284659438,False,5658.418495324809,1131.6836990649617,7.06026284659438,801.4458694061551,18.576220384432848,location_hour,4.916593759273156,11:00,3,history,Горки-2,kfm
21,2026-08-27,high,auto,mid_10_20,10:00,21:00,11,08:00-23:00,1,11,11,0,41.60913728302239,9693.824199660541,12.167350032404192,False,9693.824199660541,881.2567454236855,12.167350032404192,796.7079252132851,18.61880306405224,location_hour,4.916593759273156,11:00,4,history,Горки-2,kfm
21,2026-08-27,high,auto,day_evening_12_22,12:00,22:00,10,08:00-23:00,1,6,10,4,34.18225710040826,4035.4057043357325,5.107087185809814,False,4035.4057043357325,403.54057043357324,5.107087185809814,790.1579819409039,18.792695374080367,location_hour,4.396569419350034,13:00,4,history,Горки-2,kfm
21,2026-08-27,high,auto,first_layer_demand_span,14:00,23:00,9,08:00-23:00,1,9,9,0,27.76647903193276,6655.7635661498725,8.18521558024393,False,6655.7635661498725,739.5292851277636,8.18521558024393,813.1445654546244,16.351019316305713,location_hour,3.979764672005986,15:00,4,history,Горки-2,kfm
21,2026-08-27,high,auto,mid_10_20,15:00,23:00,8,08:00-23:00,1,8,8,0,24.22085853245693,5728.804421923575,7.003342080418652,False,5728.804421923575,716.1005527404469,7.003342080418652,818.0100809214097,16.268499669921372,location_hour,3.979764672005986,15:00,4,history,Горки-2,kfm
222,2026-08-27,low,auto,single_layer_demand_span,06:00,12:00,6,06:00-23:59,1,6,6,0,1.4890429926003526,771.3210058905582,1.4890429926003526,False,771.3210058905582,128.5535009817597,1.4890429926003526,517.9978078024337,18.70111128464425,global_hour,0.3778566505918575,11:00,1,cycle_time,Ирис Химки,non_kfm
25,2026-08-27,medium,bike,single_layer_demand_span_earnings_split,08:00,14:00,6,08:00-24:00,1,6,6,0,16.187244167771276,5110.969868668017,16.187244167771276,False,5110.969868668017,851.8283114446695,16.187244167771276,315.7405804036695,6.34080642237052,location_hour,3.64646453581824,11:00,1,history,Весна,kfm
25,2026-08-27,medium,bike,single_layer_demand_span_earnings_split,14:00,24:00,10,08:00-24:00,1,10,10,0,14.35223151872177,4691.782589963169,14.35223151872177,False,4691.782589963169,469.1782589963169,14.35223151872177,326.9026550918561,6.35660667824377,location_hour,2.7767538471032642,14:00,1,history,Весна,kfm
26,2026-08-27,medium,bike,single_layer_demand_span,12:00,23:00,11,08:00-23:00,1,11,11,0,21.40552683278518,6465.60968066414,21.40552683278518,False,6465.60968066414,587.7826982421946,21.40552683278518,302.05328423691344,7.464191498229805,location_hour,3.3338812433693867,13:00,1,history,Тверская,kfm
27,2026-08-27,medium,bike,single_layer_demand_span,18:00,23:00,5,08:00-23:30,1,5,5,0,1.055622445141804,585.0784948566786,1.055622445141804,False,585.0784948566786,117.01569897133572,1.055622445141804,554.2497675654138,9.14309674164918,global_hour,0.2663942948292506,19:00,1,history,4 Ветра,kfm
28,2026-08-27,low,bike,single_layer_demand_span,12:00,18:00,6,08:00-23:00,1,6,6,0,1.17829725059738,609.7898368175818,1.17829725059738,False,609.7898368175818,101.63163946959696,1.17829725059738,517.5178305036585,9.12940454912725,global_hour,0.24642374836674624,12:00,1,cycle_time,Гранд,kfm
29,2026-08-27,mega,auto,demand_layer_gap,07:00,08:00,1,07:00-22:00,2,2,2,0,6.343564906939823,3136.086461112216,4.229043271293215,False,1568.043230556108,1568.043230556108,2.1145216356466077,741.5593220338983,18.53,location_hour,6.343564906939823,07:00,3,history,Украинский,kfm
29,2026-08-27,mega,auto,first_layer_demand_span,07:00,15:00,8,07:00-22:00,1,8,8,0,55.51724965020977,6180.65396454024,9.531555149613167,False,6180.65396454024,772.58174556753,9.531555149613167,648.441294995925,18.51672007440451,location_hour,8.138345618934288,11:00,7,history,Украинский,kfm
29,2026-08-27,mega,auto,day_08_18,08:00,14:00,6,07:00-22:00,3,18,18,0,43.64947438375091,12456.532995538735,19.883581816391523,False,4152.177665179578,692.029610863263,6.627860605463841,626.4732939248343,18.352540276339667,location_hour,8.138345618934288,11:00,7,history,Украинский,kfm
29,2026-08-27,mega,auto,morning_08_16,08:00,16:00,8,07:00-22:00,1,6,8,2,55.47002945206938,3729.4829478919164,6.044258586718575,False,3729.4829478919164,466.18536848648955,6.044258586718575,617.0290192558838,18.650151976364324,location_hour,8.138345618934288,11:00,7,history,Украинский,kfm
29,2026-08-27,mega,auto,day_08_18,08:00,18:00,10,07:00-22:00,2,19,20,1,64.88668658292872,11617.028728421948,18.69895938057139,False,5808.514364210974,580.8514364210974,9.349479690285696,621.2660550774972,18.898296608843793,location_hour,8.138345618934288,11:00,7,history,Украинский,kfm
29,2026-08-27,mega,auto,day_08_18,14:00,21:00,7,07:00-22:00,3,21,21,0,35.345844864828386,13201.405452526069,20.805494144575484,False,4400.468484175356,628.6383548821938,6.9351647148584945,634.5153525694082,20.77653731212558,location_hour,6.2963447087994355,15:00,7,history,Украинский,kfm
29,2026-08-27,mega,auto,first_layer_demand_span,15:00,22:00,7,07:00-22:00,1,7,7,0,33.50779888125968,6404.578587385646,9.8321561823061,False,6404.578587385646,914.9397981979494,9.8321561823061,651.3910548849187,19.651691922678367,location_hour,6.2963447087994355,15:00,6,history,Украинский,kfm
29,2026-08-27,mega,bike,single_layer_demand_span,08:00,15:00,7,07:00-22:00,1,7,7,0,7.089095954215145,4400.189380709867,7.089095954215145,False,4400.189380709867,628.5984829585524,7.089095954215145,620.6982398218963,9.24735226376194,location_hour,1.1732599113205098,11:00,1,history,Украинский,kfm
30,2026-08-27,high,auto,demand_layer_gap,08:00,12:00,4,08:00-24:00,1,4,4,0,16.574581670104962,2262.113709861916,4.879532891641908,False,2262.113709861916,565.528427465479,4.879532891641908,463.59226591886755,21.630387032828292,location_hour,4.839957487948094,11:00,5,history,Черёмушки,kfm
30,2026-08-27,high,auto,day_08_18,08:00,14:00,6,08:00-24:00,1,6,6,0,27.28596299589173,3434.8076389438575,7.021809156799261,False,3434.8076389438575,572.4679398239763,7.021809156799261,489.162773046589,22.086930588525423,location_hour,5.395362445581482,13:00,5,history,Черёмушки,kfm
30,2026-08-27,high,auto,first_layer_demand_span,08:00,16:00,8,08:00-24:00,1,8,8,0,34.91909950938184,4387.930435715897,8.721816426059267,False,4387.930435715897,548.4913044644871,8.721816426059267,503.0982333686279,22.12376236860149,location_hour,5.395362445581482,13:00,5,history,Черёмушки,kfm
30,2026-08-27,high,auto,morning_08_16,08:00,16:00,8,08:00-24:00,1,4,8,4,34.91909950938184,2106.595463807677,3.943375199197054,False,2106.595463807677,263.3244329759596,3.943375199197054,534.2112676056338,22.12376236860149,location_hour,5.395362445581482,13:00,5,history,Черёмушки,kfm
30,2026-08-27,high,auto,mid_10_20,10:00,20:00,10,08:00-24:00,1,7,10,3,38.81166057864857,3343.554437601033,6.187115942940389,False,3343.554437601033,334.3554437601033,6.187115942940389,540.4059772657224,23.503152601628646,location_hour,5.395362445581482,13:00,5,history,Черёмушки,kfm
30,2026-08-27,high,auto,day_evening_12_22,12:00,24:00,12,08:00-24:00,1,12,12,0,37.65215490673499,6225.398490162907,10.71824287713791,False,6225.398490162907,518.7832075135756,10.71824287713791,580.8226741569486,24.043514466805068,location_hour,5.395362445581482,13:00,5,history,Черёмушки,kfm
30,2026-08-27,high,auto,day_08_18,14:00,21:00,7,08:00-24:00,1,7,7,0,21.54660983767435,3323.0244632329413,5.878884740343618,False,3323.0244632329413,474.71778046184875,5.878884740343618,565.2474253201148,25.112118884242996,location_hour,4.165537182250409,14:00,5,history,Черёмушки,kfm
30,2026-08-27,high,auto,first_layer_demand_span,16:00,24:00,8,08:00-24:00,1,8,8,0,19.307637067458124,4099.581764308927,6.87595934272055,False,4099.581764308927,512.4477205386158,6.87595934272055,596.2196051448556,24.766146822611688,location_hour,2.9534979958339957,18:00,4,history,Черёмушки,kfm
30,2026-08-27,high,bike,single_layer_demand_span,09:00,21:00,12,08:00-24:00,1,12,12,0,15.483156245148583,8235.652641651637,15.483156245148585,False,8235.652641651637,686.3043868043031,15.483156245148585,531.9104523169916,9.112401576875937,location_hour,1.8104213632434938,13:00,1,history,Черёмушки,kfm
301,2026-08-27,low,auto,single_layer_demand_span,12:00,18:00,6,12:00-23:00,1,6,6,0,1.0862559104824807,562.1568021646696,1.0862559104824807,False,562.1568021646696,93.69280036077826,1.0862559104824807,517.5178305036584,20.571448350033847,global_hour,0.22717463951555183,12:00,1,cycle_time,Биродром и Панчетта Дежнева,non_kfm
33,2026-08-27,high,auto,demand_layer_gap,08:00,10:00,2,08:00-23:00,1,2,2,0,5.202489132464369,1379.7260057595697,2.6012445662321846,False,1379.7260057595697,689.8630028797849,2.6012445662321846,530.4099520938381,17.775294568812487,location_hour,2.758680655209937,09:00,2,history,Даниловский,kfm
33,2026-08-27,high,auto,first_layer_demand_span,08:00,14:00,6,08:00-23:00,1,6,6,0,16.451519367465263,4260.988609636134,8.225759683732631,False,4260.988609636134,710.164768272689,8.225759683732631,518.0054819815269,18.413692728942006,location_hour,3.208639219716182,12:00,2,cycle_time,Даниловский,kfm
33,2026-08-27,high,auto,mid_10_20,10:00,21:00,11,08:00-23:00,1,11,11,0,23.481243371236562,6278.994694892806,11.740621685618281,False,6278.994694892806,570.8176995357097,11.740621685618281,534.8093876991442,19.470922005856977,location_hour,3.208639219716182,12:00,2,cycle_time,Даниловский,kfm
33,2026-08-27,high,auto,first_layer_demand_span,14:00,23:00,9,08:00-23:00,1,9,9,0,13.826808471206085,4438.396205222317,7.710701903088251,False,4438.396205222317,493.15513391359076,7.710701903088251,575.6150686417632,19.66473750595136,location_hour,2.0777315239200074,18:00,2,history,Даниловский,kfm
33,2026-08-27,high,bike,single_layer_demand_span_earnings_split,08:00,13:00,5,08:00-23:00,1,5,5,0,10.358091128997152,5296.798014479544,10.358091128997152,False,5296.798014479544,1059.3596028959087,10.358091128997152,511.3681612291789,9.007476568953876,location_hour,2.4050859761287753,12:00,1,history,Даниловский,kfm
33,2026-08-27,high,bike,single_layer_demand_span_earnings_split,13:00,21:00,8,08:00-23:00,1,8,8,0,11.142251559509415,6184.631021880297,11.142251559509415,False,6184.631021880297,773.0788777350372,11.142251559509415,555.0611551757679,8.741403937668467,location_hour,1.9734038778492513,13:00,1,history,Даниловский,kfm
335,2026-08-27,low,auto,single_layer_demand_span_earnings_split,00:00,12:00,12,00:00-24:00,1,12,12,0,12.799507464228306,8738.290406054924,12.799507464228304,False,8738.290406054924,728.1908671712437,12.799507464228304,682.7052080305783,18.71588992531527,global_hour,2.8783673814314747,00:00,1,cycle_time,Кутузовский (Не использовать),kfm
335,2026-08-27,low,auto,single_layer_demand_span_earnings_split,12:00,24:00,12,00:00-24:00,1,6,12,6,2.950017377160417,1133.4211408274323,2.0230838487606846,False,1133.4211408274323,94.45176173561936,2.0230838487606846,560.2442733758918,20.835752926382217,global_hour,0.48114398706287403,19:00,1,cycle_time,Кутузовский (Не использовать),kfm
335,2026-08-27,low,bike,single_layer_demand_span,00:00,06:00,6,00:00-24:00,1,6,6,0,8.865227257910048,6941.286749146144,8.865227257910048,False,6941.286749146144,1156.8811248576906,8.865227257910048,782.9789972899728,8.966526406988457,"global_hour,global_vehicle",3.207338316886155,00:00,1,history,Кутузовский (Не использовать),kfm
34,2026-08-27,medium,auto,single_layer_demand_span,00:00,06:00,6,22:00-07:00,1,6,6,0,7.307297848119173,5771.452824187057,7.307297848119173,False,5771.452824187057,961.9088040311761,7.307297848119173,789.8203883495145,16.696019417475725,location_hour,2.979674850689371,00:00,1,cycle_time,Аркус,kfm
34,2026-08-27,medium,auto,single_layer_demand_span,22:00,24:00,2,22:00-07:00,1,2,2,0,3.778281131739869,2441.7638956123083,3.778281131739869,False,2441.7638956123083,1220.8819478061541,3.778281131739869,646.2631578947369,19.440175438596494,location_hour,3.314281694508657,23:00,1,history,Аркус,kfm
348,2026-08-27,medium,auto,single_layer_demand_span,08:00,18:00,10,08:00-21:00,1,10,10,0,9.192614400239396,4952.219868940211,9.192614400239396,False,4952.219868940211,495.22198689402114,9.192614400239396,538.7172411812732,13.246371538342647,location_hour,1.2476571855446117,08:00,1,history,Рига Холл,kfm
35,2026-08-27,high,auto,demand_layer_gap,08:00,10:00,2,08:00-23:00,1,2,2,0,6.553192657829721,1281.5844888675022,2.60692290680744,False,1281.5844888675022,640.7922444337511,2.60692290680744,491.6081275441285,18.690559234180903,location_hour,4.018040532644519,09:00,3,cycle_time,Ленинский,kfm
35,2026-08-27,high,auto,first_layer_demand_span,08:00,15:00,7,08:00-23:00,1,7,7,0,28.4754478916598,4969.815311097558,9.914341318084134,False,4969.815311097558,709.9736158710797,9.914341318084134,501.2753900284255,18.631856068824607,location_hour,4.821824291303428,11:00,3,history,Ленинский,kfm
35,2026-08-27,high,auto,demand_layer_gap,09:00,10:00,1,08:00-23:00,1,1,1,0,4.018040532644519,650.7118825151648,1.3393468442148395,False,650.7118825151648,650.7118825151648,1.3393468442148395,485.84269662921355,19.77,location_hour,4.018040532644519,09:00,3,cycle_time,Ленинский,kfm
35,2026-08-27,high,auto,mid_10_20,10:00,21:00,11,08:00-23:00,2,22,22,0,40.55871133563225,13544.035901418601,27.039140890421503,False,6772.017950709301,615.6379955190273,13.519570445210752,500.9048163292983,19.66481266545859,location_hour,4.821824291303428,11:00,3,history,Ленинский,kfm
35,2026-08-27,high,auto,first_layer_demand_span,15:00,23:00,8,08:00-23:00,1,8,8,0,22.696662446012493,5355.8465444387275,10.272358378144379,False,5355.8465444387275,669.4808180548409,10.272358378144379,521.3843157802892,20.234130473661285,location_hour,4.253159489137052,15:00,3,history,Ленинский,kfm
35,2026-08-27,high,bike,single_layer_demand_span,09:00,18:00,9,08:00-23:00,1,9,9,0,10.60984538004431,5310.6866878869305,10.609845380044309,False,5310.6866878869305,590.0762986541034,10.609845380044309,500.5432687902896,11.305707420474365,location_hour,1.434812104283933,11:00,1,history,Ленинский,kfm
36,2026-08-27,low,auto,single_layer_demand_span,08:00,12:00,4,08:00-23:00,1,4,4,0,1.1122171195363273,1310.6366536616079,1.1122171195363273,False,1310.6366536616079,327.65916341540196,1.1122171195363273,1178.3999999999999,28.103784482758616,"location_hour,global_hour",0.5783529021588901,08:00,1,cycle_time,Friends Forever Botanica,non_kfm
37,2026-08-27,medium,bike,single_layer_demand_span,08:00,18:00,10,07:30-24:00,1,10,10,0,17.022779873138376,5854.36781990001,17.022779873138376,False,5854.36781990001,585.436781990001,17.022779873138376,343.9137358016414,8.678226688795073,location_hour,2.4499050522219727,13:00,1,cycle_time,БТ Усачева,kfm
38,2026-08-27,medium,bike,single_layer_demand_span,18:00,23:00,5,08:00-23:00,1,5,5,0,6.953334903325951,2140.6569174471847,6.953334903325951,False,2140.6569174471847,428.1313834894369,6.953334903325951,307.8604651162791,4.3281395348837215,location_hour,1.8865637334605292,20:00,1,history,Нева,kfm
39,2026-08-27,high,auto,demand_layer_gap,08:00,10:00,2,08:00-23:00,2,4,4,0,8.128239960101926,3334.8294759774317,4.673249781848975,False,1667.4147379887158,833.7073689943579,2.3366248909244876,713.5996643984229,16.03889425102551,location_hour,4.473461149313851,09:00,4,history,Гребной,kfm
39,2026-08-27,high,auto,first_layer_demand_span,08:00,15:00,7,08:00-23:00,1,7,7,0,39.845258614466594,6060.342490554839,8.976903770797342,False,6060.342490554839,865.7632129364056,8.976903770797342,675.1038715898533,17.015202695133972,location_hour,7.0514557579884265,11:00,5,history,Гребной,kfm
39,2026-08-27,high,auto,morning_08_16,08:00,16:00,8,08:00-23:00,1,4,8,4,44.82171184054462,3395.9355997842713,5.155903134873258,False,3395.9355997842713,424.4919499730339,5.155903134873258,658.65,16.877024589380945,location_hour,7.0514557579884265,11:00,5,history,Гребной,kfm
39,2026-08-27,high,auto,demand_layer_gap,09:00,10:00,1,08:00-23:00,1,1,1,0,4.473461149313851,788.2238545091005,1.1183652873284629,False,788.2238545091005,788.2238545091005,1.1183652873284629,704.8,15.7,location_hour,4.473461149313851,09:00,4,history,Гребной,kfm
39,2026-08-27,high,auto,mid_10_20,10:00,21:00,11,08:00-23:00,3,33,33,0,56.67194236408353,25764.09714035189,38.637029421907705,False,8588.032380117296,780.7302163742996,12.879009807302568,666.8239646224796,17.34906098572671,location_hour,7.0514557579884265,11:00,5,history,Гребной,kfm
39,2026-08-27,high,auto,first_layer_demand_span,15:00,23:00,8,08:00-23:00,1,8,8,0,28.693636298468377,6802.425268289873,9.97744351617923,False,6802.425268289873,850.3031585362342,9.97744351617923,681.7803836482955,16.90958882537199,location_hour,4.97645322607803,15:00,4,history,Гребной,kfm
4,2026-08-27,high,auto,first_layer_demand_span,08:00,15:00,7,08:00-24:00,1,7,7,0,15.961000524433839,3712.3761074850227,8.609757574478996,False,3712.3761074850227,530.3394439264318,8.609757574478996,431.18242010544304,23.590448953873942,location_hour,3.213995878589662,13:00,2,cycle_time,Аврора,kfm
4,2026-08-27,high,auto,demand_layer_gap,09:00,10:00,1,08:00-24:00,1,1,1,0,1.339591283129796,278.8072200559714,0.669795641564898,False,278.8072200559714,278.8072200559714,0.669795641564898,416.25714285714287,24.100000000000005,location_hour,1.339591283129796,09:00,2,cycle_time,Аврора,kfm
4,2026-08-27,high,auto,mid_10_20,10:00,21:00,11,08:00-24:00,1,11,11,0,23.933751640472124,5589.515999765881,11.966875820236062,False,5589.515999765881,508.13781816053466,11.966875820236062,467.0823098468169,22.500970904463937,location_hour,3.213995878589662,13:00,2,cycle_time,Аврора,kfm
4,2026-08-27,high,auto,first_layer_demand_span,15:00,24:00,9,08:00-24:00,1,9,9,0,12.855871125451632,3806.4975246144086,7.570442613605515,False,3806.4975246144086,422.94416940160096,7.570442613605515,502.81043248031676,22.44421057949733,location_hour,2.342308820284127,15:00,2,cycle_time,Аврора,kfm
4,2026-08-27,high,bike,first_layer_demand_span,08:00,15:00,7,08:00-24:00,1,7,7,0,24.802071465538994,5579.848439372062,12.961165480781972,False,5579.848439372062,797.1212056245803,12.961165480781972,430.505146134082,11.788291957625745,location_hour,4.994283118323258,13:00,3,history,Аврора,kfm
4,2026-08-27,high,bike,morning_08_16,08:00,16:00,8,08:00-24:00,1,4,8,4,28.44182516807889,2564.5174865818253,5.92045299237851,False,2564.5174865818253,320.56468582272817,5.92045299237851,433.16237623762373,11.728172298241681,location_hour,4.994283118323258,13:00,3,history,Аврора,kfm
4,2026-08-27,high,bike,day_08_18,08:00,18:00,10,08:00-24:00,1,7,10,3,33.71080195651759,4794.845896455098,10.374818237867808,False,4794.845896455098,479.4845896455098,10.374818237867808,462.16191807139705,11.578191538395487,location_hour,4.994283118323258,13:00,3,history,Аврора,kfm
4,2026-08-27,high,bike,first_layer_demand_span,15:00,21:00,6,08:00-24:00,1,6,6,0,16.426235369910163,6127.129575297617,11.971870124420862,False,6127.129575297617,1021.1882625496028,11.971870124420862,511.79385606590984,10.796743179294214,location_hour,3.639753702539894,15:00,2,history,Аврора,kfm
40,2026-08-27,medium,bike,single_layer_demand_span,12:00,18:00,6,09:00-19:00,1,6,6,0,1.7402886304989682,900.6303965060089,1.7402886304989682,False,900.6303965060089,150.10506608433482,1.7402886304989682,517.5178305036584,9.129404549127251,global_hour,0.3639560792916788,12:00,1,history,БТ Аркус,kfm
43,2026-08-27,low,auto,single_layer_demand_span,12:00,18:00,6,11:00-23:00,1,6,6,0,0.8107746224919058,419.59032365943375,0.8107746224919058,False,419.59032365943375,69.93172060990562,0.8107746224919058,517.5178305036584,20.57144835003385,global_hour,0.16956173109442144,12:00,1,cycle_time,Frankie Новослободская,non_kfm
434,2026-08-27,medium,auto,first_layer_demand_span,08:00,13:00,5,08:00-22:00,1,5,5,0,11.921753543486027,7161.725456632902,9.716418465204015,False,7161.725456632902,1432.3450913265804,9.716418465204015,737.0746208883592,18.422804171195533,"global_hour,location_hour",3.344162124236227,10:00,3,history,Сколково,kfm
434,2026-08-27,medium,auto,day_08_18,08:00,18:00,10,08:00-22:00,1,6,10,4,27.6864535171426,4595.987219860909,6.357567530359862,False,4595.987219860909,459.59872198609094,6.357567530359862,722.9159891598916,18.504298644537712,"global_hour,location_hour",4.083315730881538,13:00,3,history,Сколково,kfm
434,2026-08-27,medium,auto,day_evening_12_22,12:00,22:00,10,08:00-22:00,1,10,10,0,28.56076398307067,8191.645299326669,11.101598226355403,False,8191.645299326669,819.1645299326669,11.101598226355403,737.8798198514831,18.61065743979176,location_hour,4.083315730881538,13:00,3,history,Сколково,kfm
434,2026-08-27,medium,auto,first_layer_demand_span,13:00,22:00,9,08:00-22:00,1,9,9,0,25.252761365647654,7436.473097637771,9.998930687214397,False,7436.473097637771,826.2747886264191,9.998930687214397,743.7268374254027,18.683513781748594,location_hour,4.083315730881538,13:00,3,history,Сколково,kfm
44,2026-08-27,low,auto,single_layer_demand_span,12:00,18:00,6,11:00-24:00,1,6,6,0,0.7007760468289788,362.66409942386326,0.7007760468289788,False,362.66409942386326,60.444016570643875,0.7007760468289788,517.5178305036585,20.571448350033847,global_hour,0.146557127361264,12:00,1,cycle_time,Frankie Пятницкая,non_kfm
443,2026-08-27,low,auto,single_layer_demand_span,12:00,18:00,6,10:00-20:00,1,6,6,0,0.8250157398820123,426.9603558351096,0.8250157398820123,False,426.9603558351096,71.1600593058516,0.8250157398820123,517.5178305036585,20.571448350033847,global_hour,0.17254005386180607,12:00,1,cycle_time,Пинский доставка,non_kfm
46,2026-08-27,low,bike,single_layer_demand_span,12:00,18:00,6,10:00-22:00,1,6,6,0,1.3874897438578897,718.0506820874118,1.3874897438578897,False,718.0506820874118,119.6751136812353,1.3874897438578897,517.5178305036584,9.12940454912725,global_hour,0.2901733185989648,12:00,1,cycle_time,БТ Павелецкая Плаза,kfm
47,2026-08-27,medium,bike,single_layer_demand_span,08:00,12:00,4,08:00-21:00,1,4,4,0,5.033971226704822,1869.081554753426,5.033971226704822,False,1869.081554753426,467.2703886883565,5.033971226704822,371.2936507936507,9.255873015873018,location_hour,1.8777511718660844,09:00,1,cycle_time,БТ Царская Площадь,kfm
479,2026-08-27,medium,auto,single_layer_demand_span,00:00,12:00,12,00:00-24:00,1,12,12,0,6.909079871696747,4557.08272578448,6.909079871696747,False,4557.08272578448,379.75689381537336,6.909079871696747,659.578816631243,22.61110717618771,location_hour,2.546999840238465,07:00,1,cycle_time,Покровка,kfm
5,2026-08-27,medium,auto,single_layer_demand_span,00:00,12:00,12,00:00-24:00,1,12,12,0,5.449297624591634,3674.052909848411,5.449297624591634,False,3674.052909848411,306.17107582070093,5.449297624591634,674.2250401718042,18.715129028394788,global_hour,1.1623505402771954,00:00,1,cycle_time,Покровка (не использовать),kfm
51,2026-08-27,medium,bike,single_layer_demand_span,12:00,18:00,6,08:00-22:00,1,6,6,0,3.526384411209512,1276.5511568578431,3.526384411209512,False,1276.5511568578431,212.75852614297386,3.526384411209512,361.99999999999994,10.331666666666665,location_hour,1.0579153233628535,13:00,1,cycle_time,БТ Новинский,kfm
516,2026-08-27,low,auto,single_layer_demand_span,12:00,18:00,6,09:00-22:00,1,6,6,0,1.46531441144456,758.3263352165341,1.46531441144456,False,758.3263352165341,126.38772253608902,1.46531441144456,517.5178305036586,20.57144835003385,global_hour,0.306449216970433,12:00,1,cycle_time,La Raquette by Pinskiy&Co,non_kfm
53,2026-08-27,low,auto,single_layer_demand_span,12:00,18:00,6,11:00-23:00,1,6,6,0,1.2071915278509049,624.7431404957971,1.2071915278509049,False,624.7431404957971,104.12385674929952,1.2071915278509049,517.5178305036585,20.571448350033847,global_hour,0.252466566597504,12:00,1,cycle_time,IZUMI,non_kfm
54,2026-08-27,medium,auto,day_evening_12_22,12:00,23:00,11,10:00-23:00,1,11,11,0,21.24796437342701,10026.826844105735,10.623982186713505,False,10026.826844105735,911.5297131005213,10.623982186713505,943.7917598022161,25.677475785595394,location_hour,2.5500538389730445,17:00,2,cycle_time,Maroon,non_kfm
54,2026-08-27,medium,auto,first_layer_demand_span,12:00,23:00,11,10:00-23:00,1,11,11,0,21.24796437342701,10026.826844105735,10.623982186713505,False,10026.826844105735,911.5297131005213,10.623982186713505,943.7917598022161,25.677475785595394,location_hour,2.5500538389730445,17:00,2,cycle_time,Maroon,non_kfm
6,2026-08-27,mega,auto,first_layer_demand_span,06:00,14:00,8,00:00-24:00,1,8,8,0,21.844311082682637,5433.621258688266,9.471055959323458,False,5433.621258688266,679.2026573360332,9.471055959323458,573.7080724709817,23.924064722697302,location_hour,3.7688190841178537,13:00,3,cycle_time,Неглинная,kfm
6,2026-08-27,mega,auto,day_08_18,08:00,14:00,6,00:00-24:00,1,6,6,0,18.559882685038765,3109.270453757506,6.18662756167959,False,3109.270453757506,518.2117422929176,6.18662756167959,502.57921989947283,27.01873908309998,location_hour,3.7688190841178537,13:00,3,cycle_time,Неглинная,kfm
6,2026-08-27,mega,auto,day_08_18,08:00,18:00,10,00:00-24:00,1,10,10,0,29.265379783686985,5017.525676325804,9.755126594562327,False,5017.525676325804,501.7525676325804,9.755126594562327,514.3475717806325,27.69101154627285,location_hour,3.7688190841178537,13:00,3,cycle_time,Неглинная,kfm
6,2026-08-27,mega,auto,day_08_18,14:00,21:00,7,00:00-24:00,1,7,7,0,16.1000516589175,3479.5779016161473,6.265776313017382,False,3479.5779016161473,497.0825573737353,6.265776313017382,555.3306929242265,29.471851385946376,location_hour,2.7553551287248177,14:00,3,cycle_time,Неглинная,kfm
6,2026-08-27,mega,auto,first_layer_demand_span,14:00,24:00,10,00:00-24:00,1,10,10,0,19.71147374359123,5556.373908596249,9.877198397691108,False,5556.373908596249,555.6373908596249,9.877198397691108,562.5455402308316,28.04230891743551,location_hour,2.7553551287248177,14:00,3,cycle_time,Неглинная,kfm
6,2026-08-27,mega,bike,first_layer_demand_span,06:00,14:00,8,00:00-24:00,1,8,8,0,15.503558538806653,6434.219374667431,11.884653012200976,False,6434.219374667431,804.2774218334289,11.884653012200976,541.3889129166798,8.202447732732178,location_hour,2.674843215317239,13:00,2,history,Неглинная,kfm
6,2026-08-27,mega,bike,morning_08_16,08:00,16:00,8,00:00-24:00,1,4,8,4,17.07470564501945,2346.0510377369624,4.596684349011557,False,2346.0510377369624,293.2563797171203,4.596684349011557,510.37897310513455,7.614747069376357,location_hour,2.674843215317239,13:00,2,history,Неглинная,kfm
6,2026-08-27,mega,bike,first_layer_demand_span,14:00,21:00,7,00:00-24:00,1,7,7,0,11.42668644605225,5783.082168019099,10.448907623646367,False,5783.082168019099,826.1545954312999,10.448907623646367,553.4628476312408,8.499589428124061,location_hour,1.9555576448117629,14:00,2,history,Неглинная,kfm
69,2026-08-27,mega,auto,day_08_18,08:00,14:00,6,08:00-23:00,2,12,12,0,34.53235219200971,7501.063904691495,17.03812829994341,False,3750.5319523457474,625.0886587242912,8.519064149971705,440.251638715293,15.541177301139571,location_hour,7.156445128329801,11:00,5,cycle_time,Опен Мичуринский,kfm
69,2026-08-27,mega,auto,morning_08_16,08:00,16:00,8,08:00-23:00,1,4,8,4,45.40532214560627,2256.0877711521766,5.11280048859026,False,2256.0877711521766,282.0109713940221,5.11280048859026,441.2626262626262,15.989219328940123,location_hour,7.156445128329801,11:00,5,cycle_time,Опен Мичуринский,kfm
69,2026-08-27,mega,auto,first_layer_demand_span,08:00,17:00,9,08:00-23:00,1,9,9,0,49.90372694379689,5313.873661091678,12.057574475502413,False,5313.873661091678,590.4304067879642,12.057574475502413,440.70834245212154,16.05551332504301,location_hour,7.156445128329801,11:00,5,cycle_time,Опен Мичуринский,kfm
69,2026-08-27,mega,auto,day_08_18,08:00,18:00,10,08:00-23:00,1,8,10,2,54.582067933915134,4331.197832448317,9.787788276228952,False,4331.197832448317,433.1197832448317,9.787788276228952,442.5103721304692,16.26458834877577,location_hour,7.156445128329801,11:00,5,cycle_time,Опен Мичуринский,kfm
69,2026-08-27,mega,auto,day_08_18,14:00,21:00,7,08:00-23:00,2,14,14,0,34.54738342592125,8423.278074757622,19.081302935464418,False,4211.639037378811,601.6627196255444,9.540651467732209,441.4414520458222,17.464352915183795,location_hour,6.086667248321738,14:00,5,cycle_time,Опен Мичуринский,kfm
69,2026-08-27,mega,auto,first_layer_demand_span,17:00,23:00,6,08:00-23:00,1,6,6,0,24.968937607969423,5423.155078627649,11.795070076036858,False,5423.155078627649,903.8591797712749,11.795070076036858,459.7815056347532,17.462168837635506,location_hour,5.116823888476173,19:00,4,cycle_time,Опен Мичуринский,kfm
69,2026-08-27,mega,bike,first_layer_demand_span,08:00,15:00,7,08:00-23:00,1,7,7,0,33.93176237076188,8388.101918773933,18.94440574782003,False,8388.101918773933,1198.3002741105618,18.94440574782003,442.77461275021346,9.889480172006794,location_hour,5.978253509309773,11:00,2,history,Опен Мичуринский,kfm
69,2026-08-27,mega,bike,demand_layer_gap,09:00,10:00,1,08:00-23:00,1,1,1,0,4.238113055912685,947.8912116236064,2.1190565279563427,False,947.8912116236064,947.8912116236064,2.1190565279563427,447.31756756756755,9.97,location_hour,4.238113055912685,09:00,2,history,Опен Мичуринский,kfm
69,2026-08-27,mega,bike,mid_10_20,10:00,21:00,11,08:00-23:00,1,11,11,0,49.51172503410056,10887.553875523094,24.75586251705028,False,10887.553875523094,989.777625047554,24.75586251705028,439.7969922487828,10.081408627690209,location_hour,5.978253509309773,11:00,2,history,Опен Мичуринский,kfm
69,2026-08-27,mega,bike,first_layer_demand_span,15:00,23:00,8,08:00-23:00,1,8,8,0,28.61434279478345,7551.261963769239,16.726780372718682,False,7551.261963769239,943.9077454711548,16.726780372718682,451.4474271501358,10.346597985115034,location_hour,4.274422540698203,19:00,2,history,Опен Мичуринский,kfm
7,2026-08-27,mega,auto,first_layer_demand_span,00:00,12:00,12,00:00-24:00,1,12,12,0,26.45050068354484,8828.392521658006,12.682528776838659,False,8828.392521658006,735.6993768048338,12.682528776838659,696.1066422163985,21.819323273993923,location_hour,4.222763759530699,11:00,6,history,Белая Площадь,kfm
7,2026-08-27,mega,auto,demand_layer_gap,06:00,14:00,8,00:00-24:00,1,8,8,0,28.329753668754865,5207.553928962617,7.988611759005615,False,5207.553928962617,650.9442411203271,7.988611759005615,651.8722008354088,24.285392839187857,location_hour,4.421950729319883,12:00,6,history,Белая Площадь,kfm
7,2026-08-27,mega,auto,demand_layer_gap,08:00,12:00,4,00:00-24:00,1,4,4,0,15.196099424288608,2268.3228633258427,4.051052637989714,False,2268.3228633258427,567.0807158314607,4.051052637989714,559.9341865010845,25.15608478871269,location_hour,4.222763759530699,11:00,6,history,Белая Площадь,kfm
7,2026-08-27,mega,auto,morning_08_16,08:00,13:00,5,00:00-24:00,1,3,5,2,19.618050153608493,1367.5878599886153,2.3723453786958792,False,1367.5878599886153,273.51757199772305,2.3723453786958792,576.4708091283078,25.270590702410882,location_hour,4.421950729319883,12:00,6,history,Белая Площадь,kfm
7,2026-08-27,mega,auto,morning_08_16,08:00,16:00,8,00:00-24:00,2,8,16,8,28.90108573408883,2581.1444293161608,5.099186426603108,False,1290.5722146580804,161.32152683226005,2.549593213301554,506.1875,25.192962757549,location_hour,4.421950729319883,12:00,6,history,Белая Площадь,kfm
7,2026-08-27,mega,auto,day_evening_12_22,12:00,24:00,12,00:00-24:00,1,12,12,0,32.05616374298423,4551.550860713082,8.204838345986047,False,4551.550860713082,379.29590505942355,8.204838345986047,554.739858213024,27.882803550706733,location_hour,4.421950729319883,12:00,6,history,Белая Площадь,kfm
7,2026-08-27,mega,auto,first_layer_demand_span,12:00,24:00,12,00:00-24:00,1,12,12,0,32.05616374298423,4551.550860713082,8.204838345986047,False,4551.550860713082,379.29590505942355,8.204838345986047,554.739858213024,27.882803550706733,location_hour,4.421950729319883,12:00,6,history,Белая Площадь,kfm
7,2026-08-27,mega,auto,morning_08_16,13:00,21:00,8,00:00-24:00,1,5,8,3,21.827016472793233,1555.546960363799,3.0130584100465625,False,1555.546960363799,194.44337004547486,3.0130584100465625,516.268438466734,28.36811872754671,location_hour,3.4658532743318005,13:00,6,history,Белая Площадь,kfm
7,2026-08-27,mega,auto,evening_14_24,14:00,24:00,10,00:00-24:00,1,10,10,0,24.16835973933254,3881.110758882498,6.890204345377434,False,3881.110758882498,388.1110758882498,6.890204345377434,563.2794855331532,28.21919993924741,location_hour,3.186991516626943,14:00,6,history,Белая Площадь,kfm
7,2026-08-27,mega,bike,single_layer_demand_span_earnings_split,06:00,12:00,6,00:00-24:00,1,6,6,0,10.764470738728177,6849.680912241994,10.764470738728177,False,6849.680912241994,1141.6134853736655,10.764470738728177,636.3230555867798,10.039418247823178,location_hour,2.2236536959891082,11:00,1,history,Белая Площадь,kfm
7,2026-08-27,mega,bike,single_layer_demand_span_earnings_split,12:00,21:00,9,00:00-24:00,1,9,9,0,13.822372327397865,7289.466241579247,13.822372327397863,False,7289.466241579247,809.9406935088052,13.822372327397863,527.3672325502702,10.25268225485485,location_hour,2.328543021271613,12:00,1,history,Белая Площадь,kfm
70,2026-08-27,low,auto,single_layer_demand_span,12:00,18:00,6,12:00-22:30,1,6,6,0,0.7554077680621925,390.9369892731565,0.7554077680621925,False,390.9369892731565,65.15616487885941,0.7554077680621925,517.5178305036583,20.571448350033844,global_hour,0.1579825580148536,12:00,1,cycle_time,КО Сыроварня,non_kfm
71,2026-08-27,low,auto,single_layer_demand_span,12:00,18:00,6,12:00-23:59,1,6,6,0,0.7645576390334126,395.67221064757086,0.7645576390334126,False,395.67221064757086,65.9453684412618,0.7645576390334126,517.5178305036584,20.57144835003385,global_hour,0.15989612057358576,12:00,1,cycle_time,КО Medusa,non_kfm
72,2026-08-27,low,auto,single_layer_demand_span,12:00,18:00,6,12:00-23:59,1,6,6,0,0.7458863281334406,386.009474337958,0.7458863281334406,False,386.009474337958,64.33491238965966,0.7458863281334406,517.5178305036584,20.571448350033847,global_hour,0.15599128720784602,12:00,1,cycle_time,КО Магадан,non_kfm
8,2026-08-27,mega,auto,first_layer_demand_span,08:00,16:00,8,07:30-24:00,1,8,8,0,13.668744506455472,2874.371395326014,8.42368982047374,False,2874.371395326014,359.29642441575174,8.42368982047374,341.2247431452031,26.753274114051347,location_hour,1.9951822787040923,13:00,2,history,Усачева,kfm
8,2026-08-27,mega,auto,morning_08_16,08:00,16:00,8,07:30-24:00,1,6,8,2,13.668744506455472,1769.0105181531587,5.245054685981731,False,1769.0105181531587,221.12631476914484,5.245054685981731,337.2720827641949,26.753274114051347,location_hour,1.9951822787040923,13:00,2,history,Усачева,kfm
8,2026-08-27,mega,auto,first_layer_demand_span,16:00,24:00,8,07:30-24:00,1,8,8,0,7.918778239802391,2899.1859739337956,7.918778239802391,False,2899.1859739337956,362.39824674172445,7.918778239802391,366.1153130114859,23.95616786572213,location_hour,1.4408408610188699,19:00,1,cycle_time,Усачева,kfm
8,2026-08-27,mega,bike,demand_layer_gap,08:00,10:00,2,07:30-24:00,1,2,2,0,11.003916594347093,1589.3284142064545,4.642308285464141,False,1589.3284142064545,794.6642071032272,4.642308285464141,342.3573611392662,8.265194357577395,location_hour,5.846016524090666,09:00,3,history,Усачева,kfm
8,2026-08-27,mega,bike,first_layer_demand_span,08:00,15:00,7,07:30-24:00,1,7,7,0,39.699224074455174,6437.691671595216,18.98996202551818,False,6437.691671595216,919.6702387993165,18.98996202551818,339.00497868002185,8.606176369169662,location_hour,6.56963956165639,13:00,3,history,Усачева,kfm
8,2026-08-27,mega,bike,morning_08_16,08:00,16:00,8,07:30-24:00,1,1,8,7,45.00777980351211,612.779527430719,1.7193000234188087,False,612.779527430719,76.59744092883987,1.7193000234188087,356.41221374045807,8.509765936421593,location_hour,6.56963956165639,13:00,3,history,Усачева,kfm
8,2026-08-27,mega,bike,mid_10_20,10:00,21:00,11,07:30-24:00,1,11,11,0,53.542301240208985,9221.03429943973,26.771150620104493,False,9221.03429943973,838.2758454036119,26.771150620104493,344.4392222915871,8.90995675452028,location_hour,6.56963956165639,13:00,2,history,Усачева,kfm
8,2026-08-27,mega,bike,first_layer_demand_span,15:00,24:00,9,07:30-24:00,1,9,9,0,31.38312513530676,6974.968268676546,18.95962825525631,False,6974.968268676546,774.996474297394,18.95962825525631,367.88528629208895,8.992577330431201,location_hour,5.3085557290569305,15:00,2,history,Усачева,kfm
9,2026-08-27,medium,auto,first_layer_demand_span,08:00,14:00,6,08:00-24:00,1,6,6,0,10.91008416073111,9230.742137873627,10.91008416073111,False,9230.742137873627,1538.4570229789379,10.91008416073111,846.0743292061877,19.629311198856318,location_hour,2.553101940962307,08:00,1,history,КИНКИ,kfm
9,2026-08-27,medium,auto,first_layer_demand_span,14:00,24:00,10,08:00-24:00,1,10,10,0,19.189614542518,10583.088143685514,12.936830523299749,False,10583.088143685514,1058.3088143685513,12.936830523299749,818.0588069562285,19.449342786126923,location_hour,3.2079500620337136,19:00,2,cycle_time,КИНКИ,kfm
9,2026-08-27,medium,auto,late_16_24,16:00,24:00,8,08:00-24:00,1,6,8,2,15.847591290477256,5267.888978138955,6.2527840192182556,False,5267.888978138955,658.4861222673694,6.2527840192182556,842.4869565217391,19.47706513838731,location_hour,3.2079500620337136,19:00,2,cycle_time,КИНКИ,kfm
94,2026-08-27,medium,auto,single_layer_demand_span,12:00,18:00,6,12:00-23:59,1,6,6,0,0.5982545960388501,309.6074206308683,0.5982545960388501,False,309.6074206308683,51.60123677181139,0.5982545960388501,517.5178305036585,20.57144835003385,global_hour,0.12511625564668427,12:00,1,history,КО Высота 5642,non_kfm
99,2026-08-27,mega,bike,demand_layer_gap,07:00,08:00,1,07:00-23:00,1,1,1,0,4.187057163247869,1390.0852364306515,2.0935285816239344,False,1390.0852364306515,1390.0852364306515,2.0935285816239344,663.9915254237288,9.73,location_hour,4.187057163247869,07:00,2,history,Опен Аркус,kfm
99,2026-08-27,mega,bike,first_layer_demand_span,07:00,15:00,8,07:00-23:00,1,8,8,0,64.25751117050528,6172.658417732546,14.599357984770263,False,6172.658417732546,771.5823022165682,14.599357984770263,422.80341534002594,10.629586366453681,location_hour,10.635700078301843,12:00,6,history,Опен Аркус,kfm
99,2026-08-27,mega,bike,day_08_18,08:00,14:00,6,07:00-23:00,2,12,12,0,51.58721704004047,8328.974136360019,21.618364019405877,False,4164.487068180009,694.0811780300015,10.809182009702939,385.27310063256664,10.684461560523168,location_hour,10.635700078301843,12:00,6,history,Опен Аркус,kfm
99,2026-08-27,mega,bike,morning_08_16,08:00,16:00,8,07:00-23:00,1,1,8,7,68.27084946022435,468.3229434236096,1.1997807882322933,False,468.3229434236096,58.5403679279512,1.1997807882322933,390.3404255319149,10.763928317929437,location_hour,10.635700078301843,12:00,6,history,Опен Аркус,kfm
99,2026-08-27,mega,bike,day_08_18,08:00,18:00,10,07:00-23:00,2,18,20,2,78.37831362318362,10887.8873947283,28.67632885595661,False,5443.94369736415,544.394369736415,14.338164427978304,379.6820523791239,10.777804382351318,location_hour,10.635700078301843,12:00,6,history,Опен Аркус,kfm
99,2026-08-27,mega,bike,day_08_18,14:00,21:00,7,07:00-23:00,2,14,14,0,45.49560618975441,8548.228739126214,23.186111704331438,False,4274.114369563107,610.5877670804439,11.593055852165719,368.6788387864665,11.162052816644557,location_hour,8.483236967216946,14:00,5,history,Опен Аркус,kfm
99,2026-08-27,mega,bike,first_layer_demand_span,15:00,23:00,8,07:00-23:00,1,8,8,0,45.02893280740973,6558.491907040769,17.9129720435946,False,6558.491907040769,819.8114883800961,17.9129720435946,366.13086265525567,10.759592242505692,location_hour,8.200395452966937,15:00,5,history,Опен Аркус,kfm
1,2026-08-28,medium,bike,single_layer_demand_span,12:00,23:00,11,08:00-23:00,1,11,11,0,15.070104555818647,5219.249326369383,15.070104555818647,False,5219.249326369383,474.47721148812576,15.070104555818647,346.3313281628297,8.507717492976182,location_hour,2.421628246494936,13:00,1,history,Wall Street,kfm
10,2026-08-28,medium,bike,single_layer_demand_span_earnings_split,08:00,14:00,6,08:00-23:30,1,6,6,0,19.07825540367165,6474.899174182916,19.07825540367165,False,6474.899174182916,1079.1498623638192,19.07825540367165,339.3863347136451,7.354478655006883,location_hour,3.906013039886249,13:00,1,history,Якиманка,kfm
10,2026-08-28,medium,bike,single_layer_demand_span_earnings_split,14:00,23:00,9,08:00-23:30,1,9,9,0,15.703906452479094,5500.804295311785,15.703906452479094,False,5500.804295311785,611.2004772568649,15.703906452479094,350.2825435160053,7.469873431928772,location_hour,3.4372914750998995,14:00,1,history,Якиманка,kfm
101,2026-08-28,medium,auto,first_layer_demand_span,08:00,16:00,8,08:00-23:00,1,8,8,0,25.21400325861797,6906.301809167644,9.984130137386341,False,6906.301809167644,863.2877261459555,9.984130137386341,691.7279436599556,19.86857973217626,location_hour,4.186257947699196,12:00,3,history,Алия,kfm
101,2026-08-28,medium,auto,day_08_18,08:00,18:00,10,08:00-23:00,2,16,20,4,30.718157226889133,13361.007663100172,18.899309100079073,False,6680.503831550086,668.0503831550086,9.449654550039536,706.9574656062041,19.860032620584256,location_hour,4.186257947699196,12:00,3,history,Алия,kfm
101,2026-08-28,medium,auto,first_layer_demand_span,16:00,23:00,7,08:00-23:00,1,7,7,0,13.855655317559659,7353.954494317759,10.186219338712215,False,7353.954494317759,1050.56492775968,10.186219338712215,721.9513196981164,21.86922212631584,location_hour,3.100931813110515,16:00,3,history,Алия,kfm
11,2026-08-28,medium,auto,custom_open_window,00:00,06:00,6,22:00-07:00,1,6,6,0,15.081165917871564,3871.0406590682414,5.027055305957188,False,3871.0406590682414,645.1734431780402,5.027055305957188,770.0413907284767,17.56390728476821,location_hour,5.543077539350144,00:00,3,history,Кутузовский,kfm
11,2026-08-28,medium,auto,custom_open_window,00:00,07:00,7,22:00-07:00,1,7,7,0,25.515754479098092,8788.43368451554,10.244349586570452,False,8788.43368451554,1255.4905263593628,10.244349586570452,857.8810797355543,19.262929491662778,location_hour,10.434588561226528,06:00,3,cycle_time,Кутузовский,kfm
11,2026-08-28,medium,auto,first_layer_demand_span,00:00,07:00,7,22:00-07:00,1,7,7,0,25.515754479098092,8788.43368451554,10.244349586570452,False,8788.43368451554,1255.4905263593628,10.244349586570452,857.8810797355543,19.262929491662778,location_hour,10.434588561226528,06:00,3,cycle_time,Кутузовский,kfm
11,2026-08-28,medium,auto,first_layer_demand_span,22:00,24:00,2,22:00-07:00,1,2,2,0,4.19091867900557,2772.1775710336406,4.19091867900557,False,2772.1775710336406,1386.0887855168203,4.19091867900557,661.4725274725275,15.274615384615386,location_hour,2.8553511878939046,23:00,1,history,Кутузовский,kfm
114,2026-08-28,low,auto,single_layer_demand_span,10:00,12:00,2,10:00-23:59,1,2,2,0,0.8107587710792221,397.5311813479027,0.8107587710792221,False,397.5311813479027,198.76559067395135,0.8107587710792221,490.3199268738574,18.534445937421395,global_hour,0.42034952006959303,11:00,1,cycle_time,Bluefin Скаковая,non_kfm
115,2026-08-28,high,auto,demand_layer_gap,08:00,10:00,2,07:00-23:00,2,4,4,0,7.079295202382038,2139.6837859894176,4.0273754544483555,False,1069.8418929947088,534.9209464973544,2.0136877272241778,531.2849050679081,19.333716372553184,location_hour,4.152928082838021,09:00,4,history,Опен Символ,kfm
115,2026-08-28,high,auto,first_layer_demand_span,08:00,15:00,7,07:00-23:00,1,7,7,0,24.284646526269892,4058.230221249866,7.4788645098023245,False,4058.230221249866,579.7471744642665,7.4788645098023245,542.6265198321036,20.068176901427897,location_hour,4.152928082838021,09:00,4,history,Опен Символ,kfm
115,2026-08-28,high,auto,morning_08_16,08:00,16:00,8,07:00-23:00,1,2,8,6,27.394303776149382,946.6132360419949,1.8480529968629194,False,946.6132360419949,118.32665450524937,1.8480529968629194,512.2219101123595,20.092744133116422,location_hour,4.152928082838021,09:00,4,history,Опен Символ,kfm
115,2026-08-28,high,auto,mid_10_20,10:00,21:00,11,07:00-23:00,2,22,22,0,30.93190420259282,11223.829375387226,20.081388817626266,False,5611.914687693613,510.17406251760116,10.040694408813133,558.9169891245573,20.189095941224366,location_hour,4.048794789300989,14:00,4,history,Опен Символ,kfm
115,2026-08-28,high,auto,first_layer_demand_span,15:00,23:00,8,07:00-23:00,1,8,8,0,16.085172952213433,3941.5691185719743,6.93413769974346,False,3941.5691185719743,492.6961398214968,6.93413769974346,568.4295999368168,18.512414513756738,location_hour,3.10965724987949,15:00,3,history,Опен Символ,kfm
115,2026-08-28,high,bike,single_layer_demand_span,09:00,18:00,9,07:00-23:00,1,9,9,0,9.847925897246494,5355.260323858747,9.847925897246494,False,5355.260323858747,595.0289248731941,9.847925897246494,543.7957575773486,10.047597758076787,location_hour,1.4249818437637383,09:00,1,history,Опен Символ,kfm
117,2026-08-28,low,auto,single_layer_demand_span,12:00,18:00,6,12:00-24:00,1,6,6,0,0.5132656903151038,265.6241465238351,0.5132656903151038,False,265.6241465238351,44.270691087305856,0.5132656903151038,517.5178305036584,20.57144835003385,global_hour,0.10734206097092176,12:00,1,cycle_time,Корнер Смоленская,non_kfm
119,2026-08-28,medium,auto,single_layer_demand_span,12:00,18:00,6,11:00-23:00,1,6,6,0,1.958583993172219,1013.602139005679,1.958583993172219,False,1013.602139005679,168.93368983427982,1.958583993172219,517.5178305036584,20.571448350033844,global_hour,0.40960938238964356,12:00,1,history,Bluefin Успенское,non_kfm
12,2026-08-28,high,auto,first_layer_demand_span,08:00,16:00,8,08:00-22:00,1,8,8,0,18.65482643659999,4285.199208011671,10.01838955518758,False,4285.199208011671,535.6499010014588,10.01838955518758,427.73333821829374,16.524201599915394,location_hour,3.0836615165148475,12:00,2,history,Хорошо,kfm
12,2026-08-28,high,auto,day_08_18,08:00,18:00,10,08:00-22:00,1,9,10,1,21.934139560805434,4464.7505005047105,10.276093443515133,False,4464.7505005047105,446.47505005047105,10.276093443515133,434.4793597923393,16.850866773825096,location_hour,3.0836615165148475,12:00,2,history,Хорошо,kfm
12,2026-08-28,high,auto,first_layer_demand_span,16:00,22:00,6,08:00-22:00,1,6,6,0,9.805068573858003,3857.2354581381915,8.165412011755283,False,3857.2354581381915,642.8725763563652,8.165412011755283,472.38711930091796,19.71112906305512,location_hour,1.8140881112625857,17:00,2,history,Хорошо,kfm
12,2026-08-28,high,bike,first_layer_demand_span,08:00,15:00,7,08:00-22:00,1,7,7,0,14.026269474513285,4182.153821423434,9.691372825990015,False,4182.153821423434,597.4505459176335,9.691372825990015,431.5336842895846,14.355389109509451,location_hour,2.645021683844708,12:00,2,history,Хорошо,kfm
12,2026-08-28,high,bike,morning_08_16,08:00,16:00,8,08:00-22:00,1,4,8,4,16.001244030484013,1852.4041998683656,4.334896648523271,False,1852.4041998683656,231.5505249835457,4.334896648523271,427.32372881355934,14.315540518788364,location_hour,2.645021683844708,12:00,2,history,Хорошо,kfm
12,2026-08-28,high,bike,first_layer_demand_span,15:00,21:00,6,08:00-22:00,1,6,6,0,9.1979662437585,4205.2055465169715,9.1979662437585,False,4205.2055465169715,700.867591086162,9.1979662437585,457.1886257324019,13.977759221386417,location_hour,1.9749745559707277,15:00,1,history,Хорошо,kfm
123,2026-08-28,medium,bike,single_layer_demand_span,08:00,18:00,10,08:00-23:00,1,10,10,0,17.63591789918291,5410.668912636823,17.63591789918291,False,5410.668912636823,541.0668912636822,17.63591789918291,306.7982593005553,6.5652352511208205,location_hour,2.6465642774790794,13:00,1,history,Опен Нева,kfm
124,2026-08-28,low,auto,single_layer_demand_span,12:00,18:00,6,09:00-22:30,1,6,6,0,0.5302700162574221,274.42418839468075,0.5302700162574221,False,274.42418839468075,45.73736473244679,0.5302700162574221,517.5178305036584,20.571448350033847,global_hour,0.11089826865538471,12:00,1,cycle_time,ЦБ AVA Bistro,non_kfm
125,2026-08-28,medium,auto,single_layer_demand_span,12:00,23:00,11,10:00-23:00,1,11,11,0,4.917253146976761,4686.201559478541,4.917253146976761,False,4686.201559478541,426.01832358895825,4.917253146976761,953.0120616954049,29.743289155211627,location_hour,0.6718538161185816,17:00,1,cycle_time,Meraki,non_kfm
126,2026-08-28,high,bike,first_layer_demand_span,07:00,13:00,6,07:00-23:00,1,6,6,0,24.57991709181506,3740.436208699749,9.038956424751774,False,3740.436208699749,623.4060347832915,9.038956424751774,413.81283778038215,9.703341357934569,"global_hour,location_hour",6.253158938658694,12:00,4,history,Опен Покровка,kfm
126,2026-08-28,high,bike,demand_layer_gap,08:00,10:00,2,07:00-23:00,1,2,2,0,8.32286344241306,1185.184745594619,3.438716956398342,False,1185.184745594619,592.5923727973095,3.438716956398342,344.6589994530875,9.129049556078883,location_hour,4.336288588849129,09:00,3,history,Опен Покровка,kfm
126,2026-08-28,high,bike,morning_08_16,08:00,16:00,8,07:00-23:00,1,4,8,4,38.482914795676734,1888.4735405966087,5.5301374363762825,False,1888.4735405966087,236.0591925745761,5.5301374363762825,341.4876325088339,9.567125906288586,location_hour,6.643981372324863,13:00,4,history,Опен Покровка,kfm
126,2026-08-28,high,bike,day_08_18,08:00,18:00,10,07:00-23:00,1,9,10,1,45.7081486189404,4127.741649231574,12.063812109666724,False,4127.741649231574,412.7741649231574,12.063812109666724,342.15898023842874,9.389102896606726,location_hour,6.643981372324863,13:00,4,history,Опен Покровка,kfm
126,2026-08-28,high,bike,mid_10_20,10:00,21:00,11,07:00-23:00,1,11,11,0,45.59391414170592,5048.152405563241,14.72269706263964,False,5048.152405563241,458.9229459602946,14.72269706263964,342.88231185395017,9.36909442748687,location_hour,6.643981372324863,13:00,4,history,Опен Покровка,kfm
126,2026-08-28,high,bike,first_layer_demand_span,13:00,21:00,8,07:00-23:00,1,8,8,0,30.88863634038977,3645.635602111996,10.67423344237206,False,3645.635602111996,455.7044502639995,10.67423344237206,341.5360570662067,9.136531349525196,location_hour,6.643981372324863,13:00,4,history,Опен Покровка,kfm
127,2026-08-28,medium,bike,single_layer_demand_span,12:00,18:00,6,07:00-23:00,1,6,6,0,2.861231120430365,992.2984695333636,2.861231120430365,False,992.2984695333636,165.3830782555606,2.861231120430365,346.80821917808214,10.509999999999998,location_hour,0.7838989371042095,12:00,1,cycle_time,БТ Покровка,kfm
128,2026-08-28,medium,bike,first_layer_demand_span,08:00,12:00,4,08:00-24:00,1,4,4,0,21.999242812624786,7106.389412420533,21.999242812624786,False,7106.389412420533,1776.5973531051332,21.999242812624786,323.028818443804,6.776253602305475,location_hour,7.354213735632493,09:00,1,history,Кофемания Лаки,kfm
128,2026-08-28,medium,bike,demand_layer_gap,12:00,14:00,2,08:00-24:00,1,2,2,0,9.285007671356833,1547.8481322943217,4.642503835678417,False,1547.8481322943217,773.9240661471608,4.642503835678417,333.40804597701145,7.833965517241378,location_hour,4.749228061785966,12:00,2,history,Кофемания Лаки,kfm
128,2026-08-28,medium,bike,first_layer_demand_span,12:00,24:00,12,08:00-24:00,1,12,12,0,37.41067277562862,6094.454201219128,18.705336387814313,False,6094.454201219128,507.87118343492733,18.705336387814313,325.8136648742329,7.451578306558912,location_hour,4.749228061785966,12:00,2,history,Кофемания Лаки,kfm
128,2026-08-28,medium,bike,evening_14_24,14:00,24:00,10,08:00-24:00,1,10,10,0,28.12566510427179,4546.606068924805,14.062832552135895,False,4546.606068924805,454.66060689248053,14.062832552135895,323.30656374303885,7.3253424230179345,location_hour,3.788710026818018,15:00,2,history,Кофемания Лаки,kfm
137,2026-08-28,medium,bike,single_layer_demand_span,12:00,18:00,6,08:00-23:59,1,6,6,0,2.9809553421073103,1198.2336417737272,2.9809553421073103,False,1198.2336417737272,199.70560696228787,2.9809553421073103,401.96296296296293,11.053703703703704,location_hour,0.9384489039967459,13:00,1,cycle_time,БТ Мясницкая,kfm
138,2026-08-28,medium,bike,single_layer_demand_span,12:00,18:00,6,08:00-23:00,1,6,6,0,3.346723721904396,1273.8205703707831,3.346723721904396,False,1273.8205703707831,212.3034283951305,3.346723721904396,380.6171874999999,8.975781249999999,location_hour,1.0458511630951237,13:00,1,cycle_time,БТ Таганка,kfm
14,2026-08-28,medium,auto,demand_layer_gap,09:00,10:00,1,09:00-23:00,1,1,1,0,2.4705801001109475,927.9579418411287,1.2352900500554738,False,927.9579418411287,927.9579418411287,1.2352900500554738,751.2065217391304,16.45,location_hour,2.4705801001109475,09:00,2,history,Метрополис,kfm
14,2026-08-28,medium,auto,first_layer_demand_span,09:00,15:00,6,09:00-23:00,1,6,6,0,22.89420205123191,6870.693005310186,9.16208618055184,False,6870.693005310186,1145.115500885031,9.16208618055184,749.9048655419173,18.35975233305049,location_hour,5.662862876898026,12:00,3,cycle_time,Метрополис,kfm
14,2026-08-28,medium,auto,mid_10_20,10:00,15:00,5,09:00-23:00,1,5,5,0,20.423621951120964,5942.735063469057,7.926796130496367,False,5942.735063469057,1188.5470126938114,7.926796130496367,749.7020190295887,18.65736287030292,location_hour,5.662862876898026,12:00,3,cycle_time,Метрополис,kfm
14,2026-08-28,medium,auto,day_evening_12_22,12:00,23:00,11,09:00-23:00,1,11,11,0,36.377070701315304,9307.958544332487,12.12569023377177,False,9307.958544332487,846.1780494847716,12.12569023377177,767.6229859813258,23.49238410498552,location_hour,5.662862876898026,12:00,3,cycle_time,Метрополис,kfm
14,2026-08-28,medium,auto,first_layer_demand_span,15:00,23:00,8,09:00-23:00,1,8,8,0,22.666981630930614,5939.608226376321,7.555660543643538,False,5939.608226376321,742.4510282970401,7.555660543643538,786.1136947679873,25.434180006449424,location_hour,4.615868291724914,19:00,3,cycle_time,Метрополис,kfm
14,2026-08-28,medium,auto,mid_10_20,15:00,23:00,8,09:00-23:00,1,8,8,0,22.666981630930614,5939.608226376321,7.555660543643538,False,5939.608226376321,742.4510282970401,7.555660543643538,786.1136947679873,25.434180006449424,location_hour,4.615868291724914,19:00,3,cycle_time,Метрополис,kfm
142,2026-08-28,medium,bike,single_layer_demand_span,08:00,18:00,10,08:00-23:59,1,10,10,0,22.187805244082426,7520.476324406465,22.187805244082426,False,7520.476324406465,752.0476324406466,22.187805244082426,338.94638255905033,8.865436774761513,location_hour,3.175399211896305,12:00,1,cycle_time,RED7,kfm
145,2026-08-28,low,auto,single_layer_demand_span,14:00,18:00,4,14:00-23:00,1,4,4,0,0.654181701477682,345.0722094967876,0.654181701477682,False,345.0722094967876,86.2680523741969,0.654181701477682,527.4867956675184,20.841358406953415,global_hour,0.2028544450973754,14:00,1,cycle_time,BSB Европейский,non_kfm
15,2026-08-28,medium,auto,single_layer_demand_span_earnings_split,00:00,09:00,9,00:00-24:00,1,6,9,3,5.380908569174992,3253.011614865849,4.154660120035263,False,3253.011614865849,361.4457349850943,4.154660120035263,782.9789972899729,18.844807815318937,global_hour,1.5031087426143839,00:00,1,cycle_time,Комсомолка,kfm
15,2026-08-28,medium,auto,single_layer_demand_span_earnings_split,09:00,18:00,9,00:00-24:00,1,6,9,3,4.784830837196852,878.4358121153443,1.6974020223814,False,878.4358121153443,97.60397912392715,1.6974020223814,517.5178305036584,19.223653620884217,global_hour,1.0946303436450335,11:00,1,history,Комсомолка,kfm
15,2026-08-28,medium,bike,single_layer_demand_span,06:00,12:00,6,00:00-24:00,1,6,6,0,5.903858784083159,3058.1859077302183,5.903858784083159,False,3058.1859077302183,509.69765128836974,5.903858784083159,517.9978078024337,8.986464429753605,global_hour,1.4981517100626198,11:00,1,history,Комсомолка,kfm
16,2026-08-28,medium,bike,single_layer_demand_span,08:00,18:00,10,08:00-23:00,1,10,10,0,17.295102530146938,5905.006201996046,17.295102530146938,False,5905.006201996046,590.5006201996046,17.295102530146938,341.4264929452186,6.815438965972871,location_hour,2.443311025092193,13:00,1,history,Мосфильм,kfm
17,2026-08-28,medium,auto,day_08_18,08:00,14:00,6,08:00-22:00,1,6,6,0,14.148193205743562,6858.114295125746,6.281249449090477,False,6858.114295125746,1143.0190491876244,6.281249449090477,1091.8391875232403,21.47744380199572,location_hour,2.8234710654938815,09:00,3,history,Внуково,kfm
17,2026-08-28,medium,auto,first_layer_demand_span,08:00,14:00,6,08:00-22:00,1,6,6,0,14.148193205743562,6858.114295125746,6.281249449090477,False,6858.114295125746,1143.0190491876244,6.281249449090477,1091.8391875232403,21.47744380199572,location_hour,2.8234710654938815,09:00,3,history,Внуково,kfm
17,2026-08-28,medium,auto,day_08_18,08:00,18:00,10,08:00-22:00,1,6,10,4,22.12952122047536,4380.225051669933,4.246136979139875,False,4380.225051669933,438.0225051669933,4.246136979139875,1031.5788381742739,21.550301762167948,location_hour,2.8234710654938815,09:00,3,history,Внуково,kfm
17,2026-08-28,medium,auto,day_08_18,14:00,22:00,8,08:00-22:00,1,8,8,0,17.34371450891672,7586.884092599243,7.341635918669725,False,7586.884092599243,948.3605115749053,7.341635918669725,1033.4051125180224,23.791971503875583,location_hour,3.1440850167038903,19:00,3,history,Внуково,kfm
17,2026-08-28,medium,auto,first_layer_demand_span,14:00,22:00,8,08:00-22:00,1,8,8,0,17.34371450891672,7586.884092599243,7.341635918669725,False,7586.884092599243,948.3605115749053,7.341635918669725,1033.4051125180224,23.791971503875583,location_hour,3.1440850167038903,19:00,3,history,Внуково,kfm
18,2026-08-28,medium,auto,first_layer_demand_span,08:00,16:00,8,08:00-22:00,1,8,8,0,26.445007833989784,7381.454851236559,11.433713991771471,False,7381.454851236559,922.6818564045699,11.433713991771471,645.586802026777,14.453603921256484,location_hour,4.786518814581891,08:00,3,history,Новая Рига,kfm
18,2026-08-28,medium,auto,day_08_18,08:00,18:00,10,08:00-22:00,2,16,20,4,31.051537641423554,11703.013010582965,18.082313713840833,False,5851.506505291482,585.1506505291483,9.041156856920416,647.2077188675845,14.595899865565121,location_hour,4.786518814581891,08:00,3,history,Новая Рига,kfm
18,2026-08-28,medium,auto,first_layer_demand_span,16:00,22:00,6,08:00-22:00,1,6,6,0,14.107246833532809,7081.280703476621,11.036226961910295,False,7081.280703476621,1180.2134505794368,11.036226961910295,641.6396407863381,14.433523974108054,location_hour,2.813061465828207,18:00,3,history,Новая Рига,kfm
184,2026-08-28,low,auto,single_layer_demand_span,18:00,23:00,5,11:00-23:00,1,5,5,0,0.5203453073855264,288.4012656721818,0.5203453073855264,False,288.4012656721818,57.68025313443636,0.5203453073855264,554.2497675654138,21.02884600713205,global_hour,0.13131306734393683,19:00,1,cycle_time,Pasiba Sushi  Марьина Роща,non_kfm
188,2026-08-28,low,auto,single_layer_demand_span,12:00,18:00,6,12:00-06:00,1,6,6,0,0.9862427565655203,510.3982117277359,0.9862427565655203,False,510.3982117277359,85.06636862128931,0.9862427565655203,517.5178305036585,20.57144835003385,global_hour,0.2062583416444478,12:00,1,cycle_time,Мо Friends Bar & Dining Петровка,non_kfm
19,2026-08-28,medium,auto,single_layer_demand_span,12:00,18:00,6,08:00-24:00,1,6,6,0,1.6459582459628854,2093.3296972155977,1.6459582459628854,False,2093.3296972155977,348.8882828692663,1.6459582459628854,1271.8,32.414,location_hour,0.3291916491925771,13:00,1,history,Conversation Никитская,non_kfm
2,2026-08-28,high,bike,demand_layer_gap,06:00,10:00,4,00:00-24:00,1,4,4,0,13.29472022702501,3158.7373510775774,6.647360113512505,False,3158.7373510775774,789.6843377693943,6.647360113512505,475.1867353562829,10.262606449949441,"global_hour,location_hour",5.418930273242744,08:00,2,history,Кудринская,kfm
2,2026-08-28,high,bike,first_layer_demand_span,06:00,13:00,7,00:00-24:00,1,7,7,0,27.511773826001843,5151.0896978977535,12.128528223748376,False,5151.0896978977535,735.8699568425362,12.128528223748376,424.70855514122604,10.102517414259045,"global_hour,location_hour",6.109121924359829,12:00,3,history,Кудринская,kfm
2,2026-08-28,high,bike,day_08_18,08:00,18:00,10,00:00-24:00,1,7,10,3,39.49332193759207,3114.5952843718173,8.743737650099243,False,3114.5952843718173,311.45952843718175,8.743737650099243,356.20868431893837,9.706462534612248,location_hour,6.109121924359829,12:00,3,history,Кудринская,kfm
2,2026-08-28,high,bike,mid_10_20,10:00,21:00,11,00:00-24:00,1,11,11,0,37.05611911358503,5074.306492750888,14.156190731742896,False,5074.306492750888,461.3005902500807,14.156190731742896,358.4514075084198,9.431114767423367,location_hour,6.109121924359829,12:00,3,history,Кудринская,kfm
2,2026-08-28,high,bike,first_layer_demand_span,13:00,24:00,11,00:00-24:00,1,11,11,0,28.476699936970586,5416.905722717034,14.312657043869413,False,5416.905722717034,492.44597479245766,14.312657043869413,378.46960952908984,9.049736071682547,location_hour,4.177177384177661,13:00,3,history,Кудринская,kfm
20,2026-08-28,medium,auto,first_layer_demand_span,08:00,15:00,7,08:00-22:00,1,7,7,0,15.3776271833548,7658.827716338032,11.948913962166497,False,7658.827716338032,1094.1182451911475,11.948913962166497,640.9643370592472,15.509565976624602,location_hour,3.5682891992130896,11:00,2,history,Павлово,kfm
20,2026-08-28,medium,auto,day_08_18,08:00,18:00,10,08:00-22:00,1,6,10,4,19.633960837243727,4346.9580912696465,5.556880048132768,False,4346.9580912696465,434.69580912696466,5.556880048132768,782.2659574468084,17.504844782810178,location_hour,3.5682891992130896,11:00,2,history,Павлово,kfm
20,2026-08-28,medium,auto,first_layer_demand_span,15:00,22:00,7,08:00-22:00,1,7,7,0,11.592335958530727,7329.661412223646,9.464169131586262,False,7329.661412223646,1047.094487460521,9.464169131586262,774.4643307103645,23.15068929378694,location_hour,2.759413710920309,18:00,2,cycle_time,Павлово,kfm
21,2026-08-28,high,auto,demand_layer_gap,08:00,10:00,2,08:00-23:00,1,2,2,0,6.638129851513815,1778.1655698767574,2.3357355612271435,False,1778.1655698767574,889.0827849383787,2.3357355612271435,761.2871933766975,17.24744891247112,location_hour,3.9333174581190553,09:00,4,history,Горки-2,kfm
21,2026-08-28,high,auto,first_layer_demand_span,08:00,15:00,7,08:00-23:00,1,7,7,0,27.808446864625918,7113.333488159133,8.988250271291163,False,7113.333488159133,1016.1904983084476,8.988250271291163,791.4035850647606,18.266377832006853,location_hour,4.851091531680169,10:00,4,history,Горки-2,kfm
21,2026-08-28,high,auto,demand_layer_gap,09:00,10:00,1,08:00-23:00,1,1,1,0,3.9333174581190553,786.245576643886,0.9833293645297638,False,786.245576643886,786.245576643886,0.9833293645297638,799.575,16.46,location_hour,3.9333174581190553,09:00,4,history,Горки-2,kfm
21,2026-08-28,high,auto,demand_layer_gap,09:00,11:00,2,08:00-23:00,1,2,2,0,8.784408989799225,1741.173111361482,2.196102247449806,False,1741.173111361482,870.586555680741,2.196102247449806,792.8470149253731,16.929402985074624,location_hour,4.851091531680169,10:00,4,history,Горки-2,kfm
21,2026-08-28,high,auto,mid_10_20,10:00,21:00,11,08:00-23:00,2,22,22,0,41.63792033258443,18758.21892083902,23.538831079864202,False,9379.10946041951,852.6463145835918,11.769415539932101,796.9052862988317,18.648012215219783,location_hour,4.851091531680169,10:00,4,history,Горки-2,kfm
21,2026-08-28,high,auto,day_evening_12_22,12:00,22:00,10,08:00-23:00,1,6,10,4,33.88931720769642,4043.941542137135,5.116900829868082,False,4043.941542137135,404.3941542137135,5.116900829868082,790.3107127916315,18.775359843233783,location_hour,4.299399347799348,13:00,4,history,Горки-2,kfm
21,2026-08-28,high,auto,first_layer_demand_span,15:00,23:00,8,08:00-23:00,1,8,8,0,24.12231766081097,7307.684510642119,8.771615171206724,False,7307.684510642119,913.4605638302648,8.771615171206724,833.1059181244028,14.971246767103892,location_hour,3.959297420432095,15:00,4,history,Горки-2,kfm
222,2026-08-28,low,auto,single_layer_demand_span,12:00,18:00,6,06:00-23:59,1,6,6,0,1.3558341166321368,701.6683305623077,1.3558341166321368,False,701.6683305623077,116.94472176038461,1.3558341166321368,517.5178305036585,20.57144835003385,global_hour,0.2835530041461256,12:00,1,cycle_time,Ирис Химки,non_kfm
25,2026-08-28,medium,bike,day_08_18,08:00,18:00,10,08:00-24:00,1,6,10,4,28.83350977145902,2642.2462728535356,8.294904986016897,False,2642.2462728535356,264.22462728535356,8.294904986016897,318.53846153846143,6.3385302523897975,location_hour,4.065832386224225,11:00,2,history,Весна,kfm
25,2026-08-28,medium,bike,first_layer_demand_span,08:00,18:00,10,08:00-24:00,1,10,10,0,28.83350977145902,6505.895903144612,20.53860478544212,False,6505.895903144612,650.5895903144612,20.53860478544212,316.7642578991552,6.3385302523897975,location_hour,4.065832386224225,11:00,2,history,Весна,kfm
26,2026-08-28,medium,bike,single_layer_demand_span,08:00,18:00,10,08:00-23:00,1,10,10,0,23.585086810468667,7105.823104653606,23.585086810468667,False,7105.823104653606,710.5823104653606,23.585086810468667,301.2845855415532,7.3945697512702075,location_hour,3.281836038177129,09:00,1,history,Тверская,kfm
27,2026-08-28,medium,bike,single_layer_demand_span,18:00,23:00,5,08:00-23:30,1,5,5,0,1.071852583290822,594.0740451533263,1.071852583290822,False,594.0740451533263,118.81480903066526,1.071852583290822,554.2497675654138,9.14309674164918,global_hour,0.2704900927417402,19:00,1,history,4 Ветра,kfm
28,2026-08-28,low,bike,single_layer_demand_span,12:00,18:00,6,08:00-23:00,1,6,6,0,1.1977783927813457,619.871675256361,1.1977783927813457,False,619.871675256361,103.31194587606016,1.1977783927813457,517.5178305036585,9.129404549127251,global_hour,0.25049794617804094,12:00,1,cycle_time,Гранд,kfm
29,2026-08-28,mega,auto,demand_layer_gap,07:00,08:00,1,07:00-22:00,2,2,2,0,6.030553947029935,2981.3423309655786,4.020369298019957,False,1490.6711654827893,1490.6711654827893,2.0101846490099784,741.5593220338983,18.53,location_hour,6.030553947029935,07:00,3,history,Украинский,kfm
29,2026-08-28,mega,auto,first_layer_demand_span,07:00,15:00,8,07:00-22:00,1,8,8,0,54.61012587611788,6030.082435215397,9.311634947906894,False,6030.082435215397,753.7603044019246,9.311634947906894,647.5857858421375,18.511261481652483,location_hour,8.023651667306654,11:00,7,history,Украинский,kfm
29,2026-08-28,mega,auto,day_08_18,08:00,14:00,6,07:00-22:00,3,18,18,0,43.13321443370404,12256.401294392232,19.570197684383352,False,4085.467098130744,680.9111830217906,6.523399228127784,626.278870150229,18.3446220821155,location_hour,8.023651667306654,11:00,7,history,Украинский,kfm
29,2026-08-28,mega,auto,morning_08_16,08:00,16:00,8,07:00-22:00,1,6,8,2,54.46305675578155,3725.4301819779525,6.036160217301689,False,3725.4301819779525,465.67877274724407,6.036160217301689,617.1854370763059,18.63798641340182,location_hour,8.023651667306654,11:00,7,history,Украинский,kfm
29,2026-08-28,mega,auto,day_08_18,08:00,18:00,10,07:00-22:00,2,19,20,1,63.262250877119776,11325.034555152299,18.23183683220921,False,5662.517277576149,566.251727757615,9.115918416104606,621.1680512160445,18.878523632932477,location_hour,8.023651667306654,11:00,7,history,Украинский,kfm
29,2026-08-28,mega,auto,day_08_18,14:00,21:00,7,07:00-22:00,3,21,21,0,34.80717431624672,13138.660323459968,20.684096090946543,False,4379.553441153323,625.6504915933318,6.894698696982181,635.2059217714994,20.813910864173398,location_hour,5.8834848266936035,15:00,7,history,Украинский,kfm
29,2026-08-28,mega,auto,first_layer_demand_span,15:00,22:00,7,07:00-22:00,1,7,7,0,32.79951808347198,6224.700371580071,9.555348888822216,False,6224.700371580071,889.2429102257245,9.555348888822216,651.4362211160792,19.727790187339654,location_hour,5.8834848266936035,15:00,6,history,Украинский,kfm
29,2026-08-28,mega,bike,single_layer_demand_span,08:00,15:00,7,07:00-22:00,1,7,7,0,7.003446022359234,4346.257058246842,7.003446022359234,False,4346.257058246842,620.8938654638345,7.003446022359234,620.5883566991109,9.219607638457354,location_hour,1.1567251238076073,11:00,1,history,Украинский,kfm
30,2026-08-28,high,auto,demand_layer_gap,08:00,12:00,4,08:00-24:00,1,4,4,0,16.586116618374184,2252.7831957092776,4.857552389876746,False,2252.7831957092776,563.1957989273194,4.857552389876746,463.76920203766224,21.499457844399938,location_hour,5.033648621859866,11:00,5,history,Черёмушки,kfm
30,2026-08-28,high,auto,day_08_18,08:00,14:00,6,08:00-24:00,1,6,6,0,27.72615865035913,3472.4073751954693,7.085560796273736,False,3472.4073751954693,578.7345625325783,7.085560796273736,490.06810823239175,22.011169636104533,location_hour,5.611280430925753,13:00,5,history,Черёмушки,kfm
30,2026-08-28,high,auto,first_layer_demand_span,08:00,16:00,8,08:00-24:00,1,8,8,0,35.699185294329624,4468.745705984336,8.862205528866651,False,4468.745705984336,558.593213248042,8.862205528866651,504.24758164639684,22.064282999761303,location_hour,5.611280430925753,13:00,5,history,Черёмушки,kfm
30,2026-08-28,high,auto,morning_08_16,08:00,16:00,8,08:00-24:00,1,4,8,4,35.699185294329624,2190.899688606,4.101185844367793,False,2190.899688606,273.86246107575,4.101185844367793,534.2112676056338,22.064282999761303,location_hour,5.611280430925753,13:00,5,history,Черёмушки,kfm
30,2026-08-28,high,auto,day_08_18,08:00,18:00,10,08:00-24:00,1,7,10,3,41.48161341499793,3489.6383986082133,6.456989893528955,False,3489.6383986082133,348.96383986082134,6.456989893528955,540.4435280447701,22.2808732679067,location_hour,5.611280430925753,13:00,5,history,Черёмушки,kfm
30,2026-08-28,high,auto,day_evening_12_22,12:00,24:00,12,08:00-24:00,1,12,12,0,38.95184753973657,6323.619015318741,10.930461821713372,False,6323.619015318741,526.9682512765618,10.930461821713372,578.5317325528612,24.161921810504186,location_hour,5.611280430925753,13:00,5,history,Черёмушки,kfm
30,2026-08-28,high,auto,day_08_18,14:00,21:00,7,08:00-24:00,1,7,7,0,23.043297078638926,3574.9359272034917,6.318199200760033,False,3574.9359272034917,510.7051324576417,6.318199200760033,565.8156404396767,25.17582477381941,location_hour,4.332238567994147,14:00,5,history,Черёмушки,kfm
30,2026-08-28,high,auto,first_layer_demand_span,16:00,24:00,8,08:00-24:00,1,8,8,0,19.83877886378113,4107.656505043682,6.925808682723468,False,4107.656505043682,513.4570631304603,6.925808682723468,593.0941343052533,24.978670918623642,location_hour,3.2632959481622055,18:00,4,history,Черёмушки,kfm
30,2026-08-28,high,bike,single_layer_demand_span,09:00,21:00,12,08:00-24:00,1,12,12,0,16.061845216367434,8573.150919947906,16.06184521636743,False,8573.150919947906,714.4292433289921,16.06184521636743,533.7587807913656,9.090161108131136,location_hour,1.8828729431546616,13:00,1,history,Черёмушки,kfm
301,2026-08-28,low,auto,single_layer_demand_span,12:00,18:00,6,12:00-23:00,1,6,6,0,1.1035688875559135,571.1165764992721,1.1035688875559135,False,571.1165764992721,95.18609608321202,1.1035688875559135,517.5178305036584,20.57144835003385,global_hour,0.2307953970991411,12:00,1,cycle_time,Биродром и Панчетта Дежнева,non_kfm
33,2026-08-28,high,auto,demand_layer_gap,08:00,10:00,2,08:00-23:00,1,2,2,0,5.525419801159803,1464.2509633288128,2.7627099005799014,False,1464.2509633288128,732.1254816644064,2.7627099005799014,530.0053266618627,17.730833887481992,location_hour,3.000919551380203,09:00,2,history,Даниловский,kfm
33,2026-08-28,high,auto,first_layer_demand_span,08:00,14:00,6,08:00-23:00,1,6,6,0,17.593245010029758,4555.01638816992,8.796622505014879,False,4555.01638816992,759.16939802832,8.796622505014879,517.8142389960628,18.394923456806502,location_hour,3.4287983996363653,12:00,2,cycle_time,Даниловский,kfm
33,2026-08-28,high,auto,mid_10_20,10:00,21:00,11,08:00-23:00,1,11,11,0,24.593334001914144,6570.916561864996,12.296667000957072,False,6570.916561864996,597.356051078636,12.296667000957072,534.3656587068325,19.460729533583795,location_hour,3.4287983996363653,12:00,2,cycle_time,Даниловский,kfm
33,2026-08-28,high,auto,first_layer_demand_span,14:00,23:00,9,08:00-23:00,1,9,9,0,14.367632013606853,4682.356792304355,8.104877617084759,False,4682.356792304355,520.2618658115949,8.104877617084759,577.720850766967,19.632287524561928,location_hour,2.197947692074593,14:00,2,cycle_time,Даниловский,kfm
33,2026-08-28,high,bike,single_layer_demand_span_earnings_split,08:00,13:00,5,08:00-23:00,1,5,5,0,11.078485412628813,5662.726980100295,11.078485412628813,False,5662.726980100295,1132.545396020059,11.078485412628813,511.1463137050416,9.004903174048225,location_hour,2.570109750970275,12:00,1,history,Даниловский,kfm
33,2026-08-28,high,bike,single_layer_demand_span_earnings_split,13:00,21:00,8,08:00-23:00,1,8,8,0,11.497500053464146,6383.045328572285,11.497500053464147,False,6383.045328572285,797.8806660715356,11.497500053464147,555.1681060135417,8.748050482046215,location_hour,2.108808000796123,13:00,1,history,Даниловский,kfm
335,2026-08-28,low,auto,single_layer_demand_span_earnings_split,00:00,12:00,12,00:00-24:00,1,12,12,0,12.036685672315315,8222.573545116797,12.036685672315315,False,8222.573545116797,685.2144620930663,12.036685672315315,683.1260505563359,18.71592768609869,global_hour,2.7137393556461693,00:00,1,cycle_time,Кутузовский (Не использовать),kfm
335,2026-08-28,low,auto,single_layer_demand_span_earnings_split,12:00,24:00,12,00:00-24:00,1,6,12,6,2.9491182345956375,1135.714598202544,2.0271775226884734,False,1135.714598202544,94.64288318354534,2.0271775226884734,560.2442733758917,20.83636848757443,global_hour,0.4821175733018024,19:00,1,cycle_time,Кутузовский (Не использовать),kfm
335,2026-08-28,low,bike,single_layer_demand_span,00:00,06:00,6,00:00-24:00,1,6,6,0,8.358181190398684,6544.280327626274,8.358181190398684,False,6544.280327626274,1090.7133879377122,8.358181190398684,782.978997289973,8.966526406988459,"global_hour,global_vehicle",3.0238948209165972,00:00,1,history,Кутузовский (Не использовать),kfm
34,2026-08-28,medium,auto,single_layer_demand_span,00:00,07:00,7,22:00-07:00,1,7,7,0,9.015070959732697,7563.0329327174195,9.015070959732697,False,7563.0329327174195,1080.4332761024884,9.015070959732697,838.9321577721302,17.724630221716556,location_hour,2.724553252376747,00:00,1,cycle_time,Аркус,kfm
348,2026-08-28,medium,auto,single_layer_demand_span,08:00,18:00,10,08:00-22:00,1,10,10,0,11.11295218624102,6029.121619526031,11.11295218624102,False,6029.121619526031,602.9121619526031,11.11295218624102,542.5310501192208,13.423239301168742,location_hour,1.5586921366475828,12:00,1,history,Рига Холл,kfm
35,2026-08-28,high,auto,demand_layer_gap,08:00,09:00,1,08:00-23:00,1,1,1,0,2.864445149885645,475.2114503660285,0.9548150499618817,False,475.2114503660285,475.2114503660285,0.9548150499618817,497.69999999999993,17.55,location_hour,2.864445149885645,08:00,3,history,Ленинский,kfm
35,2026-08-28,high,auto,demand_layer_gap,08:00,10:00,2,08:00-23:00,1,2,2,0,6.817408880823909,1435.4707297242899,2.931296915431014,False,1435.4707297242899,717.7353648621449,2.931296915431014,489.7049910459924,19.046876593511612,location_hour,3.952963730938264,09:00,3,cycle_time,Ленинский,kfm
35,2026-08-28,high,auto,first_layer_demand_span,08:00,15:00,7,08:00-23:00,1,7,7,0,28.71363173977313,5482.280709822574,10.970293248739605,False,5482.280709822574,783.182958546082,10.970293248739605,499.73875679690167,18.63196360890926,location_hour,4.834867342923807,11:00,3,history,Ленинский,kfm
35,2026-08-28,high,auto,mid_10_20,10:00,21:00,11,08:00-23:00,1,11,11,0,40.23445226997126,7081.1316218823,14.151739470315935,False,7081.1316218823,643.7392383529364,14.151739470315935,500.37181907816847,19.522037549658155,location_hour,4.834867342923807,11:00,3,history,Ленинский,kfm
35,2026-08-28,high,auto,demand_layer_gap,11:00,12:00,1,08:00-23:00,1,1,1,0,4.834867342923807,802.0143505965303,1.6116224476412688,False,802.0143505965303,802.0143505965303,1.6116224476412688,497.6440677966101,17.49,location_hour,4.834867342923807,11:00,3,history,Ленинский,kfm
35,2026-08-28,high,auto,day_evening_12_22,12:00,22:00,10,08:00-23:00,1,9,10,1,34.11168741681106,5191.519261403912,10.319350881698117,False,5191.519261403912,519.1519261403912,10.319350881698117,503.0858356227939,19.867016233780532,location_hour,4.711946986747778,13:00,3,history,Ленинский,kfm
35,2026-08-28,high,auto,first_layer_demand_span,15:00,23:00,8,08:00-23:00,1,8,8,0,22.695979277394223,5472.884063717473,10.470493003379532,False,5472.884063717473,684.1105079646841,10.470493003379532,522.6959286397503,20.19104826841995,location_hour,4.089838119509902,15:00,3,history,Ленинский,kfm
35,2026-08-28,high,bike,single_layer_demand_span,09:00,18:00,9,08:00-23:00,1,9,9,0,10.471724188821435,5242.556182649673,10.471724188821435,False,5242.556182649673,582.5062425166303,10.471724188821435,500.6392536814617,11.297111429725561,location_hour,1.438693276058581,11:00,1,history,Ленинский,kfm
36,2026-08-28,low,auto,single_layer_demand_span,12:00,18:00,6,08:00-23:00,1,6,6,0,1.42749728468442,1274.2060378060007,1.42749728468442,False,1274.2060378060007,212.36767296766678,1.42749728468442,892.6153846153845,33.85153846153846,location_hour,0.32942245031178924,15:00,1,cycle_time,Friends Forever Botanica,non_kfm
37,2026-08-28,medium,bike,single_layer_demand_span,08:00,18:00,10,07:30-24:00,1,10,10,0,20.634481484896256,7102.954826001575,20.63448148489626,False,7102.954826001575,710.2954826001576,20.63448148489626,344.22744430000324,8.701456763095115,location_hour,3.235279404086038,13:00,1,cycle_time,БТ Усачева,kfm
38,2026-08-28,medium,bike,single_layer_demand_span,12:00,23:00,11,08:00-23:00,1,11,11,0,18.149470431682815,5568.547424923072,18.149470431682815,False,5568.547424923072,506.2315840839156,18.149470431682815,306.8159727240459,4.860893512221748,location_hour,2.293506127807775,12:00,1,history,Нева,kfm
39,2026-08-28,high,auto,demand_layer_gap,08:00,10:00,2,08:00-23:00,2,4,4,0,8.29319940966245,3400.349331964265,4.765295788734223,False,1700.1746659821324,850.0873329910662,2.3826478943671114,713.5652187642017,16.037567674592367,location_hour,4.581022906244462,09:00,4,history,Гребной,kfm
39,2026-08-28,high,auto,first_layer_demand_span,08:00,15:00,7,08:00-23:00,1,7,7,0,40.726714117946,6192.652263339388,9.173364174347316,False,6192.652263339388,884.664609048484,9.173364174347316,675.0688346873566,17.015281679713503,location_hour,7.208388407613727,11:00,5,history,Гребной,kfm
39,2026-08-28,high,auto,demand_layer_gap,09:00,10:00,1,08:00-23:00,1,1,1,0,4.581022906244462,807.1762360802741,1.1452557265611154,False,807.1762360802741,807.1762360802741,1.1452557265611154,704.8,15.7,location_hour,4.581022906244462,09:00,4,history,Гребной,kfm
39,2026-08-28,high,auto,mid_10_20,10:00,21:00,11,08:00-23:00,3,33,33,0,57.758854846543834,24990.26175977925,37.483538538137296,False,8330.08725325975,757.28065938725,12.494512846045765,666.6996429473468,17.33457642437524,location_hour,7.208388407613727,11:00,5,history,Гребной,kfm
39,2026-08-28,high,auto,demand_layer_gap,11:00,12:00,1,08:00-23:00,1,1,1,0,7.208388407613727,902.3042057065907,1.4416776815227454,False,902.3042057065907,902.3042057065907,1.4416776815227454,625.8709677419356,18.26,location_hour,7.208388407613727,11:00,5,history,Гребной,kfm
39,2026-08-28,high,auto,day_evening_12_22,12:00,22:00,10,08:00-23:00,1,6,10,4,46.96227770157638,4240.181090277918,6.339125780838034,False,4240.181090277918,424.0181090277918,6.339125780838034,668.8905121736462,17.06170045661082,location_hour,6.588311985453406,13:00,5,history,Гребной,kfm
39,2026-08-28,high,auto,first_layer_demand_span,15:00,23:00,8,08:00-23:00,1,8,8,0,29.64494205539503,6850.033577498154,10.023398483200301,False,6850.033577498154,856.2541971872693,10.023398483200301,683.4042953574219,16.826717712352142,location_hour,5.297402656164728,18:00,5,history,Гребной,kfm
4,2026-08-28,high,auto,first_layer_demand_span,08:00,15:00,7,08:00-24:00,1,7,7,0,16.058507268240493,3719.906662354718,8.626390165542764,False,3719.906662354718,531.4152374792454,8.626390165542764,431.22402198007524,23.498842332764568,location_hour,3.2085802251663984,13:00,2,cycle_time,Аврора,kfm
4,2026-08-28,high,auto,demand_layer_gap,09:00,10:00,1,08:00-24:00,1,1,1,0,1.4136882069845431,294.22890696511155,0.7068441034922716,False,294.22890696511155,294.22890696511155,0.7068441034922716,416.25714285714287,24.1,location_hour,1.4136882069845431,09:00,2,cycle_time,Аврора,kfm
4,2026-08-28,high,auto,mid_10_20,10:00,21:00,11,08:00-24:00,1,11,11,0,24.129040074947685,5638.308428782711,12.064520037473844,False,5638.308428782711,512.573493525701,12.064520037473844,467.3462691652424,22.527633443650608,location_hour,3.2085802251663984,13:00,2,cycle_time,Аврора,kfm
4,2026-08-28,high,auto,first_layer_demand_span,15:00,24:00,9,08:00-24:00,1,9,9,0,12.928066320245996,3818.6324705201155,7.58881928197761,False,3818.6324705201155,424.2924967244573,7.58881928197761,503.1919101814476,22.50045373328738,location_hour,2.269750218847575,15:00,2,cycle_time,Аврора,kfm
4,2026-08-28,high,bike,first_layer_demand_span,08:00,15:00,7,08:00-24:00,1,7,7,0,24.953588860990642,5654.1892888767115,13.132635062064997,False,5654.1892888767115,807.7413269823874,13.132635062064997,430.5449182250891,11.777195568132118,location_hour,4.985867641923093,13:00,3,history,Аврора,kfm
4,2026-08-28,high,bike,morning_08_16,08:00,16:00,8,08:00-24:00,1,4,8,4,28.480592512835777,2560.1962184688987,5.910476899462822,False,2560.1962184688987,320.02452730861233,5.910476899462822,433.16237623762373,11.720702044874974,location_hour,4.985867641923093,13:00,3,history,Аврора,kfm
4,2026-08-28,high,bike,mid_10_20,10:00,20:00,10,08:00-24:00,1,7,10,3,35.32341867414978,4721.434887158948,10.226857559101873,False,4721.434887158948,472.1434887158948,10.226857559101873,461.670152329137,11.267351719848705,location_hour,4.985867641923093,13:00,3,history,Аврора,kfm
4,2026-08-28,high,bike,first_layer_demand_span,15:00,21:00,6,08:00-24:00,1,6,6,0,16.593494425688235,6287.793229849192,12.277113766049183,False,6287.793229849192,1047.9655383081988,12.277113766049183,512.1556539809295,10.791192519917342,location_hour,3.5270036518451393,15:00,2,history,Аврора,kfm
40,2026-08-28,medium,bike,single_layer_demand_span,12:00,18:00,6,09:00-19:00,1,6,6,0,1.7641968113365145,913.0033063843449,1.7641968113365145,False,913.0033063843449,152.16721773072416,1.7641968113365145,517.5178305036584,9.129404549127248,global_hour,0.368956127908979,12:00,1,history,БТ Аркус,kfm
43,2026-08-28,low,auto,single_layer_demand_span,12:00,18:00,6,11:00-23:00,1,6,6,0,0.8293189699694945,429.1873541341414,0.8293189699694945,False,429.1873541341414,71.53122568902357,0.8293189699694945,517.5178305036584,20.571448350033847,global_hour,0.1734400119052491,12:00,1,cycle_time,Frankie Новослободская,non_kfm
434,2026-08-28,medium,auto,first_layer_demand_span,08:00,13:00,5,08:00-22:00,1,5,5,0,11.112298490069303,6698.009239657353,9.085858383458557,False,6698.009239657353,1339.6018479314705,9.085858383458557,737.1905830990662,18.42385419817502,"global_hour,location_hour",3.134083116412413,10:00,3,history,Сколково,kfm
434,2026-08-28,medium,auto,day_08_18,08:00,18:00,10,08:00-22:00,1,6,10,4,25.598178939669566,4223.164508430127,5.841846869838793,False,4223.164508430127,422.3164508430127,5.841846869838793,722.9159891598915,18.504061093605493,"global_hour,location_hour",3.752080509896461,13:00,3,history,Сколково,kfm
434,2026-08-28,medium,auto,day_evening_12_22,12:00,22:00,10,08:00-22:00,1,10,10,0,26.699275817872515,7699.703472295659,10.428714474016859,False,7699.703472295659,769.9703472295658,10.428714474016859,738.317602948999,18.6129378758963,location_hour,3.752080509896461,13:00,3,history,Сколково,kfm
434,2026-08-28,medium,auto,first_layer_demand_span,13:00,22:00,9,08:00-22:00,1,9,9,0,23.65961565795639,7005.790219851475,9.415494420711486,False,7005.790219851475,778.4211355390528,9.415494420711486,744.0703490239102,18.684277937282378,location_hour,3.752080509896461,13:00,3,history,Сколково,kfm
44,2026-08-28,low,auto,single_layer_demand_span,12:00,18:00,6,11:00-24:00,1,6,6,0,0.7168044647836829,370.9590915101876,0.7168044647836829,False,370.9590915101876,61.826515251697934,0.7168044647836829,517.5178305036584,20.57144835003385,global_hour,0.14990923807083628,12:00,1,cycle_time,Frankie Пятницкая,non_kfm
443,2026-08-28,low,auto,single_layer_demand_span,12:00,18:00,6,10:00-20:00,1,6,6,0,0.852572446689476,441.2214429579336,0.852572446689476,False,441.2214429579336,73.5369071596556,0.852572446689476,517.5178305036585,20.57144835003384,global_hour,0.17830313866973196,12:00,1,cycle_time,Пинский доставка,non_kfm
46,2026-08-28,low,bike,single_layer_demand_span,12:00,18:00,6,10:00-22:00,1,6,6,0,1.4104295283351824,729.9224295823218,1.4104295283351824,False,729.9224295823218,121.6537382637203,1.4104295283351824,517.5178305036584,9.129404549127248,global_hour,0.2949708411890869,12:00,1,cycle_time,БТ Павелецкая Плаза,kfm
47,2026-08-28,medium,bike,single_layer_demand_span,08:00,12:00,4,08:00-21:00,1,4,4,0,5.346275405497329,1985.038113455409,5.346275405497329,False,1985.038113455409,496.25952836385227,5.346275405497329,371.2936507936508,9.255873015873016,location_hour,1.9942455877648768,09:00,1,cycle_time,БТ Царская Площадь,kfm
479,2026-08-28,medium,auto,single_layer_demand_span_earnings_split,00:00,12:00,12,00:00-24:00,1,12,12,0,7.296309262920486,4889.449244024744,7.296309262920487,False,4889.449244024744,407.4541036687287,7.296309262920487,670.126370447687,22.25801108881787,location_hour,2.2990107539470857,07:00,1,cycle_time,Покровка,kfm
479,2026-08-28,medium,auto,single_layer_demand_span_earnings_split,12:00,24:00,12,00:00-24:00,1,6,12,6,4.8009655982291175,1528.775497872958,2.827940474031787,False,1528.775497872958,127.39795815607984,2.827940474031787,540.5967741935484,21.70346772979405,"location_hour,global_hour",1.5051941232749833,22:00,1,cycle_time,Покровка,kfm
5,2026-08-28,medium,auto,single_layer_demand_span,00:00,12:00,12,00:00-24:00,1,12,12,0,5.436809475745548,3672.286357054655,5.436809475745549,False,3672.286357054655,306.02386308788795,5.436809475745549,675.4487854388303,18.715238830938862,global_hour,1.1687707383395587,00:00,1,cycle_time,Покровка (не использовать),kfm
51,2026-08-28,medium,bike,single_layer_demand_span,12:00,18:00,6,08:00-22:00,1,6,6,0,3.5625353364077417,1289.6377917796024,3.5625353364077417,False,1289.6377917796024,214.93963196326706,3.5625353364077417,361.99999999999994,10.331666666666665,location_hour,1.0687606009223225,13:00,1,cycle_time,БТ Новинский,kfm
516,2026-08-28,low,auto,single_layer_demand_span,12:00,18:00,6,09:00-22:00,1,6,6,0,1.51853416833828,785.8685083441039,1.51853416833828,False,785.8685083441039,130.97808472401732,1.51853416833828,517.5178305036584,20.57144835003385,global_hour,0.3175793557993817,12:00,1,cycle_time,La Raquette by Pinskiy&Co,non_kfm
53,2026-08-28,low,auto,single_layer_demand_span,12:00,18:00,6,11:00-05:00,1,6,6,0,1.1962271857798223,619.0688979742704,1.1962271857798223,False,619.0688979742704,103.1781496623784,1.1962271857798223,517.5178305036584,20.57144835003385,global_hour,0.2501735337739431,12:00,1,cycle_time,IZUMI,non_kfm
54,2026-08-28,medium,auto,day_evening_12_22,12:00,23:00,11,10:00-23:00,1,11,11,0,22.16380240961735,10459.939845705241,11.081901204808673,False,10459.939845705241,950.9036223368402,11.081901204808673,943.8759335958031,25.66601820232995,location_hour,2.6264506384349224,17:00,2,cycle_time,Maroon,non_kfm
54,2026-08-28,medium,auto,first_layer_demand_span,12:00,23:00,11,10:00-23:00,1,11,11,0,22.16380240961735,10459.939845705241,11.081901204808673,False,10459.939845705241,950.9036223368402,11.081901204808673,943.8759335958031,25.66601820232995,location_hour,2.6264506384349224,17:00,2,cycle_time,Maroon,non_kfm
557,2026-08-28,low,auto,single_layer_demand_span,12:00,18:00,6,10:00-22:00,1,6,6,0,0.5092992418841725,403.5400711866623,0.5092992418841725,False,403.5400711866623,67.25667853111038,0.5092992418841725,792.34375,22.642544558693764,"location_hour,global_hour",0.12732481047104313,14:00,1,cycle_time,Bocconcino Новослободская,non_kfm
6,2026-08-28,mega,auto,first_layer_demand_span,06:00,14:00,8,00:00-24:00,1,8,8,0,22.936960045069867,5200.343855923942,8.976699570701285,False,5200.343855923942,650.0429819904928,8.976699570701285,579.3157958518685,23.519496555348397,location_hour,4.0839745114003145,13:00,4,cycle_time,Неглинная,kfm
6,2026-08-28,mega,auto,day_08_18,08:00,15:00,7,00:00-24:00,1,7,7,0,22.544809269602997,3199.463836272769,6.345226636672478,False,3199.463836272769,457.0662623246813,6.345226636672478,504.2316089674948,26.98028514202928,location_hour,4.0839745114003145,13:00,4,cycle_time,Неглинная,kfm
6,2026-08-28,mega,auto,morning_08_16,08:00,16:00,8,00:00-24:00,1,4,8,4,25.145150561575417,1790.9858390383588,3.509129359585565,False,1790.9858390383588,223.87322987979485,3.509129359585565,510.37897310513443,27.165336916829563,location_hour,4.0839745114003145,13:00,4,cycle_time,Неглинная,kfm
6,2026-08-28,mega,auto,day_08_18,08:00,18:00,10,00:00-24:00,1,10,10,0,30.08203040575493,4554.090904967676,8.857633682056456,False,4554.090904967676,455.4090904967676,8.857633682056456,514.1430621807294,27.558325714810067,location_hour,4.0839745114003145,13:00,4,cycle_time,Неглинная,kfm
6,2026-08-28,mega,auto,first_layer_demand_span,14:00,24:00,10,00:00-24:00,1,10,10,0,19.712869339203294,5441.533616376119,9.651731230018232,False,5441.533616376119,544.153361637612,9.651731230018232,563.7883491256149,28.049370945293568,location_hour,2.9857628780825833,14:00,4,cycle_time,Неглинная,kfm
6,2026-08-28,mega,auto,day_08_18,15:00,21:00,6,00:00-24:00,1,6,6,0,13.131224855862268,2984.0451815817096,5.309408905239145,False,2984.0451815817096,497.3408635969516,5.309408905239145,562.029641122038,29.686047304980455,location_hour,2.6003412919724167,15:00,3,cycle_time,Неглинная,kfm
6,2026-08-28,mega,bike,single_layer_demand_span_earnings_split,06:00,14:00,8,00:00-24:00,1,8,8,0,16.279044068499836,8673.870352447793,16.279044068499836,False,8673.870352447793,1084.2337940559742,16.279044068499836,532.8243056502222,8.006980092488206,location_hour,2.8985184137339894,13:00,1,history,Неглинная,kfm
6,2026-08-28,mega,bike,single_layer_demand_span_earnings_split,14:00,24:00,10,00:00-24:00,1,10,10,0,13.990810816206924,7770.897887776355,13.990810816206924,False,7770.897887776355,777.0897887776355,13.990810816206924,555.4287017286064,8.24901845814935,location_hour,2.1190848907130846,14:00,1,history,Неглинная,kfm
69,2026-08-28,mega,auto,day_08_18,08:00,14:00,6,08:00-23:00,2,12,12,0,33.918234137799,7417.916907182547,16.846266293421156,False,3708.9584535912736,618.1597422652122,8.423133146710578,440.3300279112535,15.518063576221616,location_hour,6.82490342697786,11:00,5,cycle_time,Опен Мичуринский,kfm
69,2026-08-28,mega,auto,morning_08_16,08:00,16:00,8,08:00-23:00,1,4,8,4,44.62829059995164,2151.5683953120565,4.875936159686244,False,2151.5683953120565,268.94604941400706,4.875936159686244,441.2626262626263,15.970893283936306,location_hour,6.82490342697786,11:00,5,cycle_time,Опен Мичуринский,kfm
69,2026-08-28,mega,auto,first_layer_demand_span,08:00,17:00,9,08:00-23:00,1,9,9,0,49.238601274542106,5272.115127320412,11.962990635676936,False,5272.115127320412,585.790569702268,11.962990635676936,440.70210266632756,16.04113927380525,location_hour,6.82490342697786,11:00,5,cycle_time,Опен Мичуринский,kfm
69,2026-08-28,mega,auto,day_08_18,08:00,18:00,10,08:00-23:00,1,8,10,2,54.03332437611619,4280.625440212139,9.672373983218577,False,4280.625440212139,428.06254402121397,9.672373983218577,442.5620274442407,16.25779068005673,location_hour,6.82490342697786,11:00,5,cycle_time,Опен Мичуринский,kfm
69,2026-08-28,mega,auto,day_08_18,14:00,21:00,7,08:00-23:00,2,14,14,0,34.379423045960806,8380.770373839296,18.9866317338155,False,4190.385186919648,598.6264552742354,9.49331586690775,441.40374613749987,17.465150868118222,location_hour,5.8046859043883865,14:00,5,cycle_time,Опен Мичуринский,kfm
69,2026-08-28,mega,auto,first_layer_demand_span,17:00,23:00,6,08:00-23:00,1,6,6,0,24.479185566295385,5223.512527149719,11.373588035019079,False,5223.512527149719,870.5854211916198,11.373588035019079,459.26690074113947,17.46882088909599,location_hour,5.034470402697746,19:00,4,cycle_time,Опен Мичуринский,kfm
69,2026-08-28,mega,bike,first_layer_demand_span,08:00,15:00,7,08:00-23:00,1,7,7,0,33.18319107934818,8249.461292771965,18.62794595886075,False,8249.461292771965,1178.494470395995,18.62794595886075,442.8540490181069,9.898755125317631,location_hour,5.701294725437653,11:00,2,history,Опен Мичуринский,kfm
69,2026-08-28,mega,bike,demand_layer_gap,09:00,10:00,1,08:00-23:00,1,1,1,0,4.299633585284149,961.6508184005626,2.1498167926420746,False,961.6508184005626,961.6508184005626,2.1498167926420746,447.31756756756755,9.97,location_hour,4.299633585284149,09:00,2,history,Опен Мичуринский,kfm
69,2026-08-28,mega,bike,mid_10_20,10:00,21:00,11,08:00-23:00,1,11,11,0,48.6812307773292,10704.191291039082,24.340615388664595,False,10704.191291039082,973.108299185371,24.340615388664595,439.7666665413897,10.089746803547676,location_hour,5.701294725437653,11:00,2,history,Опен Мичуринский,kfm
69,2026-08-28,mega,bike,first_layer_demand_span,15:00,23:00,8,08:00-23:00,1,8,8,0,28.39816809787778,7423.321068377378,16.462981037058533,False,7423.321068377378,927.9151335471722,16.462981037058533,450.9098960672626,10.351225273191247,location_hour,4.205627209143181,19:00,2,history,Опен Мичуринский,kfm
7,2026-08-28,mega,auto,first_layer_demand_span,00:00,12:00,12,00:00-24:00,1,12,12,0,25.632264267087074,8335.077700759246,11.955631544082657,False,8335.077700759246,694.5898083966039,11.955631544082657,697.1674955042108,21.938425508632097,location_hour,4.056908054303803,08:00,6,cycle_time,Белая Площадь,kfm
7,2026-08-28,mega,auto,demand_layer_gap,06:00,12:00,6,00:00-24:00,1,6,6,0,20.324088888680585,4544.003972958744,6.647456165676166,False,4544.003972958744,757.333995493124,6.647456165676166,683.5703552919235,23.90036419601558,location_hour,4.056908054303803,08:00,6,cycle_time,Белая Площадь,kfm
7,2026-08-28,mega,auto,demand_layer_gap,08:00,12:00,4,00:00-24:00,1,4,4,0,15.041965422911627,2259.525110865958,4.006394432791687,False,2259.525110865958,564.8812777164895,4.006394432791687,563.9796951523575,25.13909316033586,location_hour,4.056908054303803,08:00,6,cycle_time,Белая Площадь,kfm
7,2026-08-28,mega,auto,morning_08_16,08:00,13:00,5,00:00-24:00,1,3,5,2,19.248561976055555,1389.5879136636731,2.384844809420144,False,1389.5879136636731,277.9175827327346,2.384844809420144,582.6743560733163,25.25241701464603,location_hour,4.206596553143929,12:00,6,history,Белая Площадь,kfm
7,2026-08-28,mega,auto,morning_08_16,08:00,16:00,8,00:00-24:00,2,8,16,8,28.407644652847342,2455.4396745162294,4.850850079301107,False,1227.7198372581147,153.46497965726434,2.4254250396505537,506.1875,25.166264125497037,location_hour,4.206596553143929,12:00,6,history,Белая Площадь,kfm
7,2026-08-28,mega,auto,day_evening_12_22,12:00,24:00,12,00:00-24:00,2,24,24,0,31.930807151479797,9133.509674230896,16.482913615476267,False,4566.754837115448,380.562903092954,8.241456807738134,554.1198532797739,27.89971405228837,location_hour,4.206596553143929,12:00,6,history,Белая Площадь,kfm
7,2026-08-28,mega,auto,first_layer_demand_span,12:00,24:00,12,00:00-24:00,1,12,12,0,31.930807151479797,4566.754837115448,8.241456807738134,False,4566.754837115448,380.562903092954,8.241456807738134,554.1198532797739,27.89971405228837,location_hour,4.206596553143929,12:00,6,history,Белая Площадь,kfm
7,2026-08-28,mega,auto,morning_08_16,13:00,21:00,8,00:00-24:00,1,5,8,3,22.215665268534703,1545.7825365013427,2.9935239640807114,False,1545.7825365013427,193.22281706266784,2.9935239640807114,516.3755343365159,28.354404806039557,location_hour,3.2970621632749713,13:00,6,history,Белая Площадь,kfm
7,2026-08-28,mega,bike,single_layer_demand_span_earnings_split,06:00,12:00,6,00:00-24:00,1,6,6,0,10.702406752668635,6856.258924197121,10.702406752668635,False,6856.258924197121,1142.7098206995202,10.702406752668635,640.6277655712832,10.049686716458975,location_hour,2.13631619076015,08:00,1,history,Белая Площадь,kfm
7,2026-08-28,mega,bike,single_layer_demand_span_earnings_split,12:00,21:00,9,00:00-24:00,1,9,9,0,13.913627070318817,7348.651480760991,13.91362707031882,False,7348.651480760991,816.5168311956656,13.91362707031882,528.1621710587218,10.263415451943498,location_hour,2.2151402506999607,12:00,1,history,Белая Площадь,kfm
70,2026-08-28,low,auto,single_layer_demand_span,12:00,18:00,6,12:00-22:30,1,6,6,0,0.7722334061687843,399.6445570029198,0.7722334061687843,False,399.6445570029198,66.60742616715329,0.7722334061687843,517.5178305036585,20.57144835003385,global_hour,0.16150139573495073,12:00,1,cycle_time,КО Сыроварня,non_kfm
71,2026-08-28,low,auto,single_layer_demand_span,12:00,18:00,6,12:00-23:59,1,6,6,0,0.7777030930753699,402.4752175043502,0.7777030930753699,False,402.4752175043502,67.0792029173917,0.7777030930753699,517.5178305036585,20.571448350033847,global_hour,0.1626453012725644,12:00,1,cycle_time,КО Medusa,non_kfm
72,2026-08-28,low,auto,single_layer_demand_span,12:00,18:00,6,12:00-04:59,1,6,6,0,0.7582243547687958,392.3946231149835,0.7582243547687958,False,392.3946231149835,65.39910385249725,0.7582243547687958,517.5178305036585,20.57144835003385,global_hour,0.15857160619729593,12:00,1,cycle_time,КО Магадан,non_kfm
8,2026-08-28,mega,auto,first_layer_demand_span,08:00,14:00,6,07:30-24:00,1,6,6,0,11.257877627593523,2175.701256186584,6.416585169352743,False,2175.701256186584,362.6168760310973,6.416585169352743,339.07463218571326,25.54706001068701,location_hour,2.2123650491017397,09:00,2,history,Усачева,kfm
8,2026-08-28,mega,auto,day_08_18,08:00,18:00,10,07:30-24:00,1,9,10,1,16.492344699356625,2526.7701670589845,7.458525994122332,False,2526.7701670589845,252.67701670589844,7.458525994122332,338.7760757353662,26.643107130772027,location_hour,2.2123650491017397,09:00,2,history,Усачева,kfm
8,2026-08-28,mega,auto,first_layer_demand_span,14:00,21:00,7,07:30-24:00,1,7,7,0,8.400682276654791,2048.1329964882134,5.783448740773239,False,2048.1329964882134,292.59042806974475,5.783448740773239,354.13696710907146,28.062177554007004,location_hour,1.7057989197880412,15:00,2,history,Усачева,kfm
8,2026-08-28,mega,bike,demand_layer_gap,08:00,10:00,2,07:30-24:00,1,2,2,0,12.47181600052959,1833.1278298668212,5.371400078142173,False,1833.1278298668212,916.5639149334106,5.371400078142173,341.275608444503,8.293302086034691,location_hour,7.284768467793861,09:00,3,history,Усачева,kfm
8,2026-08-28,mega,bike,first_layer_demand_span,08:00,15:00,7,07:30-24:00,1,7,7,0,42.08045456633067,6832.008844486672,20.17571936104271,False,6832.008844486672,976.001263498096,20.17571936104271,338.62529123390743,8.605902512581707,location_hour,7.284768467793861,09:00,3,history,Усачева,kfm
8,2026-08-28,mega,bike,morning_08_16,08:00,16:00,8,07:30-24:00,1,1,8,7,47.69722662133762,616.2423646397739,1.7290158442452428,False,616.2423646397739,77.03029557997174,1.7290158442452428,356.41221374045796,8.509874514188773,location_hour,7.284768467793861,09:00,3,history,Усачева,kfm
8,2026-08-28,mega,bike,mid_10_20,10:00,21:00,11,07:30-24:00,1,11,11,0,52.258937801086404,8972.782606463456,26.1294689005432,False,8972.782606463456,815.707509678496,26.1294689005432,343.3970526005189,8.862446815430527,location_hour,6.518813139170345,13:00,2,history,Усачева,kfm
8,2026-08-28,mega,bike,first_layer_demand_span,15:00,24:00,9,07:30-24:00,1,9,9,0,27.91331344680985,6069.319584556441,16.588163829167186,False,6069.319584556441,674.3688427284935,16.588163829167186,365.88254414781443,8.946560281415843,location_hour,5.616772055006959,15:00,2,history,Усачева,kfm
9,2026-08-28,medium,auto,first_layer_demand_span,08:00,15:00,7,08:00-24:00,1,7,7,0,15.125839034549019,9324.066279508366,11.156079110305509,False,9324.066279508366,1332.0094685011952,11.156079110305509,835.7834493030076,19.527096504087996,location_hour,3.175807939394808,14:00,2,history,КИНКИ,kfm
9,2026-08-28,medium,auto,demand_layer_gap,12:00,14:00,2,08:00-24:00,1,2,2,0,4.763711909092212,1962.4746371093247,2.381855954546106,False,1962.4746371093247,981.2373185546624,2.381855954546106,823.9266666666667,18.905733333333327,location_hour,3.1122917806069115,13:00,2,history,КИНКИ,kfm
9,2026-08-28,medium,auto,evening_14_24,14:00,24:00,10,08:00-24:00,1,10,10,0,24.482025810950052,10069.646288402797,12.241012905475026,False,10069.646288402797,1006.9646288402797,12.241012905475026,822.6154458099587,19.435475455453677,location_hour,3.640661205005833,19:00,2,cycle_time,КИНКИ,kfm
9,2026-08-28,medium,auto,first_layer_demand_span,15:00,24:00,9,08:00-24:00,1,9,9,0,21.306217871555244,8851.231693414282,10.653108935777622,False,8851.231693414282,983.4701881571424,10.653108935777622,830.8590240439692,19.545102082044128,location_hour,3.640661205005833,19:00,2,cycle_time,КИНКИ,kfm
94,2026-08-28,medium,auto,single_layer_demand_span,12:00,18:00,6,12:00-23:59,1,6,6,0,0.6068673572219904,314.0646781130132,0.6068673572219904,False,314.0646781130132,52.344113018835536,0.6068673572219904,517.5178305036585,20.571448350033847,global_hour,0.12691748949787168,12:00,1,history,КО Высота 5642,non_kfm
99,2026-08-28,mega,bike,demand_layer_gap,07:00,08:00,1,07:00-23:00,1,1,1,0,4.194908530299876,1392.6918570234134,2.097454265149938,False,1392.6918570234134,1392.6918570234134,2.097454265149938,663.9915254237288,9.73,location_hour,4.194908530299876,07:00,2,history,Опен Аркус,kfm
99,2026-08-28,mega,bike,first_layer_demand_span,07:00,16:00,9,07:00-23:00,1,9,9,0,72.27942873621787,6508.255770857786,15.472133087729244,False,6508.255770857786,723.1395300953095,15.472133087729244,420.6437298564477,10.626309700671495,location_hour,10.291546418969379,12:00,6,history,Опен Аркус,kfm
99,2026-08-28,mega,bike,day_08_18,08:00,14:00,6,07:00-23:00,2,12,12,0,51.92359136624229,7806.298750946728,20.284986109288337,False,3903.149375473364,650.5248959122274,10.142493054644168,384.8313579752606,10.68590145909619,location_hour,10.291546418969379,12:00,6,history,Опен Аркус,kfm
99,2026-08-28,mega,bike,morning_08_16,08:00,16:00,8,07:00-23:00,1,1,8,7,68.08452020591798,472.7514745227952,1.211126093021442,False,472.7514745227952,59.0939343153494,1.211126093021442,390.3404255319149,10.766871476360263,location_hour,10.291546418969379,12:00,6,history,Опен Аркус,kfm
99,2026-08-28,mega,bike,day_08_18,08:00,18:00,10,07:00-23:00,2,20,20,0,77.88606335665882,11697.78389460224,30.669974905454943,False,5848.89194730112,584.889194730112,15.334987452727471,381.408329503448,10.780681748062968,location_hour,10.291546418969379,12:00,6,history,Опен Аркус,kfm
99,2026-08-28,mega,bike,day_08_18,14:00,21:00,7,07:00-23:00,2,14,14,0,44.65674807154045,8421.623570520538,22.847839516915897,False,4210.811785260269,601.544540751467,11.423919758457949,368.5960575959668,11.164713434618063,location_hour,8.208733453225577,14:00,5,history,Опен Аркус,kfm
99,2026-08-28,mega,bike,first_layer_demand_span,16:00,23:00,7,07:00-23:00,1,7,7,0,36.5160263569251,5902.180071586728,16.211941115583144,False,5902.180071586728,843.168581655247,16.211941115583144,364.06374964645477,10.771034648842328,location_hour,6.727351946148405,18:00,5,history,Опен Аркус,kfm
1,2026-08-29,medium,bike,single_layer_demand_span,12:00,23:00,11,09:00-23:00,1,11,11,0,14.565206762593652,5037.742611583146,14.565206762593649,False,5037.742611583146,457.97660105301327,14.565206762593649,345.87511826615963,8.490586158193052,location_hour,2.406940603951492,13:00,1,history,Wall Street,kfm
10,2026-08-29,medium,bike,single_layer_demand_span,12:00,23:00,11,08:00-23:30,1,11,11,0,19.726492638250615,6840.292977521922,19.726492638250615,False,6840.292977521922,621.8448161383566,19.726492638250615,346.7566740302463,7.355034355838847,location_hour,3.189034901999135,13:00,1,history,Якиманка,kfm
101,2026-08-29,medium,auto,first_layer_demand_span,08:00,16:00,8,08:00-23:00,1,8,8,0,25.09130731051639,7149.13808532463,10.340897639206522,False,7149.13808532463,893.6422606655788,10.340897639206522,691.3459870465556,19.853230346046487,location_hour,4.093491475324731,11:00,3,cycle_time,Алия,kfm
101,2026-08-29,medium,auto,day_08_18,08:00,18:00,10,08:00-23:00,2,16,20,4,29.718036684102657,12574.890588688755,17.834895920367376,False,6287.4452943443775,628.7445294344377,8.917447960183688,705.0722720690667,19.848076719438694,location_hour,4.093491475324731,11:00,3,cycle_time,Алия,kfm
101,2026-08-29,medium,auto,first_layer_demand_span,16:00,23:00,7,08:00-23:00,1,7,7,0,13.610073095146081,7579.295702747629,10.525586846088569,False,7579.295702747629,1082.756528963947,10.525586846088569,720.0829572333237,21.95345381633559,location_hour,2.6201419187882795,18:00,3,history,Алия,kfm
11,2026-08-29,medium,auto,custom_open_window,00:00,06:00,6,22:00-07:00,3,18,18,0,18.088056788361232,10446.41430366401,13.566042591270925,False,3482.138101221337,580.3563502035562,4.522014197090308,770.0413907284767,17.563907284768213,location_hour,6.648259283139393,00:00,4,history,Кутузовский,kfm
11,2026-08-29,medium,auto,first_layer_demand_span,00:00,07:00,7,22:00-07:00,1,7,7,0,25.184628381578786,10170.783552321618,11.618585790307863,False,10170.783552321618,1452.9690789030883,11.618585790307863,875.3891167035156,19.601575312748285,location_hour,7.096571593217555,06:00,4,cycle_time,Кутузовский,kfm
11,2026-08-29,medium,auto,first_layer_demand_span,22:00,24:00,2,22:00-07:00,1,2,2,0,2.2664319633600107,1499.182479148269,2.2664319633600107,False,1499.182479148269,749.5912395741345,2.2664319633600107,661.4725274725274,15.274615384615387,location_hour,1.5441624365749524,23:00,1,history,Кутузовский,kfm
114,2026-08-29,low,auto,single_layer_demand_span,10:00,12:00,2,10:00-23:59,1,2,2,0,0.8239363502689816,403.99241101260003,0.8239363502689816,False,403.99241101260003,201.99620550630002,0.8239363502689816,490.3199268738574,18.5344459374214,global_hour,0.4271816251120351,11:00,1,cycle_time,Bluefin Скаковая,non_kfm
115,2026-08-29,high,auto,first_layer_demand_span,07:00,15:00,8,07:00-23:00,1,8,8,0,23.107956074998807,4935.119035746492,8.812318994175119,False,4935.119035746492,616.8898794683115,8.812318994175119,560.0250103302628,19.289625940157624,location_hour,3.8125468782064575,09:00,3,history,Опен Символ,kfm
115,2026-08-29,high,auto,demand_layer_gap,08:00,10:00,2,07:00-23:00,1,2,2,0,6.150629356699879,1295.427693662075,2.4398901986488637,False,1295.427693662075,647.7138468310375,2.4398901986488637,530.9368816594464,19.360359041785912,location_hour,3.8125468782064575,09:00,3,history,Опен Символ,kfm
115,2026-08-29,high,auto,morning_08_16,08:00,16:00,8,07:00-23:00,1,6,8,2,24.60530122818795,3524.1244468825953,6.563297920788489,False,3524.1244468825953,440.5155558603244,6.563297920788489,536.9441535969802,19.982727923434187,location_hour,3.8125468782064575,09:00,3,history,Опен Символ,kfm
115,2026-08-29,high,auto,mid_10_20,10:00,21:00,11,07:00-23:00,1,11,11,0,27.71011325832766,6284.3986288689,11.20883214847066,False,6284.3986288689,571.3089662608091,11.20883214847066,560.664888690152,20.111201518703858,location_hour,3.740771558322669,14:00,3,history,Опен Символ,kfm
115,2026-08-29,high,auto,first_layer_demand_span,15:00,23:00,8,07:00-23:00,1,8,8,0,14.004347312560707,4608.368846442977,8.08796412547638,False,4608.368846442977,576.0461058053721,8.08796412547638,569.7810691230711,18.843844628902808,location_hour,2.5773249873290647,15:00,2,history,Опен Символ,kfm
115,2026-08-29,high,bike,single_layer_demand_span,09:00,18:00,9,07:00-23:00,1,9,9,0,8.84418284984945,4805.086675848512,8.84418284984945,False,4805.086675848512,533.8985195387236,8.84418284984945,543.3047639817065,10.03635282534134,location_hour,1.3081878548278778,09:00,1,history,Опен Символ,kfm
119,2026-08-29,medium,auto,single_layer_demand_span,12:00,18:00,6,11:00-23:00,1,6,6,0,1.808198665863983,935.7750506775379,1.808198665863983,False,935.7750506775379,155.96250844625632,1.808198665863983,517.5178305036584,20.571448350033847,global_hour,0.37815847640147515,12:00,1,history,Bluefin Успенское,non_kfm
12,2026-08-29,high,auto,demand_layer_gap,09:00,10:00,1,09:00-22:00,1,1,1,0,2.150962424098774,467.45790881726606,1.075481212049387,False,467.45790881726606,467.45790881726606,1.075481212049387,434.65,15.910000000000002,location_hour,2.150962424098774,09:00,2,history,Хорошо,kfm
12,2026-08-29,high,auto,first_layer_demand_span,09:00,16:00,7,09:00-22:00,1,7,7,0,17.32396537789163,3743.0559003611306,8.661982688945814,False,3743.0559003611306,534.7222714801616,8.661982688945814,432.124611047528,17.324716250073458,location_hour,3.1117166761222244,12:00,2,history,Хорошо,kfm
12,2026-08-29,high,auto,mid_10_20,10:00,20:00,10,09:00-22:00,1,8,10,2,21.388285023613214,3969.113644180942,9.136957438174202,False,3969.113644180942,396.9113644180942,9.136957438174202,434.40211591639775,18.53679640685473,location_hour,3.1117166761222244,12:00,2,history,Хорошо,kfm
12,2026-08-29,high,auto,first_layer_demand_span,16:00,22:00,6,09:00-22:00,1,6,6,0,9.230182788879066,3628.599473520101,7.679726827601292,False,3628.599473520101,604.7665789200169,7.679726827601292,472.49069595532325,19.671474929581944,location_hour,1.7153980848179624,17:00,2,history,Хорошо,kfm
12,2026-08-29,high,bike,single_layer_demand_span,09:00,21:00,12,09:00-22:00,1,12,12,0,21.513586888517466,9517.713272572459,21.51358688851747,False,9517.713272572459,793.1427727143715,21.51358688851747,442.4047613209671,13.934289499513211,location_hour,2.6690860972402173,12:00,1,history,Хорошо,kfm
123,2026-08-29,medium,bike,single_layer_demand_span,08:00,18:00,10,08:00-23:00,1,10,10,0,15.502738640487003,4759.558606085498,15.502738640487005,False,4759.558606085498,475.95586060854976,15.502738640487005,307.0140519337285,6.545206098699593,location_hour,2.2516148643311116,13:00,1,history,Опен Нева,kfm
124,2026-08-29,low,auto,single_layer_demand_span,12:00,18:00,6,09:00-22:30,1,6,6,0,0.5107679088837633,264.33150009641554,0.5107679088837633,False,264.33150009641554,44.05525001606926,0.5107679088837633,517.5178305036585,20.57144835003385,global_hour,0.10681968627930663,12:00,1,cycle_time,ЦБ AVA Bistro,non_kfm
125,2026-08-29,medium,auto,single_layer_demand_span,12:00,18:00,6,10:00-23:00,1,6,6,0,2.561120306995272,2352.3770341232557,2.561120306995272,False,2352.3770341232557,392.06283902054264,2.561120306995272,918.4953271028038,29.783084112149535,location_hour,0.550521187484965,17:00,1,cycle_time,Meraki,non_kfm
126,2026-08-29,high,bike,first_layer_demand_span,07:00,14:00,7,07:00-23:00,1,7,7,0,26.81539783820549,4086.3805939225804,10.419217487328694,False,4086.3805939225804,583.7686562746543,10.419217487328694,392.1964964156111,9.660727914166921,"global_hour,location_hour",5.08591475094487,13:00,3,history,Опен Покровка,kfm
126,2026-08-29,high,bike,day_08_18,08:00,18:00,10,07:00-23:00,2,19,20,1,39.386726636837686,8779.802789359499,25.62364984565459,False,4389.9013946797495,438.9901394679749,12.811824922827295,342.644503895624,9.400910209498676,location_hour,5.08591475094487,13:00,3,history,Опен Покровка,kfm
126,2026-08-29,high,bike,first_layer_demand_span,14:00,21:00,7,07:00-23:00,1,7,7,0,20.616669744548553,3906.45493820725,11.389200249770765,False,3906.45493820725,558.0649911724643,11.389200249770765,342.99642227169346,9.078357835699874,location_hour,4.008897509568309,14:00,3,history,Опен Покровка,kfm
127,2026-08-29,medium,bike,single_layer_demand_span,12:00,18:00,6,07:00-23:00,1,6,6,0,3.6847794727200154,1277.9118069979813,3.6847794727200154,False,1277.9118069979813,212.98530116633023,3.6847794727200154,346.8082191780822,10.510000000000002,location_hour,1.009528622663018,12:00,1,cycle_time,БТ Покровка,kfm
128,2026-08-29,medium,bike,first_layer_demand_span,08:00,14:00,6,08:00-24:00,1,6,6,0,26.914937265381198,7274.504823446445,22.373765291531566,False,7274.504823446445,1212.4174705744074,22.373765291531566,325.13547579762235,6.990935916253401,location_hour,5.961328025507505,09:00,2,history,Кофемания Лаки,kfm
128,2026-08-29,medium,bike,mid_10_20,10:00,20:00,10,08:00-24:00,1,6,10,4,37.08897860616771,3576.107682682824,10.830956144526422,False,3576.107682682824,357.6107682682824,10.830956144526422,330.1746987951808,7.289384254727239,location_hour,4.645566731869164,12:00,2,history,Кофемания Лаки,kfm
128,2026-08-29,medium,bike,first_layer_demand_span,14:00,24:00,10,08:00-24:00,1,10,10,0,27.683854254832493,6887.670113101367,21.394070084155707,False,6887.670113101367,688.7670113101367,21.394070084155707,321.942953631919,7.279075203543099,location_hour,3.706013909693378,15:00,2,history,Кофемания Лаки,kfm
137,2026-08-29,medium,bike,single_layer_demand_span,12:00,18:00,6,08:00-23:59,1,6,6,0,1.448758407950765,582.3472222773946,1.448758407950765,False,582.3472222773946,97.05787037956577,1.448758407950765,401.96296296296305,11.053703703703704,location_hour,0.4560906099104261,13:00,1,cycle_time,БТ Мясницкая,kfm
138,2026-08-29,medium,bike,single_layer_demand_span,12:00,18:00,6,08:00-23:00,1,6,6,0,2.6576328639823594,1011.5407460965356,2.6576328639823594,False,1011.5407460965356,168.5901243494226,2.6576328639823594,380.61718749999994,8.975781249999999,location_hour,0.8305102699944873,13:00,1,cycle_time,БТ Таганка,kfm
14,2026-08-29,medium,auto,demand_layer_gap,09:00,10:00,1,09:00-23:00,1,1,1,0,2.33880470795919,878.4626748465629,1.169402353979595,False,878.4626748465629,878.4626748465629,1.169402353979595,751.2065217391304,16.45,location_hour,2.33880470795919,09:00,2,history,Метрополис,kfm
14,2026-08-29,medium,auto,first_layer_demand_span,09:00,15:00,6,09:00-23:00,1,6,6,0,21.24820837222478,6399.84218858639,8.531778171397468,False,6399.84218858639,1066.6403647643983,8.531778171397468,750.1182121731282,18.327844225710894,location_hour,5.185329688641327,12:00,3,cycle_time,Метрополис,kfm
14,2026-08-29,medium,auto,mid_10_20,10:00,15:00,5,09:00-23:00,1,5,5,0,18.90940366426559,5521.3795137398265,7.362375817417873,False,5521.3795137398265,1104.2759027479653,7.362375817417873,749.9453506132319,18.626111457975526,location_hour,5.185329688641327,12:00,3,cycle_time,Метрополис,kfm
14,2026-08-29,medium,auto,mid_10_20,10:00,20:00,10,09:00-23:00,1,6,10,4,32.599454827516944,5250.43741597748,6.895578778930047,False,5250.43741597748,525.043741597748,6.895578778930047,761.4208443271768,22.07565917520169,location_hour,5.185329688641327,12:00,3,cycle_time,Метрополис,kfm
14,2026-08-29,medium,auto,first_layer_demand_span,15:00,23:00,8,09:00-23:00,1,8,8,0,18.453426233037707,6179.7643843452415,7.871249741768753,False,6179.7643843452415,772.4705480431552,7.871249741768753,785.1058709968696,25.558476780834205,location_hour,3.4557819133744125,19:00,3,cycle_time,Метрополис,kfm
14,2026-08-29,medium,auto,mid_10_20,15:00,23:00,8,09:00-23:00,1,8,8,0,18.453426233037707,6179.7643843452415,7.871249741768753,False,6179.7643843452415,772.4705480431552,7.871249741768753,785.1058709968696,25.558476780834205,location_hour,3.4557819133744125,19:00,3,cycle_time,Метрополис,kfm
142,2026-08-29,medium,bike,single_layer_demand_span,08:00,12:00,4,08:00-23:59,1,4,4,0,6.853928138535903,2282.7811521163158,6.853928138535903,False,2282.7811521163158,570.6952880290789,6.853928138535903,333.06172839506166,8.737469135802469,location_hour,1.9884853241431326,10:00,1,cycle_time,RED7,kfm
145,2026-08-29,low,auto,single_layer_demand_span,14:00,18:00,4,14:00-23:00,1,4,4,0,0.610081095744091,321.8097222913791,0.610081095744091,False,321.8097222913791,80.45243057284478,0.610081095744091,527.4867956675185,20.841358406953415,global_hour,0.1891793394129176,14:00,1,cycle_time,BSB Европейский,non_kfm
15,2026-08-29,medium,auto,single_layer_demand_span,00:00,12:00,12,00:00-24:00,1,12,12,0,8.379360659952834,5405.153042717278,8.379360659952834,False,5405.153042717278,450.42942022643985,8.379360659952834,645.0555432647654,18.712511747612343,global_hour,1.4536232089664616,00:00,1,cycle_time,Комсомолка,kfm
16,2026-08-29,medium,bike,single_layer_demand_span,12:00,23:00,11,08:00-23:00,1,11,11,0,16.81541154290315,5757.47999309465,16.81541154290315,False,5757.47999309465,523.4072720995136,16.81541154290315,342.393046902534,6.9290012174375475,location_hour,2.363634369802276,13:00,1,history,Мосфильм,kfm
17,2026-08-29,medium,auto,first_layer_demand_span,08:00,16:00,8,08:00-22:00,1,8,8,0,23.43844312160944,7609.82773374601,6.965762364617695,False,7609.82773374601,951.2284667182513,6.965762364617695,1092.461576409758,21.44500130722215,location_hour,3.9908214018749377,09:00,4,history,Внуково,kfm
17,2026-08-29,medium,auto,day_08_18,08:00,18:00,10,08:00-22:00,3,26,30,4,28.680576310943295,21833.221797201895,20.404280648992135,False,7277.740599067299,727.7740599067299,6.8014268829973785,1070.0314396175659,21.56213985859821,location_hour,3.9908214018749377,09:00,4,history,Внуково,kfm
17,2026-08-29,medium,auto,first_layer_demand_span,16:00,22:00,6,08:00-22:00,1,6,6,0,11.290491721456519,7527.950132515167,7.358891829456125,False,7527.950132515167,1254.6583554191945,7.358891829456125,1022.9733371514358,24.472508279624357,location_hour,3.132494222894622,16:00,4,history,Внуково,kfm
18,2026-08-29,medium,auto,first_layer_demand_span,08:00,15:00,7,08:00-22:00,1,7,7,0,23.59582217393628,6671.0190890282865,10.276655252271444,False,6671.0190890282865,953.0027270040409,10.276655252271444,649.143026137205,14.484506942340637,location_hour,4.4075576796343094,08:00,3,history,Новая Рига,kfm
18,2026-08-29,medium,auto,day_08_18,08:00,18:00,10,08:00-22:00,2,16,20,4,32.12214230133812,12310.38734277994,19.00338033993273,False,6155.19367138997,615.519367138997,9.501690169966365,647.7998715266212,14.632862433076847,location_hour,4.4075576796343094,08:00,3,history,Новая Рига,kfm
18,2026-08-29,medium,auto,first_layer_demand_span,15:00,22:00,7,08:00-22:00,1,7,7,0,16.50451930423663,6919.574510634113,10.820305885968736,False,6919.574510634113,988.5106443763018,10.820305885968736,639.4989738328093,14.481167841866581,location_hour,3.2246979969019782,15:00,3,history,Новая Рига,kfm
184,2026-08-29,low,auto,single_layer_demand_span,18:00,23:00,5,11:00-23:00,1,5,5,0,0.5001479881179878,277.20690616270406,0.5001479881179878,False,277.20690616270406,55.44138123254081,0.5001479881179878,554.2497675654138,21.028846007132053,global_hour,0.12621612132078322,19:00,1,cycle_time,Pasiba Sushi  Марьина Роща,non_kfm
188,2026-08-29,low,auto,single_layer_demand_span,12:00,18:00,6,12:00-06:00,1,6,6,0,0.9360273767112685,484.41085728764625,0.9360273767112685,False,484.41085728764625,80.73514288127437,0.9360273767112685,517.5178305036584,20.57144835003385,global_hour,0.19575652461731718,12:00,1,cycle_time,Мо Friends Bar & Dining Петровка,non_kfm
19,2026-08-29,medium,auto,single_layer_demand_span,12:00,18:00,6,08:00-24:00,1,6,6,0,1.5849838947869945,2015.7825173900994,1.5849838947869945,False,2015.7825173900994,335.9637528983499,1.5849838947869945,1271.8,32.413999999999994,location_hour,0.31699677895739886,13:00,1,history,Conversation Никитская,non_kfm
2,2026-08-29,high,bike,first_layer_demand_span,06:00,13:00,7,00:00-24:00,1,7,7,0,22.019202061885682,5563.075505831451,12.571098221936044,False,5563.075505831451,794.7250722616358,12.571098221936044,442.52899847080306,10.236983583860484,"global_hour,location_hour",4.698597188613512,12:00,2,history,Кудринская,kfm
2,2026-08-29,high,bike,demand_layer_gap,08:00,10:00,2,00:00-24:00,1,2,2,0,7.0429683284467295,1357.8500842991534,3.5214841642233647,False,1357.8500842991534,678.9250421495767,3.5214841642233647,385.59028550923966,9.657995490367966,location_hour,3.7359734663742894,08:00,2,history,Кудринская,kfm
2,2026-08-29,high,bike,mid_10_20,10:00,21:00,11,00:00-24:00,1,11,11,0,32.157691281697026,5758.493588649853,16.078845640848517,False,5758.493588649853,523.4994171499867,16.078845640848517,358.1409833315599,9.453490307689536,location_hour,4.698597188613512,12:00,2,history,Кудринская,kfm
2,2026-08-29,high,bike,first_layer_demand_span,13:00,24:00,11,00:00-24:00,1,11,11,0,25.509559683108886,5764.611193191288,15.357333717986647,False,5764.611193191288,524.0555630173899,15.357333717986647,375.3653660882373,9.094338293936728,location_hour,3.833035828263674,15:00,2,history,Кудринская,kfm
20,2026-08-29,medium,auto,first_layer_demand_span,09:00,15:00,6,09:00-22:00,1,6,6,0,16.29748914699742,6673.628715252044,10.580634810342719,False,6673.628715252044,1112.2714525420072,10.580634810342719,630.7399163544022,15.292974719650125,location_hour,3.6962420280095043,12:00,3,cycle_time,Павлово,kfm
20,2026-08-29,medium,auto,mid_10_20,10:00,20:00,10,09:00-22:00,2,12,20,8,23.818877651058166,7247.887067883276,9.265246683543825,False,3623.943533941638,362.39435339416383,4.632623341771913,782.2659574468083,19.262599272199328,location_hour,3.6962420280095043,12:00,3,cycle_time,Павлово,kfm
20,2026-08-29,medium,auto,first_layer_demand_span,15:00,22:00,7,09:00-22:00,1,7,7,0,11.746544198736611,6339.125047388078,8.198151851847486,False,6339.125047388078,905.5892924840111,8.198151851847486,773.2383056505023,23.090100243685516,location_hour,2.4163503010506413,18:00,3,cycle_time,Павлово,kfm
21,2026-08-29,high,auto,day_08_18,08:00,14:00,6,08:00-23:00,1,6,6,0,25.569107200246442,5549.42202248888,7.014458614187406,False,5549.42202248888,924.9036704148134,7.014458614187406,791.1404611133707,18.33572451518971,location_hour,5.154907349185244,10:00,4,history,Горки-2,kfm
21,2026-08-29,high,auto,first_layer_demand_span,08:00,16:00,8,08:00-23:00,1,8,8,0,33.55167418273274,7088.934290621545,9.01010035980898,False,7088.934290621545,886.1167863276931,9.01010035980898,786.7763962145073,18.017482687729316,location_hour,5.154907349185244,10:00,4,history,Горки-2,kfm
21,2026-08-29,high,auto,day_08_18,08:00,18:00,10,08:00-23:00,1,9,10,1,40.728046374104736,7569.015004347595,9.559829779400388,False,7569.015004347595,756.9015004347596,9.559829779400388,791.7520687091501,18.250097223275834,location_hour,5.154907349185244,10:00,4,history,Горки-2,kfm
21,2026-08-29,high,auto,demand_layer_gap,09:00,10:00,1,08:00-23:00,1,1,1,0,4.179654607447495,835.4868331874578,1.0449136518618738,False,835.4868331874578,835.4868331874578,1.0449136518618738,799.575,16.46,location_hour,4.179654607447495,09:00,4,history,Горки-2,kfm
21,2026-08-29,high,auto,mid_10_20,10:00,21:00,11,08:00-23:00,1,11,11,0,43.66611547101578,9333.095624863627,11.717066447825758,False,9333.095624863627,848.463238623966,11.717066447825758,796.5385932069622,18.626178428582794,location_hour,5.154907349185244,10:00,4,history,Горки-2,kfm
21,2026-08-29,high,auto,day_08_18,14:00,21:00,7,08:00-23:00,1,7,7,0,24.765390134720022,5531.836793248801,6.991885113751817,False,5531.836793248801,790.262399035543,6.991885113751817,791.1795893740651,18.45036438816585,location_hour,4.274162849273026,15:00,4,history,Горки-2,kfm
21,2026-08-29,high,auto,first_layer_demand_span,16:00,23:00,7,08:00-23:00,1,7,7,0,20.161433461471635,7009.500317863523,8.374853677368147,False,7009.500317863523,1001.3571882662176,8.374853677368147,836.9698848358034,15.322236710285273,location_hour,3.7464884234368503,16:00,4,history,Горки-2,kfm
222,2026-08-29,low,auto,single_layer_demand_span,06:00,12:00,6,06:00-23:59,1,6,6,0,1.470762477464595,761.8517391247367,1.470762477464595,False,761.8517391247367,126.97528985412278,1.470762477464595,517.9978078024338,18.70111128464425,global_hour,0.37321782266370723,11:00,1,cycle_time,Ирис Химки,non_kfm
25,2026-08-29,medium,bike,single_layer_demand_span_earnings_split,08:00,14:00,6,08:00-24:00,1,6,6,0,14.078443915679948,4445.153286916399,14.078443915679948,False,4445.153286916399,740.8588811527333,14.078443915679948,315.7418045303703,6.340927755337241,location_hour,3.1610971034772226,11:00,1,history,Весна,kfm
25,2026-08-29,medium,bike,single_layer_demand_span_earnings_split,14:00,24:00,10,08:00-24:00,1,10,10,0,12.845534763581037,4201.087094327399,12.845534763581039,False,4201.087094327399,420.10870943273994,12.845534763581039,327.0464929368369,6.3567700205841415,location_hour,2.431589891868917,14:00,1,history,Весна,kfm
26,2026-08-29,medium,bike,single_layer_demand_span,12:00,23:00,11,08:00-23:00,1,11,11,0,20.650496734949446,6235.890694348301,20.650496734949446,False,6235.890694348301,566.8991540316637,20.650496734949446,301.97291495630293,7.465816052694674,location_hour,3.25190553832544,13:00,1,history,Тверская,kfm
27,2026-08-29,medium,bike,single_layer_demand_span,18:00,23:00,5,08:00-23:30,1,5,5,0,1.023612208124011,567.336828429853,1.023612208124011,False,567.336828429853,113.46736568597059,1.023612208124011,554.2497675654137,9.143096741649178,global_hour,0.2583162698147989,19:00,1,history,4 Ветра,kfm
28,2026-08-29,low,bike,single_layer_demand_span,12:00,18:00,6,10:00-23:00,1,6,6,0,1.1128765299034775,575.9334473740875,1.1128765299034775,False,575.9334473740875,95.98890789568124,1.1128765299034775,517.5178305036584,9.12940454912725,global_hour,0.232741955248692,12:00,1,cycle_time,Гранд,kfm
29,2026-08-29,mega,auto,demand_layer_gap,07:00,08:00,1,07:00-22:00,1,1,1,0,5.0444794431730235,1870.390377946662,2.5222397215865118,False,1870.390377946662,1870.390377946662,2.5222397215865118,741.5593220338983,18.53,location_hour,5.0444794431730235,07:00,2,history,Украинский,kfm
29,2026-08-29,mega,auto,first_layer_demand_span,07:00,15:00,8,07:00-22:00,1,8,8,0,52.58967200199851,6187.859408404809,9.452042298439574,False,6187.859408404809,773.4824260506011,9.452042298439574,654.6584550755084,18.503463192392477,location_hour,8.686803014021343,10:00,9,history,Украинский,kfm
29,2026-08-29,mega,auto,day_08_18,08:00,15:00,7,07:00-22:00,3,21,21,0,47.54519255882549,12952.40709137444,20.78940773055919,False,4317.469030458146,616.7812900654495,6.929802576853064,623.0291530785254,18.49380459252768,location_hour,8.686803014021343,10:00,9,history,Украинский,kfm
29,2026-08-29,mega,auto,morning_08_16,08:00,16:00,8,07:00-22:00,4,16,32,16,53.31498208961951,8954.997731122008,14.436964625641352,False,2238.749432780502,279.84367909756276,3.609241156410338,620.2825845550058,18.654569139802867,location_hour,8.686803014021343,10:00,9,history,Украинский,kfm
29,2026-08-29,mega,auto,day_08_18,08:00,18:00,10,07:00-22:00,1,9,10,1,61.9441363436389,5126.89161761101,8.268806382734564,False,5126.89161761101,512.689161761101,8.268806382734564,620.02801617366,18.932957418034103,location_hour,8.686803014021343,10:00,9,history,Украинский,kfm
29,2026-08-29,mega,auto,day_08_18,15:00,21:00,6,07:00-22:00,3,18,18,0,28.396110986777884,12255.030883039783,19.1372416723614,False,4085.010294346594,680.8350490577657,6.3790805574538005,640.3760318676896,20.854289508595784,location_hour,5.769789530794027,15:00,5,history,Украинский,kfm
29,2026-08-29,mega,auto,first_layer_demand_span,15:00,22:00,7,07:00-22:00,1,7,7,0,31.31881947712881,6039.112314506005,9.301789047804725,False,6039.112314506005,862.730330643715,9.301789047804725,649.242020375776,19.82547734166125,location_hour,5.769789530794027,15:00,5,history,Украинский,kfm
29,2026-08-29,mega,bike,single_layer_demand_span,08:00,18:00,10,07:00-22:00,1,6,10,4,8.930140757880503,3363.23847153516,5.338014455383103,False,3363.23847153516,336.323847153516,5.338014455383103,630.0542082915331,8.898587326672136,location_hour,1.2523279559641065,10:00,1,history,Украинский,kfm
30,2026-08-29,high,auto,day_08_18,08:00,15:00,7,08:00-24:00,1,7,7,0,32.30361616537647,3637.2057893500755,7.32754063327656,False,3637.2057893500755,519.6008270500108,7.32754063327656,496.3747007873874,21.915875714476144,location_hour,5.4446572419995025,13:00,5,history,Черёмушки,kfm
30,2026-08-29,high,auto,day_08_18,08:00,16:00,8,08:00-24:00,1,8,8,0,35.67855895455392,4300.375429888564,8.452521563002378,False,4300.375429888564,537.5469287360705,8.452521563002378,508.76834774510166,21.9696622811314,location_hour,5.4446572419995025,13:00,5,history,Черёмушки,kfm
30,2026-08-29,high,auto,first_layer_demand_span,08:00,16:00,8,08:00-24:00,1,8,8,0,35.67855895455392,4300.375429888564,8.452521563002378,False,4300.375429888564,537.5469287360705,8.452521563002378,508.76834774510166,21.9696622811314,location_hour,5.4446572419995025,13:00,5,history,Черёмушки,kfm
30,2026-08-29,high,auto,morning_08_16,08:00,16:00,8,08:00-24:00,2,10,16,6,35.67855895455392,5330.570522140013,10.320994265546785,False,2665.2852610700065,333.1606576337508,5.160497132773393,516.4783920028281,21.9696622811314,location_hour,5.4446572419995025,13:00,5,history,Черёмушки,kfm
30,2026-08-29,high,auto,day_08_18,15:00,21:00,6,08:00-24:00,1,6,6,0,17.22360507828408,3265.2888499304204,5.7412016927613605,False,3265.2888499304204,544.2148083217368,5.7412016927613605,568.7465838462655,25.309251671260018,location_hour,3.3749427891774544,15:00,3,history,Черёмушки,kfm
30,2026-08-29,high,auto,day_08_18,16:00,24:00,8,08:00-24:00,1,8,8,0,18.437611600069587,4073.6011055622885,6.910695418517023,False,4073.6011055622885,509.20013819528606,6.910695418517023,589.4632680015362,24.84401590534743,location_hour,2.9824315530862924,18:00,3,history,Черёмушки,kfm
30,2026-08-29,high,auto,first_layer_demand_span,16:00,24:00,8,08:00-24:00,1,8,8,0,18.437611600069587,4073.6011055622885,6.910695418517023,False,4073.6011055622885,509.20013819528606,6.910695418517023,589.4632680015362,24.84401590534743,location_hour,2.9824315530862924,18:00,3,history,Черёмушки,kfm
30,2026-08-29,high,bike,single_layer_demand_span,09:00,21:00,12,08:00-24:00,1,12,12,0,15.626416944249915,8301.7498909287,15.626416944249915,False,8301.7498909287,691.812490910725,15.626416944249915,531.2638156620743,9.122226221218462,location_hour,1.8269623006563287,13:00,1,history,Черёмушки,kfm
301,2026-08-29,low,auto,single_layer_demand_span,12:00,18:00,6,12:00-23:00,1,6,6,0,1.0349269270848431,535.5931380347658,1.0349269270848431,False,535.5931380347658,89.26552300579431,1.0349269270848431,517.5178305036584,20.571448350033847,global_hour,0.2164399284888668,12:00,1,cycle_time,Биродром и Панчетта Дежнева,non_kfm
33,2026-08-29,high,auto,first_layer_demand_span,08:00,15:00,7,08:00-23:00,1,7,7,0,17.654456341501525,5198.514619413576,9.911070465231843,False,5198.514619413576,742.6449456305108,9.911070465231843,524.5159579532835,18.856467691872076,location_hour,2.967741709853232,12:00,2,cycle_time,Даниловский,kfm
33,2026-08-29,high,auto,day_08_18,08:00,18:00,10,08:00-23:00,1,9,10,1,22.367958247399198,5280.791771841285,10.10013682921852,False,5280.791771841285,528.0791771841284,10.10013682921852,522.8435872833493,18.955748273654727,location_hour,2.967741709853232,12:00,2,cycle_time,Даниловский,kfm
33,2026-08-29,high,auto,first_layer_demand_span,15:00,23:00,8,08:00-23:00,1,8,8,0,10.70683735861405,4835.16150437313,8.350086405665214,False,4835.16150437313,604.3951880466412,8.350086405665214,579.055265954213,19.400297055754127,location_hour,1.8122200266618762,18:00,2,history,Даниловский,kfm
33,2026-08-29,high,bike,single_layer_demand_span_earnings_split,08:00,13:00,5,08:00-23:00,1,5,5,0,9.981957503174364,5101.171967327217,9.981957503174364,False,5101.171967327217,1020.2343934654434,9.981957503174364,511.03923911767737,8.99267081495638,location_hour,2.224517460012784,12:00,1,history,Даниловский,kfm
33,2026-08-29,high,bike,single_layer_demand_span_earnings_split,13:00,21:00,8,08:00-23:00,1,8,8,0,10.035497126907536,5567.997490116686,10.035497126907538,False,5567.997490116686,695.9996862645858,10.035497126907538,554.8302609930075,8.748130177451214,location_hour,1.8252450953951047,13:00,1,history,Даниловский,kfm
335,2026-08-29,low,auto,single_layer_demand_span_earnings_split,00:00,12:00,12,00:00-24:00,1,12,12,0,11.264270760252739,7633.32702487836,11.26427076025274,False,7633.32702487836,636.11058540653,11.26427076025274,677.6583400155314,18.715437086834395,global_hour,2.4555032199494384,00:00,1,cycle_time,Кутузовский (Не использовать),kfm
335,2026-08-29,low,auto,single_layer_demand_span_earnings_split,12:00,24:00,12,00:00-24:00,1,6,12,6,2.649765609693483,995.5873176761488,1.777059338200797,False,995.5873176761488,82.96560980634574,1.777059338200797,560.2442733758918,20.829918172534626,global_hour,0.42263271280279313,19:00,1,cycle_time,Кутузовский (Не использовать),kfm
335,2026-08-29,low,bike,single_layer_demand_span,00:00,06:00,6,00:00-24:00,1,6,6,0,7.562826836425465,5921.534573062108,7.562826836425465,False,5921.534573062108,986.9224288436848,7.562826836425465,782.9789972899729,8.966526406988459,"global_hour,global_vehicle",2.7361446684628716,00:00,1,history,Кутузовский (Не использовать),kfm
34,2026-08-29,medium,auto,single_layer_demand_span,00:00,06:00,6,22:00-07:00,1,6,6,0,6.620031142624477,5228.6355679535445,6.620031142624477,False,5228.6355679535445,871.4392613255908,6.620031142624477,789.8203883495145,16.696019417475725,location_hour,2.699430174662408,00:00,1,cycle_time,Аркус,kfm
34,2026-08-29,medium,auto,single_layer_demand_span,22:00,24:00,2,22:00-07:00,1,2,2,0,2.855252884423986,1845.2447456759014,2.855252884423986,False,1845.2447456759014,922.6223728379507,2.855252884423986,646.2631578947369,19.44017543859649,location_hour,2.504607793354374,23:00,1,history,Аркус,kfm
348,2026-08-29,medium,auto,single_layer_demand_span,08:00,18:00,10,08:00-22:00,1,10,10,0,11.271148000543592,6078.062183798102,11.27114800054359,False,6078.062183798102,607.8062183798102,11.27114800054359,539.258484007571,13.271472011226978,location_hour,1.4696906597954922,08:00,1,history,Рига Холл,kfm
35,2026-08-29,high,auto,demand_layer_gap,08:00,10:00,2,08:00-23:00,1,2,2,0,7.146321394236775,1383.5882972901436,2.8160400170271638,False,1383.5882972901436,691.7941486450718,2.8160400170271638,491.32408947468355,18.743738654024465,location_hour,4.54272408054734,09:00,3,cycle_time,Ленинский,kfm
35,2026-08-29,high,auto,first_layer_demand_span,08:00,15:00,7,08:00-23:00,1,7,7,0,30.71656832318005,5347.5060973943355,10.672788993341587,False,5347.5060973943355,763.929442484905,10.672788993341587,501.0411150010062,18.631487900610292,location_hour,5.115012636421998,11:00,3,history,Ленинский,kfm
35,2026-08-29,high,auto,demand_layer_gap,09:00,10:00,1,08:00-23:00,1,1,1,0,4.54272408054734,735.683105778528,1.5142413601824467,False,735.683105778528,735.683105778528,1.5142413601824467,485.84269662921344,19.77,location_hour,4.54272408054734,09:00,3,cycle_time,Ленинский,kfm
35,2026-08-29,high,auto,mid_10_20,10:00,21:00,11,08:00-23:00,2,22,22,0,40.50334896442933,13531.724038712115,27.002232642952887,False,6765.862019356057,615.0783653960052,13.501116321476443,501.1335254251155,19.55896694605112,location_hour,5.115012636421998,11:00,3,history,Ленинский,kfm
35,2026-08-29,high,auto,first_layer_demand_span,15:00,23:00,8,08:00-23:00,1,8,8,0,20.637012272438,4874.623146453567,9.348277582113962,False,4874.623146453567,609.3278933066958,9.348277582113962,521.446127763704,20.233388739353526,location_hour,3.874340230673086,15:00,3,history,Ленинский,kfm
35,2026-08-29,high,bike,single_layer_demand_span,09:00,18:00,9,08:00-23:00,1,9,9,0,10.99887523577298,5504.627134465888,10.99887523577298,False,5504.627134465888,611.6252371628765,10.99887523577298,500.47182247894943,11.248679425108934,location_hour,1.5220550565353899,11:00,1,history,Ленинский,kfm
36,2026-08-29,low,auto,single_layer_demand_span,08:00,12:00,4,08:00-23:00,1,4,4,0,1.0651518864857161,1255.1749830347676,1.0651518864857161,False,1255.1749830347676,313.7937457586919,1.0651518864857161,1178.3999999999996,28.103784482758613,"location_hour,global_hour",0.5538789809725723,08:00,1,cycle_time,Friends Forever Botanica,non_kfm
37,2026-08-29,medium,bike,single_layer_demand_span,08:00,18:00,10,07:30-24:00,1,10,10,0,16.50694168348967,5678.760823810384,16.506941683489675,False,5678.760823810384,567.8760823810384,16.506941683489675,344.0225895685031,8.68628729635031,location_hour,2.449386380222888,13:00,1,cycle_time,БТ Усачева,kfm
38,2026-08-29,medium,bike,single_layer_demand_span,12:00,23:00,11,08:00-23:00,1,11,11,0,19.116449274507406,5866.7251678120065,19.11644927450741,False,5866.7251678120065,533.3386516192733,19.11644927450741,306.8940828690154,4.821052637637664,location_hour,2.3567278944847163,20:00,1,history,Нева,kfm
39,2026-08-29,high,auto,demand_layer_gap,08:00,10:00,2,08:00-23:00,2,4,4,0,8.359735016484946,3400.6440135504454,4.768585431887284,False,1700.3220067752227,850.1610033876113,2.384292715943642,713.1347570729288,16.02098965685736,location_hour,4.827427474616078,09:00,4,history,Гребной,kfm
39,2026-08-29,high,auto,first_layer_demand_span,08:00,15:00,7,08:00-23:00,1,7,7,0,37.55612532880592,5778.207167655436,8.543936419905085,False,5778.207167655436,825.4581668079194,8.543936419905085,676.293324724861,16.948863104382166,location_hour,6.407312829944976,10:00,5,history,Гребной,kfm
39,2026-08-29,high,auto,morning_08_16,08:00,16:00,8,08:00-23:00,1,4,8,4,42.0923348022768,3002.005176753391,4.5578154964752,False,3002.005176753391,375.25064709417387,4.5578154964752,658.6500000000001,16.82361531152935,location_hour,6.407312829944976,10:00,5,history,Гребной,kfm
39,2026-08-29,high,auto,demand_layer_gap,09:00,10:00,1,08:00-23:00,1,1,1,0,4.827427474616078,850.5927210273529,1.2068568686540195,False,850.5927210273529,850.5927210273529,1.2068568686540195,704.8,15.7,location_hour,4.827427474616078,09:00,4,history,Гребной,kfm
39,2026-08-29,high,auto,mid_10_20,10:00,21:00,11,08:00-23:00,3,33,33,0,52.44206962635478,23954.439074179078,35.91319059740968,False,7984.813024726359,725.8920931569418,11.971063532469893,667.0094936066985,17.328817197894143,location_hour,6.407312829944976,10:00,5,history,Гребной,kfm
39,2026-08-29,high,auto,first_layer_demand_span,15:00,23:00,8,08:00-23:00,1,8,8,0,26.48925732998987,6168.9492709736605,9.054997844464516,False,6168.9492709736605,771.1186588717076,9.054997844464516,681.2756200427867,16.9362655064815,location_hour,4.7278049915432145,18:00,4,history,Гребной,kfm
4,2026-08-29,high,auto,first_layer_demand_span,10:00,15:00,5,10:00-24:00,1,5,5,0,8.850712691129331,3842.4386318095058,8.850712691129331,False,3842.4386318095058,768.4877263619012,8.850712691129331,434.13889546551525,21.211215031786104,location_hour,2.1102722855197618,13:00,1,cycle_time,Аврора,kfm
4,2026-08-29,high,auto,demand_layer_gap,15:00,16:00,1,10:00-24:00,1,1,1,0,1.7554012003128965,451.7650374805261,0.8777006001564482,False,451.7650374805261,451.7650374805261,0.8777006001564482,514.7142857142857,24.23,location_hour,1.7554012003128965,15:00,2,cycle_time,Аврора,kfm
4,2026-08-29,high,auto,first_layer_demand_span,15:00,24:00,9,10:00-24:00,1,9,9,0,10.244470985869215,3054.453020009037,6.073493097939192,False,3054.453020009037,339.383668889893,6.073493097939192,502.91536859496046,22.410687827502265,location_hour,1.7554012003128965,15:00,2,cycle_time,Аврора,kfm
4,2026-08-29,high,auto,late_16_24,16:00,24:00,8,10:00-24:00,1,5,8,3,8.489069785556318,1672.3852236227417,3.2932772877735745,False,1672.3852236227417,209.0481529528427,3.2932772877735745,507.81792041366805,22.103360045194826,location_hour,1.7385200232360722,19:00,2,cycle_time,Аврора,kfm
4,2026-08-29,high,bike,mid_10_20,10:00,20:00,10,10:00-24:00,1,4,10,6,25.001557730715383,2525.748499110956,5.830950788129815,False,2525.748499110956,252.57484991109558,5.830950788129815,433.1623762376238,11.190208838031307,location_hour,3.2791881659977573,13:00,2,history,Аврора,kfm
4,2026-08-29,high,bike,first_layer_demand_span,10:00,21:00,11,10:00-24:00,1,11,11,0,26.71598132891577,10046.589331449844,20.885030540785955,False,10046.589331449844,913.3263028590768,20.885030540785955,481.04259708072067,11.083476472466584,location_hour,3.2791881659977573,13:00,2,history,Аврора,kfm
40,2026-08-29,medium,bike,single_layer_demand_span,12:00,18:00,6,09:00-19:00,1,6,6,0,1.6287370527385276,842.9004659941656,1.6287370527385276,False,842.9004659941656,140.4834109990276,1.6287370527385276,517.5178305036585,9.12940454912725,global_hour,0.3406266877361814,12:00,1,history,БТ Аркус,kfm
43,2026-08-29,low,auto,single_layer_demand_span,12:00,18:00,6,11:00-23:00,1,6,6,0,0.7857860355683296,406.6582843673924,0.7857860355683296,False,406.6582843673924,67.77638072789874,0.7857860355683296,517.5178305036583,20.571448350033844,global_hour,0.1643357312433872,12:00,1,cycle_time,Frankie Новослободская,non_kfm
434,2026-08-29,medium,auto,first_layer_demand_span,08:00,13:00,5,08:00-22:00,1,5,5,0,12.649867674917674,8446.022010886574,11.450816070622494,False,8446.022010886574,1689.204402177315,11.450816070622494,737.5912737394469,18.42748241447292,"global_hour,location_hour",3.980096792809428,10:00,2,history,Сколково,kfm
434,2026-08-29,medium,auto,day_evening_12_22,12:00,22:00,10,08:00-22:00,1,10,10,0,23.359338267909052,8610.324863339212,11.679669133954526,False,8610.324863339212,861.0324863339213,11.679669133954526,737.2062311515078,18.6071486794039,location_hour,2.960158648103725,13:00,2,history,Сколково,kfm
434,2026-08-29,medium,auto,first_layer_demand_span,13:00,22:00,9,08:00-22:00,1,9,9,0,20.961235059318692,7789.143131028868,10.480617529659346,False,7789.143131028868,865.4603478920965,10.480617529659346,743.195055919767,18.68233081214272,location_hour,2.960158648103725,13:00,2,history,Сколково,kfm
44,2026-08-29,low,auto,single_layer_demand_span,12:00,18:00,6,11:00-24:00,1,6,6,0,0.6789951559111947,351.39210000965477,0.6789951559111947,False,351.39210000965477,58.565350001609126,0.6789951559111947,517.5178305036584,20.571448350033844,global_hour,0.14200197051946842,12:00,1,cycle_time,Frankie Пятницкая,non_kfm
443,2026-08-29,low,auto,single_layer_demand_span,12:00,18:00,6,10:00-20:00,1,6,6,0,0.8379921333738094,433.67587084274624,0.8379921333738094,False,433.67587084274624,72.27931180712437,0.8379921333738094,517.5178305036585,20.57144835003385,global_hour,0.1752538780033029,12:00,1,cycle_time,Пинский доставка,non_kfm
46,2026-08-29,low,bike,single_layer_demand_span,12:00,18:00,6,10:00-22:00,1,6,6,0,1.3069017624512405,676.3449647851735,1.3069017624512405,False,676.3449647851735,112.72416079752891,1.3069017624512405,517.5178305036584,9.12940454912725,global_hour,0.2733195132951944,12:00,1,cycle_time,БТ Павелецкая Плаза,kfm
47,2026-08-29,medium,bike,single_layer_demand_span,08:00,12:00,4,08:00-21:00,1,4,4,0,3.275939486935602,1216.3355318833987,3.275939486935602,False,1216.3355318833987,304.0838829708497,3.275939486935602,371.2936507936507,9.255873015873014,location_hour,1.2219774276664546,09:00,1,cycle_time,БТ Царская Площадь,kfm
479,2026-08-29,medium,auto,single_layer_demand_span_earnings_split,06:00,14:00,8,00:00-24:00,1,6,8,2,4.854008738474858,2966.5140712121333,4.611845875896323,False,2966.5140712121333,370.81425890151667,4.611845875896323,643.2379032258063,23.084401605633445,"location_hour,global_hour",2.082769105243501,07:00,1,cycle_time,Покровка,kfm
479,2026-08-29,medium,auto,single_layer_demand_span_earnings_split,14:00,24:00,10,00:00-24:00,1,6,10,4,3.699615439694332,1476.3503230976778,2.7309639893801956,False,1476.3503230976778,147.63503230976778,2.7309639893801956,540.5967741935484,21.92059928718928,"location_hour,global_hour",1.4535776072507494,22:00,1,cycle_time,Покровка,kfm
5,2026-08-29,medium,auto,single_layer_demand_span,00:00,12:00,12,00:00-24:00,1,12,12,0,5.254911597456971,3553.0718722227143,5.254911597456971,False,3553.0718722227143,296.0893226852262,5.254911597456971,676.1430342505031,18.715301123548123,global_hour,1.1346485332300194,00:00,1,cycle_time,Покровка (не использовать),kfm
51,2026-08-29,medium,bike,single_layer_demand_span,12:00,18:00,6,08:00-22:00,1,6,6,0,1.580187178049459,572.0277584539042,1.580187178049459,False,572.0277584539042,95.33795974231737,1.580187178049459,362.00000000000006,10.331666666666665,location_hour,0.47405615341483764,13:00,1,cycle_time,БТ Новинский,kfm
516,2026-08-29,low,auto,single_layer_demand_span,12:00,18:00,6,09:00-22:00,1,6,6,0,1.409172023816812,729.2716485721262,1.409172023816812,False,729.2716485721262,121.54527476202104,1.409172023816812,517.5178305036584,20.571448350033855,global_hour,0.29470785239161007,12:00,1,cycle_time,La Raquette by Pinskiy&Co,non_kfm
53,2026-08-29,low,auto,single_layer_demand_span,12:00,18:00,6,11:00-05:00,1,6,6,0,1.121031628976049,580.153856553667,1.121031628976049,False,580.153856553667,96.69230942561116,1.121031628976049,517.5178305036584,20.57144835003385,global_hour,0.23444747571964822,12:00,1,cycle_time,IZUMI,non_kfm
54,2026-08-29,medium,auto,first_layer_demand_span,10:00,18:00,8,10:00-23:00,1,8,8,0,13.971206759795464,7326.900012291254,7.8522549064068645,False,7326.900012291254,915.8625015364067,7.8522549064068645,933.0950280680573,26.152496059501427,location_hour,2.6339858971540324,17:00,2,cycle_time,Maroon,non_kfm
54,2026-08-29,medium,auto,mid_10_20,10:00,20:00,10,10:00-23:00,1,6,10,4,17.508721893831726,5742.585660830255,6.118951853388599,False,5742.585660830255,574.2585660830255,6.118951853388599,938.4917218543046,26.517113035323707,location_hour,2.6339858971540324,17:00,2,cycle_time,Maroon,non_kfm
54,2026-08-29,medium,auto,first_layer_demand_span,18:00,23:00,5,10:00-23:00,1,5,5,0,7.464992566312741,7095.266525906204,7.464992566312741,False,7095.266525906204,1419.0533051812408,7.464992566312741,950.4720149253733,24.76817164179105,location_hour,1.8662481415781855,19:00,1,cycle_time,Maroon,non_kfm
6,2026-08-29,mega,auto,first_layer_demand_span,00:00,12:00,12,00:00-24:00,1,12,12,0,14.9339390976476,5321.406433566663,8.811406099501772,False,5321.406433566663,443.45053613055524,8.811406099501772,603.9225037951155,22.09662333829195,location_hour,2.9541542286132767,09:00,3,history,Неглинная,kfm
6,2026-08-29,mega,auto,early_06_14,06:00,14:00,8,00:00-24:00,1,2,8,6,17.57367580565376,879.8214658416885,1.8053164730414468,False,879.8214658416885,109.97768323021106,1.8053164730414468,487.35026737967917,24.524096504162017,location_hour,2.9541542286132767,09:00,3,history,Неглинная,kfm
6,2026-08-29,mega,auto,demand_layer_gap,08:00,10:00,2,00:00-24:00,1,2,2,0,5.547845248825136,1107.9273377249103,2.281563586310355,False,1107.9273377249103,553.9636688624552,2.281563586310355,485.60002639093744,24.22350459388638,location_hour,2.9541542286132767,09:00,3,history,Неглинная,kfm
6,2026-08-29,mega,auto,mid_10_20,10:00,21:00,11,00:00-24:00,1,11,11,0,23.38532165513641,6065.204948413694,11.28236162914969,False,6065.204948413694,551.3822680376086,11.28236162914969,537.5829234850369,28.974671494655023,location_hour,2.6289361907797066,13:00,3,cycle_time,Неглинная,kfm
6,2026-08-29,mega,auto,first_layer_demand_span,12:00,24:00,12,00:00-24:00,1,12,12,0,21.68003871393475,6857.995983990068,12.433330023579085,False,6857.995983990068,571.4996653325057,12.433330023579085,551.5815932645783,28.508286825132043,location_hour,2.6289361907797066,13:00,2,cycle_time,Неглинная,kfm
6,2026-08-29,mega,bike,single_layer_demand_span_earnings_split,06:00,13:00,7,00:00-24:00,1,7,7,0,10.606727059939338,5648.803524028337,10.606727059939338,False,5648.803524028337,806.9719320040482,10.606727059939338,532.5680101040182,8.153875323413462,location_hour,2.0966512902426855,09:00,1,history,Неглинная,kfm
6,2026-08-29,mega,bike,single_layer_demand_span_earnings_split,13:00,21:00,8,00:00-24:00,1,8,8,0,11.667156352319914,6388.3810636127955,11.667156352319914,False,6388.3810636127955,798.5476329515994,11.667156352319914,547.5525372849332,8.270018914951988,location_hour,1.8658343572506575,13:00,1,history,Неглинная,kfm
69,2026-08-29,mega,auto,demand_layer_gap,08:00,10:00,2,08:00-23:00,2,4,4,0,10.597582252896757,2721.280554454025,6.05643645128754,False,1360.6402772270126,680.3201386135063,3.02821822564377,449.3204174338372,15.68573743187983,location_hour,6.0517103038617845,09:00,4,history,Опен Мичуринский,kfm
69,2026-08-29,mega,auto,first_layer_demand_span,08:00,16:00,8,08:00-23:00,1,8,8,0,47.431434329372564,4845.684145893283,10.947867479282381,False,4845.684145893283,605.7105182366604,10.947867479282381,442.61443199446836,16.073009582689284,location_hour,7.2158692785912315,11:00,5,cycle_time,Опен Мичуринский,kfm
69,2026-08-29,mega,auto,morning_08_16,08:00,16:00,8,08:00-23:00,1,4,8,4,47.431434329372564,2274.821387677119,5.155255061921364,False,2274.821387677119,284.3526734596399,5.155255061921364,441.26262626262627,16.073009582689284,location_hour,7.2158692785912315,11:00,5,cycle_time,Опен Мичуринский,kfm
69,2026-08-29,mega,auto,day_08_18,08:00,18:00,10,08:00-23:00,1,9,10,1,56.6371582511602,5170.118528313775,11.734007810050967,False,5170.118528313775,517.0118528313775,11.734007810050967,440.6097739158841,16.334232036733187,location_hour,7.2158692785912315,11:00,5,cycle_time,Опен Мичуринский,kfm
69,2026-08-29,mega,auto,mid_10_20,10:00,21:00,11,08:00-23:00,2,22,22,0,58.78443090343568,12717.97345325899,28.938730404952533,False,6358.986726629495,578.0897024208632,14.469365202476267,439.47931631038153,16.77052247308305,location_hour,7.2158692785912315,11:00,5,cycle_time,Опен Мичуринский,kfm
69,2026-08-29,mega,auto,first_layer_demand_span,16:00,23:00,7,08:00-23:00,1,7,7,0,26.50484711492252,5055.472581311926,11.103984236800297,False,5055.472581311926,722.2103687588466,11.103984236800297,455.28456034342327,17.40240979911314,location_hour,4.693114156205463,17:00,4,history,Опен Мичуринский,kfm
69,2026-08-29,mega,bike,first_layer_demand_span,08:00,16:00,8,08:00-23:00,1,8,8,0,39.622624591735686,8760.352000752893,19.811312295867843,False,8760.352000752893,1095.0440000941117,19.811312295867843,442.18938503029347,9.813912181663829,location_hour,6.027894445342638,11:00,2,history,Опен Мичуринский,kfm
69,2026-08-29,mega,bike,day_08_18,08:00,18:00,10,08:00-23:00,1,10,10,0,47.312776665046975,10444.97782415384,23.656388332523488,False,10444.97782415384,1044.497782415384,23.656388332523488,441.5288452884324,9.973233397269995,location_hour,6.027894445342638,11:00,2,history,Опен Мичуринский,kfm
69,2026-08-29,mega,bike,first_layer_demand_span,16:00,23:00,7,08:00-23:00,1,7,7,0,22.1412576268135,8182.449172637524,18.296181590157857,False,8182.449172637524,1168.921310376789,18.296181590157857,447.22168570075536,10.493055369802796,location_hour,3.9204696844332045,17:00,2,history,Опен Мичуринский,kfm
7,2026-08-29,mega,auto,first_layer_demand_span,00:00,12:00,12,00:00-24:00,1,12,12,0,23.033320406160886,7530.101923082949,10.968585040836684,False,7530.101923082949,627.5084935902457,10.968585040836684,686.5153431411562,22.074588200709027,location_hour,3.840608837907906,08:00,4,cycle_time,Белая Площадь,kfm
7,2026-08-29,mega,auto,demand_layer_gap,06:00,12:00,6,00:00-24:00,1,6,6,0,18.280701800524202,4135.804212540096,6.215966435199998,False,4135.804212540096,689.300702090016,6.215966435199998,665.3517607688027,24.05723366448923,location_hour,3.840608837907906,08:00,4,cycle_time,Белая Площадь,kfm
7,2026-08-29,mega,auto,morning_08_16,08:00,13:00,5,00:00-24:00,2,8,10,2,17.433794826880447,4235.30877244942,7.578639296988496,False,2117.65438622471,423.53087724494196,3.789319648494248,558.8481792677999,25.270403663290786,location_hour,3.840608837907906,08:00,4,cycle_time,Белая Площадь,kfm
7,2026-08-29,mega,auto,day_evening_12_22,12:00,24:00,12,00:00-24:00,1,12,12,0,26.995036988172004,4914.173630837305,8.889791253065527,False,4914.173630837305,409.51446923644204,8.889791253065527,552.78841661695,27.504847136073554,location_hour,3.459740733728579,12:00,4,history,Белая Площадь,kfm
7,2026-08-29,mega,auto,first_layer_demand_span,12:00,24:00,12,00:00-24:00,1,12,12,0,26.995036988172004,4914.173630837305,8.889791253065527,False,4914.173630837305,409.51446923644204,8.889791253065527,552.78841661695,27.504847136073554,location_hour,3.459740733728579,12:00,4,history,Белая Площадь,kfm
7,2026-08-29,mega,auto,morning_08_16,13:00,21:00,8,00:00-24:00,1,5,8,3,18.36920183067201,1486.1209923018137,2.881776320293094,False,1486.1209923018137,185.7651240377267,2.881776320293094,515.6961634519455,27.79450651269337,location_hour,2.71168868319267,13:00,4,history,Белая Площадь,kfm
7,2026-08-29,mega,auto,morning_08_16,13:00,24:00,11,00:00-24:00,1,8,11,3,23.535296254443423,2568.752934570267,4.603807794883564,False,2568.752934570267,233.52299405184246,4.603807794883564,557.9626798114915,27.67782079939856,location_hour,2.71168868319267,13:00,4,history,Белая Площадь,kfm
7,2026-08-29,mega,bike,single_layer_demand_span,06:00,18:00,12,00:00-24:00,1,12,12,0,17.792191371683625,10459.343603636311,17.79219137168363,False,10459.343603636311,871.6119669696926,17.79219137168363,587.8614604091104,10.051153181627035,location_hour,2.0224157740265043,08:00,1,history,Белая Площадь,kfm
70,2026-08-29,low,auto,single_layer_demand_span,12:00,18:00,6,12:00-22:30,1,6,6,0,0.7383442342661717,382.1063062823141,0.7383442342661717,False,382.1063062823141,63.68438438038569,0.7383442342661717,517.5178305036584,20.571448350033847,global_hour,0.15441396786812597,12:00,1,cycle_time,КО Сыроварня,non_kfm
71,2026-08-29,low,auto,single_layer_demand_span,12:00,18:00,6,12:00-23:59,1,6,6,0,0.7982074865365001,413.0866067241476,0.7982074865365001,False,413.0866067241476,68.84776778735794,0.7982074865365001,517.5178305036584,20.571448350033847,global_hour,0.16693349721982356,12:00,1,cycle_time,КО Medusa,non_kfm
72,2026-08-29,low,auto,single_layer_demand_span,12:00,18:00,6,12:00-04:59,1,6,6,0,0.7323707649581189,379.0149294054304,0.7323707649581189,False,379.0149294054304,63.16915490090506,0.7323707649581189,517.5178305036584,20.571448350033844,global_hour,0.15316470356160417,12:00,1,cycle_time,КО Магадан,non_kfm
8,2026-08-29,mega,auto,first_layer_demand_span,08:00,15:00,7,07:30-24:00,1,7,7,0,10.79714105279584,2116.88684816388,6.19181339997887,False,2116.88684816388,302.41240688055433,6.19181339997887,341.88479390724274,26.010206951421676,location_hour,1.883116990656748,09:00,2,history,Усачева,kfm
8,2026-08-29,mega,auto,morning_08_16,08:00,16:00,8,07:30-24:00,1,6,8,2,12.268191023070482,1551.4439509502222,4.60532765281697,False,1551.4439509502222,193.93049386877777,4.60532765281697,336.8802543291878,26.15414571015055,location_hour,1.883116990656748,09:00,2,history,Усачева,kfm
8,2026-08-29,mega,auto,first_layer_demand_span,15:00,21:00,6,07:30-24:00,1,6,6,0,6.177721092160231,2169.6199989823726,6.177721092160231,False,2169.6199989823726,361.6033331637288,6.177721092160231,351.2007043723138,27.577143043165986,location_hour,1.47104997027464,15:00,1,history,Усачева,kfm
8,2026-08-29,mega,bike,first_layer_demand_span,08:00,16:00,8,07:30-24:00,1,8,8,0,40.396105135552446,6550.958670264294,19.3274019978336,False,6550.958670264294,818.8698337830367,19.3274019978336,338.94667638198797,8.49487786257433,location_hour,6.200636409562213,09:00,3,history,Усачева,kfm
8,2026-08-29,mega,bike,morning_08_16,08:00,16:00,8,07:30-24:00,1,1,8,7,40.396105135552446,620.6209940552828,1.741301139885244,False,620.6209940552828,77.57762425691035,1.741301139885244,356.41221374045807,8.49487786257433,location_hour,6.200636409562213,09:00,3,history,Усачева,kfm
8,2026-08-29,mega,bike,day_08_18,08:00,18:00,10,07:30-24:00,1,10,10,0,46.09469582399282,7543.81598506742,22.17669734205379,False,7543.81598506742,754.381598506742,22.17669734205379,340.1685953824171,8.57766317285959,location_hour,6.200636409562213,09:00,3,history,Усачева,kfm
8,2026-08-29,mega,bike,first_layer_demand_span,16:00,24:00,8,07:30-24:00,1,8,8,0,20.144028587730837,6357.337449053494,17.294733243510645,False,6357.337449053494,794.6671811316868,17.294733243510645,367.58806045412143,9.320242655542591,location_hour,3.497396118657257,19:00,2,history,Усачева,kfm
9,2026-08-29,medium,auto,demand_layer_gap,08:00,10:00,2,08:00-24:00,1,2,2,0,6.0550073755900815,2649.3548704312925,3.0275036877950408,False,2649.3548704312925,1324.6774352156463,3.0275036877950408,875.0955056179774,18.889438202247188,location_hour,3.333655746111393,08:00,2,history,КИНКИ,kfm
9,2026-08-29,medium,auto,first_layer_demand_span,08:00,16:00,8,08:00-24:00,1,8,8,0,21.37965425391893,8834.137177930985,10.689827126959466,False,8834.137177930985,1104.267147241373,10.689827126959466,826.4059907621444,19.513794139548278,location_hour,3.5815979626198238,14:00,2,history,КИНКИ,kfm
9,2026-08-29,medium,auto,mid_10_20,10:00,17:00,7,08:00-24:00,1,7,7,0,17.97502937066752,7329.514740322427,8.98751468533376,False,7329.514740322427,1047.0735343317754,8.98751468533376,815.5218652697242,19.67636975633918,location_hour,3.5815979626198238,14:00,2,history,КИНКИ,kfm
9,2026-08-29,medium,auto,first_layer_demand_span,16:00,24:00,8,08:00-24:00,1,8,8,0,21.12500725299885,8809.538044682116,10.562503626499423,False,8809.538044682116,1101.1922555852645,10.562503626499423,834.0388184654033,19.455482081378424,location_hour,3.9306360637379534,19:00,2,cycle_time,КИНКИ,kfm
9,2026-08-29,medium,auto,mid_10_20,17:00,24:00,7,08:00-24:00,1,7,7,0,18.474624760660173,7664.805611859382,9.237312380330087,False,7664.805611859382,1094.972230265626,9.237312380330087,829.7657691192519,19.49356832505756,location_hour,3.9306360637379534,19:00,2,cycle_time,КИНКИ,kfm
94,2026-08-29,medium,auto,single_layer_demand_span,12:00,18:00,6,12:00-23:59,1,6,6,0,0.5810051961868935,300.68054864199354,0.5810051961868935,False,300.68054864199354,50.11342477366559,0.5810051961868935,517.5178305036584,20.571448350033847,global_hour,0.1215087943151392,12:00,1,history,КО Высота 5642,non_kfm
99,2026-08-29,mega,bike,demand_layer_gap,07:00,08:00,1,07:00-23:00,1,1,1,0,3.8452088770093567,1276.593053909153,1.9226044385046783,False,1276.593053909153,1276.593053909153,1.9226044385046783,663.9915254237288,9.73,location_hour,3.8452088770093567,07:00,2,history,Опен Аркус,kfm
99,2026-08-29,mega,bike,first_layer_demand_span,07:00,15:00,8,07:00-23:00,1,8,8,0,69.08561849870398,6169.583602644624,14.733263167837485,False,6169.583602644624,771.197950330578,14.733263167837485,418.75201252854436,10.64363849284262,location_hour,11.262875121665687,12:00,6,history,Опен Аркус,kfm
99,2026-08-29,mega,bike,day_08_18,08:00,14:00,6,07:00-23:00,2,12,12,0,56.25692589369937,8476.913211901341,22.027923967467515,False,4238.456605950671,706.4094343251118,11.013961983733758,384.82578859545185,10.681370612418814,location_hour,11.262875121665687,12:00,6,history,Опен Аркус,kfm
99,2026-08-29,mega,bike,morning_08_16,08:00,16:00,8,07:00-23:00,2,8,16,8,72.6392909654897,5356.369903584643,13.997774704363392,False,2678.1849517923215,334.7731189740402,6.998887352181696,382.6586737329722,10.762996608995882,location_hour,11.262875121665687,12:00,6,history,Опен Аркус,kfm
99,2026-08-29,mega,bike,day_08_18,08:00,18:00,10,07:00-23:00,1,10,10,0,81.75884238923713,6460.348924564061,16.940266921218438,False,6460.348924564061,646.0348924564062,16.940266921218438,381.36051542801766,10.778057769979979,location_hour,11.262875121665687,12:00,6,history,Опен Аркус,kfm
99,2026-08-29,mega,bike,day_08_18,14:00,21:00,7,07:00-23:00,2,14,14,0,41.6083195883403,8346.810100884946,22.590211936837715,False,4173.405050442473,596.2007214917819,11.295105968418858,369.48790583384726,11.134901852197247,location_hour,8.983483727995251,14:00,5,history,Опен Аркус,kfm
99,2026-08-29,mega,bike,first_layer_demand_span,15:00,23:00,8,07:00-23:00,1,8,8,0,39.044818556785685,5843.279342759807,15.918391919260438,False,5843.279342759807,730.4099178449759,15.918391919260438,367.0772382284255,10.77382457279676,location_hour,7.398881343795084,15:00,4,history,Опен Аркус,kfm
1,2026-08-30,medium,bike,single_layer_demand_span,12:00,23:00,11,09:00-23:00,1,11,11,0,14.724065417605479,5119.473943978957,14.724065417605479,False,5119.473943978957,465.4067221799052,14.724065417605479,347.6943221032985,8.5588998668615,location_hour,2.165344129995221,13:00,1,history,Wall Street,kfm
10,2026-08-30,medium,bike,single_layer_demand_span,12:00,23:00,11,08:00-23:30,1,11,11,0,23.56907906112947,8169.562338425915,23.569079061129468,False,8169.562338425915,742.6874853114468,23.569079061129468,346.6220431115316,7.353565398192966,location_hour,3.907635847973088,13:00,1,history,Якиманка,kfm
101,2026-08-30,medium,auto,first_layer_demand_span,08:00,16:00,8,08:00-22:00,1,8,8,0,22.451442478526975,7764.002985033108,11.225721239263487,False,7764.002985033108,970.5003731291386,11.225721239263487,691.6262055285545,19.864491262941243,location_hour,3.881100123570208,11:00,2,cycle_time,Алия,kfm
101,2026-08-30,medium,auto,day_08_18,08:00,18:00,10,08:00-22:00,1,10,10,0,26.37014328650531,9267.901007790766,13.185071643252655,False,9267.901007790766,926.7901007790766,13.185071643252655,702.9086574992964,19.85691691221952,location_hour,3.881100123570208,11:00,2,cycle_time,Алия,kfm
101,2026-08-30,medium,auto,first_layer_demand_span,16:00,22:00,6,08:00-22:00,1,6,6,0,12.22988264081936,7468.6905695741125,10.270532236830192,False,7468.6905695741125,1244.7817615956853,10.270532236830192,727.1960593036592,21.910190507933113,location_hour,2.6049972908904704,18:00,2,history,Алия,kfm
11,2026-08-30,medium,auto,custom_open_window,00:00,06:00,6,22:00-07:00,2,12,12,0,15.387827144256958,7899.509209635356,10.258551429504639,False,3949.754604817678,658.2924341362797,5.129275714752319,770.0413907284768,17.56390728476821,location_hour,5.655790771564643,00:00,3,history,Кутузовский,kfm
11,2026-08-30,medium,auto,first_layer_demand_span,00:00,07:00,7,22:00-07:00,1,7,7,0,22.288496087046003,10453.758309627474,12.029944657541364,False,10453.758309627474,1493.3940442324963,12.029944657541364,868.9780881971218,19.477571232992045,location_hour,6.9006689427890455,06:00,3,cycle_time,Кутузовский,kfm
11,2026-08-30,medium,auto,first_layer_demand_span,22:00,24:00,2,22:00-07:00,1,2,2,0,4.044009782079627,2675.001371675836,4.044009782079627,False,2675.001371675836,1337.500685837918,4.044009782079627,661.4725274725275,15.274615384615384,location_hour,2.755259411966339,23:00,1,history,Кутузовский,kfm
114,2026-08-30,low,auto,single_layer_demand_span,10:00,12:00,2,10:00-23:59,1,2,2,0,0.8239363502689816,403.99241101260003,0.8239363502689816,False,403.99241101260003,201.99620550630002,0.8239363502689816,490.3199268738574,18.5344459374214,global_hour,0.4271816251120351,11:00,1,cycle_time,Bluefin Скаковая,non_kfm
115,2026-08-30,high,auto,demand_layer_gap,08:00,10:00,2,07:00-23:00,1,2,2,0,6.150136083410416,1309.6887982439116,2.4602975073485127,False,1309.6887982439116,654.8443991219558,2.4602975073485127,532.3294415947998,19.253752667495213,location_hour,3.6886232061401727,09:00,3,history,Опен Символ,kfm
115,2026-08-30,high,auto,first_layer_demand_span,08:00,15:00,7,07:00-23:00,1,7,7,0,20.569957763086627,3932.736338674152,7.266904733907248,False,3932.736338674152,561.8194769534504,7.266904733907248,541.1845183994328,19.85067914756488,location_hour,3.6886232061401727,09:00,3,history,Опен Символ,kfm
115,2026-08-30,high,auto,day_08_18,08:00,18:00,10,07:00-23:00,1,9,10,1,26.760244711691254,4400.531541166416,8.099577278140336,False,4400.531541166416,440.0531541166416,8.099577278140336,543.3038527878308,19.777470489985976,location_hour,3.6886232061401727,09:00,3,history,Опен Символ,kfm
115,2026-08-30,high,auto,mid_10_20,10:00,21:00,11,07:00-23:00,1,11,11,0,26.850660388712082,5609.783515279749,9.990312089642568,False,5609.783515279749,509.98031957088625,9.990312089642568,561.5223493463911,20.155398123161643,location_hour,3.346253767169159,14:00,3,history,Опен Символ,kfm
115,2026-08-30,high,auto,first_layer_demand_span,15:00,23:00,8,07:00-23:00,1,8,8,0,14.491809766317683,4138.4466760958085,7.244675920365641,False,4138.4466760958085,517.3058345119761,7.244675920365641,571.239724397077,18.860825904460814,location_hour,2.6217685899972554,15:00,3,history,Опен Символ,kfm
115,2026-08-30,high,bike,single_layer_demand_span,09:00,21:00,12,07:00-23:00,1,9,12,3,10.478853420085485,4583.278110710105,8.354798696888563,False,4583.278110710105,381.93984255917536,8.354798696888563,548.5803161741021,10.00996181450951,location_hour,1.2656662943325874,09:00,1,history,Опен Символ,kfm
119,2026-08-30,medium,auto,single_layer_demand_span,12:00,18:00,6,11:00-23:00,1,6,6,0,1.808198665863983,935.7750506775379,1.808198665863983,False,935.7750506775379,155.96250844625632,1.808198665863983,517.5178305036584,20.571448350033847,global_hour,0.37815847640147515,12:00,1,history,Bluefin Успенское,non_kfm
12,2026-08-30,high,auto,demand_layer_gap,09:00,10:00,1,09:00-22:00,1,1,1,0,2.0644865153723932,448.66453195330536,1.0322432576861966,False,448.66453195330536,448.66453195330536,1.0322432576861966,434.65,15.91,location_hour,2.0644865153723932,09:00,2,history,Хорошо,kfm
12,2026-08-30,high,auto,first_layer_demand_span,09:00,16:00,7,09:00-22:00,1,7,7,0,16.3952801058293,3542.9084390724083,8.19764005291465,False,3542.9084390724083,506.12977701034407,8.19764005291465,432.1863873265253,17.319507753122235,location_hour,2.8890686714468057,12:00,2,history,Хорошо,kfm
12,2026-08-30,high,auto,mid_10_20,10:00,20:00,10,09:00-22:00,1,8,10,2,20.56615095812352,3787.7595597561804,8.715852756506228,False,3787.7595597561804,378.77595597561805,8.715852756506228,434.582784447418,18.575016026818147,location_hour,2.8890686714468057,12:00,2,history,Хорошо,kfm
12,2026-08-30,high,auto,first_layer_demand_span,16:00,22:00,6,09:00-22:00,1,6,6,0,9.016022737617575,3524.8666493704895,7.465566776339801,False,3524.8666493704895,587.4777748950816,7.465566776339801,472.1499056899002,19.70966570746733,location_hour,1.7153980848179624,17:00,2,history,Хорошо,kfm
12,2026-08-30,high,bike,single_layer_demand_span,09:00,21:00,12,09:00-22:00,1,12,12,0,20.742749675285168,9186.649779842468,20.74274967528517,False,9186.649779842468,765.5541483202056,20.74274967528517,442.884859705379,13.942497617389394,location_hour,2.4781089756990617,12:00,1,history,Хорошо,kfm
123,2026-08-30,medium,bike,single_layer_demand_span,08:00,18:00,10,08:00-23:00,1,10,10,0,15.502738640487003,4759.558606085498,15.502738640487005,False,4759.558606085498,475.95586060854976,15.502738640487005,307.0140519337285,6.545206098699593,location_hour,2.2516148643311116,13:00,1,history,Опен Нева,kfm
124,2026-08-30,low,auto,single_layer_demand_span,12:00,18:00,6,09:00-22:30,1,6,6,0,0.5107679088837633,264.33150009641554,0.5107679088837633,False,264.33150009641554,44.05525001606926,0.5107679088837633,517.5178305036585,20.57144835003385,global_hour,0.10681968627930663,12:00,1,cycle_time,ЦБ AVA Bistro,non_kfm
125,2026-08-30,medium,auto,single_layer_demand_span,12:00,23:00,11,10:00-23:00,1,11,11,0,6.289798034180435,6032.319563412625,6.289798034180435,False,6032.319563412625,548.3926875829659,6.289798034180435,959.0641115392572,29.73631163935549,location_hour,0.8978706229366776,19:00,1,cycle_time,Meraki,non_kfm
126,2026-08-30,high,bike,first_layer_demand_span,07:00,13:00,6,07:00-23:00,1,6,6,0,20.548752373676493,3815.030398889358,9.590850361143657,False,3815.030398889358,635.838399814893,9.590850361143657,397.77811718818606,9.544962573747862,"global_hour,location_hour",4.8325736751318455,12:00,3,history,Опен Покровка,kfm
126,2026-08-30,high,bike,demand_layer_gap,08:00,10:00,2,07:00-23:00,1,2,2,0,7.23403641665742,1241.664884266785,3.61701820832871,False,1241.664884266785,620.8324421333925,3.61701820832871,343.2841121473127,8.911789211415146,location_hour,4.010919478060133,09:00,2,history,Опен Покровка,kfm
126,2026-08-30,high,bike,mid_10_20,10:00,20:00,10,07:00-23:00,1,7,10,3,36.10564291747959,3069.2008824214704,8.975845369459092,False,3069.2008824214704,306.920088242147,8.975845369459092,341.9400352934588,9.514181553226132,location_hour,5.1346095298275864,13:00,3,history,Опен Покровка,kfm
126,2026-08-30,high,bike,mid_10_20,10:00,21:00,11,07:00-23:00,1,11,11,0,38.39382405491362,5045.137657614127,14.708989342727264,False,5045.137657614127,458.6488779649207,14.708989342727264,342.99689394422285,9.368404478462688,location_hour,5.1346095298275864,13:00,3,history,Опен Покровка,kfm
126,2026-08-30,high,bike,first_layer_demand_span,13:00,21:00,8,07:00-23:00,1,8,8,0,26.349836244181503,3415.7308848611247,10.005885336199272,False,3415.7308848611247,426.9663606076406,10.005885336199272,341.37217948157974,9.145847503275785,location_hour,5.1346095298275864,13:00,3,history,Опен Покровка,kfm
127,2026-08-30,medium,bike,single_layer_demand_span,07:00,12:00,5,07:00-23:00,1,5,5,0,2.4887542142375585,863.1740946018392,2.4887542142375585,False,863.1740946018392,172.63481892036785,2.4887542142375585,346.82978723404256,8.162021276595746,"global_hour,location_hour",0.8472354771872541,09:00,1,cycle_time,БТ Покровка,kfm
128,2026-08-30,medium,bike,first_layer_demand_span,08:00,13:00,5,08:00-24:00,1,5,5,0,21.98899978740793,6230.536265834151,19.23435857927714,False,6230.536265834151,1246.10725316683,19.23435857927714,323.92742602536555,6.9214368996935205,location_hour,5.509282416261583,12:00,2,history,Кофемания Лаки,kfm
128,2026-08-30,medium,bike,demand_layer_gap,12:00,14:00,2,08:00-24:00,1,2,2,0,10.7709566340395,1795.5618023291192,5.38547831701975,False,1795.5618023291192,897.7809011645596,5.38547831701975,333.4080459770115,7.83396551724138,location_hour,5.509282416261583,12:00,2,history,Кофемания Лаки,kfm
128,2026-08-30,medium,bike,first_layer_demand_span,13:00,24:00,11,08:00-24:00,1,11,11,0,36.703129125200185,5973.327231456571,18.351564562600093,False,5973.327231456571,543.0297483142338,18.351564562600093,325.4941675997491,7.409042135409982,location_hour,5.261674217777917,13:00,2,history,Кофемания Лаки,kfm
128,2026-08-30,medium,bike,evening_14_24,14:00,24:00,10,08:00-24:00,1,10,10,0,31.44145490742227,5084.878064272365,15.720727453711135,False,5084.878064272365,508.4878064272365,15.720727453711135,323.45055782211887,7.330228134560802,location_hour,4.395045523085083,15:00,2,history,Кофемания Лаки,kfm
137,2026-08-30,medium,bike,single_layer_demand_span,12:00,18:00,6,08:00-23:00,1,6,6,0,1.9675493473986918,790.8819654562222,1.9675493473986918,False,790.8819654562222,131.81366090937038,1.9675493473986918,401.96296296296293,11.053703703703706,location_hour,0.619413683440329,13:00,1,cycle_time,БТ Мясницкая,kfm
138,2026-08-30,medium,bike,single_layer_demand_span,08:00,12:00,4,08:00-23:00,1,4,4,0,1.7140803343575852,648.8183629255815,1.7140803343575852,False,648.8183629255815,162.20459073139537,1.7140803343575852,378.5227272727273,9.382727272727273,location_hour,0.6233019397663947,10:00,1,cycle_time,БТ Таганка,kfm
14,2026-08-30,medium,auto,demand_layer_gap,09:00,12:00,3,09:00-23:00,1,3,3,0,8.49289924545807,3238.7497441283244,4.246449622729035,False,3238.7497441283244,1079.5832480427748,4.246449622729035,762.6959064327486,16.446725146198833,location_hour,3.3772932671997005,11:00,2,history,Метрополис,kfm
14,2026-08-30,medium,auto,first_layer_demand_span,09:00,15:00,6,09:00-23:00,1,6,6,0,19.517625876866877,5947.349320953953,7.921358499865303,False,5947.349320953953,991.2248868256588,7.921358499865303,750.7991616659041,18.226001466886892,location_hour,4.5536914347123325,12:00,3,cycle_time,Метрополис,kfm
14,2026-08-30,medium,auto,mid_10_20,10:00,20:00,10,09:00-23:00,1,6,10,4,30.615027034481834,4610.868223481168,6.055610714933243,False,4610.868223481168,461.08682234811675,6.055610714933243,761.4208443271766,22.34260682286822,location_hour,4.5536914347123325,12:00,3,cycle_time,Метрополис,kfm
14,2026-08-30,medium,auto,day_evening_12_22,12:00,23:00,11,09:00-23:00,1,11,11,0,29.75528324412634,9117.543445006848,11.84983626459655,False,9117.543445006848,828.8675859097134,11.84983626459655,769.4235803280335,24.018284017851848,location_hour,4.5536914347123325,12:00,3,cycle_time,Метрополис,kfm
14,2026-08-30,medium,auto,first_layer_demand_span,15:00,23:00,8,09:00-23:00,1,8,8,0,18.730556612717535,6408.943868181221,8.174927387460281,False,6408.943868181221,801.1179835226526,8.174927387460281,783.9756323722281,25.697871206083963,location_hour,3.880295843213436,19:00,3,cycle_time,Метрополис,kfm
142,2026-08-30,medium,bike,single_layer_demand_span_earnings_split,08:00,11:00,3,08:00-23:59,1,3,3,0,4.776476399207175,1593.81464488745,4.776476399207175,False,1593.81464488745,531.2715482958166,4.776476399207175,333.68,9.06528,location_hour,1.7959551261018976,10:00,1,cycle_time,RED7,kfm
142,2026-08-30,medium,bike,single_layer_demand_span_earnings_split,11:00,23:00,12,08:00-23:59,1,6,12,6,11.468295261866995,2055.0482421239444,5.852276322559591,False,2055.0482421239444,171.25402017699537,5.852276322559591,351.153658654507,9.686382146712502,"location_hour,global_hour",1.4138370141653234,11:00,1,cycle_time,RED7,kfm
145,2026-08-30,low,auto,single_layer_demand_span,14:00,18:00,4,14:00-23:00,1,4,4,0,0.610081095744091,321.8097222913791,0.610081095744091,False,321.8097222913791,80.45243057284478,0.610081095744091,527.4867956675185,20.841358406953415,global_hour,0.1891793394129176,14:00,1,cycle_time,BSB Европейский,non_kfm
15,2026-08-30,medium,auto,single_layer_demand_span,00:00,12:00,12,00:00-24:00,1,12,12,0,8.379360659952834,5405.153042717278,8.379360659952834,False,5405.153042717278,450.42942022643985,8.379360659952834,645.0555432647654,18.712511747612343,global_hour,1.4536232089664616,00:00,1,cycle_time,Комсомолка,kfm
16,2026-08-30,medium,bike,single_layer_demand_span,12:00,23:00,11,08:00-23:00,1,11,11,0,17.03072298598884,5782.677390589313,17.03072298598884,False,5782.677390589313,525.6979445990285,17.03072298598884,339.5438581994855,6.8984453033751665,location_hour,3.1926765191848583,13:00,1,history,Мосфильм,kfm
17,2026-08-30,medium,auto,demand_layer_gap,08:00,10:00,2,08:00-22:00,1,2,2,0,5.358577539112426,3299.8460114008208,2.679288769556213,False,3299.8460114008208,1649.9230057004104,2.679288769556213,1231.612676056338,22.376901408450703,location_hour,3.4717544619601632,09:00,2,history,Внуково,kfm
17,2026-08-30,medium,auto,first_layer_demand_span,08:00,13:00,5,08:00-22:00,1,5,5,0,14.092708965043705,7110.314593580035,6.410016549303888,False,7110.314593580035,1422.062918716007,6.410016549303888,1109.2505828791031,21.887754532335855,location_hour,3.4717544619601632,09:00,4,history,Внуково,kfm
17,2026-08-30,medium,auto,day_08_18,08:00,18:00,10,08:00-22:00,2,12,20,8,26.152827889841323,7533.3472260135595,7.302735328834736,False,3766.6736130067798,376.66736130067795,3.651367664417368,1031.5788381742736,21.659498412206066,location_hour,3.4717544619601632,09:00,4,history,Внуково,kfm
17,2026-08-30,medium,auto,mid_10_20,10:00,22:00,12,08:00-22:00,1,12,12,0,28.8218211436526,11054.35544496487,10.75954290740893,False,11054.35544496487,921.1962870804058,10.75954290740893,1027.400098693127,22.71514960160546,location_hour,3.2453356927018917,10:00,4,history,Внуково,kfm
17,2026-08-30,medium,auto,first_layer_demand_span,13:00,22:00,9,08:00-22:00,1,9,9,0,20.087689717721318,7243.886862785656,7.0288151276612565,False,7243.886862785656,804.8763180872952,7.0288151276612565,1030.59857617794,23.34076735107265,location_hour,2.9695770216838344,16:00,4,history,Внуково,kfm
18,2026-08-30,medium,auto,first_layer_demand_span,08:00,15:00,7,08:00-22:00,1,7,7,0,25.61883233862229,7430.578060372591,11.477974654521693,False,7430.578060372591,1061.5111514817986,11.477974654521693,647.3771099891172,14.450559098432027,location_hour,5.370784301289647,08:00,3,history,Новая Рига,kfm
18,2026-08-30,medium,auto,day_08_18,08:00,18:00,10,08:00-22:00,2,16,20,4,33.081282984388324,12366.29553732654,19.11582478127795,False,6183.14776866327,618.314776866327,9.557912390638975,646.914045238482,14.578578056780565,location_hour,5.370784301289647,08:00,3,history,Новая Рига,kfm
18,2026-08-30,medium,auto,first_layer_demand_span,15:00,22:00,7,08:00-22:00,1,7,7,0,15.98803744953246,7045.723328901287,11.01307035235511,False,7045.723328901287,1006.5319041287552,11.01307035235511,639.760130779023,14.446825985773781,location_hour,2.822337103206383,15:00,3,history,Новая Рига,kfm
184,2026-08-30,low,auto,single_layer_demand_span,18:00,23:00,5,11:00-23:00,1,5,5,0,0.5001479881179878,277.20690616270406,0.5001479881179878,False,277.20690616270406,55.44138123254081,0.5001479881179878,554.2497675654138,21.028846007132053,global_hour,0.12621612132078322,19:00,1,cycle_time,Pasiba Sushi  Марьина Роща,non_kfm
188,2026-08-30,low,auto,single_layer_demand_span,12:00,18:00,6,12:00-24:00,1,6,6,0,0.9638580248144685,498.81371391552506,0.9638580248144685,False,498.81371391552506,83.13561898592084,0.9638580248144685,517.5178305036584,20.571448350033844,global_hour,0.20157690026666156,12:00,1,cycle_time,Мо Friends Bar & Dining Петровка,non_kfm
19,2026-08-30,medium,auto,single_layer_demand_span,12:00,18:00,6,08:00-24:00,1,6,6,0,1.5849838947869945,2015.7825173900994,1.5849838947869945,False,2015.7825173900994,335.9637528983499,1.5849838947869945,1271.8,32.413999999999994,location_hour,0.31699677895739886,13:00,1,history,Conversation Никитская,non_kfm
2,2026-08-30,high,bike,first_layer_demand_span,06:00,13:00,7,00:00-24:00,1,7,7,0,21.8013439656437,5637.538514633715,12.584712928330239,False,5637.538514633715,805.3626449476735,12.584712928330239,447.96719215920274,10.268978020402894,"global_hour,location_hour",4.6000904681905475,12:00,2,history,Кудринская,kfm
2,2026-08-30,high,bike,demand_layer_gap,08:00,10:00,2,00:00-24:00,1,2,2,0,6.88164805759958,1326.0276174615892,3.44082402879979,False,1326.0276174615892,663.0138087307946,3.44082402879979,385.380829232388,9.656858183979333,location_hour,3.6844288653387056,08:00,2,history,Кудринская,kfm
2,2026-08-30,high,bike,mid_10_20,10:00,21:00,11,00:00-24:00,1,11,11,0,31.22627984302503,5591.504533296149,15.613139921512515,False,5591.504533296149,508.31859393601354,15.613139921512515,358.12812550228364,9.455402951961807,location_hour,4.6000904681905475,12:00,2,history,Кудринская,kfm
2,2026-08-30,high,bike,first_layer_demand_span,13:00,24:00,11,00:00-24:00,1,11,11,0,24.76110541611791,5603.502405163358,14.923772503119064,False,5603.502405163358,509.4093095603053,14.923772503119064,375.47492793743857,9.09444695678123,location_hour,3.6796822681264496,15:00,2,history,Кудринская,kfm
20,2026-08-30,medium,auto,first_layer_demand_span,09:00,15:00,6,09:00-22:00,1,6,6,0,14.27465126602073,6973.318936012893,10.99842945401805,False,6973.318936012893,1162.2198226688154,10.99842945401805,634.0286097362141,15.43423466752216,location_hour,3.4089024726013792,11:00,2,history,Павлово,kfm
20,2026-08-30,medium,auto,mid_10_20,10:00,20:00,10,09:00-22:00,1,6,10,4,21.1798036059152,4153.627905206777,5.309738798762963,False,4153.627905206777,415.36279052067766,5.309738798762963,782.2659574468087,19.59493856456754,location_hour,3.4089024726013792,11:00,2,history,Павлово,kfm
20,2026-08-30,medium,auto,first_layer_demand_span,15:00,22:00,7,09:00-22:00,1,7,7,0,11.515779412342694,7329.353370527752,9.482262425582412,False,7329.353370527752,1047.0504815039646,9.482262425582412,772.9540737824047,23.07605376171677,location_hour,2.801821678823002,18:00,2,cycle_time,Павлово,kfm
21,2026-08-30,high,auto,day_08_18,08:00,14:00,6,08:00-23:00,1,6,6,0,26.76799741168692,5722.827850386497,7.214149854050865,False,5722.827850386497,953.8046417310828,7.214149854050865,793.2782054940311,18.334758907246115,location_hour,5.646068407293225,10:00,4,history,Горки-2,kfm
21,2026-08-30,high,auto,first_layer_demand_span,08:00,16:00,8,08:00-23:00,1,8,8,0,34.54468244072203,7224.359836556403,9.158321111309641,False,7224.359836556403,903.0449795695504,9.158321111309641,788.8301522464654,18.029085604220867,location_hour,5.646068407293225,10:00,4,history,Горки-2,kfm
21,2026-08-30,high,auto,day_08_18,08:00,18:00,10,08:00-23:00,1,9,10,1,41.05394098374368,7721.705811815733,9.741334744806787,False,7721.705811815733,772.1705811815733,9.741334744806787,792.6743114881931,18.238688758835767,location_hour,5.646068407293225,10:00,4,history,Горки-2,kfm
21,2026-08-30,high,auto,demand_layer_gap,09:00,10:00,1,08:00-23:00,1,1,1,0,4.577893303210723,915.0922594786784,1.1444733258026807,False,915.0922594786784,915.0922594786784,1.1444733258026807,799.575,16.46,location_hour,4.577893303210723,09:00,4,history,Горки-2,kfm
21,2026-08-30,high,auto,mid_10_20,10:00,21:00,11,08:00-23:00,1,11,11,0,43.28078861857462,9213.209386978573,11.561309066523505,False,9213.209386978573,837.5644897253248,11.561309066523505,796.9001895863158,18.615727683400667,location_hour,5.646068407293225,10:00,4,history,Горки-2,kfm
21,2026-08-30,high,auto,day_08_18,14:00,21:00,7,08:00-23:00,1,7,7,0,23.179286514614947,5171.414565658112,6.535933540533586,False,5171.414565658112,738.7735093797303,6.535933540533586,791.2281441643796,18.421233479126002,location_hour,3.8998472203236805,14:00,4,history,Горки-2,kfm
21,2026-08-30,high,auto,first_layer_demand_span,16:00,23:00,7,08:00-23:00,1,7,7,0,18.67074341008581,6588.407594024861,7.859904207780772,False,6588.407594024861,941.2010848606944,7.859904207780772,838.2300114424785,15.20577421867281,location_hour,3.3982158570186582,16:00,4,history,Горки-2,kfm
222,2026-08-30,low,auto,single_layer_demand_span,06:00,12:00,6,06:00-23:59,1,6,6,0,1.470762477464595,761.8517391247367,1.470762477464595,False,761.8517391247367,126.97528985412278,1.470762477464595,517.9978078024338,18.70111128464425,global_hour,0.37321782266370723,11:00,1,cycle_time,Ирис Химки,non_kfm
25,2026-08-30,medium,bike,single_layer_demand_span_earnings_split,08:00,14:00,6,08:00-24:00,1,6,6,0,15.43105086282367,4872.406333411556,15.43105086282367,False,4872.406333411556,812.0677222352593,15.43105086282367,315.75337135010733,6.342074235152865,location_hour,3.3578934228610535,11:00,1,history,Весна,kfm
25,2026-08-30,medium,bike,single_layer_demand_span_earnings_split,14:00,24:00,10,08:00-24:00,1,10,10,0,14.233325807200213,4650.048417696491,14.233325807200213,False,4650.048417696491,465.0048417696491,14.233325807200213,326.7014667326853,6.3563782086261496,location_hour,2.83691344769881,14:00,1,history,Весна,kfm
26,2026-08-30,medium,bike,single_layer_demand_span,12:00,23:00,11,08:00-23:00,1,11,11,0,18.298075722312436,5535.57015757814,18.298075722312436,False,5535.57015757814,503.23365068892184,18.298075722312436,302.5219832721611,7.454717391897044,location_hour,2.6658385333667227,13:00,1,history,Тверская,kfm
27,2026-08-30,medium,bike,single_layer_demand_span,18:00,23:00,5,08:00-23:30,1,5,5,0,1.023612208124011,567.336828429853,1.023612208124011,False,567.336828429853,113.46736568597059,1.023612208124011,554.2497675654137,9.143096741649178,global_hour,0.2583162698147989,19:00,1,history,4 Ветра,kfm
28,2026-08-30,low,bike,single_layer_demand_span,12:00,18:00,6,10:00-23:00,1,6,6,0,1.1128765299034775,575.9334473740875,1.1128765299034775,False,575.9334473740875,95.98890789568124,1.1128765299034775,517.5178305036584,9.12940454912725,global_hour,0.232741955248692,12:00,1,cycle_time,Гранд,kfm
29,2026-08-30,mega,auto,demand_layer_gap,07:00,08:00,1,07:00-22:00,1,1,1,0,5.5010823939200115,2039.689465243969,2.7505411969600058,False,2039.689465243969,2039.689465243969,2.7505411969600058,741.5593220338983,18.53,location_hour,5.5010823939200115,07:00,2,history,Украинский,kfm
29,2026-08-30,mega,auto,first_layer_demand_span,07:00,14:00,7,07:00-22:00,1,7,7,0,47.832775601212,6199.2315899911355,9.395716393212536,False,6199.2315899911355,885.6045128558765,9.395716393212536,659.7933920684812,18.421840827884374,location_hour,7.91967323634251,10:00,8,history,Украинский,kfm
29,2026-08-30,mega,auto,day_08_18,08:00,14:00,6,07:00-22:00,3,18,18,0,42.33169320729199,12478.626374241498,19.93552558875759,False,4159.542124747166,693.2570207911943,6.64517519625253,625.9492040319557,18.377072067099714,location_hour,7.91967323634251,10:00,8,history,Украинский,kfm
29,2026-08-30,mega,auto,morning_08_16,08:00,16:00,8,07:00-22:00,3,10,24,14,52.94121591049095,6179.443608272522,9.945005641154804,False,2059.8145360908406,257.4768170113551,3.315001880384935,621.361498549635,18.68293268635409,location_hour,7.91967323634251,10:00,8,history,Украинский,kfm
29,2026-08-30,mega,auto,day_08_18,08:00,18:00,10,07:00-22:00,1,10,10,0,61.27813877689276,6388.810464120952,10.266626627147591,False,6388.810464120952,638.8810464120952,10.266626627147591,622.2891604168501,18.935313502211283,location_hour,7.91967323634251,10:00,8,history,Украинский,kfm
29,2026-08-30,mega,auto,day_08_18,14:00,21:00,7,07:00-22:00,3,21,21,0,32.05630975806342,13106.503356680492,20.696752434032174,False,4368.834452226831,624.1192074609759,6.898917478010724,633.2637643734458,20.72268773376145,location_hour,5.574392212446178,15:00,6,history,Украинский,kfm
29,2026-08-30,mega,auto,first_layer_demand_span,14:00,22:00,8,07:00-22:00,1,8,8,0,35.25488723284882,6507.380504886387,10.097494952796124,False,6507.380504886387,813.4225631107984,10.097494952796124,644.454940092286,19.727180408183617,location_hour,5.574392212446178,15:00,6,history,Украинский,kfm
29,2026-08-30,mega,bike,single_layer_demand_span,08:00,15:00,7,07:00-22:00,1,7,7,0,6.8286108717485945,4242.070506273443,6.8286108717485945,False,4242.070506273443,606.0100723247776,6.8286108717485945,621.220126017692,9.204869303562472,location_hour,1.1417351331627752,10:00,1,history,Украинский,kfm
30,2026-08-30,high,auto,demand_layer_gap,08:00,12:00,4,08:00-24:00,1,4,4,0,17.19851630747686,2164.183883986762,4.676413728790636,False,2164.183883986762,541.0459709966905,4.676413728790636,462.78708632275783,21.007949368225745,location_hour,4.959071007967658,11:00,5,history,Черёмушки,kfm
30,2026-08-30,high,auto,first_layer_demand_span,08:00,16:00,8,08:00-24:00,1,8,8,0,35.781858077720614,4475.070367488693,8.838454834732138,False,4475.070367488693,559.3837959360866,8.838454834732138,506.3181801759262,21.81747334808144,location_hour,5.528144730193455,13:00,5,history,Черёмушки,kfm
30,2026-08-30,high,auto,morning_08_16,08:00,16:00,8,08:00-24:00,2,10,16,6,35.781858077720614,5429.077653322722,10.515969978163813,False,2714.538826661361,339.3173533326701,5.257984989081907,516.2697939035662,21.81747334808144,location_hour,5.528144730193455,13:00,5,history,Черёмушки,kfm
30,2026-08-30,high,auto,demand_layer_gap,09:00,10:00,1,08:00-24:00,1,1,1,0,4.958796176844358,545.1023109844958,1.2396990442110896,False,545.1023109844958,545.1023109844958,1.2396990442110896,439.70535714285717,23.78,location_hour,4.958796176844358,09:00,4,cycle_time,Черёмушки,kfm
30,2026-08-30,high,auto,mid_10_20,10:00,21:00,11,08:00-24:00,1,11,11,0,41.9432994988485,5940.229542022578,10.889009521631927,False,5940.229542022578,540.020867456598,10.889009521631927,545.5252408606876,23.973342109998775,location_hour,5.528144730193455,13:00,5,history,Черёмушки,kfm
30,2026-08-30,high,auto,day_evening_12_22,12:00,24:00,12,08:00-24:00,1,12,12,0,36.89819812029997,6374.920265781457,11.049604213094366,False,6374.920265781457,531.2433554817881,11.049604213094366,576.936525765044,24.02271790725994,location_hour,5.528144730193455,13:00,5,history,Черёмушки,kfm
30,2026-08-30,high,auto,first_layer_demand_span,16:00,24:00,8,08:00-24:00,1,8,8,0,18.314856350056218,4064.033782279526,6.887563107152865,False,4064.033782279526,508.00422278494074,6.887563107152865,590.0539449226897,24.805672541123393,location_hour,2.921140398481567,18:00,3,history,Черёмушки,kfm
30,2026-08-30,high,bike,single_layer_demand_span,09:00,21:00,12,08:00-24:00,1,12,12,0,15.73806335507702,8350.220883937367,15.738063355077017,False,8350.220883937367,695.8517403281139,15.738063355077017,530.5748677929696,9.130880544787173,location_hour,1.854976643291206,13:00,1,history,Черёмушки,kfm
301,2026-08-30,low,auto,single_layer_demand_span,12:00,18:00,6,12:00-23:00,1,6,6,0,1.0349269270848431,535.5931380347658,1.0349269270848431,False,535.5931380347658,89.26552300579431,1.0349269270848431,517.5178305036584,20.571448350033847,global_hour,0.2164399284888668,12:00,1,cycle_time,Биродром и Панчетта Дежнева,non_kfm
33,2026-08-30,high,auto,first_layer_demand_span,08:00,15:00,7,08:00-23:00,1,7,7,0,18.26468024735028,4762.18105525567,9.13234012367514,False,4762.18105525567,680.3115793222386,9.13234012367514,521.4633917225609,18.697082796205283,location_hour,3.1544771636790316,09:00,2,history,Даниловский,kfm
33,2026-08-30,high,auto,day_08_18,08:00,18:00,10,08:00-23:00,1,10,10,0,23.02505984518414,6043.02702108986,11.51252992259207,False,6043.02702108986,604.302702108986,11.51252992259207,524.9086918098764,18.83688141849062,location_hour,3.1544771636790316,09:00,2,history,Даниловский,kfm
33,2026-08-30,high,auto,first_layer_demand_span,15:00,23:00,8,08:00-23:00,1,8,8,0,10.998729276143074,4992.5911360121,8.618539477226145,False,4992.5911360121,624.0738920015125,8.618539477226145,579.2850574281935,19.40395060066617,location_hour,1.8915852337975607,18:00,2,history,Даниловский,kfm
33,2026-08-30,high,bike,single_layer_demand_span_earnings_split,08:00,13:00,5,08:00-23:00,1,5,5,0,10.419278044549937,5324.864622700371,10.419278044549937,False,5324.864622700371,1064.9729245400742,10.419278044549937,511.0588852637131,8.983107762360497,location_hour,2.3644879554436162,09:00,1,history,Даниловский,kfm
33,2026-08-30,high,bike,single_layer_demand_span_earnings_split,13:00,21:00,8,08:00-23:00,1,8,8,0,10.233101978244276,5679.660004609054,10.233101978244278,False,5679.660004609054,709.9575005761318,10.233101978244278,555.0281837007091,8.744288006122604,location_hour,1.8365194149568753,13:00,1,history,Даниловский,kfm
335,2026-08-30,low,auto,single_layer_demand_span_earnings_split,00:00,12:00,12,00:00-24:00,1,12,12,0,11.264270760252739,7633.32702487836,11.26427076025274,False,7633.32702487836,636.11058540653,11.26427076025274,677.6583400155314,18.715437086834395,global_hour,2.4555032199494384,00:00,1,cycle_time,Кутузовский (Не использовать),kfm
335,2026-08-30,low,auto,single_layer_demand_span_earnings_split,12:00,24:00,12,00:00-24:00,1,6,12,6,2.649765609693483,995.5873176761488,1.777059338200797,False,995.5873176761488,82.96560980634574,1.777059338200797,560.2442733758918,20.829918172534626,global_hour,0.42263271280279313,19:00,1,cycle_time,Кутузовский (Не использовать),kfm
335,2026-08-30,low,bike,single_layer_demand_span,00:00,06:00,6,00:00-24:00,1,6,6,0,7.562826836425465,5921.534573062108,7.562826836425465,False,5921.534573062108,986.9224288436848,7.562826836425465,782.9789972899729,8.966526406988459,"global_hour,global_vehicle",2.7361446684628716,00:00,1,history,Кутузовский (Не использовать),kfm
34,2026-08-30,medium,auto,single_layer_demand_span,00:00,06:00,6,22:00-07:00,1,6,6,0,5.863717452484154,4631.2835954928605,5.863717452484154,False,4631.2835954928605,771.8805992488101,5.863717452484154,789.8203883495145,16.69601941747573,location_hour,2.3910304175178103,00:00,1,cycle_time,Аркус,kfm
34,2026-08-30,medium,auto,single_layer_demand_span,22:00,24:00,2,22:00-07:00,1,2,2,0,2.855252884423986,1845.2447456759014,2.855252884423986,False,1845.2447456759014,922.6223728379507,2.855252884423986,646.2631578947369,19.44017543859649,location_hour,2.504607793354374,23:00,1,history,Аркус,kfm
348,2026-08-30,medium,auto,single_layer_demand_span,08:00,18:00,10,08:00-21:00,1,10,10,0,10.302358081877736,5570.914501232508,10.302358081877736,False,5570.914501232508,557.0914501232508,10.302358081877736,540.7416881608854,13.340256526833116,location_hour,1.3092373271921727,12:00,1,history,Рига Холл,kfm
35,2026-08-30,high,auto,demand_layer_gap,08:00,10:00,2,08:00-23:00,1,2,2,0,6.925202194058336,1343.6528530223054,2.734421049788388,False,1343.6528530223054,671.8264265111527,2.734421049788388,491.38476794796776,18.732378043059345,location_hour,4.369080283444682,09:00,3,cycle_time,Ленинский,kfm
35,2026-08-30,high,auto,first_layer_demand_span,08:00,15:00,7,08:00-23:00,1,7,7,0,30.690287937025236,5341.830231813359,10.65611629744402,False,5341.830231813359,763.1186045447656,10.65611629744402,501.2924111099137,18.641217876376366,location_hour,5.2230253502134065,11:00,3,history,Ленинский,kfm
35,2026-08-30,high,auto,demand_layer_gap,09:00,10:00,1,08:00-23:00,1,1,1,0,4.369080283444682,707.5619155660976,1.4563600944815607,False,707.5619155660976,707.5619155660976,1.4563600944815607,485.8426966292135,19.77,location_hour,4.369080283444682,09:00,3,cycle_time,Ленинский,kfm
35,2026-08-30,high,auto,mid_10_20,10:00,21:00,11,08:00-23:00,2,22,22,0,39.90805695975366,13338.845292302598,26.60537130650244,False,6669.422646151299,606.3111496501181,13.30268565325122,501.35911048317297,19.540870612376864,location_hour,5.2230253502134065,11:00,3,history,Ленинский,kfm
35,2026-08-30,high,auto,first_layer_demand_span,15:00,23:00,8,08:00-23:00,1,8,8,0,19.75403635716473,4691.968811506748,8.99205554597355,False,4691.968811506748,586.4961014383435,8.99205554597355,521.7904613153454,20.22764885059968,location_hour,3.7300593426504833,15:00,3,history,Ленинский,kfm
35,2026-08-30,high,bike,single_layer_demand_span,09:00,18:00,9,08:00-23:00,1,9,9,0,10.907113870823695,5461.348398574819,10.907113870823697,False,5461.348398574819,606.8164887305354,10.907113870823697,500.7143469166314,11.244742694196338,location_hour,1.5541959932020337,11:00,1,history,Ленинский,kfm
36,2026-08-30,low,auto,single_layer_demand_span,08:00,12:00,4,08:00-23:00,1,4,4,0,1.0651518864857161,1255.1749830347676,1.0651518864857161,False,1255.1749830347676,313.7937457586919,1.0651518864857161,1178.3999999999996,28.103784482758613,"location_hour,global_hour",0.5538789809725723,08:00,1,cycle_time,Friends Forever Botanica,non_kfm
37,2026-08-30,medium,bike,single_layer_demand_span,08:00,12:00,4,07:30-24:00,1,4,4,0,7.282834680221815,2479.1197653515073,7.282834680221815,False,2479.1197653515073,619.7799413378768,7.282834680221815,340.4058823529412,8.418470588235294,location_hour,2.0563297920626304,11:00,1,cycle_time,БТ Усачева,kfm
38,2026-08-30,medium,bike,single_layer_demand_span,12:00,23:00,11,08:00-23:00,1,11,11,0,16.936642719185457,5197.044979011853,16.936642719185457,False,5197.044979011853,472.458634455623,16.936642719185457,306.8521350529969,4.842448548216524,location_hour,2.066144578853196,12:00,1,history,Нева,kfm
39,2026-08-30,high,auto,demand_layer_gap,08:00,10:00,2,08:00-23:00,2,4,4,0,8.013787873969406,3251.60642098003,4.560488942989609,False,1625.803210490015,812.9016052450075,2.2802444714948047,712.9951331158043,16.015612434018795,location_hour,4.692217837939963,09:00,4,history,Гребной,kfm
39,2026-08-30,high,auto,first_layer_demand_span,08:00,15:00,7,08:00-23:00,1,7,7,0,37.030718123065725,5673.554445479926,8.395023159650083,False,5673.554445479926,810.5077779257036,8.395023159650083,675.8235608865679,16.96247721505378,location_hour,6.233482958414613,11:00,5,history,Гребной,kfm
39,2026-08-30,high,auto,morning_08_16,08:00,16:00,8,08:00-23:00,1,4,8,4,41.226216785655915,3002.005176753391,4.5578154964752,False,3002.005176753391,375.25064709417387,4.5578154964752,658.6500000000001,16.84225324101107,location_hour,6.233482958414613,11:00,5,history,Гребной,kfm
39,2026-08-30,high,auto,demand_layer_gap,09:00,10:00,1,08:00-23:00,1,1,1,0,4.692217837939963,826.7687830450215,1.1730544594849908,False,826.7687830450215,826.7687830450215,1.1730544594849908,704.8,15.7,location_hour,4.692217837939963,09:00,4,history,Гребной,kfm
39,2026-08-30,high,auto,mid_10_20,10:00,21:00,11,08:00-23:00,3,33,33,0,51.031555535134984,23240.774720711383,34.855305028994835,False,7746.924906903794,704.2659006276176,11.618435009664944,666.778692694792,17.338405971981686,location_hour,6.233482958414613,11:00,5,history,Гребной,kfm
39,2026-08-30,high,auto,first_layer_demand_span,15:00,23:00,8,08:00-23:00,1,8,8,0,25.45383649076784,6097.626655150403,8.942867526238846,False,6097.626655150403,762.2033318938004,8.942867526238846,681.8424445246052,16.91370240296517,location_hour,4.590035346600756,18:00,4,history,Гребной,kfm
4,2026-08-30,high,auto,first_layer_demand_span,10:00,15:00,5,10:00-24:00,1,5,5,0,8.754236178789633,3800.3466886962688,8.754236178789633,False,3800.3466886962688,760.0693377392538,8.754236178789633,434.1151656273577,21.203768340760984,location_hour,2.096365508272852,13:00,1,cycle_time,Аврора,kfm
4,2026-08-30,high,auto,demand_layer_gap,15:00,16:00,1,10:00-24:00,1,1,1,0,1.7554012003128965,451.7650374805261,0.8777006001564482,False,451.7650374805261,451.7650374805261,0.8777006001564482,514.7142857142857,24.23,location_hour,1.7554012003128965,15:00,2,cycle_time,Аврора,kfm
4,2026-08-30,high,auto,first_layer_demand_span,15:00,24:00,9,10:00-24:00,1,9,9,0,10.691678847962509,3170.373693598433,6.29712428436981,False,3170.373693598433,352.26374373315923,6.29712428436981,503.46373208285996,22.50426476382636,location_hour,1.9306850998387046,19:00,2,cycle_time,Аврора,kfm
4,2026-08-30,high,auto,late_16_24,16:00,24:00,8,10:00-24:00,1,5,8,3,8.936277647649614,1788.2792422253406,3.5168539634362523,False,1788.2792422253406,223.53490527816757,3.5168539634362523,508.4883423700785,22.224774002306283,location_hour,1.9306850998387046,19:00,2,cycle_time,Аврора,kfm
4,2026-08-30,high,bike,mid_10_20,10:00,20:00,10,10:00-24:00,1,4,10,6,25.356978854152196,2509.1037172977876,5.792524593413316,False,2509.1037172977876,250.91037172977877,5.792524593413316,433.1623762376238,11.181118417604742,location_hour,3.257578187186895,13:00,2,history,Аврора,kfm
4,2026-08-30,high,bike,first_layer_demand_span,10:00,21:00,11,10:00-24:00,1,11,11,0,27.260904061580124,10358.00611550686,21.468379468166805,False,10358.00611550686,941.6369195915327,21.468379468166805,482.47731650475316,11.066615462004524,location_hour,3.257578187186895,13:00,2,history,Аврора,kfm
40,2026-08-30,medium,bike,single_layer_demand_span,12:00,18:00,6,09:00-19:00,1,6,6,0,1.6287370527385276,842.9004659941656,1.6287370527385276,False,842.9004659941656,140.4834109990276,1.6287370527385276,517.5178305036585,9.12940454912725,global_hour,0.3406266877361814,12:00,1,history,БТ Аркус,kfm
43,2026-08-30,low,auto,single_layer_demand_span,12:00,18:00,6,11:00-23:00,1,6,6,0,0.7857860355683296,406.6582843673924,0.7857860355683296,False,406.6582843673924,67.77638072789874,0.7857860355683296,517.5178305036583,20.571448350033844,global_hour,0.1643357312433872,12:00,1,cycle_time,Frankie Новослободская,non_kfm
434,2026-08-30,medium,auto,day_08_18,08:00,14:00,6,08:00-22:00,1,6,6,0,17.02984143518401,6227.380772320033,8.514920717592005,False,6227.380772320033,1037.8967953866722,8.514920717592005,731.3492372811098,18.4285068042627,"global_hour,location_hour",4.53131913047256,10:00,2,history,Сколково,kfm
434,2026-08-30,medium,auto,first_layer_demand_span,08:00,14:00,6,08:00-22:00,1,6,6,0,17.02984143518401,6227.380772320033,8.514920717592005,False,6227.380772320033,1037.8967953866722,8.514920717592005,731.3492372811098,18.4285068042627,"global_hour,location_hour",4.53131913047256,10:00,2,history,Сколково,kfm
434,2026-08-30,medium,auto,day_08_18,14:00,22:00,8,08:00-22:00,1,8,8,0,18.38247125922628,6867.900136310787,9.19123562961314,False,6867.900136310787,858.4875170388484,9.19123562961314,747.2227253301152,18.696268898601947,location_hour,2.5938233643902366,19:00,2,history,Сколково,kfm
434,2026-08-30,medium,auto,first_layer_demand_span,14:00,22:00,8,08:00-22:00,1,8,8,0,18.38247125922628,6867.900136310787,9.19123562961314,False,6867.900136310787,858.4875170388484,9.19123562961314,747.2227253301152,18.696268898601947,location_hour,2.5938233643902366,19:00,2,history,Сколково,kfm
44,2026-08-30,low,auto,single_layer_demand_span,12:00,18:00,6,11:00-24:00,1,6,6,0,0.6789951559111947,351.39210000965477,0.6789951559111947,False,351.39210000965477,58.565350001609126,0.6789951559111947,517.5178305036584,20.571448350033844,global_hour,0.14200197051946842,12:00,1,cycle_time,Frankie Пятницкая,non_kfm
443,2026-08-30,low,auto,single_layer_demand_span,12:00,18:00,6,10:00-20:00,1,6,6,0,0.8379921333738094,433.67587084274624,0.8379921333738094,False,433.67587084274624,72.27931180712437,0.8379921333738094,517.5178305036585,20.57144835003385,global_hour,0.1752538780033029,12:00,1,cycle_time,Пинский доставка,non_kfm
46,2026-08-30,low,bike,single_layer_demand_span,12:00,18:00,6,10:00-22:00,1,6,6,0,1.3069017624512405,676.3449647851735,1.3069017624512405,False,676.3449647851735,112.72416079752891,1.3069017624512405,517.5178305036584,9.12940454912725,global_hour,0.2733195132951944,12:00,1,cycle_time,БТ Павелецкая Плаза,kfm
47,2026-08-30,medium,bike,single_layer_demand_span,12:00,18:00,6,08:00-21:00,1,6,6,0,3.6679322757546102,1387.3414431236554,3.6679322757546102,False,1387.3414431236554,231.22357385394255,3.6679322757546102,378.235294117647,10.881999999999998,location_hour,1.0356514660954192,12:00,1,cycle_time,БТ Царская Площадь,kfm
479,2026-08-30,medium,auto,single_layer_demand_span_earnings_split,06:00,15:00,9,00:00-24:00,1,6,9,3,5.5236897860974254,3339.5906763994494,5.191843732546802,False,3339.5906763994494,371.06563071104995,5.191843732546802,643.2379032258063,23.063935891161062,"location_hour,global_hour",2.3447036211501686,07:00,1,cycle_time,Покровка,kfm
479,2026-08-30,medium,auto,single_layer_demand_span_earnings_split,15:00,24:00,9,00:00-24:00,1,6,9,3,2.2664341020150567,956.1346053541017,1.768665021689122,False,956.1346053541017,106.23717837267797,1.768665021689122,540.5967741935484,21.92497180759424,"global_hour,location_hour",0.9413862212216295,22:00,1,cycle_time,Покровка,kfm
5,2026-08-30,medium,auto,single_layer_demand_span,00:00,12:00,12,00:00-24:00,1,12,12,0,5.254911597456971,3553.0718722227143,5.254911597456971,False,3553.0718722227143,296.0893226852262,5.254911597456971,676.1430342505031,18.715301123548123,global_hour,1.1346485332300194,00:00,1,cycle_time,Покровка (не использовать),kfm
51,2026-08-30,medium,bike,single_layer_demand_span,12:00,18:00,6,08:00-22:00,1,6,6,0,1.580187178049459,572.0277584539042,1.580187178049459,False,572.0277584539042,95.33795974231737,1.580187178049459,362.00000000000006,10.331666666666665,location_hour,0.47405615341483764,13:00,1,cycle_time,БТ Новинский,kfm
516,2026-08-30,low,auto,single_layer_demand_span,12:00,18:00,6,09:00-22:00,1,6,6,0,1.33272788529255,689.7104438483289,1.33272788529255,False,689.7104438483289,114.95174064138814,1.33272788529255,517.5178305036583,20.571448350033847,global_hour,0.27872067161335984,12:00,1,cycle_time,La Raquette by Pinskiy&Co,non_kfm
53,2026-08-30,low,auto,single_layer_demand_span,12:00,18:00,6,11:00-23:00,1,6,6,0,1.1500109800060792,595.1511874281322,1.1500109800060792,False,595.1511874281322,99.19186457135537,1.1500109800060792,517.5178305036584,20.571448350033847,global_hour,0.24050808589457248,12:00,1,cycle_time,IZUMI,non_kfm
54,2026-08-30,medium,auto,mid_10_20,10:00,20:00,10,10:00-23:00,2,12,20,8,17.25232125577002,8454.008496915754,9.008079986269918,False,4227.004248457877,422.7004248457877,4.504039993134959,938.4917218543045,26.565735641104393,location_hour,2.9082377439116454,17:00,3,cycle_time,Maroon,non_kfm
54,2026-08-30,medium,auto,first_layer_demand_span,12:00,23:00,11,10:00-23:00,1,11,11,0,19.242967594055884,9674.014527985493,10.234887607785971,False,9674.014527985493,879.4558661804994,10.234887607785971,945.1998789538435,25.48580517482684,location_hour,2.9082377439116454,17:00,3,cycle_time,Maroon,non_kfm
6,2026-08-30,mega,auto,first_layer_demand_span,06:00,14:00,8,00:00-24:00,1,8,8,0,16.949342852477947,4991.94483106522,8.88728698638141,False,4991.94483106522,623.9931038831525,8.88728698638141,561.6950188189842,24.469488220384612,location_hour,2.807941765228348,09:00,3,history,Неглинная,kfm
6,2026-08-30,mega,auto,day_08_18,08:00,14:00,6,00:00-24:00,1,6,6,0,14.40814732010908,3193.571060644399,6.346091454012544,False,3193.571060644399,532.2618434407332,6.346091454012544,503.2343267957711,27.022109910439845,location_hour,2.807941765228348,09:00,3,history,Неглинная,kfm
6,2026-08-30,mega,auto,day_08_18,08:00,18:00,10,00:00-24:00,1,5,10,5,23.29486318262878,2088.9851566003763,4.039346322516094,False,2088.9851566003763,208.89851566003762,4.039346322516094,517.1592108742869,27.63995967195134,location_hour,2.807941765228348,09:00,3,history,Неглинная,kfm
6,2026-08-30,mega,auto,day_08_18,14:00,21:00,7,00:00-24:00,1,7,7,0,14.264580227836525,3319.3788925300887,5.9705991587022105,False,3319.3788925300887,474.19698464715555,5.9705991587022105,555.954068310223,29.488316197029352,location_hour,2.404700277297227,15:00,3,cycle_time,Неглинная,kfm
6,2026-08-30,mega,auto,first_layer_demand_span,14:00,24:00,10,00:00-24:00,1,10,10,0,17.45129286397048,5151.940117151924,9.157311794836163,False,5151.940117151924,515.1940117151923,9.157311794836163,562.6039860362862,28.12199582424254,location_hour,2.404700277297227,15:00,3,cycle_time,Неглинная,kfm
6,2026-08-30,mega,bike,single_layer_demand_span_earnings_split,06:00,14:00,8,00:00-24:00,1,8,8,0,12.029453715114615,6403.034353923375,12.029453715114613,False,6403.034353923375,800.3792942404219,12.029453715114613,532.2797282039644,8.04334135459748,location_hour,1.9928799478272037,09:00,1,history,Неглинная,kfm
6,2026-08-30,mega,bike,single_layer_demand_span_earnings_split,14:00,21:00,7,00:00-24:00,1,7,7,0,10.123997674117012,5600.809457521797,10.123997674117012,False,5600.809457521797,800.1156367888282,10.123997674117012,553.2211323833877,8.461758109174722,location_hour,1.70668744719157,15:00,1,history,Неглинная,kfm
69,2026-08-30,mega,auto,day_08_18,08:00,15:00,7,08:00-23:00,2,14,14,0,41.92549496951669,8114.273209121866,18.37248456642537,False,4057.136604560933,579.5909435087048,9.186242283212685,441.6535596905723,15.897515971249428,location_hour,7.251241070080767,11:00,5,cycle_time,Опен Мичуринский,kfm
69,2026-08-30,mega,auto,morning_08_16,08:00,16:00,8,08:00-23:00,2,11,16,5,46.471367984314156,6343.109040669539,14.366768119878635,False,3171.5545203347697,396.4443150418462,7.183384059939318,441.5125926542151,16.127252719079372,location_hour,7.251241070080767,11:00,5,cycle_time,Опен Мичуринский,kfm
69,2026-08-30,mega,auto,first_layer_demand_span,08:00,17:00,9,08:00-23:00,1,9,9,0,50.74380502829674,5341.926782679199,12.125678969472702,False,5341.926782679199,593.5474202976889,12.125678969472702,440.5466115446316,16.19452116389543,location_hour,7.251241070080767,11:00,5,cycle_time,Опен Мичуринский,kfm
69,2026-08-30,mega,auto,day_08_18,15:00,21:00,6,08:00-23:00,2,12,12,0,26.65474553460346,7823.049734008218,17.769830356402306,False,3911.524867004109,651.9208111673515,8.884915178201153,440.2433550070244,17.457170804469726,location_hour,4.726976805911125,19:00,3,cycle_time,Опен Мичуринский,kfm
69,2026-08-30,mega,auto,first_layer_demand_span,17:00,23:00,6,08:00-23:00,1,6,6,0,22.798042718138284,5003.382920897262,10.90708573425601,False,5003.382920897262,833.897153482877,10.90708573425601,458.72775210550327,17.501157453696354,location_hour,4.726976805911125,19:00,3,cycle_time,Опен Мичуринский,kfm
69,2026-08-30,mega,bike,first_layer_demand_span,08:00,14:00,6,08:00-23:00,1,6,6,0,29.871199260804097,7404.26345385127,16.77981829722333,False,7404.26345385127,1234.0439089752117,16.77981829722333,441.2600495844764,9.927912382991373,location_hour,6.05744285000598,11:00,2,history,Опен Мичуринский,kfm
69,2026-08-30,mega,bike,demand_layer_gap,09:00,10:00,1,08:00-23:00,1,1,1,0,4.767726930537294,1066.3440066971636,2.383863465268647,False,1066.3440066971636,1066.3440066971636,2.383863465268647,447.3175675675675,9.97,location_hour,4.767726930537294,09:00,2,history,Опен Мичуринский,kfm
69,2026-08-30,mega,bike,mid_10_20,10:00,21:00,11,08:00-23:00,1,11,11,0,48.8334615362138,10735.860488709373,24.4167307681069,False,10735.860488709373,975.9873171553976,24.4167307681069,439.69279059801653,10.066138024371433,location_hour,6.05744285000598,11:00,2,history,Опен Мичуринский,kfm
69,2026-08-30,mega,bike,first_layer_demand_span,14:00,23:00,9,08:00-23:00,1,9,9,0,31.563186315747895,8047.979089576754,17.853973045953115,False,8047.979089576754,894.2198988418615,17.853973045953115,450.766844380386,10.244441193016888,location_hour,5.151948815726736,14:00,2,history,Опен Мичуринский,kfm
7,2026-08-30,mega,auto,first_layer_demand_span,00:00,12:00,12,00:00-24:00,1,12,12,0,24.40551351554818,8381.782842738841,12.162912572560302,False,8381.782842738841,698.4819035615701,12.162912572560302,689.1262921389617,21.852792267437877,location_hour,4.094817818227024,08:00,4,cycle_time,Белая Площадь,kfm
7,2026-08-30,mega,auto,demand_layer_gap,06:00,14:00,8,00:00-24:00,1,8,8,0,24.456613946743317,4942.952456089923,7.7713745992830585,False,4942.952456089923,617.8690570112403,7.7713745992830585,636.046093640362,24.45775114513523,location_hour,4.094817818227024,08:00,4,cycle_time,Белая Площадь,kfm
7,2026-08-30,mega,auto,morning_08_16,08:00,13:00,5,00:00-24:00,2,8,10,2,17.544080428556807,4277.733539251922,7.61248582161458,False,2138.866769625961,427.77335392519217,3.80624291080729,561.9364869102154,25.260556703566223,location_hour,4.094817818227024,08:00,4,cycle_time,Белая Площадь,kfm
7,2026-08-30,mega,auto,first_layer_demand_span,12:00,24:00,12,00:00-24:00,1,12,12,0,26.97210900490904,4909.782578105603,8.882227905770742,False,4909.782578105603,409.1485481754669,8.882227905770742,552.7647601696574,27.571454900687453,location_hour,3.320760019504608,12:00,4,history,Белая Площадь,kfm
7,2026-08-30,mega,auto,morning_08_16,13:00,21:00,8,00:00-24:00,1,5,8,3,18.50723077938153,1504.380964413821,2.9162835574704737,False,1504.380964413821,188.04762055172762,2.9162835574704737,515.8555177393968,27.87719239117653,location_hour,2.6027578531252336,13:00,4,history,Белая Площадь,kfm
7,2026-08-30,mega,auto,morning_08_16,13:00,24:00,11,00:00-24:00,1,8,11,3,23.651348985404432,2582.407463313817,4.630989626144773,False,2582.407463313817,234.76431484671065,4.630989626144773,557.636201285044,27.7437870691684,location_hour,2.6027578531252336,13:00,4,history,Белая Площадь,kfm
7,2026-08-30,mega,auto,evening_14_24,14:00,24:00,10,00:00-24:00,1,10,10,0,21.0485911322792,4154.560226507615,7.401348437613283,False,4154.560226507615,415.4560226507615,7.401348437613283,561.3247723069418,27.861926093992306,location_hour,2.4734921593922112,19:00,4,history,Белая Площадь,kfm
7,2026-08-30,mega,bike,single_layer_demand_span_earnings_split,06:00,12:00,6,00:00-24:00,1,6,6,0,9.75929271210372,6208.908103675043,9.75929271210372,False,6208.908103675043,1034.8180172791738,9.75929271210372,636.2047216776887,10.113058399157909,location_hour,2.156278990353588,08:00,1,history,Белая Площадь,kfm
7,2026-08-30,mega,bike,single_layer_demand_span_earnings_split,12:00,21:00,9,00:00-24:00,1,9,9,0,11.494342373856526,6073.986634626073,11.494342373856528,False,6073.986634626073,674.8874038473415,11.494342373856528,528.4327225575897,10.278382231867074,location_hour,1.7486699970364756,12:00,1,history,Белая Площадь,kfm
70,2026-08-30,low,auto,single_layer_demand_span,12:00,18:00,6,12:00-22:30,1,6,6,0,0.7383442342661717,382.1063062823141,0.7383442342661717,False,382.1063062823141,63.68438438038569,0.7383442342661717,517.5178305036584,20.571448350033847,global_hour,0.15441396786812597,12:00,1,cycle_time,КО Сыроварня,non_kfm
71,2026-08-30,low,auto,single_layer_demand_span,12:00,18:00,6,12:00-23:59,1,6,6,0,0.7982074865365001,413.0866067241476,0.7982074865365001,False,413.0866067241476,68.84776778735794,0.7982074865365001,517.5178305036584,20.571448350033847,global_hour,0.16693349721982356,12:00,1,cycle_time,КО Medusa,non_kfm
72,2026-08-30,low,auto,single_layer_demand_span,12:00,18:00,6,12:00-23:59,1,6,6,0,0.7394603643950552,382.6839235251737,0.7394603643950552,False,382.6839235251737,63.780653920862285,0.7394603643950552,517.5178305036585,20.571448350033847,global_hour,0.15464739026632396,12:00,1,cycle_time,КО Магадан,non_kfm
8,2026-08-30,mega,auto,first_layer_demand_span,08:00,15:00,7,07:30-24:00,1,7,7,0,10.856151584797164,2105.218490481122,6.164764410663936,False,2105.218490481122,300.7454986401603,6.164764410663936,341.49212366322905,25.946885194197925,location_hour,1.9806315335816551,09:00,2,history,Усачева,kfm
8,2026-08-30,mega,auto,morning_08_16,08:00,16:00,8,07:30-24:00,1,6,8,2,12.327201555071806,1580.0888479344137,4.6913871741332285,False,1580.0888479344137,197.5111059918017,4.6913871741332285,336.80631959913813,26.103532861523487,location_hour,1.9806315335816551,09:00,2,history,Усачева,kfm
8,2026-08-30,mega,auto,first_layer_demand_span,15:00,21:00,6,07:30-24:00,1,6,6,0,6.639173479617647,2335.1268117612285,6.639173479617647,False,2335.1268117612285,389.18780196020475,6.639173479617647,351.7195052863281,27.538000199220008,location_hour,1.47104997027464,15:00,1,history,Усачева,kfm
8,2026-08-30,mega,bike,demand_layer_gap,08:00,10:00,2,07:30-24:00,1,2,2,0,11.373192767718907,1953.9838860251011,5.686596383859453,False,1953.9838860251011,976.9919430125506,5.686596383859453,343.6121986028743,8.232589279858717,location_hour,6.5217275729482544,09:00,2,history,Усачева,kfm
8,2026-08-30,mega,bike,first_layer_demand_span,08:00,15:00,7,07:30-24:00,1,7,7,0,35.74661007171058,6067.400744718647,17.87330503585529,False,6067.400744718647,866.7715349598067,17.87330503585529,339.46719605282584,8.565440899339851,location_hour,6.5217275729482544,09:00,2,history,Усачева,kfm
8,2026-08-30,mega,bike,mid_10_20,10:00,21:00,11,07:30-24:00,1,11,11,0,46.234566139338206,7957.913085372981,23.117283069669103,False,7957.913085372981,723.4466441248164,23.117283069669103,344.2408461837851,8.906707314893115,location_hour,5.2572577801164115,13:00,2,history,Усачева,kfm
8,2026-08-30,mega,bike,first_layer_demand_span,15:00,24:00,9,07:30-24:00,1,9,9,0,26.827502693130533,5821.801780784134,15.896928275457267,False,5821.801780784134,646.8668645315705,15.896928275457267,366.22180586750324,8.992479866017424,location_hour,4.843802085174319,15:00,2,history,Усачева,kfm
9,2026-08-30,medium,auto,first_layer_demand_span,08:00,14:00,6,08:00-23:00,1,6,6,0,12.120309148997405,8551.957697360145,10.07798642433238,False,8551.957697360145,1425.3262828933575,10.07798642433238,848.5780132340943,19.711108108197156,location_hour,2.6686350268956347,13:00,2,history,КИНКИ,kfm
9,2026-08-30,medium,auto,day_evening_12_22,12:00,23:00,11,08:00-23:00,1,11,11,0,26.244696534008412,10654.459892670755,13.122348267004206,False,10654.459892670755,968.5872629700687,13.122348267004206,811.9324130011935,19.272430240572447,location_hour,3.6096137519880798,19:00,2,cycle_time,КИНКИ,kfm
9,2026-08-30,medium,auto,first_layer_demand_span,14:00,23:00,9,08:00-23:00,1,9,9,0,22.160051084678365,8971.735737879915,11.080025542339179,False,8971.735737879915,996.8595264311017,11.080025542339179,809.7215754238985,19.34002154926186,location_hour,3.6096137519880798,19:00,2,cycle_time,КИНКИ,kfm
94,2026-08-30,medium,auto,single_layer_demand_span,12:00,18:00,6,12:00-23:59,1,6,6,0,0.5810051961868935,300.68054864199354,0.5810051961868935,False,300.68054864199354,50.11342477366559,0.5810051961868935,517.5178305036584,20.571448350033847,global_hour,0.1215087943151392,12:00,1,history,КО Высота 5642,non_kfm
99,2026-08-30,mega,bike,demand_layer_gap,07:00,08:00,1,07:00-23:00,1,1,1,0,3.848001687447934,1277.520255140818,1.924000843723967,False,1277.520255140818,1277.520255140818,1.924000843723967,663.9915254237288,9.73,location_hour,3.848001687447934,07:00,2,history,Опен Аркус,kfm
99,2026-08-30,mega,bike,first_layer_demand_span,07:00,15:00,8,07:00-23:00,1,8,8,0,62.68170166622546,5776.769323776267,13.690740839479473,False,5776.769323776267,722.0961654720334,13.690740839479473,421.947167907672,10.638619220916521,location_hour,9.937108773843566,12:00,5,history,Опен Аркус,kfm
99,2026-08-30,mega,bike,day_08_18,08:00,14:00,6,07:00-23:00,2,12,12,0,50.90767274249753,7843.5221803567365,20.363069096999016,False,3921.7610901783682,653.6268483630614,10.181534548499508,385.1836942159503,10.693335063704945,location_hour,9.937108773843566,12:00,5,history,Опен Аркус,kfm
99,2026-08-30,mega,bike,morning_08_16,08:00,16:00,8,07:00-23:00,1,7,8,1,65.90976390450457,4499.249068635449,11.766739995755506,False,4499.249068635449,562.4061335794311,11.766739995755506,382.37005918873166,10.767952726254764,location_hour,9.937108773843566,12:00,5,history,Опен Аркус,kfm
99,2026-08-30,mega,bike,day_08_18,08:00,18:00,10,07:00-23:00,1,10,10,0,74.63142409202861,5998.222703506324,15.716171024068274,False,5998.222703506324,599.8222703506324,15.716171024068274,381.6592918415334,10.782791059746543,location_hour,9.937108773843566,12:00,5,history,Опен Аркус,kfm
99,2026-08-30,mega,bike,day_08_18,14:00,21:00,7,07:00-23:00,2,14,14,0,40.4475739837674,8205.566465188538,22.218488040628426,False,4102.783232594269,586.1118903706099,11.109244020314213,369.31254953910235,11.139591396730689,location_hour,7.926027236279988,14:00,5,history,Опен Аркус,kfm
99,2026-08-30,mega,bike,first_layer_demand_span,15:00,23:00,8,07:00-23:00,1,8,8,0,39.64705628307897,6105.145360744239,16.649548108649768,False,6105.145360744239,763.1431700930299,16.649548108649768,366.6853491100155,10.761137582889193,location_hour,7.076063925727043,15:00,4,history,Опен Аркус,kfm
