location_id,date,segment,vehicle_type,shift_template,shift_start,shift_finish,shift_hours,open_intervals,slots_to_create,covered_need_hours,template_hours,overcoverage_hours,shift_window_predicted_orders,location_name
1,2026-06-26,medium,bike,demand_layer,08:00,23:00,15,08:00-23:00,1,15,15,0,21.094297173260156,Wall Street
10,2026-06-26,medium,bike,demand_layer,08:00,18:00,10,08:00-23:30,1,6,10,4,28.739807779837484,Якиманка
10,2026-06-26,medium,bike,demand_layer,08:00,23:00,15,08:00-23:30,1,15,15,0,34.77098028457254,Якиманка
100,2026-06-26,medium,auto,demand_layer,10:00,23:00,13,10:00-23:00,1,11,13,2,1.1703495084400088,Колбасный Цех / Магадан
101,2026-06-26,high,auto,demand_layer,08:00,21:00,13,08:00-23:00,2,19,26,7,35.2552550136857,Алия
101,2026-06-26,high,auto,demand_layer,08:00,23:00,15,08:00-23:00,1,13,15,2,36.97197134456323,Алия
101,2026-06-26,high,bike,demand_layer,08:00,16:00,8,08:00-23:00,1,4,8,4,1.0470955702698834,Алия
11,2026-06-26,medium,auto,demand_layer,00:00,07:00,7,00:00-07:00,4,26,28,2,19.878537274062065,Кутузовский
11,2026-06-26,medium,auto,demand_layer,23:00,24:00,1,23:00-24:00,2,2,2,0,0.984230804120574,Кутузовский
114,2026-06-26,low,auto,demand_layer,10:00,12:00,2,10:00-23:59,1,2,2,0,0.1908078693154378,Bluefin Скаковая
115,2026-06-26,high,auto,demand_layer,07:00,16:00,9,07:00-23:00,1,4,9,5,20.32640711671209,Опен Символ
115,2026-06-26,high,auto,demand_layer,07:00,21:00,14,07:00-23:00,1,11,14,3,29.851364775042125,Опен Символ
115,2026-06-26,high,auto,demand_layer,07:00,23:00,16,07:00-23:00,1,13,16,3,31.940814969221673,Опен Символ
115,2026-06-26,high,bike,demand_layer,07:00,16:00,9,07:00-23:00,1,6,9,3,15.134965071311768,Опен Символ
115,2026-06-26,high,bike,demand_layer,07:00,21:00,14,07:00-23:00,1,11,14,3,21.22838151200372,Опен Символ
116,2026-06-26,medium,auto,demand_layer,12:00,23:00,11,12:00-23:00,1,11,11,0,1.4841291310738491,Корнер Дмитровка
119,2026-06-26,medium,bike,demand_layer,11:00,23:00,12,11:00-23:00,1,11,12,1,1.3578623960661302,Bluefin Успенское
12,2026-06-26,high,auto,demand_layer,08:00,22:00,14,08:00-22:00,2,19,28,9,28.290920562560324,Хорошо
12,2026-06-26,high,bike,demand_layer,08:00,18:00,10,08:00-22:00,1,8,10,2,20.761409312652116,Хорошо
12,2026-06-26,high,bike,demand_layer,08:00,22:00,14,08:00-22:00,1,11,14,3,25.180361082619715,Хорошо
121,2026-06-26,medium,auto,demand_layer,10:00,18:00,8,10:00-22:00,1,6,8,2,0.5111506359301559,Косяк Новая Рига
123,2026-06-26,high,auto,demand_layer,08:00,18:00,10,08:00-23:00,1,8,10,2,12.070861900322363,Опен Нева
123,2026-06-26,high,bike,demand_layer,08:00,21:00,13,08:00-23:00,3,21,39,18,30.375392631168463,Опен Нева
124,2026-06-26,medium,auto,demand_layer,09:00,18:00,9,09:00-22:30,1,6,9,3,0.730751783411529,ЦБ AVA Bistro
126,2026-06-26,high,bike,demand_layer,07:00,16:00,9,07:00-23:00,1,6,9,3,39.89062066210188,Опен Покровка
126,2026-06-26,high,bike,demand_layer,07:00,21:00,14,07:00-23:00,1,11,14,3,56.38784872656367,Опен Покровка
126,2026-06-26,high,bike,demand_layer,07:00,23:00,16,07:00-23:00,1,13,16,3,58.565761747399335,Опен Покровка
127,2026-06-26,medium,bike,demand_layer,07:00,23:00,16,07:00-23:00,1,16,16,0,6.235940833959847,БТ Покровка
128,2026-06-26,high,bike,demand_layer,08:00,16:00,8,08:00-24:00,1,4,8,4,38.139837210248444,Кофемания Лаки
128,2026-06-26,high,bike,demand_layer,08:00,21:00,13,08:00-24:00,1,11,13,2,57.62827455184914,Кофемания Лаки
128,2026-06-26,high,bike,demand_layer,08:00,24:00,16,08:00-24:00,1,14,16,2,63.53911730611911,Кофемания Лаки
137,2026-06-26,medium,bike,demand_layer,08:00,23:00,15,08:00-23:59,1,15,15,0,3.956401837745027,БТ Мясницкая
138,2026-06-26,medium,bike,demand_layer,08:00,23:00,15,08:00-23:00,1,15,15,0,4.326879172153246,БТ Таганка
14,2026-06-26,high,auto,demand_layer,09:00,11:00,2,09:00-23:00,1,2,2,0,6.20142145666551,Метрополис
14,2026-06-26,high,auto,demand_layer,09:00,16:00,7,09:00-23:00,1,6,7,1,23.27659338909517,Метрополис
14,2026-06-26,high,auto,demand_layer,09:00,18:00,9,09:00-23:00,1,8,9,1,26.861267599719646,Метрополис
14,2026-06-26,high,auto,demand_layer,09:00,21:00,12,09:00-23:00,1,11,12,1,31.5415600243337,Метрополис
14,2026-06-26,high,bike,demand_layer,09:00,23:00,14,09:00-23:00,1,8,14,6,5.620730708532885,Метрополис
142,2026-06-26,medium,bike,demand_layer,08:00,23:00,15,08:00-23:59,1,15,15,0,19.790892560805034,RED7
146,2026-06-26,medium,auto,demand_layer,10:00,18:00,8,10:00-20:00,1,6,8,2,0.6062096091839717,Maestrello Покровка
15,2026-06-26,medium,auto,demand_layer,00:00,06:00,6,00:00-24:00,1,6,6,0,4.628058155019715,Комсомолка
15,2026-06-26,medium,bike,demand_layer,00:00,24:00,24,00:00-24:00,1,18,24,6,9.112435451798813,Комсомолка
16,2026-06-26,medium,bike,demand_layer,08:00,23:00,15,08:00-23:00,1,15,15,0,12.025015607869847,Мосфильм
17,2026-06-26,high,auto,demand_layer,08:00,22:00,14,08:00-22:00,2,22,28,6,23.047197231203555,Внуково
17,2026-06-26,high,bike,demand_layer,08:00,22:00,14,08:00-22:00,1,12,14,2,12.402996558092179,Внуково
18,2026-06-26,medium,auto,demand_layer,08:00,18:00,10,08:00-22:00,1,6,10,4,16.40404771722719,Новая Рига
18,2026-06-26,medium,bike,demand_layer,08:00,22:00,14,08:00-22:00,1,14,14,0,10.073828560439384,Новая Рига
182,2026-06-26,medium,auto,demand_layer,09:00,23:00,14,09:00-23:00,1,11,14,3,1.3055481295617732,Miss You
2,2026-06-26,high,bike,demand_layer,07:00,18:00,11,07:00-24:00,1,6,11,5,41.51376581180376,Кудринская
2,2026-06-26,high,bike,demand_layer,07:00,21:00,14,07:00-24:00,1,11,14,3,49.72336793208164,Кудринская
2,2026-06-26,high,bike,demand_layer,07:00,24:00,17,07:00-24:00,1,14,17,3,55.56430878302963,Кудринская
20,2026-06-26,medium,auto,demand_layer,08:00,18:00,10,08:00-22:00,1,6,10,4,11.07846891831876,Павлово
20,2026-06-26,medium,bike,demand_layer,08:00,22:00,14,08:00-22:00,1,14,14,0,7.359957450788084,Павлово
21,2026-06-26,high,auto,demand_layer,08:00,16:00,8,08:00-23:00,1,4,8,4,19.683913719052025,Горки-2
21,2026-06-26,high,auto,demand_layer,08:00,21:00,13,08:00-23:00,1,11,13,2,31.787298737128367,Горки-2
21,2026-06-26,high,auto,demand_layer,08:00,23:00,15,08:00-23:00,1,13,15,2,35.063918360492536,Горки-2
21,2026-06-26,high,bike,demand_layer,08:00,23:00,15,08:00-23:00,1,13,15,2,18.499951174846913,Горки-2
22,2026-06-26,medium,bike,demand_layer,12:00,24:00,12,12:00-24:00,1,6,12,6,0.8042370952413498,Жажда Крови
222,2026-06-26,low,auto,demand_layer,06:00,12:00,6,06:00-23:59,1,6,6,0,0.7764846953946328,Ирис Химки
25,2026-06-26,high,auto,demand_layer,08:00,16:00,8,08:00-24:00,1,4,8,4,6.8456431663649315,Весна
25,2026-06-26,high,bike,demand_layer,08:00,11:00,3,08:00-24:00,1,2,3,1,5.452860752966558,Весна
25,2026-06-26,high,bike,demand_layer,08:00,24:00,16,08:00-24:00,1,14,16,2,32.30073461768688,Весна
26,2026-06-26,medium,bike,demand_layer,08:00,23:00,15,08:00-23:00,1,15,15,0,33.50640886504623,Тверская
27,2026-06-26,medium,auto,demand_layer,08:00,23:00,15,08:00-23:30,1,11,15,4,1.470076710949922,4 Ветра
27,2026-06-26,medium,bike,demand_layer,08:00,12:00,4,08:00-23:30,1,4,4,0,0.38036472477031885,4 Ветра
28,2026-06-26,medium,bike,demand_layer,08:00,18:00,10,08:00-23:00,1,6,10,4,0.9545575716485889,Гранд
29,2026-06-26,mega,auto,demand_layer,07:00,16:00,9,07:00-23:00,3,14,27,13,40.62412462016727,Украинский
29,2026-06-26,mega,auto,demand_layer,07:00,18:00,11,07:00-23:00,1,8,11,3,47.99569015462696,Украинский
29,2026-06-26,mega,auto,demand_layer,07:00,21:00,14,07:00-23:00,2,22,28,6,60.18628254843446,Украинский
29,2026-06-26,mega,auto,demand_layer,07:00,23:00,16,07:00-23:00,1,13,16,3,64.5360556913988,Украинский
29,2026-06-26,mega,bike,demand_layer,07:00,21:00,14,07:00-23:00,1,11,14,3,31.622707025196704,Украинский
29,2026-06-26,mega,bike,demand_layer,07:00,23:00,16,07:00-23:00,1,13,16,3,32.16437688828282,Украинский
30,2026-06-26,mega,auto,demand_layer,08:00,16:00,8,08:00-24:00,1,4,8,4,18.63242182339251,Черёмушки
30,2026-06-26,mega,auto,demand_layer,08:00,21:00,13,08:00-24:00,1,11,13,2,29.217227212340312,Черёмушки
30,2026-06-26,mega,auto,demand_layer,08:00,24:00,16,08:00-24:00,1,14,16,2,36.14303537841406,Черёмушки
30,2026-06-26,mega,bike,demand_layer,08:00,18:00,10,08:00-24:00,1,8,10,2,28.047248260649816,Черёмушки
30,2026-06-26,mega,bike,demand_layer,08:00,24:00,16,08:00-24:00,1,14,16,2,35.19691100879324,Черёмушки
301,2026-06-26,medium,bike,demand_layer,12:00,23:00,11,12:00-23:00,1,11,11,0,1.237308052877409,Биродром и Панчетта Дежнева
33,2026-06-26,high,auto,demand_layer,08:00,21:00,13,08:00-23:00,2,22,26,4,20.016775847661524,Даниловский
33,2026-06-26,high,bike,demand_layer,08:00,18:00,10,08:00-23:00,1,8,10,2,27.160222806609543,Даниловский
33,2026-06-26,high,bike,demand_layer,08:00,23:00,15,08:00-23:00,1,13,15,2,33.43797857838513,Даниловский
335,2026-06-26,low,auto,demand_layer,00:00,06:00,6,00:00-24:00,1,6,6,0,12.104051439616233,Кутузовский (Не использовать)
335,2026-06-26,low,auto,demand_layer,00:00,18:00,18,00:00-24:00,1,12,18,6,18.715403341134696,Кутузовский (Не использовать)
335,2026-06-26,low,bike,demand_layer,00:00,24:00,24,00:00-24:00,1,18,24,6,8.090042910524115,Кутузовский (Не использовать)
34,2026-06-26,medium,bike,demand_layer,08:00,24:00,16,08:00-24:00,1,10,16,6,1.6742199681484182,Аркус
348,2026-06-26,medium,bike,demand_layer,09:00,22:00,13,09:00-22:00,1,13,13,0,4.783642095005415,Рига Холл
35,2026-06-26,high,auto,demand_layer,08:00,21:00,13,08:00-23:00,2,22,26,4,38.963656801163786,Ленинский
35,2026-06-26,high,bike,demand_layer,08:00,16:00,8,08:00-23:00,1,4,8,4,15.794349978695228,Ленинский
35,2026-06-26,high,bike,demand_layer,08:00,23:00,15,08:00-23:00,1,13,15,2,24.914395644528682,Ленинский
37,2026-06-26,medium,bike,demand_layer,08:00,22:00,14,08:00-22:00,1,14,14,0,15.948985303974961,БТ Усачева
38,2026-06-26,medium,auto,demand_layer,08:00,18:00,10,08:00-23:00,1,6,10,4,6.464214569487237,Нева
38,2026-06-26,medium,bike,demand_layer,08:00,23:00,15,08:00-23:00,1,15,15,0,24.044215504445404,Нева
39,2026-06-26,mega,auto,demand_layer,08:00,21:00,13,08:00-23:00,2,22,26,4,44.68004282752192,Гребной
39,2026-06-26,mega,bike,demand_layer,08:00,18:00,10,08:00-23:00,1,8,10,2,22.483472879382933,Гребной
39,2026-06-26,mega,bike,demand_layer,08:00,23:00,15,08:00-23:00,1,13,15,2,28.86669026870652,Гребной
4,2026-06-26,high,auto,demand_layer,08:00,18:00,10,08:00-24:00,1,6,10,4,14.051225684850074,Аврора
4,2026-06-26,high,auto,demand_layer,08:00,24:00,16,08:00-24:00,1,14,16,2,21.687923590882356,Аврора
4,2026-06-26,high,bike,demand_layer,08:00,16:00,8,08:00-24:00,1,6,8,2,30.00461849658897,Аврора
4,2026-06-26,high,bike,demand_layer,08:00,21:00,13,08:00-24:00,1,11,13,2,43.27351502765489,Аврора
4,2026-06-26,high,bike,demand_layer,08:00,24:00,16,08:00-24:00,1,14,16,2,45.34121560003695,Аврора
40,2026-06-26,medium,bike,demand_layer,09:00,19:00,10,09:00-19:00,1,9,10,1,1.469484286803714,БТ Аркус
434,2026-06-26,medium,auto,demand_layer,08:00,18:00,10,08:00-22:00,1,6,10,4,15.265192010427189,Сколково
434,2026-06-26,medium,bike,demand_layer,08:00,22:00,14,08:00-22:00,1,14,14,0,9.655559176599807,Сколково
46,2026-06-26,medium,bike,demand_layer,10:00,18:00,8,10:00-22:00,1,6,8,2,1.0100665818941115,БТ Павелецкая Плаза
47,2026-06-26,medium,bike,demand_layer,08:00,21:00,13,08:00-21:00,1,13,13,0,9.156756600306561,БТ Царская Площадь
478,2026-06-26,medium,bike,demand_layer,11:00,22:00,11,10:30-22:30,1,10,11,1,1.5516817256469508,Сыроварня Метрополис
479,2026-06-26,medium,auto,demand_layer,00:00,06:00,6,00:00-24:00,1,6,6,0,3.2154896929807584,Покровка
479,2026-06-26,medium,bike,demand_layer,00:00,24:00,24,00:00-24:00,1,18,24,6,6.706689211980326,Покровка
5,2026-06-26,medium,auto,demand_layer,00:00,06:00,6,00:00-24:00,1,6,6,0,3.4983034271542364,Покровка (не использовать)
5,2026-06-26,medium,bike,demand_layer,00:00,24:00,24,00:00-24:00,1,18,24,6,6.743132127340594,Покровка (не использовать)
51,2026-06-26,medium,bike,demand_layer,08:00,22:00,14,08:00-22:00,1,14,14,0,5.489441686939861,БТ Новинский
516,2026-06-26,low,auto,demand_layer,09:00,18:00,9,09:00-22:00,1,9,9,0,1.3346749154956161,La Raquette by Pinskiy&Co
58,2026-06-26,medium,auto,demand_layer,09:00,21:00,12,09:00-21:00,1,9,12,3,1.4126699759762285,Печорин Тишинка
59,2026-06-26,medium,auto,demand_layer,09:00,18:00,9,09:00-21:00,1,6,9,3,0.7014459343569364,Печорин Шаболовка
6,2026-06-26,mega,auto,demand_layer,00:00,21:00,21,00:00-24:00,1,11,21,10,28.160643503133425,Неглинная
6,2026-06-26,mega,auto,demand_layer,00:00,24:00,24,00:00-24:00,1,21,24,3,30.128114199119928,Неглинная
6,2026-06-26,mega,bike,demand_layer,00:00,16:00,16,00:00-24:00,1,5,16,11,34.00816634783767,Неглинная
6,2026-06-26,mega,bike,demand_layer,00:00,21:00,21,00:00-24:00,1,12,21,9,45.45246881995894,Неглинная
6,2026-06-26,mega,bike,demand_layer,00:00,24:00,24,00:00-24:00,1,17,24,7,48.772575619436175,Неглинная
69,2026-06-26,mega,auto,demand_layer,08:00,16:00,8,08:00-23:00,1,6,8,2,30.705139961831776,Опен Мичуринский
69,2026-06-26,mega,auto,demand_layer,08:00,21:00,13,08:00-23:00,1,11,13,2,48.02039410812243,Опен Мичуринский
69,2026-06-26,mega,auto,demand_layer,08:00,23:00,15,08:00-23:00,1,13,15,2,52.179685017413235,Опен Мичуринский
69,2026-06-26,mega,bike,demand_layer,08:00,21:00,13,08:00-23:00,2,22,26,4,66.51351469036294,Опен Мичуринский
69,2026-06-26,mega,bike,demand_layer,08:00,23:00,15,08:00-23:00,1,13,15,2,69.71902021383528,Опен Мичуринский
7,2026-06-26,mega,auto,demand_layer,00:00,16:00,16,00:00-24:00,1,6,16,10,27.832246783127903,Белая Площадь
7,2026-06-26,mega,auto,demand_layer,00:00,24:00,24,00:00-24:00,2,38,48,10,37.10775184639257,Белая Площадь
7,2026-06-26,mega,bike,demand_layer,00:00,21:00,21,00:00-24:00,1,12,21,9,47.601028996335266,Белая Площадь
7,2026-06-26,mega,bike,demand_layer,00:00,24:00,24,00:00-24:00,1,17,24,7,51.30459670129249,Белая Площадь
72,2026-06-26,medium,auto,demand_layer,12:00,24:00,12,12:00-24:00,1,12,12,0,1.302732528119811,КО Магадан
8,2026-06-26,mega,bike,demand_layer,08:00,18:00,10,07:30-23:30,1,8,10,2,60.21690078262775,Усачева
8,2026-06-26,mega,bike,demand_layer,08:00,21:00,13,07:30-23:30,1,11,13,2,72.96596770471466,Усачева
8,2026-06-26,mega,bike,demand_layer,08:00,23:00,15,07:30-23:30,1,13,15,2,75.33794160611482,Усачева
9,2026-06-26,high,auto,demand_layer,08:00,21:00,13,08:00-24:00,1,6,13,7,19.407176629829394,КИНКИ
9,2026-06-26,high,auto,demand_layer,08:00,24:00,16,08:00-24:00,1,14,16,2,25.38945616932387,КИНКИ
9,2026-06-26,high,bike,demand_layer,08:00,24:00,16,08:00-24:00,1,14,16,2,12.498295906903179,КИНКИ
99,2026-06-26,mega,bike,demand_layer,07:00,16:00,9,07:00-23:00,1,6,9,3,57.30477922297416,Опен Аркус
99,2026-06-26,mega,bike,demand_layer,07:00,18:00,11,07:00-23:00,1,8,11,3,68.96417577447725,Опен Аркус
99,2026-06-26,mega,bike,demand_layer,07:00,21:00,14,07:00-23:00,1,11,14,3,87.30423270500111,Опен Аркус
99,2026-06-26,mega,bike,demand_layer,07:00,23:00,16,07:00-23:00,2,26,32,6,92.78758779309159,Опен Аркус
grp_102_125,2026-06-26,medium,auto,demand_layer,00:00,23:00,23,00:00-23:59,1,23,23,0,14.783109453560366,Мясо&Рыба Тверская + Meraki
grp_122_131,2026-06-26,medium,bike,demand_layer,08:00,23:00,15,08:00-23:59,1,5,15,10,1.0121902139207521,Косяк Тишинка + EVA Б.Грузинская
grp_130_139,2026-06-26,medium,auto,demand_layer,09:00,23:00,14,09:00-23:59,1,11,14,3,4.004858999315852,EVA Хамовники + Клёво Усачева
grp_136_292,2026-06-26,medium,auto,demand_layer,12:00,23:00,11,12:00-23:00,1,11,11,0,3.4558443762384528,Ikura + Узбекистан
grp_187_296,2026-06-26,medium,auto,demand_layer,10:00,23:00,13,10:00-23:00,1,11,13,2,5.4696032297477775,Биродром и Панчетта Народное ополчение + Клево Авиапарк
grp_19_54,2026-06-26,medium,auto,demand_layer,08:00,24:00,16,08:00-24:00,2,28,32,4,21.384834099130636,Conversation Никитская + Maroon
grp_288_424,2026-06-26,medium,auto,demand_layer,11:00,23:00,12,11:00-23:00,1,11,12,1,4.998485085507264,Биродром и Ив.Дурдинъ Мичуринский + Корнер Ланового
grp_302_443,2026-06-26,medium,auto,demand_layer,10:00,18:00,8,10:00-22:00,1,8,8,0,1.3182376988637472,Ribambelle Шелепиха + Пинский доставка
grp_62_140,2026-06-26,medium,auto,demand_layer,09:00,23:00,14,09:00-23:00,1,14,14,0,2.6835478675623263,Печорин Новочеремушкинская  + Клёво Черемушки
grp_71_94,2026-06-26,medium,bike,demand_layer,12:00,23:00,11,12:00-23:59,1,11,11,0,0.9540886974109658,КО Medusa + КО Высота 5642
grp_98_298,2026-06-26,medium,auto,demand_layer,08:00,23:00,15,08:00-23:00,1,5,15,10,5.689438062618566,Печорин Угрешская + Ив. Дурдинъ Волгоградский
grp_98_298,2026-06-26,medium,bike,demand_layer,08:00,18:00,10,08:00-23:00,1,6,10,4,0.641965594146445,Печорин Угрешская + Ив. Дурдинъ Волгоградский
1,2026-06-27,medium,bike,demand_layer,09:00,23:00,14,09:00-23:00,1,14,14,0,20.001745310887408,Wall Street
10,2026-06-27,medium,bike,demand_layer,08:00,23:00,15,08:00-23:30,1,15,15,0,29.23974114486939,Якиманка
100,2026-06-27,medium,auto,demand_layer,10:00,18:00,8,10:00-23:00,1,6,8,2,0.6013523213343033,Колбасный Цех / Магадан
101,2026-06-27,high,auto,demand_layer,08:00,18:00,10,08:00-23:00,1,5,10,5,24.164724693881045,Алия
101,2026-06-27,high,auto,demand_layer,08:00,21:00,13,08:00-23:00,1,11,13,2,30.426220677046697,Алия
101,2026-06-27,high,auto,demand_layer,08:00,23:00,15,08:00-23:00,1,13,15,2,32.01764923258757,Алия
101,2026-06-27,high,bike,demand_layer,08:00,16:00,8,08:00-23:00,1,4,8,4,0.9138248920438594,Алия
11,2026-06-27,medium,auto,demand_layer,00:00,07:00,7,00:00-07:00,5,31,35,4,24.24393476637119,Кутузовский
11,2026-06-27,medium,auto,demand_layer,23:00,24:00,1,23:00-24:00,1,1,1,0,0.8012309616836272,Кутузовский
114,2026-06-27,low,auto,demand_layer,10:00,12:00,2,10:00-23:59,1,2,2,0,0.18072477883258756,Bluefin Скаковая
115,2026-06-27,high,auto,demand_layer,07:00,21:00,14,07:00-23:00,1,11,14,3,25.84098242616362,Опен Символ
115,2026-06-27,high,auto,demand_layer,07:00,23:00,16,07:00-23:00,1,13,16,3,27.96421600910704,Опен Символ
115,2026-06-27,high,bike,demand_layer,07:00,11:00,4,07:00-23:00,1,2,4,2,4.500481285554739,Опен Символ
115,2026-06-27,high,bike,demand_layer,07:00,21:00,14,07:00-23:00,1,11,14,3,18.25676873561937,Опен Символ
116,2026-06-27,medium,auto,demand_layer,12:00,23:00,11,12:00-23:00,1,5,11,6,0.8404554345309531,Корнер Дмитровка
119,2026-06-27,medium,bike,demand_layer,11:00,23:00,12,11:00-23:00,1,11,12,1,1.0972495869667749,Bluefin Успенское
12,2026-06-27,high,auto,demand_layer,09:00,22:00,13,09:00-22:00,1,12,13,1,24.409215246798837,Хорошо
12,2026-06-27,high,bike,demand_layer,09:00,18:00,9,09:00-22:00,1,8,9,1,18.529604137543544,Хорошо
12,2026-06-27,high,bike,demand_layer,09:00,22:00,13,09:00-22:00,1,11,13,2,21.987605750789662,Хорошо
123,2026-06-27,high,auto,demand_layer,08:00,18:00,10,08:00-23:00,1,8,10,2,8.040886243454667,Опен Нева
123,2026-06-27,high,bike,demand_layer,08:00,21:00,13,08:00-23:00,2,14,26,12,20.386889107443274,Опен Нева
124,2026-06-27,medium,auto,demand_layer,09:00,18:00,9,09:00-22:30,1,6,9,3,0.6230171834261392,ЦБ AVA Bistro
126,2026-06-27,high,bike,demand_layer,07:00,11:00,4,07:00-23:00,1,2,4,2,9.888556272980434,Опен Покровка
126,2026-06-27,high,bike,demand_layer,07:00,21:00,14,07:00-23:00,1,11,14,3,40.51991419556521,Опен Покровка
126,2026-06-27,high,bike,demand_layer,07:00,23:00,16,07:00-23:00,1,13,16,3,42.02080974412914,Опен Покровка
127,2026-06-27,medium,bike,demand_layer,07:00,23:00,16,07:00-23:00,1,16,16,0,5.198970122640648,БТ Покровка
128,2026-06-27,high,bike,demand_layer,08:00,18:00,10,08:00-24:00,1,8,10,2,37.95732323861721,Кофемания Лаки
128,2026-06-27,high,bike,demand_layer,08:00,24:00,16,08:00-24:00,1,14,16,2,53.165360191846474,Кофемания Лаки
137,2026-06-27,medium,bike,demand_layer,08:00,18:00,10,08:00-23:59,1,10,10,0,3.598546645429704,БТ Мясницкая
138,2026-06-27,medium,bike,demand_layer,08:00,18:00,10,08:00-23:00,1,10,10,0,3.871778988700626,БТ Таганка
14,2026-06-27,high,auto,demand_layer,09:00,11:00,2,09:00-23:00,1,2,2,0,7.0541785707073785,Метрополис
14,2026-06-27,high,auto,demand_layer,09:00,16:00,7,09:00-23:00,1,6,7,1,21.854092446585486,Метрополис
14,2026-06-27,high,auto,demand_layer,09:00,18:00,9,09:00-23:00,1,8,9,1,24.890234069155493,Метрополис
14,2026-06-27,high,auto,demand_layer,09:00,21:00,12,09:00-23:00,1,11,12,1,29.09739329550335,Метрополис
14,2026-06-27,high,bike,demand_layer,09:00,23:00,14,09:00-23:00,1,8,14,6,4.864383907080684,Метрополис
142,2026-06-27,medium,bike,demand_layer,08:00,23:00,15,08:00-23:59,1,15,15,0,19.794563863496553,RED7
15,2026-06-27,medium,auto,demand_layer,00:00,06:00,6,00:00-24:00,1,6,6,0,4.450330968687521,Комсомолка
15,2026-06-27,medium,bike,demand_layer,00:00,24:00,24,00:00-24:00,1,18,24,6,8.559678146509478,Комсомолка
16,2026-06-27,medium,bike,demand_layer,08:00,23:00,15,08:00-23:00,1,15,15,0,8.51565946909914,Мосфильм
17,2026-06-27,high,auto,demand_layer,08:00,11:00,3,08:00-22:00,1,2,3,1,4.8815051079079055,Внуково
17,2026-06-27,high,auto,demand_layer,08:00,22:00,14,08:00-22:00,2,23,28,5,24.997404675814828,Внуково
17,2026-06-27,high,bike,demand_layer,08:00,22:00,14,08:00-22:00,1,11,14,3,13.60883341569707,Внуково
18,2026-06-27,medium,auto,demand_layer,08:00,18:00,10,08:00-22:00,2,16,20,4,19.70200956316529,Новая Рига
18,2026-06-27,medium,bike,demand_layer,08:00,22:00,14,08:00-22:00,1,14,14,0,11.764330654999357,Новая Рига
182,2026-06-27,medium,auto,demand_layer,09:00,23:00,14,09:00-23:00,1,11,14,3,1.6949563328307462,Miss You
2,2026-06-27,high,bike,demand_layer,07:00,21:00,14,07:00-24:00,1,11,14,3,38.65556126219491,Кудринская
2,2026-06-27,high,bike,demand_layer,07:00,24:00,17,07:00-24:00,1,14,17,3,43.58794411754655,Кудринская
20,2026-06-27,medium,auto,demand_layer,09:00,18:00,9,09:00-22:00,1,6,9,3,12.54933104635234,Павлово
20,2026-06-27,medium,bike,demand_layer,09:00,22:00,13,09:00-22:00,1,13,13,0,8.176365164219138,Павлово
21,2026-06-27,high,auto,demand_layer,08:00,16:00,8,08:00-23:00,1,6,8,2,21.78040324088271,Горки-2
21,2026-06-27,high,auto,demand_layer,08:00,21:00,13,08:00-23:00,1,11,13,2,33.229030498559794,Горки-2
21,2026-06-27,high,auto,demand_layer,08:00,23:00,15,08:00-23:00,1,13,15,2,36.33684274488107,Горки-2
21,2026-06-27,high,bike,demand_layer,08:00,23:00,15,08:00-23:00,1,13,15,2,19.368446976823915,Горки-2
22,2026-06-27,medium,auto,demand_layer,12:00,18:00,6,12:00-24:00,1,6,6,0,0.508195104958204,Жажда Крови
222,2026-06-27,low,auto,demand_layer,06:00,12:00,6,06:00-23:59,1,6,6,0,0.6585075560888993,Ирис Химки
25,2026-06-27,high,auto,demand_layer,08:00,16:00,8,08:00-24:00,1,4,8,4,4.8310411923851,Весна
25,2026-06-27,high,bike,demand_layer,08:00,11:00,3,08:00-24:00,1,2,3,1,4.436509477822294,Весна
25,2026-06-27,high,bike,demand_layer,08:00,24:00,16,08:00-24:00,1,14,16,2,23.812772646997555,Весна
26,2026-06-27,medium,bike,demand_layer,08:00,23:00,15,08:00-23:00,1,15,15,0,26.927220682601018,Тверская
27,2026-06-27,medium,auto,demand_layer,08:00,23:00,15,08:00-23:30,1,5,15,10,1.214013661276585,4 Ветра
28,2026-06-27,medium,bike,demand_layer,10:00,18:00,8,10:00-23:00,1,6,8,2,0.6599612608284907,Гранд
29,2026-06-27,mega,auto,demand_layer,07:00,16:00,9,07:00-23:00,3,18,27,9,40.55833888798312,Украинский
29,2026-06-27,mega,auto,demand_layer,07:00,21:00,14,07:00-23:00,2,22,28,6,56.48429752728605,Украинский
29,2026-06-27,mega,auto,demand_layer,07:00,23:00,16,07:00-23:00,1,13,16,3,60.455789945043364,Украинский
29,2026-06-27,mega,bike,demand_layer,07:00,18:00,11,07:00-23:00,1,8,11,3,24.895766223252437,Украинский
29,2026-06-27,mega,bike,demand_layer,07:00,23:00,16,07:00-23:00,1,13,16,3,30.010866257955975,Украинский
30,2026-06-27,mega,auto,demand_layer,08:00,21:00,13,08:00-24:00,1,11,13,2,25.66350918239971,Черёмушки
30,2026-06-27,mega,auto,demand_layer,08:00,24:00,16,08:00-24:00,1,14,16,2,32.069897891024375,Черёмушки
30,2026-06-27,mega,bike,demand_layer,08:00,18:00,10,08:00-24:00,1,8,10,2,25.28714615402687,Черёмушки
30,2026-06-27,mega,bike,demand_layer,08:00,24:00,16,08:00-24:00,1,14,16,2,31.446322922543576,Черёмушки
301,2026-06-27,medium,bike,demand_layer,12:00,23:00,11,12:00-23:00,1,11,11,0,1.118212517005012,Биродром и Панчетта Дежнева
33,2026-06-27,high,auto,demand_layer,08:00,21:00,13,08:00-23:00,2,22,26,4,17.5139949973591,Даниловский
33,2026-06-27,high,bike,demand_layer,08:00,16:00,8,08:00-23:00,1,6,8,2,20.864474118886076,Даниловский
33,2026-06-27,high,bike,demand_layer,08:00,23:00,15,08:00-23:00,1,13,15,2,29.719085280314125,Даниловский
335,2026-06-27,low,auto,demand_layer,00:00,06:00,6,00:00-24:00,1,6,6,0,10.869331365927662,Кутузовский (Не использовать)
335,2026-06-27,low,auto,demand_layer,00:00,24:00,24,00:00-24:00,1,12,24,12,17.292183787797526,Кутузовский (Не использовать)
335,2026-06-27,low,bike,demand_layer,00:00,12:00,12,00:00-24:00,1,12,12,0,6.515933482021495,Кутузовский (Не использовать)
34,2026-06-27,medium,auto,demand_layer,08:00,24:00,16,08:00-24:00,1,6,16,10,4.060531464490753,Аркус
34,2026-06-27,medium,bike,demand_layer,08:00,12:00,4,08:00-24:00,1,4,4,0,0.4349495623286004,Аркус
348,2026-06-27,medium,bike,demand_layer,09:00,22:00,13,09:00-22:00,1,13,13,0,4.473363693617956,Рига Холл
35,2026-06-27,high,auto,demand_layer,08:00,21:00,13,08:00-23:00,2,22,26,4,37.71271051982596,Ленинский
35,2026-06-27,high,bike,demand_layer,08:00,16:00,8,08:00-23:00,1,6,8,2,16.688828619572497,Ленинский
35,2026-06-27,high,bike,demand_layer,08:00,23:00,15,08:00-23:00,1,13,15,2,24.239126828128146,Ленинский
36,2026-06-27,medium,auto,demand_layer,08:00,23:00,15,08:00-23:00,1,9,15,6,1.423869016923076,Friends Forever Botanica
37,2026-06-27,medium,bike,demand_layer,08:00,22:00,14,08:00-22:00,1,14,14,0,14.650538457304835,БТ Усачева
38,2026-06-27,medium,bike,demand_layer,08:00,23:00,15,08:00-23:00,1,15,15,0,20.91652365838535,Нева
39,2026-06-27,mega,auto,demand_layer,08:00,21:00,13,08:00-23:00,2,22,26,4,38.55696562747295,Гребной
39,2026-06-27,mega,bike,demand_layer,08:00,16:00,8,08:00-23:00,1,6,8,2,17.013794667091815,Гребной
39,2026-06-27,mega,bike,demand_layer,08:00,23:00,15,08:00-23:00,1,13,15,2,25.24831246277265,Гребной
4,2026-06-27,high,auto,demand_layer,10:00,24:00,14,10:00-24:00,1,12,14,2,16.00599086408753,Аврора
4,2026-06-27,high,bike,demand_layer,10:00,16:00,6,10:00-24:00,1,4,6,2,20.54880324313612,Аврора
4,2026-06-27,high,bike,demand_layer,10:00,21:00,11,10:00-24:00,1,10,11,1,31.171274902482057,Аврора
4,2026-06-27,high,bike,demand_layer,10:00,24:00,14,10:00-24:00,1,13,14,1,33.10630664805847,Аврора
40,2026-06-27,medium,bike,demand_layer,09:00,19:00,10,09:00-19:00,1,9,10,1,1.1836016089871235,БТ Аркус
434,2026-06-27,medium,auto,demand_layer,08:00,22:00,14,08:00-22:00,1,14,14,0,22.272584279162267,Сколково
434,2026-06-27,medium,bike,demand_layer,08:00,22:00,14,08:00-22:00,1,14,14,0,10.888745111152039,Сколково
46,2026-06-27,medium,bike,demand_layer,10:00,18:00,8,10:00-22:00,1,6,8,2,0.8094282292838261,БТ Павелецкая Плаза
47,2026-06-27,medium,bike,demand_layer,08:00,21:00,13,08:00-21:00,1,13,13,0,7.15321445735408,БТ Царская Площадь
478,2026-06-27,medium,bike,demand_layer,11:00,22:00,11,10:30-22:30,1,10,11,1,1.2015865386273115,Сыроварня Метрополис
479,2026-06-27,medium,auto,demand_layer,00:00,06:00,6,00:00-24:00,1,6,6,0,2.8210838951074253,Покровка
479,2026-06-27,medium,bike,demand_layer,00:00,24:00,24,00:00-24:00,1,18,24,6,6.467342805416191,Покровка
5,2026-06-27,medium,auto,demand_layer,00:00,06:00,6,00:00-24:00,1,6,6,0,3.461837599328732,Покровка (не использовать)
5,2026-06-27,medium,bike,demand_layer,00:00,24:00,24,00:00-24:00,1,18,24,6,6.236973573756034,Покровка (не использовать)
51,2026-06-27,medium,bike,demand_layer,08:00,18:00,10,08:00-22:00,1,10,10,0,2.2091157095760416,БТ Новинский
516,2026-06-27,low,auto,demand_layer,09:00,18:00,9,09:00-22:00,1,9,9,0,1.1062958106053031,La Raquette by Pinskiy&Co
58,2026-06-27,medium,auto,demand_layer,09:00,21:00,12,09:00-21:00,1,12,12,0,1.2712202445184198,Печорин Тишинка
59,2026-06-27,medium,auto,demand_layer,09:00,18:00,9,09:00-21:00,1,6,9,3,0.9165889153776096,Печорин Шаболовка
6,2026-06-27,mega,auto,demand_layer,00:00,11:00,11,00:00-24:00,1,2,11,9,9.78335714478241,Неглинная
6,2026-06-27,mega,auto,demand_layer,00:00,24:00,24,00:00-24:00,1,21,24,3,23.5315332965194,Неглинная
6,2026-06-27,mega,bike,demand_layer,00:00,21:00,21,00:00-24:00,1,12,21,9,34.76924186176261,Неглинная
6,2026-06-27,mega,bike,demand_layer,00:00,24:00,24,00:00-24:00,1,17,24,7,38.05291940049088,Неглинная
69,2026-06-27,mega,auto,demand_layer,08:00,16:00,8,08:00-23:00,1,6,8,2,34.220118524041254,Опен Мичуринский
69,2026-06-27,mega,auto,demand_layer,08:00,21:00,13,08:00-23:00,1,11,13,2,49.357551629521055,Опен Мичуринский
69,2026-06-27,mega,auto,demand_layer,08:00,23:00,15,08:00-23:00,1,13,15,2,52.87300381721249,Опен Мичуринский
69,2026-06-27,mega,bike,demand_layer,08:00,16:00,8,08:00-23:00,1,4,8,4,47.629770598564214,Опен Мичуринский
69,2026-06-27,mega,bike,demand_layer,08:00,18:00,10,08:00-23:00,1,8,10,2,56.41925481976357,Опен Мичуринский
69,2026-06-27,mega,bike,demand_layer,08:00,21:00,13,08:00-23:00,1,11,13,2,68.43074768196563,Опен Мичуринский
69,2026-06-27,mega,bike,demand_layer,08:00,23:00,15,08:00-23:00,1,13,15,2,71.14005598737323,Опен Мичуринский
7,2026-06-27,mega,auto,demand_layer,00:00,11:00,11,00:00-24:00,1,3,11,8,20.275877718849593,Белая Площадь
7,2026-06-27,mega,auto,demand_layer,00:00,16:00,16,00:00-24:00,1,9,16,7,25.96572880170615,Белая Площадь
7,2026-06-27,mega,auto,demand_layer,00:00,24:00,24,00:00-24:00,1,21,24,3,33.49585216744917,Белая Площадь
7,2026-06-27,mega,bike,demand_layer,00:00,21:00,21,00:00-24:00,1,12,21,9,39.66095917682688,Белая Площадь
7,2026-06-27,mega,bike,demand_layer,00:00,24:00,24,00:00-24:00,1,17,24,7,42.94186225415416,Белая Площадь
72,2026-06-27,medium,auto,demand_layer,12:00,24:00,12,12:00-24:00,1,12,12,0,1.194287238457819,КО Магадан
8,2026-06-27,mega,bike,demand_layer,08:00,11:00,3,07:30-23:30,1,2,3,1,17.427293637556357,Усачева
8,2026-06-27,mega,bike,demand_layer,08:00,16:00,8,07:30-23:30,1,6,8,2,46.330454616934716,Усачева
8,2026-06-27,mega,bike,demand_layer,08:00,21:00,13,07:30-23:30,1,11,13,2,65.01881775690741,Усачева
8,2026-06-27,mega,bike,demand_layer,08:00,23:00,15,07:30-23:30,1,13,15,2,67.133251576594,Усачева
9,2026-06-27,high,auto,demand_layer,08:00,21:00,13,08:00-24:00,1,5,13,8,21.02903168974392,КИНКИ
9,2026-06-27,high,auto,demand_layer,08:00,24:00,16,08:00-24:00,1,14,16,2,26.088063398721054,КИНКИ
9,2026-06-27,high,bike,demand_layer,08:00,24:00,16,08:00-24:00,1,14,16,2,13.140620831545021,КИНКИ
99,2026-06-27,mega,bike,demand_layer,07:00,16:00,9,07:00-23:00,2,12,18,6,54.66038354030752,Опен Аркус
99,2026-06-27,mega,bike,demand_layer,07:00,21:00,14,07:00-23:00,1,11,14,3,80.3823927323757,Опен Аркус
99,2026-06-27,mega,bike,demand_layer,07:00,23:00,16,07:00-23:00,2,26,32,6,84.27927013335099,Опен Аркус
grp_102_125,2026-06-27,medium,auto,demand_layer,00:00,23:00,23,00:00-23:59,1,23,23,0,10.115337832113026,Мясо&Рыба Тверская + Meraki
grp_122_131,2026-06-27,medium,bike,demand_layer,08:00,23:00,15,08:00-23:59,1,5,15,10,1.0676499382446851,Косяк Тишинка + EVA Б.Грузинская
grp_130_139,2026-06-27,medium,auto,demand_layer,09:00,23:00,14,09:00-23:59,1,11,14,3,2.6629491727305084,EVA Хамовники + Клёво Усачева
grp_136_292,2026-06-27,medium,auto,demand_layer,12:00,23:00,11,12:00-23:00,1,11,11,0,2.940590900484752,Ikura + Узбекистан
grp_187_296,2026-06-27,medium,auto,demand_layer,10:00,23:00,13,10:00-23:00,1,11,13,2,2.428206525944197,Биродром и Панчетта Народное ополчение + Клево Авиапарк
grp_19_54,2026-06-27,medium,auto,demand_layer,08:00,24:00,16,08:00-24:00,2,28,32,4,21.39845467632811,Conversation Никитская + Maroon
grp_288_424,2026-06-27,medium,auto,demand_layer,11:00,23:00,12,11:00-23:00,1,11,12,1,3.85372769229648,Биродром и Ив.Дурдинъ Мичуринский + Корнер Ланового
grp_302_443,2026-06-27,medium,auto,demand_layer,10:00,18:00,8,10:00-22:00,1,6,8,2,1.1620627696974903,Ribambelle Шелепиха + Пинский доставка
grp_62_140,2026-06-27,medium,auto,demand_layer,09:00,23:00,14,09:00-23:00,1,14,14,0,1.978925472783735,Печорин Новочеремушкинская  + Клёво Черемушки
grp_71_94,2026-06-27,medium,auto,demand_layer,12:00,23:00,11,12:00-23:59,1,11,11,0,1.6304308365002782,КО Medusa + КО Высота 5642
grp_98_298,2026-06-27,medium,auto,demand_layer,08:00,23:00,15,08:00-23:00,1,11,15,4,3.640718062430562,Печорин Угрешская + Ив. Дурдинъ Волгоградский
1,2026-06-28,medium,bike,demand_layer,09:00,23:00,14,09:00-23:00,1,14,14,0,17.01642117452406,Wall Street
10,2026-06-28,medium,bike,demand_layer,08:00,23:00,15,08:00-23:30,1,15,15,0,22.405858766562474,Якиманка
100,2026-06-28,medium,auto,demand_layer,10:00,18:00,8,10:00-22:00,1,6,8,2,0.6011453444810442,Колбасный Цех / Магадан
101,2026-06-28,high,auto,demand_layer,08:00,18:00,10,08:00-23:00,1,5,10,5,26.13649517350077,Алия
101,2026-06-28,high,auto,demand_layer,08:00,21:00,13,08:00-23:00,1,11,13,2,32.45425824949855,Алия
101,2026-06-28,high,auto,demand_layer,08:00,23:00,15,08:00-23:00,1,13,15,2,34.15389502117968,Алия
101,2026-06-28,high,bike,demand_layer,08:00,16:00,8,08:00-23:00,1,4,8,4,0.9923039260149864,Алия
11,2026-06-28,medium,auto,demand_layer,00:00,07:00,7,00:00-07:00,5,31,35,4,24.16526491082398,Кутузовский
11,2026-06-28,medium,auto,demand_layer,23:00,24:00,1,23:00-24:00,1,1,1,0,0.7900223175763287,Кутузовский
114,2026-06-28,low,auto,demand_layer,10:00,12:00,2,10:00-23:59,1,2,2,0,0.17873460296231336,Bluefin Скаковая
115,2026-06-28,high,auto,demand_layer,07:00,16:00,9,07:00-23:00,1,4,9,5,17.016908537355445,Опен Символ
115,2026-06-28,high,auto,demand_layer,07:00,21:00,14,07:00-23:00,1,11,14,3,25.964362766952245,Опен Символ
115,2026-06-28,high,auto,demand_layer,07:00,23:00,16,07:00-23:00,1,13,16,3,27.622011623003168,Опен Символ
115,2026-06-28,high,bike,demand_layer,07:00,11:00,4,07:00-23:00,1,2,4,2,4.009402778759832,Опен Символ
115,2026-06-28,high,bike,demand_layer,07:00,21:00,14,07:00-23:00,1,11,14,3,18.34626051396146,Опен Символ
116,2026-06-28,medium,auto,demand_layer,12:00,23:00,11,12:00-23:00,1,5,11,6,0.8394123267302702,Корнер Дмитровка
119,2026-06-28,medium,bike,demand_layer,11:00,23:00,12,11:00-23:00,1,11,12,1,1.0797910540767026,Bluefin Успенское
12,2026-06-28,high,auto,demand_layer,09:00,22:00,13,09:00-22:00,1,12,13,1,24.830443651982694,Хорошо
12,2026-06-28,high,bike,demand_layer,09:00,18:00,9,09:00-22:00,1,8,9,1,18.48686945349008,Хорошо
12,2026-06-28,high,bike,demand_layer,09:00,22:00,13,09:00-22:00,1,11,13,2,22.080270594930646,Хорошо
121,2026-06-28,medium,auto,demand_layer,10:00,22:00,12,10:00-22:00,1,10,12,2,0.8685665639658533,Косяк Новая Рига
123,2026-06-28,high,auto,demand_layer,08:00,18:00,10,08:00-23:00,1,8,10,2,6.996767549948032,Опен Нева
123,2026-06-28,high,bike,demand_layer,08:00,21:00,13,08:00-23:00,2,14,26,12,17.98980819523359,Опен Нева
124,2026-06-28,medium,auto,demand_layer,09:00,18:00,9,09:00-22:30,1,6,9,3,0.6227403810132275,ЦБ AVA Bistro
126,2026-06-28,high,bike,demand_layer,07:00,11:00,4,07:00-23:00,1,2,4,2,9.595387332859152,Опен Покровка
126,2026-06-28,high,bike,demand_layer,07:00,21:00,14,07:00-23:00,1,11,14,3,42.45554921413807,Опен Покровка
126,2026-06-28,high,bike,demand_layer,07:00,23:00,16,07:00-23:00,1,13,16,3,44.2787712703836,Опен Покровка
127,2026-06-28,medium,bike,demand_layer,07:00,23:00,16,07:00-23:00,1,16,16,0,6.27303451377332,БТ Покровка
128,2026-06-28,high,bike,demand_layer,08:00,21:00,13,08:00-24:00,1,11,13,2,51.43244929375628,Кофемания Лаки
128,2026-06-28,high,bike,demand_layer,08:00,24:00,16,08:00-24:00,1,14,16,2,56.46483160433006,Кофемания Лаки
137,2026-06-28,medium,bike,demand_layer,08:00,18:00,10,08:00-23:00,1,6,10,4,2.503832243871325,БТ Мясницкая
138,2026-06-28,medium,bike,demand_layer,08:00,18:00,10,08:00-23:00,1,10,10,0,2.7490294824088006,БТ Таганка
14,2026-06-28,high,auto,demand_layer,09:00,11:00,2,09:00-23:00,1,2,2,0,6.972172080247592,Метрополис
14,2026-06-28,high,auto,demand_layer,09:00,16:00,7,09:00-23:00,1,6,7,1,22.02676972308526,Метрополис
14,2026-06-28,high,auto,demand_layer,09:00,18:00,9,09:00-23:00,1,8,9,1,25.087338491523482,Метрополис
14,2026-06-28,high,auto,demand_layer,09:00,21:00,12,09:00-23:00,1,11,12,1,29.613101283557167,Метрополис
14,2026-06-28,high,bike,demand_layer,09:00,23:00,14,09:00-23:00,1,8,14,6,5.141382266953928,Метрополис
142,2026-06-28,medium,bike,demand_layer,08:00,23:00,15,08:00-23:59,1,15,15,0,17.527010540630773,RED7
15,2026-06-28,medium,auto,demand_layer,00:00,06:00,6,00:00-24:00,1,6,6,0,4.34635074656414,Комсомолка
15,2026-06-28,medium,bike,demand_layer,00:00,24:00,24,00:00-24:00,1,18,24,6,8.372637034238481,Комсомолка
16,2026-06-28,medium,bike,demand_layer,08:00,23:00,15,08:00-23:00,1,15,15,0,7.6848419198585205,Мосфильм
17,2026-06-28,high,auto,demand_layer,08:00,22:00,14,08:00-22:00,2,22,28,6,24.88251380849931,Внуково
17,2026-06-28,high,bike,demand_layer,08:00,22:00,14,08:00-22:00,1,12,14,2,13.482790601456777,Внуково
18,2026-06-28,medium,auto,demand_layer,08:00,18:00,10,08:00-22:00,2,16,20,4,22.68648647855058,Новая Рига
18,2026-06-28,medium,bike,demand_layer,08:00,22:00,14,08:00-22:00,1,14,14,0,13.298041998992847,Новая Рига
182,2026-06-28,medium,auto,demand_layer,09:00,23:00,14,09:00-23:00,1,11,14,3,1.4850722264583747,Miss You
2,2026-06-28,high,bike,demand_layer,07:00,21:00,14,07:00-24:00,1,11,14,3,36.76452141491144,Кудринская
2,2026-06-28,high,bike,demand_layer,07:00,24:00,17,07:00-24:00,1,14,17,3,41.9979695203851,Кудринская
20,2026-06-28,medium,auto,demand_layer,09:00,18:00,9,09:00-22:00,1,6,9,3,13.35904810123915,Павлово
20,2026-06-28,medium,bike,demand_layer,09:00,22:00,13,09:00-22:00,1,13,13,0,8.45096299261152,Павлово
21,2026-06-28,high,auto,demand_layer,08:00,18:00,10,08:00-23:00,1,8,10,2,27.47444789425036,Горки-2
21,2026-06-28,high,auto,demand_layer,08:00,21:00,13,08:00-23:00,1,11,13,2,34.774583872888385,Горки-2
21,2026-06-28,high,auto,demand_layer,08:00,23:00,15,08:00-23:00,1,13,15,2,37.9239791779532,Горки-2
21,2026-06-28,high,bike,demand_layer,08:00,23:00,15,08:00-23:00,1,13,15,2,20.180969316660438,Горки-2
222,2026-06-28,low,auto,demand_layer,06:00,12:00,6,06:00-23:59,1,6,6,0,0.6430497733579161,Ирис Химки
25,2026-06-28,high,auto,demand_layer,08:00,16:00,8,08:00-24:00,1,4,8,4,4.894942296253009,Весна
25,2026-06-28,high,bike,demand_layer,08:00,11:00,3,08:00-24:00,1,2,3,1,3.6340792631391183,Весна
25,2026-06-28,high,bike,demand_layer,08:00,24:00,16,08:00-24:00,1,14,16,2,23.670221731121735,Весна
26,2026-06-28,medium,bike,demand_layer,08:00,23:00,15,08:00-23:00,1,15,15,0,24.56837244726489,Тверская
27,2026-06-28,medium,auto,demand_layer,08:00,23:00,15,08:00-23:30,1,5,15,10,1.196684663397622,4 Ветра
28,2026-06-28,medium,bike,demand_layer,10:00,18:00,8,10:00-23:00,1,6,8,2,0.6484428599379904,Гранд
29,2026-06-28,mega,auto,demand_layer,07:00,16:00,9,07:00-23:00,2,12,18,6,37.96463229597485,Украинский
29,2026-06-28,mega,auto,demand_layer,07:00,18:00,11,07:00-23:00,1,8,11,3,44.587273160550126,Украинский
29,2026-06-28,mega,auto,demand_layer,07:00,21:00,14,07:00-23:00,2,22,28,6,54.54841751665551,Украинский
29,2026-06-28,mega,auto,demand_layer,07:00,23:00,16,07:00-23:00,1,13,16,3,58.37539990041154,Украинский
29,2026-06-28,mega,bike,demand_layer,07:00,18:00,11,07:00-23:00,1,8,11,3,23.980197902595137,Украинский
29,2026-06-28,mega,bike,demand_layer,07:00,23:00,16,07:00-23:00,1,13,16,3,29.083570001642148,Украинский
30,2026-06-28,mega,auto,demand_layer,08:00,21:00,13,08:00-24:00,1,11,13,2,24.870415852582475,Черёмушки
30,2026-06-28,mega,auto,demand_layer,08:00,24:00,16,08:00-24:00,1,14,16,2,31.42043841490186,Черёмушки
30,2026-06-28,mega,bike,demand_layer,08:00,18:00,10,08:00-24:00,1,8,10,2,24.479359744710788,Черёмушки
30,2026-06-28,mega,bike,demand_layer,08:00,24:00,16,08:00-24:00,1,14,16,2,30.37139248749566,Черёмушки
301,2026-06-28,medium,auto,demand_layer,12:00,23:00,11,12:00-23:00,1,5,11,6,2.1510799724907748,Биродром и Панчетта Дежнева
301,2026-06-28,medium,bike,demand_layer,12:00,18:00,6,12:00-23:00,1,6,6,0,0.5926434443615831,Биродром и Панчетта Дежнева
33,2026-06-28,high,auto,demand_layer,08:00,21:00,13,08:00-23:00,2,22,26,4,18.233983304977023,Даниловский
33,2026-06-28,high,bike,demand_layer,08:00,16:00,8,08:00-23:00,1,6,8,2,21.627485479496293,Даниловский
33,2026-06-28,high,bike,demand_layer,08:00,23:00,15,08:00-23:00,1,13,15,2,30.937692599564,Даниловский
335,2026-06-28,low,auto,demand_layer,00:00,06:00,6,00:00-24:00,1,6,6,0,10.610155110649124,Кутузовский (Не использовать)
335,2026-06-28,low,auto,demand_layer,00:00,24:00,24,00:00-24:00,1,12,24,12,16.888765088462144,Кутузовский (Не использовать)
335,2026-06-28,low,bike,demand_layer,00:00,12:00,12,00:00-24:00,1,12,12,0,6.35960263394132,Кутузовский (Не использовать)
34,2026-06-28,medium,auto,demand_layer,08:00,24:00,16,08:00-24:00,1,6,16,10,3.8947443244784594,Аркус
34,2026-06-28,medium,bike,demand_layer,08:00,18:00,10,08:00-24:00,1,10,10,0,1.0643015847776087,Аркус
348,2026-06-28,medium,bike,demand_layer,09:00,22:00,13,09:00-22:00,1,13,13,0,4.509497597614977,Рига Холл
35,2026-06-28,high,auto,demand_layer,08:00,21:00,13,08:00-23:00,2,22,26,4,39.01829337275275,Ленинский
35,2026-06-28,high,bike,demand_layer,08:00,16:00,8,08:00-23:00,1,4,8,4,16.67434220479163,Ленинский
35,2026-06-28,high,bike,demand_layer,08:00,23:00,15,08:00-23:00,1,13,15,2,24.92841891760078,Ленинский
36,2026-06-28,medium,auto,demand_layer,08:00,18:00,10,08:00-23:00,1,6,10,4,1.065043194214286,Friends Forever Botanica
37,2026-06-28,medium,bike,demand_layer,08:00,22:00,14,08:00-22:00,1,14,14,0,16.497330560912324,БТ Усачева
38,2026-06-28,medium,bike,demand_layer,08:00,23:00,15,08:00-23:00,1,15,15,0,19.884940870241948,Нева
39,2026-06-28,mega,auto,demand_layer,08:00,21:00,13,08:00-23:00,2,22,26,4,38.83673473385218,Гребной
39,2026-06-28,mega,bike,demand_layer,08:00,16:00,8,08:00-23:00,1,6,8,2,16.419748486964973,Гребной
39,2026-06-28,mega,bike,demand_layer,08:00,23:00,15,08:00-23:00,1,13,15,2,25.109597109606643,Гребной
4,2026-06-28,high,auto,demand_layer,10:00,24:00,14,10:00-24:00,1,12,14,2,16.612046634243192,Аврора
4,2026-06-28,high,bike,demand_layer,10:00,16:00,6,10:00-24:00,1,4,6,2,21.084238419517,Аврора
4,2026-06-28,high,bike,demand_layer,10:00,21:00,11,10:00-24:00,1,10,11,1,32.372292639038164,Аврора
4,2026-06-28,high,bike,demand_layer,10:00,24:00,14,10:00-24:00,1,13,14,1,34.38316783046517,Аврора
40,2026-06-28,medium,bike,demand_layer,09:00,19:00,10,09:00-19:00,1,9,10,1,1.1666929828249817,БТ Аркус
434,2026-06-28,medium,auto,demand_layer,08:00,18:00,10,08:00-22:00,1,6,10,4,17.056964490965754,Сколково
434,2026-06-28,medium,bike,demand_layer,08:00,22:00,14,08:00-22:00,1,14,14,0,10.523866283026155,Сколково
46,2026-06-28,medium,bike,demand_layer,10:00,18:00,8,10:00-22:00,1,6,8,2,0.8075906198780534,БТ Павелецкая Плаза
47,2026-06-28,medium,bike,demand_layer,08:00,21:00,13,08:00-21:00,1,13,13,0,8.629915725306134,БТ Царская Площадь
478,2026-06-28,medium,bike,demand_layer,11:00,22:00,11,10:30-22:30,1,10,11,1,1.6671597843682877,Сыроварня Метрополис
479,2026-06-28,medium,auto,demand_layer,00:00,06:00,6,00:00-24:00,1,6,6,0,2.81749732608016,Покровка
479,2026-06-28,medium,bike,demand_layer,00:00,24:00,24,00:00-24:00,1,18,24,6,6.25708715085854,Покровка
5,2026-06-28,medium,auto,demand_layer,00:00,06:00,6,00:00-24:00,1,6,6,0,3.4650470615478963,Покровка (не использовать)
5,2026-06-28,medium,bike,demand_layer,00:00,24:00,24,00:00-24:00,1,18,24,6,6.238730497757798,Покровка (не использовать)
51,2026-06-28,medium,bike,demand_layer,08:00,18:00,10,08:00-22:00,1,10,10,0,2.175689908628203,БТ Новинский
516,2026-06-28,low,auto,demand_layer,09:00,18:00,9,09:00-22:00,1,9,9,0,1.0548286593644984,La Raquette by Pinskiy&Co
58,2026-06-28,medium,auto,demand_layer,09:00,18:00,9,09:00-21:00,1,9,9,0,1.3503183963508318,Печорин Тишинка
59,2026-06-28,medium,auto,demand_layer,09:00,18:00,9,09:00-21:00,1,6,9,3,0.9164006342851918,Печорин Шаболовка
6,2026-06-28,mega,auto,demand_layer,00:00,24:00,24,00:00-24:00,1,21,24,3,23.879484539035076,Неглинная
6,2026-06-28,mega,bike,demand_layer,00:00,21:00,21,00:00-24:00,1,12,21,9,34.233412156663555,Неглинная
6,2026-06-28,mega,bike,demand_layer,00:00,24:00,24,00:00-24:00,1,17,24,7,37.362622193399446,Неглинная
69,2026-06-28,mega,auto,demand_layer,08:00,16:00,8,08:00-23:00,1,6,8,2,32.53972156539624,Опен Мичуринский
69,2026-06-28,mega,auto,demand_layer,08:00,21:00,13,08:00-23:00,1,11,13,2,48.480708148318946,Опен Мичуринский
69,2026-06-28,mega,auto,demand_layer,08:00,23:00,15,08:00-23:00,1,13,15,2,51.98916494393058,Опен Мичуринский
69,2026-06-28,mega,bike,demand_layer,08:00,11:00,3,08:00-23:00,1,2,3,1,13.607833126139038,Опен Мичуринский
69,2026-06-28,mega,bike,demand_layer,08:00,18:00,10,08:00-23:00,1,8,10,2,54.27904251379391,Опен Мичуринский
69,2026-06-28,mega,bike,demand_layer,08:00,21:00,13,08:00-23:00,1,11,13,2,67.13383549110182,Опен Мичуринский
69,2026-06-28,mega,bike,demand_layer,08:00,23:00,15,08:00-23:00,1,13,15,2,69.83775254871267,Опен Мичуринский
7,2026-06-28,mega,auto,demand_layer,00:00,11:00,11,00:00-24:00,1,2,11,9,18.587920765270123,Белая Площадь
7,2026-06-28,mega,auto,demand_layer,00:00,21:00,21,00:00-24:00,1,9,21,12,28.349392178512332,Белая Площадь
7,2026-06-28,mega,auto,demand_layer,00:00,24:00,24,00:00-24:00,1,21,24,3,32.27355652979706,Белая Площадь
7,2026-06-28,mega,bike,demand_layer,00:00,21:00,21,00:00-24:00,1,12,21,9,39.434756713639,Белая Площадь
7,2026-06-28,mega,bike,demand_layer,00:00,24:00,24,00:00-24:00,1,17,24,7,42.91245925250211,Белая Площадь
72,2026-06-28,medium,auto,demand_layer,12:00,23:00,11,12:00-23:59,1,11,11,0,1.059413400018568,КО Магадан
8,2026-06-28,mega,bike,demand_layer,08:00,11:00,3,07:30-23:30,1,2,3,1,15.76419278822543,Усачева
8,2026-06-28,mega,bike,demand_layer,08:00,16:00,8,07:30-23:30,1,6,8,2,47.768613804090506,Усачева
8,2026-06-28,mega,bike,demand_layer,08:00,21:00,13,07:30-23:30,1,11,13,2,67.43037009146457,Усачева
8,2026-06-28,mega,bike,demand_layer,08:00,23:00,15,07:30-23:30,1,13,15,2,69.49704815080642,Усачева
9,2026-06-28,high,auto,demand_layer,08:00,21:00,13,08:00-23:00,1,5,13,8,21.136471868871688,КИНКИ
9,2026-06-28,high,auto,demand_layer,08:00,23:00,15,08:00-23:00,1,13,15,2,24.243441572938465,КИНКИ
9,2026-06-28,high,bike,demand_layer,08:00,23:00,15,08:00-23:00,1,13,15,2,12.50262484346591,КИНКИ
99,2026-06-28,mega,bike,demand_layer,07:00,16:00,9,07:00-23:00,1,6,9,3,55.04166761839366,Опен Аркус
99,2026-06-28,mega,bike,demand_layer,07:00,18:00,11,07:00-23:00,1,8,11,3,65.99759399735744,Опен Аркус
99,2026-06-28,mega,bike,demand_layer,07:00,21:00,14,07:00-23:00,1,11,14,3,82.47140542905943,Опен Аркус
99,2026-06-28,mega,bike,demand_layer,07:00,23:00,16,07:00-23:00,2,26,32,6,86.82785971590313,Опен Аркус
grp_102_125,2026-06-28,medium,auto,demand_layer,00:00,23:00,23,00:00-23:59,1,23,23,0,9.222313444813356,Мясо&Рыба Тверская + Meraki
grp_122_131,2026-06-28,medium,bike,demand_layer,08:00,23:00,15,08:00-23:59,1,5,15,10,0.9909346140311567,Косяк Тишинка + EVA Б.Грузинская
grp_130_139,2026-06-28,medium,auto,demand_layer,09:00,23:00,14,09:00-23:59,1,11,14,3,3.0627039711172026,EVA Хамовники + Клёво Усачева
grp_136_292,2026-06-28,medium,auto,demand_layer,12:00,23:00,11,12:00-23:00,1,11,11,0,3.803993935152854,Ikura + Узбекистан
grp_187_296,2026-06-28,medium,auto,demand_layer,10:00,23:00,13,10:00-23:00,1,11,13,2,2.5294534118260072,Биродром и Панчетта Народное ополчение + Клево Авиапарк
grp_19_54,2026-06-28,medium,auto,demand_layer,08:00,18:00,10,08:00-24:00,1,6,10,4,15.341484515157173,Conversation Никитская + Maroon
grp_19_54,2026-06-28,medium,auto,demand_layer,08:00,24:00,16,08:00-24:00,2,28,32,4,24.67593345917267,Conversation Никитская + Maroon
grp_288_424,2026-06-28,medium,auto,demand_layer,11:00,23:00,12,11:00-23:00,1,11,12,1,4.496216367666198,Биродром и Ив.Дурдинъ Мичуринский + Корнер Ланового
grp_302_443,2026-06-28,medium,auto,demand_layer,10:00,22:00,12,10:00-22:00,1,10,12,2,1.6139626531433815,Ribambelle Шелепиха + Пинский доставка
grp_62_140,2026-06-28,medium,auto,demand_layer,09:00,23:00,14,09:00-23:00,1,14,14,0,2.2902082264087373,Печорин Новочеремушкинская  + Клёво Черемушки
grp_71_94,2026-06-28,medium,auto,demand_layer,12:00,23:00,11,12:00-23:59,1,11,11,0,1.6290996543263585,КО Medusa + КО Высота 5642
grp_98_298,2026-06-28,medium,auto,demand_layer,08:00,23:00,15,08:00-23:00,1,11,15,4,3.3459044026935763,Печорин Угрешская + Ив. Дурдинъ Волгоградский
1,2026-06-29,medium,bike,demand_layer,08:00,23:00,15,08:00-23:00,1,15,15,0,22.027831648045286,Wall Street
10,2026-06-29,medium,bike,demand_layer,08:00,18:00,10,08:00-23:30,1,6,10,4,26.932304298218455,Якиманка
10,2026-06-29,medium,bike,demand_layer,08:00,23:00,15,08:00-23:30,1,15,15,0,34.6069302992354,Якиманка
100,2026-06-29,medium,auto,demand_layer,10:00,18:00,8,10:00-22:00,1,6,8,2,0.6106602806347942,Колбасный Цех / Магадан
101,2026-06-29,high,auto,demand_layer,08:00,18:00,10,08:00-23:00,1,5,10,5,26.545928624674428,Алия
101,2026-06-29,high,auto,demand_layer,08:00,21:00,13,08:00-23:00,1,11,13,2,33.16747172025847,Алия
101,2026-06-29,high,auto,demand_layer,08:00,23:00,15,08:00-23:00,1,13,15,2,34.95835721665424,Алия
101,2026-06-29,high,bike,demand_layer,08:00,16:00,8,08:00-23:00,1,4,8,4,1.0021983391909317,Алия
11,2026-06-29,medium,auto,demand_layer,00:00,07:00,7,00:00-07:00,5,31,35,4,21.428766457043874,Кутузовский
11,2026-06-29,medium,auto,demand_layer,23:00,24:00,1,23:00-24:00,1,1,1,0,0.7978878223535797,Кутузовский
114,2026-06-29,low,auto,demand_layer,10:00,12:00,2,10:00-22:00,1,2,2,0,0.1782055648592782,Bluefin Скаковая
115,2026-06-29,high,auto,demand_layer,07:00,18:00,11,07:00-23:00,1,6,11,5,23.772021190632685,Опен Символ
115,2026-06-29,high,auto,demand_layer,07:00,21:00,14,07:00-23:00,1,11,14,3,28.892418666493594,Опен Символ
115,2026-06-29,high,auto,demand_layer,07:00,23:00,16,07:00-23:00,1,13,16,3,30.715539257583423,Опен Символ
115,2026-06-29,high,bike,demand_layer,07:00,11:00,4,07:00-23:00,1,2,4,2,3.9126854048457114,Опен Символ
115,2026-06-29,high,bike,demand_layer,07:00,21:00,14,07:00-23:00,1,11,14,3,20.556272673547305,Опен Символ
116,2026-06-29,medium,auto,demand_layer,12:00,23:00,11,12:00-23:00,1,5,11,6,0.8549651787526781,Корнер Дмитровка
119,2026-06-29,medium,auto,demand_layer,11:00,22:00,11,11:00-22:00,1,4,11,7,1.2312494539712886,Bluefin Успенское
119,2026-06-29,medium,bike,demand_layer,11:00,18:00,7,11:00-22:00,1,6,7,1,0.7200748216182852,Bluefin Успенское
12,2026-06-29,high,auto,demand_layer,08:00,22:00,14,08:00-22:00,2,19,28,9,27.436249358845117,Хорошо
12,2026-06-29,high,bike,demand_layer,08:00,18:00,10,08:00-22:00,1,8,10,2,20.33716752292678,Хорошо
12,2026-06-29,high,bike,demand_layer,08:00,22:00,14,08:00-22:00,1,11,14,3,24.597966368699957,Хорошо
121,2026-06-29,medium,auto,demand_layer,10:00,22:00,12,10:00-22:00,1,10,12,2,0.8717102014756546,Косяк Новая Рига
123,2026-06-29,high,auto,demand_layer,08:00,18:00,10,08:00-23:00,1,8,10,2,14.06879410475197,Опен Нева
123,2026-06-29,high,bike,demand_layer,08:00,21:00,13,08:00-23:00,3,23,39,16,35.336177842390946,Опен Нева
124,2026-06-29,medium,auto,demand_layer,09:00,18:00,9,09:00-22:30,1,6,9,3,0.6325967119298221,ЦБ AVA Bistro
126,2026-06-29,high,bike,demand_layer,07:00,16:00,9,07:00-23:00,1,6,9,3,41.38035588012922,Опен Покровка
126,2026-06-29,high,bike,demand_layer,07:00,21:00,14,07:00-23:00,1,11,14,3,58.157849832459654,Опен Покровка
126,2026-06-29,high,bike,demand_layer,07:00,23:00,16,07:00-23:00,1,13,16,3,59.90311243058796,Опен Покровка
127,2026-06-29,medium,bike,demand_layer,07:00,23:00,16,07:00-23:00,1,16,16,0,6.539930573798368,БТ Покровка
128,2026-06-29,high,bike,demand_layer,08:00,21:00,13,08:00-24:00,1,11,13,2,55.605935761133324,Кофемания Лаки
128,2026-06-29,high,bike,demand_layer,08:00,24:00,16,08:00-24:00,1,14,16,2,61.23886019382966,Кофемания Лаки
137,2026-06-29,medium,bike,demand_layer,08:00,23:00,15,08:00-23:00,1,11,15,4,3.261260653320017,БТ Мясницкая
138,2026-06-29,medium,bike,demand_layer,08:00,18:00,10,08:00-23:00,1,10,10,0,4.90190732156222,БТ Таганка
14,2026-06-29,high,auto,demand_layer,09:00,16:00,7,09:00-23:00,2,10,14,4,23.126131975731298,Метрополис
14,2026-06-29,high,auto,demand_layer,09:00,18:00,9,09:00-23:00,1,8,9,1,26.29053417452138,Метрополис
14,2026-06-29,high,auto,demand_layer,09:00,21:00,12,09:00-23:00,1,11,12,1,30.992967392533618,Метрополис
14,2026-06-29,high,bike,demand_layer,09:00,23:00,14,09:00-23:00,1,8,14,6,5.236759145061828,Метрополис
142,2026-06-29,medium,bike,demand_layer,08:00,23:00,15,08:00-23:59,1,15,15,0,20.054668679371332,RED7
15,2026-06-29,medium,auto,demand_layer,00:00,06:00,6,00:00-24:00,1,6,6,0,4.555140530391632,Комсомолка
15,2026-06-29,medium,bike,demand_layer,00:00,24:00,24,00:00-24:00,1,18,24,6,8.372676388720759,Комсомолка
16,2026-06-29,medium,bike,demand_layer,08:00,23:00,15,08:00-23:00,1,15,15,0,11.07510781628084,Мосфильм
17,2026-06-29,high,auto,demand_layer,08:00,22:00,14,08:00-22:00,2,22,28,6,22.152407758873974,Внуково
17,2026-06-29,high,bike,demand_layer,08:00,22:00,14,08:00-22:00,1,12,14,2,11.923999746602027,Внуково
18,2026-06-29,medium,auto,demand_layer,08:00,18:00,10,08:00-22:00,1,6,10,4,16.154289158502095,Новая Рига
18,2026-06-29,medium,bike,demand_layer,08:00,22:00,14,08:00-22:00,1,14,14,0,9.705932234837501,Новая Рига
182,2026-06-29,medium,auto,demand_layer,09:00,23:00,14,09:00-23:00,1,11,14,3,1.3053616295379868,Miss You
2,2026-06-29,high,bike,demand_layer,07:00,18:00,11,07:00-24:00,1,6,11,5,41.60805270918842,Кудринская
2,2026-06-29,high,bike,demand_layer,07:00,21:00,14,07:00-24:00,1,11,14,3,50.21778060106814,Кудринская
2,2026-06-29,high,bike,demand_layer,07:00,24:00,17,07:00-24:00,1,14,17,3,55.81660981075505,Кудринская
20,2026-06-29,medium,auto,demand_layer,08:00,18:00,10,08:00-22:00,1,6,10,4,13.508640172260336,Павлово
20,2026-06-29,medium,bike,demand_layer,08:00,22:00,14,08:00-22:00,1,14,14,0,8.25918401648539,Павлово
21,2026-06-29,high,auto,demand_layer,08:00,21:00,13,08:00-23:00,1,11,13,2,29.231402259177294,Горки-2
21,2026-06-29,high,auto,demand_layer,08:00,23:00,15,08:00-23:00,1,13,15,2,32.68610816701476,Горки-2
21,2026-06-29,high,bike,demand_layer,08:00,23:00,15,08:00-23:00,1,13,15,2,17.11987527263899,Горки-2
222,2026-06-29,low,auto,demand_layer,06:00,12:00,6,06:00-23:59,1,6,6,0,0.6755844709009535,Ирис Химки
25,2026-06-29,high,auto,demand_layer,08:00,16:00,8,08:00-24:00,1,4,8,4,6.379223428261035,Весна
25,2026-06-29,high,bike,demand_layer,08:00,18:00,10,08:00-24:00,1,5,10,5,23.033913580378545,Весна
25,2026-06-29,high,bike,demand_layer,08:00,24:00,16,08:00-24:00,1,14,16,2,31.830565181122054,Весна
26,2026-06-29,medium,bike,demand_layer,08:00,18:00,10,08:00-23:00,1,6,10,4,28.09458843930536,Тверская
26,2026-06-29,medium,bike,demand_layer,08:00,23:00,15,08:00-23:00,1,15,15,0,35.06019612290555,Тверская
27,2026-06-29,medium,auto,demand_layer,08:00,23:00,15,08:00-23:30,1,5,15,10,1.2688049841335807,4 Ветра
28,2026-06-29,medium,bike,demand_layer,08:00,18:00,10,08:00-23:00,1,6,10,4,0.8084005289568035,Гранд
29,2026-06-29,mega,auto,demand_layer,07:00,16:00,9,07:00-23:00,3,14,27,13,40.30264627574452,Украинский
29,2026-06-29,mega,auto,demand_layer,07:00,18:00,11,07:00-23:00,1,8,11,3,47.96686014223687,Украинский
29,2026-06-29,mega,auto,demand_layer,07:00,21:00,14,07:00-23:00,2,22,28,6,59.685475327504754,Украинский
29,2026-06-29,mega,auto,demand_layer,07:00,23:00,16,07:00-23:00,1,13,16,3,63.64553961318322,Украинский
29,2026-06-29,mega,bike,demand_layer,07:00,21:00,14,07:00-23:00,1,11,14,3,31.43878467907794,Украинский
29,2026-06-29,mega,bike,demand_layer,07:00,23:00,16,07:00-23:00,1,13,16,3,31.93192475993602,Украинский
30,2026-06-29,mega,auto,demand_layer,08:00,16:00,8,08:00-24:00,1,4,8,4,18.35715267582976,Черёмушки
30,2026-06-29,mega,auto,demand_layer,08:00,21:00,13,08:00-24:00,1,11,13,2,28.443102388444558,Черёмушки
30,2026-06-29,mega,auto,demand_layer,08:00,24:00,16,08:00-24:00,1,14,16,2,35.23718789885776,Черёмушки
30,2026-06-29,mega,bike,demand_layer,08:00,18:00,10,08:00-24:00,1,8,10,2,27.14169538677615,Черёмушки
30,2026-06-29,mega,bike,demand_layer,08:00,24:00,16,08:00-24:00,1,14,16,2,34.317987850237984,Черёмушки
301,2026-06-29,medium,auto,demand_layer,12:00,23:00,11,12:00-23:00,1,11,11,0,1.5688101829284127,Биродром и Панчетта Дежнева
33,2026-06-29,high,auto,demand_layer,08:00,21:00,13,08:00-23:00,2,20,26,6,19.280845509291744,Даниловский
33,2026-06-29,high,bike,demand_layer,08:00,16:00,8,08:00-23:00,1,6,8,2,22.280987817381035,Даниловский
33,2026-06-29,high,bike,demand_layer,08:00,23:00,15,08:00-23:00,1,13,15,2,32.43357226401005,Даниловский
335,2026-06-29,low,auto,demand_layer,00:00,06:00,6,00:00-24:00,1,6,6,0,12.37481812649605,Кутузовский (Не использовать)
335,2026-06-29,low,auto,demand_layer,00:00,18:00,18,00:00-24:00,1,12,18,6,18.116608207329243,Кутузовский (Не использовать)
335,2026-06-29,low,bike,demand_layer,00:00,06:00,6,00:00-24:00,1,6,6,0,6.637922559593262,Кутузовский (Не использовать)
335,2026-06-29,low,bike,demand_layer,00:00,24:00,24,00:00-24:00,1,18,24,6,8.073810670494186,Кутузовский (Не использовать)
34,2026-06-29,medium,auto,demand_layer,08:00,24:00,16,08:00-24:00,1,6,16,10,4.053539246660431,Аркус
34,2026-06-29,medium,bike,demand_layer,08:00,12:00,4,08:00-24:00,1,4,4,0,0.41486300611137567,Аркус
348,2026-06-29,medium,bike,demand_layer,09:00,22:00,13,09:00-22:00,1,13,13,0,4.846012050731234,Рига Холл
35,2026-06-29,high,auto,demand_layer,08:00,21:00,13,08:00-23:00,2,22,26,4,39.686429232238254,Ленинский
35,2026-06-29,high,bike,demand_layer,08:00,18:00,10,08:00-23:00,1,6,10,4,19.733805629811645,Ленинский
35,2026-06-29,high,bike,demand_layer,08:00,23:00,15,08:00-23:00,1,13,15,2,25.44022199185869,Ленинский
36,2026-06-29,medium,auto,demand_layer,08:00,18:00,10,08:00-23:00,1,10,10,0,1.1934504021450247,Friends Forever Botanica
37,2026-06-29,medium,bike,demand_layer,08:00,22:00,14,08:00-22:00,1,14,14,0,15.922419235506787,БТ Усачева
38,2026-06-29,medium,bike,demand_layer,08:00,23:00,15,08:00-23:00,1,15,15,0,5.122988720529011,Нева
39,2026-06-29,mega,auto,demand_layer,08:00,21:00,13,08:00-23:00,1,11,13,2,43.312984494913636,Гребной
39,2026-06-29,mega,auto,demand_layer,08:00,23:00,15,08:00-23:00,1,13,15,2,45.685710607202196,Гребной
39,2026-06-29,mega,bike,demand_layer,08:00,21:00,13,08:00-23:00,1,9,13,4,27.26056208964184,Гребной
39,2026-06-29,mega,bike,demand_layer,08:00,23:00,15,08:00-23:00,1,13,15,2,28.346973834801243,Гребной
4,2026-06-29,high,auto,demand_layer,08:00,18:00,10,08:00-24:00,1,6,10,4,13.968426860995573,Аврора
4,2026-06-29,high,auto,demand_layer,08:00,24:00,16,08:00-24:00,1,14,16,2,21.455591694092462,Аврора
4,2026-06-29,high,bike,demand_layer,08:00,16:00,8,08:00-24:00,1,6,8,2,29.74750717446324,Аврора
4,2026-06-29,high,bike,demand_layer,08:00,21:00,13,08:00-24:00,1,11,13,2,42.425074070928574,Аврора
4,2026-06-29,high,bike,demand_layer,08:00,24:00,16,08:00-24:00,1,14,16,2,44.62218338122997,Аврора
40,2026-06-29,medium,bike,demand_layer,09:00,19:00,10,09:00-19:00,1,9,10,1,1.2606178236207686,БТ Аркус
434,2026-06-29,medium,auto,demand_layer,08:00,18:00,10,08:00-22:00,1,6,10,4,16.038793752513822,Сколково
434,2026-06-29,medium,bike,demand_layer,08:00,22:00,14,08:00-22:00,1,14,14,0,10.135448727098932,Сколково
46,2026-06-29,medium,bike,demand_layer,10:00,18:00,8,10:00-22:00,1,6,8,2,0.8722819058892576,БТ Павелецкая Плаза
47,2026-06-29,medium,bike,demand_layer,08:00,21:00,13,08:00-21:00,1,13,13,0,9.58592995942159,БТ Царская Площадь
478,2026-06-29,medium,bike,demand_layer,11:00,22:00,11,10:30-22:30,1,10,11,1,1.3166233804433827,Сыроварня Метрополис
479,2026-06-29,medium,auto,demand_layer,00:00,06:00,6,00:00-24:00,1,6,6,0,3.2174288596795546,Покровка
479,2026-06-29,medium,bike,demand_layer,00:00,24:00,24,00:00-24:00,1,18,24,6,7.382105081469446,Покровка
480,2026-06-29,low,auto,demand_layer,10:00,18:00,8,10:00-22:30,1,6,8,2,0.5857230494045568,Сыроварня Атриум
5,2026-06-29,medium,auto,demand_layer,00:00,06:00,6,00:00-24:00,1,6,6,0,3.4658524613158717,Покровка (не использовать)
5,2026-06-29,medium,bike,demand_layer,00:00,24:00,24,00:00-24:00,1,18,24,6,6.298968594649631,Покровка (не использовать)
51,2026-06-29,medium,bike,demand_layer,08:00,22:00,14,08:00-22:00,1,14,14,0,6.334712819834879,БТ Новинский
516,2026-06-29,low,auto,demand_layer,09:00,18:00,9,09:00-22:00,1,9,9,0,1.1454166803382062,La Raquette by Pinskiy&Co
58,2026-06-29,medium,auto,demand_layer,09:00,18:00,9,09:00-21:00,1,9,9,0,1.564220272333762,Печорин Тишинка
59,2026-06-29,medium,auto,demand_layer,09:00,18:00,9,09:00-21:00,1,9,9,0,0.7955450512833123,Печорин Шаболовка
6,2026-06-29,mega,auto,demand_layer,00:00,18:00,18,00:00-24:00,1,8,18,10,23.412070763094754,Неглинная
6,2026-06-29,mega,auto,demand_layer,00:00,24:00,24,00:00-24:00,1,21,24,3,28.57225190771457,Неглинная
6,2026-06-29,mega,bike,demand_layer,00:00,16:00,16,00:00-24:00,1,4,16,12,33.56329030963738,Неглинная
6,2026-06-29,mega,bike,demand_layer,00:00,24:00,24,00:00-24:00,2,32,48,16,47.41126209715492,Неглинная
69,2026-06-29,mega,auto,demand_layer,08:00,18:00,10,08:00-23:00,1,8,10,2,36.533402141882334,Опен Мичуринский
69,2026-06-29,mega,auto,demand_layer,08:00,21:00,13,08:00-23:00,1,11,13,2,46.940727810254096,Опен Мичуринский
69,2026-06-29,mega,auto,demand_layer,08:00,23:00,15,08:00-23:00,1,13,15,2,51.057945800145056,Опен Мичуринский
69,2026-06-29,mega,bike,demand_layer,08:00,18:00,10,08:00-23:00,1,8,10,2,50.684102179407816,Опен Мичуринский
69,2026-06-29,mega,bike,demand_layer,08:00,21:00,13,08:00-23:00,1,11,13,2,64.99892630909667,Опен Мичуринский
69,2026-06-29,mega,bike,demand_layer,08:00,23:00,15,08:00-23:00,1,13,15,2,68.17200684031289,Опен Мичуринский
7,2026-06-29,mega,auto,demand_layer,00:00,16:00,16,00:00-24:00,1,4,16,12,29.087509378724768,Белая Площадь
7,2026-06-29,mega,auto,demand_layer,00:00,24:00,24,00:00-24:00,2,38,48,10,38.12457930061301,Белая Площадь
7,2026-06-29,mega,bike,demand_layer,00:00,21:00,21,00:00-24:00,1,12,21,9,47.04210351824621,Белая Площадь
7,2026-06-29,mega,bike,demand_layer,00:00,24:00,24,00:00-24:00,1,17,24,7,50.66040522321329,Белая Площадь
72,2026-06-29,medium,auto,demand_layer,12:00,23:00,11,12:00-23:59,1,11,11,0,1.074684498267845,КО Магадан
8,2026-06-29,mega,bike,demand_layer,08:00,18:00,10,07:30-23:30,1,8,10,2,57.34147210356886,Усачева
8,2026-06-29,mega,bike,demand_layer,08:00,21:00,13,07:30-23:30,1,11,13,2,71.4957772178929,Усачева
8,2026-06-29,mega,bike,demand_layer,08:00,23:00,15,07:30-23:30,1,13,15,2,74.09351518362679,Усачева
9,2026-06-29,high,auto,demand_layer,08:00,21:00,13,08:00-23:00,1,11,13,2,18.38052108848005,КИНКИ
9,2026-06-29,high,bike,demand_layer,08:00,23:00,15,08:00-23:00,1,13,15,2,10.84560310013154,КИНКИ
99,2026-06-29,mega,bike,demand_layer,07:00,16:00,9,07:00-23:00,1,6,9,3,56.43343830645816,Опен Аркус
99,2026-06-29,mega,bike,demand_layer,07:00,18:00,11,07:00-23:00,1,8,11,3,68.10286838178527,Опен Аркус
99,2026-06-29,mega,bike,demand_layer,07:00,21:00,14,07:00-23:00,1,11,14,3,85.93741518552159,Опен Аркус
99,2026-06-29,mega,bike,demand_layer,07:00,23:00,16,07:00-23:00,2,26,32,6,91.09586458846596,Опен Аркус
grp_102_125,2026-06-29,medium,auto,demand_layer,00:00,23:00,23,00:00-23:59,1,23,23,0,8.809388448284535,Мясо&Рыба Тверская + Meraki
grp_122_131,2026-06-29,medium,bike,demand_layer,08:00,23:00,15,08:00-23:59,1,5,15,10,1.3313685512951667,Косяк Тишинка + EVA Б.Грузинская
grp_130_139,2026-06-29,medium,auto,demand_layer,09:00,23:00,14,09:00-23:59,1,11,14,3,3.760309651824959,EVA Хамовники + Клёво Усачева
grp_136_292,2026-06-29,medium,auto,demand_layer,12:00,23:00,11,12:00-23:00,1,11,11,0,3.6363688200135176,Ikura + Узбекистан
grp_187_296,2026-06-29,medium,auto,demand_layer,10:00,23:00,13,10:00-23:00,1,11,13,2,3.1570992147300663,Биродром и Панчетта Народное ополчение + Клево Авиапарк
grp_19_54,2026-06-29,medium,auto,demand_layer,08:00,24:00,16,08:00-24:00,2,28,32,4,21.27424810808813,Conversation Никитская + Maroon
grp_288_424,2026-06-29,medium,auto,demand_layer,11:00,23:00,12,11:00-23:00,1,11,12,1,4.584933445826122,Биродром и Ив.Дурдинъ Мичуринский + Корнер Ланового
grp_302_443,2026-06-29,medium,auto,demand_layer,10:00,22:00,12,10:00-22:00,1,10,12,2,1.5126802618926558,Ribambelle Шелепиха + Пинский доставка
grp_62_140,2026-06-29,medium,auto,demand_layer,09:00,23:00,14,09:00-23:00,1,14,14,0,2.201231952296464,Печорин Новочеремушкинская  + Клёво Черемушки
grp_71_94,2026-06-29,medium,auto,demand_layer,12:00,23:00,11,12:00-23:59,1,11,11,0,1.725943581069811,КО Medusa + КО Высота 5642
grp_98_298,2026-06-29,medium,auto,demand_layer,08:00,23:00,15,08:00-23:00,1,5,15,10,5.280885038780564,Печорин Угрешская + Ив. Дурдинъ Волгоградский
grp_98_298,2026-06-29,medium,bike,demand_layer,08:00,18:00,10,08:00-23:00,1,6,10,4,0.6332278550621345,Печорин Угрешская + Ив. Дурдинъ Волгоградский
1,2026-06-30,medium,bike,demand_layer,08:00,23:00,15,08:00-23:00,1,15,15,0,20.212438866964693,Wall Street
10,2026-06-30,medium,bike,demand_layer,08:00,18:00,10,08:00-23:30,1,6,10,4,28.839205440681447,Якиманка
10,2026-06-30,medium,bike,demand_layer,08:00,23:00,15,08:00-23:30,1,15,15,0,36.66963689547847,Якиманка
100,2026-06-30,medium,auto,demand_layer,10:00,18:00,8,10:00-22:00,1,6,8,2,0.6106602806347942,Колбасный Цех / Магадан
101,2026-06-30,high,auto,demand_layer,08:00,21:00,13,08:00-23:00,2,19,26,7,32.80031381874041,Алия
101,2026-06-30,high,auto,demand_layer,08:00,23:00,15,08:00-23:00,1,13,15,2,34.5999331790045,Алия
101,2026-06-30,high,bike,demand_layer,08:00,16:00,8,08:00-23:00,1,4,8,4,0.9628564439930973,Алия
11,2026-06-30,medium,auto,demand_layer,00:00,07:00,7,00:00-07:00,5,32,35,3,22.586413786028075,Кутузовский
11,2026-06-30,medium,auto,demand_layer,23:00,24:00,1,23:00-24:00,2,2,2,0,0.9843610985920793,Кутузовский
114,2026-06-30,low,auto,demand_layer,10:00,12:00,2,10:00-22:00,1,2,2,0,0.1782055648592782,Bluefin Скаковая
115,2026-06-30,high,auto,demand_layer,07:00,18:00,11,07:00-23:00,1,6,11,5,23.772021190632685,Опен Символ
115,2026-06-30,high,auto,demand_layer,07:00,21:00,14,07:00-23:00,1,11,14,3,28.91739003099221,Опен Символ
115,2026-06-30,high,auto,demand_layer,07:00,23:00,16,07:00-23:00,1,13,16,3,30.8914300421959,Опен Символ
115,2026-06-30,high,bike,demand_layer,07:00,11:00,4,07:00-23:00,1,2,4,2,3.9126854048457114,Опен Символ
115,2026-06-30,high,bike,demand_layer,07:00,21:00,14,07:00-23:00,1,11,14,3,20.57187977635893,Опен Символ
116,2026-06-30,medium,auto,demand_layer,12:00,23:00,11,12:00-23:00,1,11,11,0,1.053176596045131,Корнер Дмитровка
119,2026-06-30,medium,auto,demand_layer,11:00,22:00,11,11:00-22:00,1,4,11,7,1.2312494539712886,Bluefin Успенское
119,2026-06-30,medium,bike,demand_layer,11:00,18:00,7,11:00-22:00,1,6,7,1,0.7200748216182852,Bluefin Успенское
12,2026-06-30,high,auto,demand_layer,08:00,16:00,8,08:00-22:00,1,4,8,4,17.782698530361216,Хорошо
12,2026-06-30,high,auto,demand_layer,08:00,22:00,14,08:00-22:00,1,12,14,2,28.06761650415443,Хорошо
12,2026-06-30,high,bike,demand_layer,08:00,18:00,10,08:00-22:00,1,8,10,2,20.921798859575418,Хорошо
12,2026-06-30,high,bike,demand_layer,08:00,22:00,14,08:00-22:00,1,11,14,3,25.010462628056572,Хорошо
121,2026-06-30,medium,auto,demand_layer,10:00,18:00,8,10:00-22:00,1,6,8,2,0.5117784695170462,Косяк Новая Рига
123,2026-06-30,high,auto,demand_layer,08:00,18:00,10,08:00-23:00,1,8,10,2,14.150311999077601,Опен Нева
123,2026-06-30,high,bike,demand_layer,08:00,21:00,13,08:00-23:00,3,23,39,16,35.57301427744408,Опен Нева
124,2026-06-30,medium,auto,demand_layer,09:00,18:00,9,09:00-22:30,1,6,9,3,0.6325967119298221,ЦБ AVA Bistro
126,2026-06-30,high,bike,demand_layer,07:00,16:00,9,07:00-23:00,1,6,9,3,40.14414389770516,Опен Покровка
126,2026-06-30,high,bike,demand_layer,07:00,21:00,14,07:00-23:00,1,11,14,3,56.09306066070684,Опен Покровка
126,2026-06-30,high,bike,demand_layer,07:00,23:00,16,07:00-23:00,1,13,16,3,58.03805463384837,Опен Покровка
127,2026-06-30,medium,bike,demand_layer,07:00,23:00,16,07:00-23:00,1,16,16,0,5.694695626916905,БТ Покровка
128,2026-06-30,high,bike,demand_layer,08:00,16:00,8,08:00-24:00,1,4,8,4,38.69397551644152,Кофемания Лаки
128,2026-06-30,high,bike,demand_layer,08:00,21:00,13,08:00-24:00,1,11,13,2,56.57387328914648,Кофемания Лаки
128,2026-06-30,high,bike,demand_layer,08:00,24:00,16,08:00-24:00,1,14,16,2,61.93468842866709,Кофемания Лаки
137,2026-06-30,medium,bike,demand_layer,08:00,18:00,10,08:00-23:00,1,6,10,4,3.5445476697998255,БТ Мясницкая
138,2026-06-30,medium,bike,demand_layer,08:00,18:00,10,08:00-23:00,1,10,10,0,5.160168249869329,БТ Таганка
14,2026-06-30,high,auto,demand_layer,09:00,16:00,7,09:00-23:00,1,6,7,1,22.929950598922083,Метрополис
14,2026-06-30,high,auto,demand_layer,09:00,18:00,9,09:00-23:00,1,8,9,1,26.515526296957347,Метрополис
14,2026-06-30,high,auto,demand_layer,09:00,21:00,12,09:00-23:00,1,11,12,1,31.102921003382416,Метрополис
14,2026-06-30,high,bike,demand_layer,09:00,23:00,14,09:00-23:00,1,8,14,6,5.543709477480414,Метрополис
142,2026-06-30,medium,bike,demand_layer,08:00,23:00,15,08:00-23:59,1,15,15,0,23.8546887738203,RED7
15,2026-06-30,medium,auto,demand_layer,00:00,06:00,6,00:00-24:00,1,6,6,0,4.555140530391632,Комсомолка
15,2026-06-30,medium,bike,demand_layer,00:00,24:00,24,00:00-24:00,1,18,24,6,8.372676388720759,Комсомолка
16,2026-06-30,medium,bike,demand_layer,08:00,23:00,15,08:00-23:00,1,15,15,0,12.308490002028705,Мосфильм
17,2026-06-30,high,auto,demand_layer,08:00,22:00,14,08:00-22:00,2,22,28,6,22.32661142632551,Внуково
17,2026-06-30,high,bike,demand_layer,08:00,22:00,14,08:00-22:00,1,12,14,2,12.006765623292592,Внуково
18,2026-06-30,medium,auto,demand_layer,08:00,18:00,10,08:00-22:00,1,6,10,4,16.653259083012852,Новая Рига
18,2026-06-30,medium,bike,demand_layer,08:00,22:00,14,08:00-22:00,1,14,14,0,10.455222420588548,Новая Рига
182,2026-06-30,medium,auto,demand_layer,09:00,23:00,14,09:00-23:00,1,11,14,3,1.5209218302921568,Miss You
2,2026-06-30,high,bike,demand_layer,07:00,18:00,11,07:00-24:00,1,6,11,5,40.64675155389036,Кудринская
2,2026-06-30,high,bike,demand_layer,07:00,21:00,14,07:00-24:00,1,11,14,3,48.99500005112788,Кудринская
2,2026-06-30,high,bike,demand_layer,07:00,24:00,17,07:00-24:00,1,14,17,3,54.479337369398216,Кудринская
20,2026-06-30,medium,auto,demand_layer,08:00,18:00,10,08:00-22:00,1,6,10,4,10.33746266032479,Павлово
20,2026-06-30,medium,bike,demand_layer,08:00,22:00,14,08:00-22:00,1,14,14,0,6.644232383848962,Павлово
21,2026-06-30,high,auto,demand_layer,08:00,21:00,13,08:00-23:00,1,11,13,2,30.61293091153045,Горки-2
21,2026-06-30,high,auto,demand_layer,08:00,23:00,15,08:00-23:00,1,13,15,2,34.10325512901952,Горки-2
21,2026-06-30,high,bike,demand_layer,08:00,23:00,15,08:00-23:00,1,13,15,2,17.9353557565009,Горки-2
22,2026-06-30,medium,auto,demand_layer,12:00,18:00,6,12:00-23:30,1,6,6,0,0.5112818650961923,Жажда Крови
222,2026-06-30,low,auto,demand_layer,06:00,12:00,6,06:00-23:59,1,6,6,0,0.6755844709009535,Ирис Химки
25,2026-06-30,high,auto,demand_layer,08:00,16:00,8,08:00-24:00,1,4,8,4,6.170724350202466,Весна
25,2026-06-30,high,bike,demand_layer,08:00,18:00,10,08:00-24:00,1,5,10,5,22.589393830302434,Весна
25,2026-06-30,high,bike,demand_layer,08:00,24:00,16,08:00-24:00,1,14,16,2,30.789797736421935,Весна
26,2026-06-30,medium,bike,demand_layer,08:00,23:00,15,08:00-23:00,1,15,15,0,33.59308994863755,Тверская
27,2026-06-30,medium,auto,demand_layer,08:00,23:00,15,08:00-23:30,1,5,15,10,1.2688049841335807,4 Ветра
28,2026-06-30,medium,bike,demand_layer,08:00,18:00,10,08:00-23:00,1,6,10,4,0.8084005289568035,Гранд
29,2026-06-30,mega,auto,demand_layer,07:00,16:00,9,07:00-23:00,3,14,27,13,40.141704697361995,Украинский
29,2026-06-30,mega,auto,demand_layer,07:00,18:00,11,07:00-23:00,1,8,11,3,47.653660945267,Украинский
29,2026-06-30,mega,auto,demand_layer,07:00,21:00,14,07:00-23:00,2,22,28,6,59.02822153159911,Украинский
29,2026-06-30,mega,auto,demand_layer,07:00,23:00,16,07:00-23:00,1,13,16,3,63.720862289336445,Украинский
29,2026-06-30,mega,bike,demand_layer,07:00,21:00,14,07:00-23:00,1,11,14,3,31.0925036588121,Украинский
29,2026-06-30,mega,bike,demand_layer,07:00,23:00,16,07:00-23:00,1,13,16,3,31.676870243737874,Украинский
30,2026-06-30,mega,auto,demand_layer,08:00,16:00,8,08:00-24:00,1,4,8,4,17.99604195603102,Черёмушки
30,2026-06-30,mega,auto,demand_layer,08:00,21:00,13,08:00-24:00,1,11,13,2,28.243978780426403,Черёмушки
30,2026-06-30,mega,auto,demand_layer,08:00,24:00,16,08:00-24:00,1,14,16,2,34.9306579642192,Черёмушки
30,2026-06-30,mega,bike,demand_layer,08:00,18:00,10,08:00-24:00,1,8,10,2,26.92590291560211,Черёмушки
30,2026-06-30,mega,bike,demand_layer,08:00,24:00,16,08:00-24:00,1,14,16,2,34.00295036379251,Черёмушки
301,2026-06-30,medium,auto,demand_layer,12:00,23:00,11,12:00-23:00,1,11,11,0,1.5688101829284127,Биродром и Панчетта Дежнева
33,2026-06-30,high,auto,demand_layer,08:00,21:00,13,08:00-23:00,2,20,26,6,19.72992460089413,Даниловский
33,2026-06-30,high,bike,demand_layer,08:00,16:00,8,08:00-23:00,1,6,8,2,22.719616304488447,Даниловский
33,2026-06-30,high,bike,demand_layer,08:00,23:00,15,08:00-23:00,1,13,15,2,33.157831675816915,Даниловский
335,2026-06-30,low,auto,demand_layer,00:00,06:00,6,00:00-24:00,2,12,12,0,12.37481812649605,Кутузовский (Не использовать)
335,2026-06-30,low,bike,demand_layer,00:00,06:00,6,00:00-24:00,1,6,6,0,6.637922559593262,Кутузовский (Не использовать)
335,2026-06-30,low,bike,demand_layer,00:00,24:00,24,00:00-24:00,1,18,24,6,8.048658600863837,Кутузовский (Не использовать)
34,2026-06-30,medium,auto,demand_layer,08:00,24:00,16,08:00-24:00,1,6,16,10,3.7159984347164983,Аркус
34,2026-06-30,medium,bike,demand_layer,08:00,12:00,4,08:00-24:00,1,4,4,0,0.46023911081809615,Аркус
348,2026-06-30,medium,bike,demand_layer,09:00,22:00,13,09:00-22:00,1,13,13,0,3.973217325662903,Рига Холл
35,2026-06-30,high,auto,demand_layer,08:00,21:00,13,08:00-23:00,2,22,26,4,39.37279471824248,Ленинский
35,2026-06-30,high,bike,demand_layer,08:00,16:00,8,08:00-23:00,1,4,8,4,16.34571762936753,Ленинский
35,2026-06-30,high,bike,demand_layer,08:00,23:00,15,08:00-23:00,1,13,15,2,25.221881423354386,Ленинский
36,2026-06-30,medium,auto,demand_layer,08:00,18:00,10,08:00-23:00,1,6,10,4,1.0230265129643537,Friends Forever Botanica
37,2026-06-30,medium,bike,demand_layer,08:00,22:00,14,08:00-22:00,1,14,14,0,18.449146823212114,БТ Усачева
38,2026-06-30,medium,bike,demand_layer,08:00,23:00,15,08:00-23:00,1,15,15,0,5.122988720529011,Нева
39,2026-06-30,mega,auto,demand_layer,08:00,21:00,13,08:00-23:00,2,22,26,4,42.49707433910955,Гребной
39,2026-06-30,mega,bike,demand_layer,08:00,18:00,10,08:00-23:00,1,8,10,2,21.398585810424343,Гребной
39,2026-06-30,mega,bike,demand_layer,08:00,23:00,15,08:00-23:00,1,13,15,2,27.812025905271003,Гребной
4,2026-06-30,high,auto,demand_layer,08:00,18:00,10,08:00-24:00,1,6,10,4,14.073276623952133,Аврора
4,2026-06-30,high,auto,demand_layer,08:00,24:00,16,08:00-24:00,1,14,16,2,21.69375942653994,Аврора
4,2026-06-30,high,bike,demand_layer,08:00,16:00,8,08:00-24:00,1,4,8,4,29.989491039516764,Аврора
4,2026-06-30,high,bike,demand_layer,08:00,21:00,13,08:00-24:00,1,11,13,2,42.865379430029506,Аврора
4,2026-06-30,high,bike,demand_layer,08:00,24:00,16,08:00-24:00,1,14,16,2,45.127226904527035,Аврора
40,2026-06-30,medium,bike,demand_layer,09:00,19:00,10,09:00-19:00,1,9,10,1,1.2606178236207686,БТ Аркус
434,2026-06-30,medium,auto,demand_layer,08:00,18:00,10,08:00-22:00,1,6,10,4,12.959792599539908,Сколково
434,2026-06-30,medium,bike,demand_layer,08:00,22:00,14,08:00-22:00,1,14,14,0,8.45680429345635,Сколково
46,2026-06-30,medium,bike,demand_layer,10:00,18:00,8,10:00-22:00,1,6,8,2,0.8722819058892576,БТ Павелецкая Плаза
47,2026-06-30,medium,bike,demand_layer,08:00,21:00,13,08:00-21:00,1,13,13,0,9.972849204011137,БТ Царская Площадь
478,2026-06-30,medium,auto,demand_layer,11:00,22:00,11,10:30-22:30,1,4,11,7,1.9368877127258128,Сыроварня Метрополис
478,2026-06-30,medium,bike,demand_layer,11:00,18:00,7,10:30-22:30,1,6,7,1,0.6940868359113082,Сыроварня Метрополис
479,2026-06-30,medium,auto,demand_layer,00:00,06:00,6,00:00-24:00,1,6,6,0,2.243786518516616,Покровка
479,2026-06-30,medium,bike,demand_layer,00:00,24:00,24,00:00-24:00,1,18,24,6,7.014843922482125,Покровка
5,2026-06-30,medium,auto,demand_layer,00:00,06:00,6,00:00-24:00,1,6,6,0,3.4658524613158717,Покровка (не использовать)
5,2026-06-30,medium,bike,demand_layer,00:00,24:00,24,00:00-24:00,1,18,24,6,6.298968594649631,Покровка (не использовать)
51,2026-06-30,medium,bike,demand_layer,08:00,22:00,14,08:00-22:00,1,14,14,0,6.993633503163562,БТ Новинский
516,2026-06-30,low,auto,demand_layer,09:00,18:00,9,09:00-22:00,1,9,9,0,1.1454166803382062,La Raquette by Pinskiy&Co
58,2026-06-30,medium,auto,demand_layer,09:00,18:00,9,09:00-21:00,1,9,9,0,1.2905583450585356,Печорин Тишинка
59,2026-06-30,medium,auto,demand_layer,09:00,18:00,9,09:00-21:00,1,6,9,3,0.9467003730734153,Печорин Шаболовка
6,2026-06-30,mega,auto,demand_layer,00:00,21:00,21,00:00-24:00,1,11,21,10,28.863404749068632,Неглинная
6,2026-06-30,mega,auto,demand_layer,00:00,24:00,24,00:00-24:00,1,21,24,3,30.65003366853607,Неглинная
6,2026-06-30,mega,bike,demand_layer,00:00,16:00,16,00:00-24:00,1,4,16,12,33.05119836775975,Неглинная
6,2026-06-30,mega,bike,demand_layer,00:00,21:00,21,00:00-24:00,1,12,21,9,44.446644057710756,Неглинная
6,2026-06-30,mega,bike,demand_layer,00:00,24:00,24,00:00-24:00,1,17,24,7,47.46158035931205,Неглинная
69,2026-06-30,mega,auto,demand_layer,08:00,16:00,8,08:00-23:00,1,6,8,2,28.96927026319372,Опен Мичуринский
69,2026-06-30,mega,auto,demand_layer,08:00,21:00,13,08:00-23:00,1,11,13,2,45.89696534997568,Опен Мичуринский
69,2026-06-30,mega,auto,demand_layer,08:00,23:00,15,08:00-23:00,1,13,15,2,50.29494312658584,Опен Мичуринский
69,2026-06-30,mega,bike,demand_layer,08:00,18:00,10,08:00-23:00,1,8,10,2,49.23975761851726,Опен Мичуринский
69,2026-06-30,mega,bike,demand_layer,08:00,21:00,13,08:00-23:00,1,11,13,2,63.55532424482325,Опен Мичуринский
69,2026-06-30,mega,bike,demand_layer,08:00,23:00,15,08:00-23:00,1,13,15,2,66.94478229488215,Опен Мичуринский
7,2026-06-30,mega,auto,demand_layer,00:00,16:00,16,00:00-24:00,1,5,16,11,29.838332823847804,Белая Площадь
7,2026-06-30,mega,auto,demand_layer,00:00,24:00,24,00:00-24:00,2,38,48,10,38.67982059329831,Белая Площадь
7,2026-06-30,mega,bike,demand_layer,00:00,21:00,21,00:00-24:00,1,12,21,9,46.416489546634544,Белая Площадь
7,2026-06-30,mega,bike,demand_layer,00:00,24:00,24,00:00-24:00,1,17,24,7,50.059743399979624,Белая Площадь
72,2026-06-30,medium,auto,demand_layer,12:00,23:00,11,12:00-23:59,1,11,11,0,1.074684498267845,КО Магадан
8,2026-06-30,mega,bike,demand_layer,08:00,18:00,10,07:30-23:30,1,8,10,2,57.503316742713096,Усачева
8,2026-06-30,mega,bike,demand_layer,08:00,21:00,13,07:30-23:30,1,11,13,2,70.89415544868974,Усачева
8,2026-06-30,mega,bike,demand_layer,08:00,23:00,15,07:30-23:30,1,13,15,2,73.37760831552383,Усачева
9,2026-06-30,high,auto,demand_layer,08:00,21:00,13,08:00-23:00,1,11,13,2,18.08991817645591,КИНКИ
9,2026-06-30,high,bike,demand_layer,08:00,23:00,15,08:00-23:00,1,13,15,2,10.672314688977053,КИНКИ
99,2026-06-30,mega,bike,demand_layer,07:00,16:00,9,07:00-23:00,1,6,9,3,55.604687009157864,Опен Аркус
99,2026-06-30,mega,bike,demand_layer,07:00,18:00,11,07:00-23:00,1,8,11,3,67.35862239991975,Опен Аркус
99,2026-06-30,mega,bike,demand_layer,07:00,21:00,14,07:00-23:00,1,11,14,3,85.49186458379802,Опен Аркус
99,2026-06-30,mega,bike,demand_layer,07:00,23:00,16,07:00-23:00,2,26,32,6,90.32477665993375,Опен Аркус
grp_102_125,2026-06-30,medium,auto,demand_layer,00:00,23:00,23,00:00-23:59,1,23,23,0,7.4166443892864455,Мясо&Рыба Тверская + Meraki
grp_130_139,2026-06-30,medium,auto,demand_layer,09:00,23:00,14,09:00-23:59,1,11,14,3,2.9059481185272,EVA Хамовники + Клёво Усачева
grp_136_292,2026-06-30,medium,auto,demand_layer,12:00,23:00,11,12:00-23:00,1,11,11,0,4.06524839553132,Ikura + Узбекистан
grp_187_296,2026-06-30,medium,auto,demand_layer,10:00,23:00,13,10:00-23:00,1,11,13,2,3.362125590594694,Биродром и Панчетта Народное ополчение + Клево Авиапарк
grp_19_54,2026-06-30,medium,auto,demand_layer,08:00,18:00,10,08:00-24:00,1,6,10,4,13.298281649683013,Conversation Никитская + Maroon
grp_19_54,2026-06-30,medium,auto,demand_layer,08:00,24:00,16,08:00-24:00,1,16,16,0,20.4179841352559,Conversation Никитская + Maroon
grp_288_424,2026-06-30,medium,auto,demand_layer,11:00,23:00,12,11:00-23:00,1,11,12,1,4.176106279895374,Биродром и Ив.Дурдинъ Мичуринский + Корнер Ланового
grp_302_443,2026-06-30,medium,auto,demand_layer,10:00,18:00,8,10:00-22:00,1,6,8,2,1.3775917809028755,Ribambelle Шелепиха + Пинский доставка
grp_62_140,2026-06-30,medium,auto,demand_layer,09:00,23:00,14,09:00-23:00,1,14,14,0,2.9976089692113623,Печорин Новочеремушкинская  + Клёво Черемушки
grp_71_94,2026-06-30,medium,auto,demand_layer,12:00,23:00,11,12:00-23:59,1,11,11,0,1.725943581069811,КО Medusa + КО Высота 5642
grp_98_298,2026-06-30,medium,auto,demand_layer,08:00,23:00,15,08:00-23:00,1,11,15,4,3.4876271567834984,Печорин Угрешская + Ив. Дурдинъ Волгоградский
1,2026-07-01,medium,bike,demand_layer,08:00,23:00,15,08:00-23:00,1,15,15,0,19.200043849116895,Wall Street
10,2026-07-01,medium,bike,demand_layer,08:00,18:00,10,08:00-23:30,1,6,10,4,29.10785998971587,Якиманка
10,2026-07-01,medium,bike,demand_layer,08:00,23:00,15,08:00-23:30,1,15,15,0,35.15633246088041,Якиманка
100,2026-07-01,medium,auto,demand_layer,10:00,18:00,8,10:00-22:00,1,6,8,2,0.5932331277385063,Колбасный Цех / Магадан
101,2026-07-01,high,auto,demand_layer,08:00,18:00,10,08:00-23:00,1,5,10,5,26.251846797512435,Алия
101,2026-07-01,high,auto,demand_layer,08:00,21:00,13,08:00-23:00,1,11,13,2,32.95949535837038,Алия
101,2026-07-01,high,auto,demand_layer,08:00,23:00,15,08:00-23:00,1,13,15,2,34.57399930880819,Алия
101,2026-07-01,high,bike,demand_layer,08:00,16:00,8,08:00-23:00,1,4,8,4,1.0010500192298293,Алия
11,2026-07-01,medium,auto,demand_layer,00:00,07:00,7,00:00-07:00,4,25,28,3,18.903178675954074,Кутузовский
11,2026-07-01,medium,auto,demand_layer,23:00,24:00,1,23:00-24:00,1,1,1,0,0.8054847395431848,Кутузовский
115,2026-07-01,high,auto,demand_layer,07:00,16:00,9,07:00-23:00,1,4,9,5,18.6350501831621,Опен Символ
115,2026-07-01,high,auto,demand_layer,07:00,21:00,14,07:00-23:00,1,11,14,3,27.652189109570124,Опен Символ
115,2026-07-01,high,auto,demand_layer,07:00,23:00,16,07:00-23:00,1,13,16,3,29.588666613805685,Опен Символ
115,2026-07-01,high,bike,demand_layer,07:00,11:00,4,07:00-23:00,1,2,4,2,3.8107244507530376,Опен Символ
115,2026-07-01,high,bike,demand_layer,07:00,21:00,14,07:00-23:00,1,11,14,3,19.631260578088895,Опен Символ
116,2026-07-01,medium,auto,demand_layer,12:00,23:00,11,12:00-23:00,1,5,11,6,1.061692843284846,Корнер Дмитровка
119,2026-07-01,medium,auto,demand_layer,11:00,22:00,11,11:00-22:00,1,4,11,7,1.1130975916974852,Bluefin Успенское
119,2026-07-01,medium,bike,demand_layer,11:00,18:00,7,11:00-22:00,1,6,7,1,0.6424341235595677,Bluefin Успенское
12,2026-07-01,high,auto,demand_layer,08:00,16:00,8,08:00-22:00,1,4,8,4,16.70048269951019,Хорошо
12,2026-07-01,high,auto,demand_layer,08:00,22:00,14,08:00-22:00,1,12,14,2,26.13662446075325,Хорошо
12,2026-07-01,high,bike,demand_layer,08:00,18:00,10,08:00-22:00,1,8,10,2,19.71554579330782,Хорошо
12,2026-07-01,high,bike,demand_layer,08:00,22:00,14,08:00-22:00,1,11,14,3,23.51610557159982,Хорошо
123,2026-07-01,high,auto,demand_layer,08:00,18:00,10,08:00-23:00,1,8,10,2,12.933177184734566,Опен Нева
123,2026-07-01,high,bike,demand_layer,08:00,21:00,13,08:00-23:00,2,18,26,8,32.09612016214252,Опен Нева
124,2026-07-01,medium,auto,demand_layer,09:00,18:00,9,09:00-22:30,1,6,9,3,0.6143777539379458,ЦБ AVA Bistro
126,2026-07-01,high,bike,demand_layer,07:00,16:00,9,07:00-23:00,1,6,9,3,36.902564879572815,Опен Покровка
126,2026-07-01,high,bike,demand_layer,07:00,21:00,14,07:00-23:00,1,11,14,3,50.78397288486081,Опен Покровка
126,2026-07-01,high,bike,demand_layer,07:00,23:00,16,07:00-23:00,1,13,16,3,52.855105468521735,Опен Покровка
127,2026-07-01,medium,bike,demand_layer,07:00,23:00,16,07:00-23:00,1,16,16,0,7.370250107964104,БТ Покровка
128,2026-07-01,high,bike,demand_layer,08:00,21:00,13,08:00-24:00,1,11,13,2,50.361386170267345,Кофемания Лаки
128,2026-07-01,high,bike,demand_layer,08:00,24:00,16,08:00-24:00,1,14,16,2,55.8116366200005,Кофемания Лаки
137,2026-07-01,medium,bike,demand_layer,08:00,18:00,10,08:00-23:00,1,10,10,0,3.993542101388402,БТ Мясницкая
138,2026-07-01,medium,bike,demand_layer,08:00,23:00,15,08:00-23:00,1,15,15,0,5.381124324595888,БТ Таганка
14,2026-07-01,high,auto,demand_layer,09:00,16:00,7,09:00-23:00,1,6,7,1,22.72770207806112,Метрополис
14,2026-07-01,high,auto,demand_layer,09:00,18:00,9,09:00-23:00,1,8,9,1,26.028276849046595,Метрополис
14,2026-07-01,high,auto,demand_layer,09:00,21:00,12,09:00-23:00,1,11,12,1,30.352926373653908,Метрополис
14,2026-07-01,high,bike,demand_layer,09:00,23:00,14,09:00-23:00,1,8,14,6,5.260646250369919,Метрополис
142,2026-07-01,medium,bike,demand_layer,08:00,23:00,15,08:00-23:59,1,15,15,0,21.22150924284521,RED7
146,2026-07-01,medium,bike,demand_layer,10:00,18:00,8,10:00-20:00,1,6,8,2,0.5700678290601668,Maestrello Покровка
15,2026-07-01,medium,auto,demand_layer,00:00,06:00,6,00:00-24:00,1,6,6,0,4.342431512845833,Комсомолка
15,2026-07-01,medium,bike,demand_layer,00:00,24:00,24,00:00-24:00,1,18,24,6,8.039128492555221,Комсомолка
16,2026-07-01,medium,bike,demand_layer,08:00,23:00,15,08:00-23:00,1,15,15,0,8.158741737813228,Мосфильм
17,2026-07-01,high,auto,demand_layer,08:00,22:00,14,08:00-22:00,2,20,28,8,21.26643642561968,Внуково
17,2026-07-01,high,bike,demand_layer,08:00,22:00,14,08:00-22:00,1,11,14,3,11.441026044935818,Внуково
18,2026-07-01,medium,auto,demand_layer,08:00,22:00,14,08:00-22:00,1,14,14,0,21.98951300266139,Новая Рига
18,2026-07-01,medium,bike,demand_layer,08:00,22:00,14,08:00-22:00,1,14,14,0,10.845657301176686,Новая Рига
182,2026-07-01,medium,auto,demand_layer,09:00,23:00,14,09:00-23:00,1,11,14,3,1.2689665938749275,Miss You
2,2026-07-01,high,bike,demand_layer,07:00,16:00,9,07:00-24:00,1,4,9,5,32.159530466091795,Кудринская
2,2026-07-01,high,bike,demand_layer,07:00,21:00,14,07:00-24:00,1,11,14,3,45.094012819475196,Кудринская
2,2026-07-01,high,bike,demand_layer,07:00,24:00,17,07:00-24:00,1,14,17,3,50.28580114112521,Кудринская
20,2026-07-01,medium,auto,demand_layer,08:00,18:00,10,08:00-22:00,1,6,10,4,10.495933976148104,Павлово
20,2026-07-01,medium,bike,demand_layer,08:00,22:00,14,08:00-22:00,1,14,14,0,6.718743157294865,Павлово
21,2026-07-01,high,auto,demand_layer,08:00,21:00,13,08:00-23:00,1,11,13,2,28.93599873381296,Горки-2
21,2026-07-01,high,auto,demand_layer,08:00,23:00,15,08:00-23:00,1,13,15,2,31.96295431764174,Горки-2
21,2026-07-01,high,bike,demand_layer,08:00,23:00,15,08:00-23:00,1,13,15,2,16.818707119655052,Горки-2
222,2026-07-01,low,auto,demand_layer,06:00,12:00,6,06:00-23:59,1,6,6,0,0.57475626237763,Ирис Химки
25,2026-07-01,high,auto,demand_layer,08:00,16:00,8,08:00-24:00,1,4,8,4,6.458343451676634,Весна
25,2026-07-01,high,bike,demand_layer,08:00,11:00,3,08:00-24:00,1,2,3,1,4.811174773724422,Весна
25,2026-07-01,high,bike,demand_layer,08:00,24:00,16,08:00-24:00,1,14,16,2,29.112251497721672,Весна
26,2026-07-01,medium,bike,demand_layer,08:00,18:00,10,08:00-23:00,1,6,10,4,26.44480214037113,Тверская
26,2026-07-01,medium,bike,demand_layer,08:00,23:00,15,08:00-23:00,1,15,15,0,33.79558387828787,Тверская
27,2026-07-01,medium,auto,demand_layer,08:00,23:00,15,08:00-23:30,1,5,15,10,1.138682252387598,4 Ветра
28,2026-07-01,medium,bike,demand_layer,08:00,18:00,10,08:00-23:00,1,6,10,4,0.796953192729034,Гранд
29,2026-07-01,mega,auto,demand_layer,07:00,16:00,9,07:00-23:00,2,8,18,10,37.14361396055956,Украинский
29,2026-07-01,mega,auto,demand_layer,07:00,18:00,11,07:00-23:00,1,8,11,3,44.244805011708635,Украинский
29,2026-07-01,mega,auto,demand_layer,07:00,21:00,14,07:00-23:00,2,22,28,6,55.02398578319483,Украинский
29,2026-07-01,mega,auto,demand_layer,07:00,23:00,16,07:00-23:00,1,13,16,3,59.2019874488005,Украинский
29,2026-07-01,mega,bike,demand_layer,07:00,21:00,14,07:00-23:00,1,11,14,3,29.033379512742467,Украинский
29,2026-07-01,mega,bike,demand_layer,07:00,23:00,16,07:00-23:00,1,13,16,3,29.553658965440526,Украинский
30,2026-07-01,mega,auto,demand_layer,08:00,21:00,13,08:00-24:00,1,11,13,2,25.700639092435853,Черёмушки
30,2026-07-01,mega,auto,demand_layer,08:00,24:00,16,08:00-24:00,1,14,16,2,31.11415899878378,Черёмушки
30,2026-07-01,mega,bike,demand_layer,08:00,18:00,10,08:00-24:00,1,8,10,2,25.232397295244176,Черёмушки
30,2026-07-01,mega,bike,demand_layer,08:00,24:00,16,08:00-24:00,1,14,16,2,31.019703778689234,Черёмушки
301,2026-07-01,medium,auto,demand_layer,12:00,23:00,11,12:00-23:00,1,11,11,0,1.2340592814354658,Биродром и Панчетта Дежнева
33,2026-07-01,high,auto,demand_layer,08:00,21:00,13,08:00-23:00,2,20,26,6,18.252520757560237,Даниловский
33,2026-07-01,high,bike,demand_layer,08:00,16:00,8,08:00-23:00,1,6,8,2,21.140484861970723,Даниловский
33,2026-07-01,high,bike,demand_layer,08:00,23:00,15,08:00-23:00,1,13,15,2,30.681213685888224,Даниловский
335,2026-07-01,low,auto,demand_layer,00:00,06:00,6,00:00-24:00,2,12,12,0,12.238028839442519,Кутузовский (Не использовать)
335,2026-07-01,low,bike,demand_layer,00:00,24:00,24,00:00-24:00,1,18,24,6,7.958767054964354,Кутузовский (Не использовать)
34,2026-07-01,medium,auto,demand_layer,08:00,12:00,4,08:00-24:00,1,4,4,0,0.8954680608953063,Аркус
34,2026-07-01,medium,bike,demand_layer,08:00,24:00,16,08:00-24:00,1,12,16,4,1.5650431395658853,Аркус
348,2026-07-01,medium,bike,demand_layer,09:00,22:00,13,09:00-22:00,1,13,13,0,4.862636635118214,Рига Холл
35,2026-07-01,high,auto,demand_layer,08:00,21:00,13,08:00-23:00,2,22,26,4,35.35219210394836,Ленинский
35,2026-07-01,high,bike,demand_layer,08:00,16:00,8,08:00-23:00,1,4,8,4,14.580372603936393,Ленинский
35,2026-07-01,high,bike,demand_layer,08:00,23:00,15,08:00-23:00,1,13,15,2,22.698607810217055,Ленинский
36,2026-07-01,medium,auto,demand_layer,08:00,18:00,10,08:00-23:00,1,10,10,0,1.1725937681516396,Friends Forever Botanica
37,2026-07-01,medium,bike,demand_layer,08:00,22:00,14,08:00-22:00,1,14,14,0,18.455250972973595,БТ Усачева
38,2026-07-01,medium,bike,demand_layer,08:00,23:00,15,08:00-23:00,1,15,15,0,4.65678753644174,Нева
39,2026-07-01,mega,auto,demand_layer,08:00,21:00,13,08:00-23:00,1,11,13,2,37.75915677752576,Гребной
39,2026-07-01,mega,auto,demand_layer,08:00,23:00,15,08:00-23:00,1,13,15,2,40.115979828058244,Гребной
39,2026-07-01,mega,bike,demand_layer,08:00,16:00,8,08:00-23:00,1,4,8,4,15.527410951670793,Гребной
39,2026-07-01,mega,bike,demand_layer,08:00,23:00,15,08:00-23:00,1,13,15,2,24.838468804655736,Гребной
4,2026-07-01,high,auto,demand_layer,08:00,18:00,10,08:00-24:00,1,6,10,4,13.450280501328212,Аврора
4,2026-07-01,high,auto,demand_layer,08:00,24:00,16,08:00-24:00,1,14,16,2,21.054082619895667,Аврора
4,2026-07-01,high,bike,demand_layer,08:00,16:00,8,08:00-24:00,1,4,8,4,28.77742285962541,Аврора
4,2026-07-01,high,bike,demand_layer,08:00,21:00,13,08:00-24:00,1,11,13,2,40.92011178214481,Аврора
4,2026-07-01,high,bike,demand_layer,08:00,24:00,16,08:00-24:00,1,14,16,2,43.26036203058464,Аврора
40,2026-07-01,medium,bike,demand_layer,09:00,19:00,10,09:00-19:00,1,9,10,1,1.252648803842581,БТ Аркус
434,2026-07-01,medium,auto,demand_layer,08:00,22:00,14,08:00-22:00,1,10,14,4,20.07485267084084,Сколково
434,2026-07-01,medium,bike,demand_layer,08:00,22:00,14,08:00-22:00,1,14,14,0,9.67744603546297,Сколково
46,2026-07-01,medium,bike,demand_layer,10:00,18:00,8,10:00-22:00,1,6,8,2,0.8568599280642332,БТ Павелецкая Плаза
47,2026-07-01,medium,bike,demand_layer,08:00,21:00,13,08:00-21:00,1,13,13,0,9.429456906612122,БТ Царская Площадь
478,2026-07-01,medium,bike,demand_layer,11:00,22:00,11,10:30-22:30,1,10,11,1,1.3090923224074684,Сыроварня Метрополис
479,2026-07-01,medium,auto,demand_layer,00:00,06:00,6,00:00-24:00,1,6,6,0,2.5291563663527823,Покровка
479,2026-07-01,medium,bike,demand_layer,00:00,24:00,24,00:00-24:00,1,18,24,6,7.523418775245773,Покровка
5,2026-07-01,medium,auto,demand_layer,00:00,06:00,6,00:00-24:00,1,6,6,0,3.530192977976343,Покровка (не использовать)
5,2026-07-01,medium,bike,demand_layer,00:00,24:00,24,00:00-24:00,1,18,24,6,5.763872994053905,Покровка (не использовать)
51,2026-07-01,medium,bike,demand_layer,08:00,18:00,10,08:00-22:00,1,10,10,0,4.133291232979391,БТ Новинский
516,2026-07-01,low,auto,demand_layer,09:00,18:00,9,09:00-22:00,1,9,9,0,1.1268572381171007,La Raquette by Pinskiy&Co
58,2026-07-01,medium,auto,demand_layer,09:00,18:00,9,09:00-21:00,1,6,9,3,0.8423502480826043,Печорин Тишинка
59,2026-07-01,medium,auto,demand_layer,09:00,18:00,9,09:00-21:00,1,6,9,3,0.6810948393159404,Печорин Шаболовка
6,2026-07-01,mega,auto,demand_layer,00:00,18:00,18,00:00-24:00,1,8,18,10,22.959698093049965,Неглинная
6,2026-07-01,mega,auto,demand_layer,00:00,24:00,24,00:00-24:00,1,21,24,3,28.018942964430252,Неглинная
6,2026-07-01,mega,bike,demand_layer,00:00,16:00,16,00:00-24:00,1,4,16,12,32.83342242441334,Неглинная
6,2026-07-01,mega,bike,demand_layer,00:00,21:00,21,00:00-24:00,1,12,21,9,43.11415306497426,Неглинная
6,2026-07-01,mega,bike,demand_layer,00:00,24:00,24,00:00-24:00,1,17,24,7,46.454423822317736,Неглинная
69,2026-07-01,mega,auto,demand_layer,08:00,16:00,8,08:00-23:00,1,4,8,4,27.39438918401895,Опен Мичуринский
69,2026-07-01,mega,auto,demand_layer,08:00,21:00,13,08:00-23:00,1,11,13,2,43.26464406013314,Опен Мичуринский
69,2026-07-01,mega,auto,demand_layer,08:00,23:00,15,08:00-23:00,1,13,15,2,47.05588675706592,Опен Мичуринский
69,2026-07-01,mega,bike,demand_layer,08:00,18:00,10,08:00-23:00,1,8,10,2,46.54707021902223,Опен Мичуринский
69,2026-07-01,mega,bike,demand_layer,08:00,21:00,13,08:00-23:00,1,11,13,2,59.938690014139866,Опен Мичуринский
69,2026-07-01,mega,bike,demand_layer,08:00,23:00,15,08:00-23:00,1,13,15,2,62.86054608789894,Опен Мичуринский
7,2026-07-01,mega,auto,demand_layer,00:00,16:00,16,00:00-24:00,1,6,16,10,26.247765770290464,Белая Площадь
7,2026-07-01,mega,auto,demand_layer,00:00,24:00,24,00:00-24:00,2,38,48,10,35.17978710536761,Белая Площадь
7,2026-07-01,mega,bike,demand_layer,00:00,21:00,21,00:00-24:00,1,12,21,9,45.91698749566508,Белая Площадь
7,2026-07-01,mega,bike,demand_layer,00:00,24:00,24,00:00-24:00,1,17,24,7,49.66546071258725,Белая Площадь
72,2026-07-01,medium,auto,demand_layer,12:00,23:00,11,12:00-23:59,1,11,11,0,1.0471415811944744,КО Магадан
8,2026-07-01,mega,bike,demand_layer,08:00,16:00,8,07:30-23:30,1,6,8,2,47.09897766973802,Усачева
8,2026-07-01,mega,bike,demand_layer,08:00,21:00,13,07:30-23:30,1,11,13,2,67.57669229711915,Усачева
8,2026-07-01,mega,bike,demand_layer,08:00,23:00,15,07:30-23:30,1,13,15,2,70.0943963381532,Усачева
9,2026-07-01,high,auto,demand_layer,08:00,21:00,13,08:00-23:00,1,11,13,2,16.5373505956451,КИНКИ
9,2026-07-01,high,bike,demand_layer,08:00,23:00,15,08:00-23:00,1,13,15,2,9.897222682724403,КИНКИ
99,2026-07-01,mega,bike,demand_layer,07:00,16:00,9,07:00-23:00,1,6,9,3,54.00005357180997,Опен Аркус
99,2026-07-01,mega,bike,demand_layer,07:00,18:00,11,07:00-23:00,1,8,11,3,64.62238770055302,Опен Аркус
99,2026-07-01,mega,bike,demand_layer,07:00,21:00,14,07:00-23:00,1,11,14,3,80.91403294516644,Опен Аркус
99,2026-07-01,mega,bike,demand_layer,07:00,23:00,16,07:00-23:00,2,26,32,6,85.66571028825719,Опен Аркус
grp_102_125,2026-07-01,medium,auto,demand_layer,00:00,23:00,23,00:00-23:59,1,23,23,0,8.41214619790474,Мясо&Рыба Тверская + Meraki
grp_130_139,2026-07-01,medium,auto,demand_layer,09:00,23:00,14,09:00-23:59,1,11,14,3,2.983295120461683,EVA Хамовники + Клёво Усачева
grp_136_292,2026-07-01,medium,auto,demand_layer,12:00,23:00,11,12:00-23:00,1,11,11,0,3.427345301466801,Ikura + Узбекистан
grp_187_296,2026-07-01,medium,auto,demand_layer,10:00,23:00,13,10:00-23:00,1,11,13,2,3.3024359382721515,Биродром и Панчетта Народное ополчение + Клево Авиапарк
grp_19_54,2026-07-01,medium,auto,demand_layer,08:00,18:00,10,08:00-24:00,1,6,10,4,10.246707305627117,Conversation Никитская + Maroon
grp_19_54,2026-07-01,medium,auto,demand_layer,08:00,24:00,16,08:00-24:00,1,16,16,0,17.40565810507962,Conversation Никитская + Maroon
grp_288_424,2026-07-01,medium,auto,demand_layer,11:00,23:00,12,11:00-23:00,1,11,12,1,4.177585154092292,Биродром и Ив.Дурдинъ Мичуринский + Корнер Ланового
grp_302_443,2026-07-01,medium,auto,demand_layer,10:00,18:00,8,10:00-22:00,1,6,8,2,1.3287189540836704,Ribambelle Шелепиха + Пинский доставка
grp_62_140,2026-07-01,medium,auto,demand_layer,09:00,23:00,14,09:00-23:00,1,14,14,0,2.377287086971715,Печорин Новочеремушкинская  + Клёво Черемушки
grp_71_94,2026-07-01,medium,auto,demand_layer,12:00,23:00,11,12:00-23:59,1,11,11,0,1.6934981309087485,КО Medusa + КО Высота 5642
grp_98_298,2026-07-01,medium,auto,demand_layer,08:00,23:00,15,08:00-23:00,1,11,15,4,4.893970155270666,Печорин Угрешская + Ив. Дурдинъ Волгоградский
1,2026-07-02,medium,bike,demand_layer,08:00,23:00,15,08:00-23:00,1,15,15,0,22.990909775981294,Wall Street
10,2026-07-02,medium,bike,demand_layer,08:00,18:00,10,08:00-23:30,1,6,10,4,29.350541275271397,Якиманка
10,2026-07-02,medium,bike,demand_layer,08:00,23:00,15,08:00-23:30,1,15,15,0,36.99714797042135,Якиманка
100,2026-07-02,medium,auto,demand_layer,10:00,18:00,8,10:00-22:00,1,6,8,2,0.5932331277385063,Колбасный Цех / Магадан
101,2026-07-02,high,auto,demand_layer,08:00,18:00,10,08:00-23:00,1,5,10,5,24.520891380627653,Алия
101,2026-07-02,high,auto,demand_layer,08:00,21:00,13,08:00-23:00,1,11,13,2,31.168391229431677,Алия
101,2026-07-02,high,auto,demand_layer,08:00,23:00,15,08:00-23:00,1,13,15,2,32.97142333616182,Алия
101,2026-07-02,high,bike,demand_layer,08:00,16:00,8,08:00-23:00,1,4,8,4,0.915366052889822,Алия
11,2026-07-02,medium,auto,demand_layer,00:00,07:00,7,00:00-07:00,4,26,28,2,19.96972969370252,Кутузовский
11,2026-07-02,medium,auto,demand_layer,23:00,24:00,1,23:00-24:00,2,2,2,0,0.938886295281791,Кутузовский
115,2026-07-02,high,auto,demand_layer,07:00,16:00,9,07:00-23:00,1,4,9,5,17.65767149243947,Опен Символ
115,2026-07-02,high,auto,demand_layer,07:00,21:00,14,07:00-23:00,1,11,14,3,26.648259100794167,Опен Символ
115,2026-07-02,high,auto,demand_layer,07:00,23:00,16,07:00-23:00,1,13,16,3,28.36079780827828,Опен Символ
115,2026-07-02,high,bike,demand_layer,07:00,11:00,4,07:00-23:00,1,2,4,2,3.6744653413768233,Опен Символ
115,2026-07-02,high,bike,demand_layer,07:00,21:00,14,07:00-23:00,1,11,14,3,18.874897606327576,Опен Символ
116,2026-07-02,medium,auto,demand_layer,12:00,23:00,11,12:00-23:00,1,5,11,6,0.8335694441836832,Корнер Дмитровка
119,2026-07-02,medium,auto,demand_layer,11:00,23:00,12,11:00-23:00,1,5,12,7,1.281164464973144,Bluefin Успенское
119,2026-07-02,medium,bike,demand_layer,11:00,18:00,7,11:00-23:00,1,6,7,1,0.6424341235595677,Bluefin Успенское
12,2026-07-02,high,auto,demand_layer,08:00,16:00,8,08:00-22:00,1,4,8,4,16.814182242308398,Хорошо
12,2026-07-02,high,auto,demand_layer,08:00,22:00,14,08:00-22:00,1,12,14,2,26.054187242187332,Хорошо
12,2026-07-02,high,bike,demand_layer,08:00,18:00,10,08:00-22:00,1,8,10,2,19.74485613735042,Хорошо
12,2026-07-02,high,bike,demand_layer,08:00,22:00,14,08:00-22:00,1,11,14,3,23.282994978953017,Хорошо
123,2026-07-02,high,auto,demand_layer,08:00,18:00,10,08:00-23:00,1,8,10,2,12.894322154011482,Опен Нева
123,2026-07-02,high,bike,demand_layer,08:00,21:00,13,08:00-23:00,2,20,26,6,31.353388144930737,Опен Нева
124,2026-07-02,medium,auto,demand_layer,09:00,18:00,9,09:00-22:30,1,6,9,3,0.6143777539379458,ЦБ AVA Bistro
126,2026-07-02,high,bike,demand_layer,07:00,16:00,9,07:00-23:00,1,6,9,3,37.32086204532969,Опен Покровка
126,2026-07-02,high,bike,demand_layer,07:00,21:00,14,07:00-23:00,1,11,14,3,52.59685597311594,Опен Покровка
126,2026-07-02,high,bike,demand_layer,07:00,23:00,16,07:00-23:00,1,13,16,3,54.67138810579773,Опен Покровка
127,2026-07-02,medium,bike,demand_layer,07:00,23:00,16,07:00-23:00,1,16,16,0,8.046982479274218,БТ Покровка
128,2026-07-02,high,bike,demand_layer,08:00,16:00,8,08:00-24:00,1,4,8,4,37.304498066192295,Кофемания Лаки
128,2026-07-02,high,bike,demand_layer,08:00,21:00,13,08:00-24:00,1,11,13,2,56.80064964117748,Кофемания Лаки
128,2026-07-02,high,bike,demand_layer,08:00,24:00,16,08:00-24:00,1,14,16,2,62.177138625690866,Кофемания Лаки
137,2026-07-02,medium,bike,demand_layer,08:00,23:00,15,08:00-23:00,1,15,15,0,5.3237342767300495,БТ Мясницкая
138,2026-07-02,medium,bike,demand_layer,08:00,23:00,15,08:00-23:00,1,15,15,0,3.515470830064912,БТ Таганка
14,2026-07-02,high,auto,demand_layer,09:00,16:00,7,09:00-23:00,1,6,7,1,21.9402456292804,Метрополис
14,2026-07-02,high,auto,demand_layer,09:00,18:00,9,09:00-23:00,1,8,9,1,25.09049844748952,Метрополис
14,2026-07-02,high,auto,demand_layer,09:00,21:00,12,09:00-23:00,1,11,12,1,29.411331059376735,Метрополис
14,2026-07-02,high,bike,demand_layer,09:00,23:00,14,09:00-23:00,1,8,14,6,5.141219949716731,Метрополис
142,2026-07-02,medium,bike,demand_layer,08:00,23:00,15,08:00-23:59,1,15,15,0,22.410468998336864,RED7
15,2026-07-02,medium,auto,demand_layer,00:00,06:00,6,00:00-24:00,1,6,6,0,4.342431512845833,Комсомолка
15,2026-07-02,medium,bike,demand_layer,00:00,24:00,24,00:00-24:00,1,18,24,6,8.039128492555221,Комсомолка
16,2026-07-02,medium,bike,demand_layer,08:00,23:00,15,08:00-23:00,1,15,15,0,7.817344117226716,Мосфильм
17,2026-07-02,high,auto,demand_layer,08:00,18:00,10,08:00-22:00,1,8,10,2,16.796796920220284,Внуково
17,2026-07-02,high,auto,demand_layer,08:00,22:00,14,08:00-22:00,1,11,14,3,22.412556845293683,Внуково
17,2026-07-02,high,bike,demand_layer,08:00,22:00,14,08:00-22:00,1,12,14,2,12.101589203303018,Внуково
18,2026-07-02,medium,auto,demand_layer,08:00,18:00,10,08:00-22:00,2,16,20,4,20.28366311024965,Новая Рига
18,2026-07-02,medium,bike,demand_layer,08:00,22:00,14,08:00-22:00,1,14,14,0,12.26687669792651,Новая Рига
182,2026-07-02,medium,auto,demand_layer,09:00,23:00,14,09:00-23:00,1,11,14,3,1.9317061024464681,Miss You
2,2026-07-02,high,bike,demand_layer,07:00,18:00,11,07:00-24:00,1,6,11,5,38.6326169640148,Кудринская
2,2026-07-02,high,bike,demand_layer,07:00,21:00,14,07:00-24:00,1,11,14,3,46.66504072479795,Кудринская
2,2026-07-02,high,bike,demand_layer,07:00,24:00,17,07:00-24:00,1,14,17,3,52.2262649541564,Кудринская
20,2026-07-02,medium,auto,demand_layer,08:00,18:00,10,08:00-22:00,1,6,10,4,11.910530880949036,Павлово
20,2026-07-02,medium,bike,demand_layer,08:00,22:00,14,08:00-22:00,1,14,14,0,7.850981645999912,Павлово
21,2026-07-02,high,auto,demand_layer,08:00,21:00,13,08:00-23:00,1,11,13,2,29.75387087087191,Горки-2
21,2026-07-02,high,auto,demand_layer,08:00,23:00,15,08:00-23:00,1,13,15,2,32.541983851033066,Горки-2
21,2026-07-02,high,bike,demand_layer,08:00,23:00,15,08:00-23:00,1,13,15,2,17.151894121771015,Горки-2
22,2026-07-02,medium,auto,demand_layer,12:00,18:00,6,12:00-23:30,1,6,6,0,0.5019160332272581,Жажда Крови
222,2026-07-02,low,auto,demand_layer,06:00,12:00,6,06:00-23:59,1,6,6,0,0.57475626237763,Ирис Химки
25,2026-07-02,high,auto,demand_layer,08:00,16:00,8,08:00-24:00,1,4,8,4,6.3523045474484,Весна
25,2026-07-02,high,bike,demand_layer,08:00,11:00,3,08:00-24:00,1,2,3,1,4.696921680242492,Весна
25,2026-07-02,high,bike,demand_layer,08:00,24:00,16,08:00-24:00,1,14,16,2,30.67018972780336,Весна
26,2026-07-02,medium,bike,demand_layer,08:00,23:00,15,08:00-23:00,1,15,15,0,31.30335882285505,Тверская
27,2026-07-02,medium,auto,demand_layer,08:00,23:00,15,08:00-23:30,1,5,15,10,1.138682252387598,4 Ветра
28,2026-07-02,medium,bike,demand_layer,08:00,18:00,10,08:00-23:00,1,6,10,4,0.796953192729034,Гранд
29,2026-07-02,mega,auto,demand_layer,07:00,16:00,9,07:00-23:00,2,10,18,8,37.8312208849059,Украинский
29,2026-07-02,mega,auto,demand_layer,07:00,18:00,11,07:00-23:00,1,8,11,3,44.926974471200296,Украинский
29,2026-07-02,mega,auto,demand_layer,07:00,21:00,14,07:00-23:00,2,22,28,6,56.0982688660225,Украинский
29,2026-07-02,mega,auto,demand_layer,07:00,23:00,16,07:00-23:00,1,13,16,3,59.82015089739912,Украинский
29,2026-07-02,mega,bike,demand_layer,07:00,21:00,14,07:00-23:00,1,11,14,3,29.53458533188445,Украинский
29,2026-07-02,mega,bike,demand_layer,07:00,23:00,16,07:00-23:00,1,13,16,3,29.998064981074748,Украинский
30,2026-07-02,mega,auto,demand_layer,08:00,16:00,8,08:00-24:00,1,4,8,4,17.69885232054418,Черёмушки
30,2026-07-02,mega,auto,demand_layer,08:00,21:00,13,08:00-24:00,1,11,13,2,27.12289161033765,Черёмушки
30,2026-07-02,mega,auto,demand_layer,08:00,24:00,16,08:00-24:00,1,14,16,2,33.509045873072886,Черёмушки
30,2026-07-02,mega,bike,demand_layer,08:00,18:00,10,08:00-24:00,1,8,10,2,26.319386561024647,Черёмушки
30,2026-07-02,mega,bike,demand_layer,08:00,24:00,16,08:00-24:00,1,14,16,2,32.77814806400279,Черёмушки
301,2026-07-02,medium,auto,demand_layer,12:00,23:00,11,12:00-23:00,1,11,11,0,1.2340592814354658,Биродром и Панчетта Дежнева
33,2026-07-02,high,auto,demand_layer,08:00,21:00,13,08:00-23:00,2,20,26,6,18.762672461765018,Даниловский
33,2026-07-02,high,bike,demand_layer,08:00,16:00,8,08:00-23:00,1,6,8,2,21.839718635781153,Даниловский
33,2026-07-02,high,bike,demand_layer,08:00,23:00,15,08:00-23:00,1,13,15,2,31.455399232122904,Даниловский
335,2026-07-02,low,auto,demand_layer,00:00,06:00,6,00:00-24:00,2,12,12,0,12.238028839442519,Кутузовский (Не использовать)
335,2026-07-02,low,bike,demand_layer,00:00,24:00,24,00:00-24:00,1,18,24,6,7.958767054964354,Кутузовский (Не использовать)
34,2026-07-02,medium,auto,demand_layer,08:00,24:00,16,08:00-24:00,1,6,16,10,4.506469870570294,Аркус
34,2026-07-02,medium,bike,demand_layer,08:00,12:00,4,08:00-24:00,1,4,4,0,0.698804312066009,Аркус
348,2026-07-02,medium,bike,demand_layer,09:00,22:00,13,09:00-22:00,1,13,13,0,4.989127270807582,Рига Холл
35,2026-07-02,high,auto,demand_layer,08:00,21:00,13,08:00-23:00,2,22,26,4,35.72827140217357,Ленинский
35,2026-07-02,high,bike,demand_layer,08:00,16:00,8,08:00-23:00,1,4,8,4,14.789245921264758,Ленинский
35,2026-07-02,high,bike,demand_layer,08:00,23:00,15,08:00-23:00,1,13,15,2,22.878947449137648,Ленинский
36,2026-07-02,medium,auto,demand_layer,08:00,18:00,10,08:00-23:00,1,10,10,0,1.1725937681516396,Friends Forever Botanica
37,2026-07-02,medium,bike,demand_layer,08:00,22:00,14,08:00-22:00,1,14,14,0,16.28661202509056,БТ Усачева
38,2026-07-02,medium,bike,demand_layer,08:00,23:00,15,08:00-23:00,1,15,15,0,4.65678753644174,Нева
39,2026-07-02,mega,auto,demand_layer,08:00,21:00,13,08:00-23:00,2,22,26,4,39.053388168896724,Гребной
39,2026-07-02,mega,bike,demand_layer,08:00,16:00,8,08:00-23:00,1,6,8,2,16.366285263944096,Гребной
39,2026-07-02,mega,bike,demand_layer,08:00,23:00,15,08:00-23:00,1,13,15,2,25.280794009293242,Гребной
4,2026-07-02,high,auto,demand_layer,08:00,18:00,10,08:00-24:00,1,6,10,4,13.450457530966371,Аврора
4,2026-07-02,high,auto,demand_layer,08:00,24:00,16,08:00-24:00,1,14,16,2,21.167429105114913,Аврора
4,2026-07-02,high,bike,demand_layer,08:00,16:00,8,08:00-24:00,1,4,8,4,28.422204869913283,Аврора
4,2026-07-02,high,bike,demand_layer,08:00,21:00,13,08:00-24:00,1,11,13,2,41.31013660916125,Аврора
4,2026-07-02,high,bike,demand_layer,08:00,24:00,16,08:00-24:00,1,14,16,2,43.59354818083069,Аврора
40,2026-07-02,medium,bike,demand_layer,09:00,19:00,10,09:00-19:00,1,9,10,1,1.252648803842581,БТ Аркус
434,2026-07-02,medium,auto,demand_layer,08:00,22:00,14,08:00-22:00,1,10,14,4,22.295476785209225,Сколково
434,2026-07-02,medium,bike,demand_layer,08:00,22:00,14,08:00-22:00,1,14,14,0,10.824826329475393,Сколково
46,2026-07-02,medium,bike,demand_layer,10:00,18:00,8,10:00-22:00,1,6,8,2,0.8568599280642332,БТ Павелецкая Плаза
47,2026-07-02,medium,bike,demand_layer,08:00,21:00,13,08:00-21:00,1,13,13,0,9.446058384756677,БТ Царская Площадь
478,2026-07-02,medium,bike,demand_layer,11:00,22:00,11,10:30-22:30,1,10,11,1,1.7145908789711946,Сыроварня Метрополис
479,2026-07-02,medium,auto,demand_layer,00:00,06:00,6,00:00-24:00,1,6,6,0,2.435116545317812,Покровка
479,2026-07-02,medium,bike,demand_layer,00:00,24:00,24,00:00-24:00,1,18,24,6,7.088600290618745,Покровка
5,2026-07-02,medium,auto,demand_layer,00:00,06:00,6,00:00-24:00,1,6,6,0,3.530192977976343,Покровка (не использовать)
5,2026-07-02,medium,bike,demand_layer,00:00,24:00,24,00:00-24:00,1,18,24,6,5.763872994053905,Покровка (не использовать)
51,2026-07-02,medium,bike,demand_layer,08:00,18:00,10,08:00-22:00,1,10,10,0,5.870917463988166,БТ Новинский
516,2026-07-02,low,auto,demand_layer,09:00,18:00,9,09:00-22:00,1,9,9,0,1.1268572381171007,La Raquette by Pinskiy&Co
58,2026-07-02,medium,auto,demand_layer,09:00,18:00,9,09:00-21:00,1,9,9,0,1.3125746628537902,Печорин Тишинка
59,2026-07-02,medium,auto,demand_layer,09:00,18:00,9,09:00-21:00,1,9,9,0,1.1122407846333422,Печорин Шаболовка
6,2026-07-02,mega,auto,demand_layer,00:00,18:00,18,00:00-24:00,1,8,18,10,22.397813763417126,Неглинная
6,2026-07-02,mega,auto,demand_layer,00:00,24:00,24,00:00-24:00,1,21,24,3,27.554824985327016,Неглинная
6,2026-07-02,mega,bike,demand_layer,00:00,16:00,16,00:00-24:00,1,4,16,12,32.24680450750344,Неглинная
6,2026-07-02,mega,bike,demand_layer,00:00,21:00,21,00:00-24:00,1,12,21,9,42.517669092195035,Неглинная
6,2026-07-02,mega,bike,demand_layer,00:00,24:00,24,00:00-24:00,1,17,24,7,45.50076074587354,Неглинная
69,2026-07-02,mega,auto,demand_layer,08:00,16:00,8,08:00-23:00,1,4,8,4,27.57652735505272,Опен Мичуринский
69,2026-07-02,mega,auto,demand_layer,08:00,21:00,13,08:00-23:00,1,11,13,2,43.60789757378414,Опен Мичуринский
69,2026-07-02,mega,auto,demand_layer,08:00,23:00,15,08:00-23:00,1,13,15,2,47.57622021041986,Опен Мичуринский
69,2026-07-02,mega,bike,demand_layer,08:00,18:00,10,08:00-23:00,1,8,10,2,46.97400793933469,Опен Мичуринский
69,2026-07-02,mega,bike,demand_layer,08:00,21:00,13,08:00-23:00,1,11,13,2,60.41611556588142,Опен Мичуринский
69,2026-07-02,mega,bike,demand_layer,08:00,23:00,15,08:00-23:00,1,13,15,2,63.47444459553447,Опен Мичуринский
7,2026-07-02,mega,auto,demand_layer,00:00,16:00,16,00:00-24:00,1,4,16,12,26.956769162893107,Белая Площадь
7,2026-07-02,mega,auto,demand_layer,00:00,21:00,21,00:00-24:00,1,14,21,7,31.78400986005367,Белая Площадь
7,2026-07-02,mega,auto,demand_layer,00:00,24:00,24,00:00-24:00,1,21,24,3,35.75083276932075,Белая Площадь
7,2026-07-02,mega,bike,demand_layer,00:00,21:00,21,00:00-24:00,1,12,21,9,45.116166528949044,Белая Площадь
7,2026-07-02,mega,bike,demand_layer,00:00,24:00,24,00:00-24:00,1,17,24,7,48.63167425692227,Белая Площадь
72,2026-07-02,medium,auto,demand_layer,12:00,23:00,11,12:00-23:59,1,11,11,0,1.0471415811944744,КО Магадан
8,2026-07-02,mega,bike,demand_layer,08:00,18:00,10,07:30-23:30,1,8,10,2,57.710191920935195,Усачева
8,2026-07-02,mega,bike,demand_layer,08:00,21:00,13,07:30-23:30,1,11,13,2,69.54506423614572,Усачева
8,2026-07-02,mega,bike,demand_layer,08:00,23:00,15,07:30-23:30,1,13,15,2,71.70222830251086,Усачева
9,2026-07-02,high,auto,demand_layer,08:00,24:00,16,08:00-24:00,1,14,16,2,22.075675709079455,КИНКИ
9,2026-07-02,high,bike,demand_layer,08:00,24:00,16,08:00-24:00,1,14,16,2,10.881510005592343,КИНКИ
99,2026-07-02,mega,bike,demand_layer,07:00,16:00,9,07:00-23:00,1,4,9,5,54.23444003387124,Опен Аркус
99,2026-07-02,mega,bike,demand_layer,07:00,18:00,11,07:00-23:00,1,8,11,3,64.96145835222114,Опен Аркус
99,2026-07-02,mega,bike,demand_layer,07:00,21:00,14,07:00-23:00,1,11,14,3,81.38888163589742,Опен Аркус
99,2026-07-02,mega,bike,demand_layer,07:00,23:00,16,07:00-23:00,2,26,32,6,86.0463645434454,Опен Аркус
grp_102_125,2026-07-02,medium,auto,demand_layer,00:00,23:00,23,00:00-23:59,1,23,23,0,9.895070474645511,Мясо&Рыба Тверская + Meraki
grp_122_131,2026-07-02,medium,bike,demand_layer,08:00,23:00,15,08:00-23:59,1,11,15,4,1.2902615020538675,Косяк Тишинка + EVA Б.Грузинская
grp_130_139,2026-07-02,medium,auto,demand_layer,09:00,23:00,14,09:00-23:59,1,11,14,3,3.915525228059426,EVA Хамовники + Клёво Усачева
grp_136_292,2026-07-02,medium,auto,demand_layer,12:00,23:00,11,12:00-23:00,1,11,11,0,4.610301639957929,Ikura + Узбекистан
grp_187_296,2026-07-02,medium,auto,demand_layer,10:00,23:00,13,10:00-23:00,1,11,13,2,2.988825315225983,Биродром и Панчетта Народное ополчение + Клево Авиапарк
grp_19_54,2026-07-02,medium,auto,demand_layer,08:00,24:00,16,08:00-24:00,2,28,32,4,21.796371781842655,Conversation Никитская + Maroon
grp_288_424,2026-07-02,medium,auto,demand_layer,11:00,23:00,12,11:00-23:00,1,11,12,1,4.01098418106079,Биродром и Ив.Дурдинъ Мичуринский + Корнер Ланового
grp_302_443,2026-07-02,medium,auto,demand_layer,10:00,18:00,8,10:00-22:00,1,6,8,2,0.9471176972432888,Ribambelle Шелепиха + Пинский доставка
grp_62_140,2026-07-02,medium,auto,demand_layer,09:00,23:00,14,09:00-23:00,1,14,14,0,2.756049877418845,Печорин Новочеремушкинская  + Клёво Черемушки
grp_71_94,2026-07-02,medium,auto,demand_layer,12:00,23:00,11,12:00-23:59,1,11,11,0,1.6934981309087485,КО Medusa + КО Высота 5642
grp_98_298,2026-07-02,medium,auto,demand_layer,08:00,23:00,15,08:00-23:00,1,11,15,4,4.164651833682124,Печорин Угрешская + Ив. Дурдинъ Волгоградский
