location_id,date,hour,forecast_couriers,vehicle_type,actual_couriers,location_name,diff,abs_diff,time_period,time_period_ru
1,2026-08-24,8,0,total,1,Wall Street,-1,1,early_morning,Раннее утро
1,2026-08-24,9,0,total,1,Wall Street,-1,1,morning,Утро
1,2026-08-24,10,0,total,1,Wall Street,-1,1,morning,Утро
1,2026-08-24,11,0,total,1,Wall Street,-1,1,lunch,Обед
1,2026-08-24,12,1,total,1,Wall Street,0,0,lunch,Обед
1,2026-08-24,13,1,total,1,Wall Street,0,0,lunch,Обед
1,2026-08-24,14,1,total,1,Wall Street,0,0,lunch,Обед
1,2026-08-24,15,1,total,1,Wall Street,0,0,afternoon,После обеда
1,2026-08-24,16,1,total,1,Wall Street,0,0,afternoon,После обеда
1,2026-08-24,17,1,total,1,Wall Street,0,0,afternoon,После обеда
1,2026-08-24,18,1,total,1,Wall Street,0,0,dinner,Ужин
1,2026-08-24,19,1,total,1,Wall Street,0,0,dinner,Ужин
1,2026-08-24,20,1,total,0,Wall Street,1,1,dinner,Ужин
1,2026-08-24,21,1,total,0,Wall Street,1,1,late_evening,Поздний вечер
1,2026-08-24,22,1,total,0,Wall Street,1,1,late_evening,Поздний вечер
10,2026-08-24,8,1,total,1,Якиманка,0,0,early_morning,Раннее утро
10,2026-08-24,9,1,total,1,Якиманка,0,0,morning,Утро
10,2026-08-24,10,1,total,1,Якиманка,0,0,morning,Утро
10,2026-08-24,11,1,total,1,Якиманка,0,0,lunch,Обед
10,2026-08-24,12,1,total,1,Якиманка,0,0,lunch,Обед
10,2026-08-24,13,1,total,1,Якиманка,0,0,lunch,Обед
10,2026-08-24,14,1,total,1,Якиманка,0,0,lunch,Обед
10,2026-08-24,15,1,total,1,Якиманка,0,0,afternoon,После обеда
10,2026-08-24,16,1,total,1,Якиманка,0,0,afternoon,После обеда
10,2026-08-24,17,1,total,1,Якиманка,0,0,afternoon,После обеда
10,2026-08-24,18,1,total,1,Якиманка,0,0,dinner,Ужин
10,2026-08-24,19,1,total,1,Якиманка,0,0,dinner,Ужин
10,2026-08-24,20,1,total,1,Якиманка,0,0,dinner,Ужин
10,2026-08-24,21,1,total,1,Якиманка,0,0,late_evening,Поздний вечер
10,2026-08-24,22,1,total,1,Якиманка,0,0,late_evening,Поздний вечер
101,2026-08-24,8,3,total,2,Алия,1,1,early_morning,Раннее утро
101,2026-08-24,9,3,total,2,Алия,1,1,morning,Утро
101,2026-08-24,10,3,total,3,Алия,0,0,morning,Утро
101,2026-08-24,11,3,total,3,Алия,0,0,lunch,Обед
101,2026-08-24,12,3,total,3,Алия,0,0,lunch,Обед
101,2026-08-24,13,3,total,3,Алия,0,0,lunch,Обед
101,2026-08-24,14,3,total,3,Алия,0,0,lunch,Обед
101,2026-08-24,15,3,total,3,Алия,0,0,afternoon,После обеда
101,2026-08-24,16,3,total,3,Алия,0,0,afternoon,После обеда
101,2026-08-24,17,3,total,3,Алия,0,0,afternoon,После обеда
101,2026-08-24,18,1,total,2,Алия,-1,1,dinner,Ужин
101,2026-08-24,19,1,total,2,Алия,-1,1,dinner,Ужин
101,2026-08-24,20,1,total,2,Алия,-1,1,dinner,Ужин
101,2026-08-24,21,1,total,1,Алия,0,0,late_evening,Поздний вечер
11,2026-08-24,0,3,total,4,Кутузовский,-1,1,deep_night,Глубокая ночь
11,2026-08-24,1,3,total,4,Кутузовский,-1,1,deep_night,Глубокая ночь
11,2026-08-24,2,3,total,3,Кутузовский,0,0,deep_night,Глубокая ночь
11,2026-08-24,3,3,total,3,Кутузовский,0,0,deep_night,Глубокая ночь
11,2026-08-24,4,3,total,3,Кутузовский,0,0,deep_night,Глубокая ночь
11,2026-08-24,5,3,total,3,Кутузовский,0,0,deep_night,Глубокая ночь
11,2026-08-24,6,2,total,4,Кутузовский,-2,2,opening,Открытие
11,2026-08-24,7,0,total,2,Кутузовский,-2,2,opening,Открытие
11,2026-08-24,22,1,total,1,Кутузовский,0,0,late_evening,Поздний вечер
11,2026-08-24,23,1,total,1,Кутузовский,0,0,late_evening,Поздний вечер
115,2026-08-24,7,0,total,1,Опен Символ,-1,1,opening,Открытие
115,2026-08-24,8,2,total,3,Опен Символ,-1,1,early_morning,Раннее утро
115,2026-08-24,9,4,total,3,Опен Символ,1,1,morning,Утро
115,2026-08-24,10,4,total,3,Опен Символ,1,1,morning,Утро
115,2026-08-24,11,4,total,3,Опен Символ,1,1,lunch,Обед
115,2026-08-24,12,4,total,4,Опен Символ,0,0,lunch,Обед
115,2026-08-24,13,4,total,4,Опен Символ,0,0,lunch,Обед
115,2026-08-24,14,4,total,4,Опен Символ,0,0,lunch,Обед
115,2026-08-24,15,4,total,5,Опен Символ,-1,1,afternoon,После обеда
115,2026-08-24,16,4,total,4,Опен Символ,0,0,afternoon,После обеда
115,2026-08-24,17,4,total,4,Опен Символ,0,0,afternoon,После обеда
115,2026-08-24,18,3,total,3,Опен Символ,0,0,dinner,Ужин
115,2026-08-24,19,3,total,3,Опен Символ,0,0,dinner,Ужин
115,2026-08-24,20,3,total,2,Опен Символ,1,1,dinner,Ужин
115,2026-08-24,21,1,total,2,Опен Символ,-1,1,late_evening,Поздний вечер
115,2026-08-24,22,1,total,0,Опен Символ,1,1,late_evening,Поздний вечер
12,2026-08-24,8,4,total,4,Хорошо,0,0,early_morning,Раннее утро
12,2026-08-24,9,4,total,4,Хорошо,0,0,morning,Утро
12,2026-08-24,10,4,total,4,Хорошо,0,0,morning,Утро
12,2026-08-24,11,4,total,4,Хорошо,0,0,lunch,Обед
12,2026-08-24,12,4,total,4,Хорошо,0,0,lunch,Обед
12,2026-08-24,13,4,total,4,Хорошо,0,0,lunch,Обед
12,2026-08-24,14,4,total,4,Хорошо,0,0,lunch,Обед
12,2026-08-24,15,4,total,4,Хорошо,0,0,afternoon,После обеда
12,2026-08-24,16,3,total,2,Хорошо,1,1,afternoon,После обеда
12,2026-08-24,17,3,total,2,Хорошо,1,1,afternoon,После обеда
12,2026-08-24,18,2,total,2,Хорошо,0,0,dinner,Ужин
12,2026-08-24,19,2,total,3,Хорошо,-1,1,dinner,Ужин
12,2026-08-24,20,2,total,2,Хорошо,0,0,dinner,Ужин
12,2026-08-24,21,1,total,2,Хорошо,-1,1,late_evening,Поздний вечер
123,2026-08-24,8,1,total,2,Опен Нева,-1,1,early_morning,Раннее утро
123,2026-08-24,9,1,total,2,Опен Нева,-1,1,morning,Утро
123,2026-08-24,10,1,total,2,Опен Нева,-1,1,morning,Утро
123,2026-08-24,11,1,total,2,Опен Нева,-1,1,lunch,Обед
123,2026-08-24,12,1,total,2,Опен Нева,-1,1,lunch,Обед
123,2026-08-24,13,1,total,2,Опен Нева,-1,1,lunch,Обед
123,2026-08-24,14,1,total,1,Опен Нева,0,0,lunch,Обед
123,2026-08-24,15,1,total,1,Опен Нева,0,0,afternoon,После обеда
123,2026-08-24,16,1,total,1,Опен Нева,0,0,afternoon,После обеда
123,2026-08-24,17,1,total,1,Опен Нева,0,0,afternoon,После обеда
123,2026-08-24,18,1,total,1,Опен Нева,0,0,dinner,Ужин
123,2026-08-24,19,1,total,1,Опен Нева,0,0,dinner,Ужин
123,2026-08-24,20,1,total,1,Опен Нева,0,0,dinner,Ужин
123,2026-08-24,21,1,total,1,Опен Нева,0,0,late_evening,Поздний вечер
123,2026-08-24,22,1,total,1,Опен Нева,0,0,late_evening,Поздний вечер
123,2026-08-24,23,0,total,1,Опен Нева,-1,1,late_evening,Поздний вечер
125,2026-08-24,12,1,total,0,Meraki,1,1,lunch,Обед
125,2026-08-24,13,1,total,0,Meraki,1,1,lunch,Обед
125,2026-08-24,14,1,total,0,Meraki,1,1,lunch,Обед
125,2026-08-24,15,1,total,0,Meraki,1,1,afternoon,После обеда
125,2026-08-24,16,1,total,0,Meraki,1,1,afternoon,После обеда
125,2026-08-24,17,1,total,0,Meraki,1,1,afternoon,После обеда
126,2026-08-24,7,1,total,0,Опен Покровка,1,1,opening,Открытие
126,2026-08-24,8,4,total,2,Опен Покровка,2,2,early_morning,Раннее утро
126,2026-08-24,9,4,total,2,Опен Покровка,2,2,morning,Утро
126,2026-08-24,10,4,total,2,Опен Покровка,2,2,morning,Утро
126,2026-08-24,11,4,total,2,Опен Покровка,2,2,lunch,Обед
126,2026-08-24,12,4,total,2,Опен Покровка,2,2,lunch,Обед
126,2026-08-24,13,4,total,2,Опен Покровка,2,2,lunch,Обед
126,2026-08-24,14,4,total,2,Опен Покровка,2,2,lunch,Обед
126,2026-08-24,15,4,total,2,Опен Покровка,2,2,afternoon,После обеда
126,2026-08-24,16,3,total,2,Опен Покровка,1,1,afternoon,После обеда
126,2026-08-24,17,3,total,2,Опен Покровка,1,1,afternoon,После обеда
126,2026-08-24,18,2,total,2,Опен Покровка,0,0,dinner,Ужин
126,2026-08-24,19,2,total,2,Опен Покровка,0,0,dinner,Ужин
126,2026-08-24,20,2,total,1,Опен Покровка,1,1,dinner,Ужин
126,2026-08-24,21,0,total,1,Опен Покровка,-1,1,late_evening,Поздний вечер
128,2026-08-24,8,1,total,2,Кофемания Лаки,-1,1,early_morning,Раннее утро
128,2026-08-24,9,1,total,2,Кофемания Лаки,-1,1,morning,Утро
128,2026-08-24,10,1,total,2,Кофемания Лаки,-1,1,morning,Утро
128,2026-08-24,11,1,total,2,Кофемания Лаки,-1,1,lunch,Обед
128,2026-08-24,12,2,total,2,Кофемания Лаки,0,0,lunch,Обед
128,2026-08-24,13,2,total,2,Кофемания Лаки,0,0,lunch,Обед
128,2026-08-24,14,2,total,2,Кофемания Лаки,0,0,lunch,Обед
128,2026-08-24,15,2,total,2,Кофемания Лаки,0,0,afternoon,После обеда
128,2026-08-24,16,2,total,2,Кофемания Лаки,0,0,afternoon,После обеда
128,2026-08-24,17,2,total,2,Кофемания Лаки,0,0,afternoon,После обеда
128,2026-08-24,18,2,total,2,Кофемания Лаки,0,0,dinner,Ужин
128,2026-08-24,19,2,total,2,Кофемания Лаки,0,0,dinner,Ужин
128,2026-08-24,20,2,total,1,Кофемания Лаки,1,1,dinner,Ужин
128,2026-08-24,21,2,total,1,Кофемания Лаки,1,1,late_evening,Поздний вечер
128,2026-08-24,22,2,total,1,Кофемания Лаки,1,1,late_evening,Поздний вечер
128,2026-08-24,23,2,total,1,Кофемания Лаки,1,1,late_evening,Поздний вечер
14,2026-08-24,9,2,total,2,Метрополис,0,0,morning,Утро
14,2026-08-24,10,3,total,4,Метрополис,-1,1,morning,Утро
14,2026-08-24,11,3,total,4,Метрополис,-1,1,lunch,Обед
14,2026-08-24,12,3,total,4,Метрополис,-1,1,lunch,Обед
14,2026-08-24,13,3,total,4,Метрополис,-1,1,lunch,Обед
14,2026-08-24,14,3,total,4,Метрополис,-1,1,lunch,Обед
14,2026-08-24,15,3,total,4,Метрополис,-1,1,afternoon,После обеда
14,2026-08-24,16,3,total,3,Метрополис,0,0,afternoon,После обеда
14,2026-08-24,17,3,total,3,Метрополис,0,0,afternoon,После обеда
14,2026-08-24,18,3,total,3,Метрополис,0,0,dinner,Ужин
14,2026-08-24,19,3,total,3,Метрополис,0,0,dinner,Ужин
14,2026-08-24,20,2,total,3,Метрополис,-1,1,dinner,Ужин
14,2026-08-24,21,2,total,2,Метрополис,0,0,late_evening,Поздний вечер
14,2026-08-24,22,2,total,1,Метрополис,1,1,late_evening,Поздний вечер
142,2026-08-24,8,1,total,1,RED7,0,0,early_morning,Раннее утро
142,2026-08-24,9,1,total,1,RED7,0,0,morning,Утро
142,2026-08-24,10,1,total,1,RED7,0,0,morning,Утро
142,2026-08-24,11,1,total,1,RED7,0,0,lunch,Обед
142,2026-08-24,12,1,total,1,RED7,0,0,lunch,Обед
142,2026-08-24,13,1,total,1,RED7,0,0,lunch,Обед
142,2026-08-24,14,1,total,1,RED7,0,0,lunch,Обед
142,2026-08-24,15,1,total,1,RED7,0,0,afternoon,После обеда
142,2026-08-24,16,1,total,1,RED7,0,0,afternoon,После обеда
142,2026-08-24,17,1,total,1,RED7,0,0,afternoon,После обеда
142,2026-08-24,18,0,total,1,RED7,-1,1,dinner,Ужин
142,2026-08-24,19,0,total,1,RED7,-1,1,dinner,Ужин
142,2026-08-24,20,0,total,1,RED7,-1,1,dinner,Ужин
142,2026-08-24,21,0,total,1,RED7,-1,1,late_evening,Поздний вечер
16,2026-08-24,9,0,total,1,Мосфильм,-1,1,morning,Утро
16,2026-08-24,10,0,total,1,Мосфильм,-1,1,morning,Утро
16,2026-08-24,11,0,total,1,Мосфильм,-1,1,lunch,Обед
16,2026-08-24,12,1,total,1,Мосфильм,0,0,lunch,Обед
16,2026-08-24,13,1,total,1,Мосфильм,0,0,lunch,Обед
16,2026-08-24,14,1,total,1,Мосфильм,0,0,lunch,Обед
16,2026-08-24,15,1,total,1,Мосфильм,0,0,afternoon,После обеда
16,2026-08-24,16,1,total,1,Мосфильм,0,0,afternoon,После обеда
16,2026-08-24,17,1,total,1,Мосфильм,0,0,afternoon,После обеда
16,2026-08-24,18,1,total,1,Мосфильм,0,0,dinner,Ужин
16,2026-08-24,19,1,total,1,Мосфильм,0,0,dinner,Ужин
16,2026-08-24,20,1,total,1,Мосфильм,0,0,dinner,Ужин
16,2026-08-24,21,1,total,0,Мосфильм,1,1,late_evening,Поздний вечер
16,2026-08-24,22,1,total,0,Мосфильм,1,1,late_evening,Поздний вечер
17,2026-08-24,8,4,total,2,Внуково,2,2,early_morning,Раннее утро
17,2026-08-24,9,4,total,3,Внуково,1,1,morning,Утро
17,2026-08-24,10,4,total,3,Внуково,1,1,morning,Утро
17,2026-08-24,11,4,total,3,Внуково,1,1,lunch,Обед
17,2026-08-24,12,4,total,3,Внуково,1,1,lunch,Обед
17,2026-08-24,13,4,total,3,Внуково,1,1,lunch,Обед
17,2026-08-24,14,4,total,3,Внуково,1,1,lunch,Обед
17,2026-08-24,15,4,total,3,Внуково,1,1,afternoon,После обеда
17,2026-08-24,16,4,total,3,Внуково,1,1,afternoon,После обеда
17,2026-08-24,17,4,total,3,Внуково,1,1,afternoon,После обеда
17,2026-08-24,18,2,total,3,Внуково,-1,1,dinner,Ужин
17,2026-08-24,19,2,total,3,Внуково,-1,1,dinner,Ужин
17,2026-08-24,20,2,total,2,Внуково,0,0,dinner,Ужин
17,2026-08-24,21,2,total,1,Внуково,1,1,late_evening,Поздний вечер
18,2026-08-24,8,1,total,1,Новая Рига,0,0,early_morning,Раннее утро
18,2026-08-24,9,1,total,2,Новая Рига,-1,1,morning,Утро
18,2026-08-24,10,1,total,2,Новая Рига,-1,1,morning,Утро
18,2026-08-24,11,1,total,2,Новая Рига,-1,1,lunch,Обед
18,2026-08-24,12,2,total,2,Новая Рига,0,0,lunch,Обед
18,2026-08-24,13,2,total,2,Новая Рига,0,0,lunch,Обед
18,2026-08-24,14,2,total,2,Новая Рига,0,0,lunch,Обед
18,2026-08-24,15,2,total,3,Новая Рига,-1,1,afternoon,После обеда
18,2026-08-24,16,2,total,3,Новая Рига,-1,1,afternoon,После обеда
18,2026-08-24,17,2,total,3,Новая Рига,-1,1,afternoon,После обеда
18,2026-08-24,18,2,total,3,Новая Рига,-1,1,dinner,Ужин
18,2026-08-24,19,2,total,3,Новая Рига,-1,1,dinner,Ужин
18,2026-08-24,20,2,total,2,Новая Рига,0,0,dinner,Ужин
18,2026-08-24,21,2,total,1,Новая Рига,1,1,late_evening,Поздний вечер
2,2026-08-24,6,1,total,0,Кудринская,1,1,opening,Открытие
2,2026-08-24,7,1,total,3,Кудринская,-2,2,opening,Открытие
2,2026-08-24,8,3,total,3,Кудринская,0,0,early_morning,Раннее утро
2,2026-08-24,9,3,total,3,Кудринская,0,0,morning,Утро
2,2026-08-24,10,3,total,3,Кудринская,0,0,morning,Утро
2,2026-08-24,11,3,total,3,Кудринская,0,0,lunch,Обед
2,2026-08-24,12,3,total,3,Кудринская,0,0,lunch,Обед
2,2026-08-24,13,3,total,3,Кудринская,0,0,lunch,Обед
2,2026-08-24,14,3,total,3,Кудринская,0,0,lunch,Обед
2,2026-08-24,15,3,total,3,Кудринская,0,0,afternoon,После обеда
2,2026-08-24,16,3,total,3,Кудринская,0,0,afternoon,После обеда
2,2026-08-24,17,3,total,3,Кудринская,0,0,afternoon,После обеда
2,2026-08-24,18,2,total,3,Кудринская,-1,1,dinner,Ужин
2,2026-08-24,19,2,total,2,Кудринская,0,0,dinner,Ужин
2,2026-08-24,20,2,total,1,Кудринская,1,1,dinner,Ужин
2,2026-08-24,21,1,total,1,Кудринская,0,0,late_evening,Поздний вечер
2,2026-08-24,22,1,total,1,Кудринская,0,0,late_evening,Поздний вечер
2,2026-08-24,23,1,total,1,Кудринская,0,0,late_evening,Поздний вечер
20,2026-08-24,8,2,total,1,Павлово,1,1,early_morning,Раннее утро
20,2026-08-24,9,2,total,2,Павлово,0,0,morning,Утро
20,2026-08-24,10,2,total,2,Павлово,0,0,morning,Утро
20,2026-08-24,11,2,total,2,Павлово,0,0,lunch,Обед
20,2026-08-24,12,2,total,2,Павлово,0,0,lunch,Обед
20,2026-08-24,13,2,total,2,Павлово,0,0,lunch,Обед
20,2026-08-24,14,2,total,2,Павлово,0,0,lunch,Обед
20,2026-08-24,15,2,total,2,Павлово,0,0,afternoon,После обеда
20,2026-08-24,16,2,total,2,Павлово,0,0,afternoon,После обеда
20,2026-08-24,17,2,total,2,Павлово,0,0,afternoon,После обеда
20,2026-08-24,18,1,total,2,Павлово,-1,1,dinner,Ужин
20,2026-08-24,19,1,total,2,Павлово,-1,1,dinner,Ужин
20,2026-08-24,20,1,total,1,Павлово,0,0,dinner,Ужин
20,2026-08-24,21,1,total,0,Павлово,1,1,late_evening,Поздний вечер
21,2026-08-24,8,3,total,2,Горки-2,1,1,early_morning,Раннее утро
21,2026-08-24,9,4,total,3,Горки-2,1,1,morning,Утро
21,2026-08-24,10,4,total,4,Горки-2,0,0,morning,Утро
21,2026-08-24,11,4,total,4,Горки-2,0,0,lunch,Обед
21,2026-08-24,12,4,total,4,Горки-2,0,0,lunch,Обед
21,2026-08-24,13,4,total,4,Горки-2,0,0,lunch,Обед
21,2026-08-24,14,4,total,4,Горки-2,0,0,lunch,Обед
21,2026-08-24,15,4,total,4,Горки-2,0,0,afternoon,После обеда
21,2026-08-24,16,4,total,5,Горки-2,-1,1,afternoon,После обеда
21,2026-08-24,17,4,total,5,Горки-2,-1,1,afternoon,После обеда
21,2026-08-24,18,3,total,5,Горки-2,-2,2,dinner,Ужин
21,2026-08-24,19,3,total,5,Горки-2,-2,2,dinner,Ужин
21,2026-08-24,20,3,total,4,Горки-2,-1,1,dinner,Ужин
21,2026-08-24,21,2,total,4,Горки-2,-2,2,late_evening,Поздний вечер
21,2026-08-24,22,2,total,4,Горки-2,-2,2,late_evening,Поздний вечер
25,2026-08-24,8,1,total,2,Весна,-1,1,early_morning,Раннее утро
25,2026-08-24,9,1,total,2,Весна,-1,1,morning,Утро
25,2026-08-24,10,2,total,2,Весна,0,0,morning,Утро
25,2026-08-24,11,2,total,2,Весна,0,0,lunch,Обед
25,2026-08-24,12,2,total,2,Весна,0,0,lunch,Обед
25,2026-08-24,13,2,total,2,Весна,0,0,lunch,Обед
25,2026-08-24,14,2,total,2,Весна,0,0,lunch,Обед
25,2026-08-24,15,2,total,2,Весна,0,0,afternoon,После обеда
25,2026-08-24,16,2,total,1,Весна,1,1,afternoon,После обеда
25,2026-08-24,17,2,total,1,Весна,1,1,afternoon,После обеда
25,2026-08-24,18,1,total,1,Весна,0,0,dinner,Ужин
25,2026-08-24,19,1,total,1,Весна,0,0,dinner,Ужин
25,2026-08-24,20,0,total,1,Весна,-1,1,dinner,Ужин
25,2026-08-24,21,0,total,1,Весна,-1,1,late_evening,Поздний вечер
25,2026-08-24,22,0,total,1,Весна,-1,1,late_evening,Поздний вечер
25,2026-08-24,23,0,total,1,Весна,-1,1,late_evening,Поздний вечер
26,2026-08-24,8,0,total,1,Тверская,-1,1,early_morning,Раннее утро
26,2026-08-24,9,0,total,1,Тверская,-1,1,morning,Утро
26,2026-08-24,10,0,total,1,Тверская,-1,1,morning,Утро
26,2026-08-24,11,0,total,1,Тверская,-1,1,lunch,Обед
26,2026-08-24,12,1,total,1,Тверская,0,0,lunch,Обед
26,2026-08-24,13,1,total,1,Тверская,0,0,lunch,Обед
26,2026-08-24,14,1,total,1,Тверская,0,0,lunch,Обед
26,2026-08-24,15,1,total,1,Тверская,0,0,afternoon,После обеда
26,2026-08-24,16,1,total,1,Тверская,0,0,afternoon,После обеда
26,2026-08-24,17,1,total,1,Тверская,0,0,afternoon,После обеда
26,2026-08-24,18,1,total,1,Тверская,0,0,dinner,Ужин
26,2026-08-24,19,1,total,1,Тверская,0,0,dinner,Ужин
26,2026-08-24,20,1,total,1,Тверская,0,0,dinner,Ужин
26,2026-08-24,21,1,total,1,Тверская,0,0,late_evening,Поздний вечер
26,2026-08-24,22,1,total,1,Тверская,0,0,late_evening,Поздний вечер
29,2026-08-24,7,3,total,5,Украинский,-2,2,opening,Открытие
29,2026-08-24,8,8,total,5,Украинский,3,3,early_morning,Раннее утро
29,2026-08-24,9,8,total,4,Украинский,4,4,morning,Утро
29,2026-08-24,10,8,total,4,Украинский,4,4,morning,Утро
29,2026-08-24,11,8,total,4,Украинский,4,4,lunch,Обед
29,2026-08-24,12,8,total,4,Украинский,4,4,lunch,Обед
29,2026-08-24,13,8,total,4,Украинский,4,4,lunch,Обед
29,2026-08-24,14,8,total,4,Украинский,4,4,lunch,Обед
29,2026-08-24,15,7,total,4,Украинский,3,3,afternoon,После обеда
29,2026-08-24,16,6,total,3,Украинский,3,3,afternoon,После обеда
29,2026-08-24,17,6,total,2,Украинский,4,4,afternoon,После обеда
29,2026-08-24,18,4,total,4,Украинский,0,0,dinner,Ужин
29,2026-08-24,19,4,total,4,Украинский,0,0,dinner,Ужин
29,2026-08-24,20,4,total,3,Украинский,1,1,dinner,Ужин
29,2026-08-24,21,1,total,3,Украинский,-2,2,late_evening,Поздний вечер
30,2026-08-24,8,4,total,2,Черёмушки,2,2,early_morning,Раннее утро
30,2026-08-24,9,6,total,3,Черёмушки,3,3,morning,Утро
30,2026-08-24,10,6,total,4,Черёмушки,2,2,morning,Утро
30,2026-08-24,11,6,total,4,Черёмушки,2,2,lunch,Обед
30,2026-08-24,12,6,total,4,Черёмушки,2,2,lunch,Обед
30,2026-08-24,13,6,total,4,Черёмушки,2,2,lunch,Обед
30,2026-08-24,14,6,total,4,Черёмушки,2,2,lunch,Обед
30,2026-08-24,15,6,total,5,Черёмушки,1,1,afternoon,После обеда
30,2026-08-24,16,5,total,4,Черёмушки,1,1,afternoon,После обеда
30,2026-08-24,17,5,total,4,Черёмушки,1,1,afternoon,После обеда
30,2026-08-24,18,4,total,4,Черёмушки,0,0,dinner,Ужин
30,2026-08-24,19,4,total,4,Черёмушки,0,0,dinner,Ужин
30,2026-08-24,20,4,total,4,Черёмушки,0,0,dinner,Ужин
30,2026-08-24,21,2,total,3,Черёмушки,-1,1,late_evening,Поздний вечер
30,2026-08-24,22,2,total,2,Черёмушки,0,0,late_evening,Поздний вечер
30,2026-08-24,23,2,total,2,Черёмушки,0,0,late_evening,Поздний вечер
33,2026-08-24,8,3,total,2,Даниловский,1,1,early_morning,Раннее утро
33,2026-08-24,9,3,total,2,Даниловский,1,1,morning,Утро
33,2026-08-24,10,3,total,2,Даниловский,1,1,morning,Утро
33,2026-08-24,11,3,total,3,Даниловский,0,0,lunch,Обед
33,2026-08-24,12,3,total,3,Даниловский,0,0,lunch,Обед
33,2026-08-24,13,3,total,3,Даниловский,0,0,lunch,Обед
33,2026-08-24,14,3,total,3,Даниловский,0,0,lunch,Обед
33,2026-08-24,15,3,total,3,Даниловский,0,0,afternoon,После обеда
33,2026-08-24,16,3,total,2,Даниловский,1,1,afternoon,После обеда
33,2026-08-24,17,3,total,2,Даниловский,1,1,afternoon,После обеда
33,2026-08-24,18,3,total,2,Даниловский,1,1,dinner,Ужин
33,2026-08-24,19,3,total,2,Даниловский,1,1,dinner,Ужин
33,2026-08-24,20,3,total,2,Даниловский,1,1,dinner,Ужин
33,2026-08-24,21,1,total,1,Даниловский,0,0,late_evening,Поздний вечер
33,2026-08-24,22,1,total,1,Даниловский,0,0,late_evening,Поздний вечер
34,2026-08-24,0,1,total,1,Аркус,0,0,deep_night,Глубокая ночь
34,2026-08-24,1,1,total,1,Аркус,0,0,deep_night,Глубокая ночь
34,2026-08-24,2,1,total,1,Аркус,0,0,deep_night,Глубокая ночь
34,2026-08-24,3,1,total,1,Аркус,0,0,deep_night,Глубокая ночь
34,2026-08-24,4,1,total,1,Аркус,0,0,deep_night,Глубокая ночь
34,2026-08-24,5,1,total,1,Аркус,0,0,deep_night,Глубокая ночь
34,2026-08-24,6,0,total,1,Аркус,-1,1,opening,Открытие
34,2026-08-24,7,0,total,1,Аркус,-1,1,opening,Открытие
34,2026-08-24,22,1,total,1,Аркус,0,0,late_evening,Поздний вечер
34,2026-08-24,23,1,total,1,Аркус,0,0,late_evening,Поздний вечер
348,2026-08-24,8,1,total,1,Рига Холл,0,0,early_morning,Раннее утро
348,2026-08-24,9,1,total,1,Рига Холл,0,0,morning,Утро
348,2026-08-24,10,1,total,1,Рига Холл,0,0,morning,Утро
348,2026-08-24,11,1,total,1,Рига Холл,0,0,lunch,Обед
348,2026-08-24,12,1,total,1,Рига Холл,0,0,lunch,Обед
348,2026-08-24,13,1,total,1,Рига Холл,0,0,lunch,Обед
348,2026-08-24,14,1,total,1,Рига Холл,0,0,lunch,Обед
348,2026-08-24,15,1,total,1,Рига Холл,0,0,afternoon,После обеда
348,2026-08-24,16,1,total,1,Рига Холл,0,0,afternoon,После обеда
348,2026-08-24,17,1,total,1,Рига Холл,0,0,afternoon,После обеда
348,2026-08-24,18,1,total,1,Рига Холл,0,0,dinner,Ужин
348,2026-08-24,19,1,total,1,Рига Холл,0,0,dinner,Ужин
348,2026-08-24,20,1,total,1,Рига Холл,0,0,dinner,Ужин
35,2026-08-24,8,2,total,3,Ленинский,-1,1,early_morning,Раннее утро
35,2026-08-24,9,3,total,3,Ленинский,0,0,morning,Утро
35,2026-08-24,10,3,total,4,Ленинский,-1,1,morning,Утро
35,2026-08-24,11,4,total,5,Ленинский,-1,1,lunch,Обед
35,2026-08-24,12,4,total,5,Ленинский,-1,1,lunch,Обед
35,2026-08-24,13,4,total,5,Ленинский,-1,1,lunch,Обед
35,2026-08-24,14,4,total,5,Ленинский,-1,1,lunch,Обед
35,2026-08-24,15,4,total,5,Ленинский,-1,1,afternoon,После обеда
35,2026-08-24,16,4,total,5,Ленинский,-1,1,afternoon,После обеда
35,2026-08-24,17,4,total,5,Ленинский,-1,1,afternoon,После обеда
35,2026-08-24,18,3,total,5,Ленинский,-2,2,dinner,Ужин
35,2026-08-24,19,3,total,5,Ленинский,-2,2,dinner,Ужин
35,2026-08-24,20,3,total,3,Ленинский,0,0,dinner,Ужин
35,2026-08-24,21,2,total,3,Ленинский,-1,1,late_evening,Поздний вечер
35,2026-08-24,22,1,total,2,Ленинский,-1,1,late_evening,Поздний вечер
38,2026-08-24,18,1,total,0,Нева,1,1,dinner,Ужин
38,2026-08-24,19,1,total,0,Нева,1,1,dinner,Ужин
38,2026-08-24,20,1,total,0,Нева,1,1,dinner,Ужин
38,2026-08-24,21,1,total,0,Нева,1,1,late_evening,Поздний вечер
38,2026-08-24,22,1,total,0,Нева,1,1,late_evening,Поздний вечер
39,2026-08-24,8,4,total,2,Гребной,2,2,early_morning,Раннее утро
39,2026-08-24,9,5,total,3,Гребной,2,2,morning,Утро
39,2026-08-24,10,5,total,3,Гребной,2,2,morning,Утро
39,2026-08-24,11,5,total,3,Гребной,2,2,lunch,Обед
39,2026-08-24,12,5,total,3,Гребной,2,2,lunch,Обед
39,2026-08-24,13,5,total,3,Гребной,2,2,lunch,Обед
39,2026-08-24,14,5,total,3,Гребной,2,2,lunch,Обед
39,2026-08-24,15,5,total,3,Гребной,2,2,afternoon,После обеда
39,2026-08-24,16,4,total,3,Гребной,1,1,afternoon,После обеда
39,2026-08-24,17,4,total,3,Гребной,1,1,afternoon,После обеда
39,2026-08-24,18,4,total,3,Гребной,1,1,dinner,Ужин
39,2026-08-24,19,4,total,3,Гребной,1,1,dinner,Ужин
39,2026-08-24,20,4,total,3,Гребной,1,1,dinner,Ужин
39,2026-08-24,21,1,total,2,Гребной,-1,1,late_evening,Поздний вечер
39,2026-08-24,22,1,total,1,Гребной,0,0,late_evening,Поздний вечер
4,2026-08-24,8,4,total,2,Аврора,2,2,early_morning,Раннее утро
4,2026-08-24,9,5,total,3,Аврора,2,2,morning,Утро
4,2026-08-24,10,5,total,4,Аврора,1,1,morning,Утро
4,2026-08-24,11,5,total,5,Аврора,0,0,lunch,Обед
4,2026-08-24,12,5,total,6,Аврора,-1,1,lunch,Обед
4,2026-08-24,13,5,total,6,Аврора,-1,1,lunch,Обед
4,2026-08-24,14,5,total,6,Аврора,-1,1,lunch,Обед
4,2026-08-24,15,5,total,5,Аврора,0,0,afternoon,После обеда
4,2026-08-24,16,3,total,5,Аврора,-2,2,afternoon,После обеда
4,2026-08-24,17,3,total,5,Аврора,-2,2,afternoon,После обеда
4,2026-08-24,18,3,total,5,Аврора,-2,2,dinner,Ужин
4,2026-08-24,19,3,total,5,Аврора,-2,2,dinner,Ужин
4,2026-08-24,20,3,total,5,Аврора,-2,2,dinner,Ужин
4,2026-08-24,21,1,total,5,Аврора,-4,4,late_evening,Поздний вечер
4,2026-08-24,22,1,total,2,Аврора,-1,1,late_evening,Поздний вечер
4,2026-08-24,23,1,total,1,Аврора,0,0,late_evening,Поздний вечер
434,2026-08-24,8,2,total,0,Сколково,2,2,early_morning,Раннее утро
434,2026-08-24,9,2,total,2,Сколково,0,0,morning,Утро
434,2026-08-24,10,2,total,2,Сколково,0,0,morning,Утро
434,2026-08-24,11,2,total,2,Сколково,0,0,lunch,Обед
434,2026-08-24,12,3,total,2,Сколково,1,1,lunch,Обед
434,2026-08-24,13,3,total,2,Сколково,1,1,lunch,Обед
434,2026-08-24,14,3,total,3,Сколково,0,0,lunch,Обед
434,2026-08-24,15,3,total,3,Сколково,0,0,afternoon,После обеда
434,2026-08-24,16,3,total,2,Сколково,1,1,afternoon,После обеда
434,2026-08-24,17,3,total,2,Сколково,1,1,afternoon,После обеда
434,2026-08-24,18,2,total,2,Сколково,0,0,dinner,Ужин
434,2026-08-24,19,2,total,2,Сколково,0,0,dinner,Ужин
434,2026-08-24,20,2,total,1,Сколково,1,1,dinner,Ужин
434,2026-08-24,21,2,total,1,Сколково,1,1,late_evening,Поздний вечер
47,2026-08-24,12,1,total,0,БТ Царская Площадь,1,1,lunch,Обед
47,2026-08-24,13,1,total,0,БТ Царская Площадь,1,1,lunch,Обед
47,2026-08-24,14,1,total,0,БТ Царская Площадь,1,1,lunch,Обед
47,2026-08-24,15,1,total,0,БТ Царская Площадь,1,1,afternoon,После обеда
47,2026-08-24,16,1,total,0,БТ Царская Площадь,1,1,afternoon,После обеда
47,2026-08-24,17,1,total,0,БТ Царская Площадь,1,1,afternoon,После обеда
479,2026-08-24,0,0,total,1,Покровка,-1,1,deep_night,Глубокая ночь
479,2026-08-24,1,0,total,1,Покровка,-1,1,deep_night,Глубокая ночь
479,2026-08-24,2,0,total,1,Покровка,-1,1,deep_night,Глубокая ночь
479,2026-08-24,3,0,total,1,Покровка,-1,1,deep_night,Глубокая ночь
479,2026-08-24,4,0,total,1,Покровка,-1,1,deep_night,Глубокая ночь
479,2026-08-24,5,0,total,1,Покровка,-1,1,deep_night,Глубокая ночь
479,2026-08-24,6,1,total,1,Покровка,0,0,opening,Открытие
479,2026-08-24,7,1,total,1,Покровка,0,0,opening,Открытие
479,2026-08-24,8,1,total,0,Покровка,1,1,early_morning,Раннее утро
479,2026-08-24,9,1,total,0,Покровка,1,1,morning,Утро
479,2026-08-24,10,1,total,0,Покровка,1,1,morning,Утро
479,2026-08-24,11,1,total,0,Покровка,1,1,lunch,Обед
479,2026-08-24,12,1,total,0,Покровка,1,1,lunch,Обед
479,2026-08-24,13,1,total,0,Покровка,1,1,lunch,Обед
479,2026-08-24,14,1,total,0,Покровка,1,1,lunch,Обед
479,2026-08-24,15,1,total,0,Покровка,1,1,afternoon,После обеда
479,2026-08-24,16,1,total,0,Покровка,1,1,afternoon,После обеда
479,2026-08-24,17,1,total,0,Покровка,1,1,afternoon,После обеда
479,2026-08-24,18,1,total,0,Покровка,1,1,dinner,Ужин
479,2026-08-24,19,1,total,0,Покровка,1,1,dinner,Ужин
479,2026-08-24,20,1,total,0,Покровка,1,1,dinner,Ужин
479,2026-08-24,21,1,total,0,Покровка,1,1,late_evening,Поздний вечер
479,2026-08-24,22,1,total,0,Покровка,1,1,late_evening,Поздний вечер
479,2026-08-24,23,1,total,0,Покровка,1,1,late_evening,Поздний вечер
54,2026-08-24,10,1,total,2,Maroon,-1,1,morning,Утро
54,2026-08-24,11,1,total,2,Maroon,-1,1,lunch,Обед
54,2026-08-24,12,2,total,2,Maroon,0,0,lunch,Обед
54,2026-08-24,13,2,total,2,Maroon,0,0,lunch,Обед
54,2026-08-24,14,2,total,2,Maroon,0,0,lunch,Обед
54,2026-08-24,15,2,total,2,Maroon,0,0,afternoon,После обеда
54,2026-08-24,16,2,total,2,Maroon,0,0,afternoon,После обеда
54,2026-08-24,17,2,total,2,Maroon,0,0,afternoon,После обеда
54,2026-08-24,18,2,total,2,Maroon,0,0,dinner,Ужин
54,2026-08-24,19,2,total,2,Maroon,0,0,dinner,Ужин
54,2026-08-24,20,1,total,2,Maroon,-1,1,dinner,Ужин
54,2026-08-24,21,1,total,2,Maroon,-1,1,late_evening,Поздний вечер
54,2026-08-24,22,1,total,2,Maroon,-1,1,late_evening,Поздний вечер
6,2026-08-24,5,0,total,1,Неглинная,-1,1,deep_night,Глубокая ночь
6,2026-08-24,6,2,total,2,Неглинная,0,0,opening,Открытие
6,2026-08-24,7,2,total,4,Неглинная,-2,2,opening,Открытие
6,2026-08-24,8,4,total,4,Неглинная,0,0,early_morning,Раннее утро
6,2026-08-24,9,4,total,4,Неглинная,0,0,morning,Утро
6,2026-08-24,10,4,total,4,Неглинная,0,0,morning,Утро
6,2026-08-24,11,4,total,4,Неглинная,0,0,lunch,Обед
6,2026-08-24,12,4,total,4,Неглинная,0,0,lunch,Обед
6,2026-08-24,13,4,total,4,Неглинная,0,0,lunch,Обед
6,2026-08-24,14,4,total,4,Неглинная,0,0,lunch,Обед
6,2026-08-24,15,4,total,4,Неглинная,0,0,afternoon,После обеда
6,2026-08-24,16,4,total,4,Неглинная,0,0,afternoon,После обеда
6,2026-08-24,17,4,total,3,Неглинная,1,1,afternoon,После обеда
6,2026-08-24,18,3,total,3,Неглинная,0,0,dinner,Ужин
6,2026-08-24,19,3,total,2,Неглинная,1,1,dinner,Ужин
6,2026-08-24,20,3,total,2,Неглинная,1,1,dinner,Ужин
6,2026-08-24,21,2,total,2,Неглинная,0,0,late_evening,Поздний вечер
6,2026-08-24,22,2,total,2,Неглинная,0,0,late_evening,Поздний вечер
6,2026-08-24,23,2,total,1,Неглинная,1,1,late_evening,Поздний вечер
69,2026-08-24,7,0,total,6,Опен Мичуринский,-6,6,opening,Открытие
69,2026-08-24,8,6,total,7,Опен Мичуринский,-1,1,early_morning,Раннее утро
69,2026-08-24,9,7,total,5,Опен Мичуринский,2,2,morning,Утро
69,2026-08-24,10,7,total,5,Опен Мичуринский,2,2,morning,Утро
69,2026-08-24,11,7,total,5,Опен Мичуринский,2,2,lunch,Обед
69,2026-08-24,12,7,total,5,Опен Мичуринский,2,2,lunch,Обед
69,2026-08-24,13,7,total,5,Опен Мичуринский,2,2,lunch,Обед
69,2026-08-24,14,7,total,5,Опен Мичуринский,2,2,lunch,Обед
69,2026-08-24,15,7,total,5,Опен Мичуринский,2,2,afternoon,После обеда
69,2026-08-24,16,5,total,5,Опен Мичуринский,0,0,afternoon,После обеда
69,2026-08-24,17,5,total,5,Опен Мичуринский,0,0,afternoon,После обеда
69,2026-08-24,18,5,total,5,Опен Мичуринский,0,0,dinner,Ужин
69,2026-08-24,19,5,total,5,Опен Мичуринский,0,0,dinner,Ужин
69,2026-08-24,20,5,total,3,Опен Мичуринский,2,2,dinner,Ужин
69,2026-08-24,21,2,total,2,Опен Мичуринский,0,0,late_evening,Поздний вечер
69,2026-08-24,22,2,total,1,Опен Мичуринский,1,1,late_evening,Поздний вечер
7,2026-08-24,0,1,total,2,Белая Площадь,-1,1,deep_night,Глубокая ночь
7,2026-08-24,1,1,total,2,Белая Площадь,-1,1,deep_night,Глубокая ночь
7,2026-08-24,2,1,total,1,Белая Площадь,0,0,deep_night,Глубокая ночь
7,2026-08-24,3,1,total,1,Белая Площадь,0,0,deep_night,Глубокая ночь
7,2026-08-24,4,1,total,0,Белая Площадь,1,1,deep_night,Глубокая ночь
7,2026-08-24,5,1,total,1,Белая Площадь,0,0,deep_night,Глубокая ночь
7,2026-08-24,6,3,total,3,Белая Площадь,0,0,opening,Открытие
7,2026-08-24,7,3,total,4,Белая Площадь,-1,1,opening,Открытие
7,2026-08-24,8,6,total,5,Белая Площадь,1,1,early_morning,Раннее утро
7,2026-08-24,9,6,total,5,Белая Площадь,1,1,morning,Утро
7,2026-08-24,10,6,total,4,Белая Площадь,2,2,morning,Утро
7,2026-08-24,11,6,total,4,Белая Площадь,2,2,lunch,Обед
7,2026-08-24,12,6,total,4,Белая Площадь,2,2,lunch,Обед
7,2026-08-24,13,6,total,4,Белая Площадь,2,2,lunch,Обед
7,2026-08-24,14,6,total,4,Белая Площадь,2,2,lunch,Обед
7,2026-08-24,15,6,total,4,Белая Площадь,2,2,afternoon,После обеда
7,2026-08-24,16,5,total,4,Белая Площадь,1,1,afternoon,После обеда
7,2026-08-24,17,5,total,5,Белая Площадь,0,0,afternoon,После обеда
7,2026-08-24,18,5,total,7,Белая Площадь,-2,2,dinner,Ужин
7,2026-08-24,19,5,total,6,Белая Площадь,-1,1,dinner,Ужин
7,2026-08-24,20,5,total,3,Белая Площадь,2,2,dinner,Ужин
7,2026-08-24,21,3,total,3,Белая Площадь,0,0,late_evening,Поздний вечер
7,2026-08-24,22,3,total,2,Белая Площадь,1,1,late_evening,Поздний вечер
7,2026-08-24,23,3,total,0,Белая Площадь,3,3,late_evening,Поздний вечер
8,2026-08-24,7,0,total,3,Усачева,-3,3,opening,Открытие
8,2026-08-24,8,4,total,4,Усачева,0,0,early_morning,Раннее утро
8,2026-08-24,9,4,total,5,Усачева,-1,1,morning,Утро
8,2026-08-24,10,4,total,5,Усачева,-1,1,morning,Утро
8,2026-08-24,11,4,total,5,Усачева,-1,1,lunch,Обед
8,2026-08-24,12,4,total,5,Усачева,-1,1,lunch,Обед
8,2026-08-24,13,4,total,5,Усачева,-1,1,lunch,Обед
8,2026-08-24,14,4,total,5,Усачева,-1,1,lunch,Обед
8,2026-08-24,15,4,total,4,Усачева,0,0,afternoon,После обеда
8,2026-08-24,16,3,total,4,Усачева,-1,1,afternoon,После обеда
8,2026-08-24,17,3,total,4,Усачева,-1,1,afternoon,После обеда
8,2026-08-24,18,3,total,4,Усачева,-1,1,dinner,Ужин
8,2026-08-24,19,3,total,4,Усачева,-1,1,dinner,Ужин
8,2026-08-24,20,3,total,4,Усачева,-1,1,dinner,Ужин
8,2026-08-24,21,1,total,2,Усачева,-1,1,late_evening,Поздний вечер
8,2026-08-24,22,1,total,2,Усачева,-1,1,late_evening,Поздний вечер
8,2026-08-24,23,1,total,1,Усачева,0,0,late_evening,Поздний вечер
9,2026-08-24,8,2,total,0,КИНКИ,2,2,early_morning,Раннее утро
9,2026-08-24,9,2,total,1,КИНКИ,1,1,morning,Утро
9,2026-08-24,10,2,total,1,КИНКИ,1,1,morning,Утро
9,2026-08-24,11,2,total,1,КИНКИ,1,1,lunch,Обед
9,2026-08-24,12,2,total,1,КИНКИ,1,1,lunch,Обед
9,2026-08-24,13,2,total,1,КИНКИ,1,1,lunch,Обед
9,2026-08-24,14,2,total,2,КИНКИ,0,0,lunch,Обед
9,2026-08-24,15,2,total,2,КИНКИ,0,0,afternoon,После обеда
9,2026-08-24,16,2,total,2,КИНКИ,0,0,afternoon,После обеда
9,2026-08-24,17,2,total,2,КИНКИ,0,0,afternoon,После обеда
9,2026-08-24,18,1,total,3,КИНКИ,-2,2,dinner,Ужин
9,2026-08-24,19,1,total,3,КИНКИ,-2,2,dinner,Ужин
9,2026-08-24,20,1,total,3,КИНКИ,-2,2,dinner,Ужин
9,2026-08-24,21,1,total,3,КИНКИ,-2,2,late_evening,Поздний вечер
9,2026-08-24,22,1,total,2,КИНКИ,-1,1,late_evening,Поздний вечер
99,2026-08-24,7,2,total,3,Опен Аркус,-1,1,opening,Открытие
99,2026-08-24,8,5,total,4,Опен Аркус,1,1,early_morning,Раннее утро
99,2026-08-24,9,5,total,4,Опен Аркус,1,1,morning,Утро
99,2026-08-24,10,5,total,4,Опен Аркус,1,1,morning,Утро
99,2026-08-24,11,5,total,4,Опен Аркус,1,1,lunch,Обед
99,2026-08-24,12,5,total,4,Опен Аркус,1,1,lunch,Обед
99,2026-08-24,13,5,total,4,Опен Аркус,1,1,lunch,Обед
99,2026-08-24,14,5,total,4,Опен Аркус,1,1,lunch,Обед
99,2026-08-24,15,5,total,4,Опен Аркус,1,1,afternoon,После обеда
99,2026-08-24,16,5,total,3,Опен Аркус,2,2,afternoon,После обеда
99,2026-08-24,17,5,total,3,Опен Аркус,2,2,afternoon,После обеда
99,2026-08-24,18,3,total,3,Опен Аркус,0,0,dinner,Ужин
99,2026-08-24,19,3,total,3,Опен Аркус,0,0,dinner,Ужин
99,2026-08-24,20,3,total,2,Опен Аркус,1,1,dinner,Ужин
99,2026-08-24,21,1,total,2,Опен Аркус,-1,1,late_evening,Поздний вечер
99,2026-08-24,22,1,total,2,Опен Аркус,-1,1,late_evening,Поздний вечер
1,2026-08-25,8,0,total,1,Wall Street,-1,1,early_morning,Раннее утро
1,2026-08-25,9,0,total,1,Wall Street,-1,1,morning,Утро
1,2026-08-25,10,0,total,1,Wall Street,-1,1,morning,Утро
1,2026-08-25,11,0,total,1,Wall Street,-1,1,lunch,Обед
1,2026-08-25,12,1,total,1,Wall Street,0,0,lunch,Обед
1,2026-08-25,13,1,total,1,Wall Street,0,0,lunch,Обед
1,2026-08-25,14,1,total,1,Wall Street,0,0,lunch,Обед
1,2026-08-25,15,1,total,1,Wall Street,0,0,afternoon,После обеда
1,2026-08-25,16,1,total,1,Wall Street,0,0,afternoon,После обеда
1,2026-08-25,17,1,total,1,Wall Street,0,0,afternoon,После обеда
1,2026-08-25,18,1,total,1,Wall Street,0,0,dinner,Ужин
1,2026-08-25,19,1,total,1,Wall Street,0,0,dinner,Ужин
1,2026-08-25,20,1,total,1,Wall Street,0,0,dinner,Ужин
1,2026-08-25,21,1,total,0,Wall Street,1,1,late_evening,Поздний вечер
1,2026-08-25,22,1,total,0,Wall Street,1,1,late_evening,Поздний вечер
10,2026-08-25,8,0,total,1,Якиманка,-1,1,early_morning,Раннее утро
10,2026-08-25,9,0,total,1,Якиманка,-1,1,morning,Утро
10,2026-08-25,10,0,total,1,Якиманка,-1,1,morning,Утро
10,2026-08-25,11,0,total,1,Якиманка,-1,1,lunch,Обед
10,2026-08-25,12,1,total,1,Якиманка,0,0,lunch,Обед
10,2026-08-25,13,1,total,1,Якиманка,0,0,lunch,Обед
10,2026-08-25,14,1,total,1,Якиманка,0,0,lunch,Обед
10,2026-08-25,15,1,total,1,Якиманка,0,0,afternoon,После обеда
10,2026-08-25,16,1,total,1,Якиманка,0,0,afternoon,После обеда
10,2026-08-25,17,1,total,1,Якиманка,0,0,afternoon,После обеда
10,2026-08-25,18,1,total,1,Якиманка,0,0,dinner,Ужин
10,2026-08-25,19,1,total,1,Якиманка,0,0,dinner,Ужин
10,2026-08-25,20,1,total,1,Якиманка,0,0,dinner,Ужин
10,2026-08-25,21,1,total,1,Якиманка,0,0,late_evening,Поздний вечер
10,2026-08-25,22,1,total,1,Якиманка,0,0,late_evening,Поздний вечер
101,2026-08-25,8,3,total,4,Алия,-1,1,early_morning,Раннее утро
101,2026-08-25,9,3,total,4,Алия,-1,1,morning,Утро
101,2026-08-25,10,3,total,4,Алия,-1,1,morning,Утро
101,2026-08-25,11,3,total,4,Алия,-1,1,lunch,Обед
101,2026-08-25,12,3,total,4,Алия,-1,1,lunch,Обед
101,2026-08-25,13,3,total,4,Алия,-1,1,lunch,Обед
101,2026-08-25,14,3,total,3,Алия,0,0,lunch,Обед
101,2026-08-25,15,3,total,3,Алия,0,0,afternoon,После обеда
101,2026-08-25,16,3,total,2,Алия,1,1,afternoon,После обеда
101,2026-08-25,17,3,total,2,Алия,1,1,afternoon,После обеда
101,2026-08-25,18,1,total,2,Алия,-1,1,dinner,Ужин
101,2026-08-25,19,1,total,2,Алия,-1,1,dinner,Ужин
101,2026-08-25,20,1,total,2,Алия,-1,1,dinner,Ужин
101,2026-08-25,21,1,total,1,Алия,0,0,late_evening,Поздний вечер
11,2026-08-25,0,2,total,1,Кутузовский,1,1,deep_night,Глубокая ночь
11,2026-08-25,1,2,total,1,Кутузовский,1,1,deep_night,Глубокая ночь
11,2026-08-25,2,2,total,1,Кутузовский,1,1,deep_night,Глубокая ночь
11,2026-08-25,3,2,total,2,Кутузовский,0,0,deep_night,Глубокая ночь
11,2026-08-25,4,2,total,2,Кутузовский,0,0,deep_night,Глубокая ночь
11,2026-08-25,5,2,total,3,Кутузовский,-1,1,deep_night,Глубокая ночь
11,2026-08-25,6,1,total,6,Кутузовский,-5,5,opening,Открытие
11,2026-08-25,7,0,total,1,Кутузовский,-1,1,opening,Открытие
11,2026-08-25,22,1,total,3,Кутузовский,-2,2,late_evening,Поздний вечер
11,2026-08-25,23,1,total,3,Кутузовский,-2,2,late_evening,Поздний вечер
115,2026-08-25,7,0,total,1,Опен Символ,-1,1,opening,Открытие
115,2026-08-25,8,2,total,3,Опен Символ,-1,1,early_morning,Раннее утро
115,2026-08-25,9,4,total,3,Опен Символ,1,1,morning,Утро
115,2026-08-25,10,4,total,3,Опен Символ,1,1,morning,Утро
115,2026-08-25,11,4,total,3,Опен Символ,1,1,lunch,Обед
115,2026-08-25,12,4,total,3,Опен Символ,1,1,lunch,Обед
115,2026-08-25,13,4,total,3,Опен Символ,1,1,lunch,Обед
115,2026-08-25,14,4,total,3,Опен Символ,1,1,lunch,Обед
115,2026-08-25,15,4,total,3,Опен Символ,1,1,afternoon,После обеда
115,2026-08-25,16,4,total,4,Опен Символ,0,0,afternoon,После обеда
115,2026-08-25,17,4,total,4,Опен Символ,0,0,afternoon,После обеда
115,2026-08-25,18,3,total,4,Опен Символ,-1,1,dinner,Ужин
115,2026-08-25,19,3,total,4,Опен Символ,-1,1,dinner,Ужин
115,2026-08-25,20,3,total,3,Опен Символ,0,0,dinner,Ужин
115,2026-08-25,21,1,total,2,Опен Символ,-1,1,late_evening,Поздний вечер
115,2026-08-25,22,1,total,0,Опен Символ,1,1,late_evening,Поздний вечер
12,2026-08-25,8,4,total,2,Хорошо,2,2,early_morning,Раннее утро
12,2026-08-25,9,4,total,2,Хорошо,2,2,morning,Утро
12,2026-08-25,10,4,total,3,Хорошо,1,1,morning,Утро
12,2026-08-25,11,4,total,3,Хорошо,1,1,lunch,Обед
12,2026-08-25,12,4,total,3,Хорошо,1,1,lunch,Обед
12,2026-08-25,13,4,total,3,Хорошо,1,1,lunch,Обед
12,2026-08-25,14,4,total,3,Хорошо,1,1,lunch,Обед
12,2026-08-25,15,4,total,3,Хорошо,1,1,afternoon,После обеда
12,2026-08-25,16,3,total,3,Хорошо,0,0,afternoon,После обеда
12,2026-08-25,17,3,total,3,Хорошо,0,0,afternoon,После обеда
12,2026-08-25,18,2,total,3,Хорошо,-1,1,dinner,Ужин
12,2026-08-25,19,2,total,3,Хорошо,-1,1,dinner,Ужин
12,2026-08-25,20,2,total,3,Хорошо,-1,1,dinner,Ужин
12,2026-08-25,21,1,total,2,Хорошо,-1,1,late_evening,Поздний вечер
123,2026-08-25,8,1,total,2,Опен Нева,-1,1,early_morning,Раннее утро
123,2026-08-25,9,1,total,2,Опен Нева,-1,1,morning,Утро
123,2026-08-25,10,1,total,2,Опен Нева,-1,1,morning,Утро
123,2026-08-25,11,1,total,2,Опен Нева,-1,1,lunch,Обед
123,2026-08-25,12,1,total,2,Опен Нева,-1,1,lunch,Обед
123,2026-08-25,13,1,total,2,Опен Нева,-1,1,lunch,Обед
123,2026-08-25,14,1,total,1,Опен Нева,0,0,lunch,Обед
123,2026-08-25,15,1,total,1,Опен Нева,0,0,afternoon,После обеда
123,2026-08-25,16,1,total,1,Опен Нева,0,0,afternoon,После обеда
123,2026-08-25,17,1,total,1,Опен Нева,0,0,afternoon,После обеда
123,2026-08-25,18,1,total,1,Опен Нева,0,0,dinner,Ужин
123,2026-08-25,19,1,total,1,Опен Нева,0,0,dinner,Ужин
123,2026-08-25,20,1,total,1,Опен Нева,0,0,dinner,Ужин
123,2026-08-25,21,1,total,1,Опен Нева,0,0,late_evening,Поздний вечер
123,2026-08-25,22,1,total,1,Опен Нева,0,0,late_evening,Поздний вечер
123,2026-08-25,23,0,total,1,Опен Нева,-1,1,late_evening,Поздний вечер
125,2026-08-25,12,1,total,1,Meraki,0,0,lunch,Обед
125,2026-08-25,13,1,total,1,Meraki,0,0,lunch,Обед
125,2026-08-25,14,1,total,1,Meraki,0,0,lunch,Обед
125,2026-08-25,15,1,total,1,Meraki,0,0,afternoon,После обеда
125,2026-08-25,16,1,total,1,Meraki,0,0,afternoon,После обеда
125,2026-08-25,17,1,total,1,Meraki,0,0,afternoon,После обеда
125,2026-08-25,18,1,total,1,Meraki,0,0,dinner,Ужин
125,2026-08-25,19,1,total,1,Meraki,0,0,dinner,Ужин
125,2026-08-25,20,1,total,0,Meraki,1,1,dinner,Ужин
125,2026-08-25,21,1,total,0,Meraki,1,1,late_evening,Поздний вечер
125,2026-08-25,22,1,total,0,Meraki,1,1,late_evening,Поздний вечер
126,2026-08-25,7,1,total,0,Опен Покровка,1,1,opening,Открытие
126,2026-08-25,8,4,total,3,Опен Покровка,1,1,early_morning,Раннее утро
126,2026-08-25,9,4,total,3,Опен Покровка,1,1,morning,Утро
126,2026-08-25,10,4,total,3,Опен Покровка,1,1,morning,Утро
126,2026-08-25,11,4,total,3,Опен Покровка,1,1,lunch,Обед
126,2026-08-25,12,4,total,3,Опен Покровка,1,1,lunch,Обед
126,2026-08-25,13,4,total,3,Опен Покровка,1,1,lunch,Обед
126,2026-08-25,14,4,total,3,Опен Покровка,1,1,lunch,Обед
126,2026-08-25,15,4,total,3,Опен Покровка,1,1,afternoon,После обеда
126,2026-08-25,16,3,total,2,Опен Покровка,1,1,afternoon,После обеда
126,2026-08-25,17,3,total,2,Опен Покровка,1,1,afternoon,После обеда
126,2026-08-25,18,2,total,2,Опен Покровка,0,0,dinner,Ужин
126,2026-08-25,19,2,total,2,Опен Покровка,0,0,dinner,Ужин
126,2026-08-25,20,2,total,1,Опен Покровка,1,1,dinner,Ужин
126,2026-08-25,21,1,total,1,Опен Покровка,0,0,late_evening,Поздний вечер
126,2026-08-25,22,1,total,0,Опен Покровка,1,1,late_evening,Поздний вечер
128,2026-08-25,8,2,total,2,Кофемания Лаки,0,0,early_morning,Раннее утро
128,2026-08-25,9,2,total,2,Кофемания Лаки,0,0,morning,Утро
128,2026-08-25,10,2,total,2,Кофемания Лаки,0,0,morning,Утро
128,2026-08-25,11,2,total,2,Кофемания Лаки,0,0,lunch,Обед
128,2026-08-25,12,2,total,2,Кофемания Лаки,0,0,lunch,Обед
128,2026-08-25,13,2,total,2,Кофемания Лаки,0,0,lunch,Обед
128,2026-08-25,14,2,total,2,Кофемания Лаки,0,0,lunch,Обед
128,2026-08-25,15,2,total,2,Кофемания Лаки,0,0,afternoon,После обеда
128,2026-08-25,16,2,total,2,Кофемания Лаки,0,0,afternoon,После обеда
128,2026-08-25,17,2,total,2,Кофемания Лаки,0,0,afternoon,После обеда
128,2026-08-25,18,1,total,2,Кофемания Лаки,-1,1,dinner,Ужин
128,2026-08-25,19,1,total,2,Кофемания Лаки,-1,1,dinner,Ужин
128,2026-08-25,20,1,total,1,Кофемания Лаки,0,0,dinner,Ужин
128,2026-08-25,21,1,total,1,Кофемания Лаки,0,0,late_evening,Поздний вечер
128,2026-08-25,22,1,total,1,Кофемания Лаки,0,0,late_evening,Поздний вечер
128,2026-08-25,23,1,total,1,Кофемания Лаки,0,0,late_evening,Поздний вечер
14,2026-08-25,9,1,total,3,Метрополис,-2,2,morning,Утро
14,2026-08-25,10,2,total,4,Метрополис,-2,2,morning,Утро
14,2026-08-25,11,2,total,4,Метрополис,-2,2,lunch,Обед
14,2026-08-25,12,3,total,4,Метрополис,-1,1,lunch,Обед
14,2026-08-25,13,3,total,4,Метрополис,-1,1,lunch,Обед
14,2026-08-25,14,3,total,4,Метрополис,-1,1,lunch,Обед
14,2026-08-25,15,3,total,4,Метрополис,-1,1,afternoon,После обеда
14,2026-08-25,16,3,total,4,Метрополис,-1,1,afternoon,После обеда
14,2026-08-25,17,3,total,4,Метрополис,-1,1,afternoon,После обеда
14,2026-08-25,18,3,total,3,Метрополис,0,0,dinner,Ужин
14,2026-08-25,19,3,total,3,Метрополис,0,0,dinner,Ужин
14,2026-08-25,20,2,total,3,Метрополис,-1,1,dinner,Ужин
14,2026-08-25,21,2,total,2,Метрополис,0,0,late_evening,Поздний вечер
14,2026-08-25,22,2,total,1,Метрополис,1,1,late_evening,Поздний вечер
142,2026-08-25,8,1,total,1,RED7,0,0,early_morning,Раннее утро
142,2026-08-25,9,1,total,1,RED7,0,0,morning,Утро
142,2026-08-25,10,1,total,1,RED7,0,0,morning,Утро
142,2026-08-25,11,1,total,1,RED7,0,0,lunch,Обед
142,2026-08-25,12,1,total,1,RED7,0,0,lunch,Обед
142,2026-08-25,13,1,total,1,RED7,0,0,lunch,Обед
142,2026-08-25,14,1,total,1,RED7,0,0,lunch,Обед
142,2026-08-25,15,1,total,1,RED7,0,0,afternoon,После обеда
142,2026-08-25,16,1,total,1,RED7,0,0,afternoon,После обеда
142,2026-08-25,17,1,total,1,RED7,0,0,afternoon,После обеда
142,2026-08-25,18,0,total,1,RED7,-1,1,dinner,Ужин
142,2026-08-25,19,0,total,1,RED7,-1,1,dinner,Ужин
142,2026-08-25,20,0,total,1,RED7,-1,1,dinner,Ужин
142,2026-08-25,21,0,total,1,RED7,-1,1,late_evening,Поздний вечер
16,2026-08-25,9,0,total,1,Мосфильм,-1,1,morning,Утро
16,2026-08-25,10,0,total,1,Мосфильм,-1,1,morning,Утро
16,2026-08-25,11,0,total,1,Мосфильм,-1,1,lunch,Обед
16,2026-08-25,12,1,total,1,Мосфильм,0,0,lunch,Обед
16,2026-08-25,13,1,total,1,Мосфильм,0,0,lunch,Обед
16,2026-08-25,14,1,total,1,Мосфильм,0,0,lunch,Обед
16,2026-08-25,15,1,total,1,Мосфильм,0,0,afternoon,После обеда
16,2026-08-25,16,1,total,1,Мосфильм,0,0,afternoon,После обеда
16,2026-08-25,17,1,total,1,Мосфильм,0,0,afternoon,После обеда
16,2026-08-25,18,0,total,1,Мосфильм,-1,1,dinner,Ужин
16,2026-08-25,19,0,total,1,Мосфильм,-1,1,dinner,Ужин
16,2026-08-25,20,0,total,1,Мосфильм,-1,1,dinner,Ужин
17,2026-08-25,8,4,total,2,Внуково,2,2,early_morning,Раннее утро
17,2026-08-25,9,4,total,3,Внуково,1,1,morning,Утро
17,2026-08-25,10,4,total,3,Внуково,1,1,morning,Утро
17,2026-08-25,11,4,total,3,Внуково,1,1,lunch,Обед
17,2026-08-25,12,4,total,3,Внуково,1,1,lunch,Обед
17,2026-08-25,13,4,total,3,Внуково,1,1,lunch,Обед
17,2026-08-25,14,4,total,3,Внуково,1,1,lunch,Обед
17,2026-08-25,15,4,total,3,Внуково,1,1,afternoon,После обеда
17,2026-08-25,16,4,total,3,Внуково,1,1,afternoon,После обеда
17,2026-08-25,17,4,total,3,Внуково,1,1,afternoon,После обеда
17,2026-08-25,18,2,total,3,Внуково,-1,1,dinner,Ужин
17,2026-08-25,19,2,total,3,Внуково,-1,1,dinner,Ужин
17,2026-08-25,20,2,total,2,Внуково,0,0,dinner,Ужин
17,2026-08-25,21,2,total,1,Внуково,1,1,late_evening,Поздний вечер
18,2026-08-25,8,3,total,4,Новая Рига,-1,1,early_morning,Раннее утро
18,2026-08-25,9,3,total,4,Новая Рига,-1,1,morning,Утро
18,2026-08-25,10,3,total,4,Новая Рига,-1,1,morning,Утро
18,2026-08-25,11,3,total,3,Новая Рига,0,0,lunch,Обед
18,2026-08-25,12,3,total,3,Новая Рига,0,0,lunch,Обед
18,2026-08-25,13,3,total,3,Новая Рига,0,0,lunch,Обед
18,2026-08-25,14,3,total,3,Новая Рига,0,0,lunch,Обед
18,2026-08-25,15,3,total,3,Новая Рига,0,0,afternoon,После обеда
18,2026-08-25,16,3,total,3,Новая Рига,0,0,afternoon,После обеда
18,2026-08-25,17,3,total,4,Новая Рига,-1,1,afternoon,После обеда
18,2026-08-25,18,1,total,4,Новая Рига,-3,3,dinner,Ужин
18,2026-08-25,19,1,total,4,Новая Рига,-3,3,dinner,Ужин
18,2026-08-25,20,1,total,2,Новая Рига,-1,1,dinner,Ужин
18,2026-08-25,21,1,total,2,Новая Рига,-1,1,late_evening,Поздний вечер
2,2026-08-25,6,1,total,0,Кудринская,1,1,opening,Открытие
2,2026-08-25,7,1,total,3,Кудринская,-2,2,opening,Открытие
2,2026-08-25,8,3,total,3,Кудринская,0,0,early_morning,Раннее утро
2,2026-08-25,9,3,total,3,Кудринская,0,0,morning,Утро
2,2026-08-25,10,3,total,3,Кудринская,0,0,morning,Утро
2,2026-08-25,11,3,total,3,Кудринская,0,0,lunch,Обед
2,2026-08-25,12,3,total,3,Кудринская,0,0,lunch,Обед
2,2026-08-25,13,3,total,3,Кудринская,0,0,lunch,Обед
2,2026-08-25,14,3,total,3,Кудринская,0,0,lunch,Обед
2,2026-08-25,15,3,total,3,Кудринская,0,0,afternoon,После обеда
2,2026-08-25,16,3,total,3,Кудринская,0,0,afternoon,После обеда
2,2026-08-25,17,3,total,3,Кудринская,0,0,afternoon,После обеда
2,2026-08-25,18,2,total,3,Кудринская,-1,1,dinner,Ужин
2,2026-08-25,19,2,total,2,Кудринская,0,0,dinner,Ужин
2,2026-08-25,20,2,total,1,Кудринская,1,1,dinner,Ужин
2,2026-08-25,21,1,total,1,Кудринская,0,0,late_evening,Поздний вечер
2,2026-08-25,22,1,total,1,Кудринская,0,0,late_evening,Поздний вечер
2,2026-08-25,23,1,total,1,Кудринская,0,0,late_evening,Поздний вечер
20,2026-08-25,8,1,total,1,Павлово,0,0,early_morning,Раннее утро
20,2026-08-25,9,1,total,2,Павлово,-1,1,morning,Утро
20,2026-08-25,10,2,total,2,Павлово,0,0,morning,Утро
20,2026-08-25,11,2,total,2,Павлово,0,0,lunch,Обед
20,2026-08-25,12,2,total,2,Павлово,0,0,lunch,Обед
20,2026-08-25,13,2,total,2,Павлово,0,0,lunch,Обед
20,2026-08-25,14,2,total,2,Павлово,0,0,lunch,Обед
20,2026-08-25,15,2,total,2,Павлово,0,0,afternoon,После обеда
20,2026-08-25,16,2,total,2,Павлово,0,0,afternoon,После обеда
20,2026-08-25,17,2,total,2,Павлово,0,0,afternoon,После обеда
20,2026-08-25,18,2,total,1,Павлово,1,1,dinner,Ужин
20,2026-08-25,19,2,total,1,Павлово,1,1,dinner,Ужин
20,2026-08-25,20,1,total,1,Павлово,0,0,dinner,Ужин
20,2026-08-25,21,1,total,0,Павлово,1,1,late_evening,Поздний вечер
20,2026-08-25,22,0,total,1,Павлово,-1,1,late_evening,Поздний вечер
20,2026-08-25,23,0,total,1,Павлово,-1,1,late_evening,Поздний вечер
21,2026-08-25,8,2,total,2,Горки-2,0,0,early_morning,Раннее утро
21,2026-08-25,9,3,total,3,Горки-2,0,0,morning,Утро
21,2026-08-25,10,3,total,4,Горки-2,-1,1,morning,Утро
21,2026-08-25,11,3,total,4,Горки-2,-1,1,lunch,Обед
21,2026-08-25,12,4,total,4,Горки-2,0,0,lunch,Обед
21,2026-08-25,13,4,total,4,Горки-2,0,0,lunch,Обед
21,2026-08-25,14,4,total,4,Горки-2,0,0,lunch,Обед
21,2026-08-25,15,4,total,4,Горки-2,0,0,afternoon,После обеда
21,2026-08-25,16,4,total,3,Горки-2,1,1,afternoon,После обеда
21,2026-08-25,17,4,total,3,Горки-2,1,1,afternoon,После обеда
21,2026-08-25,18,4,total,3,Горки-2,1,1,dinner,Ужин
21,2026-08-25,19,4,total,3,Горки-2,1,1,dinner,Ужин
21,2026-08-25,20,4,total,3,Горки-2,1,1,dinner,Ужин
21,2026-08-25,21,2,total,3,Горки-2,-1,1,late_evening,Поздний вечер
21,2026-08-25,22,1,total,3,Горки-2,-2,2,late_evening,Поздний вечер
25,2026-08-25,8,1,total,2,Весна,-1,1,early_morning,Раннее утро
25,2026-08-25,9,1,total,2,Весна,-1,1,morning,Утро
25,2026-08-25,10,1,total,2,Весна,-1,1,morning,Утро
25,2026-08-25,11,1,total,2,Весна,-1,1,lunch,Обед
25,2026-08-25,12,2,total,2,Весна,0,0,lunch,Обед
25,2026-08-25,13,2,total,2,Весна,0,0,lunch,Обед
25,2026-08-25,14,2,total,2,Весна,0,0,lunch,Обед
25,2026-08-25,15,2,total,2,Весна,0,0,afternoon,После обеда
25,2026-08-25,16,2,total,1,Весна,1,1,afternoon,После обеда
25,2026-08-25,17,2,total,1,Весна,1,1,afternoon,После обеда
25,2026-08-25,18,1,total,1,Весна,0,0,dinner,Ужин
25,2026-08-25,19,1,total,1,Весна,0,0,dinner,Ужин
25,2026-08-25,20,1,total,1,Весна,0,0,dinner,Ужин
25,2026-08-25,21,1,total,1,Весна,0,0,late_evening,Поздний вечер
25,2026-08-25,22,0,total,1,Весна,-1,1,late_evening,Поздний вечер
25,2026-08-25,23,0,total,1,Весна,-1,1,late_evening,Поздний вечер
26,2026-08-25,8,1,total,1,Тверская,0,0,early_morning,Раннее утро
26,2026-08-25,9,1,total,1,Тверская,0,0,morning,Утро
26,2026-08-25,10,1,total,1,Тверская,0,0,morning,Утро
26,2026-08-25,11,1,total,1,Тверская,0,0,lunch,Обед
26,2026-08-25,12,1,total,1,Тверская,0,0,lunch,Обед
26,2026-08-25,13,1,total,1,Тверская,0,0,lunch,Обед
26,2026-08-25,14,1,total,1,Тверская,0,0,lunch,Обед
26,2026-08-25,15,1,total,1,Тверская,0,0,afternoon,После обеда
26,2026-08-25,16,1,total,1,Тверская,0,0,afternoon,После обеда
26,2026-08-25,17,1,total,1,Тверская,0,0,afternoon,После обеда
26,2026-08-25,18,0,total,1,Тверская,-1,1,dinner,Ужин
26,2026-08-25,19,0,total,1,Тверская,-1,1,dinner,Ужин
26,2026-08-25,20,0,total,1,Тверская,-1,1,dinner,Ужин
26,2026-08-25,21,0,total,1,Тверская,-1,1,late_evening,Поздний вечер
26,2026-08-25,22,0,total,1,Тверская,-1,1,late_evening,Поздний вечер
29,2026-08-25,7,2,total,6,Украинский,-4,4,opening,Открытие
29,2026-08-25,8,9,total,9,Украинский,0,0,early_morning,Раннее утро
29,2026-08-25,9,9,total,8,Украинский,1,1,morning,Утро
29,2026-08-25,10,9,total,8,Украинский,1,1,morning,Утро
29,2026-08-25,11,9,total,8,Украинский,1,1,lunch,Обед
29,2026-08-25,12,9,total,7,Украинский,2,2,lunch,Обед
29,2026-08-25,13,9,total,7,Украинский,2,2,lunch,Обед
29,2026-08-25,14,9,total,6,Украинский,3,3,lunch,Обед
29,2026-08-25,15,8,total,7,Украинский,1,1,afternoon,После обеда
29,2026-08-25,16,6,total,4,Украинский,2,2,afternoon,После обеда
29,2026-08-25,17,6,total,4,Украинский,2,2,afternoon,После обеда
29,2026-08-25,18,4,total,4,Украинский,0,0,dinner,Ужин
29,2026-08-25,19,4,total,5,Украинский,-1,1,dinner,Ужин
29,2026-08-25,20,4,total,3,Украинский,1,1,dinner,Ужин
29,2026-08-25,21,1,total,3,Украинский,-2,2,late_evening,Поздний вечер
30,2026-08-25,8,4,total,3,Черёмушки,1,1,early_morning,Раннее утро
30,2026-08-25,9,6,total,4,Черёмушки,2,2,morning,Утро
30,2026-08-25,10,6,total,5,Черёмушки,1,1,morning,Утро
30,2026-08-25,11,6,total,5,Черёмушки,1,1,lunch,Обед
30,2026-08-25,12,6,total,5,Черёмушки,1,1,lunch,Обед
30,2026-08-25,13,6,total,5,Черёмушки,1,1,lunch,Обед
30,2026-08-25,14,6,total,5,Черёмушки,1,1,lunch,Обед
30,2026-08-25,15,6,total,5,Черёмушки,1,1,afternoon,После обеда
30,2026-08-25,16,5,total,4,Черёмушки,1,1,afternoon,После обеда
30,2026-08-25,17,5,total,4,Черёмушки,1,1,afternoon,После обеда
30,2026-08-25,18,4,total,4,Черёмушки,0,0,dinner,Ужин
30,2026-08-25,19,4,total,4,Черёмушки,0,0,dinner,Ужин
30,2026-08-25,20,4,total,4,Черёмушки,0,0,dinner,Ужин
30,2026-08-25,21,2,total,3,Черёмушки,-1,1,late_evening,Поздний вечер
30,2026-08-25,22,2,total,2,Черёмушки,0,0,late_evening,Поздний вечер
30,2026-08-25,23,2,total,1,Черёмушки,1,1,late_evening,Поздний вечер
33,2026-08-25,8,3,total,3,Даниловский,0,0,early_morning,Раннее утро
33,2026-08-25,9,3,total,4,Даниловский,-1,1,morning,Утро
33,2026-08-25,10,3,total,4,Даниловский,-1,1,morning,Утро
33,2026-08-25,11,3,total,4,Даниловский,-1,1,lunch,Обед
33,2026-08-25,12,3,total,3,Даниловский,0,0,lunch,Обед
33,2026-08-25,13,3,total,3,Даниловский,0,0,lunch,Обед
33,2026-08-25,14,3,total,3,Даниловский,0,0,lunch,Обед
33,2026-08-25,15,3,total,3,Даниловский,0,0,afternoon,После обеда
33,2026-08-25,16,3,total,3,Даниловский,0,0,afternoon,После обеда
33,2026-08-25,17,3,total,3,Даниловский,0,0,afternoon,После обеда
33,2026-08-25,18,2,total,3,Даниловский,-1,1,dinner,Ужин
33,2026-08-25,19,2,total,3,Даниловский,-1,1,dinner,Ужин
33,2026-08-25,20,2,total,2,Даниловский,0,0,dinner,Ужин
33,2026-08-25,21,1,total,1,Даниловский,0,0,late_evening,Поздний вечер
33,2026-08-25,22,1,total,1,Даниловский,0,0,late_evening,Поздний вечер
34,2026-08-25,0,1,total,1,Аркус,0,0,deep_night,Глубокая ночь
34,2026-08-25,1,1,total,0,Аркус,1,1,deep_night,Глубокая ночь
34,2026-08-25,2,1,total,0,Аркус,1,1,deep_night,Глубокая ночь
34,2026-08-25,3,1,total,0,Аркус,1,1,deep_night,Глубокая ночь
34,2026-08-25,4,1,total,0,Аркус,1,1,deep_night,Глубокая ночь
34,2026-08-25,5,1,total,0,Аркус,1,1,deep_night,Глубокая ночь
34,2026-08-25,6,1,total,1,Аркус,0,0,opening,Открытие
34,2026-08-25,7,0,total,1,Аркус,-1,1,opening,Открытие
34,2026-08-25,22,1,total,1,Аркус,0,0,late_evening,Поздний вечер
34,2026-08-25,23,1,total,2,Аркус,-1,1,late_evening,Поздний вечер
348,2026-08-25,8,1,total,1,Рига Холл,0,0,early_morning,Раннее утро
348,2026-08-25,9,1,total,1,Рига Холл,0,0,morning,Утро
348,2026-08-25,10,1,total,1,Рига Холл,0,0,morning,Утро
348,2026-08-25,11,1,total,1,Рига Холл,0,0,lunch,Обед
348,2026-08-25,12,1,total,1,Рига Холл,0,0,lunch,Обед
348,2026-08-25,13,1,total,1,Рига Холл,0,0,lunch,Обед
348,2026-08-25,14,1,total,1,Рига Холл,0,0,lunch,Обед
348,2026-08-25,15,1,total,1,Рига Холл,0,0,afternoon,После обеда
348,2026-08-25,16,1,total,1,Рига Холл,0,0,afternoon,После обеда
348,2026-08-25,17,1,total,1,Рига Холл,0,0,afternoon,После обеда
348,2026-08-25,18,0,total,1,Рига Холл,-1,1,dinner,Ужин
348,2026-08-25,19,0,total,1,Рига Холл,-1,1,dinner,Ужин
348,2026-08-25,20,0,total,1,Рига Холл,-1,1,dinner,Ужин
35,2026-08-25,8,2,total,3,Ленинский,-1,1,early_morning,Раннее утро
35,2026-08-25,9,3,total,3,Ленинский,0,0,morning,Утро
35,2026-08-25,10,3,total,5,Ленинский,-2,2,morning,Утро
35,2026-08-25,11,4,total,6,Ленинский,-2,2,lunch,Обед
35,2026-08-25,12,4,total,5,Ленинский,-1,1,lunch,Обед
35,2026-08-25,13,4,total,5,Ленинский,-1,1,lunch,Обед
35,2026-08-25,14,4,total,5,Ленинский,-1,1,lunch,Обед
35,2026-08-25,15,4,total,4,Ленинский,0,0,afternoon,После обеда
35,2026-08-25,16,4,total,4,Ленинский,0,0,afternoon,После обеда
35,2026-08-25,17,4,total,4,Ленинский,0,0,afternoon,После обеда
35,2026-08-25,18,3,total,4,Ленинский,-1,1,dinner,Ужин
35,2026-08-25,19,3,total,4,Ленинский,-1,1,dinner,Ужин
35,2026-08-25,20,3,total,3,Ленинский,0,0,dinner,Ужин
35,2026-08-25,21,2,total,3,Ленинский,-1,1,late_evening,Поздний вечер
35,2026-08-25,22,1,total,1,Ленинский,0,0,late_evening,Поздний вечер
38,2026-08-25,18,1,total,0,Нева,1,1,dinner,Ужин
38,2026-08-25,19,1,total,0,Нева,1,1,dinner,Ужин
38,2026-08-25,20,1,total,0,Нева,1,1,dinner,Ужин
38,2026-08-25,21,1,total,0,Нева,1,1,late_evening,Поздний вечер
38,2026-08-25,22,1,total,0,Нева,1,1,late_evening,Поздний вечер
39,2026-08-25,8,4,total,2,Гребной,2,2,early_morning,Раннее утро
39,2026-08-25,9,5,total,3,Гребной,2,2,morning,Утро
39,2026-08-25,10,5,total,3,Гребной,2,2,morning,Утро
39,2026-08-25,11,5,total,3,Гребной,2,2,lunch,Обед
39,2026-08-25,12,5,total,3,Гребной,2,2,lunch,Обед
39,2026-08-25,13,5,total,3,Гребной,2,2,lunch,Обед
39,2026-08-25,14,5,total,3,Гребной,2,2,lunch,Обед
39,2026-08-25,15,5,total,3,Гребной,2,2,afternoon,После обеда
39,2026-08-25,16,4,total,3,Гребной,1,1,afternoon,После обеда
39,2026-08-25,17,4,total,3,Гребной,1,1,afternoon,После обеда
39,2026-08-25,18,4,total,3,Гребной,1,1,dinner,Ужин
39,2026-08-25,19,4,total,3,Гребной,1,1,dinner,Ужин
39,2026-08-25,20,4,total,3,Гребной,1,1,dinner,Ужин
39,2026-08-25,21,1,total,2,Гребной,-1,1,late_evening,Поздний вечер
39,2026-08-25,22,1,total,1,Гребной,0,0,late_evening,Поздний вечер
4,2026-08-25,8,4,total,2,Аврора,2,2,early_morning,Раннее утро
4,2026-08-25,9,5,total,5,Аврора,0,0,morning,Утро
4,2026-08-25,10,5,total,6,Аврора,-1,1,morning,Утро
4,2026-08-25,11,5,total,6,Аврора,-1,1,lunch,Обед
4,2026-08-25,12,5,total,6,Аврора,-1,1,lunch,Обед
4,2026-08-25,13,5,total,6,Аврора,-1,1,lunch,Обед
4,2026-08-25,14,5,total,6,Аврора,-1,1,lunch,Обед
4,2026-08-25,15,5,total,5,Аврора,0,0,afternoon,После обеда
4,2026-08-25,16,4,total,4,Аврора,0,0,afternoon,После обеда
4,2026-08-25,17,4,total,4,Аврора,0,0,afternoon,После обеда
4,2026-08-25,18,3,total,4,Аврора,-1,1,dinner,Ужин
4,2026-08-25,19,3,total,4,Аврора,-1,1,dinner,Ужин
4,2026-08-25,20,3,total,4,Аврора,-1,1,dinner,Ужин
4,2026-08-25,21,1,total,3,Аврора,-2,2,late_evening,Поздний вечер
4,2026-08-25,22,1,total,2,Аврора,-1,1,late_evening,Поздний вечер
4,2026-08-25,23,1,total,1,Аврора,0,0,late_evening,Поздний вечер
434,2026-08-25,8,2,total,0,Сколково,2,2,early_morning,Раннее утро
434,2026-08-25,9,2,total,3,Сколково,-1,1,morning,Утро
434,2026-08-25,10,2,total,3,Сколково,-1,1,morning,Утро
434,2026-08-25,11,2,total,3,Сколково,-1,1,lunch,Обед
434,2026-08-25,12,3,total,3,Сколково,0,0,lunch,Обед
434,2026-08-25,13,3,total,3,Сколково,0,0,lunch,Обед
434,2026-08-25,14,3,total,3,Сколково,0,0,lunch,Обед
434,2026-08-25,15,3,total,3,Сколково,0,0,afternoon,После обеда
434,2026-08-25,16,3,total,3,Сколково,0,0,afternoon,После обеда
434,2026-08-25,17,3,total,3,Сколково,0,0,afternoon,После обеда
434,2026-08-25,18,2,total,3,Сколково,-1,1,dinner,Ужин
434,2026-08-25,19,2,total,3,Сколково,-1,1,dinner,Ужин
434,2026-08-25,20,2,total,3,Сколково,-1,1,dinner,Ужин
434,2026-08-25,21,2,total,3,Сколково,-1,1,late_evening,Поздний вечер
47,2026-08-25,12,1,total,0,БТ Царская Площадь,1,1,lunch,Обед
47,2026-08-25,13,1,total,0,БТ Царская Площадь,1,1,lunch,Обед
47,2026-08-25,14,1,total,0,БТ Царская Площадь,1,1,lunch,Обед
47,2026-08-25,15,1,total,0,БТ Царская Площадь,1,1,afternoon,После обеда
47,2026-08-25,16,1,total,0,БТ Царская Площадь,1,1,afternoon,После обеда
47,2026-08-25,17,1,total,0,БТ Царская Площадь,1,1,afternoon,После обеда
479,2026-08-25,0,0,total,1,Покровка,-1,1,deep_night,Глубокая ночь
479,2026-08-25,1,0,total,1,Покровка,-1,1,deep_night,Глубокая ночь
479,2026-08-25,2,0,total,1,Покровка,-1,1,deep_night,Глубокая ночь
479,2026-08-25,3,0,total,1,Покровка,-1,1,deep_night,Глубокая ночь
479,2026-08-25,4,0,total,1,Покровка,-1,1,deep_night,Глубокая ночь
479,2026-08-25,5,0,total,1,Покровка,-1,1,deep_night,Глубокая ночь
479,2026-08-25,6,1,total,1,Покровка,0,0,opening,Открытие
479,2026-08-25,7,1,total,1,Покровка,0,0,opening,Открытие
479,2026-08-25,8,1,total,0,Покровка,1,1,early_morning,Раннее утро
479,2026-08-25,9,1,total,0,Покровка,1,1,morning,Утро
479,2026-08-25,10,1,total,0,Покровка,1,1,morning,Утро
479,2026-08-25,11,1,total,0,Покровка,1,1,lunch,Обед
479,2026-08-25,12,1,total,0,Покровка,1,1,lunch,Обед
479,2026-08-25,13,1,total,0,Покровка,1,1,lunch,Обед
479,2026-08-25,14,1,total,0,Покровка,1,1,lunch,Обед
479,2026-08-25,15,1,total,0,Покровка,1,1,afternoon,После обеда
479,2026-08-25,16,1,total,0,Покровка,1,1,afternoon,После обеда
479,2026-08-25,17,1,total,0,Покровка,1,1,afternoon,После обеда
479,2026-08-25,18,1,total,0,Покровка,1,1,dinner,Ужин
479,2026-08-25,19,1,total,0,Покровка,1,1,dinner,Ужин
479,2026-08-25,20,1,total,0,Покровка,1,1,dinner,Ужин
479,2026-08-25,21,1,total,0,Покровка,1,1,late_evening,Поздний вечер
479,2026-08-25,22,1,total,0,Покровка,1,1,late_evening,Поздний вечер
479,2026-08-25,23,1,total,0,Покровка,1,1,late_evening,Поздний вечер
54,2026-08-25,10,0,total,1,Maroon,-1,1,morning,Утро
54,2026-08-25,11,0,total,2,Maroon,-2,2,lunch,Обед
54,2026-08-25,12,2,total,2,Maroon,0,0,lunch,Обед
54,2026-08-25,13,2,total,2,Maroon,0,0,lunch,Обед
54,2026-08-25,14,2,total,2,Maroon,0,0,lunch,Обед
54,2026-08-25,15,2,total,2,Maroon,0,0,afternoon,После обеда
54,2026-08-25,16,2,total,1,Maroon,1,1,afternoon,После обеда
54,2026-08-25,17,2,total,1,Maroon,1,1,afternoon,После обеда
54,2026-08-25,18,2,total,2,Maroon,0,0,dinner,Ужин
54,2026-08-25,19,2,total,2,Maroon,0,0,dinner,Ужин
54,2026-08-25,20,2,total,2,Maroon,0,0,dinner,Ужин
54,2026-08-25,21,2,total,2,Maroon,0,0,late_evening,Поздний вечер
54,2026-08-25,22,2,total,2,Maroon,0,0,late_evening,Поздний вечер
6,2026-08-25,6,2,total,2,Неглинная,0,0,opening,Открытие
6,2026-08-25,7,2,total,4,Неглинная,-2,2,opening,Открытие
6,2026-08-25,8,5,total,4,Неглинная,1,1,early_morning,Раннее утро
6,2026-08-25,9,5,total,4,Неглинная,1,1,morning,Утро
6,2026-08-25,10,5,total,4,Неглинная,1,1,morning,Утро
6,2026-08-25,11,5,total,4,Неглинная,1,1,lunch,Обед
6,2026-08-25,12,5,total,4,Неглинная,1,1,lunch,Обед
6,2026-08-25,13,5,total,4,Неглинная,1,1,lunch,Обед
6,2026-08-25,14,5,total,4,Неглинная,1,1,lunch,Обед
6,2026-08-25,15,5,total,4,Неглинная,1,1,afternoon,После обеда
6,2026-08-25,16,4,total,4,Неглинная,0,0,afternoon,После обеда
6,2026-08-25,17,4,total,4,Неглинная,0,0,afternoon,После обеда
6,2026-08-25,18,3,total,4,Неглинная,-1,1,dinner,Ужин
6,2026-08-25,19,3,total,4,Неглинная,-1,1,dinner,Ужин
6,2026-08-25,20,3,total,2,Неглинная,1,1,dinner,Ужин
6,2026-08-25,21,2,total,2,Неглинная,0,0,late_evening,Поздний вечер
6,2026-08-25,22,2,total,2,Неглинная,0,0,late_evening,Поздний вечер
6,2026-08-25,23,2,total,1,Неглинная,1,1,late_evening,Поздний вечер
69,2026-08-25,7,0,total,7,Опен Мичуринский,-7,7,opening,Открытие
69,2026-08-25,8,6,total,7,Опен Мичуринский,-1,1,early_morning,Раннее утро
69,2026-08-25,9,7,total,6,Опен Мичуринский,1,1,morning,Утро
69,2026-08-25,10,7,total,6,Опен Мичуринский,1,1,morning,Утро
69,2026-08-25,11,7,total,6,Опен Мичуринский,1,1,lunch,Обед
69,2026-08-25,12,7,total,6,Опен Мичуринский,1,1,lunch,Обед
69,2026-08-25,13,7,total,5,Опен Мичуринский,2,2,lunch,Обед
69,2026-08-25,14,7,total,6,Опен Мичуринский,1,1,lunch,Обед
69,2026-08-25,15,7,total,6,Опен Мичуринский,1,1,afternoon,После обеда
69,2026-08-25,16,5,total,6,Опен Мичуринский,-1,1,afternoon,После обеда
69,2026-08-25,17,5,total,6,Опен Мичуринский,-1,1,afternoon,После обеда
69,2026-08-25,18,5,total,6,Опен Мичуринский,-1,1,dinner,Ужин
69,2026-08-25,19,5,total,7,Опен Мичуринский,-2,2,dinner,Ужин
69,2026-08-25,20,5,total,5,Опен Мичуринский,0,0,dinner,Ужин
69,2026-08-25,21,2,total,4,Опен Мичуринский,-2,2,late_evening,Поздний вечер
69,2026-08-25,22,2,total,3,Опен Мичуринский,-1,1,late_evening,Поздний вечер
7,2026-08-25,0,1,total,0,Белая Площадь,1,1,deep_night,Глубокая ночь
7,2026-08-25,1,1,total,0,Белая Площадь,1,1,deep_night,Глубокая ночь
7,2026-08-25,2,1,total,0,Белая Площадь,1,1,deep_night,Глубокая ночь
7,2026-08-25,3,1,total,0,Белая Площадь,1,1,deep_night,Глубокая ночь
7,2026-08-25,4,1,total,0,Белая Площадь,1,1,deep_night,Глубокая ночь
7,2026-08-25,5,1,total,1,Белая Площадь,0,0,deep_night,Глубокая ночь
7,2026-08-25,6,3,total,3,Белая Площадь,0,0,opening,Открытие
7,2026-08-25,7,3,total,4,Белая Площадь,-1,1,opening,Открытие
7,2026-08-25,8,6,total,5,Белая Площадь,1,1,early_morning,Раннее утро
7,2026-08-25,9,6,total,5,Белая Площадь,1,1,morning,Утро
7,2026-08-25,10,6,total,5,Белая Площадь,1,1,morning,Утро
7,2026-08-25,11,6,total,5,Белая Площадь,1,1,lunch,Обед
7,2026-08-25,12,6,total,5,Белая Площадь,1,1,lunch,Обед
7,2026-08-25,13,6,total,5,Белая Площадь,1,1,lunch,Обед
7,2026-08-25,14,6,total,5,Белая Площадь,1,1,lunch,Обед
7,2026-08-25,15,6,total,5,Белая Площадь,1,1,afternoon,После обеда
7,2026-08-25,16,5,total,4,Белая Площадь,1,1,afternoon,После обеда
7,2026-08-25,17,5,total,5,Белая Площадь,0,0,afternoon,После обеда
7,2026-08-25,18,5,total,6,Белая Площадь,-1,1,dinner,Ужин
7,2026-08-25,19,5,total,7,Белая Площадь,-2,2,dinner,Ужин
7,2026-08-25,20,5,total,5,Белая Площадь,0,0,dinner,Ужин
7,2026-08-25,21,3,total,6,Белая Площадь,-3,3,late_evening,Поздний вечер
7,2026-08-25,22,3,total,6,Белая Площадь,-3,3,late_evening,Поздний вечер
7,2026-08-25,23,3,total,3,Белая Площадь,0,0,late_evening,Поздний вечер
8,2026-08-25,7,0,total,3,Усачева,-3,3,opening,Открытие
8,2026-08-25,8,5,total,4,Усачева,1,1,early_morning,Раннее утро
8,2026-08-25,9,5,total,4,Усачева,1,1,morning,Утро
8,2026-08-25,10,5,total,4,Усачева,1,1,morning,Утро
8,2026-08-25,11,5,total,4,Усачева,1,1,lunch,Обед
8,2026-08-25,12,5,total,4,Усачева,1,1,lunch,Обед
8,2026-08-25,13,5,total,4,Усачева,1,1,lunch,Обед
8,2026-08-25,14,5,total,4,Усачева,1,1,lunch,Обед
8,2026-08-25,15,5,total,3,Усачева,2,2,afternoon,После обеда
8,2026-08-25,16,4,total,3,Усачева,1,1,afternoon,После обеда
8,2026-08-25,17,4,total,3,Усачева,1,1,afternoon,После обеда
8,2026-08-25,18,3,total,3,Усачева,0,0,dinner,Ужин
8,2026-08-25,19,3,total,3,Усачева,0,0,dinner,Ужин
8,2026-08-25,20,3,total,3,Усачева,0,0,dinner,Ужин
8,2026-08-25,21,1,total,2,Усачева,-1,1,late_evening,Поздний вечер
8,2026-08-25,22,1,total,2,Усачева,-1,1,late_evening,Поздний вечер
8,2026-08-25,23,1,total,1,Усачева,0,0,late_evening,Поздний вечер
9,2026-08-25,8,1,total,2,КИНКИ,-1,1,early_morning,Раннее утро
9,2026-08-25,9,1,total,2,КИНКИ,-1,1,morning,Утро
9,2026-08-25,10,2,total,2,КИНКИ,0,0,morning,Утро
9,2026-08-25,11,2,total,2,КИНКИ,0,0,lunch,Обед
9,2026-08-25,12,2,total,2,КИНКИ,0,0,lunch,Обед
9,2026-08-25,13,2,total,2,КИНКИ,0,0,lunch,Обед
9,2026-08-25,14,2,total,2,КИНКИ,0,0,lunch,Обед
9,2026-08-25,15,2,total,2,КИНКИ,0,0,afternoon,После обеда
9,2026-08-25,16,2,total,2,КИНКИ,0,0,afternoon,После обеда
9,2026-08-25,17,2,total,2,КИНКИ,0,0,afternoon,После обеда
9,2026-08-25,18,2,total,2,КИНКИ,0,0,dinner,Ужин
9,2026-08-25,19,2,total,2,КИНКИ,0,0,dinner,Ужин
9,2026-08-25,20,1,total,2,КИНКИ,-1,1,dinner,Ужин
9,2026-08-25,21,1,total,2,КИНКИ,-1,1,late_evening,Поздний вечер
9,2026-08-25,22,1,total,2,КИНКИ,-1,1,late_evening,Поздний вечер
99,2026-08-25,7,1,total,3,Опен Аркус,-2,2,opening,Открытие
99,2026-08-25,8,6,total,4,Опен Аркус,2,2,early_morning,Раннее утро
99,2026-08-25,9,6,total,4,Опен Аркус,2,2,morning,Утро
99,2026-08-25,10,6,total,4,Опен Аркус,2,2,morning,Утро
99,2026-08-25,11,6,total,4,Опен Аркус,2,2,lunch,Обед
99,2026-08-25,12,6,total,4,Опен Аркус,2,2,lunch,Обед
99,2026-08-25,13,6,total,4,Опен Аркус,2,2,lunch,Обед
99,2026-08-25,14,6,total,4,Опен Аркус,2,2,lunch,Обед
99,2026-08-25,15,6,total,4,Опен Аркус,2,2,afternoon,После обеда
99,2026-08-25,16,5,total,3,Опен Аркус,2,2,afternoon,После обеда
99,2026-08-25,17,5,total,3,Опен Аркус,2,2,afternoon,После обеда
99,2026-08-25,18,3,total,3,Опен Аркус,0,0,dinner,Ужин
99,2026-08-25,19,3,total,3,Опен Аркус,0,0,dinner,Ужин
99,2026-08-25,20,3,total,2,Опен Аркус,1,1,dinner,Ужин
99,2026-08-25,21,1,total,2,Опен Аркус,-1,1,late_evening,Поздний вечер
99,2026-08-25,22,1,total,0,Опен Аркус,1,1,late_evening,Поздний вечер
1,2026-08-26,8,1,total,1,Wall Street,0,0,early_morning,Раннее утро
1,2026-08-26,9,1,total,1,Wall Street,0,0,morning,Утро
1,2026-08-26,10,1,total,1,Wall Street,0,0,morning,Утро
1,2026-08-26,11,1,total,1,Wall Street,0,0,lunch,Обед
1,2026-08-26,12,1,total,1,Wall Street,0,0,lunch,Обед
1,2026-08-26,13,1,total,1,Wall Street,0,0,lunch,Обед
1,2026-08-26,14,1,total,1,Wall Street,0,0,lunch,Обед
1,2026-08-26,15,1,total,1,Wall Street,0,0,afternoon,После обеда
1,2026-08-26,16,1,total,1,Wall Street,0,0,afternoon,После обеда
1,2026-08-26,17,1,total,1,Wall Street,0,0,afternoon,После обеда
1,2026-08-26,18,0,total,1,Wall Street,-1,1,dinner,Ужин
1,2026-08-26,19,0,total,1,Wall Street,-1,1,dinner,Ужин
1,2026-08-26,20,0,total,1,Wall Street,-1,1,dinner,Ужин
10,2026-08-26,8,1,total,1,Якиманка,0,0,early_morning,Раннее утро
10,2026-08-26,9,1,total,1,Якиманка,0,0,morning,Утро
10,2026-08-26,10,1,total,2,Якиманка,-1,1,morning,Утро
10,2026-08-26,11,1,total,2,Якиманка,-1,1,lunch,Обед
10,2026-08-26,12,1,total,2,Якиманка,-1,1,lunch,Обед
10,2026-08-26,13,1,total,2,Якиманка,-1,1,lunch,Обед
10,2026-08-26,14,1,total,1,Якиманка,0,0,lunch,Обед
10,2026-08-26,15,1,total,1,Якиманка,0,0,afternoon,После обеда
10,2026-08-26,16,1,total,1,Якиманка,0,0,afternoon,После обеда
10,2026-08-26,17,1,total,1,Якиманка,0,0,afternoon,После обеда
10,2026-08-26,18,1,total,1,Якиманка,0,0,dinner,Ужин
10,2026-08-26,19,1,total,1,Якиманка,0,0,dinner,Ужин
10,2026-08-26,20,1,total,1,Якиманка,0,0,dinner,Ужин
10,2026-08-26,21,1,total,1,Якиманка,0,0,late_evening,Поздний вечер
10,2026-08-26,22,1,total,1,Якиманка,0,0,late_evening,Поздний вечер
101,2026-08-26,8,2,total,2,Алия,0,0,early_morning,Раннее утро
101,2026-08-26,9,2,total,2,Алия,0,0,morning,Утро
101,2026-08-26,10,2,total,3,Алия,-1,1,morning,Утро
101,2026-08-26,11,2,total,3,Алия,-1,1,lunch,Обед
101,2026-08-26,12,2,total,3,Алия,-1,1,lunch,Обед
101,2026-08-26,13,2,total,3,Алия,-1,1,lunch,Обед
101,2026-08-26,14,2,total,3,Алия,-1,1,lunch,Обед
101,2026-08-26,15,2,total,3,Алия,-1,1,afternoon,После обеда
101,2026-08-26,16,2,total,3,Алия,-1,1,afternoon,После обеда
101,2026-08-26,17,2,total,3,Алия,-1,1,afternoon,После обеда
101,2026-08-26,18,1,total,2,Алия,-1,1,dinner,Ужин
101,2026-08-26,19,1,total,2,Алия,-1,1,dinner,Ужин
101,2026-08-26,20,1,total,2,Алия,-1,1,dinner,Ужин
101,2026-08-26,21,1,total,1,Алия,0,0,late_evening,Поздний вечер
11,2026-08-26,0,3,total,4,Кутузовский,-1,1,deep_night,Глубокая ночь
11,2026-08-26,1,3,total,4,Кутузовский,-1,1,deep_night,Глубокая ночь
11,2026-08-26,2,3,total,4,Кутузовский,-1,1,deep_night,Глубокая ночь
11,2026-08-26,3,3,total,4,Кутузовский,-1,1,deep_night,Глубокая ночь
11,2026-08-26,4,3,total,4,Кутузовский,-1,1,deep_night,Глубокая ночь
11,2026-08-26,5,3,total,4,Кутузовский,-1,1,deep_night,Глубокая ночь
11,2026-08-26,6,2,total,5,Кутузовский,-3,3,opening,Открытие
11,2026-08-26,7,0,total,2,Кутузовский,-2,2,opening,Открытие
11,2026-08-26,22,1,total,2,Кутузовский,-1,1,late_evening,Поздний вечер
11,2026-08-26,23,1,total,4,Кутузовский,-3,3,late_evening,Поздний вечер
115,2026-08-26,7,0,total,1,Опен Символ,-1,1,opening,Открытие
115,2026-08-26,8,2,total,3,Опен Символ,-1,1,early_morning,Раннее утро
115,2026-08-26,9,4,total,3,Опен Символ,1,1,morning,Утро
115,2026-08-26,10,4,total,3,Опен Символ,1,1,morning,Утро
115,2026-08-26,11,4,total,3,Опен Символ,1,1,lunch,Обед
115,2026-08-26,12,4,total,3,Опен Символ,1,1,lunch,Обед
115,2026-08-26,13,4,total,3,Опен Символ,1,1,lunch,Обед
115,2026-08-26,14,4,total,4,Опен Символ,0,0,lunch,Обед
115,2026-08-26,15,4,total,4,Опен Символ,0,0,afternoon,После обеда
115,2026-08-26,16,4,total,4,Опен Символ,0,0,afternoon,После обеда
115,2026-08-26,17,4,total,4,Опен Символ,0,0,afternoon,После обеда
115,2026-08-26,18,3,total,4,Опен Символ,-1,1,dinner,Ужин
115,2026-08-26,19,3,total,4,Опен Символ,-1,1,dinner,Ужин
115,2026-08-26,20,3,total,3,Опен Символ,0,0,dinner,Ужин
115,2026-08-26,21,1,total,2,Опен Символ,-1,1,late_evening,Поздний вечер
115,2026-08-26,22,1,total,0,Опен Символ,1,1,late_evening,Поздний вечер
12,2026-08-26,8,4,total,2,Хорошо,2,2,early_morning,Раннее утро
12,2026-08-26,9,4,total,2,Хорошо,2,2,morning,Утро
12,2026-08-26,10,4,total,2,Хорошо,2,2,morning,Утро
12,2026-08-26,11,4,total,3,Хорошо,1,1,lunch,Обед
12,2026-08-26,12,4,total,3,Хорошо,1,1,lunch,Обед
12,2026-08-26,13,4,total,5,Хорошо,-1,1,lunch,Обед
12,2026-08-26,14,4,total,5,Хорошо,-1,1,lunch,Обед
12,2026-08-26,15,4,total,4,Хорошо,0,0,afternoon,После обеда
12,2026-08-26,16,4,total,4,Хорошо,0,0,afternoon,После обеда
12,2026-08-26,17,4,total,3,Хорошо,1,1,afternoon,После обеда
12,2026-08-26,18,2,total,3,Хорошо,-1,1,dinner,Ужин
12,2026-08-26,19,2,total,3,Хорошо,-1,1,dinner,Ужин
12,2026-08-26,20,2,total,2,Хорошо,0,0,dinner,Ужин
12,2026-08-26,21,1,total,2,Хорошо,-1,1,late_evening,Поздний вечер
123,2026-08-26,8,1,total,2,Опен Нева,-1,1,early_morning,Раннее утро
123,2026-08-26,9,1,total,2,Опен Нева,-1,1,morning,Утро
123,2026-08-26,10,1,total,2,Опен Нева,-1,1,morning,Утро
123,2026-08-26,11,1,total,2,Опен Нева,-1,1,lunch,Обед
123,2026-08-26,12,1,total,2,Опен Нева,-1,1,lunch,Обед
123,2026-08-26,13,1,total,2,Опен Нева,-1,1,lunch,Обед
123,2026-08-26,14,1,total,1,Опен Нева,0,0,lunch,Обед
123,2026-08-26,15,1,total,1,Опен Нева,0,0,afternoon,После обеда
123,2026-08-26,16,1,total,1,Опен Нева,0,0,afternoon,После обеда
123,2026-08-26,17,1,total,1,Опен Нева,0,0,afternoon,После обеда
123,2026-08-26,18,1,total,1,Опен Нева,0,0,dinner,Ужин
123,2026-08-26,19,1,total,1,Опен Нева,0,0,dinner,Ужин
123,2026-08-26,20,1,total,1,Опен Нева,0,0,dinner,Ужин
123,2026-08-26,21,1,total,1,Опен Нева,0,0,late_evening,Поздний вечер
123,2026-08-26,22,1,total,1,Опен Нева,0,0,late_evening,Поздний вечер
123,2026-08-26,23,0,total,1,Опен Нева,-1,1,late_evening,Поздний вечер
125,2026-08-26,11,0,total,1,Meraki,-1,1,lunch,Обед
125,2026-08-26,12,1,total,2,Meraki,-1,1,lunch,Обед
125,2026-08-26,13,1,total,2,Meraki,-1,1,lunch,Обед
125,2026-08-26,14,1,total,2,Meraki,-1,1,lunch,Обед
125,2026-08-26,15,1,total,2,Meraki,-1,1,afternoon,После обеда
125,2026-08-26,16,1,total,2,Meraki,-1,1,afternoon,После обеда
125,2026-08-26,17,1,total,2,Meraki,-1,1,afternoon,После обеда
125,2026-08-26,18,1,total,2,Meraki,-1,1,dinner,Ужин
125,2026-08-26,19,1,total,2,Meraki,-1,1,dinner,Ужин
125,2026-08-26,20,1,total,1,Meraki,0,0,dinner,Ужин
125,2026-08-26,21,1,total,0,Meraki,1,1,late_evening,Поздний вечер
125,2026-08-26,22,1,total,1,Meraki,0,0,late_evening,Поздний вечер
126,2026-08-26,7,1,total,1,Опен Покровка,0,0,opening,Открытие
126,2026-08-26,8,4,total,3,Опен Покровка,1,1,early_morning,Раннее утро
126,2026-08-26,9,4,total,3,Опен Покровка,1,1,morning,Утро
126,2026-08-26,10,4,total,3,Опен Покровка,1,1,morning,Утро
126,2026-08-26,11,4,total,3,Опен Покровка,1,1,lunch,Обед
126,2026-08-26,12,4,total,3,Опен Покровка,1,1,lunch,Обед
126,2026-08-26,13,4,total,3,Опен Покровка,1,1,lunch,Обед
126,2026-08-26,14,4,total,3,Опен Покровка,1,1,lunch,Обед
126,2026-08-26,15,4,total,3,Опен Покровка,1,1,afternoon,После обеда
126,2026-08-26,16,3,total,2,Опен Покровка,1,1,afternoon,После обеда
126,2026-08-26,17,3,total,2,Опен Покровка,1,1,afternoon,После обеда
126,2026-08-26,18,2,total,2,Опен Покровка,0,0,dinner,Ужин
126,2026-08-26,19,2,total,2,Опен Покровка,0,0,dinner,Ужин
126,2026-08-26,20,2,total,1,Опен Покровка,1,1,dinner,Ужин
126,2026-08-26,21,0,total,1,Опен Покровка,-1,1,late_evening,Поздний вечер
128,2026-08-26,8,1,total,2,Кофемания Лаки,-1,1,early_morning,Раннее утро
128,2026-08-26,9,1,total,2,Кофемания Лаки,-1,1,morning,Утро
128,2026-08-26,10,1,total,2,Кофемания Лаки,-1,1,morning,Утро
128,2026-08-26,11,1,total,2,Кофемания Лаки,-1,1,lunch,Обед
128,2026-08-26,12,2,total,2,Кофемания Лаки,0,0,lunch,Обед
128,2026-08-26,13,2,total,2,Кофемания Лаки,0,0,lunch,Обед
128,2026-08-26,14,2,total,2,Кофемания Лаки,0,0,lunch,Обед
128,2026-08-26,15,2,total,2,Кофемания Лаки,0,0,afternoon,После обеда
128,2026-08-26,16,2,total,2,Кофемания Лаки,0,0,afternoon,После обеда
128,2026-08-26,17,2,total,2,Кофемания Лаки,0,0,afternoon,После обеда
128,2026-08-26,18,2,total,2,Кофемания Лаки,0,0,dinner,Ужин
128,2026-08-26,19,2,total,2,Кофемания Лаки,0,0,dinner,Ужин
128,2026-08-26,20,2,total,1,Кофемания Лаки,1,1,dinner,Ужин
128,2026-08-26,21,2,total,1,Кофемания Лаки,1,1,late_evening,Поздний вечер
128,2026-08-26,22,2,total,1,Кофемания Лаки,1,1,late_evening,Поздний вечер
128,2026-08-26,23,2,total,1,Кофемания Лаки,1,1,late_evening,Поздний вечер
14,2026-08-26,9,2,total,3,Метрополис,-1,1,morning,Утро
14,2026-08-26,10,4,total,3,Метрополис,1,1,morning,Утро
14,2026-08-26,11,4,total,4,Метрополис,0,0,lunch,Обед
14,2026-08-26,12,4,total,4,Метрополис,0,0,lunch,Обед
14,2026-08-26,13,4,total,4,Метрополис,0,0,lunch,Обед
14,2026-08-26,14,4,total,4,Метрополис,0,0,lunch,Обед
14,2026-08-26,15,4,total,4,Метрополис,0,0,afternoon,После обеда
14,2026-08-26,16,4,total,4,Метрополис,0,0,afternoon,После обеда
14,2026-08-26,17,4,total,4,Метрополис,0,0,afternoon,После обеда
14,2026-08-26,18,4,total,4,Метрополис,0,0,dinner,Ужин
14,2026-08-26,19,4,total,4,Метрополис,0,0,dinner,Ужин
14,2026-08-26,20,1,total,4,Метрополис,-3,3,dinner,Ужин
14,2026-08-26,21,1,total,3,Метрополис,-2,2,late_evening,Поздний вечер
14,2026-08-26,22,1,total,1,Метрополис,0,0,late_evening,Поздний вечер
142,2026-08-26,8,1,total,1,RED7,0,0,early_morning,Раннее утро
142,2026-08-26,9,1,total,1,RED7,0,0,morning,Утро
142,2026-08-26,10,1,total,1,RED7,0,0,morning,Утро
142,2026-08-26,11,1,total,1,RED7,0,0,lunch,Обед
142,2026-08-26,12,1,total,1,RED7,0,0,lunch,Обед
142,2026-08-26,13,1,total,1,RED7,0,0,lunch,Обед
142,2026-08-26,14,1,total,1,RED7,0,0,lunch,Обед
142,2026-08-26,15,1,total,1,RED7,0,0,afternoon,После обеда
142,2026-08-26,16,1,total,1,RED7,0,0,afternoon,После обеда
142,2026-08-26,17,1,total,1,RED7,0,0,afternoon,После обеда
142,2026-08-26,18,0,total,1,RED7,-1,1,dinner,Ужин
142,2026-08-26,19,0,total,1,RED7,-1,1,dinner,Ужин
142,2026-08-26,20,0,total,1,RED7,-1,1,dinner,Ужин
142,2026-08-26,21,0,total,1,RED7,-1,1,late_evening,Поздний вечер
16,2026-08-26,8,0,total,1,Мосфильм,-1,1,early_morning,Раннее утро
16,2026-08-26,9,0,total,1,Мосфильм,-1,1,morning,Утро
16,2026-08-26,10,0,total,1,Мосфильм,-1,1,morning,Утро
16,2026-08-26,11,0,total,1,Мосфильм,-1,1,lunch,Обед
16,2026-08-26,12,1,total,1,Мосфильм,0,0,lunch,Обед
16,2026-08-26,13,1,total,1,Мосфильм,0,0,lunch,Обед
16,2026-08-26,14,1,total,1,Мосфильм,0,0,lunch,Обед
16,2026-08-26,15,1,total,1,Мосфильм,0,0,afternoon,После обеда
16,2026-08-26,16,1,total,1,Мосфильм,0,0,afternoon,После обеда
16,2026-08-26,17,1,total,1,Мосфильм,0,0,afternoon,После обеда
16,2026-08-26,18,1,total,1,Мосфильм,0,0,dinner,Ужин
16,2026-08-26,19,1,total,1,Мосфильм,0,0,dinner,Ужин
16,2026-08-26,20,1,total,1,Мосфильм,0,0,dinner,Ужин
16,2026-08-26,21,1,total,0,Мосфильм,1,1,late_evening,Поздний вечер
16,2026-08-26,22,1,total,0,Мосфильм,1,1,late_evening,Поздний вечер
17,2026-08-26,8,1,total,2,Внуково,-1,1,early_morning,Раннее утро
17,2026-08-26,9,1,total,3,Внуково,-2,2,morning,Утро
17,2026-08-26,10,4,total,3,Внуково,1,1,morning,Утро
17,2026-08-26,11,4,total,3,Внуково,1,1,lunch,Обед
17,2026-08-26,12,4,total,3,Внуково,1,1,lunch,Обед
17,2026-08-26,13,4,total,3,Внуково,1,1,lunch,Обед
17,2026-08-26,14,4,total,3,Внуково,1,1,lunch,Обед
17,2026-08-26,15,4,total,3,Внуково,1,1,afternoon,После обеда
17,2026-08-26,16,4,total,3,Внуково,1,1,afternoon,После обеда
17,2026-08-26,17,4,total,3,Внуково,1,1,afternoon,После обеда
17,2026-08-26,18,4,total,3,Внуково,1,1,dinner,Ужин
17,2026-08-26,19,4,total,3,Внуково,1,1,dinner,Ужин
17,2026-08-26,20,1,total,2,Внуково,-1,1,dinner,Ужин
17,2026-08-26,21,1,total,1,Внуково,0,0,late_evening,Поздний вечер
18,2026-08-26,8,2,total,2,Новая Рига,0,0,early_morning,Раннее утро
18,2026-08-26,9,2,total,2,Новая Рига,0,0,morning,Утро
18,2026-08-26,10,2,total,2,Новая Рига,0,0,morning,Утро
18,2026-08-26,11,2,total,2,Новая Рига,0,0,lunch,Обед
18,2026-08-26,12,3,total,2,Новая Рига,1,1,lunch,Обед
18,2026-08-26,13,3,total,2,Новая Рига,1,1,lunch,Обед
18,2026-08-26,14,3,total,3,Новая Рига,0,0,lunch,Обед
18,2026-08-26,15,3,total,3,Новая Рига,0,0,afternoon,После обеда
18,2026-08-26,16,3,total,3,Новая Рига,0,0,afternoon,После обеда
18,2026-08-26,17,3,total,3,Новая Рига,0,0,afternoon,После обеда
18,2026-08-26,18,2,total,3,Новая Рига,-1,1,dinner,Ужин
18,2026-08-26,19,2,total,2,Новая Рига,0,0,dinner,Ужин
18,2026-08-26,20,2,total,2,Новая Рига,0,0,dinner,Ужин
18,2026-08-26,21,2,total,2,Новая Рига,0,0,late_evening,Поздний вечер
2,2026-08-26,6,2,total,0,Кудринская,2,2,opening,Открытие
2,2026-08-26,7,2,total,3,Кудринская,-1,1,opening,Открытие
2,2026-08-26,8,3,total,3,Кудринская,0,0,early_morning,Раннее утро
2,2026-08-26,9,3,total,3,Кудринская,0,0,morning,Утро
2,2026-08-26,10,3,total,3,Кудринская,0,0,morning,Утро
2,2026-08-26,11,3,total,3,Кудринская,0,0,lunch,Обед
2,2026-08-26,12,3,total,3,Кудринская,0,0,lunch,Обед
2,2026-08-26,13,3,total,3,Кудринская,0,0,lunch,Обед
2,2026-08-26,14,3,total,3,Кудринская,0,0,lunch,Обед
2,2026-08-26,15,3,total,3,Кудринская,0,0,afternoon,После обеда
2,2026-08-26,16,3,total,3,Кудринская,0,0,afternoon,После обеда
2,2026-08-26,17,3,total,3,Кудринская,0,0,afternoon,После обеда
2,2026-08-26,18,2,total,3,Кудринская,-1,1,dinner,Ужин
2,2026-08-26,19,2,total,2,Кудринская,0,0,dinner,Ужин
2,2026-08-26,20,2,total,1,Кудринская,1,1,dinner,Ужин
2,2026-08-26,21,1,total,2,Кудринская,-1,1,late_evening,Поздний вечер
2,2026-08-26,22,1,total,1,Кудринская,0,0,late_evening,Поздний вечер
2,2026-08-26,23,1,total,1,Кудринская,0,0,late_evening,Поздний вечер
20,2026-08-26,8,1,total,0,Павлово,1,1,early_morning,Раннее утро
20,2026-08-26,9,1,total,1,Павлово,0,0,morning,Утро
20,2026-08-26,10,2,total,1,Павлово,1,1,morning,Утро
20,2026-08-26,11,2,total,1,Павлово,1,1,lunch,Обед
20,2026-08-26,12,2,total,1,Павлово,1,1,lunch,Обед
20,2026-08-26,13,2,total,1,Павлово,1,1,lunch,Обед
20,2026-08-26,14,2,total,1,Павлово,1,1,lunch,Обед
20,2026-08-26,15,2,total,1,Павлово,1,1,afternoon,После обеда
20,2026-08-26,16,2,total,1,Павлово,1,1,afternoon,После обеда
20,2026-08-26,17,2,total,1,Павлово,1,1,afternoon,После обеда
20,2026-08-26,18,2,total,1,Павлово,1,1,dinner,Ужин
20,2026-08-26,19,2,total,1,Павлово,1,1,dinner,Ужин
20,2026-08-26,20,1,total,1,Павлово,0,0,dinner,Ужин
20,2026-08-26,21,1,total,0,Павлово,1,1,late_evening,Поздний вечер
21,2026-08-26,8,2,total,2,Горки-2,0,0,early_morning,Раннее утро
21,2026-08-26,9,3,total,2,Горки-2,1,1,morning,Утро
21,2026-08-26,10,3,total,3,Горки-2,0,0,morning,Утро
21,2026-08-26,11,3,total,3,Горки-2,0,0,lunch,Обед
21,2026-08-26,12,4,total,3,Горки-2,1,1,lunch,Обед
21,2026-08-26,13,4,total,3,Горки-2,1,1,lunch,Обед
21,2026-08-26,14,4,total,3,Горки-2,1,1,lunch,Обед
21,2026-08-26,15,4,total,4,Горки-2,0,0,afternoon,После обеда
21,2026-08-26,16,4,total,4,Горки-2,0,0,afternoon,После обеда
21,2026-08-26,17,4,total,4,Горки-2,0,0,afternoon,После обеда
21,2026-08-26,18,4,total,4,Горки-2,0,0,dinner,Ужин
21,2026-08-26,19,4,total,4,Горки-2,0,0,dinner,Ужин
21,2026-08-26,20,4,total,1,Горки-2,3,3,dinner,Ужин
21,2026-08-26,21,2,total,1,Горки-2,1,1,late_evening,Поздний вечер
21,2026-08-26,22,1,total,2,Горки-2,-1,1,late_evening,Поздний вечер
25,2026-08-26,8,1,total,2,Весна,-1,1,early_morning,Раннее утро
25,2026-08-26,9,1,total,2,Весна,-1,1,morning,Утро
25,2026-08-26,10,1,total,2,Весна,-1,1,morning,Утро
25,2026-08-26,11,1,total,2,Весна,-1,1,lunch,Обед
25,2026-08-26,12,2,total,2,Весна,0,0,lunch,Обед
25,2026-08-26,13,2,total,2,Весна,0,0,lunch,Обед
25,2026-08-26,14,2,total,2,Весна,0,0,lunch,Обед
25,2026-08-26,15,2,total,2,Весна,0,0,afternoon,После обеда
25,2026-08-26,16,2,total,1,Весна,1,1,afternoon,После обеда
25,2026-08-26,17,2,total,1,Весна,1,1,afternoon,После обеда
25,2026-08-26,18,2,total,1,Весна,1,1,dinner,Ужин
25,2026-08-26,19,2,total,1,Весна,1,1,dinner,Ужин
25,2026-08-26,20,2,total,1,Весна,1,1,dinner,Ужин
25,2026-08-26,21,2,total,1,Весна,1,1,late_evening,Поздний вечер
25,2026-08-26,22,1,total,1,Весна,0,0,late_evening,Поздний вечер
25,2026-08-26,23,1,total,1,Весна,0,0,late_evening,Поздний вечер
26,2026-08-26,8,0,total,1,Тверская,-1,1,early_morning,Раннее утро
26,2026-08-26,9,0,total,1,Тверская,-1,1,morning,Утро
26,2026-08-26,10,0,total,1,Тверская,-1,1,morning,Утро
26,2026-08-26,11,0,total,1,Тверская,-1,1,lunch,Обед
26,2026-08-26,12,1,total,1,Тверская,0,0,lunch,Обед
26,2026-08-26,13,1,total,1,Тверская,0,0,lunch,Обед
26,2026-08-26,14,1,total,1,Тверская,0,0,lunch,Обед
26,2026-08-26,15,1,total,1,Тверская,0,0,afternoon,После обеда
26,2026-08-26,16,1,total,1,Тверская,0,0,afternoon,После обеда
26,2026-08-26,17,1,total,1,Тверская,0,0,afternoon,После обеда
26,2026-08-26,18,1,total,1,Тверская,0,0,dinner,Ужин
26,2026-08-26,19,1,total,1,Тверская,0,0,dinner,Ужин
26,2026-08-26,20,1,total,1,Тверская,0,0,dinner,Ужин
26,2026-08-26,21,1,total,1,Тверская,0,0,late_evening,Поздний вечер
26,2026-08-26,22,1,total,1,Тверская,0,0,late_evening,Поздний вечер
29,2026-08-26,7,3,total,4,Украинский,-1,1,opening,Открытие
29,2026-08-26,8,8,total,7,Украинский,1,1,early_morning,Раннее утро
29,2026-08-26,9,8,total,9,Украинский,-1,1,morning,Утро
29,2026-08-26,10,8,total,9,Украинский,-1,1,morning,Утро
29,2026-08-26,11,8,total,9,Украинский,-1,1,lunch,Обед
29,2026-08-26,12,8,total,9,Украинский,-1,1,lunch,Обед
29,2026-08-26,13,8,total,9,Украинский,-1,1,lunch,Обед
29,2026-08-26,14,8,total,9,Украинский,-1,1,lunch,Обед
29,2026-08-26,15,7,total,9,Украинский,-2,2,afternoon,После обеда
29,2026-08-26,16,6,total,5,Украинский,1,1,afternoon,После обеда
29,2026-08-26,17,6,total,4,Украинский,2,2,afternoon,После обеда
29,2026-08-26,18,4,total,4,Украинский,0,0,dinner,Ужин
29,2026-08-26,19,4,total,5,Украинский,-1,1,dinner,Ужин
29,2026-08-26,20,4,total,4,Украинский,0,0,dinner,Ужин
29,2026-08-26,21,1,total,4,Украинский,-3,3,late_evening,Поздний вечер
30,2026-08-26,8,5,total,2,Черёмушки,3,3,early_morning,Раннее утро
30,2026-08-26,9,6,total,3,Черёмушки,3,3,morning,Утро
30,2026-08-26,10,6,total,3,Черёмушки,3,3,morning,Утро
30,2026-08-26,11,6,total,5,Черёмушки,1,1,lunch,Обед
30,2026-08-26,12,6,total,5,Черёмушки,1,1,lunch,Обед
30,2026-08-26,13,6,total,5,Черёмушки,1,1,lunch,Обед
30,2026-08-26,14,6,total,5,Черёмушки,1,1,lunch,Обед
30,2026-08-26,15,6,total,6,Черёмушки,0,0,afternoon,После обеда
30,2026-08-26,16,5,total,5,Черёмушки,0,0,afternoon,После обеда
30,2026-08-26,17,5,total,5,Черёмушки,0,0,afternoon,После обеда
30,2026-08-26,18,4,total,5,Черёмушки,-1,1,dinner,Ужин
30,2026-08-26,19,4,total,5,Черёмушки,-1,1,dinner,Ужин
30,2026-08-26,20,4,total,5,Черёмушки,-1,1,dinner,Ужин
30,2026-08-26,21,2,total,4,Черёмушки,-2,2,late_evening,Поздний вечер
30,2026-08-26,22,2,total,3,Черёмушки,-1,1,late_evening,Поздний вечер
30,2026-08-26,23,2,total,2,Черёмушки,0,0,late_evening,Поздний вечер
33,2026-08-26,8,3,total,2,Даниловский,1,1,early_morning,Раннее утро
33,2026-08-26,9,3,total,3,Даниловский,0,0,morning,Утро
33,2026-08-26,10,3,total,3,Даниловский,0,0,morning,Утро
33,2026-08-26,11,3,total,4,Даниловский,-1,1,lunch,Обед
33,2026-08-26,12,3,total,4,Даниловский,-1,1,lunch,Обед
33,2026-08-26,13,3,total,4,Даниловский,-1,1,lunch,Обед
33,2026-08-26,14,3,total,4,Даниловский,-1,1,lunch,Обед
33,2026-08-26,15,3,total,3,Даниловский,0,0,afternoon,После обеда
33,2026-08-26,16,3,total,3,Даниловский,0,0,afternoon,После обеда
33,2026-08-26,17,3,total,3,Даниловский,0,0,afternoon,После обеда
33,2026-08-26,18,3,total,3,Даниловский,0,0,dinner,Ужин
33,2026-08-26,19,3,total,3,Даниловский,0,0,dinner,Ужин
33,2026-08-26,20,3,total,2,Даниловский,1,1,dinner,Ужин
33,2026-08-26,21,1,total,1,Даниловский,0,0,late_evening,Поздний вечер
33,2026-08-26,22,1,total,1,Даниловский,0,0,late_evening,Поздний вечер
34,2026-08-26,0,1,total,2,Аркус,-1,1,deep_night,Глубокая ночь
34,2026-08-26,1,1,total,1,Аркус,0,0,deep_night,Глубокая ночь
34,2026-08-26,2,1,total,1,Аркус,0,0,deep_night,Глубокая ночь
34,2026-08-26,3,1,total,1,Аркус,0,0,deep_night,Глубокая ночь
34,2026-08-26,4,1,total,1,Аркус,0,0,deep_night,Глубокая ночь
34,2026-08-26,5,1,total,1,Аркус,0,0,deep_night,Глубокая ночь
34,2026-08-26,6,1,total,1,Аркус,0,0,opening,Открытие
34,2026-08-26,7,0,total,1,Аркус,-1,1,opening,Открытие
34,2026-08-26,22,0,total,1,Аркус,-1,1,late_evening,Поздний вечер
34,2026-08-26,23,0,total,2,Аркус,-2,2,late_evening,Поздний вечер
348,2026-08-26,8,1,total,1,Рига Холл,0,0,early_morning,Раннее утро
348,2026-08-26,9,1,total,1,Рига Холл,0,0,morning,Утро
348,2026-08-26,10,1,total,1,Рига Холл,0,0,morning,Утро
348,2026-08-26,11,1,total,1,Рига Холл,0,0,lunch,Обед
348,2026-08-26,12,1,total,1,Рига Холл,0,0,lunch,Обед
348,2026-08-26,13,1,total,1,Рига Холл,0,0,lunch,Обед
348,2026-08-26,14,1,total,1,Рига Холл,0,0,lunch,Обед
348,2026-08-26,15,1,total,1,Рига Холл,0,0,afternoon,После обеда
348,2026-08-26,16,1,total,1,Рига Холл,0,0,afternoon,После обеда
348,2026-08-26,17,1,total,1,Рига Холл,0,0,afternoon,После обеда
348,2026-08-26,18,0,total,1,Рига Холл,-1,1,dinner,Ужин
348,2026-08-26,19,0,total,1,Рига Холл,-1,1,dinner,Ужин
348,2026-08-26,20,0,total,1,Рига Холл,-1,1,dinner,Ужин
35,2026-08-26,8,2,total,3,Ленинский,-1,1,early_morning,Раннее утро
35,2026-08-26,9,3,total,3,Ленинский,0,0,morning,Утро
35,2026-08-26,10,3,total,5,Ленинский,-2,2,morning,Утро
35,2026-08-26,11,4,total,5,Ленинский,-1,1,lunch,Обед
35,2026-08-26,12,4,total,5,Ленинский,-1,1,lunch,Обед
35,2026-08-26,13,4,total,5,Ленинский,-1,1,lunch,Обед
35,2026-08-26,14,4,total,5,Ленинский,-1,1,lunch,Обед
35,2026-08-26,15,4,total,5,Ленинский,-1,1,afternoon,После обеда
35,2026-08-26,16,4,total,5,Ленинский,-1,1,afternoon,После обеда
35,2026-08-26,17,4,total,5,Ленинский,-1,1,afternoon,После обеда
35,2026-08-26,18,3,total,5,Ленинский,-2,2,dinner,Ужин
35,2026-08-26,19,3,total,5,Ленинский,-2,2,dinner,Ужин
35,2026-08-26,20,3,total,3,Ленинский,0,0,dinner,Ужин
35,2026-08-26,21,2,total,3,Ленинский,-1,1,late_evening,Поздний вечер
35,2026-08-26,22,1,total,1,Ленинский,0,0,late_evening,Поздний вечер
38,2026-08-26,18,1,total,0,Нева,1,1,dinner,Ужин
38,2026-08-26,19,1,total,0,Нева,1,1,dinner,Ужин
38,2026-08-26,20,1,total,0,Нева,1,1,dinner,Ужин
38,2026-08-26,21,1,total,0,Нева,1,1,late_evening,Поздний вечер
38,2026-08-26,22,1,total,0,Нева,1,1,late_evening,Поздний вечер
39,2026-08-26,8,2,total,1,Гребной,1,1,early_morning,Раннее утро
39,2026-08-26,9,4,total,3,Гребной,1,1,morning,Утро
39,2026-08-26,10,4,total,3,Гребной,1,1,morning,Утро
39,2026-08-26,11,5,total,3,Гребной,2,2,lunch,Обед
39,2026-08-26,12,5,total,3,Гребной,2,2,lunch,Обед
39,2026-08-26,13,5,total,3,Гребной,2,2,lunch,Обед
39,2026-08-26,14,5,total,3,Гребной,2,2,lunch,Обед
39,2026-08-26,15,5,total,3,Гребной,2,2,afternoon,После обеда
39,2026-08-26,16,5,total,3,Гребной,2,2,afternoon,После обеда
39,2026-08-26,17,5,total,3,Гребной,2,2,afternoon,После обеда
39,2026-08-26,18,5,total,3,Гребной,2,2,dinner,Ужин
39,2026-08-26,19,5,total,3,Гребной,2,2,dinner,Ужин
39,2026-08-26,20,5,total,3,Гребной,2,2,dinner,Ужин
39,2026-08-26,21,2,total,2,Гребной,0,0,late_evening,Поздний вечер
39,2026-08-26,22,1,total,1,Гребной,0,0,late_evening,Поздний вечер
4,2026-08-26,8,4,total,3,Аврора,1,1,early_morning,Раннее утро
4,2026-08-26,9,5,total,4,Аврора,1,1,morning,Утро
4,2026-08-26,10,5,total,6,Аврора,-1,1,morning,Утро
4,2026-08-26,11,5,total,6,Аврора,-1,1,lunch,Обед
4,2026-08-26,12,5,total,6,Аврора,-1,1,lunch,Обед
4,2026-08-26,13,5,total,6,Аврора,-1,1,lunch,Обед
4,2026-08-26,14,5,total,6,Аврора,-1,1,lunch,Обед
4,2026-08-26,15,5,total,6,Аврора,-1,1,afternoon,После обеда
4,2026-08-26,16,3,total,4,Аврора,-1,1,afternoon,После обеда
4,2026-08-26,17,3,total,4,Аврора,-1,1,afternoon,После обеда
4,2026-08-26,18,3,total,4,Аврора,-1,1,dinner,Ужин
4,2026-08-26,19,3,total,4,Аврора,-1,1,dinner,Ужин
4,2026-08-26,20,3,total,4,Аврора,-1,1,dinner,Ужин
4,2026-08-26,21,1,total,2,Аврора,-1,1,late_evening,Поздний вечер
4,2026-08-26,22,1,total,1,Аврора,0,0,late_evening,Поздний вечер
4,2026-08-26,23,1,total,1,Аврора,0,0,late_evening,Поздний вечер
434,2026-08-26,8,2,total,0,Сколково,2,2,early_morning,Раннее утро
434,2026-08-26,9,2,total,2,Сколково,0,0,morning,Утро
434,2026-08-26,10,2,total,2,Сколково,0,0,morning,Утро
434,2026-08-26,11,2,total,2,Сколково,0,0,lunch,Обед
434,2026-08-26,12,3,total,2,Сколково,1,1,lunch,Обед
434,2026-08-26,13,3,total,2,Сколково,1,1,lunch,Обед
434,2026-08-26,14,3,total,2,Сколково,1,1,lunch,Обед
434,2026-08-26,15,3,total,2,Сколково,1,1,afternoon,После обеда
434,2026-08-26,16,3,total,3,Сколково,0,0,afternoon,После обеда
434,2026-08-26,17,3,total,3,Сколково,0,0,afternoon,После обеда
434,2026-08-26,18,2,total,3,Сколково,-1,1,dinner,Ужин
434,2026-08-26,19,2,total,3,Сколково,-1,1,dinner,Ужин
434,2026-08-26,20,2,total,3,Сколково,-1,1,dinner,Ужин
434,2026-08-26,21,2,total,3,Сколково,-1,1,late_evening,Поздний вечер
47,2026-08-26,12,1,total,0,БТ Царская Площадь,1,1,lunch,Обед
47,2026-08-26,13,1,total,0,БТ Царская Площадь,1,1,lunch,Обед
47,2026-08-26,14,1,total,0,БТ Царская Площадь,1,1,lunch,Обед
47,2026-08-26,15,1,total,0,БТ Царская Площадь,1,1,afternoon,После обеда
47,2026-08-26,16,1,total,0,БТ Царская Площадь,1,1,afternoon,После обеда
47,2026-08-26,17,1,total,0,БТ Царская Площадь,1,1,afternoon,После обеда
479,2026-08-26,0,0,total,1,Покровка,-1,1,deep_night,Глубокая ночь
479,2026-08-26,1,0,total,1,Покровка,-1,1,deep_night,Глубокая ночь
479,2026-08-26,2,0,total,1,Покровка,-1,1,deep_night,Глубокая ночь
479,2026-08-26,3,0,total,1,Покровка,-1,1,deep_night,Глубокая ночь
479,2026-08-26,4,0,total,1,Покровка,-1,1,deep_night,Глубокая ночь
479,2026-08-26,5,0,total,1,Покровка,-1,1,deep_night,Глубокая ночь
479,2026-08-26,6,1,total,1,Покровка,0,0,opening,Открытие
479,2026-08-26,7,1,total,1,Покровка,0,0,opening,Открытие
479,2026-08-26,8,1,total,0,Покровка,1,1,early_morning,Раннее утро
479,2026-08-26,9,1,total,0,Покровка,1,1,morning,Утро
479,2026-08-26,10,1,total,0,Покровка,1,1,morning,Утро
479,2026-08-26,11,1,total,0,Покровка,1,1,lunch,Обед
479,2026-08-26,12,1,total,0,Покровка,1,1,lunch,Обед
479,2026-08-26,13,1,total,0,Покровка,1,1,lunch,Обед
479,2026-08-26,14,1,total,0,Покровка,1,1,lunch,Обед
479,2026-08-26,15,1,total,0,Покровка,1,1,afternoon,После обеда
479,2026-08-26,16,1,total,0,Покровка,1,1,afternoon,После обеда
479,2026-08-26,17,1,total,0,Покровка,1,1,afternoon,После обеда
479,2026-08-26,18,1,total,0,Покровка,1,1,dinner,Ужин
479,2026-08-26,19,1,total,0,Покровка,1,1,dinner,Ужин
479,2026-08-26,20,1,total,0,Покровка,1,1,dinner,Ужин
479,2026-08-26,21,1,total,0,Покровка,1,1,late_evening,Поздний вечер
479,2026-08-26,22,1,total,0,Покровка,1,1,late_evening,Поздний вечер
479,2026-08-26,23,1,total,0,Покровка,1,1,late_evening,Поздний вечер
54,2026-08-26,10,0,total,1,Maroon,-1,1,morning,Утро
54,2026-08-26,11,0,total,2,Maroon,-2,2,lunch,Обед
54,2026-08-26,12,2,total,2,Maroon,0,0,lunch,Обед
54,2026-08-26,13,2,total,3,Maroon,-1,1,lunch,Обед
54,2026-08-26,14,2,total,3,Maroon,-1,1,lunch,Обед
54,2026-08-26,15,2,total,3,Maroon,-1,1,afternoon,После обеда
54,2026-08-26,16,2,total,4,Maroon,-2,2,afternoon,После обеда
54,2026-08-26,17,2,total,4,Maroon,-2,2,afternoon,После обеда
54,2026-08-26,18,2,total,4,Maroon,-2,2,dinner,Ужин
54,2026-08-26,19,2,total,4,Maroon,-2,2,dinner,Ужин
54,2026-08-26,20,2,total,3,Maroon,-1,1,dinner,Ужин
54,2026-08-26,21,2,total,3,Maroon,-1,1,late_evening,Поздний вечер
54,2026-08-26,22,2,total,2,Maroon,0,0,late_evening,Поздний вечер
6,2026-08-26,5,0,total,1,Неглинная,-1,1,deep_night,Глубокая ночь
6,2026-08-26,6,2,total,2,Неглинная,0,0,opening,Открытие
6,2026-08-26,7,2,total,4,Неглинная,-2,2,opening,Открытие
6,2026-08-26,8,5,total,4,Неглинная,1,1,early_morning,Раннее утро
6,2026-08-26,9,5,total,4,Неглинная,1,1,morning,Утро
6,2026-08-26,10,5,total,4,Неглинная,1,1,morning,Утро
6,2026-08-26,11,5,total,4,Неглинная,1,1,lunch,Обед
6,2026-08-26,12,5,total,4,Неглинная,1,1,lunch,Обед
6,2026-08-26,13,5,total,4,Неглинная,1,1,lunch,Обед
6,2026-08-26,14,5,total,4,Неглинная,1,1,lunch,Обед
6,2026-08-26,15,5,total,4,Неглинная,1,1,afternoon,После обеда
6,2026-08-26,16,4,total,4,Неглинная,0,0,afternoon,После обеда
6,2026-08-26,17,4,total,4,Неглинная,0,0,afternoon,После обеда
6,2026-08-26,18,3,total,4,Неглинная,-1,1,dinner,Ужин
6,2026-08-26,19,3,total,5,Неглинная,-2,2,dinner,Ужин
6,2026-08-26,20,3,total,2,Неглинная,1,1,dinner,Ужин
6,2026-08-26,21,2,total,2,Неглинная,0,0,late_evening,Поздний вечер
6,2026-08-26,22,2,total,3,Неглинная,-1,1,late_evening,Поздний вечер
6,2026-08-26,23,2,total,2,Неглинная,0,0,late_evening,Поздний вечер
69,2026-08-26,7,0,total,6,Опен Мичуринский,-6,6,opening,Открытие
69,2026-08-26,8,6,total,5,Опен Мичуринский,1,1,early_morning,Раннее утро
69,2026-08-26,9,7,total,5,Опен Мичуринский,2,2,morning,Утро
69,2026-08-26,10,7,total,5,Опен Мичуринский,2,2,morning,Утро
69,2026-08-26,11,7,total,5,Опен Мичуринский,2,2,lunch,Обед
69,2026-08-26,12,7,total,5,Опен Мичуринский,2,2,lunch,Обед
69,2026-08-26,13,7,total,5,Опен Мичуринский,2,2,lunch,Обед
69,2026-08-26,14,7,total,5,Опен Мичуринский,2,2,lunch,Обед
69,2026-08-26,15,7,total,5,Опен Мичуринский,2,2,afternoon,После обеда
69,2026-08-26,16,6,total,5,Опен Мичуринский,1,1,afternoon,После обеда
69,2026-08-26,17,6,total,5,Опен Мичуринский,1,1,afternoon,После обеда
69,2026-08-26,18,5,total,5,Опен Мичуринский,0,0,dinner,Ужин
69,2026-08-26,19,5,total,5,Опен Мичуринский,0,0,dinner,Ужин
69,2026-08-26,20,5,total,4,Опен Мичуринский,1,1,dinner,Ужин
69,2026-08-26,21,2,total,3,Опен Мичуринский,-1,1,late_evening,Поздний вечер
69,2026-08-26,22,2,total,2,Опен Мичуринский,0,0,late_evening,Поздний вечер
7,2026-08-26,0,1,total,1,Белая Площадь,0,0,deep_night,Глубокая ночь
7,2026-08-26,1,1,total,1,Белая Площадь,0,0,deep_night,Глубокая ночь
7,2026-08-26,2,1,total,1,Белая Площадь,0,0,deep_night,Глубокая ночь
7,2026-08-26,3,1,total,1,Белая Площадь,0,0,deep_night,Глубокая ночь
7,2026-08-26,4,1,total,0,Белая Площадь,1,1,deep_night,Глубокая ночь
7,2026-08-26,5,1,total,1,Белая Площадь,0,0,deep_night,Глубокая ночь
7,2026-08-26,6,3,total,4,Белая Площадь,-1,1,opening,Открытие
7,2026-08-26,7,3,total,5,Белая Площадь,-2,2,opening,Открытие
7,2026-08-26,8,7,total,6,Белая Площадь,1,1,early_morning,Раннее утро
7,2026-08-26,9,7,total,6,Белая Площадь,1,1,morning,Утро
7,2026-08-26,10,7,total,6,Белая Площадь,1,1,morning,Утро
7,2026-08-26,11,7,total,7,Белая Площадь,0,0,lunch,Обед
7,2026-08-26,12,7,total,7,Белая Площадь,0,0,lunch,Обед
7,2026-08-26,13,7,total,6,Белая Площадь,1,1,lunch,Обед
7,2026-08-26,14,7,total,6,Белая Площадь,1,1,lunch,Обед
7,2026-08-26,15,7,total,6,Белая Площадь,1,1,afternoon,После обеда
7,2026-08-26,16,5,total,4,Белая Площадь,1,1,afternoon,После обеда
7,2026-08-26,17,5,total,5,Белая Площадь,0,0,afternoon,После обеда
7,2026-08-26,18,5,total,7,Белая Площадь,-2,2,dinner,Ужин
7,2026-08-26,19,5,total,6,Белая Площадь,-1,1,dinner,Ужин
7,2026-08-26,20,5,total,4,Белая Площадь,1,1,dinner,Ужин
7,2026-08-26,21,3,total,5,Белая Площадь,-2,2,late_evening,Поздний вечер
7,2026-08-26,22,3,total,5,Белая Площадь,-2,2,late_evening,Поздний вечер
7,2026-08-26,23,3,total,2,Белая Площадь,1,1,late_evening,Поздний вечер
8,2026-08-26,7,0,total,3,Усачева,-3,3,opening,Открытие
8,2026-08-26,8,4,total,4,Усачева,0,0,early_morning,Раннее утро
8,2026-08-26,9,4,total,5,Усачева,-1,1,morning,Утро
8,2026-08-26,10,4,total,5,Усачева,-1,1,morning,Утро
8,2026-08-26,11,4,total,5,Усачева,-1,1,lunch,Обед
8,2026-08-26,12,4,total,5,Усачева,-1,1,lunch,Обед
8,2026-08-26,13,4,total,5,Усачева,-1,1,lunch,Обед
8,2026-08-26,14,4,total,5,Усачева,-1,1,lunch,Обед
8,2026-08-26,15,4,total,4,Усачева,0,0,afternoon,После обеда
8,2026-08-26,16,4,total,4,Усачева,0,0,afternoon,После обеда
8,2026-08-26,17,4,total,4,Усачева,0,0,afternoon,После обеда
8,2026-08-26,18,3,total,4,Усачева,-1,1,dinner,Ужин
8,2026-08-26,19,3,total,4,Усачева,-1,1,dinner,Ужин
8,2026-08-26,20,3,total,4,Усачева,-1,1,dinner,Ужин
8,2026-08-26,21,1,total,2,Усачева,-1,1,late_evening,Поздний вечер
8,2026-08-26,22,1,total,2,Усачева,-1,1,late_evening,Поздний вечер
8,2026-08-26,23,1,total,1,Усачева,0,0,late_evening,Поздний вечер
9,2026-08-26,8,1,total,2,КИНКИ,-1,1,early_morning,Раннее утро
9,2026-08-26,9,1,total,2,КИНКИ,-1,1,morning,Утро
9,2026-08-26,10,1,total,2,КИНКИ,-1,1,morning,Утро
9,2026-08-26,11,1,total,2,КИНКИ,-1,1,lunch,Обед
9,2026-08-26,12,2,total,2,КИНКИ,0,0,lunch,Обед
9,2026-08-26,13,2,total,2,КИНКИ,0,0,lunch,Обед
9,2026-08-26,14,2,total,2,КИНКИ,0,0,lunch,Обед
9,2026-08-26,15,2,total,2,КИНКИ,0,0,afternoon,После обеда
9,2026-08-26,16,2,total,2,КИНКИ,0,0,afternoon,После обеда
9,2026-08-26,17,2,total,2,КИНКИ,0,0,afternoon,После обеда
9,2026-08-26,18,2,total,2,КИНКИ,0,0,dinner,Ужин
9,2026-08-26,19,2,total,2,КИНКИ,0,0,dinner,Ужин
9,2026-08-26,20,2,total,2,КИНКИ,0,0,dinner,Ужин
9,2026-08-26,21,2,total,2,КИНКИ,0,0,late_evening,Поздний вечер
9,2026-08-26,22,2,total,2,КИНКИ,0,0,late_evening,Поздний вечер
99,2026-08-26,7,2,total,3,Опен Аркус,-1,1,opening,Открытие
99,2026-08-26,8,6,total,4,Опен Аркус,2,2,early_morning,Раннее утро
99,2026-08-26,9,6,total,4,Опен Аркус,2,2,morning,Утро
99,2026-08-26,10,6,total,5,Опен Аркус,1,1,morning,Утро
99,2026-08-26,11,6,total,5,Опен Аркус,1,1,lunch,Обед
99,2026-08-26,12,6,total,5,Опен Аркус,1,1,lunch,Обед
99,2026-08-26,13,6,total,5,Опен Аркус,1,1,lunch,Обед
99,2026-08-26,14,6,total,5,Опен Аркус,1,1,lunch,Обед
99,2026-08-26,15,6,total,5,Опен Аркус,1,1,afternoon,После обеда
99,2026-08-26,16,4,total,4,Опен Аркус,0,0,afternoon,После обеда
99,2026-08-26,17,4,total,4,Опен Аркус,0,0,afternoon,После обеда
99,2026-08-26,18,3,total,4,Опен Аркус,-1,1,dinner,Ужин
99,2026-08-26,19,3,total,4,Опен Аркус,-1,1,dinner,Ужин
99,2026-08-26,20,3,total,2,Опен Аркус,1,1,dinner,Ужин
99,2026-08-26,21,1,total,2,Опен Аркус,-1,1,late_evening,Поздний вечер
99,2026-08-26,22,1,total,0,Опен Аркус,1,1,late_evening,Поздний вечер
1,2026-08-27,8,1,total,1,Wall Street,0,0,early_morning,Раннее утро
1,2026-08-27,9,1,total,1,Wall Street,0,0,morning,Утро
1,2026-08-27,10,1,total,1,Wall Street,0,0,morning,Утро
1,2026-08-27,11,1,total,1,Wall Street,0,0,lunch,Обед
1,2026-08-27,12,1,total,1,Wall Street,0,0,lunch,Обед
1,2026-08-27,13,1,total,1,Wall Street,0,0,lunch,Обед
1,2026-08-27,14,1,total,1,Wall Street,0,0,lunch,Обед
1,2026-08-27,15,1,total,1,Wall Street,0,0,afternoon,После обеда
1,2026-08-27,16,1,total,1,Wall Street,0,0,afternoon,После обеда
1,2026-08-27,17,1,total,1,Wall Street,0,0,afternoon,После обеда
1,2026-08-27,18,0,total,1,Wall Street,-1,1,dinner,Ужин
1,2026-08-27,19,0,total,1,Wall Street,-1,1,dinner,Ужин
1,2026-08-27,20,0,total,1,Wall Street,-1,1,dinner,Ужин
1,2026-08-27,21,0,total,1,Wall Street,-1,1,late_evening,Поздний вечер
1,2026-08-27,22,0,total,1,Wall Street,-1,1,late_evening,Поздний вечер
10,2026-08-27,8,0,total,1,Якиманка,-1,1,early_morning,Раннее утро
10,2026-08-27,9,0,total,1,Якиманка,-1,1,morning,Утро
10,2026-08-27,10,0,total,2,Якиманка,-2,2,morning,Утро
10,2026-08-27,11,0,total,2,Якиманка,-2,2,lunch,Обед
10,2026-08-27,12,1,total,2,Якиманка,-1,1,lunch,Обед
10,2026-08-27,13,1,total,2,Якиманка,-1,1,lunch,Обед
10,2026-08-27,14,1,total,1,Якиманка,0,0,lunch,Обед
10,2026-08-27,15,1,total,1,Якиманка,0,0,afternoon,После обеда
10,2026-08-27,16,1,total,1,Якиманка,0,0,afternoon,После обеда
10,2026-08-27,17,1,total,1,Якиманка,0,0,afternoon,После обеда
10,2026-08-27,18,1,total,1,Якиманка,0,0,dinner,Ужин
10,2026-08-27,19,1,total,1,Якиманка,0,0,dinner,Ужин
10,2026-08-27,20,1,total,1,Якиманка,0,0,dinner,Ужин
10,2026-08-27,21,1,total,1,Якиманка,0,0,late_evening,Поздний вечер
10,2026-08-27,22,1,total,1,Якиманка,0,0,late_evening,Поздний вечер
101,2026-08-27,8,2,total,1,Алия,1,1,early_morning,Раннее утро
101,2026-08-27,9,2,total,2,Алия,0,0,morning,Утро
101,2026-08-27,10,3,total,4,Алия,-1,1,morning,Утро
101,2026-08-27,11,3,total,4,Алия,-1,1,lunch,Обед
101,2026-08-27,12,3,total,4,Алия,-1,1,lunch,Обед
101,2026-08-27,13,3,total,4,Алия,-1,1,lunch,Обед
101,2026-08-27,14,3,total,3,Алия,0,0,lunch,Обед
101,2026-08-27,15,3,total,3,Алия,0,0,afternoon,После обеда
101,2026-08-27,16,3,total,4,Алия,-1,1,afternoon,После обеда
101,2026-08-27,17,3,total,4,Алия,-1,1,afternoon,После обеда
101,2026-08-27,18,2,total,3,Алия,-1,1,dinner,Ужин
101,2026-08-27,19,2,total,3,Алия,-1,1,dinner,Ужин
101,2026-08-27,20,1,total,2,Алия,-1,1,dinner,Ужин
101,2026-08-27,21,1,total,2,Алия,-1,1,late_evening,Поздний вечер
11,2026-08-27,0,3,total,5,Кутузовский,-2,2,deep_night,Глубокая ночь
11,2026-08-27,1,3,total,5,Кутузовский,-2,2,deep_night,Глубокая ночь
11,2026-08-27,2,3,total,5,Кутузовский,-2,2,deep_night,Глубокая ночь
11,2026-08-27,3,3,total,5,Кутузовский,-2,2,deep_night,Глубокая ночь
11,2026-08-27,4,3,total,5,Кутузовский,-2,2,deep_night,Глубокая ночь
11,2026-08-27,5,3,total,6,Кутузовский,-3,3,deep_night,Глубокая ночь
11,2026-08-27,6,2,total,6,Кутузовский,-4,4,opening,Открытие
11,2026-08-27,7,0,total,2,Кутузовский,-2,2,opening,Открытие
11,2026-08-27,22,1,total,3,Кутузовский,-2,2,late_evening,Поздний вечер
11,2026-08-27,23,1,total,4,Кутузовский,-3,3,late_evening,Поздний вечер
115,2026-08-27,7,1,total,1,Опен Символ,0,0,opening,Открытие
115,2026-08-27,8,2,total,4,Опен Символ,-2,2,early_morning,Раннее утро
115,2026-08-27,9,4,total,4,Опен Символ,0,0,morning,Утро
115,2026-08-27,10,4,total,4,Опен Символ,0,0,morning,Утро
115,2026-08-27,11,4,total,4,Опен Символ,0,0,lunch,Обед
115,2026-08-27,12,4,total,4,Опен Символ,0,0,lunch,Обед
115,2026-08-27,13,4,total,4,Опен Символ,0,0,lunch,Обед
115,2026-08-27,14,4,total,4,Опен Символ,0,0,lunch,Обед
115,2026-08-27,15,4,total,4,Опен Символ,0,0,afternoon,После обеда
115,2026-08-27,16,4,total,4,Опен Символ,0,0,afternoon,После обеда
115,2026-08-27,17,4,total,4,Опен Символ,0,0,afternoon,После обеда
115,2026-08-27,18,3,total,4,Опен Символ,-1,1,dinner,Ужин
115,2026-08-27,19,3,total,4,Опен Символ,-1,1,dinner,Ужин
115,2026-08-27,20,3,total,2,Опен Символ,1,1,dinner,Ужин
115,2026-08-27,21,1,total,1,Опен Символ,0,0,late_evening,Поздний вечер
115,2026-08-27,22,1,total,0,Опен Символ,1,1,late_evening,Поздний вечер
12,2026-08-27,8,4,total,4,Хорошо,0,0,early_morning,Раннее утро
12,2026-08-27,9,4,total,4,Хорошо,0,0,morning,Утро
12,2026-08-27,10,4,total,4,Хорошо,0,0,morning,Утро
12,2026-08-27,11,4,total,4,Хорошо,0,0,lunch,Обед
12,2026-08-27,12,4,total,4,Хорошо,0,0,lunch,Обед
12,2026-08-27,13,4,total,4,Хорошо,0,0,lunch,Обед
12,2026-08-27,14,4,total,4,Хорошо,0,0,lunch,Обед
12,2026-08-27,15,4,total,4,Хорошо,0,0,afternoon,После обеда
12,2026-08-27,16,3,total,4,Хорошо,-1,1,afternoon,После обеда
12,2026-08-27,17,3,total,4,Хорошо,-1,1,afternoon,После обеда
12,2026-08-27,18,2,total,4,Хорошо,-2,2,dinner,Ужин
12,2026-08-27,19,2,total,4,Хорошо,-2,2,dinner,Ужин
12,2026-08-27,20,2,total,2,Хорошо,0,0,dinner,Ужин
12,2026-08-27,21,1,total,2,Хорошо,-1,1,late_evening,Поздний вечер
123,2026-08-27,8,2,total,2,Опен Нева,0,0,early_morning,Раннее утро
123,2026-08-27,9,2,total,2,Опен Нева,0,0,morning,Утро
123,2026-08-27,10,2,total,2,Опен Нева,0,0,morning,Утро
123,2026-08-27,11,2,total,2,Опен Нева,0,0,lunch,Обед
123,2026-08-27,12,2,total,2,Опен Нева,0,0,lunch,Обед
123,2026-08-27,13,2,total,2,Опен Нева,0,0,lunch,Обед
123,2026-08-27,14,2,total,1,Опен Нева,1,1,lunch,Обед
123,2026-08-27,15,2,total,1,Опен Нева,1,1,afternoon,После обеда
123,2026-08-27,16,2,total,1,Опен Нева,1,1,afternoon,После обеда
123,2026-08-27,17,2,total,1,Опен Нева,1,1,afternoon,После обеда
123,2026-08-27,18,0,total,1,Опен Нева,-1,1,dinner,Ужин
123,2026-08-27,19,0,total,1,Опен Нева,-1,1,dinner,Ужин
123,2026-08-27,20,0,total,1,Опен Нева,-1,1,dinner,Ужин
123,2026-08-27,21,0,total,1,Опен Нева,-1,1,late_evening,Поздний вечер
123,2026-08-27,22,0,total,1,Опен Нева,-1,1,late_evening,Поздний вечер
123,2026-08-27,23,0,total,1,Опен Нева,-1,1,late_evening,Поздний вечер
125,2026-08-27,18,1,total,0,Meraki,1,1,dinner,Ужин
125,2026-08-27,19,1,total,0,Meraki,1,1,dinner,Ужин
125,2026-08-27,20,1,total,0,Meraki,1,1,dinner,Ужин
125,2026-08-27,21,1,total,0,Meraki,1,1,late_evening,Поздний вечер
125,2026-08-27,22,1,total,0,Meraki,1,1,late_evening,Поздний вечер
126,2026-08-27,7,1,total,0,Опен Покровка,1,1,opening,Открытие
126,2026-08-27,8,4,total,3,Опен Покровка,1,1,early_morning,Раннее утро
126,2026-08-27,9,4,total,3,Опен Покровка,1,1,morning,Утро
126,2026-08-27,10,4,total,3,Опен Покровка,1,1,morning,Утро
126,2026-08-27,11,4,total,3,Опен Покровка,1,1,lunch,Обед
126,2026-08-27,12,4,total,3,Опен Покровка,1,1,lunch,Обед
126,2026-08-27,13,4,total,3,Опен Покровка,1,1,lunch,Обед
126,2026-08-27,14,4,total,3,Опен Покровка,1,1,lunch,Обед
126,2026-08-27,15,4,total,2,Опен Покровка,2,2,afternoon,После обеда
126,2026-08-27,16,3,total,2,Опен Покровка,1,1,afternoon,После обеда
126,2026-08-27,17,3,total,2,Опен Покровка,1,1,afternoon,После обеда
126,2026-08-27,18,2,total,2,Опен Покровка,0,0,dinner,Ужин
126,2026-08-27,19,2,total,2,Опен Покровка,0,0,dinner,Ужин
126,2026-08-27,20,2,total,1,Опен Покровка,1,1,dinner,Ужин
126,2026-08-27,21,1,total,1,Опен Покровка,0,0,late_evening,Поздний вечер
126,2026-08-27,22,1,total,0,Опен Покровка,1,1,late_evening,Поздний вечер
128,2026-08-27,8,1,total,2,Кофемания Лаки,-1,1,early_morning,Раннее утро
128,2026-08-27,9,1,total,2,Кофемания Лаки,-1,1,morning,Утро
128,2026-08-27,10,2,total,2,Кофемания Лаки,0,0,morning,Утро
128,2026-08-27,11,2,total,2,Кофемания Лаки,0,0,lunch,Обед
128,2026-08-27,12,2,total,2,Кофемания Лаки,0,0,lunch,Обед
128,2026-08-27,13,2,total,2,Кофемания Лаки,0,0,lunch,Обед
128,2026-08-27,14,2,total,2,Кофемания Лаки,0,0,lunch,Обед
128,2026-08-27,15,2,total,2,Кофемания Лаки,0,0,afternoon,После обеда
128,2026-08-27,16,2,total,2,Кофемания Лаки,0,0,afternoon,После обеда
128,2026-08-27,17,2,total,2,Кофемания Лаки,0,0,afternoon,После обеда
128,2026-08-27,18,2,total,2,Кофемания Лаки,0,0,dinner,Ужин
128,2026-08-27,19,2,total,2,Кофемания Лаки,0,0,dinner,Ужин
128,2026-08-27,20,1,total,1,Кофемания Лаки,0,0,dinner,Ужин
128,2026-08-27,21,1,total,1,Кофемания Лаки,0,0,late_evening,Поздний вечер
128,2026-08-27,22,1,total,1,Кофемания Лаки,0,0,late_evening,Поздний вечер
128,2026-08-27,23,1,total,1,Кофемания Лаки,0,0,late_evening,Поздний вечер
14,2026-08-27,9,2,total,3,Метрополис,-1,1,morning,Утро
14,2026-08-27,10,3,total,3,Метрополис,0,0,morning,Утро
14,2026-08-27,11,3,total,4,Метрополис,-1,1,lunch,Обед
14,2026-08-27,12,3,total,4,Метрополис,-1,1,lunch,Обед
14,2026-08-27,13,3,total,4,Метрополис,-1,1,lunch,Обед
14,2026-08-27,14,3,total,4,Метрополис,-1,1,lunch,Обед
14,2026-08-27,15,3,total,4,Метрополис,-1,1,afternoon,После обеда
14,2026-08-27,16,3,total,4,Метрополис,-1,1,afternoon,После обеда
14,2026-08-27,17,3,total,4,Метрополис,-1,1,afternoon,После обеда
14,2026-08-27,18,3,total,4,Метрополис,-1,1,dinner,Ужин
14,2026-08-27,19,3,total,4,Метрополис,-1,1,dinner,Ужин
14,2026-08-27,20,2,total,3,Метрополис,-1,1,dinner,Ужин
14,2026-08-27,21,2,total,3,Метрополис,-1,1,late_evening,Поздний вечер
14,2026-08-27,22,2,total,1,Метрополис,1,1,late_evening,Поздний вечер
142,2026-08-27,8,1,total,1,RED7,0,0,early_morning,Раннее утро
142,2026-08-27,9,1,total,1,RED7,0,0,morning,Утро
142,2026-08-27,10,1,total,1,RED7,0,0,morning,Утро
142,2026-08-27,11,1,total,1,RED7,0,0,lunch,Обед
142,2026-08-27,12,1,total,1,RED7,0,0,lunch,Обед
142,2026-08-27,13,1,total,1,RED7,0,0,lunch,Обед
142,2026-08-27,14,1,total,1,RED7,0,0,lunch,Обед
142,2026-08-27,15,1,total,1,RED7,0,0,afternoon,После обеда
142,2026-08-27,16,1,total,1,RED7,0,0,afternoon,После обеда
142,2026-08-27,17,1,total,1,RED7,0,0,afternoon,После обеда
142,2026-08-27,18,0,total,1,RED7,-1,1,dinner,Ужин
142,2026-08-27,19,0,total,1,RED7,-1,1,dinner,Ужин
142,2026-08-27,20,0,total,1,RED7,-1,1,dinner,Ужин
142,2026-08-27,21,0,total,1,RED7,-1,1,late_evening,Поздний вечер
16,2026-08-27,9,0,total,1,Мосфильм,-1,1,morning,Утро
16,2026-08-27,10,0,total,1,Мосфильм,-1,1,morning,Утро
16,2026-08-27,11,0,total,1,Мосфильм,-1,1,lunch,Обед
16,2026-08-27,12,1,total,1,Мосфильм,0,0,lunch,Обед
16,2026-08-27,13,1,total,1,Мосфильм,0,0,lunch,Обед
16,2026-08-27,14,1,total,1,Мосфильм,0,0,lunch,Обед
16,2026-08-27,15,1,total,1,Мосфильм,0,0,afternoon,После обеда
16,2026-08-27,16,1,total,1,Мосфильм,0,0,afternoon,После обеда
16,2026-08-27,17,1,total,1,Мосфильм,0,0,afternoon,После обеда
16,2026-08-27,18,1,total,1,Мосфильм,0,0,dinner,Ужин
16,2026-08-27,19,1,total,1,Мосфильм,0,0,dinner,Ужин
16,2026-08-27,20,1,total,1,Мосфильм,0,0,dinner,Ужин
16,2026-08-27,21,1,total,0,Мосфильм,1,1,late_evening,Поздний вечер
16,2026-08-27,22,1,total,0,Мосфильм,1,1,late_evening,Поздний вечер
17,2026-08-27,8,3,total,2,Внуково,1,1,early_morning,Раннее утро
17,2026-08-27,9,3,total,3,Внуково,0,0,morning,Утро
17,2026-08-27,10,3,total,3,Внуково,0,0,morning,Утро
17,2026-08-27,11,3,total,3,Внуково,0,0,lunch,Обед
17,2026-08-27,12,3,total,3,Внуково,0,0,lunch,Обед
17,2026-08-27,13,3,total,3,Внуково,0,0,lunch,Обед
17,2026-08-27,14,3,total,3,Внуково,0,0,lunch,Обед
17,2026-08-27,15,3,total,3,Внуково,0,0,afternoon,После обеда
17,2026-08-27,16,3,total,3,Внуково,0,0,afternoon,После обеда
17,2026-08-27,17,3,total,3,Внуково,0,0,afternoon,После обеда
17,2026-08-27,18,2,total,3,Внуково,-1,1,dinner,Ужин
17,2026-08-27,19,2,total,3,Внуково,-1,1,dinner,Ужин
17,2026-08-27,20,2,total,2,Внуково,0,0,dinner,Ужин
17,2026-08-27,21,2,total,1,Внуково,1,1,late_evening,Поздний вечер
18,2026-08-27,8,2,total,3,Новая Рига,-1,1,early_morning,Раннее утро
18,2026-08-27,9,2,total,3,Новая Рига,-1,1,morning,Утро
18,2026-08-27,10,2,total,3,Новая Рига,-1,1,morning,Утро
18,2026-08-27,11,2,total,3,Новая Рига,-1,1,lunch,Обед
18,2026-08-27,12,2,total,3,Новая Рига,-1,1,lunch,Обед
18,2026-08-27,13,2,total,3,Новая Рига,-1,1,lunch,Обед
18,2026-08-27,14,2,total,3,Новая Рига,-1,1,lunch,Обед
18,2026-08-27,15,2,total,3,Новая Рига,-1,1,afternoon,После обеда
18,2026-08-27,16,2,total,2,Новая Рига,0,0,afternoon,После обеда
18,2026-08-27,17,2,total,2,Новая Рига,0,0,afternoon,После обеда
18,2026-08-27,18,1,total,2,Новая Рига,-1,1,dinner,Ужин
18,2026-08-27,19,1,total,2,Новая Рига,-1,1,dinner,Ужин
18,2026-08-27,20,1,total,1,Новая Рига,0,0,dinner,Ужин
18,2026-08-27,21,1,total,1,Новая Рига,0,0,late_evening,Поздний вечер
2,2026-08-27,6,2,total,0,Кудринская,2,2,opening,Открытие
2,2026-08-27,7,2,total,2,Кудринская,0,0,opening,Открытие
2,2026-08-27,8,2,total,2,Кудринская,0,0,early_morning,Раннее утро
2,2026-08-27,9,2,total,2,Кудринская,0,0,morning,Утро
2,2026-08-27,10,3,total,2,Кудринская,1,1,morning,Утро
2,2026-08-27,11,3,total,2,Кудринская,1,1,lunch,Обед
2,2026-08-27,12,3,total,2,Кудринская,1,1,lunch,Обед
2,2026-08-27,13,3,total,3,Кудринская,0,0,lunch,Обед
2,2026-08-27,14,3,total,3,Кудринская,0,0,lunch,Обед
2,2026-08-27,15,3,total,3,Кудринская,0,0,afternoon,После обеда
2,2026-08-27,16,3,total,3,Кудринская,0,0,afternoon,После обеда
2,2026-08-27,17,3,total,3,Кудринская,0,0,afternoon,После обеда
2,2026-08-27,18,3,total,3,Кудринская,0,0,dinner,Ужин
2,2026-08-27,19,3,total,2,Кудринская,1,1,dinner,Ужин
2,2026-08-27,20,2,total,2,Кудринская,0,0,dinner,Ужин
2,2026-08-27,21,1,total,1,Кудринская,0,0,late_evening,Поздний вечер
2,2026-08-27,22,1,total,1,Кудринская,0,0,late_evening,Поздний вечер
2,2026-08-27,23,1,total,1,Кудринская,0,0,late_evening,Поздний вечер
20,2026-08-27,8,1,total,1,Павлово,0,0,early_morning,Раннее утро
20,2026-08-27,9,1,total,2,Павлово,-1,1,morning,Утро
20,2026-08-27,10,2,total,2,Павлово,0,0,morning,Утро
20,2026-08-27,11,2,total,2,Павлово,0,0,lunch,Обед
20,2026-08-27,12,2,total,2,Павлово,0,0,lunch,Обед
20,2026-08-27,13,2,total,2,Павлово,0,0,lunch,Обед
20,2026-08-27,14,2,total,2,Павлово,0,0,lunch,Обед
20,2026-08-27,15,2,total,2,Павлово,0,0,afternoon,После обеда
20,2026-08-27,16,2,total,2,Павлово,0,0,afternoon,После обеда
20,2026-08-27,17,2,total,2,Павлово,0,0,afternoon,После обеда
20,2026-08-27,18,2,total,2,Павлово,0,0,dinner,Ужин
20,2026-08-27,19,2,total,2,Павлово,0,0,dinner,Ужин
20,2026-08-27,20,1,total,2,Павлово,-1,1,dinner,Ужин
20,2026-08-27,21,1,total,0,Павлово,1,1,late_evening,Поздний вечер
21,2026-08-27,8,2,total,3,Горки-2,-1,1,early_morning,Раннее утро
21,2026-08-27,9,3,total,4,Горки-2,-1,1,morning,Утро
21,2026-08-27,10,3,total,4,Горки-2,-1,1,morning,Утро
21,2026-08-27,11,3,total,4,Горки-2,-1,1,lunch,Обед
21,2026-08-27,12,4,total,4,Горки-2,0,0,lunch,Обед
21,2026-08-27,13,4,total,4,Горки-2,0,0,lunch,Обед
21,2026-08-27,14,4,total,4,Горки-2,0,0,lunch,Обед
21,2026-08-27,15,4,total,3,Горки-2,1,1,afternoon,После обеда
21,2026-08-27,16,4,total,3,Горки-2,1,1,afternoon,После обеда
21,2026-08-27,17,4,total,3,Горки-2,1,1,afternoon,После обеда
21,2026-08-27,18,4,total,3,Горки-2,1,1,dinner,Ужин
21,2026-08-27,19,4,total,3,Горки-2,1,1,dinner,Ужин
21,2026-08-27,20,4,total,2,Горки-2,2,2,dinner,Ужин
21,2026-08-27,21,3,total,2,Горки-2,1,1,late_evening,Поздний вечер
21,2026-08-27,22,2,total,2,Горки-2,0,0,late_evening,Поздний вечер
25,2026-08-27,8,1,total,2,Весна,-1,1,early_morning,Раннее утро
25,2026-08-27,9,1,total,2,Весна,-1,1,morning,Утро
25,2026-08-27,10,1,total,2,Весна,-1,1,morning,Утро
25,2026-08-27,11,1,total,2,Весна,-1,1,lunch,Обед
25,2026-08-27,12,1,total,2,Весна,-1,1,lunch,Обед
25,2026-08-27,13,1,total,2,Весна,-1,1,lunch,Обед
25,2026-08-27,14,1,total,2,Весна,-1,1,lunch,Обед
25,2026-08-27,15,1,total,2,Весна,-1,1,afternoon,После обеда
25,2026-08-27,16,1,total,1,Весна,0,0,afternoon,После обеда
25,2026-08-27,17,1,total,1,Весна,0,0,afternoon,После обеда
25,2026-08-27,18,1,total,1,Весна,0,0,dinner,Ужин
25,2026-08-27,19,1,total,1,Весна,0,0,dinner,Ужин
25,2026-08-27,20,1,total,1,Весна,0,0,dinner,Ужин
25,2026-08-27,21,1,total,1,Весна,0,0,late_evening,Поздний вечер
25,2026-08-27,22,1,total,1,Весна,0,0,late_evening,Поздний вечер
25,2026-08-27,23,1,total,1,Весна,0,0,late_evening,Поздний вечер
26,2026-08-27,8,0,total,1,Тверская,-1,1,early_morning,Раннее утро
26,2026-08-27,9,0,total,1,Тверская,-1,1,morning,Утро
26,2026-08-27,10,0,total,1,Тверская,-1,1,morning,Утро
26,2026-08-27,11,0,total,1,Тверская,-1,1,lunch,Обед
26,2026-08-27,12,1,total,1,Тверская,0,0,lunch,Обед
26,2026-08-27,13,1,total,1,Тверская,0,0,lunch,Обед
26,2026-08-27,14,1,total,1,Тверская,0,0,lunch,Обед
26,2026-08-27,15,1,total,1,Тверская,0,0,afternoon,После обеда
26,2026-08-27,16,1,total,1,Тверская,0,0,afternoon,После обеда
26,2026-08-27,17,1,total,1,Тверская,0,0,afternoon,После обеда
26,2026-08-27,18,1,total,1,Тверская,0,0,dinner,Ужин
26,2026-08-27,19,1,total,1,Тверская,0,0,dinner,Ужин
26,2026-08-27,20,1,total,1,Тверская,0,0,dinner,Ужин
26,2026-08-27,21,1,total,1,Тверская,0,0,late_evening,Поздний вечер
26,2026-08-27,22,1,total,1,Тверская,0,0,late_evening,Поздний вечер
29,2026-08-27,6,0,total,1,Украинский,-1,1,opening,Открытие
29,2026-08-27,7,3,total,7,Украинский,-4,4,opening,Открытие
29,2026-08-27,8,8,total,7,Украинский,1,1,early_morning,Раннее утро
29,2026-08-27,9,8,total,7,Украинский,1,1,morning,Утро
29,2026-08-27,10,8,total,7,Украинский,1,1,morning,Утро
29,2026-08-27,11,8,total,6,Украинский,2,2,lunch,Обед
29,2026-08-27,12,8,total,6,Украинский,2,2,lunch,Обед
29,2026-08-27,13,8,total,6,Украинский,2,2,lunch,Обед
29,2026-08-27,14,8,total,6,Украинский,2,2,lunch,Обед
29,2026-08-27,15,7,total,6,Украинский,1,1,afternoon,После обеда
29,2026-08-27,16,6,total,5,Украинский,1,1,afternoon,После обеда
29,2026-08-27,17,6,total,5,Украинский,1,1,afternoon,После обеда
29,2026-08-27,18,4,total,5,Украинский,-1,1,dinner,Ужин
29,2026-08-27,19,4,total,6,Украинский,-2,2,dinner,Ужин
29,2026-08-27,20,4,total,4,Украинский,0,0,dinner,Ужин
29,2026-08-27,21,1,total,5,Украинский,-4,4,late_evening,Поздний вечер
30,2026-08-27,8,4,total,3,Черёмушки,1,1,early_morning,Раннее утро
30,2026-08-27,9,5,total,3,Черёмушки,2,2,morning,Утро
30,2026-08-27,10,6,total,4,Черёмушки,2,2,morning,Утро
30,2026-08-27,11,6,total,4,Черёмушки,2,2,lunch,Обед
30,2026-08-27,12,6,total,5,Черёмушки,1,1,lunch,Обед
30,2026-08-27,13,6,total,5,Черёмушки,1,1,lunch,Обед
30,2026-08-27,14,6,total,5,Черёмушки,1,1,lunch,Обед
30,2026-08-27,15,6,total,6,Черёмушки,0,0,afternoon,После обеда
30,2026-08-27,16,5,total,5,Черёмушки,0,0,afternoon,После обеда
30,2026-08-27,17,5,total,5,Черёмушки,0,0,afternoon,После обеда
30,2026-08-27,18,5,total,5,Черёмушки,0,0,dinner,Ужин
30,2026-08-27,19,5,total,5,Черёмушки,0,0,dinner,Ужин
30,2026-08-27,20,4,total,5,Черёмушки,-1,1,dinner,Ужин
30,2026-08-27,21,2,total,4,Черёмушки,-2,2,late_evening,Поздний вечер
30,2026-08-27,22,2,total,3,Черёмушки,-1,1,late_evening,Поздний вечер
30,2026-08-27,23,2,total,3,Черёмушки,-1,1,late_evening,Поздний вечер
33,2026-08-27,8,3,total,2,Даниловский,1,1,early_morning,Раннее утро
33,2026-08-27,9,3,total,3,Даниловский,0,0,morning,Утро
33,2026-08-27,10,3,total,3,Даниловский,0,0,morning,Утро
33,2026-08-27,11,3,total,3,Даниловский,0,0,lunch,Обед
33,2026-08-27,12,3,total,3,Даниловский,0,0,lunch,Обед
33,2026-08-27,13,3,total,3,Даниловский,0,0,lunch,Обед
33,2026-08-27,14,3,total,3,Даниловский,0,0,lunch,Обед
33,2026-08-27,15,3,total,3,Даниловский,0,0,afternoon,После обеда
33,2026-08-27,16,3,total,2,Даниловский,1,1,afternoon,После обеда
33,2026-08-27,17,3,total,2,Даниловский,1,1,afternoon,После обеда
33,2026-08-27,18,3,total,2,Даниловский,1,1,dinner,Ужин
33,2026-08-27,19,3,total,2,Даниловский,1,1,dinner,Ужин
33,2026-08-27,20,3,total,1,Даниловский,2,2,dinner,Ужин
33,2026-08-27,21,1,total,1,Даниловский,0,0,late_evening,Поздний вечер
33,2026-08-27,22,1,total,1,Даниловский,0,0,late_evening,Поздний вечер
34,2026-08-27,0,1,total,1,Аркус,0,0,deep_night,Глубокая ночь
34,2026-08-27,1,1,total,1,Аркус,0,0,deep_night,Глубокая ночь
34,2026-08-27,2,1,total,1,Аркус,0,0,deep_night,Глубокая ночь
34,2026-08-27,3,1,total,1,Аркус,0,0,deep_night,Глубокая ночь
34,2026-08-27,4,1,total,1,Аркус,0,0,deep_night,Глубокая ночь
34,2026-08-27,5,1,total,1,Аркус,0,0,deep_night,Глубокая ночь
34,2026-08-27,6,0,total,1,Аркус,-1,1,opening,Открытие
34,2026-08-27,7,0,total,1,Аркус,-1,1,opening,Открытие
34,2026-08-27,22,1,total,2,Аркус,-1,1,late_evening,Поздний вечер
34,2026-08-27,23,1,total,3,Аркус,-2,2,late_evening,Поздний вечер
348,2026-08-27,8,1,total,1,Рига Холл,0,0,early_morning,Раннее утро
348,2026-08-27,9,1,total,1,Рига Холл,0,0,morning,Утро
348,2026-08-27,10,1,total,1,Рига Холл,0,0,morning,Утро
348,2026-08-27,11,1,total,1,Рига Холл,0,0,lunch,Обед
348,2026-08-27,12,1,total,1,Рига Холл,0,0,lunch,Обед
348,2026-08-27,13,1,total,1,Рига Холл,0,0,lunch,Обед
348,2026-08-27,14,1,total,1,Рига Холл,0,0,lunch,Обед
348,2026-08-27,15,1,total,1,Рига Холл,0,0,afternoon,После обеда
348,2026-08-27,16,1,total,1,Рига Холл,0,0,afternoon,После обеда
348,2026-08-27,17,1,total,1,Рига Холл,0,0,afternoon,После обеда
348,2026-08-27,18,0,total,1,Рига Холл,-1,1,dinner,Ужин
348,2026-08-27,19,0,total,1,Рига Холл,-1,1,dinner,Ужин
348,2026-08-27,20,0,total,1,Рига Холл,-1,1,dinner,Ужин
35,2026-08-27,8,2,total,3,Ленинский,-1,1,early_morning,Раннее утро
35,2026-08-27,9,4,total,3,Ленинский,1,1,morning,Утро
35,2026-08-27,10,4,total,5,Ленинский,-1,1,morning,Утро
35,2026-08-27,11,4,total,6,Ленинский,-2,2,lunch,Обед
35,2026-08-27,12,4,total,6,Ленинский,-2,2,lunch,Обед
35,2026-08-27,13,4,total,6,Ленинский,-2,2,lunch,Обед
35,2026-08-27,14,4,total,6,Ленинский,-2,2,lunch,Обед
35,2026-08-27,15,4,total,6,Ленинский,-2,2,afternoon,После обеда
35,2026-08-27,16,4,total,6,Ленинский,-2,2,afternoon,После обеда
35,2026-08-27,17,4,total,5,Ленинский,-1,1,afternoon,После обеда
35,2026-08-27,18,3,total,5,Ленинский,-2,2,dinner,Ужин
35,2026-08-27,19,3,total,5,Ленинский,-2,2,dinner,Ужин
35,2026-08-27,20,3,total,4,Ленинский,-1,1,dinner,Ужин
35,2026-08-27,21,1,total,4,Ленинский,-3,3,late_evening,Поздний вечер
35,2026-08-27,22,1,total,2,Ленинский,-1,1,late_evening,Поздний вечер
38,2026-08-27,8,0,total,1,Нева,-1,1,early_morning,Раннее утро
38,2026-08-27,9,0,total,1,Нева,-1,1,morning,Утро
38,2026-08-27,10,0,total,1,Нева,-1,1,morning,Утро
38,2026-08-27,11,0,total,1,Нева,-1,1,lunch,Обед
38,2026-08-27,12,0,total,1,Нева,-1,1,lunch,Обед
38,2026-08-27,13,0,total,1,Нева,-1,1,lunch,Обед
38,2026-08-27,14,0,total,1,Нева,-1,1,lunch,Обед
38,2026-08-27,15,0,total,1,Нева,-1,1,afternoon,После обеда
38,2026-08-27,16,0,total,1,Нева,-1,1,afternoon,После обеда
38,2026-08-27,17,0,total,1,Нева,-1,1,afternoon,После обеда
38,2026-08-27,18,1,total,1,Нева,0,0,dinner,Ужин
38,2026-08-27,19,1,total,1,Нева,0,0,dinner,Ужин
38,2026-08-27,20,1,total,1,Нева,0,0,dinner,Ужин
38,2026-08-27,21,1,total,1,Нева,0,0,late_evening,Поздний вечер
38,2026-08-27,22,1,total,1,Нева,0,0,late_evening,Поздний вечер
38,2026-08-27,23,0,total,1,Нева,-1,1,late_evening,Поздний вечер
39,2026-08-27,8,4,total,2,Гребной,2,2,early_morning,Раннее утро
39,2026-08-27,9,5,total,3,Гребной,2,2,morning,Утро
39,2026-08-27,10,5,total,3,Гребной,2,2,morning,Утро
39,2026-08-27,11,5,total,3,Гребной,2,2,lunch,Обед
39,2026-08-27,12,5,total,3,Гребной,2,2,lunch,Обед
39,2026-08-27,13,5,total,3,Гребной,2,2,lunch,Обед
39,2026-08-27,14,5,total,3,Гребной,2,2,lunch,Обед
39,2026-08-27,15,5,total,3,Гребной,2,2,afternoon,После обеда
39,2026-08-27,16,4,total,3,Гребной,1,1,afternoon,После обеда
39,2026-08-27,17,4,total,3,Гребной,1,1,afternoon,После обеда
39,2026-08-27,18,4,total,4,Гребной,0,0,dinner,Ужин
39,2026-08-27,19,4,total,4,Гребной,0,0,dinner,Ужин
39,2026-08-27,20,4,total,4,Гребной,0,0,dinner,Ужин
39,2026-08-27,21,1,total,2,Гребной,-1,1,late_evening,Поздний вечер
39,2026-08-27,22,1,total,1,Гребной,0,0,late_evening,Поздний вечер
4,2026-08-27,8,4,total,5,Аврора,-1,1,early_morning,Раннее утро
4,2026-08-27,9,5,total,6,Аврора,-1,1,morning,Утро
4,2026-08-27,10,5,total,6,Аврора,-1,1,morning,Утро
4,2026-08-27,11,5,total,6,Аврора,-1,1,lunch,Обед
4,2026-08-27,12,5,total,7,Аврора,-2,2,lunch,Обед
4,2026-08-27,13,5,total,7,Аврора,-2,2,lunch,Обед
4,2026-08-27,14,5,total,7,Аврора,-2,2,lunch,Обед
4,2026-08-27,15,5,total,7,Аврора,-2,2,afternoon,После обеда
4,2026-08-27,16,4,total,4,Аврора,0,0,afternoon,После обеда
4,2026-08-27,17,4,total,4,Аврора,0,0,afternoon,После обеда
4,2026-08-27,18,3,total,4,Аврора,-1,1,dinner,Ужин
4,2026-08-27,19,3,total,4,Аврора,-1,1,dinner,Ужин
4,2026-08-27,20,3,total,4,Аврора,-1,1,dinner,Ужин
4,2026-08-27,21,1,total,4,Аврора,-3,3,late_evening,Поздний вечер
4,2026-08-27,22,1,total,1,Аврора,0,0,late_evening,Поздний вечер
4,2026-08-27,23,1,total,1,Аврора,0,0,late_evening,Поздний вечер
434,2026-08-27,8,2,total,0,Сколково,2,2,early_morning,Раннее утро
434,2026-08-27,9,2,total,2,Сколково,0,0,morning,Утро
434,2026-08-27,10,2,total,2,Сколково,0,0,morning,Утро
434,2026-08-27,11,2,total,2,Сколково,0,0,lunch,Обед
434,2026-08-27,12,3,total,2,Сколково,1,1,lunch,Обед
434,2026-08-27,13,3,total,2,Сколково,1,1,lunch,Обед
434,2026-08-27,14,3,total,2,Сколково,1,1,lunch,Обед
434,2026-08-27,15,3,total,2,Сколково,1,1,afternoon,После обеда
434,2026-08-27,16,3,total,3,Сколково,0,0,afternoon,После обеда
434,2026-08-27,17,3,total,3,Сколково,0,0,afternoon,После обеда
434,2026-08-27,18,2,total,3,Сколково,-1,1,dinner,Ужин
434,2026-08-27,19,2,total,3,Сколково,-1,1,dinner,Ужин
434,2026-08-27,20,2,total,3,Сколково,-1,1,dinner,Ужин
434,2026-08-27,21,2,total,3,Сколково,-1,1,late_evening,Поздний вечер
47,2026-08-27,8,1,total,1,БТ Царская Площадь,0,0,early_morning,Раннее утро
47,2026-08-27,9,1,total,1,БТ Царская Площадь,0,0,morning,Утро
47,2026-08-27,10,1,total,1,БТ Царская Площадь,0,0,morning,Утро
47,2026-08-27,11,1,total,1,БТ Царская Площадь,0,0,lunch,Обед
47,2026-08-27,12,0,total,1,БТ Царская Площадь,-1,1,lunch,Обед
47,2026-08-27,13,0,total,1,БТ Царская Площадь,-1,1,lunch,Обед
479,2026-08-27,0,1,total,1,Покровка,0,0,deep_night,Глубокая ночь
479,2026-08-27,1,1,total,1,Покровка,0,0,deep_night,Глубокая ночь
479,2026-08-27,2,1,total,1,Покровка,0,0,deep_night,Глубокая ночь
479,2026-08-27,3,1,total,1,Покровка,0,0,deep_night,Глубокая ночь
479,2026-08-27,4,1,total,1,Покровка,0,0,deep_night,Глубокая ночь
479,2026-08-27,5,1,total,1,Покровка,0,0,deep_night,Глубокая ночь
479,2026-08-27,6,1,total,1,Покровка,0,0,opening,Открытие
479,2026-08-27,7,1,total,1,Покровка,0,0,opening,Открытие
479,2026-08-27,8,1,total,0,Покровка,1,1,early_morning,Раннее утро
479,2026-08-27,9,1,total,0,Покровка,1,1,morning,Утро
479,2026-08-27,10,1,total,0,Покровка,1,1,morning,Утро
479,2026-08-27,11,1,total,0,Покровка,1,1,lunch,Обед
54,2026-08-27,10,0,total,1,Maroon,-1,1,morning,Утро
54,2026-08-27,11,0,total,3,Maroon,-3,3,lunch,Обед
54,2026-08-27,12,2,total,3,Maroon,-1,1,lunch,Обед
54,2026-08-27,13,2,total,3,Maroon,-1,1,lunch,Обед
54,2026-08-27,14,2,total,3,Maroon,-1,1,lunch,Обед
54,2026-08-27,15,2,total,3,Maroon,-1,1,afternoon,После обеда
54,2026-08-27,16,2,total,4,Maroon,-2,2,afternoon,После обеда
54,2026-08-27,17,2,total,4,Maroon,-2,2,afternoon,После обеда
54,2026-08-27,18,2,total,3,Maroon,-1,1,dinner,Ужин
54,2026-08-27,19,2,total,3,Maroon,-1,1,dinner,Ужин
54,2026-08-27,20,2,total,3,Maroon,-1,1,dinner,Ужин
54,2026-08-27,21,2,total,2,Maroon,0,0,late_evening,Поздний вечер
54,2026-08-27,22,2,total,1,Maroon,1,1,late_evening,Поздний вечер
6,2026-08-27,5,0,total,1,Неглинная,-1,1,deep_night,Глубокая ночь
6,2026-08-27,6,2,total,2,Неглинная,0,0,opening,Открытие
6,2026-08-27,7,2,total,4,Неглинная,-2,2,opening,Открытие
6,2026-08-27,8,5,total,4,Неглинная,1,1,early_morning,Раннее утро
6,2026-08-27,9,5,total,4,Неглинная,1,1,morning,Утро
6,2026-08-27,10,5,total,4,Неглинная,1,1,morning,Утро
6,2026-08-27,11,5,total,4,Неглинная,1,1,lunch,Обед
6,2026-08-27,12,5,total,4,Неглинная,1,1,lunch,Обед
6,2026-08-27,13,5,total,4,Неглинная,1,1,lunch,Обед
6,2026-08-27,14,5,total,4,Неглинная,1,1,lunch,Обед
6,2026-08-27,15,5,total,4,Неглинная,1,1,afternoon,После обеда
6,2026-08-27,16,4,total,4,Неглинная,0,0,afternoon,После обеда
6,2026-08-27,17,4,total,4,Неглинная,0,0,afternoon,После обеда
6,2026-08-27,18,3,total,4,Неглинная,-1,1,dinner,Ужин
6,2026-08-27,19,3,total,4,Неглинная,-1,1,dinner,Ужин
6,2026-08-27,20,3,total,2,Неглинная,1,1,dinner,Ужин
6,2026-08-27,21,1,total,3,Неглинная,-2,2,late_evening,Поздний вечер
6,2026-08-27,22,1,total,3,Неглинная,-2,2,late_evening,Поздний вечер
6,2026-08-27,23,1,total,2,Неглинная,-1,1,late_evening,Поздний вечер
69,2026-08-27,7,0,total,6,Опен Мичуринский,-6,6,opening,Открытие
69,2026-08-27,8,6,total,7,Опен Мичуринский,-1,1,early_morning,Раннее утро
69,2026-08-27,9,7,total,6,Опен Мичуринский,1,1,morning,Утро
69,2026-08-27,10,7,total,6,Опен Мичуринский,1,1,morning,Утро
69,2026-08-27,11,7,total,6,Опен Мичуринский,1,1,lunch,Обед
69,2026-08-27,12,7,total,6,Опен Мичуринский,1,1,lunch,Обед
69,2026-08-27,13,7,total,6,Опен Мичуринский,1,1,lunch,Обед
69,2026-08-27,14,7,total,6,Опен Мичуринский,1,1,lunch,Обед
69,2026-08-27,15,7,total,6,Опен Мичуринский,1,1,afternoon,После обеда
69,2026-08-27,16,6,total,6,Опен Мичуринский,0,0,afternoon,После обеда
69,2026-08-27,17,6,total,6,Опен Мичуринский,0,0,afternoon,После обеда
69,2026-08-27,18,5,total,6,Опен Мичуринский,-1,1,dinner,Ужин
69,2026-08-27,19,5,total,6,Опен Мичуринский,-1,1,dinner,Ужин
69,2026-08-27,20,5,total,4,Опен Мичуринский,1,1,dinner,Ужин
69,2026-08-27,21,2,total,3,Опен Мичуринский,-1,1,late_evening,Поздний вечер
69,2026-08-27,22,2,total,2,Опен Мичуринский,0,0,late_evening,Поздний вечер
7,2026-08-27,0,1,total,0,Белая Площадь,1,1,deep_night,Глубокая ночь
7,2026-08-27,1,1,total,0,Белая Площадь,1,1,deep_night,Глубокая ночь
7,2026-08-27,2,1,total,0,Белая Площадь,1,1,deep_night,Глубокая ночь
7,2026-08-27,3,1,total,0,Белая Площадь,1,1,deep_night,Глубокая ночь
7,2026-08-27,4,1,total,0,Белая Площадь,1,1,deep_night,Глубокая ночь
7,2026-08-27,5,1,total,1,Белая Площадь,0,0,deep_night,Глубокая ночь
7,2026-08-27,6,3,total,4,Белая Площадь,-1,1,opening,Открытие
7,2026-08-27,7,3,total,5,Белая Площадь,-2,2,opening,Открытие
7,2026-08-27,8,7,total,6,Белая Площадь,1,1,early_morning,Раннее утро
7,2026-08-27,9,7,total,6,Белая Площадь,1,1,morning,Утро
7,2026-08-27,10,7,total,6,Белая Площадь,1,1,morning,Утро
7,2026-08-27,11,7,total,6,Белая Площадь,1,1,lunch,Обед
7,2026-08-27,12,7,total,6,Белая Площадь,1,1,lunch,Обед
7,2026-08-27,13,7,total,6,Белая Площадь,1,1,lunch,Обед
7,2026-08-27,14,7,total,6,Белая Площадь,1,1,lunch,Обед
7,2026-08-27,15,7,total,6,Белая Площадь,1,1,afternoon,После обеда
7,2026-08-27,16,5,total,4,Белая Площадь,1,1,afternoon,После обеда
7,2026-08-27,17,5,total,5,Белая Площадь,0,0,afternoon,После обеда
7,2026-08-27,18,5,total,7,Белая Площадь,-2,2,dinner,Ужин
7,2026-08-27,19,5,total,6,Белая Площадь,-1,1,dinner,Ужин
7,2026-08-27,20,5,total,4,Белая Площадь,1,1,dinner,Ужин
7,2026-08-27,21,3,total,4,Белая Площадь,-1,1,late_evening,Поздний вечер
7,2026-08-27,22,3,total,4,Белая Площадь,-1,1,late_evening,Поздний вечер
7,2026-08-27,23,3,total,1,Белая Площадь,2,2,late_evening,Поздний вечер
8,2026-08-27,7,0,total,3,Усачева,-3,3,opening,Открытие
8,2026-08-27,8,5,total,4,Усачева,1,1,early_morning,Раннее утро
8,2026-08-27,9,5,total,5,Усачева,0,0,morning,Утро
8,2026-08-27,10,5,total,5,Усачева,0,0,morning,Утро
8,2026-08-27,11,5,total,5,Усачева,0,0,lunch,Обед
8,2026-08-27,12,5,total,5,Усачева,0,0,lunch,Обед
8,2026-08-27,13,5,total,5,Усачева,0,0,lunch,Обед
8,2026-08-27,14,5,total,5,Усачева,0,0,lunch,Обед
8,2026-08-27,15,5,total,4,Усачева,1,1,afternoon,После обеда
8,2026-08-27,16,3,total,4,Усачева,-1,1,afternoon,После обеда
8,2026-08-27,17,3,total,4,Усачева,-1,1,afternoon,После обеда
8,2026-08-27,18,3,total,4,Усачева,-1,1,dinner,Ужин
8,2026-08-27,19,3,total,4,Усачева,-1,1,dinner,Ужин
8,2026-08-27,20,3,total,4,Усачева,-1,1,dinner,Ужин
8,2026-08-27,21,2,total,2,Усачева,0,0,late_evening,Поздний вечер
8,2026-08-27,22,2,total,2,Усачева,0,0,late_evening,Поздний вечер
8,2026-08-27,23,2,total,1,Усачева,1,1,late_evening,Поздний вечер
9,2026-08-27,8,1,total,2,КИНКИ,-1,1,early_morning,Раннее утро
9,2026-08-27,9,1,total,2,КИНКИ,-1,1,morning,Утро
9,2026-08-27,10,1,total,1,КИНКИ,0,0,morning,Утро
9,2026-08-27,11,1,total,1,КИНКИ,0,0,lunch,Обед
9,2026-08-27,12,1,total,2,КИНКИ,-1,1,lunch,Обед
9,2026-08-27,13,1,total,2,КИНКИ,-1,1,lunch,Обед
9,2026-08-27,14,1,total,2,КИНКИ,-1,1,lunch,Обед
9,2026-08-27,15,1,total,2,КИНКИ,-1,1,afternoon,После обеда
9,2026-08-27,16,2,total,2,КИНКИ,0,0,afternoon,После обеда
9,2026-08-27,17,2,total,2,КИНКИ,0,0,afternoon,После обеда
9,2026-08-27,18,2,total,2,КИНКИ,0,0,dinner,Ужин
9,2026-08-27,19,2,total,2,КИНКИ,0,0,dinner,Ужин
9,2026-08-27,20,2,total,2,КИНКИ,0,0,dinner,Ужин
9,2026-08-27,21,2,total,2,КИНКИ,0,0,late_evening,Поздний вечер
9,2026-08-27,22,2,total,3,КИНКИ,-1,1,late_evening,Поздний вечер
9,2026-08-27,23,2,total,3,КИНКИ,-1,1,late_evening,Поздний вечер
99,2026-08-27,7,2,total,3,Опен Аркус,-1,1,opening,Открытие
99,2026-08-27,8,6,total,5,Опен Аркус,1,1,early_morning,Раннее утро
99,2026-08-27,9,6,total,5,Опен Аркус,1,1,morning,Утро
99,2026-08-27,10,6,total,5,Опен Аркус,1,1,morning,Утро
99,2026-08-27,11,6,total,5,Опен Аркус,1,1,lunch,Обед
99,2026-08-27,12,6,total,5,Опен Аркус,1,1,lunch,Обед
99,2026-08-27,13,6,total,4,Опен Аркус,2,2,lunch,Обед
99,2026-08-27,14,6,total,4,Опен Аркус,2,2,lunch,Обед
99,2026-08-27,15,6,total,4,Опен Аркус,2,2,afternoon,После обеда
99,2026-08-27,16,5,total,3,Опен Аркус,2,2,afternoon,После обеда
99,2026-08-27,17,5,total,3,Опен Аркус,2,2,afternoon,После обеда
99,2026-08-27,18,3,total,3,Опен Аркус,0,0,dinner,Ужин
99,2026-08-27,19,3,total,4,Опен Аркус,-1,1,dinner,Ужин
99,2026-08-27,20,3,total,2,Опен Аркус,1,1,dinner,Ужин
99,2026-08-27,21,1,total,2,Опен Аркус,-1,1,late_evening,Поздний вечер
99,2026-08-27,22,1,total,0,Опен Аркус,1,1,late_evening,Поздний вечер
1,2026-08-28,8,0,total,1,Wall Street,-1,1,early_morning,Раннее утро
1,2026-08-28,9,0,total,1,Wall Street,-1,1,morning,Утро
1,2026-08-28,10,0,total,1,Wall Street,-1,1,morning,Утро
1,2026-08-28,11,0,total,1,Wall Street,-1,1,lunch,Обед
1,2026-08-28,12,1,total,1,Wall Street,0,0,lunch,Обед
1,2026-08-28,13,1,total,1,Wall Street,0,0,lunch,Обед
1,2026-08-28,14,1,total,1,Wall Street,0,0,lunch,Обед
1,2026-08-28,15,1,total,1,Wall Street,0,0,afternoon,После обеда
1,2026-08-28,16,1,total,1,Wall Street,0,0,afternoon,После обеда
1,2026-08-28,17,1,total,1,Wall Street,0,0,afternoon,После обеда
1,2026-08-28,18,1,total,1,Wall Street,0,0,dinner,Ужин
1,2026-08-28,19,1,total,1,Wall Street,0,0,dinner,Ужин
1,2026-08-28,20,1,total,1,Wall Street,0,0,dinner,Ужин
1,2026-08-28,21,1,total,1,Wall Street,0,0,late_evening,Поздний вечер
1,2026-08-28,22,1,total,0,Wall Street,1,1,late_evening,Поздний вечер
10,2026-08-28,8,1,total,1,Якиманка,0,0,early_morning,Раннее утро
10,2026-08-28,9,1,total,1,Якиманка,0,0,morning,Утро
10,2026-08-28,10,1,total,2,Якиманка,-1,1,morning,Утро
10,2026-08-28,11,1,total,2,Якиманка,-1,1,lunch,Обед
10,2026-08-28,12,1,total,2,Якиманка,-1,1,lunch,Обед
10,2026-08-28,13,1,total,2,Якиманка,-1,1,lunch,Обед
10,2026-08-28,14,1,total,1,Якиманка,0,0,lunch,Обед
10,2026-08-28,15,1,total,1,Якиманка,0,0,afternoon,После обеда
10,2026-08-28,16,1,total,1,Якиманка,0,0,afternoon,После обеда
10,2026-08-28,17,1,total,1,Якиманка,0,0,afternoon,После обеда
10,2026-08-28,18,1,total,1,Якиманка,0,0,dinner,Ужин
10,2026-08-28,19,1,total,1,Якиманка,0,0,dinner,Ужин
10,2026-08-28,20,1,total,1,Якиманка,0,0,dinner,Ужин
10,2026-08-28,21,1,total,1,Якиманка,0,0,late_evening,Поздний вечер
10,2026-08-28,22,1,total,1,Якиманка,0,0,late_evening,Поздний вечер
101,2026-08-28,8,3,total,3,Алия,0,0,early_morning,Раннее утро
101,2026-08-28,9,3,total,3,Алия,0,0,morning,Утро
101,2026-08-28,10,3,total,3,Алия,0,0,morning,Утро
101,2026-08-28,11,3,total,3,Алия,0,0,lunch,Обед
101,2026-08-28,12,3,total,3,Алия,0,0,lunch,Обед
101,2026-08-28,13,3,total,3,Алия,0,0,lunch,Обед
101,2026-08-28,14,3,total,3,Алия,0,0,lunch,Обед
101,2026-08-28,15,3,total,3,Алия,0,0,afternoon,После обеда
101,2026-08-28,16,3,total,3,Алия,0,0,afternoon,После обеда
101,2026-08-28,17,3,total,3,Алия,0,0,afternoon,После обеда
101,2026-08-28,18,1,total,2,Алия,-1,1,dinner,Ужин
101,2026-08-28,19,1,total,2,Алия,-1,1,dinner,Ужин
101,2026-08-28,20,1,total,2,Алия,-1,1,dinner,Ужин
101,2026-08-28,21,1,total,1,Алия,0,0,late_evening,Поздний вечер
101,2026-08-28,22,1,total,0,Алия,1,1,late_evening,Поздний вечер
11,2026-08-28,0,3,total,5,Кутузовский,-2,2,deep_night,Глубокая ночь
11,2026-08-28,1,3,total,5,Кутузовский,-2,2,deep_night,Глубокая ночь
11,2026-08-28,2,3,total,5,Кутузовский,-2,2,deep_night,Глубокая ночь
11,2026-08-28,3,3,total,5,Кутузовский,-2,2,deep_night,Глубокая ночь
11,2026-08-28,4,3,total,5,Кутузовский,-2,2,deep_night,Глубокая ночь
11,2026-08-28,5,3,total,6,Кутузовский,-3,3,deep_night,Глубокая ночь
11,2026-08-28,6,2,total,6,Кутузовский,-4,4,opening,Открытие
11,2026-08-28,7,0,total,3,Кутузовский,-3,3,opening,Открытие
11,2026-08-28,16,0,total,1,Кутузовский,-1,1,afternoon,После обеда
11,2026-08-28,22,1,total,2,Кутузовский,-1,1,late_evening,Поздний вечер
11,2026-08-28,23,1,total,4,Кутузовский,-3,3,late_evening,Поздний вечер
115,2026-08-28,7,0,total,1,Опен Символ,-1,1,opening,Открытие
115,2026-08-28,8,4,total,4,Опен Символ,0,0,early_morning,Раннее утро
115,2026-08-28,9,5,total,4,Опен Символ,1,1,morning,Утро
115,2026-08-28,10,5,total,4,Опен Символ,1,1,morning,Утро
115,2026-08-28,11,5,total,4,Опен Символ,1,1,lunch,Обед
115,2026-08-28,12,5,total,4,Опен Символ,1,1,lunch,Обед
115,2026-08-28,13,5,total,5,Опен Символ,0,0,lunch,Обед
115,2026-08-28,14,5,total,4,Опен Символ,1,1,lunch,Обед
115,2026-08-28,15,5,total,4,Опен Символ,1,1,afternoon,После обеда
115,2026-08-28,16,4,total,4,Опен Символ,0,0,afternoon,После обеда
115,2026-08-28,17,4,total,4,Опен Символ,0,0,afternoon,После обеда
115,2026-08-28,18,3,total,4,Опен Символ,-1,1,dinner,Ужин
115,2026-08-28,19,3,total,4,Опен Символ,-1,1,dinner,Ужин
115,2026-08-28,20,3,total,4,Опен Символ,-1,1,dinner,Ужин
115,2026-08-28,21,1,total,1,Опен Символ,0,0,late_evening,Поздний вечер
115,2026-08-28,22,1,total,0,Опен Символ,1,1,late_evening,Поздний вечер
12,2026-08-28,8,4,total,3,Хорошо,1,1,early_morning,Раннее утро
12,2026-08-28,9,4,total,3,Хорошо,1,1,morning,Утро
12,2026-08-28,10,4,total,3,Хорошо,1,1,morning,Утро
12,2026-08-28,11,4,total,3,Хорошо,1,1,lunch,Обед
12,2026-08-28,12,4,total,4,Хорошо,0,0,lunch,Обед
12,2026-08-28,13,4,total,4,Хорошо,0,0,lunch,Обед
12,2026-08-28,14,4,total,4,Хорошо,0,0,lunch,Обед
12,2026-08-28,15,4,total,4,Хорошо,0,0,afternoon,После обеда
12,2026-08-28,16,3,total,4,Хорошо,-1,1,afternoon,После обеда
12,2026-08-28,17,3,total,4,Хорошо,-1,1,afternoon,После обеда
12,2026-08-28,18,2,total,4,Хорошо,-2,2,dinner,Ужин
12,2026-08-28,19,2,total,4,Хорошо,-2,2,dinner,Ужин
12,2026-08-28,20,2,total,2,Хорошо,0,0,dinner,Ужин
12,2026-08-28,21,1,total,2,Хорошо,-1,1,late_evening,Поздний вечер
123,2026-08-28,8,1,total,2,Опен Нева,-1,1,early_morning,Раннее утро
123,2026-08-28,9,1,total,2,Опен Нева,-1,1,morning,Утро
123,2026-08-28,10,1,total,2,Опен Нева,-1,1,morning,Утро
123,2026-08-28,11,1,total,2,Опен Нева,-1,1,lunch,Обед
123,2026-08-28,12,1,total,2,Опен Нева,-1,1,lunch,Обед
123,2026-08-28,13,1,total,2,Опен Нева,-1,1,lunch,Обед
123,2026-08-28,14,1,total,1,Опен Нева,0,0,lunch,Обед
123,2026-08-28,15,1,total,1,Опен Нева,0,0,afternoon,После обеда
123,2026-08-28,16,1,total,1,Опен Нева,0,0,afternoon,После обеда
123,2026-08-28,17,1,total,1,Опен Нева,0,0,afternoon,После обеда
123,2026-08-28,18,0,total,1,Опен Нева,-1,1,dinner,Ужин
123,2026-08-28,19,0,total,1,Опен Нева,-1,1,dinner,Ужин
123,2026-08-28,20,0,total,1,Опен Нева,-1,1,dinner,Ужин
123,2026-08-28,21,0,total,1,Опен Нева,-1,1,late_evening,Поздний вечер
123,2026-08-28,22,0,total,1,Опен Нева,-1,1,late_evening,Поздний вечер
123,2026-08-28,23,0,total,1,Опен Нева,-1,1,late_evening,Поздний вечер
125,2026-08-28,11,0,total,1,Meraki,-1,1,lunch,Обед
125,2026-08-28,12,1,total,1,Meraki,0,0,lunch,Обед
125,2026-08-28,13,1,total,1,Meraki,0,0,lunch,Обед
125,2026-08-28,14,1,total,1,Meraki,0,0,lunch,Обед
125,2026-08-28,15,1,total,1,Meraki,0,0,afternoon,После обеда
125,2026-08-28,16,1,total,1,Meraki,0,0,afternoon,После обеда
125,2026-08-28,17,1,total,1,Meraki,0,0,afternoon,После обеда
125,2026-08-28,18,1,total,1,Meraki,0,0,dinner,Ужин
125,2026-08-28,19,1,total,1,Meraki,0,0,dinner,Ужин
125,2026-08-28,20,1,total,1,Meraki,0,0,dinner,Ужин
125,2026-08-28,21,1,total,1,Meraki,0,0,late_evening,Поздний вечер
125,2026-08-28,22,1,total,0,Meraki,1,1,late_evening,Поздний вечер
126,2026-08-28,7,1,total,0,Опен Покровка,1,1,opening,Открытие
126,2026-08-28,8,4,total,3,Опен Покровка,1,1,early_morning,Раннее утро
126,2026-08-28,9,4,total,3,Опен Покровка,1,1,morning,Утро
126,2026-08-28,10,4,total,3,Опен Покровка,1,1,morning,Утро
126,2026-08-28,11,4,total,3,Опен Покровка,1,1,lunch,Обед
126,2026-08-28,12,4,total,3,Опен Покровка,1,1,lunch,Обед
126,2026-08-28,13,4,total,3,Опен Покровка,1,1,lunch,Обед
126,2026-08-28,14,4,total,3,Опен Покровка,1,1,lunch,Обед
126,2026-08-28,15,4,total,3,Опен Покровка,1,1,afternoon,После обеда
126,2026-08-28,16,3,total,2,Опен Покровка,1,1,afternoon,После обеда
126,2026-08-28,17,3,total,2,Опен Покровка,1,1,afternoon,После обеда
126,2026-08-28,18,2,total,1,Опен Покровка,1,1,dinner,Ужин
126,2026-08-28,19,2,total,1,Опен Покровка,1,1,dinner,Ужин
126,2026-08-28,20,2,total,1,Опен Покровка,1,1,dinner,Ужин
126,2026-08-28,21,0,total,1,Опен Покровка,-1,1,late_evening,Поздний вечер
128,2026-08-28,8,1,total,2,Кофемания Лаки,-1,1,early_morning,Раннее утро
128,2026-08-28,9,1,total,2,Кофемания Лаки,-1,1,morning,Утро
128,2026-08-28,10,1,total,2,Кофемания Лаки,-1,1,morning,Утро
128,2026-08-28,11,1,total,2,Кофемания Лаки,-1,1,lunch,Обед
128,2026-08-28,12,2,total,2,Кофемания Лаки,0,0,lunch,Обед
128,2026-08-28,13,2,total,2,Кофемания Лаки,0,0,lunch,Обед
128,2026-08-28,14,2,total,2,Кофемания Лаки,0,0,lunch,Обед
128,2026-08-28,15,2,total,2,Кофемания Лаки,0,0,afternoon,После обеда
128,2026-08-28,16,2,total,2,Кофемания Лаки,0,0,afternoon,После обеда
128,2026-08-28,17,2,total,2,Кофемания Лаки,0,0,afternoon,После обеда
128,2026-08-28,18,2,total,2,Кофемания Лаки,0,0,dinner,Ужин
128,2026-08-28,19,2,total,2,Кофемания Лаки,0,0,dinner,Ужин
128,2026-08-28,20,2,total,1,Кофемания Лаки,1,1,dinner,Ужин
128,2026-08-28,21,2,total,1,Кофемания Лаки,1,1,late_evening,Поздний вечер
128,2026-08-28,22,2,total,1,Кофемания Лаки,1,1,late_evening,Поздний вечер
128,2026-08-28,23,2,total,1,Кофемания Лаки,1,1,late_evening,Поздний вечер
14,2026-08-28,9,2,total,3,Метрополис,-1,1,morning,Утро
14,2026-08-28,10,2,total,4,Метрополис,-2,2,morning,Утро
14,2026-08-28,11,2,total,4,Метрополис,-2,2,lunch,Обед
14,2026-08-28,12,3,total,4,Метрополис,-1,1,lunch,Обед
14,2026-08-28,13,3,total,4,Метрополис,-1,1,lunch,Обед
14,2026-08-28,14,3,total,4,Метрополис,-1,1,lunch,Обед
14,2026-08-28,15,3,total,4,Метрополис,-1,1,afternoon,После обеда
14,2026-08-28,16,3,total,4,Метрополис,-1,1,afternoon,После обеда
14,2026-08-28,17,3,total,4,Метрополис,-1,1,afternoon,После обеда
14,2026-08-28,18,3,total,4,Метрополис,-1,1,dinner,Ужин
14,2026-08-28,19,3,total,4,Метрополис,-1,1,dinner,Ужин
14,2026-08-28,20,3,total,3,Метрополис,0,0,dinner,Ужин
14,2026-08-28,21,3,total,3,Метрополис,0,0,late_evening,Поздний вечер
14,2026-08-28,22,3,total,1,Метрополис,2,2,late_evening,Поздний вечер
142,2026-08-28,8,1,total,1,RED7,0,0,early_morning,Раннее утро
142,2026-08-28,9,1,total,1,RED7,0,0,morning,Утро
142,2026-08-28,10,1,total,1,RED7,0,0,morning,Утро
142,2026-08-28,11,1,total,1,RED7,0,0,lunch,Обед
142,2026-08-28,12,1,total,1,RED7,0,0,lunch,Обед
142,2026-08-28,13,1,total,1,RED7,0,0,lunch,Обед
142,2026-08-28,14,1,total,1,RED7,0,0,lunch,Обед
142,2026-08-28,15,1,total,1,RED7,0,0,afternoon,После обеда
142,2026-08-28,16,1,total,1,RED7,0,0,afternoon,После обеда
142,2026-08-28,17,1,total,1,RED7,0,0,afternoon,После обеда
142,2026-08-28,18,0,total,1,RED7,-1,1,dinner,Ужин
142,2026-08-28,19,0,total,1,RED7,-1,1,dinner,Ужин
142,2026-08-28,20,0,total,1,RED7,-1,1,dinner,Ужин
142,2026-08-28,21,0,total,1,RED7,-1,1,late_evening,Поздний вечер
16,2026-08-28,8,1,total,1,Мосфильм,0,0,early_morning,Раннее утро
16,2026-08-28,9,1,total,1,Мосфильм,0,0,morning,Утро
16,2026-08-28,10,1,total,1,Мосфильм,0,0,morning,Утро
16,2026-08-28,11,1,total,1,Мосфильм,0,0,lunch,Обед
16,2026-08-28,12,1,total,1,Мосфильм,0,0,lunch,Обед
16,2026-08-28,13,1,total,1,Мосфильм,0,0,lunch,Обед
16,2026-08-28,14,1,total,1,Мосфильм,0,0,lunch,Обед
16,2026-08-28,15,1,total,1,Мосфильм,0,0,afternoon,После обеда
16,2026-08-28,16,1,total,1,Мосфильм,0,0,afternoon,После обеда
16,2026-08-28,17,1,total,1,Мосфильм,0,0,afternoon,После обеда
16,2026-08-28,18,0,total,1,Мосфильм,-1,1,dinner,Ужин
16,2026-08-28,19,0,total,1,Мосфильм,-1,1,dinner,Ужин
16,2026-08-28,20,0,total,1,Мосфильм,-1,1,dinner,Ужин
16,2026-08-28,21,0,total,2,Мосфильм,-2,2,late_evening,Поздний вечер
17,2026-08-28,8,3,total,2,Внуково,1,1,early_morning,Раннее утро
17,2026-08-28,9,3,total,3,Внуково,0,0,morning,Утро
17,2026-08-28,10,3,total,3,Внуково,0,0,morning,Утро
17,2026-08-28,11,3,total,3,Внуково,0,0,lunch,Обед
17,2026-08-28,12,3,total,3,Внуково,0,0,lunch,Обед
17,2026-08-28,13,3,total,3,Внуково,0,0,lunch,Обед
17,2026-08-28,14,3,total,3,Внуково,0,0,lunch,Обед
17,2026-08-28,15,3,total,3,Внуково,0,0,afternoon,После обеда
17,2026-08-28,16,3,total,3,Внуково,0,0,afternoon,После обеда
17,2026-08-28,17,3,total,3,Внуково,0,0,afternoon,После обеда
17,2026-08-28,18,2,total,3,Внуково,-1,1,dinner,Ужин
17,2026-08-28,19,2,total,3,Внуково,-1,1,dinner,Ужин
17,2026-08-28,20,2,total,2,Внуково,0,0,dinner,Ужин
17,2026-08-28,21,2,total,1,Внуково,1,1,late_evening,Поздний вечер
18,2026-08-28,8,3,total,2,Новая Рига,1,1,early_morning,Раннее утро
18,2026-08-28,9,3,total,2,Новая Рига,1,1,morning,Утро
18,2026-08-28,10,3,total,2,Новая Рига,1,1,morning,Утро
18,2026-08-28,11,3,total,2,Новая Рига,1,1,lunch,Обед
18,2026-08-28,12,3,total,2,Новая Рига,1,1,lunch,Обед
18,2026-08-28,13,3,total,2,Новая Рига,1,1,lunch,Обед
18,2026-08-28,14,3,total,3,Новая Рига,0,0,lunch,Обед
18,2026-08-28,15,3,total,2,Новая Рига,1,1,afternoon,После обеда
18,2026-08-28,16,3,total,2,Новая Рига,1,1,afternoon,После обеда
18,2026-08-28,17,3,total,2,Новая Рига,1,1,afternoon,После обеда
18,2026-08-28,18,1,total,2,Новая Рига,-1,1,dinner,Ужин
18,2026-08-28,19,1,total,2,Новая Рига,-1,1,dinner,Ужин
18,2026-08-28,20,1,total,1,Новая Рига,0,0,dinner,Ужин
18,2026-08-28,21,1,total,1,Новая Рига,0,0,late_evening,Поздний вечер
2,2026-08-28,6,2,total,0,Кудринская,2,2,opening,Открытие
2,2026-08-28,7,2,total,3,Кудринская,-1,1,opening,Открытие
2,2026-08-28,8,3,total,3,Кудринская,0,0,early_morning,Раннее утро
2,2026-08-28,9,3,total,3,Кудринская,0,0,morning,Утро
2,2026-08-28,10,3,total,3,Кудринская,0,0,morning,Утро
2,2026-08-28,11,3,total,3,Кудринская,0,0,lunch,Обед
2,2026-08-28,12,3,total,3,Кудринская,0,0,lunch,Обед
2,2026-08-28,13,3,total,3,Кудринская,0,0,lunch,Обед
2,2026-08-28,14,3,total,3,Кудринская,0,0,lunch,Обед
2,2026-08-28,15,3,total,3,Кудринская,0,0,afternoon,После обеда
2,2026-08-28,16,3,total,3,Кудринская,0,0,afternoon,После обеда
2,2026-08-28,17,3,total,3,Кудринская,0,0,afternoon,После обеда
2,2026-08-28,18,2,total,3,Кудринская,-1,1,dinner,Ужин
2,2026-08-28,19,2,total,2,Кудринская,0,0,dinner,Ужин
2,2026-08-28,20,2,total,1,Кудринская,1,1,dinner,Ужин
2,2026-08-28,21,1,total,1,Кудринская,0,0,late_evening,Поздний вечер
2,2026-08-28,22,1,total,1,Кудринская,0,0,late_evening,Поздний вечер
2,2026-08-28,23,1,total,1,Кудринская,0,0,late_evening,Поздний вечер
20,2026-08-28,8,2,total,1,Павлово,1,1,early_morning,Раннее утро
20,2026-08-28,9,2,total,2,Павлово,0,0,morning,Утро
20,2026-08-28,10,2,total,2,Павлово,0,0,morning,Утро
20,2026-08-28,11,2,total,2,Павлово,0,0,lunch,Обед
20,2026-08-28,12,2,total,2,Павлово,0,0,lunch,Обед
20,2026-08-28,13,2,total,2,Павлово,0,0,lunch,Обед
20,2026-08-28,14,2,total,2,Павлово,0,0,lunch,Обед
20,2026-08-28,15,2,total,2,Павлово,0,0,afternoon,После обеда
20,2026-08-28,16,2,total,2,Павлово,0,0,afternoon,После обеда
20,2026-08-28,17,2,total,2,Павлово,0,0,afternoon,После обеда
20,2026-08-28,18,1,total,2,Павлово,-1,1,dinner,Ужин
20,2026-08-28,19,1,total,2,Павлово,-1,1,dinner,Ужин
20,2026-08-28,20,1,total,1,Павлово,0,0,dinner,Ужин
20,2026-08-28,21,1,total,0,Павлово,1,1,late_evening,Поздний вечер
21,2026-08-28,8,2,total,1,Горки-2,1,1,early_morning,Раннее утро
21,2026-08-28,9,4,total,2,Горки-2,2,2,morning,Утро
21,2026-08-28,10,4,total,3,Горки-2,1,1,morning,Утро
21,2026-08-28,11,3,total,3,Горки-2,0,0,lunch,Обед
21,2026-08-28,12,4,total,3,Горки-2,1,1,lunch,Обед
21,2026-08-28,13,4,total,3,Горки-2,1,1,lunch,Обед
21,2026-08-28,14,4,total,3,Горки-2,1,1,lunch,Обед
21,2026-08-28,15,4,total,3,Горки-2,1,1,afternoon,После обеда
21,2026-08-28,16,4,total,3,Горки-2,1,1,afternoon,После обеда
21,2026-08-28,17,4,total,3,Горки-2,1,1,afternoon,После обеда
21,2026-08-28,18,4,total,3,Горки-2,1,1,dinner,Ужин
21,2026-08-28,19,4,total,3,Горки-2,1,1,dinner,Ужин
21,2026-08-28,20,4,total,3,Горки-2,1,1,dinner,Ужин
21,2026-08-28,21,2,total,3,Горки-2,-1,1,late_evening,Поздний вечер
21,2026-08-28,22,1,total,3,Горки-2,-2,2,late_evening,Поздний вечер
25,2026-08-28,8,2,total,2,Весна,0,0,early_morning,Раннее утро
25,2026-08-28,9,2,total,2,Весна,0,0,morning,Утро
25,2026-08-28,10,2,total,2,Весна,0,0,morning,Утро
25,2026-08-28,11,2,total,2,Весна,0,0,lunch,Обед
25,2026-08-28,12,2,total,2,Весна,0,0,lunch,Обед
25,2026-08-28,13,2,total,2,Весна,0,0,lunch,Обед
25,2026-08-28,14,2,total,2,Весна,0,0,lunch,Обед
25,2026-08-28,15,2,total,2,Весна,0,0,afternoon,После обеда
25,2026-08-28,16,2,total,1,Весна,1,1,afternoon,После обеда
25,2026-08-28,17,2,total,1,Весна,1,1,afternoon,После обеда
25,2026-08-28,18,0,total,1,Весна,-1,1,dinner,Ужин
25,2026-08-28,19,0,total,1,Весна,-1,1,dinner,Ужин
25,2026-08-28,20,0,total,1,Весна,-1,1,dinner,Ужин
25,2026-08-28,21,0,total,1,Весна,-1,1,late_evening,Поздний вечер
25,2026-08-28,22,0,total,1,Весна,-1,1,late_evening,Поздний вечер
25,2026-08-28,23,0,total,1,Весна,-1,1,late_evening,Поздний вечер
26,2026-08-28,8,1,total,1,Тверская,0,0,early_morning,Раннее утро
26,2026-08-28,9,1,total,1,Тверская,0,0,morning,Утро
26,2026-08-28,10,1,total,1,Тверская,0,0,morning,Утро
26,2026-08-28,11,1,total,1,Тверская,0,0,lunch,Обед
26,2026-08-28,12,1,total,1,Тверская,0,0,lunch,Обед
26,2026-08-28,13,1,total,1,Тверская,0,0,lunch,Обед
26,2026-08-28,14,1,total,1,Тверская,0,0,lunch,Обед
26,2026-08-28,15,1,total,1,Тверская,0,0,afternoon,После обеда
26,2026-08-28,16,1,total,1,Тверская,0,0,afternoon,После обеда
26,2026-08-28,17,1,total,1,Тверская,0,0,afternoon,После обеда
26,2026-08-28,18,0,total,1,Тверская,-1,1,dinner,Ужин
26,2026-08-28,19,0,total,1,Тверская,-1,1,dinner,Ужин
26,2026-08-28,20,0,total,1,Тверская,-1,1,dinner,Ужин
26,2026-08-28,21,0,total,1,Тверская,-1,1,late_evening,Поздний вечер
26,2026-08-28,22,0,total,1,Тверская,-1,1,late_evening,Поздний вечер
29,2026-08-28,7,3,total,8,Украинский,-5,5,opening,Открытие
29,2026-08-28,8,8,total,10,Украинский,-2,2,early_morning,Раннее утро
29,2026-08-28,9,8,total,10,Украинский,-2,2,morning,Утро
29,2026-08-28,10,8,total,8,Украинский,0,0,morning,Утро
29,2026-08-28,11,8,total,7,Украинский,1,1,lunch,Обед
29,2026-08-28,12,8,total,6,Украинский,2,2,lunch,Обед
29,2026-08-28,13,8,total,6,Украинский,2,2,lunch,Обед
29,2026-08-28,14,8,total,6,Украинский,2,2,lunch,Обед
29,2026-08-28,15,7,total,6,Украинский,1,1,afternoon,После обеда
29,2026-08-28,16,6,total,7,Украинский,-1,1,afternoon,После обеда
29,2026-08-28,17,6,total,7,Украинский,-1,1,afternoon,После обеда
29,2026-08-28,18,4,total,3,Украинский,1,1,dinner,Ужин
29,2026-08-28,19,4,total,4,Украинский,0,0,dinner,Ужин
29,2026-08-28,20,4,total,2,Украинский,2,2,dinner,Ужин
29,2026-08-28,21,1,total,2,Украинский,-1,1,late_evening,Поздний вечер
30,2026-08-28,8,5,total,3,Черёмушки,2,2,early_morning,Раннее утро
30,2026-08-28,9,6,total,4,Черёмушки,2,2,morning,Утро
30,2026-08-28,10,6,total,4,Черёмушки,2,2,morning,Утро
30,2026-08-28,11,6,total,4,Черёмушки,2,2,lunch,Обед
30,2026-08-28,12,6,total,4,Черёмушки,2,2,lunch,Обед
30,2026-08-28,13,6,total,4,Черёмушки,2,2,lunch,Обед
30,2026-08-28,14,6,total,4,Черёмушки,2,2,lunch,Обед
30,2026-08-28,15,6,total,4,Черёмушки,2,2,afternoon,После обеда
30,2026-08-28,16,5,total,3,Черёмушки,2,2,afternoon,После обеда
30,2026-08-28,17,5,total,3,Черёмушки,2,2,afternoon,После обеда
30,2026-08-28,18,4,total,4,Черёмушки,0,0,dinner,Ужин
30,2026-08-28,19,4,total,3,Черёмушки,1,1,dinner,Ужин
30,2026-08-28,20,4,total,2,Черёмушки,2,2,dinner,Ужин
30,2026-08-28,21,2,total,1,Черёмушки,1,1,late_evening,Поздний вечер
30,2026-08-28,22,2,total,1,Черёмушки,1,1,late_evening,Поздний вечер
30,2026-08-28,23,2,total,2,Черёмушки,0,0,late_evening,Поздний вечер
33,2026-08-28,8,3,total,3,Даниловский,0,0,early_morning,Раннее утро
33,2026-08-28,9,3,total,4,Даниловский,-1,1,morning,Утро
33,2026-08-28,10,3,total,4,Даниловский,-1,1,morning,Утро
33,2026-08-28,11,3,total,4,Даниловский,-1,1,lunch,Обед
33,2026-08-28,12,3,total,4,Даниловский,-1,1,lunch,Обед
33,2026-08-28,13,3,total,4,Даниловский,-1,1,lunch,Обед
33,2026-08-28,14,3,total,4,Даниловский,-1,1,lunch,Обед
33,2026-08-28,15,3,total,4,Даниловский,-1,1,afternoon,После обеда
33,2026-08-28,16,3,total,3,Даниловский,0,0,afternoon,После обеда
33,2026-08-28,17,3,total,3,Даниловский,0,0,afternoon,После обеда
33,2026-08-28,18,3,total,3,Даниловский,0,0,dinner,Ужин
33,2026-08-28,19,3,total,3,Даниловский,0,0,dinner,Ужин
33,2026-08-28,20,3,total,2,Даниловский,1,1,dinner,Ужин
33,2026-08-28,21,1,total,1,Даниловский,0,0,late_evening,Поздний вечер
33,2026-08-28,22,1,total,1,Даниловский,0,0,late_evening,Поздний вечер
34,2026-08-28,0,1,total,3,Аркус,-2,2,deep_night,Глубокая ночь
34,2026-08-28,1,1,total,1,Аркус,0,0,deep_night,Глубокая ночь
34,2026-08-28,2,1,total,1,Аркус,0,0,deep_night,Глубокая ночь
34,2026-08-28,3,1,total,1,Аркус,0,0,deep_night,Глубокая ночь
34,2026-08-28,4,1,total,1,Аркус,0,0,deep_night,Глубокая ночь
34,2026-08-28,5,1,total,1,Аркус,0,0,deep_night,Глубокая ночь
34,2026-08-28,6,1,total,1,Аркус,0,0,opening,Открытие
34,2026-08-28,7,0,total,1,Аркус,-1,1,opening,Открытие
34,2026-08-28,22,0,total,1,Аркус,-1,1,late_evening,Поздний вечер
34,2026-08-28,23,0,total,2,Аркус,-2,2,late_evening,Поздний вечер
348,2026-08-28,8,1,total,1,Рига Холл,0,0,early_morning,Раннее утро
348,2026-08-28,9,1,total,1,Рига Холл,0,0,morning,Утро
348,2026-08-28,10,1,total,1,Рига Холл,0,0,morning,Утро
348,2026-08-28,11,1,total,1,Рига Холл,0,0,lunch,Обед
348,2026-08-28,12,1,total,1,Рига Холл,0,0,lunch,Обед
348,2026-08-28,13,1,total,1,Рига Холл,0,0,lunch,Обед
348,2026-08-28,14,1,total,1,Рига Холл,0,0,lunch,Обед
348,2026-08-28,15,1,total,1,Рига Холл,0,0,afternoon,После обеда
348,2026-08-28,16,1,total,1,Рига Холл,0,0,afternoon,После обеда
348,2026-08-28,17,1,total,1,Рига Холл,0,0,afternoon,После обеда
348,2026-08-28,18,0,total,1,Рига Холл,-1,1,dinner,Ужин
348,2026-08-28,19,0,total,1,Рига Холл,-1,1,dinner,Ужин
348,2026-08-28,20,0,total,1,Рига Холл,-1,1,dinner,Ужин
348,2026-08-28,21,0,total,1,Рига Холл,-1,1,late_evening,Поздний вечер
35,2026-08-28,8,3,total,3,Ленинский,0,0,early_morning,Раннее утро
35,2026-08-28,9,3,total,3,Ленинский,0,0,morning,Утро
35,2026-08-28,10,3,total,4,Ленинский,-1,1,morning,Утро
35,2026-08-28,11,4,total,5,Ленинский,-1,1,lunch,Обед
35,2026-08-28,12,4,total,5,Ленинский,-1,1,lunch,Обед
35,2026-08-28,13,4,total,5,Ленинский,-1,1,lunch,Обед
35,2026-08-28,14,4,total,5,Ленинский,-1,1,lunch,Обед
35,2026-08-28,15,4,total,5,Ленинский,-1,1,afternoon,После обеда
35,2026-08-28,16,4,total,5,Ленинский,-1,1,afternoon,После обеда
35,2026-08-28,17,4,total,5,Ленинский,-1,1,afternoon,После обеда
35,2026-08-28,18,3,total,5,Ленинский,-2,2,dinner,Ужин
35,2026-08-28,19,3,total,5,Ленинский,-2,2,dinner,Ужин
35,2026-08-28,20,3,total,3,Ленинский,0,0,dinner,Ужин
35,2026-08-28,21,2,total,3,Ленинский,-1,1,late_evening,Поздний вечер
35,2026-08-28,22,1,total,2,Ленинский,-1,1,late_evening,Поздний вечер
38,2026-08-28,12,1,total,0,Нева,1,1,lunch,Обед
38,2026-08-28,13,1,total,0,Нева,1,1,lunch,Обед
38,2026-08-28,14,1,total,0,Нева,1,1,lunch,Обед
38,2026-08-28,15,1,total,0,Нева,1,1,afternoon,После обеда
38,2026-08-28,16,1,total,0,Нева,1,1,afternoon,После обеда
38,2026-08-28,17,1,total,0,Нева,1,1,afternoon,После обеда
38,2026-08-28,18,1,total,0,Нева,1,1,dinner,Ужин
38,2026-08-28,19,1,total,0,Нева,1,1,dinner,Ужин
38,2026-08-28,20,1,total,0,Нева,1,1,dinner,Ужин
38,2026-08-28,21,1,total,0,Нева,1,1,late_evening,Поздний вечер
38,2026-08-28,22,1,total,0,Нева,1,1,late_evening,Поздний вечер
39,2026-08-28,8,3,total,2,Гребной,1,1,early_morning,Раннее утро
39,2026-08-28,9,4,total,3,Гребной,1,1,morning,Утро
39,2026-08-28,10,4,total,3,Гребной,1,1,morning,Утро
39,2026-08-28,11,5,total,3,Гребной,2,2,lunch,Обед
39,2026-08-28,12,5,total,3,Гребной,2,2,lunch,Обед
39,2026-08-28,13,5,total,3,Гребной,2,2,lunch,Обед
39,2026-08-28,14,5,total,3,Гребной,2,2,lunch,Обед
39,2026-08-28,15,5,total,3,Гребной,2,2,afternoon,После обеда
39,2026-08-28,16,5,total,3,Гребной,2,2,afternoon,После обеда
39,2026-08-28,17,5,total,3,Гребной,2,2,afternoon,После обеда
39,2026-08-28,18,5,total,3,Гребной,2,2,dinner,Ужин
39,2026-08-28,19,5,total,3,Гребной,2,2,dinner,Ужин
39,2026-08-28,20,5,total,3,Гребной,2,2,dinner,Ужин
39,2026-08-28,21,2,total,2,Гребной,0,0,late_evening,Поздний вечер
39,2026-08-28,22,1,total,1,Гребной,0,0,late_evening,Поздний вечер
4,2026-08-28,8,3,total,2,Аврора,1,1,early_morning,Раннее утро
4,2026-08-28,9,4,total,4,Аврора,0,0,morning,Утро
4,2026-08-28,10,5,total,6,Аврора,-1,1,morning,Утро
4,2026-08-28,11,5,total,5,Аврора,0,0,lunch,Обед
4,2026-08-28,12,5,total,5,Аврора,0,0,lunch,Обед
4,2026-08-28,13,5,total,5,Аврора,0,0,lunch,Обед
4,2026-08-28,14,5,total,4,Аврора,1,1,lunch,Обед
4,2026-08-28,15,5,total,4,Аврора,1,1,afternoon,После обеда
4,2026-08-28,16,4,total,4,Аврора,0,0,afternoon,После обеда
4,2026-08-28,17,4,total,4,Аврора,0,0,afternoon,После обеда
4,2026-08-28,18,4,total,4,Аврора,0,0,dinner,Ужин
4,2026-08-28,19,4,total,4,Аврора,0,0,dinner,Ужин
4,2026-08-28,20,3,total,3,Аврора,0,0,dinner,Ужин
4,2026-08-28,21,1,total,3,Аврора,-2,2,late_evening,Поздний вечер
4,2026-08-28,22,1,total,2,Аврора,-1,1,late_evening,Поздний вечер
4,2026-08-28,23,1,total,2,Аврора,-1,1,late_evening,Поздний вечер
434,2026-08-28,8,2,total,0,Сколково,2,2,early_morning,Раннее утро
434,2026-08-28,9,2,total,3,Сколково,-1,1,morning,Утро
434,2026-08-28,10,2,total,3,Сколково,-1,1,morning,Утро
434,2026-08-28,11,2,total,3,Сколково,-1,1,lunch,Обед
434,2026-08-28,12,3,total,3,Сколково,0,0,lunch,Обед
434,2026-08-28,13,3,total,3,Сколково,0,0,lunch,Обед
434,2026-08-28,14,3,total,3,Сколково,0,0,lunch,Обед
434,2026-08-28,15,3,total,3,Сколково,0,0,afternoon,После обеда
434,2026-08-28,16,3,total,2,Сколково,1,1,afternoon,После обеда
434,2026-08-28,17,3,total,2,Сколково,1,1,afternoon,После обеда
434,2026-08-28,18,2,total,2,Сколково,0,0,dinner,Ужин
434,2026-08-28,19,2,total,2,Сколково,0,0,dinner,Ужин
434,2026-08-28,20,2,total,2,Сколково,0,0,dinner,Ужин
434,2026-08-28,21,2,total,1,Сколково,1,1,late_evening,Поздний вечер
47,2026-08-28,8,1,total,0,БТ Царская Площадь,1,1,early_morning,Раннее утро
47,2026-08-28,9,1,total,0,БТ Царская Площадь,1,1,morning,Утро
47,2026-08-28,10,1,total,0,БТ Царская Площадь,1,1,morning,Утро
47,2026-08-28,11,1,total,0,БТ Царская Площадь,1,1,lunch,Обед
479,2026-08-28,0,1,total,1,Покровка,0,0,deep_night,Глубокая ночь
479,2026-08-28,1,1,total,1,Покровка,0,0,deep_night,Глубокая ночь
479,2026-08-28,2,1,total,1,Покровка,0,0,deep_night,Глубокая ночь
479,2026-08-28,3,1,total,1,Покровка,0,0,deep_night,Глубокая ночь
479,2026-08-28,4,1,total,1,Покровка,0,0,deep_night,Глубокая ночь
479,2026-08-28,5,1,total,1,Покровка,0,0,deep_night,Глубокая ночь
479,2026-08-28,6,1,total,1,Покровка,0,0,opening,Открытие
479,2026-08-28,7,1,total,1,Покровка,0,0,opening,Открытие
479,2026-08-28,8,1,total,0,Покровка,1,1,early_morning,Раннее утро
479,2026-08-28,9,1,total,0,Покровка,1,1,morning,Утро
479,2026-08-28,10,1,total,0,Покровка,1,1,morning,Утро
479,2026-08-28,11,1,total,0,Покровка,1,1,lunch,Обед
479,2026-08-28,12,1,total,0,Покровка,1,1,lunch,Обед
479,2026-08-28,13,1,total,0,Покровка,1,1,lunch,Обед
479,2026-08-28,14,1,total,0,Покровка,1,1,lunch,Обед
479,2026-08-28,15,1,total,0,Покровка,1,1,afternoon,После обеда
479,2026-08-28,16,1,total,0,Покровка,1,1,afternoon,После обеда
479,2026-08-28,17,1,total,0,Покровка,1,1,afternoon,После обеда
479,2026-08-28,18,1,total,0,Покровка,1,1,dinner,Ужин
479,2026-08-28,19,1,total,0,Покровка,1,1,dinner,Ужин
479,2026-08-28,20,1,total,0,Покровка,1,1,dinner,Ужин
479,2026-08-28,21,1,total,0,Покровка,1,1,late_evening,Поздний вечер
479,2026-08-28,22,1,total,0,Покровка,1,1,late_evening,Поздний вечер
479,2026-08-28,23,1,total,0,Покровка,1,1,late_evening,Поздний вечер
54,2026-08-28,10,0,total,2,Maroon,-2,2,morning,Утро
54,2026-08-28,11,0,total,4,Maroon,-4,4,lunch,Обед
54,2026-08-28,12,2,total,4,Maroon,-2,2,lunch,Обед
54,2026-08-28,13,2,total,4,Maroon,-2,2,lunch,Обед
54,2026-08-28,14,2,total,4,Maroon,-2,2,lunch,Обед
54,2026-08-28,15,2,total,4,Maroon,-2,2,afternoon,После обеда
54,2026-08-28,16,2,total,4,Maroon,-2,2,afternoon,После обеда
54,2026-08-28,17,2,total,4,Maroon,-2,2,afternoon,После обеда
54,2026-08-28,18,2,total,4,Maroon,-2,2,dinner,Ужин
54,2026-08-28,19,2,total,4,Maroon,-2,2,dinner,Ужин
54,2026-08-28,20,2,total,4,Maroon,-2,2,dinner,Ужин
54,2026-08-28,21,2,total,4,Maroon,-2,2,late_evening,Поздний вечер
54,2026-08-28,22,2,total,3,Maroon,-1,1,late_evening,Поздний вечер
6,2026-08-28,6,2,total,2,Неглинная,0,0,opening,Открытие
6,2026-08-28,7,2,total,4,Неглинная,-2,2,opening,Открытие
6,2026-08-28,8,5,total,4,Неглинная,1,1,early_morning,Раннее утро
6,2026-08-28,9,5,total,4,Неглинная,1,1,morning,Утро
6,2026-08-28,10,5,total,4,Неглинная,1,1,morning,Утро
6,2026-08-28,11,5,total,4,Неглинная,1,1,lunch,Обед
6,2026-08-28,12,5,total,4,Неглинная,1,1,lunch,Обед
6,2026-08-28,13,5,total,4,Неглинная,1,1,lunch,Обед
6,2026-08-28,14,5,total,4,Неглинная,1,1,lunch,Обед
6,2026-08-28,15,5,total,4,Неглинная,1,1,afternoon,После обеда
6,2026-08-28,16,4,total,5,Неглинная,-1,1,afternoon,После обеда
6,2026-08-28,17,4,total,5,Неглинная,-1,1,afternoon,После обеда
6,2026-08-28,18,3,total,3,Неглинная,0,0,dinner,Ужин
6,2026-08-28,19,3,total,3,Неглинная,0,0,dinner,Ужин
6,2026-08-28,20,3,total,3,Неглинная,0,0,dinner,Ужин
6,2026-08-28,21,2,total,3,Неглинная,-1,1,late_evening,Поздний вечер
6,2026-08-28,22,2,total,3,Неглинная,-1,1,late_evening,Поздний вечер
6,2026-08-28,23,2,total,2,Неглинная,0,0,late_evening,Поздний вечер
69,2026-08-28,7,0,total,7,Опен Мичуринский,-7,7,opening,Открытие
69,2026-08-28,8,6,total,6,Опен Мичуринский,0,0,early_morning,Раннее утро
69,2026-08-28,9,7,total,6,Опен Мичуринский,1,1,morning,Утро
69,2026-08-28,10,7,total,6,Опен Мичуринский,1,1,morning,Утро
69,2026-08-28,11,7,total,6,Опен Мичуринский,1,1,lunch,Обед
69,2026-08-28,12,7,total,6,Опен Мичуринский,1,1,lunch,Обед
69,2026-08-28,13,7,total,6,Опен Мичуринский,1,1,lunch,Обед
69,2026-08-28,14,7,total,6,Опен Мичуринский,1,1,lunch,Обед
69,2026-08-28,15,7,total,6,Опен Мичуринский,1,1,afternoon,После обеда
69,2026-08-28,16,6,total,5,Опен Мичуринский,1,1,afternoon,После обеда
69,2026-08-28,17,6,total,5,Опен Мичуринский,1,1,afternoon,После обеда
69,2026-08-28,18,5,total,5,Опен Мичуринский,0,0,dinner,Ужин
69,2026-08-28,19,5,total,5,Опен Мичуринский,0,0,dinner,Ужин
69,2026-08-28,20,5,total,3,Опен Мичуринский,2,2,dinner,Ужин
69,2026-08-28,21,2,total,2,Опен Мичуринский,0,0,late_evening,Поздний вечер
69,2026-08-28,22,2,total,1,Опен Мичуринский,1,1,late_evening,Поздний вечер
7,2026-08-28,0,1,total,1,Белая Площадь,0,0,deep_night,Глубокая ночь
7,2026-08-28,1,1,total,1,Белая Площадь,0,0,deep_night,Глубокая ночь
7,2026-08-28,2,1,total,1,Белая Площадь,0,0,deep_night,Глубокая ночь
7,2026-08-28,3,1,total,1,Белая Площадь,0,0,deep_night,Глубокая ночь
7,2026-08-28,4,1,total,0,Белая Площадь,1,1,deep_night,Глубокая ночь
7,2026-08-28,5,1,total,2,Белая Площадь,-1,1,deep_night,Глубокая ночь
7,2026-08-28,6,3,total,4,Белая Площадь,-1,1,opening,Открытие
7,2026-08-28,7,3,total,5,Белая Площадь,-2,2,opening,Открытие
7,2026-08-28,8,7,total,6,Белая Площадь,1,1,early_morning,Раннее утро
7,2026-08-28,9,7,total,6,Белая Площадь,1,1,morning,Утро
7,2026-08-28,10,7,total,6,Белая Площадь,1,1,morning,Утро
7,2026-08-28,11,7,total,7,Белая Площадь,0,0,lunch,Обед
7,2026-08-28,12,7,total,7,Белая Площадь,0,0,lunch,Обед
7,2026-08-28,13,7,total,7,Белая Площадь,0,0,lunch,Обед
7,2026-08-28,14,7,total,8,Белая Площадь,-1,1,lunch,Обед
7,2026-08-28,15,7,total,8,Белая Площадь,-1,1,afternoon,После обеда
7,2026-08-28,16,5,total,6,Белая Площадь,-1,1,afternoon,После обеда
7,2026-08-28,17,5,total,6,Белая Площадь,-1,1,afternoon,После обеда
7,2026-08-28,18,5,total,6,Белая Площадь,-1,1,dinner,Ужин
7,2026-08-28,19,5,total,5,Белая Площадь,0,0,dinner,Ужин
7,2026-08-28,20,5,total,3,Белая Площадь,2,2,dinner,Ужин
7,2026-08-28,21,3,total,3,Белая Площадь,0,0,late_evening,Поздний вечер
7,2026-08-28,22,3,total,3,Белая Площадь,0,0,late_evening,Поздний вечер
7,2026-08-28,23,3,total,1,Белая Площадь,2,2,late_evening,Поздний вечер
8,2026-08-28,7,0,total,3,Усачева,-3,3,opening,Открытие
8,2026-08-28,8,5,total,4,Усачева,1,1,early_morning,Раннее утро
8,2026-08-28,9,5,total,4,Усачева,1,1,morning,Утро
8,2026-08-28,10,5,total,4,Усачева,1,1,morning,Утро
8,2026-08-28,11,5,total,4,Усачева,1,1,lunch,Обед
8,2026-08-28,12,5,total,4,Усачева,1,1,lunch,Обед
8,2026-08-28,13,5,total,3,Усачева,2,2,lunch,Обед
8,2026-08-28,14,5,total,3,Усачева,2,2,lunch,Обед
8,2026-08-28,15,5,total,3,Усачева,2,2,afternoon,После обеда
8,2026-08-28,16,4,total,3,Усачева,1,1,afternoon,После обеда
8,2026-08-28,17,4,total,3,Усачева,1,1,afternoon,После обеда
8,2026-08-28,18,3,total,3,Усачева,0,0,dinner,Ужин
8,2026-08-28,19,3,total,3,Усачева,0,0,dinner,Ужин
8,2026-08-28,20,3,total,2,Усачева,1,1,dinner,Ужин
8,2026-08-28,21,1,total,1,Усачева,0,0,late_evening,Поздний вечер
8,2026-08-28,22,1,total,1,Усачева,0,0,late_evening,Поздний вечер
8,2026-08-28,23,1,total,0,Усачева,1,1,late_evening,Поздний вечер
9,2026-08-28,8,1,total,2,КИНКИ,-1,1,early_morning,Раннее утро
9,2026-08-28,9,1,total,2,КИНКИ,-1,1,morning,Утро
9,2026-08-28,10,1,total,2,КИНКИ,-1,1,morning,Утро
9,2026-08-28,11,1,total,2,КИНКИ,-1,1,lunch,Обед
9,2026-08-28,12,2,total,2,КИНКИ,0,0,lunch,Обед
9,2026-08-28,13,2,total,2,КИНКИ,0,0,lunch,Обед
9,2026-08-28,14,2,total,2,КИНКИ,0,0,lunch,Обед
9,2026-08-28,15,2,total,3,КИНКИ,-1,1,afternoon,После обеда
9,2026-08-28,16,2,total,2,КИНКИ,0,0,afternoon,После обеда
9,2026-08-28,17,2,total,2,КИНКИ,0,0,afternoon,После обеда
9,2026-08-28,18,2,total,2,КИНКИ,0,0,dinner,Ужин
9,2026-08-28,19,2,total,2,КИНКИ,0,0,dinner,Ужин
9,2026-08-28,20,2,total,2,КИНКИ,0,0,dinner,Ужин
9,2026-08-28,21,2,total,2,КИНКИ,0,0,late_evening,Поздний вечер
9,2026-08-28,22,2,total,2,КИНКИ,0,0,late_evening,Поздний вечер
9,2026-08-28,23,2,total,2,КИНКИ,0,0,late_evening,Поздний вечер
99,2026-08-28,7,2,total,3,Опен Аркус,-1,1,opening,Открытие
99,2026-08-28,8,6,total,5,Опен Аркус,1,1,early_morning,Раннее утро
99,2026-08-28,9,6,total,5,Опен Аркус,1,1,morning,Утро
99,2026-08-28,10,6,total,5,Опен Аркус,1,1,morning,Утро
99,2026-08-28,11,6,total,5,Опен Аркус,1,1,lunch,Обед
99,2026-08-28,12,6,total,5,Опен Аркус,1,1,lunch,Обед
99,2026-08-28,13,6,total,4,Опен Аркус,2,2,lunch,Обед
99,2026-08-28,14,6,total,4,Опен Аркус,2,2,lunch,Обед
99,2026-08-28,15,6,total,4,Опен Аркус,2,2,afternoon,После обеда
99,2026-08-28,16,5,total,3,Опен Аркус,2,2,afternoon,После обеда
99,2026-08-28,17,5,total,3,Опен Аркус,2,2,afternoon,После обеда
99,2026-08-28,18,3,total,3,Опен Аркус,0,0,dinner,Ужин
99,2026-08-28,19,3,total,3,Опен Аркус,0,0,dinner,Ужин
99,2026-08-28,20,3,total,3,Опен Аркус,0,0,dinner,Ужин
99,2026-08-28,21,1,total,2,Опен Аркус,-1,1,late_evening,Поздний вечер
99,2026-08-28,22,1,total,0,Опен Аркус,1,1,late_evening,Поздний вечер
1,2026-08-29,9,0,total,1,Wall Street,-1,1,morning,Утро
1,2026-08-29,10,0,total,1,Wall Street,-1,1,morning,Утро
1,2026-08-29,11,0,total,1,Wall Street,-1,1,lunch,Обед
1,2026-08-29,12,1,total,1,Wall Street,0,0,lunch,Обед
1,2026-08-29,13,1,total,1,Wall Street,0,0,lunch,Обед
1,2026-08-29,14,1,total,1,Wall Street,0,0,lunch,Обед
1,2026-08-29,15,1,total,1,Wall Street,0,0,afternoon,После обеда
1,2026-08-29,16,1,total,1,Wall Street,0,0,afternoon,После обеда
1,2026-08-29,17,1,total,1,Wall Street,0,0,afternoon,После обеда
1,2026-08-29,18,1,total,1,Wall Street,0,0,dinner,Ужин
1,2026-08-29,19,1,total,1,Wall Street,0,0,dinner,Ужин
1,2026-08-29,20,1,total,1,Wall Street,0,0,dinner,Ужин
1,2026-08-29,21,1,total,1,Wall Street,0,0,late_evening,Поздний вечер
1,2026-08-29,22,1,total,1,Wall Street,0,0,late_evening,Поздний вечер
10,2026-08-29,8,0,total,1,Якиманка,-1,1,early_morning,Раннее утро
10,2026-08-29,9,0,total,1,Якиманка,-1,1,morning,Утро
10,2026-08-29,10,0,total,1,Якиманка,-1,1,morning,Утро
10,2026-08-29,11,0,total,1,Якиманка,-1,1,lunch,Обед
10,2026-08-29,12,1,total,1,Якиманка,0,0,lunch,Обед
10,2026-08-29,13,1,total,1,Якиманка,0,0,lunch,Обед
10,2026-08-29,14,1,total,1,Якиманка,0,0,lunch,Обед
10,2026-08-29,15,1,total,1,Якиманка,0,0,afternoon,После обеда
10,2026-08-29,16,1,total,1,Якиманка,0,0,afternoon,После обеда
10,2026-08-29,17,1,total,1,Якиманка,0,0,afternoon,После обеда
10,2026-08-29,18,1,total,1,Якиманка,0,0,dinner,Ужин
10,2026-08-29,19,1,total,1,Якиманка,0,0,dinner,Ужин
10,2026-08-29,20,1,total,1,Якиманка,0,0,dinner,Ужин
10,2026-08-29,21,1,total,1,Якиманка,0,0,late_evening,Поздний вечер
10,2026-08-29,22,1,total,1,Якиманка,0,0,late_evening,Поздний вечер
101,2026-08-29,8,3,total,2,Алия,1,1,early_morning,Раннее утро
101,2026-08-29,9,3,total,2,Алия,1,1,morning,Утро
101,2026-08-29,10,3,total,3,Алия,0,0,morning,Утро
101,2026-08-29,11,3,total,3,Алия,0,0,lunch,Обед
101,2026-08-29,12,3,total,3,Алия,0,0,lunch,Обед
101,2026-08-29,13,3,total,3,Алия,0,0,lunch,Обед
101,2026-08-29,14,3,total,3,Алия,0,0,lunch,Обед
101,2026-08-29,15,3,total,3,Алия,0,0,afternoon,После обеда
101,2026-08-29,16,3,total,3,Алия,0,0,afternoon,После обеда
101,2026-08-29,17,3,total,3,Алия,0,0,afternoon,После обеда
101,2026-08-29,18,1,total,2,Алия,-1,1,dinner,Ужин
101,2026-08-29,19,1,total,2,Алия,-1,1,dinner,Ужин
101,2026-08-29,20,1,total,2,Алия,-1,1,dinner,Ужин
101,2026-08-29,21,1,total,1,Алия,0,0,late_evening,Поздний вечер
101,2026-08-29,22,1,total,0,Алия,1,1,late_evening,Поздний вечер
11,2026-08-29,0,4,total,5,Кутузовский,-1,1,deep_night,Глубокая ночь
11,2026-08-29,1,4,total,5,Кутузовский,-1,1,deep_night,Глубокая ночь
11,2026-08-29,2,4,total,5,Кутузовский,-1,1,deep_night,Глубокая ночь
11,2026-08-29,3,4,total,5,Кутузовский,-1,1,deep_night,Глубокая ночь
11,2026-08-29,4,4,total,5,Кутузовский,-1,1,deep_night,Глубокая ночь
11,2026-08-29,5,4,total,5,Кутузовский,-1,1,deep_night,Глубокая ночь
11,2026-08-29,6,1,total,5,Кутузовский,-4,4,opening,Открытие
11,2026-08-29,7,0,total,2,Кутузовский,-2,2,opening,Открытие
11,2026-08-29,22,1,total,4,Кутузовский,-3,3,late_evening,Поздний вечер
11,2026-08-29,23,1,total,4,Кутузовский,-3,3,late_evening,Поздний вечер
115,2026-08-29,7,1,total,1,Опен Символ,0,0,opening,Открытие
115,2026-08-29,8,3,total,3,Опен Символ,0,0,early_morning,Раннее утро
115,2026-08-29,9,4,total,3,Опен Символ,1,1,morning,Утро
115,2026-08-29,10,4,total,4,Опен Символ,0,0,morning,Утро
115,2026-08-29,11,4,total,4,Опен Символ,0,0,lunch,Обед
115,2026-08-29,12,4,total,4,Опен Символ,0,0,lunch,Обед
115,2026-08-29,13,4,total,4,Опен Символ,0,0,lunch,Обед
115,2026-08-29,14,4,total,4,Опен Символ,0,0,lunch,Обед
115,2026-08-29,15,4,total,4,Опен Символ,0,0,afternoon,После обеда
115,2026-08-29,16,3,total,3,Опен Символ,0,0,afternoon,После обеда
115,2026-08-29,17,3,total,3,Опен Символ,0,0,afternoon,После обеда
115,2026-08-29,18,2,total,3,Опен Символ,-1,1,dinner,Ужин
115,2026-08-29,19,2,total,3,Опен Символ,-1,1,dinner,Ужин
115,2026-08-29,20,2,total,3,Опен Символ,-1,1,dinner,Ужин
115,2026-08-29,21,1,total,2,Опен Символ,-1,1,late_evening,Поздний вечер
115,2026-08-29,22,1,total,0,Опен Символ,1,1,late_evening,Поздний вечер
12,2026-08-29,9,3,total,2,Хорошо,1,1,morning,Утро
12,2026-08-29,10,3,total,2,Хорошо,1,1,morning,Утро
12,2026-08-29,11,3,total,2,Хорошо,1,1,lunch,Обед
12,2026-08-29,12,3,total,3,Хорошо,0,0,lunch,Обед
12,2026-08-29,13,3,total,3,Хорошо,0,0,lunch,Обед
12,2026-08-29,14,3,total,3,Хорошо,0,0,lunch,Обед
12,2026-08-29,15,3,total,3,Хорошо,0,0,afternoon,После обеда
12,2026-08-29,16,3,total,3,Хорошо,0,0,afternoon,После обеда
12,2026-08-29,17,3,total,3,Хорошо,0,0,afternoon,После обеда
12,2026-08-29,18,3,total,3,Хорошо,0,0,dinner,Ужин
12,2026-08-29,19,3,total,3,Хорошо,0,0,dinner,Ужин
12,2026-08-29,20,2,total,1,Хорошо,1,1,dinner,Ужин
12,2026-08-29,21,1,total,1,Хорошо,0,0,late_evening,Поздний вечер
123,2026-08-29,8,1,total,1,Опен Нева,0,0,early_morning,Раннее утро
123,2026-08-29,9,1,total,1,Опен Нева,0,0,morning,Утро
123,2026-08-29,10,1,total,1,Опен Нева,0,0,morning,Утро
123,2026-08-29,11,1,total,1,Опен Нева,0,0,lunch,Обед
123,2026-08-29,12,1,total,1,Опен Нева,0,0,lunch,Обед
123,2026-08-29,13,1,total,1,Опен Нева,0,0,lunch,Обед
123,2026-08-29,14,1,total,1,Опен Нева,0,0,lunch,Обед
123,2026-08-29,15,1,total,1,Опен Нева,0,0,afternoon,После обеда
123,2026-08-29,16,1,total,1,Опен Нева,0,0,afternoon,После обеда
123,2026-08-29,17,1,total,1,Опен Нева,0,0,afternoon,После обеда
123,2026-08-29,18,0,total,1,Опен Нева,-1,1,dinner,Ужин
123,2026-08-29,19,0,total,1,Опен Нева,-1,1,dinner,Ужин
123,2026-08-29,20,0,total,1,Опен Нева,-1,1,dinner,Ужин
123,2026-08-29,21,0,total,1,Опен Нева,-1,1,late_evening,Поздний вечер
123,2026-08-29,22,0,total,1,Опен Нева,-1,1,late_evening,Поздний вечер
123,2026-08-29,23,0,total,1,Опен Нева,-1,1,late_evening,Поздний вечер
125,2026-08-29,12,1,total,0,Meraki,1,1,lunch,Обед
125,2026-08-29,13,1,total,0,Meraki,1,1,lunch,Обед
125,2026-08-29,14,1,total,0,Meraki,1,1,lunch,Обед
125,2026-08-29,15,1,total,1,Meraki,0,0,afternoon,После обеда
125,2026-08-29,16,1,total,1,Meraki,0,0,afternoon,После обеда
125,2026-08-29,17,1,total,1,Meraki,0,0,afternoon,После обеда
125,2026-08-29,18,0,total,1,Meraki,-1,1,dinner,Ужин
125,2026-08-29,19,0,total,1,Meraki,-1,1,dinner,Ужин
125,2026-08-29,20,0,total,1,Meraki,-1,1,dinner,Ужин
125,2026-08-29,21,0,total,1,Meraki,-1,1,late_evening,Поздний вечер
125,2026-08-29,22,0,total,1,Meraki,-1,1,late_evening,Поздний вечер
125,2026-08-29,23,0,total,1,Meraki,-1,1,late_evening,Поздний вечер
126,2026-08-29,7,1,total,0,Опен Покровка,1,1,opening,Открытие
126,2026-08-29,8,3,total,2,Опен Покровка,1,1,early_morning,Раннее утро
126,2026-08-29,9,3,total,2,Опен Покровка,1,1,morning,Утро
126,2026-08-29,10,3,total,2,Опен Покровка,1,1,morning,Утро
126,2026-08-29,11,3,total,2,Опен Покровка,1,1,lunch,Обед
126,2026-08-29,12,3,total,2,Опен Покровка,1,1,lunch,Обед
126,2026-08-29,13,3,total,2,Опен Покровка,1,1,lunch,Обед
126,2026-08-29,14,3,total,2,Опен Покровка,1,1,lunch,Обед
126,2026-08-29,15,3,total,2,Опен Покровка,1,1,afternoon,После обеда
126,2026-08-29,16,3,total,1,Опен Покровка,2,2,afternoon,После обеда
126,2026-08-29,17,3,total,1,Опен Покровка,2,2,afternoon,После обеда
126,2026-08-29,18,1,total,1,Опен Покровка,0,0,dinner,Ужин
126,2026-08-29,19,1,total,1,Опен Покровка,0,0,dinner,Ужин
126,2026-08-29,20,1,total,1,Опен Покровка,0,0,dinner,Ужин
126,2026-08-29,21,0,total,1,Опен Покровка,-1,1,late_evening,Поздний вечер
128,2026-08-29,8,1,total,2,Кофемания Лаки,-1,1,early_morning,Раннее утро
128,2026-08-29,9,1,total,2,Кофемания Лаки,-1,1,morning,Утро
128,2026-08-29,10,2,total,2,Кофемания Лаки,0,0,morning,Утро
128,2026-08-29,11,2,total,2,Кофемания Лаки,0,0,lunch,Обед
128,2026-08-29,12,2,total,2,Кофемания Лаки,0,0,lunch,Обед
128,2026-08-29,13,2,total,2,Кофемания Лаки,0,0,lunch,Обед
128,2026-08-29,14,2,total,2,Кофемания Лаки,0,0,lunch,Обед
128,2026-08-29,15,2,total,2,Кофемания Лаки,0,0,afternoon,После обеда
128,2026-08-29,16,2,total,2,Кофемания Лаки,0,0,afternoon,После обеда
128,2026-08-29,17,2,total,2,Кофемания Лаки,0,0,afternoon,После обеда
128,2026-08-29,18,2,total,2,Кофемания Лаки,0,0,dinner,Ужин
128,2026-08-29,19,2,total,2,Кофемания Лаки,0,0,dinner,Ужин
128,2026-08-29,20,1,total,1,Кофемания Лаки,0,0,dinner,Ужин
128,2026-08-29,21,1,total,1,Кофемания Лаки,0,0,late_evening,Поздний вечер
128,2026-08-29,22,1,total,1,Кофемания Лаки,0,0,late_evening,Поздний вечер
128,2026-08-29,23,1,total,1,Кофемания Лаки,0,0,late_evening,Поздний вечер
14,2026-08-29,9,2,total,2,Метрополис,0,0,morning,Утро
14,2026-08-29,10,3,total,3,Метрополис,0,0,morning,Утро
14,2026-08-29,11,3,total,3,Метрополис,0,0,lunch,Обед
14,2026-08-29,12,3,total,3,Метрополис,0,0,lunch,Обед
14,2026-08-29,13,3,total,4,Метрополис,-1,1,lunch,Обед
14,2026-08-29,14,3,total,4,Метрополис,-1,1,lunch,Обед
14,2026-08-29,15,3,total,4,Метрополис,-1,1,afternoon,После обеда
14,2026-08-29,16,3,total,4,Метрополис,-1,1,afternoon,После обеда
14,2026-08-29,17,3,total,4,Метрополис,-1,1,afternoon,После обеда
14,2026-08-29,18,3,total,4,Метрополис,-1,1,dinner,Ужин
14,2026-08-29,19,3,total,4,Метрополис,-1,1,dinner,Ужин
14,2026-08-29,20,2,total,4,Метрополис,-2,2,dinner,Ужин
14,2026-08-29,21,2,total,4,Метрополис,-2,2,late_evening,Поздний вечер
14,2026-08-29,22,2,total,2,Метрополис,0,0,late_evening,Поздний вечер
14,2026-08-29,23,0,total,1,Метрополис,-1,1,late_evening,Поздний вечер
142,2026-08-29,8,1,total,1,RED7,0,0,early_morning,Раннее утро
142,2026-08-29,9,1,total,1,RED7,0,0,morning,Утро
142,2026-08-29,10,1,total,1,RED7,0,0,morning,Утро
142,2026-08-29,11,1,total,1,RED7,0,0,lunch,Обед
142,2026-08-29,12,0,total,1,RED7,-1,1,lunch,Обед
142,2026-08-29,13,0,total,1,RED7,-1,1,lunch,Обед
142,2026-08-29,14,0,total,1,RED7,-1,1,lunch,Обед
142,2026-08-29,15,0,total,1,RED7,-1,1,afternoon,После обеда
142,2026-08-29,16,0,total,1,RED7,-1,1,afternoon,После обеда
142,2026-08-29,17,0,total,1,RED7,-1,1,afternoon,После обеда
142,2026-08-29,18,0,total,1,RED7,-1,1,dinner,Ужин
142,2026-08-29,19,0,total,1,RED7,-1,1,dinner,Ужин
142,2026-08-29,20,0,total,1,RED7,-1,1,dinner,Ужин
142,2026-08-29,21,0,total,1,RED7,-1,1,late_evening,Поздний вечер
16,2026-08-29,9,0,total,1,Мосфильм,-1,1,morning,Утро
16,2026-08-29,10,0,total,1,Мосфильм,-1,1,morning,Утро
16,2026-08-29,11,0,total,1,Мосфильм,-1,1,lunch,Обед
16,2026-08-29,12,1,total,1,Мосфильм,0,0,lunch,Обед
16,2026-08-29,13,1,total,1,Мосфильм,0,0,lunch,Обед
16,2026-08-29,14,1,total,1,Мосфильм,0,0,lunch,Обед
16,2026-08-29,15,1,total,1,Мосфильм,0,0,afternoon,После обеда
16,2026-08-29,16,1,total,1,Мосфильм,0,0,afternoon,После обеда
16,2026-08-29,17,1,total,1,Мосфильм,0,0,afternoon,После обеда
16,2026-08-29,18,1,total,1,Мосфильм,0,0,dinner,Ужин
16,2026-08-29,19,1,total,1,Мосфильм,0,0,dinner,Ужин
16,2026-08-29,20,1,total,1,Мосфильм,0,0,dinner,Ужин
16,2026-08-29,21,1,total,1,Мосфильм,0,0,late_evening,Поздний вечер
16,2026-08-29,22,1,total,1,Мосфильм,0,0,late_evening,Поздний вечер
17,2026-08-29,8,4,total,4,Внуково,0,0,early_morning,Раннее утро
17,2026-08-29,9,4,total,4,Внуково,0,0,morning,Утро
17,2026-08-29,10,4,total,4,Внуково,0,0,morning,Утро
17,2026-08-29,11,4,total,4,Внуково,0,0,lunch,Обед
17,2026-08-29,12,4,total,4,Внуково,0,0,lunch,Обед
17,2026-08-29,13,4,total,4,Внуково,0,0,lunch,Обед
17,2026-08-29,14,4,total,4,Внуково,0,0,lunch,Обед
17,2026-08-29,15,4,total,4,Внуково,0,0,afternoon,После обеда
17,2026-08-29,16,4,total,4,Внуково,0,0,afternoon,После обеда
17,2026-08-29,17,4,total,4,Внуково,0,0,afternoon,После обеда
17,2026-08-29,18,1,total,4,Внуково,-3,3,dinner,Ужин
17,2026-08-29,19,1,total,4,Внуково,-3,3,dinner,Ужин
17,2026-08-29,20,1,total,2,Внуково,-1,1,dinner,Ужин
17,2026-08-29,21,1,total,2,Внуково,-1,1,late_evening,Поздний вечер
18,2026-08-29,8,3,total,3,Новая Рига,0,0,early_morning,Раннее утро
18,2026-08-29,9,3,total,3,Новая Рига,0,0,morning,Утро
18,2026-08-29,10,3,total,3,Новая Рига,0,0,morning,Утро
18,2026-08-29,11,3,total,3,Новая Рига,0,0,lunch,Обед
18,2026-08-29,12,3,total,3,Новая Рига,0,0,lunch,Обед
18,2026-08-29,13,3,total,3,Новая Рига,0,0,lunch,Обед
18,2026-08-29,14,3,total,3,Новая Рига,0,0,lunch,Обед
18,2026-08-29,15,3,total,3,Новая Рига,0,0,afternoon,После обеда
18,2026-08-29,16,3,total,3,Новая Рига,0,0,afternoon,После обеда
18,2026-08-29,17,3,total,3,Новая Рига,0,0,afternoon,После обеда
18,2026-08-29,18,1,total,2,Новая Рига,-1,1,dinner,Ужин
18,2026-08-29,19,1,total,2,Новая Рига,-1,1,dinner,Ужин
18,2026-08-29,20,1,total,2,Новая Рига,-1,1,dinner,Ужин
18,2026-08-29,21,1,total,2,Новая Рига,-1,1,late_evening,Поздний вечер
2,2026-08-29,6,1,total,0,Кудринская,1,1,opening,Открытие
2,2026-08-29,7,1,total,2,Кудринская,-1,1,opening,Открытие
2,2026-08-29,8,2,total,2,Кудринская,0,0,early_morning,Раннее утро
2,2026-08-29,9,2,total,2,Кудринская,0,0,morning,Утро
2,2026-08-29,10,2,total,2,Кудринская,0,0,morning,Утро
2,2026-08-29,11,2,total,2,Кудринская,0,0,lunch,Обед
2,2026-08-29,12,2,total,2,Кудринская,0,0,lunch,Обед
2,2026-08-29,13,2,total,2,Кудринская,0,0,lunch,Обед
2,2026-08-29,14,2,total,2,Кудринская,0,0,lunch,Обед
2,2026-08-29,15,2,total,2,Кудринская,0,0,afternoon,После обеда
2,2026-08-29,16,2,total,2,Кудринская,0,0,afternoon,После обеда
2,2026-08-29,17,2,total,2,Кудринская,0,0,afternoon,После обеда
2,2026-08-29,18,2,total,2,Кудринская,0,0,dinner,Ужин
2,2026-08-29,19,2,total,2,Кудринская,0,0,dinner,Ужин
2,2026-08-29,20,2,total,1,Кудринская,1,1,dinner,Ужин
2,2026-08-29,21,1,total,1,Кудринская,0,0,late_evening,Поздний вечер
2,2026-08-29,22,1,total,1,Кудринская,0,0,late_evening,Поздний вечер
2,2026-08-29,23,1,total,1,Кудринская,0,0,late_evening,Поздний вечер
20,2026-08-29,9,1,total,2,Павлово,-1,1,morning,Утро
20,2026-08-29,10,3,total,2,Павлово,1,1,morning,Утро
20,2026-08-29,11,3,total,2,Павлово,1,1,lunch,Обед
20,2026-08-29,12,3,total,2,Павлово,1,1,lunch,Обед
20,2026-08-29,13,3,total,2,Павлово,1,1,lunch,Обед
20,2026-08-29,14,3,total,2,Павлово,1,1,lunch,Обед
20,2026-08-29,15,3,total,2,Павлово,1,1,afternoon,После обеда
20,2026-08-29,16,3,total,2,Павлово,1,1,afternoon,После обеда
20,2026-08-29,17,3,total,2,Павлово,1,1,afternoon,После обеда
20,2026-08-29,18,3,total,2,Павлово,1,1,dinner,Ужин
20,2026-08-29,19,3,total,2,Павлово,1,1,dinner,Ужин
20,2026-08-29,20,1,total,1,Павлово,0,0,dinner,Ужин
20,2026-08-29,21,1,total,0,Павлово,1,1,late_evening,Поздний вечер
21,2026-08-29,8,3,total,2,Горки-2,1,1,early_morning,Раннее утро
21,2026-08-29,9,4,total,4,Горки-2,0,0,morning,Утро
21,2026-08-29,10,4,total,5,Горки-2,-1,1,morning,Утро
21,2026-08-29,11,4,total,5,Горки-2,-1,1,lunch,Обед
21,2026-08-29,12,4,total,5,Горки-2,-1,1,lunch,Обед
21,2026-08-29,13,4,total,5,Горки-2,-1,1,lunch,Обед
21,2026-08-29,14,4,total,5,Горки-2,-1,1,lunch,Обед
21,2026-08-29,15,4,total,5,Горки-2,-1,1,afternoon,После обеда
21,2026-08-29,16,4,total,3,Горки-2,1,1,afternoon,После обеда
21,2026-08-29,17,4,total,3,Горки-2,1,1,afternoon,После обеда
21,2026-08-29,18,3,total,3,Горки-2,0,0,dinner,Ужин
21,2026-08-29,19,3,total,3,Горки-2,0,0,dinner,Ужин
21,2026-08-29,20,3,total,3,Горки-2,0,0,dinner,Ужин
21,2026-08-29,21,1,total,3,Горки-2,-2,2,late_evening,Поздний вечер
21,2026-08-29,22,1,total,3,Горки-2,-2,2,late_evening,Поздний вечер
25,2026-08-29,8,1,total,2,Весна,-1,1,early_morning,Раннее утро
25,2026-08-29,9,1,total,2,Весна,-1,1,morning,Утро
25,2026-08-29,10,1,total,2,Весна,-1,1,morning,Утро
25,2026-08-29,11,1,total,2,Весна,-1,1,lunch,Обед
25,2026-08-29,12,1,total,2,Весна,-1,1,lunch,Обед
25,2026-08-29,13,1,total,2,Весна,-1,1,lunch,Обед
25,2026-08-29,14,1,total,2,Весна,-1,1,lunch,Обед
25,2026-08-29,15,1,total,1,Весна,0,0,afternoon,После обеда
25,2026-08-29,16,1,total,1,Весна,0,0,afternoon,После обеда
25,2026-08-29,17,1,total,1,Весна,0,0,afternoon,После обеда
25,2026-08-29,18,1,total,1,Весна,0,0,dinner,Ужин
25,2026-08-29,19,1,total,1,Весна,0,0,dinner,Ужин
25,2026-08-29,20,1,total,1,Весна,0,0,dinner,Ужин
25,2026-08-29,21,1,total,1,Весна,0,0,late_evening,Поздний вечер
25,2026-08-29,22,1,total,1,Весна,0,0,late_evening,Поздний вечер
25,2026-08-29,23,1,total,1,Весна,0,0,late_evening,Поздний вечер
26,2026-08-29,8,0,total,1,Тверская,-1,1,early_morning,Раннее утро
26,2026-08-29,9,0,total,1,Тверская,-1,1,morning,Утро
26,2026-08-29,10,0,total,1,Тверская,-1,1,morning,Утро
26,2026-08-29,11,0,total,1,Тверская,-1,1,lunch,Обед
26,2026-08-29,12,1,total,1,Тверская,0,0,lunch,Обед
26,2026-08-29,13,1,total,1,Тверская,0,0,lunch,Обед
26,2026-08-29,14,1,total,1,Тверская,0,0,lunch,Обед
26,2026-08-29,15,1,total,1,Тверская,0,0,afternoon,После обеда
26,2026-08-29,16,1,total,1,Тверская,0,0,afternoon,После обеда
26,2026-08-29,17,1,total,1,Тверская,0,0,afternoon,После обеда
26,2026-08-29,18,1,total,1,Тверская,0,0,dinner,Ужин
26,2026-08-29,19,1,total,1,Тверская,0,0,dinner,Ужин
26,2026-08-29,20,1,total,1,Тверская,0,0,dinner,Ужин
26,2026-08-29,21,1,total,1,Тверская,0,0,late_evening,Поздний вечер
26,2026-08-29,22,1,total,1,Тверская,0,0,late_evening,Поздний вечер
29,2026-08-29,7,2,total,8,Украинский,-6,6,opening,Открытие
29,2026-08-29,8,10,total,10,Украинский,0,0,early_morning,Раннее утро
29,2026-08-29,9,10,total,9,Украинский,1,1,morning,Утро
29,2026-08-29,10,10,total,9,Украинский,1,1,morning,Утро
29,2026-08-29,11,10,total,9,Украинский,1,1,lunch,Обед
29,2026-08-29,12,10,total,9,Украинский,1,1,lunch,Обед
29,2026-08-29,13,10,total,9,Украинский,1,1,lunch,Обед
29,2026-08-29,14,10,total,8,Украинский,2,2,lunch,Обед
29,2026-08-29,15,10,total,8,Украинский,2,2,afternoon,После обеда
29,2026-08-29,16,6,total,6,Украинский,0,0,afternoon,После обеда
29,2026-08-29,17,6,total,5,Украинский,1,1,afternoon,После обеда
29,2026-08-29,18,4,total,3,Украинский,1,1,dinner,Ужин
29,2026-08-29,19,4,total,5,Украинский,-1,1,dinner,Ужин
29,2026-08-29,20,4,total,4,Украинский,0,0,dinner,Ужин
29,2026-08-29,21,1,total,3,Украинский,-2,2,late_evening,Поздний вечер
30,2026-08-29,8,5,total,3,Черёмушки,2,2,early_morning,Раннее утро
30,2026-08-29,9,6,total,4,Черёмушки,2,2,morning,Утро
30,2026-08-29,10,6,total,4,Черёмушки,2,2,morning,Утро
30,2026-08-29,11,6,total,5,Черёмушки,1,1,lunch,Обед
30,2026-08-29,12,6,total,6,Черёмушки,0,0,lunch,Обед
30,2026-08-29,13,6,total,6,Черёмушки,0,0,lunch,Обед
30,2026-08-29,14,6,total,7,Черёмушки,-1,1,lunch,Обед
30,2026-08-29,15,6,total,7,Черёмушки,-1,1,afternoon,После обеда
30,2026-08-29,16,4,total,4,Черёмушки,0,0,afternoon,После обеда
30,2026-08-29,17,4,total,4,Черёмушки,0,0,afternoon,После обеда
30,2026-08-29,18,4,total,3,Черёмушки,1,1,dinner,Ужин
30,2026-08-29,19,4,total,3,Черёмушки,1,1,dinner,Ужин
30,2026-08-29,20,4,total,3,Черёмушки,1,1,dinner,Ужин
30,2026-08-29,21,2,total,2,Черёмушки,0,0,late_evening,Поздний вечер
30,2026-08-29,22,2,total,2,Черёмушки,0,0,late_evening,Поздний вечер
30,2026-08-29,23,2,total,2,Черёмушки,0,0,late_evening,Поздний вечер
33,2026-08-29,8,3,total,3,Даниловский,0,0,early_morning,Раннее утро
33,2026-08-29,9,3,total,4,Даниловский,-1,1,morning,Утро
33,2026-08-29,10,3,total,4,Даниловский,-1,1,morning,Утро
33,2026-08-29,11,3,total,4,Даниловский,-1,1,lunch,Обед
33,2026-08-29,12,3,total,4,Даниловский,-1,1,lunch,Обед
33,2026-08-29,13,3,total,4,Даниловский,-1,1,lunch,Обед
33,2026-08-29,14,3,total,4,Даниловский,-1,1,lunch,Обед
33,2026-08-29,15,3,total,4,Даниловский,-1,1,afternoon,После обеда
33,2026-08-29,16,3,total,3,Даниловский,0,0,afternoon,После обеда
33,2026-08-29,17,3,total,3,Даниловский,0,0,afternoon,После обеда
33,2026-08-29,18,2,total,3,Даниловский,-1,1,dinner,Ужин
33,2026-08-29,19,2,total,3,Даниловский,-1,1,dinner,Ужин
33,2026-08-29,20,2,total,3,Даниловский,-1,1,dinner,Ужин
33,2026-08-29,21,1,total,1,Даниловский,0,0,late_evening,Поздний вечер
33,2026-08-29,22,1,total,1,Даниловский,0,0,late_evening,Поздний вечер
34,2026-08-29,0,1,total,2,Аркус,-1,1,deep_night,Глубокая ночь
34,2026-08-29,1,1,total,2,Аркус,-1,1,deep_night,Глубокая ночь
34,2026-08-29,2,1,total,2,Аркус,-1,1,deep_night,Глубокая ночь
34,2026-08-29,3,1,total,2,Аркус,-1,1,deep_night,Глубокая ночь
34,2026-08-29,4,1,total,2,Аркус,-1,1,deep_night,Глубокая ночь
34,2026-08-29,5,1,total,2,Аркус,-1,1,deep_night,Глубокая ночь
34,2026-08-29,6,0,total,2,Аркус,-2,2,opening,Открытие
34,2026-08-29,7,0,total,2,Аркус,-2,2,opening,Открытие
34,2026-08-29,22,1,total,0,Аркус,1,1,late_evening,Поздний вечер
34,2026-08-29,23,1,total,1,Аркус,0,0,late_evening,Поздний вечер
348,2026-08-29,8,1,total,1,Рига Холл,0,0,early_morning,Раннее утро
348,2026-08-29,9,1,total,1,Рига Холл,0,0,morning,Утро
348,2026-08-29,10,1,total,1,Рига Холл,0,0,morning,Утро
348,2026-08-29,11,1,total,1,Рига Холл,0,0,lunch,Обед
348,2026-08-29,12,1,total,1,Рига Холл,0,0,lunch,Обед
348,2026-08-29,13,1,total,1,Рига Холл,0,0,lunch,Обед
348,2026-08-29,14,1,total,1,Рига Холл,0,0,lunch,Обед
348,2026-08-29,15,1,total,1,Рига Холл,0,0,afternoon,После обеда
348,2026-08-29,16,1,total,1,Рига Холл,0,0,afternoon,После обеда
348,2026-08-29,17,1,total,1,Рига Холл,0,0,afternoon,После обеда
348,2026-08-29,18,0,total,1,Рига Холл,-1,1,dinner,Ужин
348,2026-08-29,19,0,total,1,Рига Холл,-1,1,dinner,Ужин
348,2026-08-29,20,0,total,1,Рига Холл,-1,1,dinner,Ужин
348,2026-08-29,21,0,total,1,Рига Холл,-1,1,late_evening,Поздний вечер
35,2026-08-29,8,2,total,3,Ленинский,-1,1,early_morning,Раннее утро
35,2026-08-29,9,4,total,3,Ленинский,1,1,morning,Утро
35,2026-08-29,10,4,total,3,Ленинский,1,1,morning,Утро
35,2026-08-29,11,4,total,4,Ленинский,0,0,lunch,Обед
35,2026-08-29,12,4,total,4,Ленинский,0,0,lunch,Обед
35,2026-08-29,13,4,total,4,Ленинский,0,0,lunch,Обед
35,2026-08-29,14,4,total,4,Ленинский,0,0,lunch,Обед
35,2026-08-29,15,4,total,4,Ленинский,0,0,afternoon,После обеда
35,2026-08-29,16,4,total,4,Ленинский,0,0,afternoon,После обеда
35,2026-08-29,17,4,total,4,Ленинский,0,0,afternoon,После обеда
35,2026-08-29,18,3,total,4,Ленинский,-1,1,dinner,Ужин
35,2026-08-29,19,3,total,4,Ленинский,-1,1,dinner,Ужин
35,2026-08-29,20,3,total,2,Ленинский,1,1,dinner,Ужин
35,2026-08-29,21,1,total,3,Ленинский,-2,2,late_evening,Поздний вечер
35,2026-08-29,22,1,total,2,Ленинский,-1,1,late_evening,Поздний вечер
38,2026-08-29,8,0,total,1,Нева,-1,1,early_morning,Раннее утро
38,2026-08-29,9,0,total,1,Нева,-1,1,morning,Утро
38,2026-08-29,10,0,total,1,Нева,-1,1,morning,Утро
38,2026-08-29,11,0,total,1,Нева,-1,1,lunch,Обед
38,2026-08-29,12,1,total,1,Нева,0,0,lunch,Обед
38,2026-08-29,13,1,total,1,Нева,0,0,lunch,Обед
38,2026-08-29,14,1,total,1,Нева,0,0,lunch,Обед
38,2026-08-29,15,1,total,1,Нева,0,0,afternoon,После обеда
38,2026-08-29,16,1,total,1,Нева,0,0,afternoon,После обеда
38,2026-08-29,17,1,total,1,Нева,0,0,afternoon,После обеда
38,2026-08-29,18,1,total,1,Нева,0,0,dinner,Ужин
38,2026-08-29,19,1,total,1,Нева,0,0,dinner,Ужин
38,2026-08-29,20,1,total,1,Нева,0,0,dinner,Ужин
38,2026-08-29,21,1,total,1,Нева,0,0,late_evening,Поздний вечер
38,2026-08-29,22,1,total,1,Нева,0,0,late_evening,Поздний вечер
38,2026-08-29,23,0,total,1,Нева,-1,1,late_evening,Поздний вечер
39,2026-08-29,7,0,total,2,Гребной,-2,2,opening,Открытие
39,2026-08-29,8,4,total,4,Гребной,0,0,early_morning,Раннее утро
39,2026-08-29,9,5,total,4,Гребной,1,1,morning,Утро
39,2026-08-29,10,5,total,4,Гребной,1,1,morning,Утро
39,2026-08-29,11,5,total,4,Гребной,1,1,lunch,Обед
39,2026-08-29,12,5,total,4,Гребной,1,1,lunch,Обед
39,2026-08-29,13,5,total,4,Гребной,1,1,lunch,Обед
39,2026-08-29,14,5,total,3,Гребной,2,2,lunch,Обед
39,2026-08-29,15,5,total,3,Гребной,2,2,afternoon,После обеда
39,2026-08-29,16,4,total,2,Гребной,2,2,afternoon,После обеда
39,2026-08-29,17,4,total,3,Гребной,1,1,afternoon,После обеда
39,2026-08-29,18,4,total,3,Гребной,1,1,dinner,Ужин
39,2026-08-29,19,4,total,2,Гребной,2,2,dinner,Ужин
39,2026-08-29,20,4,total,2,Гребной,2,2,dinner,Ужин
39,2026-08-29,21,1,total,2,Гребной,-1,1,late_evening,Поздний вечер
39,2026-08-29,22,1,total,1,Гребной,0,0,late_evening,Поздний вечер
4,2026-08-29,10,3,total,3,Аврора,0,0,morning,Утро
4,2026-08-29,11,3,total,3,Аврора,0,0,lunch,Обед
4,2026-08-29,12,3,total,3,Аврора,0,0,lunch,Обед
4,2026-08-29,13,3,total,3,Аврора,0,0,lunch,Обед
4,2026-08-29,14,3,total,3,Аврора,0,0,lunch,Обед
4,2026-08-29,15,4,total,3,Аврора,1,1,afternoon,После обеда
4,2026-08-29,16,4,total,3,Аврора,1,1,afternoon,После обеда
4,2026-08-29,17,4,total,3,Аврора,1,1,afternoon,После обеда
4,2026-08-29,18,4,total,2,Аврора,2,2,dinner,Ужин
4,2026-08-29,19,4,total,2,Аврора,2,2,dinner,Ужин
4,2026-08-29,20,3,total,2,Аврора,1,1,dinner,Ужин
4,2026-08-29,21,2,total,1,Аврора,1,1,late_evening,Поздний вечер
4,2026-08-29,22,2,total,1,Аврора,1,1,late_evening,Поздний вечер
4,2026-08-29,23,2,total,1,Аврора,1,1,late_evening,Поздний вечер
434,2026-08-29,8,1,total,0,Сколково,1,1,early_morning,Раннее утро
434,2026-08-29,9,1,total,4,Сколково,-3,3,morning,Утро
434,2026-08-29,10,1,total,4,Сколково,-3,3,morning,Утро
434,2026-08-29,11,1,total,4,Сколково,-3,3,lunch,Обед
434,2026-08-29,12,2,total,4,Сколково,-2,2,lunch,Обед
434,2026-08-29,13,2,total,4,Сколково,-2,2,lunch,Обед
434,2026-08-29,14,2,total,4,Сколково,-2,2,lunch,Обед
434,2026-08-29,15,2,total,4,Сколково,-2,2,afternoon,После обеда
434,2026-08-29,16,2,total,4,Сколково,-2,2,afternoon,После обеда
434,2026-08-29,17,2,total,3,Сколково,-1,1,afternoon,После обеда
434,2026-08-29,18,2,total,3,Сколково,-1,1,dinner,Ужин
434,2026-08-29,19,2,total,3,Сколково,-1,1,dinner,Ужин
434,2026-08-29,20,2,total,3,Сколково,-1,1,dinner,Ужин
434,2026-08-29,21,2,total,3,Сколково,-1,1,late_evening,Поздний вечер
47,2026-08-29,8,1,total,0,БТ Царская Площадь,1,1,early_morning,Раннее утро
47,2026-08-29,9,1,total,0,БТ Царская Площадь,1,1,morning,Утро
47,2026-08-29,10,1,total,0,БТ Царская Площадь,1,1,morning,Утро
47,2026-08-29,11,1,total,0,БТ Царская Площадь,1,1,lunch,Обед
479,2026-08-29,0,0,total,1,Покровка,-1,1,deep_night,Глубокая ночь
479,2026-08-29,1,0,total,1,Покровка,-1,1,deep_night,Глубокая ночь
479,2026-08-29,2,0,total,1,Покровка,-1,1,deep_night,Глубокая ночь
479,2026-08-29,3,0,total,1,Покровка,-1,1,deep_night,Глубокая ночь
479,2026-08-29,4,0,total,1,Покровка,-1,1,deep_night,Глубокая ночь
479,2026-08-29,5,0,total,1,Покровка,-1,1,deep_night,Глубокая ночь
479,2026-08-29,6,1,total,2,Покровка,-1,1,opening,Открытие
479,2026-08-29,7,1,total,2,Покровка,-1,1,opening,Открытие
479,2026-08-29,8,1,total,0,Покровка,1,1,early_morning,Раннее утро
479,2026-08-29,9,1,total,0,Покровка,1,1,morning,Утро
479,2026-08-29,10,1,total,0,Покровка,1,1,morning,Утро
479,2026-08-29,11,1,total,0,Покровка,1,1,lunch,Обед
479,2026-08-29,12,1,total,0,Покровка,1,1,lunch,Обед
479,2026-08-29,13,1,total,0,Покровка,1,1,lunch,Обед
479,2026-08-29,14,1,total,0,Покровка,1,1,lunch,Обед
479,2026-08-29,15,1,total,0,Покровка,1,1,afternoon,После обеда
479,2026-08-29,16,1,total,0,Покровка,1,1,afternoon,После обеда
479,2026-08-29,17,1,total,0,Покровка,1,1,afternoon,После обеда
479,2026-08-29,18,1,total,0,Покровка,1,1,dinner,Ужин
479,2026-08-29,19,1,total,0,Покровка,1,1,dinner,Ужин
479,2026-08-29,20,1,total,0,Покровка,1,1,dinner,Ужин
479,2026-08-29,21,1,total,0,Покровка,1,1,late_evening,Поздний вечер
479,2026-08-29,22,1,total,1,Покровка,0,0,late_evening,Поздний вечер
479,2026-08-29,23,1,total,2,Покровка,-1,1,late_evening,Поздний вечер
54,2026-08-29,10,2,total,4,Maroon,-2,2,morning,Утро
54,2026-08-29,11,2,total,5,Maroon,-3,3,lunch,Обед
54,2026-08-29,12,2,total,5,Maroon,-3,3,lunch,Обед
54,2026-08-29,13,2,total,5,Maroon,-3,3,lunch,Обед
54,2026-08-29,14,2,total,5,Maroon,-3,3,lunch,Обед
54,2026-08-29,15,2,total,5,Maroon,-3,3,afternoon,После обеда
54,2026-08-29,16,2,total,5,Maroon,-3,3,afternoon,После обеда
54,2026-08-29,17,2,total,5,Maroon,-3,3,afternoon,После обеда
54,2026-08-29,18,2,total,4,Maroon,-2,2,dinner,Ужин
54,2026-08-29,19,2,total,4,Maroon,-2,2,dinner,Ужин
54,2026-08-29,20,1,total,3,Maroon,-2,2,dinner,Ужин
54,2026-08-29,21,1,total,3,Maroon,-2,2,late_evening,Поздний вечер
54,2026-08-29,22,1,total,1,Maroon,0,0,late_evening,Поздний вечер
6,2026-08-29,0,1,total,1,Неглинная,0,0,deep_night,Глубокая ночь
6,2026-08-29,1,1,total,1,Неглинная,0,0,deep_night,Глубокая ночь
6,2026-08-29,2,1,total,0,Неглинная,1,1,deep_night,Глубокая ночь
6,2026-08-29,3,1,total,0,Неглинная,1,1,deep_night,Глубокая ночь
6,2026-08-29,4,1,total,0,Неглинная,1,1,deep_night,Глубокая ночь
6,2026-08-29,5,1,total,0,Неглинная,1,1,deep_night,Глубокая ночь
6,2026-08-29,6,3,total,1,Неглинная,2,2,opening,Открытие
6,2026-08-29,7,3,total,2,Неглинная,1,1,opening,Открытие
6,2026-08-29,8,4,total,2,Неглинная,2,2,early_morning,Раннее утро
6,2026-08-29,9,4,total,2,Неглинная,2,2,morning,Утро
6,2026-08-29,10,4,total,2,Неглинная,2,2,morning,Утро
6,2026-08-29,11,4,total,2,Неглинная,2,2,lunch,Обед
6,2026-08-29,12,4,total,2,Неглинная,2,2,lunch,Обед
6,2026-08-29,13,4,total,2,Неглинная,2,2,lunch,Обед
6,2026-08-29,14,3,total,2,Неглинная,1,1,lunch,Обед
6,2026-08-29,15,3,total,2,Неглинная,1,1,afternoon,После обеда
6,2026-08-29,16,3,total,2,Неглинная,1,1,afternoon,После обеда
6,2026-08-29,17,3,total,3,Неглинная,0,0,afternoon,После обеда
6,2026-08-29,18,3,total,3,Неглинная,0,0,dinner,Ужин
6,2026-08-29,19,3,total,3,Неглинная,0,0,dinner,Ужин
6,2026-08-29,20,3,total,3,Неглинная,0,0,dinner,Ужин
6,2026-08-29,21,1,total,3,Неглинная,-2,2,late_evening,Поздний вечер
6,2026-08-29,22,1,total,3,Неглинная,-2,2,late_evening,Поздний вечер
6,2026-08-29,23,1,total,2,Неглинная,-1,1,late_evening,Поздний вечер
69,2026-08-29,7,0,total,7,Опен Мичуринский,-7,7,opening,Открытие
69,2026-08-29,8,7,total,7,Опен Мичуринский,0,0,early_morning,Раннее утро
69,2026-08-29,9,7,total,7,Опен Мичуринский,0,0,morning,Утро
69,2026-08-29,10,7,total,7,Опен Мичуринский,0,0,morning,Утро
69,2026-08-29,11,7,total,7,Опен Мичуринский,0,0,lunch,Обед
69,2026-08-29,12,7,total,7,Опен Мичуринский,0,0,lunch,Обед
69,2026-08-29,13,7,total,7,Опен Мичуринский,0,0,lunch,Обед
69,2026-08-29,14,7,total,7,Опен Мичуринский,0,0,lunch,Обед
69,2026-08-29,15,7,total,7,Опен Мичуринский,0,0,afternoon,После обеда
69,2026-08-29,16,6,total,8,Опен Мичуринский,-2,2,afternoon,После обеда
69,2026-08-29,17,6,total,8,Опен Мичуринский,-2,2,afternoon,После обеда
69,2026-08-29,18,4,total,8,Опен Мичуринский,-4,4,dinner,Ужин
69,2026-08-29,19,4,total,8,Опен Мичуринский,-4,4,dinner,Ужин
69,2026-08-29,20,4,total,5,Опен Мичуринский,-1,1,dinner,Ужин
69,2026-08-29,21,2,total,4,Опен Мичуринский,-2,2,late_evening,Поздний вечер
69,2026-08-29,22,2,total,3,Опен Мичуринский,-1,1,late_evening,Поздний вечер
7,2026-08-29,0,1,total,1,Белая Площадь,0,0,deep_night,Глубокая ночь
7,2026-08-29,1,1,total,1,Белая Площадь,0,0,deep_night,Глубокая ночь
7,2026-08-29,2,1,total,1,Белая Площадь,0,0,deep_night,Глубокая ночь
7,2026-08-29,3,1,total,1,Белая Площадь,0,0,deep_night,Глубокая ночь
7,2026-08-29,4,1,total,1,Белая Площадь,0,0,deep_night,Глубокая ночь
7,2026-08-29,5,1,total,2,Белая Площадь,-1,1,deep_night,Глубокая ночь
7,2026-08-29,6,3,total,4,Белая Площадь,-1,1,opening,Открытие
7,2026-08-29,7,3,total,5,Белая Площадь,-2,2,opening,Открытие
7,2026-08-29,8,5,total,5,Белая Площадь,0,0,early_morning,Раннее утро
7,2026-08-29,9,5,total,5,Белая Площадь,0,0,morning,Утро
7,2026-08-29,10,5,total,5,Белая Площадь,0,0,morning,Утро
7,2026-08-29,11,5,total,5,Белая Площадь,0,0,lunch,Обед
7,2026-08-29,12,5,total,5,Белая Площадь,0,0,lunch,Обед
7,2026-08-29,13,5,total,5,Белая Площадь,0,0,lunch,Обед
7,2026-08-29,14,5,total,6,Белая Площадь,-1,1,lunch,Обед
7,2026-08-29,15,5,total,5,Белая Площадь,0,0,afternoon,После обеда
7,2026-08-29,16,5,total,5,Белая Площадь,0,0,afternoon,После обеда
7,2026-08-29,17,5,total,5,Белая Площадь,0,0,afternoon,После обеда
7,2026-08-29,18,4,total,6,Белая Площадь,-2,2,dinner,Ужин
7,2026-08-29,19,4,total,5,Белая Площадь,-1,1,dinner,Ужин
7,2026-08-29,20,4,total,3,Белая Площадь,1,1,dinner,Ужин
7,2026-08-29,21,3,total,3,Белая Площадь,0,0,late_evening,Поздний вечер
7,2026-08-29,22,3,total,3,Белая Площадь,0,0,late_evening,Поздний вечер
7,2026-08-29,23,3,total,2,Белая Площадь,1,1,late_evening,Поздний вечер
8,2026-08-29,7,0,total,3,Усачева,-3,3,opening,Открытие
8,2026-08-29,8,5,total,3,Усачева,2,2,early_morning,Раннее утро
8,2026-08-29,9,5,total,4,Усачева,1,1,morning,Утро
8,2026-08-29,10,5,total,4,Усачева,1,1,morning,Утро
8,2026-08-29,11,5,total,4,Усачева,1,1,lunch,Обед
8,2026-08-29,12,5,total,4,Усачева,1,1,lunch,Обед
8,2026-08-29,13,5,total,4,Усачева,1,1,lunch,Обед
8,2026-08-29,14,5,total,4,Усачева,1,1,lunch,Обед
8,2026-08-29,15,5,total,4,Усачева,1,1,afternoon,После обеда
8,2026-08-29,16,3,total,4,Усачева,-1,1,afternoon,После обеда
8,2026-08-29,17,3,total,4,Усачева,-1,1,afternoon,После обеда
8,2026-08-29,18,2,total,4,Усачева,-2,2,dinner,Ужин
8,2026-08-29,19,2,total,4,Усачева,-2,2,dinner,Ужин
8,2026-08-29,20,2,total,3,Усачева,-1,1,dinner,Ужин
8,2026-08-29,21,1,total,1,Усачева,0,0,late_evening,Поздний вечер
8,2026-08-29,22,1,total,1,Усачева,0,0,late_evening,Поздний вечер
8,2026-08-29,23,1,total,0,Усачева,1,1,late_evening,Поздний вечер
9,2026-08-29,8,2,total,3,КИНКИ,-1,1,early_morning,Раннее утро
9,2026-08-29,9,2,total,3,КИНКИ,-1,1,morning,Утро
9,2026-08-29,10,2,total,3,КИНКИ,-1,1,morning,Утро
9,2026-08-29,11,2,total,3,КИНКИ,-1,1,lunch,Обед
9,2026-08-29,12,2,total,3,КИНКИ,-1,1,lunch,Обед
9,2026-08-29,13,2,total,3,КИНКИ,-1,1,lunch,Обед
9,2026-08-29,14,2,total,3,КИНКИ,-1,1,lunch,Обед
9,2026-08-29,15,2,total,3,КИНКИ,-1,1,afternoon,После обеда
9,2026-08-29,16,2,total,3,КИНКИ,-1,1,afternoon,После обеда
9,2026-08-29,17,2,total,3,КИНКИ,-1,1,afternoon,После обеда
9,2026-08-29,18,2,total,3,КИНКИ,-1,1,dinner,Ужин
9,2026-08-29,19,2,total,3,КИНКИ,-1,1,dinner,Ужин
9,2026-08-29,20,2,total,3,КИНКИ,-1,1,dinner,Ужин
9,2026-08-29,21,2,total,3,КИНКИ,-1,1,late_evening,Поздний вечер
9,2026-08-29,22,2,total,3,КИНКИ,-1,1,late_evening,Поздний вечер
9,2026-08-29,23,2,total,3,КИНКИ,-1,1,late_evening,Поздний вечер
99,2026-08-29,7,2,total,3,Опен Аркус,-1,1,opening,Открытие
99,2026-08-29,8,6,total,5,Опен Аркус,1,1,early_morning,Раннее утро
99,2026-08-29,9,6,total,5,Опен Аркус,1,1,morning,Утро
99,2026-08-29,10,6,total,5,Опен Аркус,1,1,morning,Утро
99,2026-08-29,11,6,total,5,Опен Аркус,1,1,lunch,Обед
99,2026-08-29,12,6,total,5,Опен Аркус,1,1,lunch,Обед
99,2026-08-29,13,6,total,5,Опен Аркус,1,1,lunch,Обед
99,2026-08-29,14,6,total,5,Опен Аркус,1,1,lunch,Обед
99,2026-08-29,15,6,total,5,Опен Аркус,1,1,afternoon,После обеда
99,2026-08-29,16,4,total,4,Опен Аркус,0,0,afternoon,После обеда
99,2026-08-29,17,4,total,4,Опен Аркус,0,0,afternoon,После обеда
99,2026-08-29,18,3,total,4,Опен Аркус,-1,1,dinner,Ужин
99,2026-08-29,19,3,total,4,Опен Аркус,-1,1,dinner,Ужин
99,2026-08-29,20,3,total,2,Опен Аркус,1,1,dinner,Ужин
99,2026-08-29,21,1,total,2,Опен Аркус,-1,1,late_evening,Поздний вечер
99,2026-08-29,22,1,total,0,Опен Аркус,1,1,late_evening,Поздний вечер
1,2026-08-30,9,0,total,1,Wall Street,-1,1,morning,Утро
1,2026-08-30,10,0,total,1,Wall Street,-1,1,morning,Утро
1,2026-08-30,11,0,total,1,Wall Street,-1,1,lunch,Обед
1,2026-08-30,12,1,total,1,Wall Street,0,0,lunch,Обед
1,2026-08-30,13,1,total,1,Wall Street,0,0,lunch,Обед
1,2026-08-30,14,1,total,1,Wall Street,0,0,lunch,Обед
1,2026-08-30,15,1,total,1,Wall Street,0,0,afternoon,После обеда
1,2026-08-30,16,1,total,1,Wall Street,0,0,afternoon,После обеда
1,2026-08-30,17,1,total,1,Wall Street,0,0,afternoon,После обеда
1,2026-08-30,18,1,total,1,Wall Street,0,0,dinner,Ужин
1,2026-08-30,19,1,total,1,Wall Street,0,0,dinner,Ужин
1,2026-08-30,20,1,total,1,Wall Street,0,0,dinner,Ужин
1,2026-08-30,21,1,total,1,Wall Street,0,0,late_evening,Поздний вечер
1,2026-08-30,22,1,total,1,Wall Street,0,0,late_evening,Поздний вечер
10,2026-08-30,8,0,total,1,Якиманка,-1,1,early_morning,Раннее утро
10,2026-08-30,9,0,total,2,Якиманка,-2,2,morning,Утро
10,2026-08-30,10,0,total,2,Якиманка,-2,2,morning,Утро
10,2026-08-30,11,0,total,2,Якиманка,-2,2,lunch,Обед
10,2026-08-30,12,1,total,2,Якиманка,-1,1,lunch,Обед
10,2026-08-30,13,1,total,2,Якиманка,-1,1,lunch,Обед
10,2026-08-30,14,1,total,2,Якиманка,-1,1,lunch,Обед
10,2026-08-30,15,1,total,2,Якиманка,-1,1,afternoon,После обеда
10,2026-08-30,16,1,total,2,Якиманка,-1,1,afternoon,После обеда
10,2026-08-30,17,1,total,2,Якиманка,-1,1,afternoon,После обеда
10,2026-08-30,18,1,total,2,Якиманка,-1,1,dinner,Ужин
10,2026-08-30,19,1,total,1,Якиманка,0,0,dinner,Ужин
10,2026-08-30,20,1,total,1,Якиманка,0,0,dinner,Ужин
10,2026-08-30,21,1,total,1,Якиманка,0,0,late_evening,Поздний вечер
10,2026-08-30,22,1,total,1,Якиманка,0,0,late_evening,Поздний вечер
101,2026-08-30,8,2,total,2,Алия,0,0,early_morning,Раннее утро
101,2026-08-30,9,2,total,2,Алия,0,0,morning,Утро
101,2026-08-30,10,2,total,3,Алия,-1,1,morning,Утро
101,2026-08-30,11,2,total,3,Алия,-1,1,lunch,Обед
101,2026-08-30,12,2,total,3,Алия,-1,1,lunch,Обед
101,2026-08-30,13,2,total,3,Алия,-1,1,lunch,Обед
101,2026-08-30,14,2,total,3,Алия,-1,1,lunch,Обед
101,2026-08-30,15,2,total,3,Алия,-1,1,afternoon,После обеда
101,2026-08-30,16,2,total,3,Алия,-1,1,afternoon,После обеда
101,2026-08-30,17,2,total,3,Алия,-1,1,afternoon,После обеда
101,2026-08-30,18,1,total,3,Алия,-2,2,dinner,Ужин
101,2026-08-30,19,1,total,3,Алия,-2,2,dinner,Ужин
101,2026-08-30,20,1,total,3,Алия,-2,2,dinner,Ужин
101,2026-08-30,21,1,total,2,Алия,-1,1,late_evening,Поздний вечер
11,2026-08-30,0,3,total,4,Кутузовский,-1,1,deep_night,Глубокая ночь
11,2026-08-30,1,3,total,4,Кутузовский,-1,1,deep_night,Глубокая ночь
11,2026-08-30,2,3,total,4,Кутузовский,-1,1,deep_night,Глубокая ночь
11,2026-08-30,3,3,total,4,Кутузовский,-1,1,deep_night,Глубокая ночь
11,2026-08-30,4,3,total,4,Кутузовский,-1,1,deep_night,Глубокая ночь
11,2026-08-30,5,3,total,4,Кутузовский,-1,1,deep_night,Глубокая ночь
11,2026-08-30,6,1,total,4,Кутузовский,-3,3,opening,Открытие
11,2026-08-30,7,0,total,1,Кутузовский,-1,1,opening,Открытие
11,2026-08-30,22,1,total,4,Кутузовский,-3,3,late_evening,Поздний вечер
11,2026-08-30,23,1,total,4,Кутузовский,-3,3,late_evening,Поздний вечер
115,2026-08-30,7,0,total,1,Опен Символ,-1,1,opening,Открытие
115,2026-08-30,8,3,total,3,Опен Символ,0,0,early_morning,Раннее утро
115,2026-08-30,9,4,total,3,Опен Символ,1,1,morning,Утро
115,2026-08-30,10,4,total,4,Опен Символ,0,0,morning,Утро
115,2026-08-30,11,4,total,4,Опен Символ,0,0,lunch,Обед
115,2026-08-30,12,4,total,4,Опен Символ,0,0,lunch,Обед
115,2026-08-30,13,4,total,4,Опен Символ,0,0,lunch,Обед
115,2026-08-30,14,4,total,4,Опен Символ,0,0,lunch,Обед
115,2026-08-30,15,4,total,4,Опен Символ,0,0,afternoon,После обеда
115,2026-08-30,16,4,total,3,Опен Символ,1,1,afternoon,После обеда
115,2026-08-30,17,4,total,3,Опен Символ,1,1,afternoon,После обеда
115,2026-08-30,18,3,total,3,Опен Символ,0,0,dinner,Ужин
115,2026-08-30,19,3,total,3,Опен Символ,0,0,dinner,Ужин
115,2026-08-30,20,3,total,3,Опен Символ,0,0,dinner,Ужин
115,2026-08-30,21,1,total,1,Опен Символ,0,0,late_evening,Поздний вечер
115,2026-08-30,22,1,total,0,Опен Символ,1,1,late_evening,Поздний вечер
12,2026-08-30,9,3,total,2,Хорошо,1,1,morning,Утро
12,2026-08-30,10,3,total,2,Хорошо,1,1,morning,Утро
12,2026-08-30,11,3,total,3,Хорошо,0,0,lunch,Обед
12,2026-08-30,12,3,total,3,Хорошо,0,0,lunch,Обед
12,2026-08-30,13,3,total,3,Хорошо,0,0,lunch,Обед
12,2026-08-30,14,3,total,3,Хорошо,0,0,lunch,Обед
12,2026-08-30,15,3,total,3,Хорошо,0,0,afternoon,После обеда
12,2026-08-30,16,3,total,3,Хорошо,0,0,afternoon,После обеда
12,2026-08-30,17,3,total,3,Хорошо,0,0,afternoon,После обеда
12,2026-08-30,18,3,total,3,Хорошо,0,0,dinner,Ужин
12,2026-08-30,19,3,total,3,Хорошо,0,0,dinner,Ужин
12,2026-08-30,20,2,total,1,Хорошо,1,1,dinner,Ужин
12,2026-08-30,21,1,total,1,Хорошо,0,0,late_evening,Поздний вечер
12,2026-08-30,22,0,total,1,Хорошо,-1,1,late_evening,Поздний вечер
123,2026-08-30,8,1,total,1,Опен Нева,0,0,early_morning,Раннее утро
123,2026-08-30,9,1,total,1,Опен Нева,0,0,morning,Утро
123,2026-08-30,10,1,total,1,Опен Нева,0,0,morning,Утро
123,2026-08-30,11,1,total,1,Опен Нева,0,0,lunch,Обед
123,2026-08-30,12,1,total,1,Опен Нева,0,0,lunch,Обед
123,2026-08-30,13,1,total,1,Опен Нева,0,0,lunch,Обед
123,2026-08-30,14,1,total,1,Опен Нева,0,0,lunch,Обед
123,2026-08-30,15,1,total,1,Опен Нева,0,0,afternoon,После обеда
123,2026-08-30,16,1,total,1,Опен Нева,0,0,afternoon,После обеда
123,2026-08-30,17,1,total,1,Опен Нева,0,0,afternoon,После обеда
123,2026-08-30,18,0,total,1,Опен Нева,-1,1,dinner,Ужин
123,2026-08-30,19,0,total,1,Опен Нева,-1,1,dinner,Ужин
123,2026-08-30,20,0,total,1,Опен Нева,-1,1,dinner,Ужин
123,2026-08-30,21,0,total,1,Опен Нева,-1,1,late_evening,Поздний вечер
123,2026-08-30,22,0,total,1,Опен Нева,-1,1,late_evening,Поздний вечер
123,2026-08-30,23,0,total,1,Опен Нева,-1,1,late_evening,Поздний вечер
125,2026-08-30,11,0,total,1,Meraki,-1,1,lunch,Обед
125,2026-08-30,12,1,total,2,Meraki,-1,1,lunch,Обед
125,2026-08-30,13,1,total,2,Meraki,-1,1,lunch,Обед
125,2026-08-30,14,1,total,2,Meraki,-1,1,lunch,Обед
125,2026-08-30,15,1,total,2,Meraki,-1,1,afternoon,После обеда
125,2026-08-30,16,1,total,2,Meraki,-1,1,afternoon,После обеда
125,2026-08-30,17,1,total,2,Meraki,-1,1,afternoon,После обеда
125,2026-08-30,18,1,total,1,Meraki,0,0,dinner,Ужин
125,2026-08-30,19,1,total,1,Meraki,0,0,dinner,Ужин
125,2026-08-30,20,1,total,1,Meraki,0,0,dinner,Ужин
125,2026-08-30,21,1,total,1,Meraki,0,0,late_evening,Поздний вечер
125,2026-08-30,22,1,total,0,Meraki,1,1,late_evening,Поздний вечер
126,2026-08-30,7,1,total,0,Опен Покровка,1,1,opening,Открытие
126,2026-08-30,8,2,total,2,Опен Покровка,0,0,early_morning,Раннее утро
126,2026-08-30,9,2,total,2,Опен Покровка,0,0,morning,Утро
126,2026-08-30,10,3,total,2,Опен Покровка,1,1,morning,Утро
126,2026-08-30,11,3,total,2,Опен Покровка,1,1,lunch,Обед
126,2026-08-30,12,3,total,2,Опен Покровка,1,1,lunch,Обед
126,2026-08-30,13,3,total,2,Опен Покровка,1,1,lunch,Обед
126,2026-08-30,14,3,total,1,Опен Покровка,2,2,lunch,Обед
126,2026-08-30,15,3,total,1,Опен Покровка,2,2,afternoon,После обеда
126,2026-08-30,16,3,total,1,Опен Покровка,2,2,afternoon,После обеда
126,2026-08-30,17,3,total,1,Опен Покровка,2,2,afternoon,После обеда
126,2026-08-30,18,3,total,1,Опен Покровка,2,2,dinner,Ужин
126,2026-08-30,19,3,total,1,Опен Покровка,2,2,dinner,Ужин
126,2026-08-30,20,2,total,1,Опен Покровка,1,1,dinner,Ужин
126,2026-08-30,21,0,total,1,Опен Покровка,-1,1,late_evening,Поздний вечер
128,2026-08-30,8,1,total,2,Кофемания Лаки,-1,1,early_morning,Раннее утро
128,2026-08-30,9,1,total,2,Кофемания Лаки,-1,1,morning,Утро
128,2026-08-30,10,1,total,2,Кофемания Лаки,-1,1,morning,Утро
128,2026-08-30,11,1,total,2,Кофемания Лаки,-1,1,lunch,Обед
128,2026-08-30,12,2,total,2,Кофемания Лаки,0,0,lunch,Обед
128,2026-08-30,13,2,total,2,Кофемания Лаки,0,0,lunch,Обед
128,2026-08-30,14,2,total,2,Кофемания Лаки,0,0,lunch,Обед
128,2026-08-30,15,2,total,2,Кофемания Лаки,0,0,afternoon,После обеда
128,2026-08-30,16,2,total,2,Кофемания Лаки,0,0,afternoon,После обеда
128,2026-08-30,17,2,total,2,Кофемания Лаки,0,0,afternoon,После обеда
128,2026-08-30,18,2,total,2,Кофемания Лаки,0,0,dinner,Ужин
128,2026-08-30,19,2,total,2,Кофемания Лаки,0,0,dinner,Ужин
128,2026-08-30,20,2,total,1,Кофемания Лаки,1,1,dinner,Ужин
128,2026-08-30,21,2,total,1,Кофемания Лаки,1,1,late_evening,Поздний вечер
128,2026-08-30,22,2,total,1,Кофемания Лаки,1,1,late_evening,Поздний вечер
128,2026-08-30,23,2,total,1,Кофемания Лаки,1,1,late_evening,Поздний вечер
14,2026-08-30,9,2,total,3,Метрополис,-1,1,morning,Утро
14,2026-08-30,10,3,total,4,Метрополис,-1,1,morning,Утро
14,2026-08-30,11,3,total,4,Метрополис,-1,1,lunch,Обед
14,2026-08-30,12,3,total,4,Метрополис,-1,1,lunch,Обед
14,2026-08-30,13,3,total,4,Метрополис,-1,1,lunch,Обед
14,2026-08-30,14,3,total,4,Метрополис,-1,1,lunch,Обед
14,2026-08-30,15,3,total,4,Метрополис,-1,1,afternoon,После обеда
14,2026-08-30,16,3,total,3,Метрополис,0,0,afternoon,После обеда
14,2026-08-30,17,3,total,3,Метрополис,0,0,afternoon,После обеда
14,2026-08-30,18,3,total,3,Метрополис,0,0,dinner,Ужин
14,2026-08-30,19,3,total,3,Метрополис,0,0,dinner,Ужин
14,2026-08-30,20,2,total,3,Метрополис,-1,1,dinner,Ужин
14,2026-08-30,21,2,total,2,Метрополис,0,0,late_evening,Поздний вечер
14,2026-08-30,22,2,total,1,Метрополис,1,1,late_evening,Поздний вечер
142,2026-08-30,8,1,total,1,RED7,0,0,early_morning,Раннее утро
142,2026-08-30,9,1,total,1,RED7,0,0,morning,Утро
142,2026-08-30,10,1,total,1,RED7,0,0,morning,Утро
142,2026-08-30,11,1,total,2,RED7,-1,1,lunch,Обед
142,2026-08-30,12,1,total,2,RED7,-1,1,lunch,Обед
142,2026-08-30,13,1,total,2,RED7,-1,1,lunch,Обед
142,2026-08-30,14,1,total,1,RED7,0,0,lunch,Обед
142,2026-08-30,15,1,total,1,RED7,0,0,afternoon,После обеда
142,2026-08-30,16,1,total,1,RED7,0,0,afternoon,После обеда
142,2026-08-30,17,1,total,1,RED7,0,0,afternoon,После обеда
142,2026-08-30,18,1,total,1,RED7,0,0,dinner,Ужин
142,2026-08-30,19,1,total,1,RED7,0,0,dinner,Ужин
142,2026-08-30,20,1,total,1,RED7,0,0,dinner,Ужин
142,2026-08-30,21,1,total,1,RED7,0,0,late_evening,Поздний вечер
142,2026-08-30,22,1,total,0,RED7,1,1,late_evening,Поздний вечер
16,2026-08-30,9,0,total,1,Мосфильм,-1,1,morning,Утро
16,2026-08-30,10,0,total,1,Мосфильм,-1,1,morning,Утро
16,2026-08-30,11,0,total,1,Мосфильм,-1,1,lunch,Обед
16,2026-08-30,12,1,total,1,Мосфильм,0,0,lunch,Обед
16,2026-08-30,13,1,total,1,Мосфильм,0,0,lunch,Обед
16,2026-08-30,14,1,total,1,Мосфильм,0,0,lunch,Обед
16,2026-08-30,15,1,total,1,Мосфильм,0,0,afternoon,После обеда
16,2026-08-30,16,1,total,1,Мосфильм,0,0,afternoon,После обеда
16,2026-08-30,17,1,total,1,Мосфильм,0,0,afternoon,После обеда
16,2026-08-30,18,1,total,1,Мосфильм,0,0,dinner,Ужин
16,2026-08-30,19,1,total,1,Мосфильм,0,0,dinner,Ужин
16,2026-08-30,20,1,total,1,Мосфильм,0,0,dinner,Ужин
16,2026-08-30,21,1,total,1,Мосфильм,0,0,late_evening,Поздний вечер
16,2026-08-30,22,1,total,0,Мосфильм,1,1,late_evening,Поздний вечер
17,2026-08-30,8,4,total,2,Внуково,2,2,early_morning,Раннее утро
17,2026-08-30,9,4,total,3,Внуково,1,1,morning,Утро
17,2026-08-30,10,4,total,3,Внуково,1,1,morning,Утро
17,2026-08-30,11,4,total,3,Внуково,1,1,lunch,Обед
17,2026-08-30,12,4,total,3,Внуково,1,1,lunch,Обед
17,2026-08-30,13,4,total,3,Внуково,1,1,lunch,Обед
17,2026-08-30,14,4,total,3,Внуково,1,1,lunch,Обед
17,2026-08-30,15,4,total,3,Внуково,1,1,afternoon,После обеда
17,2026-08-30,16,4,total,3,Внуково,1,1,afternoon,После обеда
17,2026-08-30,17,4,total,3,Внуково,1,1,afternoon,После обеда
17,2026-08-30,18,2,total,3,Внуково,-1,1,dinner,Ужин
17,2026-08-30,19,2,total,3,Внуково,-1,1,dinner,Ужин
17,2026-08-30,20,2,total,2,Внуково,0,0,dinner,Ужин
17,2026-08-30,21,2,total,1,Внуково,1,1,late_evening,Поздний вечер
18,2026-08-30,8,3,total,4,Новая Рига,-1,1,early_morning,Раннее утро
18,2026-08-30,9,3,total,4,Новая Рига,-1,1,morning,Утро
18,2026-08-30,10,3,total,4,Новая Рига,-1,1,morning,Утро
18,2026-08-30,11,3,total,4,Новая Рига,-1,1,lunch,Обед
18,2026-08-30,12,3,total,4,Новая Рига,-1,1,lunch,Обед
18,2026-08-30,13,3,total,4,Новая Рига,-1,1,lunch,Обед
18,2026-08-30,14,3,total,4,Новая Рига,-1,1,lunch,Обед
18,2026-08-30,15,3,total,3,Новая Рига,0,0,afternoon,После обеда
18,2026-08-30,16,3,total,3,Новая Рига,0,0,afternoon,После обеда
18,2026-08-30,17,3,total,3,Новая Рига,0,0,afternoon,После обеда
18,2026-08-30,18,1,total,3,Новая Рига,-2,2,dinner,Ужин
18,2026-08-30,19,1,total,3,Новая Рига,-2,2,dinner,Ужин
18,2026-08-30,20,1,total,1,Новая Рига,0,0,dinner,Ужин
18,2026-08-30,21,1,total,1,Новая Рига,0,0,late_evening,Поздний вечер
2,2026-08-30,6,1,total,0,Кудринская,1,1,opening,Открытие
2,2026-08-30,7,1,total,2,Кудринская,-1,1,opening,Открытие
2,2026-08-30,8,2,total,2,Кудринская,0,0,early_morning,Раннее утро
2,2026-08-30,9,2,total,2,Кудринская,0,0,morning,Утро
2,2026-08-30,10,2,total,2,Кудринская,0,0,morning,Утро
2,2026-08-30,11,2,total,2,Кудринская,0,0,lunch,Обед
2,2026-08-30,12,2,total,2,Кудринская,0,0,lunch,Обед
2,2026-08-30,13,2,total,2,Кудринская,0,0,lunch,Обед
2,2026-08-30,14,2,total,2,Кудринская,0,0,lunch,Обед
2,2026-08-30,15,2,total,2,Кудринская,0,0,afternoon,После обеда
2,2026-08-30,16,2,total,2,Кудринская,0,0,afternoon,После обеда
2,2026-08-30,17,2,total,2,Кудринская,0,0,afternoon,После обеда
2,2026-08-30,18,2,total,2,Кудринская,0,0,dinner,Ужин
2,2026-08-30,19,2,total,2,Кудринская,0,0,dinner,Ужин
2,2026-08-30,20,2,total,1,Кудринская,1,1,dinner,Ужин
2,2026-08-30,21,1,total,2,Кудринская,-1,1,late_evening,Поздний вечер
2,2026-08-30,22,1,total,1,Кудринская,0,0,late_evening,Поздний вечер
2,2026-08-30,23,1,total,1,Кудринская,0,0,late_evening,Поздний вечер
20,2026-08-30,9,1,total,2,Павлово,-1,1,morning,Утро
20,2026-08-30,10,2,total,2,Павлово,0,0,morning,Утро
20,2026-08-30,11,2,total,2,Павлово,0,0,lunch,Обед
20,2026-08-30,12,2,total,2,Павлово,0,0,lunch,Обед
20,2026-08-30,13,2,total,2,Павлово,0,0,lunch,Обед
20,2026-08-30,14,2,total,2,Павлово,0,0,lunch,Обед
20,2026-08-30,15,2,total,2,Павлово,0,0,afternoon,После обеда
20,2026-08-30,16,2,total,2,Павлово,0,0,afternoon,После обеда
20,2026-08-30,17,2,total,2,Павлово,0,0,afternoon,После обеда
20,2026-08-30,18,2,total,2,Павлово,0,0,dinner,Ужин
20,2026-08-30,19,2,total,2,Павлово,0,0,dinner,Ужин
20,2026-08-30,20,1,total,1,Павлово,0,0,dinner,Ужин
20,2026-08-30,21,1,total,1,Павлово,0,0,late_evening,Поздний вечер
21,2026-08-30,8,3,total,1,Горки-2,2,2,early_morning,Раннее утро
21,2026-08-30,9,4,total,4,Горки-2,0,0,morning,Утро
21,2026-08-30,10,4,total,5,Горки-2,-1,1,morning,Утро
21,2026-08-30,11,4,total,5,Горки-2,-1,1,lunch,Обед
21,2026-08-30,12,4,total,4,Горки-2,0,0,lunch,Обед
21,2026-08-30,13,4,total,4,Горки-2,0,0,lunch,Обед
21,2026-08-30,14,4,total,4,Горки-2,0,0,lunch,Обед
21,2026-08-30,15,4,total,4,Горки-2,0,0,afternoon,После обеда
21,2026-08-30,16,4,total,3,Горки-2,1,1,afternoon,После обеда
21,2026-08-30,17,4,total,3,Горки-2,1,1,afternoon,После обеда
21,2026-08-30,18,3,total,3,Горки-2,0,0,dinner,Ужин
21,2026-08-30,19,3,total,3,Горки-2,0,0,dinner,Ужин
21,2026-08-30,20,3,total,3,Горки-2,0,0,dinner,Ужин
21,2026-08-30,21,1,total,3,Горки-2,-2,2,late_evening,Поздний вечер
21,2026-08-30,22,1,total,2,Горки-2,-1,1,late_evening,Поздний вечер
25,2026-08-30,8,1,total,2,Весна,-1,1,early_morning,Раннее утро
25,2026-08-30,9,1,total,2,Весна,-1,1,morning,Утро
25,2026-08-30,10,1,total,2,Весна,-1,1,morning,Утро
25,2026-08-30,11,1,total,2,Весна,-1,1,lunch,Обед
25,2026-08-30,12,1,total,2,Весна,-1,1,lunch,Обед
25,2026-08-30,13,1,total,2,Весна,-1,1,lunch,Обед
25,2026-08-30,14,1,total,2,Весна,-1,1,lunch,Обед
25,2026-08-30,15,1,total,1,Весна,0,0,afternoon,После обеда
25,2026-08-30,16,1,total,1,Весна,0,0,afternoon,После обеда
25,2026-08-30,17,1,total,1,Весна,0,0,afternoon,После обеда
25,2026-08-30,18,1,total,1,Весна,0,0,dinner,Ужин
25,2026-08-30,19,1,total,1,Весна,0,0,dinner,Ужин
25,2026-08-30,20,1,total,1,Весна,0,0,dinner,Ужин
25,2026-08-30,21,1,total,1,Весна,0,0,late_evening,Поздний вечер
25,2026-08-30,22,1,total,1,Весна,0,0,late_evening,Поздний вечер
25,2026-08-30,23,1,total,1,Весна,0,0,late_evening,Поздний вечер
26,2026-08-30,8,0,total,1,Тверская,-1,1,early_morning,Раннее утро
26,2026-08-30,9,0,total,1,Тверская,-1,1,morning,Утро
26,2026-08-30,10,0,total,1,Тверская,-1,1,morning,Утро
26,2026-08-30,11,0,total,1,Тверская,-1,1,lunch,Обед
26,2026-08-30,12,1,total,1,Тверская,0,0,lunch,Обед
26,2026-08-30,13,1,total,1,Тверская,0,0,lunch,Обед
26,2026-08-30,14,1,total,1,Тверская,0,0,lunch,Обед
26,2026-08-30,15,1,total,1,Тверская,0,0,afternoon,После обеда
26,2026-08-30,16,1,total,1,Тверская,0,0,afternoon,После обеда
26,2026-08-30,17,1,total,1,Тверская,0,0,afternoon,После обеда
26,2026-08-30,18,1,total,1,Тверская,0,0,dinner,Ужин
26,2026-08-30,19,1,total,1,Тверская,0,0,dinner,Ужин
26,2026-08-30,20,1,total,1,Тверская,0,0,dinner,Ужин
26,2026-08-30,21,1,total,1,Тверская,0,0,late_evening,Поздний вечер
26,2026-08-30,22,1,total,1,Тверская,0,0,late_evening,Поздний вечер
29,2026-08-30,7,2,total,8,Украинский,-6,6,opening,Открытие
29,2026-08-30,8,9,total,8,Украинский,1,1,early_morning,Раннее утро
29,2026-08-30,9,9,total,8,Украинский,1,1,morning,Утро
29,2026-08-30,10,9,total,7,Украинский,2,2,morning,Утро
29,2026-08-30,11,9,total,7,Украинский,2,2,lunch,Обед
29,2026-08-30,12,9,total,7,Украинский,2,2,lunch,Обед
29,2026-08-30,13,9,total,7,Украинский,2,2,lunch,Обед
29,2026-08-30,14,9,total,7,Украинский,2,2,lunch,Обед
29,2026-08-30,15,8,total,7,Украинский,1,1,afternoon,После обеда
29,2026-08-30,16,5,total,8,Украинский,-3,3,afternoon,После обеда
29,2026-08-30,17,5,total,6,Украинский,-1,1,afternoon,После обеда
29,2026-08-30,18,4,total,6,Украинский,-2,2,dinner,Ужин
29,2026-08-30,19,4,total,5,Украинский,-1,1,dinner,Ужин
29,2026-08-30,20,4,total,2,Украинский,2,2,dinner,Ужин
29,2026-08-30,21,1,total,2,Украинский,-1,1,late_evening,Поздний вечер
30,2026-08-30,8,4,total,2,Черёмушки,2,2,early_morning,Раннее утро
30,2026-08-30,9,6,total,3,Черёмушки,3,3,morning,Утро
30,2026-08-30,10,6,total,4,Черёмушки,2,2,morning,Утро
30,2026-08-30,11,6,total,4,Черёмушки,2,2,lunch,Обед
30,2026-08-30,12,6,total,5,Черёмушки,1,1,lunch,Обед
30,2026-08-30,13,6,total,4,Черёмушки,2,2,lunch,Обед
30,2026-08-30,14,6,total,4,Черёмушки,2,2,lunch,Обед
30,2026-08-30,15,6,total,4,Черёмушки,2,2,afternoon,После обеда
30,2026-08-30,16,4,total,5,Черёмушки,-1,1,afternoon,После обеда
30,2026-08-30,17,4,total,5,Черёмушки,-1,1,afternoon,После обеда
30,2026-08-30,18,4,total,5,Черёмушки,-1,1,dinner,Ужин
30,2026-08-30,19,4,total,5,Черёмушки,-1,1,dinner,Ужин
30,2026-08-30,20,4,total,4,Черёмушки,0,0,dinner,Ужин
30,2026-08-30,21,2,total,3,Черёмушки,-1,1,late_evening,Поздний вечер
30,2026-08-30,22,2,total,2,Черёмушки,0,0,late_evening,Поздний вечер
30,2026-08-30,23,2,total,1,Черёмушки,1,1,late_evening,Поздний вечер
33,2026-08-30,8,3,total,3,Даниловский,0,0,early_morning,Раннее утро
33,2026-08-30,9,3,total,4,Даниловский,-1,1,morning,Утро
33,2026-08-30,10,3,total,4,Даниловский,-1,1,morning,Утро
33,2026-08-30,11,3,total,4,Даниловский,-1,1,lunch,Обед
33,2026-08-30,12,3,total,4,Даниловский,-1,1,lunch,Обед
33,2026-08-30,13,3,total,4,Даниловский,-1,1,lunch,Обед
33,2026-08-30,14,3,total,4,Даниловский,-1,1,lunch,Обед
33,2026-08-30,15,3,total,4,Даниловский,-1,1,afternoon,После обеда
33,2026-08-30,16,3,total,4,Даниловский,-1,1,afternoon,После обеда
33,2026-08-30,17,3,total,4,Даниловский,-1,1,afternoon,После обеда
33,2026-08-30,18,2,total,4,Даниловский,-2,2,dinner,Ужин
33,2026-08-30,19,2,total,4,Даниловский,-2,2,dinner,Ужин
33,2026-08-30,20,2,total,3,Даниловский,-1,1,dinner,Ужин
33,2026-08-30,21,1,total,1,Даниловский,0,0,late_evening,Поздний вечер
33,2026-08-30,22,1,total,1,Даниловский,0,0,late_evening,Поздний вечер
34,2026-08-30,0,1,total,1,Аркус,0,0,deep_night,Глубокая ночь
34,2026-08-30,1,1,total,1,Аркус,0,0,deep_night,Глубокая ночь
34,2026-08-30,2,1,total,1,Аркус,0,0,deep_night,Глубокая ночь
34,2026-08-30,3,1,total,1,Аркус,0,0,deep_night,Глубокая ночь
34,2026-08-30,4,1,total,1,Аркус,0,0,deep_night,Глубокая ночь
34,2026-08-30,5,1,total,1,Аркус,0,0,deep_night,Глубокая ночь
34,2026-08-30,6,0,total,1,Аркус,-1,1,opening,Открытие
34,2026-08-30,7,0,total,1,Аркус,-1,1,opening,Открытие
34,2026-08-30,22,1,total,0,Аркус,1,1,late_evening,Поздний вечер
34,2026-08-30,23,1,total,1,Аркус,0,0,late_evening,Поздний вечер
348,2026-08-30,8,1,total,1,Рига Холл,0,0,early_morning,Раннее утро
348,2026-08-30,9,1,total,1,Рига Холл,0,0,morning,Утро
348,2026-08-30,10,1,total,1,Рига Холл,0,0,morning,Утро
348,2026-08-30,11,1,total,1,Рига Холл,0,0,lunch,Обед
348,2026-08-30,12,1,total,1,Рига Холл,0,0,lunch,Обед
348,2026-08-30,13,1,total,1,Рига Холл,0,0,lunch,Обед
348,2026-08-30,14,1,total,1,Рига Холл,0,0,lunch,Обед
348,2026-08-30,15,1,total,1,Рига Холл,0,0,afternoon,После обеда
348,2026-08-30,16,1,total,1,Рига Холл,0,0,afternoon,После обеда
348,2026-08-30,17,1,total,1,Рига Холл,0,0,afternoon,После обеда
348,2026-08-30,18,0,total,1,Рига Холл,-1,1,dinner,Ужин
348,2026-08-30,19,0,total,1,Рига Холл,-1,1,dinner,Ужин
348,2026-08-30,20,0,total,1,Рига Холл,-1,1,dinner,Ужин
35,2026-08-30,8,2,total,3,Ленинский,-1,1,early_morning,Раннее утро
35,2026-08-30,9,4,total,3,Ленинский,1,1,morning,Утро
35,2026-08-30,10,4,total,5,Ленинский,-1,1,morning,Утро
35,2026-08-30,11,4,total,5,Ленинский,-1,1,lunch,Обед
35,2026-08-30,12,4,total,5,Ленинский,-1,1,lunch,Обед
35,2026-08-30,13,4,total,5,Ленинский,-1,1,lunch,Обед
35,2026-08-30,14,4,total,5,Ленинский,-1,1,lunch,Обед
35,2026-08-30,15,4,total,4,Ленинский,0,0,afternoon,После обеда
35,2026-08-30,16,4,total,4,Ленинский,0,0,afternoon,После обеда
35,2026-08-30,17,4,total,4,Ленинский,0,0,afternoon,После обеда
35,2026-08-30,18,3,total,4,Ленинский,-1,1,dinner,Ужин
35,2026-08-30,19,3,total,4,Ленинский,-1,1,dinner,Ужин
35,2026-08-30,20,3,total,2,Ленинский,1,1,dinner,Ужин
35,2026-08-30,21,1,total,2,Ленинский,-1,1,late_evening,Поздний вечер
35,2026-08-30,22,1,total,1,Ленинский,0,0,late_evening,Поздний вечер
38,2026-08-30,8,0,total,1,Нева,-1,1,early_morning,Раннее утро
38,2026-08-30,9,0,total,1,Нева,-1,1,morning,Утро
38,2026-08-30,10,0,total,1,Нева,-1,1,morning,Утро
38,2026-08-30,11,0,total,1,Нева,-1,1,lunch,Обед
38,2026-08-30,12,1,total,1,Нева,0,0,lunch,Обед
38,2026-08-30,13,1,total,1,Нева,0,0,lunch,Обед
38,2026-08-30,14,1,total,1,Нева,0,0,lunch,Обед
38,2026-08-30,15,1,total,1,Нева,0,0,afternoon,После обеда
38,2026-08-30,16,1,total,1,Нева,0,0,afternoon,После обеда
38,2026-08-30,17,1,total,1,Нева,0,0,afternoon,После обеда
38,2026-08-30,18,1,total,1,Нева,0,0,dinner,Ужин
38,2026-08-30,19,1,total,1,Нева,0,0,dinner,Ужин
38,2026-08-30,20,1,total,1,Нева,0,0,dinner,Ужин
38,2026-08-30,21,1,total,1,Нева,0,0,late_evening,Поздний вечер
38,2026-08-30,22,1,total,1,Нева,0,0,late_evening,Поздний вечер
38,2026-08-30,23,0,total,1,Нева,-1,1,late_evening,Поздний вечер
39,2026-08-30,8,4,total,4,Гребной,0,0,early_morning,Раннее утро
39,2026-08-30,9,5,total,4,Гребной,1,1,morning,Утро
39,2026-08-30,10,5,total,4,Гребной,1,1,morning,Утро
39,2026-08-30,11,5,total,4,Гребной,1,1,lunch,Обед
39,2026-08-30,12,5,total,4,Гребной,1,1,lunch,Обед
39,2026-08-30,13,5,total,4,Гребной,1,1,lunch,Обед
39,2026-08-30,14,5,total,4,Гребной,1,1,lunch,Обед
39,2026-08-30,15,5,total,4,Гребной,1,1,afternoon,После обеда
39,2026-08-30,16,4,total,3,Гребной,1,1,afternoon,После обеда
39,2026-08-30,17,4,total,3,Гребной,1,1,afternoon,После обеда
39,2026-08-30,18,4,total,3,Гребной,1,1,dinner,Ужин
39,2026-08-30,19,4,total,3,Гребной,1,1,dinner,Ужин
39,2026-08-30,20,4,total,2,Гребной,2,2,dinner,Ужин
39,2026-08-30,21,1,total,1,Гребной,0,0,late_evening,Поздний вечер
39,2026-08-30,22,1,total,0,Гребной,1,1,late_evening,Поздний вечер
4,2026-08-30,10,3,total,3,Аврора,0,0,morning,Утро
4,2026-08-30,11,3,total,3,Аврора,0,0,lunch,Обед
4,2026-08-30,12,3,total,3,Аврора,0,0,lunch,Обед
4,2026-08-30,13,3,total,3,Аврора,0,0,lunch,Обед
4,2026-08-30,14,3,total,3,Аврора,0,0,lunch,Обед
4,2026-08-30,15,4,total,3,Аврора,1,1,afternoon,После обеда
4,2026-08-30,16,4,total,3,Аврора,1,1,afternoon,После обеда
4,2026-08-30,17,4,total,3,Аврора,1,1,afternoon,После обеда
4,2026-08-30,18,4,total,3,Аврора,1,1,dinner,Ужин
4,2026-08-30,19,4,total,3,Аврора,1,1,dinner,Ужин
4,2026-08-30,20,3,total,3,Аврора,0,0,dinner,Ужин
4,2026-08-30,21,2,total,1,Аврора,1,1,late_evening,Поздний вечер
4,2026-08-30,22,2,total,1,Аврора,1,1,late_evening,Поздний вечер
4,2026-08-30,23,2,total,1,Аврора,1,1,late_evening,Поздний вечер
434,2026-08-30,8,2,total,0,Сколково,2,2,early_morning,Раннее утро
434,2026-08-30,9,2,total,3,Сколково,-1,1,morning,Утро
434,2026-08-30,10,2,total,3,Сколково,-1,1,morning,Утро
434,2026-08-30,11,2,total,3,Сколково,-1,1,lunch,Обед
434,2026-08-30,12,2,total,3,Сколково,-1,1,lunch,Обед
434,2026-08-30,13,2,total,3,Сколково,-1,1,lunch,Обед
434,2026-08-30,14,2,total,3,Сколково,-1,1,lunch,Обед
434,2026-08-30,15,2,total,4,Сколково,-2,2,afternoon,После обеда
434,2026-08-30,16,2,total,3,Сколково,-1,1,afternoon,После обеда
434,2026-08-30,17,2,total,3,Сколково,-1,1,afternoon,После обеда
434,2026-08-30,18,2,total,3,Сколково,-1,1,dinner,Ужин
434,2026-08-30,19,2,total,3,Сколково,-1,1,dinner,Ужин
434,2026-08-30,20,2,total,3,Сколково,-1,1,dinner,Ужин
434,2026-08-30,21,2,total,3,Сколково,-1,1,late_evening,Поздний вечер
47,2026-08-30,12,1,total,0,БТ Царская Площадь,1,1,lunch,Обед
47,2026-08-30,13,1,total,0,БТ Царская Площадь,1,1,lunch,Обед
47,2026-08-30,14,1,total,0,БТ Царская Площадь,1,1,lunch,Обед
47,2026-08-30,15,1,total,0,БТ Царская Площадь,1,1,afternoon,После обеда
47,2026-08-30,16,1,total,0,БТ Царская Площадь,1,1,afternoon,После обеда
47,2026-08-30,17,1,total,0,БТ Царская Площадь,1,1,afternoon,После обеда
479,2026-08-30,0,0,total,2,Покровка,-2,2,deep_night,Глубокая ночь
479,2026-08-30,1,0,total,1,Покровка,-1,1,deep_night,Глубокая ночь
479,2026-08-30,2,0,total,1,Покровка,-1,1,deep_night,Глубокая ночь
479,2026-08-30,3,0,total,1,Покровка,-1,1,deep_night,Глубокая ночь
479,2026-08-30,4,0,total,1,Покровка,-1,1,deep_night,Глубокая ночь
479,2026-08-30,5,0,total,1,Покровка,-1,1,deep_night,Глубокая ночь
479,2026-08-30,6,1,total,1,Покровка,0,0,opening,Открытие
479,2026-08-30,7,1,total,1,Покровка,0,0,opening,Открытие
479,2026-08-30,8,1,total,0,Покровка,1,1,early_morning,Раннее утро
479,2026-08-30,9,1,total,0,Покровка,1,1,morning,Утро
479,2026-08-30,10,1,total,0,Покровка,1,1,morning,Утро
479,2026-08-30,11,1,total,0,Покровка,1,1,lunch,Обед
479,2026-08-30,12,1,total,0,Покровка,1,1,lunch,Обед
479,2026-08-30,13,1,total,0,Покровка,1,1,lunch,Обед
479,2026-08-30,14,1,total,0,Покровка,1,1,lunch,Обед
479,2026-08-30,15,1,total,0,Покровка,1,1,afternoon,После обеда
479,2026-08-30,16,1,total,0,Покровка,1,1,afternoon,После обеда
479,2026-08-30,17,1,total,0,Покровка,1,1,afternoon,После обеда
479,2026-08-30,18,1,total,0,Покровка,1,1,dinner,Ужин
479,2026-08-30,19,1,total,0,Покровка,1,1,dinner,Ужин
479,2026-08-30,20,1,total,0,Покровка,1,1,dinner,Ужин
479,2026-08-30,21,1,total,0,Покровка,1,1,late_evening,Поздний вечер
479,2026-08-30,22,1,total,1,Покровка,0,0,late_evening,Поздний вечер
479,2026-08-30,23,1,total,1,Покровка,0,0,late_evening,Поздний вечер
54,2026-08-30,10,2,total,2,Maroon,0,0,morning,Утро
54,2026-08-30,11,2,total,4,Maroon,-2,2,lunch,Обед
54,2026-08-30,12,3,total,4,Maroon,-1,1,lunch,Обед
54,2026-08-30,13,3,total,4,Maroon,-1,1,lunch,Обед
54,2026-08-30,14,3,total,4,Maroon,-1,1,lunch,Обед
54,2026-08-30,15,3,total,4,Maroon,-1,1,afternoon,После обеда
54,2026-08-30,16,3,total,4,Maroon,-1,1,afternoon,После обеда
54,2026-08-30,17,3,total,4,Maroon,-1,1,afternoon,После обеда
54,2026-08-30,18,3,total,3,Maroon,0,0,dinner,Ужин
54,2026-08-30,19,3,total,4,Maroon,-1,1,dinner,Ужин
54,2026-08-30,20,1,total,4,Maroon,-3,3,dinner,Ужин
54,2026-08-30,21,1,total,4,Maroon,-3,3,late_evening,Поздний вечер
54,2026-08-30,22,1,total,3,Maroon,-2,2,late_evening,Поздний вечер
6,2026-08-30,6,2,total,1,Неглинная,1,1,opening,Открытие
6,2026-08-30,7,2,total,2,Неглинная,0,0,opening,Открытие
6,2026-08-30,8,4,total,2,Неглинная,2,2,early_morning,Раннее утро
6,2026-08-30,9,4,total,2,Неглинная,2,2,morning,Утро
6,2026-08-30,10,4,total,3,Неглинная,1,1,morning,Утро
6,2026-08-30,11,4,total,3,Неглинная,1,1,lunch,Обед
6,2026-08-30,12,4,total,3,Неглинная,1,1,lunch,Обед
6,2026-08-30,13,4,total,3,Неглинная,1,1,lunch,Обед
6,2026-08-30,14,4,total,3,Неглинная,1,1,lunch,Обед
6,2026-08-30,15,4,total,3,Неглинная,1,1,afternoon,После обеда
6,2026-08-30,16,4,total,3,Неглинная,1,1,afternoon,После обеда
6,2026-08-30,17,4,total,3,Неглинная,1,1,afternoon,После обеда
6,2026-08-30,18,3,total,2,Неглинная,1,1,dinner,Ужин
6,2026-08-30,19,3,total,2,Неглинная,1,1,dinner,Ужин
6,2026-08-30,20,3,total,2,Неглинная,1,1,dinner,Ужин
6,2026-08-30,21,1,total,2,Неглинная,-1,1,late_evening,Поздний вечер
6,2026-08-30,22,1,total,2,Неглинная,-1,1,late_evening,Поздний вечер
6,2026-08-30,23,1,total,1,Неглинная,0,0,late_evening,Поздний вечер
69,2026-08-30,7,0,total,6,Опен Мичуринский,-6,6,opening,Открытие
69,2026-08-30,8,6,total,5,Опен Мичуринский,1,1,early_morning,Раннее утро
69,2026-08-30,9,7,total,5,Опен Мичуринский,2,2,morning,Утро
69,2026-08-30,10,7,total,5,Опен Мичуринский,2,2,morning,Утро
69,2026-08-30,11,7,total,5,Опен Мичуринский,2,2,lunch,Обед
69,2026-08-30,12,7,total,5,Опен Мичуринский,2,2,lunch,Обед
69,2026-08-30,13,7,total,5,Опен Мичуринский,2,2,lunch,Обед
69,2026-08-30,14,7,total,5,Опен Мичуринский,2,2,lunch,Обед
69,2026-08-30,15,7,total,5,Опен Мичуринский,2,2,afternoon,После обеда
69,2026-08-30,16,5,total,6,Опен Мичуринский,-1,1,afternoon,После обеда
69,2026-08-30,17,5,total,6,Опен Мичуринский,-1,1,afternoon,После обеда
69,2026-08-30,18,5,total,6,Опен Мичуринский,-1,1,dinner,Ужин
69,2026-08-30,19,5,total,6,Опен Мичуринский,-1,1,dinner,Ужин
69,2026-08-30,20,5,total,5,Опен Мичуринский,0,0,dinner,Ужин
69,2026-08-30,21,2,total,4,Опен Мичуринский,-2,2,late_evening,Поздний вечер
69,2026-08-30,22,2,total,3,Опен Мичуринский,-1,1,late_evening,Поздний вечер
7,2026-08-30,0,1,total,1,Белая Площадь,0,0,deep_night,Глубокая ночь
7,2026-08-30,1,1,total,0,Белая Площадь,1,1,deep_night,Глубокая ночь
7,2026-08-30,2,1,total,1,Белая Площадь,0,0,deep_night,Глубокая ночь
7,2026-08-30,3,1,total,1,Белая Площадь,0,0,deep_night,Глубокая ночь
7,2026-08-30,4,1,total,0,Белая Площадь,1,1,deep_night,Глубокая ночь
7,2026-08-30,5,1,total,2,Белая Площадь,-1,1,deep_night,Глубокая ночь
7,2026-08-30,6,3,total,3,Белая Площадь,0,0,opening,Открытие
7,2026-08-30,7,3,total,4,Белая Площадь,-1,1,opening,Открытие
7,2026-08-30,8,5,total,5,Белая Площадь,0,0,early_morning,Раннее утро
7,2026-08-30,9,5,total,5,Белая Площадь,0,0,morning,Утро
7,2026-08-30,10,5,total,5,Белая Площадь,0,0,morning,Утро
7,2026-08-30,11,5,total,5,Белая Площадь,0,0,lunch,Обед
7,2026-08-30,12,5,total,5,Белая Площадь,0,0,lunch,Обед
7,2026-08-30,13,5,total,5,Белая Площадь,0,0,lunch,Обед
7,2026-08-30,14,5,total,5,Белая Площадь,0,0,lunch,Обед
7,2026-08-30,15,5,total,5,Белая Площадь,0,0,afternoon,После обеда
7,2026-08-30,16,5,total,5,Белая Площадь,0,0,afternoon,После обеда
7,2026-08-30,17,5,total,5,Белая Площадь,0,0,afternoon,После обеда
7,2026-08-30,18,5,total,5,Белая Площадь,0,0,dinner,Ужин
7,2026-08-30,19,5,total,4,Белая Площадь,1,1,dinner,Ужин
7,2026-08-30,20,5,total,2,Белая Площадь,3,3,dinner,Ужин
7,2026-08-30,21,3,total,3,Белая Площадь,0,0,late_evening,Поздний вечер
7,2026-08-30,22,3,total,3,Белая Площадь,0,0,late_evening,Поздний вечер
7,2026-08-30,23,3,total,2,Белая Площадь,1,1,late_evening,Поздний вечер
8,2026-08-30,7,0,total,3,Усачева,-3,3,opening,Открытие
8,2026-08-30,8,4,total,3,Усачева,1,1,early_morning,Раннее утро
8,2026-08-30,9,4,total,5,Усачева,-1,1,morning,Утро
8,2026-08-30,10,4,total,5,Усачева,-1,1,morning,Утро
8,2026-08-30,11,4,total,5,Усачева,-1,1,lunch,Обед
8,2026-08-30,12,4,total,5,Усачева,-1,1,lunch,Обед
8,2026-08-30,13,4,total,5,Усачева,-1,1,lunch,Обед
8,2026-08-30,14,4,total,5,Усачева,-1,1,lunch,Обед
8,2026-08-30,15,4,total,4,Усачева,0,0,afternoon,После обеда
8,2026-08-30,16,3,total,4,Усачева,-1,1,afternoon,После обеда
8,2026-08-30,17,3,total,4,Усачева,-1,1,afternoon,После обеда
8,2026-08-30,18,3,total,4,Усачева,-1,1,dinner,Ужин
8,2026-08-30,19,3,total,4,Усачева,-1,1,dinner,Ужин
8,2026-08-30,20,3,total,2,Усачева,1,1,dinner,Ужин
8,2026-08-30,21,1,total,1,Усачева,0,0,late_evening,Поздний вечер
8,2026-08-30,22,1,total,1,Усачева,0,0,late_evening,Поздний вечер
8,2026-08-30,23,1,total,0,Усачева,1,1,late_evening,Поздний вечер
9,2026-08-30,8,1,total,2,КИНКИ,-1,1,early_morning,Раннее утро
9,2026-08-30,9,1,total,2,КИНКИ,-1,1,morning,Утро
9,2026-08-30,10,1,total,2,КИНКИ,-1,1,morning,Утро
9,2026-08-30,11,1,total,2,КИНКИ,-1,1,lunch,Обед
9,2026-08-30,12,2,total,2,КИНКИ,0,0,lunch,Обед
9,2026-08-30,13,2,total,2,КИНКИ,0,0,lunch,Обед
9,2026-08-30,14,2,total,2,КИНКИ,0,0,lunch,Обед
9,2026-08-30,15,2,total,3,КИНКИ,-1,1,afternoon,После обеда
9,2026-08-30,16,2,total,3,КИНКИ,-1,1,afternoon,После обеда
9,2026-08-30,17,2,total,3,КИНКИ,-1,1,afternoon,После обеда
9,2026-08-30,18,2,total,3,КИНКИ,-1,1,dinner,Ужин
9,2026-08-30,19,2,total,3,КИНКИ,-1,1,dinner,Ужин
9,2026-08-30,20,2,total,3,КИНКИ,-1,1,dinner,Ужин
9,2026-08-30,21,2,total,3,КИНКИ,-1,1,late_evening,Поздний вечер
9,2026-08-30,22,2,total,3,КИНКИ,-1,1,late_evening,Поздний вечер
99,2026-08-30,7,2,total,3,Опен Аркус,-1,1,opening,Открытие
99,2026-08-30,8,5,total,5,Опен Аркус,0,0,early_morning,Раннее утро
99,2026-08-30,9,5,total,5,Опен Аркус,0,0,morning,Утро
99,2026-08-30,10,5,total,5,Опен Аркус,0,0,morning,Утро
99,2026-08-30,11,5,total,5,Опен Аркус,0,0,lunch,Обед
99,2026-08-30,12,5,total,5,Опен Аркус,0,0,lunch,Обед
99,2026-08-30,13,5,total,5,Опен Аркус,0,0,lunch,Обед
99,2026-08-30,14,5,total,5,Опен Аркус,0,0,lunch,Обед
99,2026-08-30,15,5,total,4,Опен Аркус,1,1,afternoon,После обеда
99,2026-08-30,16,4,total,3,Опен Аркус,1,1,afternoon,После обеда
99,2026-08-30,17,4,total,3,Опен Аркус,1,1,afternoon,После обеда
99,2026-08-30,18,3,total,3,Опен Аркус,0,0,dinner,Ужин
99,2026-08-30,19,3,total,3,Опен Аркус,0,0,dinner,Ужин
99,2026-08-30,20,3,total,2,Опен Аркус,1,1,dinner,Ужин
99,2026-08-30,21,1,total,1,Опен Аркус,0,0,late_evening,Поздний вечер
99,2026-08-30,22,1,total,0,Опен Аркус,1,1,late_evening,Поздний вечер
