location_id,group_members,segment_datetime,segment,time_segment,orders_count,prediction,error,abs_error
grp_102_125,"102,125",2026-01-27 18:00:00+03:00,medium,block_18_24,2.0,3.0,1.0,1.0
grp_102_125,"102,125",2026-01-28 00:00:00+03:00,medium,block_00_06,1.0,1.0,0.0,0.0
grp_102_125,"102,125",2026-01-28 06:00:00+03:00,medium,block_06_12,1.0,1.0,0.0,0.0
grp_102_125,"102,125",2026-01-28 12:00:00+03:00,medium,block_12_18,3.0,4.0,1.0,1.0
grp_102_125,"102,125",2026-01-28 18:00:00+03:00,medium,block_18_24,1.0,3.0,2.0,2.0
grp_102_125,"102,125",2026-01-29 00:00:00+03:00,medium,block_00_06,0.0,1.0,1.0,1.0
grp_102_125,"102,125",2026-01-29 06:00:00+03:00,medium,block_06_12,3.0,1.0,-2.0,2.0
grp_102_125,"102,125",2026-01-29 12:00:00+03:00,medium,block_12_18,2.0,4.0,2.0,2.0
grp_102_125,"102,125",2026-01-29 18:00:00+03:00,medium,block_18_24,6.0,2.0,-4.0,4.0
grp_102_125,"102,125",2026-01-30 00:00:00+03:00,medium,block_00_06,1.0,1.0,0.0,0.0
grp_102_125,"102,125",2026-01-30 06:00:00+03:00,medium,block_06_12,2.0,2.0,0.0,0.0
grp_102_125,"102,125",2026-01-30 12:00:00+03:00,medium,block_12_18,14.0,4.0,-10.0,10.0
grp_102_125,"102,125",2026-01-30 18:00:00+03:00,medium,block_18_24,11.0,4.0,-7.0,7.0
grp_102_125,"102,125",2026-01-31 00:00:00+03:00,medium,block_00_06,2.0,2.0,0.0,0.0
grp_102_125,"102,125",2026-01-31 06:00:00+03:00,medium,block_06_12,6.0,2.0,-4.0,4.0
grp_102_125,"102,125",2026-01-31 12:00:00+03:00,medium,block_12_18,6.0,7.0,1.0,1.0
grp_102_125,"102,125",2026-01-31 18:00:00+03:00,medium,block_18_24,7.0,6.0,-1.0,1.0
grp_102_125,"102,125",2026-02-01 00:00:00+03:00,medium,block_00_06,1.0,1.0,0.0,0.0
grp_102_125,"102,125",2026-02-01 06:00:00+03:00,medium,block_06_12,1.0,3.0,2.0,2.0
grp_102_125,"102,125",2026-02-01 12:00:00+03:00,medium,block_12_18,12.0,6.0,-6.0,6.0
grp_102_125,"102,125",2026-02-01 18:00:00+03:00,medium,block_18_24,7.0,6.0,-1.0,1.0
grp_102_125,"102,125",2026-02-02 00:00:00+03:00,medium,block_00_06,2.0,1.0,-1.0,1.0
grp_102_125,"102,125",2026-02-02 06:00:00+03:00,medium,block_06_12,0.0,2.0,2.0,2.0
grp_102_125,"102,125",2026-02-02 12:00:00+03:00,medium,block_12_18,8.0,7.0,-1.0,1.0
grp_102_125,"102,125",2026-02-02 18:00:00+03:00,medium,block_18_24,4.0,6.0,2.0,2.0
grp_102_125,"102,125",2026-02-03 00:00:00+03:00,medium,block_00_06,0.0,1.0,1.0,1.0
grp_102_125,"102,125",2026-02-03 06:00:00+03:00,medium,block_06_12,2.0,2.0,0.0,0.0
grp_102_125,"102,125",2026-02-03 12:00:00+03:00,medium,block_12_18,4.0,6.0,2.0,2.0
grp_102_125,"102,125",2026-02-03 18:00:00+03:00,medium,block_18_24,3.0,4.0,1.0,1.0
grp_102_125,"102,125",2026-02-04 00:00:00+03:00,medium,block_00_06,2.0,1.0,-1.0,1.0
grp_102_125,"102,125",2026-02-04 06:00:00+03:00,medium,block_06_12,2.0,2.0,0.0,0.0
grp_102_125,"102,125",2026-02-04 12:00:00+03:00,medium,block_12_18,4.0,5.0,1.0,1.0
grp_102_125,"102,125",2026-02-04 18:00:00+03:00,medium,block_18_24,4.0,3.0,-1.0,1.0
grp_102_125,"102,125",2026-02-05 00:00:00+03:00,medium,block_00_06,1.0,1.0,0.0,0.0
grp_102_125,"102,125",2026-02-05 06:00:00+03:00,medium,block_06_12,2.0,2.0,0.0,0.0
grp_102_125,"102,125",2026-02-05 12:00:00+03:00,medium,block_12_18,6.0,5.0,-1.0,1.0
grp_102_125,"102,125",2026-02-05 18:00:00+03:00,medium,block_18_24,9.0,5.0,-4.0,4.0
grp_102_125,"102,125",2026-02-06 00:00:00+03:00,medium,block_00_06,1.0,1.0,0.0,0.0
grp_102_125,"102,125",2026-02-06 06:00:00+03:00,medium,block_06_12,2.0,2.0,0.0,0.0
grp_102_125,"102,125",2026-02-06 12:00:00+03:00,medium,block_12_18,6.0,6.0,0.0,0.0
grp_102_125,"102,125",2026-02-06 18:00:00+03:00,medium,block_18_24,9.0,6.0,-3.0,3.0
grp_102_125,"102,125",2026-02-07 00:00:00+03:00,medium,block_00_06,1.0,2.0,1.0,1.0
grp_102_125,"102,125",2026-02-07 06:00:00+03:00,medium,block_06_12,3.0,3.0,0.0,0.0
grp_102_125,"102,125",2026-02-07 12:00:00+03:00,medium,block_12_18,7.0,5.0,-2.0,2.0
grp_102_125,"102,125",2026-02-07 18:00:00+03:00,medium,block_18_24,12.0,5.0,-7.0,7.0
grp_102_125,"102,125",2026-02-08 00:00:00+03:00,medium,block_00_06,2.0,1.0,-1.0,1.0
grp_102_125,"102,125",2026-02-08 06:00:00+03:00,medium,block_06_12,1.0,2.0,1.0,1.0
grp_102_125,"102,125",2026-02-08 12:00:00+03:00,medium,block_12_18,10.0,6.0,-4.0,4.0
grp_102_125,"102,125",2026-02-08 18:00:00+03:00,medium,block_18_24,6.0,7.0,1.0,1.0
grp_102_125,"102,125",2026-02-09 00:00:00+03:00,medium,block_00_06,0.0,2.0,2.0,2.0
grp_102_125,"102,125",2026-02-09 06:00:00+03:00,medium,block_06_12,5.0,1.0,-4.0,4.0
grp_102_125,"102,125",2026-02-09 12:00:00+03:00,medium,block_12_18,4.0,6.0,2.0,2.0
grp_102_125,"102,125",2026-02-09 18:00:00+03:00,medium,block_18_24,5.0,6.0,1.0,1.0
grp_102_125,"102,125",2026-02-10 00:00:00+03:00,medium,block_00_06,1.0,1.0,0.0,0.0
grp_102_125,"102,125",2026-02-10 06:00:00+03:00,medium,block_06_12,1.0,3.0,2.0,2.0
grp_102_125,"102,125",2026-02-10 12:00:00+03:00,medium,block_12_18,8.0,5.0,-3.0,3.0
grp_102_125,"102,125",2026-02-10 18:00:00+03:00,medium,block_18_24,4.0,5.0,1.0,1.0
grp_102_125,"102,125",2026-02-11 00:00:00+03:00,medium,block_00_06,2.0,1.0,-1.0,1.0
grp_102_125,"102,125",2026-02-11 06:00:00+03:00,medium,block_06_12,2.0,2.0,0.0,0.0
grp_102_125,"102,125",2026-02-11 12:00:00+03:00,medium,block_12_18,0.0,5.0,5.0,5.0
grp_102_125,"102,125",2026-02-11 18:00:00+03:00,medium,block_18_24,3.0,5.0,2.0,2.0
grp_102_125,"102,125",2026-02-12 00:00:00+03:00,medium,block_00_06,0.0,1.0,1.0,1.0
grp_102_125,"102,125",2026-02-12 06:00:00+03:00,medium,block_06_12,0.0,2.0,2.0,2.0
grp_102_125,"102,125",2026-02-12 12:00:00+03:00,medium,block_12_18,6.0,3.0,-3.0,3.0
grp_102_125,"102,125",2026-02-12 18:00:00+03:00,medium,block_18_24,4.0,5.0,1.0,1.0
grp_102_125,"102,125",2026-02-13 00:00:00+03:00,medium,block_00_06,0.0,1.0,1.0,1.0
grp_102_125,"102,125",2026-02-13 06:00:00+03:00,medium,block_06_12,3.0,1.0,-2.0,2.0
grp_102_125,"102,125",2026-02-13 12:00:00+03:00,medium,block_12_18,1.0,5.0,4.0,4.0
grp_102_125,"102,125",2026-02-13 18:00:00+03:00,medium,block_18_24,10.0,5.0,-5.0,5.0
grp_102_125,"102,125",2026-02-14 00:00:00+03:00,medium,block_00_06,0.0,1.0,1.0,1.0
grp_102_125,"102,125",2026-02-14 06:00:00+03:00,medium,block_06_12,2.0,3.0,1.0,1.0
grp_102_125,"102,125",2026-02-14 12:00:00+03:00,medium,block_12_18,13.0,3.0,-10.0,10.0
grp_102_125,"102,125",2026-02-14 18:00:00+03:00,medium,block_18_24,23.0,6.0,-17.0,17.0
grp_102_125,"102,125",2026-02-15 00:00:00+03:00,medium,block_00_06,5.0,1.0,-4.0,4.0
grp_102_125,"102,125",2026-02-15 06:00:00+03:00,medium,block_06_12,0.0,2.0,2.0,2.0
grp_102_125,"102,125",2026-02-15 12:00:00+03:00,medium,block_12_18,5.0,5.0,0.0,0.0
grp_102_125,"102,125",2026-02-15 18:00:00+03:00,medium,block_18_24,6.0,8.0,2.0,2.0
grp_102_125,"102,125",2026-02-16 00:00:00+03:00,medium,block_00_06,1.0,2.0,1.0,1.0
grp_102_125,"102,125",2026-02-16 06:00:00+03:00,medium,block_06_12,1.0,2.0,1.0,1.0
grp_102_125,"102,125",2026-02-16 12:00:00+03:00,medium,block_12_18,4.0,5.0,1.0,1.0
grp_102_125,"102,125",2026-02-16 18:00:00+03:00,medium,block_18_24,1.0,7.0,6.0,6.0
grp_102_125,"102,125",2026-02-17 00:00:00+03:00,medium,block_00_06,1.0,1.0,0.0,0.0
grp_102_125,"102,125",2026-02-17 06:00:00+03:00,medium,block_06_12,0.0,1.0,1.0,1.0
grp_102_125,"102,125",2026-02-17 12:00:00+03:00,medium,block_12_18,4.0,5.0,1.0,1.0
grp_102_125,"102,125",2026-02-17 18:00:00+03:00,medium,block_18_24,0.0,5.0,5.0,5.0
grp_102_125,"102,125",2026-02-18 00:00:00+03:00,medium,block_00_06,2.0,2.0,0.0,0.0
grp_102_125,"102,125",2026-02-18 06:00:00+03:00,medium,block_06_12,6.0,1.0,-5.0,5.0
grp_102_125,"102,125",2026-02-18 12:00:00+03:00,medium,block_12_18,8.0,4.0,-4.0,4.0
grp_102_125,"102,125",2026-02-18 18:00:00+03:00,medium,block_18_24,8.0,3.0,-5.0,5.0
grp_102_125,"102,125",2026-02-19 00:00:00+03:00,medium,block_00_06,2.0,2.0,0.0,0.0
grp_102_125,"102,125",2026-02-19 06:00:00+03:00,medium,block_06_12,1.0,3.0,2.0,2.0
grp_102_125,"102,125",2026-02-19 12:00:00+03:00,medium,block_12_18,6.0,6.0,0.0,0.0
grp_102_125,"102,125",2026-02-19 18:00:00+03:00,medium,block_18_24,3.0,4.0,1.0,1.0
grp_102_125,"102,125",2026-02-20 00:00:00+03:00,medium,block_00_06,0.0,2.0,2.0,2.0
grp_102_125,"102,125",2026-02-20 06:00:00+03:00,medium,block_06_12,1.0,2.0,1.0,1.0
grp_102_125,"102,125",2026-02-20 12:00:00+03:00,medium,block_12_18,9.0,4.0,-5.0,5.0
grp_102_125,"102,125",2026-02-20 18:00:00+03:00,medium,block_18_24,13.0,5.0,-8.0,8.0
grp_102_125,"102,125",2026-02-21 00:00:00+03:00,medium,block_00_06,4.0,1.0,-3.0,3.0
grp_102_125,"102,125",2026-02-21 06:00:00+03:00,medium,block_06_12,1.0,2.0,1.0,1.0
grp_102_125,"102,125",2026-02-21 12:00:00+03:00,medium,block_12_18,12.0,6.0,-6.0,6.0
grp_102_125,"102,125",2026-02-21 18:00:00+03:00,medium,block_18_24,6.0,6.0,0.0,0.0
grp_102_125,"102,125",2026-02-22 00:00:00+03:00,medium,block_00_06,2.0,3.0,1.0,1.0
grp_102_125,"102,125",2026-02-22 06:00:00+03:00,medium,block_06_12,3.0,2.0,-1.0,1.0
grp_102_125,"102,125",2026-02-22 12:00:00+03:00,medium,block_12_18,11.0,6.0,-5.0,5.0
grp_102_125,"102,125",2026-02-22 18:00:00+03:00,medium,block_18_24,5.0,5.0,0.0,0.0
grp_102_125,"102,125",2026-02-23 00:00:00+03:00,medium,block_00_06,0.0,2.0,2.0,2.0
grp_102_125,"102,125",2026-02-23 06:00:00+03:00,medium,block_06_12,3.0,2.0,-1.0,1.0
grp_102_125,"102,125",2026-02-23 12:00:00+03:00,medium,block_12_18,7.0,7.0,0.0,0.0
grp_102_125,"102,125",2026-02-23 18:00:00+03:00,medium,block_18_24,6.0,4.0,-2.0,2.0
grp_102_125,"102,125",2026-02-24 00:00:00+03:00,medium,block_00_06,0.0,1.0,1.0,1.0
grp_102_125,"102,125",2026-02-24 06:00:00+03:00,medium,block_06_12,4.0,2.0,-2.0,2.0
grp_102_125,"102,125",2026-02-24 12:00:00+03:00,medium,block_12_18,2.0,7.0,5.0,5.0
grp_102_125,"102,125",2026-02-24 18:00:00+03:00,medium,block_18_24,5.0,4.0,-1.0,1.0
grp_102_125,"102,125",2026-02-25 00:00:00+03:00,medium,block_00_06,2.0,1.0,-1.0,1.0
grp_102_125,"102,125",2026-02-25 06:00:00+03:00,medium,block_06_12,1.0,4.0,3.0,3.0
grp_102_125,"102,125",2026-02-25 12:00:00+03:00,medium,block_12_18,3.0,4.0,1.0,1.0
grp_102_125,"102,125",2026-02-25 18:00:00+03:00,medium,block_18_24,6.0,5.0,-1.0,1.0
grp_102_125,"102,125",2026-02-26 00:00:00+03:00,medium,block_00_06,3.0,2.0,-1.0,1.0
grp_102_125,"102,125",2026-02-26 06:00:00+03:00,medium,block_06_12,0.0,2.0,2.0,2.0
grp_102_125,"102,125",2026-02-26 12:00:00+03:00,medium,block_12_18,2.0,4.0,2.0,2.0
grp_102_125,"102,125",2026-02-26 18:00:00+03:00,medium,block_18_24,7.0,5.0,-2.0,2.0
grp_102_125,"102,125",2026-02-27 00:00:00+03:00,medium,block_00_06,1.0,2.0,1.0,1.0
grp_102_125,"102,125",2026-02-27 06:00:00+03:00,medium,block_06_12,2.0,1.0,-1.0,1.0
grp_102_125,"102,125",2026-02-27 12:00:00+03:00,medium,block_12_18,0.0,4.0,4.0,4.0
grp_102_125,"102,125",2026-02-27 18:00:00+03:00,medium,block_18_24,1.0,6.0,5.0,5.0
grp_102_125,"102,125",2026-02-28 00:00:00+03:00,medium,block_00_06,2.0,2.0,0.0,0.0
grp_102_125,"102,125",2026-02-28 06:00:00+03:00,medium,block_06_12,4.0,1.0,-3.0,3.0
grp_102_125,"102,125",2026-02-28 12:00:00+03:00,medium,block_12_18,4.0,3.0,-1.0,1.0
grp_102_125,"102,125",2026-02-28 18:00:00+03:00,medium,block_18_24,6.0,4.0,-2.0,2.0
grp_102_125,"102,125",2026-03-01 00:00:00+03:00,medium,block_00_06,0.0,2.0,2.0,2.0
grp_102_125,"102,125",2026-03-01 06:00:00+03:00,medium,block_06_12,2.0,3.0,1.0,1.0
grp_102_125,"102,125",2026-03-01 12:00:00+03:00,medium,block_12_18,9.0,4.0,-5.0,5.0
grp_102_125,"102,125",2026-03-01 18:00:00+03:00,medium,block_18_24,4.0,5.0,1.0,1.0
grp_102_125,"102,125",2026-03-02 00:00:00+03:00,medium,block_00_06,1.0,1.0,0.0,0.0
grp_102_125,"102,125",2026-03-02 06:00:00+03:00,medium,block_06_12,2.0,2.0,0.0,0.0
grp_102_125,"102,125",2026-03-02 12:00:00+03:00,medium,block_12_18,1.0,5.0,4.0,4.0
grp_102_125,"102,125",2026-03-02 18:00:00+03:00,medium,block_18_24,1.0,4.0,3.0,3.0
grp_102_125,"102,125",2026-03-03 00:00:00+03:00,medium,block_00_06,1.0,1.0,0.0,0.0
grp_102_125,"102,125",2026-03-03 06:00:00+03:00,medium,block_06_12,0.0,2.0,2.0,2.0
grp_102_125,"102,125",2026-03-03 12:00:00+03:00,medium,block_12_18,6.0,3.0,-3.0,3.0
grp_102_125,"102,125",2026-03-03 18:00:00+03:00,medium,block_18_24,4.0,3.0,-1.0,1.0
grp_102_125,"102,125",2026-03-04 00:00:00+03:00,medium,block_00_06,1.0,1.0,0.0,0.0
grp_102_125,"102,125",2026-03-04 06:00:00+03:00,medium,block_06_12,1.0,1.0,0.0,0.0
grp_102_125,"102,125",2026-03-04 12:00:00+03:00,medium,block_12_18,4.0,5.0,1.0,1.0
grp_102_125,"102,125",2026-03-04 18:00:00+03:00,medium,block_18_24,1.0,4.0,3.0,3.0
grp_102_125,"102,125",2026-03-05 00:00:00+03:00,medium,block_00_06,1.0,1.0,0.0,0.0
grp_102_125,"102,125",2026-03-05 06:00:00+03:00,medium,block_06_12,1.0,1.0,0.0,0.0
grp_102_125,"102,125",2026-03-05 12:00:00+03:00,medium,block_12_18,5.0,4.0,-1.0,1.0
grp_102_125,"102,125",2026-03-05 18:00:00+03:00,medium,block_18_24,7.0,3.0,-4.0,4.0
grp_102_125,"102,125",2026-03-06 00:00:00+03:00,medium,block_00_06,0.0,1.0,1.0,1.0
grp_102_125,"102,125",2026-03-06 06:00:00+03:00,medium,block_06_12,3.0,1.0,-2.0,2.0
grp_102_125,"102,125",2026-03-06 12:00:00+03:00,medium,block_12_18,9.0,4.0,-5.0,5.0
grp_102_125,"102,125",2026-03-06 18:00:00+03:00,medium,block_18_24,15.0,4.0,-11.0,11.0
grp_102_125,"102,125",2026-03-07 00:00:00+03:00,medium,block_00_06,2.0,1.0,-1.0,1.0
grp_102_125,"102,125",2026-03-07 06:00:00+03:00,medium,block_06_12,0.0,3.0,3.0,3.0
grp_102_125,"102,125",2026-03-07 12:00:00+03:00,medium,block_12_18,5.0,5.0,0.0,0.0
grp_102_125,"102,125",2026-03-07 18:00:00+03:00,medium,block_18_24,12.0,6.0,-6.0,6.0
grp_102_125,"102,125",2026-03-08 00:00:00+03:00,medium,block_00_06,1.0,1.0,0.0,0.0
grp_102_125,"102,125",2026-03-08 06:00:00+03:00,medium,block_06_12,2.0,1.0,-1.0,1.0
grp_102_125,"102,125",2026-03-08 12:00:00+03:00,medium,block_12_18,18.0,5.0,-13.0,13.0
grp_102_125,"102,125",2026-03-08 18:00:00+03:00,medium,block_18_24,14.0,6.0,-8.0,8.0
grp_102_125,"102,125",2026-03-09 00:00:00+03:00,medium,block_00_06,0.0,1.0,1.0,1.0
grp_102_125,"102,125",2026-03-09 06:00:00+03:00,medium,block_06_12,0.0,2.0,2.0,2.0
grp_102_125,"102,125",2026-03-09 12:00:00+03:00,medium,block_12_18,7.0,7.0,0.0,0.0
grp_102_125,"102,125",2026-03-09 18:00:00+03:00,medium,block_18_24,8.0,7.0,-1.0,1.0
grp_102_125,"102,125",2026-03-10 00:00:00+03:00,medium,block_00_06,0.0,1.0,1.0,1.0
grp_102_125,"102,125",2026-03-10 06:00:00+03:00,medium,block_06_12,1.0,1.0,0.0,0.0
grp_102_125,"102,125",2026-03-10 12:00:00+03:00,medium,block_12_18,4.0,7.0,3.0,3.0
grp_102_125,"102,125",2026-03-10 18:00:00+03:00,medium,block_18_24,3.0,7.0,4.0,4.0
grp_102_125,"102,125",2026-03-11 00:00:00+03:00,medium,block_00_06,0.0,1.0,1.0,1.0
grp_102_125,"102,125",2026-03-11 06:00:00+03:00,medium,block_06_12,4.0,1.0,-3.0,3.0
grp_102_125,"102,125",2026-03-11 12:00:00+03:00,medium,block_12_18,2.0,6.0,4.0,4.0
grp_102_125,"102,125",2026-03-11 18:00:00+03:00,medium,block_18_24,5.0,4.0,-1.0,1.0
grp_102_125,"102,125",2026-03-12 00:00:00+03:00,medium,block_00_06,1.0,1.0,0.0,0.0
grp_102_125,"102,125",2026-03-12 06:00:00+03:00,medium,block_06_12,0.0,2.0,2.0,2.0
grp_102_125,"102,125",2026-03-12 12:00:00+03:00,medium,block_12_18,4.0,5.0,1.0,1.0
grp_102_125,"102,125",2026-03-12 18:00:00+03:00,medium,block_18_24,1.0,5.0,4.0,4.0
grp_102_125,"102,125",2026-03-13 00:00:00+03:00,medium,block_00_06,0.0,1.0,1.0,1.0
grp_102_125,"102,125",2026-03-13 06:00:00+03:00,medium,block_06_12,3.0,2.0,-1.0,1.0
grp_102_125,"102,125",2026-03-13 12:00:00+03:00,medium,block_12_18,6.0,5.0,-1.0,1.0
grp_102_125,"102,125",2026-03-13 18:00:00+03:00,medium,block_18_24,4.0,4.0,0.0,0.0
grp_102_125,"102,125",2026-03-14 00:00:00+03:00,medium,block_00_06,2.0,1.0,-1.0,1.0
grp_102_125,"102,125",2026-03-14 06:00:00+03:00,medium,block_06_12,2.0,2.0,0.0,0.0
grp_102_125,"102,125",2026-03-14 12:00:00+03:00,medium,block_12_18,3.0,5.0,2.0,2.0
grp_102_125,"102,125",2026-03-14 18:00:00+03:00,medium,block_18_24,4.0,5.0,1.0,1.0
grp_102_125,"102,125",2026-03-15 00:00:00+03:00,medium,block_00_06,1.0,1.0,0.0,0.0
grp_102_125,"102,125",2026-03-15 06:00:00+03:00,medium,block_06_12,0.0,2.0,2.0,2.0
grp_102_125,"102,125",2026-03-15 12:00:00+03:00,medium,block_12_18,1.0,5.0,4.0,4.0
grp_102_125,"102,125",2026-03-15 18:00:00+03:00,medium,block_18_24,10.0,5.0,-5.0,5.0
grp_102_125,"102,125",2026-03-16 00:00:00+03:00,medium,block_00_06,1.0,1.0,0.0,0.0
grp_102_125,"102,125",2026-03-16 06:00:00+03:00,medium,block_06_12,2.0,1.0,-1.0,1.0
grp_102_125,"102,125",2026-03-16 12:00:00+03:00,medium,block_12_18,2.0,3.0,1.0,1.0
grp_102_125,"102,125",2026-03-16 18:00:00+03:00,medium,block_18_24,4.0,5.0,1.0,1.0
grp_102_125,"102,125",2026-03-17 00:00:00+03:00,medium,block_00_06,2.0,1.0,-1.0,1.0
grp_102_125,"102,125",2026-03-17 06:00:00+03:00,medium,block_06_12,2.0,2.0,0.0,0.0
grp_102_125,"102,125",2026-03-17 12:00:00+03:00,medium,block_12_18,5.0,3.0,-2.0,2.0
grp_102_125,"102,125",2026-03-17 18:00:00+03:00,medium,block_18_24,8.0,4.0,-4.0,4.0
grp_102_125,"102,125",2026-03-18 00:00:00+03:00,medium,block_00_06,0.0,1.0,1.0,1.0
grp_102_125,"102,125",2026-03-18 06:00:00+03:00,medium,block_06_12,3.0,2.0,-1.0,1.0
grp_102_125,"102,125",2026-03-18 12:00:00+03:00,medium,block_12_18,7.0,3.0,-4.0,4.0
grp_102_125,"102,125",2026-03-18 18:00:00+03:00,medium,block_18_24,2.0,5.0,3.0,3.0
grp_102_125,"102,125",2026-03-19 00:00:00+03:00,medium,block_00_06,0.0,1.0,1.0,1.0
grp_102_125,"102,125",2026-03-19 06:00:00+03:00,medium,block_06_12,1.0,2.0,1.0,1.0
grp_102_125,"102,125",2026-03-19 12:00:00+03:00,medium,block_12_18,2.0,5.0,3.0,3.0
grp_102_125,"102,125",2026-03-19 18:00:00+03:00,medium,block_18_24,2.0,3.0,1.0,1.0
grp_102_125,"102,125",2026-03-20 00:00:00+03:00,medium,block_00_06,0.0,1.0,1.0,1.0
grp_102_125,"102,125",2026-03-20 06:00:00+03:00,medium,block_06_12,2.0,2.0,0.0,0.0
grp_102_125,"102,125",2026-03-20 12:00:00+03:00,medium,block_12_18,3.0,4.0,1.0,1.0
grp_102_125,"102,125",2026-03-20 18:00:00+03:00,medium,block_18_24,8.0,4.0,-4.0,4.0
grp_102_125,"102,125",2026-03-21 00:00:00+03:00,medium,block_00_06,3.0,1.0,-2.0,2.0
grp_102_125,"102,125",2026-03-21 06:00:00+03:00,medium,block_06_12,0.0,2.0,2.0,2.0
grp_102_125,"102,125",2026-03-21 12:00:00+03:00,medium,block_12_18,2.0,3.0,1.0,1.0
grp_102_125,"102,125",2026-03-21 18:00:00+03:00,medium,block_18_24,7.0,5.0,-2.0,2.0
grp_102_125,"102,125",2026-03-22 00:00:00+03:00,medium,block_00_06,1.0,2.0,1.0,1.0
grp_102_125,"102,125",2026-03-22 06:00:00+03:00,medium,block_06_12,4.0,1.0,-3.0,3.0
grp_102_125,"102,125",2026-03-22 12:00:00+03:00,medium,block_12_18,3.0,2.0,-1.0,1.0
grp_102_125,"102,125",2026-03-22 18:00:00+03:00,medium,block_18_24,10.0,5.0,-5.0,5.0
grp_102_125,"102,125",2026-03-23 00:00:00+03:00,medium,block_00_06,2.0,1.0,-1.0,1.0
grp_102_125,"102,125",2026-03-23 06:00:00+03:00,medium,block_06_12,0.0,3.0,3.0,3.0
grp_102_125,"102,125",2026-03-23 12:00:00+03:00,medium,block_12_18,2.0,3.0,1.0,1.0
grp_102_125,"102,125",2026-03-23 18:00:00+03:00,medium,block_18_24,2.0,6.0,4.0,4.0
grp_102_125,"102,125",2026-03-24 00:00:00+03:00,medium,block_00_06,0.0,2.0,2.0,2.0
grp_102_125,"102,125",2026-03-24 06:00:00+03:00,medium,block_06_12,0.0,1.0,1.0,1.0
grp_102_125,"102,125",2026-03-24 12:00:00+03:00,medium,block_12_18,3.0,3.0,0.0,0.0
grp_102_125,"102,125",2026-03-24 18:00:00+03:00,medium,block_18_24,3.0,4.0,1.0,1.0
grp_102_125,"102,125",2026-03-25 00:00:00+03:00,medium,block_00_06,1.0,1.0,0.0,0.0
grp_102_125,"102,125",2026-03-25 06:00:00+03:00,medium,block_06_12,0.0,2.0,2.0,2.0
grp_102_125,"102,125",2026-03-25 12:00:00+03:00,medium,block_12_18,5.0,3.0,-2.0,2.0
grp_102_125,"102,125",2026-03-25 18:00:00+03:00,medium,block_18_24,1.0,4.0,3.0,3.0
grp_102_125,"102,125",2026-03-26 00:00:00+03:00,medium,block_00_06,0.0,1.0,1.0,1.0
grp_102_125,"102,125",2026-03-26 06:00:00+03:00,medium,block_06_12,0.0,1.0,1.0,1.0
grp_102_125,"102,125",2026-03-26 12:00:00+03:00,medium,block_12_18,1.0,3.0,2.0,2.0
grp_102_125,"102,125",2026-03-26 18:00:00+03:00,medium,block_18_24,2.0,2.0,0.0,0.0
grp_102_125,"102,125",2026-03-27 00:00:00+03:00,medium,block_00_06,1.0,1.0,0.0,0.0
grp_102_125,"102,125",2026-03-27 06:00:00+03:00,medium,block_06_12,0.0,1.0,1.0,1.0
grp_102_125,"102,125",2026-03-27 12:00:00+03:00,medium,block_12_18,4.0,2.0,-2.0,2.0
grp_102_125,"102,125",2026-03-27 18:00:00+03:00,medium,block_18_24,5.0,3.0,-2.0,2.0
grp_102_125,"102,125",2026-03-28 00:00:00+03:00,medium,block_00_06,2.0,2.0,0.0,0.0
grp_102_125,"102,125",2026-03-28 06:00:00+03:00,medium,block_06_12,2.0,1.0,-1.0,1.0
grp_102_125,"102,125",2026-03-28 12:00:00+03:00,medium,block_12_18,4.0,3.0,-1.0,1.0
grp_102_125,"102,125",2026-03-28 18:00:00+03:00,medium,block_18_24,6.0,4.0,-2.0,2.0
grp_102_125,"102,125",2026-03-29 00:00:00+03:00,medium,block_00_06,0.0,1.0,1.0,1.0
grp_102_125,"102,125",2026-03-29 06:00:00+03:00,medium,block_06_12,0.0,2.0,2.0,2.0
grp_102_125,"102,125",2026-03-29 12:00:00+03:00,medium,block_12_18,1.0,3.0,2.0,2.0
grp_102_125,"102,125",2026-03-29 18:00:00+03:00,medium,block_18_24,3.0,5.0,2.0,2.0
grp_102_125,"102,125",2026-03-30 00:00:00+03:00,medium,block_00_06,1.0,1.0,0.0,0.0
grp_102_125,"102,125",2026-03-30 06:00:00+03:00,medium,block_06_12,1.0,1.0,0.0,0.0
grp_102_125,"102,125",2026-03-30 12:00:00+03:00,medium,block_12_18,5.0,2.0,-3.0,3.0
grp_102_125,"102,125",2026-03-30 18:00:00+03:00,medium,block_18_24,1.0,3.0,2.0,2.0
grp_102_125,"102,125",2026-03-31 00:00:00+03:00,medium,block_00_06,0.0,1.0,1.0,1.0
grp_102_125,"102,125",2026-03-31 06:00:00+03:00,medium,block_06_12,0.0,1.0,1.0,1.0
grp_102_125,"102,125",2026-03-31 12:00:00+03:00,medium,block_12_18,3.0,3.0,0.0,0.0
grp_102_125,"102,125",2026-03-31 18:00:00+03:00,medium,block_18_24,4.0,2.0,-2.0,2.0
grp_102_125,"102,125",2026-04-01 00:00:00+03:00,medium,block_00_06,1.0,1.0,0.0,0.0
grp_102_125,"102,125",2026-04-01 06:00:00+03:00,medium,block_06_12,0.0,1.0,1.0,1.0
grp_102_125,"102,125",2026-04-01 12:00:00+03:00,medium,block_12_18,3.0,3.0,0.0,0.0
grp_102_125,"102,125",2026-04-01 18:00:00+03:00,medium,block_18_24,4.0,3.0,-1.0,1.0
grp_102_125,"102,125",2026-04-02 00:00:00+03:00,medium,block_00_06,0.0,1.0,1.0,1.0
grp_102_125,"102,125",2026-04-02 06:00:00+03:00,medium,block_06_12,0.0,1.0,1.0,1.0
grp_102_125,"102,125",2026-04-02 12:00:00+03:00,medium,block_12_18,7.0,2.0,-5.0,5.0
grp_102_125,"102,125",2026-04-02 18:00:00+03:00,medium,block_18_24,4.0,3.0,-1.0,1.0
grp_102_125,"102,125",2026-04-03 00:00:00+03:00,medium,block_00_06,0.0,1.0,1.0,1.0
grp_102_125,"102,125",2026-04-03 06:00:00+03:00,medium,block_06_12,2.0,1.0,-1.0,1.0
grp_102_125,"102,125",2026-04-03 12:00:00+03:00,medium,block_12_18,7.0,5.0,-2.0,2.0
grp_102_125,"102,125",2026-04-03 18:00:00+03:00,medium,block_18_24,11.0,4.0,-7.0,7.0
grp_102_125,"102,125",2026-04-04 00:00:00+03:00,medium,block_00_06,0.0,1.0,1.0,1.0
grp_102_125,"102,125",2026-04-04 06:00:00+03:00,medium,block_06_12,1.0,1.0,0.0,0.0
grp_102_125,"102,125",2026-04-04 12:00:00+03:00,medium,block_12_18,6.0,5.0,-1.0,1.0
grp_102_125,"102,125",2026-04-04 18:00:00+03:00,medium,block_18_24,4.0,6.0,2.0,2.0
grp_102_125,"102,125",2026-04-05 00:00:00+03:00,medium,block_00_06,2.0,1.0,-1.0,1.0
grp_102_125,"102,125",2026-04-05 06:00:00+03:00,medium,block_06_12,1.0,1.0,0.0,0.0
grp_102_125,"102,125",2026-04-05 12:00:00+03:00,medium,block_12_18,6.0,4.0,-2.0,2.0
grp_102_125,"102,125",2026-04-05 18:00:00+03:00,medium,block_18_24,5.0,4.0,-1.0,1.0
grp_102_125,"102,125",2026-04-06 00:00:00+03:00,medium,block_00_06,1.0,1.0,0.0,0.0
grp_102_125,"102,125",2026-04-06 06:00:00+03:00,medium,block_06_12,1.0,1.0,0.0,0.0
grp_102_125,"102,125",2026-04-06 12:00:00+03:00,medium,block_12_18,6.0,5.0,-1.0,1.0
grp_102_125,"102,125",2026-04-06 18:00:00+03:00,medium,block_18_24,4.0,4.0,0.0,0.0
grp_102_125,"102,125",2026-04-07 00:00:00+03:00,medium,block_00_06,1.0,1.0,0.0,0.0
grp_102_125,"102,125",2026-04-07 06:00:00+03:00,medium,block_06_12,1.0,1.0,0.0,0.0
grp_102_125,"102,125",2026-04-07 12:00:00+03:00,medium,block_12_18,4.0,5.0,1.0,1.0
grp_102_125,"102,125",2026-04-07 18:00:00+03:00,medium,block_18_24,9.0,5.0,-4.0,4.0
grp_102_125,"102,125",2026-04-08 00:00:00+03:00,medium,block_00_06,1.0,1.0,0.0,0.0
grp_102_125,"102,125",2026-04-08 06:00:00+03:00,medium,block_06_12,0.0,1.0,1.0,1.0
grp_102_125,"102,125",2026-04-08 12:00:00+03:00,medium,block_12_18,6.0,4.0,-2.0,2.0
grp_102_125,"102,125",2026-04-08 18:00:00+03:00,medium,block_18_24,3.0,5.0,2.0,2.0
grp_102_125,"102,125",2026-04-09 00:00:00+03:00,medium,block_00_06,3.0,1.0,-2.0,2.0
grp_102_125,"102,125",2026-04-09 06:00:00+03:00,medium,block_06_12,3.0,1.0,-2.0,2.0
grp_102_125,"102,125",2026-04-09 12:00:00+03:00,medium,block_12_18,7.0,5.0,-2.0,2.0
grp_102_125,"102,125",2026-04-09 18:00:00+03:00,medium,block_18_24,6.0,4.0,-2.0,2.0
grp_102_125,"102,125",2026-04-10 00:00:00+03:00,medium,block_00_06,1.0,2.0,1.0,1.0
grp_102_125,"102,125",2026-04-10 06:00:00+03:00,medium,block_06_12,1.0,2.0,1.0,1.0
grp_102_125,"102,125",2026-04-10 12:00:00+03:00,medium,block_12_18,11.0,5.0,-6.0,6.0
grp_102_125,"102,125",2026-04-10 18:00:00+03:00,medium,block_18_24,6.0,6.0,0.0,0.0
grp_102_125,"102,125",2026-04-11 00:00:00+03:00,medium,block_00_06,2.0,1.0,-1.0,1.0
grp_102_125,"102,125",2026-04-11 06:00:00+03:00,medium,block_06_12,2.0,1.0,-1.0,1.0
grp_102_125,"102,125",2026-04-11 12:00:00+03:00,medium,block_12_18,6.0,6.0,0.0,0.0
grp_102_125,"102,125",2026-04-11 18:00:00+03:00,medium,block_18_24,9.0,5.0,-4.0,4.0
grp_102_125,"102,125",2026-04-12 00:00:00+03:00,medium,block_00_06,1.0,2.0,1.0,1.0
grp_102_125,"102,125",2026-04-12 06:00:00+03:00,medium,block_06_12,1.0,2.0,1.0,1.0
grp_102_125,"102,125",2026-04-12 12:00:00+03:00,medium,block_12_18,11.0,5.0,-6.0,6.0
grp_102_125,"102,125",2026-04-12 18:00:00+03:00,medium,block_18_24,4.0,6.0,2.0,2.0
grp_102_125,"102,125",2026-04-13 00:00:00+03:00,medium,block_00_06,0.0,1.0,1.0,1.0
grp_102_125,"102,125",2026-04-13 06:00:00+03:00,medium,block_06_12,1.0,1.0,0.0,0.0
grp_102_125,"102,125",2026-04-13 12:00:00+03:00,medium,block_12_18,6.0,7.0,1.0,1.0
grp_102_125,"102,125",2026-04-13 18:00:00+03:00,medium,block_18_24,6.0,5.0,-1.0,1.0
grp_122_131,"122,131",2026-01-27 18:00:00+03:00,medium,block_18_24,0.0,1.0,1.0,1.0
grp_122_131,"122,131",2026-01-28 06:00:00+03:00,medium,block_06_12,1.0,0.0,-1.0,1.0
grp_122_131,"122,131",2026-01-28 12:00:00+03:00,medium,block_12_18,3.0,2.0,-1.0,1.0
grp_122_131,"122,131",2026-01-28 18:00:00+03:00,medium,block_18_24,0.0,1.0,1.0,1.0
grp_122_131,"122,131",2026-01-29 06:00:00+03:00,medium,block_06_12,0.0,1.0,1.0,1.0
grp_122_131,"122,131",2026-01-29 12:00:00+03:00,medium,block_12_18,2.0,2.0,0.0,0.0
grp_122_131,"122,131",2026-01-29 18:00:00+03:00,medium,block_18_24,3.0,1.0,-2.0,2.0
grp_122_131,"122,131",2026-01-30 06:00:00+03:00,medium,block_06_12,1.0,1.0,0.0,0.0
grp_122_131,"122,131",2026-01-30 12:00:00+03:00,medium,block_12_18,1.0,2.0,1.0,1.0
grp_122_131,"122,131",2026-01-30 18:00:00+03:00,medium,block_18_24,5.0,1.0,-4.0,4.0
grp_122_131,"122,131",2026-01-31 06:00:00+03:00,medium,block_06_12,0.0,1.0,1.0,1.0
grp_122_131,"122,131",2026-01-31 12:00:00+03:00,medium,block_12_18,1.0,1.0,0.0,0.0
grp_122_131,"122,131",2026-01-31 18:00:00+03:00,medium,block_18_24,3.0,2.0,-1.0,1.0
grp_122_131,"122,131",2026-02-01 06:00:00+03:00,medium,block_06_12,0.0,0.0,0.0,0.0
grp_122_131,"122,131",2026-02-01 12:00:00+03:00,medium,block_12_18,3.0,1.0,-2.0,2.0
grp_122_131,"122,131",2026-02-01 18:00:00+03:00,medium,block_18_24,3.0,2.0,-1.0,1.0
grp_122_131,"122,131",2026-02-02 06:00:00+03:00,medium,block_06_12,0.0,0.0,0.0,0.0
grp_122_131,"122,131",2026-02-02 12:00:00+03:00,medium,block_12_18,3.0,1.0,-2.0,2.0
grp_122_131,"122,131",2026-02-02 18:00:00+03:00,medium,block_18_24,1.0,2.0,1.0,1.0
grp_122_131,"122,131",2026-02-03 06:00:00+03:00,medium,block_06_12,0.0,0.0,0.0,0.0
grp_122_131,"122,131",2026-02-03 12:00:00+03:00,medium,block_12_18,1.0,2.0,1.0,1.0
grp_122_131,"122,131",2026-02-03 18:00:00+03:00,medium,block_18_24,4.0,1.0,-3.0,3.0
grp_122_131,"122,131",2026-02-04 06:00:00+03:00,medium,block_06_12,0.0,0.0,0.0,0.0
grp_122_131,"122,131",2026-02-04 12:00:00+03:00,medium,block_12_18,3.0,2.0,-1.0,1.0
grp_122_131,"122,131",2026-02-04 18:00:00+03:00,medium,block_18_24,1.0,2.0,1.0,1.0
grp_122_131,"122,131",2026-02-05 06:00:00+03:00,medium,block_06_12,0.0,0.0,0.0,0.0
grp_122_131,"122,131",2026-02-05 12:00:00+03:00,medium,block_12_18,2.0,2.0,0.0,0.0
grp_122_131,"122,131",2026-02-05 18:00:00+03:00,medium,block_18_24,1.0,2.0,1.0,1.0
grp_122_131,"122,131",2026-02-06 06:00:00+03:00,medium,block_06_12,0.0,0.0,0.0,0.0
grp_122_131,"122,131",2026-02-06 12:00:00+03:00,medium,block_12_18,1.0,1.0,0.0,0.0
grp_122_131,"122,131",2026-02-06 18:00:00+03:00,medium,block_18_24,2.0,2.0,0.0,0.0
grp_122_131,"122,131",2026-02-07 06:00:00+03:00,medium,block_06_12,1.0,0.0,-1.0,1.0
grp_122_131,"122,131",2026-02-07 12:00:00+03:00,medium,block_12_18,1.0,1.0,0.0,0.0
grp_122_131,"122,131",2026-02-07 18:00:00+03:00,medium,block_18_24,2.0,1.0,-1.0,1.0
grp_122_131,"122,131",2026-02-08 06:00:00+03:00,medium,block_06_12,0.0,1.0,1.0,1.0
grp_122_131,"122,131",2026-02-08 12:00:00+03:00,medium,block_12_18,4.0,1.0,-3.0,3.0
grp_122_131,"122,131",2026-02-08 18:00:00+03:00,medium,block_18_24,1.0,2.0,1.0,1.0
grp_122_131,"122,131",2026-02-09 06:00:00+03:00,medium,block_06_12,0.0,0.0,0.0,0.0
grp_122_131,"122,131",2026-02-09 12:00:00+03:00,medium,block_12_18,2.0,2.0,0.0,0.0
grp_122_131,"122,131",2026-02-09 18:00:00+03:00,medium,block_18_24,1.0,1.0,0.0,0.0
grp_122_131,"122,131",2026-02-10 06:00:00+03:00,medium,block_06_12,0.0,0.0,0.0,0.0
grp_122_131,"122,131",2026-02-10 12:00:00+03:00,medium,block_12_18,0.0,1.0,1.0,1.0
grp_122_131,"122,131",2026-02-10 18:00:00+03:00,medium,block_18_24,3.0,1.0,-2.0,2.0
grp_122_131,"122,131",2026-02-11 06:00:00+03:00,medium,block_06_12,0.0,0.0,0.0,0.0
grp_122_131,"122,131",2026-02-11 12:00:00+03:00,medium,block_12_18,3.0,1.0,-2.0,2.0
grp_122_131,"122,131",2026-02-11 18:00:00+03:00,medium,block_18_24,2.0,1.0,-1.0,1.0
grp_122_131,"122,131",2026-02-12 06:00:00+03:00,medium,block_06_12,0.0,0.0,0.0,0.0
grp_122_131,"122,131",2026-02-12 12:00:00+03:00,medium,block_12_18,1.0,2.0,1.0,1.0
grp_122_131,"122,131",2026-02-12 18:00:00+03:00,medium,block_18_24,1.0,1.0,0.0,0.0
grp_122_131,"122,131",2026-02-13 06:00:00+03:00,medium,block_06_12,1.0,0.0,-1.0,1.0
grp_122_131,"122,131",2026-02-13 12:00:00+03:00,medium,block_12_18,2.0,1.0,-1.0,1.0
grp_122_131,"122,131",2026-02-13 18:00:00+03:00,medium,block_18_24,5.0,1.0,-4.0,4.0
grp_122_131,"122,131",2026-02-14 06:00:00+03:00,medium,block_06_12,0.0,1.0,1.0,1.0
grp_122_131,"122,131",2026-02-14 12:00:00+03:00,medium,block_12_18,3.0,1.0,-2.0,2.0
grp_122_131,"122,131",2026-02-14 18:00:00+03:00,medium,block_18_24,5.0,2.0,-3.0,3.0
grp_122_131,"122,131",2026-02-15 06:00:00+03:00,medium,block_06_12,0.0,0.0,0.0,0.0
grp_122_131,"122,131",2026-02-15 12:00:00+03:00,medium,block_12_18,1.0,2.0,1.0,1.0
grp_122_131,"122,131",2026-02-15 18:00:00+03:00,medium,block_18_24,3.0,2.0,-1.0,1.0
grp_122_131,"122,131",2026-02-16 06:00:00+03:00,medium,block_06_12,0.0,0.0,0.0,0.0
grp_122_131,"122,131",2026-02-16 12:00:00+03:00,medium,block_12_18,3.0,1.0,-2.0,2.0
grp_122_131,"122,131",2026-02-16 18:00:00+03:00,medium,block_18_24,0.0,2.0,2.0,2.0
grp_122_131,"122,131",2026-02-17 06:00:00+03:00,medium,block_06_12,0.0,0.0,0.0,0.0
grp_122_131,"122,131",2026-02-17 12:00:00+03:00,medium,block_12_18,4.0,1.0,-3.0,3.0
grp_122_131,"122,131",2026-02-17 18:00:00+03:00,medium,block_18_24,1.0,2.0,1.0,1.0
grp_122_131,"122,131",2026-02-18 06:00:00+03:00,medium,block_06_12,0.0,0.0,0.0,0.0
grp_122_131,"122,131",2026-02-18 12:00:00+03:00,medium,block_12_18,0.0,2.0,2.0,2.0
grp_122_131,"122,131",2026-02-18 18:00:00+03:00,medium,block_18_24,2.0,1.0,-1.0,1.0
grp_122_131,"122,131",2026-02-19 06:00:00+03:00,medium,block_06_12,0.0,0.0,0.0,0.0
grp_122_131,"122,131",2026-02-19 12:00:00+03:00,medium,block_12_18,3.0,1.0,-2.0,2.0
grp_122_131,"122,131",2026-02-19 18:00:00+03:00,medium,block_18_24,1.0,1.0,0.0,0.0
grp_122_131,"122,131",2026-02-20 06:00:00+03:00,medium,block_06_12,0.0,0.0,0.0,0.0
grp_122_131,"122,131",2026-02-20 12:00:00+03:00,medium,block_12_18,4.0,2.0,-2.0,2.0
grp_122_131,"122,131",2026-02-20 18:00:00+03:00,medium,block_18_24,1.0,2.0,1.0,1.0
grp_122_131,"122,131",2026-02-21 06:00:00+03:00,medium,block_06_12,0.0,0.0,0.0,0.0
grp_122_131,"122,131",2026-02-21 12:00:00+03:00,medium,block_12_18,3.0,2.0,-1.0,1.0
grp_122_131,"122,131",2026-02-21 18:00:00+03:00,medium,block_18_24,4.0,2.0,-2.0,2.0
grp_122_131,"122,131",2026-02-22 06:00:00+03:00,medium,block_06_12,0.0,0.0,0.0,0.0
grp_122_131,"122,131",2026-02-22 12:00:00+03:00,medium,block_12_18,0.0,2.0,2.0,2.0
grp_122_131,"122,131",2026-02-22 18:00:00+03:00,medium,block_18_24,6.0,2.0,-4.0,4.0
grp_122_131,"122,131",2026-02-23 06:00:00+03:00,medium,block_06_12,0.0,0.0,0.0,0.0
grp_122_131,"122,131",2026-02-23 12:00:00+03:00,medium,block_12_18,2.0,1.0,-1.0,1.0
grp_122_131,"122,131",2026-02-23 18:00:00+03:00,medium,block_18_24,1.0,2.0,1.0,1.0
grp_122_131,"122,131",2026-02-24 06:00:00+03:00,medium,block_06_12,0.0,0.0,0.0,0.0
grp_122_131,"122,131",2026-02-24 12:00:00+03:00,medium,block_12_18,2.0,2.0,0.0,0.0
grp_122_131,"122,131",2026-02-24 18:00:00+03:00,medium,block_18_24,1.0,2.0,1.0,1.0
grp_122_131,"122,131",2026-02-25 06:00:00+03:00,medium,block_06_12,0.0,0.0,0.0,0.0
grp_122_131,"122,131",2026-02-25 12:00:00+03:00,medium,block_12_18,3.0,1.0,-2.0,2.0
grp_122_131,"122,131",2026-02-25 18:00:00+03:00,medium,block_18_24,2.0,2.0,0.0,0.0
grp_122_131,"122,131",2026-02-26 06:00:00+03:00,medium,block_06_12,0.0,0.0,0.0,0.0
grp_122_131,"122,131",2026-02-26 12:00:00+03:00,medium,block_12_18,3.0,2.0,-1.0,1.0
grp_122_131,"122,131",2026-02-26 18:00:00+03:00,medium,block_18_24,3.0,1.0,-2.0,2.0
grp_122_131,"122,131",2026-02-27 06:00:00+03:00,medium,block_06_12,0.0,0.0,0.0,0.0
grp_122_131,"122,131",2026-02-27 12:00:00+03:00,medium,block_12_18,3.0,2.0,-1.0,1.0
grp_122_131,"122,131",2026-02-27 18:00:00+03:00,medium,block_18_24,0.0,2.0,2.0,2.0
grp_122_131,"122,131",2026-02-28 06:00:00+03:00,medium,block_06_12,0.0,0.0,0.0,0.0
grp_122_131,"122,131",2026-02-28 12:00:00+03:00,medium,block_12_18,2.0,2.0,0.0,0.0
grp_122_131,"122,131",2026-02-28 18:00:00+03:00,medium,block_18_24,0.0,2.0,2.0,2.0
grp_122_131,"122,131",2026-03-01 06:00:00+03:00,medium,block_06_12,1.0,0.0,-1.0,1.0
grp_122_131,"122,131",2026-03-01 12:00:00+03:00,medium,block_12_18,2.0,1.0,-1.0,1.0
grp_122_131,"122,131",2026-03-01 18:00:00+03:00,medium,block_18_24,5.0,2.0,-3.0,3.0
grp_122_131,"122,131",2026-03-02 06:00:00+03:00,medium,block_06_12,0.0,1.0,1.0,1.0
grp_122_131,"122,131",2026-03-02 12:00:00+03:00,medium,block_12_18,1.0,2.0,1.0,1.0
grp_122_131,"122,131",2026-03-02 18:00:00+03:00,medium,block_18_24,1.0,2.0,1.0,1.0
grp_122_131,"122,131",2026-03-03 06:00:00+03:00,medium,block_06_12,0.0,0.0,0.0,0.0
grp_122_131,"122,131",2026-03-03 12:00:00+03:00,medium,block_12_18,1.0,1.0,0.0,0.0
grp_122_131,"122,131",2026-03-03 18:00:00+03:00,medium,block_18_24,1.0,1.0,0.0,0.0
grp_122_131,"122,131",2026-03-04 06:00:00+03:00,medium,block_06_12,0.0,0.0,0.0,0.0
grp_122_131,"122,131",2026-03-04 12:00:00+03:00,medium,block_12_18,1.0,1.0,0.0,0.0
grp_122_131,"122,131",2026-03-04 18:00:00+03:00,medium,block_18_24,2.0,1.0,-1.0,1.0
grp_122_131,"122,131",2026-03-05 06:00:00+03:00,medium,block_06_12,0.0,0.0,0.0,0.0
grp_122_131,"122,131",2026-03-05 12:00:00+03:00,medium,block_12_18,0.0,1.0,1.0,1.0
grp_122_131,"122,131",2026-03-05 18:00:00+03:00,medium,block_18_24,3.0,2.0,-1.0,1.0
grp_122_131,"122,131",2026-03-06 06:00:00+03:00,medium,block_06_12,0.0,0.0,0.0,0.0
grp_122_131,"122,131",2026-03-06 12:00:00+03:00,medium,block_12_18,1.0,1.0,0.0,0.0
grp_122_131,"122,131",2026-03-06 18:00:00+03:00,medium,block_18_24,2.0,1.0,-1.0,1.0
grp_122_131,"122,131",2026-03-07 06:00:00+03:00,medium,block_06_12,0.0,0.0,0.0,0.0
grp_122_131,"122,131",2026-03-07 12:00:00+03:00,medium,block_12_18,1.0,1.0,0.0,0.0
grp_122_131,"122,131",2026-03-07 18:00:00+03:00,medium,block_18_24,3.0,1.0,-2.0,2.0
grp_122_131,"122,131",2026-03-08 06:00:00+03:00,medium,block_06_12,0.0,0.0,0.0,0.0
grp_122_131,"122,131",2026-03-08 12:00:00+03:00,medium,block_12_18,2.0,1.0,-1.0,1.0
grp_122_131,"122,131",2026-03-08 18:00:00+03:00,medium,block_18_24,3.0,2.0,-1.0,1.0
grp_122_131,"122,131",2026-03-09 06:00:00+03:00,medium,block_06_12,0.0,0.0,0.0,0.0
grp_122_131,"122,131",2026-03-09 12:00:00+03:00,medium,block_12_18,2.0,1.0,-1.0,1.0
grp_122_131,"122,131",2026-03-09 18:00:00+03:00,medium,block_18_24,1.0,1.0,0.0,0.0
grp_122_131,"122,131",2026-03-10 06:00:00+03:00,medium,block_06_12,0.0,0.0,0.0,0.0
grp_122_131,"122,131",2026-03-10 12:00:00+03:00,medium,block_12_18,3.0,1.0,-2.0,2.0
grp_122_131,"122,131",2026-03-10 18:00:00+03:00,medium,block_18_24,0.0,1.0,1.0,1.0
grp_122_131,"122,131",2026-03-11 06:00:00+03:00,medium,block_06_12,0.0,0.0,0.0,0.0
grp_122_131,"122,131",2026-03-11 12:00:00+03:00,medium,block_12_18,3.0,1.0,-2.0,2.0
grp_122_131,"122,131",2026-03-11 18:00:00+03:00,medium,block_18_24,1.0,1.0,0.0,0.0
grp_122_131,"122,131",2026-03-12 06:00:00+03:00,medium,block_06_12,0.0,0.0,0.0,0.0
grp_122_131,"122,131",2026-03-12 12:00:00+03:00,medium,block_12_18,4.0,1.0,-3.0,3.0
grp_122_131,"122,131",2026-03-12 18:00:00+03:00,medium,block_18_24,0.0,1.0,1.0,1.0
grp_122_131,"122,131",2026-03-13 06:00:00+03:00,medium,block_06_12,0.0,0.0,0.0,0.0
grp_122_131,"122,131",2026-03-13 12:00:00+03:00,medium,block_12_18,2.0,2.0,0.0,0.0
grp_122_131,"122,131",2026-03-13 18:00:00+03:00,medium,block_18_24,1.0,1.0,0.0,0.0
grp_122_131,"122,131",2026-03-14 06:00:00+03:00,medium,block_06_12,0.0,0.0,0.0,0.0
grp_122_131,"122,131",2026-03-14 12:00:00+03:00,medium,block_12_18,0.0,1.0,1.0,1.0
grp_122_131,"122,131",2026-03-14 18:00:00+03:00,medium,block_18_24,8.0,1.0,-7.0,7.0
grp_122_131,"122,131",2026-03-15 06:00:00+03:00,medium,block_06_12,0.0,0.0,0.0,0.0
grp_122_131,"122,131",2026-03-15 12:00:00+03:00,medium,block_12_18,1.0,1.0,0.0,0.0
grp_122_131,"122,131",2026-03-15 18:00:00+03:00,medium,block_18_24,1.0,3.0,2.0,2.0
grp_122_131,"122,131",2026-03-16 06:00:00+03:00,medium,block_06_12,1.0,0.0,-1.0,1.0
grp_122_131,"122,131",2026-03-16 12:00:00+03:00,medium,block_12_18,0.0,1.0,1.0,1.0
grp_122_131,"122,131",2026-03-16 18:00:00+03:00,medium,block_18_24,2.0,1.0,-1.0,1.0
grp_122_131,"122,131",2026-03-17 06:00:00+03:00,medium,block_06_12,0.0,1.0,1.0,1.0
grp_122_131,"122,131",2026-03-17 12:00:00+03:00,medium,block_12_18,1.0,1.0,0.0,0.0
grp_122_131,"122,131",2026-03-17 18:00:00+03:00,medium,block_18_24,4.0,2.0,-2.0,2.0
grp_122_131,"122,131",2026-03-18 06:00:00+03:00,medium,block_06_12,0.0,0.0,0.0,0.0
grp_122_131,"122,131",2026-03-18 12:00:00+03:00,medium,block_12_18,2.0,1.0,-1.0,1.0
grp_122_131,"122,131",2026-03-18 18:00:00+03:00,medium,block_18_24,2.0,2.0,0.0,0.0
grp_122_131,"122,131",2026-03-19 06:00:00+03:00,medium,block_06_12,1.0,0.0,-1.0,1.0
grp_122_131,"122,131",2026-03-19 12:00:00+03:00,medium,block_12_18,0.0,2.0,2.0,2.0
grp_122_131,"122,131",2026-03-19 18:00:00+03:00,medium,block_18_24,2.0,1.0,-1.0,1.0
grp_122_131,"122,131",2026-03-20 06:00:00+03:00,medium,block_06_12,1.0,1.0,0.0,0.0
grp_122_131,"122,131",2026-03-20 12:00:00+03:00,medium,block_12_18,1.0,1.0,0.0,0.0
grp_122_131,"122,131",2026-03-20 18:00:00+03:00,medium,block_18_24,1.0,2.0,1.0,1.0
grp_122_131,"122,131",2026-03-21 06:00:00+03:00,medium,block_06_12,0.0,1.0,1.0,1.0
grp_122_131,"122,131",2026-03-21 12:00:00+03:00,medium,block_12_18,4.0,1.0,-3.0,3.0
grp_122_131,"122,131",2026-03-21 18:00:00+03:00,medium,block_18_24,0.0,2.0,2.0,2.0
grp_122_131,"122,131",2026-03-22 06:00:00+03:00,medium,block_06_12,0.0,0.0,0.0,0.0
grp_122_131,"122,131",2026-03-22 12:00:00+03:00,medium,block_12_18,0.0,2.0,2.0,2.0
grp_122_131,"122,131",2026-03-22 18:00:00+03:00,medium,block_18_24,3.0,1.0,-2.0,2.0
grp_122_131,"122,131",2026-03-23 06:00:00+03:00,medium,block_06_12,0.0,1.0,1.0,1.0
grp_122_131,"122,131",2026-03-23 12:00:00+03:00,medium,block_12_18,1.0,1.0,0.0,0.0
grp_122_131,"122,131",2026-03-23 18:00:00+03:00,medium,block_18_24,0.0,1.0,1.0,1.0
grp_122_131,"122,131",2026-03-24 06:00:00+03:00,medium,block_06_12,0.0,0.0,0.0,0.0
grp_122_131,"122,131",2026-03-24 12:00:00+03:00,medium,block_12_18,1.0,1.0,0.0,0.0
grp_122_131,"122,131",2026-03-24 18:00:00+03:00,medium,block_18_24,3.0,1.0,-2.0,2.0
grp_122_131,"122,131",2026-03-25 06:00:00+03:00,medium,block_06_12,0.0,0.0,0.0,0.0
grp_122_131,"122,131",2026-03-25 12:00:00+03:00,medium,block_12_18,0.0,1.0,1.0,1.0
grp_122_131,"122,131",2026-03-25 18:00:00+03:00,medium,block_18_24,2.0,1.0,-1.0,1.0
grp_122_131,"122,131",2026-03-26 06:00:00+03:00,medium,block_06_12,1.0,0.0,-1.0,1.0
grp_122_131,"122,131",2026-03-26 12:00:00+03:00,medium,block_12_18,1.0,1.0,0.0,0.0
grp_122_131,"122,131",2026-03-26 18:00:00+03:00,medium,block_18_24,1.0,1.0,0.0,0.0
grp_122_131,"122,131",2026-03-27 06:00:00+03:00,medium,block_06_12,0.0,1.0,1.0,1.0
grp_122_131,"122,131",2026-03-27 12:00:00+03:00,medium,block_12_18,4.0,1.0,-3.0,3.0
grp_122_131,"122,131",2026-03-27 18:00:00+03:00,medium,block_18_24,2.0,1.0,-1.0,1.0
grp_122_131,"122,131",2026-03-28 06:00:00+03:00,medium,block_06_12,0.0,0.0,0.0,0.0
grp_122_131,"122,131",2026-03-28 12:00:00+03:00,medium,block_12_18,1.0,2.0,1.0,1.0
grp_122_131,"122,131",2026-03-28 18:00:00+03:00,medium,block_18_24,1.0,1.0,0.0,0.0
grp_122_131,"122,131",2026-03-29 06:00:00+03:00,medium,block_06_12,0.0,0.0,0.0,0.0
grp_122_131,"122,131",2026-03-29 12:00:00+03:00,medium,block_12_18,3.0,1.0,-2.0,2.0
grp_122_131,"122,131",2026-03-29 18:00:00+03:00,medium,block_18_24,2.0,1.0,-1.0,1.0
grp_122_131,"122,131",2026-03-30 06:00:00+03:00,medium,block_06_12,0.0,0.0,0.0,0.0
grp_122_131,"122,131",2026-03-30 12:00:00+03:00,medium,block_12_18,4.0,2.0,-2.0,2.0
grp_122_131,"122,131",2026-03-30 18:00:00+03:00,medium,block_18_24,2.0,1.0,-1.0,1.0
grp_122_131,"122,131",2026-03-31 06:00:00+03:00,medium,block_06_12,0.0,0.0,0.0,0.0
grp_122_131,"122,131",2026-03-31 12:00:00+03:00,medium,block_12_18,1.0,2.0,1.0,1.0
grp_122_131,"122,131",2026-03-31 18:00:00+03:00,medium,block_18_24,1.0,2.0,1.0,1.0
grp_122_131,"122,131",2026-04-01 06:00:00+03:00,medium,block_06_12,0.0,0.0,0.0,0.0
grp_122_131,"122,131",2026-04-01 12:00:00+03:00,medium,block_12_18,2.0,1.0,-1.0,1.0
grp_122_131,"122,131",2026-04-01 18:00:00+03:00,medium,block_18_24,1.0,1.0,0.0,0.0
grp_122_131,"122,131",2026-04-02 06:00:00+03:00,medium,block_06_12,0.0,0.0,0.0,0.0
grp_122_131,"122,131",2026-04-02 12:00:00+03:00,medium,block_12_18,0.0,1.0,1.0,1.0
grp_122_131,"122,131",2026-04-02 18:00:00+03:00,medium,block_18_24,2.0,1.0,-1.0,1.0
grp_122_131,"122,131",2026-04-03 06:00:00+03:00,medium,block_06_12,0.0,0.0,0.0,0.0
grp_122_131,"122,131",2026-04-03 12:00:00+03:00,medium,block_12_18,0.0,1.0,1.0,1.0
grp_122_131,"122,131",2026-04-03 18:00:00+03:00,medium,block_18_24,3.0,1.0,-2.0,2.0
grp_122_131,"122,131",2026-04-04 06:00:00+03:00,medium,block_06_12,0.0,0.0,0.0,0.0
grp_122_131,"122,131",2026-04-04 12:00:00+03:00,medium,block_12_18,0.0,1.0,1.0,1.0
grp_122_131,"122,131",2026-04-04 18:00:00+03:00,medium,block_18_24,0.0,1.0,1.0,1.0
grp_122_131,"122,131",2026-04-05 06:00:00+03:00,medium,block_06_12,0.0,0.0,0.0,0.0
grp_122_131,"122,131",2026-04-05 12:00:00+03:00,medium,block_12_18,1.0,1.0,0.0,0.0
grp_122_131,"122,131",2026-04-05 18:00:00+03:00,medium,block_18_24,2.0,1.0,-1.0,1.0
grp_122_131,"122,131",2026-04-06 06:00:00+03:00,medium,block_06_12,0.0,0.0,0.0,0.0
grp_122_131,"122,131",2026-04-06 12:00:00+03:00,medium,block_12_18,0.0,1.0,1.0,1.0
grp_122_131,"122,131",2026-04-06 18:00:00+03:00,medium,block_18_24,0.0,1.0,1.0,1.0
grp_122_131,"122,131",2026-04-07 06:00:00+03:00,medium,block_06_12,0.0,0.0,0.0,0.0
grp_122_131,"122,131",2026-04-07 12:00:00+03:00,medium,block_12_18,0.0,1.0,1.0,1.0
grp_122_131,"122,131",2026-04-07 18:00:00+03:00,medium,block_18_24,3.0,1.0,-2.0,2.0
grp_122_131,"122,131",2026-04-08 06:00:00+03:00,medium,block_06_12,0.0,0.0,0.0,0.0
grp_122_131,"122,131",2026-04-08 12:00:00+03:00,medium,block_12_18,3.0,1.0,-2.0,2.0
grp_122_131,"122,131",2026-04-08 18:00:00+03:00,medium,block_18_24,1.0,1.0,0.0,0.0
grp_122_131,"122,131",2026-04-09 06:00:00+03:00,medium,block_06_12,0.0,0.0,0.0,0.0
grp_122_131,"122,131",2026-04-09 12:00:00+03:00,medium,block_12_18,0.0,1.0,1.0,1.0
grp_122_131,"122,131",2026-04-09 18:00:00+03:00,medium,block_18_24,5.0,1.0,-4.0,4.0
grp_122_131,"122,131",2026-04-10 06:00:00+03:00,medium,block_06_12,0.0,0.0,0.0,0.0
grp_122_131,"122,131",2026-04-10 12:00:00+03:00,medium,block_12_18,1.0,1.0,0.0,0.0
grp_122_131,"122,131",2026-04-10 18:00:00+03:00,medium,block_18_24,4.0,2.0,-2.0,2.0
grp_122_131,"122,131",2026-04-11 06:00:00+03:00,medium,block_06_12,0.0,0.0,0.0,0.0
grp_122_131,"122,131",2026-04-11 12:00:00+03:00,medium,block_12_18,4.0,1.0,-3.0,3.0
grp_122_131,"122,131",2026-04-11 18:00:00+03:00,medium,block_18_24,1.0,2.0,1.0,1.0
grp_122_131,"122,131",2026-04-12 06:00:00+03:00,medium,block_06_12,0.0,0.0,0.0,0.0
grp_122_131,"122,131",2026-04-12 12:00:00+03:00,medium,block_12_18,2.0,2.0,0.0,0.0
grp_122_131,"122,131",2026-04-12 18:00:00+03:00,medium,block_18_24,2.0,2.0,0.0,0.0
grp_122_131,"122,131",2026-04-13 06:00:00+03:00,medium,block_06_12,0.0,0.0,0.0,0.0
grp_122_131,"122,131",2026-04-13 12:00:00+03:00,medium,block_12_18,1.0,1.0,0.0,0.0
grp_122_131,"122,131",2026-04-13 18:00:00+03:00,medium,block_18_24,1.0,1.0,0.0,0.0
grp_130_139,"130,139",2026-01-27 18:00:00+03:00,medium,block_18_24,1.0,1.0,0.0,0.0
grp_130_139,"130,139",2026-01-28 06:00:00+03:00,medium,block_06_12,0.0,0.0,0.0,0.0
grp_130_139,"130,139",2026-01-28 12:00:00+03:00,medium,block_12_18,1.0,2.0,1.0,1.0
grp_130_139,"130,139",2026-01-28 18:00:00+03:00,medium,block_18_24,2.0,1.0,-1.0,1.0
grp_130_139,"130,139",2026-01-29 06:00:00+03:00,medium,block_06_12,0.0,0.0,0.0,0.0
grp_130_139,"130,139",2026-01-29 12:00:00+03:00,medium,block_12_18,2.0,1.0,-1.0,1.0
grp_130_139,"130,139",2026-01-29 18:00:00+03:00,medium,block_18_24,6.0,1.0,-5.0,5.0
grp_130_139,"130,139",2026-01-30 06:00:00+03:00,medium,block_06_12,0.0,0.0,0.0,0.0
grp_130_139,"130,139",2026-01-30 12:00:00+03:00,medium,block_12_18,3.0,2.0,-1.0,1.0
grp_130_139,"130,139",2026-01-30 18:00:00+03:00,medium,block_18_24,4.0,3.0,-1.0,1.0
grp_130_139,"130,139",2026-01-31 06:00:00+03:00,medium,block_06_12,0.0,0.0,0.0,0.0
grp_130_139,"130,139",2026-01-31 12:00:00+03:00,medium,block_12_18,7.0,2.0,-5.0,5.0
grp_130_139,"130,139",2026-01-31 18:00:00+03:00,medium,block_18_24,6.0,3.0,-3.0,3.0
grp_130_139,"130,139",2026-02-01 06:00:00+03:00,medium,block_06_12,0.0,0.0,0.0,0.0
grp_130_139,"130,139",2026-02-01 12:00:00+03:00,medium,block_12_18,7.0,4.0,-3.0,3.0
grp_130_139,"130,139",2026-02-01 18:00:00+03:00,medium,block_18_24,3.0,4.0,1.0,1.0
grp_130_139,"130,139",2026-02-02 06:00:00+03:00,medium,block_06_12,0.0,0.0,0.0,0.0
grp_130_139,"130,139",2026-02-02 12:00:00+03:00,medium,block_12_18,6.0,4.0,-2.0,2.0
grp_130_139,"130,139",2026-02-02 18:00:00+03:00,medium,block_18_24,1.0,2.0,1.0,1.0
grp_130_139,"130,139",2026-02-03 06:00:00+03:00,medium,block_06_12,1.0,0.0,-1.0,1.0
grp_130_139,"130,139",2026-02-03 12:00:00+03:00,medium,block_12_18,5.0,4.0,-1.0,1.0
grp_130_139,"130,139",2026-02-03 18:00:00+03:00,medium,block_18_24,4.0,2.0,-2.0,2.0
grp_130_139,"130,139",2026-02-04 06:00:00+03:00,medium,block_06_12,0.0,1.0,1.0,1.0
grp_130_139,"130,139",2026-02-04 12:00:00+03:00,medium,block_12_18,5.0,3.0,-2.0,2.0
grp_130_139,"130,139",2026-02-04 18:00:00+03:00,medium,block_18_24,1.0,2.0,1.0,1.0
grp_130_139,"130,139",2026-02-05 06:00:00+03:00,medium,block_06_12,0.0,0.0,0.0,0.0
grp_130_139,"130,139",2026-02-05 12:00:00+03:00,medium,block_12_18,5.0,3.0,-2.0,2.0
grp_130_139,"130,139",2026-02-05 18:00:00+03:00,medium,block_18_24,2.0,2.0,0.0,0.0
grp_130_139,"130,139",2026-02-06 06:00:00+03:00,medium,block_06_12,0.0,0.0,0.0,0.0
grp_130_139,"130,139",2026-02-06 12:00:00+03:00,medium,block_12_18,3.0,4.0,1.0,1.0
grp_130_139,"130,139",2026-02-06 18:00:00+03:00,medium,block_18_24,3.0,2.0,-1.0,1.0
grp_130_139,"130,139",2026-02-07 06:00:00+03:00,medium,block_06_12,0.0,0.0,0.0,0.0
grp_130_139,"130,139",2026-02-07 12:00:00+03:00,medium,block_12_18,6.0,3.0,-3.0,3.0
grp_130_139,"130,139",2026-02-07 18:00:00+03:00,medium,block_18_24,5.0,3.0,-2.0,2.0
grp_130_139,"130,139",2026-02-08 06:00:00+03:00,medium,block_06_12,1.0,0.0,-1.0,1.0
grp_130_139,"130,139",2026-02-08 12:00:00+03:00,medium,block_12_18,2.0,4.0,2.0,2.0
grp_130_139,"130,139",2026-02-08 18:00:00+03:00,medium,block_18_24,3.0,3.0,0.0,0.0
grp_130_139,"130,139",2026-02-09 06:00:00+03:00,medium,block_06_12,0.0,1.0,1.0,1.0
grp_130_139,"130,139",2026-02-09 12:00:00+03:00,medium,block_12_18,7.0,3.0,-4.0,4.0
grp_130_139,"130,139",2026-02-09 18:00:00+03:00,medium,block_18_24,2.0,2.0,0.0,0.0
grp_130_139,"130,139",2026-02-10 06:00:00+03:00,medium,block_06_12,2.0,1.0,-1.0,1.0
grp_130_139,"130,139",2026-02-10 12:00:00+03:00,medium,block_12_18,4.0,5.0,1.0,1.0
grp_130_139,"130,139",2026-02-10 18:00:00+03:00,medium,block_18_24,1.0,2.0,1.0,1.0
grp_130_139,"130,139",2026-02-11 06:00:00+03:00,medium,block_06_12,0.0,1.0,1.0,1.0
grp_130_139,"130,139",2026-02-11 12:00:00+03:00,medium,block_12_18,5.0,4.0,-1.0,1.0
grp_130_139,"130,139",2026-02-11 18:00:00+03:00,medium,block_18_24,2.0,1.0,-1.0,1.0
grp_130_139,"130,139",2026-02-12 06:00:00+03:00,medium,block_06_12,1.0,1.0,0.0,0.0
grp_130_139,"130,139",2026-02-12 12:00:00+03:00,medium,block_12_18,4.0,4.0,0.0,0.0
grp_130_139,"130,139",2026-02-12 18:00:00+03:00,medium,block_18_24,1.0,2.0,1.0,1.0
grp_130_139,"130,139",2026-02-13 06:00:00+03:00,medium,block_06_12,1.0,1.0,0.0,0.0
grp_130_139,"130,139",2026-02-13 12:00:00+03:00,medium,block_12_18,5.0,4.0,-1.0,1.0
grp_130_139,"130,139",2026-02-13 18:00:00+03:00,medium,block_18_24,2.0,2.0,0.0,0.0
grp_130_139,"130,139",2026-02-14 06:00:00+03:00,medium,block_06_12,0.0,1.0,1.0,1.0
grp_130_139,"130,139",2026-02-14 12:00:00+03:00,medium,block_12_18,6.0,4.0,-2.0,2.0
grp_130_139,"130,139",2026-02-14 18:00:00+03:00,medium,block_18_24,13.0,2.0,-11.0,11.0
grp_130_139,"130,139",2026-02-15 06:00:00+03:00,medium,block_06_12,1.0,1.0,0.0,0.0
grp_130_139,"130,139",2026-02-15 12:00:00+03:00,medium,block_12_18,7.0,4.0,-3.0,3.0
grp_130_139,"130,139",2026-02-15 18:00:00+03:00,medium,block_18_24,6.0,5.0,-1.0,1.0
grp_130_139,"130,139",2026-02-16 06:00:00+03:00,medium,block_06_12,0.0,1.0,1.0,1.0
grp_130_139,"130,139",2026-02-16 12:00:00+03:00,medium,block_12_18,5.0,4.0,-1.0,1.0
grp_130_139,"130,139",2026-02-16 18:00:00+03:00,medium,block_18_24,4.0,4.0,0.0,0.0
grp_130_139,"130,139",2026-02-17 06:00:00+03:00,medium,block_06_12,0.0,1.0,1.0,1.0
grp_130_139,"130,139",2026-02-17 12:00:00+03:00,medium,block_12_18,5.0,4.0,-1.0,1.0
grp_130_139,"130,139",2026-02-17 18:00:00+03:00,medium,block_18_24,1.0,3.0,2.0,2.0
grp_130_139,"130,139",2026-02-18 06:00:00+03:00,medium,block_06_12,0.0,0.0,0.0,0.0
grp_130_139,"130,139",2026-02-18 12:00:00+03:00,medium,block_12_18,4.0,4.0,0.0,0.0
grp_130_139,"130,139",2026-02-18 18:00:00+03:00,medium,block_18_24,3.0,2.0,-1.0,1.0
grp_130_139,"130,139",2026-02-19 06:00:00+03:00,medium,block_06_12,0.0,1.0,1.0,1.0
grp_130_139,"130,139",2026-02-19 12:00:00+03:00,medium,block_12_18,6.0,4.0,-2.0,2.0
grp_130_139,"130,139",2026-02-19 18:00:00+03:00,medium,block_18_24,3.0,2.0,-1.0,1.0
grp_130_139,"130,139",2026-02-20 06:00:00+03:00,medium,block_06_12,0.0,1.0,1.0,1.0
grp_130_139,"130,139",2026-02-20 12:00:00+03:00,medium,block_12_18,4.0,4.0,0.0,0.0
grp_130_139,"130,139",2026-02-20 18:00:00+03:00,medium,block_18_24,4.0,3.0,-1.0,1.0
grp_130_139,"130,139",2026-02-21 06:00:00+03:00,medium,block_06_12,0.0,0.0,0.0,0.0
grp_130_139,"130,139",2026-02-21 12:00:00+03:00,medium,block_12_18,4.0,4.0,0.0,0.0
grp_130_139,"130,139",2026-02-21 18:00:00+03:00,medium,block_18_24,3.0,4.0,1.0,1.0
grp_130_139,"130,139",2026-02-22 06:00:00+03:00,medium,block_06_12,0.0,1.0,1.0,1.0
grp_130_139,"130,139",2026-02-22 12:00:00+03:00,medium,block_12_18,5.0,4.0,-1.0,1.0
grp_130_139,"130,139",2026-02-22 18:00:00+03:00,medium,block_18_24,5.0,3.0,-2.0,2.0
grp_130_139,"130,139",2026-02-23 06:00:00+03:00,medium,block_06_12,0.0,0.0,0.0,0.0
grp_130_139,"130,139",2026-02-23 12:00:00+03:00,medium,block_12_18,5.0,4.0,-1.0,1.0
grp_130_139,"130,139",2026-02-23 18:00:00+03:00,medium,block_18_24,7.0,3.0,-4.0,4.0
grp_130_139,"130,139",2026-02-24 06:00:00+03:00,medium,block_06_12,0.0,0.0,0.0,0.0
grp_130_139,"130,139",2026-02-24 12:00:00+03:00,medium,block_12_18,2.0,4.0,2.0,2.0
grp_130_139,"130,139",2026-02-24 18:00:00+03:00,medium,block_18_24,2.0,3.0,1.0,1.0
grp_130_139,"130,139",2026-02-25 06:00:00+03:00,medium,block_06_12,1.0,0.0,-1.0,1.0
grp_130_139,"130,139",2026-02-25 12:00:00+03:00,medium,block_12_18,3.0,3.0,0.0,0.0
grp_130_139,"130,139",2026-02-25 18:00:00+03:00,medium,block_18_24,3.0,3.0,0.0,0.0
grp_130_139,"130,139",2026-02-26 06:00:00+03:00,medium,block_06_12,0.0,1.0,1.0,1.0
grp_130_139,"130,139",2026-02-26 12:00:00+03:00,medium,block_12_18,3.0,3.0,0.0,0.0
grp_130_139,"130,139",2026-02-26 18:00:00+03:00,medium,block_18_24,2.0,3.0,1.0,1.0
grp_130_139,"130,139",2026-02-27 06:00:00+03:00,medium,block_06_12,0.0,0.0,0.0,0.0
grp_130_139,"130,139",2026-02-27 12:00:00+03:00,medium,block_12_18,3.0,2.0,-1.0,1.0
grp_130_139,"130,139",2026-02-27 18:00:00+03:00,medium,block_18_24,2.0,2.0,0.0,0.0
grp_130_139,"130,139",2026-02-28 06:00:00+03:00,medium,block_06_12,0.0,0.0,0.0,0.0
grp_130_139,"130,139",2026-02-28 12:00:00+03:00,medium,block_12_18,2.0,2.0,0.0,0.0
grp_130_139,"130,139",2026-02-28 18:00:00+03:00,medium,block_18_24,3.0,2.0,-1.0,1.0
grp_130_139,"130,139",2026-03-01 06:00:00+03:00,medium,block_06_12,0.0,0.0,0.0,0.0
grp_130_139,"130,139",2026-03-01 12:00:00+03:00,medium,block_12_18,2.0,2.0,0.0,0.0
grp_130_139,"130,139",2026-03-01 18:00:00+03:00,medium,block_18_24,7.0,3.0,-4.0,4.0
grp_130_139,"130,139",2026-03-02 06:00:00+03:00,medium,block_06_12,0.0,0.0,0.0,0.0
grp_130_139,"130,139",2026-03-02 12:00:00+03:00,medium,block_12_18,1.0,2.0,1.0,1.0
grp_130_139,"130,139",2026-03-02 18:00:00+03:00,medium,block_18_24,1.0,4.0,3.0,3.0
grp_130_139,"130,139",2026-03-03 06:00:00+03:00,medium,block_06_12,0.0,0.0,0.0,0.0
grp_130_139,"130,139",2026-03-03 12:00:00+03:00,medium,block_12_18,1.0,1.0,0.0,0.0
grp_130_139,"130,139",2026-03-03 18:00:00+03:00,medium,block_18_24,0.0,2.0,2.0,2.0
grp_130_139,"130,139",2026-03-04 06:00:00+03:00,medium,block_06_12,0.0,0.0,0.0,0.0
grp_130_139,"130,139",2026-03-04 12:00:00+03:00,medium,block_12_18,2.0,2.0,0.0,0.0
grp_130_139,"130,139",2026-03-04 18:00:00+03:00,medium,block_18_24,0.0,2.0,2.0,2.0
grp_130_139,"130,139",2026-03-05 06:00:00+03:00,medium,block_06_12,0.0,0.0,0.0,0.0
grp_130_139,"130,139",2026-03-05 12:00:00+03:00,medium,block_12_18,1.0,2.0,1.0,1.0
grp_130_139,"130,139",2026-03-05 18:00:00+03:00,medium,block_18_24,1.0,1.0,0.0,0.0
grp_130_139,"130,139",2026-03-06 06:00:00+03:00,medium,block_06_12,0.0,0.0,0.0,0.0
grp_130_139,"130,139",2026-03-06 12:00:00+03:00,medium,block_12_18,6.0,2.0,-4.0,4.0
grp_130_139,"130,139",2026-03-06 18:00:00+03:00,medium,block_18_24,2.0,2.0,0.0,0.0
grp_130_139,"130,139",2026-03-07 06:00:00+03:00,medium,block_06_12,0.0,0.0,0.0,0.0
grp_130_139,"130,139",2026-03-07 12:00:00+03:00,medium,block_12_18,3.0,3.0,0.0,0.0
grp_130_139,"130,139",2026-03-07 18:00:00+03:00,medium,block_18_24,2.0,2.0,0.0,0.0
grp_130_139,"130,139",2026-03-08 06:00:00+03:00,medium,block_06_12,2.0,0.0,-2.0,2.0
grp_130_139,"130,139",2026-03-08 12:00:00+03:00,medium,block_12_18,8.0,2.0,-6.0,6.0
grp_130_139,"130,139",2026-03-08 18:00:00+03:00,medium,block_18_24,4.0,3.0,-1.0,1.0
grp_130_139,"130,139",2026-03-09 06:00:00+03:00,medium,block_06_12,0.0,1.0,1.0,1.0
grp_130_139,"130,139",2026-03-09 12:00:00+03:00,medium,block_12_18,6.0,4.0,-2.0,2.0
grp_130_139,"130,139",2026-03-09 18:00:00+03:00,medium,block_18_24,1.0,2.0,1.0,1.0
grp_130_139,"130,139",2026-03-10 06:00:00+03:00,medium,block_06_12,0.0,1.0,1.0,1.0
grp_130_139,"130,139",2026-03-10 12:00:00+03:00,medium,block_12_18,2.0,3.0,1.0,1.0
grp_130_139,"130,139",2026-03-10 18:00:00+03:00,medium,block_18_24,2.0,1.0,-1.0,1.0
grp_130_139,"130,139",2026-03-11 06:00:00+03:00,medium,block_06_12,0.0,1.0,1.0,1.0
grp_130_139,"130,139",2026-03-11 12:00:00+03:00,medium,block_12_18,2.0,3.0,1.0,1.0
grp_130_139,"130,139",2026-03-11 18:00:00+03:00,medium,block_18_24,2.0,1.0,-1.0,1.0
grp_130_139,"130,139",2026-03-12 06:00:00+03:00,medium,block_06_12,0.0,0.0,0.0,0.0
grp_130_139,"130,139",2026-03-12 12:00:00+03:00,medium,block_12_18,2.0,2.0,0.0,0.0
grp_130_139,"130,139",2026-03-12 18:00:00+03:00,medium,block_18_24,2.0,1.0,-1.0,1.0
grp_130_139,"130,139",2026-03-13 06:00:00+03:00,medium,block_06_12,0.0,0.0,0.0,0.0
grp_130_139,"130,139",2026-03-13 12:00:00+03:00,medium,block_12_18,2.0,3.0,1.0,1.0
grp_130_139,"130,139",2026-03-13 18:00:00+03:00,medium,block_18_24,2.0,2.0,0.0,0.0
grp_130_139,"130,139",2026-03-14 06:00:00+03:00,medium,block_06_12,0.0,0.0,0.0,0.0
grp_130_139,"130,139",2026-03-14 12:00:00+03:00,medium,block_12_18,2.0,2.0,0.0,0.0
grp_130_139,"130,139",2026-03-14 18:00:00+03:00,medium,block_18_24,4.0,2.0,-2.0,2.0
grp_130_139,"130,139",2026-03-15 06:00:00+03:00,medium,block_06_12,0.0,1.0,1.0,1.0
grp_130_139,"130,139",2026-03-15 12:00:00+03:00,medium,block_12_18,2.0,3.0,1.0,1.0
grp_130_139,"130,139",2026-03-15 18:00:00+03:00,medium,block_18_24,1.0,2.0,1.0,1.0
grp_130_139,"130,139",2026-03-16 06:00:00+03:00,medium,block_06_12,0.0,0.0,0.0,0.0
grp_130_139,"130,139",2026-03-16 12:00:00+03:00,medium,block_12_18,3.0,3.0,0.0,0.0
grp_130_139,"130,139",2026-03-16 18:00:00+03:00,medium,block_18_24,2.0,1.0,-1.0,1.0
grp_130_139,"130,139",2026-03-17 06:00:00+03:00,medium,block_06_12,0.0,0.0,0.0,0.0
grp_130_139,"130,139",2026-03-17 12:00:00+03:00,medium,block_12_18,4.0,2.0,-2.0,2.0
grp_130_139,"130,139",2026-03-17 18:00:00+03:00,medium,block_18_24,4.0,2.0,-2.0,2.0
grp_130_139,"130,139",2026-03-18 06:00:00+03:00,medium,block_06_12,0.0,0.0,0.0,0.0
grp_130_139,"130,139",2026-03-18 12:00:00+03:00,medium,block_12_18,1.0,2.0,1.0,1.0
grp_130_139,"130,139",2026-03-18 18:00:00+03:00,medium,block_18_24,2.0,2.0,0.0,0.0
grp_130_139,"130,139",2026-03-19 06:00:00+03:00,medium,block_06_12,0.0,0.0,0.0,0.0
grp_130_139,"130,139",2026-03-19 12:00:00+03:00,medium,block_12_18,3.0,2.0,-1.0,1.0
grp_130_139,"130,139",2026-03-19 18:00:00+03:00,medium,block_18_24,0.0,2.0,2.0,2.0
grp_130_139,"130,139",2026-03-20 06:00:00+03:00,medium,block_06_12,0.0,0.0,0.0,0.0
grp_130_139,"130,139",2026-03-20 12:00:00+03:00,medium,block_12_18,2.0,2.0,0.0,0.0
grp_130_139,"130,139",2026-03-20 18:00:00+03:00,medium,block_18_24,1.0,1.0,0.0,0.0
grp_130_139,"130,139",2026-03-21 06:00:00+03:00,medium,block_06_12,0.0,0.0,0.0,0.0
grp_130_139,"130,139",2026-03-21 12:00:00+03:00,medium,block_12_18,2.0,2.0,0.0,0.0
grp_130_139,"130,139",2026-03-21 18:00:00+03:00,medium,block_18_24,3.0,2.0,-1.0,1.0
grp_130_139,"130,139",2026-03-22 06:00:00+03:00,medium,block_06_12,0.0,0.0,0.0,0.0
grp_130_139,"130,139",2026-03-22 12:00:00+03:00,medium,block_12_18,3.0,2.0,-1.0,1.0
grp_130_139,"130,139",2026-03-22 18:00:00+03:00,medium,block_18_24,2.0,1.0,-1.0,1.0
grp_130_139,"130,139",2026-03-23 06:00:00+03:00,medium,block_06_12,0.0,0.0,0.0,0.0
grp_130_139,"130,139",2026-03-23 12:00:00+03:00,medium,block_12_18,2.0,2.0,0.0,0.0
grp_130_139,"130,139",2026-03-23 18:00:00+03:00,medium,block_18_24,2.0,2.0,0.0,0.0
grp_130_139,"130,139",2026-03-24 06:00:00+03:00,medium,block_06_12,0.0,0.0,0.0,0.0
grp_130_139,"130,139",2026-03-24 12:00:00+03:00,medium,block_12_18,1.0,2.0,1.0,1.0
grp_130_139,"130,139",2026-03-24 18:00:00+03:00,medium,block_18_24,1.0,2.0,1.0,1.0
grp_130_139,"130,139",2026-03-25 06:00:00+03:00,medium,block_06_12,0.0,0.0,0.0,0.0
grp_130_139,"130,139",2026-03-25 12:00:00+03:00,medium,block_12_18,2.0,1.0,-1.0,1.0
grp_130_139,"130,139",2026-03-25 18:00:00+03:00,medium,block_18_24,0.0,1.0,1.0,1.0
grp_130_139,"130,139",2026-03-26 06:00:00+03:00,medium,block_06_12,0.0,0.0,0.0,0.0
grp_130_139,"130,139",2026-03-26 12:00:00+03:00,medium,block_12_18,3.0,2.0,-1.0,1.0
grp_130_139,"130,139",2026-03-26 18:00:00+03:00,medium,block_18_24,2.0,1.0,-1.0,1.0
grp_130_139,"130,139",2026-03-27 06:00:00+03:00,medium,block_06_12,0.0,0.0,0.0,0.0
grp_130_139,"130,139",2026-03-27 12:00:00+03:00,medium,block_12_18,3.0,2.0,-1.0,1.0
grp_130_139,"130,139",2026-03-27 18:00:00+03:00,medium,block_18_24,0.0,1.0,1.0,1.0
grp_130_139,"130,139",2026-03-28 06:00:00+03:00,medium,block_06_12,0.0,0.0,0.0,0.0
grp_130_139,"130,139",2026-03-28 12:00:00+03:00,medium,block_12_18,2.0,2.0,0.0,0.0
grp_130_139,"130,139",2026-03-28 18:00:00+03:00,medium,block_18_24,0.0,1.0,1.0,1.0
grp_130_139,"130,139",2026-03-29 06:00:00+03:00,medium,block_06_12,0.0,0.0,0.0,0.0
grp_130_139,"130,139",2026-03-29 12:00:00+03:00,medium,block_12_18,1.0,2.0,1.0,1.0
grp_130_139,"130,139",2026-03-29 18:00:00+03:00,medium,block_18_24,1.0,1.0,0.0,0.0
grp_130_139,"130,139",2026-03-30 06:00:00+03:00,medium,block_06_12,0.0,0.0,0.0,0.0
grp_130_139,"130,139",2026-03-30 12:00:00+03:00,medium,block_12_18,2.0,1.0,-1.0,1.0
grp_130_139,"130,139",2026-03-30 18:00:00+03:00,medium,block_18_24,1.0,1.0,0.0,0.0
grp_130_139,"130,139",2026-03-31 06:00:00+03:00,medium,block_06_12,0.0,0.0,0.0,0.0
grp_130_139,"130,139",2026-03-31 12:00:00+03:00,medium,block_12_18,3.0,1.0,-2.0,2.0
grp_130_139,"130,139",2026-03-31 18:00:00+03:00,medium,block_18_24,0.0,1.0,1.0,1.0
grp_130_139,"130,139",2026-04-01 06:00:00+03:00,medium,block_06_12,0.0,0.0,0.0,0.0
grp_130_139,"130,139",2026-04-01 12:00:00+03:00,medium,block_12_18,3.0,2.0,-1.0,1.0
grp_130_139,"130,139",2026-04-01 18:00:00+03:00,medium,block_18_24,3.0,1.0,-2.0,2.0
grp_130_139,"130,139",2026-04-02 06:00:00+03:00,medium,block_06_12,0.0,0.0,0.0,0.0
grp_130_139,"130,139",2026-04-02 12:00:00+03:00,medium,block_12_18,4.0,2.0,-2.0,2.0
grp_130_139,"130,139",2026-04-02 18:00:00+03:00,medium,block_18_24,0.0,2.0,2.0,2.0
grp_130_139,"130,139",2026-04-03 06:00:00+03:00,medium,block_06_12,1.0,0.0,-1.0,1.0
grp_130_139,"130,139",2026-04-03 12:00:00+03:00,medium,block_12_18,5.0,3.0,-2.0,2.0
grp_130_139,"130,139",2026-04-03 18:00:00+03:00,medium,block_18_24,1.0,1.0,0.0,0.0
grp_130_139,"130,139",2026-04-04 06:00:00+03:00,medium,block_06_12,0.0,1.0,1.0,1.0
grp_130_139,"130,139",2026-04-04 12:00:00+03:00,medium,block_12_18,4.0,3.0,-1.0,1.0
grp_130_139,"130,139",2026-04-04 18:00:00+03:00,medium,block_18_24,1.0,1.0,0.0,0.0
grp_130_139,"130,139",2026-04-05 06:00:00+03:00,medium,block_06_12,0.0,0.0,0.0,0.0
grp_130_139,"130,139",2026-04-05 12:00:00+03:00,medium,block_12_18,6.0,3.0,-3.0,3.0
grp_130_139,"130,139",2026-04-05 18:00:00+03:00,medium,block_18_24,2.0,1.0,-1.0,1.0
grp_130_139,"130,139",2026-04-06 06:00:00+03:00,medium,block_06_12,0.0,0.0,0.0,0.0
grp_130_139,"130,139",2026-04-06 12:00:00+03:00,medium,block_12_18,3.0,3.0,0.0,0.0
grp_130_139,"130,139",2026-04-06 18:00:00+03:00,medium,block_18_24,1.0,1.0,0.0,0.0
grp_130_139,"130,139",2026-04-07 06:00:00+03:00,medium,block_06_12,0.0,0.0,0.0,0.0
grp_130_139,"130,139",2026-04-07 12:00:00+03:00,medium,block_12_18,2.0,3.0,1.0,1.0
grp_130_139,"130,139",2026-04-07 18:00:00+03:00,medium,block_18_24,3.0,1.0,-2.0,2.0
grp_130_139,"130,139",2026-04-08 06:00:00+03:00,medium,block_06_12,0.0,0.0,0.0,0.0
grp_130_139,"130,139",2026-04-08 12:00:00+03:00,medium,block_12_18,5.0,2.0,-3.0,3.0
grp_130_139,"130,139",2026-04-08 18:00:00+03:00,medium,block_18_24,3.0,2.0,-1.0,1.0
grp_130_139,"130,139",2026-04-09 06:00:00+03:00,medium,block_06_12,0.0,0.0,0.0,0.0
grp_130_139,"130,139",2026-04-09 12:00:00+03:00,medium,block_12_18,3.0,3.0,0.0,0.0
grp_130_139,"130,139",2026-04-09 18:00:00+03:00,medium,block_18_24,1.0,1.0,0.0,0.0
grp_130_139,"130,139",2026-04-10 06:00:00+03:00,medium,block_06_12,0.0,0.0,0.0,0.0
grp_130_139,"130,139",2026-04-10 12:00:00+03:00,medium,block_12_18,9.0,3.0,-6.0,6.0
grp_130_139,"130,139",2026-04-10 18:00:00+03:00,medium,block_18_24,3.0,1.0,-2.0,2.0
grp_130_139,"130,139",2026-04-11 06:00:00+03:00,medium,block_06_12,0.0,0.0,0.0,0.0
grp_130_139,"130,139",2026-04-11 12:00:00+03:00,medium,block_12_18,4.0,4.0,0.0,0.0
grp_130_139,"130,139",2026-04-11 18:00:00+03:00,medium,block_18_24,1.0,2.0,1.0,1.0
grp_130_139,"130,139",2026-04-12 06:00:00+03:00,medium,block_06_12,0.0,0.0,0.0,0.0
grp_130_139,"130,139",2026-04-12 12:00:00+03:00,medium,block_12_18,4.0,4.0,0.0,0.0
grp_130_139,"130,139",2026-04-12 18:00:00+03:00,medium,block_18_24,3.0,1.0,-2.0,2.0
grp_130_139,"130,139",2026-04-13 06:00:00+03:00,medium,block_06_12,0.0,0.0,0.0,0.0
grp_130_139,"130,139",2026-04-13 12:00:00+03:00,medium,block_12_18,2.0,4.0,2.0,2.0
grp_130_139,"130,139",2026-04-13 18:00:00+03:00,medium,block_18_24,1.0,1.0,0.0,0.0
grp_136_292,"136,292",2026-01-27 18:00:00+03:00,medium,block_18_24,2.0,2.0,0.0,0.0
grp_136_292,"136,292",2026-01-28 12:00:00+03:00,medium,block_12_18,2.0,3.0,1.0,1.0
grp_136_292,"136,292",2026-01-28 18:00:00+03:00,medium,block_18_24,2.0,2.0,0.0,0.0
grp_136_292,"136,292",2026-01-29 12:00:00+03:00,medium,block_12_18,3.0,3.0,0.0,0.0
grp_136_292,"136,292",2026-01-29 18:00:00+03:00,medium,block_18_24,5.0,2.0,-3.0,3.0
grp_136_292,"136,292",2026-01-30 12:00:00+03:00,medium,block_12_18,9.0,3.0,-6.0,6.0
grp_136_292,"136,292",2026-01-30 18:00:00+03:00,medium,block_18_24,4.0,4.0,0.0,0.0
grp_136_292,"136,292",2026-01-31 12:00:00+03:00,medium,block_12_18,5.0,5.0,0.0,0.0
grp_136_292,"136,292",2026-01-31 18:00:00+03:00,medium,block_18_24,2.0,4.0,2.0,2.0
grp_136_292,"136,292",2026-02-01 12:00:00+03:00,medium,block_12_18,6.0,5.0,-1.0,1.0
grp_136_292,"136,292",2026-02-01 18:00:00+03:00,medium,block_18_24,10.0,3.0,-7.0,7.0
grp_136_292,"136,292",2026-02-02 12:00:00+03:00,medium,block_12_18,1.0,4.0,3.0,3.0
grp_136_292,"136,292",2026-02-02 18:00:00+03:00,medium,block_18_24,1.0,4.0,3.0,3.0
grp_136_292,"136,292",2026-02-03 12:00:00+03:00,medium,block_12_18,1.0,3.0,2.0,2.0
grp_136_292,"136,292",2026-02-03 18:00:00+03:00,medium,block_18_24,4.0,3.0,-1.0,1.0
grp_136_292,"136,292",2026-02-04 12:00:00+03:00,medium,block_12_18,2.0,2.0,0.0,0.0
grp_136_292,"136,292",2026-02-04 18:00:00+03:00,medium,block_18_24,2.0,4.0,2.0,2.0
grp_136_292,"136,292",2026-02-05 12:00:00+03:00,medium,block_12_18,1.0,3.0,2.0,2.0
grp_136_292,"136,292",2026-02-05 18:00:00+03:00,medium,block_18_24,4.0,3.0,-1.0,1.0
grp_136_292,"136,292",2026-02-06 12:00:00+03:00,medium,block_12_18,3.0,3.0,0.0,0.0
grp_136_292,"136,292",2026-02-06 18:00:00+03:00,medium,block_18_24,7.0,4.0,-3.0,3.0
grp_136_292,"136,292",2026-02-07 12:00:00+03:00,medium,block_12_18,9.0,3.0,-6.0,6.0
grp_136_292,"136,292",2026-02-07 18:00:00+03:00,medium,block_18_24,4.0,5.0,1.0,1.0
grp_136_292,"136,292",2026-02-08 12:00:00+03:00,medium,block_12_18,11.0,5.0,-6.0,6.0
grp_136_292,"136,292",2026-02-08 18:00:00+03:00,medium,block_18_24,5.0,6.0,1.0,1.0
grp_136_292,"136,292",2026-02-09 12:00:00+03:00,medium,block_12_18,6.0,5.0,-1.0,1.0
grp_136_292,"136,292",2026-02-09 18:00:00+03:00,medium,block_18_24,4.0,4.0,0.0,0.0
grp_136_292,"136,292",2026-02-10 12:00:00+03:00,medium,block_12_18,5.0,5.0,0.0,0.0
grp_136_292,"136,292",2026-02-10 18:00:00+03:00,medium,block_18_24,3.0,5.0,2.0,2.0
grp_136_292,"136,292",2026-02-11 12:00:00+03:00,medium,block_12_18,1.0,4.0,3.0,3.0
grp_136_292,"136,292",2026-02-11 18:00:00+03:00,medium,block_18_24,5.0,3.0,-2.0,2.0
grp_136_292,"136,292",2026-02-12 12:00:00+03:00,medium,block_12_18,3.0,3.0,0.0,0.0
grp_136_292,"136,292",2026-02-12 18:00:00+03:00,medium,block_18_24,2.0,4.0,2.0,2.0
grp_136_292,"136,292",2026-02-13 12:00:00+03:00,medium,block_12_18,7.0,3.0,-4.0,4.0
grp_136_292,"136,292",2026-02-13 18:00:00+03:00,medium,block_18_24,4.0,4.0,0.0,0.0
grp_136_292,"136,292",2026-02-14 12:00:00+03:00,medium,block_12_18,6.0,5.0,-1.0,1.0
grp_136_292,"136,292",2026-02-14 18:00:00+03:00,medium,block_18_24,8.0,4.0,-4.0,4.0
grp_136_292,"136,292",2026-02-15 12:00:00+03:00,medium,block_12_18,9.0,6.0,-3.0,3.0
grp_136_292,"136,292",2026-02-15 18:00:00+03:00,medium,block_18_24,3.0,6.0,3.0,3.0
grp_136_292,"136,292",2026-02-16 12:00:00+03:00,medium,block_12_18,2.0,6.0,4.0,4.0
grp_136_292,"136,292",2026-02-16 18:00:00+03:00,medium,block_18_24,3.0,4.0,1.0,1.0
grp_136_292,"136,292",2026-02-17 12:00:00+03:00,medium,block_12_18,3.0,4.0,1.0,1.0
grp_136_292,"136,292",2026-02-17 18:00:00+03:00,medium,block_18_24,2.0,4.0,2.0,2.0
grp_136_292,"136,292",2026-02-18 12:00:00+03:00,medium,block_12_18,2.0,3.0,1.0,1.0
grp_136_292,"136,292",2026-02-18 18:00:00+03:00,medium,block_18_24,1.0,3.0,2.0,2.0
grp_136_292,"136,292",2026-02-19 12:00:00+03:00,medium,block_12_18,3.0,3.0,0.0,0.0
grp_136_292,"136,292",2026-02-19 18:00:00+03:00,medium,block_18_24,4.0,2.0,-2.0,2.0
grp_136_292,"136,292",2026-02-20 12:00:00+03:00,medium,block_12_18,4.0,4.0,0.0,0.0
grp_136_292,"136,292",2026-02-20 18:00:00+03:00,medium,block_18_24,6.0,4.0,-2.0,2.0
grp_136_292,"136,292",2026-02-21 12:00:00+03:00,medium,block_12_18,4.0,4.0,0.0,0.0
grp_136_292,"136,292",2026-02-21 18:00:00+03:00,medium,block_18_24,2.0,5.0,3.0,3.0
grp_136_292,"136,292",2026-02-22 12:00:00+03:00,medium,block_12_18,8.0,5.0,-3.0,3.0
grp_136_292,"136,292",2026-02-22 18:00:00+03:00,medium,block_18_24,6.0,4.0,-2.0,2.0
grp_136_292,"136,292",2026-02-23 12:00:00+03:00,medium,block_12_18,9.0,5.0,-4.0,4.0
grp_136_292,"136,292",2026-02-23 18:00:00+03:00,medium,block_18_24,4.0,5.0,1.0,1.0
grp_136_292,"136,292",2026-02-24 12:00:00+03:00,medium,block_12_18,0.0,5.0,5.0,5.0
grp_136_292,"136,292",2026-02-24 18:00:00+03:00,medium,block_18_24,1.0,3.0,2.0,2.0
grp_136_292,"136,292",2026-02-25 12:00:00+03:00,medium,block_12_18,8.0,3.0,-5.0,5.0
grp_136_292,"136,292",2026-02-25 18:00:00+03:00,medium,block_18_24,1.0,3.0,2.0,2.0
grp_136_292,"136,292",2026-02-26 12:00:00+03:00,medium,block_12_18,2.0,5.0,3.0,3.0
grp_136_292,"136,292",2026-02-26 18:00:00+03:00,medium,block_18_24,2.0,3.0,1.0,1.0
grp_136_292,"136,292",2026-02-27 12:00:00+03:00,medium,block_12_18,9.0,3.0,-6.0,6.0
grp_136_292,"136,292",2026-02-27 18:00:00+03:00,medium,block_18_24,4.0,3.0,-1.0,1.0
grp_136_292,"136,292",2026-02-28 12:00:00+03:00,medium,block_12_18,9.0,5.0,-4.0,4.0
grp_136_292,"136,292",2026-02-28 18:00:00+03:00,medium,block_18_24,7.0,3.0,-4.0,4.0
grp_136_292,"136,292",2026-03-01 12:00:00+03:00,medium,block_12_18,0.0,6.0,6.0,6.0
grp_136_292,"136,292",2026-03-01 18:00:00+03:00,medium,block_18_24,2.0,5.0,3.0,3.0
grp_136_292,"136,292",2026-03-02 12:00:00+03:00,medium,block_12_18,6.0,4.0,-2.0,2.0
grp_136_292,"136,292",2026-03-02 18:00:00+03:00,medium,block_18_24,2.0,4.0,2.0,2.0
grp_136_292,"136,292",2026-03-03 12:00:00+03:00,medium,block_12_18,0.0,4.0,4.0,4.0
grp_136_292,"136,292",2026-03-03 18:00:00+03:00,medium,block_18_24,1.0,2.0,1.0,1.0
grp_136_292,"136,292",2026-03-04 12:00:00+03:00,medium,block_12_18,2.0,3.0,1.0,1.0
grp_136_292,"136,292",2026-03-04 18:00:00+03:00,medium,block_18_24,1.0,2.0,1.0,1.0
grp_136_292,"136,292",2026-03-05 12:00:00+03:00,medium,block_12_18,1.0,3.0,2.0,2.0
grp_136_292,"136,292",2026-03-05 18:00:00+03:00,medium,block_18_24,4.0,2.0,-2.0,2.0
grp_136_292,"136,292",2026-03-06 12:00:00+03:00,medium,block_12_18,11.0,3.0,-8.0,8.0
grp_136_292,"136,292",2026-03-06 18:00:00+03:00,medium,block_18_24,5.0,4.0,-1.0,1.0
grp_136_292,"136,292",2026-03-07 12:00:00+03:00,medium,block_12_18,4.0,6.0,2.0,2.0
grp_136_292,"136,292",2026-03-07 18:00:00+03:00,medium,block_18_24,8.0,4.0,-4.0,4.0
grp_136_292,"136,292",2026-03-08 12:00:00+03:00,medium,block_12_18,9.0,3.0,-6.0,6.0
grp_136_292,"136,292",2026-03-08 18:00:00+03:00,medium,block_18_24,11.0,5.0,-6.0,6.0
grp_136_292,"136,292",2026-03-09 12:00:00+03:00,medium,block_12_18,4.0,6.0,2.0,2.0
grp_136_292,"136,292",2026-03-09 18:00:00+03:00,medium,block_18_24,2.0,6.0,4.0,4.0
grp_136_292,"136,292",2026-03-10 12:00:00+03:00,medium,block_12_18,2.0,3.0,1.0,1.0
grp_136_292,"136,292",2026-03-10 18:00:00+03:00,medium,block_18_24,3.0,3.0,0.0,0.0
grp_136_292,"136,292",2026-03-11 12:00:00+03:00,medium,block_12_18,5.0,3.0,-2.0,2.0
grp_136_292,"136,292",2026-03-11 18:00:00+03:00,medium,block_18_24,2.0,3.0,1.0,1.0
grp_136_292,"136,292",2026-03-12 12:00:00+03:00,medium,block_12_18,6.0,4.0,-2.0,2.0
grp_136_292,"136,292",2026-03-12 18:00:00+03:00,medium,block_18_24,0.0,4.0,4.0,4.0
grp_136_292,"136,292",2026-03-13 12:00:00+03:00,medium,block_12_18,2.0,6.0,4.0,4.0
grp_136_292,"136,292",2026-03-13 18:00:00+03:00,medium,block_18_24,2.0,3.0,1.0,1.0
grp_136_292,"136,292",2026-03-14 12:00:00+03:00,medium,block_12_18,3.0,4.0,1.0,1.0
grp_136_292,"136,292",2026-03-14 18:00:00+03:00,medium,block_18_24,1.0,3.0,2.0,2.0
grp_136_292,"136,292",2026-03-15 12:00:00+03:00,medium,block_12_18,2.0,4.0,2.0,2.0
grp_136_292,"136,292",2026-03-15 18:00:00+03:00,medium,block_18_24,3.0,3.0,0.0,0.0
grp_136_292,"136,292",2026-03-16 12:00:00+03:00,medium,block_12_18,3.0,3.0,0.0,0.0
grp_136_292,"136,292",2026-03-16 18:00:00+03:00,medium,block_18_24,0.0,2.0,2.0,2.0
grp_136_292,"136,292",2026-03-17 12:00:00+03:00,medium,block_12_18,3.0,3.0,0.0,0.0
grp_136_292,"136,292",2026-03-17 18:00:00+03:00,medium,block_18_24,3.0,2.0,-1.0,1.0
grp_136_292,"136,292",2026-03-18 12:00:00+03:00,medium,block_12_18,1.0,3.0,2.0,2.0
grp_136_292,"136,292",2026-03-18 18:00:00+03:00,medium,block_18_24,1.0,2.0,1.0,1.0
grp_136_292,"136,292",2026-03-19 12:00:00+03:00,medium,block_12_18,6.0,3.0,-3.0,3.0
grp_136_292,"136,292",2026-03-19 18:00:00+03:00,medium,block_18_24,6.0,2.0,-4.0,4.0
grp_136_292,"136,292",2026-03-20 12:00:00+03:00,medium,block_12_18,8.0,4.0,-4.0,4.0
grp_136_292,"136,292",2026-03-20 18:00:00+03:00,medium,block_18_24,3.0,4.0,1.0,1.0
grp_136_292,"136,292",2026-03-21 12:00:00+03:00,medium,block_12_18,2.0,5.0,3.0,3.0
grp_136_292,"136,292",2026-03-21 18:00:00+03:00,medium,block_18_24,3.0,2.0,-1.0,1.0
grp_136_292,"136,292",2026-03-22 12:00:00+03:00,medium,block_12_18,5.0,3.0,-2.0,2.0
grp_136_292,"136,292",2026-03-22 18:00:00+03:00,medium,block_18_24,5.0,4.0,-1.0,1.0
grp_136_292,"136,292",2026-03-23 12:00:00+03:00,medium,block_12_18,4.0,5.0,1.0,1.0
grp_136_292,"136,292",2026-03-23 18:00:00+03:00,medium,block_18_24,1.0,3.0,2.0,2.0
grp_136_292,"136,292",2026-03-24 12:00:00+03:00,medium,block_12_18,3.0,4.0,1.0,1.0
grp_136_292,"136,292",2026-03-24 18:00:00+03:00,medium,block_18_24,0.0,3.0,3.0,3.0
grp_136_292,"136,292",2026-03-25 12:00:00+03:00,medium,block_12_18,7.0,3.0,-4.0,4.0
grp_136_292,"136,292",2026-03-25 18:00:00+03:00,medium,block_18_24,3.0,2.0,-1.0,1.0
grp_136_292,"136,292",2026-03-26 12:00:00+03:00,medium,block_12_18,7.0,5.0,-2.0,2.0
grp_136_292,"136,292",2026-03-26 18:00:00+03:00,medium,block_18_24,4.0,3.0,-1.0,1.0
grp_136_292,"136,292",2026-03-27 12:00:00+03:00,medium,block_12_18,5.0,5.0,0.0,0.0
grp_136_292,"136,292",2026-03-27 18:00:00+03:00,medium,block_18_24,4.0,3.0,-1.0,1.0
grp_136_292,"136,292",2026-03-28 12:00:00+03:00,medium,block_12_18,5.0,4.0,-1.0,1.0
grp_136_292,"136,292",2026-03-28 18:00:00+03:00,medium,block_18_24,2.0,4.0,2.0,2.0
grp_136_292,"136,292",2026-03-29 12:00:00+03:00,medium,block_12_18,6.0,5.0,-1.0,1.0
grp_136_292,"136,292",2026-03-29 18:00:00+03:00,medium,block_18_24,0.0,3.0,3.0,3.0
grp_136_292,"136,292",2026-03-30 12:00:00+03:00,medium,block_12_18,4.0,5.0,1.0,1.0
grp_136_292,"136,292",2026-03-30 18:00:00+03:00,medium,block_18_24,2.0,2.0,0.0,0.0
grp_136_292,"136,292",2026-03-31 12:00:00+03:00,medium,block_12_18,3.0,4.0,1.0,1.0
grp_136_292,"136,292",2026-03-31 18:00:00+03:00,medium,block_18_24,1.0,2.0,1.0,1.0
grp_136_292,"136,292",2026-04-01 12:00:00+03:00,medium,block_12_18,5.0,4.0,-1.0,1.0
grp_136_292,"136,292",2026-04-01 18:00:00+03:00,medium,block_18_24,5.0,2.0,-3.0,3.0
grp_136_292,"136,292",2026-04-02 12:00:00+03:00,medium,block_12_18,3.0,5.0,2.0,2.0
grp_136_292,"136,292",2026-04-02 18:00:00+03:00,medium,block_18_24,1.0,3.0,2.0,2.0
grp_136_292,"136,292",2026-04-03 12:00:00+03:00,medium,block_12_18,5.0,4.0,-1.0,1.0
grp_136_292,"136,292",2026-04-03 18:00:00+03:00,medium,block_18_24,3.0,3.0,0.0,0.0
grp_136_292,"136,292",2026-04-04 12:00:00+03:00,medium,block_12_18,1.0,5.0,4.0,4.0
grp_136_292,"136,292",2026-04-04 18:00:00+03:00,medium,block_18_24,3.0,2.0,-1.0,1.0
grp_136_292,"136,292",2026-04-05 12:00:00+03:00,medium,block_12_18,3.0,3.0,0.0,0.0
grp_136_292,"136,292",2026-04-05 18:00:00+03:00,medium,block_18_24,1.0,2.0,1.0,1.0
grp_136_292,"136,292",2026-04-06 12:00:00+03:00,medium,block_12_18,7.0,3.0,-4.0,4.0
grp_136_292,"136,292",2026-04-06 18:00:00+03:00,medium,block_18_24,1.0,2.0,1.0,1.0
grp_136_292,"136,292",2026-04-07 12:00:00+03:00,medium,block_12_18,2.0,4.0,2.0,2.0
grp_136_292,"136,292",2026-04-07 18:00:00+03:00,medium,block_18_24,2.0,2.0,0.0,0.0
grp_136_292,"136,292",2026-04-08 12:00:00+03:00,medium,block_12_18,0.0,4.0,4.0,4.0
grp_136_292,"136,292",2026-04-08 18:00:00+03:00,medium,block_18_24,1.0,3.0,2.0,2.0
grp_136_292,"136,292",2026-04-09 12:00:00+03:00,medium,block_12_18,6.0,2.0,-4.0,4.0
grp_136_292,"136,292",2026-04-09 18:00:00+03:00,medium,block_18_24,2.0,2.0,0.0,0.0
grp_136_292,"136,292",2026-04-10 12:00:00+03:00,medium,block_12_18,33.0,4.0,-29.0,29.0
grp_136_292,"136,292",2026-04-10 18:00:00+03:00,medium,block_18_24,6.0,3.0,-3.0,3.0
grp_136_292,"136,292",2026-04-11 12:00:00+03:00,medium,block_12_18,16.0,9.0,-7.0,7.0
grp_136_292,"136,292",2026-04-11 18:00:00+03:00,medium,block_18_24,6.0,4.0,-2.0,2.0
grp_136_292,"136,292",2026-04-12 12:00:00+03:00,medium,block_12_18,13.0,9.0,-4.0,4.0
grp_136_292,"136,292",2026-04-12 18:00:00+03:00,medium,block_18_24,1.0,4.0,3.0,3.0
grp_136_292,"136,292",2026-04-13 12:00:00+03:00,medium,block_12_18,6.0,9.0,3.0,3.0
grp_187_296,"187,296",2026-01-27 18:00:00+03:00,medium,block_18_24,5.0,1.0,-4.0,4.0
grp_187_296,"187,296",2026-01-28 06:00:00+03:00,medium,block_06_12,0.0,1.0,1.0,1.0
grp_187_296,"187,296",2026-01-28 12:00:00+03:00,medium,block_12_18,4.0,2.0,-2.0,2.0
grp_187_296,"187,296",2026-01-28 18:00:00+03:00,medium,block_18_24,1.0,2.0,1.0,1.0
grp_187_296,"187,296",2026-01-29 06:00:00+03:00,medium,block_06_12,0.0,1.0,1.0,1.0
grp_187_296,"187,296",2026-01-29 12:00:00+03:00,medium,block_12_18,1.0,3.0,2.0,2.0
grp_187_296,"187,296",2026-01-29 18:00:00+03:00,medium,block_18_24,0.0,2.0,2.0,2.0
grp_187_296,"187,296",2026-01-30 06:00:00+03:00,medium,block_06_12,0.0,0.0,0.0,0.0
grp_187_296,"187,296",2026-01-30 12:00:00+03:00,medium,block_12_18,3.0,2.0,-1.0,1.0
grp_187_296,"187,296",2026-01-30 18:00:00+03:00,medium,block_18_24,3.0,2.0,-1.0,1.0
grp_187_296,"187,296",2026-01-31 06:00:00+03:00,medium,block_06_12,0.0,0.0,0.0,0.0
grp_187_296,"187,296",2026-01-31 12:00:00+03:00,medium,block_12_18,4.0,2.0,-2.0,2.0
grp_187_296,"187,296",2026-01-31 18:00:00+03:00,medium,block_18_24,1.0,2.0,1.0,1.0
grp_187_296,"187,296",2026-02-01 06:00:00+03:00,medium,block_06_12,0.0,1.0,1.0,1.0
grp_187_296,"187,296",2026-02-01 12:00:00+03:00,medium,block_12_18,6.0,3.0,-3.0,3.0
grp_187_296,"187,296",2026-02-01 18:00:00+03:00,medium,block_18_24,3.0,2.0,-1.0,1.0
grp_187_296,"187,296",2026-02-02 06:00:00+03:00,medium,block_06_12,0.0,0.0,0.0,0.0
grp_187_296,"187,296",2026-02-02 12:00:00+03:00,medium,block_12_18,2.0,4.0,2.0,2.0
grp_187_296,"187,296",2026-02-02 18:00:00+03:00,medium,block_18_24,0.0,2.0,2.0,2.0
grp_187_296,"187,296",2026-02-03 06:00:00+03:00,medium,block_06_12,0.0,0.0,0.0,0.0
grp_187_296,"187,296",2026-02-03 12:00:00+03:00,medium,block_12_18,0.0,3.0,3.0,3.0
grp_187_296,"187,296",2026-02-03 18:00:00+03:00,medium,block_18_24,3.0,2.0,-1.0,1.0
grp_187_296,"187,296",2026-02-04 06:00:00+03:00,medium,block_06_12,0.0,0.0,0.0,0.0
grp_187_296,"187,296",2026-02-04 12:00:00+03:00,medium,block_12_18,2.0,2.0,0.0,0.0
grp_187_296,"187,296",2026-02-04 18:00:00+03:00,medium,block_18_24,2.0,2.0,0.0,0.0
grp_187_296,"187,296",2026-02-05 06:00:00+03:00,medium,block_06_12,1.0,0.0,-1.0,1.0
grp_187_296,"187,296",2026-02-05 12:00:00+03:00,medium,block_12_18,5.0,2.0,-3.0,3.0
grp_187_296,"187,296",2026-02-05 18:00:00+03:00,medium,block_18_24,1.0,2.0,1.0,1.0
grp_187_296,"187,296",2026-02-06 06:00:00+03:00,medium,block_06_12,1.0,1.0,0.0,0.0
grp_187_296,"187,296",2026-02-06 12:00:00+03:00,medium,block_12_18,6.0,3.0,-3.0,3.0
grp_187_296,"187,296",2026-02-06 18:00:00+03:00,medium,block_18_24,5.0,2.0,-3.0,3.0
grp_187_296,"187,296",2026-02-07 06:00:00+03:00,medium,block_06_12,1.0,1.0,0.0,0.0
grp_187_296,"187,296",2026-02-07 12:00:00+03:00,medium,block_12_18,2.0,4.0,2.0,2.0
grp_187_296,"187,296",2026-02-07 18:00:00+03:00,medium,block_18_24,2.0,2.0,0.0,0.0
grp_187_296,"187,296",2026-02-08 06:00:00+03:00,medium,block_06_12,0.0,1.0,1.0,1.0
grp_187_296,"187,296",2026-02-08 12:00:00+03:00,medium,block_12_18,3.0,4.0,1.0,1.0
grp_187_296,"187,296",2026-02-08 18:00:00+03:00,medium,block_18_24,1.0,2.0,1.0,1.0
grp_187_296,"187,296",2026-02-09 06:00:00+03:00,medium,block_06_12,0.0,1.0,1.0,1.0
grp_187_296,"187,296",2026-02-09 12:00:00+03:00,medium,block_12_18,1.0,3.0,2.0,2.0
grp_187_296,"187,296",2026-02-09 18:00:00+03:00,medium,block_18_24,3.0,1.0,-2.0,2.0
grp_187_296,"187,296",2026-02-10 06:00:00+03:00,medium,block_06_12,1.0,1.0,0.0,0.0
grp_187_296,"187,296",2026-02-10 12:00:00+03:00,medium,block_12_18,0.0,2.0,2.0,2.0
grp_187_296,"187,296",2026-02-10 18:00:00+03:00,medium,block_18_24,2.0,2.0,0.0,0.0
grp_187_296,"187,296",2026-02-11 06:00:00+03:00,medium,block_06_12,1.0,1.0,0.0,0.0
grp_187_296,"187,296",2026-02-11 12:00:00+03:00,medium,block_12_18,2.0,2.0,0.0,0.0
grp_187_296,"187,296",2026-02-11 18:00:00+03:00,medium,block_18_24,1.0,2.0,1.0,1.0
grp_187_296,"187,296",2026-02-12 06:00:00+03:00,medium,block_06_12,0.0,1.0,1.0,1.0
grp_187_296,"187,296",2026-02-12 12:00:00+03:00,medium,block_12_18,2.0,3.0,1.0,1.0
grp_187_296,"187,296",2026-02-12 18:00:00+03:00,medium,block_18_24,2.0,2.0,0.0,0.0
grp_187_296,"187,296",2026-02-13 06:00:00+03:00,medium,block_06_12,0.0,1.0,1.0,1.0
grp_187_296,"187,296",2026-02-13 12:00:00+03:00,medium,block_12_18,3.0,3.0,0.0,0.0
grp_187_296,"187,296",2026-02-13 18:00:00+03:00,medium,block_18_24,5.0,3.0,-2.0,2.0
grp_187_296,"187,296",2026-02-14 06:00:00+03:00,medium,block_06_12,0.0,1.0,1.0,1.0
grp_187_296,"187,296",2026-02-14 12:00:00+03:00,medium,block_12_18,8.0,2.0,-6.0,6.0
grp_187_296,"187,296",2026-02-14 18:00:00+03:00,medium,block_18_24,10.0,3.0,-7.0,7.0
grp_187_296,"187,296",2026-02-15 06:00:00+03:00,medium,block_06_12,1.0,0.0,-1.0,1.0
grp_187_296,"187,296",2026-02-15 12:00:00+03:00,medium,block_12_18,4.0,5.0,1.0,1.0
grp_187_296,"187,296",2026-02-15 18:00:00+03:00,medium,block_18_24,1.0,4.0,3.0,3.0
grp_187_296,"187,296",2026-02-16 06:00:00+03:00,medium,block_06_12,0.0,1.0,1.0,1.0
grp_187_296,"187,296",2026-02-16 12:00:00+03:00,medium,block_12_18,1.0,3.0,2.0,2.0
grp_187_296,"187,296",2026-02-16 18:00:00+03:00,medium,block_18_24,1.0,3.0,2.0,2.0
grp_187_296,"187,296",2026-02-17 06:00:00+03:00,medium,block_06_12,0.0,1.0,1.0,1.0
grp_187_296,"187,296",2026-02-17 12:00:00+03:00,medium,block_12_18,2.0,2.0,0.0,0.0
grp_187_296,"187,296",2026-02-17 18:00:00+03:00,medium,block_18_24,0.0,3.0,3.0,3.0
grp_187_296,"187,296",2026-02-18 06:00:00+03:00,medium,block_06_12,2.0,1.0,-1.0,1.0
grp_187_296,"187,296",2026-02-18 12:00:00+03:00,medium,block_12_18,3.0,3.0,0.0,0.0
grp_187_296,"187,296",2026-02-18 18:00:00+03:00,medium,block_18_24,5.0,2.0,-3.0,3.0
grp_187_296,"187,296",2026-02-19 06:00:00+03:00,medium,block_06_12,0.0,1.0,1.0,1.0
grp_187_296,"187,296",2026-02-19 12:00:00+03:00,medium,block_12_18,2.0,3.0,1.0,1.0
grp_187_296,"187,296",2026-02-19 18:00:00+03:00,medium,block_18_24,1.0,3.0,2.0,2.0
grp_187_296,"187,296",2026-02-20 06:00:00+03:00,medium,block_06_12,0.0,1.0,1.0,1.0
grp_187_296,"187,296",2026-02-20 12:00:00+03:00,medium,block_12_18,7.0,3.0,-4.0,4.0
grp_187_296,"187,296",2026-02-20 18:00:00+03:00,medium,block_18_24,1.0,3.0,2.0,2.0
grp_187_296,"187,296",2026-02-21 06:00:00+03:00,medium,block_06_12,0.0,1.0,1.0,1.0
grp_187_296,"187,296",2026-02-21 12:00:00+03:00,medium,block_12_18,4.0,5.0,1.0,1.0
grp_187_296,"187,296",2026-02-21 18:00:00+03:00,medium,block_18_24,4.0,3.0,-1.0,1.0
grp_187_296,"187,296",2026-02-22 06:00:00+03:00,medium,block_06_12,0.0,1.0,1.0,1.0
grp_187_296,"187,296",2026-02-22 12:00:00+03:00,medium,block_12_18,2.0,4.0,2.0,2.0
grp_187_296,"187,296",2026-02-22 18:00:00+03:00,medium,block_18_24,2.0,2.0,0.0,0.0
grp_187_296,"187,296",2026-02-23 06:00:00+03:00,medium,block_06_12,0.0,1.0,1.0,1.0
grp_187_296,"187,296",2026-02-23 12:00:00+03:00,medium,block_12_18,3.0,3.0,0.0,0.0
grp_187_296,"187,296",2026-02-23 18:00:00+03:00,medium,block_18_24,2.0,2.0,0.0,0.0
grp_187_296,"187,296",2026-02-24 06:00:00+03:00,medium,block_06_12,0.0,1.0,1.0,1.0
grp_187_296,"187,296",2026-02-24 12:00:00+03:00,medium,block_12_18,0.0,3.0,3.0,3.0
grp_187_296,"187,296",2026-02-24 18:00:00+03:00,medium,block_18_24,0.0,2.0,2.0,2.0
grp_187_296,"187,296",2026-02-25 06:00:00+03:00,medium,block_06_12,0.0,1.0,1.0,1.0
grp_187_296,"187,296",2026-02-25 12:00:00+03:00,medium,block_12_18,1.0,2.0,1.0,1.0
grp_187_296,"187,296",2026-02-25 18:00:00+03:00,medium,block_18_24,1.0,2.0,1.0,1.0
grp_187_296,"187,296",2026-02-26 06:00:00+03:00,medium,block_06_12,0.0,0.0,0.0,0.0
grp_187_296,"187,296",2026-02-26 12:00:00+03:00,medium,block_12_18,1.0,2.0,1.0,1.0
grp_187_296,"187,296",2026-02-26 18:00:00+03:00,medium,block_18_24,3.0,1.0,-2.0,2.0
grp_187_296,"187,296",2026-02-27 06:00:00+03:00,medium,block_06_12,1.0,0.0,-1.0,1.0
grp_187_296,"187,296",2026-02-27 12:00:00+03:00,medium,block_12_18,2.0,3.0,1.0,1.0
grp_187_296,"187,296",2026-02-27 18:00:00+03:00,medium,block_18_24,5.0,2.0,-3.0,3.0
grp_187_296,"187,296",2026-02-28 06:00:00+03:00,medium,block_06_12,0.0,1.0,1.0,1.0
grp_187_296,"187,296",2026-02-28 12:00:00+03:00,medium,block_12_18,0.0,2.0,2.0,2.0
grp_187_296,"187,296",2026-02-28 18:00:00+03:00,medium,block_18_24,5.0,3.0,-2.0,2.0
grp_187_296,"187,296",2026-03-01 06:00:00+03:00,medium,block_06_12,0.0,1.0,1.0,1.0
grp_187_296,"187,296",2026-03-01 12:00:00+03:00,medium,block_12_18,3.0,1.0,-2.0,2.0
grp_187_296,"187,296",2026-03-01 18:00:00+03:00,medium,block_18_24,0.0,3.0,3.0,3.0
grp_187_296,"187,296",2026-03-02 06:00:00+03:00,medium,block_06_12,0.0,0.0,0.0,0.0
grp_187_296,"187,296",2026-03-02 12:00:00+03:00,medium,block_12_18,3.0,2.0,-1.0,1.0
grp_187_296,"187,296",2026-03-02 18:00:00+03:00,medium,block_18_24,2.0,2.0,0.0,0.0
grp_187_296,"187,296",2026-03-03 06:00:00+03:00,medium,block_06_12,0.0,0.0,0.0,0.0
grp_187_296,"187,296",2026-03-03 12:00:00+03:00,medium,block_12_18,2.0,2.0,0.0,0.0
grp_187_296,"187,296",2026-03-03 18:00:00+03:00,medium,block_18_24,1.0,2.0,1.0,1.0
grp_187_296,"187,296",2026-03-04 06:00:00+03:00,medium,block_06_12,0.0,0.0,0.0,0.0
grp_187_296,"187,296",2026-03-04 12:00:00+03:00,medium,block_12_18,1.0,2.0,1.0,1.0
grp_187_296,"187,296",2026-03-04 18:00:00+03:00,medium,block_18_24,2.0,1.0,-1.0,1.0
grp_187_296,"187,296",2026-03-05 06:00:00+03:00,medium,block_06_12,0.0,0.0,0.0,0.0
grp_187_296,"187,296",2026-03-05 12:00:00+03:00,medium,block_12_18,1.0,2.0,1.0,1.0
grp_187_296,"187,296",2026-03-05 18:00:00+03:00,medium,block_18_24,2.0,2.0,0.0,0.0
grp_187_296,"187,296",2026-03-06 06:00:00+03:00,medium,block_06_12,0.0,1.0,1.0,1.0
grp_187_296,"187,296",2026-03-06 12:00:00+03:00,medium,block_12_18,5.0,2.0,-3.0,3.0
grp_187_296,"187,296",2026-03-06 18:00:00+03:00,medium,block_18_24,2.0,3.0,1.0,1.0
grp_187_296,"187,296",2026-03-07 06:00:00+03:00,medium,block_06_12,0.0,0.0,0.0,0.0
grp_187_296,"187,296",2026-03-07 12:00:00+03:00,medium,block_12_18,1.0,2.0,1.0,1.0
grp_187_296,"187,296",2026-03-07 18:00:00+03:00,medium,block_18_24,1.0,2.0,1.0,1.0
grp_187_296,"187,296",2026-03-08 06:00:00+03:00,medium,block_06_12,0.0,0.0,0.0,0.0
grp_187_296,"187,296",2026-03-08 12:00:00+03:00,medium,block_12_18,8.0,2.0,-6.0,6.0
grp_187_296,"187,296",2026-03-08 18:00:00+03:00,medium,block_18_24,3.0,1.0,-2.0,2.0
grp_187_296,"187,296",2026-03-09 06:00:00+03:00,medium,block_06_12,0.0,0.0,0.0,0.0
grp_187_296,"187,296",2026-03-09 12:00:00+03:00,medium,block_12_18,0.0,5.0,5.0,5.0
grp_187_296,"187,296",2026-03-09 18:00:00+03:00,medium,block_18_24,5.0,2.0,-3.0,3.0
grp_187_296,"187,296",2026-03-10 06:00:00+03:00,medium,block_06_12,0.0,0.0,0.0,0.0
grp_187_296,"187,296",2026-03-10 12:00:00+03:00,medium,block_12_18,2.0,2.0,0.0,0.0
grp_187_296,"187,296",2026-03-10 18:00:00+03:00,medium,block_18_24,1.0,2.0,1.0,1.0
grp_187_296,"187,296",2026-03-11 06:00:00+03:00,medium,block_06_12,0.0,0.0,0.0,0.0
grp_187_296,"187,296",2026-03-11 12:00:00+03:00,medium,block_12_18,2.0,2.0,0.0,0.0
grp_187_296,"187,296",2026-03-11 18:00:00+03:00,medium,block_18_24,1.0,2.0,1.0,1.0
grp_187_296,"187,296",2026-03-12 06:00:00+03:00,medium,block_06_12,1.0,0.0,-1.0,1.0
grp_187_296,"187,296",2026-03-12 12:00:00+03:00,medium,block_12_18,2.0,2.0,0.0,0.0
grp_187_296,"187,296",2026-03-12 18:00:00+03:00,medium,block_18_24,0.0,2.0,2.0,2.0
grp_187_296,"187,296",2026-03-13 06:00:00+03:00,medium,block_06_12,2.0,1.0,-1.0,1.0
grp_187_296,"187,296",2026-03-13 12:00:00+03:00,medium,block_12_18,5.0,3.0,-2.0,2.0
grp_187_296,"187,296",2026-03-13 18:00:00+03:00,medium,block_18_24,7.0,2.0,-5.0,5.0
grp_187_296,"187,296",2026-03-14 06:00:00+03:00,medium,block_06_12,0.0,1.0,1.0,1.0
grp_187_296,"187,296",2026-03-14 12:00:00+03:00,medium,block_12_18,0.0,3.0,3.0,3.0
grp_187_296,"187,296",2026-03-14 18:00:00+03:00,medium,block_18_24,4.0,3.0,-1.0,1.0
grp_187_296,"187,296",2026-03-15 06:00:00+03:00,medium,block_06_12,0.0,1.0,1.0,1.0
grp_187_296,"187,296",2026-03-15 12:00:00+03:00,medium,block_12_18,0.0,3.0,3.0,3.0
grp_187_296,"187,296",2026-03-15 18:00:00+03:00,medium,block_18_24,0.0,3.0,3.0,3.0
grp_187_296,"187,296",2026-03-16 06:00:00+03:00,medium,block_06_12,0.0,1.0,1.0,1.0
grp_187_296,"187,296",2026-03-16 12:00:00+03:00,medium,block_12_18,2.0,1.0,-1.0,1.0
grp_187_296,"187,296",2026-03-16 18:00:00+03:00,medium,block_18_24,0.0,3.0,3.0,3.0
grp_187_296,"187,296",2026-03-17 06:00:00+03:00,medium,block_06_12,0.0,0.0,0.0,0.0
grp_187_296,"187,296",2026-03-17 12:00:00+03:00,medium,block_12_18,0.0,2.0,2.0,2.0
grp_187_296,"187,296",2026-03-17 18:00:00+03:00,medium,block_18_24,2.0,1.0,-1.0,1.0
grp_187_296,"187,296",2026-03-18 06:00:00+03:00,medium,block_06_12,0.0,1.0,1.0,1.0
grp_187_296,"187,296",2026-03-18 12:00:00+03:00,medium,block_12_18,2.0,1.0,-1.0,1.0
grp_187_296,"187,296",2026-03-18 18:00:00+03:00,medium,block_18_24,0.0,2.0,2.0,2.0
grp_187_296,"187,296",2026-03-19 06:00:00+03:00,medium,block_06_12,0.0,1.0,1.0,1.0
grp_187_296,"187,296",2026-03-19 12:00:00+03:00,medium,block_12_18,2.0,2.0,0.0,0.0
grp_187_296,"187,296",2026-03-19 18:00:00+03:00,medium,block_18_24,0.0,1.0,1.0,1.0
grp_187_296,"187,296",2026-03-20 06:00:00+03:00,medium,block_06_12,0.0,1.0,1.0,1.0
grp_187_296,"187,296",2026-03-20 12:00:00+03:00,medium,block_12_18,4.0,3.0,-1.0,1.0
grp_187_296,"187,296",2026-03-20 18:00:00+03:00,medium,block_18_24,5.0,2.0,-3.0,3.0
grp_187_296,"187,296",2026-03-21 06:00:00+03:00,medium,block_06_12,0.0,0.0,0.0,0.0
grp_187_296,"187,296",2026-03-21 12:00:00+03:00,medium,block_12_18,2.0,2.0,0.0,0.0
grp_187_296,"187,296",2026-03-21 18:00:00+03:00,medium,block_18_24,1.0,3.0,2.0,2.0
grp_187_296,"187,296",2026-03-22 06:00:00+03:00,medium,block_06_12,0.0,0.0,0.0,0.0
grp_187_296,"187,296",2026-03-22 12:00:00+03:00,medium,block_12_18,2.0,2.0,0.0,0.0
grp_187_296,"187,296",2026-03-22 18:00:00+03:00,medium,block_18_24,2.0,1.0,-1.0,1.0
grp_187_296,"187,296",2026-03-23 06:00:00+03:00,medium,block_06_12,0.0,0.0,0.0,0.0
grp_187_296,"187,296",2026-03-23 12:00:00+03:00,medium,block_12_18,0.0,2.0,2.0,2.0
grp_187_296,"187,296",2026-03-23 18:00:00+03:00,medium,block_18_24,1.0,2.0,1.0,1.0
grp_187_296,"187,296",2026-03-24 06:00:00+03:00,medium,block_06_12,0.0,0.0,0.0,0.0
grp_187_296,"187,296",2026-03-24 12:00:00+03:00,medium,block_12_18,0.0,1.0,1.0,1.0
grp_187_296,"187,296",2026-03-24 18:00:00+03:00,medium,block_18_24,0.0,2.0,2.0,2.0
grp_187_296,"187,296",2026-03-25 06:00:00+03:00,medium,block_06_12,0.0,0.0,0.0,0.0
grp_187_296,"187,296",2026-03-25 12:00:00+03:00,medium,block_12_18,0.0,1.0,1.0,1.0
grp_187_296,"187,296",2026-03-25 18:00:00+03:00,medium,block_18_24,0.0,1.0,1.0,1.0
grp_187_296,"187,296",2026-03-26 06:00:00+03:00,medium,block_06_12,0.0,0.0,0.0,0.0
grp_187_296,"187,296",2026-03-26 12:00:00+03:00,medium,block_12_18,0.0,1.0,1.0,1.0
grp_187_296,"187,296",2026-03-26 18:00:00+03:00,medium,block_18_24,0.0,1.0,1.0,1.0
grp_187_296,"187,296",2026-03-27 06:00:00+03:00,medium,block_06_12,0.0,0.0,0.0,0.0
grp_187_296,"187,296",2026-03-27 12:00:00+03:00,medium,block_12_18,1.0,2.0,1.0,1.0
grp_187_296,"187,296",2026-03-27 18:00:00+03:00,medium,block_18_24,3.0,2.0,-1.0,1.0
grp_187_296,"187,296",2026-03-28 06:00:00+03:00,medium,block_06_12,0.0,0.0,0.0,0.0
grp_187_296,"187,296",2026-03-28 12:00:00+03:00,medium,block_12_18,1.0,1.0,0.0,0.0
grp_187_296,"187,296",2026-03-28 18:00:00+03:00,medium,block_18_24,3.0,1.0,-2.0,2.0
grp_187_296,"187,296",2026-03-29 06:00:00+03:00,medium,block_06_12,0.0,0.0,0.0,0.0
grp_187_296,"187,296",2026-03-29 12:00:00+03:00,medium,block_12_18,2.0,1.0,-1.0,1.0
grp_187_296,"187,296",2026-03-29 18:00:00+03:00,medium,block_18_24,0.0,2.0,2.0,2.0
grp_187_296,"187,296",2026-03-30 06:00:00+03:00,medium,block_06_12,0.0,0.0,0.0,0.0
grp_187_296,"187,296",2026-03-30 12:00:00+03:00,medium,block_12_18,1.0,1.0,0.0,0.0
grp_187_296,"187,296",2026-03-30 18:00:00+03:00,medium,block_18_24,1.0,1.0,0.0,0.0
grp_187_296,"187,296",2026-03-31 06:00:00+03:00,medium,block_06_12,0.0,0.0,0.0,0.0
grp_187_296,"187,296",2026-03-31 12:00:00+03:00,medium,block_12_18,2.0,1.0,-1.0,1.0
grp_187_296,"187,296",2026-03-31 18:00:00+03:00,medium,block_18_24,1.0,1.0,0.0,0.0
grp_187_296,"187,296",2026-04-01 06:00:00+03:00,medium,block_06_12,0.0,0.0,0.0,0.0
grp_187_296,"187,296",2026-04-01 12:00:00+03:00,medium,block_12_18,1.0,1.0,0.0,0.0
grp_187_296,"187,296",2026-04-01 18:00:00+03:00,medium,block_18_24,4.0,1.0,-3.0,3.0
grp_187_296,"187,296",2026-04-02 06:00:00+03:00,medium,block_06_12,0.0,0.0,0.0,0.0
grp_187_296,"187,296",2026-04-02 12:00:00+03:00,medium,block_12_18,1.0,1.0,0.0,0.0
grp_187_296,"187,296",2026-04-02 18:00:00+03:00,medium,block_18_24,2.0,2.0,0.0,0.0
grp_187_296,"187,296",2026-04-03 06:00:00+03:00,medium,block_06_12,0.0,0.0,0.0,0.0
grp_187_296,"187,296",2026-04-03 12:00:00+03:00,medium,block_12_18,5.0,1.0,-4.0,4.0
grp_187_296,"187,296",2026-04-03 18:00:00+03:00,medium,block_18_24,0.0,2.0,2.0,2.0
grp_187_296,"187,296",2026-04-04 06:00:00+03:00,medium,block_06_12,1.0,0.0,-1.0,1.0
grp_187_296,"187,296",2026-04-04 12:00:00+03:00,medium,block_12_18,1.0,2.0,1.0,1.0
grp_187_296,"187,296",2026-04-04 18:00:00+03:00,medium,block_18_24,0.0,2.0,2.0,2.0
grp_187_296,"187,296",2026-04-05 06:00:00+03:00,medium,block_06_12,0.0,1.0,1.0,1.0
grp_187_296,"187,296",2026-04-05 12:00:00+03:00,medium,block_12_18,2.0,2.0,0.0,0.0
grp_187_296,"187,296",2026-04-05 18:00:00+03:00,medium,block_18_24,0.0,1.0,1.0,1.0
grp_187_296,"187,296",2026-04-06 06:00:00+03:00,medium,block_06_12,0.0,0.0,0.0,0.0
grp_187_296,"187,296",2026-04-06 12:00:00+03:00,medium,block_12_18,1.0,2.0,1.0,1.0
grp_187_296,"187,296",2026-04-06 18:00:00+03:00,medium,block_18_24,2.0,1.0,-1.0,1.0
grp_187_296,"187,296",2026-04-07 06:00:00+03:00,medium,block_06_12,0.0,0.0,0.0,0.0
grp_187_296,"187,296",2026-04-07 12:00:00+03:00,medium,block_12_18,1.0,2.0,1.0,1.0
grp_187_296,"187,296",2026-04-07 18:00:00+03:00,medium,block_18_24,1.0,1.0,0.0,0.0
grp_187_296,"187,296",2026-04-08 06:00:00+03:00,medium,block_06_12,0.0,0.0,0.0,0.0
grp_187_296,"187,296",2026-04-08 12:00:00+03:00,medium,block_12_18,0.0,2.0,2.0,2.0
grp_187_296,"187,296",2026-04-08 18:00:00+03:00,medium,block_18_24,0.0,2.0,2.0,2.0
grp_187_296,"187,296",2026-04-09 06:00:00+03:00,medium,block_06_12,0.0,0.0,0.0,0.0
grp_187_296,"187,296",2026-04-09 12:00:00+03:00,medium,block_12_18,1.0,1.0,0.0,0.0
grp_187_296,"187,296",2026-04-09 18:00:00+03:00,medium,block_18_24,1.0,1.0,0.0,0.0
grp_187_296,"187,296",2026-04-10 06:00:00+03:00,medium,block_06_12,0.0,0.0,0.0,0.0
grp_187_296,"187,296",2026-04-10 12:00:00+03:00,medium,block_12_18,2.0,2.0,0.0,0.0
grp_187_296,"187,296",2026-04-10 18:00:00+03:00,medium,block_18_24,6.0,1.0,-5.0,5.0
grp_187_296,"187,296",2026-04-11 06:00:00+03:00,medium,block_06_12,0.0,1.0,1.0,1.0
grp_187_296,"187,296",2026-04-11 12:00:00+03:00,medium,block_12_18,4.0,1.0,-3.0,3.0
grp_187_296,"187,296",2026-04-11 18:00:00+03:00,medium,block_18_24,1.0,3.0,2.0,2.0
grp_187_296,"187,296",2026-04-12 12:00:00+03:00,medium,block_12_18,0.0,2.0,2.0,2.0
grp_187_296,"187,296",2026-04-12 18:00:00+03:00,medium,block_18_24,0.0,1.0,1.0,1.0
grp_187_296,"187,296",2026-04-13 12:00:00+03:00,medium,block_12_18,0.0,1.0,1.0,1.0
grp_187_296,"187,296",2026-04-13 18:00:00+03:00,medium,block_18_24,2.0,1.0,-1.0,1.0
grp_19_54,"19,54",2026-01-27 18:00:00+03:00,medium,block_18_24,6.0,8.0,2.0,2.0
grp_19_54,"19,54",2026-01-28 06:00:00+03:00,medium,block_06_12,1.0,2.0,1.0,1.0
grp_19_54,"19,54",2026-01-28 12:00:00+03:00,medium,block_12_18,11.0,9.0,-2.0,2.0
grp_19_54,"19,54",2026-01-28 18:00:00+03:00,medium,block_18_24,13.0,7.0,-6.0,6.0
grp_19_54,"19,54",2026-01-29 06:00:00+03:00,medium,block_06_12,3.0,1.0,-2.0,2.0
grp_19_54,"19,54",2026-01-29 12:00:00+03:00,medium,block_12_18,9.0,9.0,0.0,0.0
grp_19_54,"19,54",2026-01-29 18:00:00+03:00,medium,block_18_24,13.0,7.0,-6.0,6.0
grp_19_54,"19,54",2026-01-30 06:00:00+03:00,medium,block_06_12,2.0,2.0,0.0,0.0
grp_19_54,"19,54",2026-01-30 12:00:00+03:00,medium,block_12_18,13.0,9.0,-4.0,4.0
grp_19_54,"19,54",2026-01-30 18:00:00+03:00,medium,block_18_24,15.0,9.0,-6.0,6.0
grp_19_54,"19,54",2026-01-31 06:00:00+03:00,medium,block_06_12,4.0,2.0,-2.0,2.0
grp_19_54,"19,54",2026-01-31 12:00:00+03:00,medium,block_12_18,18.0,12.0,-6.0,6.0
grp_19_54,"19,54",2026-01-31 18:00:00+03:00,medium,block_18_24,17.0,12.0,-5.0,5.0
grp_19_54,"19,54",2026-02-01 06:00:00+03:00,medium,block_06_12,3.0,3.0,0.0,0.0
grp_19_54,"19,54",2026-02-01 12:00:00+03:00,medium,block_12_18,16.0,12.0,-4.0,4.0
grp_19_54,"19,54",2026-02-01 18:00:00+03:00,medium,block_18_24,12.0,12.0,0.0,0.0
grp_19_54,"19,54",2026-02-02 06:00:00+03:00,medium,block_06_12,3.0,2.0,-1.0,1.0
grp_19_54,"19,54",2026-02-02 12:00:00+03:00,medium,block_12_18,13.0,11.0,-2.0,2.0
grp_19_54,"19,54",2026-02-02 18:00:00+03:00,medium,block_18_24,10.0,10.0,0.0,0.0
grp_19_54,"19,54",2026-02-03 06:00:00+03:00,medium,block_06_12,0.0,3.0,3.0,3.0
grp_19_54,"19,54",2026-02-03 12:00:00+03:00,medium,block_12_18,19.0,10.0,-9.0,9.0
grp_19_54,"19,54",2026-02-03 18:00:00+03:00,medium,block_18_24,10.0,9.0,-1.0,1.0
grp_19_54,"19,54",2026-02-04 06:00:00+03:00,medium,block_06_12,2.0,1.0,-1.0,1.0
grp_19_54,"19,54",2026-02-04 12:00:00+03:00,medium,block_12_18,18.0,12.0,-6.0,6.0
grp_19_54,"19,54",2026-02-04 18:00:00+03:00,medium,block_18_24,13.0,10.0,-3.0,3.0
grp_19_54,"19,54",2026-02-05 06:00:00+03:00,medium,block_06_12,4.0,2.0,-2.0,2.0
grp_19_54,"19,54",2026-02-05 12:00:00+03:00,medium,block_12_18,11.0,12.0,1.0,1.0
grp_19_54,"19,54",2026-02-05 18:00:00+03:00,medium,block_18_24,13.0,10.0,-3.0,3.0
grp_19_54,"19,54",2026-02-06 06:00:00+03:00,medium,block_06_12,2.0,3.0,1.0,1.0
grp_19_54,"19,54",2026-02-06 12:00:00+03:00,medium,block_12_18,17.0,11.0,-6.0,6.0
grp_19_54,"19,54",2026-02-06 18:00:00+03:00,medium,block_18_24,16.0,11.0,-5.0,5.0
grp_19_54,"19,54",2026-02-07 06:00:00+03:00,medium,block_06_12,2.0,3.0,1.0,1.0
grp_19_54,"19,54",2026-02-07 12:00:00+03:00,medium,block_12_18,26.0,12.0,-14.0,14.0
grp_19_54,"19,54",2026-02-07 18:00:00+03:00,medium,block_18_24,17.0,12.0,-5.0,5.0
grp_19_54,"19,54",2026-02-08 06:00:00+03:00,medium,block_06_12,2.0,2.0,0.0,0.0
grp_19_54,"19,54",2026-02-08 12:00:00+03:00,medium,block_12_18,19.0,12.0,-7.0,7.0
grp_19_54,"19,54",2026-02-08 18:00:00+03:00,medium,block_18_24,22.0,12.0,-10.0,10.0
grp_19_54,"19,54",2026-02-09 06:00:00+03:00,medium,block_06_12,1.0,2.0,1.0,1.0
grp_19_54,"19,54",2026-02-09 12:00:00+03:00,medium,block_12_18,7.0,12.0,5.0,5.0
grp_19_54,"19,54",2026-02-09 18:00:00+03:00,medium,block_18_24,19.0,12.0,-7.0,7.0
grp_19_54,"19,54",2026-02-10 06:00:00+03:00,medium,block_06_12,1.0,2.0,1.0,1.0
grp_19_54,"19,54",2026-02-10 12:00:00+03:00,medium,block_12_18,7.0,10.0,3.0,3.0
grp_19_54,"19,54",2026-02-10 18:00:00+03:00,medium,block_18_24,6.0,12.0,6.0,6.0
grp_19_54,"19,54",2026-02-11 06:00:00+03:00,medium,block_06_12,2.0,2.0,0.0,0.0
grp_19_54,"19,54",2026-02-11 12:00:00+03:00,medium,block_12_18,9.0,10.0,1.0,1.0
grp_19_54,"19,54",2026-02-11 18:00:00+03:00,medium,block_18_24,12.0,9.0,-3.0,3.0
grp_19_54,"19,54",2026-02-12 06:00:00+03:00,medium,block_06_12,3.0,2.0,-1.0,1.0
grp_19_54,"19,54",2026-02-12 12:00:00+03:00,medium,block_12_18,11.0,7.0,-4.0,4.0
grp_19_54,"19,54",2026-02-12 18:00:00+03:00,medium,block_18_24,9.0,11.0,2.0,2.0
grp_19_54,"19,54",2026-02-13 06:00:00+03:00,medium,block_06_12,4.0,2.0,-2.0,2.0
grp_19_54,"19,54",2026-02-13 12:00:00+03:00,medium,block_12_18,11.0,10.0,-1.0,1.0
grp_19_54,"19,54",2026-02-13 18:00:00+03:00,medium,block_18_24,13.0,9.0,-4.0,4.0
grp_19_54,"19,54",2026-02-14 06:00:00+03:00,medium,block_06_12,6.0,3.0,-3.0,3.0
grp_19_54,"19,54",2026-02-14 12:00:00+03:00,medium,block_12_18,20.0,11.0,-9.0,9.0
grp_19_54,"19,54",2026-02-14 18:00:00+03:00,medium,block_18_24,30.0,11.0,-19.0,19.0
grp_19_54,"19,54",2026-02-15 06:00:00+03:00,medium,block_06_12,2.0,4.0,2.0,2.0
grp_19_54,"19,54",2026-02-15 12:00:00+03:00,medium,block_12_18,21.0,13.0,-8.0,8.0
grp_19_54,"19,54",2026-02-15 18:00:00+03:00,medium,block_18_24,26.0,12.0,-14.0,14.0
grp_19_54,"19,54",2026-02-16 06:00:00+03:00,medium,block_06_12,1.0,3.0,2.0,2.0
grp_19_54,"19,54",2026-02-16 12:00:00+03:00,medium,block_12_18,21.0,12.0,-9.0,9.0
grp_19_54,"19,54",2026-02-16 18:00:00+03:00,medium,block_18_24,18.0,12.0,-6.0,6.0
grp_19_54,"19,54",2026-02-17 06:00:00+03:00,medium,block_06_12,1.0,2.0,1.0,1.0
grp_19_54,"19,54",2026-02-17 12:00:00+03:00,medium,block_12_18,13.0,12.0,-1.0,1.0
grp_19_54,"19,54",2026-02-17 18:00:00+03:00,medium,block_18_24,10.0,11.0,1.0,1.0
grp_19_54,"19,54",2026-02-18 06:00:00+03:00,medium,block_06_12,1.0,2.0,1.0,1.0
grp_19_54,"19,54",2026-02-18 12:00:00+03:00,medium,block_12_18,10.0,10.0,0.0,0.0
grp_19_54,"19,54",2026-02-18 18:00:00+03:00,medium,block_18_24,4.0,11.0,7.0,7.0
grp_19_54,"19,54",2026-02-19 06:00:00+03:00,medium,block_06_12,4.0,2.0,-2.0,2.0
grp_19_54,"19,54",2026-02-19 12:00:00+03:00,medium,block_12_18,14.0,10.0,-4.0,4.0
grp_19_54,"19,54",2026-02-19 18:00:00+03:00,medium,block_18_24,6.0,8.0,2.0,2.0
grp_19_54,"19,54",2026-02-20 06:00:00+03:00,medium,block_06_12,4.0,4.0,0.0,0.0
grp_19_54,"19,54",2026-02-20 12:00:00+03:00,medium,block_12_18,26.0,11.0,-15.0,15.0
grp_19_54,"19,54",2026-02-20 18:00:00+03:00,medium,block_18_24,20.0,7.0,-13.0,13.0
grp_19_54,"19,54",2026-02-21 06:00:00+03:00,medium,block_06_12,8.0,4.0,-4.0,4.0
grp_19_54,"19,54",2026-02-21 12:00:00+03:00,medium,block_12_18,27.0,14.0,-13.0,13.0
grp_19_54,"19,54",2026-02-21 18:00:00+03:00,medium,block_18_24,24.0,10.0,-14.0,14.0
grp_19_54,"19,54",2026-02-22 06:00:00+03:00,medium,block_06_12,2.0,5.0,3.0,3.0
grp_19_54,"19,54",2026-02-22 12:00:00+03:00,medium,block_12_18,26.0,12.0,-14.0,14.0
grp_19_54,"19,54",2026-02-22 18:00:00+03:00,medium,block_18_24,8.0,11.0,3.0,3.0
grp_19_54,"19,54",2026-02-23 06:00:00+03:00,medium,block_06_12,4.0,3.0,-1.0,1.0
grp_19_54,"19,54",2026-02-23 12:00:00+03:00,medium,block_12_18,22.0,13.0,-9.0,9.0
grp_19_54,"19,54",2026-02-23 18:00:00+03:00,medium,block_18_24,9.0,11.0,2.0,2.0
grp_19_54,"19,54",2026-02-24 06:00:00+03:00,medium,block_06_12,2.0,4.0,2.0,2.0
grp_19_54,"19,54",2026-02-24 12:00:00+03:00,medium,block_12_18,13.0,12.0,-1.0,1.0
grp_19_54,"19,54",2026-02-24 18:00:00+03:00,medium,block_18_24,7.0,10.0,3.0,3.0
grp_19_54,"19,54",2026-02-25 06:00:00+03:00,medium,block_06_12,0.0,2.0,2.0,2.0
grp_19_54,"19,54",2026-02-25 12:00:00+03:00,medium,block_12_18,20.0,10.0,-10.0,10.0
grp_19_54,"19,54",2026-02-25 18:00:00+03:00,medium,block_18_24,6.0,7.0,1.0,1.0
grp_19_54,"19,54",2026-02-26 06:00:00+03:00,medium,block_06_12,3.0,3.0,0.0,0.0
grp_19_54,"19,54",2026-02-26 12:00:00+03:00,medium,block_12_18,11.0,13.0,2.0,2.0
grp_19_54,"19,54",2026-02-26 18:00:00+03:00,medium,block_18_24,1.0,7.0,6.0,6.0
grp_19_54,"19,54",2026-02-27 06:00:00+03:00,medium,block_06_12,1.0,3.0,2.0,2.0
grp_19_54,"19,54",2026-02-27 12:00:00+03:00,medium,block_12_18,8.0,10.0,2.0,2.0
grp_19_54,"19,54",2026-02-27 18:00:00+03:00,medium,block_18_24,15.0,5.0,-10.0,10.0
grp_19_54,"19,54",2026-02-28 06:00:00+03:00,medium,block_06_12,2.0,3.0,1.0,1.0
grp_19_54,"19,54",2026-02-28 12:00:00+03:00,medium,block_12_18,23.0,10.0,-13.0,13.0
grp_19_54,"19,54",2026-02-28 18:00:00+03:00,medium,block_18_24,12.0,8.0,-4.0,4.0
grp_19_54,"19,54",2026-03-01 06:00:00+03:00,medium,block_06_12,2.0,2.0,0.0,0.0
grp_19_54,"19,54",2026-03-01 12:00:00+03:00,medium,block_12_18,11.0,12.0,1.0,1.0
grp_19_54,"19,54",2026-03-01 18:00:00+03:00,medium,block_18_24,13.0,8.0,-5.0,5.0
grp_19_54,"19,54",2026-03-02 06:00:00+03:00,medium,block_06_12,1.0,3.0,2.0,2.0
grp_19_54,"19,54",2026-03-02 12:00:00+03:00,medium,block_12_18,2.0,10.0,8.0,8.0
grp_19_54,"19,54",2026-03-02 18:00:00+03:00,medium,block_18_24,6.0,9.0,3.0,3.0
grp_19_54,"19,54",2026-03-03 06:00:00+03:00,medium,block_06_12,1.0,2.0,1.0,1.0
grp_19_54,"19,54",2026-03-03 12:00:00+03:00,medium,block_12_18,11.0,7.0,-4.0,4.0
grp_19_54,"19,54",2026-03-03 18:00:00+03:00,medium,block_18_24,2.0,8.0,6.0,6.0
grp_19_54,"19,54",2026-03-04 06:00:00+03:00,medium,block_06_12,2.0,1.0,-1.0,1.0
grp_19_54,"19,54",2026-03-04 12:00:00+03:00,medium,block_12_18,17.0,9.0,-8.0,8.0
grp_19_54,"19,54",2026-03-04 18:00:00+03:00,medium,block_18_24,3.0,5.0,2.0,2.0
grp_19_54,"19,54",2026-03-05 06:00:00+03:00,medium,block_06_12,0.0,2.0,2.0,2.0
grp_19_54,"19,54",2026-03-05 12:00:00+03:00,medium,block_12_18,10.0,10.0,0.0,0.0
grp_19_54,"19,54",2026-03-05 18:00:00+03:00,medium,block_18_24,11.0,4.0,-7.0,7.0
grp_19_54,"19,54",2026-03-06 06:00:00+03:00,medium,block_06_12,8.0,1.0,-7.0,7.0
grp_19_54,"19,54",2026-03-06 12:00:00+03:00,medium,block_12_18,7.0,10.0,3.0,3.0
grp_19_54,"19,54",2026-03-06 18:00:00+03:00,medium,block_18_24,8.0,8.0,0.0,0.0
grp_19_54,"19,54",2026-03-07 06:00:00+03:00,medium,block_06_12,5.0,4.0,-1.0,1.0
grp_19_54,"19,54",2026-03-07 12:00:00+03:00,medium,block_12_18,16.0,11.0,-5.0,5.0
grp_19_54,"19,54",2026-03-07 18:00:00+03:00,medium,block_18_24,8.0,7.0,-1.0,1.0
grp_19_54,"19,54",2026-03-08 06:00:00+03:00,medium,block_06_12,4.0,4.0,0.0,0.0
grp_19_54,"19,54",2026-03-08 12:00:00+03:00,medium,block_12_18,18.0,11.0,-7.0,7.0
grp_19_54,"19,54",2026-03-08 18:00:00+03:00,medium,block_18_24,16.0,8.0,-8.0,8.0
grp_19_54,"19,54",2026-03-09 06:00:00+03:00,medium,block_06_12,5.0,4.0,-1.0,1.0
grp_19_54,"19,54",2026-03-09 12:00:00+03:00,medium,block_12_18,17.0,11.0,-6.0,6.0
grp_19_54,"19,54",2026-03-09 18:00:00+03:00,medium,block_18_24,8.0,10.0,2.0,2.0
grp_19_54,"19,54",2026-03-10 06:00:00+03:00,medium,block_06_12,2.0,4.0,2.0,2.0
grp_19_54,"19,54",2026-03-10 12:00:00+03:00,medium,block_12_18,8.0,12.0,4.0,4.0
grp_19_54,"19,54",2026-03-10 18:00:00+03:00,medium,block_18_24,5.0,8.0,3.0,3.0
grp_19_54,"19,54",2026-03-11 06:00:00+03:00,medium,block_06_12,2.0,3.0,1.0,1.0
grp_19_54,"19,54",2026-03-11 12:00:00+03:00,medium,block_12_18,8.0,11.0,3.0,3.0
grp_19_54,"19,54",2026-03-11 18:00:00+03:00,medium,block_18_24,4.0,7.0,3.0,3.0
grp_19_54,"19,54",2026-03-12 06:00:00+03:00,medium,block_06_12,0.0,2.0,2.0,2.0
grp_19_54,"19,54",2026-03-12 12:00:00+03:00,medium,block_12_18,16.0,9.0,-7.0,7.0
grp_19_54,"19,54",2026-03-12 18:00:00+03:00,medium,block_18_24,8.0,6.0,-2.0,2.0
grp_19_54,"19,54",2026-03-13 06:00:00+03:00,medium,block_06_12,1.0,3.0,2.0,2.0
grp_19_54,"19,54",2026-03-13 12:00:00+03:00,medium,block_12_18,19.0,10.0,-9.0,9.0
grp_19_54,"19,54",2026-03-13 18:00:00+03:00,medium,block_18_24,9.0,7.0,-2.0,2.0
grp_19_54,"19,54",2026-03-14 06:00:00+03:00,medium,block_06_12,3.0,2.0,-1.0,1.0
grp_19_54,"19,54",2026-03-14 12:00:00+03:00,medium,block_12_18,13.0,12.0,-1.0,1.0
grp_19_54,"19,54",2026-03-14 18:00:00+03:00,medium,block_18_24,9.0,7.0,-2.0,2.0
grp_19_54,"19,54",2026-03-15 06:00:00+03:00,medium,block_06_12,4.0,3.0,-1.0,1.0
grp_19_54,"19,54",2026-03-15 12:00:00+03:00,medium,block_12_18,9.0,12.0,3.0,3.0
grp_19_54,"19,54",2026-03-15 18:00:00+03:00,medium,block_18_24,9.0,9.0,0.0,0.0
grp_19_54,"19,54",2026-03-16 06:00:00+03:00,medium,block_06_12,1.0,4.0,3.0,3.0
grp_19_54,"19,54",2026-03-16 12:00:00+03:00,medium,block_12_18,6.0,11.0,5.0,5.0
grp_19_54,"19,54",2026-03-16 18:00:00+03:00,medium,block_18_24,14.0,7.0,-7.0,7.0
grp_19_54,"19,54",2026-03-17 06:00:00+03:00,medium,block_06_12,0.0,2.0,2.0,2.0
grp_19_54,"19,54",2026-03-17 12:00:00+03:00,medium,block_12_18,10.0,8.0,-2.0,2.0
grp_19_54,"19,54",2026-03-17 18:00:00+03:00,medium,block_18_24,8.0,9.0,1.0,1.0
grp_19_54,"19,54",2026-03-18 06:00:00+03:00,medium,block_06_12,0.0,2.0,2.0,2.0
grp_19_54,"19,54",2026-03-18 12:00:00+03:00,medium,block_12_18,7.0,7.0,0.0,0.0
grp_19_54,"19,54",2026-03-18 18:00:00+03:00,medium,block_18_24,14.0,8.0,-6.0,6.0
grp_19_54,"19,54",2026-03-19 06:00:00+03:00,medium,block_06_12,1.0,1.0,0.0,0.0
grp_19_54,"19,54",2026-03-19 12:00:00+03:00,medium,block_12_18,8.0,8.0,0.0,0.0
grp_19_54,"19,54",2026-03-19 18:00:00+03:00,medium,block_18_24,10.0,9.0,-1.0,1.0
grp_19_54,"19,54",2026-03-20 06:00:00+03:00,medium,block_06_12,4.0,1.0,-3.0,3.0
grp_19_54,"19,54",2026-03-20 12:00:00+03:00,medium,block_12_18,5.0,9.0,4.0,4.0
grp_19_54,"19,54",2026-03-20 18:00:00+03:00,medium,block_18_24,8.0,9.0,1.0,1.0
grp_19_54,"19,54",2026-03-21 06:00:00+03:00,medium,block_06_12,2.0,3.0,1.0,1.0
grp_19_54,"19,54",2026-03-21 12:00:00+03:00,medium,block_12_18,19.0,6.0,-13.0,13.0
grp_19_54,"19,54",2026-03-21 18:00:00+03:00,medium,block_18_24,2.0,9.0,7.0,7.0
grp_19_54,"19,54",2026-03-22 06:00:00+03:00,medium,block_06_12,2.0,2.0,0.0,0.0
grp_19_54,"19,54",2026-03-22 12:00:00+03:00,medium,block_12_18,4.0,11.0,7.0,7.0
grp_19_54,"19,54",2026-03-22 18:00:00+03:00,medium,block_18_24,13.0,5.0,-8.0,8.0
grp_19_54,"19,54",2026-03-23 06:00:00+03:00,medium,block_06_12,0.0,2.0,2.0,2.0
grp_19_54,"19,54",2026-03-23 12:00:00+03:00,medium,block_12_18,5.0,7.0,2.0,2.0
grp_19_54,"19,54",2026-03-23 18:00:00+03:00,medium,block_18_24,8.0,8.0,0.0,0.0
grp_19_54,"19,54",2026-03-24 06:00:00+03:00,medium,block_06_12,2.0,1.0,-1.0,1.0
grp_19_54,"19,54",2026-03-24 12:00:00+03:00,medium,block_12_18,4.0,8.0,4.0,4.0
grp_19_54,"19,54",2026-03-24 18:00:00+03:00,medium,block_18_24,4.0,6.0,2.0,2.0
grp_19_54,"19,54",2026-03-25 06:00:00+03:00,medium,block_06_12,1.0,2.0,1.0,1.0
grp_19_54,"19,54",2026-03-25 12:00:00+03:00,medium,block_12_18,3.0,6.0,3.0,3.0
grp_19_54,"19,54",2026-03-25 18:00:00+03:00,medium,block_18_24,3.0,7.0,4.0,4.0
grp_19_54,"19,54",2026-03-26 06:00:00+03:00,medium,block_06_12,2.0,1.0,-1.0,1.0
grp_19_54,"19,54",2026-03-26 12:00:00+03:00,medium,block_12_18,4.0,5.0,1.0,1.0
grp_19_54,"19,54",2026-03-26 18:00:00+03:00,medium,block_18_24,5.0,5.0,0.0,0.0
grp_19_54,"19,54",2026-03-27 06:00:00+03:00,medium,block_06_12,1.0,3.0,2.0,2.0
grp_19_54,"19,54",2026-03-27 12:00:00+03:00,medium,block_12_18,6.0,6.0,0.0,0.0
grp_19_54,"19,54",2026-03-27 18:00:00+03:00,medium,block_18_24,8.0,5.0,-3.0,3.0
grp_19_54,"19,54",2026-03-28 06:00:00+03:00,medium,block_06_12,4.0,1.0,-3.0,3.0
grp_19_54,"19,54",2026-03-28 12:00:00+03:00,medium,block_12_18,8.0,8.0,0.0,0.0
grp_19_54,"19,54",2026-03-28 18:00:00+03:00,medium,block_18_24,5.0,5.0,0.0,0.0
grp_19_54,"19,54",2026-03-29 06:00:00+03:00,medium,block_06_12,0.0,3.0,3.0,3.0
grp_19_54,"19,54",2026-03-29 12:00:00+03:00,medium,block_12_18,6.0,5.0,-1.0,1.0
grp_19_54,"19,54",2026-03-29 18:00:00+03:00,medium,block_18_24,9.0,6.0,-3.0,3.0
grp_19_54,"19,54",2026-03-30 06:00:00+03:00,medium,block_06_12,1.0,1.0,0.0,0.0
grp_19_54,"19,54",2026-03-30 12:00:00+03:00,medium,block_12_18,5.0,6.0,1.0,1.0
grp_19_54,"19,54",2026-03-30 18:00:00+03:00,medium,block_18_24,6.0,6.0,0.0,0.0
grp_19_54,"19,54",2026-03-31 06:00:00+03:00,medium,block_06_12,0.0,2.0,2.0,2.0
grp_19_54,"19,54",2026-03-31 12:00:00+03:00,medium,block_12_18,4.0,5.0,1.0,1.0
grp_19_54,"19,54",2026-03-31 18:00:00+03:00,medium,block_18_24,6.0,5.0,-1.0,1.0
grp_19_54,"19,54",2026-04-01 06:00:00+03:00,medium,block_06_12,1.0,1.0,0.0,0.0
grp_19_54,"19,54",2026-04-01 12:00:00+03:00,medium,block_12_18,7.0,5.0,-2.0,2.0
grp_19_54,"19,54",2026-04-01 18:00:00+03:00,medium,block_18_24,13.0,5.0,-8.0,8.0
grp_19_54,"19,54",2026-04-02 06:00:00+03:00,medium,block_06_12,1.0,2.0,1.0,1.0
grp_19_54,"19,54",2026-04-02 12:00:00+03:00,medium,block_12_18,9.0,5.0,-4.0,4.0
grp_19_54,"19,54",2026-04-02 18:00:00+03:00,medium,block_18_24,12.0,7.0,-5.0,5.0
grp_19_54,"19,54",2026-04-03 06:00:00+03:00,medium,block_06_12,2.0,1.0,-1.0,1.0
grp_19_54,"19,54",2026-04-03 12:00:00+03:00,medium,block_12_18,13.0,6.0,-7.0,7.0
grp_19_54,"19,54",2026-04-03 18:00:00+03:00,medium,block_18_24,10.0,9.0,-1.0,1.0
grp_19_54,"19,54",2026-04-04 06:00:00+03:00,medium,block_06_12,2.0,2.0,0.0,0.0
grp_19_54,"19,54",2026-04-04 12:00:00+03:00,medium,block_12_18,17.0,8.0,-9.0,9.0
grp_19_54,"19,54",2026-04-04 18:00:00+03:00,medium,block_18_24,17.0,9.0,-8.0,8.0
grp_19_54,"19,54",2026-04-05 06:00:00+03:00,medium,block_06_12,2.0,1.0,-1.0,1.0
grp_19_54,"19,54",2026-04-05 12:00:00+03:00,medium,block_12_18,15.0,10.0,-5.0,5.0
grp_19_54,"19,54",2026-04-05 18:00:00+03:00,medium,block_18_24,13.0,11.0,-2.0,2.0
grp_19_54,"19,54",2026-04-06 06:00:00+03:00,medium,block_06_12,4.0,2.0,-2.0,2.0
grp_19_54,"19,54",2026-04-06 12:00:00+03:00,medium,block_12_18,9.0,10.0,1.0,1.0
grp_19_54,"19,54",2026-04-06 18:00:00+03:00,medium,block_18_24,12.0,9.0,-3.0,3.0
grp_19_54,"19,54",2026-04-07 06:00:00+03:00,medium,block_06_12,1.0,2.0,1.0,1.0
grp_19_54,"19,54",2026-04-07 12:00:00+03:00,medium,block_12_18,10.0,9.0,-1.0,1.0
grp_19_54,"19,54",2026-04-07 18:00:00+03:00,medium,block_18_24,15.0,10.0,-5.0,5.0
grp_19_54,"19,54",2026-04-08 06:00:00+03:00,medium,block_06_12,4.0,2.0,-2.0,2.0
grp_19_54,"19,54",2026-04-08 12:00:00+03:00,medium,block_12_18,13.0,9.0,-4.0,4.0
grp_19_54,"19,54",2026-04-08 18:00:00+03:00,medium,block_18_24,9.0,11.0,2.0,2.0
grp_19_54,"19,54",2026-04-09 06:00:00+03:00,medium,block_06_12,1.0,3.0,2.0,2.0
grp_19_54,"19,54",2026-04-09 12:00:00+03:00,medium,block_12_18,11.0,10.0,-1.0,1.0
grp_19_54,"19,54",2026-04-09 18:00:00+03:00,medium,block_18_24,14.0,10.0,-4.0,4.0
grp_19_54,"19,54",2026-04-10 06:00:00+03:00,medium,block_06_12,10.0,2.0,-8.0,8.0
grp_19_54,"19,54",2026-04-10 12:00:00+03:00,medium,block_12_18,25.0,11.0,-14.0,14.0
grp_19_54,"19,54",2026-04-10 18:00:00+03:00,medium,block_18_24,25.0,10.0,-15.0,15.0
grp_19_54,"19,54",2026-04-11 06:00:00+03:00,medium,block_06_12,12.0,5.0,-7.0,7.0
grp_19_54,"19,54",2026-04-11 12:00:00+03:00,medium,block_12_18,33.0,13.0,-20.0,20.0
grp_19_54,"19,54",2026-04-11 18:00:00+03:00,medium,block_18_24,20.0,12.0,-8.0,8.0
grp_19_54,"19,54",2026-04-12 06:00:00+03:00,medium,block_06_12,12.0,6.0,-6.0,6.0
grp_19_54,"19,54",2026-04-12 12:00:00+03:00,medium,block_12_18,29.0,14.0,-15.0,15.0
grp_19_54,"19,54",2026-04-12 18:00:00+03:00,medium,block_18_24,14.0,13.0,-1.0,1.0
grp_19_54,"19,54",2026-04-13 06:00:00+03:00,medium,block_06_12,2.0,8.0,6.0,6.0
grp_19_54,"19,54",2026-04-13 12:00:00+03:00,medium,block_12_18,13.0,13.0,0.0,0.0
grp_19_54,"19,54",2026-04-13 18:00:00+03:00,medium,block_18_24,16.0,11.0,-5.0,5.0
grp_288_424,"288,424",2026-01-27 18:00:00+03:00,medium,block_18_24,2.0,2.0,0.0,0.0
grp_288_424,"288,424",2026-01-28 06:00:00+03:00,medium,block_06_12,0.0,0.0,0.0,0.0
grp_288_424,"288,424",2026-01-28 12:00:00+03:00,medium,block_12_18,3.0,2.0,-1.0,1.0
grp_288_424,"288,424",2026-01-28 18:00:00+03:00,medium,block_18_24,5.0,2.0,-3.0,3.0
grp_288_424,"288,424",2026-01-29 06:00:00+03:00,medium,block_06_12,0.0,0.0,0.0,0.0
grp_288_424,"288,424",2026-01-29 12:00:00+03:00,medium,block_12_18,1.0,2.0,1.0,1.0
grp_288_424,"288,424",2026-01-29 18:00:00+03:00,medium,block_18_24,1.0,2.0,1.0,1.0
grp_288_424,"288,424",2026-01-30 06:00:00+03:00,medium,block_06_12,0.0,0.0,0.0,0.0
grp_288_424,"288,424",2026-01-30 12:00:00+03:00,medium,block_12_18,2.0,2.0,0.0,0.0
grp_288_424,"288,424",2026-01-30 18:00:00+03:00,medium,block_18_24,2.0,3.0,1.0,1.0
grp_288_424,"288,424",2026-01-31 06:00:00+03:00,medium,block_06_12,0.0,0.0,0.0,0.0
grp_288_424,"288,424",2026-01-31 12:00:00+03:00,medium,block_12_18,5.0,2.0,-3.0,3.0
grp_288_424,"288,424",2026-01-31 18:00:00+03:00,medium,block_18_24,4.0,2.0,-2.0,2.0
grp_288_424,"288,424",2026-02-01 06:00:00+03:00,medium,block_06_12,0.0,0.0,0.0,0.0
grp_288_424,"288,424",2026-02-01 12:00:00+03:00,medium,block_12_18,3.0,3.0,0.0,0.0
grp_288_424,"288,424",2026-02-01 18:00:00+03:00,medium,block_18_24,3.0,2.0,-1.0,1.0
grp_288_424,"288,424",2026-02-02 06:00:00+03:00,medium,block_06_12,0.0,0.0,0.0,0.0
grp_288_424,"288,424",2026-02-02 12:00:00+03:00,medium,block_12_18,1.0,2.0,1.0,1.0
grp_288_424,"288,424",2026-02-02 18:00:00+03:00,medium,block_18_24,2.0,2.0,0.0,0.0
grp_288_424,"288,424",2026-02-03 06:00:00+03:00,medium,block_06_12,0.0,0.0,0.0,0.0
grp_288_424,"288,424",2026-02-03 12:00:00+03:00,medium,block_12_18,3.0,2.0,-1.0,1.0
grp_288_424,"288,424",2026-02-03 18:00:00+03:00,medium,block_18_24,1.0,2.0,1.0,1.0
grp_288_424,"288,424",2026-02-04 06:00:00+03:00,medium,block_06_12,0.0,0.0,0.0,0.0
grp_288_424,"288,424",2026-02-04 12:00:00+03:00,medium,block_12_18,0.0,3.0,3.0,3.0
grp_288_424,"288,424",2026-02-04 18:00:00+03:00,medium,block_18_24,1.0,2.0,1.0,1.0
grp_288_424,"288,424",2026-02-05 06:00:00+03:00,medium,block_06_12,0.0,0.0,0.0,0.0
grp_288_424,"288,424",2026-02-05 12:00:00+03:00,medium,block_12_18,1.0,1.0,0.0,0.0
grp_288_424,"288,424",2026-02-05 18:00:00+03:00,medium,block_18_24,3.0,1.0,-2.0,2.0
grp_288_424,"288,424",2026-02-06 06:00:00+03:00,medium,block_06_12,0.0,0.0,0.0,0.0
grp_288_424,"288,424",2026-02-06 12:00:00+03:00,medium,block_12_18,2.0,2.0,0.0,0.0
grp_288_424,"288,424",2026-02-06 18:00:00+03:00,medium,block_18_24,5.0,2.0,-3.0,3.0
grp_288_424,"288,424",2026-02-07 06:00:00+03:00,medium,block_06_12,0.0,0.0,0.0,0.0
grp_288_424,"288,424",2026-02-07 12:00:00+03:00,medium,block_12_18,2.0,3.0,1.0,1.0
grp_288_424,"288,424",2026-02-07 18:00:00+03:00,medium,block_18_24,5.0,3.0,-2.0,2.0
grp_288_424,"288,424",2026-02-08 06:00:00+03:00,medium,block_06_12,0.0,0.0,0.0,0.0
grp_288_424,"288,424",2026-02-08 12:00:00+03:00,medium,block_12_18,1.0,2.0,1.0,1.0
grp_288_424,"288,424",2026-02-08 18:00:00+03:00,medium,block_18_24,6.0,4.0,-2.0,2.0
grp_288_424,"288,424",2026-02-09 06:00:00+03:00,medium,block_06_12,0.0,0.0,0.0,0.0
grp_288_424,"288,424",2026-02-09 12:00:00+03:00,medium,block_12_18,4.0,2.0,-2.0,2.0
grp_288_424,"288,424",2026-02-09 18:00:00+03:00,medium,block_18_24,1.0,4.0,3.0,3.0
grp_288_424,"288,424",2026-02-10 06:00:00+03:00,medium,block_06_12,0.0,0.0,0.0,0.0
grp_288_424,"288,424",2026-02-10 12:00:00+03:00,medium,block_12_18,1.0,3.0,2.0,2.0
grp_288_424,"288,424",2026-02-10 18:00:00+03:00,medium,block_18_24,2.0,2.0,0.0,0.0
grp_288_424,"288,424",2026-02-11 06:00:00+03:00,medium,block_06_12,0.0,0.0,0.0,0.0
grp_288_424,"288,424",2026-02-11 12:00:00+03:00,medium,block_12_18,2.0,1.0,-1.0,1.0
grp_288_424,"288,424",2026-02-11 18:00:00+03:00,medium,block_18_24,2.0,2.0,0.0,0.0
grp_288_424,"288,424",2026-02-12 06:00:00+03:00,medium,block_06_12,0.0,0.0,0.0,0.0
grp_288_424,"288,424",2026-02-12 12:00:00+03:00,medium,block_12_18,4.0,2.0,-2.0,2.0
grp_288_424,"288,424",2026-02-12 18:00:00+03:00,medium,block_18_24,2.0,2.0,0.0,0.0
grp_288_424,"288,424",2026-02-13 06:00:00+03:00,medium,block_06_12,0.0,0.0,0.0,0.0
grp_288_424,"288,424",2026-02-13 12:00:00+03:00,medium,block_12_18,5.0,3.0,-2.0,2.0
grp_288_424,"288,424",2026-02-13 18:00:00+03:00,medium,block_18_24,5.0,3.0,-2.0,2.0
grp_288_424,"288,424",2026-02-14 06:00:00+03:00,medium,block_06_12,0.0,0.0,0.0,0.0
grp_288_424,"288,424",2026-02-14 12:00:00+03:00,medium,block_12_18,2.0,3.0,1.0,1.0
grp_288_424,"288,424",2026-02-14 18:00:00+03:00,medium,block_18_24,3.0,4.0,1.0,1.0
grp_288_424,"288,424",2026-02-15 06:00:00+03:00,medium,block_06_12,0.0,0.0,0.0,0.0
grp_288_424,"288,424",2026-02-15 12:00:00+03:00,medium,block_12_18,5.0,2.0,-3.0,3.0
grp_288_424,"288,424",2026-02-15 18:00:00+03:00,medium,block_18_24,1.0,3.0,2.0,2.0
grp_288_424,"288,424",2026-02-16 06:00:00+03:00,medium,block_06_12,0.0,0.0,0.0,0.0
grp_288_424,"288,424",2026-02-16 12:00:00+03:00,medium,block_12_18,4.0,4.0,0.0,0.0
grp_288_424,"288,424",2026-02-16 18:00:00+03:00,medium,block_18_24,3.0,2.0,-1.0,1.0
grp_288_424,"288,424",2026-02-17 06:00:00+03:00,medium,block_06_12,0.0,0.0,0.0,0.0
grp_288_424,"288,424",2026-02-17 12:00:00+03:00,medium,block_12_18,1.0,3.0,2.0,2.0
grp_288_424,"288,424",2026-02-17 18:00:00+03:00,medium,block_18_24,3.0,2.0,-1.0,1.0
grp_288_424,"288,424",2026-02-18 06:00:00+03:00,medium,block_06_12,0.0,0.0,0.0,0.0
grp_288_424,"288,424",2026-02-18 12:00:00+03:00,medium,block_12_18,2.0,2.0,0.0,0.0
grp_288_424,"288,424",2026-02-18 18:00:00+03:00,medium,block_18_24,1.0,2.0,1.0,1.0
grp_288_424,"288,424",2026-02-19 06:00:00+03:00,medium,block_06_12,0.0,0.0,0.0,0.0
grp_288_424,"288,424",2026-02-19 12:00:00+03:00,medium,block_12_18,5.0,3.0,-2.0,2.0
grp_288_424,"288,424",2026-02-19 18:00:00+03:00,medium,block_18_24,4.0,2.0,-2.0,2.0
grp_288_424,"288,424",2026-02-20 06:00:00+03:00,medium,block_06_12,0.0,0.0,0.0,0.0
grp_288_424,"288,424",2026-02-20 12:00:00+03:00,medium,block_12_18,3.0,4.0,1.0,1.0
grp_288_424,"288,424",2026-02-20 18:00:00+03:00,medium,block_18_24,5.0,3.0,-2.0,2.0
grp_288_424,"288,424",2026-02-21 06:00:00+03:00,medium,block_06_12,0.0,0.0,0.0,0.0
grp_288_424,"288,424",2026-02-21 12:00:00+03:00,medium,block_12_18,3.0,2.0,-1.0,1.0
grp_288_424,"288,424",2026-02-21 18:00:00+03:00,medium,block_18_24,3.0,3.0,0.0,0.0
grp_288_424,"288,424",2026-02-22 06:00:00+03:00,medium,block_06_12,0.0,0.0,0.0,0.0
grp_288_424,"288,424",2026-02-22 12:00:00+03:00,medium,block_12_18,4.0,3.0,-1.0,1.0
grp_288_424,"288,424",2026-02-22 18:00:00+03:00,medium,block_18_24,2.0,2.0,0.0,0.0
grp_288_424,"288,424",2026-02-23 06:00:00+03:00,medium,block_06_12,0.0,0.0,0.0,0.0
grp_288_424,"288,424",2026-02-23 12:00:00+03:00,medium,block_12_18,3.0,3.0,0.0,0.0
grp_288_424,"288,424",2026-02-23 18:00:00+03:00,medium,block_18_24,3.0,2.0,-1.0,1.0
grp_288_424,"288,424",2026-02-24 06:00:00+03:00,medium,block_06_12,0.0,0.0,0.0,0.0
grp_288_424,"288,424",2026-02-24 12:00:00+03:00,medium,block_12_18,1.0,2.0,1.0,1.0
grp_288_424,"288,424",2026-02-24 18:00:00+03:00,medium,block_18_24,4.0,2.0,-2.0,2.0
grp_288_424,"288,424",2026-02-25 06:00:00+03:00,medium,block_06_12,0.0,0.0,0.0,0.0
grp_288_424,"288,424",2026-02-25 12:00:00+03:00,medium,block_12_18,2.0,2.0,0.0,0.0
grp_288_424,"288,424",2026-02-25 18:00:00+03:00,medium,block_18_24,2.0,2.0,0.0,0.0
grp_288_424,"288,424",2026-02-26 06:00:00+03:00,medium,block_06_12,0.0,0.0,0.0,0.0
grp_288_424,"288,424",2026-02-26 12:00:00+03:00,medium,block_12_18,2.0,3.0,1.0,1.0
grp_288_424,"288,424",2026-02-26 18:00:00+03:00,medium,block_18_24,1.0,3.0,2.0,2.0
grp_288_424,"288,424",2026-02-27 06:00:00+03:00,medium,block_06_12,0.0,0.0,0.0,0.0
grp_288_424,"288,424",2026-02-27 12:00:00+03:00,medium,block_12_18,5.0,2.0,-3.0,3.0
grp_288_424,"288,424",2026-02-27 18:00:00+03:00,medium,block_18_24,3.0,3.0,0.0,0.0
grp_288_424,"288,424",2026-02-28 06:00:00+03:00,medium,block_06_12,0.0,0.0,0.0,0.0
grp_288_424,"288,424",2026-02-28 12:00:00+03:00,medium,block_12_18,3.0,3.0,0.0,0.0
grp_288_424,"288,424",2026-02-28 18:00:00+03:00,medium,block_18_24,0.0,2.0,2.0,2.0
grp_288_424,"288,424",2026-03-01 06:00:00+03:00,medium,block_06_12,0.0,0.0,0.0,0.0
grp_288_424,"288,424",2026-03-01 12:00:00+03:00,medium,block_12_18,2.0,3.0,1.0,1.0
grp_288_424,"288,424",2026-03-01 18:00:00+03:00,medium,block_18_24,2.0,1.0,-1.0,1.0
grp_288_424,"288,424",2026-03-02 06:00:00+03:00,medium,block_06_12,0.0,0.0,0.0,0.0
grp_288_424,"288,424",2026-03-02 12:00:00+03:00,medium,block_12_18,1.0,3.0,2.0,2.0
grp_288_424,"288,424",2026-03-02 18:00:00+03:00,medium,block_18_24,1.0,2.0,1.0,1.0
grp_288_424,"288,424",2026-03-03 06:00:00+03:00,medium,block_06_12,0.0,0.0,0.0,0.0
grp_288_424,"288,424",2026-03-03 12:00:00+03:00,medium,block_12_18,1.0,2.0,1.0,1.0
grp_288_424,"288,424",2026-03-03 18:00:00+03:00,medium,block_18_24,2.0,2.0,0.0,0.0
grp_288_424,"288,424",2026-03-04 06:00:00+03:00,medium,block_06_12,0.0,0.0,0.0,0.0
grp_288_424,"288,424",2026-03-04 12:00:00+03:00,medium,block_12_18,2.0,2.0,0.0,0.0
grp_288_424,"288,424",2026-03-04 18:00:00+03:00,medium,block_18_24,4.0,2.0,-2.0,2.0
grp_288_424,"288,424",2026-03-05 06:00:00+03:00,medium,block_06_12,0.0,0.0,0.0,0.0
grp_288_424,"288,424",2026-03-05 12:00:00+03:00,medium,block_12_18,0.0,2.0,2.0,2.0
grp_288_424,"288,424",2026-03-05 18:00:00+03:00,medium,block_18_24,1.0,2.0,1.0,1.0
grp_288_424,"288,424",2026-03-06 06:00:00+03:00,medium,block_06_12,0.0,0.0,0.0,0.0
grp_288_424,"288,424",2026-03-06 12:00:00+03:00,medium,block_12_18,4.0,2.0,-2.0,2.0
grp_288_424,"288,424",2026-03-06 18:00:00+03:00,medium,block_18_24,1.0,2.0,1.0,1.0
grp_288_424,"288,424",2026-03-07 06:00:00+03:00,medium,block_06_12,0.0,0.0,0.0,0.0
grp_288_424,"288,424",2026-03-07 12:00:00+03:00,medium,block_12_18,3.0,3.0,0.0,0.0
grp_288_424,"288,424",2026-03-07 18:00:00+03:00,medium,block_18_24,3.0,1.0,-2.0,2.0
grp_288_424,"288,424",2026-03-08 06:00:00+03:00,medium,block_06_12,0.0,0.0,0.0,0.0
grp_288_424,"288,424",2026-03-08 12:00:00+03:00,medium,block_12_18,8.0,2.0,-6.0,6.0
grp_288_424,"288,424",2026-03-08 18:00:00+03:00,medium,block_18_24,1.0,2.0,1.0,1.0
grp_288_424,"288,424",2026-03-09 06:00:00+03:00,medium,block_06_12,0.0,0.0,0.0,0.0
grp_288_424,"288,424",2026-03-09 12:00:00+03:00,medium,block_12_18,1.0,4.0,3.0,3.0
grp_288_424,"288,424",2026-03-09 18:00:00+03:00,medium,block_18_24,1.0,1.0,0.0,0.0
grp_288_424,"288,424",2026-03-10 06:00:00+03:00,medium,block_06_12,0.0,0.0,0.0,0.0
grp_288_424,"288,424",2026-03-10 12:00:00+03:00,medium,block_12_18,3.0,2.0,-1.0,1.0
grp_288_424,"288,424",2026-03-10 18:00:00+03:00,medium,block_18_24,0.0,2.0,2.0,2.0
grp_288_424,"288,424",2026-03-11 06:00:00+03:00,medium,block_06_12,0.0,0.0,0.0,0.0
grp_288_424,"288,424",2026-03-11 12:00:00+03:00,medium,block_12_18,1.0,3.0,2.0,2.0
grp_288_424,"288,424",2026-03-11 18:00:00+03:00,medium,block_18_24,0.0,2.0,2.0,2.0
grp_288_424,"288,424",2026-03-12 06:00:00+03:00,medium,block_06_12,0.0,0.0,0.0,0.0
grp_288_424,"288,424",2026-03-12 12:00:00+03:00,medium,block_12_18,2.0,2.0,0.0,0.0
grp_288_424,"288,424",2026-03-12 18:00:00+03:00,medium,block_18_24,4.0,1.0,-3.0,3.0
grp_288_424,"288,424",2026-03-13 06:00:00+03:00,medium,block_06_12,0.0,0.0,0.0,0.0
grp_288_424,"288,424",2026-03-13 12:00:00+03:00,medium,block_12_18,4.0,3.0,-1.0,1.0
grp_288_424,"288,424",2026-03-13 18:00:00+03:00,medium,block_18_24,1.0,2.0,1.0,1.0
grp_288_424,"288,424",2026-03-14 06:00:00+03:00,medium,block_06_12,0.0,0.0,0.0,0.0
grp_288_424,"288,424",2026-03-14 12:00:00+03:00,medium,block_12_18,0.0,3.0,3.0,3.0
grp_288_424,"288,424",2026-03-14 18:00:00+03:00,medium,block_18_24,2.0,2.0,0.0,0.0
grp_288_424,"288,424",2026-03-15 06:00:00+03:00,medium,block_06_12,1.0,0.0,-1.0,1.0
grp_288_424,"288,424",2026-03-15 12:00:00+03:00,medium,block_12_18,2.0,3.0,1.0,1.0
grp_288_424,"288,424",2026-03-15 18:00:00+03:00,medium,block_18_24,3.0,2.0,-1.0,1.0
grp_288_424,"288,424",2026-03-16 06:00:00+03:00,medium,block_06_12,0.0,1.0,1.0,1.0
grp_288_424,"288,424",2026-03-16 12:00:00+03:00,medium,block_12_18,2.0,2.0,0.0,0.0
grp_288_424,"288,424",2026-03-16 18:00:00+03:00,medium,block_18_24,1.0,2.0,1.0,1.0
grp_288_424,"288,424",2026-03-17 06:00:00+03:00,medium,block_06_12,0.0,0.0,0.0,0.0
grp_288_424,"288,424",2026-03-17 12:00:00+03:00,medium,block_12_18,0.0,2.0,2.0,2.0
grp_288_424,"288,424",2026-03-17 18:00:00+03:00,medium,block_18_24,0.0,1.0,1.0,1.0
grp_288_424,"288,424",2026-03-18 06:00:00+03:00,medium,block_06_12,0.0,0.0,0.0,0.0
grp_288_424,"288,424",2026-03-18 12:00:00+03:00,medium,block_12_18,1.0,1.0,0.0,0.0
grp_288_424,"288,424",2026-03-18 18:00:00+03:00,medium,block_18_24,0.0,1.0,1.0,1.0
grp_288_424,"288,424",2026-03-19 06:00:00+03:00,medium,block_06_12,0.0,0.0,0.0,0.0
grp_288_424,"288,424",2026-03-19 12:00:00+03:00,medium,block_12_18,5.0,2.0,-3.0,3.0
grp_288_424,"288,424",2026-03-19 18:00:00+03:00,medium,block_18_24,3.0,2.0,-1.0,1.0
grp_288_424,"288,424",2026-03-20 06:00:00+03:00,medium,block_06_12,0.0,0.0,0.0,0.0
grp_288_424,"288,424",2026-03-20 12:00:00+03:00,medium,block_12_18,2.0,3.0,1.0,1.0
grp_288_424,"288,424",2026-03-20 18:00:00+03:00,medium,block_18_24,2.0,1.0,-1.0,1.0
grp_288_424,"288,424",2026-03-21 06:00:00+03:00,medium,block_06_12,0.0,0.0,0.0,0.0
grp_288_424,"288,424",2026-03-21 12:00:00+03:00,medium,block_12_18,2.0,2.0,0.0,0.0
grp_288_424,"288,424",2026-03-21 18:00:00+03:00,medium,block_18_24,2.0,2.0,0.0,0.0
grp_288_424,"288,424",2026-03-22 06:00:00+03:00,medium,block_06_12,0.0,1.0,1.0,1.0
grp_288_424,"288,424",2026-03-22 12:00:00+03:00,medium,block_12_18,0.0,2.0,2.0,2.0
grp_288_424,"288,424",2026-03-22 18:00:00+03:00,medium,block_18_24,3.0,2.0,-1.0,1.0
grp_288_424,"288,424",2026-03-23 06:00:00+03:00,medium,block_06_12,0.0,0.0,0.0,0.0
grp_288_424,"288,424",2026-03-23 12:00:00+03:00,medium,block_12_18,3.0,2.0,-1.0,1.0
grp_288_424,"288,424",2026-03-23 18:00:00+03:00,medium,block_18_24,0.0,2.0,2.0,2.0
grp_288_424,"288,424",2026-03-24 06:00:00+03:00,medium,block_06_12,0.0,0.0,0.0,0.0
grp_288_424,"288,424",2026-03-24 12:00:00+03:00,medium,block_12_18,0.0,2.0,2.0,2.0
grp_288_424,"288,424",2026-03-24 18:00:00+03:00,medium,block_18_24,2.0,1.0,-1.0,1.0
grp_288_424,"288,424",2026-03-25 06:00:00+03:00,medium,block_06_12,0.0,0.0,0.0,0.0
grp_288_424,"288,424",2026-03-25 12:00:00+03:00,medium,block_12_18,5.0,1.0,-4.0,4.0
grp_288_424,"288,424",2026-03-25 18:00:00+03:00,medium,block_18_24,0.0,2.0,2.0,2.0
grp_288_424,"288,424",2026-03-26 06:00:00+03:00,medium,block_06_12,0.0,0.0,0.0,0.0
grp_288_424,"288,424",2026-03-26 12:00:00+03:00,medium,block_12_18,0.0,4.0,4.0,4.0
grp_288_424,"288,424",2026-03-26 18:00:00+03:00,medium,block_18_24,2.0,1.0,-1.0,1.0
grp_288_424,"288,424",2026-03-27 06:00:00+03:00,medium,block_06_12,0.0,0.0,0.0,0.0
grp_288_424,"288,424",2026-03-27 12:00:00+03:00,medium,block_12_18,1.0,2.0,1.0,1.0
grp_288_424,"288,424",2026-03-27 18:00:00+03:00,medium,block_18_24,3.0,2.0,-1.0,1.0
grp_288_424,"288,424",2026-03-28 06:00:00+03:00,medium,block_06_12,0.0,0.0,0.0,0.0
grp_288_424,"288,424",2026-03-28 12:00:00+03:00,medium,block_12_18,0.0,2.0,2.0,2.0
grp_288_424,"288,424",2026-03-28 18:00:00+03:00,medium,block_18_24,4.0,2.0,-2.0,2.0
grp_288_424,"288,424",2026-03-29 06:00:00+03:00,medium,block_06_12,0.0,0.0,0.0,0.0
grp_288_424,"288,424",2026-03-29 12:00:00+03:00,medium,block_12_18,2.0,1.0,-1.0,1.0
grp_288_424,"288,424",2026-03-29 18:00:00+03:00,medium,block_18_24,1.0,3.0,2.0,2.0
grp_288_424,"288,424",2026-03-30 06:00:00+03:00,medium,block_06_12,0.0,0.0,0.0,0.0
grp_288_424,"288,424",2026-03-30 12:00:00+03:00,medium,block_12_18,2.0,2.0,0.0,0.0
grp_288_424,"288,424",2026-03-30 18:00:00+03:00,medium,block_18_24,0.0,1.0,1.0,1.0
grp_288_424,"288,424",2026-03-31 06:00:00+03:00,medium,block_06_12,0.0,0.0,0.0,0.0
grp_288_424,"288,424",2026-03-31 12:00:00+03:00,medium,block_12_18,1.0,2.0,1.0,1.0
grp_288_424,"288,424",2026-03-31 18:00:00+03:00,medium,block_18_24,2.0,1.0,-1.0,1.0
grp_288_424,"288,424",2026-04-01 06:00:00+03:00,medium,block_06_12,0.0,0.0,0.0,0.0
grp_288_424,"288,424",2026-04-01 12:00:00+03:00,medium,block_12_18,2.0,3.0,1.0,1.0
grp_288_424,"288,424",2026-04-01 18:00:00+03:00,medium,block_18_24,3.0,1.0,-2.0,2.0
grp_288_424,"288,424",2026-04-02 06:00:00+03:00,medium,block_06_12,0.0,0.0,0.0,0.0
grp_288_424,"288,424",2026-04-02 12:00:00+03:00,medium,block_12_18,5.0,1.0,-4.0,4.0
grp_288_424,"288,424",2026-04-02 18:00:00+03:00,medium,block_18_24,2.0,2.0,0.0,0.0
grp_288_424,"288,424",2026-04-03 06:00:00+03:00,medium,block_06_12,0.0,0.0,0.0,0.0
grp_288_424,"288,424",2026-04-03 12:00:00+03:00,medium,block_12_18,3.0,3.0,0.0,0.0
grp_288_424,"288,424",2026-04-03 18:00:00+03:00,medium,block_18_24,4.0,2.0,-2.0,2.0
grp_288_424,"288,424",2026-04-04 06:00:00+03:00,medium,block_06_12,0.0,0.0,0.0,0.0
grp_288_424,"288,424",2026-04-04 12:00:00+03:00,medium,block_12_18,4.0,2.0,-2.0,2.0
grp_288_424,"288,424",2026-04-04 18:00:00+03:00,medium,block_18_24,1.0,3.0,2.0,2.0
grp_288_424,"288,424",2026-04-05 06:00:00+03:00,medium,block_06_12,0.0,0.0,0.0,0.0
grp_288_424,"288,424",2026-04-05 12:00:00+03:00,medium,block_12_18,4.0,3.0,-1.0,1.0
grp_288_424,"288,424",2026-04-05 18:00:00+03:00,medium,block_18_24,1.0,2.0,1.0,1.0
grp_288_424,"288,424",2026-04-06 06:00:00+03:00,medium,block_06_12,0.0,0.0,0.0,0.0
grp_288_424,"288,424",2026-04-06 12:00:00+03:00,medium,block_12_18,2.0,3.0,1.0,1.0
grp_288_424,"288,424",2026-04-06 18:00:00+03:00,medium,block_18_24,0.0,1.0,1.0,1.0
grp_288_424,"288,424",2026-04-07 06:00:00+03:00,medium,block_06_12,0.0,0.0,0.0,0.0
grp_288_424,"288,424",2026-04-07 12:00:00+03:00,medium,block_12_18,2.0,2.0,0.0,0.0
grp_288_424,"288,424",2026-04-07 18:00:00+03:00,medium,block_18_24,2.0,1.0,-1.0,1.0
grp_288_424,"288,424",2026-04-08 06:00:00+03:00,medium,block_06_12,0.0,0.0,0.0,0.0
grp_288_424,"288,424",2026-04-08 12:00:00+03:00,medium,block_12_18,2.0,2.0,0.0,0.0
grp_288_424,"288,424",2026-04-08 18:00:00+03:00,medium,block_18_24,1.0,2.0,1.0,1.0
grp_288_424,"288,424",2026-04-09 06:00:00+03:00,medium,block_06_12,0.0,0.0,0.0,0.0
grp_288_424,"288,424",2026-04-09 12:00:00+03:00,medium,block_12_18,5.0,3.0,-2.0,2.0
grp_288_424,"288,424",2026-04-09 18:00:00+03:00,medium,block_18_24,4.0,2.0,-2.0,2.0
grp_288_424,"288,424",2026-04-10 06:00:00+03:00,medium,block_06_12,0.0,0.0,0.0,0.0
grp_288_424,"288,424",2026-04-10 12:00:00+03:00,medium,block_12_18,3.0,3.0,0.0,0.0
grp_288_424,"288,424",2026-04-10 18:00:00+03:00,medium,block_18_24,2.0,3.0,1.0,1.0
grp_288_424,"288,424",2026-04-11 06:00:00+03:00,medium,block_06_12,0.0,0.0,0.0,0.0
grp_288_424,"288,424",2026-04-11 12:00:00+03:00,medium,block_12_18,7.0,3.0,-4.0,4.0
grp_288_424,"288,424",2026-04-11 18:00:00+03:00,medium,block_18_24,2.0,2.0,0.0,0.0
grp_288_424,"288,424",2026-04-12 06:00:00+03:00,medium,block_06_12,0.0,0.0,0.0,0.0
grp_288_424,"288,424",2026-04-12 12:00:00+03:00,medium,block_12_18,1.0,5.0,4.0,4.0
grp_288_424,"288,424",2026-04-12 18:00:00+03:00,medium,block_18_24,2.0,1.0,-1.0,1.0
grp_302_443,"302,443",2026-01-27 18:00:00+03:00,medium,block_18_24,0.0,1.0,1.0,1.0
grp_302_443,"302,443",2026-01-28 06:00:00+03:00,medium,block_06_12,0.0,0.0,0.0,0.0
grp_302_443,"302,443",2026-01-28 12:00:00+03:00,medium,block_12_18,0.0,1.0,1.0,1.0
grp_302_443,"302,443",2026-01-28 18:00:00+03:00,medium,block_18_24,0.0,1.0,1.0,1.0
grp_302_443,"302,443",2026-01-29 06:00:00+03:00,medium,block_06_12,0.0,0.0,0.0,0.0
grp_302_443,"302,443",2026-01-29 12:00:00+03:00,medium,block_12_18,0.0,1.0,1.0,1.0
grp_302_443,"302,443",2026-01-29 18:00:00+03:00,medium,block_18_24,0.0,1.0,1.0,1.0
grp_302_443,"302,443",2026-01-30 06:00:00+03:00,medium,block_06_12,0.0,0.0,0.0,0.0
grp_302_443,"302,443",2026-01-30 12:00:00+03:00,medium,block_12_18,2.0,1.0,-1.0,1.0
grp_302_443,"302,443",2026-01-30 18:00:00+03:00,medium,block_18_24,0.0,1.0,1.0,1.0
grp_302_443,"302,443",2026-01-31 06:00:00+03:00,medium,block_06_12,0.0,0.0,0.0,0.0
grp_302_443,"302,443",2026-01-31 12:00:00+03:00,medium,block_12_18,0.0,1.0,1.0,1.0
grp_302_443,"302,443",2026-01-31 18:00:00+03:00,medium,block_18_24,0.0,0.0,0.0,0.0
grp_302_443,"302,443",2026-02-01 06:00:00+03:00,medium,block_06_12,0.0,0.0,0.0,0.0
grp_302_443,"302,443",2026-02-01 12:00:00+03:00,medium,block_12_18,0.0,1.0,1.0,1.0
grp_302_443,"302,443",2026-02-01 18:00:00+03:00,medium,block_18_24,1.0,0.0,-1.0,1.0
grp_302_443,"302,443",2026-02-02 06:00:00+03:00,medium,block_06_12,0.0,0.0,0.0,0.0
grp_302_443,"302,443",2026-02-02 12:00:00+03:00,medium,block_12_18,0.0,1.0,1.0,1.0
grp_302_443,"302,443",2026-02-02 18:00:00+03:00,medium,block_18_24,0.0,1.0,1.0,1.0
grp_302_443,"302,443",2026-02-03 06:00:00+03:00,medium,block_06_12,0.0,0.0,0.0,0.0
grp_302_443,"302,443",2026-02-03 12:00:00+03:00,medium,block_12_18,1.0,1.0,0.0,0.0
grp_302_443,"302,443",2026-02-03 18:00:00+03:00,medium,block_18_24,0.0,1.0,1.0,1.0
grp_302_443,"302,443",2026-02-04 06:00:00+03:00,medium,block_06_12,0.0,0.0,0.0,0.0
grp_302_443,"302,443",2026-02-04 12:00:00+03:00,medium,block_12_18,0.0,1.0,1.0,1.0
grp_302_443,"302,443",2026-02-04 18:00:00+03:00,medium,block_18_24,0.0,1.0,1.0,1.0
grp_302_443,"302,443",2026-02-05 06:00:00+03:00,medium,block_06_12,0.0,0.0,0.0,0.0
grp_302_443,"302,443",2026-02-05 12:00:00+03:00,medium,block_12_18,1.0,1.0,0.0,0.0
grp_302_443,"302,443",2026-02-05 18:00:00+03:00,medium,block_18_24,0.0,1.0,1.0,1.0
grp_302_443,"302,443",2026-02-06 06:00:00+03:00,medium,block_06_12,0.0,0.0,0.0,0.0
grp_302_443,"302,443",2026-02-06 12:00:00+03:00,medium,block_12_18,3.0,1.0,-2.0,2.0
grp_302_443,"302,443",2026-02-06 18:00:00+03:00,medium,block_18_24,0.0,1.0,1.0,1.0
grp_302_443,"302,443",2026-02-07 06:00:00+03:00,medium,block_06_12,0.0,0.0,0.0,0.0
grp_302_443,"302,443",2026-02-07 12:00:00+03:00,medium,block_12_18,1.0,1.0,0.0,0.0
grp_302_443,"302,443",2026-02-07 18:00:00+03:00,medium,block_18_24,1.0,1.0,0.0,0.0
grp_302_443,"302,443",2026-02-08 06:00:00+03:00,medium,block_06_12,0.0,0.0,0.0,0.0
grp_302_443,"302,443",2026-02-08 12:00:00+03:00,medium,block_12_18,0.0,1.0,1.0,1.0
grp_302_443,"302,443",2026-02-08 18:00:00+03:00,medium,block_18_24,0.0,1.0,1.0,1.0
grp_302_443,"302,443",2026-02-09 06:00:00+03:00,medium,block_06_12,0.0,0.0,0.0,0.0
grp_302_443,"302,443",2026-02-09 12:00:00+03:00,medium,block_12_18,1.0,1.0,0.0,0.0
grp_302_443,"302,443",2026-02-09 18:00:00+03:00,medium,block_18_24,0.0,1.0,1.0,1.0
grp_302_443,"302,443",2026-02-10 06:00:00+03:00,medium,block_06_12,0.0,0.0,0.0,0.0
grp_302_443,"302,443",2026-02-10 12:00:00+03:00,medium,block_12_18,0.0,1.0,1.0,1.0
grp_302_443,"302,443",2026-02-10 18:00:00+03:00,medium,block_18_24,0.0,1.0,1.0,1.0
grp_302_443,"302,443",2026-02-11 06:00:00+03:00,medium,block_06_12,0.0,0.0,0.0,0.0
grp_302_443,"302,443",2026-02-11 12:00:00+03:00,medium,block_12_18,1.0,1.0,0.0,0.0
grp_302_443,"302,443",2026-02-11 18:00:00+03:00,medium,block_18_24,0.0,1.0,1.0,1.0
grp_302_443,"302,443",2026-02-12 06:00:00+03:00,medium,block_06_12,0.0,0.0,0.0,0.0
grp_302_443,"302,443",2026-02-12 12:00:00+03:00,medium,block_12_18,1.0,1.0,0.0,0.0
grp_302_443,"302,443",2026-02-12 18:00:00+03:00,medium,block_18_24,0.0,1.0,1.0,1.0
grp_302_443,"302,443",2026-02-13 06:00:00+03:00,medium,block_06_12,0.0,0.0,0.0,0.0
grp_302_443,"302,443",2026-02-13 12:00:00+03:00,medium,block_12_18,0.0,2.0,2.0,2.0
grp_302_443,"302,443",2026-02-13 18:00:00+03:00,medium,block_18_24,0.0,1.0,1.0,1.0
grp_302_443,"302,443",2026-02-14 06:00:00+03:00,medium,block_06_12,0.0,0.0,0.0,0.0
grp_302_443,"302,443",2026-02-14 12:00:00+03:00,medium,block_12_18,1.0,1.0,0.0,0.0
grp_302_443,"302,443",2026-02-14 18:00:00+03:00,medium,block_18_24,1.0,1.0,0.0,0.0
grp_302_443,"302,443",2026-02-15 06:00:00+03:00,medium,block_06_12,0.0,0.0,0.0,0.0
grp_302_443,"302,443",2026-02-15 12:00:00+03:00,medium,block_12_18,0.0,1.0,1.0,1.0
grp_302_443,"302,443",2026-02-15 18:00:00+03:00,medium,block_18_24,0.0,1.0,1.0,1.0
grp_302_443,"302,443",2026-02-16 06:00:00+03:00,medium,block_06_12,0.0,0.0,0.0,0.0
grp_302_443,"302,443",2026-02-16 12:00:00+03:00,medium,block_12_18,0.0,1.0,1.0,1.0
grp_302_443,"302,443",2026-02-16 18:00:00+03:00,medium,block_18_24,0.0,1.0,1.0,1.0
grp_302_443,"302,443",2026-02-17 06:00:00+03:00,medium,block_06_12,0.0,0.0,0.0,0.0
grp_302_443,"302,443",2026-02-17 12:00:00+03:00,medium,block_12_18,0.0,1.0,1.0,1.0
grp_302_443,"302,443",2026-02-17 18:00:00+03:00,medium,block_18_24,0.0,1.0,1.0,1.0
grp_302_443,"302,443",2026-02-18 06:00:00+03:00,medium,block_06_12,0.0,0.0,0.0,0.0
grp_302_443,"302,443",2026-02-18 12:00:00+03:00,medium,block_12_18,0.0,1.0,1.0,1.0
grp_302_443,"302,443",2026-02-18 18:00:00+03:00,medium,block_18_24,0.0,1.0,1.0,1.0
grp_302_443,"302,443",2026-02-19 06:00:00+03:00,medium,block_06_12,0.0,0.0,0.0,0.0
grp_302_443,"302,443",2026-02-19 12:00:00+03:00,medium,block_12_18,1.0,1.0,0.0,0.0
grp_302_443,"302,443",2026-02-19 18:00:00+03:00,medium,block_18_24,0.0,1.0,1.0,1.0
grp_302_443,"302,443",2026-02-20 06:00:00+03:00,medium,block_06_12,0.0,0.0,0.0,0.0
grp_302_443,"302,443",2026-02-20 12:00:00+03:00,medium,block_12_18,0.0,1.0,1.0,1.0
grp_302_443,"302,443",2026-02-20 18:00:00+03:00,medium,block_18_24,2.0,1.0,-1.0,1.0
grp_302_443,"302,443",2026-02-21 06:00:00+03:00,medium,block_06_12,0.0,0.0,0.0,0.0
grp_302_443,"302,443",2026-02-21 12:00:00+03:00,medium,block_12_18,0.0,1.0,1.0,1.0
grp_302_443,"302,443",2026-02-21 18:00:00+03:00,medium,block_18_24,0.0,1.0,1.0,1.0
grp_302_443,"302,443",2026-02-22 06:00:00+03:00,medium,block_06_12,0.0,0.0,0.0,0.0
grp_302_443,"302,443",2026-02-22 12:00:00+03:00,medium,block_12_18,0.0,1.0,1.0,1.0
grp_302_443,"302,443",2026-02-22 18:00:00+03:00,medium,block_18_24,0.0,1.0,1.0,1.0
grp_302_443,"302,443",2026-02-23 06:00:00+03:00,medium,block_06_12,0.0,0.0,0.0,0.0
grp_302_443,"302,443",2026-02-23 12:00:00+03:00,medium,block_12_18,2.0,1.0,-1.0,1.0
grp_302_443,"302,443",2026-02-23 18:00:00+03:00,medium,block_18_24,0.0,1.0,1.0,1.0
grp_302_443,"302,443",2026-02-24 06:00:00+03:00,medium,block_06_12,0.0,0.0,0.0,0.0
grp_302_443,"302,443",2026-02-24 12:00:00+03:00,medium,block_12_18,0.0,1.0,1.0,1.0
grp_302_443,"302,443",2026-02-24 18:00:00+03:00,medium,block_18_24,1.0,1.0,0.0,0.0
grp_302_443,"302,443",2026-02-25 06:00:00+03:00,medium,block_06_12,0.0,0.0,0.0,0.0
grp_302_443,"302,443",2026-02-25 12:00:00+03:00,medium,block_12_18,0.0,1.0,1.0,1.0
grp_302_443,"302,443",2026-02-25 18:00:00+03:00,medium,block_18_24,0.0,1.0,1.0,1.0
grp_302_443,"302,443",2026-02-26 06:00:00+03:00,medium,block_06_12,1.0,0.0,-1.0,1.0
grp_302_443,"302,443",2026-02-26 12:00:00+03:00,medium,block_12_18,0.0,1.0,1.0,1.0
grp_302_443,"302,443",2026-02-26 18:00:00+03:00,medium,block_18_24,0.0,1.0,1.0,1.0
grp_302_443,"302,443",2026-02-27 06:00:00+03:00,medium,block_06_12,0.0,1.0,1.0,1.0
grp_302_443,"302,443",2026-02-27 12:00:00+03:00,medium,block_12_18,0.0,1.0,1.0,1.0
grp_302_443,"302,443",2026-02-27 18:00:00+03:00,medium,block_18_24,0.0,1.0,1.0,1.0
grp_302_443,"302,443",2026-02-28 06:00:00+03:00,medium,block_06_12,0.0,1.0,1.0,1.0
grp_302_443,"302,443",2026-02-28 12:00:00+03:00,medium,block_12_18,1.0,1.0,0.0,0.0
grp_302_443,"302,443",2026-02-28 18:00:00+03:00,medium,block_18_24,0.0,1.0,1.0,1.0
grp_302_443,"302,443",2026-03-01 06:00:00+03:00,medium,block_06_12,0.0,1.0,1.0,1.0
grp_302_443,"302,443",2026-03-01 12:00:00+03:00,medium,block_12_18,0.0,1.0,1.0,1.0
grp_302_443,"302,443",2026-03-01 18:00:00+03:00,medium,block_18_24,0.0,1.0,1.0,1.0
grp_302_443,"302,443",2026-03-02 06:00:00+03:00,medium,block_06_12,0.0,0.0,0.0,0.0
grp_302_443,"302,443",2026-03-02 12:00:00+03:00,medium,block_12_18,0.0,1.0,1.0,1.0
grp_302_443,"302,443",2026-03-02 18:00:00+03:00,medium,block_18_24,0.0,1.0,1.0,1.0
grp_302_443,"302,443",2026-03-03 06:00:00+03:00,medium,block_06_12,10.0,0.0,-10.0,10.0
grp_302_443,"302,443",2026-03-03 12:00:00+03:00,medium,block_12_18,18.0,1.0,-17.0,17.0
grp_302_443,"302,443",2026-03-03 18:00:00+03:00,medium,block_18_24,5.0,1.0,-4.0,4.0
grp_302_443,"302,443",2026-03-04 06:00:00+03:00,medium,block_06_12,7.0,4.0,-3.0,3.0
grp_302_443,"302,443",2026-03-04 12:00:00+03:00,medium,block_12_18,20.0,8.0,-12.0,12.0
grp_302_443,"302,443",2026-03-04 18:00:00+03:00,medium,block_18_24,3.0,2.0,-1.0,1.0
grp_302_443,"302,443",2026-03-05 06:00:00+03:00,medium,block_06_12,0.0,4.0,4.0,4.0
grp_302_443,"302,443",2026-03-05 12:00:00+03:00,medium,block_12_18,1.0,9.0,8.0,8.0
grp_302_443,"302,443",2026-03-05 18:00:00+03:00,medium,block_18_24,0.0,2.0,2.0,2.0
grp_302_443,"302,443",2026-03-06 06:00:00+03:00,medium,block_06_12,0.0,2.0,2.0,2.0
grp_302_443,"302,443",2026-03-06 12:00:00+03:00,medium,block_12_18,1.0,3.0,2.0,2.0
grp_302_443,"302,443",2026-03-06 18:00:00+03:00,medium,block_18_24,1.0,1.0,0.0,0.0
grp_302_443,"302,443",2026-03-07 06:00:00+03:00,medium,block_06_12,0.0,1.0,1.0,1.0
grp_302_443,"302,443",2026-03-07 12:00:00+03:00,medium,block_12_18,0.0,3.0,3.0,3.0
grp_302_443,"302,443",2026-03-07 18:00:00+03:00,medium,block_18_24,0.0,1.0,1.0,1.0
grp_302_443,"302,443",2026-03-08 06:00:00+03:00,medium,block_06_12,0.0,1.0,1.0,1.0
grp_302_443,"302,443",2026-03-08 12:00:00+03:00,medium,block_12_18,2.0,1.0,-1.0,1.0
grp_302_443,"302,443",2026-03-08 18:00:00+03:00,medium,block_18_24,0.0,1.0,1.0,1.0
grp_302_443,"302,443",2026-03-09 06:00:00+03:00,medium,block_06_12,1.0,1.0,0.0,0.0
grp_302_443,"302,443",2026-03-09 12:00:00+03:00,medium,block_12_18,0.0,2.0,2.0,2.0
grp_302_443,"302,443",2026-03-09 18:00:00+03:00,medium,block_18_24,0.0,1.0,1.0,1.0
grp_302_443,"302,443",2026-03-10 06:00:00+03:00,medium,block_06_12,0.0,2.0,2.0,2.0
grp_302_443,"302,443",2026-03-10 12:00:00+03:00,medium,block_12_18,0.0,2.0,2.0,2.0
grp_302_443,"302,443",2026-03-10 18:00:00+03:00,medium,block_18_24,0.0,1.0,1.0,1.0
grp_302_443,"302,443",2026-03-11 06:00:00+03:00,medium,block_06_12,0.0,2.0,2.0,2.0
grp_302_443,"302,443",2026-03-11 12:00:00+03:00,medium,block_12_18,1.0,2.0,1.0,1.0
grp_302_443,"302,443",2026-03-11 18:00:00+03:00,medium,block_18_24,0.0,1.0,1.0,1.0
grp_302_443,"302,443",2026-03-12 06:00:00+03:00,medium,block_06_12,0.0,1.0,1.0,1.0
grp_302_443,"302,443",2026-03-12 12:00:00+03:00,medium,block_12_18,0.0,1.0,1.0,1.0
grp_302_443,"302,443",2026-03-12 18:00:00+03:00,medium,block_18_24,0.0,1.0,1.0,1.0
grp_302_443,"302,443",2026-03-13 06:00:00+03:00,medium,block_06_12,0.0,0.0,0.0,0.0
grp_302_443,"302,443",2026-03-13 12:00:00+03:00,medium,block_12_18,2.0,1.0,-1.0,1.0
grp_302_443,"302,443",2026-03-13 18:00:00+03:00,medium,block_18_24,0.0,1.0,1.0,1.0
grp_302_443,"302,443",2026-03-14 06:00:00+03:00,medium,block_06_12,1.0,0.0,-1.0,1.0
grp_302_443,"302,443",2026-03-14 12:00:00+03:00,medium,block_12_18,0.0,1.0,1.0,1.0
grp_302_443,"302,443",2026-03-14 18:00:00+03:00,medium,block_18_24,1.0,1.0,0.0,0.0
grp_302_443,"302,443",2026-03-15 06:00:00+03:00,medium,block_06_12,0.0,1.0,1.0,1.0
grp_302_443,"302,443",2026-03-15 12:00:00+03:00,medium,block_12_18,0.0,1.0,1.0,1.0
grp_302_443,"302,443",2026-03-15 18:00:00+03:00,medium,block_18_24,0.0,1.0,1.0,1.0
grp_302_443,"302,443",2026-03-16 06:00:00+03:00,medium,block_06_12,0.0,1.0,1.0,1.0
grp_302_443,"302,443",2026-03-16 12:00:00+03:00,medium,block_12_18,0.0,1.0,1.0,1.0
grp_302_443,"302,443",2026-03-16 18:00:00+03:00,medium,block_18_24,0.0,1.0,1.0,1.0
grp_302_443,"302,443",2026-03-17 06:00:00+03:00,medium,block_06_12,0.0,1.0,1.0,1.0
grp_302_443,"302,443",2026-03-17 12:00:00+03:00,medium,block_12_18,0.0,1.0,1.0,1.0
grp_302_443,"302,443",2026-03-17 18:00:00+03:00,medium,block_18_24,0.0,1.0,1.0,1.0
grp_302_443,"302,443",2026-03-18 06:00:00+03:00,medium,block_06_12,0.0,0.0,0.0,0.0
grp_302_443,"302,443",2026-03-18 12:00:00+03:00,medium,block_12_18,1.0,1.0,0.0,0.0
grp_302_443,"302,443",2026-03-18 18:00:00+03:00,medium,block_18_24,0.0,1.0,1.0,1.0
grp_302_443,"302,443",2026-03-19 06:00:00+03:00,medium,block_06_12,0.0,0.0,0.0,0.0
grp_302_443,"302,443",2026-03-19 12:00:00+03:00,medium,block_12_18,0.0,1.0,1.0,1.0
grp_302_443,"302,443",2026-03-19 18:00:00+03:00,medium,block_18_24,0.0,1.0,1.0,1.0
grp_302_443,"302,443",2026-03-20 06:00:00+03:00,medium,block_06_12,0.0,0.0,0.0,0.0
grp_302_443,"302,443",2026-03-20 12:00:00+03:00,medium,block_12_18,0.0,1.0,1.0,1.0
grp_302_443,"302,443",2026-03-20 18:00:00+03:00,medium,block_18_24,0.0,1.0,1.0,1.0
grp_302_443,"302,443",2026-03-21 06:00:00+03:00,medium,block_06_12,1.0,1.0,0.0,0.0
grp_302_443,"302,443",2026-03-21 12:00:00+03:00,medium,block_12_18,0.0,1.0,1.0,1.0
grp_302_443,"302,443",2026-03-21 18:00:00+03:00,medium,block_18_24,0.0,1.0,1.0,1.0
grp_302_443,"302,443",2026-03-22 06:00:00+03:00,medium,block_06_12,1.0,1.0,0.0,0.0
grp_302_443,"302,443",2026-03-22 12:00:00+03:00,medium,block_12_18,0.0,1.0,1.0,1.0
grp_302_443,"302,443",2026-03-22 18:00:00+03:00,medium,block_18_24,1.0,1.0,0.0,0.0
grp_302_443,"302,443",2026-03-23 06:00:00+03:00,medium,block_06_12,0.0,1.0,1.0,1.0
grp_302_443,"302,443",2026-03-23 12:00:00+03:00,medium,block_12_18,1.0,1.0,0.0,0.0
grp_302_443,"302,443",2026-03-23 18:00:00+03:00,medium,block_18_24,0.0,1.0,1.0,1.0
grp_302_443,"302,443",2026-03-24 06:00:00+03:00,medium,block_06_12,0.0,1.0,1.0,1.0
grp_302_443,"302,443",2026-03-24 12:00:00+03:00,medium,block_12_18,0.0,1.0,1.0,1.0
grp_302_443,"302,443",2026-03-24 18:00:00+03:00,medium,block_18_24,0.0,1.0,1.0,1.0
grp_302_443,"302,443",2026-03-25 06:00:00+03:00,medium,block_06_12,0.0,1.0,1.0,1.0
grp_302_443,"302,443",2026-03-25 12:00:00+03:00,medium,block_12_18,0.0,1.0,1.0,1.0
grp_302_443,"302,443",2026-03-25 18:00:00+03:00,medium,block_18_24,0.0,1.0,1.0,1.0
grp_302_443,"302,443",2026-03-26 06:00:00+03:00,medium,block_06_12,0.0,0.0,0.0,0.0
grp_302_443,"302,443",2026-03-26 12:00:00+03:00,medium,block_12_18,0.0,1.0,1.0,1.0
grp_302_443,"302,443",2026-03-26 18:00:00+03:00,medium,block_18_24,1.0,1.0,0.0,0.0
grp_302_443,"302,443",2026-03-27 06:00:00+03:00,medium,block_06_12,0.0,1.0,1.0,1.0
grp_302_443,"302,443",2026-03-27 12:00:00+03:00,medium,block_12_18,1.0,1.0,0.0,0.0
grp_302_443,"302,443",2026-03-27 18:00:00+03:00,medium,block_18_24,0.0,1.0,1.0,1.0
grp_302_443,"302,443",2026-03-28 06:00:00+03:00,medium,block_06_12,0.0,1.0,1.0,1.0
grp_302_443,"302,443",2026-03-28 12:00:00+03:00,medium,block_12_18,0.0,1.0,1.0,1.0
grp_302_443,"302,443",2026-03-28 18:00:00+03:00,medium,block_18_24,0.0,1.0,1.0,1.0
grp_302_443,"302,443",2026-03-29 06:00:00+03:00,medium,block_06_12,0.0,1.0,1.0,1.0
grp_302_443,"302,443",2026-03-29 12:00:00+03:00,medium,block_12_18,0.0,1.0,1.0,1.0
grp_302_443,"302,443",2026-03-29 18:00:00+03:00,medium,block_18_24,0.0,1.0,1.0,1.0
grp_302_443,"302,443",2026-03-30 06:00:00+03:00,medium,block_06_12,0.0,0.0,0.0,0.0
grp_302_443,"302,443",2026-03-30 12:00:00+03:00,medium,block_12_18,1.0,1.0,0.0,0.0
grp_302_443,"302,443",2026-03-30 18:00:00+03:00,medium,block_18_24,0.0,1.0,1.0,1.0
grp_302_443,"302,443",2026-03-31 06:00:00+03:00,medium,block_06_12,0.0,0.0,0.0,0.0
grp_302_443,"302,443",2026-03-31 12:00:00+03:00,medium,block_12_18,1.0,1.0,0.0,0.0
grp_302_443,"302,443",2026-03-31 18:00:00+03:00,medium,block_18_24,0.0,1.0,1.0,1.0
grp_302_443,"302,443",2026-04-01 06:00:00+03:00,medium,block_06_12,0.0,0.0,0.0,0.0
grp_302_443,"302,443",2026-04-01 12:00:00+03:00,medium,block_12_18,1.0,1.0,0.0,0.0
grp_302_443,"302,443",2026-04-01 18:00:00+03:00,medium,block_18_24,0.0,1.0,1.0,1.0
grp_302_443,"302,443",2026-04-02 06:00:00+03:00,medium,block_06_12,0.0,0.0,0.0,0.0
grp_302_443,"302,443",2026-04-02 12:00:00+03:00,medium,block_12_18,0.0,1.0,1.0,1.0
grp_302_443,"302,443",2026-04-02 18:00:00+03:00,medium,block_18_24,0.0,1.0,1.0,1.0
grp_302_443,"302,443",2026-04-03 06:00:00+03:00,medium,block_06_12,0.0,0.0,0.0,0.0
grp_302_443,"302,443",2026-04-03 12:00:00+03:00,medium,block_12_18,2.0,1.0,-1.0,1.0
grp_302_443,"302,443",2026-04-03 18:00:00+03:00,medium,block_18_24,0.0,1.0,1.0,1.0
grp_302_443,"302,443",2026-04-04 06:00:00+03:00,medium,block_06_12,0.0,0.0,0.0,0.0
grp_302_443,"302,443",2026-04-04 12:00:00+03:00,medium,block_12_18,0.0,1.0,1.0,1.0
grp_302_443,"302,443",2026-04-04 18:00:00+03:00,medium,block_18_24,1.0,0.0,-1.0,1.0
grp_302_443,"302,443",2026-04-05 06:00:00+03:00,medium,block_06_12,0.0,0.0,0.0,0.0
grp_302_443,"302,443",2026-04-05 12:00:00+03:00,medium,block_12_18,0.0,1.0,1.0,1.0
grp_302_443,"302,443",2026-04-05 18:00:00+03:00,medium,block_18_24,1.0,1.0,0.0,0.0
grp_302_443,"302,443",2026-04-06 06:00:00+03:00,medium,block_06_12,0.0,0.0,0.0,0.0
grp_302_443,"302,443",2026-04-06 12:00:00+03:00,medium,block_12_18,45.0,1.0,-44.0,44.0
grp_302_443,"302,443",2026-04-06 18:00:00+03:00,medium,block_18_24,2.0,1.0,-1.0,1.0
grp_302_443,"302,443",2026-04-07 06:00:00+03:00,medium,block_06_12,0.0,0.0,0.0,0.0
grp_302_443,"302,443",2026-04-07 12:00:00+03:00,medium,block_12_18,7.0,10.0,3.0,3.0
grp_302_443,"302,443",2026-04-07 18:00:00+03:00,medium,block_18_24,0.0,1.0,1.0,1.0
grp_302_443,"302,443",2026-04-08 06:00:00+03:00,medium,block_06_12,0.0,0.0,0.0,0.0
grp_302_443,"302,443",2026-04-08 12:00:00+03:00,medium,block_12_18,5.0,7.0,2.0,2.0
grp_302_443,"302,443",2026-04-08 18:00:00+03:00,medium,block_18_24,0.0,1.0,1.0,1.0
grp_302_443,"302,443",2026-04-09 06:00:00+03:00,medium,block_06_12,2.0,0.0,-2.0,2.0
grp_302_443,"302,443",2026-04-09 12:00:00+03:00,medium,block_12_18,28.0,6.0,-22.0,22.0
grp_302_443,"302,443",2026-04-09 18:00:00+03:00,medium,block_18_24,2.0,1.0,-1.0,1.0
grp_302_443,"302,443",2026-04-10 06:00:00+03:00,medium,block_06_12,0.0,1.0,1.0,1.0
grp_302_443,"302,443",2026-04-10 12:00:00+03:00,medium,block_12_18,0.0,10.0,10.0,10.0
grp_302_443,"302,443",2026-04-10 18:00:00+03:00,medium,block_18_24,0.0,1.0,1.0,1.0
grp_302_443,"302,443",2026-04-11 06:00:00+03:00,medium,block_06_12,1.0,1.0,0.0,0.0
grp_302_443,"302,443",2026-04-11 12:00:00+03:00,medium,block_12_18,1.0,3.0,2.0,2.0
grp_302_443,"302,443",2026-04-11 18:00:00+03:00,medium,block_18_24,2.0,1.0,-1.0,1.0
grp_336_340,"336,340",2026-01-27 18:00:00+03:00,low,block_18_24,0.0,0.0,0.0,0.0
grp_336_340,"336,340",2026-01-28 12:00:00+03:00,low,block_12_18,0.0,0.0,0.0,0.0
grp_336_340,"336,340",2026-01-28 18:00:00+03:00,low,block_18_24,0.0,0.0,0.0,0.0
grp_336_340,"336,340",2026-01-29 12:00:00+03:00,low,block_12_18,0.0,0.0,0.0,0.0
grp_336_340,"336,340",2026-01-29 18:00:00+03:00,low,block_18_24,0.0,0.0,0.0,0.0
grp_336_340,"336,340",2026-01-30 12:00:00+03:00,low,block_12_18,0.0,0.0,0.0,0.0
grp_336_340,"336,340",2026-01-30 18:00:00+03:00,low,block_18_24,2.0,0.0,-2.0,2.0
grp_336_340,"336,340",2026-01-31 12:00:00+03:00,low,block_12_18,1.0,0.0,-1.0,1.0
grp_336_340,"336,340",2026-01-31 18:00:00+03:00,low,block_18_24,0.0,0.0,0.0,0.0
grp_336_340,"336,340",2026-02-01 12:00:00+03:00,low,block_12_18,1.0,0.0,-1.0,1.0
grp_336_340,"336,340",2026-02-01 18:00:00+03:00,low,block_18_24,4.0,0.0,-4.0,4.0
grp_336_340,"336,340",2026-02-02 12:00:00+03:00,low,block_12_18,1.0,0.0,-1.0,1.0
grp_336_340,"336,340",2026-02-02 18:00:00+03:00,low,block_18_24,0.0,2.0,2.0,2.0
grp_336_340,"336,340",2026-02-03 12:00:00+03:00,low,block_12_18,1.0,0.0,-1.0,1.0
grp_336_340,"336,340",2026-02-03 18:00:00+03:00,low,block_18_24,0.0,0.0,0.0,0.0
grp_336_340,"336,340",2026-02-04 12:00:00+03:00,low,block_12_18,1.0,0.0,-1.0,1.0
grp_336_340,"336,340",2026-02-04 18:00:00+03:00,low,block_18_24,0.0,0.0,0.0,0.0
grp_336_340,"336,340",2026-02-05 12:00:00+03:00,low,block_12_18,3.0,0.0,-3.0,3.0
grp_336_340,"336,340",2026-02-05 18:00:00+03:00,low,block_18_24,1.0,0.0,-1.0,1.0
grp_336_340,"336,340",2026-02-06 12:00:00+03:00,low,block_12_18,1.0,0.0,-1.0,1.0
grp_336_340,"336,340",2026-02-06 18:00:00+03:00,low,block_18_24,3.0,0.0,-3.0,3.0
grp_336_340,"336,340",2026-02-07 12:00:00+03:00,low,block_12_18,1.0,0.0,-1.0,1.0
grp_336_340,"336,340",2026-02-07 18:00:00+03:00,low,block_18_24,2.0,0.0,-2.0,2.0
grp_336_340,"336,340",2026-02-08 12:00:00+03:00,low,block_12_18,1.0,0.0,-1.0,1.0
grp_336_340,"336,340",2026-02-08 18:00:00+03:00,low,block_18_24,1.0,2.0,1.0,1.0
grp_336_340,"336,340",2026-02-09 12:00:00+03:00,low,block_12_18,1.0,0.0,-1.0,1.0
grp_336_340,"336,340",2026-02-09 18:00:00+03:00,low,block_18_24,0.0,0.0,0.0,0.0
grp_336_340,"336,340",2026-02-10 12:00:00+03:00,low,block_12_18,1.0,0.0,-1.0,1.0
grp_336_340,"336,340",2026-02-10 18:00:00+03:00,low,block_18_24,1.0,0.0,-1.0,1.0
grp_336_340,"336,340",2026-02-11 12:00:00+03:00,low,block_12_18,0.0,0.0,0.0,0.0
grp_336_340,"336,340",2026-02-11 18:00:00+03:00,low,block_18_24,0.0,0.0,0.0,0.0
grp_336_340,"336,340",2026-02-12 12:00:00+03:00,low,block_12_18,0.0,0.0,0.0,0.0
grp_336_340,"336,340",2026-02-12 18:00:00+03:00,low,block_18_24,0.0,0.0,0.0,0.0
grp_336_340,"336,340",2026-02-13 12:00:00+03:00,low,block_12_18,4.0,0.0,-4.0,4.0
grp_336_340,"336,340",2026-02-13 18:00:00+03:00,low,block_18_24,2.0,0.0,-2.0,2.0
grp_336_340,"336,340",2026-02-14 12:00:00+03:00,low,block_12_18,1.0,2.0,1.0,1.0
grp_336_340,"336,340",2026-02-14 18:00:00+03:00,low,block_18_24,0.0,0.0,0.0,0.0
grp_336_340,"336,340",2026-02-15 12:00:00+03:00,low,block_12_18,0.0,0.0,0.0,0.0
grp_336_340,"336,340",2026-02-15 18:00:00+03:00,low,block_18_24,0.0,0.0,0.0,0.0
grp_336_340,"336,340",2026-02-16 12:00:00+03:00,low,block_12_18,0.0,0.0,0.0,0.0
grp_336_340,"336,340",2026-02-16 18:00:00+03:00,low,block_18_24,1.0,0.0,-1.0,1.0
grp_336_340,"336,340",2026-02-17 12:00:00+03:00,low,block_12_18,1.0,0.0,-1.0,1.0
grp_336_340,"336,340",2026-02-17 18:00:00+03:00,low,block_18_24,0.0,0.0,0.0,0.0
grp_336_340,"336,340",2026-02-18 12:00:00+03:00,low,block_12_18,1.0,0.0,-1.0,1.0
grp_336_340,"336,340",2026-02-18 18:00:00+03:00,low,block_18_24,1.0,0.0,-1.0,1.0
grp_336_340,"336,340",2026-02-19 12:00:00+03:00,low,block_12_18,1.0,0.0,-1.0,1.0
grp_336_340,"336,340",2026-02-19 18:00:00+03:00,low,block_18_24,1.0,0.0,-1.0,1.0
grp_336_340,"336,340",2026-02-20 12:00:00+03:00,low,block_12_18,0.0,0.0,0.0,0.0
grp_336_340,"336,340",2026-02-20 18:00:00+03:00,low,block_18_24,0.0,0.0,0.0,0.0
grp_336_340,"336,340",2026-02-21 12:00:00+03:00,low,block_12_18,0.0,0.0,0.0,0.0
grp_336_340,"336,340",2026-02-21 18:00:00+03:00,low,block_18_24,0.0,0.0,0.0,0.0
grp_336_340,"336,340",2026-02-22 12:00:00+03:00,low,block_12_18,1.0,0.0,-1.0,1.0
grp_336_340,"336,340",2026-02-22 18:00:00+03:00,low,block_18_24,0.0,0.0,0.0,0.0
grp_336_340,"336,340",2026-02-23 12:00:00+03:00,low,block_12_18,1.0,0.0,-1.0,1.0
grp_336_340,"336,340",2026-02-23 18:00:00+03:00,low,block_18_24,0.0,0.0,0.0,0.0
grp_336_340,"336,340",2026-02-24 12:00:00+03:00,low,block_12_18,0.0,0.0,0.0,0.0
grp_336_340,"336,340",2026-02-24 18:00:00+03:00,low,block_18_24,0.0,0.0,0.0,0.0
grp_336_340,"336,340",2026-02-25 12:00:00+03:00,low,block_12_18,2.0,0.0,-2.0,2.0
grp_336_340,"336,340",2026-02-25 18:00:00+03:00,low,block_18_24,0.0,0.0,0.0,0.0
grp_336_340,"336,340",2026-02-26 12:00:00+03:00,low,block_12_18,1.0,0.0,-1.0,1.0
grp_336_340,"336,340",2026-02-26 18:00:00+03:00,low,block_18_24,0.0,0.0,0.0,0.0
grp_336_340,"336,340",2026-02-27 12:00:00+03:00,low,block_12_18,1.0,0.0,-1.0,1.0
grp_336_340,"336,340",2026-02-27 18:00:00+03:00,low,block_18_24,0.0,0.0,0.0,0.0
grp_336_340,"336,340",2026-02-28 12:00:00+03:00,low,block_12_18,0.0,0.0,0.0,0.0
grp_336_340,"336,340",2026-02-28 18:00:00+03:00,low,block_18_24,0.0,0.0,0.0,0.0
grp_336_340,"336,340",2026-03-01 12:00:00+03:00,low,block_12_18,0.0,0.0,0.0,0.0
grp_336_340,"336,340",2026-03-01 18:00:00+03:00,low,block_18_24,0.0,0.0,0.0,0.0
grp_336_340,"336,340",2026-03-02 12:00:00+03:00,low,block_12_18,1.0,0.0,-1.0,1.0
grp_336_340,"336,340",2026-03-02 18:00:00+03:00,low,block_18_24,0.0,0.0,0.0,0.0
grp_336_340,"336,340",2026-03-03 12:00:00+03:00,low,block_12_18,0.0,0.0,0.0,0.0
grp_336_340,"336,340",2026-03-03 18:00:00+03:00,low,block_18_24,1.0,0.0,-1.0,1.0
grp_336_340,"336,340",2026-03-04 12:00:00+03:00,low,block_12_18,0.0,0.0,0.0,0.0
grp_336_340,"336,340",2026-03-04 18:00:00+03:00,low,block_18_24,0.0,0.0,0.0,0.0
grp_336_340,"336,340",2026-03-05 12:00:00+03:00,low,block_12_18,1.0,0.0,-1.0,1.0
grp_336_340,"336,340",2026-03-05 18:00:00+03:00,low,block_18_24,2.0,0.0,-2.0,2.0
grp_336_340,"336,340",2026-03-06 12:00:00+03:00,low,block_12_18,0.0,0.0,0.0,0.0
grp_336_340,"336,340",2026-03-06 18:00:00+03:00,low,block_18_24,0.0,0.0,0.0,0.0
grp_336_340,"336,340",2026-03-07 12:00:00+03:00,low,block_12_18,1.0,0.0,-1.0,1.0
grp_336_340,"336,340",2026-03-07 18:00:00+03:00,low,block_18_24,1.0,0.0,-1.0,1.0
grp_336_340,"336,340",2026-03-08 12:00:00+03:00,low,block_12_18,1.0,0.0,-1.0,1.0
grp_336_340,"336,340",2026-03-08 18:00:00+03:00,low,block_18_24,0.0,0.0,0.0,0.0
grp_336_340,"336,340",2026-03-09 12:00:00+03:00,low,block_12_18,1.0,0.0,-1.0,1.0
grp_336_340,"336,340",2026-03-09 18:00:00+03:00,low,block_18_24,0.0,0.0,0.0,0.0
grp_336_340,"336,340",2026-03-10 12:00:00+03:00,low,block_12_18,0.0,0.0,0.0,0.0
grp_336_340,"336,340",2026-03-10 18:00:00+03:00,low,block_18_24,0.0,0.0,0.0,0.0
grp_336_340,"336,340",2026-03-11 12:00:00+03:00,low,block_12_18,0.0,0.0,0.0,0.0
grp_336_340,"336,340",2026-03-11 18:00:00+03:00,low,block_18_24,0.0,0.0,0.0,0.0
grp_336_340,"336,340",2026-03-12 12:00:00+03:00,low,block_12_18,0.0,0.0,0.0,0.0
grp_336_340,"336,340",2026-03-12 18:00:00+03:00,low,block_18_24,1.0,0.0,-1.0,1.0
grp_336_340,"336,340",2026-03-13 12:00:00+03:00,low,block_12_18,0.0,0.0,0.0,0.0
grp_336_340,"336,340",2026-03-13 18:00:00+03:00,low,block_18_24,2.0,0.0,-2.0,2.0
grp_336_340,"336,340",2026-03-14 12:00:00+03:00,low,block_12_18,0.0,0.0,0.0,0.0
grp_336_340,"336,340",2026-03-14 18:00:00+03:00,low,block_18_24,0.0,0.0,0.0,0.0
grp_336_340,"336,340",2026-03-15 12:00:00+03:00,low,block_12_18,3.0,0.0,-3.0,3.0
grp_336_340,"336,340",2026-03-15 18:00:00+03:00,low,block_18_24,1.0,0.0,-1.0,1.0
grp_336_340,"336,340",2026-03-16 12:00:00+03:00,low,block_12_18,1.0,0.0,-1.0,1.0
grp_336_340,"336,340",2026-03-16 18:00:00+03:00,low,block_18_24,0.0,0.0,0.0,0.0
grp_336_340,"336,340",2026-03-17 12:00:00+03:00,low,block_12_18,0.0,0.0,0.0,0.0
grp_336_340,"336,340",2026-03-17 18:00:00+03:00,low,block_18_24,1.0,0.0,-1.0,1.0
grp_336_340,"336,340",2026-03-18 12:00:00+03:00,low,block_12_18,0.0,0.0,0.0,0.0
grp_336_340,"336,340",2026-03-18 18:00:00+03:00,low,block_18_24,0.0,0.0,0.0,0.0
grp_336_340,"336,340",2026-03-19 12:00:00+03:00,low,block_12_18,1.0,0.0,-1.0,1.0
grp_336_340,"336,340",2026-03-19 18:00:00+03:00,low,block_18_24,0.0,0.0,0.0,0.0
grp_336_340,"336,340",2026-03-20 12:00:00+03:00,low,block_12_18,0.0,0.0,0.0,0.0
grp_336_340,"336,340",2026-03-20 18:00:00+03:00,low,block_18_24,0.0,0.0,0.0,0.0
grp_336_340,"336,340",2026-03-21 12:00:00+03:00,low,block_12_18,0.0,0.0,0.0,0.0
grp_336_340,"336,340",2026-03-21 18:00:00+03:00,low,block_18_24,2.0,0.0,-2.0,2.0
grp_336_340,"336,340",2026-03-22 12:00:00+03:00,low,block_12_18,0.0,0.0,0.0,0.0
grp_336_340,"336,340",2026-03-22 18:00:00+03:00,low,block_18_24,1.0,0.0,-1.0,1.0
grp_336_340,"336,340",2026-03-23 12:00:00+03:00,low,block_12_18,0.0,0.0,0.0,0.0
grp_336_340,"336,340",2026-03-23 18:00:00+03:00,low,block_18_24,1.0,0.0,-1.0,1.0
grp_336_340,"336,340",2026-03-24 12:00:00+03:00,low,block_12_18,0.0,0.0,0.0,0.0
grp_336_340,"336,340",2026-03-24 18:00:00+03:00,low,block_18_24,0.0,0.0,0.0,0.0
grp_336_340,"336,340",2026-03-25 12:00:00+03:00,low,block_12_18,0.0,0.0,0.0,0.0
grp_336_340,"336,340",2026-03-25 18:00:00+03:00,low,block_18_24,0.0,0.0,0.0,0.0
grp_336_340,"336,340",2026-03-26 12:00:00+03:00,low,block_12_18,1.0,0.0,-1.0,1.0
grp_336_340,"336,340",2026-03-26 18:00:00+03:00,low,block_18_24,0.0,0.0,0.0,0.0
grp_336_340,"336,340",2026-03-27 12:00:00+03:00,low,block_12_18,2.0,0.0,-2.0,2.0
grp_336_340,"336,340",2026-03-27 18:00:00+03:00,low,block_18_24,1.0,0.0,-1.0,1.0
grp_336_340,"336,340",2026-03-28 12:00:00+03:00,low,block_12_18,0.0,0.0,0.0,0.0
grp_336_340,"336,340",2026-03-28 18:00:00+03:00,low,block_18_24,3.0,0.0,-3.0,3.0
grp_336_340,"336,340",2026-03-29 12:00:00+03:00,low,block_12_18,0.0,0.0,0.0,0.0
grp_336_340,"336,340",2026-03-29 18:00:00+03:00,low,block_18_24,1.0,0.0,-1.0,1.0
grp_336_340,"336,340",2026-03-30 12:00:00+03:00,low,block_12_18,1.0,0.0,-1.0,1.0
grp_336_340,"336,340",2026-03-30 18:00:00+03:00,low,block_18_24,0.0,0.0,0.0,0.0
grp_336_340,"336,340",2026-03-31 12:00:00+03:00,low,block_12_18,0.0,0.0,0.0,0.0
grp_336_340,"336,340",2026-03-31 18:00:00+03:00,low,block_18_24,1.0,0.0,-1.0,1.0
grp_336_340,"336,340",2026-04-01 12:00:00+03:00,low,block_12_18,1.0,0.0,-1.0,1.0
grp_336_340,"336,340",2026-04-01 18:00:00+03:00,low,block_18_24,0.0,0.0,0.0,0.0
grp_336_340,"336,340",2026-04-02 12:00:00+03:00,low,block_12_18,0.0,0.0,0.0,0.0
grp_336_340,"336,340",2026-04-02 18:00:00+03:00,low,block_18_24,0.0,0.0,0.0,0.0
grp_336_340,"336,340",2026-04-03 12:00:00+03:00,low,block_12_18,0.0,0.0,0.0,0.0
grp_336_340,"336,340",2026-04-03 18:00:00+03:00,low,block_18_24,0.0,0.0,0.0,0.0
grp_336_340,"336,340",2026-04-04 12:00:00+03:00,low,block_12_18,1.0,0.0,-1.0,1.0
grp_336_340,"336,340",2026-04-04 18:00:00+03:00,low,block_18_24,1.0,0.0,-1.0,1.0
grp_336_340,"336,340",2026-04-05 12:00:00+03:00,low,block_12_18,0.0,0.0,0.0,0.0
grp_336_340,"336,340",2026-04-05 18:00:00+03:00,low,block_18_24,6.0,0.0,-6.0,6.0
grp_336_340,"336,340",2026-04-06 12:00:00+03:00,low,block_12_18,2.0,0.0,-2.0,2.0
grp_336_340,"336,340",2026-04-06 18:00:00+03:00,low,block_18_24,1.0,2.0,1.0,1.0
grp_336_340,"336,340",2026-04-07 12:00:00+03:00,low,block_12_18,1.0,0.0,-1.0,1.0
grp_336_340,"336,340",2026-04-07 18:00:00+03:00,low,block_18_24,0.0,0.0,0.0,0.0
grp_336_340,"336,340",2026-04-08 12:00:00+03:00,low,block_12_18,0.0,0.0,0.0,0.0
grp_336_340,"336,340",2026-04-08 18:00:00+03:00,low,block_18_24,0.0,0.0,0.0,0.0
grp_336_340,"336,340",2026-04-09 12:00:00+03:00,low,block_12_18,0.0,0.0,0.0,0.0
grp_336_340,"336,340",2026-04-09 18:00:00+03:00,low,block_18_24,2.0,0.0,-2.0,2.0
grp_336_340,"336,340",2026-04-10 12:00:00+03:00,low,block_12_18,1.0,0.0,-1.0,1.0
grp_336_340,"336,340",2026-04-10 18:00:00+03:00,low,block_18_24,1.0,0.0,-1.0,1.0
grp_336_340,"336,340",2026-04-11 12:00:00+03:00,low,block_12_18,0.0,0.0,0.0,0.0
grp_336_340,"336,340",2026-04-11 18:00:00+03:00,low,block_18_24,1.0,0.0,-1.0,1.0
grp_336_340,"336,340",2026-04-12 12:00:00+03:00,low,block_12_18,0.0,0.0,0.0,0.0
grp_336_340,"336,340",2026-04-12 18:00:00+03:00,low,block_18_24,0.0,2.0,2.0,2.0
grp_336_340,"336,340",2026-04-13 12:00:00+03:00,low,block_12_18,0.0,0.0,0.0,0.0
grp_336_340,"336,340",2026-04-13 18:00:00+03:00,low,block_18_24,1.0,0.0,-1.0,1.0
grp_341_347,"341,347",2026-01-27 18:00:00+03:00,low,block_18_24,0.0,0.0,0.0,0.0
grp_341_347,"341,347",2026-01-28 06:00:00+03:00,low,block_06_12,0.0,0.0,0.0,0.0
grp_341_347,"341,347",2026-01-28 12:00:00+03:00,low,block_12_18,0.0,0.0,0.0,0.0
grp_341_347,"341,347",2026-01-28 18:00:00+03:00,low,block_18_24,0.0,0.0,0.0,0.0
grp_341_347,"341,347",2026-01-29 06:00:00+03:00,low,block_06_12,0.0,0.0,0.0,0.0
grp_341_347,"341,347",2026-01-29 12:00:00+03:00,low,block_12_18,0.0,0.0,0.0,0.0
grp_341_347,"341,347",2026-01-29 18:00:00+03:00,low,block_18_24,0.0,0.0,0.0,0.0
grp_341_347,"341,347",2026-01-30 06:00:00+03:00,low,block_06_12,0.0,0.0,0.0,0.0
grp_341_347,"341,347",2026-01-30 12:00:00+03:00,low,block_12_18,0.0,0.0,0.0,0.0
grp_341_347,"341,347",2026-01-30 18:00:00+03:00,low,block_18_24,0.0,0.0,0.0,0.0
grp_341_347,"341,347",2026-01-31 06:00:00+03:00,low,block_06_12,0.0,0.0,0.0,0.0
grp_341_347,"341,347",2026-01-31 12:00:00+03:00,low,block_12_18,1.0,0.0,-1.0,1.0
grp_341_347,"341,347",2026-01-31 18:00:00+03:00,low,block_18_24,0.0,0.0,0.0,0.0
grp_341_347,"341,347",2026-02-01 06:00:00+03:00,low,block_06_12,0.0,0.0,0.0,0.0
grp_341_347,"341,347",2026-02-01 12:00:00+03:00,low,block_12_18,1.0,0.0,-1.0,1.0
grp_341_347,"341,347",2026-02-01 18:00:00+03:00,low,block_18_24,0.0,0.0,0.0,0.0
grp_341_347,"341,347",2026-02-02 06:00:00+03:00,low,block_06_12,0.0,0.0,0.0,0.0
grp_341_347,"341,347",2026-02-02 12:00:00+03:00,low,block_12_18,0.0,0.0,0.0,0.0
grp_341_347,"341,347",2026-02-02 18:00:00+03:00,low,block_18_24,0.0,0.0,0.0,0.0
grp_341_347,"341,347",2026-02-03 06:00:00+03:00,low,block_06_12,0.0,0.0,0.0,0.0
grp_341_347,"341,347",2026-02-03 12:00:00+03:00,low,block_12_18,0.0,0.0,0.0,0.0
grp_341_347,"341,347",2026-02-03 18:00:00+03:00,low,block_18_24,0.0,0.0,0.0,0.0
grp_341_347,"341,347",2026-02-04 06:00:00+03:00,low,block_06_12,0.0,0.0,0.0,0.0
grp_341_347,"341,347",2026-02-04 12:00:00+03:00,low,block_12_18,1.0,0.0,-1.0,1.0
grp_341_347,"341,347",2026-02-04 18:00:00+03:00,low,block_18_24,0.0,0.0,0.0,0.0
grp_341_347,"341,347",2026-02-05 06:00:00+03:00,low,block_06_12,0.0,0.0,0.0,0.0
grp_341_347,"341,347",2026-02-05 12:00:00+03:00,low,block_12_18,0.0,0.0,0.0,0.0
grp_341_347,"341,347",2026-02-05 18:00:00+03:00,low,block_18_24,0.0,0.0,0.0,0.0
grp_341_347,"341,347",2026-02-06 06:00:00+03:00,low,block_06_12,0.0,0.0,0.0,0.0
grp_341_347,"341,347",2026-02-06 12:00:00+03:00,low,block_12_18,1.0,0.0,-1.0,1.0
grp_341_347,"341,347",2026-02-06 18:00:00+03:00,low,block_18_24,2.0,0.0,-2.0,2.0
grp_341_347,"341,347",2026-02-07 06:00:00+03:00,low,block_06_12,0.0,0.0,0.0,0.0
grp_341_347,"341,347",2026-02-07 12:00:00+03:00,low,block_12_18,0.0,0.0,0.0,0.0
grp_341_347,"341,347",2026-02-07 18:00:00+03:00,low,block_18_24,0.0,0.0,0.0,0.0
grp_341_347,"341,347",2026-02-08 06:00:00+03:00,low,block_06_12,0.0,0.0,0.0,0.0
grp_341_347,"341,347",2026-02-08 12:00:00+03:00,low,block_12_18,0.0,0.0,0.0,0.0
grp_341_347,"341,347",2026-02-08 18:00:00+03:00,low,block_18_24,0.0,0.0,0.0,0.0
grp_341_347,"341,347",2026-02-09 06:00:00+03:00,low,block_06_12,0.0,0.0,0.0,0.0
grp_341_347,"341,347",2026-02-09 12:00:00+03:00,low,block_12_18,0.0,0.0,0.0,0.0
grp_341_347,"341,347",2026-02-09 18:00:00+03:00,low,block_18_24,1.0,0.0,-1.0,1.0
grp_341_347,"341,347",2026-02-10 06:00:00+03:00,low,block_06_12,0.0,0.0,0.0,0.0
grp_341_347,"341,347",2026-02-10 12:00:00+03:00,low,block_12_18,0.0,0.0,0.0,0.0
grp_341_347,"341,347",2026-02-10 18:00:00+03:00,low,block_18_24,0.0,0.0,0.0,0.0
grp_341_347,"341,347",2026-02-11 06:00:00+03:00,low,block_06_12,0.0,0.0,0.0,0.0
grp_341_347,"341,347",2026-02-11 12:00:00+03:00,low,block_12_18,0.0,0.0,0.0,0.0
grp_341_347,"341,347",2026-02-11 18:00:00+03:00,low,block_18_24,0.0,0.0,0.0,0.0
grp_341_347,"341,347",2026-02-12 06:00:00+03:00,low,block_06_12,0.0,0.0,0.0,0.0
grp_341_347,"341,347",2026-02-12 12:00:00+03:00,low,block_12_18,1.0,0.0,-1.0,1.0
grp_341_347,"341,347",2026-02-12 18:00:00+03:00,low,block_18_24,0.0,0.0,0.0,0.0
grp_341_347,"341,347",2026-02-13 06:00:00+03:00,low,block_06_12,0.0,0.0,0.0,0.0
grp_341_347,"341,347",2026-02-13 12:00:00+03:00,low,block_12_18,0.0,0.0,0.0,0.0
grp_341_347,"341,347",2026-02-13 18:00:00+03:00,low,block_18_24,0.0,0.0,0.0,0.0
grp_341_347,"341,347",2026-02-14 06:00:00+03:00,low,block_06_12,0.0,0.0,0.0,0.0
grp_341_347,"341,347",2026-02-14 12:00:00+03:00,low,block_12_18,0.0,0.0,0.0,0.0
grp_341_347,"341,347",2026-02-14 18:00:00+03:00,low,block_18_24,0.0,0.0,0.0,0.0
grp_341_347,"341,347",2026-02-15 06:00:00+03:00,low,block_06_12,0.0,0.0,0.0,0.0
grp_341_347,"341,347",2026-02-15 12:00:00+03:00,low,block_12_18,0.0,0.0,0.0,0.0
grp_341_347,"341,347",2026-02-15 18:00:00+03:00,low,block_18_24,0.0,0.0,0.0,0.0
grp_341_347,"341,347",2026-02-16 06:00:00+03:00,low,block_06_12,0.0,0.0,0.0,0.0
grp_341_347,"341,347",2026-02-16 12:00:00+03:00,low,block_12_18,0.0,0.0,0.0,0.0
grp_341_347,"341,347",2026-02-16 18:00:00+03:00,low,block_18_24,0.0,0.0,0.0,0.0
grp_341_347,"341,347",2026-02-17 06:00:00+03:00,low,block_06_12,0.0,0.0,0.0,0.0
grp_341_347,"341,347",2026-02-17 12:00:00+03:00,low,block_12_18,0.0,0.0,0.0,0.0
grp_341_347,"341,347",2026-02-17 18:00:00+03:00,low,block_18_24,0.0,0.0,0.0,0.0
grp_341_347,"341,347",2026-02-18 06:00:00+03:00,low,block_06_12,0.0,0.0,0.0,0.0
grp_341_347,"341,347",2026-02-18 12:00:00+03:00,low,block_12_18,0.0,0.0,0.0,0.0
grp_341_347,"341,347",2026-02-18 18:00:00+03:00,low,block_18_24,1.0,0.0,-1.0,1.0
grp_341_347,"341,347",2026-02-19 06:00:00+03:00,low,block_06_12,0.0,0.0,0.0,0.0
grp_341_347,"341,347",2026-02-19 12:00:00+03:00,low,block_12_18,0.0,0.0,0.0,0.0
grp_341_347,"341,347",2026-02-19 18:00:00+03:00,low,block_18_24,1.0,0.0,-1.0,1.0
grp_341_347,"341,347",2026-02-20 06:00:00+03:00,low,block_06_12,0.0,0.0,0.0,0.0
grp_341_347,"341,347",2026-02-20 12:00:00+03:00,low,block_12_18,0.0,0.0,0.0,0.0
grp_341_347,"341,347",2026-02-20 18:00:00+03:00,low,block_18_24,0.0,0.0,0.0,0.0
grp_341_347,"341,347",2026-02-21 06:00:00+03:00,low,block_06_12,0.0,0.0,0.0,0.0
grp_341_347,"341,347",2026-02-21 12:00:00+03:00,low,block_12_18,0.0,0.0,0.0,0.0
grp_341_347,"341,347",2026-02-21 18:00:00+03:00,low,block_18_24,1.0,0.0,-1.0,1.0
grp_341_347,"341,347",2026-02-22 06:00:00+03:00,low,block_06_12,0.0,0.0,0.0,0.0
grp_341_347,"341,347",2026-02-22 12:00:00+03:00,low,block_12_18,0.0,0.0,0.0,0.0
grp_341_347,"341,347",2026-02-22 18:00:00+03:00,low,block_18_24,0.0,0.0,0.0,0.0
grp_341_347,"341,347",2026-02-23 06:00:00+03:00,low,block_06_12,0.0,0.0,0.0,0.0
grp_341_347,"341,347",2026-02-23 12:00:00+03:00,low,block_12_18,0.0,0.0,0.0,0.0
grp_341_347,"341,347",2026-02-23 18:00:00+03:00,low,block_18_24,0.0,0.0,0.0,0.0
grp_341_347,"341,347",2026-02-24 06:00:00+03:00,low,block_06_12,0.0,0.0,0.0,0.0
grp_341_347,"341,347",2026-02-24 12:00:00+03:00,low,block_12_18,0.0,0.0,0.0,0.0
grp_341_347,"341,347",2026-02-24 18:00:00+03:00,low,block_18_24,0.0,0.0,0.0,0.0
grp_341_347,"341,347",2026-02-25 06:00:00+03:00,low,block_06_12,0.0,0.0,0.0,0.0
grp_341_347,"341,347",2026-02-25 12:00:00+03:00,low,block_12_18,0.0,0.0,0.0,0.0
grp_341_347,"341,347",2026-02-25 18:00:00+03:00,low,block_18_24,0.0,0.0,0.0,0.0
grp_341_347,"341,347",2026-02-26 06:00:00+03:00,low,block_06_12,0.0,0.0,0.0,0.0
grp_341_347,"341,347",2026-02-26 12:00:00+03:00,low,block_12_18,0.0,0.0,0.0,0.0
grp_341_347,"341,347",2026-02-26 18:00:00+03:00,low,block_18_24,0.0,0.0,0.0,0.0
grp_341_347,"341,347",2026-02-27 06:00:00+03:00,low,block_06_12,0.0,0.0,0.0,0.0
grp_341_347,"341,347",2026-02-27 12:00:00+03:00,low,block_12_18,0.0,0.0,0.0,0.0
grp_341_347,"341,347",2026-02-27 18:00:00+03:00,low,block_18_24,2.0,0.0,-2.0,2.0
grp_341_347,"341,347",2026-02-28 06:00:00+03:00,low,block_06_12,0.0,0.0,0.0,0.0
grp_341_347,"341,347",2026-02-28 12:00:00+03:00,low,block_12_18,0.0,0.0,0.0,0.0
grp_341_347,"341,347",2026-02-28 18:00:00+03:00,low,block_18_24,0.0,0.0,0.0,0.0
grp_341_347,"341,347",2026-03-01 06:00:00+03:00,low,block_06_12,0.0,0.0,0.0,0.0
grp_341_347,"341,347",2026-03-01 12:00:00+03:00,low,block_12_18,1.0,0.0,-1.0,1.0
grp_341_347,"341,347",2026-03-01 18:00:00+03:00,low,block_18_24,0.0,0.0,0.0,0.0
grp_341_347,"341,347",2026-03-02 06:00:00+03:00,low,block_06_12,0.0,0.0,0.0,0.0
grp_341_347,"341,347",2026-03-02 12:00:00+03:00,low,block_12_18,0.0,0.0,0.0,0.0
grp_341_347,"341,347",2026-03-02 18:00:00+03:00,low,block_18_24,1.0,0.0,-1.0,1.0
grp_341_347,"341,347",2026-03-03 06:00:00+03:00,low,block_06_12,0.0,0.0,0.0,0.0
grp_341_347,"341,347",2026-03-03 12:00:00+03:00,low,block_12_18,0.0,0.0,0.0,0.0
grp_341_347,"341,347",2026-03-03 18:00:00+03:00,low,block_18_24,0.0,0.0,0.0,0.0
grp_341_347,"341,347",2026-03-04 06:00:00+03:00,low,block_06_12,0.0,0.0,0.0,0.0
grp_341_347,"341,347",2026-03-04 12:00:00+03:00,low,block_12_18,1.0,0.0,-1.0,1.0
grp_341_347,"341,347",2026-03-04 18:00:00+03:00,low,block_18_24,0.0,0.0,0.0,0.0
grp_341_347,"341,347",2026-03-05 06:00:00+03:00,low,block_06_12,0.0,0.0,0.0,0.0
grp_341_347,"341,347",2026-03-05 12:00:00+03:00,low,block_12_18,0.0,0.0,0.0,0.0
grp_341_347,"341,347",2026-03-05 18:00:00+03:00,low,block_18_24,0.0,0.0,0.0,0.0
grp_341_347,"341,347",2026-03-06 06:00:00+03:00,low,block_06_12,0.0,0.0,0.0,0.0
grp_341_347,"341,347",2026-03-06 12:00:00+03:00,low,block_12_18,0.0,0.0,0.0,0.0
grp_341_347,"341,347",2026-03-06 18:00:00+03:00,low,block_18_24,0.0,0.0,0.0,0.0
grp_341_347,"341,347",2026-03-07 06:00:00+03:00,low,block_06_12,0.0,0.0,0.0,0.0
grp_341_347,"341,347",2026-03-07 12:00:00+03:00,low,block_12_18,2.0,0.0,-2.0,2.0
grp_341_347,"341,347",2026-03-07 18:00:00+03:00,low,block_18_24,0.0,0.0,0.0,0.0
grp_341_347,"341,347",2026-03-08 06:00:00+03:00,low,block_06_12,0.0,0.0,0.0,0.0
grp_341_347,"341,347",2026-03-08 12:00:00+03:00,low,block_12_18,1.0,0.0,-1.0,1.0
grp_341_347,"341,347",2026-03-08 18:00:00+03:00,low,block_18_24,0.0,0.0,0.0,0.0
grp_341_347,"341,347",2026-03-09 06:00:00+03:00,low,block_06_12,1.0,0.0,-1.0,1.0
grp_341_347,"341,347",2026-03-09 12:00:00+03:00,low,block_12_18,0.0,0.0,0.0,0.0
grp_341_347,"341,347",2026-03-09 18:00:00+03:00,low,block_18_24,0.0,0.0,0.0,0.0
grp_341_347,"341,347",2026-03-10 06:00:00+03:00,low,block_06_12,0.0,0.0,0.0,0.0
grp_341_347,"341,347",2026-03-10 12:00:00+03:00,low,block_12_18,0.0,0.0,0.0,0.0
grp_341_347,"341,347",2026-03-10 18:00:00+03:00,low,block_18_24,0.0,0.0,0.0,0.0
grp_341_347,"341,347",2026-03-11 06:00:00+03:00,low,block_06_12,0.0,0.0,0.0,0.0
grp_341_347,"341,347",2026-03-11 12:00:00+03:00,low,block_12_18,0.0,0.0,0.0,0.0
grp_341_347,"341,347",2026-03-11 18:00:00+03:00,low,block_18_24,0.0,0.0,0.0,0.0
grp_341_347,"341,347",2026-03-12 06:00:00+03:00,low,block_06_12,0.0,0.0,0.0,0.0
grp_341_347,"341,347",2026-03-12 12:00:00+03:00,low,block_12_18,0.0,0.0,0.0,0.0
grp_341_347,"341,347",2026-03-12 18:00:00+03:00,low,block_18_24,0.0,0.0,0.0,0.0
grp_341_347,"341,347",2026-03-13 06:00:00+03:00,low,block_06_12,0.0,0.0,0.0,0.0
grp_341_347,"341,347",2026-03-13 12:00:00+03:00,low,block_12_18,0.0,0.0,0.0,0.0
grp_341_347,"341,347",2026-03-13 18:00:00+03:00,low,block_18_24,0.0,0.0,0.0,0.0
grp_341_347,"341,347",2026-03-14 06:00:00+03:00,low,block_06_12,0.0,0.0,0.0,0.0
grp_341_347,"341,347",2026-03-14 12:00:00+03:00,low,block_12_18,0.0,0.0,0.0,0.0
grp_341_347,"341,347",2026-03-14 18:00:00+03:00,low,block_18_24,1.0,0.0,-1.0,1.0
grp_341_347,"341,347",2026-03-15 12:00:00+03:00,low,block_12_18,0.0,0.0,0.0,0.0
grp_341_347,"341,347",2026-03-15 18:00:00+03:00,low,block_18_24,0.0,0.0,0.0,0.0
grp_341_347,"341,347",2026-03-16 12:00:00+03:00,low,block_12_18,0.0,0.0,0.0,0.0
grp_341_347,"341,347",2026-03-16 18:00:00+03:00,low,block_18_24,0.0,0.0,0.0,0.0
grp_341_347,"341,347",2026-03-17 12:00:00+03:00,low,block_12_18,0.0,0.0,0.0,0.0
grp_341_347,"341,347",2026-03-17 18:00:00+03:00,low,block_18_24,0.0,0.0,0.0,0.0
grp_341_347,"341,347",2026-03-18 12:00:00+03:00,low,block_12_18,0.0,0.0,0.0,0.0
grp_341_347,"341,347",2026-03-18 18:00:00+03:00,low,block_18_24,0.0,0.0,0.0,0.0
grp_341_347,"341,347",2026-03-19 12:00:00+03:00,low,block_12_18,0.0,0.0,0.0,0.0
grp_341_347,"341,347",2026-03-19 18:00:00+03:00,low,block_18_24,1.0,0.0,-1.0,1.0
grp_341_347,"341,347",2026-03-20 12:00:00+03:00,low,block_12_18,0.0,0.0,0.0,0.0
grp_341_347,"341,347",2026-03-20 18:00:00+03:00,low,block_18_24,1.0,0.0,-1.0,1.0
grp_341_347,"341,347",2026-03-21 12:00:00+03:00,low,block_12_18,0.0,0.0,0.0,0.0
grp_341_347,"341,347",2026-03-21 18:00:00+03:00,low,block_18_24,0.0,0.0,0.0,0.0
grp_341_347,"341,347",2026-03-22 12:00:00+03:00,low,block_12_18,1.0,0.0,-1.0,1.0
grp_341_347,"341,347",2026-03-22 18:00:00+03:00,low,block_18_24,0.0,0.0,0.0,0.0
grp_341_347,"341,347",2026-03-23 12:00:00+03:00,low,block_12_18,0.0,0.0,0.0,0.0
grp_341_347,"341,347",2026-03-23 18:00:00+03:00,low,block_18_24,0.0,0.0,0.0,0.0
grp_341_347,"341,347",2026-03-24 12:00:00+03:00,low,block_12_18,0.0,0.0,0.0,0.0
grp_341_347,"341,347",2026-03-24 18:00:00+03:00,low,block_18_24,1.0,0.0,-1.0,1.0
grp_341_347,"341,347",2026-03-25 12:00:00+03:00,low,block_12_18,0.0,0.0,0.0,0.0
grp_341_347,"341,347",2026-03-25 18:00:00+03:00,low,block_18_24,0.0,0.0,0.0,0.0
grp_341_347,"341,347",2026-03-26 12:00:00+03:00,low,block_12_18,0.0,0.0,0.0,0.0
grp_341_347,"341,347",2026-03-26 18:00:00+03:00,low,block_18_24,0.0,0.0,0.0,0.0
grp_341_347,"341,347",2026-03-27 12:00:00+03:00,low,block_12_18,0.0,0.0,0.0,0.0
grp_341_347,"341,347",2026-03-27 18:00:00+03:00,low,block_18_24,0.0,0.0,0.0,0.0
grp_341_347,"341,347",2026-03-28 12:00:00+03:00,low,block_12_18,1.0,0.0,-1.0,1.0
grp_341_347,"341,347",2026-03-28 18:00:00+03:00,low,block_18_24,2.0,0.0,-2.0,2.0
grp_341_347,"341,347",2026-03-29 12:00:00+03:00,low,block_12_18,0.0,0.0,0.0,0.0
grp_341_347,"341,347",2026-03-29 18:00:00+03:00,low,block_18_24,1.0,0.0,-1.0,1.0
grp_341_347,"341,347",2026-03-30 12:00:00+03:00,low,block_12_18,0.0,0.0,0.0,0.0
grp_341_347,"341,347",2026-03-30 18:00:00+03:00,low,block_18_24,1.0,0.0,-1.0,1.0
grp_341_347,"341,347",2026-03-31 12:00:00+03:00,low,block_12_18,0.0,0.0,0.0,0.0
grp_341_347,"341,347",2026-03-31 18:00:00+03:00,low,block_18_24,0.0,0.0,0.0,0.0
grp_341_347,"341,347",2026-04-01 12:00:00+03:00,low,block_12_18,0.0,0.0,0.0,0.0
grp_341_347,"341,347",2026-04-01 18:00:00+03:00,low,block_18_24,0.0,0.0,0.0,0.0
grp_341_347,"341,347",2026-04-02 12:00:00+03:00,low,block_12_18,1.0,0.0,-1.0,1.0
grp_341_347,"341,347",2026-04-02 18:00:00+03:00,low,block_18_24,1.0,0.0,-1.0,1.0
grp_341_347,"341,347",2026-04-03 12:00:00+03:00,low,block_12_18,0.0,0.0,0.0,0.0
grp_341_347,"341,347",2026-04-03 18:00:00+03:00,low,block_18_24,0.0,0.0,0.0,0.0
grp_341_347,"341,347",2026-04-04 12:00:00+03:00,low,block_12_18,0.0,0.0,0.0,0.0
grp_341_347,"341,347",2026-04-04 18:00:00+03:00,low,block_18_24,0.0,0.0,0.0,0.0
grp_341_347,"341,347",2026-04-05 12:00:00+03:00,low,block_12_18,0.0,0.0,0.0,0.0
grp_341_347,"341,347",2026-04-05 18:00:00+03:00,low,block_18_24,1.0,0.0,-1.0,1.0
grp_341_347,"341,347",2026-04-06 12:00:00+03:00,low,block_12_18,0.0,0.0,0.0,0.0
grp_341_347,"341,347",2026-04-06 18:00:00+03:00,low,block_18_24,0.0,0.0,0.0,0.0
grp_341_347,"341,347",2026-04-07 12:00:00+03:00,low,block_12_18,1.0,0.0,-1.0,1.0
grp_341_347,"341,347",2026-04-07 18:00:00+03:00,low,block_18_24,0.0,0.0,0.0,0.0
grp_341_347,"341,347",2026-04-08 12:00:00+03:00,low,block_12_18,0.0,0.0,0.0,0.0
grp_341_347,"341,347",2026-04-08 18:00:00+03:00,low,block_18_24,0.0,0.0,0.0,0.0
grp_341_347,"341,347",2026-04-09 12:00:00+03:00,low,block_12_18,0.0,0.0,0.0,0.0
grp_341_347,"341,347",2026-04-09 18:00:00+03:00,low,block_18_24,0.0,0.0,0.0,0.0
grp_341_347,"341,347",2026-04-10 12:00:00+03:00,low,block_12_18,0.0,0.0,0.0,0.0
grp_341_347,"341,347",2026-04-10 18:00:00+03:00,low,block_18_24,0.0,0.0,0.0,0.0
grp_341_347,"341,347",2026-04-11 12:00:00+03:00,low,block_12_18,0.0,0.0,0.0,0.0
grp_341_347,"341,347",2026-04-11 18:00:00+03:00,low,block_18_24,2.0,0.0,-2.0,2.0
grp_343_346,"343,346",2026-01-27 18:00:00+03:00,low,block_18_24,0.0,0.0,0.0,0.0
grp_343_346,"343,346",2026-01-28 06:00:00+03:00,low,block_06_12,0.0,0.0,0.0,0.0
grp_343_346,"343,346",2026-01-28 12:00:00+03:00,low,block_12_18,0.0,0.0,0.0,0.0
grp_343_346,"343,346",2026-01-28 18:00:00+03:00,low,block_18_24,0.0,0.0,0.0,0.0
grp_343_346,"343,346",2026-01-29 06:00:00+03:00,low,block_06_12,0.0,0.0,0.0,0.0
grp_343_346,"343,346",2026-01-29 12:00:00+03:00,low,block_12_18,0.0,0.0,0.0,0.0
grp_343_346,"343,346",2026-01-29 18:00:00+03:00,low,block_18_24,0.0,0.0,0.0,0.0
grp_343_346,"343,346",2026-01-30 06:00:00+03:00,low,block_06_12,0.0,0.0,0.0,0.0
grp_343_346,"343,346",2026-01-30 12:00:00+03:00,low,block_12_18,1.0,0.0,-1.0,1.0
grp_343_346,"343,346",2026-01-30 18:00:00+03:00,low,block_18_24,0.0,0.0,0.0,0.0
grp_343_346,"343,346",2026-01-31 06:00:00+03:00,low,block_06_12,0.0,0.0,0.0,0.0
grp_343_346,"343,346",2026-01-31 12:00:00+03:00,low,block_12_18,0.0,0.0,0.0,0.0
grp_343_346,"343,346",2026-01-31 18:00:00+03:00,low,block_18_24,0.0,0.0,0.0,0.0
grp_343_346,"343,346",2026-02-01 06:00:00+03:00,low,block_06_12,0.0,0.0,0.0,0.0
grp_343_346,"343,346",2026-02-01 12:00:00+03:00,low,block_12_18,0.0,0.0,0.0,0.0
grp_343_346,"343,346",2026-02-01 18:00:00+03:00,low,block_18_24,0.0,0.0,0.0,0.0
grp_343_346,"343,346",2026-02-02 06:00:00+03:00,low,block_06_12,0.0,0.0,0.0,0.0
grp_343_346,"343,346",2026-02-02 12:00:00+03:00,low,block_12_18,0.0,0.0,0.0,0.0
grp_343_346,"343,346",2026-02-02 18:00:00+03:00,low,block_18_24,0.0,0.0,0.0,0.0
grp_343_346,"343,346",2026-02-03 06:00:00+03:00,low,block_06_12,0.0,0.0,0.0,0.0
grp_343_346,"343,346",2026-02-03 12:00:00+03:00,low,block_12_18,0.0,0.0,0.0,0.0
grp_343_346,"343,346",2026-02-03 18:00:00+03:00,low,block_18_24,0.0,0.0,0.0,0.0
grp_343_346,"343,346",2026-02-04 06:00:00+03:00,low,block_06_12,0.0,0.0,0.0,0.0
grp_343_346,"343,346",2026-02-04 12:00:00+03:00,low,block_12_18,0.0,0.0,0.0,0.0
grp_343_346,"343,346",2026-02-04 18:00:00+03:00,low,block_18_24,0.0,0.0,0.0,0.0
grp_343_346,"343,346",2026-02-05 06:00:00+03:00,low,block_06_12,0.0,0.0,0.0,0.0
grp_343_346,"343,346",2026-02-05 12:00:00+03:00,low,block_12_18,0.0,0.0,0.0,0.0
grp_343_346,"343,346",2026-02-05 18:00:00+03:00,low,block_18_24,0.0,0.0,0.0,0.0
grp_343_346,"343,346",2026-02-06 06:00:00+03:00,low,block_06_12,0.0,0.0,0.0,0.0
grp_343_346,"343,346",2026-02-06 12:00:00+03:00,low,block_12_18,0.0,0.0,0.0,0.0
grp_343_346,"343,346",2026-02-06 18:00:00+03:00,low,block_18_24,0.0,0.0,0.0,0.0
grp_343_346,"343,346",2026-02-07 06:00:00+03:00,low,block_06_12,0.0,0.0,0.0,0.0
grp_343_346,"343,346",2026-02-07 12:00:00+03:00,low,block_12_18,0.0,0.0,0.0,0.0
grp_343_346,"343,346",2026-02-07 18:00:00+03:00,low,block_18_24,0.0,0.0,0.0,0.0
grp_343_346,"343,346",2026-02-08 06:00:00+03:00,low,block_06_12,0.0,0.0,0.0,0.0
grp_343_346,"343,346",2026-02-08 12:00:00+03:00,low,block_12_18,0.0,0.0,0.0,0.0
grp_343_346,"343,346",2026-02-08 18:00:00+03:00,low,block_18_24,0.0,0.0,0.0,0.0
grp_343_346,"343,346",2026-02-09 06:00:00+03:00,low,block_06_12,0.0,0.0,0.0,0.0
grp_343_346,"343,346",2026-02-09 12:00:00+03:00,low,block_12_18,0.0,0.0,0.0,0.0
grp_343_346,"343,346",2026-02-09 18:00:00+03:00,low,block_18_24,0.0,0.0,0.0,0.0
grp_343_346,"343,346",2026-02-10 06:00:00+03:00,low,block_06_12,0.0,0.0,0.0,0.0
grp_343_346,"343,346",2026-02-10 12:00:00+03:00,low,block_12_18,0.0,0.0,0.0,0.0
grp_343_346,"343,346",2026-02-10 18:00:00+03:00,low,block_18_24,0.0,0.0,0.0,0.0
grp_343_346,"343,346",2026-02-11 06:00:00+03:00,low,block_06_12,0.0,0.0,0.0,0.0
grp_343_346,"343,346",2026-02-11 12:00:00+03:00,low,block_12_18,0.0,0.0,0.0,0.0
grp_343_346,"343,346",2026-02-11 18:00:00+03:00,low,block_18_24,0.0,0.0,0.0,0.0
grp_343_346,"343,346",2026-02-12 06:00:00+03:00,low,block_06_12,0.0,0.0,0.0,0.0
grp_343_346,"343,346",2026-02-12 12:00:00+03:00,low,block_12_18,0.0,0.0,0.0,0.0
grp_343_346,"343,346",2026-02-12 18:00:00+03:00,low,block_18_24,0.0,0.0,0.0,0.0
grp_343_346,"343,346",2026-02-13 06:00:00+03:00,low,block_06_12,0.0,0.0,0.0,0.0
grp_343_346,"343,346",2026-02-13 12:00:00+03:00,low,block_12_18,0.0,0.0,0.0,0.0
grp_343_346,"343,346",2026-02-13 18:00:00+03:00,low,block_18_24,0.0,0.0,0.0,0.0
grp_343_346,"343,346",2026-02-14 06:00:00+03:00,low,block_06_12,0.0,0.0,0.0,0.0
grp_343_346,"343,346",2026-02-14 12:00:00+03:00,low,block_12_18,0.0,0.0,0.0,0.0
grp_343_346,"343,346",2026-02-14 18:00:00+03:00,low,block_18_24,0.0,0.0,0.0,0.0
grp_343_346,"343,346",2026-02-15 06:00:00+03:00,low,block_06_12,0.0,0.0,0.0,0.0
grp_343_346,"343,346",2026-02-15 12:00:00+03:00,low,block_12_18,0.0,0.0,0.0,0.0
grp_343_346,"343,346",2026-02-15 18:00:00+03:00,low,block_18_24,0.0,0.0,0.0,0.0
grp_343_346,"343,346",2026-02-16 06:00:00+03:00,low,block_06_12,1.0,0.0,-1.0,1.0
grp_343_346,"343,346",2026-02-16 12:00:00+03:00,low,block_12_18,0.0,0.0,0.0,0.0
grp_343_346,"343,346",2026-02-16 18:00:00+03:00,low,block_18_24,0.0,0.0,0.0,0.0
grp_343_346,"343,346",2026-02-17 06:00:00+03:00,low,block_06_12,0.0,0.0,0.0,0.0
grp_343_346,"343,346",2026-02-17 12:00:00+03:00,low,block_12_18,0.0,0.0,0.0,0.0
grp_343_346,"343,346",2026-02-17 18:00:00+03:00,low,block_18_24,0.0,0.0,0.0,0.0
grp_343_346,"343,346",2026-02-18 06:00:00+03:00,low,block_06_12,0.0,0.0,0.0,0.0
grp_343_346,"343,346",2026-02-18 12:00:00+03:00,low,block_12_18,0.0,0.0,0.0,0.0
grp_343_346,"343,346",2026-02-18 18:00:00+03:00,low,block_18_24,0.0,0.0,0.0,0.0
grp_343_346,"343,346",2026-02-19 06:00:00+03:00,low,block_06_12,0.0,0.0,0.0,0.0
grp_343_346,"343,346",2026-02-19 12:00:00+03:00,low,block_12_18,0.0,0.0,0.0,0.0
grp_343_346,"343,346",2026-02-19 18:00:00+03:00,low,block_18_24,0.0,0.0,0.0,0.0
grp_343_346,"343,346",2026-02-20 06:00:00+03:00,low,block_06_12,0.0,0.0,0.0,0.0
grp_343_346,"343,346",2026-02-20 12:00:00+03:00,low,block_12_18,0.0,0.0,0.0,0.0
grp_343_346,"343,346",2026-02-20 18:00:00+03:00,low,block_18_24,0.0,0.0,0.0,0.0
grp_343_346,"343,346",2026-02-21 06:00:00+03:00,low,block_06_12,0.0,0.0,0.0,0.0
grp_343_346,"343,346",2026-02-21 12:00:00+03:00,low,block_12_18,0.0,0.0,0.0,0.0
grp_343_346,"343,346",2026-02-21 18:00:00+03:00,low,block_18_24,0.0,0.0,0.0,0.0
grp_343_346,"343,346",2026-02-22 06:00:00+03:00,low,block_06_12,0.0,0.0,0.0,0.0
grp_343_346,"343,346",2026-02-22 12:00:00+03:00,low,block_12_18,0.0,0.0,0.0,0.0
grp_343_346,"343,346",2026-02-22 18:00:00+03:00,low,block_18_24,0.0,0.0,0.0,0.0
grp_343_346,"343,346",2026-02-23 06:00:00+03:00,low,block_06_12,0.0,0.0,0.0,0.0
grp_343_346,"343,346",2026-02-23 12:00:00+03:00,low,block_12_18,0.0,0.0,0.0,0.0
grp_343_346,"343,346",2026-02-23 18:00:00+03:00,low,block_18_24,0.0,0.0,0.0,0.0
grp_343_346,"343,346",2026-02-24 06:00:00+03:00,low,block_06_12,0.0,0.0,0.0,0.0
grp_343_346,"343,346",2026-02-24 12:00:00+03:00,low,block_12_18,0.0,0.0,0.0,0.0
grp_343_346,"343,346",2026-02-24 18:00:00+03:00,low,block_18_24,0.0,0.0,0.0,0.0
grp_343_346,"343,346",2026-02-25 06:00:00+03:00,low,block_06_12,1.0,0.0,-1.0,1.0
grp_343_346,"343,346",2026-02-25 12:00:00+03:00,low,block_12_18,0.0,0.0,0.0,0.0
grp_343_346,"343,346",2026-02-25 18:00:00+03:00,low,block_18_24,0.0,0.0,0.0,0.0
grp_343_346,"343,346",2026-02-26 06:00:00+03:00,low,block_06_12,0.0,0.0,0.0,0.0
grp_343_346,"343,346",2026-02-26 12:00:00+03:00,low,block_12_18,0.0,0.0,0.0,0.0
grp_343_346,"343,346",2026-02-26 18:00:00+03:00,low,block_18_24,0.0,0.0,0.0,0.0
grp_343_346,"343,346",2026-02-27 06:00:00+03:00,low,block_06_12,0.0,0.0,0.0,0.0
grp_343_346,"343,346",2026-02-27 12:00:00+03:00,low,block_12_18,1.0,0.0,-1.0,1.0
grp_343_346,"343,346",2026-02-27 18:00:00+03:00,low,block_18_24,0.0,0.0,0.0,0.0
grp_343_346,"343,346",2026-02-28 06:00:00+03:00,low,block_06_12,0.0,0.0,0.0,0.0
grp_343_346,"343,346",2026-02-28 12:00:00+03:00,low,block_12_18,0.0,0.0,0.0,0.0
grp_343_346,"343,346",2026-02-28 18:00:00+03:00,low,block_18_24,0.0,0.0,0.0,0.0
grp_343_346,"343,346",2026-03-01 06:00:00+03:00,low,block_06_12,0.0,0.0,0.0,0.0
grp_343_346,"343,346",2026-03-01 12:00:00+03:00,low,block_12_18,0.0,0.0,0.0,0.0
grp_343_346,"343,346",2026-03-01 18:00:00+03:00,low,block_18_24,0.0,0.0,0.0,0.0
grp_343_346,"343,346",2026-03-02 06:00:00+03:00,low,block_06_12,0.0,0.0,0.0,0.0
grp_343_346,"343,346",2026-03-02 12:00:00+03:00,low,block_12_18,0.0,0.0,0.0,0.0
grp_343_346,"343,346",2026-03-02 18:00:00+03:00,low,block_18_24,0.0,0.0,0.0,0.0
grp_343_346,"343,346",2026-03-03 06:00:00+03:00,low,block_06_12,0.0,0.0,0.0,0.0
grp_343_346,"343,346",2026-03-03 12:00:00+03:00,low,block_12_18,0.0,0.0,0.0,0.0
grp_343_346,"343,346",2026-03-03 18:00:00+03:00,low,block_18_24,0.0,0.0,0.0,0.0
grp_343_346,"343,346",2026-03-04 06:00:00+03:00,low,block_06_12,0.0,0.0,0.0,0.0
grp_343_346,"343,346",2026-03-04 12:00:00+03:00,low,block_12_18,0.0,0.0,0.0,0.0
grp_343_346,"343,346",2026-03-04 18:00:00+03:00,low,block_18_24,0.0,0.0,0.0,0.0
grp_343_346,"343,346",2026-03-05 06:00:00+03:00,low,block_06_12,0.0,0.0,0.0,0.0
grp_343_346,"343,346",2026-03-05 12:00:00+03:00,low,block_12_18,0.0,0.0,0.0,0.0
grp_343_346,"343,346",2026-03-05 18:00:00+03:00,low,block_18_24,0.0,0.0,0.0,0.0
grp_343_346,"343,346",2026-03-06 06:00:00+03:00,low,block_06_12,0.0,0.0,0.0,0.0
grp_343_346,"343,346",2026-03-06 12:00:00+03:00,low,block_12_18,0.0,0.0,0.0,0.0
grp_343_346,"343,346",2026-03-06 18:00:00+03:00,low,block_18_24,0.0,0.0,0.0,0.0
grp_343_346,"343,346",2026-03-07 06:00:00+03:00,low,block_06_12,0.0,0.0,0.0,0.0
grp_343_346,"343,346",2026-03-07 12:00:00+03:00,low,block_12_18,0.0,0.0,0.0,0.0
grp_343_346,"343,346",2026-03-07 18:00:00+03:00,low,block_18_24,0.0,0.0,0.0,0.0
grp_343_346,"343,346",2026-03-08 06:00:00+03:00,low,block_06_12,0.0,0.0,0.0,0.0
grp_343_346,"343,346",2026-03-08 12:00:00+03:00,low,block_12_18,0.0,0.0,0.0,0.0
grp_343_346,"343,346",2026-03-08 18:00:00+03:00,low,block_18_24,0.0,0.0,0.0,0.0
grp_343_346,"343,346",2026-03-09 06:00:00+03:00,low,block_06_12,0.0,0.0,0.0,0.0
grp_343_346,"343,346",2026-03-09 12:00:00+03:00,low,block_12_18,0.0,0.0,0.0,0.0
grp_343_346,"343,346",2026-03-09 18:00:00+03:00,low,block_18_24,0.0,0.0,0.0,0.0
grp_343_346,"343,346",2026-03-10 06:00:00+03:00,low,block_06_12,0.0,0.0,0.0,0.0
grp_343_346,"343,346",2026-03-10 12:00:00+03:00,low,block_12_18,0.0,0.0,0.0,0.0
grp_343_346,"343,346",2026-03-10 18:00:00+03:00,low,block_18_24,0.0,0.0,0.0,0.0
grp_343_346,"343,346",2026-03-11 06:00:00+03:00,low,block_06_12,0.0,0.0,0.0,0.0
grp_343_346,"343,346",2026-03-11 12:00:00+03:00,low,block_12_18,0.0,0.0,0.0,0.0
grp_343_346,"343,346",2026-03-11 18:00:00+03:00,low,block_18_24,0.0,0.0,0.0,0.0
grp_343_346,"343,346",2026-03-12 06:00:00+03:00,low,block_06_12,0.0,0.0,0.0,0.0
grp_343_346,"343,346",2026-03-12 12:00:00+03:00,low,block_12_18,0.0,0.0,0.0,0.0
grp_343_346,"343,346",2026-03-12 18:00:00+03:00,low,block_18_24,0.0,0.0,0.0,0.0
grp_343_346,"343,346",2026-03-13 06:00:00+03:00,low,block_06_12,0.0,0.0,0.0,0.0
grp_343_346,"343,346",2026-03-13 12:00:00+03:00,low,block_12_18,0.0,0.0,0.0,0.0
grp_343_346,"343,346",2026-03-13 18:00:00+03:00,low,block_18_24,0.0,0.0,0.0,0.0
grp_343_346,"343,346",2026-03-14 06:00:00+03:00,low,block_06_12,0.0,0.0,0.0,0.0
grp_343_346,"343,346",2026-03-14 12:00:00+03:00,low,block_12_18,0.0,0.0,0.0,0.0
grp_343_346,"343,346",2026-03-14 18:00:00+03:00,low,block_18_24,0.0,0.0,0.0,0.0
grp_343_346,"343,346",2026-03-15 06:00:00+03:00,low,block_06_12,0.0,0.0,0.0,0.0
grp_343_346,"343,346",2026-03-15 12:00:00+03:00,low,block_12_18,0.0,0.0,0.0,0.0
grp_343_346,"343,346",2026-03-15 18:00:00+03:00,low,block_18_24,0.0,0.0,0.0,0.0
grp_343_346,"343,346",2026-03-16 06:00:00+03:00,low,block_06_12,0.0,0.0,0.0,0.0
grp_343_346,"343,346",2026-03-16 12:00:00+03:00,low,block_12_18,0.0,0.0,0.0,0.0
grp_343_346,"343,346",2026-03-16 18:00:00+03:00,low,block_18_24,0.0,0.0,0.0,0.0
grp_343_346,"343,346",2026-03-17 06:00:00+03:00,low,block_06_12,0.0,0.0,0.0,0.0
grp_343_346,"343,346",2026-03-17 12:00:00+03:00,low,block_12_18,1.0,0.0,-1.0,1.0
grp_343_346,"343,346",2026-03-17 18:00:00+03:00,low,block_18_24,0.0,0.0,0.0,0.0
grp_343_346,"343,346",2026-03-18 06:00:00+03:00,low,block_06_12,0.0,0.0,0.0,0.0
grp_343_346,"343,346",2026-03-18 12:00:00+03:00,low,block_12_18,0.0,0.0,0.0,0.0
grp_343_346,"343,346",2026-03-18 18:00:00+03:00,low,block_18_24,0.0,0.0,0.0,0.0
grp_343_346,"343,346",2026-03-19 06:00:00+03:00,low,block_06_12,0.0,0.0,0.0,0.0
grp_343_346,"343,346",2026-03-19 12:00:00+03:00,low,block_12_18,0.0,0.0,0.0,0.0
grp_343_346,"343,346",2026-03-19 18:00:00+03:00,low,block_18_24,0.0,0.0,0.0,0.0
grp_343_346,"343,346",2026-03-20 06:00:00+03:00,low,block_06_12,0.0,0.0,0.0,0.0
grp_343_346,"343,346",2026-03-20 12:00:00+03:00,low,block_12_18,0.0,0.0,0.0,0.0
grp_343_346,"343,346",2026-03-20 18:00:00+03:00,low,block_18_24,0.0,0.0,0.0,0.0
grp_343_346,"343,346",2026-03-21 06:00:00+03:00,low,block_06_12,1.0,0.0,-1.0,1.0
grp_343_346,"343,346",2026-03-21 12:00:00+03:00,low,block_12_18,0.0,0.0,0.0,0.0
grp_343_346,"343,346",2026-03-21 18:00:00+03:00,low,block_18_24,0.0,0.0,0.0,0.0
grp_343_346,"343,346",2026-03-22 06:00:00+03:00,low,block_06_12,0.0,0.0,0.0,0.0
grp_343_346,"343,346",2026-03-22 12:00:00+03:00,low,block_12_18,0.0,0.0,0.0,0.0
grp_343_346,"343,346",2026-03-22 18:00:00+03:00,low,block_18_24,0.0,0.0,0.0,0.0
grp_343_346,"343,346",2026-03-23 06:00:00+03:00,low,block_06_12,0.0,0.0,0.0,0.0
grp_343_346,"343,346",2026-03-23 12:00:00+03:00,low,block_12_18,0.0,0.0,0.0,0.0
grp_343_346,"343,346",2026-03-23 18:00:00+03:00,low,block_18_24,0.0,0.0,0.0,0.0
grp_343_346,"343,346",2026-03-24 06:00:00+03:00,low,block_06_12,0.0,0.0,0.0,0.0
grp_343_346,"343,346",2026-03-24 12:00:00+03:00,low,block_12_18,0.0,0.0,0.0,0.0
grp_343_346,"343,346",2026-03-24 18:00:00+03:00,low,block_18_24,0.0,0.0,0.0,0.0
grp_343_346,"343,346",2026-03-25 06:00:00+03:00,low,block_06_12,0.0,0.0,0.0,0.0
grp_343_346,"343,346",2026-03-25 12:00:00+03:00,low,block_12_18,0.0,0.0,0.0,0.0
grp_343_346,"343,346",2026-03-25 18:00:00+03:00,low,block_18_24,0.0,0.0,0.0,0.0
grp_343_346,"343,346",2026-03-26 06:00:00+03:00,low,block_06_12,0.0,0.0,0.0,0.0
grp_343_346,"343,346",2026-03-26 12:00:00+03:00,low,block_12_18,0.0,0.0,0.0,0.0
grp_343_346,"343,346",2026-03-26 18:00:00+03:00,low,block_18_24,0.0,0.0,0.0,0.0
grp_343_346,"343,346",2026-03-27 06:00:00+03:00,low,block_06_12,0.0,0.0,0.0,0.0
grp_343_346,"343,346",2026-03-27 12:00:00+03:00,low,block_12_18,0.0,0.0,0.0,0.0
grp_343_346,"343,346",2026-03-27 18:00:00+03:00,low,block_18_24,0.0,0.0,0.0,0.0
grp_343_346,"343,346",2026-03-28 06:00:00+03:00,low,block_06_12,0.0,0.0,0.0,0.0
grp_343_346,"343,346",2026-03-28 12:00:00+03:00,low,block_12_18,0.0,0.0,0.0,0.0
grp_343_346,"343,346",2026-03-28 18:00:00+03:00,low,block_18_24,0.0,0.0,0.0,0.0
grp_343_346,"343,346",2026-03-29 06:00:00+03:00,low,block_06_12,0.0,0.0,0.0,0.0
grp_343_346,"343,346",2026-03-29 12:00:00+03:00,low,block_12_18,0.0,0.0,0.0,0.0
grp_343_346,"343,346",2026-03-29 18:00:00+03:00,low,block_18_24,0.0,0.0,0.0,0.0
grp_343_346,"343,346",2026-03-30 06:00:00+03:00,low,block_06_12,0.0,0.0,0.0,0.0
grp_343_346,"343,346",2026-03-30 12:00:00+03:00,low,block_12_18,0.0,0.0,0.0,0.0
grp_343_346,"343,346",2026-03-30 18:00:00+03:00,low,block_18_24,0.0,0.0,0.0,0.0
grp_343_346,"343,346",2026-03-31 06:00:00+03:00,low,block_06_12,0.0,0.0,0.0,0.0
grp_343_346,"343,346",2026-03-31 12:00:00+03:00,low,block_12_18,0.0,0.0,0.0,0.0
grp_343_346,"343,346",2026-03-31 18:00:00+03:00,low,block_18_24,0.0,0.0,0.0,0.0
grp_343_346,"343,346",2026-04-01 06:00:00+03:00,low,block_06_12,0.0,0.0,0.0,0.0
grp_343_346,"343,346",2026-04-01 12:00:00+03:00,low,block_12_18,0.0,0.0,0.0,0.0
grp_343_346,"343,346",2026-04-01 18:00:00+03:00,low,block_18_24,0.0,0.0,0.0,0.0
grp_343_346,"343,346",2026-04-02 06:00:00+03:00,low,block_06_12,0.0,0.0,0.0,0.0
grp_343_346,"343,346",2026-04-02 12:00:00+03:00,low,block_12_18,0.0,0.0,0.0,0.0
grp_343_346,"343,346",2026-04-02 18:00:00+03:00,low,block_18_24,0.0,0.0,0.0,0.0
grp_343_346,"343,346",2026-04-03 06:00:00+03:00,low,block_06_12,0.0,0.0,0.0,0.0
grp_343_346,"343,346",2026-04-03 12:00:00+03:00,low,block_12_18,0.0,0.0,0.0,0.0
grp_343_346,"343,346",2026-04-03 18:00:00+03:00,low,block_18_24,0.0,0.0,0.0,0.0
grp_343_346,"343,346",2026-04-04 06:00:00+03:00,low,block_06_12,0.0,0.0,0.0,0.0
grp_343_346,"343,346",2026-04-04 12:00:00+03:00,low,block_12_18,0.0,0.0,0.0,0.0
grp_343_346,"343,346",2026-04-04 18:00:00+03:00,low,block_18_24,0.0,0.0,0.0,0.0
grp_343_346,"343,346",2026-04-05 06:00:00+03:00,low,block_06_12,0.0,0.0,0.0,0.0
grp_343_346,"343,346",2026-04-05 12:00:00+03:00,low,block_12_18,0.0,0.0,0.0,0.0
grp_343_346,"343,346",2026-04-05 18:00:00+03:00,low,block_18_24,1.0,0.0,-1.0,1.0
grp_343_346,"343,346",2026-04-06 06:00:00+03:00,low,block_06_12,0.0,0.0,0.0,0.0
grp_343_346,"343,346",2026-04-06 12:00:00+03:00,low,block_12_18,0.0,0.0,0.0,0.0
grp_343_346,"343,346",2026-04-06 18:00:00+03:00,low,block_18_24,0.0,0.0,0.0,0.0
grp_343_346,"343,346",2026-04-07 06:00:00+03:00,low,block_06_12,0.0,0.0,0.0,0.0
grp_343_346,"343,346",2026-04-07 12:00:00+03:00,low,block_12_18,0.0,0.0,0.0,0.0
grp_343_346,"343,346",2026-04-07 18:00:00+03:00,low,block_18_24,0.0,0.0,0.0,0.0
grp_343_346,"343,346",2026-04-08 06:00:00+03:00,low,block_06_12,0.0,0.0,0.0,0.0
grp_343_346,"343,346",2026-04-08 12:00:00+03:00,low,block_12_18,0.0,0.0,0.0,0.0
grp_343_346,"343,346",2026-04-08 18:00:00+03:00,low,block_18_24,0.0,0.0,0.0,0.0
grp_343_346,"343,346",2026-04-09 06:00:00+03:00,low,block_06_12,0.0,0.0,0.0,0.0
grp_343_346,"343,346",2026-04-09 12:00:00+03:00,low,block_12_18,0.0,0.0,0.0,0.0
grp_343_346,"343,346",2026-04-09 18:00:00+03:00,low,block_18_24,0.0,0.0,0.0,0.0
grp_343_346,"343,346",2026-04-10 06:00:00+03:00,low,block_06_12,0.0,0.0,0.0,0.0
grp_343_346,"343,346",2026-04-10 12:00:00+03:00,low,block_12_18,0.0,0.0,0.0,0.0
grp_343_346,"343,346",2026-04-10 18:00:00+03:00,low,block_18_24,0.0,0.0,0.0,0.0
grp_343_346,"343,346",2026-04-11 06:00:00+03:00,low,block_06_12,1.0,0.0,-1.0,1.0
grp_420_481,"420,481",2026-01-27 18:00:00+03:00,low,block_18_24,0.0,0.0,0.0,0.0
grp_420_481,"420,481",2026-01-28 06:00:00+03:00,low,block_06_12,0.0,0.0,0.0,0.0
grp_420_481,"420,481",2026-01-28 12:00:00+03:00,low,block_12_18,0.0,0.0,0.0,0.0
grp_420_481,"420,481",2026-01-28 18:00:00+03:00,low,block_18_24,0.0,0.0,0.0,0.0
grp_420_481,"420,481",2026-01-29 06:00:00+03:00,low,block_06_12,0.0,0.0,0.0,0.0
grp_420_481,"420,481",2026-01-29 12:00:00+03:00,low,block_12_18,1.0,0.0,-1.0,1.0
grp_420_481,"420,481",2026-01-29 18:00:00+03:00,low,block_18_24,0.0,0.0,0.0,0.0
grp_420_481,"420,481",2026-01-30 06:00:00+03:00,low,block_06_12,0.0,0.0,0.0,0.0
grp_420_481,"420,481",2026-01-30 12:00:00+03:00,low,block_12_18,0.0,0.0,0.0,0.0
grp_420_481,"420,481",2026-01-30 18:00:00+03:00,low,block_18_24,0.0,0.0,0.0,0.0
grp_420_481,"420,481",2026-01-31 06:00:00+03:00,low,block_06_12,0.0,0.0,0.0,0.0
grp_420_481,"420,481",2026-01-31 12:00:00+03:00,low,block_12_18,0.0,0.0,0.0,0.0
grp_420_481,"420,481",2026-01-31 18:00:00+03:00,low,block_18_24,0.0,0.0,0.0,0.0
grp_420_481,"420,481",2026-02-01 06:00:00+03:00,low,block_06_12,0.0,0.0,0.0,0.0
grp_420_481,"420,481",2026-02-01 12:00:00+03:00,low,block_12_18,0.0,0.0,0.0,0.0
grp_420_481,"420,481",2026-02-01 18:00:00+03:00,low,block_18_24,0.0,0.0,0.0,0.0
grp_420_481,"420,481",2026-02-02 06:00:00+03:00,low,block_06_12,0.0,0.0,0.0,0.0
grp_420_481,"420,481",2026-02-02 12:00:00+03:00,low,block_12_18,0.0,0.0,0.0,0.0
grp_420_481,"420,481",2026-02-02 18:00:00+03:00,low,block_18_24,0.0,0.0,0.0,0.0
grp_420_481,"420,481",2026-02-03 06:00:00+03:00,low,block_06_12,0.0,0.0,0.0,0.0
grp_420_481,"420,481",2026-02-03 12:00:00+03:00,low,block_12_18,1.0,0.0,-1.0,1.0
grp_420_481,"420,481",2026-02-03 18:00:00+03:00,low,block_18_24,0.0,0.0,0.0,0.0
grp_420_481,"420,481",2026-02-04 06:00:00+03:00,low,block_06_12,0.0,0.0,0.0,0.0
grp_420_481,"420,481",2026-02-04 12:00:00+03:00,low,block_12_18,0.0,0.0,0.0,0.0
grp_420_481,"420,481",2026-02-04 18:00:00+03:00,low,block_18_24,0.0,0.0,0.0,0.0
grp_420_481,"420,481",2026-02-05 06:00:00+03:00,low,block_06_12,0.0,0.0,0.0,0.0
grp_420_481,"420,481",2026-02-05 12:00:00+03:00,low,block_12_18,0.0,0.0,0.0,0.0
grp_420_481,"420,481",2026-02-05 18:00:00+03:00,low,block_18_24,0.0,0.0,0.0,0.0
grp_420_481,"420,481",2026-02-06 06:00:00+03:00,low,block_06_12,0.0,0.0,0.0,0.0
grp_420_481,"420,481",2026-02-06 12:00:00+03:00,low,block_12_18,1.0,0.0,-1.0,1.0
grp_420_481,"420,481",2026-02-06 18:00:00+03:00,low,block_18_24,0.0,0.0,0.0,0.0
grp_420_481,"420,481",2026-02-07 06:00:00+03:00,low,block_06_12,0.0,0.0,0.0,0.0
grp_420_481,"420,481",2026-02-07 12:00:00+03:00,low,block_12_18,0.0,0.0,0.0,0.0
grp_420_481,"420,481",2026-02-07 18:00:00+03:00,low,block_18_24,0.0,0.0,0.0,0.0
grp_420_481,"420,481",2026-02-08 06:00:00+03:00,low,block_06_12,0.0,0.0,0.0,0.0
grp_420_481,"420,481",2026-02-08 12:00:00+03:00,low,block_12_18,0.0,0.0,0.0,0.0
grp_420_481,"420,481",2026-02-08 18:00:00+03:00,low,block_18_24,1.0,0.0,-1.0,1.0
grp_420_481,"420,481",2026-02-09 06:00:00+03:00,low,block_06_12,0.0,0.0,0.0,0.0
grp_420_481,"420,481",2026-02-09 12:00:00+03:00,low,block_12_18,0.0,0.0,0.0,0.0
grp_420_481,"420,481",2026-02-09 18:00:00+03:00,low,block_18_24,0.0,0.0,0.0,0.0
grp_420_481,"420,481",2026-02-10 06:00:00+03:00,low,block_06_12,0.0,0.0,0.0,0.0
grp_420_481,"420,481",2026-02-10 12:00:00+03:00,low,block_12_18,0.0,0.0,0.0,0.0
grp_420_481,"420,481",2026-02-10 18:00:00+03:00,low,block_18_24,0.0,0.0,0.0,0.0
grp_420_481,"420,481",2026-02-11 06:00:00+03:00,low,block_06_12,0.0,0.0,0.0,0.0
grp_420_481,"420,481",2026-02-11 12:00:00+03:00,low,block_12_18,0.0,0.0,0.0,0.0
grp_420_481,"420,481",2026-02-11 18:00:00+03:00,low,block_18_24,0.0,0.0,0.0,0.0
grp_420_481,"420,481",2026-02-12 06:00:00+03:00,low,block_06_12,0.0,0.0,0.0,0.0
grp_420_481,"420,481",2026-02-12 12:00:00+03:00,low,block_12_18,1.0,0.0,-1.0,1.0
grp_420_481,"420,481",2026-02-12 18:00:00+03:00,low,block_18_24,0.0,0.0,0.0,0.0
grp_420_481,"420,481",2026-02-13 06:00:00+03:00,low,block_06_12,0.0,0.0,0.0,0.0
grp_420_481,"420,481",2026-02-13 12:00:00+03:00,low,block_12_18,0.0,0.0,0.0,0.0
grp_420_481,"420,481",2026-02-13 18:00:00+03:00,low,block_18_24,0.0,0.0,0.0,0.0
grp_420_481,"420,481",2026-02-14 06:00:00+03:00,low,block_06_12,0.0,0.0,0.0,0.0
grp_420_481,"420,481",2026-02-14 12:00:00+03:00,low,block_12_18,0.0,0.0,0.0,0.0
grp_420_481,"420,481",2026-02-14 18:00:00+03:00,low,block_18_24,3.0,0.0,-3.0,3.0
grp_420_481,"420,481",2026-02-15 06:00:00+03:00,low,block_06_12,0.0,0.0,0.0,0.0
grp_420_481,"420,481",2026-02-15 12:00:00+03:00,low,block_12_18,1.0,0.0,-1.0,1.0
grp_420_481,"420,481",2026-02-15 18:00:00+03:00,low,block_18_24,0.0,0.0,0.0,0.0
grp_420_481,"420,481",2026-02-16 06:00:00+03:00,low,block_06_12,0.0,0.0,0.0,0.0
grp_420_481,"420,481",2026-02-16 12:00:00+03:00,low,block_12_18,0.0,0.0,0.0,0.0
grp_420_481,"420,481",2026-02-16 18:00:00+03:00,low,block_18_24,1.0,0.0,-1.0,1.0
grp_420_481,"420,481",2026-02-17 06:00:00+03:00,low,block_06_12,0.0,0.0,0.0,0.0
grp_420_481,"420,481",2026-02-17 12:00:00+03:00,low,block_12_18,0.0,0.0,0.0,0.0
grp_420_481,"420,481",2026-02-17 18:00:00+03:00,low,block_18_24,0.0,0.0,0.0,0.0
grp_420_481,"420,481",2026-02-18 06:00:00+03:00,low,block_06_12,0.0,0.0,0.0,0.0
grp_420_481,"420,481",2026-02-18 12:00:00+03:00,low,block_12_18,0.0,0.0,0.0,0.0
grp_420_481,"420,481",2026-02-18 18:00:00+03:00,low,block_18_24,0.0,0.0,0.0,0.0
grp_420_481,"420,481",2026-02-19 06:00:00+03:00,low,block_06_12,0.0,0.0,0.0,0.0
grp_420_481,"420,481",2026-02-19 12:00:00+03:00,low,block_12_18,0.0,0.0,0.0,0.0
grp_420_481,"420,481",2026-02-19 18:00:00+03:00,low,block_18_24,0.0,0.0,0.0,0.0
grp_420_481,"420,481",2026-02-20 06:00:00+03:00,low,block_06_12,0.0,0.0,0.0,0.0
grp_420_481,"420,481",2026-02-20 12:00:00+03:00,low,block_12_18,0.0,0.0,0.0,0.0
grp_420_481,"420,481",2026-02-20 18:00:00+03:00,low,block_18_24,0.0,0.0,0.0,0.0
grp_420_481,"420,481",2026-02-21 06:00:00+03:00,low,block_06_12,0.0,0.0,0.0,0.0
grp_420_481,"420,481",2026-02-21 12:00:00+03:00,low,block_12_18,0.0,0.0,0.0,0.0
grp_420_481,"420,481",2026-02-21 18:00:00+03:00,low,block_18_24,0.0,0.0,0.0,0.0
grp_420_481,"420,481",2026-02-22 06:00:00+03:00,low,block_06_12,0.0,0.0,0.0,0.0
grp_420_481,"420,481",2026-02-22 12:00:00+03:00,low,block_12_18,0.0,0.0,0.0,0.0
grp_420_481,"420,481",2026-02-22 18:00:00+03:00,low,block_18_24,0.0,0.0,0.0,0.0
grp_420_481,"420,481",2026-02-23 06:00:00+03:00,low,block_06_12,0.0,0.0,0.0,0.0
grp_420_481,"420,481",2026-02-23 12:00:00+03:00,low,block_12_18,0.0,0.0,0.0,0.0
grp_420_481,"420,481",2026-02-23 18:00:00+03:00,low,block_18_24,0.0,0.0,0.0,0.0
grp_420_481,"420,481",2026-02-24 06:00:00+03:00,low,block_06_12,0.0,0.0,0.0,0.0
grp_420_481,"420,481",2026-02-24 12:00:00+03:00,low,block_12_18,1.0,0.0,-1.0,1.0
grp_420_481,"420,481",2026-02-24 18:00:00+03:00,low,block_18_24,0.0,0.0,0.0,0.0
grp_420_481,"420,481",2026-02-25 06:00:00+03:00,low,block_06_12,0.0,0.0,0.0,0.0
grp_420_481,"420,481",2026-02-25 12:00:00+03:00,low,block_12_18,0.0,0.0,0.0,0.0
grp_420_481,"420,481",2026-02-25 18:00:00+03:00,low,block_18_24,0.0,0.0,0.0,0.0
grp_420_481,"420,481",2026-02-26 06:00:00+03:00,low,block_06_12,0.0,0.0,0.0,0.0
grp_420_481,"420,481",2026-02-26 12:00:00+03:00,low,block_12_18,2.0,0.0,-2.0,2.0
grp_420_481,"420,481",2026-02-26 18:00:00+03:00,low,block_18_24,0.0,0.0,0.0,0.0
grp_420_481,"420,481",2026-02-27 06:00:00+03:00,low,block_06_12,0.0,0.0,0.0,0.0
grp_420_481,"420,481",2026-02-27 12:00:00+03:00,low,block_12_18,0.0,0.0,0.0,0.0
grp_420_481,"420,481",2026-02-27 18:00:00+03:00,low,block_18_24,1.0,0.0,-1.0,1.0
grp_420_481,"420,481",2026-02-28 06:00:00+03:00,low,block_06_12,0.0,0.0,0.0,0.0
grp_420_481,"420,481",2026-02-28 12:00:00+03:00,low,block_12_18,0.0,0.0,0.0,0.0
grp_420_481,"420,481",2026-02-28 18:00:00+03:00,low,block_18_24,0.0,0.0,0.0,0.0
grp_420_481,"420,481",2026-03-01 06:00:00+03:00,low,block_06_12,1.0,0.0,-1.0,1.0
grp_420_481,"420,481",2026-03-01 12:00:00+03:00,low,block_12_18,0.0,0.0,0.0,0.0
grp_420_481,"420,481",2026-03-01 18:00:00+03:00,low,block_18_24,0.0,0.0,0.0,0.0
grp_420_481,"420,481",2026-03-02 06:00:00+03:00,low,block_06_12,0.0,0.0,0.0,0.0
grp_420_481,"420,481",2026-03-02 12:00:00+03:00,low,block_12_18,0.0,0.0,0.0,0.0
grp_420_481,"420,481",2026-03-02 18:00:00+03:00,low,block_18_24,0.0,0.0,0.0,0.0
grp_420_481,"420,481",2026-03-03 06:00:00+03:00,low,block_06_12,0.0,0.0,0.0,0.0
grp_420_481,"420,481",2026-03-03 12:00:00+03:00,low,block_12_18,0.0,0.0,0.0,0.0
grp_420_481,"420,481",2026-03-03 18:00:00+03:00,low,block_18_24,1.0,0.0,-1.0,1.0
grp_420_481,"420,481",2026-03-04 06:00:00+03:00,low,block_06_12,0.0,0.0,0.0,0.0
grp_420_481,"420,481",2026-03-04 12:00:00+03:00,low,block_12_18,1.0,0.0,-1.0,1.0
grp_420_481,"420,481",2026-03-04 18:00:00+03:00,low,block_18_24,0.0,0.0,0.0,0.0
grp_420_481,"420,481",2026-03-05 06:00:00+03:00,low,block_06_12,0.0,0.0,0.0,0.0
grp_420_481,"420,481",2026-03-05 12:00:00+03:00,low,block_12_18,0.0,0.0,0.0,0.0
grp_420_481,"420,481",2026-03-05 18:00:00+03:00,low,block_18_24,1.0,0.0,-1.0,1.0
grp_420_481,"420,481",2026-03-06 06:00:00+03:00,low,block_06_12,0.0,0.0,0.0,0.0
grp_420_481,"420,481",2026-03-06 12:00:00+03:00,low,block_12_18,0.0,0.0,0.0,0.0
grp_420_481,"420,481",2026-03-06 18:00:00+03:00,low,block_18_24,0.0,0.0,0.0,0.0
grp_420_481,"420,481",2026-03-07 06:00:00+03:00,low,block_06_12,0.0,0.0,0.0,0.0
grp_420_481,"420,481",2026-03-07 12:00:00+03:00,low,block_12_18,1.0,0.0,-1.0,1.0
grp_420_481,"420,481",2026-03-07 18:00:00+03:00,low,block_18_24,1.0,0.0,-1.0,1.0
grp_420_481,"420,481",2026-03-08 06:00:00+03:00,low,block_06_12,0.0,0.0,0.0,0.0
grp_420_481,"420,481",2026-03-08 12:00:00+03:00,low,block_12_18,0.0,0.0,0.0,0.0
grp_420_481,"420,481",2026-03-08 18:00:00+03:00,low,block_18_24,0.0,0.0,0.0,0.0
grp_420_481,"420,481",2026-03-09 06:00:00+03:00,low,block_06_12,0.0,0.0,0.0,0.0
grp_420_481,"420,481",2026-03-09 12:00:00+03:00,low,block_12_18,1.0,0.0,-1.0,1.0
grp_420_481,"420,481",2026-03-09 18:00:00+03:00,low,block_18_24,0.0,0.0,0.0,0.0
grp_420_481,"420,481",2026-03-10 06:00:00+03:00,low,block_06_12,0.0,0.0,0.0,0.0
grp_420_481,"420,481",2026-03-10 12:00:00+03:00,low,block_12_18,0.0,0.0,0.0,0.0
grp_420_481,"420,481",2026-03-10 18:00:00+03:00,low,block_18_24,1.0,0.0,-1.0,1.0
grp_420_481,"420,481",2026-03-11 06:00:00+03:00,low,block_06_12,0.0,0.0,0.0,0.0
grp_420_481,"420,481",2026-03-11 12:00:00+03:00,low,block_12_18,0.0,0.0,0.0,0.0
grp_420_481,"420,481",2026-03-11 18:00:00+03:00,low,block_18_24,0.0,0.0,0.0,0.0
grp_420_481,"420,481",2026-03-12 06:00:00+03:00,low,block_06_12,0.0,0.0,0.0,0.0
grp_420_481,"420,481",2026-03-12 12:00:00+03:00,low,block_12_18,0.0,0.0,0.0,0.0
grp_420_481,"420,481",2026-03-12 18:00:00+03:00,low,block_18_24,0.0,0.0,0.0,0.0
grp_420_481,"420,481",2026-03-13 06:00:00+03:00,low,block_06_12,0.0,0.0,0.0,0.0
grp_420_481,"420,481",2026-03-13 12:00:00+03:00,low,block_12_18,1.0,0.0,-1.0,1.0
grp_420_481,"420,481",2026-03-13 18:00:00+03:00,low,block_18_24,0.0,0.0,0.0,0.0
grp_420_481,"420,481",2026-03-14 06:00:00+03:00,low,block_06_12,0.0,0.0,0.0,0.0
grp_420_481,"420,481",2026-03-14 12:00:00+03:00,low,block_12_18,0.0,0.0,0.0,0.0
grp_420_481,"420,481",2026-03-14 18:00:00+03:00,low,block_18_24,1.0,0.0,-1.0,1.0
grp_420_481,"420,481",2026-03-15 06:00:00+03:00,low,block_06_12,0.0,0.0,0.0,0.0
grp_420_481,"420,481",2026-03-15 12:00:00+03:00,low,block_12_18,0.0,0.0,0.0,0.0
grp_420_481,"420,481",2026-03-15 18:00:00+03:00,low,block_18_24,0.0,0.0,0.0,0.0
grp_420_481,"420,481",2026-03-16 06:00:00+03:00,low,block_06_12,0.0,0.0,0.0,0.0
grp_420_481,"420,481",2026-03-16 12:00:00+03:00,low,block_12_18,0.0,0.0,0.0,0.0
grp_420_481,"420,481",2026-03-16 18:00:00+03:00,low,block_18_24,0.0,0.0,0.0,0.0
grp_420_481,"420,481",2026-03-17 06:00:00+03:00,low,block_06_12,0.0,0.0,0.0,0.0
grp_420_481,"420,481",2026-03-17 12:00:00+03:00,low,block_12_18,0.0,0.0,0.0,0.0
grp_420_481,"420,481",2026-03-17 18:00:00+03:00,low,block_18_24,0.0,0.0,0.0,0.0
grp_420_481,"420,481",2026-03-18 06:00:00+03:00,low,block_06_12,0.0,0.0,0.0,0.0
grp_420_481,"420,481",2026-03-18 12:00:00+03:00,low,block_12_18,1.0,0.0,-1.0,1.0
grp_420_481,"420,481",2026-03-18 18:00:00+03:00,low,block_18_24,0.0,0.0,0.0,0.0
grp_420_481,"420,481",2026-03-19 06:00:00+03:00,low,block_06_12,0.0,0.0,0.0,0.0
grp_420_481,"420,481",2026-03-19 12:00:00+03:00,low,block_12_18,0.0,0.0,0.0,0.0
grp_420_481,"420,481",2026-03-19 18:00:00+03:00,low,block_18_24,0.0,0.0,0.0,0.0
grp_420_481,"420,481",2026-03-20 06:00:00+03:00,low,block_06_12,0.0,0.0,0.0,0.0
grp_420_481,"420,481",2026-03-20 12:00:00+03:00,low,block_12_18,0.0,0.0,0.0,0.0
grp_420_481,"420,481",2026-03-20 18:00:00+03:00,low,block_18_24,0.0,0.0,0.0,0.0
grp_420_481,"420,481",2026-03-21 06:00:00+03:00,low,block_06_12,0.0,0.0,0.0,0.0
grp_420_481,"420,481",2026-03-21 12:00:00+03:00,low,block_12_18,1.0,0.0,-1.0,1.0
grp_420_481,"420,481",2026-03-21 18:00:00+03:00,low,block_18_24,2.0,0.0,-2.0,2.0
grp_420_481,"420,481",2026-03-22 06:00:00+03:00,low,block_06_12,0.0,0.0,0.0,0.0
grp_420_481,"420,481",2026-03-22 12:00:00+03:00,low,block_12_18,0.0,0.0,0.0,0.0
grp_420_481,"420,481",2026-03-22 18:00:00+03:00,low,block_18_24,1.0,0.0,-1.0,1.0
grp_420_481,"420,481",2026-03-23 06:00:00+03:00,low,block_06_12,0.0,0.0,0.0,0.0
grp_420_481,"420,481",2026-03-23 12:00:00+03:00,low,block_12_18,0.0,0.0,0.0,0.0
grp_420_481,"420,481",2026-03-23 18:00:00+03:00,low,block_18_24,1.0,0.0,-1.0,1.0
grp_420_481,"420,481",2026-03-24 06:00:00+03:00,low,block_06_12,0.0,0.0,0.0,0.0
grp_420_481,"420,481",2026-03-24 12:00:00+03:00,low,block_12_18,0.0,0.0,0.0,0.0
grp_420_481,"420,481",2026-03-24 18:00:00+03:00,low,block_18_24,0.0,0.0,0.0,0.0
grp_420_481,"420,481",2026-03-25 06:00:00+03:00,low,block_06_12,0.0,0.0,0.0,0.0
grp_420_481,"420,481",2026-03-25 12:00:00+03:00,low,block_12_18,0.0,0.0,0.0,0.0
grp_420_481,"420,481",2026-03-25 18:00:00+03:00,low,block_18_24,0.0,0.0,0.0,0.0
grp_420_481,"420,481",2026-03-26 06:00:00+03:00,low,block_06_12,0.0,0.0,0.0,0.0
grp_420_481,"420,481",2026-03-26 12:00:00+03:00,low,block_12_18,1.0,0.0,-1.0,1.0
grp_420_481,"420,481",2026-03-26 18:00:00+03:00,low,block_18_24,1.0,0.0,-1.0,1.0
grp_420_481,"420,481",2026-03-27 06:00:00+03:00,low,block_06_12,0.0,0.0,0.0,0.0
grp_420_481,"420,481",2026-03-27 12:00:00+03:00,low,block_12_18,1.0,0.0,-1.0,1.0
grp_420_481,"420,481",2026-03-27 18:00:00+03:00,low,block_18_24,1.0,0.0,-1.0,1.0
grp_420_481,"420,481",2026-03-28 06:00:00+03:00,low,block_06_12,0.0,0.0,0.0,0.0
grp_420_481,"420,481",2026-03-28 12:00:00+03:00,low,block_12_18,0.0,0.0,0.0,0.0
grp_420_481,"420,481",2026-03-28 18:00:00+03:00,low,block_18_24,0.0,0.0,0.0,0.0
grp_420_481,"420,481",2026-03-29 06:00:00+03:00,low,block_06_12,0.0,0.0,0.0,0.0
grp_420_481,"420,481",2026-03-29 12:00:00+03:00,low,block_12_18,0.0,0.0,0.0,0.0
grp_420_481,"420,481",2026-03-29 18:00:00+03:00,low,block_18_24,1.0,0.0,-1.0,1.0
grp_420_481,"420,481",2026-03-30 06:00:00+03:00,low,block_06_12,0.0,0.0,0.0,0.0
grp_420_481,"420,481",2026-03-30 12:00:00+03:00,low,block_12_18,0.0,0.0,0.0,0.0
grp_420_481,"420,481",2026-03-30 18:00:00+03:00,low,block_18_24,0.0,0.0,0.0,0.0
grp_420_481,"420,481",2026-03-31 06:00:00+03:00,low,block_06_12,0.0,0.0,0.0,0.0
grp_420_481,"420,481",2026-03-31 12:00:00+03:00,low,block_12_18,0.0,0.0,0.0,0.0
grp_420_481,"420,481",2026-03-31 18:00:00+03:00,low,block_18_24,0.0,0.0,0.0,0.0
grp_420_481,"420,481",2026-04-01 06:00:00+03:00,low,block_06_12,0.0,0.0,0.0,0.0
grp_420_481,"420,481",2026-04-01 12:00:00+03:00,low,block_12_18,0.0,0.0,0.0,0.0
grp_420_481,"420,481",2026-04-01 18:00:00+03:00,low,block_18_24,0.0,0.0,0.0,0.0
grp_420_481,"420,481",2026-04-02 06:00:00+03:00,low,block_06_12,0.0,0.0,0.0,0.0
grp_420_481,"420,481",2026-04-02 12:00:00+03:00,low,block_12_18,0.0,0.0,0.0,0.0
grp_420_481,"420,481",2026-04-02 18:00:00+03:00,low,block_18_24,0.0,0.0,0.0,0.0
grp_420_481,"420,481",2026-04-03 06:00:00+03:00,low,block_06_12,0.0,0.0,0.0,0.0
grp_420_481,"420,481",2026-04-03 12:00:00+03:00,low,block_12_18,2.0,0.0,-2.0,2.0
grp_420_481,"420,481",2026-04-03 18:00:00+03:00,low,block_18_24,1.0,0.0,-1.0,1.0
grp_420_481,"420,481",2026-04-04 06:00:00+03:00,low,block_06_12,0.0,0.0,0.0,0.0
grp_420_481,"420,481",2026-04-04 12:00:00+03:00,low,block_12_18,1.0,0.0,-1.0,1.0
grp_420_481,"420,481",2026-04-04 18:00:00+03:00,low,block_18_24,0.0,0.0,0.0,0.0
grp_420_481,"420,481",2026-04-05 06:00:00+03:00,low,block_06_12,0.0,0.0,0.0,0.0
grp_420_481,"420,481",2026-04-05 12:00:00+03:00,low,block_12_18,2.0,0.0,-2.0,2.0
grp_420_481,"420,481",2026-04-05 18:00:00+03:00,low,block_18_24,3.0,0.0,-3.0,3.0
grp_420_481,"420,481",2026-04-06 12:00:00+03:00,low,block_12_18,0.0,0.0,0.0,0.0
grp_420_481,"420,481",2026-04-06 18:00:00+03:00,low,block_18_24,0.0,0.0,0.0,0.0
grp_420_481,"420,481",2026-04-07 12:00:00+03:00,low,block_12_18,0.0,0.0,0.0,0.0
grp_420_481,"420,481",2026-04-07 18:00:00+03:00,low,block_18_24,2.0,0.0,-2.0,2.0
grp_420_481,"420,481",2026-04-08 12:00:00+03:00,low,block_12_18,0.0,0.0,0.0,0.0
grp_420_481,"420,481",2026-04-08 18:00:00+03:00,low,block_18_24,0.0,0.0,0.0,0.0
grp_420_481,"420,481",2026-04-09 12:00:00+03:00,low,block_12_18,1.0,0.0,-1.0,1.0
grp_420_481,"420,481",2026-04-09 18:00:00+03:00,low,block_18_24,3.0,0.0,-3.0,3.0
grp_420_481,"420,481",2026-04-10 12:00:00+03:00,low,block_12_18,1.0,0.0,-1.0,1.0
grp_420_481,"420,481",2026-04-10 18:00:00+03:00,low,block_18_24,0.0,0.0,0.0,0.0
grp_420_481,"420,481",2026-04-11 12:00:00+03:00,low,block_12_18,3.0,0.0,-3.0,3.0
grp_420_481,"420,481",2026-04-11 18:00:00+03:00,low,block_18_24,2.0,0.0,-2.0,2.0
grp_420_481,"420,481",2026-04-12 12:00:00+03:00,low,block_12_18,0.0,0.0,0.0,0.0
grp_420_481,"420,481",2026-04-12 18:00:00+03:00,low,block_18_24,0.0,0.0,0.0,0.0
grp_420_481,"420,481",2026-04-13 12:00:00+03:00,low,block_12_18,1.0,0.0,-1.0,1.0
grp_62_140,"62,140",2026-01-27 18:00:00+03:00,medium,block_18_24,2.0,1.0,-1.0,1.0
grp_62_140,"62,140",2026-01-28 06:00:00+03:00,medium,block_06_12,3.0,1.0,-2.0,2.0
grp_62_140,"62,140",2026-01-28 12:00:00+03:00,medium,block_12_18,0.0,3.0,3.0,3.0
grp_62_140,"62,140",2026-01-28 18:00:00+03:00,medium,block_18_24,0.0,1.0,1.0,1.0
grp_62_140,"62,140",2026-01-29 06:00:00+03:00,medium,block_06_12,4.0,2.0,-2.0,2.0
grp_62_140,"62,140",2026-01-29 12:00:00+03:00,medium,block_12_18,0.0,2.0,2.0,2.0
grp_62_140,"62,140",2026-01-29 18:00:00+03:00,medium,block_18_24,0.0,1.0,1.0,1.0
grp_62_140,"62,140",2026-01-30 06:00:00+03:00,medium,block_06_12,4.0,2.0,-2.0,2.0
grp_62_140,"62,140",2026-01-30 12:00:00+03:00,medium,block_12_18,3.0,2.0,-1.0,1.0
grp_62_140,"62,140",2026-01-30 18:00:00+03:00,medium,block_18_24,2.0,1.0,-1.0,1.0
grp_62_140,"62,140",2026-01-31 06:00:00+03:00,medium,block_06_12,1.0,3.0,2.0,2.0
grp_62_140,"62,140",2026-01-31 12:00:00+03:00,medium,block_12_18,3.0,2.0,-1.0,1.0
grp_62_140,"62,140",2026-01-31 18:00:00+03:00,medium,block_18_24,4.0,2.0,-2.0,2.0
grp_62_140,"62,140",2026-02-01 06:00:00+03:00,medium,block_06_12,1.0,1.0,0.0,0.0
grp_62_140,"62,140",2026-02-01 12:00:00+03:00,medium,block_12_18,5.0,3.0,-2.0,2.0
grp_62_140,"62,140",2026-02-01 18:00:00+03:00,medium,block_18_24,2.0,2.0,0.0,0.0
grp_62_140,"62,140",2026-02-02 06:00:00+03:00,medium,block_06_12,1.0,1.0,0.0,0.0
grp_62_140,"62,140",2026-02-02 12:00:00+03:00,medium,block_12_18,6.0,4.0,-2.0,2.0
grp_62_140,"62,140",2026-02-02 18:00:00+03:00,medium,block_18_24,1.0,2.0,1.0,1.0
grp_62_140,"62,140",2026-02-03 06:00:00+03:00,medium,block_06_12,1.0,1.0,0.0,0.0
grp_62_140,"62,140",2026-02-03 12:00:00+03:00,medium,block_12_18,2.0,4.0,2.0,2.0
grp_62_140,"62,140",2026-02-03 18:00:00+03:00,medium,block_18_24,0.0,1.0,1.0,1.0
grp_62_140,"62,140",2026-02-04 06:00:00+03:00,medium,block_06_12,2.0,1.0,-1.0,1.0
grp_62_140,"62,140",2026-02-04 12:00:00+03:00,medium,block_12_18,3.0,2.0,-1.0,1.0
grp_62_140,"62,140",2026-02-04 18:00:00+03:00,medium,block_18_24,0.0,1.0,1.0,1.0
grp_62_140,"62,140",2026-02-05 06:00:00+03:00,medium,block_06_12,2.0,2.0,0.0,0.0
grp_62_140,"62,140",2026-02-05 12:00:00+03:00,medium,block_12_18,6.0,2.0,-4.0,4.0
grp_62_140,"62,140",2026-02-05 18:00:00+03:00,medium,block_18_24,0.0,1.0,1.0,1.0
grp_62_140,"62,140",2026-02-06 06:00:00+03:00,medium,block_06_12,2.0,2.0,0.0,0.0
grp_62_140,"62,140",2026-02-06 12:00:00+03:00,medium,block_12_18,4.0,4.0,0.0,0.0
grp_62_140,"62,140",2026-02-06 18:00:00+03:00,medium,block_18_24,2.0,1.0,-1.0,1.0
grp_62_140,"62,140",2026-02-07 06:00:00+03:00,medium,block_06_12,3.0,1.0,-2.0,2.0
grp_62_140,"62,140",2026-02-07 12:00:00+03:00,medium,block_12_18,4.0,4.0,0.0,0.0
grp_62_140,"62,140",2026-02-07 18:00:00+03:00,medium,block_18_24,0.0,2.0,2.0,2.0
grp_62_140,"62,140",2026-02-08 06:00:00+03:00,medium,block_06_12,3.0,1.0,-2.0,2.0
grp_62_140,"62,140",2026-02-08 12:00:00+03:00,medium,block_12_18,0.0,4.0,4.0,4.0
grp_62_140,"62,140",2026-02-08 18:00:00+03:00,medium,block_18_24,1.0,1.0,0.0,0.0
grp_62_140,"62,140",2026-02-09 06:00:00+03:00,medium,block_06_12,3.0,1.0,-2.0,2.0
grp_62_140,"62,140",2026-02-09 12:00:00+03:00,medium,block_12_18,1.0,3.0,2.0,2.0
grp_62_140,"62,140",2026-02-09 18:00:00+03:00,medium,block_18_24,0.0,1.0,1.0,1.0
grp_62_140,"62,140",2026-02-10 06:00:00+03:00,medium,block_06_12,1.0,1.0,0.0,0.0
grp_62_140,"62,140",2026-02-10 12:00:00+03:00,medium,block_12_18,1.0,2.0,1.0,1.0
grp_62_140,"62,140",2026-02-10 18:00:00+03:00,medium,block_18_24,0.0,1.0,1.0,1.0
grp_62_140,"62,140",2026-02-11 06:00:00+03:00,medium,block_06_12,4.0,1.0,-3.0,3.0
grp_62_140,"62,140",2026-02-11 12:00:00+03:00,medium,block_12_18,2.0,2.0,0.0,0.0
grp_62_140,"62,140",2026-02-11 18:00:00+03:00,medium,block_18_24,1.0,1.0,0.0,0.0
grp_62_140,"62,140",2026-02-12 06:00:00+03:00,medium,block_06_12,1.0,2.0,1.0,1.0
grp_62_140,"62,140",2026-02-12 12:00:00+03:00,medium,block_12_18,4.0,3.0,-1.0,1.0
grp_62_140,"62,140",2026-02-12 18:00:00+03:00,medium,block_18_24,1.0,1.0,0.0,0.0
grp_62_140,"62,140",2026-02-13 06:00:00+03:00,medium,block_06_12,2.0,1.0,-1.0,1.0
grp_62_140,"62,140",2026-02-13 12:00:00+03:00,medium,block_12_18,4.0,3.0,-1.0,1.0
grp_62_140,"62,140",2026-02-13 18:00:00+03:00,medium,block_18_24,0.0,1.0,1.0,1.0
grp_62_140,"62,140",2026-02-14 06:00:00+03:00,medium,block_06_12,1.0,2.0,1.0,1.0
grp_62_140,"62,140",2026-02-14 12:00:00+03:00,medium,block_12_18,6.0,3.0,-3.0,3.0
grp_62_140,"62,140",2026-02-14 18:00:00+03:00,medium,block_18_24,1.0,1.0,0.0,0.0
grp_62_140,"62,140",2026-02-15 06:00:00+03:00,medium,block_06_12,1.0,1.0,0.0,0.0
grp_62_140,"62,140",2026-02-15 12:00:00+03:00,medium,block_12_18,1.0,3.0,2.0,2.0
grp_62_140,"62,140",2026-02-15 18:00:00+03:00,medium,block_18_24,1.0,1.0,0.0,0.0
grp_62_140,"62,140",2026-02-16 06:00:00+03:00,medium,block_06_12,2.0,1.0,-1.0,1.0
grp_62_140,"62,140",2026-02-16 12:00:00+03:00,medium,block_12_18,8.0,2.0,-6.0,6.0
grp_62_140,"62,140",2026-02-16 18:00:00+03:00,medium,block_18_24,1.0,1.0,0.0,0.0
grp_62_140,"62,140",2026-02-17 06:00:00+03:00,medium,block_06_12,2.0,1.0,-1.0,1.0
grp_62_140,"62,140",2026-02-17 12:00:00+03:00,medium,block_12_18,0.0,4.0,4.0,4.0
grp_62_140,"62,140",2026-02-17 18:00:00+03:00,medium,block_18_24,1.0,1.0,0.0,0.0
grp_62_140,"62,140",2026-02-18 06:00:00+03:00,medium,block_06_12,2.0,2.0,0.0,0.0
grp_62_140,"62,140",2026-02-18 12:00:00+03:00,medium,block_12_18,0.0,2.0,2.0,2.0
grp_62_140,"62,140",2026-02-18 18:00:00+03:00,medium,block_18_24,1.0,1.0,0.0,0.0
grp_62_140,"62,140",2026-02-19 06:00:00+03:00,medium,block_06_12,2.0,1.0,-1.0,1.0
grp_62_140,"62,140",2026-02-19 12:00:00+03:00,medium,block_12_18,3.0,3.0,0.0,0.0
grp_62_140,"62,140",2026-02-19 18:00:00+03:00,medium,block_18_24,2.0,1.0,-1.0,1.0
grp_62_140,"62,140",2026-02-20 06:00:00+03:00,medium,block_06_12,1.0,1.0,0.0,0.0
grp_62_140,"62,140",2026-02-20 12:00:00+03:00,medium,block_12_18,4.0,3.0,-1.0,1.0
grp_62_140,"62,140",2026-02-20 18:00:00+03:00,medium,block_18_24,2.0,1.0,-1.0,1.0
grp_62_140,"62,140",2026-02-21 06:00:00+03:00,medium,block_06_12,3.0,1.0,-2.0,2.0
grp_62_140,"62,140",2026-02-21 12:00:00+03:00,medium,block_12_18,3.0,4.0,1.0,1.0
grp_62_140,"62,140",2026-02-21 18:00:00+03:00,medium,block_18_24,1.0,1.0,0.0,0.0
grp_62_140,"62,140",2026-02-22 06:00:00+03:00,medium,block_06_12,2.0,1.0,-1.0,1.0
grp_62_140,"62,140",2026-02-22 12:00:00+03:00,medium,block_12_18,4.0,2.0,-2.0,2.0
grp_62_140,"62,140",2026-02-22 18:00:00+03:00,medium,block_18_24,0.0,1.0,1.0,1.0
grp_62_140,"62,140",2026-02-23 06:00:00+03:00,medium,block_06_12,1.0,1.0,0.0,0.0
grp_62_140,"62,140",2026-02-23 12:00:00+03:00,medium,block_12_18,1.0,4.0,3.0,3.0
grp_62_140,"62,140",2026-02-23 18:00:00+03:00,medium,block_18_24,2.0,1.0,-1.0,1.0
grp_62_140,"62,140",2026-02-24 06:00:00+03:00,medium,block_06_12,2.0,1.0,-1.0,1.0
grp_62_140,"62,140",2026-02-24 12:00:00+03:00,medium,block_12_18,2.0,1.0,-1.0,1.0
grp_62_140,"62,140",2026-02-24 18:00:00+03:00,medium,block_18_24,1.0,1.0,0.0,0.0
grp_62_140,"62,140",2026-02-25 06:00:00+03:00,medium,block_06_12,2.0,1.0,-1.0,1.0
grp_62_140,"62,140",2026-02-25 12:00:00+03:00,medium,block_12_18,1.0,2.0,1.0,1.0
grp_62_140,"62,140",2026-02-25 18:00:00+03:00,medium,block_18_24,0.0,1.0,1.0,1.0
grp_62_140,"62,140",2026-02-26 06:00:00+03:00,medium,block_06_12,1.0,1.0,0.0,0.0
grp_62_140,"62,140",2026-02-26 12:00:00+03:00,medium,block_12_18,3.0,2.0,-1.0,1.0
grp_62_140,"62,140",2026-02-26 18:00:00+03:00,medium,block_18_24,2.0,1.0,-1.0,1.0
grp_62_140,"62,140",2026-02-27 06:00:00+03:00,medium,block_06_12,1.0,1.0,0.0,0.0
grp_62_140,"62,140",2026-02-27 12:00:00+03:00,medium,block_12_18,1.0,2.0,1.0,1.0
grp_62_140,"62,140",2026-02-27 18:00:00+03:00,medium,block_18_24,0.0,1.0,1.0,1.0
grp_62_140,"62,140",2026-02-28 06:00:00+03:00,medium,block_06_12,1.0,1.0,0.0,0.0
grp_62_140,"62,140",2026-02-28 12:00:00+03:00,medium,block_12_18,4.0,2.0,-2.0,2.0
grp_62_140,"62,140",2026-02-28 18:00:00+03:00,medium,block_18_24,3.0,1.0,-2.0,2.0
grp_62_140,"62,140",2026-03-01 06:00:00+03:00,medium,block_06_12,1.0,1.0,0.0,0.0
grp_62_140,"62,140",2026-03-01 12:00:00+03:00,medium,block_12_18,2.0,3.0,1.0,1.0
grp_62_140,"62,140",2026-03-01 18:00:00+03:00,medium,block_18_24,0.0,1.0,1.0,1.0
grp_62_140,"62,140",2026-03-02 06:00:00+03:00,medium,block_06_12,1.0,1.0,0.0,0.0
grp_62_140,"62,140",2026-03-02 12:00:00+03:00,medium,block_12_18,5.0,2.0,-3.0,3.0
grp_62_140,"62,140",2026-03-02 18:00:00+03:00,medium,block_18_24,2.0,1.0,-1.0,1.0
grp_62_140,"62,140",2026-03-03 06:00:00+03:00,medium,block_06_12,3.0,1.0,-2.0,2.0
grp_62_140,"62,140",2026-03-03 12:00:00+03:00,medium,block_12_18,5.0,3.0,-2.0,2.0
grp_62_140,"62,140",2026-03-03 18:00:00+03:00,medium,block_18_24,1.0,2.0,1.0,1.0
grp_62_140,"62,140",2026-03-04 06:00:00+03:00,medium,block_06_12,4.0,2.0,-2.0,2.0
grp_62_140,"62,140",2026-03-04 12:00:00+03:00,medium,block_12_18,0.0,3.0,3.0,3.0
grp_62_140,"62,140",2026-03-04 18:00:00+03:00,medium,block_18_24,1.0,1.0,0.0,0.0
grp_62_140,"62,140",2026-03-05 06:00:00+03:00,medium,block_06_12,1.0,2.0,1.0,1.0
grp_62_140,"62,140",2026-03-05 12:00:00+03:00,medium,block_12_18,5.0,2.0,-3.0,3.0
grp_62_140,"62,140",2026-03-05 18:00:00+03:00,medium,block_18_24,0.0,1.0,1.0,1.0
grp_62_140,"62,140",2026-03-06 06:00:00+03:00,medium,block_06_12,5.0,1.0,-4.0,4.0
grp_62_140,"62,140",2026-03-06 12:00:00+03:00,medium,block_12_18,3.0,3.0,0.0,0.0
grp_62_140,"62,140",2026-03-06 18:00:00+03:00,medium,block_18_24,2.0,1.0,-1.0,1.0
grp_62_140,"62,140",2026-03-07 06:00:00+03:00,medium,block_06_12,2.0,2.0,0.0,0.0
grp_62_140,"62,140",2026-03-07 12:00:00+03:00,medium,block_12_18,2.0,3.0,1.0,1.0
grp_62_140,"62,140",2026-03-07 18:00:00+03:00,medium,block_18_24,1.0,2.0,1.0,1.0
grp_62_140,"62,140",2026-03-08 06:00:00+03:00,medium,block_06_12,1.0,1.0,0.0,0.0
grp_62_140,"62,140",2026-03-08 12:00:00+03:00,medium,block_12_18,11.0,2.0,-9.0,9.0
grp_62_140,"62,140",2026-03-08 18:00:00+03:00,medium,block_18_24,7.0,1.0,-6.0,6.0
grp_62_140,"62,140",2026-03-09 06:00:00+03:00,medium,block_06_12,1.0,1.0,0.0,0.0
grp_62_140,"62,140",2026-03-09 12:00:00+03:00,medium,block_12_18,5.0,6.0,1.0,1.0
grp_62_140,"62,140",2026-03-09 18:00:00+03:00,medium,block_18_24,2.0,3.0,1.0,1.0
grp_62_140,"62,140",2026-03-10 06:00:00+03:00,medium,block_06_12,1.0,2.0,1.0,1.0
grp_62_140,"62,140",2026-03-10 12:00:00+03:00,medium,block_12_18,3.0,5.0,2.0,2.0
grp_62_140,"62,140",2026-03-10 18:00:00+03:00,medium,block_18_24,1.0,2.0,1.0,1.0
grp_62_140,"62,140",2026-03-11 06:00:00+03:00,medium,block_06_12,3.0,2.0,-1.0,1.0
grp_62_140,"62,140",2026-03-11 12:00:00+03:00,medium,block_12_18,3.0,3.0,0.0,0.0
grp_62_140,"62,140",2026-03-11 18:00:00+03:00,medium,block_18_24,1.0,2.0,1.0,1.0
grp_62_140,"62,140",2026-03-12 06:00:00+03:00,medium,block_06_12,3.0,2.0,-1.0,1.0
grp_62_140,"62,140",2026-03-12 12:00:00+03:00,medium,block_12_18,2.0,4.0,2.0,2.0
grp_62_140,"62,140",2026-03-12 18:00:00+03:00,medium,block_18_24,1.0,1.0,0.0,0.0
grp_62_140,"62,140",2026-03-13 06:00:00+03:00,medium,block_06_12,2.0,2.0,0.0,0.0
grp_62_140,"62,140",2026-03-13 12:00:00+03:00,medium,block_12_18,0.0,3.0,3.0,3.0
grp_62_140,"62,140",2026-03-13 18:00:00+03:00,medium,block_18_24,0.0,1.0,1.0,1.0
grp_62_140,"62,140",2026-03-14 06:00:00+03:00,medium,block_06_12,1.0,1.0,0.0,0.0
grp_62_140,"62,140",2026-03-14 12:00:00+03:00,medium,block_12_18,1.0,2.0,1.0,1.0
grp_62_140,"62,140",2026-03-14 18:00:00+03:00,medium,block_18_24,1.0,1.0,0.0,0.0
grp_62_140,"62,140",2026-03-15 06:00:00+03:00,medium,block_06_12,2.0,1.0,-1.0,1.0
grp_62_140,"62,140",2026-03-15 12:00:00+03:00,medium,block_12_18,1.0,3.0,2.0,2.0
grp_62_140,"62,140",2026-03-15 18:00:00+03:00,medium,block_18_24,1.0,2.0,1.0,1.0
grp_62_140,"62,140",2026-03-16 06:00:00+03:00,medium,block_06_12,1.0,1.0,0.0,0.0
grp_62_140,"62,140",2026-03-16 12:00:00+03:00,medium,block_12_18,2.0,2.0,0.0,0.0
grp_62_140,"62,140",2026-03-16 18:00:00+03:00,medium,block_18_24,0.0,1.0,1.0,1.0
grp_62_140,"62,140",2026-03-17 06:00:00+03:00,medium,block_06_12,2.0,1.0,-1.0,1.0
grp_62_140,"62,140",2026-03-17 12:00:00+03:00,medium,block_12_18,1.0,2.0,1.0,1.0
grp_62_140,"62,140",2026-03-17 18:00:00+03:00,medium,block_18_24,0.0,1.0,1.0,1.0
grp_62_140,"62,140",2026-03-18 06:00:00+03:00,medium,block_06_12,1.0,2.0,1.0,1.0
grp_62_140,"62,140",2026-03-18 12:00:00+03:00,medium,block_12_18,1.0,2.0,1.0,1.0
grp_62_140,"62,140",2026-03-18 18:00:00+03:00,medium,block_18_24,2.0,1.0,-1.0,1.0
grp_62_140,"62,140",2026-03-19 06:00:00+03:00,medium,block_06_12,1.0,1.0,0.0,0.0
grp_62_140,"62,140",2026-03-19 12:00:00+03:00,medium,block_12_18,2.0,1.0,-1.0,1.0
grp_62_140,"62,140",2026-03-19 18:00:00+03:00,medium,block_18_24,0.0,1.0,1.0,1.0
grp_62_140,"62,140",2026-03-20 06:00:00+03:00,medium,block_06_12,5.0,1.0,-4.0,4.0
grp_62_140,"62,140",2026-03-20 12:00:00+03:00,medium,block_12_18,4.0,2.0,-2.0,2.0
grp_62_140,"62,140",2026-03-20 18:00:00+03:00,medium,block_18_24,1.0,1.0,0.0,0.0
grp_62_140,"62,140",2026-03-21 06:00:00+03:00,medium,block_06_12,1.0,2.0,1.0,1.0
grp_62_140,"62,140",2026-03-21 12:00:00+03:00,medium,block_12_18,3.0,2.0,-1.0,1.0
grp_62_140,"62,140",2026-03-21 18:00:00+03:00,medium,block_18_24,0.0,1.0,1.0,1.0
grp_62_140,"62,140",2026-03-22 06:00:00+03:00,medium,block_06_12,1.0,1.0,0.0,0.0
grp_62_140,"62,140",2026-03-22 12:00:00+03:00,medium,block_12_18,2.0,2.0,0.0,0.0
grp_62_140,"62,140",2026-03-22 18:00:00+03:00,medium,block_18_24,2.0,1.0,-1.0,1.0
grp_62_140,"62,140",2026-03-23 06:00:00+03:00,medium,block_06_12,5.0,1.0,-4.0,4.0
grp_62_140,"62,140",2026-03-23 12:00:00+03:00,medium,block_12_18,5.0,2.0,-3.0,3.0
grp_62_140,"62,140",2026-03-23 18:00:00+03:00,medium,block_18_24,2.0,1.0,-1.0,1.0
grp_62_140,"62,140",2026-03-24 06:00:00+03:00,medium,block_06_12,1.0,2.0,1.0,1.0
grp_62_140,"62,140",2026-03-24 12:00:00+03:00,medium,block_12_18,3.0,2.0,-1.0,1.0
grp_62_140,"62,140",2026-03-24 18:00:00+03:00,medium,block_18_24,0.0,1.0,1.0,1.0
grp_62_140,"62,140",2026-03-25 06:00:00+03:00,medium,block_06_12,5.0,1.0,-4.0,4.0
grp_62_140,"62,140",2026-03-25 12:00:00+03:00,medium,block_12_18,2.0,2.0,0.0,0.0
grp_62_140,"62,140",2026-03-25 18:00:00+03:00,medium,block_18_24,0.0,1.0,1.0,1.0
grp_62_140,"62,140",2026-03-26 06:00:00+03:00,medium,block_06_12,2.0,2.0,0.0,0.0
grp_62_140,"62,140",2026-03-26 12:00:00+03:00,medium,block_12_18,0.0,2.0,2.0,2.0
grp_62_140,"62,140",2026-03-26 18:00:00+03:00,medium,block_18_24,0.0,1.0,1.0,1.0
grp_62_140,"62,140",2026-03-27 06:00:00+03:00,medium,block_06_12,2.0,2.0,0.0,0.0
grp_62_140,"62,140",2026-03-27 12:00:00+03:00,medium,block_12_18,1.0,2.0,1.0,1.0
grp_62_140,"62,140",2026-03-27 18:00:00+03:00,medium,block_18_24,2.0,1.0,-1.0,1.0
grp_62_140,"62,140",2026-03-28 06:00:00+03:00,medium,block_06_12,2.0,1.0,-1.0,1.0
grp_62_140,"62,140",2026-03-28 12:00:00+03:00,medium,block_12_18,2.0,2.0,0.0,0.0
grp_62_140,"62,140",2026-03-28 18:00:00+03:00,medium,block_18_24,0.0,1.0,1.0,1.0
grp_62_140,"62,140",2026-03-29 06:00:00+03:00,medium,block_06_12,2.0,1.0,-1.0,1.0
grp_62_140,"62,140",2026-03-29 12:00:00+03:00,medium,block_12_18,2.0,2.0,0.0,0.0
grp_62_140,"62,140",2026-03-29 18:00:00+03:00,medium,block_18_24,3.0,1.0,-2.0,2.0
grp_62_140,"62,140",2026-03-30 06:00:00+03:00,medium,block_06_12,3.0,2.0,-1.0,1.0
grp_62_140,"62,140",2026-03-30 12:00:00+03:00,medium,block_12_18,0.0,3.0,3.0,3.0
grp_62_140,"62,140",2026-03-30 18:00:00+03:00,medium,block_18_24,1.0,2.0,1.0,1.0
grp_62_140,"62,140",2026-03-31 06:00:00+03:00,medium,block_06_12,2.0,2.0,0.0,0.0
grp_62_140,"62,140",2026-03-31 12:00:00+03:00,medium,block_12_18,3.0,2.0,-1.0,1.0
grp_62_140,"62,140",2026-03-31 18:00:00+03:00,medium,block_18_24,4.0,1.0,-3.0,3.0
grp_62_140,"62,140",2026-04-01 06:00:00+03:00,medium,block_06_12,3.0,2.0,-1.0,1.0
grp_62_140,"62,140",2026-04-01 12:00:00+03:00,medium,block_12_18,1.0,2.0,1.0,1.0
grp_62_140,"62,140",2026-04-01 18:00:00+03:00,medium,block_18_24,2.0,2.0,0.0,0.0
grp_62_140,"62,140",2026-04-02 06:00:00+03:00,medium,block_06_12,2.0,2.0,0.0,0.0
grp_62_140,"62,140",2026-04-02 12:00:00+03:00,medium,block_12_18,2.0,1.0,-1.0,1.0
grp_62_140,"62,140",2026-04-02 18:00:00+03:00,medium,block_18_24,0.0,1.0,1.0,1.0
grp_62_140,"62,140",2026-04-03 06:00:00+03:00,medium,block_06_12,1.0,1.0,0.0,0.0
grp_62_140,"62,140",2026-04-03 12:00:00+03:00,medium,block_12_18,3.0,2.0,-1.0,1.0
grp_62_140,"62,140",2026-04-03 18:00:00+03:00,medium,block_18_24,3.0,1.0,-2.0,2.0
grp_62_140,"62,140",2026-04-04 06:00:00+03:00,medium,block_06_12,1.0,1.0,0.0,0.0
grp_62_140,"62,140",2026-04-04 12:00:00+03:00,medium,block_12_18,3.0,2.0,-1.0,1.0
grp_62_140,"62,140",2026-04-04 18:00:00+03:00,medium,block_18_24,0.0,1.0,1.0,1.0
grp_62_140,"62,140",2026-04-05 06:00:00+03:00,medium,block_06_12,2.0,1.0,-1.0,1.0
grp_62_140,"62,140",2026-04-05 12:00:00+03:00,medium,block_12_18,8.0,2.0,-6.0,6.0
grp_62_140,"62,140",2026-04-05 18:00:00+03:00,medium,block_18_24,1.0,2.0,1.0,1.0
grp_62_140,"62,140",2026-04-06 06:00:00+03:00,medium,block_06_12,2.0,2.0,0.0,0.0
grp_62_140,"62,140",2026-04-06 12:00:00+03:00,medium,block_12_18,3.0,4.0,1.0,1.0
grp_62_140,"62,140",2026-04-06 18:00:00+03:00,medium,block_18_24,1.0,1.0,0.0,0.0
grp_62_140,"62,140",2026-04-07 06:00:00+03:00,medium,block_06_12,1.0,1.0,0.0,0.0
grp_62_140,"62,140",2026-04-07 12:00:00+03:00,medium,block_12_18,1.0,3.0,2.0,2.0
grp_62_140,"62,140",2026-04-07 18:00:00+03:00,medium,block_18_24,2.0,2.0,0.0,0.0
grp_62_140,"62,140",2026-04-08 06:00:00+03:00,medium,block_06_12,1.0,1.0,0.0,0.0
grp_62_140,"62,140",2026-04-08 12:00:00+03:00,medium,block_12_18,3.0,2.0,-1.0,1.0
grp_62_140,"62,140",2026-04-08 18:00:00+03:00,medium,block_18_24,3.0,2.0,-1.0,1.0
grp_62_140,"62,140",2026-04-09 06:00:00+03:00,medium,block_06_12,1.0,1.0,0.0,0.0
grp_62_140,"62,140",2026-04-09 12:00:00+03:00,medium,block_12_18,5.0,3.0,-2.0,2.0
grp_62_140,"62,140",2026-04-09 18:00:00+03:00,medium,block_18_24,0.0,2.0,2.0,2.0
grp_62_140,"62,140",2026-04-10 06:00:00+03:00,medium,block_06_12,2.0,1.0,-1.0,1.0
grp_62_140,"62,140",2026-04-10 12:00:00+03:00,medium,block_12_18,13.0,4.0,-9.0,9.0
grp_62_140,"62,140",2026-04-10 18:00:00+03:00,medium,block_18_24,1.0,2.0,1.0,1.0
grp_62_140,"62,140",2026-04-11 06:00:00+03:00,medium,block_06_12,6.0,1.0,-5.0,5.0
grp_62_140,"62,140",2026-04-11 12:00:00+03:00,medium,block_12_18,9.0,5.0,-4.0,4.0
grp_62_140,"62,140",2026-04-11 18:00:00+03:00,medium,block_18_24,2.0,1.0,-1.0,1.0
grp_62_140,"62,140",2026-04-12 06:00:00+03:00,medium,block_06_12,2.0,3.0,1.0,1.0
grp_62_140,"62,140",2026-04-12 12:00:00+03:00,medium,block_12_18,3.0,6.0,3.0,3.0
grp_62_140,"62,140",2026-04-12 18:00:00+03:00,medium,block_18_24,1.0,1.0,0.0,0.0
grp_62_140,"62,140",2026-04-13 06:00:00+03:00,medium,block_06_12,1.0,2.0,1.0,1.0
grp_62_140,"62,140",2026-04-13 12:00:00+03:00,medium,block_12_18,1.0,4.0,3.0,3.0
grp_62_140,"62,140",2026-04-13 18:00:00+03:00,medium,block_18_24,3.0,1.0,-2.0,2.0
grp_71_94,"71,94",2026-01-27 18:00:00+03:00,medium,block_18_24,2.0,1.0,-1.0,1.0
grp_71_94,"71,94",2026-01-28 12:00:00+03:00,medium,block_12_18,0.0,1.0,1.0,1.0
grp_71_94,"71,94",2026-01-28 18:00:00+03:00,medium,block_18_24,2.0,1.0,-1.0,1.0
grp_71_94,"71,94",2026-01-29 12:00:00+03:00,medium,block_12_18,2.0,1.0,-1.0,1.0
grp_71_94,"71,94",2026-01-29 18:00:00+03:00,medium,block_18_24,1.0,2.0,1.0,1.0
grp_71_94,"71,94",2026-01-30 12:00:00+03:00,medium,block_12_18,1.0,2.0,1.0,1.0
grp_71_94,"71,94",2026-01-30 18:00:00+03:00,medium,block_18_24,0.0,1.0,1.0,1.0
grp_71_94,"71,94",2026-01-31 12:00:00+03:00,medium,block_12_18,3.0,1.0,-2.0,2.0
grp_71_94,"71,94",2026-01-31 18:00:00+03:00,medium,block_18_24,3.0,1.0,-2.0,2.0
grp_71_94,"71,94",2026-02-01 12:00:00+03:00,medium,block_12_18,3.0,2.0,-1.0,1.0
grp_71_94,"71,94",2026-02-01 18:00:00+03:00,medium,block_18_24,0.0,1.0,1.0,1.0
grp_71_94,"71,94",2026-02-02 12:00:00+03:00,medium,block_12_18,2.0,2.0,0.0,0.0
grp_71_94,"71,94",2026-02-02 18:00:00+03:00,medium,block_18_24,0.0,1.0,1.0,1.0
grp_71_94,"71,94",2026-02-03 12:00:00+03:00,medium,block_12_18,2.0,2.0,0.0,0.0
grp_71_94,"71,94",2026-02-03 18:00:00+03:00,medium,block_18_24,2.0,1.0,-1.0,1.0
grp_71_94,"71,94",2026-02-04 12:00:00+03:00,medium,block_12_18,2.0,1.0,-1.0,1.0
grp_71_94,"71,94",2026-02-04 18:00:00+03:00,medium,block_18_24,1.0,1.0,0.0,0.0
grp_71_94,"71,94",2026-02-05 12:00:00+03:00,medium,block_12_18,0.0,2.0,2.0,2.0
grp_71_94,"71,94",2026-02-05 18:00:00+03:00,medium,block_18_24,1.0,1.0,0.0,0.0
grp_71_94,"71,94",2026-02-06 12:00:00+03:00,medium,block_12_18,0.0,1.0,1.0,1.0
grp_71_94,"71,94",2026-02-06 18:00:00+03:00,medium,block_18_24,0.0,1.0,1.0,1.0
grp_71_94,"71,94",2026-02-07 12:00:00+03:00,medium,block_12_18,2.0,1.0,-1.0,1.0
grp_71_94,"71,94",2026-02-07 18:00:00+03:00,medium,block_18_24,3.0,2.0,-1.0,1.0
grp_71_94,"71,94",2026-02-08 12:00:00+03:00,medium,block_12_18,6.0,2.0,-4.0,4.0
grp_71_94,"71,94",2026-02-08 18:00:00+03:00,medium,block_18_24,2.0,2.0,0.0,0.0
grp_71_94,"71,94",2026-02-09 12:00:00+03:00,medium,block_12_18,0.0,3.0,3.0,3.0
grp_71_94,"71,94",2026-02-09 18:00:00+03:00,medium,block_18_24,2.0,1.0,-1.0,1.0
grp_71_94,"71,94",2026-02-10 12:00:00+03:00,medium,block_12_18,2.0,2.0,0.0,0.0
grp_71_94,"71,94",2026-02-10 18:00:00+03:00,medium,block_18_24,0.0,2.0,2.0,2.0
grp_71_94,"71,94",2026-02-11 12:00:00+03:00,medium,block_12_18,1.0,2.0,1.0,1.0
grp_71_94,"71,94",2026-02-11 18:00:00+03:00,medium,block_18_24,1.0,1.0,0.0,0.0
grp_71_94,"71,94",2026-02-12 12:00:00+03:00,medium,block_12_18,3.0,1.0,-2.0,2.0
grp_71_94,"71,94",2026-02-12 18:00:00+03:00,medium,block_18_24,2.0,1.0,-1.0,1.0
grp_71_94,"71,94",2026-02-13 12:00:00+03:00,medium,block_12_18,1.0,2.0,1.0,1.0
grp_71_94,"71,94",2026-02-13 18:00:00+03:00,medium,block_18_24,3.0,1.0,-2.0,2.0
grp_71_94,"71,94",2026-02-14 12:00:00+03:00,medium,block_12_18,6.0,2.0,-4.0,4.0
grp_71_94,"71,94",2026-02-14 18:00:00+03:00,medium,block_18_24,1.0,2.0,1.0,1.0
grp_71_94,"71,94",2026-02-15 12:00:00+03:00,medium,block_12_18,2.0,4.0,2.0,2.0
grp_71_94,"71,94",2026-02-15 18:00:00+03:00,medium,block_18_24,3.0,2.0,-1.0,1.0
grp_71_94,"71,94",2026-02-16 12:00:00+03:00,medium,block_12_18,3.0,2.0,-1.0,1.0
grp_71_94,"71,94",2026-02-16 18:00:00+03:00,medium,block_18_24,0.0,2.0,2.0,2.0
grp_71_94,"71,94",2026-02-17 12:00:00+03:00,medium,block_12_18,1.0,3.0,2.0,2.0
grp_71_94,"71,94",2026-02-17 18:00:00+03:00,medium,block_18_24,2.0,1.0,-1.0,1.0
grp_71_94,"71,94",2026-02-18 12:00:00+03:00,medium,block_12_18,4.0,2.0,-2.0,2.0
grp_71_94,"71,94",2026-02-18 18:00:00+03:00,medium,block_18_24,2.0,2.0,0.0,0.0
grp_71_94,"71,94",2026-02-19 12:00:00+03:00,medium,block_12_18,0.0,3.0,3.0,3.0
grp_71_94,"71,94",2026-02-19 18:00:00+03:00,medium,block_18_24,0.0,1.0,1.0,1.0
grp_71_94,"71,94",2026-02-20 12:00:00+03:00,medium,block_12_18,2.0,2.0,0.0,0.0
grp_71_94,"71,94",2026-02-20 18:00:00+03:00,medium,block_18_24,1.0,2.0,1.0,1.0
grp_71_94,"71,94",2026-02-21 12:00:00+03:00,medium,block_12_18,4.0,3.0,-1.0,1.0
grp_71_94,"71,94",2026-02-21 18:00:00+03:00,medium,block_18_24,0.0,1.0,1.0,1.0
grp_71_94,"71,94",2026-02-22 12:00:00+03:00,medium,block_12_18,4.0,2.0,-2.0,2.0
grp_71_94,"71,94",2026-02-22 18:00:00+03:00,medium,block_18_24,2.0,2.0,0.0,0.0
grp_71_94,"71,94",2026-02-23 12:00:00+03:00,medium,block_12_18,2.0,3.0,1.0,1.0
grp_71_94,"71,94",2026-02-23 18:00:00+03:00,medium,block_18_24,2.0,1.0,-1.0,1.0
grp_71_94,"71,94",2026-02-24 12:00:00+03:00,medium,block_12_18,1.0,2.0,1.0,1.0
grp_71_94,"71,94",2026-02-24 18:00:00+03:00,medium,block_18_24,0.0,1.0,1.0,1.0
grp_71_94,"71,94",2026-02-25 12:00:00+03:00,medium,block_12_18,2.0,2.0,0.0,0.0
grp_71_94,"71,94",2026-02-25 18:00:00+03:00,medium,block_18_24,0.0,1.0,1.0,1.0
grp_71_94,"71,94",2026-02-26 12:00:00+03:00,medium,block_12_18,1.0,1.0,0.0,0.0
grp_71_94,"71,94",2026-02-26 18:00:00+03:00,medium,block_18_24,2.0,1.0,-1.0,1.0
grp_71_94,"71,94",2026-02-27 12:00:00+03:00,medium,block_12_18,3.0,2.0,-1.0,1.0
grp_71_94,"71,94",2026-02-27 18:00:00+03:00,medium,block_18_24,1.0,1.0,0.0,0.0
grp_71_94,"71,94",2026-02-28 12:00:00+03:00,medium,block_12_18,1.0,2.0,1.0,1.0
grp_71_94,"71,94",2026-02-28 18:00:00+03:00,medium,block_18_24,2.0,1.0,-1.0,1.0
grp_71_94,"71,94",2026-03-01 12:00:00+03:00,medium,block_12_18,0.0,2.0,2.0,2.0
grp_71_94,"71,94",2026-03-01 18:00:00+03:00,medium,block_18_24,1.0,1.0,0.0,0.0
grp_71_94,"71,94",2026-03-02 12:00:00+03:00,medium,block_12_18,2.0,1.0,-1.0,1.0
grp_71_94,"71,94",2026-03-02 18:00:00+03:00,medium,block_18_24,1.0,1.0,0.0,0.0
grp_71_94,"71,94",2026-03-03 12:00:00+03:00,medium,block_12_18,0.0,1.0,1.0,1.0
grp_71_94,"71,94",2026-03-03 18:00:00+03:00,medium,block_18_24,4.0,1.0,-3.0,3.0
grp_71_94,"71,94",2026-03-04 12:00:00+03:00,medium,block_12_18,4.0,1.0,-3.0,3.0
grp_71_94,"71,94",2026-03-04 18:00:00+03:00,medium,block_18_24,1.0,2.0,1.0,1.0
grp_71_94,"71,94",2026-03-05 12:00:00+03:00,medium,block_12_18,5.0,2.0,-3.0,3.0
grp_71_94,"71,94",2026-03-05 18:00:00+03:00,medium,block_18_24,0.0,2.0,2.0,2.0
grp_71_94,"71,94",2026-03-06 12:00:00+03:00,medium,block_12_18,2.0,3.0,1.0,1.0
grp_71_94,"71,94",2026-03-06 18:00:00+03:00,medium,block_18_24,2.0,1.0,-1.0,1.0
grp_71_94,"71,94",2026-03-07 12:00:00+03:00,medium,block_12_18,3.0,2.0,-1.0,1.0
grp_71_94,"71,94",2026-03-07 18:00:00+03:00,medium,block_18_24,1.0,2.0,1.0,1.0
grp_71_94,"71,94",2026-03-08 12:00:00+03:00,medium,block_12_18,5.0,2.0,-3.0,3.0
grp_71_94,"71,94",2026-03-08 18:00:00+03:00,medium,block_18_24,0.0,1.0,1.0,1.0
grp_71_94,"71,94",2026-03-09 12:00:00+03:00,medium,block_12_18,0.0,3.0,3.0,3.0
grp_71_94,"71,94",2026-03-09 18:00:00+03:00,medium,block_18_24,2.0,1.0,-1.0,1.0
grp_71_94,"71,94",2026-03-10 12:00:00+03:00,medium,block_12_18,1.0,1.0,0.0,0.0
grp_71_94,"71,94",2026-03-10 18:00:00+03:00,medium,block_18_24,0.0,2.0,2.0,2.0
grp_71_94,"71,94",2026-03-11 12:00:00+03:00,medium,block_12_18,0.0,2.0,2.0,2.0
grp_71_94,"71,94",2026-03-11 18:00:00+03:00,medium,block_18_24,1.0,1.0,0.0,0.0
grp_71_94,"71,94",2026-03-12 12:00:00+03:00,medium,block_12_18,2.0,2.0,0.0,0.0
grp_71_94,"71,94",2026-03-12 18:00:00+03:00,medium,block_18_24,0.0,1.0,1.0,1.0
grp_71_94,"71,94",2026-03-13 12:00:00+03:00,medium,block_12_18,1.0,2.0,1.0,1.0
grp_71_94,"71,94",2026-03-13 18:00:00+03:00,medium,block_18_24,1.0,1.0,0.0,0.0
grp_71_94,"71,94",2026-03-14 12:00:00+03:00,medium,block_12_18,2.0,2.0,0.0,0.0
grp_71_94,"71,94",2026-03-14 18:00:00+03:00,medium,block_18_24,0.0,1.0,1.0,1.0
grp_71_94,"71,94",2026-03-15 12:00:00+03:00,medium,block_12_18,1.0,3.0,2.0,2.0
grp_71_94,"71,94",2026-03-15 18:00:00+03:00,medium,block_18_24,2.0,1.0,-1.0,1.0
grp_71_94,"71,94",2026-03-16 12:00:00+03:00,medium,block_12_18,1.0,1.0,0.0,0.0
grp_71_94,"71,94",2026-03-16 18:00:00+03:00,medium,block_18_24,3.0,1.0,-2.0,2.0
grp_71_94,"71,94",2026-03-17 12:00:00+03:00,medium,block_12_18,1.0,1.0,0.0,0.0
grp_71_94,"71,94",2026-03-17 18:00:00+03:00,medium,block_18_24,2.0,1.0,-1.0,1.0
grp_71_94,"71,94",2026-03-18 12:00:00+03:00,medium,block_12_18,2.0,1.0,-1.0,1.0
grp_71_94,"71,94",2026-03-18 18:00:00+03:00,medium,block_18_24,1.0,1.0,0.0,0.0
grp_71_94,"71,94",2026-03-19 12:00:00+03:00,medium,block_12_18,0.0,2.0,2.0,2.0
grp_71_94,"71,94",2026-03-19 18:00:00+03:00,medium,block_18_24,3.0,1.0,-2.0,2.0
grp_71_94,"71,94",2026-03-20 12:00:00+03:00,medium,block_12_18,1.0,1.0,0.0,0.0
grp_71_94,"71,94",2026-03-20 18:00:00+03:00,medium,block_18_24,1.0,2.0,1.0,1.0
grp_71_94,"71,94",2026-03-21 12:00:00+03:00,medium,block_12_18,2.0,1.0,-1.0,1.0
grp_71_94,"71,94",2026-03-21 18:00:00+03:00,medium,block_18_24,1.0,1.0,0.0,0.0
grp_71_94,"71,94",2026-03-22 12:00:00+03:00,medium,block_12_18,2.0,1.0,-1.0,1.0
grp_71_94,"71,94",2026-03-22 18:00:00+03:00,medium,block_18_24,0.0,2.0,2.0,2.0
grp_71_94,"71,94",2026-03-23 12:00:00+03:00,medium,block_12_18,2.0,1.0,-1.0,1.0
grp_71_94,"71,94",2026-03-23 18:00:00+03:00,medium,block_18_24,0.0,2.0,2.0,2.0
grp_71_94,"71,94",2026-03-24 12:00:00+03:00,medium,block_12_18,0.0,1.0,1.0,1.0
grp_71_94,"71,94",2026-03-24 18:00:00+03:00,medium,block_18_24,1.0,1.0,0.0,0.0
grp_71_94,"71,94",2026-03-25 12:00:00+03:00,medium,block_12_18,1.0,1.0,0.0,0.0
grp_71_94,"71,94",2026-03-25 18:00:00+03:00,medium,block_18_24,0.0,1.0,1.0,1.0
grp_71_94,"71,94",2026-03-26 12:00:00+03:00,medium,block_12_18,0.0,1.0,1.0,1.0
grp_71_94,"71,94",2026-03-26 18:00:00+03:00,medium,block_18_24,1.0,1.0,0.0,0.0
grp_71_94,"71,94",2026-03-27 12:00:00+03:00,medium,block_12_18,0.0,1.0,1.0,1.0
grp_71_94,"71,94",2026-03-27 18:00:00+03:00,medium,block_18_24,1.0,1.0,0.0,0.0
grp_71_94,"71,94",2026-03-28 12:00:00+03:00,medium,block_12_18,3.0,1.0,-2.0,2.0
grp_71_94,"71,94",2026-03-28 18:00:00+03:00,medium,block_18_24,3.0,1.0,-2.0,2.0
grp_71_94,"71,94",2026-03-29 12:00:00+03:00,medium,block_12_18,1.0,2.0,1.0,1.0
grp_71_94,"71,94",2026-03-29 18:00:00+03:00,medium,block_18_24,3.0,1.0,-2.0,2.0
grp_71_94,"71,94",2026-03-30 12:00:00+03:00,medium,block_12_18,1.0,1.0,0.0,0.0
grp_71_94,"71,94",2026-03-30 18:00:00+03:00,medium,block_18_24,0.0,1.0,1.0,1.0
grp_71_94,"71,94",2026-03-31 12:00:00+03:00,medium,block_12_18,1.0,1.0,0.0,0.0
grp_71_94,"71,94",2026-03-31 18:00:00+03:00,medium,block_18_24,0.0,1.0,1.0,1.0
grp_71_94,"71,94",2026-04-01 12:00:00+03:00,medium,block_12_18,0.0,1.0,1.0,1.0
grp_71_94,"71,94",2026-04-01 18:00:00+03:00,medium,block_18_24,2.0,1.0,-1.0,1.0
grp_71_94,"71,94",2026-04-02 12:00:00+03:00,medium,block_12_18,1.0,1.0,0.0,0.0
grp_71_94,"71,94",2026-04-02 18:00:00+03:00,medium,block_18_24,3.0,1.0,-2.0,2.0
grp_71_94,"71,94",2026-04-03 12:00:00+03:00,medium,block_12_18,2.0,1.0,-1.0,1.0
grp_71_94,"71,94",2026-04-03 18:00:00+03:00,medium,block_18_24,0.0,2.0,2.0,2.0
grp_71_94,"71,94",2026-04-04 12:00:00+03:00,medium,block_12_18,1.0,2.0,1.0,1.0
grp_71_94,"71,94",2026-04-04 18:00:00+03:00,medium,block_18_24,4.0,2.0,-2.0,2.0
grp_71_94,"71,94",2026-04-05 12:00:00+03:00,medium,block_12_18,0.0,1.0,1.0,1.0
grp_71_94,"71,94",2026-04-05 18:00:00+03:00,medium,block_18_24,1.0,2.0,1.0,1.0
grp_71_94,"71,94",2026-04-06 12:00:00+03:00,medium,block_12_18,4.0,1.0,-3.0,3.0
grp_71_94,"71,94",2026-04-06 18:00:00+03:00,medium,block_18_24,0.0,1.0,1.0,1.0
grp_71_94,"71,94",2026-04-07 12:00:00+03:00,medium,block_12_18,1.0,2.0,1.0,1.0
grp_71_94,"71,94",2026-04-07 18:00:00+03:00,medium,block_18_24,3.0,1.0,-2.0,2.0
grp_71_94,"71,94",2026-04-08 12:00:00+03:00,medium,block_12_18,1.0,1.0,0.0,0.0
grp_71_94,"71,94",2026-04-08 18:00:00+03:00,medium,block_18_24,2.0,2.0,0.0,0.0
grp_71_94,"71,94",2026-04-09 12:00:00+03:00,medium,block_12_18,0.0,1.0,1.0,1.0
grp_71_94,"71,94",2026-04-09 18:00:00+03:00,medium,block_18_24,0.0,2.0,2.0,2.0
grp_71_94,"71,94",2026-04-10 12:00:00+03:00,medium,block_12_18,1.0,1.0,0.0,0.0
grp_71_94,"71,94",2026-04-10 18:00:00+03:00,medium,block_18_24,4.0,1.0,-3.0,3.0
grp_71_94,"71,94",2026-04-11 12:00:00+03:00,medium,block_12_18,2.0,1.0,-1.0,1.0
grp_71_94,"71,94",2026-04-11 18:00:00+03:00,medium,block_18_24,3.0,3.0,0.0,0.0
grp_71_94,"71,94",2026-04-12 12:00:00+03:00,medium,block_12_18,3.0,1.0,-2.0,2.0
grp_71_94,"71,94",2026-04-12 18:00:00+03:00,medium,block_18_24,3.0,2.0,-1.0,1.0
grp_71_94,"71,94",2026-04-13 12:00:00+03:00,medium,block_12_18,1.0,2.0,1.0,1.0
grp_98_298,"98,298",2026-01-27 18:00:00+03:00,medium,block_18_24,1.0,2.0,1.0,1.0
grp_98_298,"98,298",2026-01-28 06:00:00+03:00,medium,block_06_12,0.0,0.0,0.0,0.0
grp_98_298,"98,298",2026-01-28 12:00:00+03:00,medium,block_12_18,7.0,5.0,-2.0,2.0
grp_98_298,"98,298",2026-01-28 18:00:00+03:00,medium,block_18_24,2.0,2.0,0.0,0.0
grp_98_298,"98,298",2026-01-29 06:00:00+03:00,medium,block_06_12,0.0,0.0,0.0,0.0
grp_98_298,"98,298",2026-01-29 12:00:00+03:00,medium,block_12_18,3.0,6.0,3.0,3.0
grp_98_298,"98,298",2026-01-29 18:00:00+03:00,medium,block_18_24,2.0,2.0,0.0,0.0
grp_98_298,"98,298",2026-01-30 06:00:00+03:00,medium,block_06_12,0.0,0.0,0.0,0.0
grp_98_298,"98,298",2026-01-30 12:00:00+03:00,medium,block_12_18,10.0,4.0,-6.0,6.0
grp_98_298,"98,298",2026-01-30 18:00:00+03:00,medium,block_18_24,4.0,2.0,-2.0,2.0
grp_98_298,"98,298",2026-01-31 06:00:00+03:00,medium,block_06_12,0.0,0.0,0.0,0.0
grp_98_298,"98,298",2026-01-31 12:00:00+03:00,medium,block_12_18,2.0,6.0,4.0,4.0
grp_98_298,"98,298",2026-01-31 18:00:00+03:00,medium,block_18_24,5.0,3.0,-2.0,2.0
grp_98_298,"98,298",2026-02-01 06:00:00+03:00,medium,block_06_12,0.0,0.0,0.0,0.0
grp_98_298,"98,298",2026-02-01 12:00:00+03:00,medium,block_12_18,4.0,3.0,-1.0,1.0
grp_98_298,"98,298",2026-02-01 18:00:00+03:00,medium,block_18_24,2.0,3.0,1.0,1.0
grp_98_298,"98,298",2026-02-02 06:00:00+03:00,medium,block_06_12,0.0,0.0,0.0,0.0
grp_98_298,"98,298",2026-02-02 12:00:00+03:00,medium,block_12_18,11.0,5.0,-6.0,6.0
grp_98_298,"98,298",2026-02-02 18:00:00+03:00,medium,block_18_24,0.0,3.0,3.0,3.0
grp_98_298,"98,298",2026-02-03 06:00:00+03:00,medium,block_06_12,0.0,0.0,0.0,0.0
grp_98_298,"98,298",2026-02-03 12:00:00+03:00,medium,block_12_18,7.0,6.0,-1.0,1.0
grp_98_298,"98,298",2026-02-03 18:00:00+03:00,medium,block_18_24,1.0,2.0,1.0,1.0
grp_98_298,"98,298",2026-02-04 06:00:00+03:00,medium,block_06_12,0.0,0.0,0.0,0.0
grp_98_298,"98,298",2026-02-04 12:00:00+03:00,medium,block_12_18,5.0,6.0,1.0,1.0
grp_98_298,"98,298",2026-02-04 18:00:00+03:00,medium,block_18_24,0.0,2.0,2.0,2.0
grp_98_298,"98,298",2026-02-05 06:00:00+03:00,medium,block_06_12,0.0,0.0,0.0,0.0
grp_98_298,"98,298",2026-02-05 12:00:00+03:00,medium,block_12_18,9.0,5.0,-4.0,4.0
grp_98_298,"98,298",2026-02-05 18:00:00+03:00,medium,block_18_24,1.0,2.0,1.0,1.0
grp_98_298,"98,298",2026-02-06 06:00:00+03:00,medium,block_06_12,0.0,0.0,0.0,0.0
grp_98_298,"98,298",2026-02-06 12:00:00+03:00,medium,block_12_18,10.0,6.0,-4.0,4.0
grp_98_298,"98,298",2026-02-06 18:00:00+03:00,medium,block_18_24,3.0,2.0,-1.0,1.0
grp_98_298,"98,298",2026-02-07 06:00:00+03:00,medium,block_06_12,0.0,0.0,0.0,0.0
grp_98_298,"98,298",2026-02-07 12:00:00+03:00,medium,block_12_18,6.0,5.0,-1.0,1.0
grp_98_298,"98,298",2026-02-07 18:00:00+03:00,medium,block_18_24,3.0,3.0,0.0,0.0
grp_98_298,"98,298",2026-02-08 06:00:00+03:00,medium,block_06_12,0.0,0.0,0.0,0.0
grp_98_298,"98,298",2026-02-08 12:00:00+03:00,medium,block_12_18,5.0,5.0,0.0,0.0
grp_98_298,"98,298",2026-02-08 18:00:00+03:00,medium,block_18_24,2.0,2.0,0.0,0.0
grp_98_298,"98,298",2026-02-09 06:00:00+03:00,medium,block_06_12,0.0,0.0,0.0,0.0
grp_98_298,"98,298",2026-02-09 12:00:00+03:00,medium,block_12_18,9.0,6.0,-3.0,3.0
grp_98_298,"98,298",2026-02-09 18:00:00+03:00,medium,block_18_24,0.0,2.0,2.0,2.0
grp_98_298,"98,298",2026-02-10 06:00:00+03:00,medium,block_06_12,0.0,0.0,0.0,0.0
grp_98_298,"98,298",2026-02-10 12:00:00+03:00,medium,block_12_18,8.0,6.0,-2.0,2.0
grp_98_298,"98,298",2026-02-10 18:00:00+03:00,medium,block_18_24,1.0,1.0,0.0,0.0
grp_98_298,"98,298",2026-02-11 06:00:00+03:00,medium,block_06_12,0.0,0.0,0.0,0.0
grp_98_298,"98,298",2026-02-11 12:00:00+03:00,medium,block_12_18,7.0,6.0,-1.0,1.0
grp_98_298,"98,298",2026-02-11 18:00:00+03:00,medium,block_18_24,4.0,1.0,-3.0,3.0
grp_98_298,"98,298",2026-02-12 06:00:00+03:00,medium,block_06_12,0.0,0.0,0.0,0.0
grp_98_298,"98,298",2026-02-12 12:00:00+03:00,medium,block_12_18,11.0,6.0,-5.0,5.0
grp_98_298,"98,298",2026-02-12 18:00:00+03:00,medium,block_18_24,1.0,2.0,1.0,1.0
grp_98_298,"98,298",2026-02-13 06:00:00+03:00,medium,block_06_12,1.0,0.0,-1.0,1.0
grp_98_298,"98,298",2026-02-13 12:00:00+03:00,medium,block_12_18,12.0,7.0,-5.0,5.0
grp_98_298,"98,298",2026-02-13 18:00:00+03:00,medium,block_18_24,5.0,2.0,-3.0,3.0
grp_98_298,"98,298",2026-02-14 06:00:00+03:00,medium,block_06_12,0.0,1.0,1.0,1.0
grp_98_298,"98,298",2026-02-14 12:00:00+03:00,medium,block_12_18,1.0,8.0,7.0,7.0
grp_98_298,"98,298",2026-02-14 18:00:00+03:00,medium,block_18_24,10.0,3.0,-7.0,7.0
grp_98_298,"98,298",2026-02-15 06:00:00+03:00,medium,block_06_12,0.0,1.0,1.0,1.0
grp_98_298,"98,298",2026-02-15 12:00:00+03:00,medium,block_12_18,5.0,4.0,-1.0,1.0
grp_98_298,"98,298",2026-02-15 18:00:00+03:00,medium,block_18_24,3.0,5.0,2.0,2.0
grp_98_298,"98,298",2026-02-16 06:00:00+03:00,medium,block_06_12,0.0,1.0,1.0,1.0
grp_98_298,"98,298",2026-02-16 12:00:00+03:00,medium,block_12_18,6.0,6.0,0.0,0.0
grp_98_298,"98,298",2026-02-16 18:00:00+03:00,medium,block_18_24,4.0,3.0,-1.0,1.0
grp_98_298,"98,298",2026-02-17 06:00:00+03:00,medium,block_06_12,0.0,1.0,1.0,1.0
grp_98_298,"98,298",2026-02-17 12:00:00+03:00,medium,block_12_18,2.0,5.0,3.0,3.0
grp_98_298,"98,298",2026-02-17 18:00:00+03:00,medium,block_18_24,2.0,4.0,2.0,2.0
grp_98_298,"98,298",2026-02-18 06:00:00+03:00,medium,block_06_12,0.0,1.0,1.0,1.0
grp_98_298,"98,298",2026-02-18 12:00:00+03:00,medium,block_12_18,10.0,4.0,-6.0,6.0
grp_98_298,"98,298",2026-02-18 18:00:00+03:00,medium,block_18_24,3.0,3.0,0.0,0.0
grp_98_298,"98,298",2026-02-19 06:00:00+03:00,medium,block_06_12,0.0,1.0,1.0,1.0
grp_98_298,"98,298",2026-02-19 12:00:00+03:00,medium,block_12_18,10.0,7.0,-3.0,3.0
grp_98_298,"98,298",2026-02-19 18:00:00+03:00,medium,block_18_24,2.0,3.0,1.0,1.0
grp_98_298,"98,298",2026-02-20 06:00:00+03:00,medium,block_06_12,0.0,1.0,1.0,1.0
grp_98_298,"98,298",2026-02-20 12:00:00+03:00,medium,block_12_18,14.0,7.0,-7.0,7.0
grp_98_298,"98,298",2026-02-20 18:00:00+03:00,medium,block_18_24,2.0,3.0,1.0,1.0
grp_98_298,"98,298",2026-02-21 06:00:00+03:00,medium,block_06_12,0.0,0.0,0.0,0.0
grp_98_298,"98,298",2026-02-21 12:00:00+03:00,medium,block_12_18,5.0,8.0,3.0,3.0
grp_98_298,"98,298",2026-02-21 18:00:00+03:00,medium,block_18_24,3.0,4.0,1.0,1.0
grp_98_298,"98,298",2026-02-22 06:00:00+03:00,medium,block_06_12,0.0,0.0,0.0,0.0
grp_98_298,"98,298",2026-02-22 12:00:00+03:00,medium,block_12_18,3.0,7.0,4.0,4.0
grp_98_298,"98,298",2026-02-22 18:00:00+03:00,medium,block_18_24,6.0,2.0,-4.0,4.0
grp_98_298,"98,298",2026-02-23 06:00:00+03:00,medium,block_06_12,0.0,1.0,1.0,1.0
grp_98_298,"98,298",2026-02-23 12:00:00+03:00,medium,block_12_18,4.0,5.0,1.0,1.0
grp_98_298,"98,298",2026-02-23 18:00:00+03:00,medium,block_18_24,2.0,4.0,2.0,2.0
grp_98_298,"98,298",2026-02-24 06:00:00+03:00,medium,block_06_12,0.0,0.0,0.0,0.0
grp_98_298,"98,298",2026-02-24 12:00:00+03:00,medium,block_12_18,6.0,4.0,-2.0,2.0
grp_98_298,"98,298",2026-02-24 18:00:00+03:00,medium,block_18_24,0.0,3.0,3.0,3.0
grp_98_298,"98,298",2026-02-25 06:00:00+03:00,medium,block_06_12,0.0,0.0,0.0,0.0
grp_98_298,"98,298",2026-02-25 12:00:00+03:00,medium,block_12_18,10.0,6.0,-4.0,4.0
grp_98_298,"98,298",2026-02-25 18:00:00+03:00,medium,block_18_24,1.0,2.0,1.0,1.0
grp_98_298,"98,298",2026-02-26 06:00:00+03:00,medium,block_06_12,0.0,0.0,0.0,0.0
grp_98_298,"98,298",2026-02-26 12:00:00+03:00,medium,block_12_18,9.0,7.0,-2.0,2.0
grp_98_298,"98,298",2026-02-26 18:00:00+03:00,medium,block_18_24,0.0,2.0,2.0,2.0
grp_98_298,"98,298",2026-02-27 06:00:00+03:00,medium,block_06_12,0.0,0.0,0.0,0.0
grp_98_298,"98,298",2026-02-27 12:00:00+03:00,medium,block_12_18,8.0,8.0,0.0,0.0
grp_98_298,"98,298",2026-02-27 18:00:00+03:00,medium,block_18_24,1.0,2.0,1.0,1.0
grp_98_298,"98,298",2026-02-28 06:00:00+03:00,medium,block_06_12,0.0,0.0,0.0,0.0
grp_98_298,"98,298",2026-02-28 12:00:00+03:00,medium,block_12_18,5.0,6.0,1.0,1.0
grp_98_298,"98,298",2026-02-28 18:00:00+03:00,medium,block_18_24,2.0,2.0,0.0,0.0
grp_98_298,"98,298",2026-03-01 06:00:00+03:00,medium,block_06_12,0.0,0.0,0.0,0.0
grp_98_298,"98,298",2026-03-01 12:00:00+03:00,medium,block_12_18,0.0,5.0,5.0,5.0
grp_98_298,"98,298",2026-03-01 18:00:00+03:00,medium,block_18_24,4.0,2.0,-2.0,2.0
grp_98_298,"98,298",2026-03-02 06:00:00+03:00,medium,block_06_12,0.0,0.0,0.0,0.0
grp_98_298,"98,298",2026-03-02 12:00:00+03:00,medium,block_12_18,8.0,3.0,-5.0,5.0
grp_98_298,"98,298",2026-03-02 18:00:00+03:00,medium,block_18_24,1.0,3.0,2.0,2.0
grp_98_298,"98,298",2026-03-03 06:00:00+03:00,medium,block_06_12,0.0,0.0,0.0,0.0
grp_98_298,"98,298",2026-03-03 12:00:00+03:00,medium,block_12_18,5.0,6.0,1.0,1.0
grp_98_298,"98,298",2026-03-03 18:00:00+03:00,medium,block_18_24,2.0,1.0,-1.0,1.0
grp_98_298,"98,298",2026-03-04 06:00:00+03:00,medium,block_06_12,0.0,0.0,0.0,0.0
grp_98_298,"98,298",2026-03-04 12:00:00+03:00,medium,block_12_18,2.0,6.0,4.0,4.0
grp_98_298,"98,298",2026-03-04 18:00:00+03:00,medium,block_18_24,2.0,2.0,0.0,0.0
grp_98_298,"98,298",2026-03-05 06:00:00+03:00,medium,block_06_12,0.0,0.0,0.0,0.0
grp_98_298,"98,298",2026-03-05 12:00:00+03:00,medium,block_12_18,4.0,4.0,0.0,0.0
grp_98_298,"98,298",2026-03-05 18:00:00+03:00,medium,block_18_24,0.0,2.0,2.0,2.0
grp_98_298,"98,298",2026-03-06 06:00:00+03:00,medium,block_06_12,0.0,0.0,0.0,0.0
grp_98_298,"98,298",2026-03-06 12:00:00+03:00,medium,block_12_18,13.0,5.0,-8.0,8.0
grp_98_298,"98,298",2026-03-06 18:00:00+03:00,medium,block_18_24,1.0,1.0,0.0,0.0
grp_98_298,"98,298",2026-03-07 06:00:00+03:00,medium,block_06_12,0.0,0.0,0.0,0.0
grp_98_298,"98,298",2026-03-07 12:00:00+03:00,medium,block_12_18,3.0,6.0,3.0,3.0
grp_98_298,"98,298",2026-03-07 18:00:00+03:00,medium,block_18_24,2.0,1.0,-1.0,1.0
grp_98_298,"98,298",2026-03-08 06:00:00+03:00,medium,block_06_12,0.0,0.0,0.0,0.0
grp_98_298,"98,298",2026-03-08 12:00:00+03:00,medium,block_12_18,8.0,3.0,-5.0,5.0
grp_98_298,"98,298",2026-03-08 18:00:00+03:00,medium,block_18_24,6.0,2.0,-4.0,4.0
grp_98_298,"98,298",2026-03-09 06:00:00+03:00,medium,block_06_12,1.0,1.0,0.0,0.0
grp_98_298,"98,298",2026-03-09 12:00:00+03:00,medium,block_12_18,4.0,6.0,2.0,2.0
grp_98_298,"98,298",2026-03-09 18:00:00+03:00,medium,block_18_24,3.0,3.0,0.0,0.0
grp_98_298,"98,298",2026-03-10 06:00:00+03:00,medium,block_06_12,0.0,1.0,1.0,1.0
grp_98_298,"98,298",2026-03-10 12:00:00+03:00,medium,block_12_18,8.0,5.0,-3.0,3.0
grp_98_298,"98,298",2026-03-10 18:00:00+03:00,medium,block_18_24,4.0,3.0,-1.0,1.0
grp_98_298,"98,298",2026-03-11 06:00:00+03:00,medium,block_06_12,0.0,1.0,1.0,1.0
grp_98_298,"98,298",2026-03-11 12:00:00+03:00,medium,block_12_18,7.0,5.0,-2.0,2.0
grp_98_298,"98,298",2026-03-11 18:00:00+03:00,medium,block_18_24,3.0,4.0,1.0,1.0
grp_98_298,"98,298",2026-03-12 06:00:00+03:00,medium,block_06_12,0.0,1.0,1.0,1.0
grp_98_298,"98,298",2026-03-12 12:00:00+03:00,medium,block_12_18,7.0,6.0,-1.0,1.0
grp_98_298,"98,298",2026-03-12 18:00:00+03:00,medium,block_18_24,0.0,2.0,2.0,2.0
grp_98_298,"98,298",2026-03-13 06:00:00+03:00,medium,block_06_12,0.0,1.0,1.0,1.0
grp_98_298,"98,298",2026-03-13 12:00:00+03:00,medium,block_12_18,12.0,7.0,-5.0,5.0
grp_98_298,"98,298",2026-03-13 18:00:00+03:00,medium,block_18_24,4.0,2.0,-2.0,2.0
grp_98_298,"98,298",2026-03-14 06:00:00+03:00,medium,block_06_12,0.0,1.0,1.0,1.0
grp_98_298,"98,298",2026-03-14 12:00:00+03:00,medium,block_12_18,5.0,6.0,1.0,1.0
grp_98_298,"98,298",2026-03-14 18:00:00+03:00,medium,block_18_24,5.0,3.0,-2.0,2.0
grp_98_298,"98,298",2026-03-15 06:00:00+03:00,medium,block_06_12,0.0,1.0,1.0,1.0
grp_98_298,"98,298",2026-03-15 12:00:00+03:00,medium,block_12_18,3.0,6.0,3.0,3.0
grp_98_298,"98,298",2026-03-15 18:00:00+03:00,medium,block_18_24,0.0,4.0,4.0,4.0
grp_98_298,"98,298",2026-03-16 06:00:00+03:00,medium,block_06_12,0.0,1.0,1.0,1.0
grp_98_298,"98,298",2026-03-16 12:00:00+03:00,medium,block_12_18,6.0,4.0,-2.0,2.0
grp_98_298,"98,298",2026-03-16 18:00:00+03:00,medium,block_18_24,1.0,2.0,1.0,1.0
grp_98_298,"98,298",2026-03-17 06:00:00+03:00,medium,block_06_12,0.0,0.0,0.0,0.0
grp_98_298,"98,298",2026-03-17 12:00:00+03:00,medium,block_12_18,6.0,6.0,0.0,0.0
grp_98_298,"98,298",2026-03-17 18:00:00+03:00,medium,block_18_24,1.0,2.0,1.0,1.0
grp_98_298,"98,298",2026-03-18 06:00:00+03:00,medium,block_06_12,0.0,0.0,0.0,0.0
grp_98_298,"98,298",2026-03-18 12:00:00+03:00,medium,block_12_18,4.0,6.0,2.0,2.0
grp_98_298,"98,298",2026-03-18 18:00:00+03:00,medium,block_18_24,4.0,2.0,-2.0,2.0
grp_98_298,"98,298",2026-03-19 06:00:00+03:00,medium,block_06_12,0.0,0.0,0.0,0.0
grp_98_298,"98,298",2026-03-19 12:00:00+03:00,medium,block_12_18,8.0,5.0,-3.0,3.0
grp_98_298,"98,298",2026-03-19 18:00:00+03:00,medium,block_18_24,0.0,2.0,2.0,2.0
grp_98_298,"98,298",2026-03-20 06:00:00+03:00,medium,block_06_12,0.0,0.0,0.0,0.0
grp_98_298,"98,298",2026-03-20 12:00:00+03:00,medium,block_12_18,12.0,7.0,-5.0,5.0
grp_98_298,"98,298",2026-03-20 18:00:00+03:00,medium,block_18_24,1.0,2.0,1.0,1.0
grp_98_298,"98,298",2026-03-21 06:00:00+03:00,medium,block_06_12,0.0,0.0,0.0,0.0
grp_98_298,"98,298",2026-03-21 12:00:00+03:00,medium,block_12_18,8.0,6.0,-2.0,2.0
grp_98_298,"98,298",2026-03-21 18:00:00+03:00,medium,block_18_24,2.0,3.0,1.0,1.0
grp_98_298,"98,298",2026-03-22 06:00:00+03:00,medium,block_06_12,0.0,0.0,0.0,0.0
grp_98_298,"98,298",2026-03-22 12:00:00+03:00,medium,block_12_18,2.0,6.0,4.0,4.0
grp_98_298,"98,298",2026-03-22 18:00:00+03:00,medium,block_18_24,1.0,1.0,0.0,0.0
grp_98_298,"98,298",2026-03-23 06:00:00+03:00,medium,block_06_12,0.0,0.0,0.0,0.0
grp_98_298,"98,298",2026-03-23 12:00:00+03:00,medium,block_12_18,6.0,5.0,-1.0,1.0
grp_98_298,"98,298",2026-03-23 18:00:00+03:00,medium,block_18_24,1.0,1.0,0.0,0.0
grp_98_298,"98,298",2026-03-24 06:00:00+03:00,medium,block_06_12,0.0,0.0,0.0,0.0
grp_98_298,"98,298",2026-03-24 12:00:00+03:00,medium,block_12_18,6.0,6.0,0.0,0.0
grp_98_298,"98,298",2026-03-24 18:00:00+03:00,medium,block_18_24,0.0,1.0,1.0,1.0
grp_98_298,"98,298",2026-03-25 06:00:00+03:00,medium,block_06_12,0.0,0.0,0.0,0.0
grp_98_298,"98,298",2026-03-25 12:00:00+03:00,medium,block_12_18,7.0,5.0,-2.0,2.0
grp_98_298,"98,298",2026-03-25 18:00:00+03:00,medium,block_18_24,0.0,2.0,2.0,2.0
grp_98_298,"98,298",2026-03-26 06:00:00+03:00,medium,block_06_12,1.0,0.0,-1.0,1.0
grp_98_298,"98,298",2026-03-26 12:00:00+03:00,medium,block_12_18,9.0,6.0,-3.0,3.0
grp_98_298,"98,298",2026-03-26 18:00:00+03:00,medium,block_18_24,3.0,1.0,-2.0,2.0
grp_98_298,"98,298",2026-03-27 06:00:00+03:00,medium,block_06_12,0.0,1.0,1.0,1.0
grp_98_298,"98,298",2026-03-27 12:00:00+03:00,medium,block_12_18,11.0,7.0,-4.0,4.0
grp_98_298,"98,298",2026-03-27 18:00:00+03:00,medium,block_18_24,5.0,2.0,-3.0,3.0
grp_98_298,"98,298",2026-03-28 06:00:00+03:00,medium,block_06_12,0.0,1.0,1.0,1.0
grp_98_298,"98,298",2026-03-28 12:00:00+03:00,medium,block_12_18,4.0,7.0,3.0,3.0
grp_98_298,"98,298",2026-03-28 18:00:00+03:00,medium,block_18_24,0.0,3.0,3.0,3.0
grp_98_298,"98,298",2026-03-29 06:00:00+03:00,medium,block_06_12,0.0,1.0,1.0,1.0
grp_98_298,"98,298",2026-03-29 12:00:00+03:00,medium,block_12_18,0.0,4.0,4.0,4.0
grp_98_298,"98,298",2026-03-29 18:00:00+03:00,medium,block_18_24,0.0,1.0,1.0,1.0
grp_98_298,"98,298",2026-03-30 06:00:00+03:00,medium,block_06_12,0.0,1.0,1.0,1.0
grp_98_298,"98,298",2026-03-30 12:00:00+03:00,medium,block_12_18,3.0,4.0,1.0,1.0
grp_98_298,"98,298",2026-03-30 18:00:00+03:00,medium,block_18_24,1.0,1.0,0.0,0.0
grp_98_298,"98,298",2026-03-31 06:00:00+03:00,medium,block_06_12,0.0,1.0,1.0,1.0
grp_98_298,"98,298",2026-03-31 12:00:00+03:00,medium,block_12_18,4.0,4.0,0.0,0.0
grp_98_298,"98,298",2026-03-31 18:00:00+03:00,medium,block_18_24,1.0,1.0,0.0,0.0
grp_98_298,"98,298",2026-04-01 06:00:00+03:00,medium,block_06_12,0.0,1.0,1.0,1.0
grp_98_298,"98,298",2026-04-01 12:00:00+03:00,medium,block_12_18,5.0,4.0,-1.0,1.0
grp_98_298,"98,298",2026-04-01 18:00:00+03:00,medium,block_18_24,1.0,1.0,0.0,0.0
grp_98_298,"98,298",2026-04-02 06:00:00+03:00,medium,block_06_12,0.0,1.0,1.0,1.0
grp_98_298,"98,298",2026-04-02 12:00:00+03:00,medium,block_12_18,3.0,5.0,2.0,2.0
grp_98_298,"98,298",2026-04-02 18:00:00+03:00,medium,block_18_24,1.0,2.0,1.0,1.0
grp_98_298,"98,298",2026-04-03 06:00:00+03:00,medium,block_06_12,0.0,0.0,0.0,0.0
grp_98_298,"98,298",2026-04-03 12:00:00+03:00,medium,block_12_18,7.0,5.0,-2.0,2.0
grp_98_298,"98,298",2026-04-03 18:00:00+03:00,medium,block_18_24,4.0,2.0,-2.0,2.0
grp_98_298,"98,298",2026-04-04 06:00:00+03:00,medium,block_06_12,0.0,0.0,0.0,0.0
grp_98_298,"98,298",2026-04-04 12:00:00+03:00,medium,block_12_18,3.0,5.0,2.0,2.0
grp_98_298,"98,298",2026-04-04 18:00:00+03:00,medium,block_18_24,3.0,2.0,-1.0,1.0
grp_98_298,"98,298",2026-04-05 06:00:00+03:00,medium,block_06_12,0.0,0.0,0.0,0.0
grp_98_298,"98,298",2026-04-05 12:00:00+03:00,medium,block_12_18,6.0,2.0,-4.0,4.0
grp_98_298,"98,298",2026-04-05 18:00:00+03:00,medium,block_18_24,1.0,2.0,1.0,1.0
grp_98_298,"98,298",2026-04-06 06:00:00+03:00,medium,block_06_12,0.0,0.0,0.0,0.0
grp_98_298,"98,298",2026-04-06 12:00:00+03:00,medium,block_12_18,4.0,5.0,1.0,1.0
grp_98_298,"98,298",2026-04-06 18:00:00+03:00,medium,block_18_24,0.0,2.0,2.0,2.0
grp_98_298,"98,298",2026-04-07 06:00:00+03:00,medium,block_06_12,1.0,0.0,-1.0,1.0
grp_98_298,"98,298",2026-04-07 12:00:00+03:00,medium,block_12_18,6.0,5.0,-1.0,1.0
grp_98_298,"98,298",2026-04-07 18:00:00+03:00,medium,block_18_24,2.0,1.0,-1.0,1.0
grp_98_298,"98,298",2026-04-08 06:00:00+03:00,medium,block_06_12,0.0,1.0,1.0,1.0
grp_98_298,"98,298",2026-04-08 12:00:00+03:00,medium,block_12_18,7.0,5.0,-2.0,2.0
grp_98_298,"98,298",2026-04-08 18:00:00+03:00,medium,block_18_24,1.0,2.0,1.0,1.0
grp_98_298,"98,298",2026-04-09 06:00:00+03:00,medium,block_06_12,0.0,1.0,1.0,1.0
grp_98_298,"98,298",2026-04-09 12:00:00+03:00,medium,block_12_18,5.0,5.0,0.0,0.0
grp_98_298,"98,298",2026-04-09 18:00:00+03:00,medium,block_18_24,2.0,1.0,-1.0,1.0
grp_98_298,"98,298",2026-04-10 06:00:00+03:00,medium,block_06_12,0.0,1.0,1.0,1.0
grp_98_298,"98,298",2026-04-10 12:00:00+03:00,medium,block_12_18,7.0,5.0,-2.0,2.0
grp_98_298,"98,298",2026-04-10 18:00:00+03:00,medium,block_18_24,5.0,2.0,-3.0,3.0
grp_98_298,"98,298",2026-04-11 06:00:00+03:00,medium,block_06_12,0.0,1.0,1.0,1.0
grp_98_298,"98,298",2026-04-11 12:00:00+03:00,medium,block_12_18,3.0,5.0,2.0,2.0
grp_98_298,"98,298",2026-04-11 18:00:00+03:00,medium,block_18_24,6.0,3.0,-3.0,3.0
grp_98_298,"98,298",2026-04-12 06:00:00+03:00,medium,block_06_12,0.0,0.0,0.0,0.0
grp_98_298,"98,298",2026-04-12 12:00:00+03:00,medium,block_12_18,7.0,4.0,-3.0,3.0
grp_98_298,"98,298",2026-04-12 18:00:00+03:00,medium,block_18_24,3.0,4.0,1.0,1.0
grp_98_298,"98,298",2026-04-13 06:00:00+03:00,medium,block_06_12,0.0,0.0,0.0,0.0
grp_98_298,"98,298",2026-04-13 12:00:00+03:00,medium,block_12_18,3.0,5.0,2.0,2.0
grp_98_298,"98,298",2026-04-13 18:00:00+03:00,medium,block_18_24,1.0,2.0,1.0,1.0
